sample_index,time_ms_raw,time_ms_zero,elapsed_ms,ax_g,ay_g,az_g,total_g,rpm,target_rpm,rpm_error,pwm_eq,duty_10bit,acs_v,current_a,control_mode,state,fault_type
8505,195376,0,86893.0,-0.0624,-0.0078,-0.7644,0.76698,1013.54,1000.0,-13.54,54.49,219.0,2.2338,-0.3054,LOCK,3,looseness
8506,195384,8,86901.0,-0.1872,-0.1209,-0.7215,0.75513,1013.55,1000.0,-13.55,54.49,219.0,2.225,-0.4388,LOCK,3,looseness
8507,195393,17,86910.0,-0.0819,0.2418,-0.819,0.85787,1013.57,1000.0,-13.57,54.49,219.0,2.2195,-0.5221,LOCK,3,looseness
8508,195401,25,86918.0,-0.1365,0.0195,-0.7566,0.76906,1013.59,1000.0,-13.59,54.49,219.0,2.2203,-0.5108,LOCK,3,looseness
8509,195421,45,86938.0,0.0,-0.1677,-0.7488,0.76735,1013.6,1000.0,-13.6,54.49,219.0,2.2333,-0.3139,LOCK,3,looseness
8510,195435,59,86952.0,-0.2067,0.0468,-0.8736,0.89894,1013.62,1000.0,-13.62,54.49,219.0,2.2083,-0.6924,LOCK,3,looseness
8511,195443,67,86960.0,-0.0858,-0.0429,-0.8697,0.87497,1013.63,1000.0,-13.63,54.49,219.0,2.2234,-0.4632,LOCK,3,looseness
8512,195452,76,86969.0,-0.0819,0.1755,-0.7254,0.75081,1013.66,1000.0,-13.66,54.49,219.0,2.2152,-0.5877,LOCK,3,looseness
8513,195472,96,86989.0,-0.039,-0.3432,-0.6942,0.77538,1013.68,1000.0,-13.68,54.49,219.0,2.2324,-0.327,LOCK,3,looseness
8514,195480,104,86997.0,-0.039,-0.3432,-0.6942,0.77538,1013.71,1000.0,-13.71,54.49,219.0,2.2277,-0.3991,LOCK,3,looseness
8515,195489,113,87006.0,0.0429,-0.1287,-0.9282,0.93806,1013.73,1000.0,-13.73,54.49,219.0,2.2124,-0.6308,LOCK,3,looseness
8516,195497,121,87014.0,-0.117,0.0234,-0.8502,0.85853,1013.74,1000.0,-13.74,54.49,219.0,2.2084,-0.6903,LOCK,3,looseness
8517,195506,130,87023.0,0.0039,0.0858,-0.7917,0.79635,1013.77,1000.0,-13.77,54.49,219.0,2.2114,-0.6448,LOCK,3,looseness
8518,195514,138,87031.0,0.039,-0.0117,-0.7371,0.73822,1013.79,1000.0,-13.79,54.49,219.0,2.2141,-0.6048,LOCK,3,looseness
8519,195527,151,87044.0,-0.0975,0.0663,-0.741,0.75032,1013.82,1000.0,-13.82,54.49,219.0,2.2281,-0.3917,LOCK,3,looseness
8520,195535,159,87052.0,0.0039,0.0117,-0.897,0.89708,1013.84,1000.0,-13.84,54.49,219.0,2.1981,-0.8463,LOCK,3,looseness
8521,195544,168,87061.0,0.0,-0.0273,-0.8658,0.86623,1013.85,1000.0,-13.85,54.49,219.0,2.2041,-0.7565,LOCK,3,looseness
8522,195552,176,87069.0,0.0,-0.0273,-0.8658,0.86623,1013.87,1000.0,-13.87,54.49,219.0,2.2199,-0.5169,LOCK,3,looseness
8523,195560,184,87077.0,-0.0663,0.0468,-0.8034,0.80749,1013.88,1000.0,-13.88,54.49,219.0,2.2119,-0.6384,LOCK,3,looseness
8524,195572,196,87089.0,-0.0117,-0.0546,-0.7449,0.74699,1013.9,1000.0,-13.9,54.49,219.0,2.2299,-0.3649,LOCK,3,looseness
8525,195581,205,87098.0,-0.0195,-0.1638,-0.663,0.68321,1013.92,1000.0,-13.92,54.49,219.0,2.2304,-0.3573,LOCK,3,looseness
8526,195589,213,87106.0,-0.0351,0.1326,-0.7176,0.73059,1013.93,1000.0,-13.93,54.49,219.0,2.2153,-0.5862,LOCK,3,looseness
8527,195598,222,87115.0,0.0039,0.0585,-0.897,0.89891,1013.94,1000.0,-13.94,54.49,219.0,2.2312,-0.3453,LOCK,3,looseness
8528,195606,230,87123.0,-0.0819,0.1092,-0.8502,0.86109,1013.96,1000.0,-13.96,54.49,219.0,2.2118,-0.639,LOCK,3,looseness
8529,195615,239,87132.0,-0.1677,-0.2145,-0.8112,0.85567,1013.97,1000.0,-13.97,54.49,219.0,2.2222,-0.4815,LOCK,3,looseness
8530,195629,253,87146.0,-0.1131,0.1365,-0.6357,0.65995,1013.98,1000.0,-13.98,54.49,219.0,2.2304,-0.3569,LOCK,3,looseness
8531,195643,267,87160.0,-0.1482,0.0039,-0.8697,0.88225,1014.0,1000.0,-14.0,54.49,219.0,2.2286,-0.3847,LOCK,3,looseness
8532,195651,275,87168.0,0.039,0.0429,-0.8151,0.81716,1014.01,1000.0,-14.01,54.49,219.0,2.208,-0.697,LOCK,3,looseness
8533,195660,284,87177.0,0.1209,-0.0858,-0.7878,0.80163,1014.02,1000.0,-14.02,54.49,219.0,2.2195,-0.5233,LOCK,3,looseness
8534,195668,292,87185.0,-0.1872,0.0117,-0.7683,0.79086,1014.03,1000.0,-14.03,54.49,219.0,2.2079,-0.6991,LOCK,3,looseness
8535,195677,301,87194.0,-0.1092,-0.0936,-0.7371,0.751,1014.04,1000.0,-14.04,54.49,219.0,2.2308,-0.3508,LOCK,3,looseness
8536,195685,309,87202.0,-0.1092,-0.0936,-0.7371,0.751,1014.05,1000.0,-14.05,54.49,219.0,2.2262,-0.422,LOCK,3,looseness
8537,195694,318,87211.0,-0.1443,0.2652,-0.7878,0.84367,1014.06,1000.0,-14.06,54.49,219.0,2.1988,-0.8371,LOCK,3,looseness
8538,195712,336,87229.0,0.0273,-0.2886,-0.741,0.79569,1014.07,1000.0,-14.07,54.49,219.0,2.207,-0.7129,LOCK,3,looseness
8539,195721,345,87238.0,-0.0702,-0.1794,-0.7176,0.74301,1014.08,1000.0,-14.08,54.49,219.0,2.2208,-0.5035,LOCK,3,looseness
8540,195730,354,87247.0,-0.117,-0.0195,-0.9009,0.90867,1014.09,1000.0,-14.09,54.49,219.0,2.2325,-0.3255,LOCK,3,looseness
8541,195738,362,87255.0,0.1092,0.0936,-0.858,0.86997,1014.1,1000.0,-14.1,54.49,219.0,2.2326,-0.3249,LOCK,3,looseness
8542,195747,371,87264.0,0.1092,0.0936,-0.858,0.86997,1014.1,1000.0,-14.1,54.49,219.0,2.2188,-0.5331,LOCK,3,looseness
8543,195755,379,87272.0,-0.0702,0.0,-0.7215,0.72491,1014.11,1000.0,-14.11,54.49,219.0,2.2146,-0.5972,LOCK,3,looseness
8544,195764,388,87281.0,-0.0195,0.0117,-0.7293,0.72965,1014.11,1000.0,-14.11,54.49,219.0,2.2171,-0.5593,LOCK,3,looseness
8545,195772,396,87289.0,-0.0312,-0.0312,-0.6825,0.68392,1014.12,1000.0,-14.12,54.49,219.0,2.2193,-0.5261,LOCK,3,looseness
8546,195791,415,87308.0,-0.1833,0.0546,-0.7995,0.82206,1014.12,1000.0,-14.12,54.49,219.0,2.231,-0.3487,LOCK,3,looseness
8547,195799,423,87316.0,-0.0078,-0.0624,-0.7644,0.76698,1014.13,1000.0,-14.13,54.49,219.0,2.2111,-0.6503,LOCK,3,looseness
8548,195808,432,87325.0,-0.0078,-0.0624,-0.7644,0.76698,1014.13,1000.0,-14.13,54.49,219.0,2.2107,-0.6564,LOCK,3,looseness
8549,195816,440,87333.0,-0.0702,-0.2379,-0.5889,0.63901,1014.13,1000.0,-14.13,54.49,219.0,2.2262,-0.4217,LOCK,3,looseness
8550,195827,451,87344.0,-0.0351,0.1326,-0.8112,0.82272,1014.14,1000.0,-14.14,54.49,219.0,2.217,-0.5599,LOCK,3,looseness
8551,195835,459,87352.0,-0.0468,0.0741,-0.8814,0.88575,1014.14,1000.0,-14.14,54.49,219.0,2.2335,-0.3109,LOCK,3,looseness
8552,195849,473,87366.0,-0.0897,0.0585,-0.8034,0.81051,1014.14,1000.0,-14.14,54.49,219.0,2.2204,-0.5096,LOCK,3,looseness
8553,195857,481,87374.0,-0.156,-0.195,-0.8073,0.84504,1014.14,1000.0,-14.14,54.49,219.0,2.2119,-0.6384,LOCK,3,looseness
8554,195866,490,87383.0,-0.0351,0.1287,-0.6201,0.63429,1014.14,1000.0,-14.14,54.49,219.0,2.2148,-0.5938,LOCK,3,looseness
8555,195874,498,87391.0,-0.0702,-0.0897,-0.8346,0.84234,1014.14,1000.0,-14.14,54.49,219.0,2.2214,-0.494,LOCK,3,looseness
8556,195883,507,87400.0,-0.0195,0.0468,-0.7839,0.78554,1014.14,1000.0,-14.14,54.49,219.0,2.2291,-0.3774,LOCK,3,looseness
8557,195891,515,87408.0,0.1014,0.0078,-0.7839,0.79047,1014.13,1000.0,-14.13,54.49,219.0,2.2291,-0.3774,LOCK,3,looseness
8558,195900,524,87417.0,0.1014,0.0078,-0.7839,0.79047,1014.13,1000.0,-14.13,54.49,219.0,2.2144,-0.6002,LOCK,3,looseness
8559,195908,532,87425.0,-0.1521,-0.0039,-0.7488,0.7641,1014.13,1000.0,-14.13,54.49,219.0,2.2166,-0.567,LOCK,3,looseness
8560,195927,551,87444.0,-0.195,0.2106,-0.819,0.86784,1014.13,1000.0,-14.13,54.49,219.0,2.2334,-0.3127,LOCK,3,looseness
8561,195935,559,87452.0,-0.0195,-0.0546,-0.7878,0.78993,1014.13,1000.0,-14.13,54.49,219.0,2.2337,-0.3069,LOCK,3,looseness
8562,195944,568,87461.0,0.1248,-0.3315,-0.741,0.82131,1014.13,1000.0,-14.13,54.49,219.0,2.2298,-0.367,LOCK,3,looseness
8563,195953,577,87470.0,0.0039,-0.1404,-0.7176,0.73122,1014.13,1000.0,-14.13,54.49,219.0,2.2131,-0.6204,LOCK,3,looseness
8564,195961,585,87478.0,0.0039,-0.1404,-0.7176,0.73122,1014.13,1000.0,-14.13,54.49,219.0,2.2078,-0.7,LOCK,3,looseness
8565,195969,593,87486.0,-0.1872,0.0117,-0.7761,0.79844,1014.13,1000.0,-14.13,54.49,219.0,2.2165,-0.5682,LOCK,3,looseness
8566,195978,602,87495.0,0.039,0.0819,-0.897,0.90158,1014.13,1000.0,-14.13,54.49,219.0,2.2336,-0.309,LOCK,3,looseness
8567,195987,611,87504.0,-0.1482,0.0663,-0.7176,0.73574,1014.12,1000.0,-14.12,54.49,219.0,2.2304,-0.3576,LOCK,3,looseness
8568,196005,629,87522.0,0.0195,-0.0507,-0.6747,0.67688,1014.11,1000.0,-14.11,54.49,219.0,2.203,-0.7733,LOCK,3,looseness
8569,196014,638,87531.0,0.0195,-0.0507,-0.6747,0.67688,1014.1,1000.0,-14.1,54.49,219.0,2.2168,-0.5636,LOCK,3,looseness
8570,196022,646,87539.0,-0.1131,-0.1794,-0.7683,0.79703,1014.09,1000.0,-14.09,54.49,219.0,2.226,-0.4244,LOCK,3,looseness
8571,196031,655,87548.0,-0.1521,-0.0312,-0.8541,0.8681,1014.08,1000.0,-14.08,54.49,219.0,2.2315,-0.3405,LOCK,3,looseness
8572,196039,663,87556.0,-0.0741,-0.0351,-0.7722,0.77654,1014.07,1000.0,-14.07,54.49,219.0,2.2321,-0.3316,LOCK,3,looseness
8573,196053,677,87570.0,-0.0585,0.039,-0.6864,0.68999,1014.06,1000.0,-14.06,54.49,219.0,2.232,-0.3328,LOCK,3,looseness
8574,196061,685,87578.0,-0.0234,0.156,-0.741,0.7576,1014.05,1000.0,-14.05,54.49,219.0,2.221,-0.5004,LOCK,3,looseness
8575,196070,694,87587.0,-0.0507,0.0078,-0.8151,0.81671,1014.04,1000.0,-14.04,54.49,219.0,2.2167,-0.5654,LOCK,3,looseness
8576,196078,702,87595.0,-0.0546,0.0273,-0.9204,0.92242,1014.04,1000.0,-14.04,54.49,219.0,2.2098,-0.6704,LOCK,3,looseness
8577,196087,711,87604.0,-0.1404,-0.0312,-0.8892,0.90076,1014.03,1000.0,-14.03,54.49,219.0,2.2322,-0.331,LOCK,3,looseness
8578,196095,719,87612.0,-0.1404,-0.0312,-0.8892,0.90076,1014.03,1000.0,-14.03,54.49,219.0,2.2338,-0.306,LOCK,3,looseness
8579,196104,728,87621.0,0.0507,-0.0039,-0.6864,0.68828,1014.0,1000.0,-14.0,54.49,219.0,2.2133,-0.617,LOCK,3,looseness
8580,196122,746,87639.0,-0.0117,0.1131,-0.7917,0.79982,1013.98,1000.0,-13.98,54.49,219.0,2.2236,-0.4601,LOCK,3,looseness
8581,196131,755,87648.0,0.0039,0.0585,-0.8502,0.85222,1013.96,1000.0,-13.96,54.49,219.0,2.2305,-0.3557,LOCK,3,looseness
8582,196139,763,87656.0,-0.1287,0.0702,-0.819,0.83202,1013.94,1000.0,-13.94,54.49,219.0,2.2321,-0.3313,LOCK,3,looseness
8583,196148,772,87665.0,-0.0546,-0.1443,-0.7644,0.77981,1013.92,1000.0,-13.92,54.49,219.0,2.2291,-0.378,LOCK,3,looseness
8584,196157,781,87674.0,-0.0546,-0.1443,-0.7644,0.77981,1013.91,1000.0,-13.91,54.49,219.0,2.2145,-0.5987,LOCK,3,looseness
8585,196165,789,87682.0,0.0741,0.1365,-0.7176,0.73422,1013.9,1000.0,-13.9,54.49,219.0,2.2166,-0.5667,LOCK,3,looseness
8586,196174,798,87691.0,-0.0858,0.0039,-0.858,0.86229,1013.89,1000.0,-13.89,54.49,219.0,2.2049,-0.7434,LOCK,3,looseness
8587,196182,806,87699.0,0.0741,-0.1989,-0.8346,0.86117,1013.88,1000.0,-13.88,54.49,219.0,2.2229,-0.4717,LOCK,3,looseness
8588,196201,825,87718.0,-0.234,-0.0351,-0.7332,0.77044,1013.87,1000.0,-13.87,54.49,219.0,2.2322,-0.3304,LOCK,3,looseness
8589,196209,833,87726.0,0.0,0.0117,-0.8073,0.80738,1013.87,1000.0,-13.87,54.49,219.0,2.1995,-0.8264,LOCK,3,looseness
8590,196218,842,87735.0,0.0,0.0117,-0.8073,0.80738,1013.84,1000.0,-13.84,54.49,219.0,2.1999,-0.8203,LOCK,3,looseness
8591,196226,850,87743.0,0.0078,0.0858,-0.7722,0.77699,1013.82,1000.0,-13.82,54.49,219.0,2.2194,-0.5248,LOCK,3,looseness
8592,196237,861,87754.0,-0.0429,-0.0351,-0.7722,0.77419,1013.81,1000.0,-13.81,54.49,219.0,2.2313,-0.3444,LOCK,3,looseness
8593,196253,877,87770.0,-0.0117,-0.195,-0.7956,0.81923,1013.79,1000.0,-13.79,54.49,219.0,2.2285,-0.3859,LOCK,3,looseness
8594,196261,885,87778.0,-0.0936,0.0039,-0.858,0.8631,1013.77,1000.0,-13.77,54.49,219.0,2.209,-0.6811,LOCK,3,looseness
8595,196270,894,87787.0,-0.0936,0.0039,-0.858,0.8631,1013.76,1000.0,-13.76,54.49,219.0,2.2125,-0.6283,LOCK,3,looseness
8596,196278,902,87795.0,-0.0312,0.0351,-0.819,0.82035,1013.76,1000.0,-13.76,54.49,219.0,2.216,-0.5752,LOCK,3,looseness
8597,196287,911,87804.0,-0.1521,0.2106,-0.6591,0.70845,1013.75,1000.0,-13.75,54.49,219.0,2.2324,-0.3267,LOCK,3,looseness
8598,196295,919,87812.0,-0.0468,0.0975,-0.7683,0.77587,1013.75,1000.0,-13.75,54.49,219.0,2.2343,-0.299,LOCK,3,looseness
8599,196303,927,87820.0,0.0039,0.0585,-0.8268,0.82888,1013.75,1000.0,-13.75,54.49,219.0,2.231,-0.3481,LOCK,3,looseness
8600,196322,946,87839.0,-0.312,-0.0897,-0.7683,0.83407,1013.74,1000.0,-13.74,54.49,219.0,2.2159,-0.5779,LOCK,3,looseness
8601,196331,955,87848.0,-0.312,-0.0897,-0.7683,0.83407,1013.74,1000.0,-13.74,54.49,219.0,2.2251,-0.4381,LOCK,3,looseness
8602,196339,963,87856.0,0.0507,0.0819,-0.7371,0.74337,1013.72,1000.0,-13.72,54.49,219.0,2.2243,-0.4497,LOCK,3,looseness
8603,196348,972,87865.0,-0.0351,-0.0858,-0.7332,0.73904,1013.71,1000.0,-13.71,54.49,219.0,2.2315,-0.3411,LOCK,3,looseness
8604,196356,980,87873.0,-0.0156,0.195,-0.8034,0.82687,1013.69,1000.0,-13.69,54.49,219.0,2.2084,-0.6912,LOCK,3,looseness
8605,196365,989,87882.0,0.0546,-0.078,-0.8112,0.81677,1013.68,1000.0,-13.68,54.49,219.0,2.2122,-0.6326,LOCK,3,looseness
8606,196373,997,87890.0,-0.2223,-0.0234,-0.6903,0.72559,1013.67,1000.0,-13.67,54.49,219.0,2.2041,-0.7565,LOCK,3,looseness
8607,196392,1016,87909.0,-0.0585,-0.039,-0.9321,0.93475,1013.66,1000.0,-13.66,54.49,219.0,2.2319,-0.3347,LOCK,3,looseness
8608,196401,1025,87918.0,0.1053,0.1482,-0.8073,0.82752,1013.65,1000.0,-13.65,54.49,219.0,2.2333,-0.313,LOCK,3,looseness
8609,196409,1033,87926.0,-0.1365,-0.0585,-0.9087,0.92076,1013.65,1000.0,-13.65,54.49,219.0,2.2062,-0.7239,LOCK,3,looseness
8610,196418,1042,87935.0,-0.0585,-0.0858,-0.7332,0.74052,1013.65,1000.0,-13.65,54.49,219.0,2.2159,-0.5767,LOCK,3,looseness
8611,196426,1050,87943.0,0.0429,-0.0741,-0.7566,0.76143,1013.64,1000.0,-13.64,54.49,219.0,2.2214,-0.4937,LOCK,3,looseness
8612,196435,1059,87952.0,-0.1794,-0.0117,-0.8385,0.85756,1013.64,1000.0,-13.64,54.49,219.0,2.2201,-0.5142,LOCK,3,looseness
8613,196447,1071,87964.0,-0.1209,0.0156,-0.8346,0.84346,1013.64,1000.0,-13.64,54.49,219.0,2.2265,-0.4162,LOCK,3,looseness
8614,196460,1084,87977.0,0.0741,0.0897,-0.7293,0.73852,1013.63,1000.0,-13.63,54.49,219.0,2.23,-0.3631,LOCK,3,looseness
8615,196469,1093,87986.0,-0.1599,-0.1092,-0.741,0.76588,1013.62,1000.0,-13.62,54.49,219.0,2.2219,-0.4858,LOCK,3,looseness
8616,196477,1101,87994.0,0.0936,-0.0351,-0.819,0.82508,1013.61,1000.0,-13.61,54.49,219.0,2.2187,-0.5349,LOCK,3,looseness
8617,196486,1110,88003.0,0.0546,-0.1638,-0.7917,0.81031,1013.6,1000.0,-13.6,54.49,219.0,2.2115,-0.6433,LOCK,3,looseness
8618,196495,1119,88012.0,0.0546,-0.1638,-0.7917,0.81031,1013.59,1000.0,-13.59,54.49,219.0,2.2312,-0.3457,LOCK,3,looseness
8619,196503,1127,88020.0,-0.2028,0.0351,-0.7449,0.77281,1013.58,1000.0,-13.58,54.49,219.0,2.2304,-0.3579,LOCK,3,looseness
8620,196512,1136,88029.0,-0.0117,0.1287,-0.8463,0.85611,1013.58,1000.0,-13.58,54.49,219.0,2.2248,-0.443,LOCK,3,looseness
8621,196520,1144,88037.0,-0.0312,0.1638,-0.6669,0.68743,1013.57,1000.0,-13.57,54.49,219.0,2.221,-0.4998,LOCK,3,looseness
8622,196539,1163,88056.0,0.0312,-0.0234,-0.7449,0.74592,1013.57,1000.0,-13.57,54.49,219.0,2.2331,-0.3173,LOCK,3,looseness
8623,196547,1171,88064.0,-0.0234,-0.0663,-0.897,0.89975,1013.56,1000.0,-13.56,54.49,219.0,2.2295,-0.3707,LOCK,3,looseness
8624,196556,1180,88073.0,-0.0234,-0.0663,-0.897,0.89975,1013.56,1000.0,-13.56,54.49,219.0,2.2354,-0.2819,LOCK,3,looseness
8625,196564,1188,88081.0,-0.1521,-0.039,-0.741,0.75745,1013.55,1000.0,-13.55,54.49,219.0,2.2041,-0.7556,LOCK,3,looseness
8626,196573,1197,88090.0,0.0468,-0.0078,-0.7761,0.77755,1013.54,1000.0,-13.54,54.49,219.0,2.2209,-0.5016,LOCK,3,looseness
8627,196581,1205,88098.0,-0.0078,0.1794,-0.8229,0.84226,1013.53,1000.0,-13.53,54.49,219.0,2.2116,-0.6424,LOCK,3,looseness
8628,196590,1214,88107.0,-0.0312,0.1365,-0.7839,0.79631,1013.52,1000.0,-13.52,54.49,219.0,2.2242,-0.4516,LOCK,3,looseness
8629,196608,1232,88125.0,0.0663,-0.0468,-0.78,0.78421,1013.51,1000.0,-13.51,54.49,219.0,2.2241,-0.4528,LOCK,3,looseness
8630,196617,1241,88134.0,0.0195,0.0117,-0.8073,0.80762,1013.5,1000.0,-13.5,54.49,219.0,2.2142,-0.6036,LOCK,3,looseness
8631,196625,1249,88142.0,-0.2223,-0.0702,-0.9243,0.95324,1013.49,1000.0,-13.49,54.49,219.0,2.1986,-0.8389,LOCK,3,looseness
8632,196634,1258,88151.0,0.0975,0.0117,-0.7098,0.71656,1013.49,1000.0,-13.49,54.49,219.0,2.227,-0.4091,LOCK,3,looseness
8633,196642,1266,88159.0,-0.0819,-0.0078,-0.8697,0.87358,1013.49,1000.0,-13.49,54.49,219.0,2.226,-0.4238,LOCK,3,looseness
8634,196652,1276,88169.0,0.039,-0.0078,-0.7722,0.77322,1013.49,1000.0,-13.49,54.49,219.0,2.2319,-0.3347,LOCK,3,looseness
8635,196666,1290,88183.0,-0.039,-0.0624,-0.8112,0.81453,1013.48,1000.0,-13.48,54.49,219.0,2.2386,-0.233,LOCK,3,looseness
8636,196674,1298,88191.0,-0.117,0.0663,-0.7605,0.7723,1013.48,1000.0,-13.48,54.49,219.0,2.2064,-0.7211,LOCK,3,looseness
8637,196682,1306,88199.0,-0.1911,-0.0858,-0.7215,0.75129,1013.48,1000.0,-13.48,54.49,219.0,2.2303,-0.3597,LOCK,3,looseness
8638,196691,1315,88208.0,0.0273,0.1365,-0.8307,0.84228,1013.47,1000.0,-13.47,54.49,219.0,2.2173,-0.556,LOCK,3,looseness
8639,196700,1324,88217.0,0.0273,0.1365,-0.8307,0.84228,1013.47,1000.0,-13.47,54.49,219.0,2.2303,-0.3591,LOCK,3,looseness
8640,196708,1332,88225.0,-0.156,0.0351,-0.9282,0.94187,1013.46,1000.0,-13.46,54.49,219.0,2.2246,-0.4461,LOCK,3,looseness
8641,196717,1341,88234.0,0.0819,-0.0195,-0.7332,0.73802,1013.46,1000.0,-13.46,54.49,219.0,2.212,-0.6366,LOCK,3,looseness
8642,196725,1349,88242.0,0.0429,-0.2262,-0.741,0.77594,1013.45,1000.0,-13.45,54.49,219.0,2.1985,-0.8408,LOCK,3,looseness
8643,196744,1368,88261.0,-0.0546,-0.0156,-0.8385,0.84042,1013.45,1000.0,-13.45,54.49,219.0,2.228,-0.3939,LOCK,3,looseness
8644,196752,1376,88269.0,0.0702,0.1716,-0.7371,0.76006,1013.45,1000.0,-13.45,54.49,219.0,2.2318,-0.3359,LOCK,3,looseness
8645,196761,1385,88278.0,0.0702,0.1716,-0.7371,0.76006,1013.46,1000.0,-13.46,54.49,219.0,2.2293,-0.374,LOCK,3,looseness
8646,196770,1394,88287.0,-0.0234,-0.0585,-0.7215,0.72425,1013.46,1000.0,-13.46,54.49,219.0,2.2146,-0.5966,LOCK,3,looseness
8647,196778,1402,88295.0,0.0702,-0.0741,-0.8034,0.80986,1013.47,1000.0,-13.47,54.49,219.0,2.2186,-0.5367,LOCK,3,looseness
8648,196786,1410,88303.0,0.0936,-0.0624,-0.8541,0.86148,1013.47,1000.0,-13.47,54.49,219.0,2.209,-0.6823,LOCK,3,looseness
8649,196795,1419,88312.0,-0.1833,-0.0234,-0.7683,0.79021,1013.47,1000.0,-13.47,54.49,219.0,2.2084,-0.6915,LOCK,3,looseness
8650,196803,1427,88320.0,0.078,0.0975,-0.8151,0.82461,1013.48,1000.0,-13.48,54.49,219.0,2.2313,-0.3432,LOCK,3,looseness
8651,196822,1446,88339.0,-0.078,0.2262,-0.78,0.81587,1013.48,1000.0,-13.48,54.49,219.0,2.2003,-0.8136,LOCK,3,looseness
8652,196831,1455,88348.0,0.0195,0.0507,-0.741,0.74299,1013.49,1000.0,-13.49,54.49,219.0,2.2228,-0.4733,LOCK,3,looseness
8653,196839,1463,88356.0,-0.0546,-0.0663,-0.7215,0.72659,1013.49,1000.0,-13.49,54.49,219.0,2.2172,-0.5581,LOCK,3,looseness
8654,196848,1472,88365.0,-0.0663,-0.0195,-0.9672,0.96967,1013.49,1000.0,-13.49,54.49,219.0,2.2289,-0.3801,LOCK,3,looseness
8655,196857,1481,88374.0,-0.1755,-0.0234,-0.7956,0.81506,1013.5,1000.0,-13.5,54.49,219.0,2.2314,-0.3429,LOCK,3,looseness
8656,196871,1495,88388.0,0.0663,0.0234,-0.6747,0.67835,1013.5,1000.0,-13.5,54.49,219.0,2.2322,-0.331,LOCK,3,looseness
8657,196879,1503,88396.0,-0.039,-0.0624,-0.7605,0.76405,1013.5,1000.0,-13.5,54.49,219.0,2.2127,-0.6259,LOCK,3,looseness
8658,196888,1512,88405.0,-0.0273,0.1833,-0.8892,0.90831,1013.5,1000.0,-13.5,54.49,219.0,2.2105,-0.6585,LOCK,3,looseness
8659,196896,1520,88413.0,-0.0039,0.0039,-0.8307,0.83072,1013.49,1000.0,-13.49,54.49,219.0,2.221,-0.4998,LOCK,3,looseness
8660,196905,1529,88422.0,-0.0039,0.0039,-0.8307,0.83072,1013.49,1000.0,-13.49,54.49,219.0,2.2315,-0.3414,LOCK,3,looseness
8661,196914,1538,88431.0,-0.0429,0.039,-0.741,0.74326,1013.49,1000.0,-13.49,54.49,219.0,2.2363,-0.2687,LOCK,3,looseness
8662,196922,1546,88439.0,-0.1092,-0.0585,-0.7332,0.74359,1013.49,1000.0,-13.49,54.49,219.0,2.2051,-0.741,LOCK,3,looseness
8663,196931,1555,88448.0,0.0234,0.0468,-0.858,0.85959,1013.49,1000.0,-13.49,54.49,219.0,2.2224,-0.4787,LOCK,3,looseness
8664,196939,1563,88456.0,-0.1911,-0.0039,-0.8775,0.89808,1013.5,1000.0,-13.5,54.49,219.0,2.2203,-0.5105,LOCK,3,looseness
8665,196958,1582,88475.0,0.0429,-0.2223,-0.7449,0.77855,1013.5,1000.0,-13.5,54.49,219.0,2.2331,-0.317,LOCK,3,looseness
8666,196967,1591,88484.0,0.0429,-0.2223,-0.7449,0.77855,1013.5,1000.0,-13.5,54.49,219.0,2.2304,-0.3573,LOCK,3,looseness
8667,196975,1599,88492.0,-0.2223,0.0897,-0.7761,0.81228,1013.5,1000.0,-13.5,54.49,219.0,2.232,-0.3337,LOCK,3,looseness
8668,196984,1608,88501.0,-0.0975,0.0156,-0.8814,0.88691,1013.5,1000.0,-13.5,54.49,219.0,2.2244,-0.4482,LOCK,3,looseness
8669,196992,1616,88509.0,0.0273,0.4017,-0.7761,0.87432,1013.51,1000.0,-13.51,54.49,219.0,2.2136,-0.6115,LOCK,3,looseness
8670,197001,1625,88518.0,-0.0117,-0.039,-0.741,0.74212,1013.51,1000.0,-13.51,54.49,219.0,2.2108,-0.6543,LOCK,3,looseness
8671,197009,1633,88526.0,0.039,-0.0819,-0.6435,0.64986,1013.52,1000.0,-13.52,54.49,219.0,2.2289,-0.3798,LOCK,3,looseness
8672,197028,1652,88545.0,0.0936,-0.0234,-0.8385,0.84403,1013.52,1000.0,-13.52,54.49,219.0,2.2113,-0.6463,LOCK,3,looseness
8673,197036,1660,88553.0,-0.2028,-0.0351,-0.8619,0.88613,1013.52,1000.0,-13.52,54.49,219.0,2.2122,-0.6332,LOCK,3,looseness
8674,197045,1669,88562.0,0.0936,0.1287,-0.8073,0.82284,1013.53,1000.0,-13.53,54.49,219.0,2.2223,-0.4809,LOCK,3,looseness
8675,197053,1677,88570.0,-0.0156,0.1365,-0.7371,0.74979,1013.54,1000.0,-13.54,54.49,219.0,2.2251,-0.4372,LOCK,3,looseness
8676,197063,1687,88580.0,-0.0039,-0.0312,-0.7254,0.72608,1013.54,1000.0,-13.54,54.49,219.0,2.231,-0.3487,LOCK,3,looseness
8677,197076,1700,88593.0,0.0429,-0.0156,-0.7059,0.70737,1013.55,1000.0,-13.55,54.49,219.0,2.2319,-0.3356,LOCK,3,looseness
8678,197085,1709,88602.0,-0.117,-0.0117,-0.9672,0.97432,1013.55,1000.0,-13.55,54.49,219.0,2.2274,-0.4027,LOCK,3,looseness
8679,197093,1717,88610.0,-0.1287,0.0,-0.8268,0.83676,1013.56,1000.0,-13.56,54.49,219.0,2.2103,-0.6616,LOCK,3,looseness
8680,197102,1726,88619.0,0.0156,-0.0585,-0.7605,0.76291,1013.56,1000.0,-13.56,54.49,219.0,2.216,-0.5761,LOCK,3,looseness
8681,197110,1734,88627.0,0.0156,-0.0585,-0.7605,0.76291,1013.58,1000.0,-13.58,54.49,219.0,2.2306,-0.3551,LOCK,3,looseness
8682,197119,1743,88636.0,0.1404,-0.1794,-0.7137,0.74918,1013.59,1000.0,-13.59,54.49,219.0,2.2331,-0.3173,LOCK,3,looseness
8683,197127,1751,88644.0,-0.0273,0.1599,-0.7917,0.80815,1013.61,1000.0,-13.61,54.49,219.0,2.2117,-0.6414,LOCK,3,looseness
8684,197136,1760,88653.0,0.0039,-0.0429,-0.8931,0.89414,1013.62,1000.0,-13.62,54.49,219.0,2.2209,-0.501,LOCK,3,looseness
8685,197154,1778,88671.0,-0.195,-0.0468,-0.819,0.84319,1013.63,1000.0,-13.63,54.49,219.0,2.2358,-0.2751,LOCK,3,looseness
8686,197163,1787,88680.0,-0.0897,-0.0585,-0.7176,0.72555,1013.65,1000.0,-13.65,54.49,219.0,2.2298,-0.3661,LOCK,3,looseness
8687,197172,1796,88689.0,-0.0897,-0.0585,-0.7176,0.72555,1013.66,1000.0,-13.66,54.49,219.0,2.2299,-0.3658,LOCK,3,looseness
8688,197180,1804,88697.0,-0.0975,-0.0273,-0.8892,0.89495,1013.67,1000.0,-13.67,54.49,219.0,2.2195,-0.5233,LOCK,3,looseness
8689,197189,1813,88706.0,-0.0039,0.0663,-0.8385,0.84113,1013.69,1000.0,-13.69,54.49,219.0,2.2001,-0.8173,LOCK,3,looseness
8690,197197,1821,88714.0,0.0078,-0.1833,-0.819,0.8393,1013.7,1000.0,-13.7,54.49,219.0,2.2206,-0.5056,LOCK,3,looseness
8691,197206,1830,88723.0,0.0,-0.0039,-0.7956,0.79561,1013.7,1000.0,-13.7,54.49,219.0,2.2188,-0.5328,LOCK,3,looseness
8692,197224,1848,88741.0,-0.1287,0.3159,-0.7059,0.784,1013.72,1000.0,-13.72,54.49,219.0,2.2061,-0.726,LOCK,3,looseness
8693,197233,1857,88750.0,-0.1287,0.3159,-0.7059,0.784,1013.74,1000.0,-13.74,54.49,219.0,2.2113,-0.6463,LOCK,3,looseness
8694,197241,1865,88758.0,-0.0975,-0.1014,-0.8073,0.81946,1013.75,1000.0,-13.75,54.49,219.0,2.2191,-0.5285,LOCK,3,looseness
8695,197250,1874,88767.0,0.1014,-0.0663,-0.741,0.75084,1013.76,1000.0,-13.76,54.49,219.0,2.2095,-0.6747,LOCK,3,looseness
8696,197268,1892,88785.0,-0.2106,-0.1287,-0.7995,0.83673,1013.77,1000.0,-13.77,54.49,219.0,2.2321,-0.3322,LOCK,3,looseness
8697,197281,1905,88798.0,0.0312,0.0819,-0.741,0.74616,1013.78,1000.0,-13.78,54.49,219.0,2.23,-0.3637,LOCK,3,looseness
8698,197290,1914,88807.0,0.0117,0.1014,-0.8034,0.80986,1013.8,1000.0,-13.8,54.49,219.0,2.2165,-0.5688,LOCK,3,looseness
8699,197298,1922,88815.0,0.0,-0.0663,-0.8073,0.81002,1013.82,1000.0,-13.82,54.49,219.0,2.2207,-0.5044,LOCK,3,looseness
8700,197306,1930,88823.0,0.0,-0.1092,-0.7449,0.75286,1013.84,1000.0,-13.84,54.49,219.0,2.2149,-0.5917,LOCK,3,looseness
8701,197315,1939,88832.0,0.0,-0.1092,-0.7449,0.75286,1013.85,1000.0,-13.85,54.49,219.0,2.2327,-0.3234,LOCK,3,looseness
8702,197324,1948,88841.0,-0.0078,-0.0702,-0.8112,0.81427,1013.87,1000.0,-13.87,54.49,219.0,2.2286,-0.3841,LOCK,3,looseness
8703,197332,1956,88849.0,-0.2925,-0.0468,-0.6981,0.75835,1013.88,1000.0,-13.88,54.49,219.0,2.2061,-0.7263,LOCK,3,looseness
8704,197341,1965,88858.0,0.0468,-0.0741,-0.8307,0.83531,1013.9,1000.0,-13.9,54.49,219.0,2.2069,-0.7135,LOCK,3,looseness
8705,197359,1983,88876.0,-0.0351,0.2301,-0.8385,0.87021,1013.92,1000.0,-13.92,54.49,219.0,2.2364,-0.2669,LOCK,3,looseness
8706,197368,1992,88885.0,0.117,-0.1287,-0.8073,0.82582,1013.94,1000.0,-13.94,54.49,219.0,2.233,-0.3182,LOCK,3,looseness
8707,197377,2001,88894.0,0.117,-0.1287,-0.8073,0.82582,1013.96,1000.0,-13.96,54.49,219.0,2.2282,-0.3908,LOCK,3,looseness
8708,197385,2009,88902.0,-0.0741,-0.0078,-0.702,0.70594,1013.97,1000.0,-13.97,54.49,219.0,2.222,-0.4855,LOCK,3,looseness
8709,197394,2018,88911.0,-0.234,-0.0039,-0.7956,0.82931,1013.99,1000.0,-13.99,54.49,219.0,2.2108,-0.6549,LOCK,3,looseness
8710,197402,2026,88919.0,0.0156,-0.0546,-0.8151,0.81708,1014.02,1000.0,-14.02,54.49,219.0,2.2073,-0.7071,LOCK,3,looseness
8711,197411,2035,88928.0,-0.0585,-0.039,-0.7839,0.78705,1014.04,1000.0,-14.04,54.49,219.0,2.2313,-0.3444,LOCK,3,looseness
8712,197419,2043,88936.0,-0.0351,0.1755,-0.8034,0.82309,1014.07,1000.0,-14.07,54.49,219.0,2.2194,-0.5242,LOCK,3,looseness
8713,197438,2062,88955.0,-0.0312,-0.0819,-0.8385,0.84307,1014.09,1000.0,-14.09,54.49,219.0,2.2164,-0.5694,LOCK,3,looseness
8714,197446,2070,88963.0,-0.0117,0.0585,-0.7917,0.79394,1014.11,1000.0,-14.11,54.49,219.0,2.2173,-0.5563,LOCK,3,looseness
8715,197455,2079,88972.0,-0.1365,-0.0858,-0.7059,0.72408,1014.13,1000.0,-14.13,54.49,219.0,2.2154,-0.5847,LOCK,3,looseness
8716,197463,2087,88980.0,-0.0936,0.3237,-0.7722,0.84252,1014.16,1000.0,-14.16,54.49,219.0,2.2261,-0.4223,LOCK,3,looseness
8717,197472,2096,88989.0,-0.1131,-0.0273,-0.8619,0.86972,1014.18,1000.0,-14.18,54.49,219.0,2.2309,-0.3499,LOCK,3,looseness
8718,197485,2109,89002.0,0.0663,-0.0663,-0.6981,0.70437,1014.21,1000.0,-14.21,54.49,219.0,2.2307,-0.3536,LOCK,3,looseness
8719,197494,2118,89011.0,0.0312,-0.0936,-0.7878,0.79395,1014.23,1000.0,-14.23,54.49,219.0,2.2411,-0.1961,LOCK,3,looseness
8720,197502,2126,89019.0,-0.2379,-0.078,-0.741,0.78215,1014.25,1000.0,-14.25,54.49,219.0,2.226,-0.4241,LOCK,3,looseness
8721,197511,2135,89028.0,-0.1053,-0.0039,-0.8307,0.83736,1014.26,1000.0,-14.26,54.49,219.0,2.2119,-0.6372,LOCK,3,looseness
8722,197520,2144,89037.0,-0.1053,-0.0039,-0.8307,0.83736,1014.29,1000.0,-14.29,54.49,219.0,2.2325,-0.3261,LOCK,3,looseness
8723,197528,2152,89045.0,0.0819,0.1833,-0.7917,0.81676,1014.32,1000.0,-14.32,54.49,219.0,2.2313,-0.3432,LOCK,3,looseness
8724,197537,2161,89054.0,0.0078,-0.078,-0.7917,0.79557,1014.35,1000.0,-14.35,54.49,219.0,2.2085,-0.6897,LOCK,3,looseness
8725,197545,2169,89062.0,0.0702,-0.0975,-0.7527,0.76223,1014.37,1000.0,-14.37,54.49,219.0,2.2054,-0.7367,LOCK,3,looseness
8726,197564,2188,89081.0,-0.1209,0.0,-0.8697,0.87806,1014.39,1000.0,-14.39,54.49,219.0,2.2205,-0.5077,LOCK,3,looseness
8727,197573,2197,89090.0,0.0741,-0.1326,-0.8151,0.82913,1014.41,1000.0,-14.41,54.49,219.0,2.2325,-0.3264,LOCK,3,looseness
8728,197582,2206,89099.0,0.0741,-0.1326,-0.8151,0.82913,1014.44,1000.0,-14.44,54.49,219.0,2.2313,-0.3444,LOCK,3,looseness
8729,197590,2214,89107.0,0.0858,-0.2379,-0.6942,0.73883,1014.46,1000.0,-14.46,54.49,219.0,2.2074,-0.7059,LOCK,3,looseness
8730,197599,2223,89116.0,-0.0858,0.1482,-0.78,0.79858,1014.49,1000.0,-14.49,54.49,219.0,2.2153,-0.5859,LOCK,3,looseness
8731,197607,2231,89124.0,-0.0078,-0.0702,-0.8502,0.85313,1014.51,1000.0,-14.51,54.49,219.0,2.2209,-0.5022,LOCK,3,looseness
8732,197615,2239,89132.0,-0.0858,0.0741,-0.858,0.86546,1014.53,1000.0,-14.53,54.49,219.0,2.2206,-0.5059,LOCK,3,looseness
8733,197624,2248,89141.0,-0.1443,-0.0039,-0.7644,0.77791,1014.55,1000.0,-14.55,54.49,219.0,2.2291,-0.3774,LOCK,3,looseness
8734,197643,2267,89160.0,-0.078,0.0468,-0.7215,0.72721,1014.57,1000.0,-14.57,54.49,219.0,2.2198,-0.5178,LOCK,3,looseness
8735,197651,2275,89168.0,-0.0663,-0.1521,-0.7488,0.76696,1014.59,1000.0,-14.59,54.49,219.0,2.2125,-0.6292,LOCK,3,looseness
8736,197660,2284,89177.0,0.0117,0.156,-0.8034,0.81849,1014.61,1000.0,-14.61,54.49,219.0,2.2167,-0.5648,LOCK,3,looseness
8737,197668,2292,89185.0,0.0507,0.0156,-0.8268,0.8285,1014.63,1000.0,-14.63,54.49,219.0,2.2134,-0.6146,LOCK,3,looseness
8738,197677,2301,89194.0,-0.0117,0.1092,-0.7683,0.77611,1014.65,1000.0,-14.65,54.49,219.0,2.2304,-0.3576,LOCK,3,looseness
8739,197690,2314,89207.0,-0.1989,-0.039,-0.7254,0.75318,1014.66,1000.0,-14.66,54.49,219.0,2.2311,-0.3472,LOCK,3,looseness
8740,197699,2323,89216.0,-0.0741,0.2808,-0.8034,0.85428,1014.68,1000.0,-14.68,54.49,219.0,2.2084,-0.6915,LOCK,3,looseness
8741,197707,2331,89224.0,-0.1053,-0.0195,-0.7878,0.79505,1014.7,1000.0,-14.7,54.49,219.0,2.1956,-0.8841,LOCK,3,looseness
8742,197716,2340,89233.0,-0.1053,-0.0195,-0.7878,0.79505,1014.71,1000.0,-14.71,54.49,219.0,2.2167,-0.5654,LOCK,3,looseness
8743,197724,2348,89241.0,0.0429,-0.117,-0.7059,0.71682,1014.72,1000.0,-14.72,54.49,219.0,2.231,-0.3484,LOCK,3,looseness
8744,197733,2357,89250.0,0.0351,-0.0741,-0.7722,0.77654,1014.74,1000.0,-14.74,54.49,219.0,2.2319,-0.3356,LOCK,3,looseness
8745,197741,2365,89258.0,-0.2496,-0.0819,-0.8307,0.87125,1014.75,1000.0,-14.75,54.49,219.0,2.2142,-0.6033,LOCK,3,looseness
8746,197760,2384,89277.0,0.0858,0.1872,-0.7878,0.81427,1014.77,1000.0,-14.77,54.49,219.0,2.2102,-0.6637,LOCK,3,looseness
8747,197768,2392,89285.0,-0.0039,-0.0117,-0.8112,0.81129,1014.8,1000.0,-14.8,54.49,219.0,2.228,-0.3939,LOCK,3,looseness
8748,197777,2401,89294.0,0.0039,-0.1677,-0.6903,0.71039,1014.82,1000.0,-14.82,54.49,219.0,2.2291,-0.3771,LOCK,3,looseness
8749,197786,2410,89303.0,0.0039,-0.1677,-0.6903,0.71039,1014.85,1000.0,-14.85,54.49,219.0,2.2318,-0.3362,LOCK,3,looseness
8750,197794,2418,89311.0,-0.0039,-0.117,-0.6864,0.69631,1014.87,1000.0,-14.87,54.49,219.0,2.215,-0.5908,LOCK,3,looseness
8751,197803,2427,89320.0,-0.156,-0.0078,-0.858,0.8721,1014.88,1000.0,-14.88,54.49,219.0,2.2098,-0.6704,LOCK,3,looseness
8752,197811,2435,89328.0,0.1287,-0.0702,-0.8736,0.88582,1014.9,1000.0,-14.9,54.49,219.0,2.214,-0.6054,LOCK,3,looseness
8753,197820,2444,89337.0,-0.0663,0.0156,-0.7332,0.73636,1014.92,1000.0,-14.92,54.49,219.0,2.2112,-0.6479,LOCK,3,looseness
8754,197838,2462,89355.0,-0.0429,0.0741,-0.7956,0.80019,1014.93,1000.0,-14.93,54.49,219.0,2.2305,-0.356,LOCK,3,looseness
8755,197847,2471,89364.0,-0.0351,-0.0273,-0.7254,0.72676,1014.95,1000.0,-14.95,54.49,219.0,2.2165,-0.5679,LOCK,3,looseness
8756,197855,2479,89372.0,-0.0975,0.0039,-0.9087,0.91392,1014.96,1000.0,-14.96,54.49,219.0,2.2135,-0.6137,LOCK,3,looseness
8757,197864,2488,89381.0,-0.2613,0.078,-0.8307,0.87431,1014.97,1000.0,-14.97,54.49,219.0,2.2238,-0.4574,LOCK,3,looseness
8758,197880,2504,89397.0,-0.0351,-0.0897,-0.7215,0.7279,1014.99,1000.0,-14.99,54.49,219.0,2.2301,-0.3624,LOCK,3,looseness
8759,197894,2518,89411.0,-0.0507,0.1131,-0.7449,0.75514,1015.0,1000.0,-15.0,54.49,219.0,2.2319,-0.3356,LOCK,3,looseness
8760,197902,2526,89419.0,0.0468,0.0195,-0.8697,0.87118,1015.02,1000.0,-15.02,54.49,219.0,2.2193,-0.5251,LOCK,3,looseness
8761,197911,2535,89428.0,0.0468,0.0195,-0.8697,0.87118,1015.03,1000.0,-15.03,54.49,219.0,2.2087,-0.6866,LOCK,3,looseness
8762,197919,2543,89436.0,-0.0819,0.2418,-0.8502,0.8877,1015.04,1000.0,-15.04,54.49,219.0,2.2071,-0.711,LOCK,3,looseness
8763,197928,2552,89445.0,-0.1365,-0.0429,-0.8112,0.82372,1015.05,1000.0,-15.05,54.49,219.0,2.2321,-0.3319,LOCK,3,looseness
8764,197936,2560,89453.0,0.1326,0.2418,-0.6786,0.73249,1015.07,1000.0,-15.07,54.49,219.0,2.2321,-0.3316,LOCK,3,looseness
8765,197945,2569,89462.0,-0.1443,-0.0429,-0.7605,0.77526,1015.09,1000.0,-15.09,54.49,219.0,2.215,-0.5908,LOCK,3,looseness
8766,197953,2577,89470.0,0.0546,-0.0078,-0.7683,0.77028,1015.1,1000.0,-15.1,54.49,219.0,2.2222,-0.4824,LOCK,3,looseness
8767,197962,2586,89479.0,0.0468,-0.0585,-0.8424,0.84572,1015.12,1000.0,-15.12,54.49,219.0,2.2118,-0.639,LOCK,3,looseness
8768,197981,2605,89498.0,-0.1872,-0.0039,-0.8424,0.86296,1015.13,1000.0,-15.13,54.49,219.0,2.231,-0.3487,LOCK,3,looseness
8769,197989,2613,89506.0,-0.0351,0.0078,-0.78,0.78083,1015.14,1000.0,-15.14,54.49,219.0,2.2306,-0.3539,LOCK,3,looseness
8770,197998,2622,89515.0,0.0273,0.1716,-0.7566,0.7763,1015.16,1000.0,-15.16,54.49,219.0,2.2037,-0.7617,LOCK,3,looseness
8771,198006,2630,89523.0,-0.1248,0.0156,-0.7293,0.74007,1015.18,1000.0,-15.18,54.49,219.0,2.2125,-0.6283,LOCK,3,looseness
8772,198015,2639,89532.0,0.0468,-0.1209,-0.7488,0.75994,1015.2,1000.0,-15.2,54.49,219.0,2.2215,-0.4922,LOCK,3,looseness
8773,198023,2647,89540.0,0.0741,-0.0585,-0.7995,0.80505,1015.22,1000.0,-15.22,54.49,219.0,2.21,-0.6662,LOCK,3,looseness
8774,198032,2656,89549.0,0.0741,-0.0585,-0.7995,0.80505,1015.23,1000.0,-15.23,54.49,219.0,2.2296,-0.3695,LOCK,3,looseness
8775,198040,2664,89557.0,-0.039,0.039,-0.7839,0.78584,1015.24,1000.0,-15.24,54.49,219.0,2.23,-0.3637,LOCK,3,looseness
8776,198059,2683,89576.0,-0.2067,0.0,-0.6279,0.66105,1015.26,1000.0,-15.26,54.49,219.0,2.2108,-0.6549,LOCK,3,looseness
8777,198068,2692,89585.0,-0.0858,0.0819,-0.7449,0.75428,1015.27,1000.0,-15.27,54.49,219.0,2.2092,-0.6793,LOCK,3,looseness
8778,198076,2700,89593.0,0.0078,0.0507,-0.8346,0.83617,1015.29,1000.0,-15.29,54.49,219.0,2.2346,-0.2944,LOCK,3,looseness
8779,198085,2709,89602.0,0.0078,0.0507,-0.8346,0.83617,1015.3,1000.0,-15.3,54.49,219.0,2.2301,-0.3624,LOCK,3,looseness
8780,198098,2722,89615.0,-0.2301,0.0078,-0.7527,0.78712,1015.31,1000.0,-15.31,54.49,219.0,2.2316,-0.3392,LOCK,3,looseness
8781,198107,2731,89624.0,-0.0039,-0.0351,-0.7527,0.75353,1015.32,1000.0,-15.32,54.49,219.0,2.2155,-0.5828,LOCK,3,looseness
8782,198115,2739,89632.0,-0.0039,-0.0351,-0.7527,0.75353,1015.34,1000.0,-15.34,54.49,219.0,2.2195,-0.5233,LOCK,3,looseness
8783,198124,2748,89641.0,-0.0156,-0.0195,-0.6786,0.67906,1015.35,1000.0,-15.35,54.49,219.0,2.2103,-0.6628,LOCK,3,looseness
8784,198132,2756,89649.0,-0.0273,0.1794,-0.858,0.87698,1015.36,1000.0,-15.36,54.49,219.0,2.2311,-0.3469,LOCK,3,looseness
8785,198141,2765,89658.0,-0.0195,-0.1755,-0.9009,0.91804,1015.37,1000.0,-15.37,54.49,219.0,2.2341,-0.3008,LOCK,3,looseness
8786,198149,2773,89666.0,-0.0741,0.0936,-0.8658,0.87399,1015.38,1000.0,-15.38,54.49,219.0,2.2219,-0.487,LOCK,3,looseness
8787,198168,2792,89685.0,0.1482,0.234,-0.7137,0.76556,1015.4,1000.0,-15.4,54.49,219.0,2.2268,-0.4128,LOCK,3,looseness
8788,198176,2800,89693.0,0.1482,0.234,-0.7137,0.76556,1015.41,1000.0,-15.41,54.49,219.0,2.2258,-0.4265,LOCK,3,looseness
8789,198187,2811,89704.0,0.0156,-0.039,-0.8229,0.82397,1015.42,1000.0,-15.42,54.49,219.0,2.2315,-0.3414,LOCK,3,looseness
8790,198196,2820,89713.0,0.0156,-0.039,-0.8229,0.82397,1015.43,1000.0,-15.43,54.49,219.0,2.23,-0.3637,LOCK,3,looseness
8791,198205,2829,89722.0,0.1092,0.0351,-0.8541,0.86177,1015.44,1000.0,-15.44,54.49,219.0,2.2139,-0.6069,LOCK,3,looseness
8792,198213,2837,89730.0,-0.1833,-0.0585,-0.8268,0.84889,1015.44,1000.0,-15.44,54.49,219.0,2.2183,-0.5404,LOCK,3,looseness
8793,198222,2846,89739.0,-0.0897,-0.0273,-0.7878,0.79336,1015.45,1000.0,-15.45,54.49,219.0,2.1953,-0.8893,LOCK,3,looseness
8794,198230,2854,89747.0,-0.0468,0.2379,-0.7566,0.7945,1015.47,1000.0,-15.47,54.49,219.0,2.2226,-0.476,LOCK,3,looseness
8795,198238,2862,89755.0,-0.0468,0.2379,-0.7566,0.7945,1015.49,1000.0,-15.49,54.49,219.0,2.2245,-0.4476,LOCK,3,looseness
8796,198257,2881,89774.0,0.156,-0.0078,-0.8229,0.83759,1015.5,1000.0,-15.5,54.49,219.0,2.2137,-0.6112,LOCK,3,looseness
8797,198266,2890,89783.0,-0.0039,-0.1677,-0.7644,0.78259,1015.52,1000.0,-15.52,54.49,219.0,2.208,-0.6964,LOCK,3,looseness
8798,198274,2898,89791.0,-0.1326,0.039,-0.7839,0.79599,1015.53,1000.0,-15.53,54.49,219.0,2.2344,-0.2968,LOCK,3,looseness
8799,198283,2907,89800.0,-0.0195,-0.0273,-0.8112,0.81189,1015.54,1000.0,-15.54,54.49,219.0,2.2257,-0.4287,LOCK,3,looseness
8800,198291,2915,89808.0,-0.0897,0.0234,-0.6045,0.61157,1015.55,1000.0,-15.55,54.49,219.0,2.2303,-0.3588,LOCK,3,looseness
8801,198305,2929,89822.0,-0.078,0.1053,-0.8541,0.86409,1015.57,1000.0,-15.57,54.49,219.0,2.2314,-0.3417,LOCK,3,looseness
8802,198313,2937,89830.0,0.0936,0.0,-0.78,0.7856,1015.58,1000.0,-15.58,54.49,219.0,2.215,-0.5905,LOCK,3,looseness
8803,198322,2946,89839.0,0.0078,-0.0741,-0.8619,0.86511,1015.59,1000.0,-15.59,54.49,219.0,2.2155,-0.5834,LOCK,3,looseness
8804,198330,2954,89847.0,0.0078,-0.0741,-0.8619,0.86511,1015.6,1000.0,-15.6,54.49,219.0,2.2226,-0.4757,LOCK,3,looseness
8805,198339,2963,89856.0,-0.1794,-0.0156,-0.6981,0.72095,1015.61,1000.0,-15.61,54.49,219.0,2.2298,-0.367,LOCK,3,looseness
8806,198347,2971,89864.0,-0.0273,-0.0078,-0.7878,0.78831,1015.63,1000.0,-15.63,54.49,219.0,2.2269,-0.4107,LOCK,3,looseness
8807,198356,2980,89873.0,0.0234,-0.0156,-0.8151,0.81558,1015.65,1000.0,-15.65,54.49,219.0,2.2024,-0.7816,LOCK,3,looseness
8808,198374,2998,89891.0,-0.0273,-0.2262,-0.8385,0.8689,1015.67,1000.0,-15.67,54.49,219.0,2.2142,-0.6024,LOCK,3,looseness
8809,198383,3007,89900.0,-0.0819,0.0312,-0.819,0.82368,1015.69,1000.0,-15.69,54.49,219.0,2.2278,-0.3972,LOCK,3,looseness
8810,198392,3016,89909.0,-0.0819,0.0312,-0.819,0.82368,1015.71,1000.0,-15.71,54.49,219.0,2.2294,-0.3722,LOCK,3,looseness
8811,198400,3024,89917.0,-0.1287,0.0195,-0.9243,0.93342,1015.72,1000.0,-15.72,54.49,219.0,2.2314,-0.342,LOCK,3,looseness
8812,198409,3033,89926.0,0.0624,0.195,-0.7527,0.78005,1015.74,1000.0,-15.74,54.49,219.0,2.2182,-0.5432,LOCK,3,looseness
8813,198417,3041,89934.0,-0.156,-0.0429,-0.8112,0.82718,1015.77,1000.0,-15.77,54.49,219.0,2.2209,-0.5022,LOCK,3,looseness
8814,198426,3050,89943.0,0.0312,0.0039,-0.8346,0.83519,1015.79,1000.0,-15.79,54.49,219.0,2.2117,-0.6411,LOCK,3,looseness
8815,198434,3058,89951.0,0.0585,-0.0039,-0.8268,0.82888,1015.81,1000.0,-15.81,54.49,219.0,2.2147,-0.5947,LOCK,3,looseness
8816,198443,3067,89960.0,0.0585,-0.0039,-0.8268,0.82888,1015.82,1000.0,-15.82,54.49,219.0,2.2299,-0.3658,LOCK,3,looseness
8817,198451,3075,89968.0,-0.1404,-0.0585,-0.8268,0.84067,1015.84,1000.0,-15.84,54.49,219.0,2.2376,-0.2492,LOCK,3,looseness
8818,198470,3094,89987.0,-0.039,0.1716,-0.7917,0.81102,1015.86,1000.0,-15.86,54.49,219.0,2.2193,-0.5264,LOCK,3,looseness
8819,198479,3103,89996.0,-0.1833,0.0078,-0.8931,0.91175,1015.89,1000.0,-15.89,54.49,219.0,2.22,-0.5154,LOCK,3,looseness
8820,198487,3111,90004.0,0.1209,-0.117,-0.6981,0.71809,1015.91,1000.0,-15.91,54.49,219.0,2.2261,-0.4229,LOCK,3,looseness
8821,198496,3120,90013.0,-0.0195,-0.0468,-0.6708,0.67271,1015.93,1000.0,-15.93,54.49,219.0,2.2295,-0.3716,LOCK,3,looseness
8822,198510,3134,90027.0,-0.2223,0.0663,-0.7722,0.80629,1015.94,1000.0,-15.94,54.49,219.0,2.2299,-0.3649,LOCK,3,looseness
8823,198518,3142,90035.0,-0.0624,0.0039,-0.8697,0.87194,1015.96,1000.0,-15.96,54.49,219.0,2.1932,-0.9207,LOCK,3,looseness
8824,198527,3151,90044.0,0.1521,-0.0936,-0.6981,0.72058,1015.97,1000.0,-15.97,54.49,219.0,2.2124,-0.6305,LOCK,3,looseness
8825,198535,3159,90052.0,0.1521,-0.0936,-0.6981,0.72058,1015.99,1000.0,-15.99,54.49,219.0,2.2162,-0.5722,LOCK,3,looseness
8826,198544,3168,90061.0,-0.0039,0.0117,-0.7254,0.7255,1016.0,1000.0,-16.0,54.49,219.0,2.2323,-0.3289,LOCK,3,looseness
8827,198552,3176,90069.0,0.0273,-0.0195,-0.7371,0.73786,1016.01,1000.0,-16.01,54.49,219.0,2.2328,-0.3218,LOCK,3,looseness
8828,198561,3185,90078.0,-0.0156,-0.0702,-0.9477,0.95042,1016.03,1000.0,-16.03,54.49,219.0,2.2122,-0.6338,LOCK,3,looseness
8829,198580,3204,90097.0,-0.0351,-0.0351,-0.7449,0.74655,1016.04,1000.0,-16.04,54.49,219.0,2.232,-0.3341,LOCK,3,looseness
8830,198588,3212,90105.0,-0.0117,0.0702,-0.7878,0.79101,1016.07,1000.0,-16.07,54.49,219.0,2.224,-0.4546,LOCK,3,looseness
8831,198597,3221,90114.0,-0.0117,0.0702,-0.7878,0.79101,1016.1,1000.0,-16.1,54.49,219.0,2.2299,-0.3652,LOCK,3,looseness
8832,198605,3229,90122.0,-0.0156,0.0819,-0.8346,0.83875,1016.12,1000.0,-16.12,54.49,219.0,2.2299,-0.3652,LOCK,3,looseness
8833,198614,3238,90131.0,-0.039,-0.2145,-0.8619,0.88905,1016.14,1000.0,-16.14,54.49,219.0,2.2116,-0.6424,LOCK,3,looseness
8834,198622,3246,90139.0,-0.0351,-0.078,-0.7917,0.79631,1016.17,1000.0,-16.17,54.49,219.0,2.2171,-0.5596,LOCK,3,looseness
8835,198631,3255,90148.0,-0.2145,0.0117,-0.8112,0.83916,1016.18,1000.0,-16.18,54.49,219.0,2.2146,-0.5963,LOCK,3,looseness
8836,198649,3273,90166.0,-0.1053,0.0468,-0.8619,0.86957,1016.21,1000.0,-16.21,54.49,219.0,2.2226,-0.4751,LOCK,3,looseness
8837,198658,3282,90175.0,-0.1053,0.0468,-0.8619,0.86957,1016.22,1000.0,-16.22,54.49,219.0,2.2291,-0.3774,LOCK,3,looseness
8838,198666,3290,90183.0,-0.0039,-0.0624,-0.78,0.7825,1016.24,1000.0,-16.24,54.49,219.0,2.2163,-0.5706,LOCK,3,looseness
8839,198675,3299,90192.0,0.039,-0.0273,-0.7332,0.73474,1016.26,1000.0,-16.26,54.49,219.0,2.2157,-0.5804,LOCK,3,looseness
8840,198700,3324,90217.0,-0.0468,-0.078,-0.8229,0.82791,1016.28,1000.0,-16.28,54.49,219.0,2.2329,-0.3197,LOCK,3,looseness
8841,198713,3337,90230.0,-0.1599,0.0,-0.8385,0.85361,1016.3,1000.0,-16.3,54.49,219.0,2.2307,-0.353,LOCK,3,looseness
8842,198722,3346,90239.0,0.0546,-0.0858,-0.6903,0.69775,1016.32,1000.0,-16.32,54.49,219.0,2.2209,-0.5022,LOCK,3,looseness
8843,198730,3354,90247.0,0.0546,-0.0858,-0.6903,0.69775,1016.34,1000.0,-16.34,54.49,219.0,2.2097,-0.6717,LOCK,3,looseness
8844,198738,3362,90255.0,0.1014,0.0078,-0.8112,0.81755,1016.35,1000.0,-16.35,54.49,219.0,2.2209,-0.5013,LOCK,3,looseness
8845,198747,3371,90264.0,-0.1677,0.0585,-0.7332,0.75441,1016.37,1000.0,-16.37,54.49,219.0,2.2332,-0.3157,LOCK,3,looseness
8846,198756,3380,90273.0,-0.078,-0.1053,-0.8541,0.86409,1016.38,1000.0,-16.38,54.49,219.0,2.2322,-0.3301,LOCK,3,looseness
8847,198764,3388,90281.0,0.1014,-0.0819,-0.6669,0.67952,1016.39,1000.0,-16.39,54.49,219.0,2.2136,-0.6115,LOCK,3,looseness
8848,198773,3397,90290.0,-0.0117,0.0039,-0.8034,0.80349,1016.41,1000.0,-16.41,54.49,219.0,2.2141,-0.6045,LOCK,3,looseness
8849,198791,3415,90308.0,0.0546,-0.0351,-0.8112,0.81379,1016.42,1000.0,-16.42,54.49,219.0,2.2346,-0.2944,LOCK,3,looseness
8850,198800,3424,90317.0,0.0273,-0.0663,-0.8229,0.82602,1016.43,1000.0,-16.43,54.49,219.0,2.2313,-0.3444,LOCK,3,looseness
8851,198809,3433,90326.0,-0.0936,-0.0351,-0.7605,0.76704,1016.44,1000.0,-16.44,54.49,219.0,2.2302,-0.36,LOCK,3,looseness
8852,198817,3441,90334.0,-0.0663,-0.0663,-0.7254,0.73143,1016.46,1000.0,-16.46,54.49,219.0,2.1969,-0.8649,LOCK,3,looseness
8853,198825,3449,90342.0,0.0,0.0663,-0.8424,0.845,1016.48,1000.0,-16.48,54.49,219.0,2.2189,-0.5319,LOCK,3,looseness
8854,198834,3458,90351.0,-0.0507,0.117,-0.8268,0.83657,1016.5,1000.0,-16.5,54.49,219.0,2.2193,-0.5251,LOCK,3,looseness
8855,198842,3466,90359.0,-0.0507,0.117,-0.8268,0.83657,1016.51,1000.0,-16.51,54.49,219.0,2.212,-0.6363,LOCK,3,looseness
8856,198851,3475,90368.0,-0.0234,-0.195,-0.8541,0.87639,1016.53,1000.0,-16.53,54.49,219.0,2.2324,-0.328,LOCK,3,looseness
8857,198860,3484,90377.0,0.0273,-0.0507,-0.8307,0.83269,1016.54,1000.0,-16.54,54.49,219.0,2.2349,-0.2895,LOCK,3,looseness
8858,198878,3502,90395.0,0.0117,0.0975,-0.6357,0.64324,1016.56,1000.0,-16.56,54.49,219.0,2.223,-0.469,LOCK,3,looseness
8859,198887,3511,90404.0,-0.0741,-0.0429,-0.7683,0.77306,1016.57,1000.0,-16.57,54.49,219.0,2.218,-0.5459,LOCK,3,looseness
8860,198896,3520,90413.0,-0.0312,0.0663,-0.8814,0.88444,1016.58,1000.0,-16.58,54.49,219.0,2.224,-0.4552,LOCK,3,looseness
8861,198904,3528,90421.0,-0.0312,0.0663,-0.8814,0.88444,1016.6,1000.0,-16.6,54.49,219.0,2.2317,-0.3377,LOCK,3,looseness
8862,198918,3542,90435.0,-0.1326,0.0468,-0.8268,0.83867,1016.61,1000.0,-16.61,54.49,219.0,2.2316,-0.3392,LOCK,3,looseness
8863,198926,3550,90443.0,-0.117,-0.0195,-0.7644,0.77355,1016.62,1000.0,-16.62,54.49,219.0,2.2081,-0.6949,LOCK,3,looseness
8864,198935,3559,90452.0,-0.117,-0.0195,-0.7644,0.77355,1016.64,1000.0,-16.64,54.49,219.0,2.2166,-0.567,LOCK,3,looseness
8865,198943,3567,90460.0,0.0039,0.1404,-0.7527,0.76569,1016.65,1000.0,-16.65,54.49,219.0,2.2185,-0.5377,LOCK,3,looseness
8866,198952,3576,90469.0,-0.1326,0.0312,-0.8151,0.8264,1016.66,1000.0,-16.66,54.49,219.0,2.2315,-0.3408,LOCK,3,looseness
8867,198961,3585,90478.0,0.0702,-0.0273,-0.6669,0.67114,1016.68,1000.0,-16.68,54.49,219.0,2.2338,-0.3063,LOCK,3,looseness
8868,198969,3593,90486.0,0.0546,0.0312,-0.7995,0.80197,1016.69,1000.0,-16.69,54.49,219.0,2.2064,-0.7208,LOCK,3,looseness
8869,198978,3602,90495.0,-0.2067,0.0234,-0.7839,0.81103,1016.7,1000.0,-16.7,54.49,219.0,2.2152,-0.5877,LOCK,3,looseness
8870,198986,3610,90503.0,-0.2067,0.0234,-0.7839,0.81103,1016.71,1000.0,-16.71,54.49,219.0,2.2197,-0.5203,LOCK,3,looseness
8871,198995,3619,90512.0,-0.0936,-0.0624,-0.8463,0.85374,1016.72,1000.0,-16.72,54.49,219.0,2.2241,-0.4528,LOCK,3,looseness
8872,199014,3638,90531.0,-0.0429,-0.0585,-0.7137,0.71738,1016.74,1000.0,-16.74,54.49,219.0,2.225,-0.4397,LOCK,3,looseness
8873,199022,3646,90539.0,0.0312,-0.0195,-0.7332,0.73412,1016.75,1000.0,-16.75,54.49,219.0,2.2179,-0.5471,LOCK,3,looseness
8874,199031,3655,90548.0,0.0819,-0.1014,-0.9048,0.91414,1016.76,1000.0,-16.76,54.49,219.0,2.2211,-0.4989,LOCK,3,looseness
8875,199039,3663,90556.0,-0.1248,0.1053,-0.8034,0.81983,1016.77,1000.0,-16.77,54.49,219.0,2.2182,-0.5425,LOCK,3,looseness
8876,199048,3672,90565.0,-0.1248,0.1053,-0.8034,0.81983,1016.78,1000.0,-16.78,54.49,219.0,2.2285,-0.3863,LOCK,3,looseness
8877,199056,3680,90573.0,-0.0195,-0.0663,-0.7917,0.79471,1016.78,1000.0,-16.78,54.49,219.0,2.2365,-0.2654,LOCK,3,looseness
8878,199065,3689,90582.0,-0.0507,0.0702,-0.7566,0.76154,1016.78,1000.0,-16.78,54.49,219.0,2.2306,-0.3548,LOCK,3,looseness
8879,199083,3707,90600.0,-0.0468,-0.1911,-0.9087,0.92976,1016.78,1000.0,-16.78,54.49,219.0,2.2191,-0.5294,LOCK,3,looseness
8880,199092,3716,90609.0,0.0312,-0.0273,-0.9555,0.9564,1016.78,1000.0,-16.78,54.49,219.0,2.2251,-0.4375,LOCK,3,looseness
8881,199100,3724,90617.0,-0.2418,0.0468,-0.858,0.89265,1016.78,1000.0,-16.78,54.49,219.0,2.2229,-0.4708,LOCK,3,looseness
8882,199110,3734,90627.0,-0.2418,0.0468,-0.858,0.89265,1016.78,1000.0,-16.78,54.49,219.0,2.2306,-0.3539,LOCK,3,looseness
8883,199123,3747,90640.0,-0.0741,-0.0195,-0.7098,0.71392,1016.79,1000.0,-16.79,54.49,219.0,2.2296,-0.3701,LOCK,3,looseness
8884,199131,3755,90648.0,-0.0468,0.0312,-0.8463,0.84817,1016.8,1000.0,-16.8,54.49,219.0,2.219,-0.5303,LOCK,3,looseness
8885,199140,3764,90657.0,-0.0468,0.0312,-0.8463,0.84817,1016.81,1000.0,-16.81,54.49,219.0,2.2069,-0.7138,LOCK,3,looseness
8886,199148,3772,90665.0,0.0507,0.0039,-0.7917,0.79333,1016.82,1000.0,-16.82,54.49,219.0,2.2219,-0.4864,LOCK,3,looseness
8887,199157,3781,90674.0,-0.1014,-0.0039,-0.7878,0.79431,1016.83,1000.0,-16.83,54.49,219.0,2.2317,-0.338,LOCK,3,looseness
8888,199166,3790,90683.0,-0.1638,-0.0663,-0.6981,0.72012,1016.83,1000.0,-16.83,54.49,219.0,2.2294,-0.3734,LOCK,3,looseness
8889,199174,3798,90691.0,-0.0546,0.1638,-0.6825,0.704,1016.83,1000.0,-16.83,54.49,219.0,2.2141,-0.6039,LOCK,3,looseness
8890,199183,3807,90700.0,-0.1131,0.0507,-0.9867,0.99445,1016.84,1000.0,-16.84,54.49,219.0,2.2092,-0.6793,LOCK,3,looseness
8891,199202,3826,90719.0,0.0858,0.0351,-0.741,0.74678,1016.84,1000.0,-16.84,54.49,219.0,2.2121,-0.6344,LOCK,3,looseness
8892,199211,3835,90728.0,0.0273,-0.0078,-0.7371,0.73765,1016.84,1000.0,-16.84,54.49,219.0,2.2287,-0.3832,LOCK,3,looseness
8893,199219,3843,90736.0,-0.2184,0.0351,-0.6747,0.71004,1016.84,1000.0,-16.84,54.49,219.0,2.2329,-0.32,LOCK,3,looseness
8894,199228,3852,90745.0,0.0078,-0.0507,-0.8892,0.89068,1016.84,1000.0,-16.84,54.49,219.0,2.2297,-0.3676,LOCK,3,looseness
8895,199236,3860,90753.0,0.0312,0.0273,-0.7839,0.785,1016.86,1000.0,-16.86,54.49,219.0,2.2187,-0.5355,LOCK,3,looseness
8896,199245,3869,90762.0,0.0117,0.0117,-0.8073,0.80747,1016.87,1000.0,-16.87,54.49,219.0,2.2131,-0.6198,LOCK,3,looseness
8897,199253,3877,90770.0,0.0117,0.0117,-0.8073,0.80747,1016.88,1000.0,-16.88,54.49,219.0,2.2267,-0.4134,LOCK,3,looseness
8898,199262,3886,90779.0,0.0702,-0.0546,-0.7059,0.71148,1016.89,1000.0,-16.89,54.49,219.0,2.2306,-0.3548,LOCK,3,looseness
8899,199270,3894,90787.0,-0.0468,-0.1131,-0.7488,0.75874,1016.9,1000.0,-16.9,54.49,219.0,2.2322,-0.331,LOCK,3,looseness
8900,199289,3913,90806.0,0.0273,-0.0234,-0.7917,0.79252,1016.9,1000.0,-16.9,54.49,219.0,2.2109,-0.6524,LOCK,3,looseness
8901,199297,3921,90814.0,-0.0585,0.0468,-0.7605,0.76418,1016.91,1000.0,-16.91,54.49,219.0,2.2278,-0.3966,LOCK,3,looseness
8902,199306,3930,90823.0,0.0039,0.0351,-0.7371,0.73795,1016.91,1000.0,-16.91,54.49,219.0,2.2335,-0.3099,LOCK,3,looseness
8903,199315,3939,90832.0,0.0039,0.0351,-0.7371,0.73795,1016.91,1000.0,-16.91,54.49,219.0,2.2364,-0.2666,LOCK,3,looseness
8904,199328,3952,90845.0,-0.0546,-0.0273,-0.9945,0.99637,1016.91,1000.0,-16.91,54.49,219.0,2.2317,-0.3377,LOCK,3,looseness
8905,199337,3961,90854.0,-0.2457,0.0078,-0.858,0.89252,1016.91,1000.0,-16.91,54.49,219.0,2.2123,-0.6323,LOCK,3,looseness
8906,199345,3969,90862.0,-0.2457,0.0078,-0.858,0.89252,1016.91,1000.0,-16.91,54.49,219.0,2.2125,-0.6292,LOCK,3,looseness
8907,199354,3978,90871.0,0.0936,0.117,-0.6669,0.68352,1016.91,1000.0,-16.91,54.49,219.0,2.2178,-0.5486,LOCK,3,looseness
8908,199362,3986,90879.0,-0.1482,-0.1014,-0.6357,0.66058,1016.92,1000.0,-16.92,54.49,219.0,2.233,-0.3176,LOCK,3,looseness
8909,199371,3995,90888.0,-0.0234,0.0741,-0.7761,0.77998,1016.93,1000.0,-16.93,54.49,219.0,2.2313,-0.3435,LOCK,3,looseness
8910,199379,4003,90896.0,0.0195,0.0312,-0.8463,0.8471,1016.93,1000.0,-16.93,54.49,219.0,2.2106,-0.6576,LOCK,3,looseness
8911,199388,4012,90905.0,-0.0936,-0.0156,-0.8073,0.81286,1016.94,1000.0,-16.94,54.49,219.0,2.206,-0.7275,LOCK,3,looseness
8912,199406,4030,90923.0,-0.0624,-0.0975,-0.7761,0.78469,1016.93,1000.0,-16.93,54.49,219.0,2.2329,-0.3194,LOCK,3,looseness
8913,199415,4039,90932.0,0.0624,0.1599,-0.7488,0.76822,1016.93,1000.0,-16.93,54.49,219.0,2.2359,-0.2748,LOCK,3,looseness
8914,199424,4048,90941.0,-0.2067,0.0195,-0.8112,0.83735,1016.93,1000.0,-16.93,54.49,219.0,2.2306,-0.3542,LOCK,3,looseness
8915,199432,4056,90949.0,0.0936,-0.039,-0.7449,0.75177,1016.93,1000.0,-16.93,54.49,219.0,2.2187,-0.5346,LOCK,3,looseness
8916,199441,4065,90958.0,0.0507,-0.0078,-0.8229,0.8245,1016.93,1000.0,-16.93,54.49,219.0,2.2218,-0.4882,LOCK,3,looseness
8917,199449,4073,90966.0,-0.2418,0.0312,-0.7878,0.82466,1016.93,1000.0,-16.93,54.49,219.0,2.2078,-0.6994,LOCK,3,looseness
8918,199458,4082,90975.0,-0.2418,0.0312,-0.7878,0.82466,1016.93,1000.0,-16.93,54.49,219.0,2.2206,-0.5062,LOCK,3,looseness
8919,199466,4090,90983.0,-0.0117,0.0429,-0.9165,0.91758,1016.92,1000.0,-16.92,54.49,219.0,2.2328,-0.3215,LOCK,3,looseness
8920,199485,4109,91002.0,-0.0312,-0.1131,-0.7605,0.7695,1016.91,1000.0,-16.91,54.49,219.0,2.2227,-0.4739,LOCK,3,looseness
8921,199493,4117,91010.0,0.0117,-0.0234,-0.6981,0.69859,1016.91,1000.0,-16.91,54.49,219.0,2.2063,-0.7223,LOCK,3,looseness
8922,199502,4126,91019.0,0.0351,-0.1521,-0.8034,0.81842,1016.91,1000.0,-16.91,54.49,219.0,2.2312,-0.3457,LOCK,3,looseness
8923,199510,4134,91027.0,-0.117,0.0234,-0.8697,0.87785,1016.9,1000.0,-16.9,54.49,219.0,2.2287,-0.3832,LOCK,3,looseness
8924,199520,4144,91037.0,-0.0195,-0.0273,-0.8229,0.82358,1016.9,1000.0,-16.9,54.49,219.0,2.231,-0.3484,LOCK,3,looseness
8925,199534,4158,91051.0,-0.0468,0.2028,-0.7644,0.79223,1016.88,1000.0,-16.88,54.49,219.0,2.2314,-0.3417,LOCK,3,looseness
8926,199542,4166,91059.0,0.0195,0.0546,-0.7527,0.75493,1016.87,1000.0,-16.87,54.49,219.0,2.2134,-0.6155,LOCK,3,looseness
8927,199551,4175,91068.0,0.0195,0.0546,-0.7527,0.75493,1016.86,1000.0,-16.86,54.49,219.0,2.2129,-0.6234,LOCK,3,looseness
8928,199559,4183,91076.0,-0.039,-0.0468,-0.7527,0.75516,1016.84,1000.0,-16.84,54.49,219.0,2.2237,-0.4595,LOCK,3,looseness
8929,199568,4192,91085.0,-0.1053,-0.0741,-0.8385,0.84833,1016.83,1000.0,-16.83,54.49,219.0,2.2311,-0.3469,LOCK,3,looseness
8930,199576,4200,91093.0,-0.2886,-0.0234,-0.8151,0.865,1016.83,1000.0,-16.83,54.49,219.0,2.229,-0.3786,LOCK,3,looseness
8931,199585,4209,91102.0,0.0195,0.0702,-0.7332,0.73681,1016.82,1000.0,-16.82,54.49,219.0,2.2169,-0.5615,LOCK,3,looseness
8932,199593,4217,91110.0,-0.0819,-0.0702,-0.7449,0.75267,1016.81,1000.0,-16.81,54.49,219.0,2.2235,-0.4617,LOCK,3,looseness
8933,199612,4236,91129.0,-0.0702,0.0741,-0.7722,0.77892,1016.8,1000.0,-16.8,54.49,219.0,2.2279,-0.3948,LOCK,3,looseness
8934,199621,4245,91138.0,0.0117,-0.0936,-0.7917,0.7973,1016.79,1000.0,-16.79,54.49,219.0,2.2305,-0.3563,LOCK,3,looseness
8935,199629,4253,91146.0,-0.0078,0.0975,-0.7137,0.72037,1016.78,1000.0,-16.78,54.49,219.0,2.2342,-0.2996,LOCK,3,looseness
8936,199638,4262,91155.0,-0.1443,-0.039,-0.7722,0.78653,1016.78,1000.0,-16.78,54.49,219.0,2.2102,-0.664,LOCK,3,looseness
8937,199646,4270,91163.0,0.0195,0.1716,-0.8502,0.86756,1016.76,1000.0,-16.76,54.49,219.0,2.2071,-0.711,LOCK,3,looseness
8938,199655,4279,91172.0,-0.117,0.0156,-1.0062,1.0131,1016.75,1000.0,-16.75,54.49,219.0,2.2157,-0.5804,LOCK,3,looseness
8939,199667,4291,91184.0,0.1287,-0.1053,-0.7449,0.76324,1016.74,1000.0,-16.74,54.49,219.0,2.221,-0.5007,LOCK,3,looseness
8940,199675,4299,91192.0,0.1131,-0.0741,-0.7761,0.78779,1016.73,1000.0,-16.73,54.49,219.0,2.2327,-0.3222,LOCK,3,looseness
8941,199684,4308,91201.0,0.1131,-0.0741,-0.7761,0.78779,1016.72,1000.0,-16.72,54.49,219.0,2.2309,-0.3493,LOCK,3,looseness
8942,199692,4316,91209.0,-0.1716,-0.0039,-0.741,0.76062,1016.71,1000.0,-16.71,54.49,219.0,2.2063,-0.722,LOCK,3,looseness
8943,199701,4325,91218.0,-0.117,0.039,-0.7644,0.77429,1016.7,1000.0,-16.7,54.49,219.0,2.2118,-0.6393,LOCK,3,looseness
8944,199709,4333,91226.0,-0.0273,-0.0663,-0.7917,0.79494,1016.69,1000.0,-16.69,54.49,219.0,2.2241,-0.4525,LOCK,3,looseness
8945,199718,4342,91235.0,-0.0663,-0.1014,-0.819,0.82791,1016.68,1000.0,-16.68,54.49,219.0,2.2169,-0.5627,LOCK,3,looseness
8946,199727,4351,91244.0,0.0702,-0.0312,-0.7488,0.75273,1016.67,1000.0,-16.67,54.49,219.0,2.2311,-0.3469,LOCK,3,looseness
8947,199750,4374,91267.0,-0.1521,0.0078,-0.7293,0.74503,1016.66,1000.0,-16.66,54.49,219.0,2.2133,-0.6173,LOCK,3,looseness
8948,199759,4383,91276.0,-0.039,0.1014,-0.9243,0.93066,1016.65,1000.0,-16.65,54.49,219.0,2.2091,-0.6799,LOCK,3,looseness
8949,199767,4391,91284.0,-0.195,0.3354,-0.702,0.80207,1016.64,1000.0,-16.64,54.49,219.0,2.2313,-0.3435,LOCK,3,looseness
8950,199776,4400,91293.0,-0.195,0.3354,-0.702,0.80207,1016.64,1000.0,-16.64,54.49,219.0,2.2266,-0.4153,LOCK,3,looseness
8951,199784,4408,91301.0,0.0312,0.0429,-0.741,0.7429,1016.63,1000.0,-16.63,54.49,219.0,2.2295,-0.3716,LOCK,3,looseness
8952,199793,4417,91310.0,-0.0585,0.0039,-0.7137,0.7161,1016.62,1000.0,-16.62,54.49,219.0,2.22,-0.5154,LOCK,3,looseness
8953,199801,4425,91318.0,-0.117,-0.0663,-0.8892,0.89931,1016.62,1000.0,-16.62,54.49,219.0,2.2149,-0.5923,LOCK,3,looseness
8954,199820,4444,91337.0,0.0858,0.0741,-0.702,0.7111,1016.61,1000.0,-16.61,54.49,219.0,2.2287,-0.3832,LOCK,3,looseness
8955,199828,4452,91345.0,-0.0195,-0.1131,-0.7215,0.73057,1016.6,1000.0,-16.6,54.49,219.0,2.222,-0.4852,LOCK,3,looseness
8956,199837,4461,91354.0,-0.0195,-0.1131,-0.7215,0.73057,1016.59,1000.0,-16.59,54.49,219.0,2.2315,-0.3414,LOCK,3,looseness
8957,199845,4469,91362.0,-0.0507,0.0975,-0.7059,0.7144,1016.58,1000.0,-16.58,54.49,219.0,2.2034,-0.766,LOCK,3,looseness
8958,199854,4478,91371.0,0.0117,-0.0975,-0.8736,0.8791,1016.58,1000.0,-16.58,54.49,219.0,2.223,-0.4702,LOCK,3,looseness
8959,199862,4486,91379.0,0.0351,0.1638,-0.858,0.8742,1016.57,1000.0,-16.57,54.49,219.0,2.2148,-0.5932,LOCK,3,looseness
8960,199872,4496,91389.0,-0.0663,-0.1287,-0.7956,0.80866,1016.57,1000.0,-16.57,54.49,219.0,2.23,-0.3631,LOCK,3,looseness
8961,199880,4504,91397.0,-0.0312,0.0312,-0.7293,0.73063,1016.57,1000.0,-16.57,54.49,219.0,2.2274,-0.4027,LOCK,3,looseness
8962,199889,4513,91406.0,-0.0312,0.0312,-0.7293,0.73063,1016.56,1000.0,-16.56,54.49,219.0,2.2068,-0.7147,LOCK,3,looseness
8963,199907,4531,91424.0,0.0273,-0.1794,-0.8463,0.86554,1016.56,1000.0,-16.56,54.49,219.0,2.2045,-0.7495,LOCK,3,looseness
8964,199916,4540,91433.0,0.078,-0.0936,-0.7839,0.79331,1016.56,1000.0,-16.56,54.49,219.0,2.2168,-0.5636,LOCK,3,looseness
8965,199924,4548,91441.0,-0.2067,0.0234,-0.7527,0.78092,1016.56,1000.0,-16.56,54.49,219.0,2.225,-0.4394,LOCK,3,looseness
8966,199933,4557,91450.0,-0.1326,0.0312,-0.7605,0.7726,1016.56,1000.0,-16.56,54.49,219.0,2.2337,-0.3072,LOCK,3,looseness
8967,199941,4565,91458.0,0.0273,0.0546,-0.819,0.82127,1016.55,1000.0,-16.55,54.49,219.0,2.2196,-0.5209,LOCK,3,looseness
8968,199955,4579,91472.0,-0.1248,-0.0507,-0.8814,0.89163,1016.54,1000.0,-16.54,54.49,219.0,2.2098,-0.6695,LOCK,3,looseness
8969,199963,4587,91480.0,0.0741,-0.0663,-0.7371,0.74378,1016.53,1000.0,-16.53,54.49,219.0,2.2179,-0.5465,LOCK,3,looseness
8970,199972,4596,91489.0,0.0117,-0.2301,-0.7488,0.78344,1016.52,1000.0,-16.52,54.49,219.0,2.227,-0.4098,LOCK,3,looseness
8971,199981,4605,91498.0,0.0117,-0.2301,-0.7488,0.78344,1016.51,1000.0,-16.51,54.49,219.0,2.2275,-0.4018,LOCK,3,looseness
8972,199990,4614,91507.0,-0.1092,-0.0156,-0.7956,0.80321,1016.51,1000.0,-16.51,54.49,219.0,2.229,-0.3792,LOCK,3,looseness
8973,199998,4622,91515.0,-0.0312,0.0351,-0.8697,0.87097,1016.51,1000.0,-16.51,54.49,219.0,2.2125,-0.6286,LOCK,3,looseness
8974,200007,4631,91524.0,-0.1443,0.3471,-0.6864,0.78259,1016.51,1000.0,-16.51,54.49,219.0,2.2134,-0.6149,LOCK,3,looseness
8975,200015,4639,91532.0,0.0273,0.0663,-0.7332,0.7367,1016.51,1000.0,-16.51,54.49,219.0,2.2211,-0.4983,LOCK,3,looseness
8976,200024,4648,91541.0,-0.0468,0.0078,-0.7449,0.74641,1016.51,1000.0,-16.51,54.49,219.0,2.2263,-0.4198,LOCK,3,looseness
8977,200033,4657,91550.0,0.0039,-0.0546,-0.9477,0.94928,1016.51,1000.0,-16.51,54.49,219.0,2.2306,-0.3548,LOCK,3,looseness
8978,200041,4665,91558.0,0.0039,-0.0546,-0.9477,0.94928,1016.51,1000.0,-16.51,54.49,219.0,2.2339,-0.3041,LOCK,3,looseness
8979,200050,4674,91567.0,-0.2223,-0.0897,-0.7761,0.81228,1016.51,1000.0,-16.51,54.49,219.0,2.2214,-0.4943,LOCK,3,looseness
8980,200069,4693,91586.0,-0.0858,0.0273,-0.7176,0.72323,1016.5,1000.0,-16.5,54.49,219.0,2.2215,-0.4925,LOCK,3,looseness
8981,200077,4701,91594.0,0.0039,0.1365,-0.8307,0.84185,1016.49,1000.0,-16.49,54.49,219.0,2.2297,-0.3676,LOCK,3,looseness
8982,200086,4710,91603.0,0.0585,-0.0156,-0.8424,0.84457,1016.48,1000.0,-16.48,54.49,219.0,2.2289,-0.3798,LOCK,3,looseness
8983,200094,4718,91611.0,0.0585,-0.0156,-0.8424,0.84457,1016.47,1000.0,-16.47,54.49,219.0,2.2305,-0.356,LOCK,3,looseness
8984,200102,4726,91619.0,-0.039,0.0078,-0.7722,0.77322,1016.46,1000.0,-16.46,54.49,219.0,2.2181,-0.5447,LOCK,3,looseness
8985,200111,4735,91628.0,-0.1989,-0.0585,-0.7449,0.77321,1016.46,1000.0,-16.46,54.49,219.0,2.2095,-0.6741,LOCK,3,looseness
8986,200128,4752,91645.0,-0.1521,-0.0546,-0.9321,0.94601,1016.45,1000.0,-16.45,54.49,219.0,2.2271,-0.4082,LOCK,3,looseness
8987,200137,4761,91654.0,-0.0156,-0.1326,-0.7761,0.7875,1016.44,1000.0,-16.44,54.49,219.0,2.2313,-0.3432,LOCK,3,looseness
8988,200146,4770,91663.0,0.0819,-0.0819,-0.7683,0.77698,1016.43,1000.0,-16.43,54.49,219.0,2.2114,-0.646,LOCK,3,looseness
8989,200159,4783,91676.0,-0.1794,0.0897,-0.7722,0.79782,1016.42,1000.0,-16.42,54.49,219.0,2.2116,-0.6417,LOCK,3,looseness
8990,200167,4791,91684.0,-0.0975,0.1053,-0.8892,0.90071,1016.42,1000.0,-16.42,54.49,219.0,2.2202,-0.5126,LOCK,3,looseness
8991,200176,4800,91693.0,-0.0975,0.1053,-0.8892,0.90071,1016.41,1000.0,-16.41,54.49,219.0,2.2139,-0.6079,LOCK,3,looseness
8992,200184,4808,91701.0,0.0156,0.1521,-0.7722,0.78719,1016.4,1000.0,-16.4,54.49,219.0,2.228,-0.3945,LOCK,3,looseness
8993,200193,4817,91710.0,-0.1404,-0.1833,-0.7683,0.80224,1016.39,1000.0,-16.39,54.49,219.0,2.2293,-0.3737,LOCK,3,looseness
8994,200201,4825,91718.0,0.0195,-0.0039,-0.6825,0.68279,1016.38,1000.0,-16.38,54.49,219.0,2.2155,-0.5828,LOCK,3,looseness
8995,200210,4834,91727.0,0.0117,-0.1833,-0.9165,0.93472,1016.38,1000.0,-16.38,54.49,219.0,2.2132,-0.6189,LOCK,3,looseness
8996,200218,4842,91735.0,-0.1053,0.0234,-0.819,0.82607,1016.37,1000.0,-16.37,54.49,219.0,2.2222,-0.4815,LOCK,3,looseness
8997,200237,4861,91754.0,-0.0585,-0.0546,-0.8541,0.85784,1016.38,1000.0,-16.38,54.49,219.0,2.2269,-0.411,LOCK,3,looseness
8998,200246,4870,91763.0,-0.0546,0.2652,-0.6045,0.66237,1016.38,1000.0,-16.38,54.49,219.0,2.23,-0.3643,LOCK,3,looseness
8999,200254,4878,91771.0,0.0702,0.117,-0.7839,0.79569,1016.38,1000.0,-16.38,54.49,219.0,2.2125,-0.6283,LOCK,3,looseness
9000,200263,4887,91780.0,0.0468,0.0546,-0.7566,0.76001,1016.38,1000.0,-16.38,54.49,219.0,2.2213,-0.4955,LOCK,3,looseness
9001,200271,4895,91788.0,0.0195,-0.078,-0.8502,0.85399,1016.39,1000.0,-16.39,54.49,219.0,2.221,-0.4998,LOCK,3,looseness
9002,200280,4904,91797.0,-0.2301,-0.1248,-0.7488,0.79324,1016.39,1000.0,-16.39,54.49,219.0,2.2291,-0.3768,LOCK,3,looseness
9003,200288,4912,91805.0,-0.2301,-0.1248,-0.7488,0.79324,1016.39,1000.0,-16.39,54.49,219.0,2.2154,-0.5847,LOCK,3,looseness
9004,200307,4931,91824.0,0.0195,0.0702,-0.7995,0.80281,1016.37,1000.0,-16.37,54.49,219.0,2.2055,-0.7352,LOCK,3,looseness
9005,200315,4939,91832.0,0.0039,0.0741,-0.741,0.74471,1016.36,1000.0,-16.36,54.49,219.0,2.215,-0.5914,LOCK,3,looseness
9006,200324,4948,91841.0,0.039,-0.1248,-0.7176,0.72941,1016.35,1000.0,-16.35,54.49,219.0,2.2182,-0.5428,LOCK,3,looseness
9007,200332,4956,91849.0,-0.0858,0.0546,-0.7644,0.77114,1016.33,1000.0,-16.33,54.49,219.0,2.2211,-0.4992,LOCK,3,looseness
9008,200341,4965,91858.0,-0.195,0.0078,-0.8892,0.91036,1016.32,1000.0,-16.32,54.49,219.0,2.2298,-0.3664,LOCK,3,looseness
9009,200349,4973,91866.0,-0.195,0.0078,-0.8892,0.91036,1016.31,1000.0,-16.31,54.49,219.0,2.2315,-0.3414,LOCK,3,looseness
9010,200363,4987,91880.0,-0.1755,-0.0897,-0.9048,0.92602,1016.3,1000.0,-16.3,54.49,219.0,2.209,-0.682,LOCK,3,looseness
9011,200371,4995,91888.0,0.0156,-0.0897,-0.8151,0.82017,1016.29,1000.0,-16.29,54.49,219.0,2.2214,-0.4937,LOCK,3,looseness
9012,200380,5004,91897.0,0.0156,-0.0897,-0.8151,0.82017,1016.28,1000.0,-16.28,54.49,219.0,2.2205,-0.5068,LOCK,3,looseness
9013,200388,5012,91905.0,0.0624,0.0078,-0.7839,0.78642,1016.27,1000.0,-16.27,54.49,219.0,2.2154,-0.5853,LOCK,3,looseness
9014,200397,5021,91914.0,-0.0702,0.0,-0.741,0.74432,1016.26,1000.0,-16.26,54.49,219.0,2.2243,-0.4494,LOCK,3,looseness
9015,200405,5029,91922.0,-0.0975,-0.0312,-0.6942,0.70171,1016.26,1000.0,-16.26,54.49,219.0,2.2109,-0.6536,LOCK,3,looseness
9016,200414,5038,91931.0,-0.0585,0.1911,-0.8697,0.89237,1016.22,1000.0,-16.22,54.49,219.0,2.2072,-0.7095,LOCK,3,looseness
9017,200432,5056,91949.0,-0.2067,-0.0975,-0.8697,0.89923,1016.19,1000.0,-16.19,54.49,219.0,2.2279,-0.3957,LOCK,3,looseness
9018,200442,5066,91959.0,0.1209,0.0273,-0.7254,0.73591,1016.17,1000.0,-16.17,54.49,219.0,2.2305,-0.3566,LOCK,3,looseness
9019,200450,5074,91967.0,0.0351,-0.1248,-0.858,0.86774,1016.14,1000.0,-16.14,54.49,219.0,2.2311,-0.3466,LOCK,3,looseness
9020,200459,5083,91976.0,-0.1833,0.0975,-0.7488,0.77705,1016.12,1000.0,-16.12,54.49,219.0,2.2115,-0.6442,LOCK,3,looseness
9021,200467,5091,91984.0,-0.039,-0.0585,-0.8775,0.88031,1016.1,1000.0,-16.1,54.49,219.0,2.2137,-0.6109,LOCK,3,looseness
9022,200476,5100,91993.0,0.0663,0.1365,-0.6201,0.6384,1016.08,1000.0,-16.08,54.49,219.0,2.2162,-0.5728,LOCK,3,looseness
9023,200484,5108,92001.0,-0.0858,0.0429,-0.7722,0.77814,1016.06,1000.0,-16.06,54.49,219.0,2.243,-0.1668,LOCK,3,looseness
9024,200493,5117,92010.0,-0.0858,0.0429,-0.7722,0.77814,1016.04,1000.0,-16.04,54.49,219.0,2.2318,-0.3359,LOCK,3,looseness
9025,200501,5125,92018.0,0.0858,0.0351,-0.8619,0.86687,1016.03,1000.0,-16.03,54.49,219.0,2.2318,-0.3359,LOCK,3,looseness
9026,200520,5144,92037.0,-0.1716,-0.1131,-0.7995,0.82549,1016.02,1000.0,-16.02,54.49,219.0,2.2042,-0.7544,LOCK,3,looseness
9027,200528,5152,92045.0,0.0897,-0.0117,-0.7293,0.73489,1015.97,1000.0,-15.97,54.49,219.0,2.2184,-0.5392,LOCK,3,looseness
9028,200537,5161,92054.0,-0.0507,0.1638,-0.7371,0.75678,1015.93,1000.0,-15.93,54.49,219.0,2.223,-0.469,LOCK,3,looseness
9029,200545,5169,92062.0,-0.0507,0.1638,-0.7371,0.75678,1015.9,1000.0,-15.9,54.49,219.0,2.2319,-0.3344,LOCK,3,looseness
9030,200554,5178,92071.0,0.0078,0.1638,-0.8268,0.84291,1015.87,1000.0,-15.87,54.49,219.0,2.2297,-0.3676,LOCK,3,looseness
9031,200567,5191,92084.0,0.0,-0.0195,-0.8268,0.82703,1015.84,1000.0,-15.84,54.49,219.0,2.2055,-0.7342,LOCK,3,looseness
9032,200576,5200,92093.0,0.0,-0.0195,-0.8268,0.82703,1015.81,1000.0,-15.81,54.49,219.0,2.2145,-0.5978,LOCK,3,looseness
9033,200584,5208,92101.0,-0.2106,-0.1014,-0.7644,0.79934,1015.79,1000.0,-15.79,54.49,219.0,2.219,-0.5309,LOCK,3,looseness
9034,200593,5217,92110.0,0.0897,0.0039,-0.741,0.74642,1015.75,1000.0,-15.75,54.49,219.0,2.2318,-0.3365,LOCK,3,looseness
9035,200601,5225,92118.0,-0.0429,-0.1053,-0.9945,1.00098,1015.71,1000.0,-15.71,54.49,219.0,2.233,-0.3179,LOCK,3,looseness
9036,200610,5234,92127.0,-0.0546,0.0234,-0.8346,0.83671,1015.68,1000.0,-15.68,54.49,219.0,2.2211,-0.4986,LOCK,3,looseness
9037,200618,5242,92135.0,0.0039,-0.0546,-0.7644,0.76636,1015.65,1000.0,-15.65,54.49,219.0,2.2139,-0.6073,LOCK,3,looseness
9038,200627,5251,92144.0,0.0039,-0.0546,-0.7644,0.76636,1015.62,1000.0,-15.62,54.49,219.0,2.2109,-0.6527,LOCK,3,looseness
9039,200645,5269,92162.0,-0.1794,0.0351,-0.6981,0.72164,1015.59,1000.0,-15.59,54.49,219.0,2.2293,-0.375,LOCK,3,looseness
9040,200654,5278,92171.0,-0.0975,0.1599,-0.8853,0.90489,1015.55,1000.0,-15.55,54.49,219.0,2.231,-0.3478,LOCK,3,looseness
9041,200663,5287,92180.0,-0.1365,0.0,-0.8853,0.89576,1015.52,1000.0,-15.52,54.49,219.0,2.214,-0.6057,LOCK,3,looseness
9042,200671,5295,92188.0,0.1209,0.0039,-0.7722,0.78162,1015.48,1000.0,-15.48,54.49,219.0,2.2134,-0.6152,LOCK,3,looseness
9043,200680,5304,92197.0,0.0624,-0.0039,-0.78,0.7825,1015.45,1000.0,-15.45,54.49,219.0,2.2106,-0.6576,LOCK,3,looseness
9044,200688,5312,92205.0,0.0624,-0.0039,-0.78,0.7825,1015.43,1000.0,-15.43,54.49,219.0,2.2276,-0.3997,LOCK,3,looseness
9045,200697,5321,92214.0,-0.1521,0.0468,-0.7527,0.76934,1015.4,1000.0,-15.4,54.49,219.0,2.2312,-0.345,LOCK,3,looseness
9046,200705,5329,92222.0,-0.1521,-0.0195,-0.8697,0.88312,1015.38,1000.0,-15.38,54.49,219.0,2.2305,-0.356,LOCK,3,looseness
9047,200724,5348,92241.0,-0.0819,0.0156,-0.7293,0.73405,1015.34,1000.0,-15.34,54.49,219.0,2.216,-0.5752,LOCK,3,looseness
9048,200732,5356,92249.0,0.0273,0.039,-0.7293,0.73085,1015.31,1000.0,-15.31,54.49,219.0,2.2247,-0.4436,LOCK,3,looseness
9049,200741,5365,92258.0,0.0975,-0.0624,-0.8697,0.87737,1015.27,1000.0,-15.27,54.49,219.0,2.232,-0.3334,LOCK,3,looseness
9050,200750,5374,92267.0,0.0975,-0.0624,-0.8697,0.87737,1015.24,1000.0,-15.24,54.49,219.0,2.2331,-0.3167,LOCK,3,looseness
9051,200758,5382,92275.0,-0.2262,-0.0117,-0.8385,0.86855,1015.22,1000.0,-15.22,54.49,219.0,2.2312,-0.346,LOCK,3,looseness
9052,200772,5396,92289.0,-0.1092,0.1365,-0.6981,0.71965,1015.17,1000.0,-15.17,54.49,219.0,2.218,-0.5459,LOCK,3,looseness
9053,200780,5404,92297.0,-0.1092,0.1365,-0.6981,0.71965,1015.13,1000.0,-15.13,54.49,219.0,2.2179,-0.5474,LOCK,3,looseness
9054,200789,5413,92306.0,0.0117,0.0468,-0.8307,0.8321,1015.09,1000.0,-15.09,54.49,219.0,2.2097,-0.6714,LOCK,3,looseness
9055,200797,5421,92314.0,0.0117,-0.1755,-0.8073,0.82624,1015.06,1000.0,-15.06,54.49,219.0,2.234,-0.3029,LOCK,3,looseness
9056,200806,5430,92323.0,0.0,-0.0351,-0.8619,0.86261,1015.03,1000.0,-15.03,54.49,219.0,2.2316,-0.3389,LOCK,3,looseness
9057,200814,5438,92331.0,-0.2301,0.0,-0.7527,0.78709,1015.0,1000.0,-15.0,54.49,219.0,2.2091,-0.6796,LOCK,3,looseness
9058,200823,5447,92340.0,0.0819,-0.0507,-0.78,0.78592,1014.98,1000.0,-14.98,54.49,219.0,2.2178,-0.5483,LOCK,3,looseness
9059,200831,5455,92348.0,0.0819,-0.0507,-0.78,0.78592,1014.93,1000.0,-14.93,54.49,219.0,2.2057,-0.7312,LOCK,3,looseness
9060,200850,5474,92367.0,-0.078,0.0936,-0.8346,0.84345,1014.9,1000.0,-14.9,54.49,219.0,2.2293,-0.3747,LOCK,3,looseness
9061,200859,5483,92376.0,0.1092,0.0234,-0.8268,0.83431,1014.86,1000.0,-14.86,54.49,219.0,2.2312,-0.3457,LOCK,3,looseness
9062,200867,5491,92384.0,-0.0507,0.1248,-0.8112,0.82231,1014.83,1000.0,-14.83,54.49,219.0,2.2099,-0.668,LOCK,3,looseness
9063,200876,5500,92393.0,-0.1248,0.0273,-0.78,0.79039,1014.8,1000.0,-14.8,54.49,219.0,2.2192,-0.5276,LOCK,3,looseness
9064,200884,5508,92401.0,-0.0897,0.0156,-0.6825,0.68855,1014.76,1000.0,-14.76,54.49,219.0,2.2133,-0.6164,LOCK,3,looseness
9065,200893,5517,92410.0,-0.0897,0.0156,-0.6825,0.68855,1014.72,1000.0,-14.72,54.49,219.0,2.2358,-0.2764,LOCK,3,looseness
9066,200901,5525,92418.0,-0.0156,-0.0897,-0.819,0.82405,1014.68,1000.0,-14.68,54.49,219.0,2.2189,-0.5316,LOCK,3,looseness
9067,200910,5534,92427.0,0.0234,0.1677,-0.7956,0.81342,1014.65,1000.0,-14.65,54.49,219.0,2.23,-0.3634,LOCK,3,looseness
9068,200928,5552,92445.0,-0.1599,-0.039,-0.7254,0.74384,1014.62,1000.0,-14.62,54.49,219.0,2.2326,-0.3249,LOCK,3,looseness
9069,200937,5561,92454.0,-0.0975,-0.0507,-0.8424,0.84954,1014.59,1000.0,-14.59,54.49,219.0,2.2164,-0.5694,LOCK,3,looseness
9070,200945,5569,92462.0,-0.1326,0.3666,-0.7137,0.81323,1014.54,1000.0,-14.54,54.49,219.0,2.2268,-0.4128,LOCK,3,looseness
9071,200954,5578,92471.0,-0.1326,0.3666,-0.7137,0.81323,1014.5,1000.0,-14.5,54.49,219.0,2.23,-0.3637,LOCK,3,looseness
9072,200962,5586,92479.0,-0.1677,0.0039,-0.6669,0.68767,1014.46,1000.0,-14.46,54.49,219.0,2.2302,-0.3612,LOCK,3,looseness
9073,200976,5600,92493.0,0.0156,-0.0507,-0.7956,0.79737,1014.42,1000.0,-14.42,54.49,219.0,2.2162,-0.5725,LOCK,3,looseness
9074,200984,5608,92501.0,0.1755,-0.0585,-0.8034,0.82442,1014.39,1000.0,-14.39,54.49,219.0,2.2105,-0.6585,LOCK,3,looseness
9075,200993,5617,92510.0,-0.1404,-0.0351,-0.8697,0.88166,1014.36,1000.0,-14.36,54.49,219.0,2.2146,-0.5966,LOCK,3,looseness
9076,201002,5626,92519.0,-0.0234,-0.0351,-0.7878,0.78893,1014.33,1000.0,-14.33,54.49,219.0,2.2303,-0.3588,LOCK,3,looseness
9077,201010,5634,92527.0,-0.1716,0.1833,-0.7254,0.76763,1014.3,1000.0,-14.3,54.49,219.0,2.2301,-0.3615,LOCK,3,looseness
9078,201019,5643,92536.0,0.0585,0.0585,-0.8424,0.84645,1014.27,1000.0,-14.27,54.49,219.0,2.2132,-0.6176,LOCK,3,looseness
9079,201027,5651,92544.0,0.078,-0.2457,-0.7644,0.8067,1014.25,1000.0,-14.25,54.49,219.0,2.2182,-0.5432,LOCK,3,looseness
9080,201036,5660,92553.0,0.078,-0.2457,-0.7644,0.8067,1014.23,1000.0,-14.23,54.49,219.0,2.2149,-0.5917,LOCK,3,looseness
9081,201044,5668,92561.0,-0.0117,-0.1131,-0.8268,0.83458,1014.21,1000.0,-14.21,54.49,219.0,2.2188,-0.5337,LOCK,3,looseness
9082,201063,5687,92580.0,0.0039,-0.0273,-0.8385,0.83895,1014.18,1000.0,-14.18,54.49,219.0,2.2325,-0.3264,LOCK,3,looseness
9083,201072,5696,92589.0,0.156,-0.1794,-0.7449,0.78192,1014.16,1000.0,-14.16,54.49,219.0,2.2115,-0.6439,LOCK,3,looseness
9084,201080,5704,92597.0,-0.0663,0.0702,-0.8346,0.84017,1014.14,1000.0,-14.14,54.49,219.0,2.2128,-0.624,LOCK,3,looseness
9085,201088,5712,92605.0,-0.0663,0.0702,-0.8346,0.84017,1014.13,1000.0,-14.13,54.49,219.0,2.2218,-0.4879,LOCK,3,looseness
9086,201097,5721,92614.0,-0.0117,0.0507,-0.7215,0.72337,1014.11,1000.0,-14.11,54.49,219.0,2.2224,-0.4784,LOCK,3,looseness
9087,201113,5737,92630.0,-0.156,0.0741,-0.8151,0.8332,1014.1,1000.0,-14.1,54.49,219.0,2.2288,-0.3814,LOCK,3,looseness
9088,201121,5745,92638.0,0.0,0.0195,-0.7371,0.73736,1014.08,1000.0,-14.08,54.49,219.0,2.2073,-0.7077,LOCK,3,looseness
9089,201130,5754,92647.0,0.0,0.0195,-0.7371,0.73736,1014.07,1000.0,-14.07,54.49,219.0,2.2111,-0.6506,LOCK,3,looseness
9090,201138,5762,92655.0,0.0078,-0.1911,-0.6981,0.72383,1014.06,1000.0,-14.06,54.49,219.0,2.2279,-0.3948,LOCK,3,looseness
9091,201147,5771,92664.0,-0.0351,0.1443,-0.7488,0.76338,1014.05,1000.0,-14.05,54.49,219.0,2.214,-0.6057,LOCK,3,looseness
9092,201156,5780,92673.0,-0.0195,0.0351,-0.897,0.8979,1014.04,1000.0,-14.04,54.49,219.0,2.2323,-0.3295,LOCK,3,looseness
9093,201165,5789,92682.0,-0.0663,-0.0117,-0.8229,0.82565,1014.04,1000.0,-14.04,54.49,219.0,2.2336,-0.3087,LOCK,3,looseness
9094,201178,5802,92695.0,-0.0741,-0.117,-0.7449,0.75766,1014.03,1000.0,-14.03,54.49,219.0,2.2222,-0.4824,LOCK,3,looseness
9095,201187,5811,92704.0,-0.1989,0.3042,-0.7098,0.79744,1014.02,1000.0,-14.02,54.49,219.0,2.2137,-0.6106,LOCK,3,looseness
9096,201195,5819,92712.0,-0.1053,-0.0468,-0.7644,0.77304,1014.0,1000.0,-14.0,54.49,219.0,2.219,-0.5303,LOCK,3,looseness
9097,201204,5828,92721.0,-0.0234,-0.0741,-0.7254,0.72955,1013.99,1000.0,-13.99,54.49,219.0,2.2329,-0.3194,LOCK,3,looseness
9098,201212,5836,92729.0,0.0975,-0.1521,-0.7293,0.75134,1013.98,1000.0,-13.98,54.49,219.0,2.2309,-0.3502,LOCK,3,looseness
9099,201221,5845,92738.0,0.0975,-0.1521,-0.7293,0.75134,1013.98,1000.0,-13.98,54.49,219.0,2.2209,-0.5013,LOCK,3,looseness
9100,201229,5853,92746.0,-0.2925,-0.0546,-0.8619,0.91182,1013.97,1000.0,-13.97,54.49,219.0,2.2146,-0.5966,LOCK,3,looseness
9101,201248,5872,92765.0,-0.1872,0.0507,-0.6981,0.72454,1013.96,1000.0,-13.96,54.49,219.0,2.2251,-0.4375,LOCK,3,looseness
9102,201261,5885,92778.0,0.0156,-0.0117,-0.7605,0.76075,1013.96,1000.0,-13.96,54.49,219.0,2.2319,-0.3347,LOCK,3,looseness
9103,201269,5893,92786.0,-0.0624,-0.2379,-0.702,0.74384,1013.95,1000.0,-13.95,54.49,219.0,2.2293,-0.375,LOCK,3,looseness
9104,201278,5902,92795.0,-0.0195,-0.0507,-0.8658,0.8675,1013.95,1000.0,-13.95,54.49,219.0,2.2148,-0.5932,LOCK,3,looseness
9105,201286,5910,92803.0,-0.1365,0.0312,-0.8073,0.81935,1013.94,1000.0,-13.94,54.49,219.0,2.2139,-0.6076,LOCK,3,looseness
9106,201295,5919,92812.0,-0.0195,-0.0351,-0.8112,0.81219,1013.94,1000.0,-13.94,54.49,219.0,2.2124,-0.6308,LOCK,3,looseness
9107,201303,5927,92820.0,-0.0195,-0.0351,-0.8112,0.81219,1013.94,1000.0,-13.94,54.49,219.0,2.224,-0.4543,LOCK,3,looseness
9108,201312,5936,92829.0,0.0039,-0.0624,-0.7644,0.76695,1013.94,1000.0,-13.94,54.49,219.0,2.2185,-0.5383,LOCK,3,looseness
9109,201330,5954,92847.0,0.0078,0.0078,-0.7605,0.76058,1013.94,1000.0,-13.94,54.49,219.0,2.211,-0.6521,LOCK,3,looseness
9110,201339,5963,92856.0,-0.0195,-0.0234,-0.7644,0.76501,1013.93,1000.0,-13.93,54.49,219.0,2.2145,-0.5981,LOCK,3,looseness
9111,201347,5971,92864.0,-0.2808,0.0468,-0.8541,0.90029,1013.93,1000.0,-13.93,54.49,219.0,2.2192,-0.5267,LOCK,3,looseness
9112,201356,5980,92873.0,0.0156,0.0117,-0.741,0.74126,1013.93,1000.0,-13.93,54.49,219.0,2.2249,-0.4412,LOCK,3,looseness
9113,201364,5988,92881.0,0.0156,0.0117,-0.741,0.74126,1013.93,1000.0,-13.93,54.49,219.0,2.2296,-0.3692,LOCK,3,looseness
9114,201378,6002,92895.0,0.0,0.2301,-0.78,0.81323,1013.93,1000.0,-13.93,54.49,219.0,2.2313,-0.3432,LOCK,3,looseness
9115,201386,6010,92903.0,0.0,0.2301,-0.78,0.81323,1013.92,1000.0,-13.92,54.49,219.0,2.2078,-0.7004,LOCK,3,looseness
9116,201394,6018,92911.0,0.0858,0.0858,-0.8892,0.89744,1013.92,1000.0,-13.92,54.49,219.0,2.2098,-0.6698,LOCK,3,looseness
9117,201403,6027,92920.0,-0.0351,-0.0273,-0.8541,0.85526,1013.92,1000.0,-13.92,54.49,219.0,2.2195,-0.5221,LOCK,3,looseness
9118,201411,6035,92928.0,-0.1131,-0.0819,-0.7137,0.72723,1013.91,1000.0,-13.91,54.49,219.0,2.2315,-0.3411,LOCK,3,looseness
9119,201420,6044,92937.0,-0.0429,0.2925,-0.8034,0.85607,1013.91,1000.0,-13.91,54.49,219.0,2.2327,-0.3234,LOCK,3,looseness
9120,201429,6053,92946.0,-0.1248,-0.0117,-0.8073,0.81697,1013.91,1000.0,-13.91,54.49,219.0,2.2145,-0.5978,LOCK,3,looseness
9121,201437,6061,92954.0,-0.1248,-0.0117,-0.8073,0.81697,1013.91,1000.0,-13.91,54.49,219.0,2.2069,-0.7138,LOCK,3,looseness
9122,201456,6080,92973.0,0.0351,-0.1326,-0.8229,0.83425,1013.91,1000.0,-13.91,54.49,219.0,2.2273,-0.4049,LOCK,3,looseness
9123,201464,6088,92981.0,-0.2379,-0.0078,-0.858,0.89041,1013.91,1000.0,-13.91,54.49,219.0,2.2314,-0.342,LOCK,3,looseness
9124,201473,6097,92990.0,-0.0468,-0.0156,-0.7917,0.79324,1013.91,1000.0,-13.91,54.49,219.0,2.2328,-0.3215,LOCK,3,looseness
9125,201482,6106,92999.0,-0.0741,0.1482,-0.6825,0.70232,1013.92,1000.0,-13.92,54.49,219.0,2.2082,-0.6936,LOCK,3,looseness
9126,201490,6114,93007.0,-0.0546,0.0,-0.7449,0.7469,1013.92,1000.0,-13.92,54.49,219.0,2.2061,-0.726,LOCK,3,looseness
9127,201498,6122,93015.0,-0.0546,0.0,-0.7449,0.7469,1013.93,1000.0,-13.93,54.49,219.0,2.2078,-0.7004,LOCK,3,looseness
9128,201507,6131,93024.0,0.0819,-0.1482,-0.7527,0.77151,1013.93,1000.0,-13.93,54.49,219.0,2.2284,-0.3875,LOCK,3,looseness
9129,201516,6140,93033.0,0.0351,-0.1443,-0.7176,0.73281,1013.93,1000.0,-13.93,54.49,219.0,2.2304,-0.3582,LOCK,3,looseness
9130,201534,6158,93051.0,0.0078,-0.0312,-0.9243,0.92486,1013.95,1000.0,-13.95,54.49,219.0,2.2159,-0.5773,LOCK,3,looseness
9131,201543,6167,93060.0,-0.1209,-0.0078,-0.7215,0.7316,1013.96,1000.0,-13.96,54.49,219.0,2.2204,-0.5093,LOCK,3,looseness
9132,201551,6175,93068.0,-0.0429,0.0273,-0.8229,0.82447,1013.97,1000.0,-13.97,54.49,219.0,2.2214,-0.4934,LOCK,3,looseness
9133,201560,6184,93077.0,-0.0429,0.0273,-0.8229,0.82447,1013.98,1000.0,-13.98,54.49,219.0,2.2187,-0.5352,LOCK,3,looseness
9134,201568,6192,93085.0,-0.078,0.0468,-0.7215,0.72721,1013.99,1000.0,-13.99,54.49,219.0,2.2286,-0.3847,LOCK,3,looseness
9135,201582,6206,93099.0,-0.2496,0.0234,-0.7683,0.80817,1014.0,1000.0,-14.0,54.49,219.0,2.231,-0.3487,LOCK,3,looseness
9136,201590,6214,93107.0,-0.2496,0.0234,-0.7683,0.80817,1014.0,1000.0,-14.0,54.49,219.0,2.2022,-0.7849,LOCK,3,looseness
9137,201599,6223,93116.0,-0.0273,-0.0156,-0.7644,0.76505,1014.01,1000.0,-14.01,54.49,219.0,2.2115,-0.6436,LOCK,3,looseness
9138,201607,6231,93124.0,-0.1326,-0.0936,-0.6591,0.67879,1014.01,1000.0,-14.01,54.49,219.0,2.2211,-0.4989,LOCK,3,looseness
9139,201616,6240,93133.0,-0.0468,0.1755,-0.8268,0.84652,1014.01,1000.0,-14.01,54.49,219.0,2.2316,-0.3389,LOCK,3,looseness
9140,201625,6249,93142.0,0.0585,0.0039,-0.8697,0.87167,1014.01,1000.0,-14.01,54.49,219.0,2.2299,-0.3655,LOCK,3,looseness
9141,201633,6257,93150.0,-0.0702,-0.0546,-0.78,0.78505,1014.02,1000.0,-14.02,54.49,219.0,2.2111,-0.65,LOCK,3,looseness
9142,201642,6266,93159.0,-0.0702,-0.0546,-0.78,0.78505,1014.02,1000.0,-14.02,54.49,219.0,2.2102,-0.664,LOCK,3,looseness
9143,201660,6284,93177.0,0.0117,0.1989,-0.7254,0.75227,1014.02,1000.0,-14.02,54.49,219.0,2.225,-0.4397,LOCK,3,looseness
9144,201669,6293,93186.0,-0.1092,-0.0507,-0.8151,0.82394,1014.03,1000.0,-14.03,54.49,219.0,2.23,-0.3634,LOCK,3,looseness
9145,201677,6301,93194.0,-0.0078,-0.0078,-0.7137,0.71379,1014.04,1000.0,-14.04,54.49,219.0,2.2316,-0.3399,LOCK,3,looseness
9146,201686,6310,93203.0,0.039,-0.0975,-0.8424,0.84892,1014.04,1000.0,-14.04,54.49,219.0,2.203,-0.7721,LOCK,3,looseness
9147,201695,6319,93212.0,-0.1287,-0.0624,-0.8307,0.84292,1014.05,1000.0,-14.05,54.49,219.0,2.2063,-0.7226,LOCK,3,looseness
9148,201703,6327,93220.0,-0.1287,-0.0624,-0.8307,0.84292,1014.05,1000.0,-14.05,54.49,219.0,2.2113,-0.6469,LOCK,3,looseness
9149,201712,6336,93229.0,-0.0585,-0.1092,-0.78,0.78978,1014.06,1000.0,-14.06,54.49,219.0,2.2204,-0.5096,LOCK,3,looseness
9150,201720,6344,93237.0,-0.0468,0.2223,-0.6864,0.72302,1014.07,1000.0,-14.07,54.49,219.0,2.2307,-0.3536,LOCK,3,looseness
9151,201739,6363,93256.0,0.1131,-0.0429,-0.7137,0.72388,1014.08,1000.0,-14.08,54.49,219.0,2.2075,-0.7052,LOCK,3,looseness
9152,201747,6371,93264.0,0.039,-0.0936,-0.6708,0.67842,1014.08,1000.0,-14.08,54.49,219.0,2.2245,-0.4464,LOCK,3,looseness
9153,201756,6380,93273.0,-0.1404,0.0429,-0.7605,0.77454,1014.09,1000.0,-14.09,54.49,219.0,2.2275,-0.4021,LOCK,3,looseness
9154,201764,6388,93281.0,-0.1404,0.0429,-0.7605,0.77454,1014.09,1000.0,-14.09,54.49,219.0,2.2243,-0.4494,LOCK,3,looseness
9155,201773,6397,93290.0,0.0507,0.0546,-0.9204,0.92341,1014.11,1000.0,-14.11,54.49,219.0,2.2318,-0.3362,LOCK,3,looseness
9156,201786,6410,93303.0,-0.0234,0.0351,-0.78,0.78114,1014.12,1000.0,-14.12,54.49,219.0,2.2331,-0.317,LOCK,3,looseness
9157,201795,6419,93312.0,-0.0234,0.0351,-0.78,0.78114,1014.13,1000.0,-14.13,54.49,219.0,2.2109,-0.6536,LOCK,3,looseness
9158,201803,6427,93320.0,0.0312,0.0078,-0.7527,0.75339,1014.13,1000.0,-14.13,54.49,219.0,2.2124,-0.6305,LOCK,3,looseness
9159,201812,6436,93329.0,0.0234,-0.039,-0.8814,0.88257,1014.14,1000.0,-14.14,54.49,219.0,2.2135,-0.6134,LOCK,3,looseness
9160,201820,6444,93337.0,-0.1989,0.0897,-0.7722,0.80243,1014.15,1000.0,-14.15,54.49,219.0,2.2317,-0.3374,LOCK,3,looseness
9161,201829,6453,93346.0,0.0117,-0.1053,-0.7605,0.76784,1014.15,1000.0,-14.15,54.49,219.0,2.235,-0.288,LOCK,3,looseness
9162,201837,6461,93354.0,0.0429,-0.0234,-0.6864,0.68814,1014.16,1000.0,-14.16,54.49,219.0,2.2143,-0.6018,LOCK,3,looseness
9163,201846,6470,93363.0,0.0429,-0.0234,-0.6864,0.68814,1014.17,1000.0,-14.17,54.49,219.0,2.2146,-0.5963,LOCK,3,looseness
9164,201865,6489,93382.0,0.0507,-0.0351,-0.9087,0.91079,1014.18,1000.0,-14.18,54.49,219.0,2.2332,-0.3157,LOCK,3,looseness
9165,201873,6497,93390.0,-0.078,0.0273,-0.8775,0.88138,1014.19,1000.0,-14.19,54.49,219.0,2.2313,-0.3441,LOCK,3,looseness
9166,201882,6506,93399.0,-0.1092,-0.1092,-0.8151,0.8296,1014.19,1000.0,-14.19,54.49,219.0,2.2294,-0.3731,LOCK,3,looseness
9167,201890,6514,93407.0,0.0312,0.1365,-0.6006,0.61671,1014.21,1000.0,-14.21,54.49,219.0,2.214,-0.6057,LOCK,3,looseness
9168,201899,6523,93416.0,-0.1131,-0.0039,-0.8268,0.83451,1014.22,1000.0,-14.22,54.49,219.0,2.2203,-0.5105,LOCK,3,looseness
9169,201907,6531,93424.0,-0.1131,-0.0039,-0.8268,0.83451,1014.23,1000.0,-14.23,54.49,219.0,2.2189,-0.5316,LOCK,3,looseness
9170,201916,6540,93433.0,-0.0429,0.0546,-0.7917,0.79474,1014.24,1000.0,-14.24,54.49,219.0,2.2243,-0.4504,LOCK,3,looseness
9171,201924,6548,93441.0,0.0117,-0.0312,-0.8112,0.81188,1014.25,1000.0,-14.25,54.49,219.0,2.2267,-0.414,LOCK,3,looseness
9172,201943,6567,93460.0,-0.078,-0.0975,-0.7293,0.73991,1014.26,1000.0,-14.26,54.49,219.0,2.2088,-0.6854,LOCK,3,looseness
9173,201952,6576,93469.0,0.0351,0.1677,-0.8346,0.852,1014.26,1000.0,-14.26,54.49,219.0,2.2109,-0.653,LOCK,3,looseness
9174,201960,6584,93477.0,0.0351,0.1677,-0.8346,0.852,1014.27,1000.0,-14.27,54.49,219.0,2.221,-0.4995,LOCK,3,looseness
9175,201969,6593,93486.0,-0.1287,-0.0039,-0.8658,0.87532,1014.28,1000.0,-14.28,54.49,219.0,2.2318,-0.3368,LOCK,3,looseness
9176,201977,6601,93494.0,0.1404,-0.0936,-0.7215,0.74097,1014.29,1000.0,-14.29,54.49,219.0,2.2286,-0.3853,LOCK,3,looseness
9177,201991,6615,93508.0,-0.0078,-0.0858,-0.7293,0.73437,1014.29,1000.0,-14.29,54.49,219.0,2.2299,-0.3649,LOCK,3,looseness
9178,201999,6623,93516.0,-0.1833,0.0546,-0.6864,0.71255,1014.3,1000.0,-14.3,54.49,219.0,2.203,-0.7724,LOCK,3,looseness
9179,202008,6632,93525.0,0.0,-0.0351,-0.9477,0.94835,1014.31,1000.0,-14.31,54.49,219.0,2.2147,-0.595,LOCK,3,looseness
9180,202016,6640,93533.0,0.0312,0.0702,-0.7488,0.75273,1014.32,1000.0,-14.32,54.49,219.0,2.2149,-0.5923,LOCK,3,looseness
9181,202025,6649,93542.0,-0.0546,-0.0234,-0.7956,0.79781,1014.34,1000.0,-14.34,54.49,219.0,2.2293,-0.3743,LOCK,3,looseness
9182,202033,6657,93550.0,0.0156,-0.0117,-0.6786,0.67888,1014.35,1000.0,-14.35,54.49,219.0,2.2303,-0.3597,LOCK,3,looseness
9183,202042,6666,93559.0,0.0156,-0.0117,-0.6786,0.67888,1014.35,1000.0,-14.35,54.49,219.0,2.2193,-0.5257,LOCK,3,looseness
9184,202050,6674,93567.0,0.0507,-0.0741,-0.8229,0.82778,1014.36,1000.0,-14.36,54.49,219.0,2.2163,-0.5706,LOCK,3,looseness
9185,202069,6693,93586.0,0.0039,-0.0273,-0.7995,0.79998,1014.38,1000.0,-14.38,54.49,219.0,2.2237,-0.4598,LOCK,3,looseness
9186,202078,6702,93595.0,0.0468,0.1365,-0.7527,0.76641,1014.39,1000.0,-14.39,54.49,219.0,2.2288,-0.3811,LOCK,3,looseness
9187,202087,6711,93604.0,-0.0585,0.0702,-0.6747,0.68086,1014.41,1000.0,-14.41,54.49,219.0,2.2323,-0.3286,LOCK,3,looseness
9188,202095,6719,93612.0,-0.0468,-0.1014,-0.8619,0.86911,1014.42,1000.0,-14.42,54.49,219.0,2.2124,-0.6305,LOCK,3,looseness
9189,202104,6728,93621.0,-0.0468,-0.1014,-0.8619,0.86911,1014.43,1000.0,-14.43,54.49,219.0,2.216,-0.5761,LOCK,3,looseness
9190,202112,6736,93629.0,-0.0507,-0.0312,-1.0023,1.00407,1014.44,1000.0,-14.44,54.49,219.0,2.2216,-0.4903,LOCK,3,looseness
9191,202121,6745,93638.0,-0.1911,-0.0624,-0.8229,0.8471,1014.45,1000.0,-14.45,54.49,219.0,2.2213,-0.4958,LOCK,3,looseness
9192,202129,6753,93646.0,0.1911,0.1209,-0.6825,0.71899,1014.46,1000.0,-14.46,54.49,219.0,2.2329,-0.32,LOCK,3,looseness
9193,202148,6772,93665.0,-0.0819,0.0546,-0.7839,0.79006,1014.47,1000.0,-14.47,54.49,219.0,2.2211,-0.4986,LOCK,3,looseness
9194,202156,6780,93673.0,0.0663,-0.0858,-0.8463,0.85322,1014.48,1000.0,-14.48,54.49,219.0,2.2107,-0.6558,LOCK,3,looseness
9195,202165,6789,93682.0,0.0663,-0.0858,-0.8463,0.85322,1014.49,1000.0,-14.49,54.49,219.0,2.2256,-0.4305,LOCK,3,looseness
9196,202173,6797,93690.0,-0.1209,0.0039,-0.8034,0.81246,1014.5,1000.0,-14.5,54.49,219.0,2.2299,-0.3655,LOCK,3,looseness
9197,202182,6806,93699.0,-0.1365,-0.0897,-0.741,0.75879,1014.5,1000.0,-14.5,54.49,219.0,2.2328,-0.3209,LOCK,3,looseness
9198,202195,6819,93712.0,0.0546,0.2067,-0.78,0.80877,1014.52,1000.0,-14.52,54.49,219.0,2.2308,-0.3515,LOCK,3,looseness
9199,202204,6828,93721.0,-0.156,0.0117,-0.9438,0.95668,1014.53,1000.0,-14.53,54.49,219.0,2.2197,-0.5193,LOCK,3,looseness
9200,202212,6836,93729.0,0.1404,-0.117,-0.7488,0.77078,1014.54,1000.0,-14.54,54.49,219.0,2.2154,-0.5844,LOCK,3,looseness
9201,202221,6845,93738.0,0.078,-0.0663,-0.6786,0.68628,1014.56,1000.0,-14.56,54.49,219.0,2.2148,-0.5944,LOCK,3,looseness
9202,202229,6853,93746.0,-0.1755,0.1053,-0.7761,0.80263,1014.57,1000.0,-14.57,54.49,219.0,2.2351,-0.2864,LOCK,3,looseness
9203,202238,6862,93755.0,-0.039,0.039,-0.8736,0.87534,1014.57,1000.0,-14.57,54.49,219.0,2.2286,-0.3844,LOCK,3,looseness
9204,202247,6871,93764.0,-0.039,0.039,-0.8736,0.87534,1014.58,1000.0,-14.58,54.49,219.0,2.2115,-0.6442,LOCK,3,looseness
9205,202255,6879,93772.0,0.156,0.0429,-0.7449,0.76227,1014.59,1000.0,-14.59,54.49,219.0,2.2084,-0.6906,LOCK,3,looseness
9206,202263,6887,93780.0,-0.1365,-0.0273,-0.7566,0.7693,1014.6,1000.0,-14.6,54.49,219.0,2.214,-0.6054,LOCK,3,looseness
9207,202282,6906,93799.0,0.0507,-0.117,-0.8424,0.852,1014.61,1000.0,-14.61,54.49,219.0,2.2312,-0.346,LOCK,3,looseness
9208,202291,6915,93808.0,-0.1092,-0.0039,-0.7722,0.77989,1014.61,1000.0,-14.61,54.49,219.0,2.2308,-0.3521,LOCK,3,looseness
9209,202299,6923,93816.0,0.0117,0.0468,-0.7839,0.78538,1014.62,1000.0,-14.62,54.49,219.0,2.2073,-0.708,LOCK,3,looseness
9210,202308,6932,93825.0,0.0117,0.0468,-0.7839,0.78538,1014.63,1000.0,-14.63,54.49,219.0,2.2098,-0.6701,LOCK,3,looseness
9211,202316,6940,93833.0,-0.0897,0.1677,-0.7254,0.74992,1014.64,1000.0,-14.64,54.49,219.0,2.2058,-0.7297,LOCK,3,looseness
9212,202325,6949,93842.0,-0.0312,0.0741,-0.8268,0.8307,1014.64,1000.0,-14.64,54.49,219.0,2.2268,-0.4119,LOCK,3,looseness
9213,202333,6957,93850.0,-0.0117,-0.0975,-0.7878,0.7939,1014.65,1000.0,-14.65,54.49,219.0,2.2287,-0.3835,LOCK,3,looseness
9214,202342,6966,93859.0,-0.0039,-0.0897,-0.8541,0.85881,1014.65,1000.0,-14.65,54.49,219.0,2.231,-0.3481,LOCK,3,looseness
9215,202361,6985,93878.0,0.0585,0.1911,-0.7488,0.77501,1014.66,1000.0,-14.66,54.49,219.0,2.2115,-0.6436,LOCK,3,looseness
9216,202369,6993,93886.0,0.0585,0.1911,-0.7488,0.77501,1014.67,1000.0,-14.67,54.49,219.0,2.2235,-0.4629,LOCK,3,looseness
9217,202378,7002,93895.0,-0.0624,-0.0078,-0.78,0.78253,1014.68,1000.0,-14.68,54.49,219.0,2.2214,-0.4946,LOCK,3,looseness
9218,202386,7010,93903.0,-0.0819,0.0351,-0.6942,0.6999,1014.69,1000.0,-14.69,54.49,219.0,2.2305,-0.356,LOCK,3,looseness
9219,202400,7024,93917.0,0.0819,-0.039,-0.8853,0.88994,1014.69,1000.0,-14.69,54.49,219.0,2.2295,-0.3707,LOCK,3,looseness
9220,202408,7032,93925.0,-0.0819,0.0156,-0.8502,0.85428,1014.7,1000.0,-14.7,54.49,219.0,2.2111,-0.6506,LOCK,3,looseness
9221,202417,7041,93934.0,-0.0819,-0.0897,-0.8151,0.8241,1014.7,1000.0,-14.7,54.49,219.0,2.2119,-0.6372,LOCK,3,looseness
9222,202425,7049,93942.0,0.0507,0.1794,-0.7176,0.74142,1014.72,1000.0,-14.72,54.49,219.0,2.2177,-0.5496,LOCK,3,looseness
9223,202434,7058,93951.0,-0.1443,0.0507,-0.9828,0.99463,1014.73,1000.0,-14.73,54.49,219.0,2.2309,-0.3493,LOCK,3,looseness
9224,202442,7066,93959.0,0.0351,0.0273,-0.7878,0.78905,1014.74,1000.0,-14.74,54.49,219.0,2.2307,-0.353,LOCK,3,looseness
9225,202451,7075,93968.0,0.0351,0.0273,-0.7878,0.78905,1014.75,1000.0,-14.75,54.49,219.0,2.2063,-0.7226,LOCK,3,looseness
9226,202459,7083,93976.0,0.0312,-0.0078,-0.7566,0.75728,1014.75,1000.0,-14.75,54.49,219.0,2.2162,-0.5731,LOCK,3,looseness
9227,202478,7102,93995.0,-0.0819,-0.0234,-0.8736,0.87774,1014.76,1000.0,-14.76,54.49,219.0,2.2234,-0.4632,LOCK,3,looseness
9228,202488,7112,94005.0,0.0897,0.1755,-0.7761,0.80074,1014.76,1000.0,-14.76,54.49,219.0,2.2284,-0.3884,LOCK,3,looseness
9229,202496,7120,94013.0,-0.0858,-0.0507,-0.8034,0.80956,1014.76,1000.0,-14.76,54.49,219.0,2.2308,-0.3512,LOCK,3,looseness
9230,202505,7129,94022.0,-0.0156,0.0702,-0.7527,0.75613,1014.76,1000.0,-14.76,54.49,219.0,2.197,-0.864,LOCK,3,looseness
9231,202513,7137,94030.0,-0.0156,0.0702,-0.7527,0.75613,1014.76,1000.0,-14.76,54.49,219.0,2.2209,-0.5022,LOCK,3,looseness
9232,202522,7146,94039.0,0.0702,-0.1365,-0.8346,0.8486,1014.76,1000.0,-14.76,54.49,219.0,2.2093,-0.6778,LOCK,3,looseness
9233,202530,7154,94047.0,-0.117,0.0741,-0.8073,0.81909,1014.76,1000.0,-14.76,54.49,219.0,2.2239,-0.4565,LOCK,3,looseness
9234,202539,7163,94056.0,-0.0429,-0.0195,-0.8385,0.83982,1014.76,1000.0,-14.76,54.49,219.0,2.2326,-0.3249,LOCK,3,looseness
9235,202547,7171,94064.0,-0.0351,0.1404,-0.6552,0.67099,1014.77,1000.0,-14.77,54.49,219.0,2.2304,-0.3569,LOCK,3,looseness
9236,202566,7190,94083.0,0.0624,-0.0858,-0.7566,0.764,1014.77,1000.0,-14.77,54.49,219.0,2.2187,-0.5346,LOCK,3,looseness
9237,202574,7198,94091.0,0.0624,-0.0858,-0.7566,0.764,1014.78,1000.0,-14.78,54.49,219.0,2.224,-0.454,LOCK,3,looseness
9238,202583,7207,94100.0,0.0936,-0.0663,-0.8931,0.90044,1014.79,1000.0,-14.79,54.49,219.0,2.2238,-0.4577,LOCK,3,looseness
9239,202591,7215,94108.0,-0.1989,-0.0702,-0.7098,0.74048,1014.79,1000.0,-14.79,54.49,219.0,2.2303,-0.3588,LOCK,3,looseness
9240,202605,7229,94122.0,0.0312,0.0273,-0.7722,0.77331,1014.79,1000.0,-14.79,54.49,219.0,2.2231,-0.4678,LOCK,3,looseness
9241,202613,7237,94130.0,-0.0351,0.0585,-0.8034,0.80629,1014.78,1000.0,-14.78,54.49,219.0,2.2105,-0.6585,LOCK,3,looseness
9242,202622,7246,94139.0,-0.0078,0.0624,-0.78,0.78253,1014.78,1000.0,-14.78,54.49,219.0,2.2027,-0.7779,LOCK,3,looseness
9243,202630,7254,94147.0,0.0234,-0.1209,-0.7605,0.77041,1014.77,1000.0,-14.77,54.49,219.0,2.2114,-0.6454,LOCK,3,looseness
9244,202639,7263,94156.0,-0.1365,0.0117,-0.8463,0.85732,1014.77,1000.0,-14.77,54.49,219.0,2.2322,-0.3304,LOCK,3,looseness
9245,202648,7272,94165.0,-0.1599,-0.0039,-0.9243,0.93804,1014.76,1000.0,-14.76,54.49,219.0,2.2318,-0.3365,LOCK,3,looseness
9246,202656,7280,94173.0,-0.1599,-0.0039,-0.9243,0.93804,1014.76,1000.0,-14.76,54.49,219.0,2.2172,-0.5578,LOCK,3,looseness
9247,202665,7289,94182.0,0.1131,0.0234,-0.7527,0.76151,1014.77,1000.0,-14.77,54.49,219.0,2.2131,-0.6198,LOCK,3,looseness
9248,202683,7307,94200.0,-0.0351,0.0663,-0.7878,0.79136,1014.77,1000.0,-14.77,54.49,219.0,2.2271,-0.4073,LOCK,3,looseness
9249,202692,7316,94209.0,-0.0078,-0.0351,-0.8229,0.82369,1014.78,1000.0,-14.78,54.49,219.0,2.2317,-0.3377,LOCK,3,looseness
9250,202701,7325,94218.0,-0.1053,0.0585,-0.7527,0.76228,1014.78,1000.0,-14.78,54.49,219.0,2.2298,-0.3661,LOCK,3,looseness
9251,202709,7333,94226.0,-0.1404,-0.0624,-0.7839,0.79881,1014.79,1000.0,-14.79,54.49,219.0,2.2105,-0.6598,LOCK,3,looseness
9252,202718,7342,94235.0,-0.1404,-0.0624,-0.7839,0.79881,1014.77,1000.0,-14.77,54.49,219.0,2.2189,-0.5319,LOCK,3,looseness
9253,202726,7350,94243.0,0.0156,0.1092,-0.7449,0.75302,1014.76,1000.0,-14.76,54.49,219.0,2.2025,-0.7806,LOCK,3,looseness
9254,202735,7359,94252.0,-0.2457,-0.0468,-0.7878,0.82655,1014.75,1000.0,-14.75,54.49,219.0,2.2179,-0.5468,LOCK,3,looseness
9255,202743,7367,94260.0,0.0624,0.0585,-0.7878,0.79243,1014.74,1000.0,-14.74,54.49,219.0,2.2309,-0.3502,LOCK,3,looseness
9256,202752,7376,94269.0,0.1014,-0.2184,-0.8658,0.89866,1014.73,1000.0,-14.73,54.49,219.0,2.2321,-0.3325,LOCK,3,looseness
9257,202771,7395,94288.0,-0.0429,0.0078,-0.8736,0.87469,1014.72,1000.0,-14.72,54.49,219.0,2.2025,-0.7806,LOCK,3,looseness
9258,202779,7403,94296.0,-0.0429,0.0078,-0.8736,0.87469,1014.72,1000.0,-14.72,54.49,219.0,2.2189,-0.5325,LOCK,3,looseness
9259,202788,7412,94305.0,0.0,0.2691,-0.6903,0.7409,1014.71,1000.0,-14.71,54.49,219.0,2.2333,-0.313,LOCK,3,looseness
9260,202796,7420,94313.0,-0.0234,0.0195,-0.7215,0.72214,1014.7,1000.0,-14.7,54.49,219.0,2.2304,-0.3582,LOCK,3,looseness
9261,202810,7434,94327.0,0.0546,-0.0663,-0.8307,0.83513,1014.7,1000.0,-14.7,54.49,219.0,2.2325,-0.3255,LOCK,3,looseness
9262,202818,7442,94335.0,0.0858,-0.0078,-0.8619,0.8662,1014.69,1000.0,-14.69,54.49,219.0,2.2117,-0.6414,LOCK,3,looseness
9263,202827,7451,94344.0,-0.1443,-0.0468,-0.7761,0.79079,1014.69,1000.0,-14.69,54.49,219.0,2.2082,-0.6946,LOCK,3,looseness
9264,202835,7459,94352.0,0.1443,0.0273,-0.7176,0.73247,1014.67,1000.0,-14.67,54.49,219.0,2.209,-0.682,LOCK,3,looseness
9265,202844,7468,94361.0,-0.0156,0.0702,-0.7332,0.73672,1014.65,1000.0,-14.65,54.49,219.0,2.2303,-0.3597,LOCK,3,looseness
9266,202852,7476,94369.0,-0.0585,0.0546,-0.819,0.8229,1014.64,1000.0,-14.64,54.49,219.0,2.2303,-0.3597,LOCK,3,looseness
9267,202861,7485,94378.0,-0.0585,0.0546,-0.819,0.8229,1014.62,1000.0,-14.62,54.49,219.0,2.2135,-0.6143,LOCK,3,looseness
9268,202869,7493,94386.0,-0.0273,-0.0897,-0.819,0.82435,1014.61,1000.0,-14.61,54.49,219.0,2.2091,-0.6802,LOCK,3,looseness
9269,202888,7512,94405.0,-0.2301,-0.0468,-0.7761,0.81084,1014.6,1000.0,-14.6,54.49,219.0,2.234,-0.3023,LOCK,3,looseness
9270,202897,7521,94414.0,0.0468,-0.0273,-0.7098,0.71186,1014.6,1000.0,-14.6,54.49,219.0,2.2303,-0.3588,LOCK,3,looseness
9271,202905,7529,94422.0,-0.0702,-0.0039,-0.9126,0.9153,1014.59,1000.0,-14.59,54.49,219.0,2.231,-0.3487,LOCK,3,looseness
9272,202914,7538,94431.0,-0.0195,0.2184,-0.8385,0.8667,1014.59,1000.0,-14.59,54.49,219.0,2.2068,-0.7156,LOCK,3,looseness
9273,202923,7547,94440.0,-0.0195,0.2184,-0.8385,0.8667,1014.59,1000.0,-14.59,54.49,219.0,2.2173,-0.5557,LOCK,3,looseness
9274,202931,7555,94448.0,0.0468,0.0156,-0.7956,0.79713,1014.58,1000.0,-14.58,54.49,219.0,2.2198,-0.5178,LOCK,3,looseness
9275,202940,7564,94457.0,0.0,0.0195,-0.7254,0.72566,1014.58,1000.0,-14.58,54.49,219.0,2.2254,-0.4333,LOCK,3,looseness
9276,202948,7572,94465.0,-0.2496,0.0078,-0.7371,0.77825,1014.58,1000.0,-14.58,54.49,219.0,2.2292,-0.3765,LOCK,3,looseness
9277,202957,7581,94474.0,-0.039,0.0429,-0.8814,0.8833,1014.57,1000.0,-14.57,54.49,219.0,2.2295,-0.3707,LOCK,3,looseness
9278,202975,7599,94492.0,-0.0312,0.1053,-0.7839,0.79156,1014.57,1000.0,-14.57,54.49,219.0,2.2116,-0.643,LOCK,3,looseness
9279,202984,7608,94501.0,-0.0312,0.1053,-0.7839,0.79156,1014.57,1000.0,-14.57,54.49,219.0,2.2256,-0.4305,LOCK,3,looseness
9280,202992,7616,94509.0,0.1833,-0.1326,-0.7956,0.82714,1014.57,1000.0,-14.57,54.49,219.0,2.2249,-0.4415,LOCK,3,looseness
9281,203001,7625,94518.0,-0.1833,-0.0039,-0.7293,0.75199,1014.56,1000.0,-14.56,54.49,219.0,2.2341,-0.302,LOCK,3,looseness
9282,203015,7639,94532.0,-0.1248,-0.0195,-0.7371,0.74784,1014.56,1000.0,-14.56,54.49,219.0,2.2374,-0.2516,LOCK,3,looseness
9283,203023,7647,94540.0,-0.0312,0.2964,-0.8151,0.86788,1014.58,1000.0,-14.58,54.49,219.0,2.2142,-0.6036,LOCK,3,looseness
9284,203032,7656,94549.0,-0.0156,-0.0195,-0.819,0.81938,1014.59,1000.0,-14.59,54.49,219.0,2.2157,-0.581,LOCK,3,looseness
9285,203040,7664,94557.0,-0.0429,-0.0819,-0.7683,0.77384,1014.61,1000.0,-14.61,54.49,219.0,2.2171,-0.5587,LOCK,3,looseness
9286,203049,7673,94566.0,0.1131,-0.1326,-0.8073,0.8259,1014.62,1000.0,-14.62,54.49,219.0,2.2321,-0.3319,LOCK,3,looseness
9287,203057,7681,94574.0,-0.1365,-0.1131,-0.7605,0.78089,1014.63,1000.0,-14.63,54.49,219.0,2.2313,-0.3441,LOCK,3,looseness
9288,203066,7690,94583.0,-0.1365,-0.1131,-0.7605,0.78089,1014.64,1000.0,-14.64,54.49,219.0,2.2212,-0.4971,LOCK,3,looseness
9289,203084,7708,94601.0,-0.0741,0.2496,-0.8424,0.88172,1014.65,1000.0,-14.65,54.49,219.0,2.2163,-0.5715,LOCK,3,looseness
9290,203093,7717,94610.0,-0.0234,0.0546,-0.7683,0.77059,1014.66,1000.0,-14.66,54.49,219.0,2.2291,-0.3774,LOCK,3,looseness
9291,203104,7728,94621.0,0.039,-0.1755,-0.7917,0.81186,1014.67,1000.0,-14.67,54.49,219.0,2.2301,-0.3627,LOCK,3,looseness
9292,203112,7736,94629.0,-0.0429,-0.0273,-0.8697,0.87119,1014.68,1000.0,-14.68,54.49,219.0,2.2213,-0.4955,LOCK,3,looseness
9293,203121,7745,94638.0,-0.2262,-0.0351,-0.7644,0.79794,1014.69,1000.0,-14.69,54.49,219.0,2.2083,-0.6924,LOCK,3,looseness
9294,203129,7753,94646.0,0.0117,-0.0429,-0.6903,0.69173,1014.69,1000.0,-14.69,54.49,219.0,2.1977,-0.8533,LOCK,3,looseness
9295,203138,7762,94655.0,0.0117,-0.0429,-0.6903,0.69173,1014.71,1000.0,-14.71,54.49,219.0,2.2091,-0.6802,LOCK,3,looseness
9296,203146,7770,94663.0,0.0741,-0.0195,-0.8541,0.85753,1014.72,1000.0,-14.72,54.49,219.0,2.2335,-0.3102,LOCK,3,looseness
9297,203155,7779,94672.0,0.0741,0.2145,-0.9087,0.93661,1014.73,1000.0,-14.73,54.49,219.0,2.2216,-0.4903,LOCK,3,looseness
9298,203173,7797,94690.0,0.0351,0.0741,-0.7761,0.78042,1014.73,1000.0,-14.73,54.49,219.0,2.2122,-0.6335,LOCK,3,looseness
9299,203182,7806,94699.0,-0.2223,-0.0351,-0.7332,0.76696,1014.74,1000.0,-14.74,54.49,219.0,2.2138,-0.6088,LOCK,3,looseness
9300,203190,7814,94707.0,-0.0429,0.0195,-0.8424,0.84372,1014.75,1000.0,-14.75,54.49,219.0,2.2276,-0.4003,LOCK,3,looseness
9301,203199,7823,94716.0,-0.0429,0.0195,-0.8424,0.84372,1014.76,1000.0,-14.76,54.49,219.0,2.2267,-0.4131,LOCK,3,looseness
9302,203209,7833,94726.0,-0.1131,-0.0039,-0.936,0.94282,1014.76,1000.0,-14.76,54.49,219.0,2.2308,-0.3515,LOCK,3,looseness
9303,203222,7846,94739.0,0.0741,-0.2262,-0.8112,0.8454,1014.77,1000.0,-14.77,54.49,219.0,2.2101,-0.6659,LOCK,3,looseness
9304,203231,7855,94748.0,0.0741,-0.2262,-0.8112,0.8454,1014.77,1000.0,-14.77,54.49,219.0,2.2092,-0.6781,LOCK,3,looseness
9305,203239,7863,94756.0,-0.1677,-0.0312,-0.7371,0.75658,1014.78,1000.0,-14.78,54.49,219.0,2.2178,-0.549,LOCK,3,looseness
9306,203248,7872,94765.0,-0.1287,0.0273,-0.7176,0.72956,1014.78,1000.0,-14.78,54.49,219.0,2.2173,-0.5557,LOCK,3,looseness
9307,203256,7880,94773.0,-0.078,0.3666,-0.7761,0.86186,1014.8,1000.0,-14.8,54.49,219.0,2.2258,-0.4275,LOCK,3,looseness
9308,203265,7889,94782.0,-0.0468,-0.0312,-0.8268,0.82871,1014.82,1000.0,-14.82,54.49,219.0,2.2296,-0.3695,LOCK,3,looseness
9309,203273,7897,94790.0,0.0897,-0.0585,-0.7215,0.7294,1014.83,1000.0,-14.83,54.49,219.0,2.2098,-0.6701,LOCK,3,looseness
9310,203292,7916,94809.0,0.1092,-0.0741,-0.8034,0.81417,1014.85,1000.0,-14.85,54.49,219.0,2.2236,-0.4601,LOCK,3,looseness
9311,203300,7924,94817.0,-0.1521,-0.117,-0.78,0.80326,1014.86,1000.0,-14.86,54.49,219.0,2.2302,-0.3609,LOCK,3,looseness
9312,203309,7933,94826.0,0.0741,0.0702,-0.6903,0.69781,1014.88,1000.0,-14.88,54.49,219.0,2.2317,-0.338,LOCK,3,looseness
9313,203317,7941,94834.0,-0.1677,0.1443,-0.7449,0.77706,1014.9,1000.0,-14.9,54.49,219.0,2.2294,-0.3725,LOCK,3,looseness
9314,203326,7950,94843.0,0.0117,0.0117,-0.8112,0.81137,1014.92,1000.0,-14.92,54.49,219.0,2.2116,-0.643,LOCK,3,looseness
9315,203334,7958,94851.0,-0.0234,0.039,-0.7644,0.76575,1014.93,1000.0,-14.93,54.49,219.0,2.2194,-0.5245,LOCK,3,looseness
9316,203343,7967,94860.0,-0.0234,0.039,-0.7644,0.76575,1014.94,1000.0,-14.94,54.49,219.0,2.2126,-0.628,LOCK,3,looseness
9317,203351,7975,94868.0,0.0234,-0.0078,-0.8775,0.87785,1014.96,1000.0,-14.96,54.49,219.0,2.232,-0.3341,LOCK,3,looseness
9318,203370,7994,94887.0,0.0351,-0.0429,-0.6747,0.67697,1014.98,1000.0,-14.98,54.49,219.0,2.2209,-0.5016,LOCK,3,looseness
9319,203378,8002,94895.0,0.0156,-0.1755,-0.6786,0.7011,1015.0,1000.0,-15.0,54.49,219.0,2.2097,-0.6711,LOCK,3,looseness
9320,203387,8011,94904.0,-0.0819,0.156,-0.8619,0.87972,1015.02,1000.0,-15.02,54.49,219.0,2.2123,-0.6317,LOCK,3,looseness
9321,203395,8019,94912.0,-0.0819,0.156,-0.8619,0.87972,1015.03,1000.0,-15.03,54.49,219.0,2.2276,-0.4,LOCK,3,looseness
9322,203410,8034,94927.0,-0.0429,0.0702,-0.8307,0.83476,1015.05,1000.0,-15.05,54.49,219.0,2.2314,-0.3426,LOCK,3,looseness
9323,203424,8048,94941.0,-0.1326,-0.0273,-0.8385,0.84936,1015.06,1000.0,-15.06,54.49,219.0,2.232,-0.3341,LOCK,3,looseness
9324,203432,8056,94949.0,0.0429,-0.0351,-0.7566,0.75863,1015.09,1000.0,-15.09,54.49,219.0,2.2076,-0.7028,LOCK,3,looseness
9325,203441,8065,94958.0,-0.1443,-0.0117,-0.819,0.8317,1015.12,1000.0,-15.12,54.49,219.0,2.2144,-0.5999,LOCK,3,looseness
9326,203449,8073,94966.0,0.0156,0.0819,-0.7761,0.78057,1015.14,1000.0,-15.14,54.49,219.0,2.2216,-0.4903,LOCK,3,looseness
9327,203458,8082,94975.0,-0.0195,-0.1521,-0.8502,0.86392,1015.16,1000.0,-15.16,54.49,219.0,2.2346,-0.2941,LOCK,3,looseness
9328,203466,8090,94983.0,-0.0195,-0.1521,-0.8502,0.86392,1015.18,1000.0,-15.18,54.49,219.0,2.2319,-0.3353,LOCK,3,looseness
9329,203475,8099,94992.0,-0.1131,0.0663,-0.7644,0.77556,1015.2,1000.0,-15.2,54.49,219.0,2.2097,-0.6717,LOCK,3,looseness
9330,203493,8117,95010.0,-0.0624,0.3237,-0.7566,0.8253,1015.23,1000.0,-15.23,54.49,219.0,2.2151,-0.5889,LOCK,3,looseness
9331,203502,8126,95019.0,-0.1365,-0.0429,-0.6903,0.70497,1015.26,1000.0,-15.26,54.49,219.0,2.2203,-0.5099,LOCK,3,looseness
9332,203511,8135,95028.0,0.0,-0.1599,-0.7839,0.80004,1015.29,1000.0,-15.29,54.49,219.0,2.2263,-0.4195,LOCK,3,looseness
9333,203519,8143,95036.0,0.0819,-0.1287,-0.8307,0.84459,1015.31,1000.0,-15.31,54.49,219.0,2.2323,-0.3289,LOCK,3,looseness
9334,203528,8152,95045.0,0.0819,-0.1287,-0.8307,0.84459,1015.33,1000.0,-15.33,54.49,219.0,2.2045,-0.7498,LOCK,3,looseness
9335,203536,8160,95053.0,-0.1833,-0.0351,-0.8112,0.83239,1015.35,1000.0,-15.35,54.49,219.0,2.2198,-0.5178,LOCK,3,looseness
9336,203545,8169,95062.0,0.0975,-0.0078,-0.8034,0.80933,1015.38,1000.0,-15.38,54.49,219.0,2.2139,-0.6082,LOCK,3,looseness
9337,203553,8177,95070.0,-0.0936,0.1365,-0.6825,0.70228,1015.42,1000.0,-15.42,54.49,219.0,2.2234,-0.4635,LOCK,3,looseness
9338,203572,8196,95089.0,0.1209,-0.0468,-0.7956,0.80609,1015.45,1000.0,-15.45,54.49,219.0,2.2316,-0.3399,LOCK,3,looseness
9339,203580,8204,95097.0,-0.039,0.0663,-0.8736,0.87698,1015.47,1000.0,-15.47,54.49,219.0,2.2192,-0.527,LOCK,3,looseness
9340,203589,8213,95106.0,-0.039,0.0663,-0.8736,0.87698,1015.49,1000.0,-15.49,54.49,219.0,2.2144,-0.5999,LOCK,3,looseness
9341,203597,8221,95114.0,-0.156,0.0,-0.7683,0.78398,1015.52,1000.0,-15.52,54.49,219.0,2.2194,-0.5242,LOCK,3,looseness
9342,203606,8230,95123.0,0.0351,-0.078,-0.7839,0.78855,1015.55,1000.0,-15.55,54.49,219.0,2.2236,-0.4601,LOCK,3,looseness
9343,203615,8239,95132.0,0.0585,-0.1989,-0.6669,0.69838,1015.57,1000.0,-15.57,54.49,219.0,2.2309,-0.3496,LOCK,3,looseness
9344,203628,8252,95145.0,-0.0819,0.2847,-0.8775,0.92616,1015.6,1000.0,-15.6,54.49,219.0,2.2321,-0.3325,LOCK,3,looseness
9345,203637,8261,95154.0,0.0078,-0.0702,-0.9321,0.93477,1015.62,1000.0,-15.62,54.49,219.0,2.2099,-0.6689,LOCK,3,looseness
9346,203645,8269,95162.0,-0.0819,0.1209,-0.8112,0.82424,1015.64,1000.0,-15.64,54.49,219.0,2.2152,-0.5886,LOCK,3,looseness
9347,203654,8278,95171.0,-0.1287,0.0,-0.8112,0.82135,1015.66,1000.0,-15.66,54.49,219.0,2.2217,-0.4894,LOCK,3,looseness
9348,203663,8287,95180.0,-0.0312,-0.0429,-0.7215,0.72345,1015.69,1000.0,-15.69,54.49,219.0,2.2339,-0.3044,LOCK,3,looseness
9349,203671,8295,95188.0,-0.0312,-0.0429,-0.7215,0.72345,1015.71,1000.0,-15.71,54.49,219.0,2.2197,-0.5203,LOCK,3,looseness
9350,203680,8304,95197.0,-0.0663,-0.0351,-0.7839,0.78748,1015.74,1000.0,-15.74,54.49,219.0,2.2076,-0.7028,LOCK,3,looseness
9351,203688,8312,95205.0,0.0585,0.1755,-0.8502,0.87009,1015.76,1000.0,-15.76,54.49,219.0,2.2088,-0.6854,LOCK,3,looseness
9352,203707,8331,95224.0,-0.0273,-0.0117,-0.7683,0.76887,1015.77,1000.0,-15.77,54.49,219.0,2.2297,-0.3679,LOCK,3,looseness
9353,203715,8339,95232.0,-0.1131,-0.0663,-0.7137,0.72564,1015.79,1000.0,-15.79,54.49,219.0,2.2294,-0.3728,LOCK,3,looseness
9354,203724,8348,95241.0,-0.0897,0.3276,-0.6981,0.77634,1015.82,1000.0,-15.82,54.49,219.0,2.2315,-0.3405,LOCK,3,looseness
9355,203733,8357,95250.0,-0.0897,0.3276,-0.6981,0.77634,1015.84,1000.0,-15.84,54.49,219.0,2.2063,-0.7226,LOCK,3,looseness
9356,203741,8365,95258.0,-0.1677,-0.078,-0.8424,0.86246,1015.86,1000.0,-15.86,54.49,219.0,2.2084,-0.6906,LOCK,3,looseness
9357,203750,8374,95267.0,0.0702,-0.0156,-0.7839,0.78719,1015.88,1000.0,-15.88,54.49,219.0,2.2032,-0.7693,LOCK,3,looseness
9358,203758,8382,95275.0,0.0897,-0.0819,-0.7956,0.80482,1015.89,1000.0,-15.89,54.49,219.0,2.2319,-0.3353,LOCK,3,looseness
9359,203819,8443,95336.0,-0.039,-0.0507,-0.8112,0.81372,1015.91,1000.0,-15.91,54.49,219.0,2.231,-0.3478,LOCK,3,looseness
9360,203832,8456,95349.0,-0.2067,-0.0156,-0.7488,0.77696,1015.93,1000.0,-15.93,54.49,219.0,2.2306,-0.3545,LOCK,3,looseness
9361,203841,8465,95358.0,0.0468,-0.0624,-0.8346,0.83824,1015.96,1000.0,-15.96,54.49,219.0,2.1972,-0.8603,LOCK,3,looseness
9362,203849,8473,95366.0,0.0936,-0.1872,-0.741,0.76999,1015.98,1000.0,-15.98,54.49,219.0,2.213,-0.621,LOCK,3,looseness
9363,203858,8482,95375.0,-0.0078,0.1365,-0.8346,0.84572,1016.0,1000.0,-16.0,54.49,219.0,2.2172,-0.5581,LOCK,3,looseness
9364,203867,8491,95384.0,-0.0078,0.1365,-0.8346,0.84572,1016.02,1000.0,-16.02,54.49,219.0,2.2324,-0.3276,LOCK,3,looseness
9365,203875,8499,95392.0,0.0468,-0.117,-0.7605,0.77087,1016.04,1000.0,-16.04,54.49,219.0,2.225,-0.4391,LOCK,3,looseness
9366,203884,8508,95401.0,-0.1248,0.0117,-0.7488,0.75922,1016.05,1000.0,-16.05,54.49,219.0,2.2117,-0.6414,LOCK,3,looseness
9367,203892,8516,95409.0,-0.1755,0.0156,-0.8892,0.90649,1016.07,1000.0,-16.07,54.49,219.0,2.2072,-0.7089,LOCK,3,looseness
9368,203901,8525,95418.0,0.0273,-0.0312,-0.8034,0.80447,1016.08,1000.0,-16.08,54.49,219.0,2.219,-0.5303,LOCK,3,looseness
9369,203920,8544,95437.0,0.0195,0.156,-0.7761,0.79186,1016.1,1000.0,-16.1,54.49,219.0,2.2326,-0.3237,LOCK,3,looseness
9370,203928,8552,95445.0,0.0195,0.156,-0.7761,0.79186,1016.11,1000.0,-16.11,54.49,219.0,2.2293,-0.3737,LOCK,3,looseness
9371,203937,8561,95454.0,-0.0741,0.0351,-0.8658,0.86967,1016.12,1000.0,-16.12,54.49,219.0,2.2178,-0.5477,LOCK,3,looseness
9372,203945,8569,95462.0,-0.0039,0.0819,-0.7917,0.79593,1016.13,1000.0,-16.13,54.49,219.0,2.2235,-0.4623,LOCK,3,looseness
9373,203954,8578,95471.0,-0.0702,-0.1482,-0.7644,0.78179,1016.14,1000.0,-16.14,54.49,219.0,2.2201,-0.5132,LOCK,3,looseness
9374,203962,8586,95479.0,-0.0936,0.2964,-0.6825,0.74995,1016.15,1000.0,-16.15,54.49,219.0,2.2105,-0.6598,LOCK,3,looseness
9375,203971,8595,95488.0,-0.1755,-0.0702,-0.8346,0.85574,1016.16,1000.0,-16.16,54.49,219.0,2.2302,-0.3609,LOCK,3,looseness
9376,203979,8603,95496.0,-0.1755,-0.0702,-0.8346,0.85574,1016.16,1000.0,-16.16,54.49,219.0,2.2283,-0.3887,LOCK,3,looseness
9377,203998,8622,95515.0,0.0234,-0.0585,-0.8073,0.80975,1016.17,1000.0,-16.17,54.49,219.0,2.2129,-0.6228,LOCK,3,looseness
9378,204006,8630,95523.0,-0.2106,0.0,-0.7488,0.77785,1016.17,1000.0,-16.17,54.49,219.0,2.2275,-0.4018,LOCK,3,looseness
9379,204015,8639,95532.0,-0.0195,0.0273,-0.8892,0.88983,1016.18,1000.0,-16.18,54.49,219.0,2.2269,-0.411,LOCK,3,looseness
9380,204024,8648,95541.0,0.0234,0.1443,-0.7605,0.77442,1016.19,1000.0,-16.19,54.49,219.0,2.2314,-0.3426,LOCK,3,looseness
9381,204038,8662,95555.0,0.0156,-0.0819,-0.7761,0.78057,1016.2,1000.0,-16.2,54.49,219.0,2.2323,-0.3289,LOCK,3,looseness
9382,204046,8670,95563.0,0.0429,-0.1989,-0.7254,0.7534,1016.21,1000.0,-16.21,54.49,219.0,2.2102,-0.6637,LOCK,3,looseness
9383,204055,8679,95572.0,0.0819,-0.0897,-0.9204,0.92838,1016.21,1000.0,-16.21,54.49,219.0,2.2198,-0.5178,LOCK,3,looseness
9384,204063,8687,95580.0,-0.117,0.0351,-0.8502,0.85893,1016.22,1000.0,-16.22,54.49,219.0,2.2213,-0.4952,LOCK,3,looseness
9385,204072,8696,95589.0,-0.117,0.0351,-0.8502,0.85893,1016.23,1000.0,-16.23,54.49,219.0,2.232,-0.3328,LOCK,3,looseness
9386,204080,8704,95597.0,0.0429,-0.0819,-0.7566,0.76223,1016.24,1000.0,-16.24,54.49,219.0,2.2312,-0.345,LOCK,3,looseness
9387,204089,8713,95606.0,0.0663,-0.0858,-0.702,0.71032,1016.24,1000.0,-16.24,54.49,219.0,2.2158,-0.5792,LOCK,3,looseness
9388,204097,8721,95614.0,-0.1638,0.1131,-0.7644,0.78989,1016.25,1000.0,-16.25,54.49,219.0,2.2225,-0.4772,LOCK,3,looseness
9389,204116,8740,95633.0,-0.0429,0.0117,-0.8463,0.84747,1016.26,1000.0,-16.26,54.49,219.0,2.2282,-0.3914,LOCK,3,looseness
9390,204125,8749,95642.0,-0.1833,-0.0234,-0.7878,0.80918,1016.27,1000.0,-16.27,54.49,219.0,2.2281,-0.3921,LOCK,3,looseness
9391,204133,8757,95650.0,-0.1833,-0.0234,-0.7878,0.80918,1016.27,1000.0,-16.27,54.49,219.0,2.2337,-0.3072,LOCK,3,looseness
9392,204142,8766,95659.0,0.0429,0.0702,-0.7059,0.71068,1016.27,1000.0,-16.27,54.49,219.0,2.2139,-0.6073,LOCK,3,looseness
9393,204150,8774,95667.0,0.0156,-0.1326,-0.702,0.71458,1016.27,1000.0,-16.27,54.49,219.0,2.2203,-0.5099,LOCK,3,looseness
9394,204159,8783,95676.0,0.078,0.1911,-0.7995,0.82571,1016.27,1000.0,-16.27,54.49,219.0,2.227,-0.4088,LOCK,3,looseness
9395,204167,8791,95684.0,0.0078,0.0156,-0.8034,0.80359,1016.27,1000.0,-16.27,54.49,219.0,2.2106,-0.6576,LOCK,3,looseness
9396,204176,8800,95693.0,-0.0195,0.1092,-0.7293,0.73769,1016.27,1000.0,-16.27,54.49,219.0,2.2319,-0.3356,LOCK,3,looseness
9397,204194,8818,95711.0,-0.1326,-0.1404,-0.7917,0.81491,1016.26,1000.0,-16.26,54.49,219.0,2.1993,-0.8289,LOCK,3,looseness
9398,204203,8827,95720.0,-0.0429,0.2262,-0.8034,0.83574,1016.26,1000.0,-16.26,54.49,219.0,2.2104,-0.6607,LOCK,3,looseness
9399,204211,8835,95728.0,-0.1794,0.0117,-0.78,0.80045,1016.25,1000.0,-16.25,54.49,219.0,2.2186,-0.5358,LOCK,3,looseness
9400,204220,8844,95737.0,0.1092,-0.0312,-0.6708,0.68035,1016.25,1000.0,-16.25,54.49,219.0,2.215,-0.5911,LOCK,3,looseness
9401,204229,8853,95746.0,0.0117,0.0,-0.8268,0.82688,1016.24,1000.0,-16.24,54.49,219.0,2.2314,-0.3423,LOCK,3,looseness
9402,204242,8866,95759.0,-0.1365,0.0741,-0.8346,0.84893,1016.24,1000.0,-16.24,54.49,219.0,2.2325,-0.3264,LOCK,3,looseness
9403,204251,8875,95768.0,-0.039,-0.0975,-0.8034,0.81023,1016.23,1000.0,-16.23,54.49,219.0,2.2097,-0.6707,LOCK,3,looseness
9404,204259,8883,95776.0,0.0117,0.1131,-0.702,0.71115,1016.22,1000.0,-16.22,54.49,219.0,2.2087,-0.6863,LOCK,3,looseness
9405,204268,8892,95785.0,-0.039,0.0312,-0.7839,0.78549,1016.22,1000.0,-16.22,54.49,219.0,2.2227,-0.4748,LOCK,3,looseness
9406,204277,8901,95794.0,-0.039,0.0312,-0.7839,0.78549,1016.21,1000.0,-16.21,54.49,219.0,2.2302,-0.3609,LOCK,3,looseness
9407,204285,8909,95802.0,0.039,-0.2535,-0.8151,0.8545,1016.21,1000.0,-16.21,54.49,219.0,2.2313,-0.3438,LOCK,3,looseness
9408,204294,8918,95811.0,0.0234,-0.1521,-0.8073,0.82184,1016.2,1000.0,-16.2,54.49,219.0,2.2137,-0.61,LOCK,3,looseness
9409,204302,8926,95819.0,-0.1326,-0.039,-0.7761,0.78831,1016.2,1000.0,-16.2,54.49,219.0,2.2204,-0.5087,LOCK,3,looseness
9410,204311,8935,95828.0,0.0351,0.0195,-0.8307,0.83167,1016.19,1000.0,-16.19,54.49,219.0,2.2138,-0.6091,LOCK,3,looseness
9411,204332,8956,95849.0,-0.1131,0.1053,-0.8034,0.81813,1016.19,1000.0,-16.19,54.49,219.0,2.2318,-0.3368,LOCK,3,looseness
9412,204340,8964,95857.0,0.0234,-0.0819,-0.7449,0.74975,1016.19,1000.0,-16.19,54.49,219.0,2.2289,-0.3805,LOCK,3,looseness
9413,204349,8973,95866.0,-0.0897,-0.0429,-0.8853,0.89087,1016.18,1000.0,-16.18,54.49,219.0,2.2095,-0.6735,LOCK,3,looseness
9414,204358,8982,95875.0,-0.0897,-0.0429,-0.8853,0.89087,1016.18,1000.0,-16.18,54.49,219.0,2.2205,-0.5068,LOCK,3,looseness
9415,204366,8990,95883.0,-0.2418,0.0195,-0.8112,0.8467,1016.18,1000.0,-16.18,54.49,219.0,2.2212,-0.4977,LOCK,3,looseness
9416,204375,8999,95892.0,0.0156,0.0312,-0.7722,0.77299,1016.17,1000.0,-16.17,54.49,219.0,2.219,-0.53,LOCK,3,looseness
9417,204383,9007,95900.0,-0.0234,-0.1599,-0.6006,0.62196,1016.17,1000.0,-16.17,54.49,219.0,2.2349,-0.2898,LOCK,3,looseness
9418,204402,9026,95919.0,-0.0312,0.0936,-0.8619,0.86753,1016.16,1000.0,-16.16,54.49,219.0,2.2056,-0.7333,LOCK,3,looseness
9419,204410,9034,95927.0,-0.0312,0.0936,-0.8619,0.86753,1016.16,1000.0,-16.16,54.49,219.0,2.2145,-0.5984,LOCK,3,looseness
9420,204419,9043,95936.0,-0.0039,0.1404,-0.7995,0.81174,1016.16,1000.0,-16.16,54.49,219.0,2.2248,-0.443,LOCK,3,looseness
9421,204427,9051,95944.0,-0.1209,-0.2106,-0.7527,0.7909,1016.16,1000.0,-16.16,54.49,219.0,2.2248,-0.4427,LOCK,3,looseness
9422,204436,9060,95953.0,-0.0156,0.2106,-0.6825,0.71442,1016.15,1000.0,-16.15,54.49,219.0,2.2283,-0.3899,LOCK,3,looseness
9423,204449,9073,95966.0,-0.2028,0.0975,-0.9204,0.94751,1016.14,1000.0,-16.14,54.49,219.0,2.2307,-0.3527,LOCK,3,looseness
9424,204458,9082,95975.0,0.0936,0.0468,-0.702,0.70976,1016.14,1000.0,-16.14,54.49,219.0,2.2151,-0.5899,LOCK,3,looseness
9425,204466,9090,95983.0,0.0429,-0.0585,-0.7644,0.76783,1016.13,1000.0,-16.13,54.49,219.0,2.2162,-0.5731,LOCK,3,looseness
9426,204475,9099,95992.0,-0.2067,0.0156,-0.7332,0.76194,1016.12,1000.0,-16.12,54.49,219.0,2.2205,-0.5077,LOCK,3,looseness
9427,204483,9107,96000.0,-0.1209,-0.1092,-0.8541,0.8695,1016.12,1000.0,-16.12,54.49,219.0,2.2301,-0.3624,LOCK,3,looseness
9428,204492,9116,96009.0,-0.1209,-0.1092,-0.8541,0.8695,1016.12,1000.0,-16.12,54.49,219.0,2.2309,-0.3502,LOCK,3,looseness
9429,204500,9124,96017.0,0.0234,0.2067,-0.7917,0.81857,1016.11,1000.0,-16.11,54.49,219.0,2.2071,-0.7104,LOCK,3,looseness
9430,204509,9133,96026.0,0.0468,-0.0468,-0.7644,0.76726,1016.11,1000.0,-16.11,54.49,219.0,2.2087,-0.6866,LOCK,3,looseness
9431,204528,9152,96045.0,0.0507,-0.1599,-0.8463,0.86276,1016.1,1000.0,-16.1,54.49,219.0,2.225,-0.4391,LOCK,3,looseness
9432,204536,9160,96053.0,-0.1443,-0.0156,-0.8853,0.89712,1016.1,1000.0,-16.1,54.49,219.0,2.2309,-0.3499,LOCK,3,looseness
9433,204545,9169,96062.0,0.1365,0.0546,-0.8112,0.82441,1016.1,1000.0,-16.1,54.49,219.0,2.2317,-0.3374,LOCK,3,looseness
9434,204553,9177,96070.0,0.1365,0.0546,-0.8112,0.82441,1016.09,1000.0,-16.09,54.49,219.0,2.2048,-0.7452,LOCK,3,looseness
9435,204562,9186,96079.0,-0.0663,-0.0195,-0.7371,0.74033,1016.07,1000.0,-16.07,54.49,219.0,2.2086,-0.6881,LOCK,3,looseness
9436,204570,9194,96087.0,-0.1053,-0.0234,-0.7098,0.71795,1016.06,1000.0,-16.06,54.49,219.0,2.2138,-0.6094,LOCK,3,looseness
9437,204579,9203,96096.0,-0.0117,-0.0546,-0.8307,0.83257,1016.05,1000.0,-16.05,54.49,219.0,2.2252,-0.4363,LOCK,3,looseness
9438,204597,9221,96114.0,-0.1287,-0.0663,-0.7566,0.77033,1016.04,1000.0,-16.04,54.49,219.0,2.2316,-0.3399,LOCK,3,looseness
9439,204606,9230,96123.0,-0.0195,0.0819,-0.7176,0.72252,1016.03,1000.0,-16.03,54.49,219.0,2.2131,-0.6192,LOCK,3,looseness
9440,204614,9238,96131.0,-0.0195,0.0819,-0.7176,0.72252,1016.03,1000.0,-16.03,54.49,219.0,2.2186,-0.5367,LOCK,3,looseness
9441,204623,9247,96140.0,-0.0507,-0.0819,-0.7098,0.71631,1016.03,1000.0,-16.03,54.49,219.0,2.2247,-0.4436,LOCK,3,looseness
9442,204632,9256,96149.0,-0.0546,0.1872,-0.8268,0.84948,1016.02,1000.0,-16.02,54.49,219.0,2.2263,-0.4201,LOCK,3,looseness
9443,204640,9264,96157.0,0.0702,0.078,-0.8112,0.81796,1016.02,1000.0,-16.02,54.49,219.0,2.2325,-0.3255,LOCK,3,looseness
9444,204654,9278,96171.0,-0.0468,0.1131,-0.7488,0.75874,1016.02,1000.0,-16.02,54.49,219.0,2.232,-0.3331,LOCK,3,looseness
9445,204662,9286,96179.0,-0.2028,-0.1092,-0.9165,0.945,1016.02,1000.0,-16.02,54.49,219.0,2.2183,-0.5416,LOCK,3,looseness
9446,204671,9295,96188.0,0.0117,0.1677,-0.7527,0.77124,1016.0,1000.0,-16.0,54.49,219.0,2.2106,-0.6582,LOCK,3,looseness
9447,204679,9303,96196.0,-0.1599,-0.0156,-0.7917,0.80784,1015.99,1000.0,-15.99,54.49,219.0,2.2187,-0.5349,LOCK,3,looseness
9448,204688,9312,96205.0,0.0273,0.0429,-0.7956,0.79722,1015.98,1000.0,-15.98,54.49,219.0,2.2326,-0.324,LOCK,3,looseness
9449,204696,9320,96213.0,0.0273,0.0429,-0.7956,0.79722,1015.97,1000.0,-15.97,54.49,219.0,2.2298,-0.367,LOCK,3,looseness
9450,204705,9329,96222.0,-0.0117,-0.0273,-0.7878,0.78836,1015.96,1000.0,-15.96,54.49,219.0,2.2175,-0.5523,LOCK,3,looseness
9451,204713,9337,96230.0,-0.1755,0.0312,-0.8034,0.82294,1015.95,1000.0,-15.95,54.49,219.0,2.2216,-0.4913,LOCK,3,looseness
9452,204732,9356,96249.0,-0.039,0.2028,-0.819,0.84464,1015.94,1000.0,-15.94,54.49,219.0,2.2246,-0.4461,LOCK,3,looseness
9453,204741,9365,96258.0,0.0156,-0.0234,-0.7761,0.77661,1015.93,1000.0,-15.93,54.49,219.0,2.2308,-0.3518,LOCK,3,looseness
9454,204750,9374,96267.0,0.0156,-0.2886,-0.7488,0.80264,1015.92,1000.0,-15.92,54.49,219.0,2.231,-0.349,LOCK,3,looseness
9455,204758,9382,96275.0,0.0156,-0.2886,-0.7488,0.80264,1015.91,1000.0,-15.91,54.49,219.0,2.2217,-0.4894,LOCK,3,looseness
9456,204767,9391,96284.0,0.0351,-0.1794,-0.858,0.87726,1015.91,1000.0,-15.91,54.49,219.0,2.2123,-0.6314,LOCK,3,looseness
9457,204775,9399,96292.0,-0.0936,-0.0234,-0.858,0.86341,1015.9,1000.0,-15.9,54.49,219.0,2.2257,-0.4281,LOCK,3,looseness
9458,204784,9408,96301.0,0.1287,0.0741,-0.8112,0.82468,1015.89,1000.0,-15.89,54.49,219.0,2.2163,-0.5712,LOCK,3,looseness
9459,204792,9416,96309.0,-0.1716,0.0741,-0.6942,0.71892,1015.87,1000.0,-15.87,54.49,219.0,2.2323,-0.3283,LOCK,3,looseness
9460,204801,9425,96318.0,-0.0975,0.0585,-0.8697,0.8771,1015.85,1000.0,-15.85,54.49,219.0,2.2307,-0.3524,LOCK,3,looseness
9461,204819,9443,96336.0,0.0195,-0.039,-0.7761,0.77732,1015.83,1000.0,-15.83,54.49,219.0,2.2042,-0.7544,LOCK,3,looseness
9462,204828,9452,96345.0,-0.0195,-0.1599,-0.8658,0.88066,1015.82,1000.0,-15.82,54.49,219.0,2.2182,-0.5419,LOCK,3,looseness
9463,204836,9460,96353.0,-0.1521,-0.0234,-0.7605,0.77591,1015.8,1000.0,-15.8,54.49,219.0,2.2297,-0.3682,LOCK,3,looseness
9464,204845,9469,96362.0,-0.0078,0.0156,-0.8073,0.80749,1015.8,1000.0,-15.8,54.49,219.0,2.2303,-0.3588,LOCK,3,looseness
9465,204858,9482,96375.0,-0.0195,-0.1404,-0.6513,0.66655,1015.8,1000.0,-15.8,54.49,219.0,2.2268,-0.4122,LOCK,3,looseness
9466,204867,9491,96384.0,-0.0702,0.1911,-0.741,0.76846,1015.8,1000.0,-15.8,54.49,219.0,2.2193,-0.5264,LOCK,3,looseness
9467,204875,9499,96392.0,-0.0273,0.0897,-0.8736,0.87862,1015.8,1000.0,-15.8,54.49,219.0,2.2171,-0.559,LOCK,3,looseness
9468,204884,9508,96401.0,-0.1014,0.0624,-0.8229,0.83147,1015.8,1000.0,-15.8,54.49,219.0,2.2131,-0.6198,LOCK,3,looseness
9469,204892,9516,96409.0,-0.2184,-0.1638,-0.8112,0.85591,1015.8,1000.0,-15.8,54.49,219.0,2.2306,-0.3551,LOCK,3,looseness
9470,204901,9525,96418.0,-0.2184,-0.1638,-0.8112,0.85591,1015.8,1000.0,-15.8,54.49,219.0,2.2258,-0.4272,LOCK,3,looseness
9471,204909,9533,96426.0,-0.0195,0.0819,-0.7059,0.7109,1015.79,1000.0,-15.79,54.49,219.0,2.2198,-0.5178,LOCK,3,looseness
9472,204928,9552,96445.0,0.0897,0.1014,-0.7683,0.78014,1015.79,1000.0,-15.79,54.49,219.0,2.2208,-0.5035,LOCK,3,looseness
9473,204937,9561,96454.0,0.0585,0.0546,-0.7215,0.72592,1015.78,1000.0,-15.78,54.49,219.0,2.2288,-0.3814,LOCK,3,looseness
9474,204945,9569,96462.0,-0.1716,0.0351,-0.7527,0.77281,1015.77,1000.0,-15.77,54.49,219.0,2.2311,-0.3463,LOCK,3,looseness
9475,204954,9578,96471.0,-0.078,-0.0273,-0.8424,0.84644,1015.77,1000.0,-15.77,54.49,219.0,2.2305,-0.3563,LOCK,3,looseness
9476,204962,9586,96479.0,-0.078,-0.0273,-0.8424,0.84644,1015.77,1000.0,-15.77,54.49,219.0,2.2194,-0.5248,LOCK,3,looseness
9477,204971,9595,96488.0,-0.1287,0.195,-0.7449,0.78068,1015.77,1000.0,-15.77,54.49,219.0,2.2209,-0.5013,LOCK,3,looseness
9478,204979,9603,96496.0,-0.0936,-0.1014,-0.7566,0.76908,1015.77,1000.0,-15.77,54.49,219.0,2.2181,-0.5444,LOCK,3,looseness
9479,204988,9612,96505.0,-0.0234,-0.2535,-0.7644,0.80568,1015.77,1000.0,-15.77,54.49,219.0,2.2187,-0.5355,LOCK,3,looseness
9480,205006,9630,96523.0,-0.1482,0.0156,-0.8151,0.82861,1015.76,1000.0,-15.76,54.49,219.0,2.2311,-0.3463,LOCK,3,looseness
9481,205015,9639,96532.0,-0.1482,0.0156,-0.8151,0.82861,1015.76,1000.0,-15.76,54.49,219.0,2.214,-0.6063,LOCK,3,looseness
9482,205023,9647,96540.0,0.0897,0.0546,-0.7956,0.8025,1015.75,1000.0,-15.75,54.49,219.0,2.2125,-0.6286,LOCK,3,looseness
9483,205032,9656,96549.0,-0.2301,0.0819,-0.6474,0.69194,1015.74,1000.0,-15.74,54.49,219.0,2.2241,-0.4531,LOCK,3,looseness
9484,205040,9664,96557.0,-0.0585,0.0546,-0.8892,0.89279,1015.72,1000.0,-15.72,54.49,219.0,2.235,-0.2886,LOCK,3,looseness
9485,205049,9673,96566.0,0.0468,-0.078,-0.7605,0.76592,1015.71,1000.0,-15.71,54.49,219.0,2.2312,-0.346,LOCK,3,looseness
9486,205063,9687,96580.0,-0.0546,-0.1404,-0.8268,0.84041,1015.71,1000.0,-15.71,54.49,219.0,2.23,-0.3631,LOCK,3,looseness
9487,205071,9695,96588.0,-0.2184,-0.0273,-0.7098,0.74314,1015.7,1000.0,-15.7,54.49,219.0,2.2076,-0.7031,LOCK,3,looseness
9488,205080,9704,96597.0,-0.0741,-0.0585,-0.8112,0.81668,1015.69,1000.0,-15.69,54.49,219.0,2.2246,-0.4455,LOCK,3,looseness
9489,205088,9712,96605.0,0.0156,-0.1521,-0.6357,0.65383,1015.69,1000.0,-15.69,54.49,219.0,2.2289,-0.3805,LOCK,3,looseness
9490,205097,9721,96614.0,0.0156,-0.1521,-0.6357,0.65383,1015.68,1000.0,-15.68,54.49,219.0,2.2302,-0.3609,LOCK,3,looseness
9491,205105,9729,96622.0,-0.117,0.1404,-0.7839,0.80492,1015.68,1000.0,-15.68,54.49,219.0,2.2302,-0.36,LOCK,3,looseness
9492,205114,9738,96631.0,-0.0156,0.0624,-0.7878,0.79042,1015.68,1000.0,-15.68,54.49,219.0,2.2178,-0.549,LOCK,3,looseness
9493,205132,9756,96649.0,-0.1833,-0.117,-0.8385,0.86624,1015.67,1000.0,-15.67,54.49,219.0,2.2012,-0.7996,LOCK,3,looseness
9494,205141,9765,96658.0,0.0078,0.0273,-0.6864,0.68699,1015.66,1000.0,-15.66,54.49,219.0,2.2336,-0.3084,LOCK,3,looseness
9495,205149,9773,96666.0,-0.078,-0.039,-0.8346,0.83914,1015.65,1000.0,-15.65,54.49,219.0,2.23,-0.3637,LOCK,3,looseness
9496,205158,9782,96675.0,-0.078,-0.039,-0.8346,0.83914,1015.64,1000.0,-15.64,54.49,219.0,2.2318,-0.3362,LOCK,3,looseness
9497,205167,9791,96684.0,0.0,0.1404,-0.7605,0.77335,1015.63,1000.0,-15.63,54.49,219.0,2.2136,-0.6118,LOCK,3,looseness
9498,205175,9799,96692.0,0.0546,-0.0897,-0.7722,0.77931,1015.62,1000.0,-15.62,54.49,219.0,2.2061,-0.726,LOCK,3,looseness
9499,205183,9807,96700.0,-0.1365,0.0429,-0.702,0.71643,1015.61,1000.0,-15.61,54.49,219.0,2.2099,-0.668,LOCK,3,looseness
9500,205192,9816,96709.0,-0.1014,-0.0897,-0.8151,0.82627,1015.6,1000.0,-15.6,54.49,219.0,2.225,-0.4388,LOCK,3,looseness
9501,205211,9835,96728.0,-0.0585,-0.1365,-0.7449,0.75956,1015.6,1000.0,-15.6,54.49,219.0,2.2296,-0.3698,LOCK,3,looseness
9502,205219,9843,96736.0,-0.0585,-0.1365,-0.7449,0.75956,1015.59,1000.0,-15.59,54.49,219.0,2.2152,-0.5883,LOCK,3,looseness
9503,205228,9852,96745.0,0.0039,-0.273,-0.78,0.8264,1015.59,1000.0,-15.59,54.49,219.0,2.2055,-0.7355,LOCK,3,looseness
9504,205236,9860,96753.0,0.0429,-0.1677,-0.8073,0.82565,1015.58,1000.0,-15.58,54.49,219.0,2.2165,-0.5682,LOCK,3,looseness
9505,205254,9878,96771.0,0.0117,0.0312,-0.7566,0.75733,1015.58,1000.0,-15.58,54.49,219.0,2.231,-0.3487,LOCK,3,looseness
9506,205267,9891,96784.0,-0.1716,0.1014,-0.7215,0.74853,1015.57,1000.0,-15.57,54.49,219.0,2.2303,-0.3594,LOCK,3,looseness
9507,205276,9900,96793.0,0.0351,-0.0039,-0.8073,0.80807,1015.56,1000.0,-15.56,54.49,219.0,2.2059,-0.7281,LOCK,3,looseness
9508,205284,9908,96801.0,0.0585,-0.1248,-0.7488,0.76138,1015.55,1000.0,-15.55,54.49,219.0,2.2001,-0.8164,LOCK,3,looseness
9509,205293,9917,96810.0,-0.0273,-0.0897,-0.78,0.78562,1015.55,1000.0,-15.55,54.49,219.0,2.2134,-0.6152,LOCK,3,looseness
9510,205301,9925,96818.0,-0.0273,-0.0897,-0.78,0.78562,1015.54,1000.0,-15.54,54.49,219.0,2.233,-0.3188,LOCK,3,looseness
9511,205310,9934,96827.0,-0.1599,0.0117,-0.8541,0.86902,1015.54,1000.0,-15.54,54.49,219.0,2.2296,-0.3701,LOCK,3,looseness
9512,205318,9942,96835.0,-0.0741,-0.1053,-0.741,0.7521,1015.53,1000.0,-15.53,54.49,219.0,2.2209,-0.5022,LOCK,3,looseness
9513,205327,9951,96844.0,-0.0468,-0.2106,-0.5694,0.6089,1015.53,1000.0,-15.53,54.49,219.0,2.2136,-0.6124,LOCK,3,looseness
9514,205345,9969,96862.0,0.0039,0.0624,-0.8385,0.84083,1015.53,1000.0,-15.53,54.49,219.0,2.2146,-0.5966,LOCK,3,looseness
9515,205354,9978,96871.0,-0.0819,-0.0312,-0.7995,0.80429,1015.53,1000.0,-15.53,54.49,219.0,2.2304,-0.3582,LOCK,3,looseness
