sample_index,time_ms_raw,time_ms_zero,elapsed_ms,ax_g,ay_g,az_g,total_g,rpm,target_rpm,rpm_error,pwm_eq,duty_10bit,acs_v,current_a,control_mode,state,fault_type
14463,6804168,0,150700.0,0.0507,0.0156,-1.0608,1.06213,994.86,1000.0,5.14,51.25,206.0,2.2447,-0.1402,LOCK,3,looseness
14464,6804176,8,150708.0,0.0,0.0351,-0.8307,0.83144,994.86,1000.0,5.14,51.25,206.0,2.244,-0.1515,LOCK,3,looseness
14465,6804200,32,150732.0,-0.0312,-0.1443,-0.7332,0.74792,994.86,1000.0,5.14,51.25,206.0,2.2733,0.2929,LOCK,3,looseness
14466,6804208,40,150740.0,0.0429,0.1053,-0.7293,0.73811,994.85,1000.0,5.15,51.25,206.0,2.2681,0.2142,LOCK,3,looseness
14467,6804217,49,150749.0,-0.0273,-0.1911,-0.7722,0.79596,994.85,1000.0,5.15,51.25,206.0,2.2686,0.2206,LOCK,3,looseness
14468,6804225,57,150757.0,0.0546,0.1326,-0.9672,0.97777,994.84,1000.0,5.16,51.25,206.0,2.2574,0.0512,LOCK,3,looseness
14469,6804233,65,150765.0,0.0546,0.1326,-0.9672,0.97777,994.83,1000.0,5.17,51.25,206.0,2.2341,-0.3014,LOCK,3,looseness
14470,6804242,74,150774.0,-0.0975,0.0507,-0.7449,0.75296,994.83,1000.0,5.17,51.25,206.0,2.2536,-0.0056,LOCK,3,looseness
14471,6804262,94,150794.0,-0.0663,-0.0858,-0.6903,0.69876,994.82,1000.0,5.18,51.25,206.0,2.27,0.242,LOCK,3,looseness
14472,6804271,103,150803.0,0.2262,0.3588,-0.9828,1.07042,994.81,1000.0,5.19,51.25,206.0,2.2566,0.039,LOCK,3,looseness
14473,6804279,111,150811.0,-0.1443,0.1599,-0.7722,0.80168,994.8,1000.0,5.2,51.25,206.0,2.2552,0.0185,LOCK,3,looseness
14474,6804288,120,150820.0,-0.0663,0.1209,-0.7137,0.7269,994.78,1000.0,5.22,51.25,206.0,2.2605,0.0979,LOCK,3,looseness
14475,6804296,128,150828.0,0.1599,-0.1443,-0.702,0.7343,994.77,1000.0,5.23,51.25,206.0,2.2523,-0.0264,LOCK,3,looseness
14476,6804307,139,150839.0,-0.1677,-0.0546,-0.7176,0.73895,994.76,1000.0,5.24,51.25,206.0,2.2702,0.2456,LOCK,3,looseness
14477,6804316,148,150848.0,0.0936,-0.1365,-0.8619,0.87765,994.75,1000.0,5.25,51.25,206.0,2.271,0.2569,LOCK,3,looseness
14478,6804324,156,150856.0,0.0936,-0.1365,-0.8619,0.87765,994.75,1000.0,5.25,51.25,206.0,2.2557,0.0264,LOCK,3,looseness
14479,6804333,165,150865.0,0.0585,0.1326,-1.0101,1.02044,994.73,1000.0,5.27,51.25,206.0,2.2529,-0.016,LOCK,3,looseness
14480,6804341,173,150873.0,-0.2184,-0.1092,-0.6357,0.68098,994.72,1000.0,5.28,51.25,206.0,2.2603,0.0957,LOCK,3,looseness
14481,6804350,182,150882.0,0.0468,0.1599,-0.78,0.7976,994.71,1000.0,5.29,51.25,206.0,2.2661,0.183,LOCK,3,looseness
14482,6804362,194,150894.0,-0.078,0.0936,-0.6942,0.70481,994.7,1000.0,5.3,51.25,206.0,2.2735,0.2948,LOCK,3,looseness
14483,6804371,203,150903.0,0.0,0.0507,-0.9672,0.96853,994.69,1000.0,5.31,51.25,206.0,2.266,0.1824,LOCK,3,looseness
14484,6804379,211,150911.0,-0.1404,-0.195,-0.7176,0.75676,994.68,1000.0,5.32,51.25,206.0,2.2511,-0.0441,LOCK,3,looseness
14485,6804387,219,150919.0,0.1248,-0.0702,-0.6084,0.62502,994.65,1000.0,5.35,51.25,206.0,2.2417,-0.1866,LOCK,3,looseness
14486,6804401,233,150933.0,-0.117,-0.2145,-0.7059,0.74699,994.62,1000.0,5.38,51.25,206.0,2.2438,-0.1552,LOCK,3,looseness
14487,6804409,241,150941.0,0.0546,-0.0312,-0.9555,0.95757,994.6,1000.0,5.4,51.25,206.0,2.2674,0.2035,LOCK,3,looseness
14488,6804418,250,150950.0,0.0546,-0.0312,-0.9555,0.95757,994.57,1000.0,5.43,51.25,206.0,2.269,0.2273,LOCK,3,looseness
14489,6804426,258,150958.0,-0.0975,0.1131,-0.7527,0.76737,994.55,1000.0,5.45,51.25,206.0,2.2414,-0.1903,LOCK,3,looseness
14490,6804435,267,150967.0,-0.0819,-0.1638,-0.7605,0.78224,994.53,1000.0,5.47,51.25,206.0,2.2589,0.0747,LOCK,3,looseness
14491,6804443,275,150975.0,-0.0351,0.0273,-0.9087,0.90979,994.52,1000.0,5.48,51.25,206.0,2.2532,-0.0117,LOCK,3,looseness
14492,6804452,284,150984.0,-0.0351,0.0273,-0.7098,0.71119,994.49,1000.0,5.51,51.25,206.0,2.265,0.1659,LOCK,3,looseness
14493,6804464,296,150996.0,-0.1092,0.0234,-0.7059,0.71468,994.46,1000.0,5.54,51.25,206.0,2.2703,0.2468,LOCK,3,looseness
14494,6804473,305,151005.0,0.1014,0.0234,-0.7332,0.74055,994.44,1000.0,5.56,51.25,206.0,2.2654,0.1733,LOCK,3,looseness
14495,6804481,313,151013.0,0.1443,0.078,-0.9048,0.91955,994.42,1000.0,5.58,51.25,206.0,2.2502,-0.0578,LOCK,3,looseness
14496,6804490,322,151022.0,-0.1482,0.1638,-0.8034,0.83321,994.4,1000.0,5.6,51.25,206.0,2.2642,0.155,LOCK,3,looseness
14497,6804498,330,151030.0,-0.1482,0.1638,-0.8034,0.83321,994.38,1000.0,5.62,51.25,206.0,2.2517,-0.0355,LOCK,3,looseness
14498,6804507,339,151039.0,-0.0195,-0.0156,-0.7839,0.7843,994.37,1000.0,5.63,51.25,206.0,2.2632,0.1397,LOCK,3,looseness
14499,6804516,348,151048.0,0.0624,0.1248,-0.6708,0.68516,994.32,1000.0,5.68,51.25,206.0,2.2673,0.2014,LOCK,3,looseness
14500,6804524,356,151056.0,-0.1482,0.1014,-0.8385,0.85751,994.28,1000.0,5.72,51.25,206.0,2.2781,0.3656,LOCK,3,looseness
14501,6804533,365,151065.0,0.1482,0.0702,-0.9789,0.99254,994.24,1000.0,5.76,51.25,206.0,2.2637,0.147,LOCK,3,looseness
14502,6804541,373,151073.0,-0.1755,0.0468,-0.6942,0.71757,994.21,1000.0,5.79,51.25,206.0,2.2573,0.0499,LOCK,3,looseness
14503,6804560,392,151092.0,-0.0468,-0.0312,-0.7683,0.77036,994.18,1000.0,5.82,51.25,206.0,2.265,0.1663,LOCK,3,looseness
14504,6804569,401,151101.0,0.0585,0.3042,-0.7488,0.81035,994.13,1000.0,5.87,51.25,206.0,2.2667,0.1931,LOCK,3,looseness
14505,6804577,409,151109.0,0.0039,0.0858,-0.78,0.78471,994.09,1000.0,5.91,51.25,206.0,2.2487,-0.0804,LOCK,3,looseness
14506,6804586,418,151118.0,-0.1482,0.0117,-0.6864,0.70231,994.05,1000.0,5.95,51.25,206.0,2.2805,0.4022,LOCK,3,looseness
14507,6804594,426,151126.0,0.0507,-0.0507,-0.7995,0.80271,994.02,1000.0,5.98,51.25,206.0,2.2535,-0.0071,LOCK,3,looseness
14508,6804607,439,151139.0,-0.0507,-0.0195,-0.9906,0.99209,993.99,1000.0,6.01,51.25,206.0,2.2569,0.0445,LOCK,3,looseness
14509,6804616,448,151148.0,-0.2145,0.078,-0.6864,0.72335,993.96,1000.0,6.04,51.25,206.0,2.2712,0.2612,LOCK,3,looseness
14510,6804624,456,151156.0,0.0507,0.0663,-0.7215,0.72631,993.94,1000.0,6.06,51.25,206.0,2.2796,0.3879,LOCK,3,looseness
14511,6804633,465,151165.0,0.0507,0.0663,-0.7215,0.72631,993.89,1000.0,6.11,51.25,206.0,2.2547,0.01,LOCK,3,looseness
14512,6804641,473,151173.0,0.0897,-0.0351,-0.7215,0.7279,993.84,1000.0,6.16,51.25,206.0,2.2495,-0.0685,LOCK,3,looseness
14513,6804663,495,151195.0,0.0351,0.0156,-0.6864,0.68747,993.8,1000.0,6.2,51.25,206.0,2.2658,0.1785,LOCK,3,looseness
14514,6804672,504,151204.0,-0.0546,-0.0936,-0.7215,0.72959,993.76,1000.0,6.24,51.25,206.0,2.2682,0.2151,LOCK,3,looseness
14515,6804680,512,151212.0,0.0351,0.1014,-0.8892,0.89565,993.73,1000.0,6.27,51.25,206.0,2.2447,-0.1402,LOCK,3,looseness
14516,6804689,521,151221.0,-0.1365,0.2652,-0.7137,0.77352,993.7,1000.0,6.3,51.25,206.0,2.2441,-0.1497,LOCK,3,looseness
14517,6804697,529,151229.0,-0.1248,0.0936,-0.6474,0.66593,993.66,1000.0,6.34,51.25,206.0,2.279,0.3781,LOCK,3,looseness
14518,6804705,537,151237.0,0.0078,0.0546,-0.78,0.78195,993.63,1000.0,6.37,51.25,206.0,2.2599,0.089,LOCK,3,looseness
14519,6804723,555,151255.0,0.0663,0.0936,-0.7371,0.74597,993.6,1000.0,6.4,51.25,206.0,2.2767,0.3445,LOCK,3,looseness
14520,6804732,564,151264.0,0.1443,-0.0897,-0.9477,0.96281,993.57,1000.0,6.43,51.25,206.0,2.2612,0.1098,LOCK,3,looseness
14521,6804740,572,151272.0,-0.1833,-0.0351,-0.7332,0.75658,993.54,1000.0,6.46,51.25,206.0,2.2581,0.0622,LOCK,3,looseness
14522,6804749,581,151281.0,0.1599,0.1014,-0.7605,0.78372,993.52,1000.0,6.48,51.25,206.0,2.2539,-0.0013,LOCK,3,looseness
14523,6804757,589,151289.0,-0.0546,0.1248,-0.6591,0.67303,993.47,1000.0,6.53,51.25,206.0,2.2482,-0.0883,LOCK,3,looseness
14524,6804771,603,151303.0,-0.0819,0.0624,-1.0374,1.0425,993.43,1000.0,6.57,51.25,206.0,2.2683,0.216,LOCK,3,looseness
14525,6804779,611,151311.0,-0.1248,0.1092,-0.6318,0.6532,993.39,1000.0,6.61,51.25,206.0,2.2744,0.3091,LOCK,3,looseness
14526,6804788,620,151320.0,-0.0156,-0.3159,-0.8151,0.87431,993.35,1000.0,6.65,51.25,206.0,2.2421,-0.1808,LOCK,3,looseness
14527,6804796,628,151328.0,-0.0156,-0.3159,-0.8151,0.87431,993.32,1000.0,6.68,51.25,206.0,2.2628,0.1333,LOCK,3,looseness
14528,6804809,641,151341.0,0.0273,-0.0156,-0.8814,0.88196,993.29,1000.0,6.71,51.25,206.0,2.2489,-0.0773,LOCK,3,looseness
14529,6804818,650,151350.0,-0.195,-0.1404,-0.5889,0.63603,993.24,1000.0,6.76,51.25,206.0,2.2672,0.1998,LOCK,3,looseness
14530,6804827,659,151359.0,-0.195,-0.1404,-0.5889,0.63603,993.2,1000.0,6.8,51.25,206.0,2.274,0.3024,LOCK,3,looseness
14531,6804835,667,151367.0,0.0039,0.0,-0.7683,0.76831,993.17,1000.0,6.83,51.25,206.0,2.2565,0.0371,LOCK,3,looseness
14532,6804844,676,151376.0,-0.0078,-0.0078,-0.936,0.93607,993.14,1000.0,6.86,51.25,206.0,2.2423,-0.1778,LOCK,3,looseness
14533,6804852,684,151384.0,-0.0663,0.0429,-0.8736,0.87716,993.11,1000.0,6.89,51.25,206.0,2.2586,0.0701,LOCK,3,looseness
14534,6804860,692,151392.0,-0.1287,-0.1092,-0.6279,0.65019,993.08,1000.0,6.92,51.25,206.0,2.2724,0.2795,LOCK,3,looseness
14535,6804874,706,151406.0,0.078,0.0585,-0.7098,0.71647,993.01,1000.0,6.99,51.25,206.0,2.2672,0.2001,LOCK,3,looseness
14536,6804882,714,151414.0,-0.117,0.1716,-0.7527,0.78083,992.94,1000.0,7.06,51.25,206.0,2.2536,-0.0062,LOCK,3,looseness
14537,6804891,723,151423.0,-0.0195,-0.0117,-1.0374,1.03765,992.87,1000.0,7.13,51.25,206.0,2.2491,-0.0746,LOCK,3,looseness
14538,6804899,731,151431.0,-0.0195,-0.0117,-1.0374,1.03765,992.82,1000.0,7.18,51.25,206.0,2.254,-0.0004,LOCK,3,looseness
14539,6804908,740,151440.0,0.0039,0.0234,-0.6396,0.64004,992.77,1000.0,7.23,51.25,206.0,2.2618,0.118,LOCK,3,looseness
14540,6804922,754,151454.0,-0.078,0.0663,-0.8034,0.8099,992.72,1000.0,7.28,51.25,206.0,2.2682,0.2151,LOCK,3,looseness
14541,6804931,763,151463.0,-0.0039,0.0195,-0.8658,0.86603,992.68,1000.0,7.32,51.25,206.0,2.2771,0.3503,LOCK,3,looseness
14542,6804939,771,151471.0,-0.0039,0.0195,-0.8658,0.86603,992.63,1000.0,7.37,51.25,206.0,2.2489,-0.0767,LOCK,3,looseness
14543,6804948,780,151480.0,-0.078,-0.1911,-0.6864,0.71676,992.58,1000.0,7.42,51.25,206.0,2.2398,-0.2153,LOCK,3,looseness
14544,6804956,788,151488.0,-0.0351,0.1989,-0.7527,0.77933,992.53,1000.0,7.47,51.25,206.0,2.2607,0.1018,LOCK,3,looseness
14545,6804965,797,151497.0,0.1326,0.0663,-1.0452,1.05566,992.49,1000.0,7.51,51.25,206.0,2.2556,0.0237,LOCK,3,looseness
14546,6804975,807,151507.0,-0.1404,0.1365,-0.819,0.84208,992.45,1000.0,7.55,51.25,206.0,2.2641,0.1528,LOCK,3,looseness
14547,6804984,816,151516.0,-0.1599,-0.0312,-0.6864,0.70547,992.42,1000.0,7.58,51.25,206.0,2.2763,0.3384,LOCK,3,looseness
14548,6804992,824,151524.0,0.039,0.1053,-0.7293,0.73789,992.34,1000.0,7.66,51.25,206.0,2.2562,0.0338,LOCK,3,looseness
14549,6805001,833,151533.0,0.039,0.1053,-0.7293,0.73789,992.27,1000.0,7.73,51.25,206.0,2.256,0.0304,LOCK,3,looseness
14550,6805014,846,151546.0,0.0351,0.0858,-0.975,0.9794,992.2,1000.0,7.8,51.25,206.0,2.2524,-0.0236,LOCK,3,looseness
14551,6805023,855,151555.0,0.0117,-0.0117,-0.8034,0.80357,992.14,1000.0,7.86,51.25,206.0,2.2709,0.2566,LOCK,3,looseness
14552,6805031,863,151563.0,0.0117,-0.0117,-0.8034,0.80357,992.09,1000.0,7.91,51.25,206.0,2.2708,0.2548,LOCK,3,looseness
14553,6805040,872,151572.0,-0.1638,0.0078,-0.6864,0.70572,992.04,1000.0,7.96,51.25,206.0,2.248,-0.0911,LOCK,3,looseness
14554,6805048,880,151580.0,-0.0039,-0.2652,-0.7215,0.76871,992.0,1000.0,8.0,51.25,206.0,2.267,0.1968,LOCK,3,looseness
14555,6805057,889,151589.0,0.0117,-0.0273,-0.6981,0.69873,991.92,1000.0,8.08,51.25,206.0,2.2387,-0.2312,LOCK,3,looseness
14556,6805065,897,151597.0,-0.0546,0.1053,-0.7683,0.7774,991.84,1000.0,8.16,51.25,206.0,2.2653,0.1711,LOCK,3,looseness
14557,6805081,913,151613.0,0.1131,0.1638,-1.0608,1.07931,991.78,1000.0,8.22,51.25,206.0,2.2743,0.3079,LOCK,3,looseness
14558,6805089,921,151621.0,-0.1131,0.0546,-0.6825,0.69396,991.71,1000.0,8.29,51.25,206.0,2.2477,-0.0957,LOCK,3,looseness
14559,6805098,930,151630.0,-0.1677,0.0351,-0.6825,0.70368,991.66,1000.0,8.34,51.25,206.0,2.246,-0.1216,LOCK,3,looseness
14560,6805106,938,151638.0,0.0663,-0.5538,-0.7449,0.93057,991.61,1000.0,8.39,51.25,206.0,2.2554,0.0216,LOCK,3,looseness
14561,6805115,947,151647.0,0.0663,0.0,-0.6786,0.68183,991.52,1000.0,8.48,51.25,206.0,2.2565,0.0377,LOCK,3,looseness
14562,6805129,961,151661.0,-0.117,0.1638,-0.6942,0.7228,991.43,1000.0,8.57,51.25,206.0,2.2677,0.2072,LOCK,3,looseness
14563,6805138,970,151670.0,0.1404,0.0663,-0.8307,0.84509,991.35,1000.0,8.65,51.25,206.0,2.2706,0.2514,LOCK,3,looseness
14564,6805146,978,151678.0,0.0975,-0.0117,-1.0764,1.08087,991.28,1000.0,8.72,51.25,206.0,2.2611,0.1083,LOCK,3,looseness
14565,6805155,987,151687.0,0.0975,-0.0117,-1.0764,1.08087,991.22,1000.0,8.78,51.25,206.0,2.2432,-0.1637,LOCK,3,looseness
14566,6805163,995,151695.0,-0.195,0.1287,-0.7995,0.83294,991.16,1000.0,8.84,51.25,206.0,2.2651,0.1675,LOCK,3,looseness
14567,6805172,1004,151704.0,-0.1599,-0.1014,-0.663,0.68951,991.11,1000.0,8.89,51.25,206.0,2.2746,0.3128,LOCK,3,looseness
14568,6805182,1014,151714.0,0.0585,-0.0819,-0.7488,0.75553,991.02,1000.0,8.98,51.25,206.0,2.2664,0.1882,LOCK,3,looseness
14569,6805191,1023,151723.0,-0.0117,0.0702,-0.6825,0.6862,990.94,1000.0,9.06,51.25,206.0,2.2486,-0.0819,LOCK,3,looseness
14570,6805199,1031,151731.0,0.1365,0.1131,-0.8697,0.88758,990.87,1000.0,9.13,51.25,206.0,2.2511,-0.0438,LOCK,3,looseness
14571,6805207,1039,151739.0,0.2067,0.117,-1.0491,1.07565,990.8,1000.0,9.2,51.25,206.0,2.2517,-0.0352,LOCK,3,looseness
14572,6805221,1053,151753.0,-0.1833,0.0663,-0.7371,0.76244,990.74,1000.0,9.26,51.25,206.0,2.248,-0.0905,LOCK,3,looseness
14573,6805229,1061,151761.0,-0.1872,-0.1482,-0.7176,0.75628,990.69,1000.0,9.31,51.25,206.0,2.2721,0.2737,LOCK,3,looseness
14574,6805238,1070,151770.0,0.1365,0.0156,-0.7254,0.7383,990.6,1000.0,9.4,51.25,206.0,2.2708,0.2545,LOCK,3,looseness
14575,6805246,1078,151778.0,0.1365,0.0156,-0.7254,0.7383,990.51,1000.0,9.49,51.25,206.0,2.2487,-0.0798,LOCK,3,looseness
14576,6805255,1087,151787.0,0.0273,-0.0117,-0.6942,0.69484,990.44,1000.0,9.56,51.25,206.0,2.2572,0.0487,LOCK,3,looseness
14577,6805263,1095,151795.0,0.0351,0.1209,-0.6942,0.70552,990.37,1000.0,9.63,51.25,206.0,2.2486,-0.0822,LOCK,3,looseness
14578,6805271,1103,151803.0,-0.0117,-0.0273,-0.975,0.97545,990.31,1000.0,9.69,51.25,206.0,2.2543,0.0039,LOCK,3,looseness
14579,6805285,1117,151817.0,0.0351,0.1911,-0.9711,0.99035,990.26,1000.0,9.74,51.25,206.0,2.2709,0.2557,LOCK,3,looseness
14580,6805294,1126,151826.0,-0.0312,0.1092,-0.6981,0.70728,990.21,1000.0,9.79,51.25,206.0,2.2285,-0.3863,LOCK,3,looseness
14581,6805302,1134,151834.0,0.156,0.1248,-0.6903,0.71863,990.12,1000.0,9.88,51.25,206.0,2.2671,0.1989,LOCK,3,looseness
14582,6805311,1143,151843.0,-0.1209,-0.1209,-0.6825,0.70359,990.05,1000.0,9.95,51.25,206.0,2.2464,-0.1158,LOCK,3,looseness
14583,6805319,1151,151851.0,0.1443,-0.2262,-0.7644,0.81012,989.98,1000.0,10.02,51.25,206.0,2.2586,0.0704,LOCK,3,looseness
14584,6805332,1164,151864.0,-0.0156,0.1248,-0.7137,0.7247,989.92,1000.0,10.08,51.25,206.0,2.274,0.3027,LOCK,3,looseness
14585,6805340,1172,151872.0,-0.0507,0.0741,-1.0842,1.08791,989.87,1000.0,10.13,51.25,206.0,2.272,0.2734,LOCK,3,looseness
14586,6805348,1180,151880.0,-0.0507,0.0741,-1.0842,1.08791,989.82,1000.0,10.18,51.25,206.0,2.2477,-0.095,LOCK,3,looseness
14587,6805357,1189,151889.0,0.0546,0.2145,-0.9282,0.95423,989.74,1000.0,10.26,51.25,206.0,2.2545,0.0072,LOCK,3,looseness
14588,6805365,1197,151897.0,-0.1521,0.3159,-0.624,0.71575,989.66,1000.0,10.34,51.25,206.0,2.2561,0.0319,LOCK,3,looseness
14589,6805374,1206,151906.0,-0.2964,-0.0312,-0.6942,0.75547,989.59,1000.0,10.41,51.25,206.0,2.2614,0.1128,LOCK,3,looseness
14590,6805387,1219,151919.0,0.0819,-0.0117,-0.7371,0.74173,989.53,1000.0,10.47,51.25,206.0,2.2576,0.0548,LOCK,3,looseness
14591,6805395,1227,151927.0,-0.0312,-0.2574,-0.8073,0.84792,989.48,1000.0,10.52,51.25,206.0,2.2716,0.2661,LOCK,3,looseness
14592,6805404,1236,151936.0,-0.1014,0.1521,-0.702,0.72541,989.43,1000.0,10.57,51.25,206.0,2.2426,-0.1723,LOCK,3,looseness
14593,6805412,1244,151944.0,0.0702,0.3003,-1.0413,1.08601,989.39,1000.0,10.61,51.25,206.0,2.2543,0.0039,LOCK,3,looseness
14594,6805426,1258,151958.0,-0.1209,0.1248,-0.8619,0.87924,989.31,1000.0,10.69,51.25,206.0,2.2627,0.1311,LOCK,3,looseness
14595,6805434,1266,151966.0,-0.3471,0.2223,-0.6552,0.77407,989.24,1000.0,10.76,51.25,206.0,2.2676,0.2053,LOCK,3,looseness
14596,6805443,1275,151975.0,0.039,-0.0741,-0.7059,0.71085,989.17,1000.0,10.83,51.25,206.0,2.2702,0.2456,LOCK,3,looseness
14597,6805451,1283,151983.0,0.039,-0.0741,-0.7059,0.71085,989.12,1000.0,10.88,51.25,206.0,2.2511,-0.0438,LOCK,3,looseness
14598,6805460,1292,151992.0,-0.0468,-0.0585,-0.741,0.74478,989.06,1000.0,10.94,51.25,206.0,2.245,-0.1356,LOCK,3,looseness
14599,6805468,1300,152000.0,-0.1599,0.0351,-0.6903,0.70945,989.02,1000.0,10.98,51.25,206.0,2.248,-0.0902,LOCK,3,looseness
14600,6805487,1319,152019.0,0.0078,0.2418,-0.9243,0.95544,988.95,1000.0,11.05,51.25,206.0,2.2729,0.2859,LOCK,3,looseness
14601,6805495,1327,152027.0,-0.2418,0.0936,-0.663,0.7119,988.89,1000.0,11.11,51.25,206.0,2.2722,0.2764,LOCK,3,looseness
14602,6805504,1336,152036.0,0.1599,-0.1872,-0.7449,0.78453,988.84,1000.0,11.16,51.25,206.0,2.2581,0.0622,LOCK,3,looseness
14603,6805512,1344,152044.0,0.1599,-0.1872,-0.7449,0.78453,988.79,1000.0,11.21,51.25,206.0,2.2578,0.0579,LOCK,3,looseness
14604,6805521,1353,152053.0,0.0351,-0.1677,-0.7332,0.75295,988.75,1000.0,11.25,51.25,206.0,2.2561,0.0313,LOCK,3,looseness
14605,6805529,1361,152061.0,-0.1326,0.1599,-0.7176,0.74706,988.71,1000.0,11.29,51.25,206.0,2.2576,0.0539,LOCK,3,looseness
14606,6805540,1372,152072.0,0.0312,0.1638,-0.9282,0.94306,988.65,1000.0,11.35,51.25,206.0,2.2734,0.2938,LOCK,3,looseness
14607,6805548,1380,152080.0,0.0507,0.078,-0.8775,0.88242,988.59,1000.0,11.41,51.25,206.0,2.272,0.2725,LOCK,3,looseness
14608,6805557,1389,152089.0,-0.1443,0.0663,-0.6903,0.70833,988.54,1000.0,11.46,51.25,206.0,2.2545,0.0069,LOCK,3,looseness
14609,6805565,1397,152097.0,0.0702,-0.1404,-0.7293,0.746,988.49,1000.0,11.51,51.25,206.0,2.2597,0.0866,LOCK,3,looseness
14610,6805574,1406,152106.0,0.0702,-0.1404,-0.7293,0.746,988.45,1000.0,11.55,51.25,206.0,2.2566,0.0399,LOCK,3,looseness
14611,6805582,1414,152114.0,0.1287,-0.0741,-0.741,0.75574,988.41,1000.0,11.59,51.25,206.0,2.2526,-0.0209,LOCK,3,looseness
14612,6805601,1433,152133.0,0.0624,0.1599,-0.8892,0.90561,988.36,1000.0,11.64,51.25,206.0,2.2694,0.2331,LOCK,3,looseness
14613,6805609,1441,152141.0,-0.1014,0.117,-0.8307,0.845,988.31,1000.0,11.69,51.25,206.0,2.242,-0.1823,LOCK,3,looseness
14614,6805618,1450,152150.0,-0.1716,0.0819,-0.6162,0.64487,988.27,1000.0,11.73,51.25,206.0,2.2387,-0.2318,LOCK,3,looseness
14615,6805631,1463,152163.0,-0.0078,0.0468,-0.78,0.78144,988.23,1000.0,11.77,51.25,206.0,2.2387,-0.2324,LOCK,3,looseness
14616,6805640,1472,152172.0,0.0273,-0.0039,-0.7566,0.7571,988.19,1000.0,11.81,51.25,206.0,2.271,0.2581,LOCK,3,looseness
14617,6805648,1480,152180.0,-0.0429,0.1248,-0.7371,0.74882,988.16,1000.0,11.84,51.25,206.0,2.268,0.212,LOCK,3,looseness
14618,6805656,1488,152188.0,-0.0429,0.1248,-0.7371,0.74882,988.13,1000.0,11.87,51.25,206.0,2.2485,-0.0838,LOCK,3,looseness
14619,6805665,1497,152197.0,0.0819,0.0585,-1.0257,1.03063,988.09,1000.0,11.91,51.25,206.0,2.2501,-0.059,LOCK,3,looseness
14620,6805673,1505,152205.0,-0.1131,0.1092,-0.7566,0.77276,988.04,1000.0,11.96,51.25,206.0,2.2387,-0.2324,LOCK,3,looseness
14621,6805687,1519,152219.0,-0.1833,0.0741,-0.6747,0.70307,988.01,1000.0,11.99,51.25,206.0,2.2707,0.2532,LOCK,3,looseness
14622,6805696,1528,152228.0,-0.0897,0.0234,-0.5928,0.6,987.97,1000.0,12.03,51.25,206.0,2.271,0.2572,LOCK,3,looseness
14623,6805704,1536,152236.0,0.0273,-0.1716,-0.8268,0.84486,987.94,1000.0,12.06,51.25,206.0,2.2282,-0.3911,LOCK,3,looseness
14624,6805713,1545,152245.0,0.0078,-0.0936,-0.7098,0.71599,987.91,1000.0,12.09,51.25,206.0,2.264,0.151,LOCK,3,looseness
14625,6805721,1553,152253.0,0.0273,0.1209,-0.6747,0.68599,987.89,1000.0,12.11,51.25,206.0,2.2607,0.1018,LOCK,3,looseness
14626,6805729,1561,152261.0,-0.0546,0.1092,-0.7839,0.79335,987.86,1000.0,12.14,51.25,206.0,2.2587,0.0713,LOCK,3,looseness
14627,6805741,1573,152273.0,-0.0078,0.039,-1.0062,1.00699,987.83,1000.0,12.17,51.25,206.0,2.2818,0.4211,LOCK,3,looseness
14628,6805749,1581,152281.0,-0.0585,0.0468,-0.8385,0.84184,987.81,1000.0,12.19,51.25,206.0,2.2485,-0.0831,LOCK,3,looseness
14629,6805758,1590,152290.0,-0.0585,0.0468,-0.8385,0.84184,987.78,1000.0,12.22,51.25,206.0,2.2479,-0.092,LOCK,3,looseness
14630,6805766,1598,152298.0,-0.1872,-0.0117,-0.7566,0.7795,987.76,1000.0,12.24,51.25,206.0,2.263,0.1369,LOCK,3,looseness
14631,6805775,1607,152307.0,-0.0351,-0.1365,-0.7098,0.72366,987.75,1000.0,12.25,51.25,206.0,2.2494,-0.0703,LOCK,3,looseness
14632,6805783,1615,152315.0,0.0702,-0.039,-0.6786,0.68334,987.72,1000.0,12.28,51.25,206.0,2.2515,-0.038,LOCK,3,looseness
14633,6805802,1634,152334.0,-0.0117,-0.0078,-0.9672,0.9673,987.69,1000.0,12.31,51.25,206.0,2.2703,0.2471,LOCK,3,looseness
14634,6805810,1642,152342.0,-0.0117,-0.0078,-0.9672,0.9673,987.67,1000.0,12.33,51.25,206.0,2.249,-0.0755,LOCK,3,looseness
14635,6805819,1651,152351.0,-0.0351,0.0507,-0.6396,0.64257,987.65,1000.0,12.35,51.25,206.0,2.2605,0.0982,LOCK,3,looseness
14636,6805832,1664,152364.0,-0.0546,-0.0819,-0.7488,0.75524,987.63,1000.0,12.37,51.25,206.0,2.2616,0.115,LOCK,3,looseness
14637,6805841,1673,152373.0,-0.0546,-0.0819,-0.7488,0.75524,987.61,1000.0,12.39,51.25,206.0,2.2724,0.2789,LOCK,3,looseness
14638,6805849,1681,152381.0,-0.0117,0.1443,-0.7098,0.72441,987.58,1000.0,12.42,51.25,206.0,2.2715,0.2648,LOCK,3,looseness
14639,6805858,1690,152390.0,-0.0078,0.1365,-0.7761,0.78805,987.55,1000.0,12.45,51.25,206.0,2.2607,0.1015,LOCK,3,looseness
14640,6805866,1698,152398.0,0.0546,0.1677,-1.0569,1.07151,987.52,1000.0,12.48,51.25,206.0,2.2606,0.1,LOCK,3,looseness
14641,6805875,1707,152407.0,0.1365,-0.1482,-1.0491,1.06827,987.49,1000.0,12.51,51.25,206.0,2.247,-0.1054,LOCK,3,looseness
14642,6805883,1715,152415.0,-0.1443,0.0897,-0.819,0.83644,987.47,1000.0,12.53,51.25,206.0,2.2691,0.2288,LOCK,3,looseness
14643,6805902,1734,152434.0,-0.156,-0.0234,-0.6669,0.6853,987.45,1000.0,12.55,51.25,206.0,2.2767,0.3436,LOCK,3,looseness
14644,6805910,1742,152442.0,0.0897,-0.0195,-0.78,0.78538,987.42,1000.0,12.58,51.25,206.0,2.2546,0.009,LOCK,3,looseness
14645,6805919,1751,152451.0,-0.0234,-0.0897,-0.6981,0.70423,987.39,1000.0,12.61,51.25,206.0,2.2528,-0.0178,LOCK,3,looseness
14646,6805927,1759,152459.0,0.0117,-0.0351,-0.7761,0.77698,987.36,1000.0,12.64,51.25,206.0,2.2403,-0.2083,LOCK,3,looseness
14647,6805935,1767,152467.0,0.2925,0.0195,-0.8424,0.89195,987.34,1000.0,12.66,51.25,206.0,2.2589,0.0744,LOCK,3,looseness
14648,6805946,1778,152478.0,-0.078,0.0156,-1.1154,1.11823,987.31,1000.0,12.69,51.25,206.0,2.2713,0.2621,LOCK,3,looseness
14649,6805954,1786,152486.0,-0.1755,0.0858,-0.6903,0.71741,987.29,1000.0,12.71,51.25,206.0,2.2701,0.2444,LOCK,3,looseness
14650,6805963,1795,152495.0,-0.1755,0.0858,-0.6903,0.71741,987.28,1000.0,12.72,51.25,206.0,2.249,-0.0758,LOCK,3,looseness
14651,6805971,1803,152503.0,-0.0468,0.0975,-0.6942,0.70257,987.25,1000.0,12.75,51.25,206.0,2.253,-0.0151,LOCK,3,looseness
14652,6805979,1811,152511.0,0.0546,-0.2223,-0.7254,0.76066,987.23,1000.0,12.77,51.25,206.0,2.2661,0.183,LOCK,3,looseness
14653,6805998,1830,152530.0,0.1209,-0.0819,-0.8775,0.88957,987.2,1000.0,12.8,51.25,206.0,2.2671,0.1983,LOCK,3,looseness
14654,6806007,1839,152539.0,-0.0351,0.0351,-1.0062,1.00742,987.18,1000.0,12.82,51.25,206.0,2.263,0.1366,LOCK,3,looseness
14655,6806015,1847,152547.0,-0.2457,-0.0507,-0.6123,0.6617,987.17,1000.0,12.83,51.25,206.0,2.2391,-0.226,LOCK,3,looseness
14656,6806024,1856,152556.0,-0.2457,-0.0507,-0.6123,0.6617,987.15,1000.0,12.85,51.25,206.0,2.2651,0.1678,LOCK,3,looseness
14657,6806037,1869,152569.0,-0.0546,-0.0468,-0.7254,0.72896,987.13,1000.0,12.87,51.25,206.0,2.2596,0.0841,LOCK,3,looseness
14658,6806046,1878,152578.0,-0.0546,-0.0468,-0.7254,0.72896,987.11,1000.0,12.89,51.25,206.0,2.2682,0.2145,LOCK,3,looseness
14659,6806054,1886,152586.0,0.0585,-0.0468,-0.7722,0.77583,987.09,1000.0,12.91,51.25,206.0,2.2751,0.3195,LOCK,3,looseness
14660,6806063,1895,152595.0,0.0,0.0273,-0.9321,0.9325,987.08,1000.0,12.92,51.25,206.0,2.2565,0.0377,LOCK,3,looseness
14661,6806071,1903,152603.0,-0.0702,0.0078,-0.9789,0.98144,987.06,1000.0,12.94,51.25,206.0,2.2677,0.2072,LOCK,3,looseness
14662,6806080,1912,152612.0,-0.1755,-0.1833,-0.5772,0.63052,987.05,1000.0,12.95,51.25,206.0,2.253,-0.0154,LOCK,3,looseness
14663,6806088,1920,152620.0,-0.1131,0.0156,-0.7059,0.71507,987.03,1000.0,12.97,51.25,206.0,2.2623,0.1263,LOCK,3,looseness
14664,6806107,1939,152639.0,-0.0273,0.0546,-0.7098,0.71242,987.01,1000.0,12.99,51.25,206.0,2.2724,0.2792,LOCK,3,looseness
14665,6806115,1947,152647.0,0.0312,0.2223,-0.6942,0.72959,987.0,1000.0,13.0,51.25,206.0,2.2528,-0.0187,LOCK,3,looseness
14666,6806124,1956,152656.0,0.156,0.0156,-0.8424,0.85686,986.99,1000.0,13.01,51.25,206.0,2.2494,-0.0703,LOCK,3,looseness
14667,6806132,1964,152664.0,-0.1287,0.0897,-1.0179,1.02992,986.97,1000.0,13.03,51.25,206.0,2.247,-0.106,LOCK,3,looseness
14668,6806140,1972,152672.0,-0.0663,-0.0351,-0.6084,0.61301,986.96,1000.0,13.04,51.25,206.0,2.2498,-0.063,LOCK,3,looseness
14669,6806150,1982,152682.0,-0.0858,0.0234,-0.6396,0.64575,986.95,1000.0,13.05,51.25,206.0,2.2765,0.3405,LOCK,3,looseness
14670,6806159,1991,152691.0,-0.1131,-0.1521,-0.7254,0.74975,986.95,1000.0,13.05,51.25,206.0,2.2777,0.3589,LOCK,3,looseness
14671,6806167,1999,152699.0,-0.1131,-0.1521,-0.7254,0.74975,986.94,1000.0,13.06,51.25,206.0,2.2309,-0.3496,LOCK,3,looseness
14672,6806176,2008,152708.0,0.0702,0.0975,-0.7566,0.76608,986.94,1000.0,13.06,51.25,206.0,2.2561,0.0322,LOCK,3,looseness
14673,6806194,2026,152726.0,-0.1443,-0.0546,-0.975,0.98713,986.93,1000.0,13.07,51.25,206.0,2.2672,0.1995,LOCK,3,looseness
14674,6806203,2035,152735.0,-0.1716,-0.195,-0.6357,0.68672,986.93,1000.0,13.07,51.25,206.0,2.2742,0.3058,LOCK,3,looseness
14675,6806211,2043,152743.0,0.0234,-0.0897,-0.6942,0.70036,986.91,1000.0,13.09,51.25,206.0,2.2705,0.2493,LOCK,3,looseness
14676,6806220,2052,152752.0,0.0234,-0.0897,-0.6942,0.70036,986.9,1000.0,13.1,51.25,206.0,2.2428,-0.1695,LOCK,3,looseness
14677,6806228,2060,152760.0,-0.0507,-0.0975,-0.6747,0.68359,986.89,1000.0,13.11,51.25,206.0,2.25,-0.0602,LOCK,3,looseness
14678,6806242,2074,152774.0,-0.1326,0.0702,-0.6942,0.71023,986.88,1000.0,13.12,51.25,206.0,2.2548,0.0118,LOCK,3,looseness
14679,6806250,2082,152782.0,-0.1326,0.0702,-0.6942,0.71023,986.87,1000.0,13.13,51.25,206.0,2.267,0.1965,LOCK,3,looseness
14680,6806259,2091,152791.0,0.0117,0.078,-0.7488,0.75294,986.86,1000.0,13.14,51.25,206.0,2.2691,0.2294,LOCK,3,looseness
14681,6806267,2099,152799.0,0.1014,0.1014,-0.7722,0.7854,986.85,1000.0,13.15,51.25,206.0,2.2619,0.1202,LOCK,3,looseness
14682,6806275,2107,152807.0,0.0546,0.2964,-0.9789,1.02425,986.84,1000.0,13.16,51.25,206.0,2.259,0.0762,LOCK,3,looseness
14683,6806284,2116,152816.0,-0.2262,-0.1131,-0.6825,0.72785,986.82,1000.0,13.18,51.25,206.0,2.2568,0.0423,LOCK,3,looseness
14684,6806292,2124,152824.0,0.117,-0.078,-0.7176,0.73125,986.81,1000.0,13.19,51.25,206.0,2.2611,0.1073,LOCK,3,looseness
14685,6806309,2141,152841.0,0.0039,0.0858,-0.7488,0.75371,986.8,1000.0,13.2,51.25,206.0,2.2708,0.2539,LOCK,3,looseness
14686,6806318,2150,152850.0,-0.0117,0.1092,-0.9789,0.98504,986.78,1000.0,13.22,51.25,206.0,2.2632,0.1397,LOCK,3,looseness
14687,6806326,2158,152858.0,-0.1131,0.0117,-0.8931,0.90031,986.77,1000.0,13.23,51.25,206.0,2.2506,-0.0511,LOCK,3,looseness
14688,6806334,2166,152866.0,0.0234,0.0936,-0.7566,0.76273,986.75,1000.0,13.25,51.25,206.0,2.2475,-0.099,LOCK,3,looseness
14689,6806343,2175,152875.0,-0.0702,0.1326,-0.6825,0.6988,986.73,1000.0,13.27,51.25,206.0,2.2587,0.0716,LOCK,3,looseness
14690,6806353,2185,152885.0,0.078,0.0117,-0.8346,0.83832,986.72,1000.0,13.28,51.25,206.0,2.2717,0.2676,LOCK,3,looseness
14691,6806362,2194,152894.0,0.078,0.0117,-0.8346,0.83832,986.7,1000.0,13.3,51.25,206.0,2.2699,0.2404,LOCK,3,looseness
14692,6806370,2202,152902.0,-0.0195,0.0117,-0.9282,0.92848,986.69,1000.0,13.31,51.25,206.0,2.2598,0.0881,LOCK,3,looseness
14693,6806379,2211,152911.0,-0.0858,0.0819,-0.7488,0.75814,986.68,1000.0,13.32,51.25,206.0,2.2622,0.1247,LOCK,3,looseness
14694,6806387,2219,152919.0,0.0819,0.1014,-0.7566,0.76775,986.66,1000.0,13.34,51.25,206.0,2.2479,-0.0926,LOCK,3,looseness
14695,6806395,2227,152927.0,0.0702,0.1404,-0.7761,0.79182,986.65,1000.0,13.35,51.25,206.0,2.252,-0.0303,LOCK,3,looseness
14696,6806410,2242,152942.0,-0.234,0.1638,-0.9555,0.99728,986.63,1000.0,13.37,51.25,206.0,2.2704,0.2487,LOCK,3,looseness
14697,6806418,2250,152950.0,0.0507,-0.0156,-0.6786,0.68067,986.62,1000.0,13.38,51.25,206.0,2.2715,0.2645,LOCK,3,looseness
14698,6806427,2259,152959.0,0.0117,-0.0741,-0.8112,0.81466,986.61,1000.0,13.39,51.25,206.0,2.2604,0.0976,LOCK,3,looseness
14699,6806435,2267,152967.0,0.0156,0.039,-0.8229,0.82397,986.6,1000.0,13.4,51.25,206.0,2.2603,0.0957,LOCK,3,looseness
14700,6806448,2280,152980.0,0.1248,0.3627,-0.936,1.01154,986.59,1000.0,13.41,51.25,206.0,2.2544,0.0057,LOCK,3,looseness
14701,6806457,2289,152989.0,0.0195,0.0702,-0.6708,0.67475,986.56,1000.0,13.44,51.25,206.0,2.2788,0.375,LOCK,3,looseness
14702,6806466,2298,152998.0,-0.0897,0.1404,-0.741,0.7595,986.54,1000.0,13.46,51.25,206.0,2.2648,0.1635,LOCK,3,looseness
14703,6806474,2306,153006.0,-0.0897,0.1404,-0.741,0.7595,986.51,1000.0,13.49,51.25,206.0,2.2526,-0.0209,LOCK,3,looseness
14704,6806483,2315,153015.0,0.1014,-0.0468,-0.7293,0.7378,986.49,1000.0,13.51,51.25,206.0,2.2498,-0.0636,LOCK,3,looseness
14705,6806491,2323,153023.0,0.0936,-0.0312,-1.014,1.01879,986.47,1000.0,13.53,51.25,206.0,2.2687,0.223,LOCK,3,looseness
14706,6806500,2332,153032.0,-0.1248,0.0858,-0.702,0.71815,986.46,1000.0,13.54,51.25,206.0,2.2485,-0.0838,LOCK,3,looseness
14707,6806514,2346,153046.0,0.0507,0.0585,-0.7332,0.73728,986.43,1000.0,13.57,51.25,206.0,2.2715,0.2645,LOCK,3,looseness
14708,6806522,2354,153054.0,0.0663,0.2067,-0.663,0.69763,986.41,1000.0,13.59,51.25,206.0,2.2842,0.4581,LOCK,3,looseness
14709,6806531,2363,153063.0,-0.0429,0.0663,-1.0179,1.02096,986.39,1000.0,13.61,51.25,206.0,2.2436,-0.1573,LOCK,3,looseness
14710,6806539,2371,153071.0,0.0585,-0.0039,-0.7917,0.79387,986.37,1000.0,13.63,51.25,206.0,2.2572,0.0481,LOCK,3,looseness
14711,6806548,2380,153080.0,-0.0039,-0.1053,-0.702,0.70986,986.36,1000.0,13.64,51.25,206.0,2.2605,0.0991,LOCK,3,looseness
14712,6806557,2389,153089.0,-0.0039,-0.1053,-0.702,0.70986,986.34,1000.0,13.66,51.25,206.0,2.2709,0.2563,LOCK,3,looseness
14713,6806609,2441,153141.0,0.0429,-0.2106,-0.7644,0.79404,986.34,1000.0,13.66,51.25,206.0,2.2653,0.1711,LOCK,3,looseness
14714,6806617,2449,153149.0,-0.0312,-0.0156,-0.6747,0.6756,986.34,1000.0,13.66,51.25,206.0,2.268,0.212,LOCK,3,looseness
14715,6806626,2458,153158.0,-0.0468,-0.0429,-1.0179,1.01988,986.33,1000.0,13.67,51.25,206.0,2.2449,-0.1375,LOCK,3,looseness
14716,6806634,2466,153166.0,-0.0585,0.2379,-0.6513,0.69585,986.32,1000.0,13.68,51.25,206.0,2.2382,-0.2394,LOCK,3,looseness
14717,6806642,2474,153174.0,-0.1482,-0.0585,-0.6357,0.65536,986.31,1000.0,13.69,51.25,206.0,2.2609,0.1046,LOCK,3,looseness
14718,6806664,2496,153196.0,0.0273,0.1365,-0.9828,0.99261,986.31,1000.0,13.69,51.25,206.0,2.2666,0.1916,LOCK,3,looseness
14719,6806673,2505,153205.0,-0.0585,-0.0273,-0.7527,0.75546,986.3,1000.0,13.7,51.25,206.0,2.2731,0.289,LOCK,3,looseness
14720,6806681,2513,153213.0,-0.0156,-0.0429,-0.7293,0.73073,986.29,1000.0,13.71,51.25,206.0,2.2501,-0.059,LOCK,3,looseness
14721,6806690,2522,153222.0,-0.0156,-0.0429,-0.7293,0.73073,986.28,1000.0,13.72,51.25,206.0,2.2583,0.0646,LOCK,3,looseness
14722,6806698,2530,153230.0,0.0819,0.1989,-0.6708,0.70444,986.27,1000.0,13.73,51.25,206.0,2.2653,0.1708,LOCK,3,looseness
14723,6806707,2539,153239.0,-0.0546,0.0,-0.8619,0.86363,986.27,1000.0,13.73,51.25,206.0,2.2802,0.3964,LOCK,3,looseness
14724,6806717,2549,153249.0,-0.0741,0.1482,-0.7956,0.81267,986.26,1000.0,13.74,51.25,206.0,2.2662,0.1855,LOCK,3,looseness
14725,6806726,2558,153258.0,0.0234,-0.1833,-0.78,0.80159,986.25,1000.0,13.75,51.25,206.0,2.2687,0.2233,LOCK,3,looseness
14726,6806734,2566,153266.0,-0.0117,0.0234,-0.7566,0.75705,986.24,1000.0,13.76,51.25,206.0,2.2446,-0.143,LOCK,3,looseness
14727,6806743,2575,153275.0,-0.0234,-0.0624,-0.9399,0.94226,986.24,1000.0,13.76,51.25,206.0,2.2471,-0.1048,LOCK,3,looseness
14728,6806751,2583,153283.0,-0.0234,-0.0624,-0.9399,0.94226,986.23,1000.0,13.77,51.25,206.0,2.2626,0.1302,LOCK,3,looseness
14729,6806814,2646,153346.0,-0.039,-0.0819,-0.6786,0.68464,986.22,1000.0,13.78,51.25,206.0,2.2705,0.2505,LOCK,3,looseness
14730,6806822,2654,153354.0,0.1248,0.0624,-0.7215,0.73487,986.21,1000.0,13.79,51.25,206.0,2.2755,0.3265,LOCK,3,looseness
14731,6806831,2663,153363.0,-0.0273,0.0741,-0.9633,0.96653,986.19,1000.0,13.81,51.25,206.0,2.2751,0.3192,LOCK,3,looseness
14732,6806839,2671,153371.0,-0.1638,-0.0975,-0.7176,0.74249,986.18,1000.0,13.82,51.25,206.0,2.2761,0.3354,LOCK,3,looseness
14733,6806848,2680,153380.0,-0.0273,-0.1443,-0.7488,0.76307,986.17,1000.0,13.83,51.25,206.0,2.2751,0.3201,LOCK,3,looseness
14734,6806856,2688,153388.0,-0.0936,-0.039,-0.7722,0.77883,986.17,1000.0,13.83,51.25,206.0,2.2677,0.2072,LOCK,3,looseness
14735,6806870,2702,153402.0,-0.0429,-0.0585,-0.6747,0.67859,986.16,1000.0,13.84,51.25,206.0,2.2712,0.2603,LOCK,3,looseness
14736,6806878,2710,153410.0,0.2067,0.1014,-1.0296,1.05503,986.14,1000.0,13.86,51.25,206.0,2.2654,0.1721,LOCK,3,looseness
14737,6806886,2718,153418.0,-0.1209,0.0936,-0.663,0.6804,986.12,1000.0,13.88,51.25,206.0,2.2586,0.0698,LOCK,3,looseness
14738,6806895,2727,153427.0,-0.1209,0.0936,-0.663,0.6804,986.1,1000.0,13.9,51.25,206.0,2.2518,-0.0331,LOCK,3,looseness
14739,6806903,2735,153435.0,-0.0702,-0.1326,-0.7917,0.80579,986.09,1000.0,13.91,51.25,206.0,2.2661,0.1833,LOCK,3,looseness
14740,6806912,2744,153444.0,0.1521,-0.1248,-0.6825,0.71029,986.07,1000.0,13.93,51.25,206.0,2.2646,0.1611,LOCK,3,looseness
14741,6806939,2771,153471.0,0.2262,0.0975,-0.78,0.81797,986.05,1000.0,13.95,51.25,206.0,2.2706,0.2517,LOCK,3,looseness
14742,6806948,2780,153480.0,-0.1053,0.0156,-0.6669,0.67534,986.02,1000.0,13.98,51.25,206.0,2.2757,0.3289,LOCK,3,looseness
14743,6806956,2788,153488.0,-0.1053,0.0156,-0.6669,0.67534,986.0,1000.0,14.0,51.25,206.0,2.2709,0.256,LOCK,3,looseness
14744,6806965,2797,153497.0,-0.0507,0.1872,-0.9672,0.98645,985.98,1000.0,14.02,51.25,206.0,2.2638,0.1485,LOCK,3,looseness
14745,6806973,2805,153505.0,0.1092,-0.0156,-0.9438,0.95022,985.96,1000.0,14.04,51.25,206.0,2.273,0.2871,LOCK,3,looseness
14746,6806982,2814,153514.0,-0.1248,-0.039,-0.7254,0.73709,985.95,1000.0,14.05,51.25,206.0,2.258,0.0606,LOCK,3,looseness
14747,6806990,2822,153522.0,-0.0702,-0.1287,-0.7176,0.73242,985.94,1000.0,14.06,51.25,206.0,2.2542,0.0026,LOCK,3,looseness
14748,6807009,2841,153541.0,0.0468,-0.2106,-0.936,0.96054,985.91,1000.0,14.09,51.25,206.0,2.2511,-0.0435,LOCK,3,looseness
14749,6807017,2849,153549.0,0.0468,-0.2106,-0.936,0.96054,985.9,1000.0,14.1,51.25,206.0,2.2565,0.0377,LOCK,3,looseness
14750,6807026,2858,153558.0,-0.1014,0.1443,-0.7839,0.80349,985.88,1000.0,14.12,51.25,206.0,2.2716,0.2661,LOCK,3,looseness
14751,6807034,2866,153566.0,0.1443,-0.0741,-0.6903,0.7091,985.87,1000.0,14.13,51.25,206.0,2.2537,-0.0047,LOCK,3,looseness
14752,6807042,2874,153574.0,-0.0195,-0.1209,-0.78,0.78955,985.85,1000.0,14.15,51.25,206.0,2.25,-0.0609,LOCK,3,looseness
14753,6807051,2883,153583.0,-0.0156,0.0,-0.8892,0.88934,985.84,1000.0,14.16,51.25,206.0,2.2529,-0.016,LOCK,3,looseness
14754,6807074,2906,153606.0,-0.1599,-0.1365,-0.6864,0.71788,985.83,1000.0,14.17,51.25,206.0,2.2489,-0.0779,LOCK,3,looseness
14755,6807127,2959,153659.0,0.1287,0.1521,-0.6903,0.71848,985.8,1000.0,14.2,51.25,206.0,2.2768,0.3454,LOCK,3,looseness
14756,6807135,2967,153667.0,0.0468,-0.0897,-0.7254,0.73242,985.77,1000.0,14.23,51.25,206.0,2.2687,0.2227,LOCK,3,looseness
14757,6807144,2976,153676.0,0.0507,0.0975,-0.9789,0.98505,985.75,1000.0,14.25,51.25,206.0,2.2704,0.2487,LOCK,3,looseness
14758,6807152,2984,153684.0,0.0741,0.0,-0.7137,0.71754,985.73,1000.0,14.27,51.25,206.0,2.2679,0.2099,LOCK,3,looseness
14759,6807161,2993,153693.0,0.0741,0.0,-0.7137,0.71754,985.72,1000.0,14.28,51.25,206.0,2.2704,0.2487,LOCK,3,looseness
14760,6807169,3001,153701.0,-0.0507,-0.1365,-0.7683,0.78198,985.7,1000.0,14.3,51.25,206.0,2.2663,0.1867,LOCK,3,looseness
14761,6807178,3010,153710.0,0.0936,-0.2145,-0.6825,0.72151,985.69,1000.0,14.31,51.25,206.0,2.2724,0.2795,LOCK,3,looseness
14762,6807186,3018,153718.0,-0.1131,0.0234,-0.8034,0.81166,985.67,1000.0,14.33,51.25,206.0,2.2541,0.002,LOCK,3,looseness
14763,6807205,3037,153737.0,0.0,0.2379,-0.7293,0.76712,985.66,1000.0,14.34,51.25,206.0,2.2533,-0.0108,LOCK,3,looseness
14764,6807213,3045,153745.0,0.0234,-0.0312,-0.7137,0.71476,985.65,1000.0,14.35,51.25,206.0,2.2562,0.0335,LOCK,3,looseness
14765,6807222,3054,153754.0,0.0234,-0.0312,-0.7137,0.71476,985.65,1000.0,14.35,51.25,206.0,2.268,0.2117,LOCK,3,looseness
14766,6807231,3063,153763.0,-0.0741,-0.0156,-0.7059,0.70995,985.64,1000.0,14.36,51.25,206.0,2.2704,0.2484,LOCK,3,looseness
14767,6807239,3071,153771.0,-0.0195,-0.1872,-0.8385,0.85936,985.63,1000.0,14.37,51.25,206.0,2.2677,0.2072,LOCK,3,looseness
14768,6807247,3079,153779.0,0.0,-0.0156,-0.8385,0.83865,985.62,1000.0,14.38,51.25,206.0,2.2705,0.2493,LOCK,3,looseness
14769,6807256,3088,153788.0,-0.1482,0.0663,-0.6825,0.70154,985.6,1000.0,14.4,51.25,206.0,2.2716,0.267,LOCK,3,looseness
14770,6807280,3112,153812.0,0.0351,0.0507,-0.7917,0.7941,985.59,1000.0,14.41,51.25,206.0,2.2697,0.2374,LOCK,3,looseness
14771,6807288,3120,153820.0,-0.0156,0.0858,-1.0374,1.04106,985.58,1000.0,14.42,51.25,206.0,2.2663,0.187,LOCK,3,looseness
14772,6807296,3128,153828.0,-0.0702,0.1638,-0.7137,0.73561,985.57,1000.0,14.43,51.25,206.0,2.2514,-0.0398,LOCK,3,looseness
14773,6807305,3137,153837.0,-0.0702,0.1638,-0.7137,0.73561,985.55,1000.0,14.45,51.25,206.0,2.2551,0.0161,LOCK,3,looseness
14774,6807313,3145,153845.0,0.0858,-0.117,-0.7761,0.78955,985.52,1000.0,14.48,51.25,206.0,2.2502,-0.0578,LOCK,3,looseness
14775,6807322,3154,153854.0,-0.0975,0.2925,-0.6708,0.73826,985.5,1000.0,14.5,51.25,206.0,2.2648,0.1641,LOCK,3,looseness
14776,6807380,3212,153912.0,-0.195,0.1053,-0.9438,0.96947,985.47,1000.0,14.53,51.25,206.0,2.272,0.2728,LOCK,3,looseness
14777,6807388,3220,153920.0,-0.0741,-0.039,-0.6513,0.65666,985.44,1000.0,14.56,51.25,206.0,2.2679,0.2111,LOCK,3,looseness
14778,6807397,3229,153929.0,-0.0741,-0.039,-0.6513,0.65666,985.42,1000.0,14.58,51.25,206.0,2.2358,-0.2758,LOCK,3,looseness
14779,6807405,3237,153937.0,0.0078,-0.078,-0.7917,0.79557,985.4,1000.0,14.6,51.25,206.0,2.2513,-0.041,LOCK,3,looseness
14780,6807414,3246,153946.0,-0.0546,0.1989,-0.7293,0.75791,985.38,1000.0,14.62,51.25,206.0,2.2597,0.086,LOCK,3,looseness
14781,6807422,3254,153954.0,0.0858,0.078,-1.0881,1.09426,985.36,1000.0,14.64,51.25,206.0,2.2643,0.1556,LOCK,3,looseness
14782,6807441,3273,153973.0,-0.0468,-0.0507,-0.663,0.66658,985.33,1000.0,14.67,51.25,206.0,2.2657,0.1775,LOCK,3,looseness
14783,6807449,3281,153981.0,0.0585,-0.0819,-0.7605,0.76713,985.31,1000.0,14.69,51.25,206.0,2.2442,-0.1479,LOCK,3,looseness
14784,6807458,3290,153990.0,0.0585,-0.0819,-0.7605,0.76713,985.29,1000.0,14.71,51.25,206.0,2.2513,-0.0413,LOCK,3,looseness
14785,6807466,3298,153998.0,0.0117,-0.2262,-0.9555,0.98198,985.28,1000.0,14.72,51.25,206.0,2.2496,-0.0663,LOCK,3,looseness
14786,6807475,3307,154007.0,-0.1287,0.1677,-0.7722,0.80061,985.26,1000.0,14.74,51.25,206.0,2.2366,-0.2629,LOCK,3,looseness
14787,6807535,3367,154067.0,-0.0741,0.1638,-0.7293,0.75113,985.23,1000.0,14.77,51.25,206.0,2.2705,0.2496,LOCK,3,looseness
14788,6807543,3375,154075.0,0.1287,0.2652,-0.8619,0.91092,985.2,1000.0,14.8,51.25,206.0,2.268,0.2114,LOCK,3,looseness
14789,6807552,3384,154084.0,-0.0819,0.1638,-0.9009,0.91933,985.16,1000.0,14.84,51.25,206.0,2.2591,0.0777,LOCK,3,looseness
14790,6807560,3392,154092.0,-0.0819,0.1638,-0.9009,0.91933,985.12,1000.0,14.88,51.25,206.0,2.2442,-0.1485,LOCK,3,looseness
14791,6807569,3401,154101.0,-0.1911,0.0585,-0.624,0.65522,985.09,1000.0,14.91,51.25,206.0,2.2437,-0.1561,LOCK,3,looseness
14792,6807577,3409,154109.0,0.0819,-0.2067,-0.7722,0.80357,985.06,1000.0,14.94,51.25,206.0,2.2552,0.0185,LOCK,3,looseness
14793,6807638,3470,154170.0,0.1326,-0.0039,-0.9906,0.99944,985.02,1000.0,14.98,51.25,206.0,2.2741,0.3048,LOCK,3,looseness
14794,6807647,3479,154179.0,-0.1014,-0.0546,-0.7098,0.71908,984.99,1000.0,15.01,51.25,206.0,2.2656,0.1757,LOCK,3,looseness
14795,6807655,3487,154187.0,0.0039,-0.0819,-0.7449,0.7494,984.96,1000.0,15.04,51.25,206.0,2.2599,0.0893,LOCK,3,looseness
14796,6807664,3496,154196.0,-0.0663,0.3588,-0.6903,0.7808,984.93,1000.0,15.07,51.25,206.0,2.2361,-0.2718,LOCK,3,looseness
14797,6807672,3504,154204.0,-0.0663,0.3588,-0.6903,0.7808,984.92,1000.0,15.08,51.25,206.0,2.271,0.2578,LOCK,3,looseness
14798,6807681,3513,154213.0,-0.0156,0.2223,-0.9477,0.97355,984.9,1000.0,15.1,51.25,206.0,2.2658,0.1785,LOCK,3,looseness
14799,6807699,3531,154231.0,0.0858,-0.1248,-0.7722,0.78691,984.89,1000.0,15.11,51.25,206.0,2.2727,0.2829,LOCK,3,looseness
14800,6807708,3540,154240.0,0.1131,-0.0585,-0.8697,0.87897,984.88,1000.0,15.12,51.25,206.0,2.2684,0.2188,LOCK,3,looseness
14801,6807716,3548,154248.0,-0.0624,0.1989,-0.8112,0.83756,984.87,1000.0,15.13,51.25,206.0,2.2591,0.0777,LOCK,3,looseness
14802,6807725,3557,154257.0,-0.0624,0.1989,-0.8112,0.83756,984.86,1000.0,15.14,51.25,206.0,2.2653,0.1708,LOCK,3,looseness
14803,6807739,3571,154271.0,-0.0819,-0.1365,-0.6357,0.65533,984.85,1000.0,15.15,51.25,206.0,2.2696,0.2365,LOCK,3,looseness
14804,6807748,3580,154280.0,0.0117,0.273,-1.0101,1.04641,984.84,1000.0,15.16,51.25,206.0,2.2535,-0.0077,LOCK,3,looseness
14805,6807756,3588,154288.0,-0.0663,0.1131,-0.7059,0.71797,984.83,1000.0,15.17,51.25,206.0,2.248,-0.0905,LOCK,3,looseness
14806,6807765,3597,154297.0,-0.0663,0.1131,-0.7059,0.71797,984.82,1000.0,15.18,51.25,206.0,2.2521,-0.0282,LOCK,3,looseness
14807,6807773,3605,154305.0,0.0039,-0.1443,-0.6981,0.71287,984.81,1000.0,15.19,51.25,206.0,2.2464,-0.1146,LOCK,3,looseness
14808,6807789,3621,154321.0,0.0663,0.2028,-0.6825,0.71507,984.81,1000.0,15.19,51.25,206.0,2.2706,0.2514,LOCK,3,looseness
14809,6807797,3629,154329.0,0.0195,0.1989,-0.9438,0.96473,984.81,1000.0,15.19,51.25,206.0,2.2663,0.1858,LOCK,3,looseness
14810,6807806,3638,154338.0,0.0195,0.1989,-0.9438,0.96473,984.81,1000.0,15.19,51.25,206.0,2.2424,-0.1762,LOCK,3,looseness
14811,6807814,3646,154346.0,0.0468,0.1521,-1.0491,1.0611,984.81,1000.0,15.19,51.25,206.0,2.2596,0.0844,LOCK,3,looseness
14812,6807823,3655,154355.0,-0.1443,0.0078,-0.6279,0.64431,984.81,1000.0,15.19,51.25,206.0,2.2505,-0.0526,LOCK,3,looseness
14813,6807831,3663,154363.0,0.1248,-0.2067,-0.7059,0.74605,984.81,1000.0,15.19,51.25,206.0,2.2635,0.1443,LOCK,3,looseness
14814,6807845,3677,154377.0,0.0078,0.0663,-0.6864,0.68964,984.81,1000.0,15.19,51.25,206.0,2.2631,0.1385,LOCK,3,looseness
14815,6807854,3686,154386.0,0.0117,0.2613,-0.7488,0.79317,984.81,1000.0,15.19,51.25,206.0,2.2699,0.2416,LOCK,3,looseness
14816,6807862,3694,154394.0,-0.0429,-0.0117,-1.0101,1.01108,984.81,1000.0,15.19,51.25,206.0,2.262,0.1208,LOCK,3,looseness
14817,6807871,3703,154403.0,-0.1443,0.039,-0.6747,0.69106,984.81,1000.0,15.19,51.25,206.0,2.2467,-0.1109,LOCK,3,looseness
14818,6807879,3711,154411.0,-0.0936,-0.0195,-0.6786,0.6853,984.81,1000.0,15.19,51.25,206.0,2.259,0.0759,LOCK,3,looseness
14819,6807904,3736,154436.0,0.0429,-0.0507,-0.7722,0.77505,984.81,1000.0,15.19,51.25,206.0,2.2712,0.2603,LOCK,3,looseness
14820,6807951,3783,154483.0,0.0039,0.0312,-0.8463,0.84688,984.81,1000.0,15.19,51.25,206.0,2.2715,0.2658,LOCK,3,looseness
14821,6807959,3791,154491.0,0.0039,0.0312,-0.8463,0.84688,984.8,1000.0,15.2,51.25,206.0,2.2549,0.0139,LOCK,3,looseness
14822,6807967,3799,154499.0,0.0351,-0.0585,-1.0062,1.00851,984.8,1000.0,15.2,51.25,206.0,2.2533,-0.0102,LOCK,3,looseness
14823,6807976,3808,154508.0,-0.1482,0.1365,-0.6435,0.67431,984.8,1000.0,15.2,51.25,206.0,2.255,0.0152,LOCK,3,looseness
14824,6807984,3816,154516.0,0.0195,-0.0195,-0.7644,0.7649,984.8,1000.0,15.2,51.25,206.0,2.2484,-0.0853,LOCK,3,looseness
14825,6807995,3827,154527.0,-0.0156,0.0936,-0.7371,0.74318,984.81,1000.0,15.19,51.25,206.0,2.2749,0.3173,LOCK,3,looseness
14826,6808003,3835,154535.0,0.0039,0.1053,-0.78,0.78709,984.81,1000.0,15.19,51.25,206.0,2.2713,0.2624,LOCK,3,looseness
14827,6808012,3844,154544.0,-0.0741,0.078,-1.0842,1.08952,984.81,1000.0,15.19,51.25,206.0,2.244,-0.1515,LOCK,3,looseness
14828,6808020,3852,154552.0,-0.0741,0.078,-1.0842,1.08952,984.81,1000.0,15.19,51.25,206.0,2.2571,0.0472,LOCK,3,looseness
14829,6808029,3861,154561.0,-0.1365,0.0351,-0.6513,0.66638,984.81,1000.0,15.19,51.25,206.0,2.2612,0.1095,LOCK,3,looseness
14830,6808037,3869,154569.0,0.0702,0.0975,-0.6552,0.66612,984.81,1000.0,15.19,51.25,206.0,2.2552,0.0179,LOCK,3,looseness
14831,6808095,3927,154627.0,0.1365,0.0351,-0.7254,0.73897,984.82,1000.0,15.18,51.25,206.0,2.2724,0.2786,LOCK,3,looseness
14832,6808104,3936,154636.0,0.1365,0.0351,-0.7254,0.73897,984.84,1000.0,15.16,51.25,206.0,2.2701,0.2438,LOCK,3,looseness
14833,6808112,3944,154644.0,-0.0429,0.1287,-0.6903,0.7035,984.85,1000.0,15.15,51.25,206.0,2.2593,0.0796,LOCK,3,looseness
14834,6808120,3952,154652.0,-0.0039,0.1287,-0.8034,0.81365,984.86,1000.0,15.14,51.25,206.0,2.2772,0.3515,LOCK,3,looseness
14835,6808129,3961,154661.0,0.1443,-0.0351,-1.0725,1.08273,984.87,1000.0,15.13,51.25,206.0,2.2446,-0.143,LOCK,3,looseness
14836,6808137,3969,154669.0,-0.273,0.1053,-0.6669,0.72827,984.88,1000.0,15.12,51.25,206.0,2.2572,0.0481,LOCK,3,looseness
14837,6808157,3989,154689.0,0.1365,-0.0039,-0.7488,0.76115,984.88,1000.0,15.12,51.25,206.0,2.2702,0.2459,LOCK,3,looseness
14838,6808165,3997,154697.0,-0.0507,0.0078,-0.6903,0.6922,984.9,1000.0,15.1,51.25,206.0,2.2638,0.1485,LOCK,3,looseness
14839,6808174,4006,154706.0,-0.0507,0.0078,-0.6903,0.6922,984.91,1000.0,15.09,51.25,206.0,2.2749,0.3173,LOCK,3,looseness
14840,6808182,4014,154714.0,0.0624,0.0897,-0.9048,0.91137,984.92,1000.0,15.08,51.25,206.0,2.2748,0.3158,LOCK,3,looseness
14841,6808191,4023,154723.0,0.1131,-0.156,-0.9633,0.98238,984.92,1000.0,15.08,51.25,206.0,2.2387,-0.2312,LOCK,3,looseness
14842,6808199,4031,154731.0,-0.2457,0.0819,-0.7137,0.75924,984.93,1000.0,15.07,51.25,206.0,2.2437,-0.1558,LOCK,3,looseness
14843,6808208,4040,154740.0,-0.2028,-0.1131,-0.6981,0.73571,984.94,1000.0,15.06,51.25,206.0,2.245,-0.1366,LOCK,3,looseness
14844,6808226,4058,154758.0,0.0351,0.2223,-0.7254,0.75951,984.95,1000.0,15.05,51.25,206.0,2.2631,0.1379,LOCK,3,looseness
14845,6808257,4089,154789.0,-0.1833,0.0897,-0.6357,0.66765,984.95,1000.0,15.05,51.25,206.0,2.2663,0.187,LOCK,3,looseness
14846,6808266,4098,154798.0,-0.1833,0.0897,-0.6357,0.66765,984.96,1000.0,15.04,51.25,206.0,2.2416,-0.1878,LOCK,3,looseness
14847,6808274,4106,154806.0,-0.0273,-0.0468,-0.7644,0.76632,984.97,1000.0,15.03,51.25,206.0,2.2493,-0.0706,LOCK,3,looseness
14848,6808283,4115,154815.0,0.0078,0.1248,-0.7371,0.74763,984.98,1000.0,15.02,51.25,206.0,2.2578,0.0573,LOCK,3,looseness
14849,6808291,4123,154823.0,0.0078,0.0234,-0.78,0.78039,984.99,1000.0,15.01,51.25,206.0,2.2666,0.1904,LOCK,3,looseness
14850,6808300,4132,154832.0,-0.0078,-0.0507,-1.0686,1.06983,985.0,1000.0,15.0,51.25,206.0,2.266,0.1818,LOCK,3,looseness
14851,6808309,4141,154841.0,0.0312,0.0975,-0.6435,0.65159,985.0,1000.0,15.0,51.25,206.0,2.2688,0.2236,LOCK,3,looseness
14852,6808317,4149,154849.0,0.0312,0.0975,-0.6435,0.65159,985.01,1000.0,14.99,51.25,206.0,2.2406,-0.2031,LOCK,3,looseness
14853,6808326,4158,154858.0,-0.117,0.0234,-0.7332,0.74284,985.02,1000.0,14.98,51.25,206.0,2.2543,0.0051,LOCK,3,looseness
14854,6808344,4176,154876.0,-0.0234,0.2184,-0.6786,0.71326,985.02,1000.0,14.98,51.25,206.0,2.2642,0.155,LOCK,3,looseness
14855,6808358,4190,154890.0,-0.0039,0.117,-0.975,0.982,985.03,1000.0,14.97,51.25,206.0,2.2707,0.2529,LOCK,3,looseness
14856,6808366,4198,154898.0,-0.0078,0.1677,-0.8424,0.85897,985.04,1000.0,14.96,51.25,206.0,2.2657,0.1775,LOCK,3,looseness
14857,6808375,4207,154907.0,-0.0936,-0.1053,-0.6513,0.66636,985.05,1000.0,14.95,51.25,206.0,2.2739,0.3012,LOCK,3,looseness
14858,6808383,4215,154915.0,-0.0078,-0.0624,-0.7449,0.74755,985.05,1000.0,14.95,51.25,206.0,2.2641,0.1534,LOCK,3,looseness
14859,6808392,4224,154924.0,-0.1443,-0.2223,-0.741,0.78697,985.06,1000.0,14.94,51.25,206.0,2.2737,0.2984,LOCK,3,looseness
14860,6808400,4232,154932.0,-0.1443,-0.2223,-0.741,0.78697,985.05,1000.0,14.95,51.25,206.0,2.272,0.2722,LOCK,3,looseness
14861,6808419,4251,154951.0,0.0819,0.078,-0.9828,0.98929,985.05,1000.0,14.95,51.25,206.0,2.2625,0.129,LOCK,3,looseness
14862,6808427,4259,154959.0,-0.0936,0.1287,-0.7566,0.77315,985.05,1000.0,14.95,51.25,206.0,2.2651,0.1684,LOCK,3,looseness
14863,6808436,4268,154968.0,-0.0429,0.1092,-0.6864,0.69635,985.05,1000.0,14.95,51.25,206.0,2.2489,-0.077,LOCK,3,looseness
14864,6808444,4276,154976.0,-0.0351,-0.0975,-0.7566,0.76366,985.04,1000.0,14.96,51.25,206.0,2.2701,0.2441,LOCK,3,looseness
14865,6808458,4290,154990.0,-0.0351,-0.0663,-0.6825,0.68661,985.04,1000.0,14.96,51.25,206.0,2.2701,0.2444,LOCK,3,looseness
14866,6808466,4298,154998.0,0.0702,0.0312,-0.8697,0.87309,985.02,1000.0,14.98,51.25,206.0,2.2725,0.2801,LOCK,3,looseness
14867,6808475,4307,155007.0,-0.078,0.1638,-0.8814,0.89988,985.0,1000.0,15.0,51.25,206.0,2.2796,0.3882,LOCK,3,looseness
14868,6808483,4315,155015.0,-0.0546,0.0273,-0.663,0.6658,984.99,1000.0,15.01,51.25,206.0,2.2805,0.4022,LOCK,3,looseness
14869,6808492,4324,155024.0,-0.0546,0.0273,-0.663,0.6658,984.97,1000.0,15.03,51.25,206.0,2.2704,0.249,LOCK,3,looseness
14870,6808500,4332,155032.0,0.0546,-0.0624,-0.819,0.82319,984.96,1000.0,15.04,51.25,206.0,2.2726,0.2822,LOCK,3,looseness
14871,6808509,4341,155041.0,-0.0468,-0.0312,-0.6942,0.69647,984.95,1000.0,15.05,51.25,206.0,2.28,0.3946,LOCK,3,looseness
14872,6808528,4360,155060.0,0.0429,0.0078,-1.0101,1.01104,984.94,1000.0,15.06,51.25,206.0,2.2741,0.3042,LOCK,3,looseness
14873,6808536,4368,155068.0,-0.156,0.1326,-0.6786,0.70881,984.92,1000.0,15.08,51.25,206.0,2.2379,-0.2443,LOCK,3,looseness
14874,6808544,4376,155076.0,0.1248,0.0546,-0.7644,0.77644,984.91,1000.0,15.09,51.25,206.0,2.2701,0.2435,LOCK,3,looseness
14875,6808558,4390,155090.0,0.0702,-0.0078,-0.741,0.74436,984.9,1000.0,15.1,51.25,206.0,2.2675,0.2047,LOCK,3,looseness
14876,6808566,4398,155098.0,-0.0819,0.0546,-0.7488,0.75524,984.89,1000.0,15.11,51.25,206.0,2.2674,0.2026,LOCK,3,looseness
14877,6808575,4407,155107.0,0.1326,-0.0078,-1.0608,1.06908,984.89,1000.0,15.11,51.25,206.0,2.2511,-0.0447,LOCK,3,looseness
14878,6808583,4415,155115.0,0.1326,-0.0078,-1.0608,1.06908,984.88,1000.0,15.12,51.25,206.0,2.2434,-0.1607,LOCK,3,looseness
14879,6808592,4424,155124.0,0.0156,0.078,-0.6864,0.69099,984.86,1000.0,15.14,51.25,206.0,2.2523,-0.0258,LOCK,3,looseness
14880,6808600,4432,155132.0,-0.1131,0.0039,-0.6747,0.68412,984.84,1000.0,15.16,51.25,206.0,2.2626,0.1305,LOCK,3,looseness
14881,6808609,4441,155141.0,0.0819,-0.0156,-0.7488,0.75343,984.83,1000.0,15.17,51.25,206.0,2.2696,0.2358,LOCK,3,looseness
14882,6808627,4459,155159.0,0.0,0.0936,-0.9906,0.99501,984.82,1000.0,15.18,51.25,206.0,2.2356,-0.2788,LOCK,3,looseness
14883,6808636,4468,155168.0,0.0,0.0936,-0.9906,0.99501,984.81,1000.0,15.19,51.25,206.0,2.254,-0.0001,LOCK,3,looseness
14884,6808644,4476,155176.0,-0.0702,0.0702,-0.858,0.86372,984.79,1000.0,15.21,51.25,206.0,2.2607,0.1021,LOCK,3,looseness
14885,6808652,4484,155184.0,-0.0468,0.1365,-0.6318,0.64807,984.79,1000.0,15.21,51.25,206.0,2.2719,0.2713,LOCK,3,looseness
14886,6808662,4494,155194.0,-0.0897,-0.0858,-0.8151,0.8245,984.78,1000.0,15.22,51.25,206.0,2.2749,0.3161,LOCK,3,looseness
14887,6808671,4503,155203.0,0.0585,-0.0624,-0.7293,0.7343,984.77,1000.0,15.23,51.25,206.0,2.2607,0.1015,LOCK,3,looseness
14888,6808679,4511,155211.0,0.0351,0.0624,-0.9555,0.95818,984.77,1000.0,15.23,51.25,206.0,2.2767,0.3442,LOCK,3,looseness
14889,6808688,4520,155220.0,-0.0897,0.0156,-0.8424,0.84731,984.76,1000.0,15.24,51.25,206.0,2.248,-0.0908,LOCK,3,looseness
14890,6808696,4528,155228.0,-0.0897,0.0156,-0.8424,0.84731,984.75,1000.0,15.25,51.25,206.0,2.2407,-0.2022,LOCK,3,looseness
14891,6808705,4537,155237.0,0.0156,-0.0351,-0.702,0.70305,984.75,1000.0,15.25,51.25,206.0,2.2547,0.0109,LOCK,3,looseness
14892,6808723,4555,155255.0,-0.0858,0.0078,-0.7137,0.71888,984.74,1000.0,15.26,51.25,206.0,2.2626,0.1302,LOCK,3,looseness
14893,6808773,4605,155305.0,0.0156,-0.1404,-0.6981,0.71225,984.74,1000.0,15.26,51.25,206.0,2.2696,0.2358,LOCK,3,looseness
14894,6808782,4614,155314.0,-0.1638,0.1092,-0.7332,0.75917,984.73,1000.0,15.27,51.25,206.0,2.2675,0.205,LOCK,3,looseness
14895,6808790,4622,155322.0,0.0624,0.0117,-0.7059,0.70875,984.73,1000.0,15.27,51.25,206.0,2.273,0.2871,LOCK,3,looseness
14896,6808799,4631,155331.0,0.0624,0.0117,-0.7059,0.70875,984.73,1000.0,15.27,51.25,206.0,2.2672,0.2004,LOCK,3,looseness
14897,6808807,4639,155339.0,0.039,0.0897,-1.0335,1.03812,984.72,1000.0,15.28,51.25,206.0,2.2806,0.4028,LOCK,3,looseness
14898,6808816,4648,155348.0,-0.1131,0.0078,-0.9555,0.9622,984.72,1000.0,15.28,51.25,206.0,2.2753,0.3222,LOCK,3,looseness
14899,6808824,4656,155356.0,-0.039,0.3822,-0.6552,0.75953,984.72,1000.0,15.28,51.25,206.0,2.2659,0.1809,LOCK,3,looseness
14900,6808833,4665,155365.0,-0.0195,0.0741,-0.7644,0.76823,984.7,1000.0,15.3,51.25,206.0,2.2523,-0.0264,LOCK,3,looseness
14901,6808851,4683,155383.0,0.1755,0.1131,-0.8307,0.85654,984.69,1000.0,15.31,51.25,206.0,2.2488,-0.0795,LOCK,3,looseness
14902,6808860,4692,155392.0,0.1755,0.1131,-0.8307,0.85654,984.68,1000.0,15.32,51.25,206.0,2.2666,0.1913,LOCK,3,looseness
14903,6808868,4700,155400.0,0.0351,-0.078,-1.0296,1.03315,984.67,1000.0,15.33,51.25,206.0,2.2786,0.3729,LOCK,3,looseness
14904,6808877,4709,155409.0,-0.1443,0.2457,-0.6669,0.72522,984.65,1000.0,15.35,51.25,206.0,2.2722,0.2764,LOCK,3,looseness
14905,6808885,4717,155417.0,-0.1092,0.156,-0.6981,0.72361,984.65,1000.0,15.35,51.25,206.0,2.2582,0.0643,LOCK,3,looseness
14906,6808894,4726,155426.0,0.0741,0.0546,-0.6786,0.68481,984.64,1000.0,15.36,51.25,206.0,2.2485,-0.0834,LOCK,3,looseness
14907,6808902,4734,155434.0,0.0741,0.0546,-0.6786,0.68481,984.64,1000.0,15.36,51.25,206.0,2.2548,0.0115,LOCK,3,looseness
14908,6808910,4742,155442.0,-0.1794,-0.0975,-0.7644,0.7912,984.64,1000.0,15.36,51.25,206.0,2.2531,-0.0138,LOCK,3,looseness
14909,6808929,4761,155461.0,-0.0858,0.0741,-0.702,0.7111,984.63,1000.0,15.37,51.25,206.0,2.2538,-0.0038,LOCK,3,looseness
14910,6808938,4770,155470.0,-0.1326,-0.0351,-0.7215,0.73442,984.63,1000.0,15.37,51.25,206.0,2.2586,0.0695,LOCK,3,looseness
14911,6808946,4778,155478.0,0.1053,0.2262,-0.6552,0.7011,984.63,1000.0,15.37,51.25,206.0,2.2509,-0.0474,LOCK,3,looseness
14912,6808954,4786,155486.0,0.0273,0.2574,-0.8151,0.85521,984.62,1000.0,15.38,51.25,206.0,2.2582,0.0643,LOCK,3,looseness
14913,6808975,4807,155507.0,-0.0507,-0.0156,-0.6357,0.63791,984.62,1000.0,15.38,51.25,206.0,2.2708,0.2545,LOCK,3,looseness
14914,6808983,4815,155515.0,-0.0507,-0.0156,-0.6357,0.63791,984.62,1000.0,15.38,51.25,206.0,2.2489,-0.0773,LOCK,3,looseness
14915,6808992,4824,155524.0,0.0936,-0.2223,-0.6981,0.73859,984.61,1000.0,15.39,51.25,206.0,2.2533,-0.0108,LOCK,3,looseness
14916,6809000,4832,155532.0,-0.0741,0.0312,-0.7176,0.72209,984.61,1000.0,15.39,51.25,206.0,2.2545,0.0072,LOCK,3,looseness
14917,6809009,4841,155541.0,0.0546,0.195,-0.78,0.80586,984.61,1000.0,15.39,51.25,206.0,2.2551,0.0173,LOCK,3,looseness
14918,6809024,4856,155556.0,-0.0195,-0.0351,-0.9633,0.96414,984.62,1000.0,15.38,51.25,206.0,2.2632,0.1388,LOCK,3,looseness
14919,6809032,4864,155564.0,-0.1482,0.2418,-0.7332,0.78614,984.64,1000.0,15.36,51.25,206.0,2.2663,0.1861,LOCK,3,looseness
14920,6809041,4873,155573.0,0.0468,-0.0273,-0.6396,0.64189,984.65,1000.0,15.35,51.25,206.0,2.2653,0.1708,LOCK,3,looseness
14921,6809049,4881,155581.0,0.0,-0.0663,-0.7605,0.76338,984.66,1000.0,15.34,51.25,206.0,2.2448,-0.1387,LOCK,3,looseness
14922,6809058,4890,155590.0,-0.0702,0.039,-0.7059,0.71045,984.67,1000.0,15.33,51.25,206.0,2.2342,-0.3002,LOCK,3,looseness
14923,6809073,4905,155605.0,0.0234,0.195,-0.858,0.88019,984.68,1000.0,15.32,51.25,206.0,2.271,0.2569,LOCK,3,looseness
14924,6809081,4913,155613.0,-0.0195,0.1989,-0.9243,0.94566,984.68,1000.0,15.32,51.25,206.0,2.2765,0.3412,LOCK,3,looseness
14925,6809090,4922,155622.0,-0.1638,0.0663,-0.6396,0.66356,984.68,1000.0,15.32,51.25,206.0,2.2682,0.2145,LOCK,3,looseness
14926,6809098,4930,155630.0,-0.1014,-0.3081,-0.7488,0.81603,984.69,1000.0,15.31,51.25,206.0,2.2622,0.1244,LOCK,3,looseness
14927,6809107,4939,155639.0,-0.1014,-0.3081,-0.7488,0.81603,984.69,1000.0,15.31,51.25,206.0,2.2766,0.3424,LOCK,3,looseness
14928,6809115,4947,155647.0,0.0702,-0.1443,-0.7449,0.76199,984.69,1000.0,15.31,51.25,206.0,2.266,0.1815,LOCK,3,looseness
14929,6809124,4956,155656.0,-0.0741,0.1014,-0.7371,0.74772,984.7,1000.0,15.3,51.25,206.0,2.2784,0.3692,LOCK,3,looseness
14930,6809132,4964,155664.0,0.1092,0.2184,-0.9945,1.02404,984.72,1000.0,15.28,51.25,206.0,2.2585,0.0689,LOCK,3,looseness
14931,6809151,4983,155683.0,-0.234,0.1248,-0.6786,0.72858,984.73,1000.0,15.27,51.25,206.0,2.2602,0.0942,LOCK,3,looseness
14932,6809159,4991,155691.0,0.0975,-0.1365,-0.7293,0.74834,984.75,1000.0,15.25,51.25,206.0,2.2555,0.0222,LOCK,3,looseness
14933,6809168,5000,155700.0,0.0975,-0.1365,-0.7293,0.74834,984.76,1000.0,15.24,51.25,206.0,2.2545,0.0072,LOCK,3,looseness
14934,6809181,5013,155713.0,0.0663,0.0819,-0.7995,0.80641,984.78,1000.0,15.22,51.25,206.0,2.2684,0.2181,LOCK,3,looseness
14935,6809190,5022,155722.0,0.0975,0.2028,-0.9126,0.93993,984.79,1000.0,15.21,51.25,206.0,2.2581,0.0615,LOCK,3,looseness
14936,6809198,5030,155730.0,0.0975,0.2028,-0.9126,0.93993,984.82,1000.0,15.18,51.25,206.0,2.2535,-0.0068,LOCK,3,looseness
14937,6809206,5038,155738.0,-0.1833,0.3198,-0.6396,0.73821,984.85,1000.0,15.15,51.25,206.0,2.2573,0.0503,LOCK,3,looseness
14938,6809215,5047,155747.0,0.0819,-0.0273,-0.7566,0.76151,984.87,1000.0,15.13,51.25,206.0,2.2505,-0.0535,LOCK,3,looseness
14939,6809271,5103,155803.0,0.0312,0.0234,-0.7605,0.7615,984.9,1000.0,15.1,51.25,206.0,2.2722,0.2761,LOCK,3,looseness
14940,6809280,5112,155812.0,0.0312,0.0234,-0.7605,0.7615,984.92,1000.0,15.08,51.25,206.0,2.2678,0.2084,LOCK,3,looseness
14941,6809288,5120,155820.0,0.1209,0.1014,-0.741,0.75761,984.94,1000.0,15.06,51.25,206.0,2.2684,0.2181,LOCK,3,looseness
14942,6809297,5129,155829.0,-0.1755,-0.0624,-1.0998,1.11546,984.96,1000.0,15.04,51.25,206.0,2.262,0.1217,LOCK,3,looseness
14943,6809305,5137,155837.0,-0.1131,0.0078,-0.6708,0.68031,984.98,1000.0,15.02,51.25,206.0,2.2438,-0.154,LOCK,3,looseness
14944,6809314,5146,155846.0,-0.0429,0.1287,-0.6903,0.7035,984.99,1000.0,15.01,51.25,206.0,2.253,-0.0151,LOCK,3,looseness
14945,6809322,5154,155854.0,0.0312,0.1209,-0.6981,0.70918,985.02,1000.0,14.98,51.25,206.0,2.2431,-0.1652,LOCK,3,looseness
14946,6809341,5173,155873.0,-0.0156,0.0702,-0.7878,0.79108,985.05,1000.0,14.95,51.25,206.0,2.2766,0.3424,LOCK,3,looseness
14947,6809384,5216,155916.0,-0.0117,-0.156,-0.7371,0.75352,985.08,1000.0,14.92,51.25,206.0,2.2711,0.2594,LOCK,3,looseness
14948,6809392,5224,155924.0,-0.0117,-0.156,-0.7371,0.75352,985.11,1000.0,14.89,51.25,206.0,2.2746,0.3125,LOCK,3,looseness
14949,6809401,5233,155933.0,0.0273,-0.0546,-0.7449,0.7474,985.13,1000.0,14.87,51.25,206.0,2.2719,0.2713,LOCK,3,looseness
14950,6809409,5241,155941.0,0.2028,0.0429,-0.7254,0.75444,985.16,1000.0,14.84,51.25,206.0,2.2754,0.3241,LOCK,3,looseness
14951,6809418,5250,155950.0,-0.1248,-0.1599,-1.131,1.14904,985.18,1000.0,14.82,51.25,206.0,2.2714,0.2642,LOCK,3,looseness
14952,6809426,5258,155958.0,-0.0663,0.0936,-0.8424,0.85017,985.19,1000.0,14.81,51.25,206.0,2.2745,0.3112,LOCK,3,looseness
14953,6809435,5267,155967.0,-0.0858,0.1482,-0.6552,0.67721,985.21,1000.0,14.79,51.25,206.0,2.2713,0.2615,LOCK,3,looseness
14954,6809453,5285,155985.0,-0.0351,-0.2457,-0.7137,0.75562,985.24,1000.0,14.76,51.25,206.0,2.2428,-0.1704,LOCK,3,looseness
14955,6809462,5294,155994.0,0.039,0.1131,-0.7839,0.79298,985.26,1000.0,14.74,51.25,206.0,2.2474,-0.1002,LOCK,3,looseness
14956,6809470,5302,156002.0,0.1872,-0.1287,-1.014,1.03914,985.28,1000.0,14.72,51.25,206.0,2.2557,0.0264,LOCK,3,looseness
14957,6809479,5311,156011.0,-0.1677,0.0585,-0.7098,0.73168,985.3,1000.0,14.7,51.25,206.0,2.2675,0.205,LOCK,3,looseness
14958,6809487,5319,156019.0,-0.078,-0.1092,-0.6981,0.71088,985.32,1000.0,14.68,51.25,206.0,2.2669,0.1949,LOCK,3,looseness
14959,6809496,5328,156028.0,-0.078,-0.1092,-0.6981,0.71088,985.34,1000.0,14.66,51.25,206.0,2.2707,0.2523,LOCK,3,looseness
14960,6809514,5346,156046.0,0.0897,-0.0234,-0.8697,0.87463,985.36,1000.0,14.64,51.25,206.0,2.2595,0.0832,LOCK,3,looseness
14961,6809523,5355,156055.0,0.0,-0.1131,-0.8892,0.89636,985.38,1000.0,14.62,51.25,206.0,2.2636,0.1461,LOCK,3,looseness
14962,6809531,5363,156063.0,-0.0117,-0.0195,-0.6708,0.67119,985.39,1000.0,14.61,51.25,206.0,2.2759,0.332,LOCK,3,looseness
14963,6809540,5372,156072.0,-0.0585,-0.2145,-0.7878,0.81857,985.41,1000.0,14.59,51.25,206.0,2.2675,0.2038,LOCK,3,looseness
14964,6809548,5380,156080.0,0.0429,-0.0975,-0.8151,0.82203,985.42,1000.0,14.58,51.25,206.0,2.2524,-0.0239,LOCK,3,looseness
14965,6809557,5389,156089.0,0.0429,-0.0975,-0.8151,0.82203,985.43,1000.0,14.57,51.25,206.0,2.263,0.1357,LOCK,3,looseness
14966,6809575,5407,156107.0,-0.078,0.0975,-0.6552,0.66699,985.46,1000.0,14.54,51.25,206.0,2.26,0.0905,LOCK,3,looseness
14967,6809589,5421,156121.0,0.0351,-0.0078,-0.6825,0.68345,985.49,1000.0,14.51,51.25,206.0,2.2666,0.191,LOCK,3,looseness
14968,6809597,5429,156129.0,0.0351,-0.0078,-0.6825,0.68345,985.51,1000.0,14.49,51.25,206.0,2.2555,0.0225,LOCK,3,looseness
14969,6809606,5438,156138.0,-0.0468,0.0897,-0.8034,0.80975,985.53,1000.0,14.47,51.25,206.0,2.2369,-0.259,LOCK,3,looseness
14970,6809614,5446,156146.0,-0.0624,-0.0741,-1.0608,1.06521,985.55,1000.0,14.45,51.25,206.0,2.2533,-0.0099,LOCK,3,looseness
14971,6809633,5465,156165.0,-0.0195,-0.0624,-0.7137,0.71669,985.56,1000.0,14.44,51.25,206.0,2.2728,0.2844,LOCK,3,looseness
14972,6809641,5473,156173.0,0.0078,-0.0507,-0.7527,0.75445,985.57,1000.0,14.43,51.25,206.0,2.2682,0.2154,LOCK,3,looseness
14973,6809650,5482,156182.0,0.0585,0.0936,-0.9867,0.99285,985.58,1000.0,14.42,51.25,206.0,2.2434,-0.1601,LOCK,3,looseness
14974,6809658,5490,156190.0,0.0585,0.0936,-0.9867,0.99285,985.58,1000.0,14.42,51.25,206.0,2.2418,-0.1845,LOCK,3,looseness
14975,6809667,5499,156199.0,-0.1443,0.0312,-0.7917,0.80535,985.59,1000.0,14.41,51.25,206.0,2.262,0.1205,LOCK,3,looseness
14976,6809675,5507,156207.0,-0.1599,-0.1677,-0.7098,0.74666,985.6,1000.0,14.4,51.25,206.0,2.2568,0.042,LOCK,3,looseness
14977,6809694,5526,156226.0,-0.0702,-0.0117,-0.8463,0.84929,985.61,1000.0,14.39,51.25,206.0,2.2674,0.2035,LOCK,3,looseness
14978,6809702,5534,156234.0,-0.039,0.1248,-0.7995,0.81012,985.62,1000.0,14.38,51.25,206.0,2.2706,0.2511,LOCK,3,looseness
14979,6809711,5543,156243.0,-0.039,0.1248,-0.7995,0.81012,985.64,1000.0,14.36,51.25,206.0,2.2668,0.1934,LOCK,3,looseness
14980,6809719,5551,156251.0,-0.0351,-0.0819,-0.702,0.70763,985.65,1000.0,14.35,51.25,206.0,2.2714,0.263,LOCK,3,looseness
14981,6809728,5560,156260.0,-0.0585,0.0234,-0.7137,0.71648,985.65,1000.0,14.35,51.25,206.0,2.2667,0.1922,LOCK,3,looseness
14982,6809736,5568,156268.0,-0.1248,-0.0468,-0.8034,0.81438,985.66,1000.0,14.34,51.25,206.0,2.2694,0.2328,LOCK,3,looseness
14983,6809745,5577,156277.0,0.0546,0.2379,-0.9048,0.93714,985.66,1000.0,14.34,51.25,206.0,2.2707,0.2523,LOCK,3,looseness
14984,6809763,5595,156295.0,0.0702,-0.1989,-0.7371,0.76668,985.66,1000.0,14.34,51.25,206.0,2.2599,0.0896,LOCK,3,looseness
14985,6809772,5604,156304.0,0.0702,-0.1989,-0.7371,0.76668,985.67,1000.0,14.33,51.25,206.0,2.2592,0.0789,LOCK,3,looseness
14986,6809780,5612,156312.0,0.0312,0.0819,-0.7722,0.77716,985.67,1000.0,14.33,51.25,206.0,2.2687,0.2227,LOCK,3,looseness
14987,6809794,5626,156326.0,-0.156,0.1989,-0.6903,0.73513,985.67,1000.0,14.33,51.25,206.0,2.2755,0.3265,LOCK,3,looseness
14988,6809802,5634,156334.0,-0.156,0.1989,-0.6903,0.73513,985.69,1000.0,14.31,51.25,206.0,2.26,0.0905,LOCK,3,looseness
14989,6809811,5643,156343.0,0.078,-0.156,-0.7371,0.75745,985.7,1000.0,14.3,51.25,206.0,2.2445,-0.1436,LOCK,3,looseness
14990,6809819,5651,156351.0,-0.0429,0.2106,-0.6708,0.70439,985.72,1000.0,14.28,51.25,206.0,2.2552,0.0182,LOCK,3,looseness
14991,6809827,5659,156359.0,0.0039,-0.0585,-0.9438,0.94562,985.73,1000.0,14.27,51.25,206.0,2.2466,-0.1121,LOCK,3,looseness
14992,6809837,5669,156369.0,0.0195,0.0975,-0.8268,0.83276,985.75,1000.0,14.25,51.25,206.0,2.2742,0.3067,LOCK,3,looseness
14993,6809846,5678,156378.0,-0.1365,0.0858,-0.7644,0.78122,985.76,1000.0,14.24,51.25,206.0,2.2659,0.1806,LOCK,3,looseness
14994,6809854,5686,156386.0,-0.1365,0.0858,-0.7644,0.78122,985.77,1000.0,14.23,51.25,206.0,2.2464,-0.1146,LOCK,3,looseness
14995,6809863,5695,156395.0,-0.0624,-0.1014,-0.7683,0.77747,985.77,1000.0,14.23,51.25,206.0,2.2563,0.0353,LOCK,3,looseness
14996,6809881,5713,156413.0,-0.0546,0.1404,-0.9048,0.91725,985.78,1000.0,14.22,51.25,206.0,2.2724,0.2795,LOCK,3,looseness
14997,6809890,5722,156422.0,-0.0351,-0.0546,-0.6669,0.67005,985.79,1000.0,14.21,51.25,206.0,2.2739,0.3015,LOCK,3,looseness
14998,6809898,5730,156430.0,0.0429,-0.0312,-0.819,0.82072,985.79,1000.0,14.21,51.25,206.0,2.2685,0.2191,LOCK,3,looseness
14999,6809907,5739,156439.0,0.1014,0.0546,-0.7449,0.75375,985.79,1000.0,14.21,51.25,206.0,2.2661,0.1827,LOCK,3,looseness
15000,6809915,5747,156447.0,0.1014,0.0546,-0.7449,0.75375,985.8,1000.0,14.2,51.25,206.0,2.2506,-0.0517,LOCK,3,looseness
15001,6809924,5756,156456.0,-0.0819,0.1989,-0.7059,0.73795,985.81,1000.0,14.19,51.25,206.0,2.2583,0.0655,LOCK,3,looseness
15002,6809932,5764,156464.0,-0.0195,0.0117,-0.9282,0.92848,985.82,1000.0,14.18,51.25,206.0,2.266,0.1818,LOCK,3,looseness
15003,6809941,5773,156473.0,-0.0195,0.0273,-0.8658,0.86645,985.84,1000.0,14.16,51.25,206.0,2.2622,0.1244,LOCK,3,looseness
15004,6810002,5834,156534.0,-0.0585,0.3432,-0.7293,0.80814,985.84,1000.0,14.16,51.25,206.0,2.2749,0.3161,LOCK,3,looseness
15005,6810010,5842,156542.0,0.1521,0.0117,-0.7488,0.76418,985.84,1000.0,14.16,51.25,206.0,2.2651,0.1684,LOCK,3,looseness
15006,6810019,5851,156551.0,0.0273,0.0156,-0.7449,0.74556,985.84,1000.0,14.16,51.25,206.0,2.2745,0.3109,LOCK,3,looseness
15007,6810027,5859,156559.0,0.0273,0.0156,-0.7449,0.74556,985.85,1000.0,14.15,51.25,206.0,2.27,0.242,LOCK,3,looseness
15008,6810036,5868,156568.0,0.0741,0.1521,-0.7917,0.80958,985.85,1000.0,14.15,51.25,206.0,2.2668,0.194,LOCK,3,looseness
15009,6810044,5876,156576.0,0.0858,0.3159,-0.9945,1.04699,985.86,1000.0,14.14,51.25,206.0,2.2688,0.2249,LOCK,3,looseness
15010,6810053,5885,156585.0,-0.0039,0.2028,-0.6513,0.68215,985.86,1000.0,14.14,51.25,206.0,2.2704,0.2481,LOCK,3,looseness
15011,6810061,5893,156593.0,0.0117,0.0234,-0.702,0.70249,985.87,1000.0,14.13,51.25,206.0,2.2569,0.0442,LOCK,3,looseness
15012,6810070,5902,156602.0,0.0546,-0.1248,-0.7488,0.76109,985.88,1000.0,14.12,51.25,206.0,2.2585,0.0683,LOCK,3,looseness
15013,6810088,5920,156620.0,0.0936,-0.0351,-0.7761,0.78251,985.88,1000.0,14.12,51.25,206.0,2.2541,0.002,LOCK,3,looseness
15014,6810097,5929,156629.0,0.078,0.0897,-1.0803,1.08682,985.89,1000.0,14.11,51.25,206.0,2.2734,0.2932,LOCK,3,looseness
15015,6810106,5938,156638.0,-0.1365,0.0741,-0.819,0.8336,985.88,1000.0,14.12,51.25,206.0,2.2744,0.3094,LOCK,3,looseness
15016,6810114,5946,156646.0,-0.0741,0.0468,-0.6084,0.61468,985.87,1000.0,14.13,51.25,206.0,2.2561,0.0316,LOCK,3,looseness
15017,6810122,5954,156654.0,0.0819,-0.2496,-0.7644,0.80828,985.86,1000.0,14.14,51.25,206.0,2.2504,-0.0544,LOCK,3,looseness
15018,6810131,5963,156663.0,0.0117,0.1248,-0.6708,0.68241,985.85,1000.0,14.15,51.25,206.0,2.258,0.06,LOCK,3,looseness
15019,6810139,5971,156671.0,0.0117,0.1248,-0.6708,0.68241,985.84,1000.0,14.16,51.25,206.0,2.2657,0.1766,LOCK,3,looseness
15020,6810148,5980,156680.0,-0.0234,-0.0546,-0.8697,0.87173,985.84,1000.0,14.16,51.25,206.0,2.276,0.3338,LOCK,3,looseness
15021,6810167,5999,156699.0,-0.2223,0.1716,-0.5889,0.65243,985.83,1000.0,14.17,51.25,206.0,2.262,0.1208,LOCK,3,looseness
15022,6810175,6007,156707.0,0.0663,0.1989,-0.7488,0.7776,985.82,1000.0,14.18,51.25,206.0,2.26,0.0912,LOCK,3,looseness
15023,6810183,6015,156715.0,-0.0546,-0.0897,-0.7566,0.76385,985.81,1000.0,14.19,51.25,206.0,2.2518,-0.0328,LOCK,3,looseness
15024,6810192,6024,156724.0,-0.0546,-0.0897,-0.7566,0.76385,985.81,1000.0,14.19,51.25,206.0,2.2708,0.2539,LOCK,3,looseness
15025,6810205,6037,156737.0,0.1014,-0.0702,-1.0179,1.02534,985.8,1000.0,14.2,51.25,206.0,2.2428,-0.1692,LOCK,3,looseness
15026,6810214,6046,156746.0,-0.0546,-0.0741,-0.7332,0.73895,985.79,1000.0,14.21,51.25,206.0,2.2602,0.0936,LOCK,3,looseness
15027,6810222,6054,156754.0,-0.0546,-0.0741,-0.7332,0.73895,985.79,1000.0,14.21,51.25,206.0,2.2541,0.0017,LOCK,3,looseness
15028,6810231,6063,156763.0,-0.039,0.1521,-0.6552,0.67375,985.78,1000.0,14.22,51.25,206.0,2.2587,0.0707,LOCK,3,looseness
15029,6810249,6081,156781.0,0.0585,0.0156,-0.6942,0.69684,985.78,1000.0,14.22,51.25,206.0,2.2818,0.4205,LOCK,3,looseness
15030,6810258,6090,156790.0,-0.0312,0.0975,-0.9399,0.94546,985.77,1000.0,14.23,51.25,206.0,2.2714,0.263,LOCK,3,looseness
15031,6810266,6098,156798.0,-0.0741,-0.117,-0.9204,0.93076,985.76,1000.0,14.24,51.25,206.0,2.2425,-0.1747,LOCK,3,looseness
15032,6810275,6107,156807.0,-0.1443,0.0312,-0.6123,0.62985,985.76,1000.0,14.24,51.25,206.0,2.2511,-0.0438,LOCK,3,looseness
15033,6810283,6115,156815.0,-0.1443,0.0312,-0.6123,0.62985,985.76,1000.0,14.24,51.25,206.0,2.2487,-0.0801,LOCK,3,looseness
15034,6810292,6124,156824.0,0.0273,0.0351,-0.6864,0.68784,985.75,1000.0,14.25,51.25,206.0,2.266,0.1824,LOCK,3,looseness
15035,6810305,6137,156837.0,-0.0741,-0.0897,-0.7488,0.75779,985.75,1000.0,14.25,51.25,206.0,2.2694,0.2331,LOCK,3,looseness
15036,6810314,6146,156846.0,-0.0741,-0.0897,-0.7488,0.75779,985.74,1000.0,14.26,51.25,206.0,2.2651,0.1687,LOCK,3,looseness
15037,6810322,6154,156854.0,-0.0234,0.0546,-0.7137,0.71617,985.74,1000.0,14.26,51.25,206.0,2.2688,0.2246,LOCK,3,looseness
15038,6810331,6163,156863.0,0.0585,0.0429,-0.936,0.93881,985.74,1000.0,14.26,51.25,206.0,2.27,0.2432,LOCK,3,looseness
15039,6810339,6171,156871.0,0.0858,0.1755,-1.053,1.07097,985.74,1000.0,14.26,51.25,206.0,2.2627,0.1318,LOCK,3,looseness
15040,6810348,6180,156880.0,0.0078,0.117,-0.7527,0.76178,985.73,1000.0,14.27,51.25,206.0,2.2739,0.3015,LOCK,3,looseness
15041,6810356,6188,156888.0,-0.2808,-0.0429,-0.6162,0.67852,985.74,1000.0,14.26,51.25,206.0,2.2741,0.3051,LOCK,3,looseness
15042,6810375,6207,156907.0,-0.0507,-0.117,-0.7098,0.72116,985.74,1000.0,14.26,51.25,206.0,2.2464,-0.1152,LOCK,3,looseness
15043,6810383,6215,156915.0,0.0585,0.0195,-0.7098,0.71247,985.74,1000.0,14.26,51.25,206.0,2.2574,0.0518,LOCK,3,looseness
15044,6810392,6224,156924.0,-0.1287,0.0741,-0.8541,0.86691,985.74,1000.0,14.26,51.25,206.0,2.2545,0.0075,LOCK,3,looseness
15045,6810405,6237,156937.0,-0.078,-0.0624,-0.975,0.9801,985.74,1000.0,14.26,51.25,206.0,2.2699,0.2404,LOCK,3,looseness
15046,6810414,6246,156946.0,0.0078,0.2106,-0.6513,0.68455,985.76,1000.0,14.24,51.25,206.0,2.2763,0.3372,LOCK,3,looseness
15047,6810422,6254,156954.0,-0.1443,0.0507,-0.6123,0.63111,985.77,1000.0,14.23,51.25,206.0,2.243,-0.1671,LOCK,3,looseness
15048,6810431,6263,156963.0,-0.039,0.2145,-0.7956,0.82493,985.78,1000.0,14.22,51.25,206.0,2.2412,-0.1939,LOCK,3,looseness
15049,6810439,6271,156971.0,0.0897,-0.0702,-0.7137,0.72273,985.8,1000.0,14.2,51.25,206.0,2.2481,-0.0899,LOCK,3,looseness
15050,6810448,6280,156980.0,0.0897,-0.0702,-0.7137,0.72273,985.81,1000.0,14.19,51.25,206.0,2.2775,0.3564,LOCK,3,looseness
15051,6810457,6289,156989.0,-0.0819,0.0702,-0.8853,0.89185,985.82,1000.0,14.18,51.25,206.0,2.2724,0.2795,LOCK,3,looseness
15052,6810465,6297,156997.0,-0.1287,-0.1131,-0.9282,0.94388,985.83,1000.0,14.17,51.25,206.0,2.2654,0.1733,LOCK,3,looseness
15053,6810484,6316,157016.0,-0.0507,0.0585,-0.7605,0.76443,985.84,1000.0,14.16,51.25,206.0,2.2619,0.1195,LOCK,3,looseness
15054,6810492,6324,157024.0,0.0624,0.0117,-0.6903,0.69321,985.85,1000.0,14.15,51.25,206.0,2.2508,-0.048,LOCK,3,looseness
15055,6810501,6333,157033.0,0.1326,0.0234,-1.0023,1.0113,985.86,1000.0,14.14,51.25,206.0,2.2628,0.1333,LOCK,3,looseness
15056,6810509,6341,157041.0,0.1326,0.0234,-1.0023,1.0113,985.87,1000.0,14.13,51.25,206.0,2.2787,0.3741,LOCK,3,looseness
15057,6810518,6350,157050.0,-0.1989,0.0858,-0.7254,0.75705,985.88,1000.0,14.12,51.25,206.0,2.2499,-0.0627,LOCK,3,looseness
15058,6810526,6358,157058.0,-0.1014,0.0858,-0.7059,0.71829,985.89,1000.0,14.11,51.25,206.0,2.2468,-0.1097,LOCK,3,looseness
15059,6810534,6366,157066.0,0.039,0.0936,-0.7488,0.75563,985.89,1000.0,14.11,51.25,206.0,2.2442,-0.1488,LOCK,3,looseness
15060,6810553,6385,157085.0,-0.0429,0.0156,-0.7527,0.75408,985.9,1000.0,14.1,51.25,206.0,2.2553,0.02,LOCK,3,looseness
15061,6810612,6444,157144.0,0.0468,0.0468,-0.7683,0.77115,985.9,1000.0,14.1,51.25,206.0,2.2732,0.2908,LOCK,3,looseness
15062,6810620,6452,157152.0,0.0975,0.0117,-0.7215,0.72815,985.9,1000.0,14.1,51.25,206.0,2.2494,-0.0691,LOCK,3,looseness
15063,6810629,6461,157161.0,0.1365,0.0429,-0.8307,0.84293,985.9,1000.0,14.1,51.25,206.0,2.2498,-0.063,LOCK,3,looseness
15064,6810637,6469,157169.0,-0.0351,0.0039,-1.1115,1.11206,985.9,1000.0,14.1,51.25,206.0,2.2459,-0.1234,LOCK,3,looseness
15065,6810646,6478,157178.0,0.0078,-0.0234,-0.7722,0.77259,985.9,1000.0,14.1,51.25,206.0,2.2552,0.0176,LOCK,3,looseness
15066,6810656,6488,157188.0,-0.0624,-0.0078,-0.7059,0.7087,985.91,1000.0,14.09,51.25,206.0,2.2814,0.4153,LOCK,3,looseness
15067,6810664,6496,157196.0,-0.0273,-0.1755,-0.6825,0.70523,985.92,1000.0,14.08,51.25,206.0,2.2786,0.3726,LOCK,3,looseness
15068,6810673,6505,157205.0,-0.0273,-0.1755,-0.6825,0.70523,985.92,1000.0,14.08,51.25,206.0,2.2505,-0.0535,LOCK,3,looseness
15069,6810681,6513,157213.0,0.0546,0.1248,-0.7878,0.79949,985.93,1000.0,14.07,51.25,206.0,2.2609,0.1043,LOCK,3,looseness
15070,6810689,6521,157221.0,0.234,-0.0312,-0.9633,0.9918,985.94,1000.0,14.06,51.25,206.0,2.256,0.031,LOCK,3,looseness
15071,6810708,6540,157240.0,-0.195,0.0702,-0.6318,0.66492,985.94,1000.0,14.06,51.25,206.0,2.2679,0.2105,LOCK,3,looseness
15072,6810717,6549,157249.0,0.0702,0.078,-0.6435,0.652,985.97,1000.0,14.03,51.25,206.0,2.272,0.2725,LOCK,3,looseness
15073,6810725,6557,157257.0,-0.039,-0.1677,-0.7449,0.76454,985.99,1000.0,14.01,51.25,206.0,2.2627,0.1324,LOCK,3,looseness
15074,6810734,6566,157266.0,-0.039,-0.1677,-0.7449,0.76454,986.01,1000.0,13.99,51.25,206.0,2.2423,-0.1769,LOCK,3,looseness
15075,6810742,6574,157274.0,0.0624,-0.0312,-0.7176,0.72098,986.02,1000.0,13.98,51.25,206.0,2.2674,0.2026,LOCK,3,looseness
15076,6810751,6583,157283.0,0.0507,-0.2574,-0.9282,0.96456,986.04,1000.0,13.96,51.25,206.0,2.2565,0.0371,LOCK,3,looseness
15077,6810759,6591,157291.0,-0.0585,0.1014,-0.975,0.982,986.05,1000.0,13.95,51.25,206.0,2.2679,0.2108,LOCK,3,looseness
15078,6810778,6610,157310.0,-0.0195,-0.0858,-0.7293,0.73459,986.07,1000.0,13.93,51.25,206.0,2.2442,-0.1479,LOCK,3,looseness
15079,6810786,6618,157318.0,0.0117,-0.0234,-0.7215,0.72197,986.09,1000.0,13.91,51.25,206.0,2.2605,0.0979,LOCK,3,looseness
15080,6810795,6627,157327.0,0.0117,-0.0234,-0.7215,0.72197,986.11,1000.0,13.89,51.25,206.0,2.2691,0.2288,LOCK,3,looseness
15081,6810803,6635,157335.0,0.0312,-0.0585,-0.7293,0.73231,986.12,1000.0,13.88,51.25,206.0,2.2585,0.0686,LOCK,3,looseness
15082,6810817,6649,157349.0,-0.1092,0.1443,-0.936,0.95333,986.14,1000.0,13.86,51.25,206.0,2.2695,0.2343,LOCK,3,looseness
15083,6810826,6658,157358.0,-0.1092,0.1443,-0.936,0.95333,986.15,1000.0,13.85,51.25,206.0,2.2443,-0.1475,LOCK,3,looseness
15084,6810834,6666,157366.0,-0.2223,-0.0663,-0.6513,0.69138,986.16,1000.0,13.84,51.25,206.0,2.2575,0.0524,LOCK,3,looseness
15085,6810842,6674,157374.0,0.0936,-0.0351,-0.702,0.70908,986.19,1000.0,13.81,51.25,206.0,2.2639,0.1495,LOCK,3,looseness
15086,6810851,6683,157383.0,-0.0858,-0.2691,-0.6942,0.74946,986.21,1000.0,13.79,51.25,206.0,2.2611,0.1076,LOCK,3,looseness
15087,6810865,6697,157397.0,0.1404,0.078,-0.6825,0.70114,986.24,1000.0,13.76,51.25,206.0,2.2718,0.2691,LOCK,3,looseness
15088,6810874,6706,157406.0,-0.0273,0.1599,-0.8268,0.84256,986.26,1000.0,13.74,51.25,206.0,2.2688,0.2242,LOCK,3,looseness
15089,6810882,6714,157414.0,0.0312,0.0897,-1.0959,1.10001,986.28,1000.0,13.72,51.25,206.0,2.2661,0.1827,LOCK,3,looseness
15090,6810891,6723,157423.0,-0.0975,0.0312,-0.9594,0.96485,986.29,1000.0,13.71,51.25,206.0,2.2721,0.2746,LOCK,3,looseness
15091,6810899,6731,157431.0,-0.1131,0.1638,-0.663,0.69224,986.32,1000.0,13.68,51.25,206.0,2.2657,0.1772,LOCK,3,looseness
15092,6810907,6739,157439.0,-0.1131,0.1638,-0.663,0.69224,986.35,1000.0,13.65,51.25,206.0,2.2547,0.0109,LOCK,3,looseness
15093,6810916,6748,157448.0,-0.2769,0.0507,-0.6786,0.73467,986.38,1000.0,13.62,51.25,206.0,2.2813,0.4129,LOCK,3,looseness
15094,6810925,6757,157457.0,0.117,-0.0624,-0.7527,0.76429,986.4,1000.0,13.6,51.25,206.0,2.2719,0.2706,LOCK,3,looseness
15095,6810943,6775,157475.0,-0.1482,0.1599,-0.7917,0.82117,986.42,1000.0,13.58,51.25,206.0,2.2578,0.0576,LOCK,3,looseness
15096,6810952,6784,157484.0,0.2184,0.0702,-0.9477,0.97507,986.44,1000.0,13.56,51.25,206.0,2.2617,0.1165,LOCK,3,looseness
15097,6810960,6792,157492.0,0.2184,0.0702,-0.9477,0.97507,986.48,1000.0,13.52,51.25,206.0,2.2636,0.1461,LOCK,3,looseness
15098,6810969,6801,157501.0,0.0975,0.0117,-1.0569,1.06145,986.52,1000.0,13.48,51.25,206.0,2.2738,0.3006,LOCK,3,looseness
15099,6810977,6809,157509.0,-0.1638,0.1053,-0.8424,0.86461,986.56,1000.0,13.44,51.25,206.0,2.2787,0.3735,LOCK,3,looseness
15100,6810986,6818,157518.0,-0.0039,0.0936,-0.5811,0.5886,986.59,1000.0,13.41,51.25,206.0,2.262,0.1208,LOCK,3,looseness
15101,6810994,6826,157526.0,-0.0741,-0.2028,-0.7527,0.78306,986.62,1000.0,13.38,51.25,206.0,2.2552,0.0185,LOCK,3,looseness
15102,6811003,6835,157535.0,0.078,0.0039,-0.7566,0.76062,986.64,1000.0,13.36,51.25,206.0,2.2476,-0.0972,LOCK,3,looseness
15103,6811026,6858,157558.0,0.1248,0.3315,-0.7995,0.87445,986.69,1000.0,13.31,51.25,206.0,2.2731,0.2893,LOCK,3,looseness
15104,6811034,6866,157566.0,-0.0117,0.1404,-1.0491,1.05852,986.74,1000.0,13.26,51.25,206.0,2.2536,-0.0065,LOCK,3,looseness
15105,6811043,6875,157575.0,-0.0117,-0.0312,-0.6435,0.64436,986.79,1000.0,13.21,51.25,206.0,2.2384,-0.237,LOCK,3,looseness
15106,6811051,6883,157583.0,-0.0117,-0.0312,-0.6435,0.64436,986.82,1000.0,13.18,51.25,206.0,2.2662,0.1852,LOCK,3,looseness
15107,6811060,6892,157592.0,0.0546,-0.0234,-0.702,0.70451,986.86,1000.0,13.14,51.25,206.0,2.2584,0.0673,LOCK,3,looseness
15108,6811068,6900,157600.0,-0.0234,-0.1326,-0.7527,0.76465,986.89,1000.0,13.11,51.25,206.0,2.2721,0.2737,LOCK,3,looseness
15109,6811087,6919,157619.0,-0.0624,0.0663,-0.7527,0.75819,986.94,1000.0,13.06,51.25,206.0,2.2707,0.2536,LOCK,3,looseness
15110,6811095,6927,157627.0,0.0351,0.0975,-1.0296,1.0348,986.98,1000.0,13.02,51.25,206.0,2.2536,-0.0056,LOCK,3,looseness
15111,6811104,6936,157636.0,-0.195,0.1287,-0.6591,0.69929,987.02,1000.0,12.98,51.25,206.0,2.2562,0.0341,LOCK,3,looseness
15112,6811112,6944,157644.0,-0.195,0.1287,-0.6591,0.69929,987.05,1000.0,12.95,51.25,206.0,2.2729,0.2868,LOCK,3,looseness
15113,6811122,6954,157654.0,-0.0507,-0.1326,-0.7059,0.72003,987.08,1000.0,12.92,51.25,206.0,2.2773,0.3531,LOCK,3,looseness
15114,6811131,6963,157663.0,-0.0507,-0.0702,-0.7449,0.74992,987.11,1000.0,12.89,51.25,206.0,2.2523,-0.0251,LOCK,3,looseness
15115,6811139,6971,157671.0,0.1092,0.0585,-0.6981,0.70901,987.15,1000.0,12.85,51.25,206.0,2.2572,0.0478,LOCK,3,looseness
15116,6811148,6980,157680.0,-0.0156,0.0078,-0.8502,0.85038,987.18,1000.0,12.82,51.25,206.0,2.2526,-0.0212,LOCK,3,looseness
15117,6811156,6988,157688.0,-0.1677,0.1248,-0.6513,0.68402,987.22,1000.0,12.78,51.25,206.0,2.2417,-0.1869,LOCK,3,looseness
15118,6811226,7058,157758.0,-0.0468,0.1014,-0.6903,0.69928,987.26,1000.0,12.74,51.25,206.0,2.2701,0.2444,LOCK,3,looseness
15119,6811235,7067,157767.0,0.1365,0.0585,-1.0686,1.07887,987.3,1000.0,12.7,51.25,206.0,2.249,-0.0755,LOCK,3,looseness
15120,6811243,7075,157775.0,-0.1521,0.0546,-0.702,0.72036,987.34,1000.0,12.66,51.25,206.0,2.2594,0.0811,LOCK,3,looseness
15121,6811251,7083,157783.0,0.039,-0.1521,-0.7254,0.7422,987.37,1000.0,12.63,51.25,206.0,2.2396,-0.2175,LOCK,3,looseness
15122,6811267,7099,157799.0,-0.0585,0.1053,-0.9321,0.93985,987.43,1000.0,12.57,51.25,206.0,2.2675,0.205,LOCK,3,looseness
15123,6811276,7108,157808.0,-0.0585,0.1053,-0.9321,0.93985,987.49,1000.0,12.51,51.25,206.0,2.2705,0.2502,LOCK,3,looseness
15124,6811284,7116,157816.0,-0.0585,0.0351,-0.8931,0.8957,987.54,1000.0,12.46,51.25,206.0,2.2706,0.252,LOCK,3,looseness
15125,6811293,7125,157825.0,-0.0351,-0.0897,-0.6786,0.6854,987.59,1000.0,12.41,51.25,206.0,2.2663,0.1867,LOCK,3,looseness
15126,6811301,7133,157833.0,-0.0624,-0.1326,-0.7995,0.81282,987.63,1000.0,12.37,51.25,206.0,2.2547,0.0103,LOCK,3,looseness
15127,6811310,7142,157842.0,-0.0741,0.039,-0.6747,0.67988,987.67,1000.0,12.33,51.25,206.0,2.256,0.0301,LOCK,3,looseness
15128,6811319,7151,157851.0,-0.0078,0.0858,-0.8541,0.85843,987.7,1000.0,12.3,51.25,206.0,2.2702,0.2447,LOCK,3,looseness
15129,6811328,7160,157860.0,-0.0078,0.0858,-0.8541,0.85843,987.77,1000.0,12.23,51.25,206.0,2.272,0.2722,LOCK,3,looseness
15130,6811336,7168,157868.0,-0.0156,0.2106,-1.0023,1.02431,987.82,1000.0,12.18,51.25,206.0,2.2579,0.0588,LOCK,3,looseness
15131,6811355,7187,157887.0,0.1092,-0.2652,-0.7332,0.7873,987.87,1000.0,12.13,51.25,206.0,2.263,0.1369,LOCK,3,looseness
15132,6811363,7195,157895.0,0.0,-0.039,-0.7449,0.74592,987.92,1000.0,12.08,51.25,206.0,2.2635,0.1443,LOCK,3,looseness
15133,6811372,7204,157904.0,-0.1092,0.0975,-0.7761,0.78979,987.96,1000.0,12.04,51.25,206.0,2.2812,0.4126,LOCK,3,looseness
15134,6811431,7263,157963.0,-0.1131,0.0702,-0.8307,0.8413,988.03,1000.0,11.97,51.25,206.0,2.2774,0.3549,LOCK,3,looseness
15135,6811439,7271,157971.0,0.0273,0.0273,-1.1232,1.12386,988.09,1000.0,11.91,51.25,206.0,2.2528,-0.0178,LOCK,3,looseness
15136,6811448,7280,157980.0,-0.0195,0.1599,-0.7917,0.80792,988.16,1000.0,11.84,51.25,206.0,2.2546,0.009,LOCK,3,looseness
15137,6811456,7288,157988.0,-0.0585,0.1872,-0.6357,0.66527,988.22,1000.0,11.78,51.25,206.0,2.2488,-0.0795,LOCK,3,looseness
15138,6811465,7297,157997.0,0.0117,0.0273,-0.7605,0.76108,988.28,1000.0,11.72,51.25,206.0,2.2607,0.1018,LOCK,3,looseness
15139,6811479,7311,158011.0,-0.039,-0.1638,-0.7956,0.81322,988.33,1000.0,11.67,51.25,206.0,2.2724,0.2792,LOCK,3,looseness
15140,6811488,7320,158020.0,-0.0468,0.0585,-0.7059,0.70986,988.37,1000.0,11.63,51.25,206.0,2.2693,0.2322,LOCK,3,looseness
15141,6811496,7328,158028.0,0.0234,-0.0975,-0.9438,0.94911,988.41,1000.0,11.59,51.25,206.0,2.2682,0.2151,LOCK,3,looseness
15142,6811505,7337,158037.0,0.1209,0.0351,-0.897,0.90579,988.49,1000.0,11.51,51.25,206.0,2.2578,0.0573,LOCK,3,looseness
15143,6811513,7345,158045.0,-0.1599,0.1209,-0.6591,0.68891,988.56,1000.0,11.44,51.25,206.0,2.2686,0.2215,LOCK,3,looseness
15144,6811522,7354,158054.0,-0.1599,0.1209,-0.6591,0.68891,988.62,1000.0,11.38,51.25,206.0,2.2622,0.1247,LOCK,3,looseness
15145,6811530,7362,158062.0,0.0858,-0.1521,-0.7761,0.7955,988.68,1000.0,11.32,51.25,206.0,2.2701,0.2438,LOCK,3,looseness
15146,6811549,7381,158081.0,-0.1443,-0.0663,-0.9048,0.91863,988.73,1000.0,11.27,51.25,206.0,2.2721,0.2737,LOCK,3,looseness
15147,6811557,7389,158089.0,0.078,-0.1482,-0.9828,0.99697,988.78,1000.0,11.22,51.25,206.0,2.2618,0.1186,LOCK,3,looseness
15148,6811566,7398,158098.0,-0.1248,0.0429,-0.6084,0.62255,988.85,1000.0,11.15,51.25,206.0,2.2633,0.1409,LOCK,3,looseness
15149,6811574,7406,158106.0,-0.1248,0.0429,-0.6084,0.62255,988.91,1000.0,11.09,51.25,206.0,2.2687,0.2233,LOCK,3,looseness
15150,6811583,7415,158115.0,-0.156,-0.0858,-0.7371,0.7583,988.97,1000.0,11.03,51.25,206.0,2.2685,0.2203,LOCK,3,looseness
15151,6811591,7423,158123.0,0.0468,-0.0078,-0.7137,0.71528,989.01,1000.0,10.99,51.25,206.0,2.2553,0.0191,LOCK,3,looseness
15152,6811600,7432,158132.0,0.0819,-0.0078,-0.7605,0.76494,989.06,1000.0,10.94,51.25,206.0,2.259,0.0762,LOCK,3,looseness
15153,6811618,7450,158150.0,-0.1365,-0.1287,-0.8307,0.85162,989.1,1000.0,10.9,51.25,206.0,2.2661,0.1833,LOCK,3,looseness
15154,6811631,7463,158163.0,-0.039,0.0,-0.6045,0.60576,989.17,1000.0,10.83,51.25,206.0,2.2773,0.3528,LOCK,3,looseness
15155,6811640,7472,158172.0,0.0468,-0.0468,-0.741,0.74395,989.24,1000.0,10.76,51.25,206.0,2.2774,0.3552,LOCK,3,looseness
15156,6811648,7480,158180.0,0.1131,0.0741,-0.7488,0.76091,989.29,1000.0,10.71,51.25,206.0,2.2522,-0.027,LOCK,3,looseness
15157,6811657,7489,158189.0,-0.078,0.0078,-0.9945,0.99758,989.35,1000.0,10.65,51.25,206.0,2.2567,0.0402,LOCK,3,looseness
15158,6811665,7497,158197.0,-0.078,0.0078,-0.9945,0.99758,989.39,1000.0,10.61,51.25,206.0,2.2401,-0.2113,LOCK,3,looseness
15159,6811674,7506,158206.0,-0.0585,0.0897,-0.936,0.94211,989.44,1000.0,10.56,51.25,206.0,2.2604,0.097,LOCK,3,looseness
15160,6811682,7514,158214.0,-0.1092,0.0702,-0.6747,0.68708,989.47,1000.0,10.53,51.25,206.0,2.2741,0.3039,LOCK,3,looseness
15161,6811701,7533,158233.0,-0.0663,0.1677,-0.7566,0.77779,989.54,1000.0,10.46,51.25,206.0,2.2591,0.0771,LOCK,3,looseness
15162,6811709,7541,158241.0,0.1872,0.1443,-1.014,1.04118,989.59,1000.0,10.41,51.25,206.0,2.2388,-0.23,LOCK,3,looseness
15163,6811718,7550,158250.0,0.1872,0.1443,-1.014,1.04118,989.64,1000.0,10.36,51.25,206.0,2.2569,0.0442,LOCK,3,looseness
15164,6811726,7558,158258.0,-0.2925,-0.0312,-0.6747,0.73604,989.69,1000.0,10.31,51.25,206.0,2.2663,0.1867,LOCK,3,looseness
15165,6811735,7567,158267.0,-0.0234,0.0585,-0.7488,0.75145,989.73,1000.0,10.27,51.25,206.0,2.2666,0.1916,LOCK,3,looseness
15166,6811743,7575,158275.0,-0.0273,0.1872,-0.6747,0.70072,989.77,1000.0,10.23,51.25,206.0,2.2693,0.2325,LOCK,3,looseness
15167,6811752,7584,158284.0,0.0507,0.1404,-0.7995,0.81332,989.82,1000.0,10.18,51.25,206.0,2.2758,0.3308,LOCK,3,looseness
15168,6811760,7592,158292.0,-0.195,0.1248,-0.8931,0.92262,989.87,1000.0,10.13,51.25,206.0,2.2353,-0.2831,LOCK,3,looseness
15169,6811779,7611,158311.0,-0.0585,-0.0858,-0.6084,0.6172,989.92,1000.0,10.08,51.25,206.0,2.2576,0.0551,LOCK,3,looseness
15170,6811787,7619,158319.0,0.0819,-0.0702,-0.7839,0.79129,989.96,1000.0,10.04,51.25,206.0,2.2669,0.1952,LOCK,3,looseness
15171,6811796,7628,158328.0,-0.1521,0.0,-0.7098,0.72591,989.99,1000.0,10.01,51.25,206.0,2.2576,0.0542,LOCK,3,looseness
15172,6811840,7672,158372.0,0.0039,-0.3432,-0.7215,0.79898,990.06,1000.0,9.94,51.25,206.0,2.2732,0.2902,LOCK,3,looseness
15173,6811849,7681,158381.0,0.1092,-0.0312,-0.7176,0.72653,990.12,1000.0,9.88,51.25,206.0,2.2659,0.1809,LOCK,3,looseness
15174,6811857,7689,158389.0,0.0117,0.2262,-0.9984,1.02377,990.18,1000.0,9.82,51.25,206.0,2.2747,0.3143,LOCK,3,looseness
15175,6811866,7698,158398.0,-0.0663,0.0975,-0.6747,0.68492,990.28,1000.0,9.72,51.25,206.0,2.2708,0.2548,LOCK,3,looseness
15176,6811874,7706,158406.0,-0.078,0.0,-0.6942,0.69857,990.36,1000.0,9.64,51.25,206.0,2.2757,0.3286,LOCK,3,looseness
15177,6811883,7715,158415.0,-0.1209,0.0468,-0.7605,0.77147,990.44,1000.0,9.56,51.25,206.0,2.27,0.2426,LOCK,3,looseness
15178,6811891,7723,158423.0,-0.1209,0.0468,-0.7605,0.77147,990.52,1000.0,9.48,51.25,206.0,2.2767,0.3445,LOCK,3,looseness
15179,6811900,7732,158432.0,0.0936,0.0,-0.9633,0.96784,990.58,1000.0,9.42,51.25,206.0,2.274,0.3027,LOCK,3,looseness
15180,6811908,7740,158440.0,-0.1092,0.0702,-0.9594,0.96814,990.64,1000.0,9.36,51.25,206.0,2.2628,0.1339,LOCK,3,looseness
15181,6811927,7759,158459.0,0.0858,-0.0234,-0.741,0.74632,990.74,1000.0,9.26,51.25,206.0,2.2559,0.0295,LOCK,3,looseness
15182,6811935,7767,158467.0,-0.0897,0.2496,-0.7059,0.75408,990.83,1000.0,9.17,51.25,206.0,2.2625,0.1284,LOCK,3,looseness
15183,6811944,7776,158476.0,-0.0117,0.1131,-1.0179,1.02423,990.91,1000.0,9.09,51.25,206.0,2.2717,0.2685,LOCK,3,looseness
15184,6811952,7784,158484.0,-0.0117,0.1131,-1.0179,1.02423,990.99,1000.0,9.01,51.25,206.0,2.2527,-0.0203,LOCK,3,looseness
15185,6811961,7793,158493.0,-0.1248,-0.0039,-0.7254,0.73607,991.06,1000.0,8.94,51.25,206.0,2.2561,0.0319,LOCK,3,looseness
15186,6811969,7801,158501.0,-0.1209,-0.1521,-0.7839,0.80762,991.12,1000.0,8.88,51.25,206.0,2.2374,-0.2522,LOCK,3,looseness
15187,6811978,7810,158510.0,-0.1014,-0.0585,-0.6708,0.68094,991.17,1000.0,8.83,51.25,206.0,2.2551,0.0173,LOCK,3,looseness
15188,6811989,7821,158521.0,0.0507,0.1326,-0.858,0.86966,991.24,1000.0,8.76,51.25,206.0,2.2726,0.2822,LOCK,3,looseness
15189,6811997,7829,158529.0,-0.0039,-0.039,-0.8853,0.88617,991.3,1000.0,8.7,51.25,206.0,2.2755,0.3253,LOCK,3,looseness
15190,6812006,7838,158538.0,-0.2106,-0.0039,-0.702,0.73292,991.36,1000.0,8.64,51.25,206.0,2.2487,-0.0804,LOCK,3,looseness
15191,6812014,7846,158546.0,-0.2106,-0.0039,-0.702,0.73292,991.41,1000.0,8.59,51.25,206.0,2.2501,-0.0593,LOCK,3,looseness
15192,6812023,7855,158555.0,0.3705,-0.1131,-0.6864,0.78817,991.45,1000.0,8.55,51.25,206.0,2.2642,0.154,LOCK,3,looseness
15193,6812041,7873,158573.0,0.0546,0.0663,-0.9243,0.92828,991.49,1000.0,8.51,51.25,206.0,2.2717,0.2679,LOCK,3,looseness
15194,6812049,7881,158581.0,0.0117,0.156,-0.858,0.87214,991.54,1000.0,8.46,51.25,206.0,2.2702,0.245,LOCK,3,looseness
15195,6812058,7890,158590.0,-0.0507,0.1053,-0.624,0.63485,991.58,1000.0,8.42,51.25,206.0,2.2678,0.2084,LOCK,3,looseness
15196,6812066,7898,158598.0,0.0546,0.0039,-0.7605,0.76247,991.62,1000.0,8.38,51.25,206.0,2.2547,0.0112,LOCK,3,looseness
15197,6812075,7907,158607.0,0.0546,0.0039,-0.7605,0.76247,991.66,1000.0,8.34,51.25,206.0,2.2569,0.0442,LOCK,3,looseness
15198,6812093,7925,158625.0,-0.0351,-0.0351,-0.9906,0.99184,991.69,1000.0,8.31,51.25,206.0,2.2708,0.2551,LOCK,3,looseness
15199,6812102,7934,158634.0,-0.0585,-0.0702,-0.8268,0.83183,991.72,1000.0,8.28,51.25,206.0,2.2683,0.2172,LOCK,3,looseness
15200,6812110,7942,158642.0,-0.0039,0.039,-0.6591,0.66026,991.75,1000.0,8.25,51.25,206.0,2.2549,0.0142,LOCK,3,looseness
15201,6812119,7951,158651.0,-0.0507,-0.1287,-0.7059,0.71933,991.78,1000.0,8.22,51.25,206.0,2.2532,-0.0123,LOCK,3,looseness
15202,6812127,7959,158659.0,-0.0507,-0.1287,-0.7059,0.71933,991.81,1000.0,8.19,51.25,206.0,2.2652,0.1696,LOCK,3,looseness
15203,6812136,7968,158668.0,-0.0507,-0.0117,-0.78,0.78173,991.84,1000.0,8.16,51.25,206.0,2.2737,0.2981,LOCK,3,looseness
15204,6812144,7976,158676.0,0.0273,0.0507,-1.0335,1.0351,991.86,1000.0,8.14,51.25,206.0,2.267,0.1977,LOCK,3,looseness
15205,6812153,7985,158685.0,-0.117,-0.0546,-0.7137,0.72528,991.88,1000.0,8.12,51.25,206.0,2.2719,0.2719,LOCK,3,looseness
15206,6812172,8004,158704.0,-0.0663,0.0507,-0.6786,0.68371,991.92,1000.0,8.08,51.25,206.0,2.2691,0.2288,LOCK,3,looseness
15207,6812180,8012,158712.0,-0.0975,-0.0663,-0.7839,0.79272,991.96,1000.0,8.04,51.25,206.0,2.2709,0.2563,LOCK,3,looseness
15208,6812189,8021,158721.0,-0.0975,-0.0663,-0.7839,0.79272,991.99,1000.0,8.01,51.25,206.0,2.2684,0.2188,LOCK,3,looseness
15209,6812197,8029,158729.0,0.0429,0.1677,-0.975,0.99025,992.02,1000.0,7.98,51.25,206.0,2.2769,0.3463,LOCK,3,looseness
15210,6812206,8038,158738.0,-0.1443,0.1365,-0.6669,0.69585,992.04,1000.0,7.96,51.25,206.0,2.2484,-0.0853,LOCK,3,looseness
15211,6812214,8046,158746.0,-0.0546,0.0351,-0.7293,0.73218,992.06,1000.0,7.94,51.25,206.0,2.265,0.1669,LOCK,3,looseness
15212,6812222,8054,158754.0,-0.0663,-0.0273,-0.7917,0.79494,992.08,1000.0,7.92,51.25,206.0,2.2452,-0.1335,LOCK,3,looseness
15213,6812231,8063,158763.0,0.2145,0.2613,-0.8346,0.90047,992.09,1000.0,7.91,51.25,206.0,2.2457,-0.1256,LOCK,3,looseness
15214,6812254,8086,158786.0,-0.0585,-0.0663,-0.6435,0.64955,992.09,1000.0,7.91,51.25,206.0,2.2775,0.3567,LOCK,3,looseness
15215,6812263,8095,158795.0,0.0858,-0.0468,-0.8112,0.81707,992.09,1000.0,7.91,51.25,206.0,2.2581,0.0625,LOCK,3,looseness
15216,6812271,8103,158803.0,-0.0273,0.1716,-0.7332,0.75351,992.09,1000.0,7.91,51.25,206.0,2.2483,-0.0871,LOCK,3,looseness
15217,6812280,8112,158812.0,-0.0273,0.1716,-0.7332,0.75351,992.1,1000.0,7.9,51.25,206.0,2.2603,0.0948,LOCK,3,looseness
15218,6812288,8120,158820.0,0.1326,0.156,-1.1154,1.13404,992.1,1000.0,7.9,51.25,206.0,2.2521,-0.0291,LOCK,3,looseness
15219,6812297,8129,158829.0,0.0078,0.0702,-0.7098,0.71331,992.12,1000.0,7.88,51.25,206.0,2.2734,0.2932,LOCK,3,looseness
15220,6812305,8137,158837.0,-0.078,-0.1833,-0.702,0.72972,992.13,1000.0,7.87,51.25,206.0,2.2721,0.2737,LOCK,3,looseness
15221,6812314,8146,158846.0,0.0741,-0.2145,-0.7488,0.78243,992.15,1000.0,7.85,51.25,206.0,2.249,-0.0752,LOCK,3,looseness
15222,6812332,8164,158864.0,0.0663,0.1911,-0.9867,1.00722,992.16,1000.0,7.84,51.25,206.0,2.2605,0.0985,LOCK,3,looseness
15223,6812341,8173,158873.0,0.0663,0.1911,-0.9867,1.00722,992.18,1000.0,7.82,51.25,206.0,2.2766,0.343,LOCK,3,looseness
15224,6812349,8181,158881.0,-0.2223,0.0624,-0.7059,0.7427,992.18,1000.0,7.82,51.25,206.0,2.267,0.1971,LOCK,3,looseness
15225,6812358,8190,158890.0,0.0585,-0.0897,-0.6669,0.67544,992.18,1000.0,7.82,51.25,206.0,2.2683,0.216,LOCK,3,looseness
15226,6812366,8198,158898.0,-0.0624,0.3003,-0.7761,0.83451,992.19,1000.0,7.81,51.25,206.0,2.2744,0.3085,LOCK,3,looseness
15227,6812375,8207,158907.0,0.1209,0.0819,-1.0062,1.01674,992.19,1000.0,7.81,51.25,206.0,2.2466,-0.1128,LOCK,3,looseness
15228,6812383,8215,158915.0,-0.0624,0.0546,-0.7956,0.79991,992.19,1000.0,7.81,51.25,206.0,2.2528,-0.0178,LOCK,3,looseness
15229,6812392,8224,158924.0,-0.0624,0.0546,-0.7956,0.79991,992.19,1000.0,7.81,51.25,206.0,2.252,-0.0309,LOCK,3,looseness
15230,6812400,8232,158932.0,-0.1716,0.1287,-0.6903,0.72286,992.2,1000.0,7.8,51.25,206.0,2.2507,-0.0493,LOCK,3,looseness
15231,6812456,8288,158988.0,0.0117,0.0897,-0.7605,0.76586,992.18,1000.0,7.82,51.25,206.0,2.2739,0.3021,LOCK,3,looseness
15232,6812465,8297,158997.0,0.0117,0.0897,-0.7605,0.76586,992.17,1000.0,7.83,51.25,206.0,2.2746,0.3125,LOCK,3,looseness
15233,6812473,8305,159005.0,-0.0039,0.1326,-0.7761,0.78736,992.14,1000.0,7.86,51.25,206.0,2.274,0.3033,LOCK,3,looseness
15234,6812482,8314,159014.0,0.0234,0.2028,-0.7098,0.73857,992.11,1000.0,7.89,51.25,206.0,2.2714,0.2633,LOCK,3,looseness
15235,6812490,8322,159022.0,0.0663,-0.0585,-1.0413,1.04505,992.09,1000.0,7.91,51.25,206.0,2.2761,0.3348,LOCK,3,looseness
15236,6812499,8331,159031.0,-0.0468,0.0468,-0.7059,0.709,992.06,1000.0,7.94,51.25,206.0,2.2644,0.158,LOCK,3,looseness
15237,6812507,8339,159039.0,-0.1599,-0.0585,-0.624,0.64681,992.04,1000.0,7.96,51.25,206.0,2.2647,0.162,LOCK,3,looseness
15238,6812516,8348,159048.0,-0.1599,-0.0585,-0.624,0.64681,992.03,1000.0,7.97,51.25,206.0,2.2552,0.0179,LOCK,3,looseness
15239,6812524,8356,159056.0,0.0468,-0.0156,-0.7371,0.73875,992.01,1000.0,7.99,51.25,206.0,2.2507,-0.0496,LOCK,3,looseness
15240,6812543,8375,159075.0,0.0741,0.3627,-0.7254,0.8144,991.98,1000.0,8.02,51.25,206.0,2.2576,0.0551,LOCK,3,looseness
15241,6812551,8383,159083.0,-0.0273,0.078,-0.9789,0.98238,991.95,1000.0,8.05,51.25,206.0,2.2733,0.292,LOCK,3,looseness
15242,6812560,8392,159092.0,-0.0195,0.0234,-1.0608,1.06124,991.92,1000.0,8.08,51.25,206.0,2.2729,0.2865,LOCK,3,looseness
15243,6812568,8400,159100.0,-0.0273,0.0156,-0.6942,0.69491,991.9,1000.0,8.1,51.25,206.0,2.2468,-0.1097,LOCK,3,looseness
15244,6812577,8409,159109.0,-0.0273,0.0156,-0.6942,0.69491,991.88,1000.0,8.12,51.25,206.0,2.2568,0.0417,LOCK,3,looseness
15245,6812585,8417,159117.0,-0.0975,-0.0975,-0.6513,0.66574,991.86,1000.0,8.14,51.25,206.0,2.2507,-0.0493,LOCK,3,looseness
15246,6812594,8426,159126.0,-0.0546,-0.1092,-0.6747,0.68566,991.78,1000.0,8.22,51.25,206.0,2.2506,-0.0511,LOCK,3,looseness
15247,6812605,8437,159137.0,-0.039,-0.1053,-0.6825,0.69168,991.71,1000.0,8.29,51.25,206.0,2.2745,0.3109,LOCK,3,looseness
15248,6812613,8445,159145.0,0.0234,0.0039,-0.7488,0.74918,991.65,1000.0,8.35,51.25,206.0,2.27,0.2432,LOCK,3,looseness
15249,6812622,8454,159154.0,-0.0156,0.0975,-0.9984,1.00327,991.6,1000.0,8.4,51.25,206.0,2.2376,-0.2483,LOCK,3,looseness
15250,6812630,8462,159162.0,-0.2457,-0.0117,-0.741,0.78076,991.55,1000.0,8.45,51.25,206.0,2.2521,-0.0294,LOCK,3,looseness
15251,6812639,8471,159171.0,-0.2457,-0.0117,-0.741,0.78076,991.5,1000.0,8.5,51.25,206.0,2.2629,0.1351,LOCK,3,looseness
15252,6812647,8479,159179.0,0.0312,-0.1053,-0.6981,0.70669,991.46,1000.0,8.54,51.25,206.0,2.2667,0.1919,LOCK,3,looseness
15253,6812662,8494,159194.0,-0.0273,0.0741,-0.7449,0.74907,991.37,1000.0,8.63,51.25,206.0,2.2461,-0.1201,LOCK,3,looseness
15254,6812671,8503,159203.0,-0.0078,-0.0819,-1.0686,1.07176,991.29,1000.0,8.71,51.25,206.0,2.2429,-0.1689,LOCK,3,looseness
15255,6812679,8511,159211.0,-0.0078,-0.0819,-1.0686,1.07176,991.22,1000.0,8.78,51.25,206.0,2.2525,-0.0224,LOCK,3,looseness
15256,6812688,8520,159220.0,-0.0312,0.0507,-0.8541,0.85617,991.16,1000.0,8.84,51.25,206.0,2.264,0.1522,LOCK,3,looseness
15257,6812707,8539,159239.0,-0.1755,-0.0741,-0.5616,0.59303,991.1,1000.0,8.9,51.25,206.0,2.2723,0.2768,LOCK,3,looseness
15258,6812716,8548,159248.0,0.039,0.1092,-0.7527,0.76158,991.01,1000.0,8.99,51.25,206.0,2.2745,0.3106,LOCK,3,looseness
15259,6812724,8556,159256.0,0.0117,-0.156,-0.7605,0.77642,990.93,1000.0,9.07,51.25,206.0,2.2493,-0.0712,LOCK,3,looseness
15260,6812732,8564,159264.0,-0.0273,0.0468,-0.7293,0.73131,990.85,1000.0,9.15,51.25,206.0,2.2545,0.0078,LOCK,3,looseness
15261,6812741,8573,159273.0,-0.0273,0.0468,-0.7293,0.73131,990.79,1000.0,9.21,51.25,206.0,2.2692,0.2297,LOCK,3,looseness
15262,6812752,8584,159284.0,-0.1287,-0.0078,-1.0101,1.0183,990.73,1000.0,9.27,51.25,206.0,2.2632,0.14,LOCK,3,looseness
15263,6812761,8593,159293.0,-0.1287,-0.0078,-1.0101,1.0183,990.67,1000.0,9.33,51.25,206.0,2.2722,0.2752,LOCK,3,looseness
15264,6812769,8601,159301.0,-0.1989,0.1248,-0.624,0.66672,990.62,1000.0,9.38,51.25,206.0,2.272,0.2728,LOCK,3,looseness
15265,6812778,8610,159310.0,-0.0624,0.195,-0.6786,0.70881,990.55,1000.0,9.45,51.25,206.0,2.2561,0.0319,LOCK,3,looseness
15266,6812786,8618,159318.0,0.0273,0.0195,-0.702,0.7028,990.49,1000.0,9.51,51.25,206.0,2.267,0.1971,LOCK,3,looseness
15267,6812795,8627,159327.0,-0.0234,0.1677,-0.7605,0.77912,990.43,1000.0,9.57,51.25,206.0,2.2539,-0.0022,LOCK,3,looseness
15268,6812803,8635,159335.0,0.1404,-0.0507,-0.9828,0.99407,990.38,1000.0,9.62,51.25,206.0,2.2716,0.2661,LOCK,3,looseness
15269,6812812,8644,159344.0,0.1404,-0.0507,-0.9828,0.99407,990.33,1000.0,9.67,51.25,206.0,2.2687,0.2221,LOCK,3,looseness
15270,6812820,8652,159352.0,-0.156,0.078,-0.8541,0.87173,990.29,1000.0,9.71,51.25,206.0,2.2684,0.2178,LOCK,3,looseness
15271,6812829,8661,159361.0,-0.0858,0.0897,-0.6513,0.66302,990.25,1000.0,9.75,51.25,206.0,2.2499,-0.0627,LOCK,3,looseness
15272,6812847,8679,159379.0,-0.0507,0.1092,-0.7254,0.73532,990.17,1000.0,9.83,51.25,206.0,2.2517,-0.0349,LOCK,3,looseness
15273,6812856,8688,159388.0,0.0585,0.0,-0.8424,0.84443,990.09,1000.0,9.91,51.25,206.0,2.2574,0.0518,LOCK,3,looseness
15274,6812869,8701,159401.0,0.1716,-0.039,-1.0179,1.033,990.02,1000.0,9.98,51.25,206.0,2.2727,0.2832,LOCK,3,looseness
15275,6812878,8710,159410.0,-0.2925,0.0468,-0.6474,0.71195,989.96,1000.0,10.04,51.25,206.0,2.2583,0.0646,LOCK,3,looseness
15276,6812886,8718,159418.0,0.0273,-0.2613,-0.7683,0.81198,989.9,1000.0,10.1,51.25,206.0,2.2431,-0.1652,LOCK,3,looseness
15277,6812895,8727,159427.0,0.0273,-0.2613,-0.7683,0.81198,989.85,1000.0,10.15,51.25,206.0,2.2538,-0.0032,LOCK,3,looseness
15278,6812903,8735,159435.0,-0.0468,-0.0897,-0.7137,0.72084,989.78,1000.0,10.22,51.25,206.0,2.2644,0.1574,LOCK,3,looseness
15279,6812912,8744,159444.0,-0.0312,-0.1209,-0.6864,0.69766,989.72,1000.0,10.28,51.25,206.0,2.2774,0.3546,LOCK,3,looseness
15280,6812920,8752,159452.0,0.0312,-0.0468,-1.053,1.0545,989.66,1000.0,10.34,51.25,206.0,2.2737,0.2981,LOCK,3,looseness
15281,6812939,8771,159471.0,-0.2223,0.0117,-0.6942,0.72902,989.61,1000.0,10.39,51.25,206.0,2.2477,-0.0953,LOCK,3,looseness
15282,6812947,8779,159479.0,-0.0312,-0.1092,-0.7449,0.75351,989.56,1000.0,10.44,51.25,206.0,2.2442,-0.1485,LOCK,3,looseness
15283,6812956,8788,159488.0,-0.0312,-0.1092,-0.7449,0.75351,989.52,1000.0,10.48,51.25,206.0,2.2693,0.2316,LOCK,3,looseness
15284,6812964,8796,159496.0,0.0585,0.2028,-0.624,0.65873,989.45,1000.0,10.55,51.25,206.0,2.2651,0.1678,LOCK,3,looseness
15285,6812973,8805,159505.0,0.0156,0.1677,-0.8931,0.90884,989.38,1000.0,10.62,51.25,206.0,2.2714,0.2639,LOCK,3,looseness
15286,6812981,8813,159513.0,-0.0351,0.0702,-0.8814,0.88489,989.32,1000.0,10.68,51.25,206.0,2.248,-0.0905,LOCK,3,looseness
15287,6813000,8832,159532.0,-0.0507,-0.1248,-0.7137,0.7263,989.27,1000.0,10.73,51.25,206.0,2.2384,-0.2361,LOCK,3,looseness
15288,6813008,8840,159540.0,-0.0039,-0.1599,-0.702,0.71999,989.22,1000.0,10.78,51.25,206.0,2.2394,-0.2208,LOCK,3,looseness
15289,6813017,8849,159549.0,-0.0039,-0.1599,-0.702,0.71999,989.18,1000.0,10.82,51.25,206.0,2.2566,0.0396,LOCK,3,looseness
15290,6813070,8902,159602.0,-0.117,-0.2379,-0.6942,0.7431,989.11,1000.0,10.89,51.25,206.0,2.2736,0.2975,LOCK,3,looseness
15291,6813079,8911,159611.0,-0.117,-0.2379,-0.6942,0.7431,989.0,1000.0,11.0,51.25,206.0,2.2599,0.0887,LOCK,3,looseness
15292,6813087,8919,159619.0,-0.0156,0.2106,-0.7059,0.73681,988.91,1000.0,11.09,51.25,206.0,2.2446,-0.1421,LOCK,3,looseness
15293,6813096,8928,159628.0,0.0117,0.1677,-0.9984,1.01245,988.82,1000.0,11.18,51.25,206.0,2.265,0.1659,LOCK,3,looseness
15294,6813104,8936,159636.0,0.0273,0.0273,-0.8346,0.83549,988.75,1000.0,11.25,51.25,206.0,2.242,-0.1811,LOCK,3,looseness
15295,6813113,8945,159645.0,-0.1599,-0.0039,-0.7293,0.74663,988.68,1000.0,11.32,51.25,206.0,2.2785,0.3714,LOCK,3,looseness
15296,6813122,8954,159654.0,-0.0429,-0.0624,-0.7995,0.80308,988.62,1000.0,11.38,51.25,206.0,2.2594,0.0811,LOCK,3,looseness
15297,6813130,8962,159662.0,-0.0429,-0.0624,-0.7995,0.80308,988.56,1000.0,11.44,51.25,206.0,2.2513,-0.0413,LOCK,3,looseness
15298,6813149,8981,159681.0,0.039,0.2457,-0.8658,0.90083,988.49,1000.0,11.51,51.25,206.0,2.2653,0.1705,LOCK,3,looseness
15299,6813157,8989,159689.0,-0.0468,0.0,-0.9984,0.9995,988.43,1000.0,11.57,51.25,206.0,2.2622,0.1238,LOCK,3,looseness
15300,6813166,8998,159698.0,-0.1326,-0.1794,-0.6591,0.69583,988.37,1000.0,11.63,51.25,206.0,2.2775,0.3561,LOCK,3,looseness
15301,6813174,9006,159706.0,-0.0741,-0.039,-0.7527,0.75734,988.32,1000.0,11.68,51.25,206.0,2.2755,0.3262,LOCK,3,looseness
15302,6813183,9015,159715.0,-0.0351,0.0468,-0.78,0.78219,988.27,1000.0,11.73,51.25,206.0,2.2547,0.0103,LOCK,3,looseness
15303,6813191,9023,159723.0,-0.0351,0.0468,-0.78,0.78219,988.23,1000.0,11.77,51.25,206.0,2.2595,0.0838,LOCK,3,looseness
15304,6813200,9032,159732.0,0.0234,0.0,-0.8424,0.84272,988.16,1000.0,11.84,51.25,206.0,2.2465,-0.1134,LOCK,3,looseness
15305,6813218,9050,159750.0,-0.2145,0.0078,-0.6903,0.7229,988.09,1000.0,11.91,51.25,206.0,2.262,0.1214,LOCK,3,looseness
15306,6813227,9059,159759.0,0.0312,-0.0039,-0.6786,0.67933,988.03,1000.0,11.97,51.25,206.0,2.2669,0.1962,LOCK,3,looseness
15307,6813235,9067,159767.0,-0.0312,-0.3276,-0.8346,0.89714,987.97,1000.0,12.03,51.25,206.0,2.2498,-0.0636,LOCK,3,looseness
15308,6813244,9076,159776.0,0.1482,0.0312,-0.7917,0.80606,987.92,1000.0,12.08,51.25,206.0,2.2443,-0.1475,LOCK,3,looseness
15309,6813252,9084,159784.0,0.1482,0.0312,-0.7917,0.80606,987.88,1000.0,12.12,51.25,206.0,2.265,0.1669,LOCK,3,looseness
15310,6813261,9093,159793.0,-0.078,0.3783,-0.7371,0.83217,987.82,1000.0,12.18,51.25,206.0,2.2734,0.2942,LOCK,3,looseness
15311,6813276,9108,159808.0,-0.0936,0.0819,-1.0725,1.07969,987.77,1000.0,12.23,51.25,206.0,2.2603,0.0957,LOCK,3,looseness
15312,6813285,9117,159817.0,0.0585,0.0195,-0.9477,0.9497,987.72,1000.0,12.28,51.25,206.0,2.252,-0.0306,LOCK,3,looseness
15313,6813293,9125,159825.0,0.0585,0.0195,-0.9477,0.9497,987.68,1000.0,12.32,51.25,206.0,2.2412,-0.1936,LOCK,3,looseness
15314,6813302,9134,159834.0,-0.1131,-0.0039,-0.6903,0.69951,987.64,1000.0,12.36,51.25,206.0,2.2671,0.198,LOCK,3,looseness
15315,6813321,9153,159853.0,0.1248,-0.0234,-0.7605,0.77103,987.6,1000.0,12.4,51.25,206.0,2.2669,0.1962,LOCK,3,looseness
15316,6813330,9162,159862.0,0.0585,0.0624,-0.6981,0.70332,987.56,1000.0,12.44,51.25,206.0,2.2723,0.2774,LOCK,3,looseness
15317,6813338,9170,159870.0,-0.1131,0.0819,-0.7488,0.76171,987.52,1000.0,12.48,51.25,206.0,2.2788,0.3757,LOCK,3,looseness
15318,6813346,9178,159878.0,0.1131,0.1365,-0.9126,0.92966,987.49,1000.0,12.51,51.25,206.0,2.2547,0.0109,LOCK,3,looseness
15319,6813355,9187,159887.0,0.1131,0.1365,-0.9126,0.92966,987.46,1000.0,12.54,51.25,206.0,2.2726,0.2816,LOCK,3,looseness
15320,6813363,9195,159895.0,0.117,0.0039,-1.0803,1.08662,987.43,1000.0,12.57,51.25,206.0,2.2611,0.1073,LOCK,3,looseness
15321,6813382,9214,159914.0,-0.1404,-0.0234,-0.6357,0.65144,987.42,1000.0,12.58,51.25,206.0,2.2703,0.2474,LOCK,3,looseness
15322,6813390,9222,159922.0,-0.0078,-0.195,-0.6513,0.67991,987.4,1000.0,12.6,51.25,206.0,2.2789,0.3778,LOCK,3,looseness
15323,6813399,9231,159931.0,-0.0312,0.039,-0.7137,0.71545,987.38,1000.0,12.62,51.25,206.0,2.2717,0.2688,LOCK,3,looseness
15324,6813407,9239,159939.0,0.1014,0.0,-0.9555,0.96087,987.37,1000.0,12.63,51.25,206.0,2.2782,0.3674,LOCK,3,looseness
15325,6813416,9248,159948.0,0.1014,0.0,-0.9555,0.96087,987.36,1000.0,12.64,51.25,206.0,2.2755,0.3259,LOCK,3,looseness
15326,6813424,9256,159956.0,0.1014,0.0351,-0.897,0.9034,987.35,1000.0,12.65,51.25,206.0,2.2678,0.2084,LOCK,3,looseness
15327,6813433,9265,159965.0,-0.1833,-0.0039,-0.6747,0.69917,987.34,1000.0,12.66,51.25,206.0,2.2764,0.339,LOCK,3,looseness
15328,6813441,9273,159973.0,0.0,0.0507,-0.6747,0.6766,987.33,1000.0,12.67,51.25,206.0,2.261,0.1061,LOCK,3,looseness
15329,6813460,9292,159992.0,0.0117,0.1014,-0.6786,0.68623,987.31,1000.0,12.69,51.25,206.0,2.2475,-0.0987,LOCK,3,looseness
15330,6813468,9300,160000.0,0.0117,0.1014,-0.6786,0.68623,987.29,1000.0,12.71,51.25,206.0,2.2578,0.0573,LOCK,3,looseness
15331,6813482,9314,160014.0,0.0429,-0.039,-0.9165,0.91833,987.28,1000.0,12.72,51.25,206.0,2.2771,0.3494,LOCK,3,looseness
15332,6813490,9322,160022.0,-0.1404,0.1248,-0.663,0.6891,987.26,1000.0,12.74,51.25,206.0,2.2419,-0.183,LOCK,3,looseness
15333,6813499,9331,160031.0,-0.1404,0.1248,-0.663,0.6891,987.25,1000.0,12.75,51.25,206.0,2.2401,-0.211,LOCK,3,looseness
15334,6813507,9339,160039.0,0.0975,0.1638,-0.702,0.72742,987.24,1000.0,12.76,51.25,206.0,2.2703,0.2465,LOCK,3,looseness
15335,6813515,9347,160047.0,-0.0585,-0.0078,-0.6474,0.65008,987.24,1000.0,12.76,51.25,206.0,2.2515,-0.038,LOCK,3,looseness
15336,6813524,9356,160056.0,-0.0507,0.0351,-0.702,0.7047,987.23,1000.0,12.77,51.25,206.0,2.2742,0.3067,LOCK,3,looseness
15337,6813543,9375,160075.0,-0.0273,-0.0273,-1.0101,1.01084,987.23,1000.0,12.77,51.25,206.0,2.2536,-0.0056,LOCK,3,looseness
15338,6813551,9383,160083.0,-0.1092,-0.0039,-0.6045,0.6143,987.22,1000.0,12.78,51.25,206.0,2.2589,0.0744,LOCK,3,looseness
15339,6813559,9391,160091.0,-0.1092,-0.0039,-0.6045,0.6143,987.22,1000.0,12.78,51.25,206.0,2.267,0.1968,LOCK,3,looseness
15340,6813568,9400,160100.0,-0.0507,0.1482,-0.6591,0.67746,987.21,1000.0,12.79,51.25,206.0,2.2721,0.2746,LOCK,3,looseness
15341,6813578,9410,160110.0,-0.0702,0.0468,-0.7488,0.75354,987.21,1000.0,12.79,51.25,206.0,2.2775,0.3555,LOCK,3,looseness
15342,6813587,9419,160119.0,-0.0702,-0.0234,-0.7254,0.72916,987.2,1000.0,12.8,51.25,206.0,2.271,0.2575,LOCK,3,looseness
15343,6813595,9427,160127.0,0.0156,0.0624,-0.7254,0.72825,987.2,1000.0,12.8,51.25,206.0,2.2679,0.2105,LOCK,3,looseness
15344,6813604,9436,160136.0,-0.0858,0.0819,-0.8541,0.8623,987.19,1000.0,12.81,51.25,206.0,2.2404,-0.2062,LOCK,3,looseness
15345,6813612,9444,160144.0,-0.0429,-0.0663,-1.014,1.01707,987.19,1000.0,12.81,51.25,206.0,2.2587,0.0719,LOCK,3,looseness
15346,6813621,9453,160153.0,-0.0429,-0.0663,-1.014,1.01707,987.18,1000.0,12.82,51.25,206.0,2.256,0.0301,LOCK,3,looseness
15347,6813639,9471,160171.0,-0.1638,0.1092,-0.6006,0.63204,987.17,1000.0,12.83,51.25,206.0,2.2749,0.3167,LOCK,3,looseness
15348,6813685,9517,160217.0,0.1131,0.0624,-0.9711,0.97965,987.16,1000.0,12.84,51.25,206.0,2.2757,0.3286,LOCK,3,looseness
15349,6813693,9525,160225.0,0.1131,0.0624,-0.9711,0.97965,987.15,1000.0,12.85,51.25,206.0,2.2737,0.299,LOCK,3,looseness
15350,6813702,9534,160234.0,-0.0975,0.2535,-0.6942,0.74544,987.14,1000.0,12.86,51.25,206.0,2.2774,0.3543,LOCK,3,looseness
15351,6813711,9543,160243.0,-0.0273,0.0468,-0.7137,0.71575,987.13,1000.0,12.87,51.25,206.0,2.2746,0.3125,LOCK,3,looseness
15352,6813719,9551,160251.0,0.1209,-0.2964,-0.7566,0.82153,987.12,1000.0,12.88,51.25,206.0,2.2676,0.2056,LOCK,3,looseness
15353,6813728,9560,160260.0,-0.1482,-0.0312,-0.741,0.75632,987.11,1000.0,12.89,51.25,206.0,2.2716,0.2667,LOCK,3,looseness
15354,6813736,9568,160268.0,-0.1755,0.0975,-0.8346,0.85841,987.1,1000.0,12.9,51.25,206.0,2.2679,0.2111,LOCK,3,looseness
15355,6813745,9577,160277.0,-0.1755,0.0975,-0.8346,0.85841,987.1,1000.0,12.9,51.25,206.0,2.2597,0.0866,LOCK,3,looseness
15356,6813763,9595,160295.0,-0.1365,0.1248,-0.6357,0.66206,987.1,1000.0,12.9,51.25,206.0,2.2581,0.0615,LOCK,3,looseness
15357,6813772,9604,160304.0,-0.0702,-0.0624,-0.7488,0.75467,987.1,1000.0,12.9,51.25,206.0,2.2683,0.2166,LOCK,3,looseness
15358,6813780,9612,160312.0,0.0897,-0.1092,-0.7371,0.75052,987.1,1000.0,12.9,51.25,206.0,2.2703,0.2471,LOCK,3,looseness
15359,6813789,9621,160321.0,-0.1014,0.0624,-0.7761,0.78518,987.1,1000.0,12.9,51.25,206.0,2.2698,0.2389,LOCK,3,looseness
15360,6813797,9629,160329.0,-0.0273,0.1092,-1.1076,1.1133,987.1,1000.0,12.9,51.25,206.0,2.256,0.0307,LOCK,3,looseness
15361,6813806,9638,160338.0,-0.0273,0.1092,-1.1076,1.1133,987.1,1000.0,12.9,51.25,206.0,2.2558,0.028,LOCK,3,looseness
15362,6813814,9646,160346.0,-0.0429,0.1638,-0.8073,0.82487,987.12,1000.0,12.88,51.25,206.0,2.253,-0.0154,LOCK,3,looseness
15363,6813833,9665,160365.0,0.1014,-0.0546,-0.7683,0.77688,987.13,1000.0,12.87,51.25,206.0,2.276,0.3338,LOCK,3,looseness
15364,6813841,9673,160373.0,-0.0546,-0.0819,-0.7098,0.71659,987.13,1000.0,12.87,51.25,206.0,2.2748,0.3152,LOCK,3,looseness
15365,6813850,9682,160382.0,-0.078,0.0429,-0.9984,1.00236,987.14,1000.0,12.86,51.25,206.0,2.2441,-0.1506,LOCK,3,looseness
15366,6813858,9690,160390.0,-0.039,-0.1716,-0.8463,0.8644,987.15,1000.0,12.85,51.25,206.0,2.2483,-0.0859,LOCK,3,looseness
15367,6813866,9698,160398.0,-0.039,-0.1716,-0.8463,0.8644,987.16,1000.0,12.84,51.25,206.0,2.2661,0.1827,LOCK,3,looseness
15368,6813875,9707,160407.0,-0.0117,0.0507,-0.6552,0.65726,987.17,1000.0,12.83,51.25,206.0,2.2664,0.1885,LOCK,3,looseness
15369,6813939,9771,160471.0,0.0936,0.0312,-0.6864,0.69345,987.21,1000.0,12.79,51.25,206.0,2.2845,0.4614,LOCK,3,looseness
15370,6813947,9779,160479.0,-0.0858,-0.0663,-0.7254,0.73346,987.24,1000.0,12.76,51.25,206.0,2.2574,0.0521,LOCK,3,looseness
15371,6813956,9788,160488.0,0.0585,0.0585,-0.9867,0.99016,987.27,1000.0,12.73,51.25,206.0,2.2661,0.1833,LOCK,3,looseness
15372,6813964,9796,160496.0,0.0585,0.0312,-0.8502,0.85278,987.29,1000.0,12.71,51.25,206.0,2.2445,-0.1436,LOCK,3,looseness
15373,6813996,9828,160528.0,0.078,-0.1365,-0.6747,0.69277,987.32,1000.0,12.68,51.25,206.0,2.2697,0.2374,LOCK,3,looseness
15374,6814004,9836,160536.0,-0.1326,0.078,-0.7254,0.74153,987.34,1000.0,12.66,51.25,206.0,2.269,0.227,LOCK,3,looseness
15375,6814013,9845,160545.0,0.078,0.0312,-0.8853,0.88928,987.36,1000.0,12.64,51.25,206.0,2.2703,0.2465,LOCK,3,looseness
15376,6814021,9853,160553.0,0.078,0.0312,-0.8853,0.88928,987.38,1000.0,12.62,51.25,206.0,2.2702,0.2459,LOCK,3,looseness
15377,6814030,9862,160562.0,0.2145,0.1248,-1.0686,1.09704,987.4,1000.0,12.6,51.25,206.0,2.2672,0.1998,LOCK,3,looseness
15378,6814038,9870,160570.0,-0.3198,-0.0273,-0.7293,0.7968,987.41,1000.0,12.59,51.25,206.0,2.2685,0.2194,LOCK,3,looseness
15379,6814047,9879,160579.0,0.1677,0.0819,-0.702,0.72638,987.43,1000.0,12.57,51.25,206.0,2.2647,0.1617,LOCK,3,looseness
15380,6814055,9887,160587.0,0.0156,0.0,-0.7371,0.73727,987.44,1000.0,12.56,51.25,206.0,2.261,0.1064,LOCK,3,looseness
15381,6814074,9906,160606.0,0.1209,0.0117,-0.9906,0.99802,987.46,1000.0,12.54,51.25,206.0,2.2611,0.1076,LOCK,3,looseness
15382,6814082,9914,160614.0,0.1209,0.0117,-0.9906,0.99802,987.47,1000.0,12.53,51.25,206.0,2.2654,0.1721,LOCK,3,looseness
15383,6814091,9923,160623.0,-0.0663,0.0507,-0.7722,0.7767,987.48,1000.0,12.52,51.25,206.0,2.2731,0.289,LOCK,3,looseness
15384,6814099,9931,160631.0,-0.1014,0.2457,-0.7449,0.7909,987.49,1000.0,12.51,51.25,206.0,2.2681,0.2133,LOCK,3,looseness
15385,6814108,9940,160640.0,-0.0195,-0.0117,-0.7995,0.79982,987.5,1000.0,12.5,51.25,206.0,2.2536,-0.0059,LOCK,3,looseness
15386,6814116,9948,160648.0,0.0156,0.0039,-0.7137,0.71388,987.52,1000.0,12.48,51.25,206.0,2.259,0.0765,LOCK,3,looseness
15387,6814124,9956,160656.0,-0.1833,0.1989,-1.053,1.08718,987.54,1000.0,12.46,51.25,206.0,2.2599,0.089,LOCK,3,looseness
15388,6814148,9980,160680.0,-0.2028,0.0897,-0.663,0.6991,987.55,1000.0,12.45,51.25,206.0,2.2633,0.1412,LOCK,3,looseness
15389,6814156,9988,160688.0,0.0351,-0.1638,-0.7917,0.80923,987.56,1000.0,12.44,51.25,206.0,2.2445,-0.1445,LOCK,3,looseness
15390,6814165,9997,160697.0,0.1326,0.1053,-0.7215,0.7411,987.57,1000.0,12.43,51.25,206.0,2.2467,-0.1112,LOCK,3,looseness
15391,6814173,10005,160705.0,0.1326,0.1053,-0.7215,0.7411,987.58,1000.0,12.42,51.25,206.0,2.2644,0.1571,LOCK,3,looseness
15392,6814182,10014,160714.0,0.0117,0.234,-0.6591,0.6995,987.6,1000.0,12.4,51.25,206.0,2.2694,0.2334,LOCK,3,looseness
15393,6814191,10023,160723.0,-0.1404,0.0624,-0.9204,0.93314,987.61,1000.0,12.39,51.25,206.0,2.2698,0.2401,LOCK,3,looseness
15394,6814200,10032,160732.0,0.0936,0.0702,-0.9399,0.94715,987.62,1000.0,12.38,51.25,206.0,2.283,0.4388,LOCK,3,looseness
15395,6814208,10040,160740.0,-0.0858,-0.0039,-0.6591,0.66467,987.63,1000.0,12.37,51.25,206.0,2.2758,0.3302,LOCK,3,looseness
15396,6814217,10049,160749.0,-0.0624,0.0546,-0.7488,0.75338,987.64,1000.0,12.36,51.25,206.0,2.2474,-0.0996,LOCK,3,looseness
15397,6814225,10057,160757.0,-0.0624,0.0546,-0.7488,0.75338,987.64,1000.0,12.36,51.25,206.0,2.252,-0.0303,LOCK,3,looseness
15398,6814244,10076,160776.0,0.0741,0.0117,-0.8853,0.88847,987.66,1000.0,12.34,51.25,206.0,2.2511,-0.0444,LOCK,3,looseness
15399,6814252,10084,160784.0,-0.1404,0.0975,-0.6708,0.69224,987.67,1000.0,12.33,51.25,206.0,2.2606,0.1006,LOCK,3,looseness
15400,6814296,10128,160828.0,-0.1248,0.1989,-0.6591,0.69968,987.7,1000.0,12.3,51.25,206.0,2.2716,0.2667,LOCK,3,looseness
15401,6814304,10136,160836.0,-0.1677,-0.039,-0.6825,0.70388,987.73,1000.0,12.27,51.25,206.0,2.2746,0.3115,LOCK,3,looseness
15402,6814313,10145,160845.0,-0.0468,0.0117,-0.6942,0.69587,987.76,1000.0,12.24,51.25,206.0,2.2717,0.2679,LOCK,3,looseness
15403,6814321,10153,160853.0,0.0819,-0.0234,-0.78,0.78464,987.78,1000.0,12.22,51.25,206.0,2.2718,0.27,LOCK,3,looseness
15404,6814329,10161,160861.0,0.1092,-0.0663,-1.0413,1.04911,987.8,1000.0,12.2,51.25,206.0,2.2689,0.2258,LOCK,3,looseness
15405,6814338,10170,160870.0,0.1092,-0.0663,-1.0413,1.04911,987.82,1000.0,12.18,51.25,206.0,2.2652,0.169,LOCK,3,looseness
15406,6814351,10183,160883.0,0.0663,-0.0351,-0.741,0.74479,987.83,1000.0,12.17,51.25,206.0,2.2805,0.4013,LOCK,3,looseness
15407,6814360,10192,160892.0,-0.0312,0.1209,-0.6318,0.64402,987.87,1000.0,12.13,51.25,206.0,2.2501,-0.059,LOCK,3,looseness
15408,6814368,10200,160900.0,-0.0312,0.1209,-0.6318,0.64402,987.9,1000.0,12.1,51.25,206.0,2.2614,0.1128,LOCK,3,looseness
15409,6814377,10209,160909.0,0.0507,0.2184,-1.0725,1.09568,987.92,1000.0,12.08,51.25,206.0,2.2678,0.2087,LOCK,3,looseness
15410,6814385,10217,160917.0,-0.0975,0.1131,-0.6435,0.6606,987.95,1000.0,12.05,51.25,206.0,2.2603,0.0951,LOCK,3,looseness
15411,6814400,10232,160932.0,0.0156,-0.0351,-0.7995,0.80042,987.97,1000.0,12.03,51.25,206.0,2.2655,0.1736,LOCK,3,looseness
15412,6814408,10240,160940.0,-0.0741,0.0468,-0.7722,0.77716,987.99,1000.0,12.01,51.25,206.0,2.261,0.1058,LOCK,3,looseness
15413,6814417,10249,160949.0,0.0195,0.1014,-0.9087,0.91455,988.02,1000.0,11.98,51.25,206.0,2.2618,0.1186,LOCK,3,looseness
15414,6814425,10257,160957.0,-0.1677,0.0468,-0.6279,0.65159,988.05,1000.0,11.95,51.25,206.0,2.2651,0.1687,LOCK,3,looseness
15415,6814434,10266,160966.0,-0.0039,-0.0585,-0.741,0.74332,988.08,1000.0,11.92,51.25,206.0,2.2467,-0.1103,LOCK,3,looseness
15416,6814445,10277,160977.0,0.0312,-0.0468,-0.8229,0.82482,988.11,1000.0,11.89,51.25,206.0,2.2711,0.2584,LOCK,3,looseness
15417,6814453,10285,160985.0,-0.0234,0.0273,-0.9984,0.99905,988.13,1000.0,11.87,51.25,206.0,2.267,0.1971,LOCK,3,looseness
15418,6814462,10294,160994.0,-0.0234,0.0273,-0.9984,0.99905,988.15,1000.0,11.85,51.25,206.0,2.2478,-0.0938,LOCK,3,looseness
15419,6814470,10302,161002.0,-0.2418,0.0663,-0.6045,0.65443,988.17,1000.0,11.83,51.25,206.0,2.2504,-0.0544,LOCK,3,looseness
15420,6814478,10310,161010.0,0.0351,0.117,-0.7644,0.7741,988.19,1000.0,11.81,51.25,206.0,2.2572,0.0481,LOCK,3,looseness
