sample_index,time_ms_raw,time_ms_zero,elapsed_ms,ax_g,ay_g,az_g,total_g,rpm,target_rpm,rpm_error,pwm_eq,duty_10bit,acs_v,current_a,control_mode,state,fault_type
9855,4272439,0,100843.0,-0.0702,0.0039,-0.8424,0.84533,1000.7,1000.0,-0.7,53.75,216.0,2.2548,0.0121,LOCK,3,looseness
9856,4272448,9,100852.0,-0.1209,-0.0507,-0.7059,0.71797,1000.7,1000.0,-0.7,53.75,216.0,2.2626,0.1302,LOCK,3,looseness
9857,4272456,17,100860.0,-0.039,0.3549,-0.7605,0.84014,1000.69,1000.0,-0.69,53.75,216.0,2.2595,0.0826,LOCK,3,looseness
9858,4272475,36,100879.0,0.0195,0.0429,-0.7644,0.76585,1000.69,1000.0,-0.69,53.75,216.0,2.2627,0.1321,LOCK,3,looseness
9859,4272519,80,100923.0,-0.1716,0.1872,-0.78,0.8203,1000.69,1000.0,-0.69,53.75,216.0,2.2861,0.4871,LOCK,3,looseness
9860,4272528,89,100932.0,0.0234,0.0,-0.6864,0.6868,1000.69,1000.0,-0.69,53.75,216.0,2.2851,0.4712,LOCK,3,looseness
9861,4272536,97,100940.0,0.039,-0.0195,-0.9087,0.90975,1000.69,1000.0,-0.69,53.75,216.0,2.2905,0.553,LOCK,3,looseness
9862,4272545,106,100949.0,0.039,-0.0195,-0.9087,0.90975,1000.69,1000.0,-0.69,53.75,216.0,2.2811,0.4108,LOCK,3,looseness
9863,4272554,115,100958.0,-0.0429,-0.1755,-0.8034,0.82346,1000.69,1000.0,-0.69,53.75,216.0,2.2754,0.3247,LOCK,3,looseness
9864,4272562,123,100966.0,-0.1872,-0.0936,-0.9321,0.95531,1000.69,1000.0,-0.69,53.75,216.0,2.2742,0.3054,LOCK,3,looseness
9865,4272571,132,100975.0,-0.0624,-0.1482,-0.7839,0.80022,1000.69,1000.0,-0.69,53.75,216.0,2.2755,0.3253,LOCK,3,looseness
9866,4272579,140,100983.0,0.0975,-0.1521,-0.7488,0.77029,1000.69,1000.0,-0.69,53.75,216.0,2.2437,-0.1558,LOCK,3,looseness
9867,4272598,159,101002.0,-0.039,-0.1014,-0.7332,0.74121,1000.69,1000.0,-0.69,53.75,216.0,2.2683,0.2172,LOCK,3,looseness
9868,4272606,167,101010.0,-0.039,-0.1014,-0.7332,0.74121,1000.69,1000.0,-0.69,53.75,216.0,2.2738,0.2999,LOCK,3,looseness
9869,4272615,176,101019.0,-0.0234,-0.0663,-0.7995,0.80259,1000.69,1000.0,-0.69,53.75,216.0,2.2826,0.433,LOCK,3,looseness
9870,4272624,185,101028.0,-0.312,-0.0975,-0.7878,0.85292,1000.69,1000.0,-0.69,53.75,216.0,2.2816,0.4178,LOCK,3,looseness
9871,4272632,193,101036.0,-0.0078,0.039,-0.7371,0.73817,1000.69,1000.0,-0.69,53.75,216.0,2.2731,0.2899,LOCK,3,looseness
9872,4272641,202,101045.0,0.0429,-0.0195,-0.7137,0.71525,1000.7,1000.0,-0.7,53.75,216.0,2.2798,0.3903,LOCK,3,looseness
9873,4272649,210,101053.0,0.0429,0.0897,-0.7917,0.79792,1000.7,1000.0,-0.7,53.75,216.0,2.2779,0.3622,LOCK,3,looseness
9874,4272658,219,101062.0,0.0429,0.0897,-0.7917,0.79792,1000.7,1000.0,-0.7,53.75,216.0,2.2816,0.4178,LOCK,3,looseness
9875,4272666,227,101070.0,-0.1365,-0.1365,-0.6786,0.70552,1000.7,1000.0,-0.7,53.75,216.0,2.2792,0.3815,LOCK,3,looseness
9876,4272685,246,101089.0,-0.2652,-0.078,-0.6513,0.70754,1000.7,1000.0,-0.7,53.75,216.0,2.2568,0.0429,LOCK,3,looseness
9877,4272694,255,101098.0,-0.0819,0.1755,-0.8034,0.82641,1000.7,1000.0,-0.7,53.75,216.0,2.2592,0.0786,LOCK,3,looseness
9878,4272702,263,101106.0,0.0624,-0.2496,-0.741,0.78439,1000.71,1000.0,-0.71,53.75,216.0,2.2601,0.093,LOCK,3,looseness
9879,4272711,272,101115.0,0.1092,-0.1716,-0.8736,0.89697,1000.71,1000.0,-0.71,53.75,216.0,2.2751,0.3192,LOCK,3,looseness
9880,4272727,288,101131.0,0.078,0.0195,-0.7722,0.77637,1000.72,1000.0,-0.72,53.75,216.0,2.2855,0.4767,LOCK,3,looseness
9881,4272735,296,101139.0,-0.1599,-0.0351,-0.936,0.95021,1000.72,1000.0,-0.72,53.75,216.0,2.2741,0.3051,LOCK,3,looseness
9882,4272744,305,101148.0,0.0273,-0.0624,-0.7488,0.75189,1000.72,1000.0,-0.72,53.75,216.0,2.2844,0.4611,LOCK,3,looseness
9883,4272752,313,101156.0,-0.1131,0.1248,-0.8892,0.90501,1000.74,1000.0,-0.74,53.75,216.0,2.282,0.4248,LOCK,3,looseness
9884,4272761,322,101165.0,-0.1131,0.1248,-0.8892,0.90501,1000.76,1000.0,-0.76,53.75,216.0,2.279,0.379,LOCK,3,looseness
9885,4272769,330,101173.0,0.0546,-0.1521,-0.7566,0.77367,1000.78,1000.0,-0.78,53.75,216.0,2.2782,0.3665,LOCK,3,looseness
9886,4272815,376,101219.0,-0.0975,0.1872,-0.6864,0.71812,1000.81,1000.0,-0.81,53.75,216.0,2.2718,0.27,LOCK,3,looseness
9887,4272824,385,101228.0,0.0039,-0.0039,-0.7488,0.74882,1000.84,1000.0,-0.84,53.75,216.0,2.2813,0.4129,LOCK,3,looseness
9888,4272832,393,101236.0,0.0039,-0.0039,-0.7488,0.74882,1000.86,1000.0,-0.86,53.75,216.0,2.2776,0.3583,LOCK,3,looseness
9889,4272841,402,101245.0,-0.0273,-0.078,-0.702,0.70685,1000.88,1000.0,-0.88,53.75,216.0,2.2806,0.4028,LOCK,3,looseness
9890,4272850,411,101254.0,0.0429,0.0234,-0.7956,0.7971,1000.9,1000.0,-0.9,53.75,216.0,2.2757,0.3289,LOCK,3,looseness
9891,4272858,419,101262.0,-0.2145,-0.195,-0.7059,0.76311,1000.92,1000.0,-0.92,53.75,216.0,2.2732,0.2902,LOCK,3,looseness
9892,4272867,428,101271.0,-0.1833,0.0507,-0.8112,0.8332,1000.93,1000.0,-0.93,53.75,216.0,2.2862,0.4883,LOCK,3,looseness
9893,4272875,436,101279.0,-0.2028,0.0273,-0.6357,0.66782,1000.95,1000.0,-0.95,53.75,216.0,2.2799,0.3931,LOCK,3,looseness
9894,4272894,455,101298.0,0.0351,0.1014,-0.7995,0.80667,1000.97,1000.0,-0.97,53.75,216.0,2.2742,0.3054,LOCK,3,looseness
9895,4272902,463,101306.0,0.0078,-0.0702,-0.6747,0.67839,1000.99,1000.0,-0.99,53.75,216.0,2.2786,0.3723,LOCK,3,looseness
9896,4272911,472,101315.0,0.0117,-0.0195,-0.9204,0.92068,1001.01,1000.0,-1.01,53.75,216.0,2.2631,0.1385,LOCK,3,looseness
9897,4272919,480,101323.0,-0.0936,-0.1755,-0.7566,0.78231,1001.02,1000.0,-1.02,53.75,216.0,2.273,0.2877,LOCK,3,looseness
9898,4272933,494,101337.0,-0.1443,-0.0741,-0.8775,0.89237,1001.03,1000.0,-1.03,53.75,216.0,2.2794,0.3842,LOCK,3,looseness
9899,4272941,502,101345.0,0.0858,-0.1677,-0.7332,0.75701,1001.04,1000.0,-1.04,53.75,216.0,2.2771,0.35,LOCK,3,looseness
9900,4272950,511,101354.0,0.0,0.1404,-0.7098,0.72355,1001.05,1000.0,-1.05,53.75,216.0,2.2823,0.4291,LOCK,3,looseness
9901,4272959,520,101363.0,0.0624,-0.0156,-0.7917,0.79431,1001.06,1000.0,-1.06,53.75,216.0,2.2768,0.346,LOCK,3,looseness
9902,4272967,528,101371.0,-0.1521,-0.1248,-0.6552,0.6841,1001.07,1000.0,-1.07,53.75,216.0,2.2796,0.3882,LOCK,3,looseness
9903,4272976,537,101380.0,-0.1521,-0.1248,-0.6552,0.6841,1001.08,1000.0,-1.08,53.75,216.0,2.2817,0.4193,LOCK,3,looseness
9904,4272984,545,101388.0,-0.1911,-0.0117,-0.8736,0.89433,1001.08,1000.0,-1.08,53.75,216.0,2.2777,0.3598,LOCK,3,looseness
9905,4272993,554,101397.0,0.0351,-0.0585,-0.6786,0.68202,1001.09,1000.0,-1.09,53.75,216.0,2.2524,-0.0236,LOCK,3,looseness
9906,4273011,572,101415.0,0.039,0.039,-0.7722,0.77417,1001.1,1000.0,-1.1,53.75,216.0,2.2602,0.0933,LOCK,3,looseness
9907,4273020,581,101424.0,0.0429,-0.2223,-0.9087,0.93648,1001.11,1000.0,-1.11,53.75,216.0,2.2567,0.0402,LOCK,3,looseness
9908,4273028,589,101432.0,-0.0195,-0.0429,-0.7566,0.75807,1001.12,1000.0,-1.12,53.75,216.0,2.2763,0.3381,LOCK,3,looseness
9909,4273037,598,101441.0,-0.0195,-0.0429,-0.7566,0.75807,1001.13,1000.0,-1.13,53.75,216.0,2.2925,0.5829,LOCK,3,looseness
9910,4273045,606,101449.0,-0.273,-0.039,-0.8619,0.90494,1001.13,1000.0,-1.13,53.75,216.0,2.2832,0.4425,LOCK,3,looseness
9911,4273054,615,101458.0,-0.0663,0.156,-0.7254,0.74494,1001.13,1000.0,-1.13,53.75,216.0,2.2438,-0.1549,LOCK,3,looseness
9912,4273062,623,101466.0,0.0,-0.1131,-0.7644,0.77272,1001.13,1000.0,-1.13,53.75,216.0,2.2753,0.3228,LOCK,3,looseness
9913,4273081,642,101485.0,-0.0156,-0.0468,-0.6864,0.68817,1001.12,1000.0,-1.12,53.75,216.0,2.2762,0.3357,LOCK,3,looseness
9914,4273090,651,101494.0,-0.078,0.0351,-0.8931,0.89719,1001.12,1000.0,-1.12,53.75,216.0,2.2574,0.0518,LOCK,3,looseness
9915,4273122,683,101526.0,-0.0702,-0.1677,-0.7059,0.72893,1001.12,1000.0,-1.12,53.75,216.0,2.2691,0.2294,LOCK,3,looseness
9916,4273136,697,101540.0,0.1521,0.0273,-0.8814,0.89484,1001.12,1000.0,-1.12,53.75,216.0,2.2839,0.4529,LOCK,3,looseness
9917,4273144,705,101548.0,0.0351,-0.0741,-0.7644,0.76878,1001.11,1000.0,-1.11,53.75,216.0,2.2845,0.462,LOCK,3,looseness
9918,4273153,714,101557.0,-0.1053,-0.0468,-0.9399,0.94694,1001.11,1000.0,-1.11,53.75,216.0,2.2753,0.3228,LOCK,3,looseness
9919,4273161,722,101565.0,0.0156,-0.1404,-0.7254,0.73903,1001.11,1000.0,-1.11,53.75,216.0,2.2895,0.5374,LOCK,3,looseness
9920,4273170,731,101574.0,0.0156,-0.1404,-0.7254,0.73903,1001.11,1000.0,-1.11,53.75,216.0,2.2844,0.4602,LOCK,3,looseness
9921,4273178,739,101582.0,-0.1794,0.2808,-0.7722,0.84103,1001.11,1000.0,-1.11,53.75,216.0,2.278,0.3644,LOCK,3,looseness
9922,4273187,748,101591.0,-0.039,-0.0936,-0.6708,0.67842,1001.11,1000.0,-1.11,53.75,216.0,2.2767,0.3445,LOCK,3,looseness
9923,4273195,756,101599.0,0.0663,-0.0897,-0.9399,0.9465,1001.11,1000.0,-1.11,53.75,216.0,2.2532,-0.0126,LOCK,3,looseness
9924,4273214,775,101618.0,-0.2106,-0.195,-0.9321,0.97529,1001.12,1000.0,-1.12,53.75,216.0,2.2704,0.249,LOCK,3,looseness
9925,4273223,784,101627.0,-0.2106,-0.195,-0.9321,0.97529,1001.12,1000.0,-1.12,53.75,216.0,2.2742,0.3058,LOCK,3,looseness
9926,4273231,792,101635.0,0.0858,-0.078,-0.7527,0.76158,1001.13,1000.0,-1.13,53.75,216.0,2.2795,0.386,LOCK,3,looseness
9927,4273240,801,101644.0,-0.1482,0.1911,-0.8346,0.86893,1001.14,1000.0,-1.14,53.75,216.0,2.2729,0.2862,LOCK,3,looseness
9928,4273249,810,101653.0,0.0702,-0.1209,-0.7215,0.73492,1001.15,1000.0,-1.15,53.75,216.0,2.2749,0.3164,LOCK,3,looseness
9929,4273257,818,101661.0,-0.0117,-0.0819,-0.8931,0.89692,1001.16,1000.0,-1.16,53.75,216.0,2.2824,0.4303,LOCK,3,looseness
9930,4273266,827,101670.0,0.0585,-0.1053,-0.7176,0.72764,1001.17,1000.0,-1.17,53.75,216.0,2.2838,0.4514,LOCK,3,looseness
9931,4273274,835,101678.0,-0.1248,-0.0468,-0.9243,0.93386,1001.18,1000.0,-1.18,53.75,216.0,2.2816,0.4187,LOCK,3,looseness
9932,4273283,844,101687.0,-0.1248,-0.0468,-0.9243,0.93386,1001.19,1000.0,-1.19,53.75,216.0,2.2806,0.4025,LOCK,3,looseness
9933,4273302,863,101706.0,-0.1482,-0.156,-0.6591,0.69333,1001.19,1000.0,-1.19,53.75,216.0,2.2562,0.0341,LOCK,3,looseness
9934,4273310,871,101714.0,0.0819,0.2145,-0.7995,0.83182,1001.2,1000.0,-1.2,53.75,216.0,2.2697,0.2386,LOCK,3,looseness
9935,4273318,879,101722.0,-0.1053,-0.0702,-0.6435,0.65583,1001.21,1000.0,-1.21,53.75,216.0,2.2534,-0.009,LOCK,3,looseness
9936,4273327,888,101731.0,-0.0624,-0.0078,-0.8931,0.89531,1001.21,1000.0,-1.21,53.75,216.0,2.2659,0.1803,LOCK,3,looseness
9937,4273340,901,101744.0,-0.195,-0.0585,-0.6591,0.68983,1001.22,1000.0,-1.22,53.75,216.0,2.2812,0.412,LOCK,3,looseness
9938,4273349,910,101753.0,0.0,-0.0468,-0.9165,0.91769,1001.24,1000.0,-1.24,53.75,216.0,2.2744,0.3085,LOCK,3,looseness
9939,4273358,919,101762.0,-0.0468,-0.2301,-0.7176,0.75504,1001.25,1000.0,-1.25,53.75,216.0,2.2759,0.3323,LOCK,3,looseness
9940,4273366,927,101770.0,-0.0468,-0.2301,-0.7176,0.75504,1001.27,1000.0,-1.27,53.75,216.0,2.2676,0.2062,LOCK,3,looseness
9941,4273375,936,101779.0,-0.0156,0.1677,-0.8502,0.86672,1001.28,1000.0,-1.28,53.75,216.0,2.2826,0.4327,LOCK,3,looseness
9942,4273383,944,101787.0,0.0312,-0.3354,-0.7917,0.86038,1001.29,1000.0,-1.29,53.75,216.0,2.2776,0.3576,LOCK,3,looseness
9943,4273392,953,101796.0,-0.039,-0.0312,-0.9789,0.98017,1001.31,1000.0,-1.31,53.75,216.0,2.2833,0.4446,LOCK,3,looseness
9944,4273430,991,101834.0,-0.0663,-0.2301,-0.7527,0.78987,1001.33,1000.0,-1.33,53.75,216.0,2.2814,0.4153,LOCK,3,looseness
9945,4273438,999,101842.0,0.0117,0.0156,-0.7527,0.75295,1001.35,1000.0,-1.35,53.75,216.0,2.2771,0.3497,LOCK,3,looseness
9946,4273447,1008,101851.0,0.0117,0.0156,-0.7527,0.75295,1001.36,1000.0,-1.36,53.75,216.0,2.2793,0.3827,LOCK,3,looseness
9947,4273455,1016,101859.0,-0.117,-0.0819,-0.6084,0.62494,1001.38,1000.0,-1.38,53.75,216.0,2.281,0.4089,LOCK,3,looseness
9948,4273464,1025,101868.0,-0.0936,0.1599,-0.7917,0.81309,1001.39,1000.0,-1.39,53.75,216.0,2.2748,0.3158,LOCK,3,looseness
9949,4273473,1034,101877.0,-0.1599,0.0156,-0.624,0.64435,1001.42,1000.0,-1.42,53.75,216.0,2.2809,0.4074,LOCK,3,looseness
9950,4273481,1042,101885.0,-0.1053,0.0234,-0.9282,0.93445,1001.44,1000.0,-1.44,53.75,216.0,2.278,0.3638,LOCK,3,looseness
9951,4273490,1051,101894.0,0.0858,-0.0702,-0.7332,0.74153,1001.45,1000.0,-1.45,53.75,216.0,2.28,0.3937,LOCK,3,looseness
9952,4273498,1059,101902.0,0.0858,-0.0702,-0.7332,0.74153,1001.47,1000.0,-1.47,53.75,216.0,2.2744,0.3097,LOCK,3,looseness
9953,4273517,1078,101921.0,-0.0897,-0.1326,-0.8463,0.86131,1001.48,1000.0,-1.48,53.75,216.0,2.2429,-0.168,LOCK,3,looseness
9954,4273525,1086,101929.0,-0.0507,-0.039,-0.9048,0.90706,1001.5,1000.0,-1.5,53.75,216.0,2.2522,-0.027,LOCK,3,looseness
9955,4273534,1095,101938.0,-0.1638,0.2379,-0.6903,0.74829,1001.52,1000.0,-1.52,53.75,216.0,2.2773,0.3531,LOCK,3,looseness
9956,4273547,1108,101951.0,-0.1482,0.0234,-0.6591,0.67596,1001.54,1000.0,-1.54,53.75,216.0,2.2789,0.3775,LOCK,3,looseness
9957,4273556,1117,101960.0,0.0585,-0.0117,-0.8151,0.81728,1001.55,1000.0,-1.55,53.75,216.0,2.2738,0.2999,LOCK,3,looseness
9958,4273564,1125,101968.0,-0.0546,-0.0858,-0.6708,0.67847,1001.57,1000.0,-1.57,53.75,216.0,2.2764,0.3387,LOCK,3,looseness
9959,4273573,1134,101977.0,-0.2379,-0.0858,-0.9048,0.93948,1001.58,1000.0,-1.58,53.75,216.0,2.2721,0.274,LOCK,3,looseness
9960,4273582,1143,101986.0,-0.2379,-0.0858,-0.9048,0.93948,1001.6,1000.0,-1.6,53.75,216.0,2.28,0.3937,LOCK,3,looseness
9961,4273590,1151,101994.0,-0.0273,-0.1014,-0.741,0.7484,1001.62,1000.0,-1.62,53.75,216.0,2.2831,0.441,LOCK,3,looseness
9962,4273599,1160,102003.0,-0.2301,0.1755,-0.7878,0.83927,1001.65,1000.0,-1.65,53.75,216.0,2.273,0.2884,LOCK,3,looseness
9963,4273607,1168,102011.0,-0.0039,0.0234,-0.6162,0.61666,1001.67,1000.0,-1.67,53.75,216.0,2.2567,0.0408,LOCK,3,looseness
9964,4273626,1187,102030.0,-0.039,0.0195,-0.585,0.58662,1001.7,1000.0,-1.7,53.75,216.0,2.2547,0.0106,LOCK,3,looseness
9965,4273634,1195,102038.0,-0.1248,-0.039,-0.8541,0.86405,1001.71,1000.0,-1.71,53.75,216.0,2.2766,0.343,LOCK,3,looseness
9966,4273643,1204,102047.0,-0.1248,-0.039,-0.8541,0.86405,1001.73,1000.0,-1.73,53.75,216.0,2.2766,0.3427,LOCK,3,looseness
9967,4273651,1212,102055.0,-0.0819,-0.1092,-0.7605,0.77265,1001.75,1000.0,-1.75,53.75,216.0,2.2801,0.3961,LOCK,3,looseness
9968,4273660,1221,102064.0,-0.117,-0.2145,-0.8502,0.88461,1001.76,1000.0,-1.76,53.75,216.0,2.2747,0.314,LOCK,3,looseness
9969,4273669,1230,102073.0,0.039,0.0078,-0.7878,0.7888,1001.77,1000.0,-1.77,53.75,216.0,2.2604,0.0973,LOCK,3,looseness
9970,4273677,1238,102081.0,-0.0312,-0.0351,-0.8931,0.89433,1001.79,1000.0,-1.79,53.75,216.0,2.2874,0.5063,LOCK,3,looseness
9971,4273696,1257,102100.0,-0.195,0.0507,-0.9126,0.93458,1001.8,1000.0,-1.8,53.75,216.0,2.286,0.4846,LOCK,3,looseness
9972,4273704,1265,102108.0,-0.195,0.0507,-0.9126,0.93458,1001.81,1000.0,-1.81,53.75,216.0,2.2596,0.0844,LOCK,3,looseness
9973,4273737,1298,102141.0,0.0273,-0.2964,-0.9594,1.00451,1001.82,1000.0,-1.82,53.75,216.0,2.2657,0.1766,LOCK,3,looseness
9974,4273750,1311,102154.0,-0.0234,-0.1404,-0.8034,0.81591,1001.83,1000.0,-1.83,53.75,216.0,2.279,0.3793,LOCK,3,looseness
9975,4273759,1320,102163.0,-0.2574,-0.0819,-0.7917,0.83651,1001.85,1000.0,-1.85,53.75,216.0,2.2763,0.3381,LOCK,3,looseness
9976,4273767,1328,102171.0,0.0312,0.1443,-0.6981,0.71354,1001.86,1000.0,-1.86,53.75,216.0,2.2787,0.3747,LOCK,3,looseness
9977,4273776,1337,102180.0,0.0312,0.1443,-0.6981,0.71354,1001.87,1000.0,-1.87,53.75,216.0,2.2765,0.3409,LOCK,3,looseness
9978,4273785,1346,102189.0,-0.156,-0.1326,-0.7137,0.74249,1001.88,1000.0,-1.88,53.75,216.0,2.2814,0.4156,LOCK,3,looseness
9979,4273793,1354,102197.0,0.0078,-0.117,-0.8502,0.85825,1001.89,1000.0,-1.89,53.75,216.0,2.2804,0.3995,LOCK,3,looseness
9980,4273802,1363,102206.0,-0.0273,-0.0351,-0.6825,0.68395,1001.9,1000.0,-1.9,53.75,216.0,2.277,0.3491,LOCK,3,looseness
9981,4273810,1371,102214.0,-0.0273,-0.0117,-0.8697,0.87021,1001.91,1000.0,-1.91,53.75,216.0,2.2568,0.0417,LOCK,3,looseness
9982,4273829,1390,102233.0,0.0078,0.1365,-0.8775,0.88809,1001.92,1000.0,-1.92,53.75,216.0,2.2577,0.0567,LOCK,3,looseness
9983,4273837,1398,102241.0,0.0078,0.1365,-0.8775,0.88809,1001.93,1000.0,-1.93,53.75,216.0,2.2749,0.3161,LOCK,3,looseness
9984,4273846,1407,102250.0,-0.1248,-0.1755,-0.7371,0.76791,1001.94,1000.0,-1.94,53.75,216.0,2.2797,0.39,LOCK,3,looseness
9985,4273855,1416,102259.0,0.0663,0.0039,-0.8658,0.86834,1001.94,1000.0,-1.94,53.75,216.0,2.2766,0.3418,LOCK,3,looseness
9986,4273863,1424,102267.0,-0.0507,0.0429,-0.7839,0.78671,1001.95,1000.0,-1.95,53.75,216.0,2.2844,0.4611,LOCK,3,looseness
9987,4273872,1433,102276.0,-0.1716,-0.0117,-0.7722,0.79112,1001.96,1000.0,-1.96,53.75,216.0,2.2915,0.5686,LOCK,3,looseness
9988,4273880,1441,102284.0,-0.0975,-0.1014,-0.819,0.83099,1001.96,1000.0,-1.96,53.75,216.0,2.2784,0.3692,LOCK,3,looseness
9989,4273889,1450,102293.0,-0.0975,-0.1014,-0.819,0.83099,1001.97,1000.0,-1.97,53.75,216.0,2.2798,0.3903,LOCK,3,looseness
9990,4273907,1468,102311.0,-0.0507,0.0312,-0.6981,0.70063,1001.97,1000.0,-1.97,53.75,216.0,2.2702,0.2459,LOCK,3,looseness
9991,4273916,1477,102320.0,0.0156,0.0,-0.7449,0.74506,1001.98,1000.0,-1.98,53.75,216.0,2.2687,0.2233,LOCK,3,looseness
9992,4273924,1485,102328.0,0.0546,-0.0312,-0.8151,0.81752,1001.98,1000.0,-1.98,53.75,216.0,2.2599,0.089,LOCK,3,looseness
9993,4273933,1494,102337.0,-0.2145,-0.156,-0.7488,0.79439,1001.99,1000.0,-1.99,53.75,216.0,2.2587,0.0716,LOCK,3,looseness
9994,4273952,1513,102356.0,-0.2808,0.0858,-0.5811,0.65107,1001.99,1000.0,-1.99,53.75,216.0,2.2728,0.2844,LOCK,3,looseness
9995,4273961,1522,102365.0,-0.2808,0.0858,-0.5811,0.65107,1001.99,1000.0,-1.99,53.75,216.0,2.2786,0.3729,LOCK,3,looseness
9996,4273969,1530,102373.0,0.0546,0.117,-0.8268,0.83682,1001.99,1000.0,-1.99,53.75,216.0,2.2823,0.4288,LOCK,3,looseness
9997,4273978,1539,102382.0,-0.0234,-0.1833,-0.663,0.68827,1001.99,1000.0,-1.99,53.75,216.0,2.2575,0.0527,LOCK,3,looseness
9998,4273986,1547,102390.0,0.0546,0.0,-0.7722,0.77413,1001.99,1000.0,-1.99,53.75,216.0,2.2807,0.404,LOCK,3,looseness
9999,4273995,1556,102399.0,-0.1677,-0.0468,-0.6357,0.65911,1001.99,1000.0,-1.99,53.75,216.0,2.2819,0.423,LOCK,3,looseness
10000,4274003,1564,102407.0,0.0,0.0117,-0.9243,0.92437,1001.99,1000.0,-1.99,53.75,216.0,2.2812,0.4123,LOCK,3,looseness
10001,4274044,1605,102448.0,-0.039,-0.0663,-0.9867,0.98969,1002.0,1000.0,-2.0,53.75,216.0,2.2787,0.3744,LOCK,3,looseness
10002,4274053,1614,102457.0,-0.039,-0.0663,-0.9867,0.98969,1002.0,1000.0,-2.0,53.75,216.0,2.2808,0.4056,LOCK,3,looseness
10003,4274061,1622,102465.0,-0.117,-0.0741,-0.7449,0.75766,1002.01,1000.0,-2.01,53.75,216.0,2.2785,0.3717,LOCK,3,looseness
10004,4274070,1631,102474.0,-0.1911,-0.0858,-0.9165,0.94013,1002.01,1000.0,-2.01,53.75,216.0,2.2787,0.3747,LOCK,3,looseness
10005,4274078,1639,102482.0,-0.078,-0.0702,-0.7566,0.76384,1002.02,1000.0,-2.02,53.75,216.0,2.2699,0.2404,LOCK,3,looseness
10006,4274087,1648,102491.0,0.0,0.0858,-0.8541,0.8584,1002.02,1000.0,-2.02,53.75,216.0,2.2827,0.4346,LOCK,3,looseness
10007,4274106,1667,102510.0,-0.1911,-0.1482,-0.7215,0.76095,1002.02,1000.0,-2.02,53.75,216.0,2.2794,0.3851,LOCK,3,looseness
10008,4274114,1675,102518.0,-0.1911,-0.1482,-0.7215,0.76095,1002.02,1000.0,-2.02,53.75,216.0,2.2431,-0.1656,LOCK,3,looseness
10009,4274123,1684,102527.0,-0.2028,-0.0117,-0.8034,0.82868,1002.02,1000.0,-2.02,53.75,216.0,2.2629,0.1342,LOCK,3,looseness
10010,4274131,1692,102535.0,0.0819,0.1092,-0.5928,0.60831,1002.02,1000.0,-2.02,53.75,216.0,2.2589,0.0744,LOCK,3,looseness
10011,4274140,1701,102544.0,-0.0585,-0.117,-0.9594,0.96828,1002.01,1000.0,-2.01,53.75,216.0,2.2499,-0.0615,LOCK,3,looseness
10012,4274163,1724,102567.0,-0.0195,-0.0897,-0.8229,0.828,1002.0,1000.0,-2.0,53.75,216.0,2.2789,0.3772,LOCK,3,looseness
10013,4274172,1733,102576.0,-0.0039,-0.0858,-0.7878,0.79247,1002.0,1000.0,-2.0,53.75,216.0,2.2762,0.3369,LOCK,3,looseness
10014,4274180,1741,102584.0,-0.1911,0.0078,-0.6084,0.63775,1001.99,1000.0,-1.99,53.75,216.0,2.2696,0.2368,LOCK,3,looseness
10015,4274189,1750,102593.0,-0.078,0.1209,-0.7878,0.80083,1001.98,1000.0,-1.98,53.75,216.0,2.2803,0.3989,LOCK,3,looseness
10016,4274197,1758,102601.0,-0.0195,-0.0936,-0.7878,0.79358,1001.97,1000.0,-1.97,53.75,216.0,2.2773,0.3537,LOCK,3,looseness
10017,4274206,1767,102610.0,-0.0195,-0.0936,-0.7878,0.79358,1001.96,1000.0,-1.96,53.75,216.0,2.2691,0.2291,LOCK,3,looseness
10018,4274225,1786,102629.0,0.0,-0.0312,-0.7371,0.73776,1001.95,1000.0,-1.95,53.75,216.0,2.2731,0.2893,LOCK,3,looseness
10019,4274233,1794,102637.0,-0.0702,0.0507,-0.8736,0.87788,1001.95,1000.0,-1.95,53.75,216.0,2.2606,0.1006,LOCK,3,looseness
10020,4274242,1803,102646.0,-0.0741,-0.1365,-0.8502,0.86427,1001.94,1000.0,-1.94,53.75,216.0,2.261,0.1058,LOCK,3,looseness
10021,4274250,1811,102654.0,-0.1755,0.1872,-0.6318,0.68192,1001.93,1000.0,-1.93,53.75,216.0,2.2698,0.2398,LOCK,3,looseness
10022,4274259,1820,102663.0,-0.1014,0.0117,-0.702,0.70938,1001.91,1000.0,-1.91,53.75,216.0,2.2834,0.4456,LOCK,3,looseness
10023,4274267,1828,102671.0,-0.1014,0.0117,-0.702,0.70938,1001.9,1000.0,-1.9,53.75,216.0,2.2758,0.3296,LOCK,3,looseness
10024,4274286,1847,102690.0,0.0468,0.0312,-0.8073,0.80926,1001.89,1000.0,-1.89,53.75,216.0,2.2627,0.1321,LOCK,3,looseness
10025,4274294,1855,102698.0,-0.2301,-0.0663,-0.7488,0.78616,1001.88,1000.0,-1.88,53.75,216.0,2.2774,0.354,LOCK,3,looseness
10026,4274303,1864,102707.0,-0.0195,-0.0351,-0.7878,0.78882,1001.87,1000.0,-1.87,53.75,216.0,2.2856,0.4788,LOCK,3,looseness
10027,4274311,1872,102715.0,-0.1677,0.156,-0.6396,0.67937,1001.85,1000.0,-1.85,53.75,216.0,2.2769,0.347,LOCK,3,looseness
10028,4274351,1912,102755.0,-0.1989,-0.0312,-0.7254,0.75282,1001.84,1000.0,-1.84,53.75,216.0,2.2731,0.2899,LOCK,3,looseness
10029,4274365,1926,102769.0,0.1209,-0.039,-0.819,0.82879,1001.82,1000.0,-1.82,53.75,216.0,2.2795,0.3857,LOCK,3,looseness
10030,4274373,1934,102777.0,-0.234,-0.0975,-0.6357,0.68438,1001.81,1000.0,-1.81,53.75,216.0,2.2785,0.3708,LOCK,3,looseness
10031,4274382,1943,102786.0,-0.0156,0.0429,-0.8151,0.81638,1001.8,1000.0,-1.8,53.75,216.0,2.2747,0.3137,LOCK,3,looseness
10032,4274390,1951,102794.0,-0.0156,0.0429,-0.8151,0.81638,1001.79,1000.0,-1.79,53.75,216.0,2.2796,0.3876,LOCK,3,looseness
10033,4274399,1960,102803.0,-0.0858,-0.039,-0.6396,0.64651,1001.79,1000.0,-1.79,53.75,216.0,2.2731,0.2899,LOCK,3,looseness
10034,4274408,1969,102812.0,0.0039,-0.0624,-0.8151,0.81749,1001.78,1000.0,-1.78,53.75,216.0,2.2745,0.3103,LOCK,3,looseness
10035,4274416,1977,102820.0,-0.2028,-0.0507,-0.6825,0.7138,1001.77,1000.0,-1.77,53.75,216.0,2.2745,0.3103,LOCK,3,looseness
10036,4274435,1996,102839.0,-0.0624,-0.0312,-0.7137,0.7171,1001.76,1000.0,-1.76,53.75,216.0,2.2682,0.2157,LOCK,3,looseness
10037,4274443,2004,102847.0,0.0195,0.0663,-0.9009,0.90355,1001.75,1000.0,-1.75,53.75,216.0,2.2668,0.1937,LOCK,3,looseness
10038,4274452,2013,102856.0,0.0195,0.0663,-0.9009,0.90355,1001.74,1000.0,-1.74,53.75,216.0,2.2696,0.2368,LOCK,3,looseness
10039,4274461,2022,102865.0,0.0312,-0.1872,-0.7605,0.78382,1001.73,1000.0,-1.73,53.75,216.0,2.2776,0.3573,LOCK,3,looseness
10040,4274469,2030,102873.0,-0.0585,-0.0858,-1.0218,1.02706,1001.72,1000.0,-1.72,53.75,216.0,2.2815,0.4159,LOCK,3,looseness
10041,4274478,2039,102882.0,-0.1404,-0.1872,-0.702,0.73997,1001.71,1000.0,-1.71,53.75,216.0,2.2698,0.2392,LOCK,3,looseness
10042,4274486,2047,102890.0,0.0507,0.1521,-0.8346,0.84986,1001.7,1000.0,-1.7,53.75,216.0,2.2794,0.3842,LOCK,3,looseness
10043,4274495,2056,102899.0,0.0546,-0.0936,-0.7839,0.79135,1001.7,1000.0,-1.7,53.75,216.0,2.2738,0.2996,LOCK,3,looseness
10044,4274514,2075,102918.0,-0.0156,-0.0078,-0.8112,0.81139,1001.69,1000.0,-1.69,53.75,216.0,2.2808,0.4065,LOCK,3,looseness
10045,4274522,2083,102926.0,0.0624,-0.1599,-0.8112,0.82916,1001.69,1000.0,-1.69,53.75,216.0,2.2661,0.184,LOCK,3,looseness
10046,4274531,2092,102935.0,-0.1794,-0.195,-0.6903,0.73941,1001.68,1000.0,-1.68,53.75,216.0,2.2672,0.2004,LOCK,3,looseness
10047,4274539,2100,102943.0,-0.1482,0.039,-0.8697,0.8831,1001.68,1000.0,-1.68,53.75,216.0,2.2586,0.0704,LOCK,3,looseness
10048,4274548,2109,102952.0,-0.0585,0.0156,-0.6474,0.65022,1001.67,1000.0,-1.67,53.75,216.0,2.2613,0.1113,LOCK,3,looseness
10049,4274567,2128,102971.0,0.117,0.0975,-0.7956,0.81005,1001.66,1000.0,-1.66,53.75,216.0,2.2728,0.2856,LOCK,3,looseness
10050,4274576,2137,102980.0,0.117,0.0975,-0.7956,0.81005,1001.65,1000.0,-1.65,53.75,216.0,2.2835,0.4471,LOCK,3,looseness
10051,4274584,2145,102988.0,-0.0312,0.0273,-0.7722,0.77331,1001.65,1000.0,-1.65,53.75,216.0,2.2809,0.4071,LOCK,3,looseness
10052,4274593,2154,102997.0,0.0039,0.0624,-0.7956,0.79805,1001.64,1000.0,-1.64,53.75,216.0,2.2581,0.0625,LOCK,3,looseness
10053,4274601,2162,103005.0,-0.2457,-0.1092,-0.7332,0.78095,1001.63,1000.0,-1.63,53.75,216.0,2.2779,0.3622,LOCK,3,looseness
10054,4274610,2171,103014.0,-0.0468,0.1404,-0.7332,0.74799,1001.62,1000.0,-1.62,53.75,216.0,2.2785,0.3717,LOCK,3,looseness
10055,4274619,2180,103023.0,-0.1716,0.0234,-0.624,0.64759,1001.6,1000.0,-1.6,53.75,216.0,2.2689,0.2252,LOCK,3,looseness
10056,4274659,2220,103063.0,0.0819,-0.1014,-0.7761,0.78697,1001.59,1000.0,-1.59,53.75,216.0,2.2723,0.2777,LOCK,3,looseness
10057,4274667,2228,103071.0,0.0819,-0.1014,-0.7761,0.78697,1001.57,1000.0,-1.57,53.75,216.0,2.2824,0.4297,LOCK,3,looseness
10058,4274676,2237,103080.0,-0.2613,0.1404,-0.8346,0.88575,1001.55,1000.0,-1.55,53.75,216.0,2.2807,0.4046,LOCK,3,looseness
10059,4274684,2245,103088.0,-0.0117,-0.0741,-0.8112,0.81466,1001.54,1000.0,-1.54,53.75,216.0,2.2811,0.4108,LOCK,3,looseness
10060,4274693,2254,103097.0,-0.0156,-0.3198,-0.702,0.77157,1001.52,1000.0,-1.52,53.75,216.0,2.2791,0.3799,LOCK,3,looseness
10061,4274702,2263,103106.0,0.0351,-0.0585,-0.8853,0.88792,1001.51,1000.0,-1.51,53.75,216.0,2.2765,0.3409,LOCK,3,looseness
10062,4274710,2271,103114.0,-0.1326,-0.0975,-0.7722,0.78955,1001.5,1000.0,-1.5,53.75,216.0,2.2888,0.5271,LOCK,3,looseness
10063,4274729,2290,103133.0,0.0429,-0.0312,-0.9282,0.92971,1001.48,1000.0,-1.48,53.75,216.0,2.2562,0.0335,LOCK,3,looseness
10064,4274737,2298,103141.0,-0.0585,-0.0702,-0.7254,0.73113,1001.46,1000.0,-1.46,53.75,216.0,2.2694,0.2328,LOCK,3,looseness
10065,4274746,2307,103150.0,-0.117,0.0039,-0.6903,0.70016,1001.44,1000.0,-1.44,53.75,216.0,2.2631,0.1382,LOCK,3,looseness
10066,4274754,2315,103158.0,0.039,0.0273,-0.7917,0.79313,1001.42,1000.0,-1.42,53.75,216.0,2.2628,0.1336,LOCK,3,looseness
10067,4274771,2332,103175.0,-0.1521,-0.0819,-0.9204,0.93647,1001.41,1000.0,-1.41,53.75,216.0,2.2703,0.2462,LOCK,3,looseness
10068,4274780,2341,103184.0,-0.1521,-0.0819,-0.9204,0.93647,1001.4,1000.0,-1.4,53.75,216.0,2.2778,0.3601,LOCK,3,looseness
10069,4274788,2349,103192.0,-0.0624,-0.039,-0.7683,0.77182,1001.37,1000.0,-1.37,53.75,216.0,2.2788,0.3763,LOCK,3,looseness
10070,4274797,2358,103201.0,-0.1599,0.1482,-0.702,0.73507,1001.35,1000.0,-1.35,53.75,216.0,2.271,0.2581,LOCK,3,looseness
10071,4274806,2367,103210.0,0.0585,0.0195,-0.7605,0.763,1001.33,1000.0,-1.33,53.75,216.0,2.2776,0.3579,LOCK,3,looseness
10072,4274814,2375,103218.0,-0.0819,-0.0468,-0.5967,0.60411,1001.31,1000.0,-1.31,53.75,216.0,2.2678,0.2087,LOCK,3,looseness
10073,4274833,2394,103237.0,0.039,-0.0117,-0.897,0.89792,1001.29,1000.0,-1.29,53.75,216.0,2.2621,0.122,LOCK,3,looseness
10074,4274841,2402,103245.0,-0.1326,-0.156,-0.7098,0.73874,1001.28,1000.0,-1.28,53.75,216.0,2.265,0.1663,LOCK,3,looseness
10075,4274850,2411,103254.0,-0.0195,0.1365,-0.8502,0.86131,1001.25,1000.0,-1.25,53.75,216.0,2.2531,-0.0135,LOCK,3,looseness
10076,4274858,2419,103262.0,0.0039,-0.1365,-0.7917,0.80339,1001.22,1000.0,-1.22,53.75,216.0,2.2699,0.241,LOCK,3,looseness
10077,4274869,2430,103273.0,-0.1365,0.0897,-0.8229,0.83895,1001.2,1000.0,-1.2,53.75,216.0,2.2813,0.4141,LOCK,3,looseness
10078,4274877,2438,103281.0,0.0624,-0.1638,-0.8307,0.84899,1001.18,1000.0,-1.18,53.75,216.0,2.2804,0.3998,LOCK,3,looseness
10079,4274886,2447,103290.0,-0.2028,-0.0702,-0.6864,0.71917,1001.16,1000.0,-1.16,53.75,216.0,2.2785,0.3711,LOCK,3,looseness
10080,4274894,2455,103298.0,-0.2028,-0.0702,-0.6864,0.71917,1001.14,1000.0,-1.14,53.75,216.0,2.2784,0.3695,LOCK,3,looseness
10081,4274903,2464,103307.0,-0.1872,0.0,-0.858,0.87818,1001.13,1000.0,-1.13,53.75,216.0,2.2727,0.2835,LOCK,3,looseness
10082,4274911,2472,103315.0,-0.0546,-0.0546,-0.7176,0.72174,1001.1,1000.0,-1.1,53.75,216.0,2.282,0.4245,LOCK,3,looseness
10083,4274930,2491,103334.0,0.0468,0.1833,-0.819,0.84057,1001.08,1000.0,-1.08,53.75,216.0,2.2861,0.4871,LOCK,3,looseness
10084,4274971,2532,103375.0,-0.0663,0.1482,-0.7878,0.80436,1001.06,1000.0,-1.06,53.75,216.0,2.2896,0.539,LOCK,3,looseness
10085,4274979,2540,103383.0,-0.0117,-0.1092,-0.7449,0.75295,1001.01,1000.0,-1.01,53.75,216.0,2.2756,0.3271,LOCK,3,looseness
10086,4274988,2549,103392.0,0.0897,0.078,-0.8931,0.90098,1000.98,1000.0,-0.98,53.75,216.0,2.2518,-0.0331,LOCK,3,looseness
10087,4274996,2557,103400.0,0.0897,0.078,-0.8931,0.90098,1000.94,1000.0,-0.94,53.75,216.0,2.2546,0.0094,LOCK,3,looseness
10088,4275005,2566,103409.0,0.0156,0.078,-0.7293,0.73363,1000.91,1000.0,-0.91,53.75,216.0,2.2549,0.0136,LOCK,3,looseness
10089,4275016,2577,103420.0,-0.1092,0.0351,-0.6591,0.66901,1000.88,1000.0,-0.88,53.75,216.0,2.2866,0.4944,LOCK,3,looseness
10090,4275024,2585,103428.0,-0.117,0.0195,-0.8463,0.85457,1000.86,1000.0,-0.86,53.75,216.0,2.2933,0.5948,LOCK,3,looseness
10091,4275033,2594,103437.0,0.0624,0.0312,-0.6786,0.68218,1000.83,1000.0,-0.83,53.75,216.0,2.2576,0.0539,LOCK,3,looseness
10092,4275041,2602,103445.0,-0.1287,-0.1131,-0.8775,0.89407,1000.81,1000.0,-0.81,53.75,216.0,2.2529,-0.016,LOCK,3,looseness
10093,4275050,2611,103454.0,0.0507,-0.2574,-0.8307,0.87114,1000.79,1000.0,-0.79,53.75,216.0,2.2608,0.1028,LOCK,3,looseness
10094,4275058,2619,103462.0,0.0507,-0.2574,-0.8307,0.87114,1000.78,1000.0,-0.78,53.75,216.0,2.2577,0.0564,LOCK,3,looseness
10095,4275077,2638,103481.0,-0.2184,-0.0507,-0.9204,0.94731,1000.76,1000.0,-0.76,53.75,216.0,2.2808,0.4056,LOCK,3,looseness
10096,4275085,2646,103489.0,0.0507,-0.1911,-0.7995,0.82358,1000.75,1000.0,-0.75,53.75,216.0,2.245,-0.1359,LOCK,3,looseness
10097,4275094,2655,103498.0,-0.1326,0.0,-0.7956,0.80657,1000.71,1000.0,-0.71,53.75,216.0,2.2558,0.0274,LOCK,3,looseness
10098,4275102,2663,103506.0,-0.0351,-0.0312,-0.7722,0.77363,1000.68,1000.0,-0.68,53.75,216.0,2.2545,0.0081,LOCK,3,looseness
10099,4275111,2672,103515.0,-0.0273,-0.1014,-0.7098,0.71753,1000.65,1000.0,-0.65,53.75,216.0,2.2641,0.1537,LOCK,3,looseness
10100,4275121,2682,103525.0,0.1053,-0.1365,-0.8073,0.8255,1000.62,1000.0,-0.62,53.75,216.0,2.2761,0.3344,LOCK,3,looseness
10101,4275130,2691,103534.0,0.1053,-0.1365,-0.8073,0.8255,1000.6,1000.0,-0.6,53.75,216.0,2.2846,0.463,LOCK,3,looseness
10102,4275139,2700,103543.0,-0.1833,-0.0156,-0.6591,0.68429,1000.58,1000.0,-0.58,53.75,216.0,2.2595,0.0832,LOCK,3,looseness
10103,4275147,2708,103551.0,-0.039,0.0039,-0.8424,0.84331,1000.57,1000.0,-0.57,53.75,216.0,2.2681,0.2142,LOCK,3,looseness
10104,4275156,2717,103560.0,-0.0546,0.1131,-0.6123,0.62505,1000.56,1000.0,-0.56,53.75,216.0,2.2416,-0.1872,LOCK,3,looseness
10105,4275179,2740,103583.0,0.0702,-0.1131,-0.6786,0.69153,1000.55,1000.0,-0.55,53.75,216.0,2.2849,0.4688,LOCK,3,looseness
10106,4275188,2749,103592.0,0.0156,-0.0819,-0.8775,0.88145,1000.54,1000.0,-0.54,53.75,216.0,2.2625,0.1281,LOCK,3,looseness
10107,4275196,2757,103600.0,-0.0468,-0.2067,-0.7449,0.77446,1000.53,1000.0,-0.53,53.75,216.0,2.2558,0.0271,LOCK,3,looseness
10108,4275205,2766,103609.0,-0.1209,0.1365,-0.7488,0.77068,1000.53,1000.0,-0.53,53.75,216.0,2.259,0.0762,LOCK,3,looseness
10109,4275213,2774,103617.0,0.0234,-0.0702,-0.78,0.7835,1000.5,1000.0,-0.5,53.75,216.0,2.2585,0.0686,LOCK,3,looseness
10110,4275223,2784,103627.0,-0.1053,0.1326,-0.7059,0.72592,1000.48,1000.0,-0.48,53.75,216.0,2.2754,0.325,LOCK,3,looseness
10111,4275232,2793,103636.0,-0.1053,0.1326,-0.7059,0.72592,1000.46,1000.0,-0.46,53.75,216.0,2.2788,0.3757,LOCK,3,looseness
10112,4275241,2802,103645.0,0.0702,-0.078,-0.8073,0.81409,1000.44,1000.0,-0.44,53.75,216.0,2.254,0.0002,LOCK,3,looseness
10113,4275249,2810,103653.0,-0.1209,-0.0624,-0.7371,0.74955,1000.42,1000.0,-0.42,53.75,216.0,2.2636,0.1455,LOCK,3,looseness
10114,4275257,2818,103661.0,-0.1131,-0.0819,-0.7566,0.76938,1000.41,1000.0,-0.41,53.75,216.0,2.27,0.2432,LOCK,3,looseness
10115,4275276,2837,103680.0,0.1365,-0.078,-0.7722,0.78804,1000.38,1000.0,-0.38,53.75,216.0,2.2776,0.357,LOCK,3,looseness
10116,4275285,2846,103689.0,-0.156,0.0702,-0.6747,0.69605,1000.37,1000.0,-0.37,53.75,216.0,2.2799,0.3927,LOCK,3,looseness
10117,4275293,2854,103697.0,-0.156,0.0702,-0.6747,0.69605,1000.35,1000.0,-0.35,53.75,216.0,2.2602,0.0939,LOCK,3,looseness
10118,4275302,2863,103706.0,0.039,-0.0624,-0.8307,0.83395,1000.33,1000.0,-0.33,53.75,216.0,2.2507,-0.0505,LOCK,3,looseness
10119,4275310,2871,103714.0,-0.1716,-0.0663,-0.663,0.68805,1000.32,1000.0,-0.32,53.75,216.0,2.2615,0.1144,LOCK,3,looseness
10120,4275319,2880,103723.0,-0.2106,0.0273,-0.8502,0.87632,1000.31,1000.0,-0.31,53.75,216.0,2.2516,-0.0364,LOCK,3,looseness
10121,4275338,2899,103742.0,-0.0585,0.0156,-0.819,0.82123,1000.28,1000.0,-0.28,53.75,216.0,2.2821,0.426,LOCK,3,looseness
10122,4275346,2907,103750.0,-0.0741,0.0195,-0.6903,0.69454,1000.25,1000.0,-0.25,53.75,216.0,2.2509,-0.0468,LOCK,3,looseness
10123,4275355,2916,103759.0,-0.0741,0.0195,-0.6903,0.69454,1000.23,1000.0,-0.23,53.75,216.0,2.2726,0.2825,LOCK,3,looseness
10124,4275363,2924,103767.0,0.0585,-0.0585,-0.8307,0.83481,1000.21,1000.0,-0.21,53.75,216.0,2.2744,0.3085,LOCK,3,looseness
10125,4275372,2933,103776.0,-0.1053,-0.0156,-0.6591,0.66764,1000.19,1000.0,-0.19,53.75,216.0,2.2666,0.1907,LOCK,3,looseness
10126,4275385,2946,103789.0,-0.1365,-0.0273,-0.9243,0.93472,1000.17,1000.0,-0.17,53.75,216.0,2.2766,0.3424,LOCK,3,looseness
10127,4275394,2955,103798.0,-0.0195,-0.0195,-0.6396,0.64019,1000.15,1000.0,-0.15,53.75,216.0,2.2641,0.1528,LOCK,3,looseness
10128,4275402,2963,103806.0,-0.1092,-0.078,-0.9555,0.96488,1000.13,1000.0,-0.13,53.75,216.0,2.2408,-0.2,LOCK,3,looseness
10129,4275411,2972,103815.0,0.0897,-0.2145,-0.7995,0.83262,1000.11,1000.0,-0.11,53.75,216.0,2.267,0.1977,LOCK,3,looseness
10130,4275419,2980,103823.0,-0.039,-0.0897,-0.7254,0.73196,1000.09,1000.0,-0.09,53.75,216.0,2.2521,-0.0288,LOCK,3,looseness
10131,4275438,2999,103842.0,-0.1092,-0.0624,-0.7059,0.71702,1000.07,1000.0,-0.07,53.75,216.0,2.268,0.2126,LOCK,3,looseness
10132,4275446,3007,103850.0,-0.1092,-0.0624,-0.7059,0.71702,1000.04,1000.0,-0.04,53.75,216.0,2.2622,0.1241,LOCK,3,looseness
10133,4275455,3016,103859.0,0.039,0.1404,-0.8814,0.89336,1000.0,1000.0,-0.0,53.75,216.0,2.2551,0.0164,LOCK,3,looseness
10134,4275463,3024,103867.0,-0.0507,-0.156,-0.7488,0.76656,999.98,1000.0,0.02,53.75,216.0,2.26,0.0915,LOCK,3,looseness
10135,4275472,3033,103876.0,0.0897,-0.0234,-0.6825,0.68877,999.95,1000.0,0.05,53.75,216.0,2.2638,0.1492,LOCK,3,looseness
10136,4275485,3046,103889.0,-0.0273,-0.1521,-0.8463,0.86029,999.93,1000.0,0.07,53.75,216.0,2.274,0.303,LOCK,3,looseness
10137,4275494,3055,103898.0,-0.1287,-0.0429,-0.7176,0.73031,999.91,1000.0,0.09,53.75,216.0,2.278,0.3634,LOCK,3,looseness
10138,4275502,3063,103906.0,-0.0975,0.0,-0.8931,0.89841,999.89,1000.0,0.11,53.75,216.0,2.2569,0.0445,LOCK,3,looseness
10139,4275511,3072,103915.0,0.0741,0.2535,-0.7293,0.77565,999.87,1000.0,0.13,53.75,216.0,2.2594,0.0814,LOCK,3,looseness
10140,4275519,3080,103923.0,0.0741,0.2535,-0.7293,0.77565,999.84,1000.0,0.16,53.75,216.0,2.2582,0.064,LOCK,3,looseness
10141,4275528,3089,103932.0,-0.0975,-0.0312,-0.8073,0.81376,999.83,1000.0,0.17,53.75,216.0,2.2794,0.3854,LOCK,3,looseness
10142,4275537,3098,103941.0,0.1794,-0.1443,-0.7293,0.76478,999.81,1000.0,0.19,53.75,216.0,2.2825,0.4312,LOCK,3,looseness
10143,4275545,3106,103949.0,-0.0585,-0.0234,-0.7371,0.73979,999.79,1000.0,0.21,53.75,216.0,2.2576,0.0545,LOCK,3,looseness
10144,4275554,3115,103958.0,-0.0936,-0.0585,-0.8073,0.81481,999.78,1000.0,0.22,53.75,216.0,2.2527,-0.0193,LOCK,3,looseness
10145,4275572,3133,103976.0,-0.0819,0.1092,-0.8463,0.85724,999.76,1000.0,0.24,53.75,216.0,2.2595,0.0826,LOCK,3,looseness
10146,4275586,3147,103990.0,-0.0546,-0.0897,-0.7332,0.74068,999.75,1000.0,0.25,53.75,216.0,2.2828,0.437,LOCK,3,looseness
10147,4275594,3155,103998.0,0.0351,0.0585,-0.8892,0.89181,999.73,1000.0,0.27,53.75,216.0,2.2854,0.4755,LOCK,3,looseness
10148,4275603,3164,104007.0,-0.039,-0.1365,-0.7839,0.79665,999.72,1000.0,0.28,53.75,216.0,2.2558,0.0277,LOCK,3,looseness
10149,4275611,3172,104015.0,-0.039,-0.1365,-0.7839,0.79665,999.71,1000.0,0.29,53.75,216.0,2.262,0.1217,LOCK,3,looseness
10150,4275620,3181,104024.0,-0.2028,-0.0819,-0.663,0.69814,999.7,1000.0,0.3,53.75,216.0,2.2476,-0.0975,LOCK,3,looseness
10151,4275628,3189,104032.0,-0.0897,0.0663,-0.8697,0.87682,999.68,1000.0,0.32,53.75,216.0,2.2678,0.209,LOCK,3,looseness
10152,4275637,3198,104041.0,-0.0819,-0.2925,-0.6201,0.6905,999.67,1000.0,0.33,53.75,216.0,2.2892,0.5341,LOCK,3,looseness
10153,4275645,3206,104049.0,-0.0858,0.1365,-0.8229,0.83855,999.66,1000.0,0.34,53.75,216.0,2.2789,0.3772,LOCK,3,looseness
10154,4275654,3215,104058.0,0.0351,-0.0702,-0.7683,0.7723,999.65,1000.0,0.35,53.75,216.0,2.2522,-0.0273,LOCK,3,looseness
10155,4275672,3233,104076.0,-0.1599,-0.0234,-0.8112,0.82714,999.64,1000.0,0.36,53.75,216.0,2.2608,0.1025,LOCK,3,looseness
10156,4275681,3242,104085.0,-0.1482,-0.0936,-0.8073,0.82611,999.63,1000.0,0.37,53.75,216.0,2.269,0.2276,LOCK,3,looseness
10157,4275689,3250,104093.0,-0.0936,-0.0156,-0.6669,0.67362,999.62,1000.0,0.38,53.75,216.0,2.2928,0.5878,LOCK,3,looseness
10158,4275698,3259,104102.0,-0.0624,-0.0975,-0.7566,0.7654,999.61,1000.0,0.39,53.75,216.0,2.2467,-0.1106,LOCK,3,looseness
10159,4275706,3267,104110.0,-0.039,0.0195,-0.7449,0.74618,999.61,1000.0,0.39,53.75,216.0,2.2575,0.053,LOCK,3,looseness
10160,4275715,3276,104119.0,-0.0195,-0.156,-0.9087,0.9222,999.6,1000.0,0.4,53.75,216.0,2.2506,-0.0508,LOCK,3,looseness
10161,4275723,3284,104127.0,-0.0195,-0.156,-0.9087,0.9222,999.59,1000.0,0.41,53.75,216.0,2.2571,0.0466,LOCK,3,looseness
10162,4275742,3303,104146.0,-0.1833,-0.0078,-0.9672,0.98445,999.59,1000.0,0.41,53.75,216.0,2.2842,0.4578,LOCK,3,looseness
10163,4275751,3312,104155.0,0.0429,-0.1053,-0.7098,0.71885,999.58,1000.0,0.42,53.75,216.0,2.2675,0.2044,LOCK,3,looseness
10164,4275759,3320,104163.0,-0.1248,-0.0546,-0.8775,0.88801,999.56,1000.0,0.44,53.75,216.0,2.2656,0.1751,LOCK,3,looseness
10165,4275767,3328,104171.0,-0.0195,-0.0039,-0.8931,0.89332,999.55,1000.0,0.45,53.75,216.0,2.2694,0.2337,LOCK,3,looseness
10166,4275776,3337,104180.0,-0.0195,-0.0039,-0.8931,0.89332,999.54,1000.0,0.46,53.75,216.0,2.2674,0.2026,LOCK,3,looseness
10167,4275797,3358,104201.0,-0.0975,-0.0312,-0.7995,0.80603,999.53,1000.0,0.47,53.75,216.0,2.28,0.3946,LOCK,3,looseness
10168,4275806,3367,104210.0,-0.0975,-0.0312,-0.7995,0.80603,999.53,1000.0,0.47,53.75,216.0,2.2573,0.0493,LOCK,3,looseness
10169,4275814,3375,104218.0,-0.1248,-0.0702,-0.6318,0.64782,999.53,1000.0,0.47,53.75,216.0,2.2567,0.0405,LOCK,3,looseness
10170,4275823,3384,104227.0,-0.1326,0.0429,-0.8775,0.8885,999.54,1000.0,0.46,53.75,216.0,2.2695,0.2343,LOCK,3,looseness
10171,4275831,3392,104235.0,0.0819,-0.1014,-0.7332,0.7447,999.54,1000.0,0.46,53.75,216.0,2.2604,0.0964,LOCK,3,looseness
10172,4275840,3401,104244.0,-0.0624,-0.1794,-0.9126,0.93216,999.55,1000.0,0.45,53.75,216.0,2.2768,0.3448,LOCK,3,looseness
10173,4275849,3410,104253.0,0.0078,0.0312,-0.8151,0.81573,999.55,1000.0,0.45,53.75,216.0,2.2774,0.3543,LOCK,3,looseness
10174,4275857,3418,104261.0,0.0078,0.0312,-0.8151,0.81573,999.55,1000.0,0.45,53.75,216.0,2.261,0.1058,LOCK,3,looseness
10175,4275866,3427,104270.0,-0.1638,-0.0273,-0.6669,0.68726,999.56,1000.0,0.44,53.75,216.0,2.265,0.1669,LOCK,3,looseness
10176,4275874,3435,104278.0,-0.0858,0.429,-0.7566,0.87398,999.55,1000.0,0.45,53.75,216.0,2.2538,-0.0038,LOCK,3,looseness
10177,4275883,3444,104287.0,-0.0546,-0.0819,-0.6357,0.64328,999.54,1000.0,0.46,53.75,216.0,2.271,0.2569,LOCK,3,looseness
10178,4275902,3463,104306.0,0.0897,0.0195,-0.7722,0.77764,999.53,1000.0,0.47,53.75,216.0,2.2774,0.3543,LOCK,3,looseness
10179,4275910,3471,104314.0,-0.1677,-0.117,-0.7059,0.73492,999.52,1000.0,0.48,53.75,216.0,2.2589,0.0741,LOCK,3,looseness
10180,4275919,3480,104323.0,-0.1677,-0.117,-0.7059,0.73492,999.51,1000.0,0.49,53.75,216.0,2.2606,0.1003,LOCK,3,looseness
10181,4275927,3488,104331.0,-0.0039,0.0117,-0.8112,0.81129,999.51,1000.0,0.49,53.75,216.0,2.2605,0.0988,LOCK,3,looseness
10182,4275936,3497,104340.0,-0.0273,0.0819,-0.6903,0.69568,999.51,1000.0,0.49,53.75,216.0,2.2791,0.3808,LOCK,3,looseness
10183,4275944,3505,104348.0,-0.0546,-0.078,-0.8931,0.89816,999.51,1000.0,0.49,53.75,216.0,2.2816,0.4178,LOCK,3,looseness
10184,4275953,3514,104357.0,0.0312,-0.1053,-0.7488,0.75681,999.51,1000.0,0.49,53.75,216.0,2.2791,0.3796,LOCK,3,looseness
10185,4275961,3522,104365.0,-0.0702,-0.1755,-0.7644,0.78742,999.51,1000.0,0.49,53.75,216.0,2.2632,0.1388,LOCK,3,looseness
10186,4275970,3531,104374.0,-0.0702,-0.1755,-0.7644,0.78742,999.51,1000.0,0.49,53.75,216.0,2.2646,0.1611,LOCK,3,looseness
10187,4275988,3549,104392.0,-0.0468,-0.1287,-0.7527,0.76506,999.53,1000.0,0.47,53.75,216.0,2.2632,0.1397,LOCK,3,looseness
10188,4276002,3563,104406.0,-0.0546,0.0819,-0.6708,0.67798,999.55,1000.0,0.45,53.75,216.0,2.2875,0.5072,LOCK,3,looseness
10189,4276010,3571,104414.0,-0.0546,0.0819,-0.6708,0.67798,999.57,1000.0,0.43,53.75,216.0,2.2518,-0.0337,LOCK,3,looseness
10190,4276019,3580,104423.0,-0.0624,0.0702,-0.7839,0.78951,999.58,1000.0,0.42,53.75,216.0,2.2636,0.1452,LOCK,3,looseness
10191,4276027,3588,104431.0,-0.0078,0.0273,-0.7878,0.78831,999.6,1000.0,0.4,53.75,216.0,2.2618,0.1186,LOCK,3,looseness
10192,4276036,3597,104440.0,-0.234,-0.1482,-0.6669,0.72213,999.61,1000.0,0.39,53.75,216.0,2.2706,0.2517,LOCK,3,looseness
10193,4276045,3606,104449.0,-0.1131,0.0156,-0.8151,0.82306,999.62,1000.0,0.38,53.75,216.0,2.2806,0.4037,LOCK,3,looseness
10194,4276054,3615,104458.0,-0.1209,-0.039,-0.6513,0.66357,999.64,1000.0,0.36,53.75,216.0,2.2797,0.3894,LOCK,3,looseness
10195,4276062,3623,104466.0,-0.1209,-0.039,-0.6513,0.66357,999.66,1000.0,0.34,53.75,216.0,2.2578,0.0576,LOCK,3,looseness
10196,4276071,3632,104475.0,0.0039,0.0897,-0.8697,0.87432,999.68,1000.0,0.32,53.75,216.0,2.2611,0.1083,LOCK,3,looseness
10197,4276079,3640,104483.0,0.0702,-0.1131,-0.7527,0.76438,999.69,1000.0,0.31,53.75,216.0,2.266,0.1815,LOCK,3,looseness
10198,4276088,3649,104492.0,-0.1209,-0.0624,-0.9594,0.969,999.7,1000.0,0.3,53.75,216.0,2.28,0.3943,LOCK,3,looseness
10199,4276106,3667,104510.0,-0.1014,-0.0195,-0.663,0.67099,999.72,1000.0,0.28,53.75,216.0,2.2852,0.4721,LOCK,3,looseness
10200,4276115,3676,104519.0,-0.0312,-0.0975,-0.9906,0.99588,999.74,1000.0,0.26,53.75,216.0,2.2596,0.0841,LOCK,3,looseness
10201,4276123,3684,104527.0,-0.0312,-0.0975,-0.9906,0.99588,999.76,1000.0,0.24,53.75,216.0,2.2602,0.0945,LOCK,3,looseness
10202,4276132,3693,104536.0,-0.1053,-0.0234,-0.8385,0.84541,999.79,1000.0,0.21,53.75,216.0,2.2594,0.082,LOCK,3,looseness
10203,4276144,3705,104548.0,0.0156,-0.1326,-0.8502,0.86062,999.8,1000.0,0.2,53.75,216.0,2.2822,0.4269,LOCK,3,looseness
10204,4276153,3714,104557.0,-0.0897,-0.1482,-0.7527,0.77238,999.82,1000.0,0.18,53.75,216.0,2.2756,0.3268,LOCK,3,looseness
10205,4276161,3722,104565.0,-0.1911,0.0195,-0.9594,0.97844,999.84,1000.0,0.16,53.75,216.0,2.2643,0.1562,LOCK,3,looseness
10206,4276170,3731,104574.0,-0.0663,-0.1248,-0.6708,0.68552,999.87,1000.0,0.13,53.75,216.0,2.2543,0.0048,LOCK,3,looseness
10207,4276178,3739,104582.0,-0.0273,-0.078,-0.9633,0.96684,999.9,1000.0,0.1,53.75,216.0,2.2667,0.1922,LOCK,3,looseness
10208,4276187,3748,104591.0,-0.0273,-0.1053,-0.7917,0.79914,999.92,1000.0,0.08,53.75,216.0,2.2676,0.2065,LOCK,3,looseness
10209,4276204,3765,104608.0,-0.0741,-0.1677,-0.8931,0.91172,999.94,1000.0,0.06,53.75,216.0,2.2812,0.4114,LOCK,3,looseness
10210,4276212,3773,104616.0,0.0234,0.0195,-0.7566,0.75721,999.96,1000.0,0.04,53.75,216.0,2.268,0.2117,LOCK,3,looseness
10211,4276221,3782,104625.0,-0.1521,-0.0117,-0.9282,0.94065,999.98,1000.0,0.02,53.75,216.0,2.2616,0.1147,LOCK,3,looseness
10212,4276229,3790,104633.0,-0.0234,0.3315,-0.6786,0.7556,1000.01,1000.0,-0.01,53.75,216.0,2.25,-0.0599,LOCK,3,looseness
10213,4276238,3799,104642.0,-0.0273,-0.0078,-0.78,0.78052,1000.04,1000.0,-0.04,53.75,216.0,2.267,0.1968,LOCK,3,looseness
10214,4276257,3818,104661.0,0.1209,-0.2145,-0.7527,0.79195,1000.06,1000.0,-0.06,53.75,216.0,2.2751,0.3201,LOCK,3,looseness
10215,4276265,3826,104669.0,0.0156,0.0,-0.7644,0.76456,1000.08,1000.0,-0.08,53.75,216.0,2.2519,-0.0325,LOCK,3,looseness
10216,4276274,3835,104678.0,-0.1911,-0.0975,-0.8424,0.86929,1000.1,1000.0,-0.1,53.75,216.0,2.2686,0.2215,LOCK,3,looseness
10217,4276282,3843,104686.0,-0.0702,-0.0078,-0.6006,0.60474,1000.12,1000.0,-0.12,53.75,216.0,2.2691,0.2282,LOCK,3,looseness
10218,4276296,3857,104700.0,-0.0351,0.1794,-0.8385,0.85819,1000.15,1000.0,-0.15,53.75,216.0,2.2743,0.307,LOCK,3,looseness
10219,4276305,3866,104709.0,-0.117,-0.0663,-0.6162,0.6307,1000.18,1000.0,-0.18,53.75,216.0,2.2836,0.4483,LOCK,3,looseness
10220,4276313,3874,104717.0,0.039,-0.0468,-0.8229,0.82515,1000.21,1000.0,-0.21,53.75,216.0,2.2788,0.375,LOCK,3,looseness
10221,4276322,3883,104726.0,-0.039,-0.1287,-0.6669,0.68032,1000.23,1000.0,-0.23,53.75,216.0,2.2726,0.2819,LOCK,3,looseness
10222,4276330,3891,104734.0,-0.1014,-0.0156,-0.8775,0.88348,1000.25,1000.0,-0.25,53.75,216.0,2.2696,0.2368,LOCK,3,looseness
10223,4276339,3900,104743.0,-0.1014,-0.0156,-0.8775,0.88348,1000.27,1000.0,-0.27,53.75,216.0,2.2599,0.0887,LOCK,3,looseness
10224,4276358,3919,104762.0,-0.1404,0.0897,-0.78,0.7976,1000.3,1000.0,-0.3,53.75,216.0,2.2744,0.3085,LOCK,3,looseness
10225,4276366,3927,104770.0,-0.0234,0.1014,-0.6708,0.67882,1000.33,1000.0,-0.33,53.75,216.0,2.2614,0.1125,LOCK,3,looseness
10226,4276375,3936,104779.0,-0.0078,0.0507,-0.8892,0.89068,1000.36,1000.0,-0.36,53.75,216.0,2.2608,0.1037,LOCK,3,looseness
10227,4276383,3944,104787.0,0.0897,-0.1443,-0.7644,0.78306,1000.38,1000.0,-0.38,53.75,216.0,2.2653,0.1717,LOCK,3,looseness
10228,4276391,3952,104795.0,-0.1794,-0.117,-0.9243,0.94879,1000.4,1000.0,-0.4,53.75,216.0,2.2617,0.1168,LOCK,3,looseness
10229,4276410,3971,104814.0,-0.0624,0.0,-0.7839,0.78638,1000.42,1000.0,-0.42,53.75,216.0,2.2821,0.4263,LOCK,3,looseness
10230,4276419,3980,104823.0,-0.1053,0.0234,-0.8502,0.85702,1000.46,1000.0,-0.46,53.75,216.0,2.2545,0.0078,LOCK,3,looseness
10231,4276427,3988,104831.0,0.0273,0.0546,-0.7176,0.72019,1000.5,1000.0,-0.5,53.75,216.0,2.2496,-0.0667,LOCK,3,looseness
10232,4276436,3997,104840.0,-0.1248,-0.0819,-0.8112,0.82482,1000.54,1000.0,-0.54,53.75,216.0,2.2655,0.1739,LOCK,3,looseness
10233,4276444,4005,104848.0,-0.0663,0.0,-0.8346,0.83723,1000.57,1000.0,-0.57,53.75,216.0,2.2409,-0.1985,LOCK,3,looseness
10234,4276454,4015,104858.0,-0.2652,-0.0351,-0.6708,0.72217,1000.59,1000.0,-0.59,53.75,216.0,2.2856,0.4782,LOCK,3,looseness
10235,4276462,4023,104866.0,-0.2652,-0.0351,-0.6708,0.72217,1000.62,1000.0,-0.62,53.75,216.0,2.2853,0.4736,LOCK,3,looseness
10236,4276471,4032,104875.0,-0.0546,-0.0663,-0.8307,0.83513,1000.65,1000.0,-0.65,53.75,216.0,2.2542,0.0032,LOCK,3,looseness
10237,4276489,4050,104893.0,-0.0702,-0.0078,-0.9477,0.95033,1000.68,1000.0,-0.68,53.75,216.0,2.2601,0.0918,LOCK,3,looseness
10238,4276498,4059,104902.0,0.0429,-0.117,-0.6552,0.66695,1000.71,1000.0,-0.71,53.75,216.0,2.2788,0.376,LOCK,3,looseness
10239,4276507,4068,104911.0,-0.0741,0.0039,-0.8814,0.88452,1000.74,1000.0,-0.74,53.75,216.0,2.2707,0.2529,LOCK,3,looseness
10240,4276515,4076,104919.0,-0.1521,-0.0234,-0.6825,0.69963,1000.76,1000.0,-0.76,53.75,216.0,2.2623,0.1263,LOCK,3,looseness
10241,4276524,4085,104928.0,-0.1521,-0.0234,-0.6825,0.69963,1000.78,1000.0,-0.78,53.75,216.0,2.2635,0.144,LOCK,3,looseness
10242,4276532,4093,104936.0,0.0156,0.0585,-0.8463,0.84846,1000.81,1000.0,-0.81,53.75,216.0,2.2457,-0.1256,LOCK,3,looseness
10243,4276551,4112,104955.0,-0.0858,0.0117,-0.8112,0.81581,1000.84,1000.0,-0.84,53.75,216.0,2.2754,0.3244,LOCK,3,looseness
10244,4276559,4120,104963.0,0.0195,-0.1365,-0.8151,0.82668,1000.87,1000.0,-0.87,53.75,216.0,2.2804,0.4001,LOCK,3,looseness
10245,4276568,4129,104972.0,-0.0546,0.0351,-0.7293,0.73218,1000.89,1000.0,-0.89,53.75,216.0,2.2767,0.3439,LOCK,3,looseness
10246,4276576,4137,104980.0,-0.1209,-0.0663,-0.7995,0.8113,1000.91,1000.0,-0.91,53.75,216.0,2.2593,0.0805,LOCK,3,looseness
10247,4276585,4146,104989.0,-0.1209,-0.0663,-0.7995,0.8113,1000.93,1000.0,-0.93,53.75,216.0,2.2685,0.2194,LOCK,3,looseness
10248,4276593,4154,104997.0,-0.1209,0.273,-0.5187,0.59849,1000.96,1000.0,-0.96,53.75,216.0,2.2748,0.3155,LOCK,3,looseness
10249,4276617,4178,105021.0,0.0078,-0.2262,-0.7098,0.74501,1000.99,1000.0,-0.99,53.75,216.0,2.2884,0.521,LOCK,3,looseness
10250,4276625,4186,105029.0,0.0507,-0.0429,-0.9321,0.93446,1001.02,1000.0,-1.02,53.75,216.0,2.2519,-0.0322,LOCK,3,looseness
10251,4276634,4195,105038.0,-0.1638,-0.195,-0.8229,0.86141,1001.04,1000.0,-1.04,53.75,216.0,2.2535,-0.008,LOCK,3,looseness
10252,4276642,4203,105046.0,-0.1755,-0.0273,-0.6006,0.62631,1001.06,1000.0,-1.06,53.75,216.0,2.2629,0.1348,LOCK,3,looseness
10253,4276651,4212,105055.0,0.0195,0.1287,-0.8658,0.87553,1001.1,1000.0,-1.1,53.75,216.0,2.2702,0.245,LOCK,3,looseness
10254,4276659,4220,105063.0,-0.0624,-0.1326,-0.7098,0.72477,1001.14,1000.0,-1.14,53.75,216.0,2.2754,0.325,LOCK,3,looseness
10255,4276678,4239,105082.0,0.1014,-0.0546,-0.9321,0.93919,1001.18,1000.0,-1.18,53.75,216.0,2.2641,0.1531,LOCK,3,looseness
10256,4276686,4247,105090.0,-0.0156,-0.078,-0.7488,0.75301,1001.21,1000.0,-1.21,53.75,216.0,2.261,0.1058,LOCK,3,looseness
10257,4276695,4256,105099.0,-0.156,-0.0234,-0.7215,0.73854,1001.24,1000.0,-1.24,53.75,216.0,2.2668,0.1946,LOCK,3,looseness
10258,4276703,4264,105107.0,-0.0156,-0.1053,-0.8073,0.81429,1001.26,1000.0,-1.26,53.75,216.0,2.2801,0.3952,LOCK,3,looseness
10259,4276712,4273,105116.0,-0.0975,0.0507,-0.6084,0.61825,1001.29,1000.0,-1.29,53.75,216.0,2.2789,0.3775,LOCK,3,looseness
10260,4276720,4281,105124.0,-0.0156,0.1248,-0.8424,0.85174,1001.32,1000.0,-1.32,53.75,216.0,2.2821,0.4263,LOCK,3,looseness
10261,4276739,4300,105143.0,0.0507,-0.0117,-0.6903,0.69226,1001.34,1000.0,-1.34,53.75,216.0,2.2677,0.2078,LOCK,3,looseness
10262,4276748,4309,105152.0,-0.0156,-0.0312,-0.819,0.81974,1001.37,1000.0,-1.37,53.75,216.0,2.2555,0.0225,LOCK,3,looseness
10263,4276756,4317,105160.0,-0.1794,-0.0546,-0.8073,0.82879,1001.39,1000.0,-1.39,53.75,216.0,2.2927,0.5869,LOCK,3,looseness
10264,4276765,4326,105169.0,-0.1209,-0.078,-0.7215,0.73571,1001.41,1000.0,-1.41,53.75,216.0,2.2839,0.4529,LOCK,3,looseness
10265,4276773,4334,105177.0,-0.1404,-0.0273,-0.8697,0.88138,1001.45,1000.0,-1.45,53.75,216.0,2.2677,0.2078,LOCK,3,looseness
10266,4276782,4343,105186.0,0.0975,0.0195,-0.7566,0.76311,1001.5,1000.0,-1.5,53.75,216.0,2.2632,0.1397,LOCK,3,looseness
10267,4276800,4361,105204.0,-0.078,-0.2379,-0.9321,0.96514,1001.53,1000.0,-1.53,53.75,216.0,2.2494,-0.0694,LOCK,3,looseness
10268,4276809,4370,105213.0,-0.0585,-0.0858,-0.858,0.86426,1001.57,1000.0,-1.57,53.75,216.0,2.2614,0.1122,LOCK,3,looseness
10269,4276822,4383,105226.0,-0.0351,-0.0078,-0.7917,0.79252,1001.6,1000.0,-1.6,53.75,216.0,2.2749,0.3164,LOCK,3,looseness
10270,4276831,4392,105235.0,-0.0351,-0.0078,-0.7917,0.79252,1001.65,1000.0,-1.65,53.75,216.0,2.2588,0.0722,LOCK,3,looseness
10271,4276839,4400,105243.0,-0.0585,-0.0975,-0.8541,0.86164,1001.7,1000.0,-1.7,53.75,216.0,2.2659,0.1809,LOCK,3,looseness
10272,4276848,4409,105252.0,-0.0897,-0.0936,-1.0335,1.0416,1001.74,1000.0,-1.74,53.75,216.0,2.2501,-0.0584,LOCK,3,looseness
10273,4276856,4417,105260.0,0.0975,-0.1092,-0.7878,0.80129,1001.77,1000.0,-1.77,53.75,216.0,2.2629,0.1345,LOCK,3,looseness
10274,4276875,4436,105279.0,-0.0858,0.1209,-0.7722,0.7863,1001.81,1000.0,-1.81,53.75,216.0,2.2763,0.3378,LOCK,3,looseness
10275,4276883,4444,105287.0,-0.0858,0.1209,-0.7722,0.7863,1001.84,1000.0,-1.84,53.75,216.0,2.2509,-0.0465,LOCK,3,looseness
10276,4276892,4453,105296.0,-0.1599,-0.0078,-0.5811,0.60275,1001.89,1000.0,-1.89,53.75,216.0,2.2641,0.1537,LOCK,3,looseness
10277,4276900,4461,105304.0,-0.0273,-0.1599,-0.9087,0.92307,1001.93,1000.0,-1.93,53.75,216.0,2.2498,-0.0639,LOCK,3,looseness
10278,4276909,4470,105313.0,0.0195,0.0156,-0.7644,0.76481,1001.98,1000.0,-1.98,53.75,216.0,2.2765,0.3412,LOCK,3,looseness
10279,4276918,4479,105322.0,-0.0273,-0.0546,-0.6786,0.68134,1002.01,1000.0,-2.01,53.75,216.0,2.2867,0.4947,LOCK,3,looseness
10280,4276936,4497,105340.0,-0.0702,-0.2262,-0.7605,0.79653,1002.05,1000.0,-2.05,53.75,216.0,2.2588,0.0725,LOCK,3,looseness
10281,4276945,4506,105349.0,-0.0702,-0.2262,-0.7605,0.79653,1002.1,1000.0,-2.1,53.75,216.0,2.2626,0.1308,LOCK,3,looseness
10282,4276953,4514,105357.0,-0.0702,0.2184,-0.8619,0.89191,1002.16,1000.0,-2.16,53.75,216.0,2.2617,0.1171,LOCK,3,looseness
10283,4276962,4523,105366.0,-0.0234,-0.078,-0.7059,0.71058,1002.2,1000.0,-2.2,53.75,216.0,2.2834,0.4459,LOCK,3,looseness
10284,4276970,4531,105374.0,-0.0585,-0.0819,-0.7098,0.7169,1002.25,1000.0,-2.25,53.75,216.0,2.2852,0.473,LOCK,3,looseness
10285,4276979,4540,105383.0,0.0117,0.0507,-0.8541,0.85568,1002.28,1000.0,-2.28,53.75,216.0,2.2619,0.1195,LOCK,3,looseness
10286,4276997,4558,105401.0,-0.0741,0.0,-0.9165,0.91949,1002.32,1000.0,-2.32,53.75,216.0,2.2609,0.104,LOCK,3,looseness
10287,4277006,4567,105410.0,-0.0741,0.0,-0.9165,0.91949,1002.37,1000.0,-2.37,53.75,216.0,2.2627,0.1324,LOCK,3,looseness
10288,4277014,4575,105418.0,0.0078,0.0663,-0.7098,0.71293,1002.41,1000.0,-2.41,53.75,216.0,2.2637,0.1464,LOCK,3,looseness
10289,4277028,4589,105432.0,0.1638,-0.1092,-0.7371,0.76294,1002.45,1000.0,-2.45,53.75,216.0,2.2824,0.4309,LOCK,3,looseness
10290,4277036,4597,105440.0,0.1638,-0.1092,-0.7371,0.76294,1002.49,1000.0,-2.49,53.75,216.0,2.2661,0.1827,LOCK,3,looseness
10291,4277045,4606,105449.0,-0.0507,0.0897,-0.5772,0.58632,1002.52,1000.0,-2.52,53.75,216.0,2.2584,0.0673,LOCK,3,looseness
10292,4277053,4614,105457.0,-0.1209,0.0468,-0.8502,0.86003,1002.55,1000.0,-2.55,53.75,216.0,2.256,0.0307,LOCK,3,looseness
10293,4277062,4623,105466.0,0.0273,-0.2457,-0.7839,0.82196,1002.57,1000.0,-2.57,53.75,216.0,2.2721,0.2737,LOCK,3,looseness
10294,4277070,4631,105474.0,-0.117,-0.0507,-0.8307,0.84043,1002.62,1000.0,-2.62,53.75,216.0,2.2848,0.4663,LOCK,3,looseness
10295,4277089,4650,105493.0,-0.0429,0.0234,-0.8775,0.87886,1002.67,1000.0,-2.67,53.75,216.0,2.242,-0.1811,LOCK,3,looseness
10296,4277098,4659,105502.0,-0.0429,0.0234,-0.8775,0.87886,1002.7,1000.0,-2.7,53.75,216.0,2.2662,0.1849,LOCK,3,looseness
10297,4277106,4667,105510.0,0.0975,-0.1014,-0.741,0.75423,1002.74,1000.0,-2.74,53.75,216.0,2.2593,0.0799,LOCK,3,looseness
10298,4277115,4676,105519.0,-0.2301,-0.0351,-0.8112,0.84393,1002.77,1000.0,-2.77,53.75,216.0,2.2761,0.3351,LOCK,3,looseness
10299,4277123,4684,105527.0,-0.1755,-0.0312,-0.7878,0.80771,1002.8,1000.0,-2.8,53.75,216.0,2.283,0.4388,LOCK,3,looseness
10300,4277132,4693,105536.0,-0.1287,-0.0546,-0.6981,0.71196,1002.85,1000.0,-2.85,53.75,216.0,2.2798,0.3903,LOCK,3,looseness
10301,4277150,4711,105554.0,-0.1053,-0.351,-0.78,0.86179,1002.89,1000.0,-2.89,53.75,216.0,2.2552,0.0176,LOCK,3,looseness
10302,4277159,4720,105563.0,-0.1053,-0.351,-0.78,0.86179,1002.93,1000.0,-2.93,53.75,216.0,2.259,0.0759,LOCK,3,looseness
10303,4277168,4729,105572.0,-0.0663,-0.0819,-1.0257,1.0311,1002.96,1000.0,-2.96,53.75,216.0,2.2789,0.3772,LOCK,3,looseness
10304,4277176,4737,105580.0,-0.1716,-0.1716,-0.7332,0.77232,1002.99,1000.0,-2.99,53.75,216.0,2.2854,0.4764,LOCK,3,looseness
10305,4277185,4746,105589.0,0.0663,0.1365,-0.8346,0.84828,1003.05,1000.0,-3.05,53.75,216.0,2.2629,0.1354,LOCK,3,looseness
10306,4277193,4754,105597.0,-0.0429,-0.1092,-0.8307,0.83894,1003.11,1000.0,-3.11,53.75,216.0,2.2617,0.1171,LOCK,3,looseness
10307,4277212,4773,105616.0,-0.1365,-0.1053,-0.7566,0.77599,1003.16,1000.0,-3.16,53.75,216.0,2.2695,0.2343,LOCK,3,looseness
10308,4277220,4781,105624.0,-0.0078,-0.0117,-0.8034,0.80352,1003.2,1000.0,-3.2,53.75,216.0,2.2693,0.2325,LOCK,3,looseness
10309,4277234,4795,105638.0,-0.0819,0.0702,-0.8073,0.81447,1003.25,1000.0,-3.25,53.75,216.0,2.2752,0.321,LOCK,3,looseness
10310,4277242,4803,105646.0,-0.0819,0.0702,-0.8073,0.81447,1003.28,1000.0,-3.28,53.75,216.0,2.2569,0.0445,LOCK,3,looseness
10311,4277251,4812,105655.0,-0.1209,0.0351,-0.5889,0.60221,1003.35,1000.0,-3.35,53.75,216.0,2.2602,0.0939,LOCK,3,looseness
10312,4277259,4820,105663.0,-0.0156,-0.1404,-0.7293,0.74286,1003.4,1000.0,-3.4,53.75,216.0,2.2518,-0.0331,LOCK,3,looseness
10313,4277268,4829,105672.0,0.0702,0.0702,-0.6552,0.66268,1003.45,1000.0,-3.45,53.75,216.0,2.2743,0.3073,LOCK,3,looseness
10314,4277276,4837,105680.0,0.0117,0.1326,-0.7449,0.7567,1003.5,1000.0,-3.5,53.75,216.0,2.2787,0.3741,LOCK,3,looseness
10315,4277295,4856,105699.0,-0.1638,-0.1521,-0.9009,0.92822,1003.54,1000.0,-3.54,53.75,216.0,2.2654,0.1727,LOCK,3,looseness
10316,4277303,4864,105707.0,-0.1638,-0.1521,-0.9009,0.92822,1003.62,1000.0,-3.62,53.75,216.0,2.2562,0.0338,LOCK,3,looseness
10317,4277312,4873,105716.0,-0.0975,0.0897,-0.6201,0.63409,1003.69,1000.0,-3.69,53.75,216.0,2.2607,0.1021,LOCK,3,looseness
10318,4277320,4881,105724.0,-0.1014,0.0819,-0.7839,0.79466,1003.75,1000.0,-3.75,53.75,216.0,2.2586,0.0698,LOCK,3,looseness
10319,4277329,4890,105733.0,0.0156,-0.1599,-0.6747,0.69356,1003.81,1000.0,-3.81,53.75,216.0,2.2759,0.3323,LOCK,3,looseness
10320,4277337,4898,105741.0,0.078,-0.0078,-0.897,0.90042,1003.86,1000.0,-3.86,53.75,216.0,2.2783,0.3686,LOCK,3,looseness
10321,4277356,4917,105760.0,-0.0195,-0.0312,-0.9321,0.93283,1003.91,1000.0,-3.91,53.75,216.0,2.2539,-0.0022,LOCK,3,looseness
10322,4277364,4925,105768.0,-0.0195,-0.0312,-0.9321,0.93283,1003.98,1000.0,-3.98,53.75,216.0,2.2588,0.0731,LOCK,3,looseness
10323,4277373,4934,105777.0,-0.195,0.0117,-0.6474,0.67623,1004.04,1000.0,-4.04,53.75,216.0,2.2826,0.4333,LOCK,3,looseness
10324,4277382,4943,105786.0,-0.0234,0.0507,-0.897,0.89874,1004.1,1000.0,-4.1,53.75,216.0,2.2724,0.2792,LOCK,3,looseness
10325,4277390,4951,105794.0,0.078,-0.3978,-0.7371,0.84122,1004.15,1000.0,-4.15,53.75,216.0,2.2489,-0.0779,LOCK,3,looseness
10326,4277399,4960,105803.0,0.0546,-0.0273,-0.8385,0.84072,1004.2,1000.0,-4.2,53.75,216.0,2.2777,0.3595,LOCK,3,looseness
10327,4277417,4978,105821.0,0.0117,0.0546,-0.8541,0.85592,1004.24,1000.0,-4.24,53.75,216.0,2.2638,0.1479,LOCK,3,looseness
10328,4277426,4987,105830.0,0.0117,0.0546,-0.8541,0.85592,1004.3,1000.0,-4.3,53.75,216.0,2.2689,0.2261,LOCK,3,looseness
10329,4277439,5000,105843.0,-0.0819,-0.0156,-0.8658,0.8698,1004.36,1000.0,-4.36,53.75,216.0,2.2827,0.4346,LOCK,3,looseness
10330,4277448,5009,105852.0,-0.0234,-0.0156,-0.6825,0.68308,1004.41,1000.0,-4.41,53.75,216.0,2.2859,0.4828,LOCK,3,looseness
10331,4277456,5017,105860.0,-0.0234,-0.0156,-0.6825,0.68308,1004.45,1000.0,-4.45,53.75,216.0,2.2766,0.3418,LOCK,3,looseness
10332,4277465,5026,105869.0,0.0312,-0.0936,-0.9477,0.95282,1004.49,1000.0,-4.49,53.75,216.0,2.2844,0.4611,LOCK,3,looseness
10333,4277473,5034,105877.0,-0.2028,-0.0663,-0.7137,0.74491,1004.53,1000.0,-4.53,53.75,216.0,2.2628,0.1327,LOCK,3,looseness
10334,4277482,5043,105886.0,-0.1482,-0.0312,-0.9282,0.94047,1004.58,1000.0,-4.58,53.75,216.0,2.2802,0.3976,LOCK,3,looseness
10335,4277500,5061,105904.0,-0.0234,0.1209,-0.8775,0.8861,1004.63,1000.0,-4.63,53.75,216.0,2.2734,0.2935,LOCK,3,looseness
10336,4277531,5092,105935.0,-0.0624,-0.1677,-0.7878,0.80786,1004.67,1000.0,-4.67,53.75,216.0,2.2816,0.4181,LOCK,3,looseness
10337,4277539,5100,105943.0,-0.0624,-0.1677,-0.7878,0.80786,1004.71,1000.0,-4.71,53.75,216.0,2.2911,0.5615,LOCK,3,looseness
10338,4277548,5109,105952.0,-0.0507,0.1872,-0.6981,0.72454,1004.76,1000.0,-4.76,53.75,216.0,2.2682,0.2145,LOCK,3,looseness
10339,4277556,5117,105960.0,-0.0039,-0.1131,-0.7722,0.78045,1004.81,1000.0,-4.81,53.75,216.0,2.2781,0.3653,LOCK,3,looseness
10340,4277565,5126,105969.0,-0.1131,-0.0273,-0.8892,0.89678,1004.86,1000.0,-4.86,53.75,216.0,2.2746,0.3115,LOCK,3,looseness
10341,4277573,5134,105977.0,0.0429,-0.1482,-0.7956,0.81042,1004.9,1000.0,-4.9,53.75,216.0,2.2826,0.434,LOCK,3,looseness
10342,4277592,5153,105996.0,-0.0663,-0.1209,-0.7449,0.75755,1004.94,1000.0,-4.94,53.75,216.0,2.2821,0.4254,LOCK,3,looseness
10343,4277601,5162,106005.0,-0.0663,-0.1209,-0.7449,0.75755,1004.97,1000.0,-4.97,53.75,216.0,2.2752,0.3207,LOCK,3,looseness
10344,4277609,5170,106013.0,0.0312,0.0936,-0.858,0.86365,1005.02,1000.0,-5.02,53.75,216.0,2.267,0.1974,LOCK,3,looseness
10345,4277617,5178,106021.0,-0.1248,-0.0468,-0.7761,0.78746,1005.07,1000.0,-5.07,53.75,216.0,2.2613,0.1101,LOCK,3,looseness
10346,4277639,5200,106043.0,-0.078,0.0234,-0.6747,0.6796,1005.11,1000.0,-5.11,53.75,216.0,2.264,0.1519,LOCK,3,looseness
10347,4277648,5209,106052.0,-0.1287,0.0702,-0.8697,0.88197,1005.15,1000.0,-5.15,53.75,216.0,2.2626,0.1296,LOCK,3,looseness
10348,4277656,5217,106060.0,-0.1248,-0.1131,-0.6396,0.6614,1005.18,1000.0,-5.18,53.75,216.0,2.2639,0.1495,LOCK,3,looseness
10349,4277665,5226,106069.0,0.0273,0.1092,-0.8229,0.83056,1005.22,1000.0,-5.22,53.75,216.0,2.2695,0.2355,LOCK,3,looseness
10350,4277683,5244,106087.0,-0.1794,-0.0624,-0.7137,0.73854,1005.25,1000.0,-5.25,53.75,216.0,2.2924,0.5823,LOCK,3,looseness
10351,4277691,5252,106095.0,0.156,-0.0429,-0.7293,0.74703,1005.28,1000.0,-5.28,53.75,216.0,2.2666,0.191,LOCK,3,looseness
10352,4277700,5261,106104.0,0.1248,-0.0546,-0.7956,0.80718,1005.31,1000.0,-5.31,53.75,216.0,2.2512,-0.0428,LOCK,3,looseness
10353,4277708,5269,106112.0,-0.1287,-0.0507,-0.7137,0.72698,1005.33,1000.0,-5.33,53.75,216.0,2.2708,0.2551,LOCK,3,looseness
10354,4277717,5278,106121.0,-0.0078,-0.1092,-0.8619,0.86883,1005.35,1000.0,-5.35,53.75,216.0,2.2549,0.0139,LOCK,3,looseness
10355,4277736,5297,106140.0,-0.0468,-0.0585,-0.7761,0.77971,1005.39,1000.0,-5.39,53.75,216.0,2.2828,0.4364,LOCK,3,looseness
10356,4277744,5305,106148.0,-0.0468,-0.0585,-0.7761,0.77971,1005.42,1000.0,-5.42,53.75,216.0,2.2834,0.4449,LOCK,3,looseness
10357,4277753,5314,106157.0,-0.039,-0.2847,-0.8424,0.89006,1005.45,1000.0,-5.45,53.75,216.0,2.2684,0.2181,LOCK,3,looseness
10358,4277761,5322,106165.0,-0.117,-0.1404,-0.7995,0.82012,1005.47,1000.0,-5.47,53.75,216.0,2.2651,0.1684,LOCK,3,looseness
10359,4277770,5331,106174.0,-0.1287,-0.0819,-0.7917,0.80626,1005.49,1000.0,-5.49,53.75,216.0,2.2606,0.1003,LOCK,3,looseness
10360,4277788,5349,106192.0,-0.0936,0.0351,-0.7488,0.75544,1005.52,1000.0,-5.52,53.75,216.0,2.2738,0.2996,LOCK,3,looseness
10361,4277797,5358,106201.0,-0.0585,-0.039,-0.6903,0.69387,1005.55,1000.0,-5.55,53.75,216.0,2.2803,0.3979,LOCK,3,looseness
10362,4277805,5366,106209.0,-0.0585,-0.039,-0.6903,0.69387,1005.58,1000.0,-5.58,53.75,216.0,2.263,0.136,LOCK,3,looseness
10363,4277814,5375,106218.0,0.0624,-0.0702,-0.7917,0.79725,1005.6,1000.0,-5.6,53.75,216.0,2.2556,0.0249,LOCK,3,looseness
10364,4277822,5383,106226.0,-0.156,-0.2184,-0.8424,0.88412,1005.62,1000.0,-5.62,53.75,216.0,2.2473,-0.1008,LOCK,3,looseness
10365,4277846,5407,106250.0,-0.1404,-0.0663,-0.6591,0.67714,1005.65,1000.0,-5.65,53.75,216.0,2.2771,0.3497,LOCK,3,looseness
10366,4277854,5415,106258.0,-0.039,-0.1365,-0.7293,0.74299,1005.68,1000.0,-5.68,53.75,216.0,2.285,0.4691,LOCK,3,looseness
10367,4277863,5424,106267.0,0.039,0.117,-0.741,0.75119,1005.71,1000.0,-5.71,53.75,216.0,2.2722,0.2761,LOCK,3,looseness
10368,4277871,5432,106275.0,-0.0936,-0.0429,-0.8892,0.89514,1005.73,1000.0,-5.73,53.75,216.0,2.2789,0.3778,LOCK,3,looseness
10369,4277880,5441,106284.0,-0.0078,-0.0663,-0.8112,0.81394,1005.75,1000.0,-5.75,53.75,216.0,2.2439,-0.153,LOCK,3,looseness
10370,4277888,5449,106292.0,-0.0078,-0.0663,-0.8112,0.81394,1005.77,1000.0,-5.77,53.75,216.0,2.2762,0.3357,LOCK,3,looseness
10371,4277907,5468,106311.0,-0.0819,0.0039,-0.7917,0.79593,1005.78,1000.0,-5.78,53.75,216.0,2.2637,0.1476,LOCK,3,looseness
10372,4277915,5476,106319.0,-0.0897,-0.1443,-0.6747,0.69576,1005.79,1000.0,-5.79,53.75,216.0,2.2504,-0.0538,LOCK,3,looseness
10373,4277924,5485,106328.0,0.0078,-0.0156,-0.8853,0.88547,1005.81,1000.0,-5.81,53.75,216.0,2.2663,0.1858,LOCK,3,looseness
10374,4277932,5493,106336.0,0.0702,-0.0741,-0.7527,0.75959,1005.82,1000.0,-5.82,53.75,216.0,2.2802,0.3976,LOCK,3,looseness
10375,4277941,5502,106345.0,-0.117,0.0624,-0.7917,0.80273,1005.82,1000.0,-5.82,53.75,216.0,2.2779,0.3619,LOCK,3,looseness
10376,4277950,5511,106354.0,-0.117,0.0624,-0.7917,0.80273,1005.83,1000.0,-5.83,53.75,216.0,2.2771,0.3494,LOCK,3,looseness
10377,4277968,5529,106372.0,-0.0039,0.1131,-0.5967,0.60734,1005.84,1000.0,-5.84,53.75,216.0,2.259,0.0762,LOCK,3,looseness
10378,4277977,5538,106381.0,-0.0234,0.0156,-0.8073,0.80779,1005.85,1000.0,-5.85,53.75,216.0,2.2547,0.0103,LOCK,3,looseness
10379,4277985,5546,106389.0,-0.0078,-0.2496,-0.6864,0.73041,1005.85,1000.0,-5.85,53.75,216.0,2.2556,0.0237,LOCK,3,looseness
10380,4277994,5555,106398.0,-0.0897,0.0195,-0.8112,0.81638,1005.86,1000.0,-5.86,53.75,216.0,2.274,0.3024,LOCK,3,looseness
10381,4278048,5609,106452.0,0.1365,-0.039,-0.7644,0.77747,1005.86,1000.0,-5.86,53.75,216.0,2.2856,0.4788,LOCK,3,looseness
10382,4278056,5617,106460.0,0.0429,-0.2184,-0.9321,0.95831,1005.85,1000.0,-5.85,53.75,216.0,2.2741,0.3048,LOCK,3,looseness
10383,4278065,5626,106469.0,-0.0507,-0.0858,-0.7722,0.7786,1005.85,1000.0,-5.85,53.75,216.0,2.2827,0.4352,LOCK,3,looseness
10384,4278074,5635,106478.0,-0.0897,0.0507,-0.7722,0.77904,1005.85,1000.0,-5.85,53.75,216.0,2.2781,0.3653,LOCK,3,looseness
10385,4278082,5643,106486.0,-0.0897,0.0507,-0.7722,0.77904,1005.84,1000.0,-5.84,53.75,216.0,2.2878,0.5124,LOCK,3,looseness
10386,4278091,5652,106495.0,-0.1287,0.1521,-0.6708,0.69976,1005.83,1000.0,-5.83,53.75,216.0,2.2728,0.2853,LOCK,3,looseness
10387,4278099,5660,106503.0,-0.0351,0.0936,-0.6201,0.62811,1005.82,1000.0,-5.82,53.75,216.0,2.2827,0.4343,LOCK,3,looseness
10388,4278118,5679,106522.0,-0.1482,-0.117,-0.6942,0.71942,1005.81,1000.0,-5.81,53.75,216.0,2.2789,0.3772,LOCK,3,looseness
10389,4278126,5687,106530.0,-0.1365,-0.1014,-0.8931,0.90914,1005.81,1000.0,-5.81,53.75,216.0,2.2652,0.1702,LOCK,3,looseness
10390,4278135,5696,106539.0,0.0156,-0.1209,-0.6903,0.70098,1005.8,1000.0,-5.8,53.75,216.0,2.2704,0.2481,LOCK,3,looseness
10391,4278143,5704,106547.0,0.0156,-0.1209,-0.6903,0.70098,1005.79,1000.0,-5.79,53.75,216.0,2.2643,0.1565,LOCK,3,looseness
10392,4278152,5713,106556.0,-0.0156,-0.1131,-0.858,0.86556,1005.79,1000.0,-5.79,53.75,216.0,2.2767,0.3439,LOCK,3,looseness
10393,4278160,5721,106564.0,-0.0351,0.0117,-0.7449,0.74582,1005.78,1000.0,-5.78,53.75,216.0,2.2809,0.4074,LOCK,3,looseness
10394,4278179,5740,106583.0,-0.0312,0.0039,-0.8112,0.81181,1005.78,1000.0,-5.78,53.75,216.0,2.2765,0.3405,LOCK,3,looseness
10395,4278188,5749,106592.0,-0.3237,-0.0468,-0.6747,0.74979,1005.77,1000.0,-5.77,53.75,216.0,2.2827,0.4349,LOCK,3,looseness
10396,4278196,5757,106600.0,-0.3237,-0.0468,-0.6747,0.74979,1005.77,1000.0,-5.77,53.75,216.0,2.2807,0.404,LOCK,3,looseness
10397,4278205,5766,106609.0,-0.0429,-0.0117,-0.7839,0.78516,1005.77,1000.0,-5.77,53.75,216.0,2.2732,0.2902,LOCK,3,looseness
10398,4278213,5774,106617.0,-0.0624,-0.0468,-0.8073,0.81106,1005.77,1000.0,-5.77,53.75,216.0,2.2606,0.1003,LOCK,3,looseness
10399,4278222,5783,106626.0,0.0468,0.0039,-0.9087,0.90991,1005.78,1000.0,-5.78,53.75,216.0,2.2696,0.2365,LOCK,3,looseness
10400,4278240,5801,106644.0,-0.0702,-0.0156,-0.9282,0.93098,1005.78,1000.0,-5.78,53.75,216.0,2.2727,0.2829,LOCK,3,looseness
10401,4278254,5815,106658.0,-0.0897,-0.1872,-0.7878,0.81469,1005.78,1000.0,-5.78,53.75,216.0,2.252,-0.0297,LOCK,3,looseness
10402,4278305,5866,106709.0,-0.1326,0.0117,-0.6786,0.69153,1005.77,1000.0,-5.77,53.75,216.0,2.273,0.2884,LOCK,3,looseness
10403,4278313,5874,106717.0,-0.0702,-0.0741,-0.8814,0.88729,1005.76,1000.0,-5.76,53.75,216.0,2.2695,0.2355,LOCK,3,looseness
10404,4278322,5883,106726.0,-0.1092,0.1404,-0.6942,0.71662,1005.76,1000.0,-5.76,53.75,216.0,2.2683,0.216,LOCK,3,looseness
10405,4278330,5891,106734.0,-0.0039,-0.0897,-0.9243,0.92865,1005.76,1000.0,-5.76,53.75,216.0,2.2641,0.1525,LOCK,3,looseness
10406,4278339,5900,106743.0,-0.0039,-0.0897,-0.9243,0.92865,1005.75,1000.0,-5.75,53.75,216.0,2.2683,0.216,LOCK,3,looseness
10407,4278357,5918,106761.0,-0.0312,-0.0507,-0.858,0.86006,1005.75,1000.0,-5.75,53.75,216.0,2.2808,0.4056,LOCK,3,looseness
10408,4278366,5927,106770.0,-0.1287,-0.0897,-0.7956,0.81092,1005.75,1000.0,-5.75,53.75,216.0,2.2814,0.4144,LOCK,3,looseness
10409,4278374,5935,106778.0,0.0663,0.0546,-0.7839,0.78859,1005.75,1000.0,-5.75,53.75,216.0,2.278,0.3638,LOCK,3,looseness
10410,4278383,5944,106787.0,-0.2067,0.0585,-0.7254,0.75654,1005.75,1000.0,-5.75,53.75,216.0,2.2868,0.4962,LOCK,3,looseness
10411,4278391,5952,106795.0,-0.1131,-0.0234,-0.6279,0.63843,1005.76,1000.0,-5.76,53.75,216.0,2.276,0.3338,LOCK,3,looseness
10412,4278400,5961,106804.0,-0.1131,-0.0234,-0.6279,0.63843,1005.76,1000.0,-5.76,53.75,216.0,2.2468,-0.1094,LOCK,3,looseness
10413,4278418,5979,106822.0,0.039,-0.1521,-0.7644,0.78036,1005.77,1000.0,-5.77,53.75,216.0,2.2635,0.1437,LOCK,3,looseness
10414,4278427,5988,106831.0,-0.1248,-0.0741,-0.9009,0.91252,1005.77,1000.0,-5.77,53.75,216.0,2.272,0.2725,LOCK,3,looseness
10415,4278459,6020,106863.0,-0.0234,0.1989,-0.7176,0.74502,1005.79,1000.0,-5.79,53.75,216.0,2.2833,0.4443,LOCK,3,looseness
10416,4278467,6028,106871.0,-0.0156,-0.1053,-0.6474,0.65609,1005.8,1000.0,-5.8,53.75,216.0,2.2767,0.3433,LOCK,3,looseness
10417,4278476,6037,106880.0,-0.1053,-0.0741,-0.9633,0.97187,1005.81,1000.0,-5.81,53.75,216.0,2.2816,0.4184,LOCK,3,looseness
10418,4278484,6045,106888.0,-0.1365,-0.1755,-0.7722,0.80357,1005.83,1000.0,-5.83,53.75,216.0,2.2805,0.401,LOCK,3,looseness
10419,4278493,6054,106897.0,-0.1365,-0.1755,-0.7722,0.80357,1005.84,1000.0,-5.84,53.75,216.0,2.281,0.4098,LOCK,3,looseness
10420,4278501,6062,106905.0,0.0741,0.0663,-0.8502,0.85599,1005.84,1000.0,-5.84,53.75,216.0,2.2777,0.3598,LOCK,3,looseness
10421,4278520,6081,106924.0,-0.0546,0.0234,-0.7956,0.79781,1005.84,1000.0,-5.84,53.75,216.0,2.2543,0.0045,LOCK,3,looseness
10422,4278528,6089,106932.0,0.0273,-0.0546,-0.7956,0.79794,1005.85,1000.0,-5.85,53.75,216.0,2.2475,-0.0981,LOCK,3,looseness
10423,4278537,6098,106941.0,-0.0546,0.0,-0.7293,0.73134,1005.85,1000.0,-5.85,53.75,216.0,2.2689,0.2261,LOCK,3,looseness
10424,4278554,6115,106958.0,-0.1716,-0.0741,-0.8424,0.86289,1005.85,1000.0,-5.85,53.75,216.0,2.29,0.546,LOCK,3,looseness
10425,4278562,6123,106966.0,-0.0624,0.0117,-0.5889,0.59231,1005.86,1000.0,-5.86,53.75,216.0,2.2713,0.2624,LOCK,3,looseness
10426,4278571,6132,106975.0,0.0,-0.039,-0.8775,0.87837,1005.87,1000.0,-5.87,53.75,216.0,2.2552,0.0185,LOCK,3,looseness
10427,4278579,6140,106983.0,0.0312,-0.2652,-0.7644,0.8097,1005.87,1000.0,-5.87,53.75,216.0,2.2653,0.1708,LOCK,3,looseness
10428,4278588,6149,106992.0,-0.0312,-0.1053,-0.9282,0.93467,1005.88,1000.0,-5.88,53.75,216.0,2.2744,0.3097,LOCK,3,looseness
10429,4278596,6157,107000.0,-0.0663,0.0234,-0.7683,0.77151,1005.88,1000.0,-5.88,53.75,216.0,2.2549,0.0136,LOCK,3,looseness
10430,4278615,6176,107019.0,-0.0975,0.0234,-0.6669,0.6744,1005.89,1000.0,-5.89,53.75,216.0,2.2854,0.4758,LOCK,3,looseness
10431,4278624,6185,107028.0,0.078,0.1989,-0.78,0.80873,1005.9,1000.0,-5.9,53.75,216.0,2.2577,0.0567,LOCK,3,looseness
10432,4278632,6193,107036.0,-0.1794,-0.1014,-0.5928,0.6276,1005.91,1000.0,-5.91,53.75,216.0,2.2713,0.2621,LOCK,3,looseness
10433,4278641,6202,107045.0,0.1833,0.0117,-0.8229,0.84315,1005.92,1000.0,-5.92,53.75,216.0,2.2522,-0.027,LOCK,3,looseness
10434,4278649,6210,107053.0,-0.0936,-0.156,-0.7059,0.72897,1005.93,1000.0,-5.93,53.75,216.0,2.2692,0.2301,LOCK,3,looseness
10435,4278685,6246,107089.0,-0.0507,0.2418,-0.7566,0.79592,1005.94,1000.0,-5.94,53.75,216.0,2.2755,0.3259,LOCK,3,looseness
10436,4278694,6255,107098.0,0.0312,0.078,-0.702,0.70701,1005.94,1000.0,-5.94,53.75,216.0,2.2783,0.368,LOCK,3,looseness
10437,4278702,6263,107106.0,-0.0741,0.1014,-0.6084,0.62123,1005.95,1000.0,-5.95,53.75,216.0,2.2808,0.4068,LOCK,3,looseness
10438,4278711,6272,107115.0,0.0585,0.0312,-0.8151,0.81779,1005.95,1000.0,-5.95,53.75,216.0,2.2818,0.4205,LOCK,3,looseness
10439,4278719,6280,107123.0,-0.1365,-0.2379,-0.7878,0.83418,1005.96,1000.0,-5.96,53.75,216.0,2.2799,0.3921,LOCK,3,looseness
10440,4278728,6289,107132.0,-0.1365,-0.2379,-0.7878,0.83418,1005.96,1000.0,-5.96,53.75,216.0,2.2538,-0.0035,LOCK,3,looseness
10441,4278736,6297,107140.0,0.0117,0.0741,-0.9009,0.90402,1005.96,1000.0,-5.96,53.75,216.0,2.2751,0.3204,LOCK,3,looseness
10442,4278755,6316,107159.0,-0.078,0.0468,-0.6084,0.61516,1005.95,1000.0,-5.95,53.75,216.0,2.2705,0.2493,LOCK,3,looseness
10443,4278764,6325,107168.0,0.0273,0.0312,-0.8736,0.87458,1005.95,1000.0,-5.95,53.75,216.0,2.2797,0.3897,LOCK,3,looseness
10444,4278772,6333,107176.0,-0.0858,-0.1053,-0.7839,0.79558,1005.94,1000.0,-5.94,53.75,216.0,2.2807,0.405,LOCK,3,looseness
10445,4278781,6342,107185.0,-0.2496,-0.0429,-0.6981,0.74262,1005.94,1000.0,-5.94,53.75,216.0,2.2756,0.3268,LOCK,3,looseness
10446,4278789,6350,107193.0,-0.2496,-0.0429,-0.6981,0.74262,1005.94,1000.0,-5.94,53.75,216.0,2.2602,0.0936,LOCK,3,looseness
10447,4278798,6359,107202.0,-0.0585,-0.0078,-0.8307,0.83279,1005.94,1000.0,-5.94,53.75,216.0,2.2727,0.2841,LOCK,3,looseness
10448,4278816,6377,107220.0,-0.1053,-0.0156,-1.0296,1.03509,1005.95,1000.0,-5.95,53.75,216.0,2.2586,0.0698,LOCK,3,looseness
10449,4278825,6386,107229.0,0.1014,-0.1521,-0.7839,0.80493,1005.95,1000.0,-5.95,53.75,216.0,2.2458,-0.124,LOCK,3,looseness
10450,4278833,6394,107237.0,-0.1521,-0.0585,-0.624,0.64493,1005.96,1000.0,-5.96,53.75,216.0,2.2577,0.0554,LOCK,3,looseness
10451,4278842,6403,107246.0,-0.1521,-0.0585,-0.624,0.64493,1005.96,1000.0,-5.96,53.75,216.0,2.2547,0.0109,LOCK,3,looseness
10452,4278850,6411,107254.0,-0.1794,0.078,-0.9399,0.96004,1005.97,1000.0,-5.97,53.75,216.0,2.2792,0.3824,LOCK,3,looseness
10453,4278869,6430,107273.0,-0.0429,-0.0429,-0.9204,0.9224,1005.96,1000.0,-5.96,53.75,216.0,2.2829,0.4373,LOCK,3,looseness
10454,4278878,6439,107282.0,-0.0546,0.0468,-0.8034,0.80661,1005.95,1000.0,-5.95,53.75,216.0,2.25,-0.0609,LOCK,3,looseness
10455,4278891,6452,107295.0,-0.0858,-0.2067,-0.7527,0.78527,1005.94,1000.0,-5.94,53.75,216.0,2.2525,-0.023,LOCK,3,looseness
10456,4278899,6460,107303.0,-0.0624,-0.0234,-0.8775,0.88003,1005.93,1000.0,-5.93,53.75,216.0,2.2667,0.1928,LOCK,3,looseness
10457,4278908,6469,107312.0,-0.1911,-0.1443,-0.7137,0.7528,1005.93,1000.0,-5.93,53.75,216.0,2.2775,0.3564,LOCK,3,looseness
10458,4278917,6478,107321.0,-0.1482,0.1716,-0.8073,0.83854,1005.91,1000.0,-5.91,53.75,216.0,2.2857,0.481,LOCK,3,looseness
10459,4278925,6486,107329.0,0.0156,-0.1092,-0.7137,0.72217,1005.89,1000.0,-5.89,53.75,216.0,2.2624,0.1269,LOCK,3,looseness
10460,4278934,6495,107338.0,0.0156,-0.1092,-0.7137,0.72217,1005.87,1000.0,-5.87,53.75,216.0,2.277,0.3491,LOCK,3,looseness
10461,4278952,6513,107356.0,0.0429,-0.0858,-0.8268,0.83235,1005.85,1000.0,-5.85,53.75,216.0,2.264,0.1513,LOCK,3,looseness
10462,4278961,6522,107365.0,-0.2067,-0.195,-0.741,0.79362,1005.84,1000.0,-5.84,53.75,216.0,2.2835,0.4474,LOCK,3,looseness
10463,4278970,6531,107374.0,-0.0195,-0.0195,-0.7878,0.78828,1005.83,1000.0,-5.83,53.75,216.0,2.2784,0.3699,LOCK,3,looseness
10464,4278978,6539,107382.0,-0.2028,0.0039,-0.5694,0.60445,1005.8,1000.0,-5.8,53.75,216.0,2.2615,0.1134,LOCK,3,looseness
10465,4278987,6548,107391.0,-0.0546,-0.0234,-0.8346,0.83671,1005.78,1000.0,-5.78,53.75,216.0,2.2608,0.1025,LOCK,3,looseness
10466,4278995,6556,107399.0,-0.0546,-0.0234,-0.8346,0.83671,1005.76,1000.0,-5.76,53.75,216.0,2.2737,0.2987,LOCK,3,looseness
10467,4279014,6575,107418.0,-0.0195,0.0078,-0.8931,0.89335,1005.75,1000.0,-5.75,53.75,216.0,2.2737,0.299,LOCK,3,looseness
10468,4279022,6583,107426.0,-0.1014,-0.0702,-0.7722,0.78199,1005.73,1000.0,-5.73,53.75,216.0,2.2836,0.4489,LOCK,3,looseness
10469,4279031,6592,107435.0,0.0312,-0.2028,-0.9477,0.96966,1005.72,1000.0,-5.72,53.75,216.0,2.2599,0.0896,LOCK,3,looseness
10470,4279039,6600,107443.0,-0.0546,0.0039,-0.6513,0.6536,1005.68,1000.0,-5.68,53.75,216.0,2.2794,0.3848,LOCK,3,looseness
10471,4279048,6609,107452.0,-0.0702,0.0897,-0.6591,0.66887,1005.65,1000.0,-5.65,53.75,216.0,2.2476,-0.0975,LOCK,3,looseness
10472,4279056,6617,107460.0,-0.0702,0.0897,-0.6591,0.66887,1005.62,1000.0,-5.62,53.75,216.0,2.2656,0.176,LOCK,3,looseness
10473,4279075,6636,107479.0,0.0,-0.0312,-0.7059,0.70659,1005.6,1000.0,-5.6,53.75,216.0,2.2765,0.3415,LOCK,3,looseness
10474,4279083,6644,107487.0,-0.1248,-0.0312,-0.8229,0.83289,1005.58,1000.0,-5.58,53.75,216.0,2.2518,-0.034,LOCK,3,looseness
10475,4279097,6658,107501.0,-0.2379,-0.1014,-0.7098,0.75544,1005.56,1000.0,-5.56,53.75,216.0,2.2742,0.3067,LOCK,3,looseness
10476,4279105,6666,107509.0,-0.0702,-0.0351,-0.8736,0.87712,1005.51,1000.0,-5.51,53.75,216.0,2.2566,0.0387,LOCK,3,looseness
10477,4279114,6675,107518.0,0.0663,0.0507,-0.7371,0.74181,1005.48,1000.0,-5.48,53.75,216.0,2.253,-0.0145,LOCK,3,looseness
10478,4279170,6731,107574.0,-0.0507,-0.0663,-0.8736,0.87758,1005.43,1000.0,-5.43,53.75,216.0,2.2794,0.3845,LOCK,3,looseness
10479,4279179,6740,107583.0,-0.0507,-0.0663,-0.8736,0.87758,1005.38,1000.0,-5.38,53.75,216.0,2.2841,0.4565,LOCK,3,looseness
10480,4279188,6749,107592.0,-0.0546,-0.1911,-0.6747,0.70336,1005.34,1000.0,-5.34,53.75,216.0,2.2498,-0.0636,LOCK,3,looseness
10481,4279196,6757,107600.0,-0.0975,-0.0663,-0.8034,0.81201,1005.3,1000.0,-5.3,53.75,216.0,2.2573,0.0493,LOCK,3,looseness
10482,4279205,6766,107609.0,-0.2067,0.0936,-0.6396,0.67866,1005.27,1000.0,-5.27,53.75,216.0,2.2641,0.1534,LOCK,3,looseness
10483,4279213,6774,107617.0,-0.1092,0.0429,-0.7761,0.78492,1005.21,1000.0,-5.21,53.75,216.0,2.28,0.3934,LOCK,3,looseness
10484,4279232,6793,107636.0,-0.0897,-0.0624,-0.7098,0.71816,1005.16,1000.0,-5.16,53.75,216.0,2.2746,0.3128,LOCK,3,looseness
10485,4279240,6801,107644.0,-0.0117,0.0078,-0.8658,0.86591,1005.12,1000.0,-5.12,53.75,216.0,2.2726,0.2825,LOCK,3,looseness
10486,4279249,6810,107653.0,-0.1131,-0.1404,-0.702,0.72478,1005.08,1000.0,-5.08,53.75,216.0,2.2578,0.057,LOCK,3,looseness
10487,4279257,6818,107661.0,-0.0078,-0.0117,-0.9243,0.92441,1005.05,1000.0,-5.05,53.75,216.0,2.2563,0.0353,LOCK,3,looseness
10488,4279272,6833,107676.0,-0.0663,-0.1833,-0.8229,0.84567,1005.02,1000.0,-5.02,53.75,216.0,2.2809,0.408,LOCK,3,looseness
10489,4279280,6841,107684.0,-0.1404,0.1911,-0.7644,0.80034,1004.96,1000.0,-4.96,53.75,216.0,2.2804,0.4004,LOCK,3,looseness
10490,4279289,6850,107693.0,0.0078,-0.0624,-0.6669,0.66986,1004.91,1000.0,-4.91,53.75,216.0,2.2668,0.1943,LOCK,3,looseness
10491,4279302,6863,107706.0,0.0819,-0.0312,-0.7371,0.74229,1004.86,1000.0,-4.86,53.75,216.0,2.2604,0.0976,LOCK,3,looseness
10492,4279311,6872,107715.0,0.0117,0.0312,-0.7566,0.75733,1004.82,1000.0,-4.82,53.75,216.0,2.2479,-0.092,LOCK,3,looseness
10493,4279320,6881,107724.0,-0.1911,-0.0897,-0.7254,0.75549,1004.78,1000.0,-4.78,53.75,216.0,2.2816,0.4178,LOCK,3,looseness
10494,4279328,6889,107732.0,0.0234,-0.0117,-0.8541,0.8545,1004.75,1000.0,-4.75,53.75,216.0,2.2832,0.4428,LOCK,3,looseness
10495,4279337,6898,107741.0,-0.1131,0.1131,-0.6552,0.67444,1004.69,1000.0,-4.69,53.75,216.0,2.2514,-0.0392,LOCK,3,looseness
10496,4279345,6906,107749.0,0.0117,-0.0429,-0.8775,0.87863,1004.64,1000.0,-4.64,53.75,216.0,2.2714,0.2633,LOCK,3,looseness
10497,4279354,6915,107758.0,0.0117,-0.0429,-0.8775,0.87863,1004.6,1000.0,-4.6,53.75,216.0,2.28,0.394,LOCK,3,looseness
10498,4279373,6934,107777.0,-0.0819,-0.0585,-0.8151,0.82129,1004.56,1000.0,-4.56,53.75,216.0,2.2741,0.3039,LOCK,3,looseness
10499,4279381,6942,107785.0,-0.156,-0.0546,-0.7878,0.80495,1004.52,1000.0,-4.52,53.75,216.0,2.2684,0.2188,LOCK,3,looseness
10500,4279390,6951,107794.0,0.0351,-0.0585,-0.7995,0.80241,1004.49,1000.0,-4.49,53.75,216.0,2.2501,-0.059,LOCK,3,looseness
10501,4279399,6960,107803.0,-0.0741,0.0273,-0.741,0.7452,1004.45,1000.0,-4.45,53.75,216.0,2.2579,0.0591,LOCK,3,looseness
10502,4279407,6968,107811.0,-0.1209,0.0117,-0.7371,0.74704,1004.41,1000.0,-4.41,53.75,216.0,2.2673,0.2011,LOCK,3,looseness
10503,4279416,6977,107820.0,-0.1209,0.0117,-0.7371,0.74704,1004.37,1000.0,-4.37,53.75,216.0,2.2616,0.1159,LOCK,3,looseness
10504,4279424,6985,107828.0,0.0117,0.0429,-0.7605,0.7618,1004.34,1000.0,-4.34,53.75,216.0,2.2775,0.3561,LOCK,3,looseness
10505,4279443,7004,107847.0,-0.1482,0.0039,-0.8463,0.85919,1004.31,1000.0,-4.31,53.75,216.0,2.249,-0.0761,LOCK,3,looseness
10506,4279451,7012,107855.0,-0.1833,-0.156,-0.6942,0.73474,1004.29,1000.0,-4.29,53.75,216.0,2.2707,0.2523,LOCK,3,looseness
10507,4279460,7021,107864.0,-0.1833,0.0546,-0.819,0.84104,1004.26,1000.0,-4.26,53.75,216.0,2.2417,-0.1866,LOCK,3,looseness
10508,4279468,7029,107872.0,0.117,-0.0546,-0.7527,0.76369,1004.25,1000.0,-4.25,53.75,216.0,2.2779,0.3628,LOCK,3,looseness
10509,4279478,7039,107882.0,0.117,-0.0546,-0.7527,0.76369,1004.23,1000.0,-4.23,53.75,216.0,2.2787,0.3744,LOCK,3,looseness
10510,4279486,7047,107890.0,-0.0897,-0.2145,-0.8502,0.88142,1004.21,1000.0,-4.21,53.75,216.0,2.2789,0.3772,LOCK,3,looseness
10511,4279495,7056,107899.0,-0.0312,-0.078,-0.8541,0.85822,1004.2,1000.0,-4.2,53.75,216.0,2.2541,0.0011,LOCK,3,looseness
10512,4279518,7079,107922.0,0.0702,0.2457,-0.7332,0.77645,1004.17,1000.0,-4.17,53.75,216.0,2.2592,0.0783,LOCK,3,looseness
10513,4279527,7088,107931.0,-0.0741,-0.0897,-0.7059,0.71542,1004.15,1000.0,-4.15,53.75,216.0,2.2846,0.4636,LOCK,3,looseness
10514,4279535,7096,107939.0,-0.0312,0.0156,-0.8853,0.88599,1004.12,1000.0,-4.12,53.75,216.0,2.2739,0.3021,LOCK,3,looseness
10515,4279544,7105,107948.0,-0.0234,-0.1326,-0.6825,0.69566,1004.1,1000.0,-4.1,53.75,216.0,2.2577,0.0564,LOCK,3,looseness
10516,4279552,7113,107956.0,-0.0819,-0.1677,-0.9126,0.93149,1004.09,1000.0,-4.09,53.75,216.0,2.2574,0.0512,LOCK,3,looseness
10517,4279561,7122,107965.0,-0.0858,-0.0702,-0.741,0.74925,1004.07,1000.0,-4.07,53.75,216.0,2.2562,0.0335,LOCK,3,looseness
10518,4279581,7142,107985.0,-0.0156,-0.1482,-0.78,0.79411,1004.06,1000.0,-4.06,53.75,216.0,2.2862,0.4886,LOCK,3,looseness
10519,4279590,7151,107994.0,-0.0156,-0.1482,-0.78,0.79411,1004.05,1000.0,-4.05,53.75,216.0,2.2811,0.4111,LOCK,3,looseness
10520,4279598,7159,108002.0,-0.0039,0.078,-0.8502,0.85378,1004.04,1000.0,-4.04,53.75,216.0,2.284,0.4541,LOCK,3,looseness
10521,4279607,7168,108011.0,-0.0702,-0.0312,-0.78,0.78377,1004.03,1000.0,-4.03,53.75,216.0,2.2808,0.4056,LOCK,3,looseness
10522,4279615,7176,108019.0,-0.0936,0.039,-0.7293,0.73632,1004.02,1000.0,-4.02,53.75,216.0,2.2717,0.2679,LOCK,3,looseness
10523,4279624,7185,108028.0,-0.1677,-0.0858,-0.8775,0.89749,1004.01,1000.0,-4.01,53.75,216.0,2.2538,-0.0026,LOCK,3,looseness
10524,4279643,7204,108047.0,-0.0741,0.0507,-0.7449,0.75029,1004.0,1000.0,-4.0,53.75,216.0,2.2762,0.3369,LOCK,3,looseness
10525,4279651,7212,108055.0,-0.0741,0.0507,-0.7449,0.75029,1004.0,1000.0,-4.0,53.75,216.0,2.2774,0.3549,LOCK,3,looseness
10526,4279660,7221,108064.0,0.0078,-0.0741,-0.6669,0.67105,1003.99,1000.0,-3.99,53.75,216.0,2.2816,0.4175,LOCK,3,looseness
10527,4279681,7242,108085.0,-0.1599,-0.0429,-0.7176,0.73645,1003.99,1000.0,-3.99,53.75,216.0,2.2758,0.3308,LOCK,3,looseness
10528,4279690,7251,108094.0,0.0117,-0.0234,-0.8424,0.84281,1003.98,1000.0,-3.98,53.75,216.0,2.286,0.4846,LOCK,3,looseness
10529,4279699,7260,108103.0,-0.1053,0.0741,-0.624,0.63715,1003.97,1000.0,-3.97,53.75,216.0,2.2764,0.339,LOCK,3,looseness
10530,4279707,7268,108111.0,0.0351,0.0468,-0.8541,0.8561,1003.95,1000.0,-3.95,53.75,216.0,2.2797,0.39,LOCK,3,looseness
10531,4279721,7282,108125.0,-0.0507,-0.2691,-0.7098,0.76079,1003.94,1000.0,-3.94,53.75,216.0,2.2822,0.4272,LOCK,3,looseness
10532,4279729,7290,108133.0,0.1131,-0.0156,-0.819,0.82692,1003.93,1000.0,-3.93,53.75,216.0,2.2741,0.3039,LOCK,3,looseness
10533,4279738,7299,108142.0,-0.2223,-0.0273,-0.6942,0.72944,1003.92,1000.0,-3.92,53.75,216.0,2.2745,0.3112,LOCK,3,looseness
10534,4279746,7307,108150.0,0.0663,-0.0663,-0.8502,0.85535,1003.92,1000.0,-3.92,53.75,216.0,2.2685,0.22,LOCK,3,looseness
10535,4279755,7316,108159.0,0.0663,-0.0663,-0.8502,0.85535,1003.9,1000.0,-3.9,53.75,216.0,2.2835,0.4474,LOCK,3,looseness
10536,4279763,7324,108167.0,-0.1287,-0.2301,-0.6123,0.66665,1003.88,1000.0,-3.88,53.75,216.0,2.2505,-0.0526,LOCK,3,looseness
10537,4279782,7343,108186.0,-0.1053,-0.0819,-0.6786,0.69159,1003.86,1000.0,-3.86,53.75,216.0,2.2772,0.3509,LOCK,3,looseness
10538,4279791,7352,108195.0,-0.0546,-0.0975,-0.8424,0.84978,1003.85,1000.0,-3.85,53.75,216.0,2.2806,0.4028,LOCK,3,looseness
10539,4279799,7360,108203.0,-0.2808,-0.0351,-0.6825,0.73884,1003.84,1000.0,-3.84,53.75,216.0,2.2488,-0.0783,LOCK,3,looseness
10540,4279808,7369,108212.0,-0.1638,0.0585,-0.8112,0.82964,1003.83,1000.0,-3.83,53.75,216.0,2.2741,0.3045,LOCK,3,looseness
10541,4279816,7377,108220.0,-0.1638,0.0585,-0.8112,0.82964,1003.81,1000.0,-3.81,53.75,216.0,2.2627,0.1324,LOCK,3,looseness
10542,4279825,7386,108229.0,-0.156,-0.0273,-0.6045,0.6249,1003.8,1000.0,-3.8,53.75,216.0,2.2681,0.2133,LOCK,3,looseness
10543,4279843,7404,108247.0,-0.1131,-0.0936,-0.6513,0.66764,1003.79,1000.0,-3.79,53.75,216.0,2.2907,0.5564,LOCK,3,looseness
10544,4279852,7413,108256.0,0.0117,-0.0234,-0.9399,0.94026,1003.79,1000.0,-3.79,53.75,216.0,2.2492,-0.0734,LOCK,3,looseness
10545,4279860,7421,108264.0,-0.273,-0.1677,-0.6318,0.7084,1003.78,1000.0,-3.78,53.75,216.0,2.2721,0.274,LOCK,3,looseness
10546,4279869,7430,108273.0,0.0663,0.2652,-0.8229,0.86712,1003.77,1000.0,-3.77,53.75,216.0,2.2698,0.2401,LOCK,3,looseness
10547,4279877,7438,108281.0,0.0663,0.2652,-0.8229,0.86712,1003.75,1000.0,-3.75,53.75,216.0,2.2817,0.4193,LOCK,3,looseness
10548,4279888,7449,108292.0,0.0429,-0.1404,-0.7917,0.8052,1003.73,1000.0,-3.73,53.75,216.0,2.2734,0.2942,LOCK,3,looseness
10549,4279897,7458,108301.0,-0.0039,-0.0195,-0.897,0.89722,1003.71,1000.0,-3.71,53.75,216.0,2.289,0.531,LOCK,3,looseness
10550,4279905,7466,108309.0,0.0195,-0.0585,-0.7371,0.73967,1003.7,1000.0,-3.7,53.75,216.0,2.2568,0.0429,LOCK,3,looseness
10551,4279914,7475,108318.0,-0.1131,-0.1131,-0.8463,0.86128,1003.69,1000.0,-3.69,53.75,216.0,2.2611,0.1083,LOCK,3,looseness
10552,4279927,7488,108331.0,-0.0585,0.0078,-0.78,0.78223,1003.67,1000.0,-3.67,53.75,216.0,2.2732,0.2914,LOCK,3,looseness
10553,4279936,7497,108340.0,-0.1794,-0.0156,-0.6045,0.63075,1003.66,1000.0,-3.66,53.75,216.0,2.2585,0.0677,LOCK,3,looseness
10554,4279988,7549,108392.0,-0.1755,-0.0858,-0.9399,0.95999,1003.65,1000.0,-3.65,53.75,216.0,2.2818,0.4205,LOCK,3,looseness
10555,4279996,7557,108400.0,0.0078,0.0312,-0.7059,0.70663,1003.62,1000.0,-3.62,53.75,216.0,2.277,0.3479,LOCK,3,looseness
10556,4280005,7566,108409.0,-0.0702,0.0078,-0.8931,0.89589,1003.6,1000.0,-3.6,53.75,216.0,2.2536,-0.0065,LOCK,3,looseness
10557,4280013,7574,108417.0,0.0936,-0.0234,-0.7371,0.74339,1003.58,1000.0,-3.58,53.75,216.0,2.2709,0.2554,LOCK,3,looseness
10558,4280022,7583,108426.0,-0.0039,0.0702,-0.7878,0.79093,1003.56,1000.0,-3.56,53.75,216.0,2.2708,0.2548,LOCK,3,looseness
10559,4280030,7591,108434.0,-0.0039,0.0702,-0.7878,0.79093,1003.54,1000.0,-3.54,53.75,216.0,2.2727,0.2829,LOCK,3,looseness
10560,4280049,7610,108453.0,-0.1131,-0.0741,-0.6552,0.66901,1003.52,1000.0,-3.52,53.75,216.0,2.2732,0.2911,LOCK,3,looseness
10561,4280058,7619,108462.0,-0.0585,0.2652,-0.8151,0.85915,1003.5,1000.0,-3.5,53.75,216.0,2.2627,0.1318,LOCK,3,looseness
10562,4280066,7627,108470.0,0.0117,-0.0975,-0.6123,0.62012,1003.48,1000.0,-3.48,53.75,216.0,2.264,0.1522,LOCK,3,looseness
10563,4280075,7636,108479.0,0.0663,-0.1482,-0.936,0.94998,1003.46,1000.0,-3.46,53.75,216.0,2.271,0.2578,LOCK,3,looseness
10564,4280085,7646,108489.0,0.0819,-0.1326,-0.7566,0.77249,1003.44,1000.0,-3.44,53.75,216.0,2.2728,0.2853,LOCK,3,looseness
10565,4280093,7654,108497.0,0.0819,-0.1326,-0.7566,0.77249,1003.43,1000.0,-3.43,53.75,216.0,2.2781,0.3659,LOCK,3,looseness
10566,4280102,7663,108506.0,-0.2145,-0.0702,-0.8697,0.89851,1003.41,1000.0,-3.41,53.75,216.0,2.2794,0.3848,LOCK,3,looseness
10567,4280110,7671,108514.0,0.0585,0.0,-0.7917,0.79386,1003.38,1000.0,-3.38,53.75,216.0,2.2521,-0.0288,LOCK,3,looseness
10568,4280119,7680,108523.0,-0.1014,-0.0897,-0.6162,0.6309,1003.34,1000.0,-3.34,53.75,216.0,2.2666,0.1907,LOCK,3,looseness
10569,4280142,7703,108546.0,0.0078,-0.195,-0.7605,0.78514,1003.31,1000.0,-3.31,53.75,216.0,2.2809,0.408,LOCK,3,looseness
10570,4280151,7712,108555.0,-0.0702,-0.1755,-0.9594,0.97784,1003.28,1000.0,-3.28,53.75,216.0,2.2773,0.3537,LOCK,3,looseness
10571,4280159,7720,108563.0,-0.1053,-0.1053,-0.8112,0.82476,1003.26,1000.0,-3.26,53.75,216.0,2.2596,0.0848,LOCK,3,looseness
10572,4280168,7729,108572.0,-0.2145,0.0546,-0.7371,0.76962,1003.23,1000.0,-3.23,53.75,216.0,2.2631,0.1382,LOCK,3,looseness
10573,4280176,7737,108580.0,-0.0624,-0.0234,-0.7137,0.7168,1003.19,1000.0,-3.19,53.75,216.0,2.2652,0.1699,LOCK,3,looseness
10574,4280185,7746,108589.0,-0.0624,-0.0234,-0.7137,0.7168,1003.16,1000.0,-3.16,53.75,216.0,2.2756,0.3277,LOCK,3,looseness
10575,4280204,7765,108608.0,-0.1014,0.039,-0.9204,0.92679,1003.13,1000.0,-3.13,53.75,216.0,2.2786,0.3732,LOCK,3,looseness
10576,4280212,7773,108616.0,-0.0312,-0.1404,-0.8385,0.85075,1003.1,1000.0,-3.1,53.75,216.0,2.2388,-0.2303,LOCK,3,looseness
10577,4280221,7782,108625.0,-0.2886,-0.0585,-0.7644,0.81916,1003.07,1000.0,-3.07,53.75,216.0,2.2606,0.0997,LOCK,3,looseness
10578,4280229,7790,108633.0,0.0663,0.0624,-0.7683,0.77368,1003.02,1000.0,-3.02,53.75,216.0,2.2538,-0.0029,LOCK,3,looseness
10579,4280290,7851,108694.0,-0.1287,-0.0468,-0.5733,0.58943,1002.96,1000.0,-2.96,53.75,216.0,2.2737,0.299,LOCK,3,looseness
10580,4280299,7860,108703.0,-0.078,-0.0234,-0.9906,0.99394,1002.9,1000.0,-2.9,53.75,216.0,2.2832,0.4422,LOCK,3,looseness
10581,4280307,7868,108711.0,-0.078,-0.0234,-0.9906,0.99394,1002.85,1000.0,-2.85,53.75,216.0,2.2555,0.0234,LOCK,3,looseness
10582,4280316,7877,108720.0,0.0351,-0.0936,-0.7371,0.74385,1002.8,1000.0,-2.8,53.75,216.0,2.2702,0.2456,LOCK,3,looseness
10583,4280324,7885,108728.0,-0.0468,-0.0546,-0.8658,0.86878,1002.76,1000.0,-2.76,53.75,216.0,2.2581,0.0622,LOCK,3,looseness
10584,4280348,7909,108752.0,-0.2145,-0.0234,-0.8346,0.86204,1002.72,1000.0,-2.72,53.75,216.0,2.2807,0.405,LOCK,3,looseness
10585,4280356,7917,108760.0,0.0,-0.0156,-0.78,0.78016,1002.66,1000.0,-2.66,53.75,216.0,2.2843,0.4584,LOCK,3,looseness
10586,4280365,7926,108769.0,-0.1404,-0.0468,-0.7098,0.72506,1002.6,1000.0,-2.6,53.75,216.0,2.2702,0.2456,LOCK,3,looseness
10587,4280373,7934,108777.0,0.1443,-0.0429,-0.78,0.79439,1002.54,1000.0,-2.54,53.75,216.0,2.2619,0.1192,LOCK,3,looseness
10588,4280382,7943,108786.0,-0.0351,-0.2106,-0.7527,0.78239,1002.5,1000.0,-2.5,53.75,216.0,2.2551,0.0173,LOCK,3,looseness
10589,4280390,7951,108794.0,-0.0351,-0.2106,-0.7527,0.78239,1002.45,1000.0,-2.45,53.75,216.0,2.2736,0.2966,LOCK,3,looseness
10590,4280409,7970,108813.0,-0.1014,-0.0117,-0.8112,0.8176,1002.41,1000.0,-2.41,53.75,216.0,2.2808,0.4059,LOCK,3,looseness
10591,4280417,7978,108821.0,-0.0507,0.2106,-0.6552,0.69008,1002.36,1000.0,-2.36,53.75,216.0,2.2482,-0.0874,LOCK,3,looseness
10592,4280426,7987,108830.0,-0.0312,-0.0663,-0.9048,0.90776,1002.32,1000.0,-2.32,53.75,216.0,2.2659,0.1803,LOCK,3,looseness
10593,4280434,7995,108838.0,0.1404,-0.2535,-0.7722,0.82478,1002.29,1000.0,-2.29,53.75,216.0,2.2589,0.075,LOCK,3,looseness
10594,4280444,8005,108848.0,-0.0351,-0.0234,-0.6903,0.69159,1002.26,1000.0,-2.26,53.75,216.0,2.2866,0.4941,LOCK,3,looseness
10595,4280452,8013,108856.0,-0.2262,-0.0741,-0.8541,0.88665,1002.23,1000.0,-2.23,53.75,216.0,2.2846,0.4633,LOCK,3,looseness
10596,4280461,8022,108865.0,-0.2262,-0.0741,-0.8541,0.88665,1002.2,1000.0,-2.2,53.75,216.0,2.2727,0.2841,LOCK,3,looseness
10597,4280480,8041,108884.0,-0.156,0.1716,-0.8346,0.86622,1002.17,1000.0,-2.17,53.75,216.0,2.2724,0.2789,LOCK,3,looseness
10598,4280488,8049,108892.0,0.0,-0.039,-0.7683,0.76929,1002.13,1000.0,-2.13,53.75,216.0,2.2555,0.0222,LOCK,3,looseness
10599,4280496,8057,108900.0,-0.0819,-0.0936,-0.6825,0.69374,1002.1,1000.0,-2.1,53.75,216.0,2.2702,0.2447,LOCK,3,looseness
10600,4280505,8066,108909.0,0.0078,-0.1365,-0.8736,0.88423,1002.07,1000.0,-2.07,53.75,216.0,2.2592,0.0789,LOCK,3,looseness
10601,4280513,8074,108917.0,0.0078,-0.1365,-0.8736,0.88423,1002.04,1000.0,-2.04,53.75,216.0,2.2636,0.1452,LOCK,3,looseness
10602,4280522,8083,108926.0,-0.0897,-0.1599,-0.7644,0.78608,1002.02,1000.0,-2.02,53.75,216.0,2.2575,0.053,LOCK,3,looseness
10603,4280541,8102,108945.0,-0.1599,0.0078,-0.6747,0.69343,1001.99,1000.0,-1.99,53.75,216.0,2.276,0.3329,LOCK,3,looseness
10604,4280558,8119,108962.0,-0.0078,0.0273,-0.8658,0.86627,1001.95,1000.0,-1.95,53.75,216.0,2.2848,0.4672,LOCK,3,looseness
10605,4280566,8127,108970.0,0.0039,-0.0663,-0.8034,0.80614,1001.92,1000.0,-1.92,53.75,216.0,2.2551,0.0173,LOCK,3,looseness
10606,4280575,8136,108979.0,0.0039,-0.0663,-0.8034,0.80614,1001.9,1000.0,-1.9,53.75,216.0,2.2825,0.4321,LOCK,3,looseness
10607,4280583,8144,108987.0,-0.2262,-0.1248,-0.9282,0.96348,1001.87,1000.0,-1.87,53.75,216.0,2.27,0.2426,LOCK,3,looseness
10608,4280591,8152,108995.0,0.039,-0.0858,-0.7605,0.76632,1001.83,1000.0,-1.83,53.75,216.0,2.2778,0.3613,LOCK,3,looseness
10609,4280604,8165,109008.0,-0.0468,-0.1131,-0.6552,0.66653,1001.8,1000.0,-1.8,53.75,216.0,2.2771,0.3506,LOCK,3,looseness
10610,4280612,8173,109016.0,-0.0273,0.1248,-0.7722,0.7827,1001.76,1000.0,-1.76,53.75,216.0,2.2768,0.3448,LOCK,3,looseness
10611,4280621,8182,109025.0,-0.0351,-0.1326,-0.6903,0.7038,1001.73,1000.0,-1.73,53.75,216.0,2.2589,0.0738,LOCK,3,looseness
10612,4280629,8190,109033.0,-0.1209,-0.039,-0.9633,0.97164,1001.71,1000.0,-1.71,53.75,216.0,2.258,0.0609,LOCK,3,looseness
10613,4280638,8199,109042.0,-0.1911,-0.1521,-0.7332,0.77281,1001.68,1000.0,-1.68,53.75,216.0,2.2578,0.0579,LOCK,3,looseness
10614,4280657,8218,109061.0,0.0,0.0,-0.8892,0.8892,1001.65,1000.0,-1.65,53.75,216.0,2.2796,0.3885,LOCK,3,looseness
10615,4280665,8226,109069.0,-0.0507,-0.1404,-0.8931,0.90549,1001.62,1000.0,-1.62,53.75,216.0,2.2614,0.1116,LOCK,3,looseness
10616,4280674,8235,109078.0,-0.0195,-0.0156,-0.9009,0.90125,1001.6,1000.0,-1.6,53.75,216.0,2.2677,0.2081,LOCK,3,looseness
10617,4280682,8243,109086.0,0.0312,-0.273,-0.7878,0.83434,1001.58,1000.0,-1.58,53.75,216.0,2.2698,0.2398,LOCK,3,looseness
10618,4280691,8252,109095.0,-0.117,-0.0078,-0.8346,0.8428,1001.56,1000.0,-1.56,53.75,216.0,2.2657,0.1769,LOCK,3,looseness
10619,4280706,8267,109110.0,-0.1482,0.0078,-0.7995,0.81316,1001.54,1000.0,-1.54,53.75,216.0,2.282,0.4242,LOCK,3,looseness
10620,4280715,8276,109119.0,-0.0507,-0.039,-0.7995,0.80205,1001.51,1000.0,-1.51,53.75,216.0,2.2789,0.3772,LOCK,3,looseness
10621,4280724,8285,109128.0,-0.0975,-0.1521,-0.819,0.83869,1001.48,1000.0,-1.48,53.75,216.0,2.2671,0.1986,LOCK,3,looseness
10622,4280732,8293,109136.0,0.0585,0.0078,-0.8463,0.84836,1001.46,1000.0,-1.46,53.75,216.0,2.2828,0.437,LOCK,3,looseness
10623,4280740,8301,109144.0,-0.0273,-0.1092,-0.8151,0.82284,1001.44,1000.0,-1.44,53.75,216.0,2.2798,0.3915,LOCK,3,looseness
10624,4280749,8310,109153.0,-0.0273,-0.1092,-0.8151,0.82284,1001.42,1000.0,-1.42,53.75,216.0,2.2764,0.3399,LOCK,3,looseness
10625,4280773,8334,109177.0,-0.0429,0.2457,-0.8307,0.86734,1001.4,1000.0,-1.4,53.75,216.0,2.2699,0.2404,LOCK,3,looseness
10626,4280781,8342,109185.0,0.0195,-0.117,-0.6981,0.70811,1001.38,1000.0,-1.38,53.75,216.0,2.2687,0.2224,LOCK,3,looseness
10627,4280789,8350,109193.0,0.0195,-0.117,-0.6981,0.70811,1001.35,1000.0,-1.35,53.75,216.0,2.2646,0.1608,LOCK,3,looseness
10628,4280798,8359,109202.0,0.0585,-0.1404,-0.8619,0.87522,1001.34,1000.0,-1.34,53.75,216.0,2.2782,0.3674,LOCK,3,looseness
10629,4280808,8369,109212.0,0.0351,0.0,-0.7566,0.75741,1001.32,1000.0,-1.32,53.75,216.0,2.2811,0.4111,LOCK,3,looseness
10630,4280816,8377,109220.0,-0.2691,-0.1638,-0.7995,0.85933,1001.3,1000.0,-1.3,53.75,216.0,2.2824,0.4309,LOCK,3,looseness
10631,4280825,8386,109229.0,-0.0312,0.0546,-0.7137,0.71647,1001.29,1000.0,-1.29,53.75,216.0,2.286,0.4852,LOCK,3,looseness
10632,4280834,8395,109238.0,-0.1521,0.0819,-0.6786,0.70024,1001.27,1000.0,-1.27,53.75,216.0,2.2705,0.2493,LOCK,3,looseness
10633,4280842,8403,109246.0,-0.039,-0.0195,-0.8034,0.80458,1001.24,1000.0,-1.24,53.75,216.0,2.2656,0.1754,LOCK,3,looseness
10634,4280861,8422,109265.0,-0.0429,-0.0975,-0.7176,0.72546,1001.22,1000.0,-1.22,53.75,216.0,2.2724,0.2795,LOCK,3,looseness
10635,4280869,8430,109273.0,0.0117,-0.0936,-0.7995,0.80505,1001.21,1000.0,-1.21,53.75,216.0,2.2683,0.2163,LOCK,3,looseness
10636,4280910,8471,109314.0,0.0156,0.1599,-0.8034,0.81931,1001.18,1000.0,-1.18,53.75,216.0,2.2793,0.3833,LOCK,3,looseness
10637,4280919,8480,109323.0,0.0273,-0.1677,-0.7137,0.73365,1001.15,1000.0,-1.15,53.75,216.0,2.2886,0.5246,LOCK,3,looseness
10638,4280927,8488,109331.0,-0.0468,-0.0273,-0.9204,0.92199,1001.12,1000.0,-1.12,53.75,216.0,2.28,0.3937,LOCK,3,looseness
10639,4280936,8497,109340.0,-0.1014,-0.1638,-0.7839,0.80722,1001.1,1000.0,-1.1,53.75,216.0,2.2768,0.346,LOCK,3,looseness
10640,4280944,8505,109348.0,-0.1092,0.0273,-0.8502,0.85762,1001.08,1000.0,-1.08,53.75,216.0,2.2789,0.3769,LOCK,3,looseness
10641,4280953,8514,109357.0,-0.1092,0.0273,-0.8502,0.85762,1001.05,1000.0,-1.05,53.75,216.0,2.2826,0.434,LOCK,3,looseness
10642,4280962,8523,109366.0,-0.0507,0.078,-0.7761,0.78166,1001.02,1000.0,-1.02,53.75,216.0,2.2747,0.3131,LOCK,3,looseness
10643,4280985,8546,109389.0,0.0078,-0.1365,-0.7683,0.78037,1001.0,1000.0,-1.0,53.75,216.0,2.27,0.2426,LOCK,3,looseness
10644,4280994,8555,109398.0,-0.1833,-0.039,-0.7332,0.75677,1000.97,1000.0,-0.97,53.75,216.0,2.2551,0.0164,LOCK,3,looseness
10645,4281002,8563,109406.0,-0.1989,0.0312,-0.7956,0.82068,1000.95,1000.0,-0.95,53.75,216.0,2.2711,0.2587,LOCK,3,looseness
10646,4281011,8572,109415.0,-0.0546,-0.0507,-0.6513,0.65555,1000.92,1000.0,-0.92,53.75,216.0,2.2823,0.4285,LOCK,3,looseness
10647,4281019,8580,109423.0,0.039,-0.0936,-0.9555,0.96087,1000.89,1000.0,-0.89,53.75,216.0,2.2801,0.3958,LOCK,3,looseness
10648,4281028,8589,109432.0,-0.0741,-0.0273,-0.8385,0.84221,1000.86,1000.0,-0.86,53.75,216.0,2.2436,-0.1579,LOCK,3,looseness
10649,4281047,8608,109451.0,0.0546,-0.1365,-0.8736,0.88588,1000.83,1000.0,-0.83,53.75,216.0,2.2584,0.0673,LOCK,3,looseness
10650,4281055,8616,109459.0,-0.0429,-0.1287,-0.741,0.75332,1000.81,1000.0,-0.81,53.75,216.0,2.2715,0.2652,LOCK,3,looseness
10651,4281064,8625,109468.0,-0.2106,0.0273,-0.9009,0.92559,1000.79,1000.0,-0.79,53.75,216.0,2.2771,0.3494,LOCK,3,looseness
10652,4281072,8633,109476.0,0.0312,-0.0546,-0.6747,0.67762,1000.77,1000.0,-0.77,53.75,216.0,2.288,0.5148,LOCK,3,looseness
10653,4281081,8642,109485.0,-0.0234,-0.1248,-0.8736,0.88278,1000.74,1000.0,-0.74,53.75,216.0,2.2553,0.0197,LOCK,3,looseness
10654,4281089,8650,109493.0,0.0429,0.0156,-0.78,0.78133,1000.72,1000.0,-0.72,53.75,216.0,2.2568,0.0426,LOCK,3,looseness
10655,4281108,8669,109512.0,-0.0975,-0.1287,-0.8385,0.8539,1000.7,1000.0,-0.7,53.75,216.0,2.2756,0.3274,LOCK,3,looseness
10656,4281116,8677,109520.0,0.0975,0.0546,-0.78,0.78796,1000.68,1000.0,-0.68,53.75,216.0,2.2626,0.1308,LOCK,3,looseness
10657,4281125,8686,109529.0,-0.2418,-0.0234,-0.8541,0.88798,1000.67,1000.0,-0.67,53.75,216.0,2.2691,0.2294,LOCK,3,looseness
10658,4281133,8694,109537.0,0.0078,0.2184,-0.6864,0.72035,1000.64,1000.0,-0.64,53.75,216.0,2.259,0.0759,LOCK,3,looseness
10659,4281142,8703,109546.0,-0.0897,-0.1014,-0.7098,0.7226,1000.61,1000.0,-0.61,53.75,216.0,2.2629,0.1351,LOCK,3,looseness
10660,4281168,8729,109572.0,-0.1209,-0.0078,-0.6864,0.69701,1000.59,1000.0,-0.59,53.75,216.0,2.2857,0.4807,LOCK,3,looseness
10661,4281176,8737,109580.0,-0.1131,-0.0039,-0.8268,0.83451,1000.56,1000.0,-0.56,53.75,216.0,2.2779,0.3628,LOCK,3,looseness
10662,4281190,8751,109594.0,-0.0936,-0.0546,-0.6708,0.6795,1000.54,1000.0,-0.54,53.75,216.0,2.2785,0.3705,LOCK,3,looseness
10663,4281198,8759,109602.0,0.0507,0.1794,-0.7722,0.79439,1000.51,1000.0,-0.51,53.75,216.0,2.2637,0.1473,LOCK,3,looseness
10664,4281207,8768,109611.0,-0.0897,0.0039,-0.6903,0.69611,1000.48,1000.0,-0.48,53.75,216.0,2.2625,0.129,LOCK,3,looseness
10665,4281215,8776,109619.0,0.1131,0.0,-0.7878,0.79588,1000.45,1000.0,-0.45,53.75,216.0,2.2806,0.4037,LOCK,3,looseness
10666,4281224,8785,109628.0,-0.0975,-0.0429,-0.741,0.74862,1000.42,1000.0,-0.42,53.75,216.0,2.2795,0.3869,LOCK,3,looseness
10667,4281232,8793,109636.0,-0.1248,0.0273,-0.7878,0.79809,1000.4,1000.0,-0.4,53.75,216.0,2.2811,0.4101,LOCK,3,looseness
10668,4281241,8802,109645.0,-0.1248,0.0273,-0.7878,0.79809,1000.38,1000.0,-0.38,53.75,216.0,2.2832,0.4431,LOCK,3,looseness
10669,4281250,8811,109654.0,-0.1365,-0.1482,-0.7449,0.77167,1000.34,1000.0,-0.34,53.75,216.0,2.2796,0.3882,LOCK,3,looseness
10670,4281268,8829,109672.0,-0.1287,0.0507,-0.6708,0.68491,1000.3,1000.0,-0.3,53.75,216.0,2.2777,0.3586,LOCK,3,looseness
10671,4281277,8838,109681.0,0.039,-0.0156,-0.8034,0.8045,1000.27,1000.0,-0.27,53.75,216.0,2.2877,0.5106,LOCK,3,looseness
10672,4281285,8846,109689.0,0.0078,-0.0858,-0.6591,0.66471,1000.24,1000.0,-0.24,53.75,216.0,2.2464,-0.1155,LOCK,3,looseness
10673,4281294,8855,109698.0,-0.0975,-0.0429,-0.78,0.78724,1000.21,1000.0,-0.21,53.75,216.0,2.2762,0.3369,LOCK,3,looseness
10674,4281302,8863,109706.0,-0.0975,-0.0429,-0.78,0.78724,1000.18,1000.0,-0.18,53.75,216.0,2.2544,0.006,LOCK,3,looseness
10675,4281311,8872,109715.0,-0.1248,-0.0468,-0.7059,0.71837,1000.15,1000.0,-0.15,53.75,216.0,2.2722,0.2761,LOCK,3,looseness
10676,4281330,8891,109734.0,0.0312,-0.0468,-0.663,0.66538,1000.12,1000.0,-0.12,53.75,216.0,2.286,0.4846,LOCK,3,looseness
10677,4281338,8899,109742.0,0.0507,-0.234,-0.9048,0.93594,1000.1,1000.0,-0.1,53.75,216.0,2.2629,0.1342,LOCK,3,looseness
10678,4281347,8908,109751.0,-0.0585,-0.1209,-0.7176,0.73006,1000.07,1000.0,-0.07,53.75,216.0,2.261,0.1055,LOCK,3,looseness
10679,4281355,8916,109759.0,-0.1794,-0.039,-0.9282,0.94618,1000.05,1000.0,-0.05,53.75,216.0,2.2669,0.1959,LOCK,3,looseness
10680,4281364,8925,109768.0,-0.1794,-0.039,-0.9282,0.94618,1000.03,1000.0,-0.03,53.75,216.0,2.2808,0.4056,LOCK,3,looseness
10681,4281372,8933,109776.0,-0.0351,-0.1053,-0.7293,0.7377,999.99,1000.0,0.01,53.75,216.0,2.2831,0.4413,LOCK,3,looseness
10682,4281396,8957,109800.0,-0.0663,-0.0312,-0.6864,0.6903,999.95,1000.0,0.05,53.75,216.0,2.264,0.1516,LOCK,3,looseness
10683,4281404,8965,109808.0,-0.0663,-0.0312,-0.6864,0.6903,999.92,1000.0,0.08,53.75,216.0,2.2692,0.231,LOCK,3,looseness
10684,4281413,8974,109817.0,-0.0975,-0.0663,-0.858,0.86606,999.89,1000.0,0.11,53.75,216.0,2.2688,0.2236,LOCK,3,looseness
10685,4281421,8982,109825.0,-0.2691,-0.0429,-0.6669,0.72042,999.86,1000.0,0.14,53.75,216.0,2.2799,0.3931,LOCK,3,looseness
10686,4281430,8991,109834.0,0.0195,0.0273,-0.819,0.81969,999.83,1000.0,0.17,53.75,216.0,2.2791,0.3796,LOCK,3,looseness
10687,4281439,9000,109843.0,-0.1443,-0.2028,-0.6279,0.67543,999.8,1000.0,0.2,53.75,216.0,2.2812,0.4126,LOCK,3,looseness
10688,4281447,9008,109851.0,0.0312,0.1443,-0.858,0.87061,999.77,1000.0,0.23,53.75,216.0,2.2574,0.0518,LOCK,3,looseness
10689,4281456,9017,109860.0,0.0312,0.1443,-0.858,0.87061,999.74,1000.0,0.26,53.75,216.0,2.2489,-0.0773,LOCK,3,looseness
10690,4281464,9025,109868.0,-0.0468,-0.2418,-0.7566,0.79568,999.72,1000.0,0.28,53.75,216.0,2.2517,-0.0346,LOCK,3,looseness
10691,4281483,9044,109887.0,-0.2496,-0.0858,-0.6747,0.72449,999.7,1000.0,0.3,53.75,216.0,2.2683,0.2169,LOCK,3,looseness
10692,4281526,9087,109930.0,0.0117,-0.1365,-0.7644,0.77658,999.66,1000.0,0.34,53.75,216.0,2.2753,0.3228,LOCK,3,looseness
10693,4281534,9095,109938.0,-0.0468,-0.117,-0.8931,0.90195,999.63,1000.0,0.37,53.75,216.0,2.2836,0.448,LOCK,3,looseness
10694,4281543,9104,109947.0,-0.0975,-0.0351,-0.7683,0.77526,999.6,1000.0,0.4,53.75,216.0,2.2687,0.2224,LOCK,3,looseness
10695,4281552,9113,109956.0,-0.1365,0.0429,-0.6357,0.6516,999.56,1000.0,0.44,53.75,216.0,2.2792,0.3815,LOCK,3,looseness
10696,4281560,9121,109964.0,0.0156,-0.0429,-0.7449,0.7463,999.52,1000.0,0.48,53.75,216.0,2.285,0.4694,LOCK,3,looseness
10697,4281569,9130,109973.0,0.0156,-0.0429,-0.7449,0.7463,999.49,1000.0,0.51,53.75,216.0,2.2834,0.4449,LOCK,3,looseness
10698,4281577,9138,109981.0,0.0546,0.156,-0.6942,0.7136,999.46,1000.0,0.54,53.75,216.0,2.2841,0.4556,LOCK,3,looseness
10699,4281586,9147,109990.0,-0.1326,0.0078,-0.78,0.79123,999.43,1000.0,0.57,53.75,216.0,2.2613,0.1101,LOCK,3,looseness
10700,4281599,9160,110003.0,-0.1365,-0.0429,-0.7098,0.72408,999.41,1000.0,0.59,53.75,216.0,2.2853,0.4739,LOCK,3,looseness
10701,4281608,9169,110012.0,-0.0858,-0.0819,-0.9438,0.95122,999.39,1000.0,0.61,53.75,216.0,2.2578,0.0573,LOCK,3,looseness
10702,4281616,9177,110020.0,-0.0819,0.0195,-0.6474,0.65285,999.35,1000.0,0.65,53.75,216.0,2.2638,0.1488,LOCK,3,looseness
10703,4281628,9189,110032.0,-0.0624,0.0663,-0.8775,0.88221,999.31,1000.0,0.69,53.75,216.0,2.2806,0.4031,LOCK,3,looseness
10704,4281636,9197,110040.0,0.0819,-0.1092,-0.7371,0.74963,999.28,1000.0,0.72,53.75,216.0,2.2773,0.3537,LOCK,3,looseness
10705,4281645,9206,110049.0,-0.0312,0.0234,-0.8892,0.89005,999.25,1000.0,0.75,53.75,216.0,2.2587,0.0719,LOCK,3,looseness
10706,4281653,9214,110057.0,-0.1404,-0.0663,-0.7839,0.79913,999.23,1000.0,0.77,53.75,216.0,2.253,-0.0154,LOCK,3,looseness
10707,4281662,9223,110066.0,-0.1404,-0.0663,-0.7839,0.79913,999.21,1000.0,0.79,53.75,216.0,2.2664,0.1876,LOCK,3,looseness
10708,4281670,9231,110074.0,-0.0624,-0.1092,-0.8775,0.88647,999.17,1000.0,0.83,53.75,216.0,2.2638,0.1485,LOCK,3,looseness
10709,4281679,9240,110083.0,-0.2574,0.1443,-0.6084,0.67619,999.14,1000.0,0.86,53.75,216.0,2.2782,0.3665,LOCK,3,looseness
10710,4281687,9248,110091.0,-0.0273,0.0351,-0.8853,0.88642,999.11,1000.0,0.89,53.75,216.0,2.277,0.3491,LOCK,3,looseness
10711,4281706,9267,110110.0,0.0195,0.0936,-0.8034,0.80907,999.09,1000.0,0.91,53.75,216.0,2.2678,0.2084,LOCK,3,looseness
10712,4281714,9275,110118.0,-0.1755,-0.0156,-0.702,0.72377,999.06,1000.0,0.94,53.75,216.0,2.2711,0.2587,LOCK,3,looseness
10713,4281723,9284,110127.0,-0.1755,-0.0156,-0.702,0.72377,999.04,1000.0,0.96,53.75,216.0,2.2671,0.1986,LOCK,3,looseness
10714,4281731,9292,110135.0,-0.0351,-0.0351,-0.8736,0.87501,999.0,1000.0,1.0,53.75,216.0,2.2655,0.1742,LOCK,3,looseness
10715,4281740,9301,110144.0,-0.1482,-0.0312,-0.6357,0.65349,998.96,1000.0,1.04,53.75,216.0,2.2853,0.4743,LOCK,3,looseness
10716,4281748,9309,110152.0,0.0156,0.078,-0.78,0.78405,998.93,1000.0,1.07,53.75,216.0,2.252,-0.03,LOCK,3,looseness
10717,4281757,9318,110161.0,0.0117,-0.0351,-0.702,0.70297,998.89,1000.0,1.11,53.75,216.0,2.2501,-0.0593,LOCK,3,looseness
10718,4281781,9342,110185.0,-0.2106,-0.0312,-0.7878,0.81606,998.87,1000.0,1.13,53.75,216.0,2.2805,0.4022,LOCK,3,looseness
10719,4281790,9351,110194.0,-0.1755,-0.0897,-0.7878,0.81208,998.83,1000.0,1.17,53.75,216.0,2.2694,0.2334,LOCK,3,looseness
10720,4281803,9364,110207.0,-0.0312,0.0312,-0.8892,0.89029,998.79,1000.0,1.21,53.75,216.0,2.2796,0.3879,LOCK,3,looseness
10721,4281811,9372,110215.0,0.1326,-0.0156,-0.7176,0.72991,998.76,1000.0,1.24,53.75,216.0,2.2702,0.2447,LOCK,3,looseness
10722,4281820,9381,110224.0,-0.0273,-0.2964,-0.9516,0.99707,998.73,1000.0,1.27,53.75,216.0,2.2616,0.115,LOCK,3,looseness
10723,4281834,9395,110238.0,-0.0429,-0.1404,-0.8268,0.83973,998.71,1000.0,1.29,53.75,216.0,2.2763,0.3375,LOCK,3,looseness
10724,4281843,9404,110247.0,-0.2925,-0.0429,-0.8619,0.91119,998.68,1000.0,1.32,53.75,216.0,2.2785,0.3711,LOCK,3,looseness
10725,4281852,9413,110256.0,0.0858,0.0351,-0.6903,0.6965,998.64,1000.0,1.36,53.75,216.0,2.2787,0.3735,LOCK,3,looseness
10726,4281860,9421,110264.0,0.0117,-0.0858,-0.9282,0.93223,998.61,1000.0,1.39,53.75,216.0,2.2729,0.2865,LOCK,3,looseness
10727,4281869,9430,110273.0,0.0468,-0.1014,-0.8151,0.82272,998.58,1000.0,1.42,53.75,216.0,2.2791,0.3805,LOCK,3,looseness
10728,4281877,9438,110281.0,0.0468,-0.1014,-0.8151,0.82272,998.55,1000.0,1.45,53.75,216.0,2.277,0.3491,LOCK,3,looseness
10729,4281886,9447,110290.0,0.039,-0.0975,-0.8112,0.81797,998.52,1000.0,1.48,53.75,216.0,2.2783,0.368,LOCK,3,looseness
10730,4281894,9455,110298.0,-0.1014,-0.2184,-0.8502,0.88364,998.5,1000.0,1.5,53.75,216.0,2.2742,0.3061,LOCK,3,looseness
10731,4281903,9464,110307.0,-0.1638,-0.0078,-0.663,0.68298,998.47,1000.0,1.53,53.75,216.0,2.2632,0.1388,LOCK,3,looseness
10732,4281911,9472,110315.0,-0.0117,0.1014,-0.7176,0.72482,998.45,1000.0,1.55,53.75,216.0,2.2575,0.0527,LOCK,3,looseness
10733,4281930,9491,110334.0,-0.0039,0.1482,-0.8268,0.83999,998.42,1000.0,1.58,53.75,216.0,2.2742,0.3054,LOCK,3,looseness
10734,4281938,9499,110342.0,-0.0039,0.1482,-0.8268,0.83999,998.4,1000.0,1.6,53.75,216.0,2.2835,0.4465,LOCK,3,looseness
10735,4281947,9508,110351.0,-0.0429,-0.1989,-0.7371,0.76467,998.38,1000.0,1.62,53.75,216.0,2.2492,-0.0734,LOCK,3,looseness
10736,4281955,9516,110359.0,-0.0897,-0.0546,-0.9126,0.91862,998.36,1000.0,1.64,53.75,216.0,2.2526,-0.0206,LOCK,3,looseness
10737,4281964,9525,110368.0,-0.0936,-0.1248,-0.7527,0.7687,998.35,1000.0,1.65,53.75,216.0,2.2715,0.2655,LOCK,3,looseness
10738,4281972,9533,110376.0,-0.0195,0.2145,-0.8112,0.83931,998.32,1000.0,1.68,53.75,216.0,2.2576,0.0539,LOCK,3,looseness
10739,4281983,9544,110387.0,0.0741,-0.1287,-0.7254,0.74045,998.3,1000.0,1.7,53.75,216.0,2.2882,0.5182,LOCK,3,looseness
10740,4281992,9553,110396.0,0.0351,-0.0702,-0.858,0.86158,998.28,1000.0,1.72,53.75,216.0,2.2779,0.3628,LOCK,3,looseness
10741,4282005,9566,110409.0,-0.0078,-0.0663,-0.7527,0.75565,998.26,1000.0,1.74,53.75,216.0,2.2614,0.1119,LOCK,3,looseness
10742,4282014,9575,110418.0,-0.0858,-0.0078,-0.8268,0.83128,998.24,1000.0,1.76,53.75,216.0,2.2738,0.2999,LOCK,3,looseness
10743,4282022,9583,110426.0,-0.1326,0.0039,-0.7917,0.80274,998.23,1000.0,1.77,53.75,216.0,2.2616,0.1147,LOCK,3,looseness
10744,4282031,9592,110435.0,-0.1326,0.0039,-0.7917,0.80274,998.19,1000.0,1.81,53.75,216.0,2.269,0.2276,LOCK,3,looseness
10745,4282039,9600,110443.0,-0.0546,0.117,-0.6201,0.6334,998.16,1000.0,1.84,53.75,216.0,2.2751,0.3192,LOCK,3,looseness
10746,4282048,9609,110452.0,-0.0234,0.0351,-0.7761,0.77725,998.14,1000.0,1.86,53.75,216.0,2.2773,0.3534,LOCK,3,looseness
10747,4282057,9618,110461.0,0.0741,0.0273,-0.6747,0.67931,998.11,1000.0,1.89,53.75,216.0,2.2817,0.4202,LOCK,3,looseness
10748,4282065,9626,110469.0,-0.0585,0.156,-0.8112,0.82813,998.09,1000.0,1.91,53.75,216.0,2.2487,-0.0798,LOCK,3,looseness
10749,4282074,9635,110478.0,-0.078,-0.0429,-0.7956,0.80056,998.07,1000.0,1.93,53.75,216.0,2.2562,0.0338,LOCK,3,looseness
10750,4282092,9653,110496.0,-0.0858,-0.1833,-0.9516,0.97288,998.04,1000.0,1.96,53.75,216.0,2.2813,0.4141,LOCK,3,looseness
10751,4282101,9662,110505.0,0.0117,-0.0195,-0.7566,0.75694,998.01,1000.0,1.99,53.75,216.0,2.2765,0.3405,LOCK,3,looseness
10752,4282139,9700,110543.0,-0.1716,0.0,-0.7995,0.81771,997.98,1000.0,2.02,53.75,216.0,2.2755,0.3253,LOCK,3,looseness
10753,4282148,9709,110552.0,-0.1326,-0.0975,-0.7059,0.72483,997.96,1000.0,2.04,53.75,216.0,2.2869,0.4987,LOCK,3,looseness
10754,4282156,9717,110560.0,-0.2223,0.1248,-0.7605,0.80209,997.91,1000.0,2.09,53.75,216.0,2.2837,0.4507,LOCK,3,looseness
10755,4282165,9726,110569.0,-0.1209,-0.0429,-0.6552,0.66764,997.86,1000.0,2.14,53.75,216.0,2.2855,0.4767,LOCK,3,looseness
10756,4282174,9735,110578.0,-0.1209,-0.0429,-0.6552,0.66764,997.82,1000.0,2.18,53.75,216.0,2.2726,0.2813,LOCK,3,looseness
10757,4282182,9743,110586.0,0.1209,-0.1989,-0.8658,0.89654,997.78,1000.0,2.22,53.75,216.0,2.2717,0.2676,LOCK,3,looseness
10758,4282191,9752,110595.0,0.0117,-0.0975,-0.6981,0.70497,997.75,1000.0,2.25,53.75,216.0,2.2786,0.372,LOCK,3,looseness
10759,4282199,9760,110603.0,-0.1989,-0.0468,-0.9048,0.92759,997.72,1000.0,2.28,53.75,216.0,2.2794,0.3848,LOCK,3,looseness
10760,4282213,9774,110617.0,-0.0117,-0.0507,-0.7995,0.80119,997.69,1000.0,2.31,53.75,216.0,2.2714,0.2639,LOCK,3,looseness
10761,4282221,9782,110625.0,-0.1365,-0.1131,-0.8307,0.8494,997.64,1000.0,2.36,53.75,216.0,2.2602,0.0942,LOCK,3,looseness
10762,4282230,9791,110634.0,0.0546,-0.0663,-0.7956,0.80022,997.59,1000.0,2.41,53.75,216.0,2.2619,0.1195,LOCK,3,looseness
10763,4282238,9799,110642.0,-0.0117,0.0,-0.78,0.78009,997.54,1000.0,2.46,53.75,216.0,2.2765,0.3402,LOCK,3,looseness
10764,4282247,9808,110651.0,0.0312,-0.0975,-0.7605,0.76736,997.5,1000.0,2.5,53.75,216.0,2.2823,0.4282,LOCK,3,looseness
10765,4282255,9816,110659.0,0.0312,-0.0975,-0.7605,0.76736,997.46,1000.0,2.54,53.75,216.0,2.2593,0.0805,LOCK,3,looseness
10766,4282264,9825,110668.0,-0.1365,-0.0546,-0.7098,0.72487,997.43,1000.0,2.57,53.75,216.0,2.25,-0.0599,LOCK,3,looseness
10767,4282272,9833,110676.0,-0.1755,-0.039,-0.7878,0.80805,997.38,1000.0,2.62,53.75,216.0,2.2543,0.0048,LOCK,3,looseness
10768,4282281,9842,110685.0,-0.039,-0.0897,-0.8697,0.87518,997.34,1000.0,2.66,53.75,216.0,2.2531,-0.0129,LOCK,3,looseness
10769,4282300,9861,110704.0,-0.156,-0.2457,-0.7644,0.81793,997.3,1000.0,2.7,53.75,216.0,2.2916,0.5701,LOCK,3,looseness
10770,4282308,9869,110712.0,-0.156,-0.2457,-0.7644,0.81793,997.26,1000.0,2.74,53.75,216.0,2.2724,0.2786,LOCK,3,looseness
10771,4282317,9878,110721.0,-0.0546,-0.1209,-0.8619,0.87205,997.23,1000.0,2.77,53.75,216.0,2.273,0.2877,LOCK,3,looseness
10772,4282325,9886,110729.0,-0.1638,-0.0663,-0.7293,0.7504,997.2,1000.0,2.8,53.75,216.0,2.2747,0.3137,LOCK,3,looseness
10773,4282334,9895,110738.0,0.0429,0.2223,-0.7332,0.76736,997.15,1000.0,2.85,53.75,216.0,2.2904,0.5512,LOCK,3,looseness
10774,4282395,9956,110799.0,-0.0078,0.1443,-0.7917,0.80478,997.06,1000.0,2.94,53.75,216.0,2.2832,0.4422,LOCK,3,looseness
10775,4282403,9964,110807.0,-0.1287,-0.1794,-0.6201,0.65823,996.99,1000.0,3.01,53.75,216.0,2.2802,0.3964,LOCK,3,looseness
10776,4282417,9978,110821.0,0.0234,0.1872,-0.8619,0.88231,996.92,1000.0,3.08,53.75,216.0,2.2804,0.4007,LOCK,3,looseness
10777,4282425,9986,110829.0,-0.1053,-0.0741,-0.6708,0.68305,996.86,1000.0,3.14,53.75,216.0,2.2735,0.296,LOCK,3,looseness
10778,4282434,9995,110838.0,-0.078,0.0078,-0.9165,0.91985,996.8,1000.0,3.2,53.75,216.0,2.2474,-0.0999,LOCK,3,looseness
10779,4282448,10009,110852.0,-0.2418,-0.1287,-0.7176,0.7681,996.75,1000.0,3.25,53.75,216.0,2.275,0.318,LOCK,3,looseness
10780,4282457,10018,110861.0,-0.0975,0.0819,-0.7917,0.80187,996.68,1000.0,3.32,53.75,216.0,2.2833,0.444,LOCK,3,looseness
10781,4282465,10026,110869.0,-0.0156,-0.1131,-0.7488,0.75745,996.62,1000.0,3.38,53.75,216.0,2.278,0.3641,LOCK,3,looseness
10782,4282474,10035,110878.0,0.0,-0.0195,-0.8736,0.87382,996.56,1000.0,3.44,53.75,216.0,2.2757,0.328,LOCK,3,looseness
10783,4282483,10044,110887.0,0.0,-0.0195,-0.8736,0.87382,996.51,1000.0,3.49,53.75,216.0,2.2741,0.3051,LOCK,3,looseness
10784,4282491,10052,110895.0,0.0429,-0.0546,-0.7644,0.76755,996.47,1000.0,3.53,53.75,216.0,2.2804,0.4001,LOCK,3,looseness
10785,4282500,10061,110904.0,-0.0702,0.0195,-0.8736,0.87663,996.43,1000.0,3.57,53.75,216.0,2.2857,0.481,LOCK,3,looseness
10786,4282508,10069,110912.0,-0.0741,-0.1092,-0.7683,0.77955,996.39,1000.0,3.61,53.75,216.0,2.2777,0.3598,LOCK,3,looseness
10787,4282517,10078,110921.0,-0.039,0.1638,-0.8736,0.88968,996.32,1000.0,3.68,53.75,216.0,2.2576,0.0551,LOCK,3,looseness
10788,4282525,10086,110929.0,-0.0078,-0.039,-0.7683,0.76933,996.26,1000.0,3.74,53.75,216.0,2.2596,0.0854,LOCK,3,looseness
10789,4282544,10105,110948.0,0.156,-0.078,-0.8541,0.87173,996.2,1000.0,3.8,53.75,216.0,2.265,0.1669,LOCK,3,looseness
10790,4282552,10113,110956.0,-0.0312,0.0312,-0.7176,0.71896,996.15,1000.0,3.85,53.75,216.0,2.2783,0.3686,LOCK,3,looseness
10791,4282561,10122,110965.0,-0.1677,0.0741,-0.8073,0.82786,996.11,1000.0,3.89,53.75,216.0,2.2642,0.1553,LOCK,3,looseness
10792,4282569,10130,110973.0,-0.1404,-0.1248,-0.8229,0.84407,996.07,1000.0,3.93,53.75,216.0,2.2884,0.5206,LOCK,3,looseness
10793,4282578,10139,110982.0,-0.0858,0.0156,-0.6513,0.65711,996.0,1000.0,4.0,53.75,216.0,2.2624,0.1272,LOCK,3,looseness
10794,4282586,10147,110990.0,-0.0975,0.0546,-0.7839,0.79182,995.94,1000.0,4.06,53.75,216.0,2.2523,-0.0261,LOCK,3,looseness
