sample_index,time_ms_raw,time_ms_zero,elapsed_ms,ax_g,ay_g,az_g,total_g,rpm,target_rpm,rpm_error,pwm_eq,duty_10bit,acs_v,current_a,control_mode,state,fault_type
0,1105400,0,13,-0.05460,0.19500,-0.91650,0.93860,1012.03,1000,-12.03,50.36,202,2.3114,0.8695,LOCK,3,looseness
1,1105409,9,22,-0.10920,-0.05070,-0.81120,0.82009,1012.01,1000,-12.01,50.36,202,2.3108,0.8604,LOCK,3,looseness
2,1105418,18,31,0.00390,-0.02730,-0.78000,0.78049,1011.96,1000,-11.96,50.36,202,2.3078,0.8149,LOCK,3,looseness
3,1105428,28,41,0.00390,-0.01950,-0.78000,0.78025,1011.90,1000,-11.90,50.36,202,2.3013,0.7172,LOCK,3,looseness
4,1105438,38,51,-0.02340,0.05070,-0.83850,0.84036,1011.88,1000,-11.88,50.36,202,2.3020,0.7267,LOCK,3,looseness
5,1105448,48,61,0.01170,0.06240,-0.75660,0.75926,1011.79,1000,-11.79,50.36,202,2.2963,0.6412,LOCK,3,looseness
6,1105458,58,71,0.00390,0.09750,-0.72930,0.73580,1011.76,1000,-11.76,50.36,202,2.2877,0.5100,LOCK,3,looseness
7,1105471,71,84,-0.03900,-0.01560,-0.83070,0.83176,1011.76,1000,-11.76,50.36,202,2.2833,0.4437,LOCK,3,looseness
8,1105479,79,92,0.04680,-0.01170,-0.76830,0.76981,1011.76,1000,-11.76,50.36,202,2.2764,0.3387,LOCK,3,looseness
9,1105488,88,101,-0.02340,-0.00390,-0.81900,0.81934,1011.75,1000,-11.75,50.36,202,2.3028,0.7395,LOCK,3,looseness
10,1105514,114,127,0.07800,0.03120,-0.61620,0.62190,1011.75,1000,-11.75,50.36,202,2.3122,0.8811,LOCK,3,looseness
11,1105522,122,135,-0.11700,0.01950,-0.74490,0.75428,1011.76,1000,-11.76,50.36,202,2.3147,0.9202,LOCK,3,looseness
12,1105531,131,144,-0.07800,0.01950,-0.82680,0.83070,1011.76,1000,-11.76,50.36,202,2.3123,0.8839,LOCK,3,looseness
13,1105539,139,152,0.11700,0.05070,-0.85020,0.85971,1011.76,1000,-11.76,50.36,202,2.2953,0.6260,LOCK,3,looseness
14,1105548,148,161,0.12870,-0.12870,-0.82680,0.84660,1011.76,1000,-11.76,50.36,202,2.3075,0.8103,LOCK,3,looseness
15,1105556,156,169,0.12870,-0.12870,-0.82680,0.84660,1011.76,1000,-11.76,50.36,202,2.3012,0.7157,LOCK,3,looseness
16,1105565,165,178,-0.07410,0.12090,-0.70590,0.72000,1011.75,1000,-11.75,50.36,202,2.3058,0.7853,LOCK,3,looseness
17,1105573,173,186,0.08970,0.12090,-0.77220,0.78674,1011.74,1000,-11.74,50.36,202,2.2787,0.3747,LOCK,3,looseness
18,1105582,182,195,0.01950,0.08190,-0.82680,0.83108,1011.73,1000,-11.73,50.36,202,2.3033,0.7462,LOCK,3,looseness
19,1105592,192,205,-0.11310,-0.15210,-0.86190,0.88250,1011.73,1000,-11.73,50.36,202,2.3023,0.7322,LOCK,3,looseness
20,1105600,200,213,0.08580,0.05070,-0.86190,0.86764,1011.72,1000,-11.72,50.36,202,2.3143,0.9135,LOCK,3,looseness
21,1105609,209,222,0.08580,0.05070,-0.86190,0.86764,1011.72,1000,-11.72,50.36,202,2.3087,0.8286,LOCK,3,looseness
22,1105618,218,231,-0.05460,-0.14040,-0.80340,0.81740,1011.70,1000,-11.70,50.36,202,2.3027,0.7374,LOCK,3,looseness
23,1105628,228,241,0.23010,0.19890,-0.65910,0.72589,1011.73,1000,-11.73,50.36,202,2.3124,0.8848,LOCK,3,looseness
24,1105638,238,251,0.01950,0.01170,-0.81510,0.81542,1011.73,1000,-11.73,50.36,202,2.3148,0.9205,LOCK,3,looseness
25,1105648,248,261,-0.07410,0.03510,-0.79560,0.79981,1011.74,1000,-11.74,50.36,202,2.3079,0.8161,LOCK,3,looseness
26,1105658,258,271,-0.00390,-0.00390,-0.76050,0.76052,1011.74,1000,-11.74,50.36,202,2.3178,0.9663,LOCK,3,looseness
27,1105671,271,284,0.03120,0.01170,-0.77220,0.77292,1011.74,1000,-11.74,50.36,202,2.2733,0.2929,LOCK,3,looseness
28,1105679,279,292,0.03120,0.01170,-0.77220,0.77292,1011.74,1000,-11.74,50.36,202,2.2858,0.4816,LOCK,3,looseness
29,1105688,288,301,0.01950,0.03510,-0.74100,0.74209,1011.73,1000,-11.73,50.36,202,2.2994,0.6879,LOCK,3,looseness
30,1105698,298,311,-0.05850,0.07410,-0.74490,0.75086,1011.72,1000,-11.72,50.36,202,2.3142,0.9120,LOCK,3,looseness
31,1105708,308,321,-0.07020,0.09360,-0.78000,0.78873,1011.71,1000,-11.71,50.36,202,2.3116,0.8729,LOCK,3,looseness
32,1105718,318,331,-0.02340,0.04290,-0.82680,0.82824,1011.71,1000,-11.71,50.36,202,2.3100,0.8491,LOCK,3,looseness
33,1105728,328,341,0.04680,0.04680,-0.75270,0.75560,1011.71,1000,-11.71,50.36,202,2.3102,0.8518,LOCK,3,looseness
34,1105738,338,351,0.03510,0.01560,-0.93600,0.93679,1011.71,1000,-11.71,50.36,202,2.2957,0.6311,LOCK,3,looseness
35,1105748,348,361,0.08970,-0.01560,-0.58500,0.59204,1011.72,1000,-11.72,50.36,202,2.3118,0.8753,LOCK,3,looseness
36,1105758,358,371,-0.12090,0.08970,-0.72150,0.73704,1011.73,1000,-11.73,50.36,202,2.2889,0.5289,LOCK,3,looseness
37,1105768,368,381,0.03510,-0.08970,-0.82290,0.82852,1011.73,1000,-11.73,50.36,202,2.2854,0.4755,LOCK,3,looseness
38,1105778,378,391,0.00780,-0.07020,-0.84630,0.84924,1011.73,1000,-11.73,50.36,202,2.2750,0.3177,LOCK,3,looseness
39,1105788,388,401,0.05460,0.04290,-0.82290,0.82582,1011.73,1000,-11.73,50.36,202,2.2950,0.6205,LOCK,3,looseness
40,1105799,399,412,-0.01560,0.04680,-0.72930,0.73097,1011.73,1000,-11.73,50.36,202,2.3123,0.8836,LOCK,3,looseness
41,1105808,408,421,0.03510,0.01560,-0.72150,0.72252,1011.72,1000,-11.72,50.36,202,2.3029,0.7413,LOCK,3,looseness
42,1105818,418,431,0.02730,0.07020,-0.80340,0.80692,1011.68,1000,-11.68,50.36,202,2.3027,0.7386,LOCK,3,looseness
43,1105828,428,441,-0.16770,-0.32370,-0.83850,0.91432,1011.67,1000,-11.67,50.36,202,2.3221,1.0326,LOCK,3,looseness
44,1105838,438,451,0.03510,-0.15210,-0.84630,0.86058,1011.67,1000,-11.67,50.36,202,2.3079,0.8170,LOCK,3,looseness
45,1105848,448,461,0.03510,-0.04290,-0.79950,0.80142,1011.67,1000,-11.67,50.36,202,2.3085,0.8259,LOCK,3,looseness
46,1105858,458,471,0.00390,0.16380,-0.76830,0.78558,1011.67,1000,-11.67,50.36,202,2.3017,0.7224,LOCK,3,looseness
47,1105871,471,484,-0.00780,-0.05460,-0.75660,0.75861,1011.64,1000,-11.64,50.36,202,2.2848,0.4660,LOCK,3,looseness
48,1105880,480,493,-0.04290,-0.04680,-0.78000,0.78258,1011.62,1000,-11.62,50.36,202,2.2903,0.5506,LOCK,3,looseness
49,1105888,488,501,0.02340,-0.02340,-0.82680,0.82746,1011.60,1000,-11.60,50.36,202,2.2926,0.5844,LOCK,3,looseness
50,1105898,498,511,-0.03510,0.01560,-0.85410,0.85496,1011.47,1000,-11.47,50.36,202,2.2971,0.6528,LOCK,3,looseness
51,1105908,508,521,0.00000,0.01950,-0.80340,0.80364,1011.43,1000,-11.43,50.36,202,2.3145,0.9159,LOCK,3,looseness
52,1105918,518,531,0.21840,0.09360,-0.76050,0.79676,1011.41,1000,-11.41,50.36,202,2.3084,0.8244,LOCK,3,looseness
53,1105928,528,541,0.05070,0.14820,-0.72930,0.74593,1011.21,1000,-11.21,50.36,202,2.3156,0.9340,LOCK,3,looseness
54,1105938,538,551,-0.05070,0.14820,-0.77220,0.78793,1011.13,1000,-11.13,50.36,202,2.3033,0.7465,LOCK,3,looseness
55,1105948,548,561,-0.05070,0.14820,-0.77220,0.78793,1011.10,1000,-11.10,50.36,202,2.3019,0.7252,LOCK,3,looseness
56,1105958,558,571,0.03120,0.05850,-0.75270,0.75561,1011.09,1000,-11.09,50.36,202,2.3074,0.8094,LOCK,3,looseness
57,1105968,568,581,0.07800,0.06630,-0.82680,0.83311,1011.08,1000,-11.08,50.36,202,2.3140,0.9086,LOCK,3,looseness
58,1105978,578,591,0.01950,-0.12480,-0.86580,0.87497,1011.08,1000,-11.08,50.36,202,2.2881,0.5170,LOCK,3,looseness
59,1105988,588,601,-0.03900,0.07020,-0.62010,0.62528,1011.09,1000,-11.09,50.36,202,2.2723,0.2771,LOCK,3,looseness
60,1105998,598,611,-0.01560,-0.08190,-0.79560,0.79996,1011.09,1000,-11.09,50.36,202,2.2948,0.6177,LOCK,3,looseness
61,1106008,608,621,-0.01170,0.04680,-0.84240,0.84378,1011.09,1000,-11.09,50.36,202,2.3106,0.8573,LOCK,3,looseness
62,1106018,618,631,0.02730,-0.11700,-0.83460,0.84320,1011.09,1000,-11.09,50.36,202,2.3088,0.8299,LOCK,3,looseness
63,1106028,628,641,-0.09360,0.01560,-0.83460,0.83998,1011.09,1000,-11.09,50.36,202,2.3010,0.7120,LOCK,3,looseness
64,1106038,638,651,0.00780,-0.00390,-0.75660,0.75665,1011.09,1000,-11.09,50.36,202,2.3112,0.8668,LOCK,3,looseness
65,1106048,648,661,0.11310,0.07800,-0.68250,0.69619,1011.00,1000,-11.00,50.36,202,2.3048,0.7697,LOCK,3,looseness
66,1106058,658,671,-0.00780,0.07410,-0.82290,0.82627,1010.98,1000,-10.98,50.36,202,2.3103,0.8531,LOCK,3,looseness
67,1106071,671,684,-0.00390,-0.12480,-0.86970,0.87862,1010.98,1000,-10.98,50.36,202,2.2929,0.5896,LOCK,3,looseness
68,1106080,680,693,-0.00390,-0.12480,-0.86970,0.87862,1010.98,1000,-10.98,50.36,202,2.2891,0.5313,LOCK,3,looseness
69,1106088,688,701,0.15990,-0.06630,-0.76050,0.77995,1010.98,1000,-10.98,50.36,202,2.2942,0.6092,LOCK,3,looseness
70,1106098,698,711,0.01560,0.21060,-0.80730,0.83446,1010.97,1000,-10.97,50.36,202,2.2825,0.4321,LOCK,3,looseness
71,1106108,708,721,-0.07020,0.22230,-0.79560,0.82905,1011.20,1000,-11.20,50.36,202,2.2730,0.2880,LOCK,3,looseness
72,1106160,760,773,0.06630,0.03900,-0.78000,0.78378,1011.21,1000,-11.21,50.36,202,2.3120,0.8787,LOCK,3,looseness
73,1106169,769,782,0.05850,0.04290,-0.63960,0.64370,1011.22,1000,-11.22,50.36,202,2.3019,0.7264,LOCK,3,looseness
74,1106177,777,790,-0.11310,0.04290,-0.78390,0.79318,1011.23,1000,-11.23,50.36,202,2.3118,0.8763,LOCK,3,looseness
75,1106186,786,799,0.12870,0.05850,-0.72540,0.73905,1011.24,1000,-11.24,50.36,202,2.3115,0.8708,LOCK,3,looseness
76,1106194,794,807,-0.16770,0.10140,-0.85800,0.88010,1011.24,1000,-11.24,50.36,202,2.3155,0.9318,LOCK,3,looseness
77,1106203,803,816,-0.16770,0.10140,-0.85800,0.88010,1011.25,1000,-11.25,50.36,202,2.3103,0.8537,LOCK,3,looseness
78,1106211,811,824,0.04680,-0.07410,-0.88920,0.89351,1011.25,1000,-11.25,50.36,202,2.3087,0.8289,LOCK,3,looseness
79,1106220,820,833,0.03900,0.07800,-0.59670,0.60304,1011.27,1000,-11.27,50.36,202,2.3131,0.8961,LOCK,3,looseness
80,1106228,828,841,0.00780,0.14430,-0.93210,0.94324,1011.29,1000,-11.29,50.36,202,2.2877,0.5106,LOCK,3,looseness
81,1106237,837,850,-0.10920,0.08580,-0.78000,0.79227,1011.31,1000,-11.31,50.36,202,2.2914,0.5667,LOCK,3,looseness
82,1106245,845,858,-0.10920,0.08580,-0.78000,0.79227,1011.33,1000,-11.33,50.36,202,2.2995,0.6891,LOCK,3,looseness
83,1106254,854,867,0.00000,-0.13650,-0.78000,0.79185,1011.34,1000,-11.34,50.36,202,2.3020,0.7267,LOCK,3,looseness
84,1106271,871,884,0.03120,0.06240,-0.78780,0.79088,1011.35,1000,-11.35,50.36,202,2.3115,0.8711,LOCK,3,looseness
85,1106280,880,893,0.03900,0.16380,-0.68250,0.70296,1011.36,1000,-11.36,50.36,202,2.2849,0.4688,LOCK,3,looseness
86,1106288,888,901,0.06240,0.03510,-0.72540,0.72892,1011.36,1000,-11.36,50.36,202,2.2644,0.1580,LOCK,3,looseness
87,1106297,897,910,0.06240,0.03510,-0.72540,0.72892,1011.37,1000,-11.37,50.36,202,2.2962,0.6400,LOCK,3,looseness
88,1106305,905,918,0.06630,-0.24960,-0.88140,0.91846,1011.37,1000,-11.37,50.36,202,2.3014,0.7181,LOCK,3,looseness
89,1106314,914,927,-0.02340,-0.08970,-0.86580,0.87075,1011.37,1000,-11.37,50.36,202,2.3236,1.0548,LOCK,3,looseness
90,1106322,922,935,-0.00390,-0.09750,-0.75270,0.75900,1011.38,1000,-11.38,50.36,202,2.3043,0.7618,LOCK,3,looseness
91,1106331,931,944,0.04290,0.29640,-0.78000,0.83552,1011.38,1000,-11.38,50.36,202,2.2979,0.6647,LOCK,3,looseness
92,1106339,939,952,-0.00780,0.33930,-0.85800,0.92269,1011.40,1000,-11.40,50.36,202,2.3103,0.8531,LOCK,3,looseness
93,1106348,948,961,-0.00780,0.33930,-0.85800,0.92269,1011.42,1000,-11.42,50.36,202,2.2958,0.6327,LOCK,3,looseness
94,1106356,956,969,-0.00390,0.11310,-0.74880,0.75730,1011.44,1000,-11.44,50.36,202,2.3101,0.8497,LOCK,3,looseness
95,1106365,965,978,-0.13260,-0.03120,-0.88140,0.89186,1011.45,1000,-11.45,50.36,202,2.2853,0.4743,LOCK,3,looseness
96,1106373,973,986,0.07800,0.06630,-0.78000,0.78669,1011.47,1000,-11.47,50.36,202,2.3025,0.7355,LOCK,3,looseness
97,1106381,981,994,0.11700,-0.07800,-0.75660,0.76956,1011.48,1000,-11.48,50.36,202,2.2817,0.4199,LOCK,3,looseness
98,1106390,990,1003,0.04680,0.03120,-0.83460,0.83649,1011.49,1000,-11.49,50.36,202,2.2795,0.3860,LOCK,3,looseness
99,1106415,1015,1028,-0.06240,0.07410,-0.79950,0.80535,1011.45,1000,-11.45,50.36,202,2.3237,1.0564,LOCK,3,looseness
100,1106423,1023,1036,0.07800,-0.01170,-0.78390,0.78786,1011.42,1000,-11.42,50.36,202,2.3276,1.1147,LOCK,3,looseness
101,1106432,1032,1045,-0.03120,0.15210,-0.81120,0.82593,1011.40,1000,-11.40,50.36,202,2.3051,0.7743,LOCK,3,looseness
102,1106440,1040,1053,-0.03120,0.15210,-0.81120,0.82593,1011.37,1000,-11.37,50.36,202,2.2927,0.5857,LOCK,3,looseness
103,1106449,1049,1062,-0.03120,0.04290,-0.82680,0.82850,1011.35,1000,-11.35,50.36,202,2.2949,0.6202,LOCK,3,looseness
104,1106457,1057,1070,0.05850,-0.03510,-0.62790,0.63160,1011.33,1000,-11.33,50.36,202,2.3224,1.0359,LOCK,3,looseness
105,1106473,1073,1086,-0.03510,0.10920,-0.82290,0.83086,1011.31,1000,-11.31,50.36,202,2.3200,0.9993,LOCK,3,looseness
106,1106481,1081,1094,-0.03510,0.10920,-0.82290,0.83086,1011.29,1000,-11.29,50.36,202,2.3121,0.8802,LOCK,3,looseness
107,1106490,1090,1103,0.08970,-0.05850,-0.78000,0.78732,1011.28,1000,-11.28,50.36,202,2.3122,0.8824,LOCK,3,looseness
108,1106498,1098,1111,-0.10140,-0.00390,-0.77220,0.77884,1011.27,1000,-11.27,50.36,202,2.3208,1.0118,LOCK,3,looseness
109,1106507,1107,1120,0.02730,-0.05460,-0.78780,0.79016,1011.25,1000,-11.25,50.36,202,2.3082,0.8216,LOCK,3,looseness
110,1106515,1115,1128,0.02340,0.13650,-0.67860,0.69259,1007.04,1000,-7.04,50.36,202,2.3059,0.7868,LOCK,3,looseness
111,1106524,1124,1137,0.02730,0.04680,-0.84630,0.84803,1003.24,1000,-3.24,50.36,202,2.3176,0.9630,LOCK,3,looseness
112,1106532,1132,1145,0.02730,0.04680,-0.84630,0.84803,999.83,1000,0.17,50.36,202,2.2798,0.3903,LOCK,3,looseness
113,1106541,1141,1154,0.00780,-0.15210,-0.83460,0.84838,996.75,1000,3.25,50.36,202,2.3039,0.7566,LOCK,3,looseness
114,1106549,1149,1162,0.08580,-0.10920,-0.80340,0.81531,993.98,1000,6.02,50.36,202,2.2845,0.4617,LOCK,3,looseness
115,1106558,1158,1171,-0.02730,-0.12090,-0.72150,0.73207,991.49,1000,8.51,50.36,202,2.3160,0.9398,LOCK,3,looseness
116,1106570,1170,1183,0.09360,0.37440,-0.79560,0.88426,989.25,1000,10.75,50.36,202,2.3100,0.8488,LOCK,3,looseness
117,1106578,1178,1191,0.04680,0.24960,-0.79170,0.83143,987.25,1000,12.75,50.36,202,2.3139,0.9074,LOCK,3,looseness
118,1106587,1187,1200,-0.14430,0.12870,-0.68640,0.71311,985.45,1000,14.55,50.36,202,2.2900,0.5451,LOCK,3,looseness
119,1106595,1195,1208,0.00000,-0.08190,-0.88530,0.88908,983.82,1000,16.18,50.36,202,2.2809,0.4074,LOCK,3,looseness
120,1106603,1203,1216,0.00000,-0.08190,-0.88530,0.88908,982.36,1000,17.64,50.36,202,2.2857,0.4804,LOCK,3,looseness
121,1106612,1212,1225,0.03120,0.08580,-0.83070,0.83570,981.05,1000,18.95,50.36,202,2.2869,0.4987,LOCK,3,looseness
122,1106620,1220,1233,0.03120,-0.02730,-0.79950,0.80057,979.86,1000,20.14,50.36,202,2.3149,0.9227,LOCK,3,looseness
123,1106629,1229,1242,-0.01170,0.07410,-0.86580,0.86904,978.80,1000,21.20,50.36,202,2.3067,0.7984,LOCK,3,looseness
124,1106638,1238,1251,0.01560,0.02730,-0.54210,0.54301,977.02,1000,22.98,50.36,202,2.3066,0.7969,LOCK,3,looseness
125,1106648,1248,1261,-0.06240,0.02730,-0.80340,0.80628,971.38,1000,28.62,50.36,202,2.3109,0.8619,LOCK,3,looseness
126,1106658,1258,1271,-0.05850,0.05850,-0.82290,0.82705,970.00,1000,30.00,50.36,202,2.2964,0.6424,LOCK,3,looseness
127,1106672,1272,1285,0.14820,0.05070,-0.85410,0.86834,969.62,1000,30.38,50.36,202,2.3063,0.7920,LOCK,3,looseness
128,1106681,1281,1294,0.05850,0.01170,-0.86190,0.86396,969.61,1000,30.39,50.36,202,2.3085,0.8253,LOCK,3,looseness
129,1106689,1289,1302,0.09360,-0.05070,-0.55770,0.56777,969.59,1000,30.41,50.36,202,2.3036,0.7508,LOCK,3,looseness
130,1106698,1298,1311,-0.05460,0.04680,-0.83070,0.83381,969.64,1000,30.36,50.36,202,2.2671,0.1980,LOCK,3,looseness
131,1106708,1308,1321,-0.07020,0.16380,-0.86580,0.88395,969.89,1000,30.11,50.36,202,2.2783,0.3686,LOCK,3,looseness
132,1106718,1318,1331,0.05070,-0.10920,-0.85410,0.86254,969.99,1000,30.01,50.36,202,2.2918,0.5732,LOCK,3,looseness
133,1106728,1328,1341,-0.21060,0.08580,-0.86580,0.89517,970.02,1000,29.98,50.36,202,2.2771,0.3497,LOCK,3,looseness
134,1106773,1373,1386,0.01950,-0.15210,-0.87750,0.89080,970.02,1000,29.98,50.36,202,2.3017,0.7227,LOCK,3,looseness
135,1106782,1382,1395,-0.03900,-0.11700,-0.83460,0.84366,970.01,1000,29.99,50.36,202,2.3028,0.7395,LOCK,3,looseness
136,1106790,1390,1403,0.10920,-0.00780,-0.76050,0.76834,970.01,1000,29.99,50.36,202,2.2979,0.6656,LOCK,3,looseness
137,1106799,1399,1412,0.10920,-0.00780,-0.76050,0.76834,970.01,1000,29.99,50.36,202,2.3063,0.7920,LOCK,3,looseness
138,1106807,1407,1420,0.08580,0.26910,-0.84240,0.88849,970.01,1000,29.99,50.36,202,2.2957,0.6321,LOCK,3,looseness
139,1106816,1416,1429,0.10140,0.22620,-0.76830,0.80730,970.03,1000,29.97,50.36,202,2.2947,0.6171,LOCK,3,looseness
140,1106824,1424,1437,-0.10920,0.04290,-0.63960,0.65027,970.06,1000,29.94,50.36,202,2.2896,0.5399,LOCK,3,looseness
141,1106833,1433,1446,0.06630,-0.03900,-0.85020,0.85367,970.08,1000,29.92,50.36,202,2.2980,0.6662,LOCK,3,looseness
142,1106841,1441,1454,-0.02340,-0.04290,-0.81900,0.82046,970.10,1000,29.90,50.36,202,2.2766,0.3421,LOCK,3,looseness
143,1106850,1450,1463,-0.02340,-0.04290,-0.81900,0.82046,970.11,1000,29.89,50.36,202,2.2905,0.5527,LOCK,3,looseness
144,1106858,1458,1471,-0.01560,0.02340,-0.79170,0.79220,970.13,1000,29.87,50.36,202,2.2691,0.2294,LOCK,3,looseness
145,1106867,1467,1480,0.00390,0.16380,-0.93990,0.95407,970.14,1000,29.86,50.36,202,2.3085,0.8256,LOCK,3,looseness
146,1106881,1481,1494,0.03120,0.07800,-0.59280,0.59872,970.13,1000,29.87,50.36,202,2.2934,0.5967,LOCK,3,looseness
147,1106889,1489,1502,-0.06240,0.02340,-0.73710,0.74011,970.13,1000,29.87,50.36,202,2.2896,0.5396,LOCK,3,looseness
148,1106898,1498,1511,-0.08970,-0.00780,-0.72930,0.73484,970.12,1000,29.88,50.36,202,2.2771,0.3503,LOCK,3,looseness
149,1106906,1506,1519,0.08970,0.04680,-0.84240,0.84845,970.12,1000,29.88,50.36,202,2.2921,0.5777,LOCK,3,looseness
150,1106915,1515,1528,0.00000,-0.19890,-0.88140,0.90356,970.11,1000,29.89,50.36,202,2.2839,0.4535,LOCK,3,looseness
151,1106927,1527,1540,0.03120,-0.00780,-0.61620,0.61704,970.11,1000,29.89,50.36,202,2.3037,0.7529,LOCK,3,looseness
152,1106935,1535,1548,-0.01560,-0.10140,-0.71760,0.72490,970.12,1000,29.88,50.36,202,2.3003,0.7014,LOCK,3,looseness
153,1106944,1544,1557,-0.02730,0.09750,-0.73710,0.74402,970.12,1000,29.88,50.36,202,2.3034,0.7481,LOCK,3,looseness
154,1106952,1552,1565,-0.02730,0.09750,-0.73710,0.74402,970.13,1000,29.87,50.36,202,2.2959,0.6348,LOCK,3,looseness
155,1106961,1561,1574,-0.04680,-0.23790,-0.88530,0.91790,970.13,1000,29.87,50.36,202,2.3093,0.8372,LOCK,3,looseness
156,1106969,1569,1582,-0.07800,0.09750,-0.90480,0.91337,970.14,1000,29.86,50.36,202,2.3011,0.7136,LOCK,3,looseness
157,1106978,1578,1591,0.01560,-0.02340,-0.79560,0.79610,970.14,1000,29.86,50.36,202,2.2737,0.2978,LOCK,3,looseness
158,1106986,1586,1599,0.15990,0.01560,-0.62010,0.64057,970.15,1000,29.85,50.36,202,2.2786,0.3723,LOCK,3,looseness
159,1106995,1595,1608,0.03510,0.15600,-0.93600,0.94956,970.12,1000,29.88,50.36,202,2.2773,0.3528,LOCK,3,looseness
160,1107003,1603,1616,0.03510,0.15600,-0.93600,0.94956,970.10,1000,29.90,50.36,202,2.2842,0.4568,LOCK,3,looseness
161,1107027,1627,1640,0.08580,0.01560,-0.84240,0.84690,970.08,1000,29.92,50.36,202,2.2990,0.6812,LOCK,3,looseness
162,1107036,1636,1649,-0.05070,0.08580,-0.88140,0.88702,970.06,1000,29.94,50.36,202,2.3049,0.7716,LOCK,3,looseness
163,1107044,1644,1657,-0.05070,0.08580,-0.88140,0.88702,970.04,1000,29.96,50.36,202,2.2674,0.2026,LOCK,3,looseness
164,1107053,1653,1666,0.01560,0.13650,-0.76440,0.77665,970.05,1000,29.95,50.36,202,2.2677,0.2081,LOCK,3,looseness
165,1107061,1661,1674,-0.02340,0.00780,-0.70980,0.71023,970.06,1000,29.94,50.36,202,2.2769,0.3476,LOCK,3,looseness
166,1107070,1670,1683,0.04680,0.08970,-0.85020,0.85620,970.07,1000,29.93,50.36,202,2.3062,0.7902,LOCK,3,looseness
167,1107088,1688,1701,-0.03120,0.01170,-0.72540,0.72616,970.08,1000,29.92,50.36,202,2.2860,0.4849,LOCK,3,looseness
168,1107097,1697,1710,-0.03120,0.01170,-0.72540,0.72616,970.08,1000,29.92,50.36,202,2.3073,0.8082,LOCK,3,looseness
169,1107105,1705,1718,-0.00780,0.08580,-0.93990,0.94384,970.09,1000,29.91,50.36,202,2.2983,0.6714,LOCK,3,looseness
170,1107114,1714,1727,0.14430,0.05850,-0.63570,0.65449,970.07,1000,29.93,50.36,202,2.2896,0.5390,LOCK,3,looseness
171,1107122,1722,1735,-0.14430,0.07020,-0.79170,0.80780,970.06,1000,29.94,50.36,202,2.3009,0.7099,LOCK,3,looseness
172,1107131,1731,1744,0.01170,0.07410,-0.74100,0.74479,970.05,1000,29.95,50.36,202,2.3057,0.7838,LOCK,3,looseness
173,1107139,1739,1752,-0.00780,-0.07800,-0.85800,0.86157,970.03,1000,29.97,50.36,202,2.3067,0.7981,LOCK,3,looseness
174,1107148,1748,1761,-0.00780,-0.07800,-0.85800,0.86157,970.02,1000,29.98,50.36,202,2.2863,0.4901,LOCK,3,looseness
175,1107156,1756,1769,0.19110,-0.18330,-0.79950,0.84221,970.01,1000,29.99,50.36,202,2.2872,0.5032,LOCK,3,looseness
176,1107165,1765,1778,-0.03900,0.09750,-0.63180,0.64047,970.01,1000,29.99,50.36,202,2.2649,0.1656,LOCK,3,looseness
177,1107173,1773,1786,0.00390,0.12480,-0.76830,0.77838,970.01,1000,29.99,50.36,202,2.2889,0.5283,LOCK,3,looseness
178,1107184,1784,1797,0.03120,0.06630,-0.77220,0.77567,970.02,1000,29.98,50.36,202,2.2952,0.6238,LOCK,3,looseness
179,1107193,1793,1806,-0.21840,-0.24180,-0.86970,0.92873,970.03,1000,29.97,50.36,202,2.3004,0.7026,LOCK,3,looseness
180,1107201,1801,1814,0.16380,0.04290,-0.86190,0.87837,970.03,1000,29.97,50.36,202,2.2660,0.1812,LOCK,3,looseness
181,1107210,1810,1823,0.16380,0.04290,-0.86190,0.87837,970.04,1000,29.96,50.36,202,2.2733,0.2929,LOCK,3,looseness
182,1107218,1818,1831,-0.05460,-0.11310,-0.78390,0.79390,970.04,1000,29.96,50.36,202,2.2748,0.3158,LOCK,3,looseness
183,1107228,1828,1841,0.09750,0.15990,-0.63180,0.65897,996.01,1000,3.99,50.36,202,2.2892,0.5332,LOCK,3,looseness
184,1107238,1838,1851,-0.04680,0.01560,-0.76830,0.76988,1007.80,1000,-7.80,50.36,202,2.3021,0.7291,LOCK,3,looseness
185,1107248,1848,1861,-0.09360,0.04680,-0.87360,0.87985,1011.13,1000,-11.13,50.36,202,2.2975,0.6586,LOCK,3,looseness
186,1107258,1858,1871,0.05850,0.00780,-0.84240,0.84446,1012.07,1000,-12.07,50.36,202,2.3090,0.8329,LOCK,3,looseness
187,1107268,1868,1881,-0.13650,0.05850,-0.90480,0.91691,1012.32,1000,-12.32,50.36,202,2.2955,0.6290,LOCK,3,looseness
188,1107278,1878,1891,0.14040,-0.03120,-0.79560,0.80850,1012.40,1000,-12.40,50.36,202,2.3005,0.7044,LOCK,3,looseness
189,1107291,1891,1904,0.02730,0.04290,-0.70590,0.70773,1012.40,1000,-12.40,50.36,202,2.2994,0.6882,LOCK,3,looseness
190,1107299,1899,1912,0.02340,0.08580,-0.73710,0.74245,1012.40,1000,-12.40,50.36,202,2.2934,0.5963,LOCK,3,looseness
191,1107308,1908,1921,-0.08190,0.01950,-0.82290,0.82720,1012.40,1000,-12.40,50.36,202,2.2677,0.2078,LOCK,3,looseness
192,1107318,1918,1931,0.07020,0.10920,-0.79950,0.80997,1012.39,1000,-12.39,50.36,202,2.2655,0.1748,LOCK,3,looseness
193,1107328,1928,1941,0.14820,-0.03120,-0.80730,0.82138,1012.39,1000,-12.39,50.36,202,2.2894,0.5365,LOCK,3,looseness
194,1107338,1938,1951,0.00000,0.03900,-0.92430,0.92512,1012.39,1000,-12.39,50.36,202,2.2862,0.4883,LOCK,3,looseness
195,1107388,1988,2001,-0.00780,0.03510,-0.82680,0.82758,1012.38,1000,-12.38,50.36,202,2.2884,0.5210,LOCK,3,looseness
196,1107397,1997,2010,0.05070,0.16380,-0.75270,0.77198,1012.37,1000,-12.37,50.36,202,2.3068,0.7996,LOCK,3,looseness
197,1107406,2006,2019,0.06240,0.07800,-0.71370,0.72066,1012.33,1000,-12.33,50.36,202,2.2959,0.6348,LOCK,3,looseness
198,1107414,2014,2027,0.06240,0.07800,-0.71370,0.72066,1012.30,1000,-12.30,50.36,202,2.3116,0.8732,LOCK,3,looseness
199,1107423,2023,2036,0.02730,0.01950,-0.78780,0.78851,1012.27,1000,-12.27,50.36,202,2.3048,0.7697,LOCK,3,looseness
200,1107431,2031,2044,-0.09750,-0.22230,-0.80340,0.83927,1012.25,1000,-12.25,50.36,202,2.2959,0.6351,LOCK,3,looseness
201,1107439,2039,2052,-0.00390,-0.12870,-0.82680,0.83677,1012.23,1000,-12.23,50.36,202,2.2882,0.5182,LOCK,3,looseness
202,1107448,2048,2061,0.19110,-0.03120,-0.77220,0.79611,1012.21,1000,-12.21,50.36,202,2.2906,0.5539,LOCK,3,looseness
203,1107456,2056,2069,0.00390,0.21060,-0.74490,0.77411,1012.19,1000,-12.19,50.36,202,2.2719,0.2716,LOCK,3,looseness
204,1107465,2065,2078,0.00390,0.21060,-0.74490,0.77411,1012.18,1000,-12.18,50.36,202,2.2791,0.3802,LOCK,3,looseness
205,1107473,2073,2086,-0.07020,-0.04680,-0.78780,0.79230,1012.17,1000,-12.17,50.36,202,2.2656,0.1763,LOCK,3,looseness
206,1107482,2082,2095,-0.05850,0.12870,-0.85800,0.86957,1012.16,1000,-12.16,50.36,202,2.2880,0.5158,LOCK,3,looseness
207,1107496,2096,2109,-0.01170,-0.02340,-0.88920,0.88958,1012.16,1000,-12.16,50.36,202,2.2841,0.4556,LOCK,3,looseness
208,1107505,2105,2118,-0.01560,0.07410,-0.88530,0.88853,1012.15,1000,-12.15,50.36,202,2.2822,0.4266,LOCK,3,looseness
209,1107513,2113,2126,-0.05460,-0.00780,-0.78780,0.78973,1012.15,1000,-12.15,50.36,202,2.2660,0.1815,LOCK,3,looseness
210,1107522,2122,2135,0.15600,0.02730,-0.67860,0.69684,1012.13,1000,-12.13,50.36,202,2.2753,0.3222,LOCK,3,looseness
211,1107530,2130,2143,0.09360,-0.00780,-0.71760,0.72372,1012.11,1000,-12.11,50.36,202,2.2691,0.2294,LOCK,3,looseness
212,1107541,2141,2154,-0.08190,0.10140,-0.85410,0.86399,1012.10,1000,-12.10,50.36,202,2.2979,0.6644,LOCK,3,looseness
213,1107550,2150,2163,0.09750,0.08970,-0.81510,0.82580,1012.08,1000,-12.08,50.36,202,2.2982,0.6693,LOCK,3,looseness
214,1107558,2158,2171,0.09750,0.08970,-0.81510,0.82580,1012.07,1000,-12.07,50.36,202,2.3011,0.7139,LOCK,3,looseness
215,1107567,2167,2180,-0.02730,0.00390,-0.81120,0.81167,1012.06,1000,-12.06,50.36,202,2.2967,0.6473,LOCK,3,looseness
216,1107575,2175,2188,-0.03120,-0.01560,-0.88530,0.88599,1012.05,1000,-12.05,50.36,202,2.2957,0.6324,LOCK,3,looseness
217,1107584,2184,2197,-0.13260,-0.04290,-0.58890,0.60517,1012.04,1000,-12.04,50.36,202,2.2904,0.5518,LOCK,3,looseness
218,1107592,2192,2205,-0.00390,0.12870,-0.88530,0.89461,1012.04,1000,-12.04,50.36,202,2.2765,0.3415,LOCK,3,looseness
219,1107601,2201,2214,0.03120,0.02730,-0.80730,0.80836,1012.03,1000,-12.03,50.36,202,2.2670,0.1977,LOCK,3,looseness
220,1107609,2209,2222,0.03120,0.02730,-0.80730,0.80836,1012.03,1000,-12.03,50.36,202,2.2743,0.3070,LOCK,3,looseness
221,1107618,2218,2231,0.07410,-0.23790,-0.78780,0.82627,1012.03,1000,-12.03,50.36,202,2.2795,0.3860,LOCK,3,looseness
222,1107644,2244,2257,0.14040,0.08970,-0.71370,0.73289,1012.02,1000,-12.02,50.36,202,2.2988,0.6785,LOCK,3,looseness
223,1107653,2253,2266,-0.05070,0.01950,-0.81900,0.82080,1012.02,1000,-12.02,50.36,202,2.2879,0.5130,LOCK,3,looseness
224,1107661,2261,2274,-0.05070,0.01950,-0.81900,0.82080,1012.01,1000,-12.01,50.36,202,2.3037,0.7526,LOCK,3,looseness
225,1107670,2270,2283,-0.00780,-0.18330,-0.81120,0.83169,1012.01,1000,-12.01,50.36,202,2.2943,0.6104,LOCK,3,looseness
226,1107678,2278,2291,0.05460,-0.15210,-0.81900,0.83479,1012.00,1000,-12.00,50.36,202,2.2936,0.5997,LOCK,3,looseness
227,1107687,2287,2300,0.05850,-0.17940,-0.76830,0.79113,1012.00,1000,-12.00,50.36,202,2.2860,0.4849,LOCK,3,looseness
228,1107700,2300,2313,0.00780,0.22620,-0.77610,0.80843,1012.00,1000,-12.00,50.36,202,2.3005,0.7041,LOCK,3,looseness
229,1107709,2309,2322,-0.09360,0.15600,-0.81510,0.83516,1012.02,1000,-12.02,50.36,202,2.2742,0.3067,LOCK,3,looseness
230,1107717,2317,2330,0.00390,0.09360,-0.79950,0.80497,1012.04,1000,-12.04,50.36,202,2.2763,0.3375,LOCK,3,looseness
231,1107725,2325,2338,-0.03510,0.14040,-0.88530,0.89705,1012.06,1000,-12.06,50.36,202,2.2583,0.0658,LOCK,3,looseness
232,1107734,2334,2347,0.08970,0.03510,-0.86970,0.87502,1012.07,1000,-12.07,50.36,202,2.2826,0.4336,LOCK,3,looseness
233,1107745,2345,2358,0.00390,-0.05460,-0.82680,0.82861,1012.09,1000,-12.09,50.36,202,2.2966,0.6461,LOCK,3,looseness
234,1107754,2354,2367,0.00390,-0.05460,-0.82680,0.82861,1012.10,1000,-12.10,50.36,202,2.2955,0.6281,LOCK,3,looseness
235,1107762,2362,2375,0.19500,0.05070,-0.78000,0.80560,1012.12,1000,-12.12,50.36,202,2.2959,0.6354,LOCK,3,looseness
236,1107771,2371,2384,0.08580,-0.05070,-0.70590,0.71290,1012.14,1000,-12.14,50.36,202,2.3031,0.7435,LOCK,3,looseness
237,1107779,2379,2392,-0.12480,-0.04290,-0.77220,0.78340,1012.15,1000,-12.15,50.36,202,2.2973,0.6565,LOCK,3,looseness
238,1107788,2388,2401,0.05070,-0.07020,-0.78780,0.79254,1012.16,1000,-12.16,50.36,202,2.2953,0.6257,LOCK,3,looseness
239,1107796,2396,2409,-0.11700,0.10530,-0.83850,0.85315,1012.18,1000,-12.18,50.36,202,2.2906,0.5545,LOCK,3,looseness
240,1107805,2405,2418,-0.11700,0.10530,-0.83850,0.85315,1012.19,1000,-12.19,50.36,202,2.3019,0.7255,LOCK,3,looseness
241,1107813,2413,2426,0.01950,0.01560,-0.87750,0.87786,1012.20,1000,-12.20,50.36,202,2.2779,0.3625,LOCK,3,looseness
242,1107822,2422,2435,0.04680,0.01560,-0.58500,0.58708,1012.23,1000,-12.23,50.36,202,2.2788,0.3760,LOCK,3,looseness
243,1107830,2430,2443,0.06240,0.06240,-0.85800,0.86253,1012.25,1000,-12.25,50.36,202,2.2916,0.5695,LOCK,3,looseness
244,1107838,2438,2451,-0.06630,0.05460,-0.84240,0.84677,1012.27,1000,-12.27,50.36,202,2.2831,0.4416,LOCK,3,looseness
245,1107848,2448,2461,0.04290,-0.17550,-0.81510,0.83488,1012.29,1000,-12.29,50.36,202,2.2946,0.6159,LOCK,3,looseness
246,1107858,2458,2471,0.18330,0.01560,-0.77220,0.79381,1012.42,1000,-12.42,50.36,202,2.3054,0.7783,LOCK,3,looseness
247,1107868,2468,2481,-0.02340,0.17550,-0.81900,0.83792,1012.46,1000,-12.46,50.36,202,2.3070,0.8030,LOCK,3,looseness
248,1107878,2478,2491,0.01170,0.18330,-0.61620,0.64299,1012.71,1000,-12.71,50.36,202,2.2950,0.6211,LOCK,3,looseness
249,1107888,2488,2501,-0.08190,0.03120,-0.76830,0.77328,1012.78,1000,-12.78,50.36,202,2.2953,0.6253,LOCK,3,looseness
250,1107901,2501,2514,0.05850,-0.14820,-0.83070,0.84584,1012.79,1000,-12.79,50.36,202,2.2992,0.6846,LOCK,3,looseness
251,1107910,2510,2523,0.00390,-0.04680,-0.82680,0.82813,1012.79,1000,-12.79,50.36,202,2.2949,0.6195,LOCK,3,looseness
252,1107918,2518,2531,-0.12090,-0.22620,-0.75270,0.79520,1012.79,1000,-12.79,50.36,202,2.2602,0.0945,LOCK,3,looseness
253,1107928,2528,2541,-0.12090,-0.22620,-0.75270,0.79520,1012.81,1000,-12.81,50.36,202,2.2773,0.3537,LOCK,3,looseness
254,1107938,2538,2551,0.10530,0.30420,-0.75660,0.82223,1012.69,1000,-12.69,50.36,202,2.2765,0.3409,LOCK,3,looseness
255,1107948,2548,2561,-0.10140,0.31200,-0.80730,0.87141,1012.65,1000,-12.65,50.36,202,2.2616,0.1156,LOCK,3,looseness
256,1107972,2572,2585,0.07020,0.04290,-0.83850,0.84253,1012.65,1000,-12.65,50.36,202,2.3084,0.8250,LOCK,3,looseness
257,1107980,2580,2593,0.09750,-0.13260,-0.78780,0.80481,1012.65,1000,-12.65,50.36,202,2.3048,0.7694,LOCK,3,looseness
258,1107989,2589,2602,0.09750,-0.13260,-0.78780,0.80481,1012.65,1000,-12.65,50.36,202,2.2907,0.5564,LOCK,3,looseness
259,1107997,2597,2610,-0.01950,0.02730,-0.78000,0.78072,1012.65,1000,-12.65,50.36,202,2.3071,0.8051,LOCK,3,looseness
260,1108006,2606,2619,0.00000,0.00000,-0.65130,0.65130,1012.65,1000,-12.65,50.36,202,2.2978,0.6638,LOCK,3,looseness
261,1108014,2614,2627,-0.09360,0.03120,-0.76440,0.77074,1012.65,1000,-12.65,50.36,202,2.2833,0.4437,LOCK,3,looseness
262,1108023,2623,2636,0.07020,0.01560,-0.85410,0.85712,1012.65,1000,-12.65,50.36,202,2.2737,0.2981,LOCK,3,looseness
263,1108031,2631,2644,-0.07020,0.08190,-0.82290,0.82994,1012.64,1000,-12.64,50.36,202,2.2595,0.0838,LOCK,3,looseness
264,1108040,2640,2653,-0.07020,0.08190,-0.82290,0.82994,1012.64,1000,-12.64,50.36,202,2.2904,0.5518,LOCK,3,looseness
265,1108048,2648,2661,0.00000,-0.00780,-0.86580,0.86584,1012.64,1000,-12.64,50.36,202,2.2898,0.5417,LOCK,3,looseness
266,1108058,2658,2671,0.08190,-0.04290,-0.63960,0.64625,1012.70,1000,-12.70,50.36,202,2.2801,0.3952,LOCK,3,looseness
267,1108068,2668,2681,-0.00390,0.20670,-0.96720,0.98905,1012.73,1000,-12.73,50.36,202,2.3012,0.7148,LOCK,3,looseness
268,1108078,2678,2691,-0.09360,0.03900,-0.81900,0.82525,1012.74,1000,-12.74,50.36,202,2.2902,0.5478,LOCK,3,looseness
269,1108088,2688,2701,-0.01560,-0.24180,-0.77220,0.80932,1012.74,1000,-12.74,50.36,202,2.2937,0.6009,LOCK,3,looseness
270,1108101,2701,2714,0.05850,0.10530,-0.79560,0.80467,1012.75,1000,-12.75,50.36,202,2.2934,0.5973,LOCK,3,looseness
271,1108109,2709,2722,0.03120,0.06630,-0.84630,0.84947,1012.75,1000,-12.75,50.36,202,2.2924,0.5811,LOCK,3,looseness
272,1108118,2718,2731,-0.00780,0.14040,-0.66300,0.67775,1012.76,1000,-12.76,50.36,202,2.2770,0.3479,LOCK,3,looseness
273,1108128,2728,2741,-0.05850,0.10920,-0.74490,0.75513,1012.84,1000,-12.84,50.36,202,2.2704,0.2484,LOCK,3,looseness
274,1108138,2738,2751,0.03120,-0.15990,-0.81510,0.83122,1012.87,1000,-12.87,50.36,202,2.2799,0.3924,LOCK,3,looseness
275,1108148,2748,2761,0.08580,-0.05070,-0.71760,0.72449,1012.88,1000,-12.88,50.36,202,2.2952,0.6244,LOCK,3,looseness
276,1108158,2758,2771,-0.06630,-0.19110,-0.73710,0.76435,1012.88,1000,-12.88,50.36,202,2.2972,0.6553,LOCK,3,looseness
277,1108168,2768,2781,0.11700,0.40170,-0.87360,0.96862,1012.88,1000,-12.88,50.36,202,2.2971,0.6531,LOCK,3,looseness
278,1108178,2778,2791,0.06240,0.30030,-0.77220,0.83088,1012.96,1000,-12.96,50.36,202,2.2923,0.5796,LOCK,3,looseness
279,1108188,2788,2801,-0.14040,0.12090,-0.76440,0.78653,1012.98,1000,-12.98,50.36,202,2.3075,0.8112,LOCK,3,looseness
280,1108198,2798,2811,-0.05070,-0.00780,-0.81120,0.81282,1012.99,1000,-12.99,50.36,202,2.2869,0.4978,LOCK,3,looseness
281,1108208,2808,2821,-0.00780,0.02340,-0.86970,0.87005,1012.99,1000,-12.99,50.36,202,2.2701,0.2438,LOCK,3,looseness
282,1108218,2818,2831,0.10140,-0.18330,-0.86580,0.89078,1012.99,1000,-12.99,50.36,202,2.2680,0.2123,LOCK,3,looseness
283,1108228,2828,2841,-0.02730,0.03510,-0.78000,0.78127,1012.99,1000,-12.99,50.36,202,2.2800,0.3943,LOCK,3,looseness
284,1108238,2838,2851,0.01560,-0.13260,-0.60840,0.62288,1013.02,1000,-13.02,50.36,202,2.2944,0.6122,LOCK,3,looseness
285,1108257,2857,2870,0.03510,0.07020,-0.89310,0.89654,1013.02,1000,-13.02,50.36,202,2.3004,0.7026,LOCK,3,looseness
286,1108265,2865,2878,0.03510,0.07020,-0.89310,0.89654,1013.02,1000,-13.02,50.36,202,2.2900,0.5460,LOCK,3,looseness
287,1108274,2874,2887,0.09750,0.03510,-0.90480,0.91071,1013.02,1000,-13.02,50.36,202,2.2938,0.6028,LOCK,3,looseness
288,1108282,2882,2895,0.01950,0.11700,-0.83850,0.84685,1013.02,1000,-13.02,50.36,202,2.2822,0.4266,LOCK,3,looseness
289,1108291,2891,2904,0.08580,-0.13260,-0.62790,0.64746,1013.02,1000,-13.02,50.36,202,2.2951,0.6232,LOCK,3,looseness
290,1108304,2904,2917,0.02340,0.05850,-0.88530,0.88754,1013.04,1000,-13.04,50.36,202,2.2993,0.6867,LOCK,3,looseness
291,1108313,2913,2926,-0.10920,0.12480,-0.81120,0.82798,1013.05,1000,-13.05,50.36,202,2.2916,0.5704,LOCK,3,looseness
292,1108321,2921,2934,0.00390,-0.15990,-0.83070,0.84596,1013.07,1000,-13.07,50.36,202,2.3027,0.7377,LOCK,3,looseness
293,1108330,2930,2943,-0.00390,0.05850,-0.83850,0.84055,1013.08,1000,-13.08,50.36,202,2.2795,0.3863,LOCK,3,looseness
294,1108338,2938,2951,-0.00390,0.05850,-0.83850,0.84055,1013.09,1000,-13.09,50.36,202,2.2625,0.1293,LOCK,3,looseness
295,1108348,2948,2961,0.05850,0.00780,-0.82680,0.82890,1013.15,1000,-13.15,50.36,202,2.2830,0.4401,LOCK,3,looseness
296,1108358,2958,2971,-0.08190,0.13260,-0.57330,0.59411,1013.28,1000,-13.28,50.36,202,2.2939,0.6040,LOCK,3,looseness
297,1108368,2968,2981,-0.08580,0.04680,-0.82290,0.82868,1013.34,1000,-13.34,50.36,202,2.2980,0.6666,LOCK,3,looseness
298,1108378,2978,2991,-0.03120,-0.07800,-0.76440,0.76900,1013.36,1000,-13.36,50.36,202,2.2898,0.5426,LOCK,3,looseness
299,1108388,2988,3001,0.10920,-0.03900,-0.76440,0.77314,1013.36,1000,-13.36,50.36,202,2.3040,0.7578,LOCK,3,looseness
300,1108398,2998,3011,0.07410,-0.11310,-0.76440,0.77627,1013.36,1000,-13.36,50.36,202,2.2854,0.4752,LOCK,3,looseness
301,1108408,3008,3021,0.10140,0.24570,-0.78780,0.83143,1013.36,1000,-13.36,50.36,202,2.2904,0.5521,LOCK,3,looseness
302,1108418,3018,3031,-0.08970,0.19110,-0.77610,0.80430,1013.36,1000,-13.36,50.36,202,2.2924,0.5814,LOCK,3,looseness
303,1108428,3028,3041,-0.16380,0.12090,-0.71370,0.74217,1013.36,1000,-13.36,50.36,202,2.2651,0.1684,LOCK,3,looseness
304,1108438,3038,3051,0.08190,-0.08970,-0.83460,0.84339,1013.36,1000,-13.36,50.36,202,2.2889,0.5295,LOCK,3,looseness
305,1108448,3048,3061,0.03510,-0.02340,-0.83070,0.83177,1013.36,1000,-13.36,50.36,202,2.2622,0.1235,LOCK,3,looseness
306,1108458,3058,3071,0.07800,-0.03120,-0.76050,0.76513,1013.36,1000,-13.36,50.36,202,2.2917,0.5710,LOCK,3,looseness
307,1108468,3068,3081,-0.03900,0.10140,-0.81120,0.81844,1013.36,1000,-13.36,50.36,202,2.2955,0.6287,LOCK,3,looseness
308,1108478,3078,3091,-0.02340,-0.15990,-0.65910,0.67862,1013.33,1000,-13.33,50.36,202,2.2901,0.5469,LOCK,3,looseness
309,1108488,3088,3101,-0.03510,0.08190,-0.85410,0.85874,1013.32,1000,-13.32,50.36,202,2.3056,0.7816,LOCK,3,looseness
310,1108498,3098,3111,-0.12870,0.00000,-0.86970,0.87917,1013.32,1000,-13.32,50.36,202,2.2897,0.5405,LOCK,3,looseness
311,1108511,3111,3124,0.10530,0.00390,-0.84630,0.85283,1013.32,1000,-13.32,50.36,202,2.3024,0.7328,LOCK,3,looseness
312,1108519,3119,3132,0.07800,0.00390,-0.84630,0.84990,1013.32,1000,-13.32,50.36,202,2.2909,0.5594,LOCK,3,looseness
313,1108528,3128,3141,0.11310,-0.01170,-0.68640,0.69575,1013.32,1000,-13.32,50.36,202,2.3060,0.7880,LOCK,3,looseness
314,1108538,3138,3151,-0.10920,0.08190,-0.82290,0.83414,1013.33,1000,-13.33,50.36,202,2.2527,-0.0190,LOCK,3,looseness
315,1108548,3148,3161,-0.05070,0.07800,-0.79560,0.80102,1013.34,1000,-13.34,50.36,202,2.2785,0.3705,LOCK,3,looseness
316,1108558,3158,3171,0.00390,-0.11700,-0.85800,0.86595,1013.34,1000,-13.34,50.36,202,2.2884,0.5210,LOCK,3,looseness
317,1108568,3168,3181,-0.03510,0.07410,-0.80730,0.81145,1013.34,1000,-13.34,50.36,202,2.2752,0.3219,LOCK,3,looseness
318,1108616,3216,3229,0.04290,-0.02730,-0.77220,0.77387,1013.34,1000,-13.34,50.36,202,2.2914,0.5664,LOCK,3,looseness
319,1108625,3225,3238,0.04290,-0.02730,-0.77220,0.77387,1013.35,1000,-13.35,50.36,202,2.2965,0.6437,LOCK,3,looseness
320,1108634,3234,3247,0.08190,-0.09750,-0.77610,0.78648,1013.35,1000,-13.35,50.36,202,2.2864,0.4916,LOCK,3,looseness
321,1108642,3242,3255,0.01950,0.12480,-0.87750,0.88654,1013.35,1000,-13.35,50.36,202,2.3028,0.7401,LOCK,3,looseness
322,1108651,3251,3264,0.08970,0.12480,-0.73710,0.75295,1013.36,1000,-13.36,50.36,202,2.2962,0.6394,LOCK,3,looseness
323,1108659,3259,3272,-0.14820,0.10140,-0.69810,0.72083,1013.37,1000,-13.37,50.36,202,2.2958,0.6327,LOCK,3,looseness
324,1108668,3268,3281,0.08970,0.03510,-0.81900,0.82464,1013.37,1000,-13.37,50.36,202,2.2851,0.4706,LOCK,3,looseness
325,1108676,3276,3289,0.08970,0.03510,-0.81900,0.82464,1013.38,1000,-13.38,50.36,202,2.2962,0.6391,LOCK,3,looseness
326,1108717,3317,3330,0.07800,0.12870,-0.73320,0.74849,1013.39,1000,-13.39,50.36,202,2.2889,0.5286,LOCK,3,looseness
327,1108725,3325,3338,-0.05850,0.08580,-0.77220,0.77915,1013.40,1000,-13.40,50.36,202,2.2941,0.6076,LOCK,3,looseness
328,1108734,3334,3347,-0.14820,-0.07410,-0.81510,0.83177,1013.42,1000,-13.42,50.36,202,2.2614,0.1116,LOCK,3,looseness
329,1108742,3342,3355,0.03900,0.00780,-0.81120,0.81217,1013.42,1000,-13.42,50.36,202,2.2737,0.2981,LOCK,3,looseness
330,1108751,3351,3364,0.13650,-0.04680,-0.85410,0.86620,1013.43,1000,-13.43,50.36,202,2.2829,0.4376,LOCK,3,looseness
331,1108759,3359,3372,0.13650,-0.04680,-0.85410,0.86620,1013.44,1000,-13.44,50.36,202,2.2689,0.2255,LOCK,3,looseness
332,1108769,3369,3382,0.05850,0.14430,-0.72150,0.73811,1013.44,1000,-13.44,50.36,202,2.2893,0.5350,LOCK,3,looseness
333,1108778,3378,3391,0.03120,-0.01950,-0.67860,0.67960,1013.44,1000,-13.44,50.36,202,2.2949,0.6192,LOCK,3,looseness
334,1108786,3386,3399,-0.03120,0.06630,-0.79950,0.80285,1013.44,1000,-13.44,50.36,202,2.2900,0.5451,LOCK,3,looseness
335,1108795,3395,3408,-0.00780,-0.09750,-0.80340,0.80933,1013.44,1000,-13.44,50.36,202,2.2976,0.6611,LOCK,3,looseness
336,1108803,3403,3416,-0.09750,0.13650,-0.87750,0.89339,1013.44,1000,-13.44,50.36,202,2.2873,0.5051,LOCK,3,looseness
337,1108812,3412,3425,0.00780,-0.08580,-0.78390,0.78862,1013.44,1000,-13.44,50.36,202,2.2956,0.6305,LOCK,3,looseness
338,1108821,3421,3434,0.00780,-0.08580,-0.78390,0.78862,1013.44,1000,-13.44,50.36,202,2.2873,0.5045,LOCK,3,looseness
339,1108829,3429,3442,0.05070,0.01950,-0.54210,0.54481,1013.45,1000,-13.45,50.36,202,2.2696,0.2358,LOCK,3,looseness
340,1108837,3437,3450,0.10920,0.00390,-0.82290,0.83012,1013.46,1000,-13.46,50.36,202,2.2808,0.4056,LOCK,3,looseness
341,1108846,3446,3459,-0.10140,0.01560,-0.75660,0.76352,1013.46,1000,-13.46,50.36,202,2.2685,0.2203,LOCK,3,looseness
342,1108871,3471,3484,0.01560,0.03510,-0.84630,0.84717,1013.47,1000,-13.47,50.36,202,2.2898,0.5420,LOCK,3,looseness
343,1108879,3479,3492,-0.01170,-0.01170,-0.79950,0.79967,1013.48,1000,-13.48,50.36,202,2.3083,0.8232,LOCK,3,looseness
344,1108888,3488,3501,0.07800,0.07800,-0.72930,0.73760,1013.50,1000,-13.50,50.36,202,2.2766,0.3424,LOCK,3,looseness
345,1108896,3496,3509,0.02340,0.10140,-0.73320,0.74055,1013.52,1000,-13.52,50.36,202,2.2706,0.2511,LOCK,3,looseness
346,1108904,3504,3517,0.01170,0.00780,-0.82680,0.82692,1013.54,1000,-13.54,50.36,202,2.2707,0.2536,LOCK,3,looseness
347,1108930,3530,3543,0.03900,0.02340,-0.84240,0.84363,1013.55,1000,-13.55,50.36,202,2.3023,0.7322,LOCK,3,looseness
348,1108939,3539,3552,0.10530,0.28080,-0.92430,0.97173,1013.57,1000,-13.57,50.36,202,2.3011,0.7139,LOCK,3,looseness
349,1108947,3547,3560,0.03510,0.19890,-0.76440,0.79063,1013.59,1000,-13.59,50.36,202,2.2870,0.4996,LOCK,3,looseness
350,1108956,3556,3569,-0.06240,-0.01560,-0.71370,0.71659,1013.60,1000,-13.60,50.36,202,2.2768,0.3448,LOCK,3,looseness
351,1108964,3564,3577,-0.06240,-0.01560,-0.71370,0.71659,1013.61,1000,-13.61,50.36,202,2.2887,0.5261,LOCK,3,looseness
352,1108973,3573,3586,-0.14820,-0.10530,-0.76440,0.78572,1013.63,1000,-13.63,50.36,202,2.2889,0.5292,LOCK,3,looseness
353,1108981,3581,3594,0.04680,0.02730,-0.80730,0.80912,1013.64,1000,-13.64,50.36,202,2.3053,0.7780,LOCK,3,looseness
354,1108990,3590,3603,0.12870,-0.08580,-0.86970,0.88335,1013.65,1000,-13.65,50.36,202,2.2747,0.3134,LOCK,3,looseness
355,1108998,3598,3611,-0.03510,0.10140,-0.77220,0.77962,1013.66,1000,-13.66,50.36,202,2.2664,0.1885,LOCK,3,looseness
356,1109007,3607,3620,0.05850,0.04290,-0.67080,0.67471,1013.65,1000,-13.65,50.36,202,2.2859,0.4828,LOCK,3,looseness
357,1109015,3615,3628,0.05850,0.04290,-0.67080,0.67471,1013.64,1000,-13.64,50.36,202,2.2915,0.5683,LOCK,3,looseness
358,1109031,3631,3644,-0.03900,-0.03120,-0.85800,0.85945,1013.63,1000,-13.63,50.36,202,2.2972,0.6547,LOCK,3,looseness
359,1109039,3639,3652,0.01560,0.21840,-0.85020,0.87794,1013.63,1000,-13.63,50.36,202,2.3003,0.7017,LOCK,3,looseness
360,1109048,3648,3661,0.01170,-0.14820,-0.76440,0.77872,1013.62,1000,-13.62,50.36,202,2.2754,0.3241,LOCK,3,looseness
361,1109056,3656,3669,0.01170,-0.14820,-0.76440,0.77872,1013.62,1000,-13.62,50.36,202,2.2608,0.1028,LOCK,3,looseness
362,1109065,3665,3678,0.22620,-0.02340,-0.56550,0.60951,1013.62,1000,-13.62,50.36,202,2.2642,0.1540,LOCK,3,looseness
363,1109073,3673,3686,0.08970,-0.03510,-0.80340,0.80915,1013.62,1000,-13.62,50.36,202,2.2968,0.6492,LOCK,3,looseness
364,1109082,3682,3695,-0.12870,0.15990,-0.86190,0.88600,1013.62,1000,-13.62,50.36,202,2.2896,0.5399,LOCK,3,looseness
365,1109090,3690,3703,0.05460,0.02340,-0.76050,0.76282,1013.62,1000,-13.62,50.36,202,2.2804,0.4001,LOCK,3,looseness
366,1109099,3699,3712,-0.10920,0.00000,-0.77610,0.78374,1013.62,1000,-13.62,50.36,202,2.2829,0.4376,LOCK,3,looseness
367,1109107,3707,3720,-0.10920,0.00000,-0.77610,0.78374,1013.63,1000,-13.63,50.36,202,2.2749,0.3173,LOCK,3,looseness
368,1109116,3716,3729,-0.01950,0.05850,-0.78000,0.78243,1013.63,1000,-13.63,50.36,202,2.2921,0.5774,LOCK,3,looseness
369,1109124,3724,3737,-0.01560,0.10140,-0.78000,0.78672,1013.64,1000,-13.64,50.36,202,2.2879,0.5133,LOCK,3,looseness
370,1109138,3738,3751,0.04290,0.19500,-0.87360,0.89613,1013.65,1000,-13.65,50.36,202,2.2929,0.5893,LOCK,3,looseness
371,1109146,3746,3759,0.01170,0.03120,-0.86970,0.87034,1013.65,1000,-13.65,50.36,202,2.2738,0.2996,LOCK,3,looseness
372,1109155,3755,3768,0.04290,-0.19890,-0.79560,0.82121,1013.66,1000,-13.66,50.36,202,2.2675,0.2044,LOCK,3,looseness
373,1109163,3763,3776,-0.07020,-0.03510,-0.68250,0.68700,1013.67,1000,-13.67,50.36,202,2.2737,0.2987,LOCK,3,looseness
374,1109172,3772,3785,0.08970,0.25740,-0.92040,0.95992,1013.67,1000,-13.67,50.36,202,2.2814,0.4156,LOCK,3,looseness
375,1109180,3780,3793,0.08970,0.25740,-0.92040,0.95992,1013.70,1000,-13.70,50.36,202,2.2724,0.2786,LOCK,3,looseness
376,1109231,3831,3844,0.11310,-0.03120,-0.85410,0.86212,1013.72,1000,-13.72,50.36,202,2.2967,0.6464,LOCK,3,looseness
377,1109239,3839,3852,-0.07800,0.07410,-0.71370,0.72176,1013.73,1000,-13.73,50.36,202,2.3013,0.7163,LOCK,3,looseness
378,1109248,3848,3861,-0.06240,0.04680,-0.60450,0.60951,1013.75,1000,-13.75,50.36,202,2.2984,0.6733,LOCK,3,looseness
379,1109256,3856,3869,0.00390,0.00000,-0.81120,0.81121,1013.76,1000,-13.76,50.36,202,2.2972,0.6553,LOCK,3,looseness
380,1109265,3865,3878,-0.15210,0.00390,-0.86190,0.87523,1013.78,1000,-13.78,50.36,202,2.2931,0.5930,LOCK,3,looseness
381,1109273,3873,3886,0.10140,0.19500,-0.89700,0.92353,1013.79,1000,-13.79,50.36,202,2.2855,0.4776,LOCK,3,looseness
382,1109282,3882,3895,0.10140,0.19500,-0.89700,0.92353,1013.80,1000,-13.80,50.36,202,2.2855,0.4773,LOCK,3,looseness
383,1109290,3890,3903,0.02730,-0.08970,-0.83850,0.84373,1013.81,1000,-13.81,50.36,202,2.2905,0.5524,LOCK,3,looseness
384,1109299,3899,3912,0.14040,-0.01950,-0.49920,0.51893,1013.82,1000,-13.82,50.36,202,2.2783,0.3686,LOCK,3,looseness
385,1109307,3907,3920,-0.03120,-0.11310,-0.69030,0.70020,1013.83,1000,-13.83,50.36,202,2.2548,0.0124,LOCK,3,looseness
386,1109316,3916,3929,-0.15990,0.21840,-0.82680,0.86998,1013.84,1000,-13.84,50.36,202,2.2934,0.5963,LOCK,3,looseness
387,1109324,3924,3937,0.07800,0.09750,-0.84630,0.85546,1013.85,1000,-13.85,50.36,202,2.2864,0.4913,LOCK,3,looseness
388,1109339,3939,3952,-0.10920,0.08190,-0.84240,0.85339,1013.86,1000,-13.86,50.36,202,2.3017,0.7233,LOCK,3,looseness
389,1109348,3948,3961,0.07410,0.03510,-0.74100,0.74552,1013.86,1000,-13.86,50.36,202,2.2693,0.2319,LOCK,3,looseness
390,1109356,3956,3969,0.03120,0.14040,-0.76830,0.78165,1013.87,1000,-13.87,50.36,202,2.2777,0.3595,LOCK,3,looseness
391,1109364,3964,3977,0.03120,0.14040,-0.76830,0.78165,1013.86,1000,-13.86,50.36,202,2.2770,0.3485,LOCK,3,looseness
392,1109373,3973,3986,0.06240,0.16380,-0.84240,0.86044,1013.86,1000,-13.86,50.36,202,2.2696,0.2358,LOCK,3,looseness
393,1109386,3986,3999,-0.00390,-0.15600,-0.79560,0.81076,1013.85,1000,-13.85,50.36,202,2.2845,0.4626,LOCK,3,looseness
394,1109395,3995,4008,-0.00390,-0.15600,-0.79560,0.81076,1013.85,1000,-13.85,50.36,202,2.2947,0.6168,LOCK,3,looseness
395,1109403,4003,4016,-0.11310,-0.09750,-0.70590,0.72152,1013.85,1000,-13.85,50.36,202,2.2853,0.4736,LOCK,3,looseness
396,1109412,4012,4025,0.04680,0.12870,-0.88920,0.89968,1013.84,1000,-13.84,50.36,202,2.2906,0.5545,LOCK,3,looseness
397,1109420,4020,4033,0.11310,0.08580,-0.72150,0.73533,1013.88,1000,-13.88,50.36,202,2.2880,0.5148,LOCK,3,looseness
398,1109429,4029,4042,-0.08190,0.06630,-0.79950,0.80641,1013.90,1000,-13.90,50.36,202,2.3020,0.7270,LOCK,3,looseness
399,1109437,4037,4050,0.01950,-0.07020,-0.85410,0.85720,1013.93,1000,-13.93,50.36,202,2.2753,0.3235,LOCK,3,looseness
400,1109446,4046,4059,0.01950,-0.07020,-0.85410,0.85720,1013.95,1000,-13.95,50.36,202,2.2709,0.2554,LOCK,3,looseness
401,1109454,4054,4067,0.06630,-0.12870,-0.80340,0.81634,1013.97,1000,-13.97,50.36,202,2.2785,0.3717,LOCK,3,looseness
402,1109462,4062,4075,0.05460,0.01170,-0.85410,0.85592,1013.99,1000,-13.99,50.36,202,2.2777,0.3586,LOCK,3,looseness
403,1109485,4085,4098,-0.03120,0.11700,-0.65910,0.67013,1014.03,1000,-14.03,50.36,202,2.2945,0.6137,LOCK,3,looseness
404,1109494,4094,4107,0.03120,-0.00390,-0.83070,0.83129,1014.06,1000,-14.06,50.36,202,2.2924,0.5811,LOCK,3,looseness
405,1109502,4102,4115,-0.13650,-0.03510,-0.83460,0.84642,1014.09,1000,-14.09,50.36,202,2.2735,0.2960,LOCK,3,looseness
406,1109511,4111,4124,0.18330,0.10140,-0.90480,0.92873,1014.12,1000,-14.12,50.36,202,2.2685,0.2203,LOCK,3,looseness
407,1109519,4119,4132,0.12090,-0.12480,-0.84240,0.86013,1014.15,1000,-14.15,50.36,202,2.2831,0.4416,LOCK,3,looseness
408,1109528,4128,4141,0.12090,-0.12480,-0.84240,0.86013,1014.17,1000,-14.17,50.36,202,2.2834,0.4449,LOCK,3,looseness
409,1109543,4143,4156,-0.00780,-0.05460,-0.70590,0.70805,1014.18,1000,-14.18,50.36,202,2.2944,0.6128,LOCK,3,looseness
410,1109551,4151,4164,-0.14820,0.10530,-0.86970,0.88850,1014.20,1000,-14.20,50.36,202,2.2919,0.5738,LOCK,3,looseness
411,1109560,4160,4173,-0.14820,0.10530,-0.86970,0.88850,1014.21,1000,-14.21,50.36,202,2.2879,0.5142,LOCK,3,looseness
412,1109568,4168,4181,0.15600,0.12870,-0.83850,0.86254,1014.22,1000,-14.22,50.36,202,2.2862,0.4874,LOCK,3,looseness
413,1109577,4177,4190,-0.12480,0.08190,-0.86190,0.87473,1014.23,1000,-14.23,50.36,202,2.2975,0.6592,LOCK,3,looseness
414,1109585,4185,4198,0.00780,-0.05460,-0.73320,0.73527,1014.24,1000,-14.24,50.36,202,2.2890,0.5301,LOCK,3,looseness
415,1109594,4194,4207,0.13260,0.15990,-0.76440,0.79212,1014.24,1000,-14.24,50.36,202,2.2885,0.5231,LOCK,3,looseness
416,1109602,4202,4215,0.03900,0.21840,-0.86580,0.89377,1014.25,1000,-14.25,50.36,202,2.2591,0.0771,LOCK,3,looseness
417,1109611,4211,4224,0.03900,0.21840,-0.86580,0.89377,1014.25,1000,-14.25,50.36,202,2.2661,0.1837,LOCK,3,looseness
418,1109619,4219,4232,-0.02730,-0.01560,-0.89310,0.89365,1014.25,1000,-14.25,50.36,202,2.2697,0.2386,LOCK,3,looseness
419,1109628,4228,4241,-0.02730,-0.15990,-0.78780,0.80433,1014.26,1000,-14.26,50.36,202,2.2711,0.2597,LOCK,3,looseness
420,1109640,4240,4253,0.17550,0.00780,-0.70200,0.72365,1014.26,1000,-14.26,50.36,202,2.2881,0.5170,LOCK,3,looseness
421,1109648,4248,4261,-0.03510,0.08580,-0.86970,0.87463,1014.26,1000,-14.26,50.36,202,2.3017,0.7230,LOCK,3,looseness
422,1109657,4257,4270,0.06630,0.09750,-0.72930,0.73877,1014.27,1000,-14.27,50.36,202,2.2649,0.1653,LOCK,3,looseness
423,1109665,4265,4278,-0.07410,0.02730,-0.74880,0.75295,1014.28,1000,-14.28,50.36,202,2.2778,0.3610,LOCK,3,looseness
424,1109673,4273,4286,-0.01950,-0.03900,-0.88140,0.88248,1014.29,1000,-14.29,50.36,202,2.2729,0.2862,LOCK,3,looseness
425,1109682,4282,4295,-0.01950,-0.03900,-0.88140,0.88248,1014.29,1000,-14.29,50.36,202,2.2811,0.4101,LOCK,3,looseness
426,1109694,4294,4307,-0.01950,-0.01950,-0.83070,0.83116,1014.30,1000,-14.30,50.36,202,2.2993,0.6867,LOCK,3,looseness
427,1109702,4302,4315,-0.01950,-0.01950,-0.83070,0.83116,1014.31,1000,-14.31,50.36,202,2.3027,0.7380,LOCK,3,looseness
428,1109711,4311,4324,-0.07020,0.17160,-0.81900,0.83972,1014.31,1000,-14.31,50.36,202,2.2946,0.6147,LOCK,3,looseness
429,1109719,4319,4332,-0.01170,0.25740,-0.60450,0.65712,1014.34,1000,-14.34,50.36,202,2.2881,0.5170,LOCK,3,looseness
430,1109728,4328,4341,0.07410,0.22230,-0.79170,0.82565,1014.37,1000,-14.37,50.36,202,2.2901,0.5469,LOCK,3,looseness
431,1109736,4336,4349,-0.09750,0.01950,-0.78390,0.79018,1014.40,1000,-14.40,50.36,202,2.2961,0.6385,LOCK,3,looseness
432,1109750,4350,4363,0.08580,0.03900,-0.83070,0.83603,1014.42,1000,-14.42,50.36,202,2.2836,0.4480,LOCK,3,looseness
433,1109758,4358,4371,0.02730,-0.24180,-0.83850,0.87309,1014.44,1000,-14.44,50.36,202,2.2977,0.6623,LOCK,3,looseness
434,1109767,4367,4380,-0.00780,0.07020,-0.61620,0.62023,1014.46,1000,-14.46,50.36,202,2.2648,0.1638,LOCK,3,looseness
435,1109775,4375,4388,-0.00780,0.07020,-0.61620,0.62023,1014.48,1000,-14.48,50.36,202,2.2787,0.3738,LOCK,3,looseness
436,1109783,4383,4396,0.06630,-0.15210,-0.69030,0.70996,1014.49,1000,-14.49,50.36,202,2.2608,0.1025,LOCK,3,looseness
437,1109792,4392,4405,-0.08580,0.06630,-0.81120,0.81841,1014.50,1000,-14.50,50.36,202,2.2801,0.3958,LOCK,3,looseness
438,1109844,4444,4457,0.05460,0.07410,-0.93600,0.94051,1014.53,1000,-14.53,50.36,202,2.2969,0.6501,LOCK,3,looseness
439,1109853,4453,4466,-0.06240,-0.11700,-0.85800,0.86819,1014.55,1000,-14.55,50.36,202,2.2856,0.4785,LOCK,3,looseness
440,1109861,4461,4474,-0.12090,-0.09360,-0.83850,0.85233,1014.57,1000,-14.57,50.36,202,2.2974,0.6571,LOCK,3,looseness
441,1109870,4470,4483,0.15990,0.08190,-0.83070,0.84990,1014.59,1000,-14.59,50.36,202,2.2988,0.6791,LOCK,3,looseness
442,1109878,4478,4491,-0.05850,0.08190,-0.82680,0.83290,1014.61,1000,-14.61,50.36,202,2.3001,0.6992,LOCK,3,looseness
443,1109887,4487,4500,-0.05850,0.08190,-0.82680,0.83290,1014.62,1000,-14.62,50.36,202,2.2950,0.6214,LOCK,3,looseness
444,1109895,4495,4508,0.03900,0.11700,-0.76830,0.77814,1014.64,1000,-14.64,50.36,202,2.2857,0.4807,LOCK,3,looseness
445,1109904,4504,4517,-0.09750,0.00390,-0.67470,0.68172,1014.65,1000,-14.65,50.36,202,2.2774,0.3540,LOCK,3,looseness
446,1109912,4512,4525,-0.01560,-0.01950,-0.88920,0.88955,1014.67,1000,-14.67,50.36,202,2.2764,0.3387,LOCK,3,looseness
447,1109921,4521,4534,0.06240,-0.24180,-0.85410,0.88986,1014.68,1000,-14.68,50.36,202,2.2852,0.4724,LOCK,3,looseness
448,1109929,4529,4542,0.06240,-0.24180,-0.85410,0.88986,1014.69,1000,-14.69,50.36,202,2.2683,0.2160,LOCK,3,looseness
449,1109937,4537,4550,0.05850,-0.03510,-0.83460,0.83738,1014.70,1000,-14.70,50.36,202,2.2998,0.6943,LOCK,3,looseness
450,1109961,4561,4574,-0.06240,0.10530,-0.81120,0.82038,1014.73,1000,-14.73,50.36,202,2.2938,0.6028,LOCK,3,looseness
451,1109969,4569,4582,-0.06240,0.10530,-0.81120,0.82038,1014.76,1000,-14.76,50.36,202,2.2693,0.2319,LOCK,3,looseness
452,1109978,4578,4591,-0.11310,0.10530,-0.82290,0.83728,1014.79,1000,-14.79,50.36,202,2.2622,0.1244,LOCK,3,looseness
453,1109986,4586,4599,0.11310,0.08190,-0.84240,0.85390,1014.81,1000,-14.81,50.36,202,2.2823,0.4288,LOCK,3,looseness
454,1109995,4595,4608,-0.02730,-0.20670,-0.88920,0.91332,1014.83,1000,-14.83,50.36,202,2.2996,0.6913,LOCK,3,looseness
455,1110003,4603,4616,-0.06630,-0.05460,-0.56940,0.57584,1014.85,1000,-14.85,50.36,202,2.2887,0.5264,LOCK,3,looseness
456,1110012,4612,4625,0.03900,-0.15990,-0.74880,0.76667,1014.88,1000,-14.88,50.36,202,2.2938,0.6034,LOCK,3,looseness
457,1110020,4620,4633,0.03900,-0.15990,-0.74880,0.76667,1014.91,1000,-14.91,50.36,202,2.3066,0.7966,LOCK,3,looseness
458,1110029,4629,4642,-0.07800,0.10920,-0.81510,0.82607,1014.94,1000,-14.94,50.36,202,2.2939,0.6049,LOCK,3,looseness
459,1110037,4637,4650,0.05460,-0.08580,-0.87360,0.87950,1014.97,1000,-14.97,50.36,202,2.2996,0.6916,LOCK,3,looseness
460,1110046,4646,4659,-0.02730,0.06630,-0.83460,0.83767,1014.99,1000,-14.99,50.36,202,2.2991,0.6836,LOCK,3,looseness
461,1110054,4654,4667,0.00390,-0.10140,-0.74880,0.75564,1015.01,1000,-15.01,50.36,202,2.2760,0.3329,LOCK,3,looseness
462,1110063,4663,4676,0.08190,-0.02730,-0.74100,0.74601,1015.03,1000,-15.03,50.36,202,2.2733,0.2920,LOCK,3,looseness
463,1110081,4681,4694,0.09360,0.23790,-1.01010,1.04195,1015.08,1000,-15.08,50.36,202,2.2773,0.3525,LOCK,3,looseness
464,1110090,4690,4703,-0.12090,-0.15210,-0.93210,0.95214,1015.12,1000,-15.12,50.36,202,2.2918,0.5728,LOCK,3,looseness
465,1110099,4699,4712,-0.12090,-0.08190,-0.84630,0.85881,1015.16,1000,-15.16,50.36,202,2.2952,0.6238,LOCK,3,looseness
466,1110108,4708,4721,0.14820,0.02730,-0.79170,0.80591,1015.20,1000,-15.20,50.36,202,2.2912,0.5643,LOCK,3,looseness
467,1110116,4716,4729,0.01950,0.11700,-0.86580,0.87389,1015.23,1000,-15.23,50.36,202,2.2670,0.1974,LOCK,3,looseness
468,1110125,4725,4738,-0.00780,0.21450,-0.78780,0.81652,1015.23,1000,-15.23,50.36,202,2.2845,0.4626,LOCK,3,looseness
469,1110133,4733,4746,-0.00780,0.21450,-0.78780,0.81652,1015.23,1000,-15.23,50.36,202,2.2738,0.3003,LOCK,3,looseness
470,1110142,4742,4755,-0.01950,-0.01950,-0.72540,0.72592,1015.23,1000,-15.23,50.36,202,2.2923,0.5808,LOCK,3,looseness
471,1110154,4754,4767,-0.02340,-0.04290,-0.79560,0.79710,1015.23,1000,-15.23,50.36,202,2.2983,0.6708,LOCK,3,looseness
472,1110168,4768,4781,0.07020,-0.01950,-0.84630,0.84943,1015.23,1000,-15.23,50.36,202,2.3002,0.7007,LOCK,3,looseness
473,1110176,4776,4789,0.08580,0.10140,-0.85020,0.86051,1015.23,1000,-15.23,50.36,202,2.2944,0.6125,LOCK,3,looseness
474,1110185,4785,4798,0.08580,0.10140,-0.85020,0.86051,1015.27,1000,-15.27,50.36,202,2.2853,0.4749,LOCK,3,looseness
475,1110193,4793,4806,0.12090,0.14820,-0.59280,0.62289,1015.30,1000,-15.30,50.36,202,2.2941,0.6073,LOCK,3,looseness
476,1110202,4802,4815,-0.11700,0.03900,-0.70200,0.71275,1015.33,1000,-15.33,50.36,202,2.2932,0.5942,LOCK,3,looseness
477,1110210,4810,4823,-0.08190,0.08190,-0.77610,0.78470,1015.36,1000,-15.36,50.36,202,2.2957,0.6324,LOCK,3,looseness
478,1110219,4819,4832,0.07410,0.10920,-0.87750,0.88737,1015.39,1000,-15.39,50.36,202,2.2759,0.3314,LOCK,3,looseness
479,1110227,4827,4840,0.06630,-0.09360,-0.93600,0.94300,1015.41,1000,-15.41,50.36,202,2.2637,0.1464,LOCK,3,looseness
480,1110236,4836,4849,0.06630,-0.09360,-0.93600,0.94300,1015.43,1000,-15.43,50.36,202,2.2728,0.2844,LOCK,3,looseness
481,1110244,4844,4857,-0.01560,-0.07800,-0.65520,0.66001,1015.44,1000,-15.44,50.36,202,2.2903,0.5496,LOCK,3,looseness
482,1110255,4855,4868,0.06630,-0.07800,-0.69810,0.70557,1015.45,1000,-15.45,50.36,202,2.2917,0.5716,LOCK,3,looseness
483,1110263,4863,4876,-0.02730,0.05460,-0.74490,0.74740,1015.46,1000,-15.46,50.36,202,2.3095,0.8402,LOCK,3,looseness
484,1110272,4872,4885,0.01170,-0.00780,-0.83460,0.83472,1015.47,1000,-15.47,50.36,202,2.2733,0.2929,LOCK,3,looseness
485,1110280,4880,4893,0.10920,0.08970,-0.93990,0.95046,1015.47,1000,-15.47,50.36,202,2.3043,0.7624,LOCK,3,looseness
486,1110289,4889,4902,-0.07800,-0.12090,-0.76830,0.78166,1015.48,1000,-15.48,50.36,202,2.2560,0.0310,LOCK,3,looseness
487,1110297,4897,4910,-0.07800,-0.12090,-0.76830,0.78166,1015.49,1000,-15.49,50.36,202,2.2728,0.2847,LOCK,3,looseness
488,1110307,4907,4920,0.16380,0.00000,-0.69030,0.70947,1015.51,1000,-15.51,50.36,202,2.3019,0.7264,LOCK,3,looseness
489,1110316,4916,4929,0.07020,0.16380,-1.02570,1.04107,1015.52,1000,-15.52,50.36,202,2.2898,0.5429,LOCK,3,looseness
490,1110324,4924,4937,-0.03900,-0.08580,-0.86190,0.86704,1015.54,1000,-15.54,50.36,202,2.2961,0.6372,LOCK,3,looseness
491,1110333,4933,4946,-0.14820,-0.08970,-0.87360,0.89061,1015.56,1000,-15.56,50.36,202,2.2994,0.6885,LOCK,3,looseness
492,1110342,4942,4955,0.10140,0.03900,-0.80730,0.81458,1015.57,1000,-15.57,50.36,202,2.2973,0.6568,LOCK,3,looseness
493,1110350,4950,4963,0.14430,0.18330,-0.87750,0.90798,1015.58,1000,-15.58,50.36,202,2.2926,0.5854,LOCK,3,looseness
494,1110359,4959,4972,0.14430,0.18330,-0.87750,0.90798,1015.59,1000,-15.59,50.36,202,2.2993,0.6861,LOCK,3,looseness
495,1110372,4972,4985,-0.08190,0.01950,-0.66690,0.67219,1015.62,1000,-15.62,50.36,202,2.2787,0.3738,LOCK,3,looseness
496,1110380,4980,4993,-0.08190,0.01950,-0.66690,0.67219,1015.65,1000,-15.65,50.36,202,2.2775,0.3558,LOCK,3,looseness
497,1110389,4989,5002,0.01560,-0.01170,-0.87360,0.87382,1015.67,1000,-15.67,50.36,202,2.2473,-0.1021,LOCK,3,looseness
498,1110397,4997,5010,0.07800,-0.03120,-0.77610,0.78063,1015.69,1000,-15.69,50.36,202,2.2640,0.1519,LOCK,3,looseness
499,1110406,5006,5019,0.03900,-0.08190,-0.76050,0.76589,1015.71,1000,-15.71,50.36,202,2.2583,0.0652,LOCK,3,looseness
500,1110459,5059,5072,0.02730,-0.01560,-0.86580,0.86637,1015.73,1000,-15.73,50.36,202,2.3065,0.7951,LOCK,3,looseness
501,1110467,5067,5080,0.12480,-0.18330,-0.85800,0.88619,1015.75,1000,-15.75,50.36,202,2.2979,0.6647,LOCK,3,looseness
502,1110476,5076,5089,-0.04290,-0.05850,-0.64740,0.65145,1015.76,1000,-15.76,50.36,202,2.3017,0.7221,LOCK,3,looseness
503,1110484,5084,5097,-0.09750,-0.12870,-0.77220,0.78890,1015.79,1000,-15.79,50.36,202,2.2999,0.6953,LOCK,3,looseness
504,1110493,5093,5106,-0.09750,-0.12870,-0.77220,0.78890,1015.80,1000,-15.80,50.36,202,2.2967,0.6476,LOCK,3,looseness
505,1110501,5101,5114,0.03120,0.06240,-0.74880,0.75204,1015.82,1000,-15.82,50.36,202,2.2977,0.6626,LOCK,3,looseness
506,1110510,5110,5123,0.01560,-0.09750,-0.90090,0.90629,1015.84,1000,-15.84,50.36,202,2.3017,0.7224,LOCK,3,looseness
507,1110518,5118,5131,0.08580,0.06630,-0.92040,0.92677,1015.85,1000,-15.85,50.36,202,2.2903,0.5499,LOCK,3,looseness
508,1110527,5127,5140,-0.05850,-0.11700,-0.75270,0.76398,1015.87,1000,-15.87,50.36,202,2.2777,0.3586,LOCK,3,looseness
509,1110535,5135,5148,0.22230,0.02730,-0.65130,0.68873,1015.88,1000,-15.88,50.36,202,2.2915,0.5677,LOCK,3,looseness
510,1110544,5144,5157,0.22230,0.02730,-0.65130,0.68873,1015.86,1000,-15.86,50.36,202,2.2783,0.3686,LOCK,3,looseness
511,1110552,5152,5165,0.05460,0.13650,-1.02570,1.03618,1015.85,1000,-15.85,50.36,202,2.3008,0.7084,LOCK,3,looseness
512,1110561,5161,5174,-0.05850,0.05460,-0.88140,0.88503,1015.84,1000,-15.84,50.36,202,2.2919,0.5747,LOCK,3,looseness
513,1110575,5175,5188,-0.12090,-0.10140,-0.81120,0.82640,1015.83,1000,-15.83,50.36,202,2.2968,0.6488,LOCK,3,looseness
514,1110583,5183,5196,0.10530,0.07020,-0.78390,0.79405,1015.83,1000,-15.83,50.36,202,2.2844,0.4599,LOCK,3,looseness
515,1110592,5192,5205,0.08190,0.06240,-0.79170,0.79837,1015.82,1000,-15.82,50.36,202,2.2661,0.1830,LOCK,3,looseness
516,1110600,5200,5213,0.03900,0.04680,-0.77220,0.77460,1015.85,1000,-15.85,50.36,202,2.2614,0.1116,LOCK,3,looseness
517,1110609,5209,5222,-0.03120,0.03510,-0.76050,0.76195,1015.87,1000,-15.87,50.36,202,2.2920,0.5753,LOCK,3,looseness
518,1110617,5217,5230,0.02340,0.06240,-0.90090,0.90336,1015.89,1000,-15.89,50.36,202,2.3002,0.6998,LOCK,3,looseness
519,1110626,5226,5239,0.02340,0.06240,-0.90090,0.90336,1015.91,1000,-15.91,50.36,202,2.2959,0.6351,LOCK,3,looseness
520,1110634,5234,5247,0.03120,-0.01950,-0.75660,0.75749,1015.93,1000,-15.93,50.36,202,2.2938,0.6037,LOCK,3,looseness
521,1110643,5243,5256,-0.02340,-0.04290,-0.70980,0.71148,1015.95,1000,-15.95,50.36,202,2.2910,0.5606,LOCK,3,looseness
522,1110651,5251,5264,-0.02340,0.17160,-0.95550,0.97107,1015.96,1000,-15.96,50.36,202,2.2954,0.6278,LOCK,3,looseness
523,1110660,5260,5273,0.14040,0.14430,-0.62790,0.65939,1015.97,1000,-15.97,50.36,202,2.2868,0.4971,LOCK,3,looseness
524,1110668,5268,5281,-0.26130,-0.00780,-0.71370,0.76007,1015.97,1000,-15.97,50.36,202,2.2759,0.3311,LOCK,3,looseness
525,1110677,5277,5290,-0.26130,-0.00780,-0.71370,0.76007,1015.98,1000,-15.98,50.36,202,2.2733,0.2929,LOCK,3,looseness
526,1110685,5285,5298,0.07020,-0.01170,-0.77610,0.77936,1015.98,1000,-15.98,50.36,202,2.2683,0.2163,LOCK,3,looseness
527,1110704,5304,5317,0.14820,-0.19890,-0.83070,0.86694,1015.98,1000,-15.98,50.36,202,2.2822,0.4275,LOCK,3,looseness
528,1110714,5314,5327,-0.05460,-0.00780,-0.69810,0.70028,1015.99,1000,-15.99,50.36,202,2.2905,0.5524,LOCK,3,looseness
529,1110723,5323,5336,0.05460,0.01560,-0.76050,0.76262,1015.99,1000,-15.99,50.36,202,2.3003,0.7023,LOCK,3,looseness
530,1110731,5331,5344,0.05070,0.08580,-0.79560,0.80182,1016.00,1000,-16.00,50.36,202,2.2726,0.2825,LOCK,3,looseness
531,1110740,5340,5353,0.05070,0.08580,-0.79560,0.80182,1016.00,1000,-16.00,50.36,202,2.2816,0.4175,LOCK,3,looseness
532,1110748,5348,5361,-0.06240,-0.24960,-0.87360,0.91070,1016.01,1000,-16.01,50.36,202,2.2726,0.2816,LOCK,3,looseness
533,1110757,5357,5370,0.09750,0.08970,-0.95160,0.96078,1016.01,1000,-16.01,50.36,202,2.3007,0.7075,LOCK,3,looseness
534,1110766,5366,5379,-0.01170,-0.04290,-0.82290,0.82410,1016.01,1000,-16.01,50.36,202,2.2929,0.5893,LOCK,3,looseness
535,1110780,5380,5393,0.22230,0.03120,-0.64740,0.68521,1016.02,1000,-16.02,50.36,202,2.2963,0.6406,LOCK,3,looseness
536,1110788,5388,5401,0.02730,0.06240,-0.93600,0.93847,1016.03,1000,-16.03,50.36,202,2.2880,0.5145,LOCK,3,looseness
537,1110797,5397,5410,-0.10530,0.05070,-0.83070,0.83888,1016.04,1000,-16.04,50.36,202,2.3081,0.8201,LOCK,3,looseness
538,1110805,5405,5418,-0.12870,-0.07800,-0.77610,0.79056,1016.04,1000,-16.04,50.36,202,2.2946,0.6150,LOCK,3,looseness
539,1110814,5414,5427,0.04290,0.04680,-0.87360,0.87590,1016.05,1000,-16.05,50.36,202,2.3006,0.7062,LOCK,3,looseness
540,1110822,5422,5435,0.08580,0.04680,-0.83850,0.84418,1016.05,1000,-16.05,50.36,202,2.2938,0.6037,LOCK,3,looseness
541,1110831,5431,5444,0.08580,0.04680,-0.83850,0.84418,1016.06,1000,-16.06,50.36,202,2.2803,0.3982,LOCK,3,looseness
542,1110839,5439,5452,0.03900,0.08190,-0.76440,0.76976,1016.09,1000,-16.09,50.36,202,2.2672,0.2007,LOCK,3,looseness
543,1110848,5448,5461,0.05070,0.01950,-0.70980,0.71188,1016.11,1000,-16.11,50.36,202,2.3023,0.7322,LOCK,3,looseness
544,1110856,5456,5469,0.02730,0.05850,-0.86190,0.86431,1016.14,1000,-16.14,50.36,202,2.2857,0.4810,LOCK,3,looseness
545,1110870,5470,5483,0.03510,0.01170,-0.81900,0.81984,1016.16,1000,-16.16,50.36,202,2.2955,0.6284,LOCK,3,looseness
546,1110879,5479,5492,0.02730,-0.06240,-0.74880,0.75189,1016.18,1000,-16.18,50.36,202,2.2957,0.6321,LOCK,3,looseness
547,1110887,5487,5500,0.10140,0.16380,-0.91650,0.93653,1016.20,1000,-16.20,50.36,202,2.2861,0.4865,LOCK,3,looseness
548,1110896,5496,5509,0.08580,0.12870,-0.60060,0.62020,1016.19,1000,-16.19,50.36,202,2.2760,0.3326,LOCK,3,looseness
549,1110904,5504,5517,0.08580,0.12870,-0.60060,0.62020,1016.18,1000,-16.18,50.36,202,2.2844,0.4599,LOCK,3,looseness
550,1110912,5512,5525,-0.23790,0.03510,-0.75270,0.79018,1016.17,1000,-16.17,50.36,202,2.2994,0.6879,LOCK,3,looseness
551,1110921,5521,5534,0.09360,-0.02340,-0.77220,0.77820,1016.16,1000,-16.16,50.36,202,2.3077,0.8143,LOCK,3,looseness
552,1110929,5529,5542,0.03900,0.05460,-0.86190,0.86451,1016.15,1000,-16.15,50.36,202,2.3007,0.7068,LOCK,3,looseness
553,1110938,5538,5551,0.15990,-0.27690,-0.85020,0.90834,1016.15,1000,-16.15,50.36,202,2.2963,0.6412,LOCK,3,looseness
554,1110946,5546,5559,-0.02340,0.01950,-0.62790,0.62864,1016.14,1000,-16.14,50.36,202,2.2795,0.3863,LOCK,3,looseness
555,1110955,5555,5568,-0.02340,0.01950,-0.62790,0.62864,1016.16,1000,-16.16,50.36,202,2.2795,0.3863,LOCK,3,looseness
556,1110963,5563,5576,0.00390,-0.02340,-0.70590,0.70630,1016.18,1000,-16.18,50.36,202,2.2899,0.5442,LOCK,3,looseness
557,1110972,5572,5585,0.05460,0.10920,-0.72930,0.73945,1016.19,1000,-16.19,50.36,202,2.3128,0.8912,LOCK,3,looseness
558,1110985,5585,5598,-0.10140,-0.26910,-0.88920,0.93454,1016.20,1000,-16.20,50.36,202,2.2873,0.5042,LOCK,3,looseness
559,1110994,5594,5607,0.17160,0.09750,-0.90480,0.92608,1016.22,1000,-16.22,50.36,202,2.2735,0.2960,LOCK,3,looseness
560,1111002,5602,5615,0.00390,-0.06240,-0.75660,0.75918,1016.23,1000,-16.23,50.36,202,2.2748,0.3146,LOCK,3,looseness
561,1111011,5611,5624,0.28470,-0.00780,-0.57330,0.64015,1016.22,1000,-16.22,50.36,202,2.2848,0.4669,LOCK,3,looseness
562,1111019,5619,5632,0.02730,0.02730,-0.89310,0.89393,1016.21,1000,-16.21,50.36,202,2.2881,0.5173,LOCK,3,looseness
563,1111074,5674,5687,-0.02340,0.12480,-0.79560,0.80567,1016.23,1000,-16.23,50.36,202,2.2905,0.5533,LOCK,3,looseness
564,1111083,5683,5696,0.02340,0.14820,-0.84240,0.85566,1016.25,1000,-16.25,50.36,202,2.3045,0.7658,LOCK,3,looseness
565,1111091,5691,5704,-0.05070,0.07800,-0.89310,0.89793,1016.27,1000,-16.27,50.36,202,2.2906,0.5542,LOCK,3,looseness
566,1111100,5700,5713,0.08580,-0.12870,-0.82290,0.83731,1016.29,1000,-16.29,50.36,202,2.2950,0.6208,LOCK,3,looseness
567,1111108,5708,5721,0.08580,-0.12870,-0.82290,0.83731,1016.30,1000,-16.30,50.36,202,2.3014,0.7181,LOCK,3,looseness
568,1111117,5717,5730,0.03120,0.00780,-0.74880,0.74949,1016.31,1000,-16.31,50.36,202,2.2958,0.6339,LOCK,3,looseness
569,1111125,5725,5738,0.05460,0.23400,-0.92040,0.95125,1016.32,1000,-16.32,50.36,202,2.3014,0.7178,LOCK,3,looseness
570,1111134,5734,5747,0.12090,0.10530,-0.75270,0.76959,1016.34,1000,-16.34,50.36,202,2.3038,0.7551,LOCK,3,looseness
571,1111142,5742,5755,-0.19110,0.04290,-0.78390,0.80800,1016.35,1000,-16.35,50.36,202,2.2636,0.1461,LOCK,3,looseness
572,1111151,5751,5764,0.11700,0.16770,-0.82290,0.84792,1016.36,1000,-16.36,50.36,202,2.2822,0.4272,LOCK,3,looseness
573,1111159,5759,5772,0.11700,0.16770,-0.82290,0.84792,1016.36,1000,-16.36,50.36,202,2.2829,0.4373,LOCK,3,looseness
574,1111168,5768,5781,-0.02730,-0.08580,-0.84240,0.84720,1016.37,1000,-16.37,50.36,202,2.2950,0.6208,LOCK,3,looseness
575,1111177,5777,5790,0.12090,-0.21450,-0.80730,0.84401,1016.38,1000,-16.38,50.36,202,2.2963,0.6406,LOCK,3,looseness
576,1111190,5790,5803,-0.08190,0.14820,-0.66300,0.68428,1016.38,1000,-16.38,50.36,202,2.3086,0.8274,LOCK,3,looseness
577,1111199,5799,5812,-0.07800,0.08580,-0.72930,0.73846,1016.40,1000,-16.40,50.36,202,2.2583,0.0646,LOCK,3,looseness
578,1111207,5807,5820,0.04680,0.07020,-0.77610,0.78067,1016.41,1000,-16.41,50.36,202,2.2790,0.3781,LOCK,3,looseness
579,1111216,5816,5829,-0.04290,-0.15600,-0.81120,0.82718,1016.42,1000,-16.42,50.36,202,2.2634,0.1424,LOCK,3,looseness
580,1111224,5824,5837,0.11700,0.19500,-0.93600,0.96323,1016.43,1000,-16.43,50.36,202,2.3014,0.7181,LOCK,3,looseness
581,1111233,5833,5846,0.00390,-0.14040,-0.76830,0.78103,1016.44,1000,-16.44,50.36,202,2.3028,0.7392,LOCK,3,looseness
582,1111241,5841,5854,0.00390,-0.14040,-0.76830,0.78103,1016.45,1000,-16.45,50.36,202,2.2963,0.6403,LOCK,3,looseness
583,1111250,5850,5863,0.23400,0.00390,-0.57330,0.61923,1016.49,1000,-16.49,50.36,202,2.3020,0.7279,LOCK,3,looseness
584,1111258,5858,5871,0.15990,0.10140,-0.78000,0.80265,1016.52,1000,-16.52,50.36,202,2.2908,0.5570,LOCK,3,looseness
585,1111267,5867,5880,-0.04290,0.05460,-0.81120,0.81417,1016.55,1000,-16.55,50.36,202,2.3039,0.7554,LOCK,3,looseness
586,1111275,5875,5888,-0.05070,-0.08970,-0.76440,0.77131,1016.58,1000,-16.58,50.36,202,2.2968,0.6479,LOCK,3,looseness
587,1111284,5884,5897,0.00000,0.02340,-0.75660,0.75696,1016.61,1000,-16.61,50.36,202,2.2802,0.3976,LOCK,3,looseness
588,1111292,5892,5905,0.00000,0.02340,-0.75660,0.75696,1016.63,1000,-16.63,50.36,202,2.2838,0.4517,LOCK,3,looseness
589,1111301,5901,5914,-0.02340,-0.08190,-0.83070,0.83506,1016.65,1000,-16.65,50.36,202,2.2909,0.5591,LOCK,3,looseness
590,1111319,5919,5932,-0.06630,0.15600,-0.90480,0.92054,1016.65,1000,-16.65,50.36,202,2.2740,0.3036,LOCK,3,looseness
591,1111328,5928,5941,0.01560,0.01170,-0.89310,0.89331,1016.66,1000,-16.66,50.36,202,2.2958,0.6333,LOCK,3,looseness
592,1111337,5937,5950,0.01950,-0.21840,-0.78000,0.81023,1016.66,1000,-16.66,50.36,202,2.2872,0.5036,LOCK,3,looseness
593,1111345,5945,5958,0.01950,-0.21840,-0.78000,0.81023,1016.66,1000,-16.66,50.36,202,2.2690,0.2273,LOCK,3,looseness
594,1111354,5954,5967,-0.02730,0.01560,-0.72150,0.72218,1016.67,1000,-16.67,50.36,202,2.2841,0.4556,LOCK,3,looseness
595,1111362,5962,5975,0.04290,0.26520,-0.95940,0.99630,1016.67,1000,-16.67,50.36,202,2.2638,0.1485,LOCK,3,looseness
596,1111371,5971,5984,0.13260,0.16770,-0.78000,0.80877,1016.68,1000,-16.68,50.36,202,2.2846,0.4633,LOCK,3,looseness
597,1111382,5982,5995,-0.19500,0.03510,-0.76830,0.79344,1016.69,1000,-16.69,50.36,202,2.2921,0.5777,LOCK,3,looseness
598,1111396,5996,6009,0.04680,0.04680,-0.76440,0.76726,1016.70,1000,-16.70,50.36,202,2.2993,0.6861,LOCK,3,looseness
599,1111404,6004,6017,-0.03900,-0.12480,-0.85020,0.86020,1016.71,1000,-16.71,50.36,202,2.3051,0.7746,LOCK,3,looseness
600,1111412,6012,6025,0.19500,-0.03510,-0.86580,0.88818,1016.72,1000,-16.72,50.36,202,2.2910,0.5609,LOCK,3,looseness
601,1111421,6021,6034,-0.05460,0.16770,-0.77220,0.79208,1016.73,1000,-16.73,50.36,202,2.3020,0.7270,LOCK,3,looseness
602,1111429,6029,6042,-0.01950,0.05070,-0.62400,0.62636,1016.74,1000,-16.74,50.36,202,2.2984,0.6724,LOCK,3,looseness
603,1111438,6038,6051,-0.02340,0.04680,-0.72540,0.72728,1016.75,1000,-16.75,50.36,202,2.2892,0.5338,LOCK,3,looseness
604,1111446,6046,6059,-0.02340,0.04680,-0.72540,0.72728,1016.76,1000,-16.76,50.36,202,2.2727,0.2841,LOCK,3,looseness
605,1111455,6055,6068,-0.07020,-0.08190,-0.79170,0.79901,1016.77,1000,-16.77,50.36,202,2.2591,0.0768,LOCK,3,looseness
606,1111463,6063,6076,0.07020,0.17160,-0.94380,0.96184,1016.78,1000,-16.78,50.36,202,2.2847,0.4651,LOCK,3,looseness
607,1111472,6072,6085,-0.02730,-0.21450,-0.80340,0.83199,1016.79,1000,-16.79,50.36,202,2.2819,0.4233,LOCK,3,looseness
608,1111486,6086,6099,0.19500,-0.11700,-0.53820,0.58427,1016.79,1000,-16.79,50.36,202,2.3031,0.7435,LOCK,3,looseness
609,1111494,6094,6107,0.01950,0.06240,-0.77610,0.77885,1016.78,1000,-16.78,50.36,202,2.3064,0.7942,LOCK,3,looseness
610,1111503,6103,6116,-0.04680,0.03510,-0.82290,0.82498,1016.78,1000,-16.78,50.36,202,2.2684,0.2178,LOCK,3,looseness
611,1111511,6111,6124,-0.12090,-0.02730,-0.83850,0.84761,1016.78,1000,-16.78,50.36,202,2.2676,0.2065,LOCK,3,looseness
612,1111520,6120,6133,-0.12090,-0.02730,-0.83850,0.84761,1016.78,1000,-16.78,50.36,202,2.2667,0.1922,LOCK,3,looseness
613,1111528,6128,6141,0.03900,0.12090,-0.78780,0.79798,1016.78,1000,-16.78,50.36,202,2.2847,0.4648,LOCK,3,looseness
614,1111538,6138,6151,0.00000,-0.16770,-0.75270,0.77116,1016.77,1000,-16.77,50.36,202,2.2934,0.5973,LOCK,3,looseness
615,1111548,6148,6161,-0.05850,0.03900,-0.71370,0.71715,1016.88,1000,-16.88,50.36,202,2.2896,0.5396,LOCK,3,looseness
616,1111558,6158,6171,-0.07410,0.07020,-0.91650,0.92217,1016.91,1000,-16.91,50.36,202,2.3020,0.7270,LOCK,3,looseness
617,1111568,6168,6181,-0.11310,-0.05070,-0.96720,0.97511,1016.92,1000,-16.92,50.36,202,2.2904,0.5521,LOCK,3,looseness
618,1111578,6178,6191,0.08190,-0.22620,-0.80730,0.84238,1016.92,1000,-16.92,50.36,202,2.2998,0.6934,LOCK,3,looseness
619,1111588,6188,6201,0.03510,-0.06240,-0.75660,0.75998,1016.92,1000,-16.92,50.36,202,2.2973,0.6565,LOCK,3,looseness
620,1111601,6201,6214,0.06630,0.32370,-0.82290,0.88676,1016.92,1000,-16.92,50.36,202,2.2934,0.5967,LOCK,3,looseness
621,1111610,6210,6223,-0.01950,0.24960,-0.81510,0.85268,1016.93,1000,-16.93,50.36,202,2.2680,0.2123,LOCK,3,looseness
622,1111618,6218,6231,-0.12090,0.09360,-0.76440,0.77954,1016.94,1000,-16.94,50.36,202,2.2838,0.4517,LOCK,3,looseness
623,1111628,6228,6241,0.07800,-0.01170,-0.81510,0.81891,1017.00,1000,-17.00,50.36,202,2.2801,0.3961,LOCK,3,looseness
624,1111638,6238,6251,-0.03510,-0.04680,-0.86970,0.87167,1017.02,1000,-17.02,50.36,202,2.2782,0.3662,LOCK,3,looseness
625,1111687,6287,6300,-0.04680,0.03120,-0.87360,0.87541,1017.03,1000,-17.03,50.36,202,2.3002,0.7007,LOCK,3,looseness
626,1111696,6296,6309,0.08580,0.11310,-0.90090,0.91202,1017.04,1000,-17.04,50.36,202,2.3066,0.7975,LOCK,3,looseness
627,1111704,6304,6317,0.08580,0.11310,-0.90090,0.91202,1017.05,1000,-17.05,50.36,202,2.2986,0.6763,LOCK,3,looseness
628,1111713,6313,6326,-0.07800,-0.11310,-0.82680,0.83814,1017.06,1000,-17.06,50.36,202,2.2907,0.5567,LOCK,3,looseness
629,1111721,6321,6334,0.13650,-0.11700,-0.52650,0.55635,1017.08,1000,-17.08,50.36,202,2.3010,0.7117,LOCK,3,looseness
630,1111730,6330,6343,0.00780,0.08580,-0.84240,0.84679,1017.11,1000,-17.11,50.36,202,2.2877,0.5109,LOCK,3,looseness
631,1111738,6338,6351,-0.05850,-0.00780,-0.81510,0.81723,1017.13,1000,-17.13,50.36,202,2.2730,0.2884,LOCK,3,looseness
632,1111747,6347,6360,-0.03120,-0.06240,-0.80340,0.80642,1017.15,1000,-17.15,50.36,202,2.2897,0.5405,LOCK,3,looseness
633,1111755,6355,6368,-0.03120,-0.06240,-0.80340,0.80642,1017.17,1000,-17.17,50.36,202,2.2836,0.4489,LOCK,3,looseness
634,1111764,6364,6377,0.03900,0.07800,-0.79950,0.80424,1017.18,1000,-17.18,50.36,202,2.2714,0.2630,LOCK,3,looseness
635,1111772,6372,6385,0.01170,-0.08190,-0.76440,0.76886,1017.20,1000,-17.20,50.36,202,2.2840,0.4544,LOCK,3,looseness
636,1111780,6380,6393,-0.02730,-0.00780,-0.70980,0.71037,1017.18,1000,-17.18,50.36,202,2.3003,0.7017,LOCK,3,looseness
637,1111804,6404,6417,-0.06630,-0.08190,-0.96720,0.97292,1017.17,1000,-17.17,50.36,202,2.3011,0.7133,LOCK,3,looseness
638,1111812,6412,6425,0.03900,-0.16380,-0.85020,0.86671,1017.17,1000,-17.17,50.36,202,2.2778,0.3601,LOCK,3,looseness
639,1111821,6421,6434,-0.01560,-0.02730,-0.79950,0.80012,1017.16,1000,-17.16,50.36,202,2.2672,0.2001,LOCK,3,looseness
640,1111829,6429,6442,0.07800,0.38610,-0.83850,0.92641,1017.15,1000,-17.15,50.36,202,2.2844,0.4611,LOCK,3,looseness
641,1111838,6438,6451,0.07800,0.38610,-0.83850,0.92641,1017.16,1000,-17.16,50.36,202,2.2781,0.3659,LOCK,3,looseness
642,1111846,6446,6459,0.00390,0.39390,-0.80340,0.89478,1017.16,1000,-17.16,50.36,202,2.2971,0.6537,LOCK,3,looseness
643,1111855,6455,6468,-0.04290,0.10920,-0.71370,0.72328,1017.17,1000,-17.17,50.36,202,2.3055,0.7807,LOCK,3,looseness
644,1111863,6463,6476,0.04290,-0.01170,-0.79950,0.80074,1017.17,1000,-17.17,50.36,202,2.3009,0.7099,LOCK,3,looseness
645,1111872,6472,6485,-0.03900,0.06240,-0.90870,0.91167,1017.18,1000,-17.18,50.36,202,2.2955,0.6284,LOCK,3,looseness
646,1111880,6480,6493,0.14040,-0.10530,-0.82680,0.84522,1017.18,1000,-17.18,50.36,202,2.2928,0.5881,LOCK,3,looseness
647,1111889,6489,6502,0.14040,-0.10530,-0.82680,0.84522,1017.18,1000,-17.18,50.36,202,2.2910,0.5612,LOCK,3,looseness
648,1111898,6498,6511,-0.00780,0.04290,-0.78390,0.78511,1017.19,1000,-17.19,50.36,202,2.2683,0.2172,LOCK,3,looseness
649,1111906,6506,6519,-0.02340,-0.15210,-0.59670,0.61622,1017.19,1000,-17.19,50.36,202,2.2812,0.4114,LOCK,3,looseness
650,1111925,6525,6538,0.00000,0.11700,-0.89310,0.90073,1017.20,1000,-17.20,50.36,202,2.2778,0.3604,LOCK,3,looseness
651,1111933,6533,6546,0.04290,0.04680,-0.92040,0.92259,1017.20,1000,-17.20,50.36,202,2.2902,0.5490,LOCK,3,looseness
652,1111944,6544,6557,-0.07410,0.01950,-0.83070,0.83423,1017.21,1000,-17.21,50.36,202,2.2853,0.4736,LOCK,3,looseness
653,1111953,6553,6566,0.13260,-0.08580,-0.58110,0.60218,1017.21,1000,-17.21,50.36,202,2.2926,0.5841,LOCK,3,looseness
654,1111961,6561,6574,0.13260,-0.08580,-0.58110,0.60218,1017.22,1000,-17.22,50.36,202,2.2756,0.3271,LOCK,3,looseness
655,1111970,6570,6583,0.02340,0.15990,-0.88920,0.90377,1017.23,1000,-17.23,50.36,202,2.2990,0.6821,LOCK,3,looseness
656,1111978,6578,6591,-0.11700,0.09750,-0.80340,0.81771,1017.24,1000,-17.24,50.36,202,2.2589,0.0744,LOCK,3,looseness
657,1111987,6587,6600,-0.01170,-0.12480,-0.84630,0.85553,1017.25,1000,-17.25,50.36,202,2.2948,0.6180,LOCK,3,looseness
658,1111998,6598,6611,0.03510,0.05850,-0.76830,0.77132,1017.25,1000,-17.25,50.36,202,2.3106,0.8579,LOCK,3,looseness
659,1112011,6611,6624,0.02730,0.05850,-0.83070,0.83320,1017.26,1000,-17.26,50.36,202,2.2985,0.6736,LOCK,3,looseness
660,1112020,6620,6633,0.03120,0.12480,-0.64740,0.66006,1017.26,1000,-17.26,50.36,202,2.2874,0.5063,LOCK,3,looseness
661,1112028,6628,6641,0.04680,-0.04290,-0.74880,0.75149,1017.27,1000,-17.27,50.36,202,2.2954,0.6278,LOCK,3,looseness
662,1112037,6637,6650,0.05460,-0.10920,-0.81120,0.82034,1017.27,1000,-17.27,50.36,202,2.2754,0.3250,LOCK,3,looseness
663,1112045,6645,6658,0.08970,-0.07800,-0.81900,0.82758,1017.27,1000,-17.27,50.36,202,2.2846,0.4642,LOCK,3,looseness
664,1112054,6654,6667,-0.04680,-0.10530,-0.80340,0.81162,1017.28,1000,-17.28,50.36,202,2.2900,0.5448,LOCK,3,looseness
665,1112062,6662,6675,-0.04680,-0.10530,-0.80340,0.81162,1017.28,1000,-17.28,50.36,202,2.2773,0.3531,LOCK,3,looseness
666,1112071,6671,6684,0.06240,0.33150,-0.78390,0.85340,1017.28,1000,-17.28,50.36,202,2.2870,0.4993,LOCK,3,looseness
667,1112079,6679,6692,0.03510,0.29250,-0.81120,0.86304,1017.29,1000,-17.29,50.36,202,2.2761,0.3354,LOCK,3,looseness
668,1112088,6688,6701,-0.13650,0.07020,-0.67470,0.69194,1017.30,1000,-17.30,50.36,202,2.2997,0.6925,LOCK,3,looseness
669,1112099,6699,6712,-0.04290,-0.04680,-0.81900,0.82146,1017.32,1000,-17.32,50.36,202,2.2812,0.4123,LOCK,3,looseness
670,1112108,6708,6721,-0.04290,0.11700,-0.86970,0.87858,1017.33,1000,-17.33,50.36,202,2.2885,0.5225,LOCK,3,looseness
671,1112116,6716,6729,0.10920,-0.13260,-0.81510,0.83300,1017.33,1000,-17.33,50.36,202,2.2646,0.1611,LOCK,3,looseness
672,1112125,6725,6738,0.10920,-0.13260,-0.81510,0.83300,1017.34,1000,-17.34,50.36,202,2.2712,0.2612,LOCK,3,looseness
673,1112133,6733,6746,0.05070,0.09750,-0.77610,0.78384,1017.33,1000,-17.33,50.36,202,2.2709,0.2566,LOCK,3,looseness
674,1112142,6742,6755,-0.03120,-0.19110,-0.65130,0.67947,1017.33,1000,-17.33,50.36,202,2.2738,0.3003,LOCK,3,looseness
675,1112150,6750,6763,-0.04290,0.01950,-0.77220,0.77364,1017.32,1000,-17.32,50.36,202,2.2990,0.6824,LOCK,3,looseness
676,1112159,6759,6772,-0.00780,0.01950,-0.90870,0.90894,1017.31,1000,-17.31,50.36,202,2.2929,0.5896,LOCK,3,looseness
677,1112168,6768,6781,0.00000,0.04290,-0.92430,0.92529,1017.29,1000,-17.29,50.36,202,2.3030,0.7420,LOCK,3,looseness
678,1112178,6778,6791,-0.03900,0.03510,-0.80730,0.80900,1017.27,1000,-17.27,50.36,202,2.3051,0.7740,LOCK,3,looseness
679,1112188,6788,6801,0.07800,-0.07800,-0.63180,0.64136,1017.26,1000,-17.26,50.36,202,2.3024,0.7337,LOCK,3,looseness
680,1112198,6798,6811,0.10140,0.15600,-0.86970,0.88938,1017.52,1000,-17.52,50.36,202,2.2892,0.5341,LOCK,3,looseness
681,1112211,6811,6824,-0.08190,0.11310,-0.86970,0.88084,1017.53,1000,-17.53,50.36,202,2.2886,0.5246,LOCK,3,looseness
682,1112219,6819,6832,-0.07800,-0.17550,-0.87360,0.89446,1017.55,1000,-17.55,50.36,202,2.2848,0.4666,LOCK,3,looseness
683,1112228,6828,6841,0.08970,0.09360,-0.83850,0.84846,1017.56,1000,-17.56,50.36,202,2.2706,0.2520,LOCK,3,looseness
684,1112238,6838,6851,0.08970,0.09360,-0.83850,0.84846,1017.62,1000,-17.62,50.36,202,2.3009,0.7108,LOCK,3,looseness
685,1112248,6848,6861,-0.01560,0.21840,-0.86190,0.88928,1017.65,1000,-17.65,50.36,202,2.2761,0.3348,LOCK,3,looseness
686,1112258,6858,6871,-0.03120,0.26130,-0.61230,0.66646,1017.63,1000,-17.63,50.36,202,2.2815,0.4162,LOCK,3,looseness
687,1112303,6903,6916,-0.00390,0.26910,-0.79560,0.83989,1017.63,1000,-17.63,50.36,202,2.2940,0.6061,LOCK,3,looseness
688,1112311,6911,6924,-0.00780,0.12870,-0.77220,0.78289,1017.64,1000,-17.64,50.36,202,2.3088,0.8305,LOCK,3,looseness
689,1112320,6920,6933,-0.00780,0.12870,-0.77220,0.78289,1017.65,1000,-17.65,50.36,202,2.3058,0.7853,LOCK,3,looseness
690,1112328,6928,6941,-0.02730,0.09750,-0.74490,0.75175,1017.66,1000,-17.66,50.36,202,2.2882,0.5182,LOCK,3,looseness
691,1112337,6937,6950,-0.03900,-0.02730,-0.79170,0.79313,1017.67,1000,-17.67,50.36,202,2.2927,0.5866,LOCK,3,looseness
692,1112345,6945,6958,-0.06240,0.02730,-0.86190,0.86459,1017.67,1000,-17.67,50.36,202,2.3080,0.8186,LOCK,3,looseness
693,1112354,6954,6967,0.14040,-0.17940,-0.81120,0.84258,1017.68,1000,-17.68,50.36,202,2.2912,0.5637,LOCK,3,looseness
694,1112362,6962,6975,0.03900,0.12090,-0.81120,0.82109,1017.69,1000,-17.69,50.36,202,2.2872,0.5026,LOCK,3,looseness
695,1112371,6971,6984,0.03900,0.12090,-0.81120,0.82109,1017.69,1000,-17.69,50.36,202,2.2658,0.1788,LOCK,3,looseness
696,1112379,6979,6992,0.02340,-0.14430,-0.76440,0.77825,1017.69,1000,-17.69,50.36,202,2.2735,0.2957,LOCK,3,looseness
697,1112388,6988,7001,-0.19110,0.01560,-0.90480,0.92489,1017.70,1000,-17.70,50.36,202,2.2618,0.1189,LOCK,3,looseness
698,1112396,6996,7009,0.07800,0.08580,-0.88920,0.89673,1017.70,1000,-17.70,50.36,202,2.2821,0.4251,LOCK,3,looseness
699,1112405,7005,7018,-0.05070,0.03510,-0.92430,0.92635,1017.70,1000,-17.70,50.36,202,2.2863,0.4889,LOCK,3,looseness
700,1112419,7019,7032,-0.01560,-0.02730,-0.85020,0.85078,1017.70,1000,-17.70,50.36,202,2.2931,0.5918,LOCK,3,looseness
701,1112427,7027,7040,0.09360,0.03510,-0.63570,0.64351,1017.71,1000,-17.71,50.36,202,2.2602,0.0939,LOCK,3,looseness
702,1112436,7036,7049,0.06630,0.17940,-0.80340,0.82585,1017.72,1000,-17.72,50.36,202,2.2570,0.0451,LOCK,3,looseness
703,1112444,7044,7057,-0.14430,0.06240,-0.80730,0.82247,1017.73,1000,-17.73,50.36,202,2.2675,0.2050,LOCK,3,looseness
704,1112453,7053,7066,-0.14430,0.06240,-0.80730,0.82247,1017.74,1000,-17.74,50.36,202,2.3018,0.7242,LOCK,3,looseness
705,1112461,7061,7074,-0.05460,-0.02730,-0.83070,0.83294,1017.75,1000,-17.75,50.36,202,2.2871,0.5014,LOCK,3,looseness
706,1112470,7070,7083,0.13650,0.16770,-0.77220,0.80190,1017.75,1000,-17.75,50.36,202,2.3019,0.7261,LOCK,3,looseness
707,1112478,7078,7091,0.06630,0.15600,-0.89700,0.91287,1017.76,1000,-17.76,50.36,202,2.3033,0.7471,LOCK,3,looseness
708,1112487,7087,7100,0.06240,0.17160,-0.53820,0.56833,1017.76,1000,-17.76,50.36,202,2.3036,0.7517,LOCK,3,looseness
709,1112495,7095,7108,-0.09360,0.07410,-0.65520,0.66599,1017.76,1000,-17.76,50.36,202,2.2945,0.6144,LOCK,3,looseness
710,1112504,7104,7117,-0.09360,0.07410,-0.65520,0.66599,1017.76,1000,-17.76,50.36,202,2.2866,0.4938,LOCK,3,looseness
711,1112512,7112,7125,0.00390,-0.02730,-0.81120,0.81167,1017.76,1000,-17.76,50.36,202,2.2824,0.4309,LOCK,3,looseness
712,1112521,7121,7134,0.12090,-0.02730,-0.83460,0.84375,1017.76,1000,-17.76,50.36,202,2.2720,0.2731,LOCK,3,looseness
713,1112529,7129,7142,-0.01950,-0.03900,-0.86580,0.86690,1017.76,1000,-17.76,50.36,202,2.2763,0.3375,LOCK,3,looseness
714,1112564,7164,7177,0.03510,0.09360,-0.78000,0.78638,1017.78,1000,-17.78,50.36,202,2.2950,0.6205,LOCK,3,looseness
715,1112573,7173,7186,-0.09750,-0.19890,-0.85020,0.87858,1017.79,1000,-17.79,50.36,202,2.2816,0.4178,LOCK,3,looseness
716,1112581,7181,7194,0.01170,0.06630,-0.86970,0.87230,1017.79,1000,-17.79,50.36,202,2.2826,0.4336,LOCK,3,looseness
717,1112590,7190,7203,0.14040,-0.20280,-0.79950,0.83668,1017.80,1000,-17.80,50.36,202,2.2784,0.3702,LOCK,3,looseness
718,1112598,7198,7211,0.06240,0.11310,-0.72930,0.74065,1017.81,1000,-17.81,50.36,202,2.2925,0.5832,LOCK,3,looseness
719,1112610,7210,7223,0.00000,-0.02340,-0.79560,0.79594,1017.81,1000,-17.81,50.36,202,2.3017,0.7230,LOCK,3,looseness
720,1112623,7223,7236,-0.17550,0.06240,-0.97110,0.98880,1017.81,1000,-17.81,50.36,202,2.3098,0.8451,LOCK,3,looseness
721,1112631,7231,7244,0.10920,0.09360,-0.88530,0.89691,1017.80,1000,-17.80,50.36,202,2.2997,0.6931,LOCK,3,looseness
722,1112640,7240,7253,-0.06240,-0.01170,-0.88140,0.88368,1017.80,1000,-17.80,50.36,202,2.3023,0.7325,LOCK,3,looseness
723,1112649,7249,7262,-0.06240,-0.01170,-0.88140,0.88368,1017.80,1000,-17.80,50.36,202,2.2957,0.6311,LOCK,3,looseness
724,1112657,7257,7270,0.01560,0.01560,-0.80340,0.80370,1017.80,1000,-17.80,50.36,202,2.3112,0.8671,LOCK,3,looseness
725,1112666,7266,7279,0.01560,0.02340,-0.65130,0.65191,1017.80,1000,-17.80,50.36,202,2.2898,0.5423,LOCK,3,looseness
726,1112674,7274,7287,0.01950,0.21840,-0.81120,0.84031,1017.80,1000,-17.80,50.36,202,2.2754,0.3247,LOCK,3,looseness
727,1112683,7283,7296,-0.01950,0.05460,-0.86970,0.87163,1017.80,1000,-17.80,50.36,202,2.2710,0.2572,LOCK,3,looseness
728,1112691,7291,7304,-0.05460,0.03510,-0.80340,0.80602,1017.80,1000,-17.80,50.36,202,2.2726,0.2825,LOCK,3,looseness
729,1112699,7299,7312,-0.05460,0.03510,-0.80340,0.80602,1017.80,1000,-17.80,50.36,202,2.2874,0.5066,LOCK,3,looseness
730,1112722,7322,7335,0.14040,0.04290,-0.53040,0.55034,1017.79,1000,-17.79,50.36,202,2.2918,0.5725,LOCK,3,looseness
731,1112731,7331,7344,-0.14820,0.04680,-0.74490,0.76094,1017.78,1000,-17.78,50.36,202,2.2688,0.2242,LOCK,3,looseness
732,1112739,7339,7352,-0.14820,0.04680,-0.74490,0.76094,1017.77,1000,-17.77,50.36,202,2.2838,0.4511,LOCK,3,looseness
733,1112748,7348,7361,-0.01950,-0.07800,-0.82680,0.83070,1017.76,1000,-17.76,50.36,202,2.2799,0.3918,LOCK,3,looseness
734,1112760,7360,7373,0.17160,-0.03120,-0.83850,0.85645,1017.76,1000,-17.76,50.36,202,2.3009,0.7105,LOCK,3,looseness
735,1112768,7368,7381,0.02340,0.00390,-0.80340,0.80375,1017.75,1000,-17.75,50.36,202,2.2977,0.6614,LOCK,3,looseness
736,1112777,7377,7390,-0.02730,0.15600,-0.76050,0.77681,1017.74,1000,-17.74,50.36,202,2.3047,0.7679,LOCK,3,looseness
737,1112785,7385,7398,-0.03510,0.15600,-0.81120,0.82681,1017.72,1000,-17.72,50.36,202,2.2943,0.6113,LOCK,3,looseness
738,1112794,7394,7407,0.09750,0.08970,-0.76050,0.77195,1017.71,1000,-17.71,50.36,202,2.3092,0.8363,LOCK,3,looseness
739,1112802,7402,7415,0.09750,0.08970,-0.76050,0.77195,1017.69,1000,-17.69,50.36,202,2.3007,0.7081,LOCK,3,looseness
740,1112811,7411,7424,-0.12870,-0.20280,-0.85020,0.88348,1017.68,1000,-17.68,50.36,202,2.3004,0.7035,LOCK,3,looseness
741,1112824,7424,7437,0.07410,-0.13650,-0.81120,0.82593,1017.66,1000,-17.66,50.36,202,2.3093,0.8375,LOCK,3,looseness
742,1112833,7433,7446,0.07410,-0.13650,-0.81120,0.82593,1017.65,1000,-17.65,50.36,202,2.3053,0.7768,LOCK,3,looseness
743,1112841,7441,7454,0.04680,0.28470,-0.70590,0.76259,1017.64,1000,-17.64,50.36,202,2.3036,0.7520,LOCK,3,looseness
744,1112850,7450,7463,0.04290,-0.00780,-0.81900,0.82016,1017.63,1000,-17.63,50.36,202,2.3043,0.7621,LOCK,3,looseness
745,1112858,7458,7471,-0.16380,0.07410,-0.84240,0.86137,1017.62,1000,-17.62,50.36,202,2.3125,0.8869,LOCK,3,looseness
746,1112867,7467,7480,0.09360,0.09360,-0.79560,0.80654,1017.61,1000,-17.61,50.36,202,2.3123,0.8833,LOCK,3,looseness
747,1112875,7475,7488,-0.09360,-0.02730,-0.91650,0.92167,1017.60,1000,-17.60,50.36,202,2.3082,0.8213,LOCK,3,looseness
748,1112884,7484,7497,-0.09360,-0.02730,-0.91650,0.92167,1017.59,1000,-17.59,50.36,202,2.2982,0.6702,LOCK,3,looseness
749,1112892,7492,7505,-0.00780,-0.01560,-0.79170,0.79189,1017.59,1000,-17.59,50.36,202,2.2776,0.3570,LOCK,3,looseness
750,1112901,7501,7514,0.07410,0.01170,-0.72540,0.72927,1017.53,1000,-17.53,50.36,202,2.2819,0.4221,LOCK,3,looseness
751,1112909,7509,7522,0.02340,0.17550,-0.74880,0.76945,1017.48,1000,-17.48,50.36,202,2.3030,0.7426,LOCK,3,looseness
752,1112918,7518,7531,-0.00780,0.07800,-0.77610,0.78005,1017.44,1000,-17.44,50.36,202,2.3124,0.8845,LOCK,3,looseness
753,1112928,7528,7541,-0.03510,0.04680,-0.84240,0.84443,1017.20,1000,-17.20,50.36,202,2.3180,0.9694,LOCK,3,looseness
754,1112938,7538,7551,0.16770,0.06240,-0.76050,0.78127,1017.10,1000,-17.10,50.36,202,2.3159,0.9385,LOCK,3,looseness
755,1112948,7548,7561,0.02340,0.00000,-0.93600,0.93629,1017.07,1000,-17.07,50.36,202,2.3122,0.8815,LOCK,3,looseness
756,1112958,7558,7571,0.07800,0.01170,-0.64740,0.65219,1017.12,1000,-17.12,50.36,202,2.3118,0.8763,LOCK,3,looseness
757,1112968,7568,7581,-0.03900,-0.04680,-0.82290,0.82515,1017.15,1000,-17.15,50.36,202,2.3027,0.7377,LOCK,3,looseness
758,1112978,7578,7591,-0.04290,-0.10140,-0.90090,0.90760,1017.15,1000,-17.15,50.36,202,2.3075,0.8109,LOCK,3,looseness
759,1112988,7588,7601,0.12090,-0.03510,-0.79950,0.80935,1017.15,1000,-17.15,50.36,202,2.3105,0.8567,LOCK,3,looseness
760,1112998,7598,7611,-0.01950,-0.01170,-0.82680,0.82711,1017.15,1000,-17.15,50.36,202,2.2818,0.4208,LOCK,3,looseness
761,1113008,7608,7621,-0.01950,-0.01170,-0.82680,0.82711,1017.15,1000,-17.15,50.36,202,2.2916,0.5695,LOCK,3,looseness
762,1113018,7618,7631,0.03120,0.08580,-0.70200,0.70791,1017.12,1000,-17.12,50.36,202,2.3103,0.8531,LOCK,3,looseness
763,1113031,7631,7644,0.02730,0.04680,-0.81120,0.81301,1017.12,1000,-17.12,50.36,202,2.3198,0.9971,LOCK,3,looseness
764,1113039,7639,7652,-0.11310,-0.21840,-0.79950,0.83648,1017.11,1000,-17.11,50.36,202,2.3107,0.8598,LOCK,3,looseness
765,1113048,7648,7661,-0.11310,-0.21840,-0.79950,0.83648,1017.11,1000,-17.11,50.36,202,2.2880,0.5155,LOCK,3,looseness
766,1113058,7658,7671,0.16380,0.06630,-0.82680,0.84547,1017.10,1000,-17.10,50.36,202,2.2946,0.6156,LOCK,3,looseness
767,1113068,7668,7681,0.09360,-0.01560,-0.81900,0.82448,1017.10,1000,-17.10,50.36,202,2.2819,0.4233,LOCK,3,looseness
768,1113078,7678,7691,0.01170,0.22620,-0.63960,0.67852,1017.12,1000,-17.12,50.36,202,2.2811,0.4101,LOCK,3,looseness
769,1113122,7722,7735,-0.05460,-0.02730,-0.79950,0.80183,1017.12,1000,-17.12,50.36,202,2.3128,0.8915,LOCK,3,looseness
770,1113130,7730,7743,-0.05460,-0.02730,-0.79950,0.80183,1017.12,1000,-17.12,50.36,202,2.3060,0.7874,LOCK,3,looseness
771,1113139,7739,7752,0.06630,0.06240,-0.75270,0.75819,1017.12,1000,-17.12,50.36,202,2.3097,0.8439,LOCK,3,looseness
772,1113147,7747,7760,0.02340,0.19890,-0.83070,0.85450,1017.11,1000,-17.11,50.36,202,2.2705,0.2496,LOCK,3,looseness
773,1113155,7755,7768,0.05070,0.04680,-0.85020,0.85300,1017.11,1000,-17.11,50.36,202,2.2975,0.6592,LOCK,3,looseness
774,1113164,7764,7777,-0.15990,-0.03120,-0.79950,0.81593,1017.10,1000,-17.10,50.36,202,2.2766,0.3424,LOCK,3,looseness
775,1113172,7772,7785,0.18330,-0.01170,-0.73710,0.75964,1017.10,1000,-17.10,50.36,202,2.2898,0.5426,LOCK,3,looseness
776,1113237,7837,7850,-0.01950,0.01950,-0.81120,0.81167,1017.10,1000,-17.10,50.36,202,2.3093,0.8381,LOCK,3,looseness
777,1113245,7845,7858,-0.07410,0.10140,-0.79560,0.80545,1017.10,1000,-17.10,50.36,202,2.2950,0.6211,LOCK,3,looseness
778,1113254,7854,7867,-0.07410,0.10140,-0.79560,0.80545,1017.10,1000,-17.10,50.36,202,2.2994,0.6876,LOCK,3,looseness
779,1113263,7863,7876,0.01560,0.13650,-0.67470,0.68855,1017.09,1000,-17.09,50.36,202,2.3097,0.8436,LOCK,3,looseness
780,1113271,7871,7884,0.03120,0.00000,-0.77610,0.77673,1017.09,1000,-17.09,50.36,202,2.3056,0.7813,LOCK,3,looseness
781,1113319,7919,7932,-0.00780,-0.18720,-0.69030,0.71528,1017.09,1000,-17.09,50.36,202,2.3185,0.9773,LOCK,3,looseness
782,1113328,7928,7941,-0.09750,0.13650,-0.79170,0.80928,1017.10,1000,-17.10,50.36,202,2.3086,0.8268,LOCK,3,looseness
783,1113336,7936,7949,-0.09750,0.13650,-0.79170,0.80928,1017.10,1000,-17.10,50.36,202,2.3044,0.7639,LOCK,3,looseness
784,1113345,7945,7958,0.09360,0.03510,-0.87360,0.87930,1017.10,1000,-17.10,50.36,202,2.3069,0.8009,LOCK,3,looseness
785,1113353,7953,7966,-0.07800,0.10140,-0.86190,0.87134,1017.10,1000,-17.10,50.36,202,2.2852,0.4724,LOCK,3,looseness
786,1113362,7962,7975,-0.01170,-0.07800,-0.74100,0.74519,1017.11,1000,-17.11,50.36,202,2.3096,0.8427,LOCK,3,looseness
787,1113370,7970,7983,0.02340,0.02340,-0.76440,0.76512,1017.10,1000,-17.10,50.36,202,2.3109,0.8628,LOCK,3,looseness
788,1113421,8021,8034,0.00780,0.27690,-0.87750,0.92019,1017.09,1000,-17.09,50.36,202,2.3119,0.8769,LOCK,3,looseness
789,1113430,8030,8043,0.12870,0.19110,-0.76440,0.79837,1017.09,1000,-17.09,50.36,202,2.3030,0.7420,LOCK,3,looseness
790,1113443,8043,8056,-0.05070,0.01170,-0.71370,0.71559,1017.10,1000,-17.10,50.36,202,2.2962,0.6394,LOCK,3,looseness
791,1113452,8052,8065,0.02730,-0.04290,-0.85020,0.85172,1017.10,1000,-17.10,50.36,202,2.2880,0.5155,LOCK,3,looseness
792,1113460,8060,8073,-0.09360,-0.12870,-0.85020,0.86497,1017.10,1000,-17.10,50.36,202,2.2818,0.4211,LOCK,3,looseness
793,1113469,8069,8082,-0.09360,-0.12870,-0.85020,0.86497,1017.11,1000,-17.11,50.36,202,2.3158,0.9370,LOCK,3,looseness
794,1113477,8077,8090,0.00780,-0.03900,-0.83460,0.83555,1017.11,1000,-17.11,50.36,202,2.3237,1.0558,LOCK,3,looseness
795,1113524,8124,8137,0.09360,-0.03510,-0.86580,0.87155,1017.12,1000,-17.12,50.36,202,2.3083,0.8232,LOCK,3,looseness
796,1113532,8132,8145,-0.06240,-0.12870,-0.89310,0.90448,1017.14,1000,-17.14,50.36,202,2.3041,0.7584,LOCK,3,looseness
797,1113541,8141,8154,-0.06240,-0.12870,-0.89310,0.90448,1017.15,1000,-17.15,50.36,202,2.3113,0.8677,LOCK,3,looseness
798,1113549,8149,8162,0.05460,-0.08970,-0.53040,0.54070,1017.20,1000,-17.20,50.36,202,2.3057,0.7832,LOCK,3,looseness
799,1113558,8158,8171,0.01950,-0.10920,-0.70590,0.71456,1017.24,1000,-17.24,50.36,202,2.2729,0.2865,LOCK,3,looseness
800,1113566,8166,8179,0.00000,0.15600,-0.84630,0.86056,1017.28,1000,-17.28,50.36,202,2.3086,0.8271,LOCK,3,looseness
801,1113575,8175,8188,0.04290,0.02340,-0.85020,0.85160,1017.31,1000,-17.31,50.36,202,2.3035,0.7499,LOCK,3,looseness
802,1113626,8226,8239,-0.03120,-0.13650,-0.91650,0.92713,1017.36,1000,-17.36,50.36,202,2.2993,0.6864,LOCK,3,looseness
803,1113635,8235,8248,-0.10140,-0.13650,-0.89700,0.91297,1017.41,1000,-17.41,50.36,202,2.3014,0.7181,LOCK,3,looseness
804,1113648,8248,8261,0.07020,0.11310,-0.76440,0.77590,1017.45,1000,-17.45,50.36,202,2.3091,0.8344,LOCK,3,looseness
805,1113657,8257,8270,0.10140,0.39780,-0.85410,0.94764,1017.49,1000,-17.49,50.36,202,2.3176,0.9636,LOCK,3,looseness
806,1113665,8265,8278,0.14430,0.30810,-0.80340,0.87247,1017.52,1000,-17.52,50.36,202,2.2905,0.5530,LOCK,3,looseness
807,1113674,8274,8287,0.14430,0.30810,-0.80340,0.87247,1017.55,1000,-17.55,50.36,202,2.3067,0.7990,LOCK,3,looseness
808,1113682,8282,8295,-0.09360,0.08970,-0.65910,0.67173,1017.57,1000,-17.57,50.36,202,2.3104,0.8540,LOCK,3,looseness
809,1113729,8329,8342,0.05460,-0.01950,-0.54990,0.55295,1017.59,1000,-17.59,50.36,202,2.3031,0.7438,LOCK,3,looseness
810,1113737,8337,8350,0.01170,0.05850,-0.70200,0.70453,1017.61,1000,-17.61,50.36,202,2.3038,0.7539,LOCK,3,looseness
811,1113746,8346,8359,0.01170,0.05850,-0.70200,0.70453,1017.62,1000,-17.62,50.36,202,2.3067,0.7984,LOCK,3,looseness
812,1113754,8354,8367,-0.16770,0.05070,-0.84240,0.86043,1017.64,1000,-17.64,50.36,202,2.3142,0.9117,LOCK,3,looseness
813,1113763,8363,8376,0.09360,-0.02340,-0.86970,0.87504,1017.65,1000,-17.65,50.36,202,2.2878,0.5127,LOCK,3,looseness
814,1113771,8371,8384,-0.04290,-0.03510,-0.89310,0.89482,1017.66,1000,-17.66,50.36,202,2.3090,0.8332,LOCK,3,looseness
815,1113780,8380,8393,0.12480,-0.05070,-0.58500,0.60031,1017.67,1000,-17.67,50.36,202,2.2936,0.5997,LOCK,3,looseness
816,1113788,8388,8401,0.05460,-0.08970,-0.79560,0.80250,1017.69,1000,-17.69,50.36,202,2.2970,0.6519,LOCK,3,looseness
817,1113797,8397,8410,0.05460,-0.08970,-0.79560,0.80250,1017.70,1000,-17.70,50.36,202,2.3154,0.9297,LOCK,3,looseness
818,1113805,8405,8418,-0.10140,0.13650,-0.74880,0.76786,1017.71,1000,-17.71,50.36,202,2.2764,0.3399,LOCK,3,looseness
819,1113814,8414,8427,0.02730,-0.00780,-0.78780,0.78831,1017.73,1000,-17.73,50.36,202,2.2880,0.5152,LOCK,3,looseness
820,1113830,8430,8443,0.00000,0.01170,-0.79560,0.79569,1017.74,1000,-17.74,50.36,202,2.3077,0.8140,LOCK,3,looseness
821,1113840,8440,8453,0.02340,0.13260,-0.58890,0.60410,1017.75,1000,-17.75,50.36,202,2.3106,0.8576,LOCK,3,looseness
822,1113853,8453,8466,0.07410,0.02730,-0.84630,0.84998,1017.76,1000,-17.76,50.36,202,2.2927,0.5863,LOCK,3,looseness
823,1113862,8462,8475,0.11310,-0.19500,-0.78000,0.81192,1017.76,1000,-17.76,50.36,202,2.3066,0.7966,LOCK,3,looseness
824,1113870,8470,8483,-0.02340,-0.11310,-0.83460,0.84255,1017.77,1000,-17.77,50.36,202,2.2984,0.6724,LOCK,3,looseness
825,1113879,8479,8492,-0.02340,-0.11310,-0.83460,0.84255,1017.78,1000,-17.78,50.36,202,2.3016,0.7215,LOCK,3,looseness
826,1113887,8487,8500,0.05850,0.00780,-0.80340,0.80556,1017.79,1000,-17.79,50.36,202,2.3104,0.8546,LOCK,3,looseness
827,1113896,8496,8509,0.05460,0.37440,-0.84240,0.92347,1017.79,1000,-17.79,50.36,202,2.3024,0.7328,LOCK,3,looseness
828,1113904,8504,8517,0.10530,0.29250,-0.79560,0.85418,1017.82,1000,-17.82,50.36,202,2.2824,0.4297,LOCK,3,looseness
829,1113913,8513,8526,-0.16380,0.13650,-0.68250,0.71503,1017.84,1000,-17.84,50.36,202,2.2887,0.5264,LOCK,3,looseness
830,1113921,8521,8534,-0.16380,0.13650,-0.68250,0.71503,1017.86,1000,-17.86,50.36,202,2.3029,0.7413,LOCK,3,looseness
831,1113941,8541,8554,0.05850,0.08580,-0.83070,0.83717,1017.87,1000,-17.87,50.36,202,2.3041,0.7593,LOCK,3,looseness
832,1113950,8550,8563,0.02340,-0.07020,-0.85410,0.85730,1017.89,1000,-17.89,50.36,202,2.3068,0.7999,LOCK,3,looseness
833,1113958,8558,8571,0.02730,0.07410,-0.83850,0.84221,1017.90,1000,-17.90,50.36,202,2.3087,0.8283,LOCK,3,looseness
834,1113967,8567,8580,-0.00390,-0.08970,-0.64350,0.64973,1017.91,1000,-17.91,50.36,202,2.2967,0.6464,LOCK,3,looseness
835,1113975,8575,8588,0.08190,0.06630,-0.70200,0.70986,1017.92,1000,-17.92,50.36,202,2.2993,0.6861,LOCK,3,looseness
836,1113984,8584,8597,-0.10140,-0.03510,-0.86970,0.87629,1017.93,1000,-17.93,50.36,202,2.3070,0.8024,LOCK,3,looseness
837,1114036,8636,8649,-0.09360,0.15990,-0.88530,0.90448,1017.95,1000,-17.95,50.36,202,2.3137,0.9040,LOCK,3,looseness
838,1114044,8644,8657,-0.09360,0.15990,-0.88530,0.90448,1017.96,1000,-17.96,50.36,202,2.2937,0.6012,LOCK,3,looseness
839,1114058,8658,8671,-0.20280,0.08970,-0.87360,0.90131,1017.98,1000,-17.98,50.36,202,2.3133,0.8982,LOCK,3,looseness
840,1114066,8666,8679,0.02730,0.05850,-0.78000,0.78267,1017.99,1000,-17.99,50.36,202,2.3064,0.7932,LOCK,3,looseness
841,1114075,8675,8688,0.02730,0.05850,-0.78000,0.78267,1018.00,1000,-18.00,50.36,202,2.3002,0.7007,LOCK,3,looseness
842,1114083,8683,8696,-0.03900,0.06240,-0.54210,0.54707,1018.02,1000,-18.02,50.36,202,2.3062,0.7905,LOCK,3,looseness
843,1114092,8692,8705,-0.01560,0.01950,-0.80340,0.80379,1018.03,1000,-18.03,50.36,202,2.2962,0.6391,LOCK,3,looseness
844,1114100,8700,8713,0.11310,-0.13650,-0.80340,0.82272,1018.05,1000,-18.05,50.36,202,2.3073,0.8073,LOCK,3,looseness
845,1114109,8709,8722,0.03900,-0.11700,-0.82290,0.83209,1018.06,1000,-18.06,50.36,202,2.2813,0.4141,LOCK,3,looseness
846,1114117,8717,8730,-0.03510,-0.03510,-0.74490,0.74655,1018.07,1000,-18.07,50.36,202,2.2747,0.3134,LOCK,3,looseness
847,1114126,8726,8739,-0.03510,-0.03510,-0.74490,0.74655,1018.08,1000,-18.08,50.36,202,2.2997,0.6931,LOCK,3,looseness
848,1114145,8745,8758,0.20280,0.25740,-0.81900,0.88212,1018.10,1000,-18.10,50.36,202,2.3082,0.8219,LOCK,3,looseness
849,1114153,8753,8766,-0.08190,0.09360,-0.69420,0.70525,1018.11,1000,-18.11,50.36,202,2.3062,0.7905,LOCK,3,looseness
850,1114162,8762,8775,0.10530,-0.16380,-0.79950,0.82287,1018.13,1000,-18.13,50.36,202,2.3002,0.6998,LOCK,3,looseness
851,1114170,8770,8783,-0.00780,-0.05460,-0.78390,0.78584,1018.14,1000,-18.14,50.36,202,2.3142,0.9114,LOCK,3,looseness
852,1114179,8779,8792,0.06630,-0.08580,-0.81900,0.82615,1018.16,1000,-18.16,50.36,202,2.3031,0.7441,LOCK,3,looseness
853,1114187,8787,8800,0.06630,-0.08580,-0.81900,0.82615,1018.17,1000,-18.17,50.36,202,2.3117,0.8738,LOCK,3,looseness
854,1114196,8796,8809,0.03120,0.19500,-0.86970,0.89184,1018.17,1000,-18.17,50.36,202,2.3095,0.8406,LOCK,3,looseness
855,1114204,8804,8817,0.00000,0.01560,-0.76050,0.76066,1018.17,1000,-18.17,50.36,202,2.3054,0.7792,LOCK,3,looseness
856,1114213,8813,8826,0.07800,0.15210,-0.80730,0.82520,1018.17,1000,-18.17,50.36,202,2.2771,0.3500,LOCK,3,looseness
857,1114221,8821,8834,-0.13650,-0.01170,-0.88530,0.89584,1018.17,1000,-18.17,50.36,202,2.3067,0.7990,LOCK,3,looseness
858,1114230,8830,8843,0.10530,0.05460,-0.86190,0.87002,1018.18,1000,-18.18,50.36,202,2.2844,0.4599,LOCK,3,looseness
859,1114238,8838,8851,0.10530,0.05460,-0.86190,0.87002,1018.18,1000,-18.18,50.36,202,2.3006,0.7065,LOCK,3,looseness
860,1114249,8849,8862,-0.03510,0.07020,-0.89310,0.89654,1018.18,1000,-18.18,50.36,202,2.3113,0.8677,LOCK,3,looseness
861,1114263,8863,8876,0.14040,-0.05070,-0.71760,0.73296,1018.16,1000,-18.16,50.36,202,2.3055,0.7801,LOCK,3,looseness
862,1114271,8871,8884,-0.06630,0.12870,-0.90090,0.91246,1018.15,1000,-18.15,50.36,202,2.3184,0.9761,LOCK,3,looseness
863,1114280,8880,8893,-0.06630,0.12870,-0.90090,0.91246,1018.14,1000,-18.14,50.36,202,2.2986,0.6751,LOCK,3,looseness
864,1114288,8888,8901,0.02730,0.03510,-0.85020,0.85136,1018.13,1000,-18.13,50.36,202,2.3090,0.8329,LOCK,3,looseness
865,1114297,8897,8910,-0.10530,0.06240,-0.84630,0.85511,1018.12,1000,-18.12,50.36,202,2.3038,0.7545,LOCK,3,looseness
866,1114305,8905,8918,0.03510,0.04680,-0.80730,0.80942,1018.11,1000,-18.11,50.36,202,2.3220,1.0310,LOCK,3,looseness
867,1114349,8949,8962,0.02730,-0.12480,-0.82290,0.83276,1018.09,1000,-18.09,50.36,202,2.3179,0.9675,LOCK,3,looseness
868,1114357,8957,8970,0.00780,-0.05460,-0.74880,0.75083,1018.08,1000,-18.08,50.36,202,2.3125,0.8866,LOCK,3,looseness
869,1114366,8966,8979,-0.06240,0.23010,-0.76440,0.80072,1018.06,1000,-18.06,50.36,202,2.3171,0.9559,LOCK,3,looseness
870,1114374,8974,8987,0.04290,0.23790,-0.88140,0.91395,1018.05,1000,-18.05,50.36,202,2.3159,0.9379,LOCK,3,looseness
871,1114383,8983,8996,0.04290,0.23790,-0.88140,0.91395,1018.04,1000,-18.04,50.36,202,2.3084,0.8250,LOCK,3,looseness
872,1114391,8991,9004,-0.08970,0.10530,-0.79560,0.80754,1018.03,1000,-18.03,50.36,202,2.3154,0.9306,LOCK,3,looseness
873,1114400,9000,9013,0.13260,-0.21450,-0.82680,0.86440,1018.02,1000,-18.02,50.36,202,2.3156,0.9337,LOCK,3,looseness
874,1114408,9008,9021,-0.05850,-0.13260,-0.74880,0.76270,1018.01,1000,-18.01,50.36,202,2.3204,1.0057,LOCK,3,looseness
875,1114417,9017,9030,0.14040,-0.12480,-0.81510,0.83647,1018.01,1000,-18.01,50.36,202,2.2953,0.6263,LOCK,3,looseness
876,1114425,9025,9038,0.07800,0.19500,-0.83070,0.85684,1018.00,1000,-18.00,50.36,202,2.3064,0.7942,LOCK,3,looseness
877,1114434,9034,9047,0.07800,0.19500,-0.83070,0.85684,1017.99,1000,-17.99,50.36,202,2.3010,0.7114,LOCK,3,looseness
878,1114442,9042,9055,0.08970,0.02340,-0.81120,0.81648,1017.99,1000,-17.99,50.36,202,2.3079,0.8167,LOCK,3,looseness
879,1114463,9063,9076,-0.03900,0.05070,-0.87750,0.87983,1017.98,1000,-17.98,50.36,202,2.3145,0.9169,LOCK,3,looseness
880,1114472,9072,9085,0.06630,0.05850,-0.88920,0.89359,1017.98,1000,-17.98,50.36,202,2.3091,0.8354,LOCK,3,looseness
881,1114480,9080,9093,0.03510,-0.05850,-0.85020,0.85293,1017.98,1000,-17.98,50.36,202,2.3082,0.8213,LOCK,3,looseness
882,1114489,9089,9102,0.03510,-0.00780,-0.59670,0.59778,1017.97,1000,-17.97,50.36,202,2.3206,1.0090,LOCK,3,looseness
883,1114497,9097,9110,0.06240,-0.03120,-0.67080,0.67442,1017.97,1000,-17.97,50.36,202,2.3140,0.9086,LOCK,3,looseness
884,1114506,9106,9119,0.06240,-0.03120,-0.67080,0.67442,1017.97,1000,-17.97,50.36,202,2.3172,0.9578,LOCK,3,looseness
885,1114514,9114,9127,-0.07410,0.06630,-0.85410,0.85987,1017.96,1000,-17.96,50.36,202,2.3061,0.7896,LOCK,3,looseness
886,1114523,9123,9136,0.03120,0.10920,-0.80340,0.81139,1017.96,1000,-17.96,50.36,202,2.2885,0.5231,LOCK,3,looseness
887,1114531,9131,9144,-0.02340,0.08970,-0.76830,0.77387,1017.96,1000,-17.96,50.36,202,2.2815,0.4159,LOCK,3,looseness
888,1114540,9140,9153,-0.03510,-0.03900,-0.85020,0.85182,1017.96,1000,-17.96,50.36,202,2.3094,0.8390,LOCK,3,looseness
889,1114548,9148,9161,-0.00780,-0.05460,-0.51480,0.51775,1017.96,1000,-17.96,50.36,202,2.3086,0.8274,LOCK,3,looseness
890,1114557,9157,9170,-0.00780,-0.05460,-0.51480,0.51775,1017.96,1000,-17.96,50.36,202,2.3200,1.0002,LOCK,3,looseness
891,1114565,9165,9178,-0.07410,-0.07410,-0.73320,0.74065,1017.95,1000,-17.95,50.36,202,2.3244,1.0661,LOCK,3,looseness
892,1114584,9184,9197,0.03900,-0.16380,-0.76830,0.78653,1017.95,1000,-17.95,50.36,202,2.2850,0.4703,LOCK,3,looseness
893,1114592,9192,9205,-0.02340,-0.01950,-0.79950,0.80008,1017.95,1000,-17.95,50.36,202,2.3136,0.9037,LOCK,3,looseness
894,1114601,9201,9214,0.01560,0.22620,-0.78390,0.81603,1017.95,1000,-17.95,50.36,202,2.3112,0.8665,LOCK,3,looseness
895,1114609,9209,9222,0.01950,0.24570,-0.85020,0.88521,1011.15,1000,-11.15,50.36,202,2.3225,1.0377,LOCK,3,looseness
896,1114651,9251,9264,0.22230,-0.10920,-0.78390,0.82210,1005.03,1000,-5.03,50.36,202,2.3132,0.8967,LOCK,3,looseness
897,1114665,9265,9278,0.01560,0.17940,-0.73710,0.75878,999.52,1000,0.48,50.36,202,2.3109,0.8616,LOCK,3,looseness
898,1114673,9273,9286,0.05070,-0.03120,-0.72930,0.73173,994.59,1000,5.41,50.36,202,2.3149,0.9230,LOCK,3,looseness
899,1114682,9282,9295,-0.03900,0.01560,-0.83850,0.83955,990.16,1000,9.84,50.36,202,2.3083,0.8235,LOCK,3,looseness
900,1114690,9290,9303,-0.03900,0.01560,-0.83850,0.83955,986.17,1000,13.83,50.36,202,2.3038,0.7551,LOCK,3,looseness
901,1114699,9299,9312,0.10530,0.02340,-0.87360,0.88023,982.57,1000,17.43,50.36,202,2.3069,0.8012,LOCK,3,looseness
902,1114707,9307,9320,0.01950,0.08970,-0.92820,0.93273,979.34,1000,20.66,50.36,202,2.3178,0.9663,LOCK,3,looseness
903,1114754,9354,9367,0.05070,0.07800,-0.85020,0.85527,976.42,1000,23.58,50.36,202,2.3150,0.9236,LOCK,3,looseness
904,1114762,9362,9375,0.05070,0.07800,-0.85020,0.85527,973.80,1000,26.20,50.36,202,2.3080,0.8177,LOCK,3,looseness
905,1114771,9371,9384,0.03120,0.07800,-0.76830,0.77288,971.44,1000,28.56,50.36,202,2.3162,0.9428,LOCK,3,looseness
906,1114779,9379,9392,0.00000,0.05460,-0.95160,0.95317,969.31,1000,30.69,50.36,202,2.3126,0.8882,LOCK,3,looseness
907,1114788,9388,9401,0.01170,-0.06240,-0.62400,0.62722,967.41,1000,32.59,50.36,202,2.2881,0.5170,LOCK,3,looseness
908,1114796,9396,9409,0.01560,-0.09360,-0.75660,0.76253,965.71,1000,34.29,50.36,202,2.3170,0.9544,LOCK,3,looseness
909,1114804,9404,9417,0.02730,-0.05850,-0.79560,0.79821,964.17,1000,35.83,50.36,202,2.3218,1.0274,LOCK,3,looseness
910,1114813,9413,9426,0.02730,-0.05850,-0.79560,0.79821,962.79,1000,37.21,50.36,202,2.3063,0.7926,LOCK,3,looseness
911,1114856,9456,9469,-0.07020,0.00390,-0.72930,0.73268,961.53,1000,38.47,50.36,202,2.3141,0.9111,LOCK,3,looseness
912,1114869,9469,9482,0.00390,-0.15990,-0.73710,0.75425,960.40,1000,39.60,50.36,202,2.3152,0.9278,LOCK,3,looseness
913,1114878,9478,9491,0.00390,-0.06630,-0.83070,0.83335,959.38,1000,40.62,50.36,202,2.2954,0.6266,LOCK,3,looseness
914,1114886,9486,9499,0.10920,-0.05460,-0.75270,0.76254,958.46,1000,41.54,50.36,202,2.3135,0.9013,LOCK,3,looseness
915,1114895,9495,9508,0.10920,-0.05460,-0.75270,0.76254,957.64,1000,42.36,50.36,202,2.2982,0.6696,LOCK,3,looseness
916,1114903,9503,9516,-0.01560,0.28080,-0.63180,0.69157,956.92,1000,43.08,50.36,202,2.3075,0.8109,LOCK,3,looseness
917,1114912,9512,9525,-0.12870,-0.11310,-0.69030,0.71124,956.27,1000,43.73,50.36,202,2.3131,0.8958,LOCK,3,looseness
918,1114920,9520,9533,0.00780,0.08190,-0.84630,0.85029,955.69,1000,44.31,50.36,202,2.3069,0.8018,LOCK,3,looseness
919,1114958,9558,9571,0.07020,-0.02340,-0.72930,0.73304,955.17,1000,44.83,50.36,202,2.3149,0.9224,LOCK,3,looseness
920,1114967,9567,9580,0.07020,-0.02340,-0.72930,0.73304,954.68,1000,45.32,50.36,202,2.3048,0.7694,LOCK,3,looseness
921,1114975,9575,9588,0.01560,0.03900,-0.79170,0.79281,954.24,1000,45.76,50.36,202,2.3135,0.9016,LOCK,3,looseness
922,1114984,9584,9597,0.00390,0.03120,-0.81900,0.81960,953.84,1000,46.16,50.36,202,2.3072,0.8061,LOCK,3,looseness
923,1114992,9592,9605,0.03900,0.01950,-0.78780,0.78901,953.48,1000,46.52,50.36,202,2.2809,0.4074,LOCK,3,looseness
924,1115001,9601,9614,0.03510,0.08190,-0.74880,0.75408,953.16,1000,46.84,50.36,202,2.3140,0.9098,LOCK,3,looseness
925,1115009,9609,9622,-0.00780,0.23400,-0.93600,0.96484,952.87,1000,47.13,50.36,202,2.3165,0.9474,LOCK,3,looseness
926,1115018,9618,9631,-0.00780,0.23400,-0.93600,0.96484,952.61,1000,47.39,50.36,202,2.3190,0.9855,LOCK,3,looseness
927,1115061,9661,9674,0.00000,-0.03900,-0.81900,0.81993,952.39,1000,47.61,50.36,202,2.3039,0.7554,LOCK,3,looseness
928,1115074,9674,9687,-0.04290,0.25740,-0.79560,0.83730,952.19,1000,47.81,50.36,202,2.3150,0.9236,LOCK,3,looseness
929,1115083,9683,9696,-0.03900,0.26130,-0.70200,0.75007,951.98,1000,48.02,50.36,202,2.3060,0.7874,LOCK,3,looseness
930,1115091,9691,9704,-0.03120,0.04290,-0.71370,0.71567,951.80,1000,48.20,50.36,202,2.3092,0.8366,LOCK,3,looseness
931,1115100,9700,9713,-0.03120,0.04290,-0.71370,0.71567,951.63,1000,48.37,50.36,202,2.2862,0.4883,LOCK,3,looseness
932,1115108,9708,9721,-0.07410,-0.10920,-0.75660,0.76802,951.48,1000,48.52,50.36,202,2.3000,0.6974,LOCK,3,looseness
933,1115117,9717,9730,0.04680,0.05460,-0.82680,0.82992,951.34,1000,48.66,50.36,202,2.3089,0.8317,LOCK,3,looseness
934,1115125,9725,9738,0.03120,-0.14820,-0.83070,0.84439,951.22,1000,48.78,50.36,202,2.3080,0.8189,LOCK,3,looseness
935,1115163,9763,9776,0.15990,-0.03900,-0.83460,0.85067,951.17,1000,48.83,50.36,202,2.3111,0.8656,LOCK,3,looseness
936,1115172,9772,9785,0.15990,-0.03900,-0.83460,0.85067,951.11,1000,48.89,50.36,202,2.3200,0.9996,LOCK,3,looseness
937,1115180,9780,9793,-0.09750,0.19500,-0.83460,0.86261,951.07,1000,48.93,50.36,202,2.2986,0.6763,LOCK,3,looseness
938,1115189,9789,9802,0.00390,-0.10920,-0.76440,0.77217,951.03,1000,48.97,50.36,202,2.3050,0.7731,LOCK,3,looseness
939,1115197,9797,9810,0.07800,-0.04680,-0.68640,0.69240,950.98,1000,49.02,50.36,202,2.3016,0.7206,LOCK,3,looseness
940,1115206,9806,9819,0.04290,0.04680,-0.93990,0.94204,950.95,1000,49.05,50.36,202,2.3184,0.9758,LOCK,3,looseness
941,1115214,9814,9827,-0.02340,0.00390,-0.97110,0.97139,950.91,1000,49.09,50.36,202,2.3264,1.0976,LOCK,3,looseness
942,1115223,9823,9836,-0.02340,0.00390,-0.97110,0.97139,950.88,1000,49.12,50.36,202,2.3188,0.9813,LOCK,3,looseness
943,1115266,9866,9879,-0.09360,0.14820,-0.72540,0.74628,950.88,1000,49.12,50.36,202,2.3078,0.8155,LOCK,3,looseness
944,1115279,9879,9892,0.10140,0.06240,-0.81510,0.82375,950.88,1000,49.12,50.36,202,2.3105,0.8555,LOCK,3,looseness
945,1115288,9888,9901,-0.05850,-0.24960,-0.83070,0.86936,950.88,1000,49.12,50.36,202,2.2983,0.6711,LOCK,3,looseness
946,1115296,9896,9909,-0.05850,-0.24960,-0.83070,0.86936,950.88,1000,49.12,50.36,202,2.2949,0.6192,LOCK,3,looseness
947,1115305,9905,9918,-0.08970,-0.22620,-0.80730,0.84318,950.88,1000,49.12,50.36,202,2.3131,0.8949,LOCK,3,looseness
948,1115313,9913,9926,-0.02730,0.12870,-0.75270,0.76411,950.88,1000,49.12,50.36,202,2.2942,0.6089,LOCK,3,looseness
949,1115322,9922,9935,-0.04680,0.23400,-0.69420,0.73407,957.67,1000,42.33,50.36,202,2.3003,0.7017,LOCK,3,looseness
950,1115330,9930,9943,0.00780,0.10920,-0.74490,0.75290,963.78,1000,36.22,50.36,202,2.3168,0.9517,LOCK,3,looseness
951,1115339,9939,9952,-0.11700,0.00000,-0.86580,0.87367,969.28,1000,30.72,50.36,202,2.2821,0.4260,LOCK,3,looseness
952,1115347,9947,9960,-0.11700,0.00000,-0.86580,0.87367,974.23,1000,25.77,50.36,202,2.2794,0.3842,LOCK,3,looseness
953,1115356,9956,9969,0.07020,0.03900,-0.80730,0.81128,978.69,1000,21.31,50.36,202,2.2931,0.5927,LOCK,3,looseness
954,1115364,9964,9977,0.01950,-0.07800,-0.84240,0.84623,982.70,1000,17.30,50.36,202,2.3152,0.9275,LOCK,3,looseness
955,1115376,9976,9989,0.07800,-0.12870,-0.58890,0.60782,986.30,1000,13.70,50.36,202,2.3088,0.8302,LOCK,3,looseness
956,1115384,9984,9997,-0.02730,-0.14430,-0.83070,0.84358,989.55,1000,10.45,50.36,202,2.3023,0.7322,LOCK,3,looseness
957,1115393,9993,10006,-0.01560,0.08580,-0.80340,0.80812,992.47,1000,7.53,50.36,202,2.3111,0.8656,LOCK,3,looseness
