sample_index,time_ms_raw,time_ms_zero,elapsed_ms,ax_g,ay_g,az_g,total_g,rpm,target_rpm,rpm_error,pwm_eq,duty_10bit,acs_v,current_a,control_mode,state,fault_type
22833,4413476,0,241880.0,0.0,-0.0585,-0.7644,0.76664,997.51,1000.0,2.49,53.75,216.0,2.2912,0.5631,LOCK,3,looseness
22834,4413495,19,241899.0,-0.1599,-0.0351,-0.8346,0.8505,997.52,1000.0,2.48,53.75,216.0,2.2626,0.1302,LOCK,3,looseness
22835,4413503,27,241907.0,-0.1599,-0.0351,-0.8346,0.8505,997.53,1000.0,2.47,53.75,216.0,2.2771,0.3503,LOCK,3,looseness
22836,4413512,36,241916.0,0.0663,-0.0312,-0.8307,0.83393,997.54,1000.0,2.46,53.75,216.0,2.2814,0.4144,LOCK,3,looseness
22837,4413525,49,241929.0,0.0078,0.0234,-0.7761,0.77649,997.55,1000.0,2.45,53.75,216.0,2.2803,0.3979,LOCK,3,looseness
22838,4413534,58,241938.0,-0.156,-0.0741,-0.7917,0.81032,997.56,1000.0,2.44,53.75,216.0,2.251,-0.0453,LOCK,3,looseness
22839,4413542,66,241946.0,-0.0195,-0.0234,-0.8775,0.87803,997.57,1000.0,2.43,53.75,216.0,2.2578,0.0573,LOCK,3,looseness
22840,4413551,75,241955.0,-0.0195,-0.0468,-0.6474,0.64938,997.58,1000.0,2.42,53.75,216.0,2.2538,-0.0035,LOCK,3,looseness
22841,4413559,83,241963.0,-0.0039,-0.0936,-0.7722,0.77786,997.6,1000.0,2.4,53.75,216.0,2.2712,0.2609,LOCK,3,looseness
22842,4413568,92,241972.0,0.0468,-0.117,-0.8619,0.87106,997.61,1000.0,2.39,53.75,216.0,2.28,0.3937,LOCK,3,looseness
22843,4413576,100,241980.0,0.0468,-0.117,-0.8619,0.87106,997.63,1000.0,2.37,53.75,216.0,2.2794,0.3842,LOCK,3,looseness
22844,4413585,109,241989.0,0.0117,-0.1443,-0.6942,0.70914,997.64,1000.0,2.36,53.75,216.0,2.2442,-0.1485,LOCK,3,looseness
22845,4413593,117,241997.0,-0.1638,0.0039,-0.7878,0.80466,997.65,1000.0,2.35,53.75,216.0,2.2699,0.2413,LOCK,3,looseness
22846,4413612,136,242016.0,0.0156,0.0468,-0.7332,0.73486,997.66,1000.0,2.34,53.75,216.0,2.2788,0.3753,LOCK,3,looseness
22847,4413621,145,242025.0,-0.0312,0.0,-0.8892,0.88975,997.67,1000.0,2.33,53.75,216.0,2.2814,0.4153,LOCK,3,looseness
22848,4413629,153,242033.0,0.0663,-0.3627,-0.7917,0.87335,997.69,1000.0,2.31,53.75,216.0,2.2876,0.5097,LOCK,3,looseness
22849,4413638,162,242042.0,0.0663,-0.3627,-0.7917,0.87335,997.69,1000.0,2.31,53.75,216.0,2.2546,0.0087,LOCK,3,looseness
22850,4413646,170,242050.0,0.0195,-0.0351,-0.8853,0.88621,997.7,1000.0,2.3,53.75,216.0,2.254,0.0002,LOCK,3,looseness
22851,4413655,179,242059.0,-0.0858,-0.0936,-0.7683,0.77872,997.71,1000.0,2.29,53.75,216.0,2.2504,-0.0541,LOCK,3,looseness
22852,4413663,187,242067.0,0.0975,0.0741,-0.8502,0.85897,997.73,1000.0,2.27,53.75,216.0,2.2781,0.3656,LOCK,3,looseness
22853,4413672,196,242076.0,-0.0975,0.0117,-0.663,0.67023,997.74,1000.0,2.26,53.75,216.0,2.286,0.4843,LOCK,3,looseness
22854,4413680,204,242084.0,-0.0312,0.039,-0.7878,0.78938,997.76,1000.0,2.24,53.75,216.0,2.2816,0.4175,LOCK,3,looseness
22855,4413689,213,242093.0,-0.0312,0.039,-0.7878,0.78938,997.77,1000.0,2.23,53.75,216.0,2.263,0.1366,LOCK,3,looseness
22856,4413697,221,242101.0,-0.0273,-0.0429,-0.7059,0.70773,997.78,1000.0,2.22,53.75,216.0,2.2662,0.1855,LOCK,3,looseness
22857,4413716,240,242120.0,-0.0702,-0.1287,-0.8892,0.9012,997.8,1000.0,2.2,53.75,216.0,2.276,0.3332,LOCK,3,looseness
22858,4413729,253,242133.0,-0.156,-0.0273,-0.7059,0.72345,997.81,1000.0,2.19,53.75,216.0,2.2766,0.3418,LOCK,3,looseness
22859,4413738,262,242142.0,-0.0858,0.0039,-0.7254,0.73047,997.83,1000.0,2.17,53.75,216.0,2.2548,0.0118,LOCK,3,looseness
22860,4413746,270,242150.0,-0.1404,0.1326,-0.663,0.69055,997.85,1000.0,2.15,53.75,216.0,2.2719,0.2716,LOCK,3,looseness
22861,4413755,279,242159.0,0.0585,0.039,-0.7722,0.77539,997.86,1000.0,2.14,53.75,216.0,2.2586,0.0692,LOCK,3,looseness
22862,4413763,287,242167.0,-0.1209,-0.0702,-0.9438,0.9541,997.87,1000.0,2.13,53.75,216.0,2.2546,0.0087,LOCK,3,looseness
22863,4413772,296,242176.0,-0.2691,-0.117,-0.6864,0.74649,997.88,1000.0,2.12,53.75,216.0,2.2785,0.3714,LOCK,3,looseness
22864,4413781,305,242185.0,-0.2691,-0.117,-0.6864,0.74649,997.89,1000.0,2.11,53.75,216.0,2.2885,0.5234,LOCK,3,looseness
22865,4413789,313,242193.0,0.0819,0.0585,-0.7098,0.7169,997.9,1000.0,2.1,53.75,216.0,2.2593,0.0805,LOCK,3,looseness
22866,4413798,322,242202.0,-0.0741,-0.1833,-0.8658,0.88809,997.91,1000.0,2.09,53.75,216.0,2.2786,0.3723,LOCK,3,looseness
22867,4413806,330,242210.0,-0.1365,0.0351,-0.6825,0.6969,997.91,1000.0,2.09,53.75,216.0,2.2682,0.2154,LOCK,3,looseness
22868,4413815,339,242219.0,0.0975,-0.117,-0.8034,0.81771,997.92,1000.0,2.08,53.75,216.0,2.269,0.2276,LOCK,3,looseness
22869,4413834,358,242238.0,-0.1794,-0.1014,-0.7605,0.78793,997.92,1000.0,2.08,53.75,216.0,2.2821,0.4263,LOCK,3,looseness
22870,4413842,366,242246.0,-0.1794,-0.1014,-0.7605,0.78793,997.93,1000.0,2.07,53.75,216.0,2.2403,-0.2077,LOCK,3,looseness
22871,4413851,375,242255.0,-0.0585,0.0351,-0.7644,0.76744,997.94,1000.0,2.06,53.75,216.0,2.2617,0.1162,LOCK,3,looseness
22872,4413859,383,242263.0,-0.0663,0.0273,-0.9516,0.9543,997.95,1000.0,2.05,53.75,216.0,2.268,0.2114,LOCK,3,looseness
22873,4413868,392,242272.0,0.0117,-0.0585,-0.8034,0.80561,997.97,1000.0,2.03,53.75,216.0,2.272,0.2728,LOCK,3,looseness
22874,4413876,400,242280.0,-0.0663,0.0234,-0.7644,0.76763,997.98,1000.0,2.02,53.75,216.0,2.2784,0.3702,LOCK,3,looseness
22875,4413885,409,242289.0,-0.0663,-0.039,-0.7098,0.71396,997.99,1000.0,2.01,53.75,216.0,2.2806,0.4037,LOCK,3,looseness
22876,4413893,417,242297.0,-0.0663,-0.039,-0.7098,0.71396,997.99,1000.0,2.01,53.75,216.0,2.2673,0.2011,LOCK,3,looseness
22877,4413912,436,242316.0,-0.1365,0.1443,-0.8424,0.8655,998.02,1000.0,1.98,53.75,216.0,2.2665,0.1891,LOCK,3,looseness
22878,4413920,444,242324.0,-0.1248,-0.0312,-0.8073,0.81749,998.04,1000.0,1.96,53.75,216.0,2.2796,0.3882,LOCK,3,looseness
22879,4413934,458,242338.0,0.0819,-0.1248,-0.7332,0.74824,998.05,1000.0,1.95,53.75,216.0,2.2815,0.4159,LOCK,3,looseness
22880,4413943,467,242347.0,0.0234,-0.0663,-0.8307,0.83367,998.07,1000.0,1.93,53.75,216.0,2.2487,-0.0804,LOCK,3,looseness
22881,4413951,475,242355.0,-0.1443,0.0078,-0.6747,0.69,998.08,1000.0,1.92,53.75,216.0,2.2636,0.1449,LOCK,3,looseness
22882,4413959,483,242363.0,-0.0429,-0.0429,-0.8385,0.84069,998.1,1000.0,1.9,53.75,216.0,2.2594,0.0817,LOCK,3,looseness
22883,4413968,492,242372.0,-0.0546,0.2808,-0.6123,0.67583,998.12,1000.0,1.88,53.75,216.0,2.2724,0.2786,LOCK,3,looseness
22884,4413977,501,242381.0,0.078,-0.078,-0.7254,0.73374,998.13,1000.0,1.87,53.75,216.0,2.2835,0.4471,LOCK,3,looseness
22885,4413986,510,242390.0,0.078,-0.078,-0.7254,0.73374,998.15,1000.0,1.85,53.75,216.0,2.2779,0.3616,LOCK,3,looseness
22886,4413994,518,242398.0,-0.0273,-0.2613,-0.8775,0.91599,998.17,1000.0,1.83,53.75,216.0,2.2654,0.173,LOCK,3,looseness
22887,4414003,527,242407.0,0.0468,-0.1521,-0.7644,0.78079,998.18,1000.0,1.82,53.75,216.0,2.268,0.212,LOCK,3,looseness
22888,4414011,535,242415.0,-0.1599,-0.0507,-0.8931,0.90872,998.19,1000.0,1.81,53.75,216.0,2.2707,0.2532,LOCK,3,looseness
22889,4414033,557,242437.0,0.0156,0.0507,-0.8112,0.81293,998.21,1000.0,1.79,53.75,216.0,2.2888,0.5274,LOCK,3,looseness
22890,4414042,566,242446.0,-0.1365,-0.0507,-0.6903,0.70549,998.23,1000.0,1.77,53.75,216.0,2.2776,0.3583,LOCK,3,looseness
22891,4414051,575,242455.0,0.0195,-0.0936,-0.7488,0.75488,998.24,1000.0,1.76,53.75,216.0,2.2657,0.1775,LOCK,3,looseness
22892,4414059,583,242463.0,0.0273,-0.1833,-0.8853,0.90449,998.25,1000.0,1.75,53.75,216.0,2.253,-0.0145,LOCK,3,looseness
22893,4414068,592,242472.0,0.0273,-0.1833,-0.8853,0.90449,998.27,1000.0,1.73,53.75,216.0,2.2606,0.1006,LOCK,3,looseness
22894,4414076,600,242480.0,-0.0468,-0.1053,-0.7644,0.77304,998.28,1000.0,1.72,53.75,216.0,2.2823,0.4285,LOCK,3,looseness
22895,4414085,609,242489.0,-0.0351,-0.0312,-0.8853,0.88654,998.29,1000.0,1.71,53.75,216.0,2.2725,0.2798,LOCK,3,looseness
22896,4414094,618,242498.0,0.0546,0.117,-0.7176,0.72912,998.31,1000.0,1.69,53.75,216.0,2.2565,0.038,LOCK,3,looseness
22897,4414102,626,242506.0,-0.0585,0.0702,-0.8112,0.81633,998.32,1000.0,1.68,53.75,216.0,2.2622,0.1238,LOCK,3,looseness
22898,4414110,634,242514.0,-0.0117,-0.0429,-0.6318,0.63336,998.34,1000.0,1.66,53.75,216.0,2.2573,0.0493,LOCK,3,looseness
22899,4414134,658,242538.0,-0.1716,-0.1638,-0.7137,0.75209,998.35,1000.0,1.65,53.75,216.0,2.2838,0.4511,LOCK,3,looseness
22900,4414143,667,242547.0,-0.0585,-0.0117,-0.7254,0.72785,998.36,1000.0,1.64,53.75,216.0,2.2811,0.4105,LOCK,3,looseness
22901,4414151,675,242555.0,-0.1092,-0.195,-0.6903,0.72558,998.38,1000.0,1.62,53.75,216.0,2.2672,0.1998,LOCK,3,looseness
22902,4414160,684,242564.0,-0.1092,-0.195,-0.6903,0.72558,998.4,1000.0,1.6,53.75,216.0,2.2518,-0.0334,LOCK,3,looseness
22903,4414168,692,242572.0,-0.0624,0.0819,-0.7995,0.8061,998.42,1000.0,1.58,53.75,216.0,2.2439,-0.153,LOCK,3,looseness
22904,4414177,701,242581.0,-0.0195,-0.1248,-0.9516,0.95995,998.44,1000.0,1.56,53.75,216.0,2.2791,0.3808,LOCK,3,looseness
22905,4414185,709,242589.0,-0.0624,-0.1092,-0.7761,0.78622,998.45,1000.0,1.55,53.75,216.0,2.2843,0.459,LOCK,3,looseness
22906,4414194,718,242598.0,-0.1404,-0.0741,-0.9009,0.91478,998.46,1000.0,1.54,53.75,216.0,2.2741,0.3051,LOCK,3,looseness
22907,4414212,736,242616.0,-0.2106,-0.078,-0.6045,0.64487,998.49,1000.0,1.51,53.75,216.0,2.2783,0.368,LOCK,3,looseness
22908,4414221,745,242625.0,0.0312,-0.0078,-0.7839,0.78456,998.51,1000.0,1.49,53.75,216.0,2.2644,0.1583,LOCK,3,looseness
22909,4414229,753,242633.0,-0.0507,0.1131,-0.819,0.82833,998.52,1000.0,1.48,53.75,216.0,2.2678,0.2096,LOCK,3,looseness
22910,4414238,762,242642.0,0.0234,-0.0897,-0.7644,0.77,998.54,1000.0,1.46,53.75,216.0,2.2807,0.4043,LOCK,3,looseness
22911,4414246,770,242650.0,-0.0429,-0.0702,-0.9087,0.91242,998.56,1000.0,1.44,53.75,216.0,2.2812,0.4114,LOCK,3,looseness
22912,4414255,779,242659.0,-0.1716,-0.0819,-0.7722,0.79527,998.57,1000.0,1.43,53.75,216.0,2.256,0.031,LOCK,3,looseness
22913,4414263,787,242667.0,-0.1716,-0.0819,-0.7722,0.79527,998.58,1000.0,1.42,53.75,216.0,2.2519,-0.0316,LOCK,3,looseness
22914,4414272,796,242676.0,0.0039,0.0429,-0.8502,0.85129,998.6,1000.0,1.4,53.75,216.0,2.2646,0.1601,LOCK,3,looseness
22915,4414281,805,242685.0,-0.1326,-0.0468,-0.7683,0.78106,998.61,1000.0,1.39,53.75,216.0,2.2807,0.404,LOCK,3,looseness
22916,4414290,814,242694.0,-0.039,0.1209,-0.8073,0.81723,998.63,1000.0,1.37,53.75,216.0,2.2813,0.4141,LOCK,3,looseness
22917,4414298,822,242702.0,-0.039,-0.0624,-0.6552,0.65932,998.64,1000.0,1.36,53.75,216.0,2.2617,0.1171,LOCK,3,looseness
22918,4414317,841,242721.0,-0.1092,-0.0741,-0.7176,0.72963,998.65,1000.0,1.35,53.75,216.0,2.2614,0.1116,LOCK,3,looseness
22919,4414325,849,242729.0,0.0507,0.117,-0.741,0.75189,998.67,1000.0,1.33,53.75,216.0,2.2699,0.2404,LOCK,3,looseness
22920,4414339,863,242743.0,-0.0624,-0.2028,-0.8736,0.899,998.68,1000.0,1.32,53.75,216.0,2.2836,0.4486,LOCK,3,looseness
22921,4414347,871,242751.0,-0.0078,-0.3471,-0.7722,0.84666,998.7,1000.0,1.3,53.75,216.0,2.2857,0.4797,LOCK,3,looseness
22922,4414356,880,242760.0,-0.0078,-0.3471,-0.7722,0.84666,998.71,1000.0,1.29,53.75,216.0,2.2503,-0.0554,LOCK,3,looseness
22923,4414364,888,242768.0,0.0,-0.0273,-0.8697,0.87013,998.72,1000.0,1.28,53.75,216.0,2.2599,0.0893,LOCK,3,looseness
22924,4414373,897,242777.0,-0.2223,0.0234,-0.702,0.73673,998.73,1000.0,1.27,53.75,216.0,2.2624,0.1272,LOCK,3,looseness
22925,4414381,905,242785.0,-0.0546,0.0858,-0.7488,0.75567,998.74,1000.0,1.26,53.75,216.0,2.2718,0.2697,LOCK,3,looseness
22926,4414390,914,242794.0,-0.0312,0.1599,-0.78,0.79683,998.76,1000.0,1.24,53.75,216.0,2.2819,0.4233,LOCK,3,looseness
22927,4414398,922,242802.0,-0.0546,-0.1443,-0.7332,0.74926,998.77,1000.0,1.23,53.75,216.0,2.2805,0.4013,LOCK,3,looseness
22928,4414407,931,242811.0,-0.0546,-0.1443,-0.7332,0.74926,998.78,1000.0,1.22,53.75,216.0,2.2733,0.2926,LOCK,3,looseness
22929,4414426,950,242830.0,0.0663,-0.2535,-0.7722,0.81545,998.8,1000.0,1.2,53.75,216.0,2.2461,-0.1201,LOCK,3,looseness
22930,4414434,958,242838.0,-0.1521,0.0078,-0.8619,0.87525,998.81,1000.0,1.19,53.75,216.0,2.2709,0.2557,LOCK,3,looseness
22931,4414443,967,242847.0,-0.0741,-0.0117,-0.7137,0.71763,998.82,1000.0,1.18,53.75,216.0,2.2767,0.3442,LOCK,3,looseness
22932,4414451,975,242855.0,0.0117,0.2769,-0.7293,0.78019,998.83,1000.0,1.17,53.75,216.0,2.2797,0.3897,LOCK,3,looseness
22933,4414460,984,242864.0,-0.1248,0.0078,-0.6825,0.69386,998.84,1000.0,1.16,53.75,216.0,2.2588,0.0722,LOCK,3,looseness
22934,4414468,992,242872.0,-0.1248,0.0078,-0.6825,0.69386,998.85,1000.0,1.15,53.75,216.0,2.2649,0.1647,LOCK,3,looseness
22935,4414477,1001,242881.0,0.0117,-0.0819,-0.6864,0.69137,998.86,1000.0,1.14,53.75,216.0,2.2582,0.0637,LOCK,3,looseness
22936,4414486,1010,242890.0,0.0429,-0.0273,-0.8814,0.88287,998.87,1000.0,1.13,53.75,216.0,2.276,0.3329,LOCK,3,looseness
22937,4414495,1019,242899.0,-0.1092,-0.1833,-0.7605,0.78986,998.88,1000.0,1.12,53.75,216.0,2.2847,0.4654,LOCK,3,looseness
22938,4414503,1027,242907.0,0.0975,-0.0585,-0.8385,0.84617,998.88,1000.0,1.12,53.75,216.0,2.2917,0.5707,LOCK,3,looseness
22939,4414512,1036,242916.0,-0.1053,-0.0663,-0.7254,0.736,998.91,1000.0,1.09,53.75,216.0,2.2603,0.0957,LOCK,3,looseness
22940,4414520,1044,242924.0,-0.0156,0.0117,-0.7137,0.71397,998.93,1000.0,1.07,53.75,216.0,2.2568,0.0429,LOCK,3,looseness
22941,4414544,1068,242948.0,-0.1053,-0.0585,-0.7098,0.71995,998.96,1000.0,1.04,53.75,216.0,2.2869,0.4987,LOCK,3,looseness
22942,4414552,1076,242956.0,-0.0936,-0.0624,-0.7839,0.79193,998.98,1000.0,1.02,53.75,216.0,2.2814,0.4144,LOCK,3,looseness
22943,4414561,1085,242965.0,-0.0936,-0.0624,-0.7839,0.79193,999.0,1000.0,1.0,53.75,216.0,2.2533,-0.0111,LOCK,3,looseness
22944,4414569,1093,242973.0,-0.1365,-0.1287,-0.7839,0.80604,999.02,1000.0,0.98,53.75,216.0,2.2641,0.1525,LOCK,3,looseness
22945,4414578,1102,242982.0,-0.0039,-0.2535,-0.7059,0.75005,999.04,1000.0,0.96,53.75,216.0,2.2716,0.2664,LOCK,3,looseness
22946,4414586,1110,242990.0,-0.0624,0.1521,-0.8346,0.85064,999.06,1000.0,0.94,53.75,216.0,2.2815,0.4162,LOCK,3,looseness
22947,4414595,1119,242999.0,-0.0156,-0.0195,-0.6981,0.69855,999.08,1000.0,0.92,53.75,216.0,2.2883,0.5197,LOCK,3,looseness
22948,4414603,1127,243007.0,-0.0429,-0.1248,-0.8268,0.83727,999.1,1000.0,0.9,53.75,216.0,2.2894,0.5362,LOCK,3,looseness
22949,4414622,1146,243026.0,-0.1365,-0.0312,-0.9204,0.93099,999.11,1000.0,0.89,53.75,216.0,2.2602,0.0945,LOCK,3,looseness
22950,4414630,1154,243034.0,0.0429,0.0429,-0.6903,0.69296,999.12,1000.0,0.88,53.75,216.0,2.2503,-0.0563,LOCK,3,looseness
22951,4414639,1163,243043.0,-0.1404,-0.0585,-0.8541,0.86754,999.13,1000.0,0.87,53.75,216.0,2.2781,0.3659,LOCK,3,looseness
22952,4414647,1171,243051.0,-0.0858,0.039,-0.8151,0.82053,999.14,1000.0,0.86,53.75,216.0,2.2852,0.4733,LOCK,3,looseness
22953,4414656,1180,243060.0,0.0858,-0.1872,-0.7566,0.78412,999.15,1000.0,0.85,53.75,216.0,2.2806,0.4025,LOCK,3,looseness
22954,4414665,1189,243069.0,-0.0351,-0.0156,-0.8931,0.89393,999.16,1000.0,0.84,53.75,216.0,2.2602,0.0936,LOCK,3,looseness
22955,4414673,1197,243077.0,-0.0351,-0.0156,-0.8931,0.89393,999.16,1000.0,0.84,53.75,216.0,2.2627,0.1311,LOCK,3,looseness
22956,4414682,1206,243086.0,-0.2535,-0.1092,-0.7254,0.77614,999.17,1000.0,0.83,53.75,216.0,2.2673,0.2017,LOCK,3,looseness
22957,4414691,1215,243095.0,0.0741,0.0663,-0.7215,0.72832,999.19,1000.0,0.81,53.75,216.0,2.2739,0.3021,LOCK,3,looseness
22958,4414699,1223,243103.0,-0.0585,-0.1404,-0.9321,0.94443,999.21,1000.0,0.79,53.75,216.0,2.2816,0.4187,LOCK,3,looseness
22959,4414708,1232,243112.0,-0.0117,-0.2496,-0.7761,0.81533,999.23,1000.0,0.77,53.75,216.0,2.2791,0.3808,LOCK,3,looseness
22960,4414727,1251,243131.0,-0.1248,-0.0078,-0.6903,0.70153,999.24,1000.0,0.76,53.75,216.0,2.2608,0.1031,LOCK,3,looseness
22961,4414735,1259,243139.0,-0.1248,-0.0078,-0.6903,0.70153,999.26,1000.0,0.74,53.75,216.0,2.2665,0.1891,LOCK,3,looseness
22962,4414748,1272,243152.0,-0.1482,0.1872,-0.8658,0.89812,999.27,1000.0,0.73,53.75,216.0,2.2797,0.3897,LOCK,3,looseness
22963,4414757,1281,243161.0,-0.1716,-0.1248,-0.6318,0.66648,999.29,1000.0,0.71,53.75,216.0,2.2827,0.4352,LOCK,3,looseness
22964,4414766,1290,243170.0,-0.1716,-0.1248,-0.6318,0.66648,999.31,1000.0,0.69,53.75,216.0,2.2635,0.1446,LOCK,3,looseness
22965,4414774,1298,243178.0,0.0234,-0.0546,-0.7917,0.79393,999.33,1000.0,0.67,53.75,216.0,2.2659,0.1806,LOCK,3,looseness
22966,4414782,1306,243186.0,0.0156,-0.156,-0.8112,0.82621,999.35,1000.0,0.65,53.75,216.0,2.2445,-0.1433,LOCK,3,looseness
22967,4414791,1315,243195.0,-0.1092,-0.1131,-0.8034,0.81864,999.36,1000.0,0.64,53.75,216.0,2.2717,0.2688,LOCK,3,looseness
22968,4414800,1324,243204.0,-0.0507,0.039,-0.8697,0.87205,999.37,1000.0,0.63,53.75,216.0,2.2812,0.4123,LOCK,3,looseness
22969,4414808,1332,243212.0,-0.0117,0.3939,-0.6123,0.72815,999.4,1000.0,0.6,53.75,216.0,2.2826,0.4327,LOCK,3,looseness
22970,4414817,1341,243221.0,-0.0117,0.3939,-0.6123,0.72815,999.42,1000.0,0.58,53.75,216.0,2.2566,0.0396,LOCK,3,looseness
22971,4414835,1359,243239.0,0.0273,-0.1482,-0.7839,0.79825,999.45,1000.0,0.55,53.75,216.0,2.2585,0.0683,LOCK,3,looseness
22972,4414844,1368,243248.0,0.1443,-0.0975,-0.7605,0.78019,999.46,1000.0,0.54,53.75,216.0,2.2744,0.3091,LOCK,3,looseness
22973,4414852,1376,243256.0,-0.1755,-0.1326,-0.9243,0.95011,999.48,1000.0,0.52,53.75,216.0,2.277,0.3485,LOCK,3,looseness
22974,4414861,1385,243265.0,-0.0468,-0.1482,-0.7059,0.72281,999.5,1000.0,0.5,53.75,216.0,2.2846,0.4642,LOCK,3,looseness
22975,4414869,1393,243273.0,-0.0975,0.1209,-0.7605,0.7762,999.51,1000.0,0.49,53.75,216.0,2.2529,-0.0172,LOCK,3,looseness
22976,4414878,1402,243282.0,-0.0975,0.1209,-0.7605,0.7762,999.53,1000.0,0.47,53.75,216.0,2.2572,0.049,LOCK,3,looseness
22977,4414886,1410,243290.0,-0.1053,0.0585,-0.7839,0.7931,999.54,1000.0,0.46,53.75,216.0,2.2613,0.1107,LOCK,3,looseness
22978,4414896,1420,243300.0,0.1014,-0.0117,-0.6747,0.68238,999.55,1000.0,0.45,53.75,216.0,2.2663,0.187,LOCK,3,looseness
22979,4414904,1428,243308.0,0.0039,0.0117,-0.8385,0.83859,999.56,1000.0,0.44,53.75,216.0,2.2831,0.441,LOCK,3,looseness
22980,4414913,1437,243317.0,-0.1287,-0.0858,-0.6786,0.69601,999.57,1000.0,0.43,53.75,216.0,2.2755,0.3262,LOCK,3,looseness
22981,4414921,1445,243325.0,0.0624,-0.1053,-0.8346,0.84353,999.58,1000.0,0.42,53.75,216.0,2.2605,0.0985,LOCK,3,looseness
22982,4414940,1464,243344.0,-0.0819,-0.2457,-0.7371,0.78128,999.61,1000.0,0.39,53.75,216.0,2.2831,0.4407,LOCK,3,looseness
22983,4414953,1477,243357.0,-0.039,-0.0156,-0.9165,0.91746,999.63,1000.0,0.37,53.75,216.0,2.2817,0.4196,LOCK,3,looseness
22984,4414962,1486,243366.0,-0.0273,-0.0975,-0.7839,0.79041,999.65,1000.0,0.35,53.75,216.0,2.2734,0.2942,LOCK,3,looseness
22985,4414970,1494,243374.0,-0.0273,-0.0975,-0.7839,0.79041,999.67,1000.0,0.33,53.75,216.0,2.25,-0.0609,LOCK,3,looseness
22986,4414979,1503,243383.0,-0.117,0.0156,-0.9087,0.91633,999.69,1000.0,0.31,53.75,216.0,2.2606,0.0994,LOCK,3,looseness
22987,4414987,1511,243391.0,-0.2301,-0.1482,-0.663,0.71727,999.72,1000.0,0.28,53.75,216.0,2.2583,0.0652,LOCK,3,looseness
22988,4414996,1520,243400.0,-0.0936,-0.1677,-0.7332,0.75794,999.74,1000.0,0.26,53.75,216.0,2.272,0.2722,LOCK,3,looseness
22989,4415004,1528,243408.0,0.0351,0.078,-0.8034,0.80794,999.76,1000.0,0.24,53.75,216.0,2.2871,0.5011,LOCK,3,looseness
22990,4415013,1537,243417.0,0.0624,-0.2535,-0.7995,0.84104,999.78,1000.0,0.22,53.75,216.0,2.2782,0.3671,LOCK,3,looseness
22991,4415021,1545,243425.0,0.0624,-0.2535,-0.7995,0.84104,999.8,1000.0,0.2,53.75,216.0,2.2663,0.1864,LOCK,3,looseness
22992,4415040,1564,243444.0,-0.1872,-0.1131,-0.7371,0.76886,999.82,1000.0,0.18,53.75,216.0,2.2506,-0.0517,LOCK,3,looseness
22993,4415048,1572,243452.0,0.1053,0.1053,-0.8424,0.85546,999.84,1000.0,0.16,53.75,216.0,2.2717,0.2676,LOCK,3,looseness
22994,4415057,1581,243461.0,-0.1872,-0.1872,-0.8541,0.89419,999.87,1000.0,0.13,53.75,216.0,2.2699,0.241,LOCK,3,looseness
22995,4415065,1589,243469.0,-0.0663,-0.0585,-0.8307,0.83539,999.89,1000.0,0.11,53.75,216.0,2.2808,0.4056,LOCK,3,looseness
22996,4415074,1598,243478.0,0.0195,-0.0624,-0.8346,0.83716,999.91,1000.0,0.09,53.75,216.0,2.2636,0.1458,LOCK,3,looseness
22997,4415082,1606,243486.0,0.0195,-0.0624,-0.8346,0.83716,999.93,1000.0,0.07,53.75,216.0,2.2612,0.1092,LOCK,3,looseness
22998,4415091,1615,243495.0,0.0195,-0.2145,-0.7488,0.77916,999.95,1000.0,0.05,53.75,216.0,2.2614,0.1125,LOCK,3,looseness
22999,4415099,1623,243503.0,-0.0273,0.156,-0.8736,0.88784,999.96,1000.0,0.04,53.75,216.0,2.2785,0.3705,LOCK,3,looseness
23000,4415108,1632,243512.0,-0.0078,0.234,-0.6396,0.68111,999.99,1000.0,0.01,53.75,216.0,2.2878,0.5115,LOCK,3,looseness
23001,4415127,1651,243531.0,-0.078,-0.1014,-0.6786,0.69055,1000.02,1000.0,-0.02,53.75,216.0,2.2709,0.2554,LOCK,3,looseness
23002,4415135,1659,243539.0,-0.078,-0.1014,-0.6786,0.69055,1000.04,1000.0,-0.04,53.75,216.0,2.2703,0.2465,LOCK,3,looseness
23003,4415144,1668,243548.0,-0.0351,0.0312,-0.819,0.82035,1000.06,1000.0,-0.06,53.75,216.0,2.2593,0.0799,LOCK,3,looseness
23004,4415157,1681,243561.0,-0.0039,0.0,-0.7605,0.76051,1000.08,1000.0,-0.08,53.75,216.0,2.2868,0.4962,LOCK,3,looseness
23005,4415166,1690,243570.0,-0.0039,0.0,-0.7605,0.76051,1000.13,1000.0,-0.13,53.75,216.0,2.2813,0.4135,LOCK,3,looseness
23006,4415174,1698,243578.0,-0.0663,0.4056,-0.7332,0.84053,1000.16,1000.0,-0.16,53.75,216.0,2.254,0.0005,LOCK,3,looseness
23007,4415183,1707,243587.0,-0.0429,-0.0039,-0.6903,0.69164,1000.2,1000.0,-0.2,53.75,216.0,2.2509,-0.0465,LOCK,3,looseness
23008,4415191,1715,243595.0,0.0897,-0.0741,-0.897,0.90451,1000.23,1000.0,-0.23,53.75,216.0,2.26,0.0912,LOCK,3,looseness
23009,4415200,1724,243604.0,0.117,0.0078,-0.7488,0.75793,1000.26,1000.0,-0.26,53.75,216.0,2.2589,0.0744,LOCK,3,looseness
23010,4415218,1742,243622.0,-0.1248,-0.1287,-0.7449,0.76617,1000.28,1000.0,-0.28,53.75,216.0,2.2877,0.5103,LOCK,3,looseness
23011,4415227,1751,243631.0,-0.1248,-0.1287,-0.7449,0.76617,1000.31,1000.0,-0.31,53.75,216.0,2.2765,0.3402,LOCK,3,looseness
23012,4415235,1759,243639.0,0.0351,0.2691,-0.7644,0.81114,1000.34,1000.0,-0.34,53.75,216.0,2.2623,0.126,LOCK,3,looseness
23013,4415244,1768,243648.0,-0.1092,0.0507,-0.7449,0.75457,1000.36,1000.0,-0.36,53.75,216.0,2.2595,0.0826,LOCK,3,looseness
23014,4415253,1777,243657.0,0.0429,-0.1443,-0.7488,0.76378,1000.38,1000.0,-0.38,53.75,216.0,2.2843,0.4587,LOCK,3,looseness
23015,4415262,1786,243666.0,0.0039,-0.078,-0.8463,0.8499,1000.4,1000.0,-0.4,53.75,216.0,2.2853,0.4739,LOCK,3,looseness
23016,4415271,1795,243675.0,-0.1248,-0.1053,-0.6708,0.69039,1000.41,1000.0,-0.41,53.75,216.0,2.2946,0.6159,LOCK,3,looseness
23017,4415279,1803,243683.0,0.0897,-0.1677,-0.7995,0.82181,1000.43,1000.0,-0.43,53.75,216.0,2.2616,0.1153,LOCK,3,looseness
23018,4415288,1812,243692.0,0.0897,-0.1677,-0.7995,0.82181,1000.45,1000.0,-0.45,53.75,216.0,2.2612,0.1089,LOCK,3,looseness
23019,4415306,1830,243710.0,-0.0546,-0.0078,-0.6786,0.68084,1000.46,1000.0,-0.46,53.75,216.0,2.287,0.4993,LOCK,3,looseness
23020,4415315,1839,243719.0,-0.0234,-0.0429,-0.8385,0.83992,1000.48,1000.0,-0.48,53.75,216.0,2.2884,0.5216,LOCK,3,looseness
23021,4415323,1847,243727.0,-0.0936,-0.0312,-0.7527,0.75914,1000.49,1000.0,-0.49,53.75,216.0,2.2599,0.0887,LOCK,3,looseness
23022,4415332,1856,243736.0,-0.1053,-0.0312,-0.741,0.74909,1000.5,1000.0,-0.5,53.75,216.0,2.2758,0.3308,LOCK,3,looseness
23023,4415340,1864,243744.0,-0.1053,-0.0312,-0.741,0.74909,1000.51,1000.0,-0.51,53.75,216.0,2.2649,0.1656,LOCK,3,looseness
23024,4415364,1888,243768.0,-0.0195,0.1755,-0.7527,0.77314,1000.54,1000.0,-0.54,53.75,216.0,2.2829,0.4379,LOCK,3,looseness
23025,4415372,1896,243776.0,-0.0585,-0.0975,-0.8346,0.84231,1000.57,1000.0,-0.57,53.75,216.0,2.2775,0.3558,LOCK,3,looseness
23026,4415381,1905,243785.0,-0.0585,-0.0975,-0.8346,0.84231,1000.59,1000.0,-0.59,53.75,216.0,2.2561,0.0316,LOCK,3,looseness
23027,4415389,1913,243793.0,0.0273,-0.1638,-0.8112,0.82802,1000.61,1000.0,-0.61,53.75,216.0,2.2635,0.1437,LOCK,3,looseness
23028,4415398,1922,243802.0,-0.2145,-0.078,-0.9048,0.93314,1000.63,1000.0,-0.63,53.75,216.0,2.2558,0.0267,LOCK,3,looseness
23029,4415406,1930,243810.0,0.0156,0.1131,-0.6396,0.64971,1000.65,1000.0,-0.65,53.75,216.0,2.2807,0.4053,LOCK,3,looseness
23030,4415425,1949,243829.0,-0.1443,-0.0741,-0.8424,0.85788,1000.67,1000.0,-0.67,53.75,216.0,2.2786,0.372,LOCK,3,looseness
23031,4415433,1957,243837.0,0.0897,-0.1248,-0.7683,0.78352,1000.68,1000.0,-0.68,53.75,216.0,2.2631,0.1385,LOCK,3,looseness
23032,4415442,1966,243846.0,0.0897,-0.1248,-0.7683,0.78352,1000.7,1000.0,-0.7,53.75,216.0,2.2641,0.1537,LOCK,3,looseness
23033,4415450,1974,243854.0,-0.0507,-0.2028,-0.9126,0.93624,1000.71,1000.0,-0.71,53.75,216.0,2.2574,0.0518,LOCK,3,looseness
23034,4415466,1990,243870.0,-0.0156,0.0546,-0.7098,0.71207,1000.73,1000.0,-0.73,53.75,216.0,2.2817,0.4202,LOCK,3,looseness
23035,4415475,1999,243879.0,-0.1092,-0.0585,-0.8736,0.88234,1000.75,1000.0,-0.75,53.75,216.0,2.2772,0.3522,LOCK,3,looseness
23036,4415483,2007,243887.0,-0.1092,-0.0585,-0.8736,0.88234,1000.77,1000.0,-0.77,53.75,216.0,2.2651,0.1678,LOCK,3,looseness
23037,4415492,2016,243896.0,0.078,-0.0195,-0.8229,0.82682,1000.79,1000.0,-0.79,53.75,216.0,2.2465,-0.1131,LOCK,3,looseness
23038,4415500,2024,243904.0,-0.0819,0.0117,-0.7995,0.80377,1000.8,1000.0,-0.8,53.75,216.0,2.2672,0.2001,LOCK,3,looseness
23039,4415509,2033,243913.0,-0.078,-0.039,-0.663,0.66871,1000.81,1000.0,-0.81,53.75,216.0,2.2782,0.3671,LOCK,3,looseness
23040,4415527,2051,243931.0,-0.0819,0.2808,-0.819,0.86967,1000.83,1000.0,-0.83,53.75,216.0,2.2862,0.4874,LOCK,3,looseness
23041,4415536,2060,243940.0,-0.1911,-0.0234,-0.5811,0.61216,1000.85,1000.0,-0.85,53.75,216.0,2.27,0.2432,LOCK,3,looseness
23042,4415544,2068,243948.0,-0.1911,-0.0234,-0.5811,0.61216,1000.86,1000.0,-0.86,53.75,216.0,2.2582,0.0634,LOCK,3,looseness
23043,4415553,2077,243957.0,-0.0039,-0.1404,-0.741,0.75419,1000.88,1000.0,-0.88,53.75,216.0,2.2634,0.1418,LOCK,3,looseness
23044,4415572,2096,243976.0,-0.156,-0.1053,-0.741,0.76453,1000.89,1000.0,-0.89,53.75,216.0,2.2833,0.444,LOCK,3,looseness
23045,4415581,2105,243985.0,-0.117,0.0,-0.7761,0.78487,1000.9,1000.0,-0.9,53.75,216.0,2.2672,0.2007,LOCK,3,looseness
23046,4415589,2113,243993.0,-0.0468,0.156,-0.7293,0.74726,1000.92,1000.0,-0.92,53.75,216.0,2.2614,0.1116,LOCK,3,looseness
23047,4415597,2121,244001.0,0.0273,-0.078,-0.7527,0.75722,1000.94,1000.0,-0.94,53.75,216.0,2.2732,0.2902,LOCK,3,looseness
23048,4415606,2130,244010.0,0.0273,-0.078,-0.7527,0.75722,1000.96,1000.0,-0.96,53.75,216.0,2.2529,-0.0172,LOCK,3,looseness
23049,4415616,2140,244020.0,0.0312,-0.1872,-0.9321,0.95122,1000.98,1000.0,-0.98,53.75,216.0,2.2792,0.3811,LOCK,3,looseness
23050,4415624,2148,244028.0,0.0468,-0.0624,-0.6708,0.67532,1001.0,1000.0,-1.0,53.75,216.0,2.2754,0.3238,LOCK,3,looseness
23051,4415633,2157,244037.0,-0.117,-0.0273,-0.7839,0.79305,1001.01,1000.0,-1.01,53.75,216.0,2.2469,-0.1073,LOCK,3,looseness
23052,4415651,2175,244055.0,-0.0195,0.0117,-0.6981,0.69847,1001.03,1000.0,-1.03,53.75,216.0,2.2631,0.1376,LOCK,3,looseness
23053,4415660,2184,244064.0,0.0117,0.0936,-0.819,0.82441,1001.05,1000.0,-1.05,53.75,216.0,2.2694,0.2331,LOCK,3,looseness
23054,4415669,2193,244073.0,0.1053,0.0117,-0.897,0.90324,1001.07,1000.0,-1.07,53.75,216.0,2.2749,0.3173,LOCK,3,looseness
23055,4415678,2202,244082.0,0.1053,0.0117,-0.897,0.90324,1001.09,1000.0,-1.09,53.75,216.0,2.2783,0.3686,LOCK,3,looseness
23056,4415686,2210,244090.0,-0.195,-0.117,-0.6903,0.72679,1001.1,1000.0,-1.1,53.75,216.0,2.265,0.1659,LOCK,3,looseness
23057,4415695,2219,244099.0,-0.0897,-0.0546,-0.7761,0.78317,1001.12,1000.0,-1.12,53.75,216.0,2.262,0.1208,LOCK,3,looseness
23058,4415703,2227,244107.0,-0.039,-0.1014,-0.897,0.90356,1001.15,1000.0,-1.15,53.75,216.0,2.251,-0.0462,LOCK,3,looseness
23059,4415722,2246,244126.0,-0.0078,0.0702,-0.7137,0.71719,1001.17,1000.0,-1.17,53.75,216.0,2.2821,0.4257,LOCK,3,looseness
23060,4415730,2254,244134.0,-0.0234,-0.1404,-0.9009,0.91207,1001.2,1000.0,-1.2,53.75,216.0,2.281,0.4098,LOCK,3,looseness
23061,4415739,2263,244143.0,-0.0234,-0.1404,-0.9009,0.91207,1001.22,1000.0,-1.22,53.75,216.0,2.2642,0.1543,LOCK,3,looseness
23062,4415747,2271,244151.0,-0.0078,-0.0624,-0.7722,0.77476,1001.24,1000.0,-1.24,53.75,216.0,2.2522,-0.0279,LOCK,3,looseness
23063,4415756,2280,244160.0,-0.1755,-0.0507,-0.8073,0.82771,1001.25,1000.0,-1.25,53.75,216.0,2.2541,0.002,LOCK,3,looseness
23064,4415779,2303,244183.0,-0.0039,-0.0975,-0.8112,0.81705,1001.29,1000.0,-1.29,53.75,216.0,2.2791,0.3799,LOCK,3,looseness
23065,4415788,2312,244192.0,-0.0234,-0.0078,-0.8541,0.85446,1001.32,1000.0,-1.32,53.75,216.0,2.2503,-0.0554,LOCK,3,looseness
23066,4415796,2320,244200.0,0.0,-0.1209,-0.7605,0.77005,1001.35,1000.0,-1.35,53.75,216.0,2.2657,0.1778,LOCK,3,looseness
23067,4415805,2329,244209.0,0.039,-0.273,-0.8229,0.86788,1001.38,1000.0,-1.38,53.75,216.0,2.2645,0.1589,LOCK,3,looseness
23068,4415813,2337,244217.0,-0.0897,0.0858,-0.897,0.90555,1001.41,1000.0,-1.41,53.75,216.0,2.2653,0.1711,LOCK,3,looseness
23069,4415822,2346,244226.0,-0.0897,0.0858,-0.897,0.90555,1001.43,1000.0,-1.43,53.75,216.0,2.282,0.4245,LOCK,3,looseness
23070,4415841,2365,244245.0,-0.0234,-0.0507,-0.78,0.782,1001.48,1000.0,-1.48,53.75,216.0,2.2531,-0.0129,LOCK,3,looseness
23071,4415849,2373,244253.0,0.0195,0.1638,-0.8112,0.8278,1001.52,1000.0,-1.52,53.75,216.0,2.2643,0.1556,LOCK,3,looseness
23072,4415858,2382,244262.0,-0.1092,-0.1053,-0.7137,0.72964,1001.56,1000.0,-1.56,53.75,216.0,2.267,0.1974,LOCK,3,looseness
23073,4415866,2390,244270.0,-0.0273,-0.0117,-0.8814,0.8819,1001.6,1000.0,-1.6,53.75,216.0,2.2664,0.1876,LOCK,3,looseness
23074,4415876,2400,244280.0,-0.1014,-0.0429,-0.663,0.67208,1001.63,1000.0,-1.63,53.75,216.0,2.2773,0.3525,LOCK,3,looseness
23075,4415884,2408,244288.0,-0.2223,0.1404,-0.6864,0.73503,1001.67,1000.0,-1.67,53.75,216.0,2.281,0.4086,LOCK,3,looseness
23076,4415893,2417,244297.0,-0.2223,0.1404,-0.6864,0.73503,1001.7,1000.0,-1.7,53.75,216.0,2.2644,0.158,LOCK,3,looseness
23077,4415911,2435,244315.0,0.0468,-0.1638,-0.6903,0.71101,1001.74,1000.0,-1.74,53.75,216.0,2.2687,0.2233,LOCK,3,looseness
23078,4415920,2444,244324.0,-0.0819,-0.039,-0.7839,0.78913,1001.76,1000.0,-1.76,53.75,216.0,2.2755,0.3265,LOCK,3,looseness
23079,4415928,2452,244332.0,-0.1326,-0.0273,-0.8931,0.9033,1001.79,1000.0,-1.79,53.75,216.0,2.2783,0.3686,LOCK,3,looseness
23080,4415937,2461,244341.0,-0.1521,-0.0507,-0.7254,0.74291,1001.81,1000.0,-1.81,53.75,216.0,2.2593,0.0796,LOCK,3,looseness
23081,4415945,2469,244349.0,-0.1521,-0.0507,-0.7254,0.74291,1001.85,1000.0,-1.85,53.75,216.0,2.2706,0.2511,LOCK,3,looseness
23082,4415964,2488,244368.0,-0.0273,0.0624,-0.9048,0.90736,1001.88,1000.0,-1.88,53.75,216.0,2.26,0.0909,LOCK,3,looseness
23083,4415972,2496,244376.0,-0.0507,-0.3705,-0.702,0.79539,1001.91,1000.0,-1.91,53.75,216.0,2.2763,0.3381,LOCK,3,looseness
23084,4415986,2510,244390.0,0.0585,-0.0234,-0.7488,0.75145,1001.94,1000.0,-1.94,53.75,216.0,2.2851,0.4715,LOCK,3,looseness
23085,4415994,2518,244398.0,-0.1482,-0.0078,-0.9048,0.91689,1001.96,1000.0,-1.96,53.75,216.0,2.2685,0.2197,LOCK,3,looseness
23086,4416003,2527,244407.0,-0.039,-0.0624,-0.6981,0.70197,1002.01,1000.0,-2.01,53.75,216.0,2.2442,-0.1485,LOCK,3,looseness
23087,4416011,2535,244415.0,-0.2145,0.0429,-0.7098,0.74274,1002.06,1000.0,-2.06,53.75,216.0,2.2667,0.1931,LOCK,3,looseness
23088,4416020,2544,244424.0,-0.0312,0.0039,-0.8502,0.85078,1002.09,1000.0,-2.09,53.75,216.0,2.274,0.3024,LOCK,3,looseness
23089,4416028,2552,244432.0,-0.0351,-0.0663,-0.6669,0.67111,1002.13,1000.0,-2.13,53.75,216.0,2.2931,0.5921,LOCK,3,looseness
23090,4416047,2571,244451.0,0.0312,-0.0858,-0.7956,0.80082,1002.16,1000.0,-2.16,53.75,216.0,2.252,-0.0297,LOCK,3,looseness
23091,4416056,2580,244460.0,-0.1326,-0.0351,-0.8931,0.90357,1002.19,1000.0,-2.19,53.75,216.0,2.2693,0.2313,LOCK,3,looseness
23092,4416064,2588,244468.0,-0.1794,-0.1209,-0.663,0.6974,1002.24,1000.0,-2.24,53.75,216.0,2.2648,0.1629,LOCK,3,looseness
23093,4416073,2597,244477.0,-0.0117,0.0468,-0.7839,0.78538,1002.28,1000.0,-2.28,53.75,216.0,2.267,0.1965,LOCK,3,looseness
23094,4416081,2605,244485.0,-0.0156,0.0702,-0.8502,0.85324,1002.32,1000.0,-2.32,53.75,216.0,2.2848,0.4663,LOCK,3,looseness
23095,4416090,2614,244494.0,-0.0624,-0.0975,-0.7332,0.74228,1002.36,1000.0,-2.36,53.75,216.0,2.2853,0.4746,LOCK,3,looseness
23096,4416108,2632,244512.0,-0.0546,-0.0117,-0.8892,0.89095,1002.39,1000.0,-2.39,53.75,216.0,2.2551,0.0173,LOCK,3,looseness
23097,4416117,2641,244521.0,-0.1911,-0.1014,-0.7137,0.74577,1002.42,1000.0,-2.42,53.75,216.0,2.2509,-0.0474,LOCK,3,looseness
23098,4416126,2650,244530.0,0.0195,0.0975,-0.7293,0.73605,1002.48,1000.0,-2.48,53.75,216.0,2.2813,0.4141,LOCK,3,looseness
23099,4416134,2658,244538.0,-0.0897,-0.039,-0.8541,0.85968,1002.53,1000.0,-2.53,53.75,216.0,2.2852,0.4724,LOCK,3,looseness
23100,4416143,2667,244547.0,-0.1053,0.0,-0.702,0.70985,1002.57,1000.0,-2.57,53.75,216.0,2.2496,-0.0667,LOCK,3,looseness
23101,4416151,2675,244555.0,-0.0195,-0.0312,-0.7956,0.79645,1002.62,1000.0,-2.62,53.75,216.0,2.2758,0.3302,LOCK,3,looseness
23102,4416170,2694,244574.0,0.0,-0.0078,-0.9048,0.90483,1002.65,1000.0,-2.65,53.75,216.0,2.2737,0.2978,LOCK,3,looseness
23103,4416178,2702,244582.0,-0.1092,-0.078,-0.7137,0.72621,1002.69,1000.0,-2.69,53.75,216.0,2.2906,0.5551,LOCK,3,looseness
23104,4416192,2716,244596.0,-0.156,-0.0234,-0.858,0.87238,1002.75,1000.0,-2.75,53.75,216.0,2.2828,0.437,LOCK,3,looseness
23105,4416200,2724,244604.0,-0.156,-0.0234,-0.858,0.87238,1002.8,1000.0,-2.8,53.75,216.0,2.2489,-0.0779,LOCK,3,looseness
23106,4416209,2733,244613.0,0.0897,0.0156,-0.8034,0.80854,1002.85,1000.0,-2.85,53.75,216.0,2.2919,0.5747,LOCK,3,looseness
23107,4416217,2741,244621.0,-0.0351,0.0468,-0.7995,0.80164,1002.89,1000.0,-2.89,53.75,216.0,2.267,0.1974,LOCK,3,looseness
23108,4416226,2750,244630.0,-0.1209,0.0195,-0.741,0.75105,1002.93,1000.0,-2.93,53.75,216.0,2.2821,0.4263,LOCK,3,looseness
23109,4416234,2758,244638.0,0.0156,-0.1638,-0.8073,0.8239,1002.97,1000.0,-2.97,53.75,216.0,2.284,0.455,LOCK,3,looseness
23110,4416253,2777,244657.0,-0.0117,0.0663,-0.9009,0.90341,1003.04,1000.0,-3.04,53.75,216.0,2.2742,0.3064,LOCK,3,looseness
23111,4416262,2786,244666.0,-0.1014,-0.0156,-0.7254,0.73262,1003.09,1000.0,-3.09,53.75,216.0,2.2654,0.173,LOCK,3,looseness
23112,4416270,2794,244674.0,0.0624,-0.0507,-0.8034,0.80741,1003.15,1000.0,-3.15,53.75,216.0,2.2578,0.0576,LOCK,3,looseness
23113,4416279,2803,244683.0,-0.0624,-0.1248,-0.7956,0.80774,1003.2,1000.0,-3.2,53.75,216.0,2.2794,0.3848,LOCK,3,looseness
23114,4416287,2811,244691.0,-0.0702,-0.0468,-0.7215,0.72642,1003.24,1000.0,-3.24,53.75,216.0,2.2883,0.5191,LOCK,3,looseness
23115,4416296,2820,244700.0,-0.1365,-0.039,-0.8463,0.85812,1003.28,1000.0,-3.28,53.75,216.0,2.255,0.0155,LOCK,3,looseness
23116,4416314,2838,244718.0,-0.234,0.1248,-0.6474,0.69961,1003.35,1000.0,-3.35,53.75,216.0,2.2651,0.1678,LOCK,3,looseness
23117,4416323,2847,244727.0,0.0078,-0.0624,-0.7566,0.75921,1003.42,1000.0,-3.42,53.75,216.0,2.2557,0.0255,LOCK,3,looseness
23118,4416332,2856,244736.0,0.0117,-0.2496,-0.9126,0.94619,1003.48,1000.0,-3.48,53.75,216.0,2.2813,0.4138,LOCK,3,looseness
23119,4416341,2865,244745.0,0.0,-0.1092,-0.7176,0.72586,1003.53,1000.0,-3.53,53.75,216.0,2.2815,0.4162,LOCK,3,looseness
23120,4416349,2873,244753.0,-0.1248,-0.1287,-0.7332,0.7548,1003.58,1000.0,-3.58,53.75,216.0,2.2467,-0.1112,LOCK,3,looseness
23121,4416358,2882,244762.0,0.1131,0.1872,-0.8034,0.83264,1003.62,1000.0,-3.62,53.75,216.0,2.2825,0.4321,LOCK,3,looseness
23122,4416366,2890,244770.0,0.1131,0.1872,-0.8034,0.83264,1003.69,1000.0,-3.69,53.75,216.0,2.2724,0.2795,LOCK,3,looseness
23123,4416385,2909,244789.0,-0.0312,-0.0234,-0.8034,0.80435,1003.75,1000.0,-3.75,53.75,216.0,2.2747,0.3131,LOCK,3,looseness
23124,4416398,2922,244802.0,-0.0819,-0.1287,-0.8619,0.8753,1003.8,1000.0,-3.8,53.75,216.0,2.2828,0.4361,LOCK,3,looseness
23125,4416407,2931,244811.0,-0.0819,-0.1287,-0.8619,0.8753,1003.85,1000.0,-3.85,53.75,216.0,2.2605,0.0982,LOCK,3,looseness
23126,4416415,2939,244819.0,-0.1638,0.0,-0.8775,0.89266,1003.89,1000.0,-3.89,53.75,216.0,2.2652,0.1702,LOCK,3,looseness
23127,4416424,2948,244828.0,-0.0702,-0.0273,-0.7176,0.72154,1003.97,1000.0,-3.97,53.75,216.0,2.2587,0.0719,LOCK,3,looseness
23128,4416432,2956,244836.0,-0.0195,-0.1755,-0.7332,0.75416,1004.04,1000.0,-4.04,53.75,216.0,2.2801,0.3955,LOCK,3,looseness
23129,4416441,2965,244845.0,-0.0741,0.156,-0.6513,0.67381,1004.11,1000.0,-4.11,53.75,216.0,2.2825,0.4312,LOCK,3,looseness
23130,4416460,2984,244864.0,-0.1365,0.0039,-0.8502,0.8611,1004.16,1000.0,-4.16,53.75,216.0,2.2614,0.1119,LOCK,3,looseness
23131,4416468,2992,244872.0,-0.1365,0.0039,-0.8502,0.8611,1004.21,1000.0,-4.21,53.75,216.0,2.2295,-0.3707,LOCK,3,looseness
23132,4416477,3001,244881.0,-0.1482,-0.2262,-0.8346,0.87732,1004.26,1000.0,-4.26,53.75,216.0,2.2776,0.357,LOCK,3,looseness
23133,4416485,3009,244889.0,-0.1092,0.0702,-0.8307,0.84078,1004.33,1000.0,-4.33,53.75,216.0,2.2708,0.2551,LOCK,3,looseness
23134,4416494,3018,244898.0,-0.0819,-0.0585,-0.6942,0.70146,1004.4,1000.0,-4.4,53.75,216.0,2.2736,0.2972,LOCK,3,looseness
23135,4416502,3026,244906.0,0.0117,0.0468,-0.819,0.82042,1004.45,1000.0,-4.45,53.75,216.0,2.2389,-0.2284,LOCK,3,looseness
23136,4416521,3045,244925.0,-0.0507,-0.0351,-0.7449,0.74745,1004.51,1000.0,-4.51,53.75,216.0,2.265,0.1672,LOCK,3,looseness
23137,4416529,3053,244933.0,-0.0507,-0.0351,-0.7449,0.74745,1004.55,1000.0,-4.55,53.75,216.0,2.2726,0.2819,LOCK,3,looseness
23138,4416538,3062,244942.0,-0.0585,-0.078,-0.8229,0.82866,1004.6,1000.0,-4.6,53.75,216.0,2.2818,0.4211,LOCK,3,looseness
23139,4416547,3071,244951.0,-0.039,0.0975,-0.7371,0.74454,1004.66,1000.0,-4.66,53.75,216.0,2.2801,0.3958,LOCK,3,looseness
23140,4416555,3079,244959.0,-0.0156,-0.2418,-0.7605,0.79817,1004.71,1000.0,-4.71,53.75,216.0,2.2558,0.028,LOCK,3,looseness
23141,4416564,3088,244968.0,0.0819,-0.2067,-0.8502,0.87879,1004.76,1000.0,-4.76,53.75,216.0,2.267,0.1971,LOCK,3,looseness
23142,4416582,3106,244986.0,-0.0936,-0.0663,-0.7917,0.79997,1004.81,1000.0,-4.81,53.75,216.0,2.2809,0.4077,LOCK,3,looseness
23143,4416591,3115,244995.0,-0.0936,-0.0663,-0.7917,0.79997,1004.85,1000.0,-4.85,53.75,216.0,2.2814,0.4144,LOCK,3,looseness
23144,4416604,3128,245008.0,-0.0156,-0.0273,-0.6513,0.65206,1004.93,1000.0,-4.93,53.75,216.0,2.2836,0.4486,LOCK,3,looseness
23145,4416613,3137,245017.0,-0.0312,-0.0078,-0.7722,0.77287,1005.0,1000.0,-5.0,53.75,216.0,2.243,-0.1668,LOCK,3,looseness
23146,4416621,3145,245025.0,-0.0312,-0.0078,-0.7722,0.77287,1005.06,1000.0,-5.06,53.75,216.0,2.2618,0.1186,LOCK,3,looseness
23147,4416630,3154,245034.0,-0.0039,-0.1014,-0.9087,0.91435,1005.11,1000.0,-5.11,53.75,216.0,2.2636,0.1458,LOCK,3,looseness
23148,4416638,3162,245042.0,-0.0117,-0.2886,-0.7254,0.78079,1005.16,1000.0,-5.16,53.75,216.0,2.2802,0.397,LOCK,3,looseness
23149,4416647,3171,245051.0,-0.0936,-0.039,-0.7605,0.76723,1005.21,1000.0,-5.21,53.75,216.0,2.2812,0.4126,LOCK,3,looseness
23150,4416666,3190,245070.0,0.039,0.1092,-0.7449,0.75387,1005.29,1000.0,-5.29,53.75,216.0,2.2638,0.1492,LOCK,3,looseness
23151,4416674,3198,245078.0,0.0312,0.1131,-0.7488,0.75794,1005.36,1000.0,-5.36,53.75,216.0,2.2633,0.1415,LOCK,3,looseness
23152,4416683,3207,245087.0,0.0312,0.1131,-0.7488,0.75794,1005.43,1000.0,-5.43,53.75,216.0,2.2693,0.2325,LOCK,3,looseness
23153,4416691,3215,245095.0,-0.0195,-0.0117,-0.6123,0.61272,1005.49,1000.0,-5.49,53.75,216.0,2.2873,0.5045,LOCK,3,looseness
23154,4416700,3224,245104.0,-0.0507,-0.1014,-0.8346,0.84226,1005.54,1000.0,-5.54,53.75,216.0,2.2773,0.3534,LOCK,3,looseness
23155,4416709,3233,245113.0,-0.1287,-0.1209,-0.8814,0.89891,1005.59,1000.0,-5.59,53.75,216.0,2.2696,0.2362,LOCK,3,looseness
23156,4416717,3241,245121.0,-0.1209,0.0429,-0.6006,0.61415,1005.63,1000.0,-5.63,53.75,216.0,2.2528,-0.0181,LOCK,3,looseness
23157,4416736,3260,245140.0,-0.0897,0.0897,-0.8736,0.88276,1005.7,1000.0,-5.7,53.75,216.0,2.2725,0.281,LOCK,3,looseness
23158,4416744,3268,245148.0,-0.0897,0.0897,-0.8736,0.88276,1005.77,1000.0,-5.77,53.75,216.0,2.2687,0.2233,LOCK,3,looseness
23159,4416753,3277,245157.0,0.0195,-0.1638,-0.7683,0.78581,1005.83,1000.0,-5.83,53.75,216.0,2.2875,0.5078,LOCK,3,looseness
23160,4416761,3285,245165.0,-0.0507,0.0468,-0.8619,0.86466,1005.88,1000.0,-5.88,53.75,216.0,2.255,0.0152,LOCK,3,looseness
23161,4416770,3294,245174.0,-0.2145,-0.0585,-0.8073,0.83736,1005.93,1000.0,-5.93,53.75,216.0,2.2778,0.3613,LOCK,3,looseness
23162,4416778,3302,245182.0,-0.0156,-0.1521,-0.7488,0.76425,1006.01,1000.0,-6.01,53.75,216.0,2.2726,0.2822,LOCK,3,looseness
23163,4416797,3321,245201.0,-0.0273,0.0195,-0.975,0.97558,1006.08,1000.0,-6.08,53.75,216.0,2.2827,0.4349,LOCK,3,looseness
23164,4416810,3334,245214.0,-0.1287,-0.0702,-0.7683,0.78216,1006.14,1000.0,-6.14,53.75,216.0,2.2864,0.4904,LOCK,3,looseness
23165,4416819,3343,245223.0,-0.078,0.0312,-0.8073,0.81166,1006.2,1000.0,-6.2,53.75,216.0,2.2668,0.1946,LOCK,3,looseness
23166,4416827,3351,245231.0,-0.078,0.0312,-0.8073,0.81166,1006.25,1000.0,-6.25,53.75,216.0,2.2654,0.1733,LOCK,3,looseness
23167,4416836,3360,245240.0,-0.0741,-0.0975,-0.7527,0.7626,1006.3,1000.0,-6.3,53.75,216.0,2.2552,0.0176,LOCK,3,looseness
23168,4416845,3369,245249.0,-0.0156,0.156,-0.7995,0.81473,1006.37,1000.0,-6.37,53.75,216.0,2.2813,0.4135,LOCK,3,looseness
23169,4416854,3378,245258.0,-0.1521,-0.1014,-0.7644,0.78595,1006.44,1000.0,-6.44,53.75,216.0,2.2894,0.5362,LOCK,3,looseness
23170,4416862,3386,245266.0,0.1053,-0.1911,-0.7293,0.76124,1006.51,1000.0,-6.51,53.75,216.0,2.2507,-0.0505,LOCK,3,looseness
23171,4416881,3405,245285.0,-0.1716,0.0117,-0.6591,0.68117,1006.56,1000.0,-6.56,53.75,216.0,2.2644,0.1577,LOCK,3,looseness
23172,4416889,3413,245293.0,-0.0936,-0.0858,-0.7956,0.80567,1006.62,1000.0,-6.62,53.75,216.0,2.2814,0.4153,LOCK,3,looseness
23173,4416898,3422,245302.0,-0.0936,-0.0858,-0.7956,0.80567,1006.7,1000.0,-6.7,53.75,216.0,2.2822,0.4266,LOCK,3,looseness
23174,4416907,3431,245311.0,-0.1482,0.2379,-0.8151,0.86194,1006.77,1000.0,-6.77,53.75,216.0,2.2811,0.4101,LOCK,3,looseness
23175,4416915,3439,245319.0,0.0702,-0.1833,-0.6981,0.72517,1006.84,1000.0,-6.84,53.75,216.0,2.252,-0.0297,LOCK,3,looseness
23176,4416924,3448,245328.0,0.039,-0.1755,-0.8385,0.85756,1006.9,1000.0,-6.9,53.75,216.0,2.2719,0.2713,LOCK,3,looseness
23177,4416932,3456,245336.0,-0.0585,-0.1404,-0.7215,0.73736,1006.96,1000.0,-6.96,53.75,216.0,2.2593,0.0805,LOCK,3,looseness
23178,4416951,3475,245355.0,0.1053,0.0819,-0.8775,0.88758,1007.01,1000.0,-7.01,53.75,216.0,2.2796,0.3882,LOCK,3,looseness
23179,4416959,3483,245363.0,0.1053,0.0819,-0.8775,0.88758,1007.09,1000.0,-7.09,53.75,216.0,2.2822,0.4275,LOCK,3,looseness
23180,4416968,3492,245372.0,-0.0741,0.0429,-0.7293,0.73431,1007.17,1000.0,-7.17,53.75,216.0,2.2671,0.1989,LOCK,3,looseness
23181,4416976,3500,245380.0,-0.0546,0.078,-0.7644,0.77031,1007.23,1000.0,-7.23,53.75,216.0,2.2568,0.042,LOCK,3,looseness
23182,4416985,3509,245389.0,-0.0429,-0.1014,-0.6903,0.69903,1007.3,1000.0,-7.3,53.75,216.0,2.2678,0.2084,LOCK,3,looseness
23183,4416993,3517,245397.0,-0.039,-0.0936,-0.8073,0.81364,1007.35,1000.0,-7.35,53.75,216.0,2.2754,0.3244,LOCK,3,looseness
23184,4417017,3541,245421.0,-0.2574,-0.1326,-0.6084,0.67379,1007.4,1000.0,-7.4,53.75,216.0,2.282,0.4242,LOCK,3,looseness
23185,4417025,3549,245429.0,0.0078,-0.1365,-0.6786,0.69224,1007.47,1000.0,-7.47,53.75,216.0,2.292,0.5753,LOCK,3,looseness
23186,4417034,3558,245438.0,0.0,0.1872,-0.8775,0.89725,1007.53,1000.0,-7.53,53.75,216.0,2.2494,-0.07,LOCK,3,looseness
23187,4417042,3566,245446.0,0.0,0.1872,-0.8775,0.89725,1007.58,1000.0,-7.58,53.75,216.0,2.2743,0.307,LOCK,3,looseness
23188,4417061,3585,245465.0,-0.0585,-0.0819,-0.7683,0.77486,1007.63,1000.0,-7.63,53.75,216.0,2.281,0.4092,LOCK,3,looseness
23189,4417070,3594,245474.0,-0.1092,0.0351,-0.8619,0.8695,1007.67,1000.0,-7.67,53.75,216.0,2.2588,0.0735,LOCK,3,looseness
23190,4417078,3602,245482.0,-0.0468,0.0546,-0.8385,0.84158,1007.75,1000.0,-7.75,53.75,216.0,2.2626,0.1299,LOCK,3,looseness
23191,4417087,3611,245491.0,-0.0936,-0.0273,-0.7956,0.80155,1007.82,1000.0,-7.82,53.75,216.0,2.2597,0.0857,LOCK,3,looseness
23192,4417095,3619,245499.0,0.0351,0.0546,-0.7917,0.79436,1007.88,1000.0,-7.88,53.75,216.0,2.279,0.3787,LOCK,3,looseness
23193,4417105,3629,245509.0,-0.0429,-0.1131,-0.819,0.82788,1007.94,1000.0,-7.94,53.75,216.0,2.2811,0.4101,LOCK,3,looseness
23194,4417113,3637,245517.0,-0.0429,-0.1131,-0.819,0.82788,1007.99,1000.0,-7.99,53.75,216.0,2.2774,0.3549,LOCK,3,looseness
23195,4417122,3646,245526.0,-0.1521,0.039,-0.6981,0.71554,1008.04,1000.0,-8.04,53.75,216.0,2.2616,0.1156,LOCK,3,looseness
23196,4417140,3664,245544.0,-0.2145,0.2418,-0.7878,0.85153,1008.1,1000.0,-8.1,53.75,216.0,2.2605,0.0982,LOCK,3,looseness
23197,4417149,3673,245553.0,-0.0897,-0.1053,-0.702,0.7155,1008.15,1000.0,-8.15,53.75,216.0,2.2813,0.4129,LOCK,3,looseness
23198,4417158,3682,245562.0,0.117,-0.3705,-0.8112,0.89945,1008.2,1000.0,-8.2,53.75,216.0,2.2808,0.4062,LOCK,3,looseness
23199,4417166,3690,245570.0,0.0,-0.0507,-0.8931,0.89454,1008.25,1000.0,-8.25,53.75,216.0,2.2607,0.1021,LOCK,3,looseness
23200,4417175,3699,245579.0,0.0,-0.0507,-0.8931,0.89454,1008.28,1000.0,-8.28,53.75,216.0,2.2699,0.2407,LOCK,3,looseness
23201,4417183,3707,245587.0,-0.2184,-0.1014,-0.7527,0.79028,1008.32,1000.0,-8.32,53.75,216.0,2.2614,0.1125,LOCK,3,looseness
23202,4417202,3726,245606.0,-0.156,0.0897,-0.7956,0.8157,1008.39,1000.0,-8.39,53.75,216.0,2.2723,0.2777,LOCK,3,looseness
23203,4417210,3734,245614.0,-0.0156,0.0117,-0.6318,0.6321,1008.46,1000.0,-8.46,53.75,216.0,2.286,0.4849,LOCK,3,looseness
23204,4417224,3748,245628.0,0.0351,-0.1638,-0.7917,0.80923,1008.51,1000.0,-8.51,53.75,216.0,2.2662,0.1855,LOCK,3,looseness
23205,4417232,3756,245636.0,0.0039,-0.0234,-0.9009,0.90121,1008.57,1000.0,-8.57,53.75,216.0,2.2652,0.1699,LOCK,3,looseness
23206,4417241,3765,245645.0,-0.195,-0.078,-0.6747,0.70663,1008.61,1000.0,-8.61,53.75,216.0,2.2495,-0.0682,LOCK,3,looseness
23207,4417249,3773,245653.0,-0.0468,-0.1131,-0.8463,0.85511,1008.66,1000.0,-8.66,53.75,216.0,2.2829,0.4385,LOCK,3,looseness
23208,4417258,3782,245662.0,-0.0468,-0.1131,-0.8463,0.85511,1008.73,1000.0,-8.73,53.75,216.0,2.2838,0.452,LOCK,3,looseness
23209,4417276,3800,245680.0,-0.1092,0.117,-0.6396,0.65932,1008.79,1000.0,-8.79,53.75,216.0,2.2807,0.4053,LOCK,3,looseness
23210,4417285,3809,245689.0,0.0273,0.0117,-0.7722,0.77277,1008.85,1000.0,-8.85,53.75,216.0,2.269,0.2279,LOCK,3,looseness
23211,4417293,3817,245697.0,-0.0702,-0.0039,-0.9399,0.94253,1008.9,1000.0,-8.9,53.75,216.0,2.2671,0.1989,LOCK,3,looseness
23212,4417302,3826,245706.0,-0.0975,-0.0702,-0.7137,0.72374,1008.94,1000.0,-8.94,53.75,216.0,2.2737,0.2981,LOCK,3,looseness
23213,4417310,3834,245714.0,-0.0936,0.1248,-0.7917,0.80692,1008.98,1000.0,-8.98,53.75,216.0,2.2863,0.4895,LOCK,3,looseness
23214,4417319,3843,245723.0,-0.0936,0.1248,-0.7917,0.80692,1009.05,1000.0,-9.05,53.75,216.0,2.2829,0.4385,LOCK,3,looseness
23215,4417338,3862,245742.0,-0.0468,-0.0195,-0.7488,0.75051,1009.12,1000.0,-9.12,53.75,216.0,2.2662,0.1849,LOCK,3,looseness
23216,4417346,3870,245750.0,0.0468,-0.0897,-0.819,0.82523,1009.18,1000.0,-9.18,53.75,216.0,2.2693,0.2325,LOCK,3,looseness
23217,4417355,3879,245759.0,-0.1482,-0.0312,-0.6981,0.71434,1009.23,1000.0,-9.23,53.75,216.0,2.2882,0.5179,LOCK,3,looseness
23218,4417363,3887,245767.0,-0.0546,-0.1794,-0.7995,0.8212,1009.27,1000.0,-9.27,53.75,216.0,2.2851,0.4715,LOCK,3,looseness
23219,4417372,3896,245776.0,0.0,0.1248,-0.8385,0.84774,1009.35,1000.0,-9.35,53.75,216.0,2.268,0.2126,LOCK,3,looseness
23220,4417380,3904,245784.0,0.0,0.1248,-0.8385,0.84774,1009.42,1000.0,-9.42,53.75,216.0,2.2703,0.2471,LOCK,3,looseness
23221,4417399,3923,245803.0,0.0741,-0.2496,-0.7839,0.82601,1009.48,1000.0,-9.48,53.75,216.0,2.2722,0.2752,LOCK,3,looseness
23222,4417407,3931,245811.0,-0.0273,-0.1053,-0.7644,0.7721,1009.53,1000.0,-9.53,53.75,216.0,2.2753,0.3232,LOCK,3,looseness
23223,4417416,3940,245820.0,-0.1716,-0.1716,-0.7956,0.83179,1009.58,1000.0,-9.58,53.75,216.0,2.284,0.4538,LOCK,3,looseness
23224,4417429,3953,245833.0,-0.0429,0.0195,-0.8307,0.83204,1009.62,1000.0,-9.62,53.75,216.0,2.2738,0.2999,LOCK,3,looseness
23225,4417438,3962,245842.0,-0.0312,0.1365,-0.6279,0.64332,1009.69,1000.0,-9.69,53.75,216.0,2.2557,0.0258,LOCK,3,looseness
23226,4417446,3970,245850.0,0.0078,0.0312,-0.8268,0.82743,1009.75,1000.0,-9.75,53.75,216.0,2.2648,0.1641,LOCK,3,looseness
23227,4417455,3979,245859.0,0.0039,-0.117,-0.7059,0.71554,1009.81,1000.0,-9.81,53.75,216.0,2.2828,0.4361,LOCK,3,looseness
23228,4417463,3987,245867.0,0.0039,-0.117,-0.7059,0.71554,1009.86,1000.0,-9.86,53.75,216.0,2.2879,0.513,LOCK,3,looseness
23229,4417472,3996,245876.0,0.0234,-0.0546,-0.7917,0.79393,1009.91,1000.0,-9.91,53.75,216.0,2.2827,0.4352,LOCK,3,looseness
23230,4417491,4015,245895.0,-0.0039,-0.1014,-0.7917,0.79818,1009.98,1000.0,-9.98,53.75,216.0,2.2577,0.0561,LOCK,3,looseness
23231,4417499,4023,245903.0,-0.2379,0.1053,-0.7176,0.7633,1010.05,1000.0,-10.05,53.75,216.0,2.2648,0.1629,LOCK,3,looseness
23232,4417508,4032,245912.0,-0.0195,0.0858,-0.6279,0.63403,1010.11,1000.0,-10.11,53.75,216.0,2.2709,0.2554,LOCK,3,looseness
23233,4417516,4040,245920.0,0.0819,-0.0234,-0.7878,0.79239,1010.16,1000.0,-10.16,53.75,216.0,2.288,0.5158,LOCK,3,looseness
23234,4417525,4049,245929.0,0.0819,-0.0234,-0.7878,0.79239,1010.21,1000.0,-10.21,53.75,216.0,2.257,0.0454,LOCK,3,looseness
23235,4417533,4057,245937.0,-0.078,0.0078,-0.9477,0.95094,1010.26,1000.0,-10.26,53.75,216.0,2.2712,0.2603,LOCK,3,looseness
23236,4417552,4076,245956.0,-0.1365,-0.1248,-0.7956,0.81681,1010.32,1000.0,-10.32,53.75,216.0,2.2451,-0.1344,LOCK,3,looseness
23237,4417560,4084,245964.0,-0.1911,-0.1404,-0.6006,0.64572,1010.37,1000.0,-10.37,53.75,216.0,2.2839,0.4529,LOCK,3,looseness
23238,4417569,4093,245973.0,0.0156,0.195,-0.8151,0.83825,1010.42,1000.0,-10.42,53.75,216.0,2.2689,0.2252,LOCK,3,looseness
23239,4417577,4101,245981.0,-0.0156,-0.1638,-0.8814,0.89663,1010.47,1000.0,-10.47,53.75,216.0,2.2534,-0.0087,LOCK,3,looseness
23240,4417586,4110,245990.0,-0.0156,-0.1638,-0.8814,0.89663,1010.51,1000.0,-10.51,53.75,216.0,2.2847,0.4651,LOCK,3,looseness
23241,4417605,4129,246009.0,-0.1677,-0.0468,-0.8775,0.89461,1010.54,1000.0,-10.54,53.75,216.0,2.2642,0.154,LOCK,3,looseness
23242,4417613,4137,246017.0,-0.0078,0.0975,-0.6318,0.63933,1010.6,1000.0,-10.6,53.75,216.0,2.2777,0.3586,LOCK,3,looseness
23243,4417622,4146,246026.0,0.0585,-0.156,-0.9126,0.92768,1010.65,1000.0,-10.65,53.75,216.0,2.2606,0.1003,LOCK,3,looseness
23244,4417635,4159,246039.0,-0.1014,-0.0195,-0.8697,0.87581,1010.7,1000.0,-10.7,53.75,216.0,2.2572,0.0484,LOCK,3,looseness
23245,4417644,4168,246048.0,0.0312,-0.0819,-0.7215,0.7268,1010.74,1000.0,-10.74,53.75,216.0,2.2664,0.1879,LOCK,3,looseness
23246,4417672,4196,246076.0,0.039,0.3276,-0.7722,0.83972,1010.78,1000.0,-10.78,53.75,216.0,2.2828,0.4364,LOCK,3,looseness
23247,4417680,4204,246084.0,-0.0741,-0.1872,-0.7839,0.80934,1010.82,1000.0,-10.82,53.75,216.0,2.2537,-0.0047,LOCK,3,looseness
23248,4417689,4213,246093.0,-0.0741,-0.1872,-0.7839,0.80934,1010.86,1000.0,-10.86,53.75,216.0,2.2813,0.4132,LOCK,3,looseness
23249,4417697,4221,246101.0,0.1833,-0.2223,-0.7137,0.76966,1010.89,1000.0,-10.89,53.75,216.0,2.2539,-0.0022,LOCK,3,looseness
23250,4417706,4230,246110.0,-0.0351,-0.039,-0.9009,0.90243,1010.92,1000.0,-10.92,53.75,216.0,2.2582,0.0637,LOCK,3,looseness
23251,4417724,4248,246128.0,-0.1248,0.0936,-0.8346,0.84905,1010.95,1000.0,-10.95,53.75,216.0,2.2833,0.444,LOCK,3,looseness
23252,4417733,4257,246137.0,0.0234,0.2496,-0.6513,0.69788,1011.0,1000.0,-11.0,53.75,216.0,2.2623,0.1257,LOCK,3,looseness
23253,4417741,4265,246145.0,-0.0312,-0.0117,-0.6942,0.695,1011.05,1000.0,-11.05,53.75,216.0,2.253,-0.0148,LOCK,3,looseness
23254,4417750,4274,246154.0,-0.0312,-0.0117,-0.6942,0.695,1011.09,1000.0,-11.09,53.75,216.0,2.2655,0.1745,LOCK,3,looseness
23255,4417758,4282,246162.0,-0.0156,-0.0585,-0.9087,0.91071,1011.13,1000.0,-11.13,53.75,216.0,2.2671,0.1986,LOCK,3,looseness
23256,4417821,4345,246225.0,-0.0897,-0.1287,-0.6591,0.67751,1011.17,1000.0,-11.17,53.75,216.0,2.2733,0.2923,LOCK,3,looseness
23257,4417829,4353,246233.0,0.0156,-0.0585,-0.8502,0.85235,1011.21,1000.0,-11.21,53.75,216.0,2.2801,0.3955,LOCK,3,looseness
23258,4417843,4367,246247.0,-0.2262,-0.0858,-0.8814,0.914,1011.25,1000.0,-11.25,53.75,216.0,2.2837,0.4495,LOCK,3,looseness
23259,4417851,4375,246255.0,-0.1365,-0.1287,-0.6981,0.72287,1011.3,1000.0,-11.3,53.75,216.0,2.2765,0.3412,LOCK,3,looseness
23260,4417860,4384,246264.0,0.0156,-0.1365,-0.8853,0.8959,1011.34,1000.0,-11.34,53.75,216.0,2.2712,0.2612,LOCK,3,looseness
23261,4417869,4393,246273.0,-0.1092,0.0585,-0.8697,0.87848,1011.39,1000.0,-11.39,53.75,216.0,2.2728,0.2853,LOCK,3,looseness
23262,4417877,4401,246281.0,0.0702,-0.156,-0.7956,0.81378,1011.42,1000.0,-11.42,53.75,216.0,2.2759,0.3317,LOCK,3,looseness
23263,4417886,4410,246290.0,-0.1638,-0.1092,-0.8346,0.8575,1011.46,1000.0,-11.46,53.75,216.0,2.263,0.1357,LOCK,3,looseness
23264,4417904,4428,246308.0,-0.1248,0.0819,-0.6201,0.63781,1011.49,1000.0,-11.49,53.75,216.0,2.2637,0.1473,LOCK,3,looseness
23265,4417913,4437,246317.0,0.1404,0.0897,-0.7566,0.77473,1011.52,1000.0,-11.52,53.75,216.0,2.2698,0.2395,LOCK,3,looseness
23266,4417921,4445,246325.0,-0.1287,-0.0546,-0.9828,0.99269,1011.55,1000.0,-11.55,53.75,216.0,2.2835,0.4471,LOCK,3,looseness
23267,4417930,4454,246334.0,0.0195,-0.0975,-0.78,0.78631,1011.58,1000.0,-11.58,53.75,216.0,2.2839,0.4526,LOCK,3,looseness
23268,4417938,4462,246342.0,-0.0585,-0.0195,-0.8112,0.81354,1011.6,1000.0,-11.6,53.75,216.0,2.2807,0.4053,LOCK,3,looseness
23269,4417947,4471,246351.0,-0.0975,0.0702,-0.741,0.75068,1011.62,1000.0,-11.62,53.75,216.0,2.2766,0.3427,LOCK,3,looseness
23270,4417966,4490,246370.0,-0.0468,-0.0507,-0.8073,0.81024,1011.65,1000.0,-11.65,53.75,216.0,2.2853,0.4739,LOCK,3,looseness
23271,4417974,4498,246378.0,-0.0273,0.3939,-0.7527,0.84998,1011.68,1000.0,-11.68,53.75,216.0,2.2776,0.3573,LOCK,3,looseness
23272,4417983,4507,246387.0,-0.1443,-0.0312,-0.624,0.64123,1011.71,1000.0,-11.71,53.75,216.0,2.2794,0.3851,LOCK,3,looseness
23273,4417991,4515,246395.0,0.1443,-0.1521,-0.7683,0.79639,1011.73,1000.0,-11.73,53.75,216.0,2.2766,0.3424,LOCK,3,looseness
23274,4418000,4524,246404.0,0.0702,0.0117,-0.8736,0.87649,1011.75,1000.0,-11.75,53.75,216.0,2.2618,0.1177,LOCK,3,looseness
23275,4418018,4542,246422.0,-0.0039,-0.1521,-0.8034,0.81768,1011.77,1000.0,-11.77,53.75,216.0,2.2641,0.1537,LOCK,3,looseness
23276,4418027,4551,246431.0,-0.0039,-0.1521,-0.8034,0.81768,1011.77,1000.0,-11.77,53.75,216.0,2.2641,0.1537,LOCK,3,looseness
23277,4418035,4559,246439.0,-0.0156,0.1872,-0.8268,0.84787,1011.77,1000.0,-11.77,53.75,216.0,2.2577,0.0561,LOCK,3,looseness
23278,4418049,4573,246453.0,0.0117,-0.2106,-0.78,0.80802,1011.76,1000.0,-11.76,53.75,216.0,2.2659,0.1809,LOCK,3,looseness
23279,4418057,4581,246461.0,0.0117,-0.2106,-0.78,0.80802,1011.76,1000.0,-11.76,53.75,216.0,2.2583,0.0655,LOCK,3,looseness
23280,4418075,4599,246479.0,-0.0819,-0.1404,-0.741,0.75862,1011.76,1000.0,-11.76,53.75,216.0,2.2765,0.3412,LOCK,3,looseness
23281,4418083,4607,246487.0,0.0507,-0.0312,-0.7878,0.79005,1011.74,1000.0,-11.74,53.75,216.0,2.285,0.4697,LOCK,3,looseness
23282,4418092,4616,246496.0,0.0312,-0.2379,-0.7527,0.79002,1011.73,1000.0,-11.73,53.75,216.0,2.2551,0.0164,LOCK,3,looseness
23283,4418101,4625,246505.0,-0.0117,0.0468,-0.7956,0.79706,1011.71,1000.0,-11.71,53.75,216.0,2.2638,0.1492,LOCK,3,looseness
23284,4418109,4633,246513.0,-0.0117,0.0468,-0.7956,0.79706,1011.7,1000.0,-11.7,53.75,216.0,2.2612,0.1089,LOCK,3,looseness
23285,4418128,4652,246532.0,0.0039,-0.1599,-0.7215,0.73902,1011.69,1000.0,-11.69,53.75,216.0,2.2775,0.3567,LOCK,3,looseness
23286,4418136,4660,246540.0,-0.1599,0.0546,-0.819,0.83625,1011.68,1000.0,-11.68,53.75,216.0,2.2483,-0.0859,LOCK,3,looseness
23287,4418145,4669,246549.0,-0.0351,0.039,-0.5811,0.58346,1011.65,1000.0,-11.65,53.75,216.0,2.2493,-0.0718,LOCK,3,looseness
23288,4418153,4677,246557.0,0.0,-0.1755,-0.7995,0.81854,1011.62,1000.0,-11.62,53.75,216.0,2.2606,0.1,LOCK,3,looseness
23289,4418162,4686,246566.0,0.0039,0.0936,-0.6981,0.70436,1011.59,1000.0,-11.59,53.75,216.0,2.2681,0.2139,LOCK,3,looseness
23290,4418181,4705,246585.0,-0.0156,0.0351,-0.8307,0.83159,1011.56,1000.0,-11.56,53.75,216.0,2.2813,0.4135,LOCK,3,looseness
23291,4418189,4713,246593.0,-0.0858,0.0663,-0.6162,0.62567,1011.54,1000.0,-11.54,53.75,216.0,2.2797,0.3891,LOCK,3,looseness
23292,4418198,4722,246602.0,-0.0897,-0.0039,-0.8463,0.85105,1011.52,1000.0,-11.52,53.75,216.0,2.278,0.3644,LOCK,3,looseness
23293,4418206,4730,246610.0,-0.0897,0.195,-0.6045,0.64148,1011.47,1000.0,-11.47,53.75,216.0,2.2717,0.2682,LOCK,3,looseness
23294,4418214,4738,246618.0,-0.0858,-0.0507,-0.7137,0.72062,1011.43,1000.0,-11.43,53.75,216.0,2.2656,0.1754,LOCK,3,looseness
23295,4418233,4757,246637.0,0.0546,0.0039,-0.78,0.78192,1011.39,1000.0,-11.39,53.75,216.0,2.2808,0.4056,LOCK,3,looseness
23296,4418242,4766,246646.0,0.0546,0.0039,-0.78,0.78192,1011.36,1000.0,-11.36,53.75,216.0,2.2737,0.2987,LOCK,3,looseness
23297,4418255,4779,246659.0,0.0117,-0.0936,-0.7488,0.75472,1011.33,1000.0,-11.33,53.75,216.0,2.2797,0.39,LOCK,3,looseness
23298,4418264,4788,246668.0,-0.0624,0.1911,-0.8424,0.86605,1011.27,1000.0,-11.27,53.75,216.0,2.2833,0.4437,LOCK,3,looseness
23299,4418272,4796,246676.0,-0.0624,0.1911,-0.8424,0.86605,1011.22,1000.0,-11.22,53.75,216.0,2.2656,0.1763,LOCK,3,looseness
23300,4418281,4805,246685.0,0.0507,-0.1053,-0.7683,0.77714,1011.17,1000.0,-11.17,53.75,216.0,2.2708,0.2539,LOCK,3,looseness
23301,4418289,4813,246693.0,0.0546,-0.2301,-0.9087,0.93897,1011.13,1000.0,-11.13,53.75,216.0,2.2801,0.3958,LOCK,3,looseness
23302,4418298,4822,246702.0,0.0858,-0.156,-0.741,0.76209,1011.09,1000.0,-11.09,53.75,216.0,2.2676,0.2053,LOCK,3,looseness
23303,4418316,4840,246720.0,0.0,-0.1092,-0.741,0.749,1011.06,1000.0,-11.06,53.75,216.0,2.2531,-0.0141,LOCK,3,looseness
23304,4418325,4849,246729.0,0.0,-0.1092,-0.741,0.749,1010.99,1000.0,-10.99,53.75,216.0,2.2773,0.3534,LOCK,3,looseness
23305,4418333,4857,246737.0,-0.1131,0.0234,-0.8424,0.85028,1010.93,1000.0,-10.93,53.75,216.0,2.2772,0.3515,LOCK,3,looseness
23306,4418342,4866,246746.0,-0.1131,0.0546,-0.6747,0.68629,1010.87,1000.0,-10.87,53.75,216.0,2.2808,0.4065,LOCK,3,looseness
23307,4418350,4874,246754.0,0.0897,-0.1014,-0.7449,0.7571,1010.82,1000.0,-10.82,53.75,216.0,2.2516,-0.037,LOCK,3,looseness
23308,4418369,4893,246773.0,-0.1014,-0.0819,-0.7566,0.76775,1010.78,1000.0,-10.78,53.75,216.0,2.2695,0.2343,LOCK,3,looseness
23309,4418378,4902,246782.0,-0.039,-0.078,-0.8931,0.89735,1010.74,1000.0,-10.74,53.75,216.0,2.2722,0.2755,LOCK,3,looseness
23310,4418386,4910,246790.0,-0.039,-0.078,-0.8931,0.89735,1010.67,1000.0,-10.67,53.75,216.0,2.255,0.0152,LOCK,3,looseness
23311,4418435,4959,246839.0,-0.1326,-0.1248,-0.9438,0.96121,1010.61,1000.0,-10.61,53.75,216.0,2.2794,0.3848,LOCK,3,looseness
23312,4418444,4968,246848.0,-0.0468,0.0585,-0.624,0.62848,1010.51,1000.0,-10.51,53.75,216.0,2.2786,0.3723,LOCK,3,looseness
23313,4418457,4981,246861.0,0.039,-0.0273,-0.9165,0.91774,1010.42,1000.0,-10.42,53.75,216.0,2.2826,0.4327,LOCK,3,looseness
23314,4418466,4990,246870.0,-0.117,-0.0741,-0.7371,0.75,1010.33,1000.0,-10.33,53.75,216.0,2.2795,0.386,LOCK,3,looseness
23315,4418474,4998,246878.0,-0.0156,-0.0546,-0.78,0.78206,1010.26,1000.0,-10.26,53.75,216.0,2.284,0.4547,LOCK,3,looseness
23316,4418483,5007,246887.0,-0.0117,-0.0975,-0.9087,0.91399,1010.19,1000.0,-10.19,53.75,216.0,2.2793,0.3833,LOCK,3,looseness
23317,4418491,5015,246895.0,-0.1365,-0.0741,-0.6513,0.66956,1010.13,1000.0,-10.13,53.75,216.0,2.2857,0.481,LOCK,3,looseness
23318,4418510,5034,246914.0,-0.0975,-0.0858,-0.8424,0.85235,1010.04,1000.0,-10.04,53.75,216.0,2.278,0.3644,LOCK,3,looseness
23319,4418519,5043,246923.0,-0.0975,-0.0858,-0.8424,0.85235,1009.95,1000.0,-9.95,53.75,216.0,2.2543,0.0042,LOCK,3,looseness
23320,4418527,5051,246931.0,0.0468,0.0312,-0.7761,0.77814,1009.88,1000.0,-9.88,53.75,216.0,2.2785,0.3705,LOCK,3,looseness
23321,4418536,5060,246940.0,-0.0702,-0.0117,-0.8034,0.80655,1009.81,1000.0,-9.81,53.75,216.0,2.2834,0.4462,LOCK,3,looseness
23322,4418545,5069,246949.0,-0.2301,-0.0078,-0.6669,0.70552,1009.75,1000.0,-9.75,53.75,216.0,2.2869,0.4978,LOCK,3,looseness
23323,4418553,5077,246957.0,0.0468,-0.0468,-0.8307,0.83333,1009.69,1000.0,-9.69,53.75,216.0,2.2814,0.415,LOCK,3,looseness
23324,4418562,5086,246966.0,-0.2379,0.1599,-0.8112,0.86035,1009.6,1000.0,-9.6,53.75,216.0,2.2704,0.2478,LOCK,3,looseness
23325,4418580,5104,246984.0,-0.1326,-0.0585,-0.6279,0.64441,1009.52,1000.0,-9.52,53.75,216.0,2.2791,0.3799,LOCK,3,looseness
23326,4418589,5113,246993.0,0.0897,-0.1092,-0.8034,0.81573,1009.45,1000.0,-9.45,53.75,216.0,2.2819,0.4227,LOCK,3,looseness
23327,4418598,5122,247002.0,0.0078,-0.0156,-0.8814,0.88157,1009.38,1000.0,-9.38,53.75,216.0,2.2774,0.3546,LOCK,3,looseness
23328,4418606,5130,247010.0,-0.1209,-0.0819,-0.7917,0.80505,1009.32,1000.0,-9.32,53.75,216.0,2.2728,0.2847,LOCK,3,looseness
23329,4418615,5139,247019.0,-0.2028,-0.039,-0.8775,0.90147,1009.27,1000.0,-9.27,53.75,216.0,2.2611,0.1083,LOCK,3,looseness
23330,4418623,5147,247027.0,-0.1443,0.117,-0.6396,0.66603,1009.17,1000.0,-9.17,53.75,216.0,2.2531,-0.0132,LOCK,3,looseness
23331,4418642,5166,247046.0,0.0039,0.0468,-0.8034,0.80477,1009.08,1000.0,-9.08,53.75,216.0,2.2513,-0.0413,LOCK,3,looseness
23332,4418650,5174,247054.0,-0.0702,-0.312,-0.7332,0.79991,1009.01,1000.0,-9.01,53.75,216.0,2.2559,0.0286,LOCK,3,looseness
23333,4418664,5188,247068.0,-0.1482,-0.0936,-0.9711,0.98679,1008.94,1000.0,-8.94,53.75,216.0,2.248,-0.0902,LOCK,3,looseness
23334,4418672,5196,247076.0,-0.1482,-0.0936,-0.9711,0.98679,1008.87,1000.0,-8.87,53.75,216.0,2.2572,0.049,LOCK,3,looseness
23335,4418688,5212,247092.0,-0.1131,-0.0234,-0.7956,0.80394,1008.76,1000.0,-8.76,53.75,216.0,2.2794,0.3851,LOCK,3,looseness
23336,4418696,5220,247100.0,-0.039,0.0078,-0.6435,0.64473,1008.66,1000.0,-8.66,53.75,216.0,2.2819,0.4233,LOCK,3,looseness
23337,4418705,5229,247109.0,0.0273,0.0117,-0.7995,0.80005,1008.58,1000.0,-8.58,53.75,216.0,2.2676,0.2053,LOCK,3,looseness
23338,4418713,5237,247117.0,0.0273,0.0117,-0.7995,0.80005,1008.5,1000.0,-8.5,53.75,216.0,2.2805,0.4016,LOCK,3,looseness
23339,4418722,5246,247126.0,-0.1053,-0.1755,-0.8814,0.90485,1008.42,1000.0,-8.42,53.75,216.0,2.268,0.212,LOCK,3,looseness
23340,4418730,5254,247134.0,-0.0702,-0.0819,-0.7917,0.79901,1008.36,1000.0,-8.36,53.75,216.0,2.278,0.3631,LOCK,3,looseness
23341,4418749,5273,247153.0,-0.1404,-0.3159,-0.6279,0.71677,1008.27,1000.0,-8.27,53.75,216.0,2.282,0.4245,LOCK,3,looseness
23342,4418758,5282,247162.0,-0.0117,0.2535,-0.7917,0.83138,1008.2,1000.0,-8.2,53.75,216.0,2.2501,-0.0587,LOCK,3,looseness
23343,4418766,5290,247170.0,-0.0117,0.2535,-0.7917,0.83138,1008.13,1000.0,-8.13,53.75,216.0,2.2568,0.0426,LOCK,3,looseness
23344,4418774,5298,247178.0,-0.0936,-0.0585,-0.7332,0.74146,1008.07,1000.0,-8.07,53.75,216.0,2.2436,-0.1579,LOCK,3,looseness
23345,4418783,5307,247187.0,-0.0507,-0.0039,-0.8073,0.8089,1008.01,1000.0,-8.01,53.75,216.0,2.2749,0.3161,LOCK,3,looseness
23346,4418802,5326,247206.0,0.117,0.0819,-0.6708,0.68583,1007.93,1000.0,-7.93,53.75,216.0,2.2626,0.1296,LOCK,3,looseness
23347,4418810,5334,247214.0,-0.0351,0.0429,-0.8814,0.88314,1007.85,1000.0,-7.85,53.75,216.0,2.2773,0.3531,LOCK,3,looseness
23348,4418819,5343,247223.0,-0.0585,-0.0273,-0.7449,0.74769,1007.78,1000.0,-7.78,53.75,216.0,2.2695,0.2349,LOCK,3,looseness
23349,4418827,5351,247231.0,-0.0585,-0.0273,-0.7449,0.74769,1007.71,1000.0,-7.71,53.75,216.0,2.2672,0.1995,LOCK,3,looseness
23350,4418836,5360,247240.0,-0.0078,0.0078,-0.7722,0.77228,1007.66,1000.0,-7.66,53.75,216.0,2.2708,0.2542,LOCK,3,looseness
23351,4418845,5369,247249.0,-0.0819,-0.0312,-0.7488,0.75391,1007.61,1000.0,-7.61,53.75,216.0,2.2845,0.462,LOCK,3,looseness
23352,4418854,5378,247258.0,-0.0312,-0.0507,-0.7605,0.76283,1007.56,1000.0,-7.56,53.75,216.0,2.2853,0.4746,LOCK,3,looseness
23353,4418867,5391,247271.0,0.0,0.195,-0.8814,0.90271,1007.5,1000.0,-7.5,53.75,216.0,2.2799,0.3921,LOCK,3,looseness
23354,4418876,5400,247280.0,-0.0312,-0.0234,-0.8229,0.82382,1007.45,1000.0,-7.45,53.75,216.0,2.2806,0.4025,LOCK,3,looseness
23355,4418884,5408,247288.0,0.0741,-0.1482,-0.8502,0.8662,1007.4,1000.0,-7.4,53.75,216.0,2.2611,0.107,LOCK,3,looseness
23356,4418893,5417,247297.0,-0.0429,0.0507,-0.6942,0.69737,1007.36,1000.0,-7.36,53.75,216.0,2.2824,0.4303,LOCK,3,looseness
23357,4418901,5425,247305.0,-0.1131,-0.0546,-0.7683,0.7785,1007.32,1000.0,-7.32,53.75,216.0,2.2891,0.5322,LOCK,3,looseness
23358,4418910,5434,247314.0,-0.078,-0.0429,-0.9009,0.90529,1007.28,1000.0,-7.28,53.75,216.0,2.2551,0.0164,LOCK,3,looseness
23359,4418918,5442,247322.0,-0.078,-0.0429,-0.9009,0.90529,1007.22,1000.0,-7.22,53.75,216.0,2.27,0.2429,LOCK,3,looseness
23360,4418937,5461,247341.0,-0.1131,0.0468,-0.8463,0.85511,1007.17,1000.0,-7.17,53.75,216.0,2.2802,0.3973,LOCK,3,looseness
23361,4418946,5470,247350.0,0.0312,-0.0858,-0.6903,0.69631,1007.12,1000.0,-7.12,53.75,216.0,2.283,0.4401,LOCK,3,looseness
23362,4418954,5478,247358.0,0.0897,-0.1326,-0.7449,0.76191,1007.08,1000.0,-7.08,53.75,216.0,2.2833,0.4443,LOCK,3,looseness
23363,4418963,5487,247367.0,-0.2028,-0.0117,-0.8541,0.87792,1007.04,1000.0,-7.04,53.75,216.0,2.258,0.0603,LOCK,3,looseness
23364,4418971,5495,247375.0,-0.1755,-0.1053,-0.7137,0.74247,1007.01,1000.0,-7.01,53.75,216.0,2.2526,-0.0215,LOCK,3,looseness
23365,4418980,5504,247384.0,-0.1755,-0.1053,-0.7137,0.74247,1006.95,1000.0,-6.95,53.75,216.0,2.2567,0.0405,LOCK,3,looseness
23366,4419043,5567,247447.0,-0.0585,0.0117,-0.8463,0.8484,1006.88,1000.0,-6.88,53.75,216.0,2.2811,0.4101,LOCK,3,looseness
23367,4419052,5576,247456.0,-0.0585,0.0117,-0.8463,0.8484,1006.83,1000.0,-6.83,53.75,216.0,2.2926,0.5854,LOCK,3,looseness
23368,4419061,5585,247465.0,-0.0585,-0.0195,-0.6591,0.66198,1006.77,1000.0,-6.77,53.75,216.0,2.2638,0.1479,LOCK,3,looseness
23369,4419074,5598,247478.0,-0.078,-0.1599,-0.9711,0.98726,1006.72,1000.0,-6.72,53.75,216.0,2.2652,0.1702,LOCK,3,looseness
23370,4419082,5606,247486.0,-0.078,-0.1599,-0.9711,0.98726,1006.68,1000.0,-6.68,53.75,216.0,2.2517,-0.0343,LOCK,3,looseness
23371,4419091,5615,247495.0,-0.0702,-0.1092,-0.7371,0.74844,1006.64,1000.0,-6.64,53.75,216.0,2.2702,0.2459,LOCK,3,looseness
23372,4419100,5624,247504.0,-0.0273,0.0312,-0.8034,0.80447,1006.59,1000.0,-6.59,53.75,216.0,2.2932,0.5942,LOCK,3,looseness
23373,4419108,5632,247512.0,-0.1053,-0.0741,-0.6474,0.66008,1006.54,1000.0,-6.54,53.75,216.0,2.2866,0.4935,LOCK,3,looseness
23374,4419117,5641,247521.0,0.0195,0.1794,-0.7917,0.81201,1006.49,1000.0,-6.49,53.75,216.0,2.2672,0.2007,LOCK,3,looseness
23375,4419135,5659,247539.0,-0.0429,0.0039,-0.8619,0.86298,1006.45,1000.0,-6.45,53.75,216.0,2.2657,0.1772,LOCK,3,looseness
23376,4419144,5668,247548.0,-0.0936,-0.0078,-0.7137,0.71985,1006.41,1000.0,-6.41,53.75,216.0,2.2825,0.4315,LOCK,3,looseness
23377,4419152,5676,247556.0,-0.2106,-0.1326,-0.8658,0.90086,1006.38,1000.0,-6.38,53.75,216.0,2.2572,0.0481,LOCK,3,looseness
23378,4419161,5685,247565.0,-0.1053,0.0858,-0.8697,0.88024,1006.34,1000.0,-6.34,53.75,216.0,2.2626,0.1296,LOCK,3,looseness
23379,4419169,5693,247573.0,-0.156,-0.0039,-0.6903,0.70772,1006.3,1000.0,-6.3,53.75,216.0,2.2521,-0.0294,LOCK,3,looseness
23380,4419188,5712,247592.0,-0.0273,-0.0039,-0.8346,0.83506,1006.26,1000.0,-6.26,53.75,216.0,2.281,0.4095,LOCK,3,looseness
23381,4419201,5725,247605.0,-0.195,-0.0273,-0.6591,0.68788,1006.23,1000.0,-6.23,53.75,216.0,2.289,0.5304,LOCK,3,looseness
23382,4419210,5734,247614.0,0.0312,-0.0858,-0.7878,0.79307,1006.2,1000.0,-6.2,53.75,216.0,2.2805,0.4016,LOCK,3,looseness
23383,4419219,5743,247623.0,-0.0741,0.1638,-0.8034,0.82327,1006.16,1000.0,-6.16,53.75,216.0,2.2502,-0.0575,LOCK,3,looseness
23384,4419227,5751,247631.0,-0.0741,0.1638,-0.8034,0.82327,1006.12,1000.0,-6.12,53.75,216.0,2.2718,0.2703,LOCK,3,looseness
23385,4419235,5759,247639.0,-0.0468,-0.078,-0.6825,0.68854,1006.09,1000.0,-6.09,53.75,216.0,2.2601,0.093,LOCK,3,looseness
23386,4419244,5768,247648.0,0.1014,-0.3627,-0.7761,0.86265,1006.06,1000.0,-6.06,53.75,216.0,2.283,0.4391,LOCK,3,looseness
23387,4419263,5787,247667.0,-0.1638,-0.039,-0.7137,0.73329,1006.03,1000.0,-6.03,53.75,216.0,2.2798,0.3903,LOCK,3,looseness
23388,4419276,5800,247680.0,0.0351,-0.0624,-0.8034,0.80658,1006.01,1000.0,-6.01,53.75,216.0,2.279,0.3784,LOCK,3,looseness
23389,4419285,5809,247689.0,-0.1365,0.0273,-0.8112,0.82306,1005.97,1000.0,-5.97,53.75,216.0,2.2546,0.0087,LOCK,3,looseness
23390,4419293,5817,247697.0,-0.1131,-0.0429,-0.6669,0.67778,1005.93,1000.0,-5.93,53.75,216.0,2.2533,-0.0105,LOCK,3,looseness
23391,4419302,5826,247706.0,0.0507,-0.0546,-0.8034,0.80685,1005.9,1000.0,-5.9,53.75,216.0,2.2673,0.2017,LOCK,3,looseness
23392,4419356,5880,247760.0,0.0819,0.0351,-0.7215,0.72698,1005.86,1000.0,-5.86,53.75,216.0,2.2839,0.4535,LOCK,3,looseness
23393,4419365,5889,247769.0,0.078,0.039,-0.8112,0.81587,1005.82,1000.0,-5.82,53.75,216.0,2.2783,0.3683,LOCK,3,looseness
23394,4419373,5897,247777.0,-0.1755,-0.0897,-0.8034,0.82722,1005.79,1000.0,-5.79,53.75,216.0,2.2722,0.2752,LOCK,3,looseness
23395,4419382,5906,247786.0,-0.1053,-0.1989,-0.7761,0.80807,1005.76,1000.0,-5.76,53.75,216.0,2.2728,0.2856,LOCK,3,looseness
23396,4419390,5914,247794.0,-0.1053,-0.1989,-0.7761,0.80807,1005.74,1000.0,-5.74,53.75,216.0,2.2675,0.2047,LOCK,3,looseness
23397,4419399,5923,247803.0,-0.0156,0.1716,-0.7332,0.75317,1005.71,1000.0,-5.71,53.75,216.0,2.2763,0.3381,LOCK,3,looseness
23398,4419418,5942,247822.0,0.0039,-0.0273,-0.7488,0.74931,1005.68,1000.0,-5.68,53.75,216.0,2.2888,0.5267,LOCK,3,looseness
23399,4419426,5950,247830.0,-0.0117,-0.0702,-0.9048,0.90759,1005.65,1000.0,-5.65,53.75,216.0,2.2644,0.1571,LOCK,3,looseness
23400,4419435,5959,247839.0,-0.078,-0.1131,-0.7059,0.71915,1005.63,1000.0,-5.63,53.75,216.0,2.2763,0.3375,LOCK,3,looseness
23401,4419443,5967,247847.0,-0.078,-0.1131,-0.7059,0.71915,1005.61,1000.0,-5.61,53.75,216.0,2.2689,0.2258,LOCK,3,looseness
23402,4419451,5975,247855.0,-0.1365,0.0156,-0.78,0.79201,1005.59,1000.0,-5.59,53.75,216.0,2.2672,0.1998,LOCK,3,looseness
23403,4419470,5994,247874.0,0.039,0.0273,-0.8073,0.8087,1005.57,1000.0,-5.57,53.75,216.0,2.2616,0.1156,LOCK,3,looseness
23404,4419484,6008,247888.0,0.0546,0.1911,-0.8658,0.88832,1005.55,1000.0,-5.55,53.75,216.0,2.2446,-0.1417,LOCK,3,looseness
23405,4419492,6016,247896.0,-0.0936,0.0117,-0.6513,0.6581,1005.53,1000.0,-5.53,53.75,216.0,2.2636,0.1455,LOCK,3,looseness
23406,4419501,6025,247905.0,0.0156,0.0585,-0.7605,0.76291,1005.51,1000.0,-5.51,53.75,216.0,2.2733,0.2923,LOCK,3,looseness
23407,4419509,6033,247913.0,-0.1872,-0.1248,-0.9594,0.98543,1005.49,1000.0,-5.49,53.75,216.0,2.272,0.2722,LOCK,3,looseness
23408,4419518,6042,247922.0,-0.1248,0.0234,-0.6045,0.61769,1005.48,1000.0,-5.48,53.75,216.0,2.2789,0.3769,LOCK,3,looseness
23409,4419526,6050,247930.0,-0.0624,0.0156,-0.78,0.78265,1005.46,1000.0,-5.46,53.75,216.0,2.2517,-0.0346,LOCK,3,looseness
23410,4419545,6069,247949.0,0.1287,-0.039,-0.8268,0.83767,1005.44,1000.0,-5.44,53.75,216.0,2.252,-0.0306,LOCK,3,looseness
23411,4419553,6077,247957.0,0.0039,-0.039,-0.6942,0.69531,1005.43,1000.0,-5.43,53.75,216.0,2.2742,0.3061,LOCK,3,looseness
23412,4419562,6086,247966.0,-0.1482,0.0507,-0.7995,0.8147,1005.42,1000.0,-5.42,53.75,216.0,2.2823,0.4282,LOCK,3,looseness
23413,4419571,6095,247975.0,-0.0702,-0.0936,-0.7683,0.77716,1005.41,1000.0,-5.41,53.75,216.0,2.2886,0.5249,LOCK,3,looseness
23414,4419579,6103,247983.0,-0.1482,0.1365,-0.7059,0.73409,1005.39,1000.0,-5.39,53.75,216.0,2.2523,-0.0251,LOCK,3,looseness
23415,4419588,6112,247992.0,0.0234,-0.0546,-0.8385,0.8406,1005.37,1000.0,-5.37,53.75,216.0,2.2571,0.0469,LOCK,3,looseness
23416,4419606,6130,248010.0,-0.0273,-0.3081,-0.8814,0.9341,1005.35,1000.0,-5.35,53.75,216.0,2.2817,0.4202,LOCK,3,looseness
23417,4419615,6139,248019.0,0.0858,-0.1365,-0.7527,0.76977,1005.34,1000.0,-5.34,53.75,216.0,2.2845,0.462,LOCK,3,looseness
23418,4419623,6147,248027.0,-0.1287,-0.0351,-0.7956,0.80671,1005.32,1000.0,-5.32,53.75,216.0,2.2554,0.0213,LOCK,3,looseness
23419,4419632,6156,248036.0,-0.0234,0.1131,-0.8541,0.86187,1005.31,1000.0,-5.31,53.75,216.0,2.2744,0.3097,LOCK,3,looseness
23420,4419640,6164,248044.0,-0.2535,-0.078,-0.6552,0.70685,1005.3,1000.0,-5.3,53.75,216.0,2.2531,-0.0132,LOCK,3,looseness
23421,4419649,6173,248053.0,-0.0312,0.0078,-0.7917,0.79235,1005.28,1000.0,-5.28,53.75,216.0,2.2594,0.082,LOCK,3,looseness
23422,4419668,6192,248072.0,0.0273,-0.0858,-0.9126,0.91703,1005.27,1000.0,-5.27,53.75,216.0,2.278,0.3638,LOCK,3,looseness
23423,4419676,6200,248080.0,-0.0897,-0.2418,-0.7176,0.76254,1005.26,1000.0,-5.26,53.75,216.0,2.2773,0.3534,LOCK,3,looseness
23424,4419690,6214,248094.0,-0.1872,-0.0702,-0.8775,0.89999,1005.25,1000.0,-5.25,53.75,216.0,2.2824,0.4306,LOCK,3,looseness
23425,4419698,6222,248102.0,-0.1872,-0.0702,-0.8775,0.89999,1005.24,1000.0,-5.24,53.75,216.0,2.2865,0.4932,LOCK,3,looseness
23426,4419707,6231,248111.0,-0.1014,-0.1053,-0.5382,0.5577,1005.22,1000.0,-5.22,53.75,216.0,2.2786,0.3729,LOCK,3,looseness
23427,4419715,6239,248119.0,0.0156,0.0897,-0.7137,0.71948,1005.21,1000.0,-5.21,53.75,216.0,2.2751,0.3198,LOCK,3,looseness
23428,4419724,6248,248128.0,0.0156,0.0156,-0.8853,0.88557,1005.2,1000.0,-5.2,53.75,216.0,2.2807,0.4043,LOCK,3,looseness
23429,4419732,6256,248136.0,-0.1521,-0.078,-0.7176,0.73768,1005.19,1000.0,-5.19,53.75,216.0,2.2663,0.1861,LOCK,3,looseness
23430,4419741,6265,248145.0,-0.2106,-0.1482,-0.7956,0.83624,1005.19,1000.0,-5.19,53.75,216.0,2.2588,0.0735,LOCK,3,looseness
23431,4419759,6283,248163.0,0.0039,0.0936,-0.8268,0.83209,1005.17,1000.0,-5.17,53.75,216.0,2.2739,0.3012,LOCK,3,looseness
23432,4419768,6292,248172.0,-0.0741,-0.1443,-0.6552,0.67498,1005.16,1000.0,-5.16,53.75,216.0,2.276,0.3338,LOCK,3,looseness
23433,4419777,6301,248181.0,-0.0468,0.1794,-0.8307,0.85114,1005.14,1000.0,-5.14,53.75,216.0,2.2679,0.2111,LOCK,3,looseness
23434,4419785,6309,248189.0,-0.0117,-0.0741,-0.7995,0.80301,1005.13,1000.0,-5.13,53.75,216.0,2.2805,0.4013,LOCK,3,looseness
23435,4419794,6318,248198.0,0.0234,-0.0195,-0.741,0.74163,1005.12,1000.0,-5.12,53.75,216.0,2.2741,0.3048,LOCK,3,looseness
23436,4419802,6326,248206.0,-0.0858,0.0234,-0.8853,0.88976,1005.11,1000.0,-5.11,53.75,216.0,2.2852,0.4733,LOCK,3,looseness
23437,4419811,6335,248215.0,-0.0858,0.0234,-0.8853,0.88976,1005.11,1000.0,-5.11,53.75,216.0,2.2928,0.5884,LOCK,3,looseness
23438,4419830,6354,248234.0,-0.1131,-0.0702,-0.858,0.86826,1005.1,1000.0,-5.1,53.75,216.0,2.2508,-0.048,LOCK,3,looseness
23439,4419838,6362,248242.0,0.1677,-0.1092,-0.8073,0.83173,1005.09,1000.0,-5.09,53.75,216.0,2.2783,0.3689,LOCK,3,looseness
23440,4419847,6371,248251.0,-0.0156,-0.0312,-0.8814,0.88209,1005.09,1000.0,-5.09,53.75,216.0,2.2619,0.1195,LOCK,3,looseness
23441,4419855,6379,248259.0,-0.1794,0.0234,-0.6435,0.66845,1005.08,1000.0,-5.08,53.75,216.0,2.2446,-0.1427,LOCK,3,looseness
23442,4419869,6393,248273.0,-0.078,-0.0234,-0.8034,0.80752,1005.08,1000.0,-5.08,53.75,216.0,2.2843,0.4596,LOCK,3,looseness
23443,4419877,6401,248281.0,-0.0195,0.1092,-0.8736,0.88061,1005.08,1000.0,-5.08,53.75,216.0,2.2736,0.2969,LOCK,3,looseness
23444,4419891,6415,248295.0,-0.1755,-0.1521,-0.6513,0.69147,1005.08,1000.0,-5.08,53.75,216.0,2.2597,0.0863,LOCK,3,looseness
23445,4419899,6423,248303.0,0.156,-0.1716,-0.7371,0.77272,1005.08,1000.0,-5.08,53.75,216.0,2.2615,0.1137,LOCK,3,looseness
23446,4419908,6432,248312.0,-0.039,-0.1521,-0.8697,0.88376,1005.08,1000.0,-5.08,53.75,216.0,2.2567,0.0408,LOCK,3,looseness
23447,4419916,6440,248320.0,-0.1638,0.0,-0.6825,0.70188,1005.08,1000.0,-5.08,53.75,216.0,2.2817,0.4199,LOCK,3,looseness
23448,4419925,6449,248329.0,-0.1638,0.0,-0.6825,0.70188,1005.08,1000.0,-5.08,53.75,216.0,2.2704,0.2484,LOCK,3,looseness
23449,4419933,6457,248337.0,-0.0351,-0.1131,-0.7917,0.80051,1005.08,1000.0,-5.08,53.75,216.0,2.2469,-0.1079,LOCK,3,looseness
23450,4419952,6476,248356.0,-0.0585,-0.1014,-0.6279,0.63872,1005.08,1000.0,-5.08,53.75,216.0,2.2641,0.1525,LOCK,3,looseness
23451,4419961,6485,248365.0,0.0897,-0.2145,-0.7254,0.76175,1005.08,1000.0,-5.08,53.75,216.0,2.2796,0.3873,LOCK,3,looseness
23452,4419969,6493,248373.0,0.0429,-0.0468,-0.8268,0.82923,1005.08,1000.0,-5.08,53.75,216.0,2.2593,0.0796,LOCK,3,looseness
23453,4420018,6542,248422.0,0.0312,-0.1053,-0.7371,0.74524,1005.07,1000.0,-5.07,53.75,216.0,2.2864,0.4904,LOCK,3,looseness
23454,4420027,6551,248431.0,0.0312,-0.1053,-0.7371,0.74524,1005.07,1000.0,-5.07,53.75,216.0,2.2748,0.3152,LOCK,3,looseness
23455,4420035,6559,248439.0,-0.1053,-0.1131,-0.8697,0.88332,1005.07,1000.0,-5.07,53.75,216.0,2.2538,-0.0029,LOCK,3,looseness
23456,4420043,6567,248447.0,-0.1248,-0.0936,-0.8775,0.89126,1005.06,1000.0,-5.06,53.75,216.0,2.2822,0.4278,LOCK,3,looseness
23457,4420052,6576,248456.0,-0.1014,-0.1443,-0.7293,0.75032,1005.06,1000.0,-5.06,53.75,216.0,2.2858,0.4825,LOCK,3,looseness
23458,4420071,6595,248475.0,-0.0936,0.1599,-0.7176,0.74113,1005.06,1000.0,-5.06,53.75,216.0,2.2852,0.4727,LOCK,3,looseness
23459,4420079,6603,248483.0,0.039,-0.039,-0.7566,0.75861,1005.06,1000.0,-5.06,53.75,216.0,2.284,0.455,LOCK,3,looseness
23460,4420093,6617,248497.0,-0.1014,0.0078,-0.8814,0.88725,1005.06,1000.0,-5.06,53.75,216.0,2.2862,0.4877,LOCK,3,looseness
23461,4420101,6625,248505.0,-0.234,-0.0702,-0.7605,0.79878,1005.06,1000.0,-5.06,53.75,216.0,2.2903,0.5496,LOCK,3,looseness
23462,4420110,6634,248514.0,-0.0546,-0.0702,-0.6942,0.69987,1005.06,1000.0,-5.06,53.75,216.0,2.2788,0.3763,LOCK,3,looseness
23463,4420118,6642,248522.0,-0.0546,-0.0702,-0.6942,0.69987,1005.06,1000.0,-5.06,53.75,216.0,2.265,0.1659,LOCK,3,looseness
23464,4420127,6651,248531.0,-0.0546,-0.0078,-0.936,0.93762,1005.06,1000.0,-5.06,53.75,216.0,2.2666,0.1913,LOCK,3,looseness
23465,4420135,6659,248539.0,-0.0156,0.1287,-0.78,0.7907,1005.05,1000.0,-5.05,53.75,216.0,2.2771,0.35,LOCK,3,looseness
23466,4420154,6678,248558.0,-0.039,0.0507,-0.8229,0.82538,1005.05,1000.0,-5.05,53.75,216.0,2.2679,0.2111,LOCK,3,looseness
23467,4420176,6700,248580.0,0.0624,0.078,-0.7215,0.72838,1005.05,1000.0,-5.05,53.75,216.0,2.2799,0.3927,LOCK,3,looseness
23468,4420185,6709,248589.0,-0.0429,-0.1326,-0.8736,0.88465,1005.04,1000.0,-5.04,53.75,216.0,2.2793,0.3836,LOCK,3,looseness
23469,4420194,6718,248598.0,-0.0039,-0.2262,-0.7605,0.79344,1005.04,1000.0,-5.04,53.75,216.0,2.2682,0.2157,LOCK,3,looseness
23470,4420202,6726,248606.0,0.0234,-0.1755,-0.7995,0.81887,1005.04,1000.0,-5.04,53.75,216.0,2.2652,0.1702,LOCK,3,looseness
23471,4420210,6734,248614.0,0.0234,-0.1755,-0.7995,0.81887,1005.04,1000.0,-5.04,53.75,216.0,2.2606,0.1,LOCK,3,looseness
23472,4420219,6743,248623.0,-0.1794,-0.0039,-0.8853,0.9033,1005.03,1000.0,-5.03,53.75,216.0,2.2722,0.2755,LOCK,3,looseness
23473,4420238,6762,248642.0,0.0663,0.1053,-0.7137,0.72447,1005.03,1000.0,-5.03,53.75,216.0,2.2617,0.1162,LOCK,3,looseness
23474,4420246,6770,248650.0,-0.0195,-0.0078,-0.8346,0.83486,1005.02,1000.0,-5.02,53.75,216.0,2.2776,0.3576,LOCK,3,looseness
23475,4420255,6779,248659.0,0.0273,-0.0936,-0.7683,0.77446,1005.01,1000.0,-5.01,53.75,216.0,2.2637,0.1476,LOCK,3,looseness
23476,4420263,6787,248667.0,0.0273,-0.0936,-0.7683,0.77446,1005.01,1000.0,-5.01,53.75,216.0,2.2464,-0.1155,LOCK,3,looseness
23477,4420278,6802,248682.0,-0.1092,-0.0078,-0.8307,0.83788,1005.0,1000.0,-5.0,53.75,216.0,2.277,0.3479,LOCK,3,looseness
23478,4420287,6811,248691.0,-0.117,0.0546,-0.7371,0.74832,1005.0,1000.0,-5.0,53.75,216.0,2.2849,0.4684,LOCK,3,looseness
23479,4420301,6825,248705.0,-0.0936,0.1833,-0.6552,0.68677,1005.0,1000.0,-5.0,53.75,216.0,2.2796,0.3879,LOCK,3,looseness
23480,4420309,6833,248713.0,0.0312,0.078,-0.7917,0.79614,1005.0,1000.0,-5.0,53.75,216.0,2.2822,0.4266,LOCK,3,looseness
23481,4420318,6842,248722.0,-0.0156,0.0429,-0.6513,0.6529,1005.0,1000.0,-5.0,53.75,216.0,2.2818,0.4211,LOCK,3,looseness
23482,4420326,6850,248730.0,0.0507,-0.0936,-0.8112,0.81815,1005.0,1000.0,-5.0,53.75,216.0,2.2725,0.2798,LOCK,3,looseness
23483,4420335,6859,248739.0,0.0507,-0.0936,-0.8112,0.81815,1004.99,1000.0,-4.99,53.75,216.0,2.278,0.3634,LOCK,3,looseness
23484,4420343,6867,248747.0,-0.1404,-0.1287,-0.9243,0.94372,1004.99,1000.0,-4.99,53.75,216.0,2.2533,-0.0102,LOCK,3,looseness
23485,4420352,6876,248756.0,-0.0117,-0.0117,-0.6864,0.6866,1004.99,1000.0,-4.99,53.75,216.0,2.2859,0.4837,LOCK,3,looseness
23486,4420370,6894,248774.0,-0.0156,0.1248,-0.8268,0.83631,1004.99,1000.0,-4.99,53.75,216.0,2.2704,0.2481,LOCK,3,looseness
23487,4420379,6903,248783.0,-0.0624,-0.1443,-0.7098,0.727,1004.99,1000.0,-4.99,53.75,216.0,2.2799,0.3931,LOCK,3,looseness
23488,4420388,6912,248792.0,-0.0234,-0.1287,-0.78,0.79089,1004.98,1000.0,-4.98,53.75,216.0,2.2808,0.4062,LOCK,3,looseness
23489,4420396,6920,248800.0,-0.0234,-0.1287,-0.78,0.79089,1004.98,1000.0,-4.98,53.75,216.0,2.2527,-0.019,LOCK,3,looseness
23490,4420405,6929,248809.0,-0.195,-0.0585,-0.8619,0.88562,1004.98,1000.0,-4.98,53.75,216.0,2.262,0.1211,LOCK,3,looseness
23491,4420413,6937,248817.0,-0.1443,-0.1014,-0.7176,0.73895,1004.99,1000.0,-4.99,53.75,216.0,2.2626,0.1302,LOCK,3,looseness
23492,4420432,6956,248836.0,0.0117,0.0312,-0.8463,0.84696,1005.0,1000.0,-5.0,53.75,216.0,2.2796,0.3876,LOCK,3,looseness
23493,4420441,6965,248845.0,-0.0936,-0.1014,-0.7722,0.78443,1005.0,1000.0,-5.0,53.75,216.0,2.2825,0.4315,LOCK,3,looseness
23494,4420449,6973,248853.0,-0.0312,-0.039,-0.7254,0.72712,1005.01,1000.0,-5.01,53.75,216.0,2.2788,0.3763,LOCK,3,looseness
23495,4420458,6982,248862.0,-0.0312,-0.039,-0.7254,0.72712,1005.01,1000.0,-5.01,53.75,216.0,2.2646,0.1604,LOCK,3,looseness
23496,4420466,6990,248870.0,-0.0975,-0.0468,-0.7917,0.79905,1005.02,1000.0,-5.02,53.75,216.0,2.2543,0.0039,LOCK,3,looseness
23497,4420475,6999,248879.0,-0.039,0.0858,-0.8775,0.88255,1005.02,1000.0,-5.02,53.75,216.0,2.2746,0.3115,LOCK,3,looseness
23498,4420493,7017,248897.0,0.0975,-0.0975,-0.8112,0.82284,1005.03,1000.0,-5.03,53.75,216.0,2.2825,0.4321,LOCK,3,looseness
23499,4420507,7031,248911.0,0.0156,-0.1443,-0.7956,0.80873,1005.03,1000.0,-5.03,53.75,216.0,2.2561,0.0319,LOCK,3,looseness
23500,4420515,7039,248919.0,-0.0897,0.0507,-0.8346,0.84094,1005.03,1000.0,-5.03,53.75,216.0,2.2537,-0.005,LOCK,3,looseness
23501,4420524,7048,248928.0,-0.0663,-0.1092,-0.7059,0.71737,1005.04,1000.0,-5.04,53.75,216.0,2.2732,0.2908,LOCK,3,looseness
23502,4420532,7056,248936.0,-0.1326,0.2691,-0.7293,0.78859,1005.05,1000.0,-5.05,53.75,216.0,2.2766,0.3418,LOCK,3,looseness
23503,4420541,7065,248945.0,-0.078,-0.1521,-0.9126,0.92847,1005.06,1000.0,-5.06,53.75,216.0,2.2791,0.3802,LOCK,3,looseness
23504,4420549,7073,248953.0,-0.078,-0.1521,-0.9126,0.92847,1005.07,1000.0,-5.07,53.75,216.0,2.2557,0.0264,LOCK,3,looseness
23505,4420568,7092,248972.0,0.0624,-0.0663,-0.7839,0.78917,1005.07,1000.0,-5.07,53.75,216.0,2.2587,0.0707,LOCK,3,looseness
23506,4420577,7101,248981.0,-0.2028,-0.0663,-0.8385,0.86522,1005.08,1000.0,-5.08,53.75,216.0,2.2822,0.4266,LOCK,3,looseness
23507,4420585,7109,248989.0,-0.1365,0.0741,-0.7332,0.74947,1005.09,1000.0,-5.09,53.75,216.0,2.2828,0.437,LOCK,3,looseness
23508,4420594,7118,248998.0,-0.0819,0.0195,-0.6981,0.70316,1005.09,1000.0,-5.09,53.75,216.0,2.2614,0.1119,LOCK,3,looseness
23509,4420602,7126,249006.0,-0.0273,0.0078,-0.78,0.78052,1005.09,1000.0,-5.09,53.75,216.0,2.2651,0.1675,LOCK,3,looseness
23510,4420611,7135,249015.0,-0.0273,0.0078,-0.78,0.78052,1005.09,1000.0,-5.09,53.75,216.0,2.2715,0.2645,LOCK,3,looseness
23511,4420619,7143,249023.0,0.0117,-0.0468,-0.8307,0.8321,1005.09,1000.0,-5.09,53.75,216.0,2.264,0.1513,LOCK,3,looseness
23512,4420638,7162,249042.0,-0.0624,-0.1014,-0.8658,0.87395,1005.09,1000.0,-5.09,53.75,216.0,2.2797,0.3888,LOCK,3,looseness
23513,4420687,7211,249091.0,-0.0117,-0.0039,-0.8229,0.82299,1005.1,1000.0,-5.1,53.75,216.0,2.2851,0.4718,LOCK,3,looseness
23514,4420696,7220,249100.0,-0.1911,-0.1053,-0.8931,0.91937,1005.1,1000.0,-5.1,53.75,216.0,2.2838,0.4523,LOCK,3,looseness
23515,4420709,7233,249113.0,-0.1443,-0.2184,-0.7293,0.77485,1005.11,1000.0,-5.11,53.75,216.0,2.2652,0.1702,LOCK,3,looseness
23516,4420718,7242,249122.0,-0.0585,-0.1326,-0.8151,0.82788,1005.13,1000.0,-5.13,53.75,216.0,2.2612,0.1095,LOCK,3,looseness
23517,4420726,7250,249130.0,-0.0117,0.039,-0.7254,0.72654,1005.14,1000.0,-5.14,53.75,216.0,2.266,0.1824,LOCK,3,looseness
23518,4420735,7259,249139.0,-0.0117,0.039,-0.7254,0.72654,1005.15,1000.0,-5.15,53.75,216.0,2.2737,0.2978,LOCK,3,looseness
23519,4420744,7268,249148.0,0.0234,-0.0468,-0.7722,0.77397,1005.16,1000.0,-5.16,53.75,216.0,2.2881,0.5167,LOCK,3,looseness
23520,4420752,7276,249156.0,-0.156,0.0507,-0.7137,0.73231,1005.17,1000.0,-5.17,53.75,216.0,2.2531,-0.0132,LOCK,3,looseness
23521,4420771,7295,249175.0,0.0195,0.0585,-0.8814,0.88355,1005.19,1000.0,-5.19,53.75,216.0,2.2611,0.1076,LOCK,3,looseness
23522,4420779,7303,249183.0,-0.0546,-0.1326,-0.8853,0.89684,1005.2,1000.0,-5.2,53.75,216.0,2.2815,0.4169,LOCK,3,looseness
23523,4420788,7312,249192.0,-0.039,0.0312,-0.9009,0.90228,1005.21,1000.0,-5.21,53.75,216.0,2.2835,0.4477,LOCK,3,looseness
23524,4420796,7320,249200.0,-0.039,0.0312,-0.9009,0.90228,1005.22,1000.0,-5.22,53.75,216.0,2.2849,0.4681,LOCK,3,looseness
23525,4420805,7329,249209.0,-0.0468,-0.0897,-0.6825,0.68996,1005.23,1000.0,-5.23,53.75,216.0,2.254,-0.0001,LOCK,3,looseness
23526,4420813,7337,249217.0,-0.0819,-0.0429,-0.8229,0.82808,1005.24,1000.0,-5.24,53.75,216.0,2.2618,0.1177,LOCK,3,looseness
23527,4420832,7356,249236.0,-0.0117,0.0039,-0.7254,0.7255,1005.23,1000.0,-5.23,53.75,216.0,2.2717,0.2682,LOCK,3,looseness
23528,4420841,7365,249245.0,-0.1248,-0.0624,-0.9594,0.96949,1005.22,1000.0,-5.22,53.75,216.0,2.2832,0.4419,LOCK,3,looseness
23529,4420849,7373,249253.0,0.0585,-0.117,-0.6903,0.70258,1005.22,1000.0,-5.22,53.75,216.0,2.2913,0.5649,LOCK,3,looseness
23530,4420858,7382,249262.0,0.0585,-0.117,-0.6903,0.70258,1005.21,1000.0,-5.21,53.75,216.0,2.2594,0.0817,LOCK,3,looseness
23531,4420866,7390,249270.0,0.0078,-0.1326,-0.8346,0.8451,1005.21,1000.0,-5.21,53.75,216.0,2.2626,0.1299,LOCK,3,looseness
23532,4420875,7399,249279.0,-0.0975,-0.0312,-0.8268,0.83311,1005.2,1000.0,-5.2,53.75,216.0,2.2615,0.1134,LOCK,3,looseness
23533,4420894,7418,249298.0,-0.078,0.4017,-0.7098,0.81931,1005.19,1000.0,-5.19,53.75,216.0,2.2824,0.4309,LOCK,3,looseness
23534,4420902,7426,249306.0,-0.0897,-0.0117,-0.8619,0.86663,1005.18,1000.0,-5.18,53.75,216.0,2.2697,0.2374,LOCK,3,looseness
23535,4420915,7439,249319.0,0.0156,-0.1404,-0.6201,0.63599,1005.17,1000.0,-5.17,53.75,216.0,2.2594,0.0817,LOCK,3,looseness
23536,4420924,7448,249328.0,0.0585,-0.0429,-0.7917,0.79502,1005.17,1000.0,-5.17,53.75,216.0,2.2675,0.2041,LOCK,3,looseness
23537,4420942,7466,249346.0,-0.0624,-0.1209,-0.7098,0.72272,1005.16,1000.0,-5.16,53.75,216.0,2.2848,0.4672,LOCK,3,looseness
23538,4420951,7475,249355.0,0.0078,0.0429,-0.7917,0.7929,1005.14,1000.0,-5.14,53.75,216.0,2.2881,0.5164,LOCK,3,looseness
23539,4420959,7483,249363.0,0.0078,0.0429,-0.7917,0.7929,1005.12,1000.0,-5.12,53.75,216.0,2.2722,0.2761,LOCK,3,looseness
23540,4420968,7492,249372.0,-0.0585,-0.0507,-0.7644,0.76831,1005.1,1000.0,-5.1,53.75,216.0,2.2611,0.1076,LOCK,3,looseness
23541,4420976,7500,249380.0,0.0741,-0.1014,-0.7332,0.74388,1005.08,1000.0,-5.08,53.75,216.0,2.253,-0.0148,LOCK,3,looseness
23542,4420985,7509,249389.0,0.0156,-0.0351,-0.8034,0.80432,1005.07,1000.0,-5.07,53.75,216.0,2.2833,0.444,LOCK,3,looseness
23543,4421004,7528,249408.0,0.0858,-0.1404,-0.7956,0.81244,1005.05,1000.0,-5.05,53.75,216.0,2.2904,0.5515,LOCK,3,looseness
23544,4421012,7536,249416.0,0.0078,-0.195,-0.7293,0.75496,1005.02,1000.0,-5.02,53.75,216.0,2.2703,0.2474,LOCK,3,looseness
23545,4421021,7545,249425.0,0.0078,-0.195,-0.7293,0.75496,1005.0,1000.0,-5.0,53.75,216.0,2.2698,0.2389,LOCK,3,looseness
23546,4421029,7553,249433.0,-0.0468,0.1677,-0.7293,0.74979,1004.98,1000.0,-4.98,53.75,216.0,2.2598,0.0875,LOCK,3,looseness
23547,4421038,7562,249442.0,0.1092,-0.1365,-0.7917,0.81077,1004.95,1000.0,-4.95,53.75,216.0,2.2722,0.2752,LOCK,3,looseness
23548,4421046,7570,249450.0,-0.0624,0.0312,-0.9282,0.93082,1004.94,1000.0,-4.94,53.75,216.0,2.2762,0.3357,LOCK,3,looseness
23549,4421065,7589,249469.0,-0.156,-0.0468,-0.8034,0.81974,1004.92,1000.0,-4.92,53.75,216.0,2.2549,0.0136,LOCK,3,looseness
23550,4421073,7597,249477.0,-0.156,-0.0468,-0.8034,0.81974,1004.88,1000.0,-4.88,53.75,216.0,2.2685,0.22,LOCK,3,looseness
23551,4421082,7606,249486.0,-0.1014,-0.2262,-0.6357,0.68232,1004.85,1000.0,-4.85,53.75,216.0,2.265,0.1672,LOCK,3,looseness
23552,4421090,7614,249494.0,-0.0273,0.1638,-0.8034,0.82038,1004.83,1000.0,-4.83,53.75,216.0,2.2761,0.3354,LOCK,3,looseness
23553,4421099,7623,249503.0,-0.0117,-0.1443,-0.7605,0.77416,1004.8,1000.0,-4.8,53.75,216.0,2.2841,0.4556,LOCK,3,looseness
23554,4421108,7632,249512.0,0.0234,-0.039,-0.8151,0.81637,1004.78,1000.0,-4.78,53.75,216.0,2.281,0.4092,LOCK,3,looseness
23555,4421131,7655,249535.0,-0.0624,-0.0195,-0.6903,0.69339,1004.73,1000.0,-4.73,53.75,216.0,2.2546,0.0097,LOCK,3,looseness
23556,4421140,7664,249544.0,0.0039,-0.1638,-0.9828,0.99636,1004.69,1000.0,-4.69,53.75,216.0,2.2871,0.502,LOCK,3,looseness
23557,4421148,7672,249552.0,-0.0546,-0.1209,-0.7332,0.7451,1004.65,1000.0,-4.65,53.75,216.0,2.2814,0.4144,LOCK,3,looseness
23558,4421157,7681,249561.0,0.0663,0.0234,-0.78,0.78316,1004.62,1000.0,-4.62,53.75,216.0,2.2849,0.4681,LOCK,3,looseness
23559,4421165,7689,249569.0,0.0663,0.0234,-0.78,0.78316,1004.59,1000.0,-4.59,53.75,216.0,2.2475,-0.0984,LOCK,3,looseness
23560,4421174,7698,249578.0,-0.1521,-0.0975,-0.8424,0.86156,1004.56,1000.0,-4.56,53.75,216.0,2.2823,0.4294,LOCK,3,looseness
23561,4421192,7716,249596.0,-0.1833,0.117,-0.8073,0.83607,1004.52,1000.0,-4.52,53.75,216.0,2.2694,0.2328,LOCK,3,looseness
23562,4421201,7725,249605.0,-0.156,-0.0507,-0.702,0.72091,1004.48,1000.0,-4.48,53.75,216.0,2.2845,0.4623,LOCK,3,looseness
23563,4421209,7733,249613.0,0.078,-0.1287,-0.8073,0.82121,1004.45,1000.0,-4.45,53.75,216.0,2.2771,0.3506,LOCK,3,looseness
23564,4421218,7742,249622.0,-0.0234,-0.0702,-0.7566,0.76021,1004.42,1000.0,-4.42,53.75,216.0,2.2507,-0.0502,LOCK,3,looseness
23565,4421227,7751,249631.0,-0.0234,-0.0702,-0.7566,0.76021,1004.39,1000.0,-4.39,53.75,216.0,2.2583,0.0655,LOCK,3,looseness
23566,4421235,7759,249639.0,-0.1248,-0.0936,-0.8034,0.81841,1004.37,1000.0,-4.37,53.75,216.0,2.2734,0.2945,LOCK,3,looseness
23567,4421254,7778,249658.0,-0.0234,0.1833,-0.6825,0.70707,1004.32,1000.0,-4.32,53.75,216.0,2.2616,0.1147,LOCK,3,looseness
23568,4421301,7825,249705.0,-0.1053,-0.0897,-0.7956,0.80754,1004.27,1000.0,-4.27,53.75,216.0,2.2725,0.281,LOCK,3,looseness
23569,4421310,7834,249714.0,-0.078,0.156,-0.8034,0.82211,1004.21,1000.0,-4.21,53.75,216.0,2.2843,0.4596,LOCK,3,looseness
23570,4421318,7842,249722.0,-0.078,0.156,-0.8034,0.82211,1004.16,1000.0,-4.16,53.75,216.0,2.2554,0.0219,LOCK,3,looseness
23571,4421332,7856,249736.0,0.0234,-0.0078,-0.7995,0.79988,1004.11,1000.0,-4.11,53.75,216.0,2.2636,0.1455,LOCK,3,looseness
23572,4421340,7864,249744.0,0.0234,-0.0078,-0.7995,0.79988,1004.06,1000.0,-4.06,53.75,216.0,2.2583,0.0658,LOCK,3,looseness
23573,4421349,7873,249753.0,-0.0039,0.0,-0.7449,0.74491,1004.02,1000.0,-4.02,53.75,216.0,2.2802,0.3973,LOCK,3,looseness
23574,4421358,7882,249762.0,-0.0351,-0.0546,-0.7761,0.77881,1003.99,1000.0,-3.99,53.75,216.0,2.2795,0.3863,LOCK,3,looseness
23575,4421366,7890,249770.0,0.0507,-0.0975,-0.8775,0.88435,1003.93,1000.0,-3.93,53.75,216.0,2.2562,0.0332,LOCK,3,looseness
23576,4421374,7898,249778.0,-0.0936,-0.2535,-0.6786,0.73043,1003.87,1000.0,-3.87,53.75,216.0,2.2715,0.2648,LOCK,3,looseness
23577,4421393,7917,249797.0,-0.0312,-0.0156,-0.6474,0.64834,1003.82,1000.0,-3.82,53.75,216.0,2.2753,0.3235,LOCK,3,looseness
23578,4421402,7926,249806.0,-0.0312,-0.0156,-0.6474,0.64834,1003.77,1000.0,-3.77,53.75,216.0,2.2722,0.2758,LOCK,3,looseness
23579,4421410,7934,249814.0,-0.039,-0.0039,-0.8346,0.83552,1003.73,1000.0,-3.73,53.75,216.0,2.2838,0.4511,LOCK,3,looseness
23580,4421419,7943,249823.0,-0.1794,-0.0195,-0.7176,0.73994,1003.69,1000.0,-3.69,53.75,216.0,2.2565,0.038,LOCK,3,looseness
23581,4421427,7951,249831.0,-0.039,-0.1833,-0.7566,0.77946,1003.63,1000.0,-3.63,53.75,216.0,2.2476,-0.0972,LOCK,3,looseness
23582,4421436,7960,249840.0,-0.0741,-0.1404,-0.897,0.91094,1003.58,1000.0,-3.58,53.75,216.0,2.2591,0.0774,LOCK,3,looseness
23583,4421454,7978,249858.0,-0.0117,-0.234,-0.9282,0.95731,1003.53,1000.0,-3.53,53.75,216.0,2.2801,0.3952,LOCK,3,looseness
23584,4421463,7987,249867.0,-0.0117,-0.234,-0.9282,0.95731,1003.48,1000.0,-3.48,53.75,216.0,2.2756,0.3277,LOCK,3,looseness
23585,4421471,7995,249875.0,-0.0624,-0.0468,-0.7176,0.72183,1003.44,1000.0,-3.44,53.75,216.0,2.2651,0.1678,LOCK,3,looseness
23586,4421480,8004,249884.0,-0.2301,-0.0468,-0.7995,0.83327,1003.41,1000.0,-3.41,53.75,216.0,2.26,0.0905,LOCK,3,looseness
23587,4421488,8012,249892.0,0.0039,0.0819,-0.858,0.86191,1003.34,1000.0,-3.34,53.75,216.0,2.2604,0.0973,LOCK,3,looseness
23588,4421497,8021,249901.0,0.0,-0.1248,-0.8892,0.89792,1003.28,1000.0,-3.28,53.75,216.0,2.2705,0.2493,LOCK,3,looseness
23589,4421516,8040,249920.0,-0.0429,-0.0702,-0.6708,0.67583,1003.23,1000.0,-3.23,53.75,216.0,2.254,-0.0007,LOCK,3,looseness
23590,4421524,8048,249928.0,-0.0429,-0.0702,-0.6708,0.67583,1003.18,1000.0,-3.18,53.75,216.0,2.2678,0.209,LOCK,3,looseness
23591,4421538,8062,249942.0,-0.1092,0.078,-0.8034,0.81453,1003.14,1000.0,-3.14,53.75,216.0,2.2679,0.2108,LOCK,3,looseness
23592,4421546,8070,249950.0,-0.039,0.0117,-0.6747,0.67593,1003.08,1000.0,-3.08,53.75,216.0,2.2577,0.0554,LOCK,3,looseness
23593,4421558,8082,249962.0,-0.1248,-0.078,-0.9399,0.95135,1003.03,1000.0,-3.03,53.75,216.0,2.2859,0.4831,LOCK,3,looseness
23594,4421566,8090,249970.0,0.0117,-0.0663,-0.6903,0.69358,1002.98,1000.0,-2.98,53.75,216.0,2.2788,0.3753,LOCK,3,looseness
23595,4421575,8099,249979.0,0.0117,-0.0663,-0.6903,0.69358,1002.94,1000.0,-2.94,53.75,216.0,2.2622,0.1238,LOCK,3,looseness
23596,4421583,8107,249987.0,-0.0039,0.0273,-0.7527,0.7532,1002.9,1000.0,-2.9,53.75,216.0,2.2749,0.317,LOCK,3,looseness
23597,4421592,8116,249996.0,-0.1599,-0.0195,-0.8502,0.86533,1002.86,1000.0,-2.86,53.75,216.0,2.2807,0.4053,LOCK,3,looseness
23598,4421600,8124,250004.0,-0.0351,-0.0117,-0.7566,0.7575,1002.83,1000.0,-2.83,53.75,216.0,2.2784,0.3692,LOCK,3,looseness
23599,4421619,8143,250023.0,-0.1365,-0.0156,-0.6864,0.70001,1002.79,1000.0,-2.79,53.75,216.0,2.2795,0.386,LOCK,3,looseness
23600,4421627,8151,250031.0,-0.1365,-0.0156,-0.6864,0.70001,1002.74,1000.0,-2.74,53.75,216.0,2.2517,-0.0355,LOCK,3,looseness
23601,4421636,8160,250040.0,0.0507,-0.1911,-0.741,0.76692,1002.71,1000.0,-2.71,53.75,216.0,2.2502,-0.0578,LOCK,3,looseness
23602,4421644,8168,250048.0,0.039,-0.0663,-0.8697,0.87309,1002.67,1000.0,-2.67,53.75,216.0,2.2482,-0.0874,LOCK,3,looseness
23603,4421653,8177,250057.0,-0.1872,-0.0585,-0.7488,0.77406,1002.64,1000.0,-2.64,53.75,216.0,2.2743,0.307,LOCK,3,looseness
23604,4421672,8196,250076.0,-0.0702,0.0975,-0.7956,0.80462,1002.6,1000.0,-2.6,53.75,216.0,2.2558,0.0277,LOCK,3,looseness
23605,4421680,8204,250084.0,-0.0312,0.0195,-0.6279,0.62898,1002.57,1000.0,-2.57,53.75,216.0,2.2778,0.3613,LOCK,3,looseness
23606,4421689,8213,250093.0,-0.0312,0.0195,-0.6279,0.62898,1002.54,1000.0,-2.54,53.75,216.0,2.2671,0.1989,LOCK,3,looseness
23607,4421697,8221,250101.0,0.0429,-0.1365,-0.7644,0.77768,1002.51,1000.0,-2.51,53.75,216.0,2.2554,0.0213,LOCK,3,looseness
23608,4421712,8236,250116.0,-0.1638,-0.0273,-0.7527,0.7708,1002.49,1000.0,-2.49,53.75,216.0,2.2861,0.4862,LOCK,3,looseness
23609,4421720,8244,250124.0,-0.0039,-0.0429,-0.8229,0.82403,1002.47,1000.0,-2.47,53.75,216.0,2.2838,0.452,LOCK,3,looseness
23610,4421729,8253,250133.0,-0.0039,-0.0429,-0.8229,0.82403,1002.43,1000.0,-2.43,53.75,216.0,2.2621,0.122,LOCK,3,looseness
23611,4421742,8266,250146.0,0.0156,0.0741,-0.7176,0.72158,1002.39,1000.0,-2.39,53.75,216.0,2.2664,0.1876,LOCK,3,looseness
23612,4421751,8275,250155.0,0.0429,0.0741,-0.8112,0.81571,1002.36,1000.0,-2.36,53.75,216.0,2.2602,0.0939,LOCK,3,looseness
23613,4421759,8283,250163.0,0.0429,0.0741,-0.8112,0.81571,1002.33,1000.0,-2.33,53.75,216.0,2.2787,0.3735,LOCK,3,looseness
23614,4421768,8292,250172.0,-0.0546,-0.0702,-0.9516,0.95575,1002.3,1000.0,-2.3,53.75,216.0,2.2816,0.4181,LOCK,3,looseness
23615,4421776,8300,250180.0,-0.1092,-0.0546,-0.7215,0.73176,1002.28,1000.0,-2.28,53.75,216.0,2.2548,0.0121,LOCK,3,looseness
23616,4421785,8309,250189.0,-0.1677,-0.1014,-0.7761,0.80046,1002.25,1000.0,-2.25,53.75,216.0,2.2739,0.3012,LOCK,3,looseness
23617,4421793,8317,250197.0,-0.1365,-0.1053,-0.7683,0.7874,1002.22,1000.0,-2.22,53.75,216.0,2.2719,0.2716,LOCK,3,looseness
23618,4421812,8336,250216.0,0.0156,-0.1287,-0.9009,0.91018,1002.19,1000.0,-2.19,53.75,216.0,2.2874,0.5057,LOCK,3,looseness
23619,4421821,8345,250225.0,0.0156,-0.1287,-0.9009,0.91018,1002.17,1000.0,-2.17,53.75,216.0,2.2815,0.4162,LOCK,3,looseness
23620,4421830,8354,250234.0,-0.1599,-0.1092,-0.7098,0.73574,1002.15,1000.0,-2.15,53.75,216.0,2.2419,-0.1836,LOCK,3,looseness
23621,4421838,8362,250242.0,-0.1248,-0.1677,-0.78,0.80753,1002.13,1000.0,-2.13,53.75,216.0,2.2592,0.0789,LOCK,3,looseness
23622,4421846,8370,250250.0,0.0078,0.2028,-0.7332,0.76077,1002.1,1000.0,-2.1,53.75,216.0,2.2603,0.0951,LOCK,3,looseness
23623,4421855,8379,250259.0,-0.0546,-0.1521,-0.8931,0.9076,1002.07,1000.0,-2.07,53.75,216.0,2.2635,0.1434,LOCK,3,looseness
23624,4421916,8440,250320.0,-0.0663,-0.0351,-0.9477,0.95066,1002.03,1000.0,-2.03,53.75,216.0,2.276,0.3329,LOCK,3,looseness
23625,4421924,8448,250328.0,-0.0663,-0.0351,-0.9477,0.95066,1002.0,1000.0,-2.0,53.75,216.0,2.2844,0.4608,LOCK,3,looseness
23626,4421933,8457,250337.0,0.0195,0.0,-0.7449,0.74516,1001.97,1000.0,-1.97,53.75,216.0,2.2589,0.0741,LOCK,3,looseness
23627,4421946,8470,250350.0,-0.0702,0.0429,-0.8619,0.86582,1001.95,1000.0,-1.95,53.75,216.0,2.2581,0.0615,LOCK,3,looseness
23628,4421955,8479,250359.0,-0.0702,0.0429,-0.8619,0.86582,1001.93,1000.0,-1.93,53.75,216.0,2.2567,0.0408,LOCK,3,looseness
23629,4421963,8487,250367.0,-0.2106,-0.0546,-0.6825,0.71634,1001.91,1000.0,-1.91,53.75,216.0,2.2915,0.568,LOCK,3,looseness
23630,4421972,8496,250376.0,-0.0819,0.1794,-0.7332,0.75926,1001.88,1000.0,-1.88,53.75,216.0,2.2866,0.4944,LOCK,3,looseness
23631,4421980,8504,250384.0,-0.0039,0.0819,-0.8424,0.84638,1001.85,1000.0,-1.85,53.75,216.0,2.2582,0.0631,LOCK,3,looseness
23632,4421989,8513,250393.0,0.0078,-0.1248,-0.663,0.67469,1001.83,1000.0,-1.83,53.75,216.0,2.2715,0.2645,LOCK,3,looseness
23633,4422008,8532,250412.0,-0.0897,0.0117,-0.8541,0.85888,1001.81,1000.0,-1.81,53.75,216.0,2.2769,0.3476,LOCK,3,looseness
23634,4422016,8540,250420.0,-0.0897,0.0117,-0.8541,0.85888,1001.79,1000.0,-1.79,53.75,216.0,2.2836,0.448,LOCK,3,looseness
23635,4422025,8549,250429.0,-0.2262,-0.1092,-0.7488,0.78981,1001.76,1000.0,-1.76,53.75,216.0,2.2853,0.4749,LOCK,3,looseness
23636,4422033,8557,250437.0,-0.1092,0.0624,-0.6669,0.67866,1001.73,1000.0,-1.73,53.75,216.0,2.2638,0.1479,LOCK,3,looseness
23637,4422042,8566,250446.0,-0.0624,0.0936,-0.8307,0.83828,1001.71,1000.0,-1.71,53.75,216.0,2.2598,0.0875,LOCK,3,looseness
23638,4422050,8574,250454.0,0.0078,-0.3432,-0.8697,0.935,1001.68,1000.0,-1.68,53.75,216.0,2.2658,0.1791,LOCK,3,looseness
23639,4422059,8583,250463.0,0.0663,-0.1287,-0.7098,0.72441,1001.66,1000.0,-1.66,53.75,216.0,2.2749,0.3167,LOCK,3,looseness
23640,4422078,8602,250482.0,-0.1014,0.0078,-0.8112,0.81755,1001.65,1000.0,-1.65,53.75,216.0,2.2631,0.1372,LOCK,3,looseness
23641,4422086,8610,250490.0,0.0273,0.0468,-0.8853,0.88696,1001.62,1000.0,-1.62,53.75,216.0,2.2672,0.2001,LOCK,3,looseness
23642,4422095,8619,250499.0,-0.2067,-0.0234,-0.6396,0.67258,1001.6,1000.0,-1.6,53.75,216.0,2.2719,0.2719,LOCK,3,looseness
23643,4422103,8627,250507.0,0.0312,0.0078,-0.7995,0.80015,1001.57,1000.0,-1.57,53.75,216.0,2.2633,0.1403,LOCK,3,looseness
23644,4422112,8636,250516.0,0.0702,-0.0351,-0.8502,0.85382,1001.56,1000.0,-1.56,53.75,216.0,2.277,0.3485,LOCK,3,looseness
23645,4422121,8645,250525.0,0.0273,-0.1443,-0.7332,0.74776,1001.54,1000.0,-1.54,53.75,216.0,2.2854,0.4755,LOCK,3,looseness
23646,4422130,8654,250534.0,0.0273,-0.1443,-0.7332,0.74776,1001.52,1000.0,-1.52,53.75,216.0,2.2518,-0.034,LOCK,3,looseness
23647,4422138,8662,250542.0,-0.1287,0.0468,-0.8073,0.81883,1001.51,1000.0,-1.51,53.75,216.0,2.2654,0.173,LOCK,3,looseness
23648,4422161,8685,250565.0,0.0312,0.1014,-0.7605,0.76786,1001.49,1000.0,-1.49,53.75,216.0,2.2667,0.1922,LOCK,3,looseness
23649,4422170,8694,250574.0,0.0312,0.1014,-0.7605,0.76786,1001.47,1000.0,-1.47,53.75,216.0,2.2829,0.4379,LOCK,3,looseness
23650,4422179,8703,250583.0,-0.0195,-0.0429,-0.9243,0.9255,1001.46,1000.0,-1.46,53.75,216.0,2.2795,0.386,LOCK,3,looseness
23651,4422187,8711,250591.0,-0.0975,-0.1131,-0.7371,0.75207,1001.45,1000.0,-1.45,53.75,216.0,2.2482,-0.0877,LOCK,3,looseness
23652,4422195,8719,250599.0,-0.1521,-0.117,-0.7644,0.78812,1001.44,1000.0,-1.44,53.75,216.0,2.2769,0.3476,LOCK,3,looseness
23653,4422204,8728,250608.0,0.0273,0.1209,-0.7878,0.79749,1001.43,1000.0,-1.43,53.75,216.0,2.2704,0.2478,LOCK,3,looseness
23654,4422223,8747,250627.0,-0.0273,-0.0351,-0.7761,0.77737,1001.41,1000.0,-1.41,53.75,216.0,2.2836,0.4492,LOCK,3,looseness
23655,4422232,8756,250636.0,-0.0273,-0.0351,-0.7761,0.77737,1001.4,1000.0,-1.4,53.75,216.0,2.283,0.4398,LOCK,3,looseness
23656,4422240,8764,250644.0,-0.0117,-0.1521,-0.8931,0.90603,1001.39,1000.0,-1.39,53.75,216.0,2.2786,0.3726,LOCK,3,looseness
23657,4422249,8773,250653.0,-0.1014,-0.1287,-0.7137,0.73227,1001.38,1000.0,-1.38,53.75,216.0,2.2771,0.3497,LOCK,3,looseness
23658,4422257,8781,250661.0,-0.0897,-0.0741,-0.8034,0.81178,1001.37,1000.0,-1.37,53.75,216.0,2.277,0.3491,LOCK,3,looseness
23659,4422266,8790,250670.0,0.0,0.0468,-0.9009,0.90211,1001.36,1000.0,-1.36,53.75,216.0,2.2815,0.4172,LOCK,3,looseness
23660,4422284,8808,250688.0,0.0897,0.1482,-0.8307,0.84857,1001.36,1000.0,-1.36,53.75,216.0,2.2786,0.3729,LOCK,3,looseness
23661,4422293,8817,250697.0,0.0897,0.1482,-0.8307,0.84857,1001.35,1000.0,-1.35,53.75,216.0,2.2723,0.2774,LOCK,3,looseness
23662,4422301,8825,250705.0,-0.0741,-0.0156,-0.7605,0.76426,1001.35,1000.0,-1.35,53.75,216.0,2.2597,0.086,LOCK,3,looseness
23663,4422310,8834,250714.0,0.0234,-0.0078,-0.7332,0.73361,1001.34,1000.0,-1.34,53.75,216.0,2.2673,0.202,LOCK,3,looseness
23664,4422320,8844,250724.0,-0.2223,-0.0234,-0.8775,0.90552,1001.34,1000.0,-1.34,53.75,216.0,2.266,0.1815,LOCK,3,looseness
23665,4422328,8852,250732.0,-0.1365,0.1404,-0.7449,0.77021,1001.33,1000.0,-1.33,53.75,216.0,2.2836,0.4483,LOCK,3,looseness
23666,4422337,8861,250741.0,-0.0624,-0.1131,-0.7176,0.72913,1001.33,1000.0,-1.33,53.75,216.0,2.2532,-0.0117,LOCK,3,looseness
23667,4422345,8869,250749.0,-0.0624,-0.1131,-0.7176,0.72913,1001.32,1000.0,-1.32,53.75,216.0,2.2637,0.147,LOCK,3,looseness
23668,4422369,8893,250773.0,-0.156,-0.0546,-0.7332,0.7516,1001.32,1000.0,-1.32,53.75,216.0,2.2725,0.2807,LOCK,3,looseness
23669,4422377,8901,250781.0,-0.0078,0.078,-0.8541,0.85769,1001.32,1000.0,-1.32,53.75,216.0,2.2792,0.3824,LOCK,3,looseness
23670,4422386,8910,250790.0,-0.0078,0.078,-0.8541,0.85769,1001.31,1000.0,-1.31,53.75,216.0,2.2623,0.125,LOCK,3,looseness
23671,4422394,8918,250798.0,-0.3003,0.1638,-0.6318,0.71846,1001.31,1000.0,-1.31,53.75,216.0,2.2584,0.067,LOCK,3,looseness
23672,4422403,8927,250807.0,-0.0078,-0.1638,-0.7839,0.80087,1001.31,1000.0,-1.31,53.75,216.0,2.2724,0.2789,LOCK,3,looseness
23673,4422411,8935,250815.0,0.0585,-0.3042,-0.936,0.98593,1001.31,1000.0,-1.31,53.75,216.0,2.253,-0.0154,LOCK,3,looseness
23674,4422430,8954,250834.0,-0.0585,-0.0429,-0.8151,0.81832,1001.31,1000.0,-1.31,53.75,216.0,2.2758,0.3308,LOCK,3,looseness
23675,4422438,8962,250842.0,-0.0039,-0.0702,-0.9009,0.90364,1001.3,1000.0,-1.3,53.75,216.0,2.2799,0.3918,LOCK,3,looseness
23676,4422447,8971,250851.0,-0.0039,-0.0702,-0.9009,0.90364,1001.31,1000.0,-1.31,53.75,216.0,2.2842,0.4572,LOCK,3,looseness
23677,4422455,8979,250859.0,-0.1638,-0.0858,-0.5811,0.60981,1001.31,1000.0,-1.31,53.75,216.0,2.2625,0.1287,LOCK,3,looseness
23678,4422464,8988,250868.0,-0.0702,0.0819,-0.8073,0.81447,1001.31,1000.0,-1.31,53.75,216.0,2.275,0.3177,LOCK,3,looseness
23679,4422472,8996,250876.0,0.0351,-0.1482,-0.8853,0.8983,1001.31,1000.0,-1.31,53.75,216.0,2.2586,0.0698,LOCK,3,looseness
23680,4422491,9015,250895.0,-0.1053,-0.0039,-0.8151,0.82188,1001.31,1000.0,-1.31,53.75,216.0,2.2697,0.2377,LOCK,3,looseness
23681,4422535,9059,250939.0,-0.0234,-0.0624,-0.6513,0.6547,1001.32,1000.0,-1.32,53.75,216.0,2.2716,0.2673,LOCK,3,looseness
23682,4422544,9068,250948.0,0.0078,-0.1248,-0.8424,0.85163,1001.32,1000.0,-1.32,53.75,216.0,2.2726,0.2813,LOCK,3,looseness
23683,4422552,9076,250956.0,-0.1365,-0.1404,-0.8814,0.90289,1001.32,1000.0,-1.32,53.75,216.0,2.2826,0.4333,LOCK,3,looseness
23684,4422561,9085,250965.0,-0.1365,-0.1404,-0.8814,0.90289,1001.32,1000.0,-1.32,53.75,216.0,2.2852,0.4724,LOCK,3,looseness
23685,4422574,9098,250978.0,0.0312,-0.0585,-0.7839,0.7867,1001.33,1000.0,-1.33,53.75,216.0,2.2777,0.3586,LOCK,3,looseness
23686,4422583,9107,250987.0,-0.0663,0.039,-0.8658,0.86921,1001.33,1000.0,-1.33,53.75,216.0,2.2822,0.4272,LOCK,3,looseness
23687,4422591,9115,250995.0,-0.0663,0.039,-0.8658,0.86921,1001.33,1000.0,-1.33,53.75,216.0,2.2784,0.3702,LOCK,3,looseness
23688,4422600,9124,251004.0,0.0936,-0.0858,-0.7878,0.79797,1001.33,1000.0,-1.33,53.75,216.0,2.2828,0.4364,LOCK,3,looseness
23689,4422608,9132,251012.0,-0.1209,-0.1443,-0.9009,0.92036,1001.33,1000.0,-1.33,53.75,216.0,2.2523,-0.0261,LOCK,3,looseness
23690,4422617,9141,251021.0,-0.2028,-0.039,-0.8307,0.85599,1001.33,1000.0,-1.33,53.75,216.0,2.2596,0.0844,LOCK,3,looseness
23691,4422635,9159,251039.0,0.0078,-0.0195,-0.8619,0.86216,1001.34,1000.0,-1.34,53.75,216.0,2.2738,0.2999,LOCK,3,looseness
23692,4422644,9168,251048.0,-0.0546,0.1677,-0.7059,0.7276,1001.34,1000.0,-1.34,53.75,216.0,2.2788,0.3753,LOCK,3,looseness
23693,4422652,9176,251056.0,-0.0546,0.1677,-0.7059,0.7276,1001.34,1000.0,-1.34,53.75,216.0,2.2537,-0.0047,LOCK,3,looseness
23694,4422661,9185,251065.0,0.0156,0.0351,-0.8112,0.81211,1001.34,1000.0,-1.34,53.75,216.0,2.2545,0.0072,LOCK,3,looseness
23695,4422669,9193,251073.0,-0.0039,0.117,-0.7683,0.77717,1001.35,1000.0,-1.35,53.75,216.0,2.2625,0.1284,LOCK,3,looseness
23696,4422678,9202,251082.0,-0.2145,-0.1716,-0.8112,0.85645,1001.35,1000.0,-1.35,53.75,216.0,2.2894,0.5362,LOCK,3,looseness
23697,4422687,9211,251091.0,-0.039,0.1872,-0.8229,0.84482,1001.34,1000.0,-1.34,53.75,216.0,2.2896,0.5396,LOCK,3,looseness
23698,4422705,9229,251109.0,0.0507,-0.1131,-0.7761,0.78593,1001.34,1000.0,-1.34,53.75,216.0,2.2556,0.0237,LOCK,3,looseness
23699,4422714,9238,251118.0,0.0507,-0.1131,-0.7761,0.78593,1001.34,1000.0,-1.34,53.75,216.0,2.2597,0.0857,LOCK,3,looseness
23700,4422722,9246,251126.0,-0.0117,0.0,-0.8463,0.84638,1001.34,1000.0,-1.34,53.75,216.0,2.2577,0.0554,LOCK,3,looseness
23701,4422731,9255,251135.0,-0.1014,-0.0078,-0.7059,0.71319,1001.34,1000.0,-1.34,53.75,216.0,2.2736,0.2966,LOCK,3,looseness
23702,4422739,9263,251143.0,-0.1092,0.0078,-0.8268,0.83402,1001.34,1000.0,-1.34,53.75,216.0,2.256,0.0301,LOCK,3,looseness
23703,4422748,9272,251152.0,-0.1365,0.1638,-0.6123,0.64836,1001.34,1000.0,-1.34,53.75,216.0,2.2538,-0.0038,LOCK,3,looseness
23704,4422767,9291,251171.0,-0.0351,-0.3198,-0.8385,0.8981,1001.34,1000.0,-1.34,53.75,216.0,2.2532,-0.012,LOCK,3,looseness
23705,4422780,9304,251184.0,0.1248,-0.1755,-0.7683,0.79791,1001.34,1000.0,-1.34,53.75,216.0,2.2697,0.2386,LOCK,3,looseness
23706,4422788,9312,251192.0,-0.2106,0.0,-0.897,0.92139,1001.34,1000.0,-1.34,53.75,216.0,2.2802,0.3973,LOCK,3,looseness
23707,4422797,9321,251201.0,0.0156,-0.1248,-0.7332,0.74391,1001.34,1000.0,-1.34,53.75,216.0,2.2782,0.3674,LOCK,3,looseness
23708,4422805,9329,251209.0,0.0156,-0.1248,-0.7332,0.74391,1001.34,1000.0,-1.34,53.75,216.0,2.2675,0.2047,LOCK,3,looseness
23709,4422814,9338,251218.0,-0.0663,0.0195,-0.7917,0.79471,1001.34,1000.0,-1.34,53.75,216.0,2.2738,0.2999,LOCK,3,looseness
23710,4422822,9346,251226.0,-0.1833,-0.0546,-0.6669,0.69378,1001.34,1000.0,-1.34,53.75,216.0,2.2496,-0.0663,LOCK,3,looseness
23711,4422841,9365,251245.0,0.0078,-0.1911,-0.8151,0.83724,1001.34,1000.0,-1.34,53.75,216.0,2.2762,0.3366,LOCK,3,looseness
23712,4422850,9374,251254.0,-0.0429,-0.0975,-0.7722,0.77951,1001.34,1000.0,-1.34,53.75,216.0,2.2801,0.3955,LOCK,3,looseness
23713,4422858,9382,251262.0,-0.0429,-0.0975,-0.7722,0.77951,1001.34,1000.0,-1.34,53.75,216.0,2.2868,0.4965,LOCK,3,looseness
23714,4422867,9391,251271.0,-0.0351,0.0819,-0.8385,0.84322,1001.34,1000.0,-1.34,53.75,216.0,2.2781,0.3647,LOCK,3,looseness
23715,4422875,9399,251279.0,-0.0975,0.1131,-0.6669,0.68341,1001.33,1000.0,-1.33,53.75,216.0,2.282,0.4248,LOCK,3,looseness
23716,4422884,9408,251288.0,0.078,-0.0741,-0.7332,0.74105,1001.33,1000.0,-1.33,53.75,216.0,2.2867,0.4947,LOCK,3,looseness
23717,4422902,9426,251306.0,-0.0741,-0.0702,-0.7371,0.74413,1001.33,1000.0,-1.33,53.75,216.0,2.2597,0.0866,LOCK,3,looseness
23718,4422911,9435,251315.0,-0.0936,-0.0117,-0.7956,0.80117,1001.33,1000.0,-1.33,53.75,216.0,2.2697,0.238,LOCK,3,looseness
23719,4422919,9443,251323.0,-0.0936,-0.0117,-0.7956,0.80117,1001.32,1000.0,-1.32,53.75,216.0,2.2545,0.0078,LOCK,3,looseness
23720,4422928,9452,251332.0,-0.0468,0.0546,-0.7956,0.79884,1001.32,1000.0,-1.32,53.75,216.0,2.2754,0.325,LOCK,3,looseness
23721,4422941,9465,251345.0,-0.0507,0.1365,-0.8112,0.82417,1001.32,1000.0,-1.32,53.75,216.0,2.2771,0.3506,LOCK,3,looseness
23722,4422950,9474,251354.0,-0.0507,0.1365,-0.8112,0.82417,1001.32,1000.0,-1.32,53.75,216.0,2.273,0.2877,LOCK,3,looseness
23723,4422958,9482,251362.0,-0.0234,-0.0351,-0.7605,0.76167,1001.32,1000.0,-1.32,53.75,216.0,2.2461,-0.1195,LOCK,3,looseness
23724,4422967,9491,251371.0,-0.0741,-0.1209,-0.8385,0.85041,1001.32,1000.0,-1.32,53.75,216.0,2.267,0.1977,LOCK,3,looseness
23725,4422980,9504,251384.0,-0.1872,-0.0819,-0.9438,0.96567,1001.32,1000.0,-1.32,53.75,216.0,2.2647,0.1614,LOCK,3,looseness
23726,4422989,9513,251393.0,-0.0507,-0.0702,-0.624,0.62998,1001.31,1000.0,-1.31,53.75,216.0,2.2787,0.3735,LOCK,3,looseness
23727,4422997,9521,251401.0,0.0312,0.0117,-0.78,0.78071,1001.31,1000.0,-1.31,53.75,216.0,2.2773,0.3525,LOCK,3,looseness
23728,4423006,9530,251410.0,-0.1248,0.1833,-0.8385,0.86733,1001.3,1000.0,-1.3,53.75,216.0,2.2536,-0.0065,LOCK,3,looseness
23729,4423014,9538,251418.0,-0.0039,-0.1209,-0.7566,0.76621,1001.3,1000.0,-1.3,53.75,216.0,2.2559,0.0286,LOCK,3,looseness
23730,4423023,9547,251427.0,-0.0234,0.0546,-0.858,0.86005,1001.29,1000.0,-1.29,53.75,216.0,2.264,0.1519,LOCK,3,looseness
23731,4423041,9565,251445.0,-0.195,-0.0507,-0.7332,0.76038,1001.29,1000.0,-1.29,53.75,216.0,2.2873,0.5042,LOCK,3,looseness
23732,4423050,9574,251454.0,0.0624,-0.0117,-0.741,0.74371,1001.28,1000.0,-1.28,53.75,216.0,2.2797,0.3894,LOCK,3,looseness
23733,4423058,9582,251462.0,-0.0975,0.0741,-1.0179,1.02524,1001.27,1000.0,-1.27,53.75,216.0,2.2805,0.401,LOCK,3,looseness
23734,4423067,9591,251471.0,-0.0234,-0.1014,-0.7137,0.72125,1001.26,1000.0,-1.26,53.75,216.0,2.2619,0.1192,LOCK,3,looseness
23735,4423075,9599,251479.0,0.0156,-0.1053,-0.7605,0.76791,1001.25,1000.0,-1.25,53.75,216.0,2.2695,0.2352,LOCK,3,looseness
23736,4423084,9608,251488.0,0.0156,-0.1053,-0.7605,0.76791,1001.24,1000.0,-1.24,53.75,216.0,2.2446,-0.1427,LOCK,3,looseness
23737,4423103,9627,251507.0,-0.1326,-0.039,-0.6903,0.704,1001.24,1000.0,-1.24,53.75,216.0,2.2955,0.6281,LOCK,3,looseness
23738,4423145,9669,251549.0,0.0351,-0.0429,-0.8775,0.87925,1001.23,1000.0,-1.23,53.75,216.0,2.2769,0.3476,LOCK,3,looseness
23739,4423154,9678,251558.0,-0.2262,-0.0429,-0.6981,0.73509,1001.22,1000.0,-1.22,53.75,216.0,2.2863,0.4892,LOCK,3,looseness
23740,4423162,9686,251566.0,-0.0351,0.1053,-0.7605,0.76856,1001.22,1000.0,-1.22,53.75,216.0,2.2901,0.5475,LOCK,3,looseness
23741,4423171,9695,251575.0,-0.1482,0.0975,-0.6825,0.70518,1001.2,1000.0,-1.2,53.75,216.0,2.276,0.3329,LOCK,3,looseness
23742,4423184,9708,251588.0,-0.0468,-0.1716,-0.7605,0.78102,1001.19,1000.0,-1.19,53.75,216.0,2.2818,0.4217,LOCK,3,looseness
23743,4423193,9717,251597.0,0.0702,-0.0546,-0.8385,0.8432,1001.18,1000.0,-1.18,53.75,216.0,2.2798,0.3912,LOCK,3,looseness
23744,4423201,9725,251605.0,-0.0117,-0.2301,-0.7293,0.76483,1001.18,1000.0,-1.18,53.75,216.0,2.2764,0.339,LOCK,3,looseness
23745,4423210,9734,251614.0,-0.0429,-0.0624,-0.8112,0.81473,1001.17,1000.0,-1.17,53.75,216.0,2.2563,0.0344,LOCK,3,looseness
23746,4423218,9742,251622.0,-0.0663,0.039,-0.9165,0.91972,1001.16,1000.0,-1.16,53.75,216.0,2.2749,0.3164,LOCK,3,looseness
23747,4423227,9751,251631.0,-0.0663,0.039,-0.9165,0.91972,1001.15,1000.0,-1.15,53.75,216.0,2.2517,-0.0346,LOCK,3,looseness
23748,4423246,9770,251650.0,-0.0234,0.039,-0.7527,0.75407,1001.15,1000.0,-1.15,53.75,216.0,2.2764,0.3396,LOCK,3,looseness
23749,4423254,9778,251658.0,-0.0585,-0.0741,-0.8229,0.8283,1001.14,1000.0,-1.14,53.75,216.0,2.2736,0.2963,LOCK,3,looseness
23750,4423263,9787,251667.0,0.0624,-0.0546,-0.8073,0.81155,1001.14,1000.0,-1.14,53.75,216.0,2.258,0.0603,LOCK,3,looseness
23751,4423271,9795,251675.0,-0.0858,-0.0975,-0.9282,0.93724,1001.13,1000.0,-1.13,53.75,216.0,2.2579,0.0597,LOCK,3,looseness
23752,4423280,9804,251684.0,0.0546,-0.0273,-0.6669,0.66969,1001.13,1000.0,-1.13,53.75,216.0,2.2521,-0.0288,LOCK,3,looseness
23753,4423288,9812,251692.0,0.0546,-0.0273,-0.6669,0.66969,1001.12,1000.0,-1.12,53.75,216.0,2.2672,0.2007,LOCK,3,looseness
23754,4423307,9831,251711.0,-0.1131,0.1092,-0.6747,0.69277,1001.1,1000.0,-1.1,53.75,216.0,2.28,0.3937,LOCK,3,looseness
23755,4423315,9839,251719.0,0.0663,0.0,-0.819,0.82168,1001.1,1000.0,-1.1,53.75,216.0,2.2572,0.0484,LOCK,3,looseness
23756,4423324,9848,251728.0,-0.0273,-0.0702,-0.9321,0.93514,1001.09,1000.0,-1.09,53.75,216.0,2.2599,0.089,LOCK,3,looseness
23757,4423332,9856,251736.0,-0.1521,-0.0897,-0.7215,0.74279,1001.08,1000.0,-1.08,53.75,216.0,2.2648,0.1629,LOCK,3,looseness
23758,4423341,9865,251745.0,-0.0936,-0.0702,-0.7683,0.77716,1001.07,1000.0,-1.07,53.75,216.0,2.282,0.4248,LOCK,3,looseness
23759,4423349,9873,251753.0,-0.0936,-0.0702,-0.7683,0.77716,1001.06,1000.0,-1.06,53.75,216.0,2.2723,0.278,LOCK,3,looseness
23760,4423368,9892,251772.0,0.0195,0.1365,-0.7878,0.79978,1001.05,1000.0,-1.05,53.75,216.0,2.2488,-0.0789,LOCK,3,looseness
23761,4423377,9901,251781.0,-0.0156,-0.0936,-0.8112,0.81673,1001.04,1000.0,-1.04,53.75,216.0,2.2484,-0.0856,LOCK,3,looseness
23762,4423390,9914,251794.0,-0.117,-0.1755,-0.7644,0.79297,1001.03,1000.0,-1.03,53.75,216.0,2.2469,-0.1082,LOCK,3,looseness
23763,4423398,9922,251802.0,-0.1326,-0.0507,-0.9087,0.91972,1001.02,1000.0,-1.02,53.75,216.0,2.2667,0.1922,LOCK,3,looseness
23764,4423407,9931,251811.0,-0.0858,-0.0273,-0.6513,0.65749,1001.01,1000.0,-1.01,53.75,216.0,2.2792,0.3818,LOCK,3,looseness
23765,4423416,9940,251820.0,-0.1482,-0.0117,-0.9126,0.92463,1000.99,1000.0,-0.99,53.75,216.0,2.2585,0.068,LOCK,3,looseness
23766,4423424,9948,251828.0,-0.0858,0.0,-0.6981,0.70335,1000.98,1000.0,-0.98,53.75,216.0,2.2852,0.473,LOCK,3,looseness
23767,4423443,9967,251847.0,0.039,-0.0936,-0.7878,0.7943,1000.97,1000.0,-0.97,53.75,216.0,2.2735,0.296,LOCK,3,looseness
23768,4423452,9976,251856.0,-0.039,0.0897,-0.6708,0.67789,1000.96,1000.0,-0.96,53.75,216.0,2.2797,0.3888,LOCK,3,looseness
23769,4423460,9984,251864.0,-0.1053,-0.0663,-0.7878,0.79757,1000.95,1000.0,-0.95,53.75,216.0,2.281,0.4089,LOCK,3,looseness
23770,4423469,9993,251873.0,-0.1404,0.1989,-0.7293,0.76886,1000.95,1000.0,-0.95,53.75,216.0,2.2748,0.3149,LOCK,3,looseness
23771,4423478,10002,251882.0,-0.0117,-0.1989,-0.7722,0.79749,1000.94,1000.0,-0.94,53.75,216.0,2.2774,0.354,LOCK,3,looseness
23772,4423486,10010,251890.0,0.0312,-0.2613,-0.8619,0.90118,1000.93,1000.0,-0.93,53.75,216.0,2.2737,0.2987,LOCK,3,looseness
