sample_index,time_ms_raw,time_ms_zero,elapsed_ms,ax_g,ay_g,az_g,total_g,rpm,target_rpm,rpm_error,pwm_eq,duty_10bit,acs_v,current_a,control_mode,state,fault_type
21544,4399190,0,227594.0,0.0429,-0.1911,-0.8736,0.89529,992.2,1000.0,7.8,53.75,216.0,2.2779,0.3619,LOCK,3,looseness
21545,4399199,9,227603.0,-0.0078,-0.0507,-0.7137,0.71554,992.22,1000.0,7.78,53.75,216.0,2.2647,0.1617,LOCK,3,looseness
21546,4399207,17,227611.0,-0.0078,-0.0507,-0.7137,0.71554,992.25,1000.0,7.75,53.75,216.0,2.2531,-0.0129,LOCK,3,looseness
21547,4399216,26,227620.0,-0.1014,-0.0468,-0.78,0.78795,992.27,1000.0,7.73,53.75,216.0,2.2546,0.0084,LOCK,3,looseness
21548,4399224,34,227628.0,0.0039,-0.0546,-0.8346,0.83639,992.3,1000.0,7.7,53.75,216.0,2.2631,0.1372,LOCK,3,looseness
21549,4399290,100,227694.0,-0.039,0.0936,-0.8034,0.80977,992.35,1000.0,7.65,53.75,216.0,2.27,0.242,LOCK,3,looseness
21550,4399299,109,227703.0,-0.039,0.0936,-0.8034,0.80977,992.39,1000.0,7.61,53.75,216.0,2.2529,-0.0163,LOCK,3,looseness
21551,4399307,117,227711.0,-0.0858,0.0429,-0.6474,0.65447,992.42,1000.0,7.58,53.75,216.0,2.2609,0.1052,LOCK,3,looseness
21552,4399316,126,227720.0,0.0507,-0.2262,-0.8385,0.86995,992.46,1000.0,7.54,53.75,216.0,2.2615,0.1131,LOCK,3,looseness
21553,4399324,134,227728.0,-0.1677,-0.0546,-0.8619,0.87976,992.49,1000.0,7.51,53.75,216.0,2.2615,0.1141,LOCK,3,looseness
21554,4399334,144,227738.0,-0.1521,-0.1638,-0.7683,0.80016,992.51,1000.0,7.49,53.75,216.0,2.2812,0.4114,LOCK,3,looseness
21555,4399343,153,227747.0,-0.0702,0.1014,-0.7956,0.8051,992.54,1000.0,7.46,53.75,216.0,2.2794,0.3848,LOCK,3,looseness
21556,4399351,161,227755.0,-0.0702,0.1014,-0.7956,0.8051,992.58,1000.0,7.42,53.75,216.0,2.2601,0.0927,LOCK,3,looseness
21557,4399360,170,227764.0,0.1365,-0.156,-0.8073,0.83349,992.62,1000.0,7.38,53.75,216.0,2.2684,0.2181,LOCK,3,looseness
21558,4399368,178,227772.0,-0.0078,-0.0273,-0.8931,0.89355,992.66,1000.0,7.34,53.75,216.0,2.2651,0.1684,LOCK,3,looseness
21559,4399377,187,227781.0,0.0312,-0.0975,-0.6786,0.68628,992.69,1000.0,7.31,53.75,216.0,2.2811,0.4105,LOCK,3,looseness
21560,4399389,199,227793.0,-0.0585,-0.195,-0.8736,0.89701,992.72,1000.0,7.28,53.75,216.0,2.2809,0.4083,LOCK,3,looseness
21561,4399398,208,227802.0,-0.0819,0.0312,-0.7566,0.76166,992.75,1000.0,7.25,53.75,216.0,2.2732,0.2902,LOCK,3,looseness
21562,4399406,216,227810.0,-0.1014,0.0117,-0.6864,0.69395,992.78,1000.0,7.22,53.75,216.0,2.2483,-0.0865,LOCK,3,looseness
21563,4399415,225,227819.0,-0.0975,-0.156,-0.8151,0.8356,992.81,1000.0,7.19,53.75,216.0,2.2488,-0.0795,LOCK,3,looseness
21564,4399423,233,227827.0,0.0078,0.078,-0.7566,0.76065,992.84,1000.0,7.16,53.75,216.0,2.2692,0.2297,LOCK,3,looseness
21565,4399432,242,227836.0,0.0078,0.078,-0.7566,0.76065,992.86,1000.0,7.14,53.75,216.0,2.2721,0.2749,LOCK,3,looseness
21566,4399440,250,227844.0,-0.0195,-0.0507,-0.8931,0.89475,992.88,1000.0,7.12,53.75,216.0,2.2773,0.3537,LOCK,3,looseness
21567,4399449,259,227853.0,-0.0507,-0.0429,-0.6942,0.69737,992.9,1000.0,7.1,53.75,216.0,2.2598,0.0878,LOCK,3,looseness
21568,4399457,267,227861.0,-0.0975,-0.0156,-0.9282,0.93344,992.92,1000.0,7.08,53.75,216.0,2.2806,0.4034,LOCK,3,looseness
21569,4399476,286,227880.0,-0.078,-0.0624,-0.7917,0.79798,992.96,1000.0,7.04,53.75,216.0,2.2757,0.3293,LOCK,3,looseness
21570,4399484,294,227888.0,-0.078,-0.0624,-0.7917,0.79798,992.99,1000.0,7.01,53.75,216.0,2.2671,0.1992,LOCK,3,looseness
21571,4399498,308,227902.0,0.0078,-0.0273,-0.7722,0.77272,993.02,1000.0,6.98,53.75,216.0,2.2832,0.4428,LOCK,3,looseness
21572,4399506,316,227910.0,-0.0702,-0.0117,-0.897,0.89982,993.04,1000.0,6.96,53.75,216.0,2.2383,-0.2373,LOCK,3,looseness
21573,4399515,325,227919.0,-0.0702,-0.0117,-0.897,0.89982,993.07,1000.0,6.93,53.75,216.0,2.2462,-0.1176,LOCK,3,looseness
21574,4399523,333,227927.0,-0.0585,-0.0936,-0.6864,0.69522,993.09,1000.0,6.91,53.75,216.0,2.2608,0.1028,LOCK,3,looseness
21575,4399532,342,227936.0,0.0,0.2067,-0.8073,0.83334,993.12,1000.0,6.88,53.75,216.0,2.2679,0.2111,LOCK,3,looseness
21576,4399540,350,227944.0,-0.0975,-0.0078,-0.7254,0.73196,993.15,1000.0,6.85,53.75,216.0,2.2825,0.4321,LOCK,3,looseness
21577,4399549,359,227953.0,0.117,-0.0585,-0.78,0.79089,993.17,1000.0,6.83,53.75,216.0,2.2788,0.3757,LOCK,3,looseness
21578,4399558,368,227962.0,-0.0858,0.0546,-0.702,0.70933,993.2,1000.0,6.8,53.75,216.0,2.2572,0.0481,LOCK,3,looseness
21579,4399566,376,227970.0,-0.0858,0.0546,-0.702,0.70933,993.22,1000.0,6.78,53.75,216.0,2.2684,0.2178,LOCK,3,looseness
21580,4399585,395,227989.0,-0.0468,-0.0936,-0.8814,0.88759,993.24,1000.0,6.76,53.75,216.0,2.2783,0.3677,LOCK,3,looseness
21581,4399593,403,227997.0,-0.039,0.0117,-0.7371,0.73822,993.25,1000.0,6.75,53.75,216.0,2.2813,0.4129,LOCK,3,looseness
21582,4399602,412,228006.0,-0.1131,0.0468,-0.897,0.90531,993.26,1000.0,6.74,53.75,216.0,2.2855,0.477,LOCK,3,looseness
21583,4399610,420,228014.0,0.1014,-0.234,-0.7527,0.79473,993.28,1000.0,6.72,53.75,216.0,2.2689,0.2264,LOCK,3,looseness
21584,4399619,429,228023.0,-0.0156,0.0351,-0.858,0.85886,993.29,1000.0,6.71,53.75,216.0,2.2566,0.039,LOCK,3,looseness
21585,4399627,437,228031.0,-0.0156,0.0351,-0.858,0.85886,993.3,1000.0,6.7,53.75,216.0,2.2634,0.1424,LOCK,3,looseness
21586,4399636,446,228040.0,-0.2418,0.0039,-0.6942,0.73512,993.3,1000.0,6.7,53.75,216.0,2.2824,0.4306,LOCK,3,looseness
21587,4399644,454,228048.0,-0.1053,-0.0429,-0.8229,0.83072,993.31,1000.0,6.69,53.75,216.0,2.2831,0.441,LOCK,3,looseness
21588,4399653,463,228057.0,-0.0585,0.0429,-0.7059,0.70962,993.34,1000.0,6.66,53.75,216.0,2.2762,0.3363,LOCK,3,looseness
21589,4399661,471,228065.0,0.0117,-0.0624,-0.741,0.74371,993.37,1000.0,6.63,53.75,216.0,2.2483,-0.0868,LOCK,3,looseness
21590,4399680,490,228084.0,0.0234,-0.117,-0.7215,0.7313,993.39,1000.0,6.61,53.75,216.0,2.2698,0.2389,LOCK,3,looseness
21591,4399688,498,228092.0,0.0234,-0.117,-0.7215,0.7313,993.41,1000.0,6.59,53.75,216.0,2.2743,0.3076,LOCK,3,looseness
21592,4399702,512,228106.0,-0.1248,-0.1053,-0.7644,0.78165,993.43,1000.0,6.57,53.75,216.0,2.2858,0.4825,LOCK,3,looseness
21593,4399711,521,228115.0,-0.0819,-0.0585,-0.7293,0.73621,993.46,1000.0,6.54,53.75,216.0,2.2826,0.4327,LOCK,3,looseness
21594,4399719,529,228123.0,-0.0819,-0.0585,-0.7293,0.73621,993.49,1000.0,6.51,53.75,216.0,2.2821,0.426,LOCK,3,looseness
21595,4399728,538,228132.0,0.0,0.0429,-0.8892,0.89023,993.52,1000.0,6.48,53.75,216.0,2.2836,0.4492,LOCK,3,looseness
21596,4399736,546,228140.0,0.0156,-0.1209,-0.6825,0.6933,993.55,1000.0,6.45,53.75,216.0,2.2694,0.2331,LOCK,3,looseness
21597,4399745,555,228149.0,0.0936,-0.1053,-0.7917,0.80414,993.57,1000.0,6.43,53.75,216.0,2.2723,0.2771,LOCK,3,looseness
21598,4399753,563,228157.0,-0.1599,-0.039,-0.6981,0.71724,993.59,1000.0,6.41,53.75,216.0,2.2625,0.1287,LOCK,3,looseness
21599,4399762,572,228166.0,-0.1599,-0.039,-0.6981,0.71724,993.61,1000.0,6.39,53.75,216.0,2.2613,0.1104,LOCK,3,looseness
21600,4399799,609,228203.0,-0.0351,-0.2028,-0.8502,0.87476,993.64,1000.0,6.36,53.75,216.0,2.291,0.5606,LOCK,3,looseness
21601,4399808,618,228212.0,-0.156,-0.0975,-0.7215,0.74458,993.67,1000.0,6.33,53.75,216.0,2.282,0.4242,LOCK,3,looseness
21602,4399817,627,228221.0,-0.1014,-0.1014,-0.7527,0.76624,993.7,1000.0,6.3,53.75,216.0,2.2754,0.3241,LOCK,3,looseness
21603,4399825,635,228229.0,-0.0975,0.1287,-0.7722,0.7889,993.73,1000.0,6.27,53.75,216.0,2.2747,0.3131,LOCK,3,looseness
21604,4399834,644,228238.0,0.0312,-0.2145,-0.7527,0.78329,993.77,1000.0,6.23,53.75,216.0,2.2727,0.2829,LOCK,3,looseness
21605,4399842,652,228246.0,0.0312,-0.2145,-0.7527,0.78329,993.82,1000.0,6.18,53.75,216.0,2.2801,0.3949,LOCK,3,looseness
21606,4399851,661,228255.0,-0.039,0.0429,-0.8619,0.86385,993.85,1000.0,6.15,53.75,216.0,2.2779,0.3628,LOCK,3,looseness
21607,4399859,669,228263.0,0.0156,-0.078,-0.7332,0.7375,993.89,1000.0,6.11,53.75,216.0,2.2827,0.4343,LOCK,3,looseness
21608,4399868,678,228272.0,-0.1443,-0.1404,-0.936,0.95741,993.92,1000.0,6.08,53.75,216.0,2.2809,0.4083,LOCK,3,looseness
21609,4399876,686,228280.0,-0.1989,-0.0741,-0.663,0.69615,993.95,1000.0,6.05,53.75,216.0,2.2633,0.1403,LOCK,3,looseness
21610,4399895,705,228299.0,-0.0858,0.0429,-0.7176,0.72398,993.97,1000.0,6.03,53.75,216.0,2.2606,0.1003,LOCK,3,looseness
21611,4399908,718,228312.0,-0.0117,0.0975,-0.7332,0.73975,994.0,1000.0,6.0,53.75,216.0,2.2824,0.4297,LOCK,3,looseness
21612,4399917,727,228321.0,0.0468,0.0156,-0.7995,0.80102,994.02,1000.0,5.98,53.75,216.0,2.2614,0.1125,LOCK,3,looseness
21613,4399925,735,228329.0,0.0468,0.0156,-0.7995,0.80102,994.04,1000.0,5.96,53.75,216.0,2.2534,-0.0087,LOCK,3,looseness
21614,4399934,744,228338.0,-0.1599,-0.0663,-0.7605,0.77995,994.06,1000.0,5.94,53.75,216.0,2.2448,-0.139,LOCK,3,looseness
21615,4399942,752,228346.0,-0.0663,-0.1209,-0.8775,0.88827,994.08,1000.0,5.92,53.75,216.0,2.266,0.1818,LOCK,3,looseness
21616,4399951,761,228355.0,-0.1482,0.1248,-0.7332,0.75837,994.11,1000.0,5.89,53.75,216.0,2.2793,0.3827,LOCK,3,looseness
21617,4399959,769,228363.0,-0.1053,-0.1287,-0.7683,0.78609,994.15,1000.0,5.85,53.75,216.0,2.2824,0.4297,LOCK,3,looseness
21618,4399968,778,228372.0,-0.0429,0.039,-0.9282,0.93001,994.17,1000.0,5.83,53.75,216.0,2.2539,-0.0016,LOCK,3,looseness
21619,4399976,786,228380.0,-0.0429,0.039,-0.9282,0.93001,994.2,1000.0,5.8,53.75,216.0,2.2676,0.2053,LOCK,3,looseness
21620,4399995,805,228399.0,-0.0312,0.0117,-0.8541,0.85475,994.22,1000.0,5.78,53.75,216.0,2.265,0.1663,LOCK,3,looseness
21621,4400004,814,228408.0,-0.078,-0.0546,-0.6864,0.69297,994.25,1000.0,5.75,53.75,216.0,2.2798,0.3903,LOCK,3,looseness
21622,4400013,823,228417.0,0.0546,0.0585,-0.78,0.78409,994.29,1000.0,5.71,53.75,216.0,2.2855,0.4767,LOCK,3,looseness
21623,4400021,831,228425.0,-0.1131,0.0078,-0.9087,0.91574,994.33,1000.0,5.67,53.75,216.0,2.2467,-0.11,LOCK,3,looseness
21624,4400030,840,228434.0,0.1131,-0.1287,-0.7995,0.81765,994.37,1000.0,5.63,53.75,216.0,2.2706,0.252,LOCK,3,looseness
21625,4400038,848,228442.0,0.1131,-0.1287,-0.7995,0.81765,994.4,1000.0,5.6,53.75,216.0,2.2647,0.1626,LOCK,3,looseness
21626,4400110,920,228514.0,0.0585,-0.0312,-0.7449,0.74784,994.45,1000.0,5.55,53.75,216.0,2.2796,0.3879,LOCK,3,looseness
21627,4400118,928,228522.0,-0.1599,0.0585,-0.8346,0.85179,994.49,1000.0,5.51,53.75,216.0,2.2774,0.3546,LOCK,3,looseness
21628,4400127,937,228531.0,-0.0897,-0.0897,-0.7215,0.73257,994.52,1000.0,5.48,53.75,216.0,2.271,0.2581,LOCK,3,looseness
21629,4400136,946,228540.0,-0.0975,0.1365,-0.7878,0.80546,994.58,1000.0,5.42,53.75,216.0,2.2772,0.3512,LOCK,3,looseness
21630,4400144,954,228548.0,-0.0819,-0.0234,-0.6591,0.66458,994.63,1000.0,5.37,53.75,216.0,2.2776,0.3576,LOCK,3,looseness
21631,4400153,963,228557.0,0.0624,-0.312,-0.8658,0.92241,994.67,1000.0,5.33,53.75,216.0,2.2745,0.3109,LOCK,3,looseness
21632,4400161,971,228565.0,0.0624,-0.312,-0.8658,0.92241,994.71,1000.0,5.29,53.75,216.0,2.2797,0.3894,LOCK,3,looseness
21633,4400170,980,228574.0,-0.0195,-0.0858,-0.78,0.78495,994.75,1000.0,5.25,53.75,216.0,2.2539,-0.0019,LOCK,3,looseness
21634,4400178,988,228582.0,-0.0585,-0.1014,-0.78,0.78874,994.78,1000.0,5.22,53.75,216.0,2.2835,0.4474,LOCK,3,looseness
21635,4400197,1007,228601.0,-0.1092,-0.0507,-0.6864,0.69688,994.83,1000.0,5.17,53.75,216.0,2.2783,0.3689,LOCK,3,looseness
21636,4400208,1018,228612.0,0.0,-0.0117,-0.8385,0.83858,994.88,1000.0,5.12,53.75,216.0,2.286,0.4846,LOCK,3,looseness
21637,4400217,1027,228621.0,-0.0819,-0.0975,-0.6435,0.65598,994.93,1000.0,5.07,53.75,216.0,2.2867,0.4959,LOCK,3,looseness
21638,4400225,1035,228629.0,0.0819,-0.1794,-0.8112,0.83483,994.96,1000.0,5.04,53.75,216.0,2.2617,0.1168,LOCK,3,looseness
21639,4400234,1044,228638.0,-0.1521,-0.0507,-0.8697,0.88435,995.0,1000.0,5.0,53.75,216.0,2.253,-0.0145,LOCK,3,looseness
21640,4400242,1052,228646.0,-0.1521,-0.0507,-0.8697,0.88435,995.03,1000.0,4.97,53.75,216.0,2.2571,0.0475,LOCK,3,looseness
21641,4400255,1065,228659.0,-0.1053,0.2652,-0.8229,0.87097,995.08,1000.0,4.92,53.75,216.0,2.2826,0.433,LOCK,3,looseness
21642,4400264,1074,228668.0,-0.1053,0.2652,-0.8229,0.87097,995.13,1000.0,4.87,53.75,216.0,2.2789,0.3775,LOCK,3,looseness
21643,4400272,1082,228676.0,0.0078,0.0195,-0.6747,0.67503,995.17,1000.0,4.83,53.75,216.0,2.2519,-0.0316,LOCK,3,looseness
21644,4400281,1091,228685.0,-0.0351,0.0273,-0.8073,0.80852,995.21,1000.0,4.79,53.75,216.0,2.2832,0.4419,LOCK,3,looseness
21645,4400289,1099,228693.0,-0.156,-0.1053,-0.6864,0.71174,995.25,1000.0,4.75,53.75,216.0,2.2639,0.1498,LOCK,3,looseness
21646,4400313,1123,228717.0,-0.0897,0.1053,-0.6708,0.68491,995.31,1000.0,4.69,53.75,216.0,2.2804,0.3998,LOCK,3,looseness
21647,4400322,1132,228726.0,-0.0078,-0.1209,-0.7488,0.75854,995.37,1000.0,4.63,53.75,216.0,2.2799,0.3927,LOCK,3,looseness
21648,4400330,1140,228734.0,-0.0663,0.1209,-0.8424,0.85361,995.42,1000.0,4.58,53.75,216.0,2.2857,0.4804,LOCK,3,looseness
21649,4400339,1149,228743.0,0.0273,-0.1677,-0.7293,0.74883,995.47,1000.0,4.53,53.75,216.0,2.2512,-0.0425,LOCK,3,looseness
21650,4400411,1221,228815.0,-0.0273,-0.0819,-0.7215,0.72665,995.54,1000.0,4.46,53.75,216.0,2.2785,0.3708,LOCK,3,looseness
21651,4400419,1229,228823.0,-0.0936,-0.0234,-0.8814,0.88666,995.61,1000.0,4.39,53.75,216.0,2.2822,0.4272,LOCK,3,looseness
21652,4400428,1238,228832.0,-0.0936,-0.0234,-0.8814,0.88666,995.67,1000.0,4.33,53.75,216.0,2.2767,0.3442,LOCK,3,looseness
21653,4400436,1246,228840.0,-0.195,0.0741,-0.6279,0.66165,995.75,1000.0,4.25,53.75,216.0,2.2784,0.3695,LOCK,3,looseness
21654,4400445,1255,228849.0,-0.0975,-0.0741,-0.7878,0.79726,995.82,1000.0,4.18,53.75,216.0,2.281,0.4095,LOCK,3,looseness
21655,4400454,1264,228858.0,0.0351,0.0429,-0.8892,0.89093,995.89,1000.0,4.11,53.75,216.0,2.2869,0.4981,LOCK,3,looseness
21656,4400462,1272,228866.0,-0.0312,0.0117,-0.6552,0.65605,995.95,1000.0,4.05,53.75,216.0,2.2818,0.4214,LOCK,3,looseness
21657,4400471,1281,228875.0,-0.1053,0.0624,-0.7644,0.77414,996.0,1000.0,4.0,53.75,216.0,2.2779,0.3625,LOCK,3,looseness
21658,4400479,1289,228883.0,-0.1053,0.0624,-0.7644,0.77414,996.05,1000.0,3.95,53.75,216.0,2.2511,-0.0444,LOCK,3,looseness
21659,4400498,1308,228902.0,0.0351,0.078,-0.7254,0.73043,996.12,1000.0,3.88,53.75,216.0,2.2681,0.2133,LOCK,3,looseness
21660,4400506,1316,228910.0,-0.0273,-0.039,-0.9867,0.98785,996.18,1000.0,3.82,53.75,216.0,2.2846,0.4636,LOCK,3,looseness
21661,4400520,1330,228924.0,-0.0234,-0.3237,-0.7098,0.78048,996.24,1000.0,3.76,53.75,216.0,2.2856,0.4791,LOCK,3,looseness
21662,4400528,1338,228932.0,0.0078,-0.0195,-0.8073,0.80757,996.29,1000.0,3.71,53.75,216.0,2.2652,0.1696,LOCK,3,looseness
21663,4400537,1347,228941.0,-0.2067,-0.0624,-0.8346,0.86208,996.33,1000.0,3.67,53.75,216.0,2.2601,0.0924,LOCK,3,looseness
21664,4400545,1355,228949.0,0.0351,-0.0351,-0.7605,0.76212,996.37,1000.0,3.63,53.75,216.0,2.2635,0.1437,LOCK,3,looseness
21665,4400554,1364,228958.0,-0.0117,0.1638,-0.8346,0.8506,996.45,1000.0,3.55,53.75,216.0,2.2653,0.1705,LOCK,3,looseness
21666,4400562,1372,228966.0,-0.1521,-0.1014,-0.6903,0.71409,996.52,1000.0,3.48,53.75,216.0,2.2782,0.3665,LOCK,3,looseness
21667,4400571,1381,228975.0,-0.1521,-0.1014,-0.6903,0.71409,996.58,1000.0,3.42,53.75,216.0,2.2814,0.4156,LOCK,3,looseness
21668,4400579,1389,228983.0,0.0819,-0.1053,-0.7488,0.76059,996.64,1000.0,3.36,53.75,216.0,2.2638,0.1488,LOCK,3,looseness
21669,4400588,1398,228992.0,0.0585,-0.117,-0.8853,0.89491,996.69,1000.0,3.31,53.75,216.0,2.2753,0.3235,LOCK,3,looseness
21670,4400607,1417,229011.0,-0.0078,0.117,-0.819,0.82735,996.74,1000.0,3.26,53.75,216.0,2.2774,0.354,LOCK,3,looseness
21671,4400615,1425,229019.0,-0.0546,0.234,-0.7605,0.79756,996.83,1000.0,3.17,53.75,216.0,2.2767,0.3433,LOCK,3,looseness
21672,4400624,1434,229028.0,0.0429,-0.1209,-0.741,0.75202,996.91,1000.0,3.09,53.75,216.0,2.2554,0.0213,LOCK,3,looseness
21673,4400632,1442,229036.0,0.0429,-0.1209,-0.741,0.75202,996.99,1000.0,3.01,53.75,216.0,2.2494,-0.07,LOCK,3,looseness
21674,4400641,1451,229045.0,0.0351,-0.0936,-0.7371,0.74385,997.05,1000.0,2.95,53.75,216.0,2.2612,0.1089,LOCK,3,looseness
21675,4400649,1459,229053.0,-0.0273,-0.0312,-0.8229,0.82394,997.11,1000.0,2.89,53.75,216.0,2.2513,-0.041,LOCK,3,looseness
21676,4400669,1479,229073.0,0.0312,0.117,-0.7917,0.80091,997.2,1000.0,2.8,53.75,216.0,2.2829,0.4382,LOCK,3,looseness
21677,4400678,1488,229082.0,-0.0819,0.0507,-0.6903,0.69699,997.29,1000.0,2.71,53.75,216.0,2.2649,0.165,LOCK,3,looseness
21678,4400686,1496,229090.0,-0.0273,0.0819,-0.7722,0.77701,997.36,1000.0,2.64,53.75,216.0,2.2599,0.089,LOCK,3,looseness
21679,4400694,1504,229098.0,-0.0273,0.0819,-0.7722,0.77701,997.43,1000.0,2.57,53.75,216.0,2.2785,0.3705,LOCK,3,looseness
21680,4400703,1513,229107.0,-0.0351,-0.0897,-0.9126,0.91767,997.49,1000.0,2.51,53.75,216.0,2.2621,0.1229,LOCK,3,looseness
21681,4400725,1535,229129.0,-0.1482,-0.078,-0.7644,0.78253,997.54,1000.0,2.46,53.75,216.0,2.2865,0.4923,LOCK,3,looseness
21682,4400734,1544,229138.0,-0.2574,-0.1014,-0.8463,0.89037,997.62,1000.0,2.38,53.75,216.0,2.264,0.1522,LOCK,3,looseness
21683,4400742,1552,229146.0,-0.0741,-0.2613,-0.6201,0.67697,997.69,1000.0,2.31,53.75,216.0,2.2515,-0.0373,LOCK,3,looseness
21684,4400751,1561,229155.0,-0.0273,0.2691,-0.7566,0.80349,997.75,1000.0,2.25,53.75,216.0,2.2602,0.0933,LOCK,3,looseness
21685,4400759,1569,229163.0,-0.0117,0.0117,-0.8541,0.85426,997.81,1000.0,2.19,53.75,216.0,2.2598,0.0872,LOCK,3,looseness
21686,4400769,1579,229173.0,-0.039,-0.1599,-0.7683,0.78573,997.86,1000.0,2.14,53.75,216.0,2.2828,0.4358,LOCK,3,looseness
21687,4400777,1587,229181.0,-0.1599,0.039,-0.8658,0.88131,997.91,1000.0,2.09,53.75,216.0,2.2734,0.2942,LOCK,3,looseness
21688,4400786,1596,229190.0,-0.1599,0.039,-0.8658,0.88131,997.95,1000.0,2.05,53.75,216.0,2.2699,0.2416,LOCK,3,looseness
21689,4400794,1604,229198.0,-0.0975,0.0429,-0.6903,0.69847,998.02,1000.0,1.98,53.75,216.0,2.2751,0.3201,LOCK,3,looseness
21690,4400803,1613,229207.0,-0.0312,-0.1716,-0.7878,0.80688,998.09,1000.0,1.91,53.75,216.0,2.2621,0.1223,LOCK,3,looseness
21691,4400811,1621,229215.0,-0.0624,0.0234,-0.8697,0.87225,998.15,1000.0,1.85,53.75,216.0,2.2857,0.4804,LOCK,3,looseness
21692,4400821,1631,229225.0,0.078,-0.0663,-0.6786,0.68628,998.21,1000.0,1.79,53.75,216.0,2.2743,0.3073,LOCK,3,looseness
21693,4400830,1640,229234.0,-0.039,0.039,-0.7878,0.78973,998.26,1000.0,1.74,53.75,216.0,2.2864,0.491,LOCK,3,looseness
21694,4400838,1648,229242.0,-0.039,0.039,-0.7878,0.78973,998.3,1000.0,1.7,53.75,216.0,2.2558,0.0274,LOCK,3,looseness
21695,4400847,1657,229251.0,-0.1677,-0.0624,-0.7995,0.81928,998.35,1000.0,1.65,53.75,216.0,2.2587,0.0716,LOCK,3,looseness
21696,4400855,1665,229259.0,0.0468,-0.0702,-0.7215,0.72642,998.43,1000.0,1.57,53.75,216.0,2.268,0.212,LOCK,3,looseness
21697,4400864,1674,229268.0,-0.1053,-0.1014,-0.9789,0.98976,998.5,1000.0,1.5,53.75,216.0,2.2578,0.0579,LOCK,3,looseness
21698,4400882,1692,229286.0,-0.0156,-0.0117,-0.7995,0.79974,998.56,1000.0,1.44,53.75,216.0,2.2841,0.4556,LOCK,3,looseness
21699,4400891,1701,229295.0,-0.1209,-0.1092,-0.9243,0.93855,998.62,1000.0,1.38,53.75,216.0,2.2583,0.0646,LOCK,3,looseness
21700,4400899,1709,229303.0,-0.1209,-0.1092,-0.9243,0.93855,998.67,1000.0,1.33,53.75,216.0,2.2649,0.1647,LOCK,3,looseness
21701,4400908,1718,229312.0,0.0,0.0351,-0.6981,0.69898,998.75,1000.0,1.25,53.75,216.0,2.2614,0.1125,LOCK,3,looseness
21702,4400918,1728,229322.0,-0.0936,0.2028,-0.7566,0.78888,998.83,1000.0,1.17,53.75,216.0,2.2735,0.296,LOCK,3,looseness
21703,4400931,1741,229335.0,0.1326,-0.1482,-0.7683,0.79362,998.89,1000.0,1.11,53.75,216.0,2.2821,0.426,LOCK,3,looseness
21704,4400940,1750,229344.0,0.1326,-0.1482,-0.7683,0.79362,998.95,1000.0,1.05,53.75,216.0,2.2545,0.0075,LOCK,3,looseness
21705,4400948,1758,229352.0,0.0273,-0.0546,-0.9399,0.94188,999.0,1000.0,1.0,53.75,216.0,2.2642,0.155,LOCK,3,looseness
21706,4400957,1767,229361.0,-0.156,-0.0702,-0.702,0.72254,999.05,1000.0,0.95,53.75,216.0,2.2572,0.0481,LOCK,3,looseness
21707,4400965,1775,229369.0,-0.0195,0.1404,-0.7722,0.7851,999.09,1000.0,0.91,53.75,216.0,2.2658,0.1791,LOCK,3,looseness
21708,4401026,1836,229430.0,0.0273,-0.1248,-0.9048,0.91377,999.16,1000.0,0.84,53.75,216.0,2.2846,0.4642,LOCK,3,looseness
21709,4401035,1845,229439.0,-0.1404,-0.0039,-0.6981,0.71209,999.25,1000.0,0.75,53.75,216.0,2.2779,0.3622,LOCK,3,looseness
21710,4401043,1853,229447.0,-0.1404,-0.0039,-0.6981,0.71209,999.34,1000.0,0.66,53.75,216.0,2.2601,0.0927,LOCK,3,looseness
21711,4401052,1862,229456.0,-0.0156,0.1287,-0.7527,0.76378,999.41,1000.0,0.59,53.75,216.0,2.2698,0.2401,LOCK,3,looseness
21712,4401060,1870,229464.0,-0.039,-0.0039,-0.7917,0.79267,999.48,1000.0,0.52,53.75,216.0,2.259,0.0762,LOCK,3,looseness
21713,4401069,1879,229473.0,-0.0234,-0.1287,-0.7566,0.76782,999.54,1000.0,0.46,53.75,216.0,2.275,0.3186,LOCK,3,looseness
21714,4401077,1887,229481.0,-0.0975,-0.0546,-0.7956,0.80341,999.6,1000.0,0.4,53.75,216.0,2.2746,0.3125,LOCK,3,looseness
21715,4401086,1896,229490.0,-0.1794,-0.1365,-0.7839,0.81567,999.65,1000.0,0.35,53.75,216.0,2.2908,0.5573,LOCK,3,looseness
21716,4401104,1914,229508.0,-0.0546,-0.3939,-0.7215,0.82383,999.73,1000.0,0.27,53.75,216.0,2.2398,-0.2156,LOCK,3,looseness
21717,4401113,1923,229517.0,0.0117,0.2145,-0.8658,0.89205,999.8,1000.0,0.2,53.75,216.0,2.2646,0.1608,LOCK,3,looseness
21718,4401121,1931,229525.0,-0.078,-0.1326,-0.7995,0.81417,999.87,1000.0,0.13,53.75,216.0,2.2898,0.542,LOCK,3,looseness
21719,4401135,1945,229539.0,-0.0117,-0.1755,-0.8034,0.82243,999.93,1000.0,0.07,53.75,216.0,2.2784,0.3702,LOCK,3,looseness
21720,4401143,1953,229547.0,-0.1131,0.1092,-0.8814,0.89531,999.98,1000.0,0.02,53.75,216.0,2.2517,-0.0346,LOCK,3,looseness
21721,4401152,1962,229556.0,-0.1092,0.0351,-0.6708,0.68054,1000.05,1000.0,-0.05,53.75,216.0,2.2645,0.1595,LOCK,3,looseness
21722,4401160,1970,229564.0,-0.0546,-0.1716,-0.8229,0.84237,1000.12,1000.0,-0.12,53.75,216.0,2.2631,0.1385,LOCK,3,looseness
21723,4401169,1979,229573.0,-0.0702,0.0429,-0.9087,0.91242,1000.18,1000.0,-0.18,53.75,216.0,2.2658,0.1791,LOCK,3,looseness
21724,4401178,1988,229582.0,0.0702,-0.1911,-0.7332,0.76094,1000.23,1000.0,-0.23,53.75,216.0,2.2808,0.4056,LOCK,3,looseness
21725,4401186,1996,229590.0,0.0702,-0.1911,-0.7332,0.76094,1000.28,1000.0,-0.28,53.75,216.0,2.284,0.455,LOCK,3,looseness
21726,4401205,2015,229609.0,-0.195,-0.0468,-0.8346,0.85835,1000.32,1000.0,-0.32,53.75,216.0,2.2694,0.2328,LOCK,3,looseness
21727,4401213,2023,229617.0,0.1053,0.0819,-0.702,0.71456,1000.39,1000.0,-0.39,53.75,216.0,2.2634,0.1421,LOCK,3,looseness
21728,4401222,2032,229626.0,0.0,-0.1092,-0.9477,0.95397,1000.45,1000.0,-0.45,53.75,216.0,2.2757,0.3286,LOCK,3,looseness
21729,4401231,2041,229635.0,-0.0039,-0.1131,-0.7332,0.74188,1000.5,1000.0,-0.5,53.75,216.0,2.2804,0.3998,LOCK,3,looseness
21730,4401240,2050,229644.0,0.0819,-0.0273,-0.7449,0.74989,1000.55,1000.0,-0.55,53.75,216.0,2.2438,-0.1543,LOCK,3,looseness
21731,4401248,2058,229652.0,0.0819,-0.0273,-0.7449,0.74989,1000.59,1000.0,-0.59,53.75,216.0,2.2575,0.0536,LOCK,3,looseness
21732,4401257,2067,229661.0,-0.1443,-0.1521,-0.8697,0.89461,1000.63,1000.0,-0.63,53.75,216.0,2.2623,0.1263,LOCK,3,looseness
21733,4401281,2091,229685.0,-0.0429,-0.0858,-0.8775,0.88273,1000.67,1000.0,-0.67,53.75,216.0,2.2856,0.4785,LOCK,3,looseness
21734,4401289,2099,229693.0,-0.0429,-0.0858,-0.8775,0.88273,1000.72,1000.0,-0.72,53.75,216.0,2.29,0.546,LOCK,3,looseness
21735,4401298,2108,229702.0,0.0507,-0.2067,-0.663,0.69632,1000.75,1000.0,-0.75,53.75,216.0,2.2656,0.1763,LOCK,3,looseness
21736,4401306,2116,229710.0,0.0117,-0.0429,-0.8034,0.80463,1000.79,1000.0,-0.79,53.75,216.0,2.2667,0.1919,LOCK,3,looseness
21737,4401315,2125,229719.0,-0.1638,-0.0507,-0.8814,0.89792,1000.82,1000.0,-0.82,53.75,216.0,2.2588,0.0725,LOCK,3,looseness
21738,4401323,2133,229727.0,-0.0468,0.0195,-0.7371,0.73884,1000.84,1000.0,-0.84,53.75,216.0,2.2851,0.4712,LOCK,3,looseness
21739,4401347,2157,229751.0,-0.1443,0.0156,-0.7839,0.79722,1000.89,1000.0,-0.89,53.75,216.0,2.2802,0.3967,LOCK,3,looseness
21740,4401355,2165,229759.0,0.0117,-0.1209,-0.6786,0.68938,1000.94,1000.0,-0.94,53.75,216.0,2.2362,-0.2693,LOCK,3,looseness
21741,4401364,2174,229768.0,0.0897,0.0468,-0.7722,0.7788,1000.98,1000.0,-0.98,53.75,216.0,2.2708,0.2539,LOCK,3,looseness
21742,4401372,2182,229776.0,-0.2106,-0.0663,-0.8229,0.852,1001.02,1000.0,-1.02,53.75,216.0,2.2482,-0.0877,LOCK,3,looseness
21743,4401381,2191,229785.0,-0.2106,-0.0663,-0.8229,0.852,1001.05,1000.0,-1.05,53.75,216.0,2.275,0.3177,LOCK,3,looseness
21744,4401389,2199,229793.0,-0.0234,-0.1989,-0.7995,0.8242,1001.09,1000.0,-1.09,53.75,216.0,2.2809,0.4077,LOCK,3,looseness
21745,4401408,2218,229812.0,0.0429,0.0897,-0.7371,0.74378,1001.13,1000.0,-1.13,53.75,216.0,2.2695,0.2352,LOCK,3,looseness
21746,4401416,2226,229820.0,0.0351,-0.2067,-0.7254,0.75509,1001.17,1000.0,-1.17,53.75,216.0,2.2514,-0.0401,LOCK,3,looseness
21747,4401425,2235,229829.0,0.0312,-0.0507,-0.9165,0.91843,1001.2,1000.0,-1.2,53.75,216.0,2.2787,0.3741,LOCK,3,looseness
21748,4401434,2244,229838.0,-0.1248,-0.1404,-0.6591,0.68535,1001.23,1000.0,-1.23,53.75,216.0,2.2824,0.43,LOCK,3,looseness
21749,4401442,2252,229846.0,-0.1248,-0.1404,-0.6591,0.68535,1001.25,1000.0,-1.25,53.75,216.0,2.2768,0.3451,LOCK,3,looseness
21750,4401451,2261,229855.0,-0.0156,-0.0702,-0.7878,0.79108,1001.3,1000.0,-1.3,53.75,216.0,2.2611,0.1083,LOCK,3,looseness
21751,4401469,2279,229873.0,0.0078,0.0702,-0.7644,0.76766,1001.34,1000.0,-1.34,53.75,216.0,2.2625,0.129,LOCK,3,looseness
21752,4401478,2288,229882.0,0.0312,-0.1014,-0.8814,0.88776,1001.37,1000.0,-1.37,53.75,216.0,2.2759,0.332,LOCK,3,looseness
21753,4401486,2296,229890.0,-0.1521,-0.0312,-0.7722,0.78766,1001.41,1000.0,-1.41,53.75,216.0,2.2805,0.401,LOCK,3,looseness
21754,4401495,2305,229899.0,-0.1521,-0.0312,-0.7722,0.78766,1001.44,1000.0,-1.44,53.75,216.0,2.2863,0.4895,LOCK,3,looseness
21755,4401503,2313,229907.0,-0.1014,-0.0078,-0.7605,0.76727,1001.46,1000.0,-1.46,53.75,216.0,2.2724,0.2783,LOCK,3,looseness
21756,4401512,2322,229916.0,-0.117,0.0312,-0.8073,0.81633,1001.5,1000.0,-1.5,53.75,216.0,2.2775,0.3555,LOCK,3,looseness
21757,4401531,2341,229935.0,-0.0273,0.1209,-0.8268,0.83604,1001.53,1000.0,-1.53,53.75,216.0,2.2737,0.2978,LOCK,3,looseness
21758,4401539,2349,229943.0,0.0351,-0.1404,-0.8151,0.82785,1001.55,1000.0,-1.55,53.75,216.0,2.2839,0.4532,LOCK,3,looseness
21759,4401553,2363,229957.0,0.0312,-0.1053,-0.819,0.82633,1001.58,1000.0,-1.58,53.75,216.0,2.2786,0.3726,LOCK,3,looseness
21760,4401561,2371,229965.0,-0.1248,-0.0195,-0.9009,0.90971,1001.6,1000.0,-1.6,53.75,216.0,2.2575,0.053,LOCK,3,looseness
21761,4401570,2380,229974.0,-0.1287,0.2028,-0.5694,0.61799,1001.62,1000.0,-1.62,53.75,216.0,2.2601,0.0918,LOCK,3,looseness
21762,4401578,2388,229982.0,-0.0039,-0.0624,-0.8346,0.83694,1001.65,1000.0,-1.65,53.75,216.0,2.2423,-0.1769,LOCK,3,looseness
21763,4401587,2397,229991.0,-0.0039,-0.0624,-0.8346,0.83694,1001.67,1000.0,-1.67,53.75,216.0,2.2505,-0.0535,LOCK,3,looseness
21764,4401640,2450,230044.0,-0.0897,-0.0156,-0.9204,0.92489,1001.7,1000.0,-1.7,53.75,216.0,2.2809,0.4077,LOCK,3,looseness
21765,4401649,2459,230053.0,0.039,-0.1794,-0.7098,0.73316,1001.73,1000.0,-1.73,53.75,216.0,2.2815,0.4166,LOCK,3,looseness
21766,4401658,2468,230062.0,0.039,-0.1794,-0.7098,0.73316,1001.76,1000.0,-1.76,53.75,216.0,2.2536,-0.0056,LOCK,3,looseness
21767,4401666,2476,230070.0,-0.0273,0.0507,-0.819,0.82102,1001.78,1000.0,-1.78,53.75,216.0,2.2648,0.1635,LOCK,3,looseness
21768,4401675,2485,230079.0,-0.2301,0.0078,-0.7215,0.75734,1001.81,1000.0,-1.81,53.75,216.0,2.2684,0.2184,LOCK,3,looseness
21769,4401683,2493,230087.0,-0.0117,-0.0702,-0.8151,0.8182,1001.82,1000.0,-1.82,53.75,216.0,2.2655,0.1745,LOCK,3,looseness
21770,4401702,2512,230106.0,-0.0702,-0.0429,-0.7137,0.71843,1001.85,1000.0,-1.85,53.75,216.0,2.2722,0.2758,LOCK,3,looseness
21771,4401710,2520,230114.0,-0.0702,-0.0429,-0.7137,0.71843,1001.88,1000.0,-1.88,53.75,216.0,2.2695,0.2352,LOCK,3,looseness
21772,4401719,2529,230123.0,0.0273,-0.1404,-0.9243,0.9353,1001.9,1000.0,-1.9,53.75,216.0,2.2677,0.2068,LOCK,3,looseness
21773,4401727,2537,230131.0,0.0429,-0.0585,-0.7215,0.72514,1001.93,1000.0,-1.93,53.75,216.0,2.2602,0.0942,LOCK,3,looseness
21774,4401736,2546,230140.0,-0.1365,0.0,-0.8151,0.82645,1001.94,1000.0,-1.94,53.75,216.0,2.2729,0.2859,LOCK,3,looseness
21775,4401744,2554,230148.0,-0.1248,-0.0702,-0.7293,0.74322,1001.96,1000.0,-1.96,53.75,216.0,2.2763,0.3381,LOCK,3,looseness
21776,4401768,2578,230172.0,0.0195,0.0507,-0.7137,0.71576,1001.98,1000.0,-1.98,53.75,216.0,2.259,0.0753,LOCK,3,looseness
21777,4401776,2586,230180.0,0.0507,-0.2574,-0.7878,0.83033,1002.0,1000.0,-2.0,53.75,216.0,2.2555,0.0225,LOCK,3,looseness
21778,4401785,2595,230189.0,0.0273,-0.0858,-0.9438,0.94809,1002.01,1000.0,-2.01,53.75,216.0,2.266,0.1824,LOCK,3,looseness
21779,4401793,2603,230197.0,-0.1287,-0.1755,-0.6903,0.72379,1002.03,1000.0,-2.03,53.75,216.0,2.2778,0.3604,LOCK,3,looseness
21780,4401802,2612,230206.0,-0.1287,-0.1755,-0.6903,0.72379,1002.04,1000.0,-2.04,53.75,216.0,2.2856,0.4788,LOCK,3,looseness
21781,4401810,2620,230214.0,0.0,-0.0195,-0.7722,0.77245,1002.04,1000.0,-2.04,53.75,216.0,2.2698,0.2395,LOCK,3,looseness
21782,4401829,2639,230233.0,0.0078,0.0897,-0.8385,0.84332,1002.05,1000.0,-2.05,53.75,216.0,2.2613,0.1113,LOCK,3,looseness
21783,4401837,2647,230241.0,0.0117,-0.0195,-0.8307,0.83101,1002.05,1000.0,-2.05,53.75,216.0,2.2695,0.2346,LOCK,3,looseness
21784,4401847,2657,230251.0,-0.0819,-0.2379,-0.8034,0.84188,1002.06,1000.0,-2.06,53.75,216.0,2.2539,-0.0019,LOCK,3,looseness
21785,4401855,2665,230259.0,-0.156,0.0195,-0.9087,0.9222,1002.06,1000.0,-2.06,53.75,216.0,2.257,0.0457,LOCK,3,looseness
21786,4401864,2674,230268.0,-0.156,0.0195,-0.9087,0.9222,1002.07,1000.0,-2.07,53.75,216.0,2.2615,0.1134,LOCK,3,looseness
21787,4401872,2682,230276.0,-0.1365,0.0,-0.585,0.60071,1002.08,1000.0,-2.08,53.75,216.0,2.2589,0.0747,LOCK,3,looseness
21788,4401897,2707,230301.0,0.0507,-0.0468,-0.8073,0.81024,1002.09,1000.0,-2.09,53.75,216.0,2.283,0.4388,LOCK,3,looseness
21789,4401905,2715,230309.0,-0.0429,0.0195,-0.9165,0.91771,1002.1,1000.0,-2.1,53.75,216.0,2.2745,0.3109,LOCK,3,looseness
21790,4401914,2724,230318.0,-0.0429,0.0195,-0.9165,0.91771,1002.11,1000.0,-2.11,53.75,216.0,2.2789,0.3772,LOCK,3,looseness
21791,4401922,2732,230326.0,-0.1989,-0.117,-0.6981,0.73525,1002.12,1000.0,-2.12,53.75,216.0,2.284,0.4544,LOCK,3,looseness
21792,4401931,2741,230335.0,0.0,0.1989,-0.7332,0.7597,1002.13,1000.0,-2.13,53.75,216.0,2.2801,0.3949,LOCK,3,looseness
21793,4401947,2757,230351.0,-0.0936,-0.0663,-0.7215,0.73056,1002.14,1000.0,-2.14,53.75,216.0,2.2797,0.3888,LOCK,3,looseness
21794,4401956,2766,230360.0,-0.0936,-0.0663,-0.7215,0.73056,1002.15,1000.0,-2.15,53.75,216.0,2.2771,0.3494,LOCK,3,looseness
21795,4401969,2779,230373.0,-0.0507,-0.0039,-0.8892,0.89065,1002.15,1000.0,-2.15,53.75,216.0,2.2633,0.1403,LOCK,3,looseness
21796,4401978,2788,230382.0,-0.0273,-0.0507,-0.6864,0.68881,1002.16,1000.0,-2.16,53.75,216.0,2.2618,0.1189,LOCK,3,looseness
21797,4401986,2796,230390.0,-0.0273,-0.0507,-0.6864,0.68881,1002.18,1000.0,-2.18,53.75,216.0,2.2541,0.0014,LOCK,3,looseness
21798,4401996,2806,230400.0,-0.0468,0.1716,-0.7644,0.78482,1002.19,1000.0,-2.19,53.75,216.0,2.2866,0.4935,LOCK,3,looseness
21799,4402004,2814,230408.0,-0.0936,0.0039,-0.9321,0.9368,1002.21,1000.0,-2.21,53.75,216.0,2.2833,0.4446,LOCK,3,looseness
21800,4402013,2823,230417.0,0.0078,-0.1092,-0.7761,0.78378,1002.22,1000.0,-2.22,53.75,216.0,2.269,0.2273,LOCK,3,looseness
21801,4402021,2831,230425.0,0.0312,0.039,-0.7839,0.78549,1002.23,1000.0,-2.23,53.75,216.0,2.2853,0.4736,LOCK,3,looseness
21802,4402030,2840,230434.0,-0.2106,-0.0039,-0.8658,0.89105,1002.24,1000.0,-2.24,53.75,216.0,2.2516,-0.0358,LOCK,3,looseness
21803,4402052,2862,230456.0,-0.1599,0.117,-0.7215,0.74821,1002.24,1000.0,-2.24,53.75,216.0,2.283,0.4394,LOCK,3,looseness
21804,4402060,2870,230464.0,-0.2028,0.1053,-0.7878,0.82027,1002.25,1000.0,-2.25,53.75,216.0,2.279,0.3784,LOCK,3,looseness
21805,4402069,2879,230473.0,-0.2028,0.1053,-0.7878,0.82027,1002.25,1000.0,-2.25,53.75,216.0,2.2657,0.1769,LOCK,3,looseness
21806,4402077,2887,230481.0,0.1443,-0.2028,-0.7566,0.79649,1002.26,1000.0,-2.26,53.75,216.0,2.2696,0.2365,LOCK,3,looseness
21807,4402086,2896,230490.0,0.0585,-0.0351,-0.858,0.86071,1002.26,1000.0,-2.26,53.75,216.0,2.2676,0.2062,LOCK,3,looseness
21808,4402100,2910,230504.0,-0.0429,-0.0507,-0.8151,0.8178,1002.27,1000.0,-2.27,53.75,216.0,2.2789,0.3769,LOCK,3,looseness
21809,4402109,2919,230513.0,-0.0429,-0.0507,-0.8151,0.8178,1002.29,1000.0,-2.29,53.75,216.0,2.2794,0.3854,LOCK,3,looseness
21810,4402117,2927,230521.0,-0.1014,0.0156,-0.8463,0.8525,1002.3,1000.0,-2.3,53.75,216.0,2.255,0.0145,LOCK,3,looseness
21811,4402126,2936,230530.0,0.0039,-0.0741,-0.6591,0.66326,1002.32,1000.0,-2.32,53.75,216.0,2.2582,0.0631,LOCK,3,looseness
21812,4402134,2944,230538.0,0.0663,-0.1638,-0.8463,0.86455,1002.34,1000.0,-2.34,53.75,216.0,2.2538,-0.0032,LOCK,3,looseness
21813,4402153,2963,230557.0,-0.0585,-0.1521,-0.7566,0.77395,1002.35,1000.0,-2.35,53.75,216.0,2.2858,0.4825,LOCK,3,looseness
21814,4402161,2971,230565.0,-0.0585,-0.1521,-0.7566,0.77395,1002.36,1000.0,-2.36,53.75,216.0,2.2732,0.2908,LOCK,3,looseness
21815,4402175,2985,230579.0,-0.2184,-0.1755,-0.663,0.71977,1002.38,1000.0,-2.38,53.75,216.0,2.2858,0.4816,LOCK,3,looseness
21816,4402183,2993,230587.0,-0.0429,0.0507,-0.7605,0.76339,1002.4,1000.0,-2.4,53.75,216.0,2.2559,0.0292,LOCK,3,looseness
21817,4402192,3002,230596.0,-0.0429,0.0507,-0.7605,0.76339,1002.42,1000.0,-2.42,53.75,216.0,2.2498,-0.063,LOCK,3,looseness
21818,4402200,3010,230604.0,-0.0078,0.0078,-0.8502,0.85027,1002.43,1000.0,-2.43,53.75,216.0,2.2589,0.0747,LOCK,3,looseness
21819,4402249,3059,230653.0,-0.0897,0.2067,-0.8151,0.84567,1002.47,1000.0,-2.47,53.75,216.0,2.2795,0.386,LOCK,3,looseness
21820,4402258,3068,230662.0,0.0078,-0.0897,-0.7605,0.76581,1002.51,1000.0,-2.51,53.75,216.0,2.2823,0.4288,LOCK,3,looseness
21821,4402266,3076,230670.0,-0.0819,0.0507,-0.8385,0.84401,1002.54,1000.0,-2.54,53.75,216.0,2.2768,0.3454,LOCK,3,looseness
21822,4402275,3085,230679.0,-0.1404,-0.0351,-0.8658,0.87781,1002.57,1000.0,-2.57,53.75,216.0,2.2783,0.3683,LOCK,3,looseness
21823,4402283,3093,230687.0,-0.1404,-0.0351,-0.8658,0.87781,1002.59,1000.0,-2.59,53.75,216.0,2.2839,0.4529,LOCK,3,looseness
21824,4402292,3102,230696.0,0.0156,-0.0039,-0.7683,0.76847,1002.63,1000.0,-2.63,53.75,216.0,2.2815,0.4166,LOCK,3,looseness
21825,4402311,3121,230715.0,-0.0468,-0.1053,-0.7566,0.76532,1002.67,1000.0,-2.67,53.75,216.0,2.2734,0.2945,LOCK,3,looseness
21826,4402319,3129,230723.0,-0.0468,-0.0078,-0.78,0.78144,1002.7,1000.0,-2.7,53.75,216.0,2.2471,-0.1042,LOCK,3,looseness
21827,4402328,3138,230732.0,-0.1014,0.1326,-0.6357,0.65725,1002.73,1000.0,-2.73,53.75,216.0,2.2788,0.376,LOCK,3,looseness
21828,4402336,3146,230740.0,-0.039,0.0273,-0.7761,0.77756,1002.76,1000.0,-2.76,53.75,216.0,2.2685,0.22,LOCK,3,looseness
21829,4402345,3155,230749.0,-0.039,0.0273,-0.7761,0.77756,1002.79,1000.0,-2.79,53.75,216.0,2.266,0.1821,LOCK,3,looseness
21830,4402358,3168,230762.0,-0.0702,-0.1092,-0.8853,0.89477,1002.82,1000.0,-2.82,53.75,216.0,2.2798,0.3906,LOCK,3,looseness
21831,4402367,3177,230771.0,-0.0702,-0.1092,-0.8853,0.89477,1002.84,1000.0,-2.84,53.75,216.0,2.2766,0.3424,LOCK,3,looseness
21832,4402380,3190,230784.0,-0.0234,-0.0546,-0.6747,0.67731,1002.87,1000.0,-2.87,53.75,216.0,2.2713,0.2627,LOCK,3,looseness
21833,4402389,3199,230793.0,-0.1287,0.0234,-0.7956,0.80628,1002.89,1000.0,-2.89,53.75,216.0,2.2589,0.0741,LOCK,3,looseness
21834,4402397,3207,230801.0,-0.1287,0.0234,-0.7956,0.80628,1002.91,1000.0,-2.91,53.75,216.0,2.2614,0.1128,LOCK,3,looseness
21835,4402406,3216,230810.0,-0.0585,-0.0585,-0.7566,0.76111,1002.94,1000.0,-2.94,53.75,216.0,2.2927,0.5869,LOCK,3,looseness
21836,4402414,3224,230818.0,0.0507,0.0351,-0.7566,0.75911,1002.97,1000.0,-2.97,53.75,216.0,2.278,0.3634,LOCK,3,looseness
21837,4402423,3233,230827.0,-0.1053,0.0351,-0.8697,0.87675,1003.0,1000.0,-3.0,53.75,216.0,2.2597,0.086,LOCK,3,looseness
21838,4402431,3241,230835.0,0.0195,-0.1209,-0.7059,0.71644,1003.03,1000.0,-3.03,53.75,216.0,2.2877,0.51,LOCK,3,looseness
21839,4402450,3260,230854.0,-0.078,-0.0234,-0.8658,0.86962,1003.05,1000.0,-3.05,53.75,216.0,2.2824,0.4303,LOCK,3,looseness
21840,4402459,3269,230863.0,-0.078,-0.0234,-0.8658,0.86962,1003.07,1000.0,-3.07,53.75,216.0,2.2772,0.3512,LOCK,3,looseness
21841,4402467,3277,230871.0,0.0117,0.0429,-0.7878,0.78905,1003.1,1000.0,-3.1,53.75,216.0,2.2485,-0.0831,LOCK,3,looseness
21842,4402476,3286,230880.0,-0.1677,0.1404,-0.7293,0.76139,1003.13,1000.0,-3.13,53.75,216.0,2.2558,0.0271,LOCK,3,looseness
21843,4402484,3294,230888.0,-0.0468,0.0468,-0.6669,0.67018,1003.16,1000.0,-3.16,53.75,216.0,2.2648,0.1638,LOCK,3,looseness
21844,4402493,3303,230897.0,0.0195,-0.156,-0.7722,0.78804,1003.19,1000.0,-3.19,53.75,216.0,2.2623,0.126,LOCK,3,looseness
21845,4402512,3322,230916.0,-0.1677,-0.1599,-0.7254,0.76151,1003.21,1000.0,-3.21,53.75,216.0,2.2902,0.5484,LOCK,3,looseness
21846,4402520,3330,230924.0,-0.1677,-0.1599,-0.7254,0.76151,1003.23,1000.0,-3.23,53.75,216.0,2.2814,0.4153,LOCK,3,looseness
21847,4402529,3339,230933.0,-0.1248,0.0234,-0.7098,0.72107,1003.27,1000.0,-3.27,53.75,216.0,2.267,0.1971,LOCK,3,looseness
21848,4402537,3347,230941.0,-0.1755,-0.1677,-0.7488,0.78716,1003.31,1000.0,-3.31,53.75,216.0,2.2809,0.4074,LOCK,3,looseness
21849,4402546,3356,230950.0,-0.0273,0.0312,-0.7176,0.7188,1003.34,1000.0,-3.34,53.75,216.0,2.2673,0.2023,LOCK,3,looseness
21850,4402554,3364,230958.0,0.0351,0.039,-0.8541,0.85571,1003.37,1000.0,-3.37,53.75,216.0,2.266,0.1815,LOCK,3,looseness
21851,4402573,3383,230977.0,-0.0702,-0.1092,-0.819,0.82922,1003.4,1000.0,-3.4,53.75,216.0,2.2807,0.404,LOCK,3,looseness
21852,4402587,3397,230991.0,-0.0741,-0.0234,-0.8346,0.83821,1003.42,1000.0,-3.42,53.75,216.0,2.2767,0.3433,LOCK,3,looseness
21853,4402595,3405,230999.0,-0.0936,-0.2418,-0.624,0.67572,1003.47,1000.0,-3.47,53.75,216.0,2.2721,0.2746,LOCK,3,looseness
21854,4402604,3414,231008.0,0.078,0.2106,-0.7995,0.83044,1003.5,1000.0,-3.5,53.75,216.0,2.2788,0.375,LOCK,3,looseness
21855,4402612,3422,231016.0,0.078,0.2106,-0.7995,0.83044,1003.54,1000.0,-3.54,53.75,216.0,2.2758,0.3302,LOCK,3,looseness
21856,4402621,3431,231025.0,0.0156,-0.0078,-0.8385,0.83868,1003.57,1000.0,-3.57,53.75,216.0,2.2848,0.4666,LOCK,3,looseness
21857,4402629,3439,231033.0,0.0351,-0.1716,-0.7839,0.80323,1003.6,1000.0,-3.6,53.75,216.0,2.256,0.0307,LOCK,3,looseness
21858,4402648,3458,231052.0,-0.0819,0.0936,-0.6669,0.6784,1003.64,1000.0,-3.64,53.75,216.0,2.2437,-0.1558,LOCK,3,looseness
21859,4402656,3466,231060.0,-0.1794,-0.0858,-0.8814,0.90356,1003.68,1000.0,-3.68,53.75,216.0,2.2791,0.3805,LOCK,3,looseness
21860,4402665,3475,231069.0,0.0741,-0.1248,-0.8346,0.84713,1003.72,1000.0,-3.72,53.75,216.0,2.2788,0.375,LOCK,3,looseness
21861,4402674,3484,231078.0,0.0741,-0.1248,-0.8346,0.84713,1003.75,1000.0,-3.75,53.75,216.0,2.2853,0.4749,LOCK,3,looseness
21862,4402682,3492,231086.0,0.0117,-0.0975,-0.7293,0.73588,1003.79,1000.0,-3.79,53.75,216.0,2.2539,-0.0019,LOCK,3,looseness
21863,4402691,3501,231095.0,-0.117,0.0273,-0.7995,0.80848,1003.81,1000.0,-3.81,53.75,216.0,2.2583,0.0652,LOCK,3,looseness
21864,4402709,3519,231113.0,0.0273,0.1716,-0.7176,0.73834,1003.85,1000.0,-3.85,53.75,216.0,2.2799,0.3927,LOCK,3,looseness
21865,4402718,3528,231122.0,-0.0312,-0.1092,-0.9321,0.93899,1003.88,1000.0,-3.88,53.75,216.0,2.2768,0.3457,LOCK,3,looseness
21866,4402726,3536,231130.0,0.0117,-0.2535,-0.6474,0.69536,1003.91,1000.0,-3.91,53.75,216.0,2.2835,0.4474,LOCK,3,looseness
21867,4402735,3545,231139.0,0.0117,-0.2535,-0.6474,0.69536,1003.94,1000.0,-3.94,53.75,216.0,2.2726,0.2813,LOCK,3,looseness
21868,4402743,3553,231147.0,0.0585,-0.0429,-0.7995,0.80278,1003.97,1000.0,-3.97,53.75,216.0,2.2709,0.2557,LOCK,3,looseness
21869,4402752,3562,231156.0,-0.0819,-0.0663,-0.9087,0.91479,1003.99,1000.0,-3.99,53.75,216.0,2.2701,0.2438,LOCK,3,looseness
21870,4402771,3581,231175.0,0.0,0.1482,-0.8463,0.85918,1004.02,1000.0,-4.02,53.75,216.0,2.2841,0.4559,LOCK,3,looseness
21871,4402779,3589,231183.0,-0.1365,-0.0078,-0.7527,0.76502,1004.05,1000.0,-4.05,53.75,216.0,2.2799,0.3931,LOCK,3,looseness
21872,4402793,3603,231197.0,0.0741,-0.156,-0.78,0.79889,1004.08,1000.0,-4.08,53.75,216.0,2.2802,0.3967,LOCK,3,looseness
21873,4402801,3611,231205.0,-0.0195,-0.1716,-0.9126,0.9288,1004.11,1000.0,-4.11,53.75,216.0,2.2495,-0.0688,LOCK,3,looseness
21874,4402810,3620,231214.0,-0.1677,-0.1365,-0.6591,0.69366,1004.13,1000.0,-4.13,53.75,216.0,2.2544,0.0057,LOCK,3,looseness
21875,4402818,3628,231222.0,0.0936,-0.1014,-0.8112,0.82285,1004.15,1000.0,-4.15,53.75,216.0,2.2749,0.3173,LOCK,3,looseness
21876,4402863,3673,231267.0,-0.0741,-0.0702,-0.7878,0.79439,1004.18,1000.0,-4.18,53.75,216.0,2.2664,0.1876,LOCK,3,looseness
21877,4402872,3682,231276.0,-0.0741,-0.1599,-0.8112,0.83012,1004.2,1000.0,-4.2,53.75,216.0,2.2828,0.4361,LOCK,3,looseness
21878,4402881,3691,231285.0,-0.0975,-0.0078,-0.8268,0.83257,1004.23,1000.0,-4.23,53.75,216.0,2.2907,0.5567,LOCK,3,looseness
21879,4402889,3699,231293.0,-0.0975,-0.0078,-0.8268,0.83257,1004.26,1000.0,-4.26,53.75,216.0,2.2791,0.3796,LOCK,3,looseness
21880,4402898,3708,231302.0,-0.2184,-0.2535,-0.5889,0.67732,1004.28,1000.0,-4.28,53.75,216.0,2.2854,0.4761,LOCK,3,looseness
21881,4402906,3716,231310.0,-0.0273,0.117,-0.7215,0.73143,1004.3,1000.0,-4.3,53.75,216.0,2.2794,0.3851,LOCK,3,looseness
21882,4402925,3735,231329.0,-0.1404,0.0546,-0.6591,0.6761,1004.32,1000.0,-4.32,53.75,216.0,2.2762,0.3357,LOCK,3,looseness
21883,4402934,3744,231338.0,-0.1092,-0.0585,-0.8268,0.83603,1004.34,1000.0,-4.34,53.75,216.0,2.2601,0.0921,LOCK,3,looseness
21884,4402942,3752,231346.0,-0.0897,-0.1443,-0.897,0.91295,1004.36,1000.0,-4.36,53.75,216.0,2.2714,0.2642,LOCK,3,looseness
21885,4402950,3760,231354.0,-0.0897,-0.1443,-0.897,0.91295,1004.37,1000.0,-4.37,53.75,216.0,2.2424,-0.1762,LOCK,3,looseness
21886,4402959,3769,231363.0,-0.0585,-0.1638,-0.8541,0.87163,1004.38,1000.0,-4.38,53.75,216.0,2.2586,0.0692,LOCK,3,looseness
21887,4402978,3788,231382.0,-0.0429,-0.039,-0.8736,0.87552,1004.39,1000.0,-4.39,53.75,216.0,2.2758,0.3305,LOCK,3,looseness
21888,4402986,3796,231390.0,-0.0078,-0.0858,-0.7722,0.77699,1004.4,1000.0,-4.4,53.75,216.0,2.2609,0.104,LOCK,3,looseness
21889,4403000,3810,231404.0,-0.0507,0.1248,-0.8073,0.81846,1004.41,1000.0,-4.41,53.75,216.0,2.2666,0.191,LOCK,3,looseness
21890,4403008,3818,231412.0,-0.1911,0.078,-0.6552,0.68694,1004.42,1000.0,-4.42,53.75,216.0,2.2581,0.0622,LOCK,3,looseness
21891,4403017,3827,231421.0,-0.039,-0.0624,-0.8463,0.84949,1004.42,1000.0,-4.42,53.75,216.0,2.2822,0.4266,LOCK,3,looseness
21892,4403025,3835,231429.0,0.0039,-0.0936,-0.9048,0.90964,1004.43,1000.0,-4.43,53.75,216.0,2.2807,0.4043,LOCK,3,looseness
21893,4403034,3844,231438.0,0.0195,-0.2418,-0.78,0.81685,1004.43,1000.0,-4.43,53.75,216.0,2.2768,0.3448,LOCK,3,looseness
21894,4403042,3852,231446.0,0.0195,-0.2418,-0.78,0.81685,1004.44,1000.0,-4.44,53.75,216.0,2.2802,0.397,LOCK,3,looseness
21895,4403061,3871,231465.0,-0.0819,0.1053,-0.7449,0.75675,1004.44,1000.0,-4.44,53.75,216.0,2.2597,0.086,LOCK,3,looseness
21896,4403069,3879,231473.0,-0.1209,0.3003,-0.6162,0.69606,1004.46,1000.0,-4.46,53.75,216.0,2.2745,0.3112,LOCK,3,looseness
21897,4403078,3888,231482.0,-0.0819,0.0702,-0.7527,0.76039,1004.47,1000.0,-4.47,53.75,216.0,2.2663,0.187,LOCK,3,looseness
21898,4403086,3896,231490.0,0.0,-0.1053,-0.8112,0.81801,1004.48,1000.0,-4.48,53.75,216.0,2.261,0.1064,LOCK,3,looseness
21899,4403095,3905,231499.0,0.0,-0.1053,-0.8112,0.81801,1004.5,1000.0,-4.5,53.75,216.0,2.2656,0.1754,LOCK,3,looseness
21900,4403103,3913,231507.0,0.0429,-0.1209,-0.7722,0.78278,1004.51,1000.0,-4.51,53.75,216.0,2.2696,0.2368,LOCK,3,looseness
21901,4403127,3937,231531.0,-0.0858,0.1755,-0.7215,0.74748,1004.52,1000.0,-4.52,53.75,216.0,2.283,0.4401,LOCK,3,looseness
21902,4403135,3945,231539.0,-0.0858,0.1755,-0.7215,0.74748,1004.53,1000.0,-4.53,53.75,216.0,2.2628,0.1339,LOCK,3,looseness
21903,4403144,3954,231548.0,-0.0819,0.0039,-0.8346,0.83862,1004.54,1000.0,-4.54,53.75,216.0,2.273,0.288,LOCK,3,looseness
21904,4403152,3962,231556.0,-0.0117,-0.0546,-0.6669,0.66923,1004.55,1000.0,-4.55,53.75,216.0,2.2534,-0.0084,LOCK,3,looseness
21905,4403161,3971,231565.0,0.0234,0.0819,-0.7527,0.7575,1004.56,1000.0,-4.56,53.75,216.0,2.2555,0.0234,LOCK,3,looseness
21906,4403177,3987,231581.0,-0.0078,-0.195,-0.7137,0.7399,1004.57,1000.0,-4.57,53.75,216.0,2.2794,0.3848,LOCK,3,looseness
21907,4403186,3996,231590.0,-0.0078,-0.195,-0.7137,0.7399,1004.6,1000.0,-4.6,53.75,216.0,2.2838,0.4514,LOCK,3,looseness
21908,4403194,4004,231598.0,-0.1404,-0.1989,-0.7332,0.77256,1004.62,1000.0,-4.62,53.75,216.0,2.275,0.3186,LOCK,3,looseness
21909,4403208,4018,231612.0,-0.1443,0.1833,-0.6708,0.71021,1004.64,1000.0,-4.64,53.75,216.0,2.2854,0.4752,LOCK,3,looseness
21910,4403216,4026,231620.0,0.078,-0.1365,-0.7917,0.80716,1004.66,1000.0,-4.66,53.75,216.0,2.2882,0.5176,LOCK,3,looseness
21911,4403225,4035,231629.0,-0.1209,-0.0351,-0.9243,0.93283,1004.68,1000.0,-4.68,53.75,216.0,2.2871,0.5014,LOCK,3,looseness
21912,4403233,4043,231637.0,-0.1014,-0.0273,-0.7293,0.73682,1004.69,1000.0,-4.69,53.75,216.0,2.2792,0.3818,LOCK,3,looseness
21913,4403242,4052,231646.0,-0.0585,0.0468,-0.7488,0.75254,1004.71,1000.0,-4.71,53.75,216.0,2.2755,0.3256,LOCK,3,looseness
21914,4403250,4060,231654.0,-0.1365,-0.1638,-0.7878,0.81614,1004.72,1000.0,-4.72,53.75,216.0,2.2644,0.1571,LOCK,3,looseness
21915,4403269,4079,231673.0,-0.0312,0.0507,-0.7605,0.76283,1004.74,1000.0,-4.74,53.75,216.0,2.276,0.3329,LOCK,3,looseness
21916,4403278,4088,231682.0,0.039,-0.1872,-0.8853,0.90572,1004.75,1000.0,-4.75,53.75,216.0,2.279,0.379,LOCK,3,looseness
21917,4403286,4096,231690.0,-0.1053,-0.0078,-0.7254,0.73304,1004.76,1000.0,-4.76,53.75,216.0,2.2813,0.4138,LOCK,3,looseness
21918,4403295,4105,231699.0,-0.0117,-0.1248,-0.78,0.79001,1004.77,1000.0,-4.77,53.75,216.0,2.2595,0.0832,LOCK,3,looseness
21919,4403303,4113,231707.0,0.0897,0.273,-0.8463,0.89376,1004.79,1000.0,-4.79,53.75,216.0,2.2433,-0.1625,LOCK,3,looseness
21920,4403312,4122,231716.0,-0.1989,-0.1872,-0.741,0.78974,1004.8,1000.0,-4.8,53.75,216.0,2.2627,0.1321,LOCK,3,looseness
21921,4403330,4140,231734.0,0.0702,-0.2691,-0.78,0.8281,1004.82,1000.0,-4.82,53.75,216.0,2.2901,0.5472,LOCK,3,looseness
21922,4403339,4149,231743.0,0.0546,-0.039,-0.8853,0.88784,1004.83,1000.0,-4.83,53.75,216.0,2.2781,0.3656,LOCK,3,looseness
21923,4403348,4158,231752.0,-0.1326,-0.0936,-0.6825,0.70153,1004.84,1000.0,-4.84,53.75,216.0,2.2696,0.2358,LOCK,3,looseness
21924,4403356,4166,231760.0,0.0039,0.0507,-0.702,0.70384,1004.85,1000.0,-4.85,53.75,216.0,2.2566,0.0399,LOCK,3,looseness
21925,4403364,4174,231768.0,-0.0936,0.2184,-0.8697,0.90158,1004.86,1000.0,-4.86,53.75,216.0,2.2584,0.0664,LOCK,3,looseness
21926,4403373,4183,231777.0,-0.1209,-0.1287,-0.6942,0.71631,1004.88,1000.0,-4.88,53.75,216.0,2.2711,0.259,LOCK,3,looseness
21927,4403392,4202,231796.0,0.0546,-0.0507,-0.8034,0.80685,1004.89,1000.0,-4.89,53.75,216.0,2.2768,0.3451,LOCK,3,looseness
21928,4403400,4210,231804.0,0.0351,0.0312,-0.7995,0.80088,1004.9,1000.0,-4.9,53.75,216.0,2.2814,0.4144,LOCK,3,looseness
21929,4403414,4224,231818.0,0.0156,0.0039,-0.8892,0.88935,1004.91,1000.0,-4.91,53.75,216.0,2.2548,0.0124,LOCK,3,looseness
21930,4403422,4232,231826.0,0.0156,0.0039,-0.8892,0.88935,1004.93,1000.0,-4.93,53.75,216.0,2.265,0.1669,LOCK,3,looseness
21931,4403431,4241,231835.0,-0.0273,0.1287,-0.6006,0.61484,1004.95,1000.0,-4.95,53.75,216.0,2.2629,0.1351,LOCK,3,looseness
21932,4403439,4249,231843.0,-0.0585,0.1092,-0.7176,0.72821,1004.97,1000.0,-4.97,53.75,216.0,2.2543,0.0042,LOCK,3,looseness
21933,4403485,4295,231889.0,0.0273,-0.1131,-0.8385,0.84653,1005.0,1000.0,-5.0,53.75,216.0,2.279,0.3784,LOCK,3,looseness
21934,4403493,4303,231897.0,-0.1209,-0.0078,-0.7176,0.72776,1005.03,1000.0,-5.03,53.75,216.0,2.2778,0.3607,LOCK,3,looseness
21935,4403502,4312,231906.0,-0.0741,0.195,-0.7995,0.82627,1005.05,1000.0,-5.05,53.75,216.0,2.2806,0.4028,LOCK,3,looseness
21936,4403510,4320,231914.0,-0.0156,-0.1599,-0.6474,0.66704,1005.08,1000.0,-5.08,53.75,216.0,2.2783,0.3686,LOCK,3,looseness
21937,4403519,4329,231923.0,-0.0273,-0.0351,-0.7878,0.78905,1005.09,1000.0,-5.09,53.75,216.0,2.2789,0.3775,LOCK,3,looseness
21938,4403527,4337,231931.0,-0.1755,-0.0975,-0.9087,0.93061,1005.11,1000.0,-5.11,53.75,216.0,2.2821,0.426,LOCK,3,looseness
21939,4403546,4356,231950.0,-0.2028,-0.2145,-0.6942,0.75436,1005.14,1000.0,-5.14,53.75,216.0,2.2803,0.3979,LOCK,3,looseness
21940,4403554,4364,231958.0,0.0819,-0.1638,-0.8892,0.90786,1005.16,1000.0,-5.16,53.75,216.0,2.2761,0.3351,LOCK,3,looseness
21941,4403563,4373,231967.0,-0.1443,-0.0429,-0.7995,0.81355,1005.18,1000.0,-5.18,53.75,216.0,2.2515,-0.0386,LOCK,3,looseness
21942,4403571,4381,231975.0,0.0468,-0.0897,-0.78,0.78653,1005.2,1000.0,-5.2,53.75,216.0,2.257,0.0454,LOCK,3,looseness
21943,4403581,4391,231985.0,-0.0507,-0.0819,-0.9243,0.92931,1005.22,1000.0,-5.22,53.75,216.0,2.2667,0.1928,LOCK,3,looseness
21944,4403589,4399,231993.0,-0.0897,0.0936,-0.6942,0.7062,1005.23,1000.0,-5.23,53.75,216.0,2.2744,0.3094,LOCK,3,looseness
21945,4403598,4408,232002.0,-0.0078,0.1911,-0.7995,0.82206,1005.25,1000.0,-5.25,53.75,216.0,2.2526,-0.0209,LOCK,3,looseness
21946,4403621,4431,232025.0,-0.0234,0.039,-0.8073,0.80858,1005.28,1000.0,-5.28,53.75,216.0,2.2616,0.1156,LOCK,3,looseness
21947,4403630,4440,232034.0,0.0468,0.0,-0.8268,0.82812,1005.3,1000.0,-5.3,53.75,216.0,2.2761,0.3354,LOCK,3,looseness
21948,4403638,4448,232042.0,0.0468,0.0,-0.8268,0.82812,1005.32,1000.0,-5.32,53.75,216.0,2.2795,0.386,LOCK,3,looseness
21949,4403647,4457,232051.0,0.0156,-0.1053,-0.7995,0.80656,1005.34,1000.0,-5.34,53.75,216.0,2.2821,0.4251,LOCK,3,looseness
21950,4403655,4465,232059.0,0.0117,0.0078,-0.9243,0.92441,1005.36,1000.0,-5.36,53.75,216.0,2.2758,0.3308,LOCK,3,looseness
21951,4403664,4474,232068.0,-0.2457,0.2769,-0.5421,0.65644,1005.39,1000.0,-5.39,53.75,216.0,2.2667,0.1922,LOCK,3,looseness
21952,4403672,4482,232076.0,-0.0195,0.0156,-0.7488,0.74922,1005.42,1000.0,-5.42,53.75,216.0,2.2607,0.1018,LOCK,3,looseness
21953,4403691,4501,232095.0,0.0624,0.0546,-0.7839,0.78827,1005.45,1000.0,-5.45,53.75,216.0,2.2504,-0.0548,LOCK,3,looseness
21954,4403700,4510,232104.0,0.0624,0.0546,-0.7839,0.78827,1005.47,1000.0,-5.47,53.75,216.0,2.2566,0.0387,LOCK,3,looseness
21955,4403708,4518,232112.0,-0.2769,-0.117,-0.8385,0.89076,1005.49,1000.0,-5.49,53.75,216.0,2.2588,0.0725,LOCK,3,looseness
21956,4403717,4527,232121.0,-0.0975,-0.1248,-0.8073,0.82269,1005.51,1000.0,-5.51,53.75,216.0,2.2451,-0.135,LOCK,3,looseness
21957,4403741,4551,232145.0,-0.1365,0.0312,-0.624,0.63952,1005.54,1000.0,-5.54,53.75,216.0,2.2802,0.3967,LOCK,3,looseness
21958,4403749,4559,232153.0,0.0,-0.195,-0.7644,0.78888,1005.56,1000.0,-5.56,53.75,216.0,2.2813,0.4138,LOCK,3,looseness
21959,4403758,4568,232162.0,-0.0195,-0.0234,-0.7683,0.7689,1005.59,1000.0,-5.59,53.75,216.0,2.2661,0.1837,LOCK,3,looseness
21960,4403766,4576,232170.0,-0.0585,-0.0702,-0.7488,0.75436,1005.61,1000.0,-5.61,53.75,216.0,2.2769,0.347,LOCK,3,looseness
21961,4403775,4585,232179.0,-0.0234,-0.0507,-0.9399,0.94156,1005.63,1000.0,-5.63,53.75,216.0,2.2597,0.0866,LOCK,3,looseness
21962,4403783,4593,232187.0,-0.1404,-0.1131,-0.663,0.68708,1005.66,1000.0,-5.66,53.75,216.0,2.273,0.2871,LOCK,3,looseness
21963,4403802,4612,232206.0,0.0156,0.0936,-0.7995,0.80511,1005.69,1000.0,-5.69,53.75,216.0,2.2835,0.4471,LOCK,3,looseness
21964,4403810,4620,232214.0,-0.0195,0.0195,-0.8775,0.87793,1005.72,1000.0,-5.72,53.75,216.0,2.282,0.4239,LOCK,3,looseness
21965,4403824,4634,232228.0,-0.1092,0.0546,-0.7839,0.79335,1005.74,1000.0,-5.74,53.75,216.0,2.2895,0.5383,LOCK,3,looseness
21966,4403833,4643,232237.0,-0.1092,0.0546,-0.7839,0.79335,1005.76,1000.0,-5.76,53.75,216.0,2.2785,0.3711,LOCK,3,looseness
21967,4403841,4651,232245.0,-0.2301,-0.0936,-0.6513,0.69706,1005.79,1000.0,-5.79,53.75,216.0,2.2836,0.4483,LOCK,3,looseness
21968,4403850,4660,232254.0,-0.1443,-0.0117,-0.7995,0.8125,1005.82,1000.0,-5.82,53.75,216.0,2.2791,0.3796,LOCK,3,looseness
21969,4403858,4668,232262.0,-0.0312,0.0624,-0.8463,0.84917,1005.84,1000.0,-5.84,53.75,216.0,2.2526,-0.0206,LOCK,3,looseness
21970,4403867,4677,232271.0,0.0312,-0.1794,-0.78,0.80097,1005.86,1000.0,-5.86,53.75,216.0,2.257,0.0448,LOCK,3,looseness
21971,4403885,4695,232289.0,-0.2418,-0.0858,-0.6825,0.72913,1005.88,1000.0,-5.88,53.75,216.0,2.2784,0.3699,LOCK,3,looseness
21972,4403894,4704,232298.0,-0.2418,-0.0858,-0.6825,0.72913,1005.9,1000.0,-5.9,53.75,216.0,2.2856,0.4782,LOCK,3,looseness
21973,4403903,4713,232307.0,0.0468,0.1443,-0.6942,0.71058,1005.92,1000.0,-5.92,53.75,216.0,2.2761,0.3341,LOCK,3,looseness
21974,4403911,4721,232315.0,-0.1092,-0.1248,-0.9126,0.92754,1005.94,1000.0,-5.94,53.75,216.0,2.2441,-0.1503,LOCK,3,looseness
21975,4403920,4730,232324.0,-0.1053,-0.0741,-0.7683,0.77901,1005.96,1000.0,-5.96,53.75,216.0,2.2609,0.1046,LOCK,3,looseness
21976,4403928,4738,232332.0,0.0078,-0.0897,-0.8424,0.8472,1005.98,1000.0,-5.98,53.75,216.0,2.2555,0.0231,LOCK,3,looseness
21977,4403947,4757,232351.0,0.0117,0.0,-0.8697,0.86978,1005.99,1000.0,-5.99,53.75,216.0,2.2831,0.4407,LOCK,3,looseness
21978,4403955,4765,232359.0,0.0117,0.0,-0.8697,0.86978,1006.01,1000.0,-6.01,53.75,216.0,2.281,0.4092,LOCK,3,looseness
21979,4403964,4774,232368.0,0.0819,0.1248,-0.6279,0.6454,1006.03,1000.0,-6.03,53.75,216.0,2.2805,0.4019,LOCK,3,looseness
21980,4403972,4782,232376.0,-0.0936,0.0078,-0.8619,0.867,1006.06,1000.0,-6.06,53.75,216.0,2.2562,0.0329,LOCK,3,looseness
21981,4403981,4791,232385.0,-0.0156,0.0156,-0.7566,0.75692,1006.08,1000.0,-6.08,53.75,216.0,2.2558,0.0277,LOCK,3,looseness
21982,4403990,4800,232394.0,-0.0195,0.0312,-0.7254,0.72633,1006.1,1000.0,-6.1,53.75,216.0,2.2805,0.401,LOCK,3,looseness
21983,4403999,4809,232403.0,-0.1092,0.0585,-0.8541,0.86304,1006.12,1000.0,-6.12,53.75,216.0,2.2795,0.3866,LOCK,3,looseness
21984,4404007,4817,232411.0,-0.1092,0.0585,-0.8541,0.86304,1006.13,1000.0,-6.13,53.75,216.0,2.2831,0.4404,LOCK,3,looseness
21985,4404016,4826,232420.0,-0.1053,-0.0858,-0.6903,0.70354,1006.17,1000.0,-6.17,53.75,216.0,2.2841,0.4562,LOCK,3,looseness
21986,4404040,4850,232444.0,0.0975,-0.1209,-0.8073,0.8221,1006.2,1000.0,-6.2,53.75,216.0,2.2438,-0.154,LOCK,3,looseness
21987,4404048,4858,232452.0,0.0975,-0.1209,-0.8073,0.8221,1006.22,1000.0,-6.22,53.75,216.0,2.2575,0.0536,LOCK,3,looseness
21988,4404057,4867,232461.0,0.0312,0.0078,-0.8034,0.80404,1006.24,1000.0,-6.24,53.75,216.0,2.2753,0.3232,LOCK,3,looseness
21989,4404097,4907,232501.0,0.1248,0.0429,-0.9048,0.91437,1006.28,1000.0,-6.28,53.75,216.0,2.2834,0.4449,LOCK,3,looseness
21990,4404106,4916,232510.0,0.0468,-0.2886,-0.7722,0.8257,1006.31,1000.0,-6.31,53.75,216.0,2.2734,0.2932,LOCK,3,looseness
21991,4404115,4925,232519.0,0.0078,-0.1287,-0.9243,0.93325,1006.34,1000.0,-6.34,53.75,216.0,2.2806,0.4034,LOCK,3,looseness
21992,4404123,4933,232527.0,-0.1404,-0.1482,-0.6279,0.66025,1006.37,1000.0,-6.37,53.75,216.0,2.2768,0.346,LOCK,3,looseness
21993,4404132,4942,232536.0,0.0,0.1794,-0.7644,0.78517,1006.39,1000.0,-6.39,53.75,216.0,2.2801,0.3958,LOCK,3,looseness
21994,4404140,4950,232544.0,0.0,0.1794,-0.7644,0.78517,1006.43,1000.0,-6.43,53.75,216.0,2.2815,0.4169,LOCK,3,looseness
21995,4404149,4959,232553.0,-0.1365,-0.2301,-0.6903,0.74033,1006.47,1000.0,-6.47,53.75,216.0,2.2807,0.4046,LOCK,3,looseness
21996,4404167,4977,232571.0,-0.0429,-0.0585,-0.7683,0.77172,1006.5,1000.0,-6.5,53.75,216.0,2.2756,0.3274,LOCK,3,looseness
21997,4404176,4986,232580.0,-0.0468,-0.1872,-0.8502,0.87182,1006.52,1000.0,-6.52,53.75,216.0,2.2801,0.3958,LOCK,3,looseness
21998,4404184,4994,232588.0,-0.1521,0.0234,-0.7917,0.80652,1006.55,1000.0,-6.55,53.75,216.0,2.2646,0.1604,LOCK,3,looseness
21999,4404193,5003,232597.0,-0.1326,0.0039,-0.78,0.7912,1006.57,1000.0,-6.57,53.75,216.0,2.2704,0.2487,LOCK,3,looseness
22000,4404202,5012,232606.0,-0.1326,0.0039,-0.78,0.7912,1006.6,1000.0,-6.6,53.75,216.0,2.2772,0.3518,LOCK,3,looseness
22001,4404210,5020,232614.0,-0.0936,-0.2067,-0.7878,0.81983,1006.63,1000.0,-6.63,53.75,216.0,2.2825,0.4315,LOCK,3,looseness
22002,4404229,5039,232633.0,0.0429,0.0819,-0.858,0.86297,1006.66,1000.0,-6.66,53.75,216.0,2.2579,0.0588,LOCK,3,looseness
22003,4404242,5052,232646.0,-0.0117,-0.0702,-0.7137,0.71724,1006.68,1000.0,-6.68,53.75,216.0,2.2625,0.1281,LOCK,3,looseness
22004,4404251,5061,232655.0,-0.0897,-0.0273,-0.9048,0.90965,1006.7,1000.0,-6.7,53.75,216.0,2.2828,0.4367,LOCK,3,looseness
22005,4404259,5069,232663.0,-0.0858,0.195,-0.6123,0.6483,1006.74,1000.0,-6.74,53.75,216.0,2.2848,0.4669,LOCK,3,looseness
22006,4404268,5078,232672.0,-0.1053,0.0078,-0.7761,0.78325,1006.78,1000.0,-6.78,53.75,216.0,2.2737,0.2981,LOCK,3,looseness
22007,4404277,5087,232681.0,-0.0468,-0.0819,-0.7254,0.73151,1006.81,1000.0,-6.81,53.75,216.0,2.2779,0.3628,LOCK,3,looseness
22008,4404285,5095,232689.0,0.0273,-0.0156,-0.741,0.74167,1006.84,1000.0,-6.84,53.75,216.0,2.27,0.2432,LOCK,3,looseness
22009,4404304,5114,232708.0,-0.1638,0.039,-0.8268,0.84377,1006.86,1000.0,-6.86,53.75,216.0,2.2823,0.4294,LOCK,3,looseness
22010,4404312,5122,232716.0,0.0,-0.1365,-0.7488,0.76114,1006.89,1000.0,-6.89,53.75,216.0,2.2547,0.01,LOCK,3,looseness
22011,4404321,5131,232725.0,-0.1482,0.156,-0.8268,0.85434,1006.92,1000.0,-6.92,53.75,216.0,2.2596,0.0851,LOCK,3,looseness
22012,4404329,5139,232733.0,-0.1833,-0.0078,-0.7566,0.77853,1006.95,1000.0,-6.95,53.75,216.0,2.2663,0.1864,LOCK,3,looseness
22013,4404353,5163,232757.0,-0.0195,-0.1053,-0.8619,0.86853,1006.97,1000.0,-6.97,53.75,216.0,2.2806,0.4028,LOCK,3,looseness
22014,4404361,5171,232765.0,-0.1482,-0.078,-0.7878,0.8054,1007.0,1000.0,-7.0,53.75,216.0,2.2797,0.3897,LOCK,3,looseness
22015,4404370,5180,232774.0,-0.0156,-0.0663,-0.8697,0.87236,1007.02,1000.0,-7.02,53.75,216.0,2.2731,0.2896,LOCK,3,looseness
22016,4404379,5189,232783.0,-0.1677,-0.1248,-0.624,0.65808,1007.05,1000.0,-7.05,53.75,216.0,2.2745,0.3106,LOCK,3,looseness
22017,4404387,5197,232791.0,-0.1677,-0.1248,-0.624,0.65808,1007.08,1000.0,-7.08,53.75,216.0,2.2687,0.2224,LOCK,3,looseness
22018,4404396,5206,232800.0,-0.0312,0.1209,-0.8034,0.81304,1007.11,1000.0,-7.11,53.75,216.0,2.2692,0.2307,LOCK,3,looseness
22019,4404414,5224,232818.0,0.0195,-0.1443,-0.7722,0.78581,1007.13,1000.0,-7.13,53.75,216.0,2.2729,0.2868,LOCK,3,looseness
22020,4404423,5233,232827.0,-0.0936,-0.039,-0.8619,0.86784,1007.15,1000.0,-7.15,53.75,216.0,2.2872,0.5036,LOCK,3,looseness
22021,4404431,5241,232835.0,0.0975,0.0078,-0.7215,0.7281,1007.17,1000.0,-7.17,53.75,216.0,2.2924,0.5817,LOCK,3,looseness
22022,4404445,5255,232849.0,-0.0975,0.0858,-0.7878,0.79843,1007.21,1000.0,-7.21,53.75,216.0,2.2832,0.4419,LOCK,3,looseness
22023,4404453,5263,232857.0,-0.0078,0.0156,-0.6981,0.69832,1007.24,1000.0,-7.24,53.75,216.0,2.279,0.3793,LOCK,3,looseness
22024,4404462,5272,232866.0,0.0351,-0.0663,-0.7215,0.72539,1007.27,1000.0,-7.27,53.75,216.0,2.2762,0.336,LOCK,3,looseness
22025,4404470,5280,232874.0,-0.0429,-0.0273,-0.897,0.89844,1007.3,1000.0,-7.3,53.75,216.0,2.2669,0.1949,LOCK,3,looseness
22026,4404479,5289,232883.0,-0.0429,-0.0273,-0.897,0.89844,1007.32,1000.0,-7.32,53.75,216.0,2.2896,0.5387,LOCK,3,looseness
22027,4404487,5297,232891.0,-0.2652,-0.0702,-0.6747,0.72834,1007.34,1000.0,-7.34,53.75,216.0,2.2595,0.0832,LOCK,3,looseness
22028,4404506,5316,232910.0,-0.0429,-0.1677,-0.8658,0.88293,1007.35,1000.0,-7.35,53.75,216.0,2.2742,0.3061,LOCK,3,looseness
22029,4404515,5325,232919.0,0.0117,-0.0273,-0.7488,0.74939,1007.36,1000.0,-7.36,53.75,216.0,2.28,0.3934,LOCK,3,looseness
22030,4404523,5333,232927.0,0.0702,0.0,-0.8385,0.84143,1007.36,1000.0,-7.36,53.75,216.0,2.2618,0.1186,LOCK,3,looseness
22031,4404532,5342,232936.0,-0.0897,-0.1599,-0.741,0.76334,1007.37,1000.0,-7.37,53.75,216.0,2.2572,0.0478,LOCK,3,looseness
22032,4404540,5350,232944.0,-0.0897,-0.1599,-0.741,0.76334,1007.37,1000.0,-7.37,53.75,216.0,2.2667,0.1925,LOCK,3,looseness
22033,4404549,5359,232953.0,-0.0858,0.0546,-0.8424,0.84852,1007.38,1000.0,-7.38,53.75,216.0,2.2623,0.1263,LOCK,3,looseness
22034,4404568,5378,232972.0,-0.0039,0.0195,-0.741,0.74127,1007.39,1000.0,-7.39,53.75,216.0,2.2799,0.3918,LOCK,3,looseness
22035,4404576,5386,232980.0,-0.0741,0.039,-0.8619,0.86596,1007.41,1000.0,-7.41,53.75,216.0,2.2545,0.0072,LOCK,3,looseness
22036,4404585,5395,232989.0,-0.0078,-0.0312,-0.7449,0.74559,1007.42,1000.0,-7.42,53.75,216.0,2.263,0.1357,LOCK,3,looseness
22037,4404593,5403,232997.0,-0.1365,-0.0351,-0.8892,0.9003,1007.43,1000.0,-7.43,53.75,216.0,2.2525,-0.0221,LOCK,3,looseness
22038,4404602,5412,233006.0,-0.1365,-0.0351,-0.8892,0.9003,1007.44,1000.0,-7.44,53.75,216.0,2.2786,0.372,LOCK,3,looseness
22039,4404610,5420,233014.0,-0.0351,-0.1365,-0.7839,0.79647,1007.45,1000.0,-7.45,53.75,216.0,2.2864,0.491,LOCK,3,looseness
22040,4404629,5439,233033.0,-0.0819,-0.0663,-0.7371,0.74459,1007.46,1000.0,-7.46,53.75,216.0,2.2725,0.2798,LOCK,3,looseness
22041,4404638,5448,233042.0,0.039,-0.1131,-0.9906,0.9978,1007.47,1000.0,-7.47,53.75,216.0,2.2579,0.0597,LOCK,3,looseness
22042,4404651,5461,233055.0,0.0741,-0.0624,-0.7332,0.73957,1007.47,1000.0,-7.47,53.75,216.0,2.2603,0.096,LOCK,3,looseness
22043,4404660,5470,233064.0,-0.1794,0.0156,-0.8463,0.86525,1007.48,1000.0,-7.48,53.75,216.0,2.254,0.0005,LOCK,3,looseness
22044,4404668,5478,233072.0,-0.0273,-0.1014,-0.7995,0.80637,1007.49,1000.0,-7.49,53.75,216.0,2.2698,0.2398,LOCK,3,looseness
22045,4404712,5522,233116.0,0.0624,-0.1599,-0.7293,0.74923,1007.49,1000.0,-7.49,53.75,216.0,2.2707,0.2526,LOCK,3,looseness
22046,4404720,5530,233124.0,-0.0741,-0.0624,-0.8502,0.8557,1007.49,1000.0,-7.49,53.75,216.0,2.2802,0.3976,LOCK,3,looseness
22047,4404729,5539,233133.0,0.0585,0.039,-0.624,0.62795,1007.49,1000.0,-7.49,53.75,216.0,2.278,0.3638,LOCK,3,looseness
22048,4404737,5547,233141.0,0.039,0.0663,-0.8268,0.83037,1007.49,1000.0,-7.49,53.75,216.0,2.282,0.4245,LOCK,3,looseness
22049,4404746,5556,233150.0,0.039,0.0663,-0.8268,0.83037,1007.48,1000.0,-7.48,53.75,216.0,2.2843,0.4587,LOCK,3,looseness
22050,4404754,5564,233158.0,-0.0507,0.0663,-0.6084,0.6141,1007.48,1000.0,-7.48,53.75,216.0,2.2845,0.4623,LOCK,3,looseness
22051,4404763,5573,233167.0,-0.0078,-0.0546,-0.7761,0.77806,1007.47,1000.0,-7.47,53.75,216.0,2.2864,0.4916,LOCK,3,looseness
22052,4404782,5592,233186.0,-0.0936,-0.1014,-0.8034,0.81517,1007.47,1000.0,-7.47,53.75,216.0,2.2738,0.2999,LOCK,3,looseness
22053,4404790,5600,233194.0,-0.156,0.0078,-0.8151,0.82993,1007.47,1000.0,-7.47,53.75,216.0,2.2686,0.2209,LOCK,3,looseness
22054,4404799,5609,233203.0,-0.0975,-0.2457,-0.6747,0.72463,1007.47,1000.0,-7.47,53.75,216.0,2.2643,0.1562,LOCK,3,looseness
22055,4404807,5617,233211.0,-0.0975,-0.2457,-0.6747,0.72463,1007.47,1000.0,-7.47,53.75,216.0,2.2741,0.3045,LOCK,3,looseness
22056,4404816,5626,233220.0,-0.1365,0.2574,-0.819,0.86928,1007.47,1000.0,-7.47,53.75,216.0,2.2784,0.3692,LOCK,3,looseness
22057,4404825,5635,233229.0,-0.0078,-0.0702,-0.7761,0.77931,1007.47,1000.0,-7.47,53.75,216.0,2.2762,0.3357,LOCK,3,looseness
22058,4404833,5643,233237.0,-0.078,0.0156,-0.9243,0.92772,1007.46,1000.0,-7.46,53.75,216.0,2.2513,-0.041,LOCK,3,looseness
22059,4404857,5667,233261.0,0.0702,0.1209,-0.8112,0.82316,1007.45,1000.0,-7.45,53.75,216.0,2.2758,0.3299,LOCK,3,looseness
22060,4404866,5676,233270.0,-0.2145,-0.0156,-0.6864,0.7193,1007.44,1000.0,-7.44,53.75,216.0,2.2847,0.4651,LOCK,3,looseness
22061,4404874,5684,233278.0,0.0234,-0.0117,-0.8463,0.8467,1007.43,1000.0,-7.43,53.75,216.0,2.2795,0.386,LOCK,3,looseness
22062,4404883,5693,233287.0,-0.1365,-0.0312,-0.6864,0.70054,1007.42,1000.0,-7.42,53.75,216.0,2.268,0.2123,LOCK,3,looseness
22063,4404891,5701,233295.0,-0.0195,0.0273,-0.7254,0.72618,1007.41,1000.0,-7.41,53.75,216.0,2.2671,0.1983,LOCK,3,looseness
22064,4404900,5710,233304.0,-0.0195,0.0273,-0.7254,0.72618,1007.4,1000.0,-7.4,53.75,216.0,2.2551,0.0164,LOCK,3,looseness
22065,4404918,5728,233322.0,-0.1716,0.0936,-0.6279,0.65762,1007.39,1000.0,-7.39,53.75,216.0,2.2861,0.4871,LOCK,3,looseness
22066,4404967,5777,233371.0,-0.1248,-0.0702,-0.6279,0.64402,1007.38,1000.0,-7.38,53.75,216.0,2.2849,0.4681,LOCK,3,looseness
22067,4404976,5786,233380.0,-0.0195,0.0351,-0.7371,0.73819,1007.36,1000.0,-7.36,53.75,216.0,2.2717,0.2679,LOCK,3,looseness
22068,4404984,5794,233388.0,-0.1209,0.0117,-0.8931,0.90132,1007.34,1000.0,-7.34,53.75,216.0,2.2566,0.0399,LOCK,3,looseness
22069,4404993,5803,233397.0,-0.0663,-0.0858,-0.6591,0.66796,1007.32,1000.0,-7.32,53.75,216.0,2.285,0.4697,LOCK,3,looseness
22070,4405001,5811,233405.0,-0.0663,-0.0858,-0.6591,0.66796,1007.31,1000.0,-7.31,53.75,216.0,2.2411,-0.1949,LOCK,3,looseness
22071,4405020,5830,233424.0,-0.1521,-0.0624,-0.741,0.75902,1007.29,1000.0,-7.29,53.75,216.0,2.2764,0.339,LOCK,3,looseness
22072,4405029,5839,233433.0,0.0936,-0.0039,-0.819,0.82434,1007.27,1000.0,-7.27,53.75,216.0,2.2781,0.3653,LOCK,3,looseness
22073,4405037,5847,233441.0,-0.1053,0.1482,-0.7917,0.81231,1007.26,1000.0,-7.26,53.75,216.0,2.2799,0.3918,LOCK,3,looseness
22074,4405046,5856,233450.0,0.0234,-0.0663,-0.7176,0.72104,1007.24,1000.0,-7.24,53.75,216.0,2.2753,0.3232,LOCK,3,looseness
22075,4405060,5870,233464.0,0.0351,-0.1248,-0.8229,0.83305,1007.23,1000.0,-7.23,53.75,216.0,2.2709,0.2557,LOCK,3,looseness
22076,4405068,5878,233472.0,-0.078,0.0039,-0.7644,0.76838,1007.22,1000.0,-7.22,53.75,216.0,2.2783,0.368,LOCK,3,looseness
22077,4405077,5887,233481.0,-0.1014,-0.1326,-0.8034,0.82056,1007.21,1000.0,-7.21,53.75,216.0,2.2845,0.4614,LOCK,3,looseness
22078,4405085,5895,233489.0,-0.1404,0.0,-0.8073,0.81942,1007.2,1000.0,-7.2,53.75,216.0,2.2515,-0.038,LOCK,3,looseness
22079,4405094,5904,233498.0,-0.1404,0.0,-0.8073,0.81942,1007.18,1000.0,-7.18,53.75,216.0,2.271,0.2581,LOCK,3,looseness
22080,4405102,5912,233506.0,-0.0234,-0.2457,-0.6942,0.73677,1007.15,1000.0,-7.15,53.75,216.0,2.2579,0.0585,LOCK,3,looseness
22081,4405121,5931,233525.0,0.0195,-0.0975,-0.7059,0.71287,1007.13,1000.0,-7.13,53.75,216.0,2.2853,0.4749,LOCK,3,looseness
22082,4405129,5939,233533.0,-0.0429,0.0234,-0.8541,0.8555,1007.11,1000.0,-7.11,53.75,216.0,2.2714,0.2636,LOCK,3,looseness
22083,4405138,5948,233542.0,-0.195,0.0,-0.8463,0.86847,1007.09,1000.0,-7.09,53.75,216.0,2.2663,0.1867,LOCK,3,looseness
22084,4405146,5956,233550.0,-0.0273,-0.1482,-0.7176,0.73325,1007.08,1000.0,-7.08,53.75,216.0,2.2713,0.2621,LOCK,3,looseness
22085,4405155,5965,233559.0,-0.0273,-0.1482,-0.7176,0.73325,1007.05,1000.0,-7.05,53.75,216.0,2.2766,0.3427,LOCK,3,looseness
22086,4405171,5981,233575.0,-0.0273,0.1014,-0.7839,0.7909,1007.03,1000.0,-7.03,53.75,216.0,2.289,0.5304,LOCK,3,looseness
22087,4405179,5989,233583.0,-0.039,-0.0663,-0.7839,0.78766,1007.01,1000.0,-7.01,53.75,216.0,2.2847,0.4657,LOCK,3,looseness
22088,4405188,5998,233592.0,-0.0624,-0.078,-0.7332,0.73997,1006.99,1000.0,-6.99,53.75,216.0,2.2633,0.1403,LOCK,3,looseness
22089,4405196,6006,233600.0,-0.0624,-0.078,-0.7332,0.73997,1006.97,1000.0,-6.97,53.75,216.0,2.2835,0.4471,LOCK,3,looseness
22090,4405205,6015,233609.0,0.0195,-0.0507,-0.7683,0.77022,1006.95,1000.0,-6.95,53.75,216.0,2.2738,0.2999,LOCK,3,looseness
22091,4405213,6023,233617.0,-0.0117,-0.0117,-0.8502,0.85036,1006.94,1000.0,-6.94,53.75,216.0,2.2743,0.307,LOCK,3,looseness
22092,4405232,6042,233636.0,0.117,-0.1209,-0.7956,0.81319,1006.92,1000.0,-6.92,53.75,216.0,2.2832,0.4428,LOCK,3,looseness
22093,4405241,6051,233645.0,-0.1014,-0.0468,-0.6864,0.69543,1006.91,1000.0,-6.91,53.75,216.0,2.285,0.4691,LOCK,3,looseness
22094,4405249,6059,233653.0,-0.1131,-0.0351,-0.7488,0.75811,1006.89,1000.0,-6.89,53.75,216.0,2.2504,-0.0548,LOCK,3,looseness
22095,4405263,6073,233667.0,-0.1404,-0.0351,-0.8619,0.87397,1006.88,1000.0,-6.88,53.75,216.0,2.2573,0.0493,LOCK,3,looseness
22096,4405271,6081,233675.0,0.0507,0.2418,-0.6552,0.70023,1006.87,1000.0,-6.87,53.75,216.0,2.2555,0.0225,LOCK,3,looseness
22097,4405280,6090,233684.0,0.0039,-0.0468,-0.8424,0.84371,1006.86,1000.0,-6.86,53.75,216.0,2.2688,0.2246,LOCK,3,looseness
22098,4405327,6137,233731.0,-0.0156,-0.0624,-0.7761,0.77876,1006.84,1000.0,-6.84,53.75,216.0,2.2854,0.4758,LOCK,3,looseness
22099,4405336,6146,233740.0,-0.0312,0.1209,-0.8346,0.84389,1006.83,1000.0,-6.83,53.75,216.0,2.2869,0.4984,LOCK,3,looseness
22100,4405344,6154,233748.0,-0.0468,-0.0312,-0.6396,0.64207,1006.82,1000.0,-6.82,53.75,216.0,2.2815,0.4169,LOCK,3,looseness
22101,4405353,6163,233757.0,0.0663,-0.0234,-0.8502,0.8531,1006.81,1000.0,-6.81,53.75,216.0,2.2846,0.4642,LOCK,3,looseness
22102,4405362,6172,233766.0,-0.0975,-0.1521,-0.7488,0.77029,1006.8,1000.0,-6.8,53.75,216.0,2.2822,0.4275,LOCK,3,looseness
22103,4405370,6180,233774.0,-0.0975,-0.1521,-0.7488,0.77029,1006.79,1000.0,-6.79,53.75,216.0,2.2897,0.5402,LOCK,3,looseness
22104,4405389,6199,233793.0,0.0351,-0.0156,-0.8892,0.89003,1006.78,1000.0,-6.78,53.75,216.0,2.2796,0.3879,LOCK,3,looseness
22105,4405397,6207,233801.0,0.0234,-0.1131,-0.6669,0.67683,1006.77,1000.0,-6.77,53.75,216.0,2.2721,0.274,LOCK,3,looseness
22106,4405406,6216,233810.0,-0.0663,0.1794,-0.7956,0.81827,1006.77,1000.0,-6.77,53.75,216.0,2.2697,0.2383,LOCK,3,looseness
22107,4405414,6224,233818.0,0.0507,-0.0507,-0.7449,0.74834,1006.76,1000.0,-6.76,53.75,216.0,2.2521,-0.0288,LOCK,3,looseness
22108,4405424,6234,233828.0,-0.0429,-0.0195,-0.8814,0.88266,1006.76,1000.0,-6.76,53.75,216.0,2.2742,0.3067,LOCK,3,looseness
22109,4405432,6242,233836.0,-0.0429,-0.0195,-0.8814,0.88266,1006.75,1000.0,-6.75,53.75,216.0,2.2848,0.4663,LOCK,3,looseness
22110,4405441,6251,233845.0,-0.2184,-0.1014,-0.6591,0.70171,1006.75,1000.0,-6.75,53.75,216.0,2.2605,0.0991,LOCK,3,looseness
22111,4405464,6274,233868.0,-0.0936,0.0858,-0.7488,0.75949,1006.74,1000.0,-6.74,53.75,216.0,2.2542,0.0029,LOCK,3,looseness
22112,4405473,6283,233877.0,-0.0936,0.0858,-0.7488,0.75949,1006.73,1000.0,-6.73,53.75,216.0,2.2692,0.2297,LOCK,3,looseness
22113,4405481,6291,233885.0,-0.0234,-0.0156,-0.9009,0.90134,1006.72,1000.0,-6.72,53.75,216.0,2.2806,0.4028,LOCK,3,looseness
22114,4405490,6300,233894.0,-0.0234,0.0,-0.7137,0.71408,1006.71,1000.0,-6.71,53.75,216.0,2.2857,0.48,LOCK,3,looseness
22115,4405498,6308,233902.0,-0.1482,-0.0273,-0.9243,0.9365,1006.7,1000.0,-6.7,53.75,216.0,2.2551,0.0167,LOCK,3,looseness
22116,4405507,6317,233911.0,-0.0585,-0.0234,-0.6786,0.68152,1006.68,1000.0,-6.68,53.75,216.0,2.2713,0.2618,LOCK,3,looseness
22117,4405526,6336,233930.0,-0.0039,-0.1014,-1.0101,1.01518,1006.67,1000.0,-6.67,53.75,216.0,2.2832,0.4428,LOCK,3,looseness
22118,4405534,6344,233938.0,-0.0039,-0.1014,-1.0101,1.01518,1006.65,1000.0,-6.65,53.75,216.0,2.2593,0.0796,LOCK,3,looseness
22119,4405543,6353,233947.0,-0.0546,-0.1014,-0.702,0.71138,1006.64,1000.0,-6.64,53.75,216.0,2.2584,0.0661,LOCK,3,looseness
22120,4405551,6361,233955.0,-0.078,-0.0663,-0.7839,0.79056,1006.63,1000.0,-6.63,53.75,216.0,2.2514,-0.0395,LOCK,3,looseness
22121,4405560,6370,233964.0,-0.0078,0.0858,-0.7176,0.72275,1006.61,1000.0,-6.61,53.75,216.0,2.2735,0.2957,LOCK,3,looseness
22122,4405584,6394,233988.0,-0.0351,-0.078,-0.9399,0.94378,1006.6,1000.0,-6.6,53.75,216.0,2.2806,0.4025,LOCK,3,looseness
22123,4405592,6402,233996.0,0.0507,-0.1521,-0.7176,0.73529,1006.59,1000.0,-6.59,53.75,216.0,2.283,0.4398,LOCK,3,looseness
22124,4405601,6411,234005.0,0.0507,-0.1911,-0.8814,0.9033,1006.58,1000.0,-6.58,53.75,216.0,2.2797,0.3891,LOCK,3,looseness
22125,4405609,6419,234013.0,-0.0936,-0.0858,-0.7683,0.77872,1006.58,1000.0,-6.58,53.75,216.0,2.2775,0.3555,LOCK,3,looseness
22126,4405618,6428,234022.0,-0.0624,-0.0195,-0.7956,0.79828,1006.57,1000.0,-6.57,53.75,216.0,2.2636,0.1449,LOCK,3,looseness
22127,4405626,6436,234030.0,-0.0624,-0.0195,-0.7956,0.79828,1006.55,1000.0,-6.55,53.75,216.0,2.2707,0.2529,LOCK,3,looseness
22128,4405645,6455,234049.0,-0.1677,0.0546,-0.5733,0.59981,1006.54,1000.0,-6.54,53.75,216.0,2.2873,0.5042,LOCK,3,looseness
22129,4405654,6464,234058.0,0.0351,-0.1014,-0.7722,0.77962,1006.53,1000.0,-6.53,53.75,216.0,2.2818,0.4217,LOCK,3,looseness
22130,4405667,6477,234071.0,-0.0663,0.0078,-0.7176,0.7207,1006.52,1000.0,-6.52,53.75,216.0,2.276,0.3335,LOCK,3,looseness
22131,4405676,6486,234080.0,-0.1365,-0.2184,-0.8073,0.84739,1006.51,1000.0,-6.51,53.75,216.0,2.2823,0.4285,LOCK,3,looseness
22132,4405684,6494,234088.0,0.0585,-0.0546,-0.858,0.86172,1006.49,1000.0,-6.49,53.75,216.0,2.2775,0.3567,LOCK,3,looseness
22133,4405693,6503,234097.0,-0.2379,0.0546,-0.5889,0.63748,1006.47,1000.0,-6.47,53.75,216.0,2.2783,0.3677,LOCK,3,looseness
22134,4405701,6511,234105.0,0.0234,0.1209,-0.7605,0.77041,1006.45,1000.0,-6.45,53.75,216.0,2.2673,0.2017,LOCK,3,looseness
22135,4405710,6520,234114.0,0.0234,0.1209,-0.7605,0.77041,1006.43,1000.0,-6.43,53.75,216.0,2.2689,0.2258,LOCK,3,looseness
22136,4405718,6528,234122.0,-0.0429,-0.0468,-0.8346,0.83701,1006.42,1000.0,-6.42,53.75,216.0,2.2532,-0.0117,LOCK,3,looseness
22137,4405738,6548,234142.0,-0.117,-0.0468,-0.8229,0.83249,1006.4,1000.0,-6.4,53.75,216.0,2.2649,0.1644,LOCK,3,looseness
22138,4405746,6556,234150.0,-0.2379,-0.195,-0.7137,0.77717,1006.37,1000.0,-6.37,53.75,216.0,2.2827,0.4343,LOCK,3,looseness
22139,4405755,6565,234159.0,-0.0273,-0.3003,-0.741,0.8,1006.34,1000.0,-6.34,53.75,216.0,2.2492,-0.0734,LOCK,3,looseness
22140,4405763,6573,234167.0,0.0234,0.1833,-0.8853,0.90438,1006.32,1000.0,-6.32,53.75,216.0,2.2518,-0.0337,LOCK,3,looseness
22141,4405772,6582,234176.0,-0.0507,-0.0897,-0.7254,0.73268,1006.29,1000.0,-6.29,53.75,216.0,2.2722,0.2758,LOCK,3,looseness
22142,4405780,6590,234184.0,-0.0507,-0.0897,-0.7254,0.73268,1006.27,1000.0,-6.27,53.75,216.0,2.2809,0.4077,LOCK,3,looseness
22143,4405799,6609,234203.0,-0.1365,0.0039,-0.9048,0.91505,1006.25,1000.0,-6.25,53.75,216.0,2.2797,0.3888,LOCK,3,looseness
22144,4405808,6618,234212.0,0.0429,-0.0273,-0.7098,0.71162,1006.22,1000.0,-6.22,53.75,216.0,2.2807,0.4046,LOCK,3,looseness
22145,4405816,6626,234220.0,-0.0702,-0.0429,-0.8424,0.84641,1006.2,1000.0,-6.2,53.75,216.0,2.2534,-0.0087,LOCK,3,looseness
22146,4405824,6634,234228.0,-0.117,0.0429,-0.7254,0.73603,1006.17,1000.0,-6.17,53.75,216.0,2.2531,-0.0135,LOCK,3,looseness
22147,4405834,6644,234238.0,0.0468,-0.1365,-0.7917,0.80474,1006.15,1000.0,-6.15,53.75,216.0,2.2694,0.2334,LOCK,3,looseness
22148,4405842,6652,234246.0,0.0468,-0.1365,-0.7917,0.80474,1006.13,1000.0,-6.13,53.75,216.0,2.2805,0.4016,LOCK,3,looseness
22149,4405851,6661,234255.0,-0.0702,-0.039,-0.7527,0.75697,1006.11,1000.0,-6.11,53.75,216.0,2.2835,0.4471,LOCK,3,looseness
22150,4405874,6684,234278.0,-0.0195,-0.1599,-0.7683,0.78501,1006.08,1000.0,-6.08,53.75,216.0,2.2481,-0.0892,LOCK,3,looseness
22151,4405883,6693,234287.0,-0.0195,-0.1599,-0.7683,0.78501,1006.05,1000.0,-6.05,53.75,216.0,2.2456,-0.1277,LOCK,3,looseness
22152,4405891,6701,234295.0,0.0702,-0.2613,-0.8892,0.92945,1006.03,1000.0,-6.03,53.75,216.0,2.2659,0.1797,LOCK,3,looseness
22153,4405900,6710,234304.0,-0.0858,-0.0741,-0.7293,0.73806,1006.0,1000.0,-6.0,53.75,216.0,2.2549,0.0133,LOCK,3,looseness
22154,4405942,6752,234346.0,-0.0624,-0.0078,-0.8736,0.87586,1005.96,1000.0,-5.96,53.75,216.0,2.2814,0.4153,LOCK,3,looseness
22155,4405951,6761,234355.0,-0.0117,-0.1677,-0.6981,0.71806,1005.93,1000.0,-5.93,53.75,216.0,2.2705,0.2499,LOCK,3,looseness
22156,4405959,6769,234363.0,0.0897,0.039,-0.7644,0.77063,1005.9,1000.0,-5.9,53.75,216.0,2.2763,0.3381,LOCK,3,looseness
22157,4405968,6778,234372.0,-0.1404,-0.0507,-0.7995,0.81332,1005.87,1000.0,-5.87,53.75,216.0,2.2836,0.4486,LOCK,3,looseness
22158,4405977,6787,234381.0,-0.1404,-0.0507,-0.7995,0.81332,1005.85,1000.0,-5.85,53.75,216.0,2.2749,0.3161,LOCK,3,looseness
22159,4405985,6795,234389.0,-0.0624,-0.078,-0.819,0.82507,1005.8,1000.0,-5.8,53.75,216.0,2.286,0.4846,LOCK,3,looseness
22160,4406004,6814,234408.0,-0.1092,0.0702,-0.6318,0.645,1005.77,1000.0,-5.77,53.75,216.0,2.2573,0.0506,LOCK,3,looseness
22161,4406012,6822,234416.0,0.0156,0.0156,-0.8424,0.84269,1005.73,1000.0,-5.73,53.75,216.0,2.2885,0.5234,LOCK,3,looseness
22162,4406021,6831,234425.0,-0.0312,-0.0117,-0.6435,0.64436,1005.7,1000.0,-5.7,53.75,216.0,2.2485,-0.0838,LOCK,3,looseness
22163,4406029,6839,234433.0,-0.0975,-0.0351,-0.8112,0.81779,1005.68,1000.0,-5.68,53.75,216.0,2.2496,-0.067,LOCK,3,looseness
22164,4406047,6857,234451.0,0.078,-0.0936,-0.7137,0.72403,1005.63,1000.0,-5.63,53.75,216.0,2.281,0.4095,LOCK,3,looseness
22165,4406055,6865,234459.0,-0.0507,-0.1404,-0.7839,0.79799,1005.59,1000.0,-5.59,53.75,216.0,2.2415,-0.1888,LOCK,3,looseness
22166,4406064,6874,234468.0,-0.1365,0.1404,-0.6708,0.6988,1005.55,1000.0,-5.55,53.75,216.0,2.2713,0.2621,LOCK,3,looseness
22167,4406077,6887,234481.0,0.0429,-0.195,-0.78,0.80515,1005.51,1000.0,-5.51,53.75,216.0,2.261,0.1058,LOCK,3,looseness
22168,4406086,6896,234490.0,-0.1521,0.0429,-0.8814,0.89546,1005.48,1000.0,-5.48,53.75,216.0,2.2648,0.1632,LOCK,3,looseness
22169,4406094,6904,234498.0,-0.078,-0.1287,-0.7995,0.81354,1005.45,1000.0,-5.45,53.75,216.0,2.2707,0.2529,LOCK,3,looseness
22170,4406103,6913,234507.0,-0.2106,-0.1053,-0.8853,0.91608,1005.41,1000.0,-5.41,53.75,216.0,2.28,0.394,LOCK,3,looseness
22171,4406111,6921,234515.0,0.0819,-0.1677,-0.8541,0.87425,1005.37,1000.0,-5.37,53.75,216.0,2.264,0.1519,LOCK,3,looseness
22172,4406120,6930,234524.0,0.0819,-0.1677,-0.8541,0.87425,1005.34,1000.0,-5.34,53.75,216.0,2.261,0.1058,LOCK,3,looseness
22173,4406138,6948,234542.0,-0.0117,-0.0897,-0.6513,0.65755,1005.3,1000.0,-5.3,53.75,216.0,2.2723,0.278,LOCK,3,looseness
22174,4406148,6958,234552.0,-0.0078,-0.0585,-0.8268,0.8289,1005.27,1000.0,-5.27,53.75,216.0,2.2632,0.1397,LOCK,3,looseness
22175,4406156,6966,234560.0,-0.1716,0.1443,-0.624,0.66306,1005.25,1000.0,-5.25,53.75,216.0,2.2451,-0.1347,LOCK,3,looseness
22176,4406165,6975,234569.0,-0.0195,0.1404,-0.7527,0.76593,1005.2,1000.0,-5.2,53.75,216.0,2.2515,-0.0383,LOCK,3,looseness
22177,4406173,6983,234577.0,-0.1014,-0.1053,-0.8034,0.81659,1005.16,1000.0,-5.16,53.75,216.0,2.2679,0.2108,LOCK,3,looseness
22178,4406197,7007,234601.0,-0.0117,-0.1053,-0.9048,0.91098,1005.12,1000.0,-5.12,53.75,216.0,2.2836,0.4489,LOCK,3,looseness
22179,4406206,7016,234610.0,-0.0429,-0.1443,-0.7176,0.73322,1005.08,1000.0,-5.08,53.75,216.0,2.2874,0.5054,LOCK,3,looseness
22180,4406214,7024,234618.0,-0.0195,0.0741,-0.8541,0.85753,1005.05,1000.0,-5.05,53.75,216.0,2.2791,0.3805,LOCK,3,looseness
22181,4406223,7033,234627.0,-0.0195,0.0741,-0.8541,0.85753,1005.01,1000.0,-5.01,53.75,216.0,2.2575,0.0524,LOCK,3,looseness
22182,4406231,7041,234635.0,-0.2613,0.3276,-0.4992,0.65177,1004.97,1000.0,-4.97,53.75,216.0,2.2639,0.1504,LOCK,3,looseness
22183,4406249,7059,234653.0,-0.0234,-0.1911,-0.7137,0.73921,1004.93,1000.0,-4.93,53.75,216.0,2.2835,0.4465,LOCK,3,looseness
22184,4406257,7067,234661.0,-0.0234,0.0273,-0.7917,0.79252,1004.9,1000.0,-4.9,53.75,216.0,2.2746,0.3125,LOCK,3,looseness
22185,4406266,7076,234670.0,-0.2418,-0.1755,-0.819,0.8718,1004.87,1000.0,-4.87,53.75,216.0,2.2612,0.1098,LOCK,3,looseness
22186,4406279,7089,234683.0,-0.0858,-0.0858,-0.7917,0.80094,1004.84,1000.0,-4.84,53.75,216.0,2.2467,-0.11,LOCK,3,looseness
22187,4406288,7098,234692.0,-0.0585,0.1209,-0.7488,0.76075,1004.79,1000.0,-4.79,53.75,216.0,2.2583,0.0649,LOCK,3,looseness
22188,4406297,7107,234701.0,0.0312,-0.0624,-0.7293,0.73263,1004.74,1000.0,-4.74,53.75,216.0,2.2744,0.3097,LOCK,3,looseness
22189,4406306,7116,234710.0,-0.0078,-0.0663,-0.8307,0.83338,1004.7,1000.0,-4.7,53.75,216.0,2.2838,0.4511,LOCK,3,looseness
22190,4406314,7124,234718.0,-0.0078,-0.0663,-0.8307,0.83338,1004.66,1000.0,-4.66,53.75,216.0,2.247,-0.1066,LOCK,3,looseness
22191,4406323,7133,234727.0,0.0585,-0.0351,-0.741,0.74413,1004.63,1000.0,-4.63,53.75,216.0,2.2665,0.1901,LOCK,3,looseness
22192,4406331,7141,234735.0,-0.1014,-0.0039,-0.9048,0.91047,1004.6,1000.0,-4.6,53.75,216.0,2.2565,0.038,LOCK,3,looseness
22193,4406351,7161,234755.0,-0.1131,0.0195,-0.8034,0.81156,1004.55,1000.0,-4.55,53.75,216.0,2.28,0.394,LOCK,3,looseness
22194,4406359,7169,234763.0,0.0,0.0858,-0.6708,0.67626,1004.5,1000.0,-4.5,53.75,216.0,2.2775,0.3558,LOCK,3,looseness
22195,4406368,7178,234772.0,-0.0117,0.0234,-0.858,0.8584,1004.46,1000.0,-4.46,53.75,216.0,2.264,0.1516,LOCK,3,looseness
22196,4406376,7186,234780.0,-0.0117,0.0234,-0.858,0.8584,1004.43,1000.0,-4.43,53.75,216.0,2.2662,0.1849,LOCK,3,looseness
22197,4406385,7195,234789.0,0.0468,-0.078,-0.6825,0.68854,1004.39,1000.0,-4.39,53.75,216.0,2.2467,-0.11,LOCK,3,looseness
22198,4406393,7203,234797.0,-0.0546,0.0234,-0.78,0.78226,1004.36,1000.0,-4.36,53.75,216.0,2.272,0.2731,LOCK,3,looseness
22199,4406412,7222,234816.0,-0.0858,-0.0156,-0.78,0.78486,1004.32,1000.0,-4.32,53.75,216.0,2.2803,0.3992,LOCK,3,looseness
22200,4406421,7231,234825.0,-0.0546,0.0897,-0.7566,0.76385,1004.28,1000.0,-4.28,53.75,216.0,2.2693,0.2325,LOCK,3,looseness
22201,4406429,7239,234833.0,0.0312,-0.2886,-0.8424,0.89101,1004.25,1000.0,-4.25,53.75,216.0,2.2596,0.0848,LOCK,3,looseness
22202,4406438,7248,234842.0,0.0312,-0.2886,-0.8424,0.89101,1004.21,1000.0,-4.21,53.75,216.0,2.2458,-0.124,LOCK,3,looseness
22203,4406446,7256,234850.0,-0.1872,-0.0897,-0.9009,0.92451,1004.19,1000.0,-4.19,53.75,216.0,2.2806,0.4034,LOCK,3,looseness
22204,4406457,7267,234861.0,-0.1326,-0.1404,-0.7605,0.78464,1004.16,1000.0,-4.16,53.75,216.0,2.2803,0.3982,LOCK,3,looseness
22205,4406466,7276,234870.0,-0.0351,0.1092,-0.8346,0.84245,1004.13,1000.0,-4.13,53.75,216.0,2.2566,0.039,LOCK,3,looseness
22206,4406479,7289,234883.0,-0.0585,-0.2457,-0.8658,0.90189,1004.1,1000.0,-4.1,53.75,216.0,2.2484,-0.0853,LOCK,3,looseness
22207,4406488,7298,234892.0,-0.1326,-0.0702,-0.936,0.94795,1004.08,1000.0,-4.08,53.75,216.0,2.2789,0.3775,LOCK,3,looseness
22208,4406496,7306,234900.0,0.0546,-0.039,-0.7449,0.74792,1004.05,1000.0,-4.05,53.75,216.0,2.2593,0.0808,LOCK,3,looseness
22209,4406557,7367,234961.0,-0.1014,0.0234,-0.6981,0.70581,1004.02,1000.0,-4.02,53.75,216.0,2.2759,0.332,LOCK,3,looseness
22210,4406565,7375,234969.0,-0.0351,-0.0117,-0.7722,0.77309,1003.99,1000.0,-3.99,53.75,216.0,2.2885,0.5225,LOCK,3,looseness
22211,4406574,7384,234978.0,-0.1404,-0.0156,-0.8229,0.83494,1003.97,1000.0,-3.97,53.75,216.0,2.2533,-0.0108,LOCK,3,looseness
22212,4406582,7392,234986.0,-0.0468,0.2418,-0.6903,0.73292,1003.95,1000.0,-3.95,53.75,216.0,2.2556,0.0237,LOCK,3,looseness
22213,4406591,7401,234995.0,-0.0468,0.2418,-0.6903,0.73292,1003.93,1000.0,-3.93,53.75,216.0,2.2496,-0.0663,LOCK,3,looseness
22214,4406599,7409,235003.0,-0.117,0.0273,-0.7566,0.76608,1003.91,1000.0,-3.91,53.75,216.0,2.2701,0.2435,LOCK,3,looseness
22215,4406618,7428,235022.0,0.0195,0.0351,-0.8229,0.82388,1003.89,1000.0,-3.89,53.75,216.0,2.2484,-0.0847,LOCK,3,looseness
22216,4406626,7436,235030.0,-0.2652,-0.0663,-0.7215,0.77155,1003.88,1000.0,-3.88,53.75,216.0,2.2685,0.2191,LOCK,3,looseness
22217,4406635,7445,235039.0,-0.1482,-0.0897,-0.8151,0.83331,1003.86,1000.0,-3.86,53.75,216.0,2.2544,0.0063,LOCK,3,looseness
22218,4406643,7453,235047.0,-0.1482,-0.0897,-0.8151,0.83331,1003.85,1000.0,-3.85,53.75,216.0,2.2576,0.0551,LOCK,3,looseness
22219,4406658,7468,235062.0,0.0117,0.0312,-0.7644,0.76513,1003.84,1000.0,-3.84,53.75,216.0,2.2758,0.3308,LOCK,3,looseness
22220,4406667,7477,235071.0,-0.0156,-0.2145,-0.8697,0.8959,1003.84,1000.0,-3.84,53.75,216.0,2.2787,0.3738,LOCK,3,looseness
22221,4406680,7490,235084.0,-0.0234,-0.1053,-0.663,0.67172,1003.83,1000.0,-3.83,53.75,216.0,2.2792,0.3811,LOCK,3,looseness
22222,4406689,7499,235093.0,-0.117,0.0039,-0.8073,0.81574,1003.82,1000.0,-3.82,53.75,216.0,2.2414,-0.1915,LOCK,3,looseness
22223,4406697,7507,235101.0,-0.0819,-0.0663,-0.78,0.78709,1003.81,1000.0,-3.81,53.75,216.0,2.2592,0.078,LOCK,3,looseness
22224,4406706,7516,235110.0,-0.1209,-0.1131,-0.7527,0.77069,1003.81,1000.0,-3.81,53.75,216.0,2.2752,0.3216,LOCK,3,looseness
22225,4406715,7525,235119.0,-0.1209,-0.1131,-0.7527,0.77069,1003.8,1000.0,-3.8,53.75,216.0,2.2869,0.4984,LOCK,3,looseness
22226,4406723,7533,235127.0,-0.0351,0.0468,-0.8073,0.80942,1003.8,1000.0,-3.8,53.75,216.0,2.2799,0.3918,LOCK,3,looseness
22227,4406732,7542,235136.0,0.0078,-0.0741,-0.7644,0.76802,1003.8,1000.0,-3.8,53.75,216.0,2.2792,0.3824,LOCK,3,looseness
22228,4406751,7561,235155.0,-0.1209,-0.117,-0.702,0.72188,1003.79,1000.0,-3.79,53.75,216.0,2.2831,0.4407,LOCK,3,looseness
22229,4406759,7569,235163.0,-0.0858,0.0351,-0.8229,0.82811,1003.79,1000.0,-3.79,53.75,216.0,2.2843,0.459,LOCK,3,looseness
22230,4406768,7578,235172.0,-0.1833,-0.0975,-0.6825,0.71338,1003.78,1000.0,-3.78,53.75,216.0,2.2478,-0.0944,LOCK,3,looseness
22231,4406777,7587,235181.0,-0.1833,-0.0975,-0.6825,0.71338,1003.78,1000.0,-3.78,53.75,216.0,2.2542,0.0036,LOCK,3,looseness
22232,4406785,7595,235189.0,0.0,0.0897,-0.7839,0.78902,1003.77,1000.0,-3.77,53.75,216.0,2.2521,-0.0294,LOCK,3,looseness
22233,4406794,7604,235198.0,-0.0429,-0.0897,-0.6786,0.68585,1003.77,1000.0,-3.77,53.75,216.0,2.2572,0.0487,LOCK,3,looseness
22234,4406812,7622,235216.0,-0.2223,-0.1014,-0.6864,0.72859,1003.77,1000.0,-3.77,53.75,216.0,2.2863,0.4889,LOCK,3,looseness
22235,4406821,7631,235225.0,0.0468,0.2106,-0.741,0.77177,1003.77,1000.0,-3.77,53.75,216.0,2.2801,0.3952,LOCK,3,looseness
22236,4406829,7639,235233.0,-0.1404,-0.1209,-0.7137,0.73736,1003.77,1000.0,-3.77,53.75,216.0,2.2747,0.3143,LOCK,3,looseness
22237,4406838,7648,235242.0,-0.1404,-0.1209,-0.7137,0.73736,1003.77,1000.0,-3.77,53.75,216.0,2.2721,0.274,LOCK,3,looseness
22238,4406846,7656,235250.0,-0.1287,0.0819,-0.8073,0.82159,1003.77,1000.0,-3.77,53.75,216.0,2.258,0.06,LOCK,3,looseness
22239,4406855,7665,235259.0,-0.0156,-0.0819,-0.6435,0.64888,1003.77,1000.0,-3.77,53.75,216.0,2.2775,0.3564,LOCK,3,looseness
22240,4406873,7683,235277.0,-0.0858,0.0117,-0.7137,0.71893,1003.77,1000.0,-3.77,53.75,216.0,2.2812,0.412,LOCK,3,looseness
22241,4406887,7697,235291.0,0.1326,0.1755,-0.7683,0.79917,1003.78,1000.0,-3.78,53.75,216.0,2.2497,-0.0657,LOCK,3,looseness
22242,4406895,7705,235299.0,-0.0429,-0.0078,-0.8424,0.84353,1003.79,1000.0,-3.79,53.75,216.0,2.2443,-0.1466,LOCK,3,looseness
22243,4406904,7714,235308.0,0.0702,-0.0741,-0.8385,0.84469,1003.8,1000.0,-3.8,53.75,216.0,2.2691,0.2285,LOCK,3,looseness
22244,4406913,7723,235317.0,-0.1209,0.0039,-0.8541,0.86262,1003.8,1000.0,-3.8,53.75,216.0,2.2718,0.2691,LOCK,3,looseness
22245,4406921,7731,235325.0,-0.0702,-0.0117,-0.7371,0.74053,1003.81,1000.0,-3.81,53.75,216.0,2.2704,0.2478,LOCK,3,looseness
22246,4406930,7740,235334.0,-0.0702,-0.0117,-0.7371,0.74053,1003.81,1000.0,-3.81,53.75,216.0,2.2553,0.0194,LOCK,3,looseness
22247,4406948,7758,235352.0,0.0507,0.156,-0.7215,0.73991,1003.83,1000.0,-3.83,53.75,216.0,2.2614,0.1119,LOCK,3,looseness
22248,4406957,7767,235361.0,-0.078,0.0,-0.8814,0.88484,1003.85,1000.0,-3.85,53.75,216.0,2.2721,0.2743,LOCK,3,looseness
22249,4406966,7776,235370.0,0.0975,-0.117,-0.7527,0.76795,1003.87,1000.0,-3.87,53.75,216.0,2.2794,0.3842,LOCK,3,looseness
22250,4406974,7784,235378.0,0.0585,0.0585,-0.8424,0.84645,1003.88,1000.0,-3.88,53.75,216.0,2.2825,0.4315,LOCK,3,looseness
22251,4406983,7793,235387.0,-0.2418,-0.0585,-0.6903,0.73376,1003.9,1000.0,-3.9,53.75,216.0,2.2602,0.0936,LOCK,3,looseness
22252,4406991,7801,235395.0,-0.2418,-0.0585,-0.6903,0.73376,1003.91,1000.0,-3.91,53.75,216.0,2.2451,-0.1347,LOCK,3,looseness
22253,4407000,7810,235404.0,-0.1014,-0.039,-0.8814,0.88807,1003.93,1000.0,-3.93,53.75,216.0,2.27,0.2426,LOCK,3,looseness
22254,4407019,7829,235423.0,-0.0312,0.0468,-0.8112,0.81315,1003.96,1000.0,-3.96,53.75,216.0,2.2858,0.4819,LOCK,3,looseness
22255,4407027,7837,235431.0,-0.1053,-0.3003,-0.6786,0.74951,1003.98,1000.0,-3.98,53.75,216.0,2.2612,0.1089,LOCK,3,looseness
22256,4407035,7845,235439.0,-0.0351,-0.0468,-0.8151,0.8172,1003.99,1000.0,-3.99,53.75,216.0,2.2775,0.3564,LOCK,3,looseness
22257,4407044,7854,235448.0,-0.1872,-0.1248,-0.6864,0.72233,1004.01,1000.0,-4.01,53.75,216.0,2.2571,0.0472,LOCK,3,looseness
22258,4407052,7862,235456.0,-0.1872,-0.1248,-0.6864,0.72233,1004.03,1000.0,-4.03,53.75,216.0,2.2664,0.1885,LOCK,3,looseness
22259,4407071,7881,235475.0,-0.0819,-0.1404,-0.702,0.72057,1004.05,1000.0,-4.05,53.75,216.0,2.2744,0.3097,LOCK,3,looseness
22260,4407080,7890,235484.0,-0.0156,0.1092,-0.78,0.78776,1004.06,1000.0,-4.06,53.75,216.0,2.279,0.3784,LOCK,3,looseness
22261,4407093,7903,235497.0,-0.0663,-0.0468,-0.7722,0.77645,1004.08,1000.0,-4.08,53.75,216.0,2.2747,0.3131,LOCK,3,looseness
22262,4407102,7912,235506.0,0.0507,-0.1677,-0.8463,0.86424,1004.09,1000.0,-4.09,53.75,216.0,2.2607,0.1015,LOCK,3,looseness
22263,4407110,7920,235514.0,-0.1404,-0.0351,-0.7527,0.76649,1004.11,1000.0,-4.11,53.75,216.0,2.2688,0.2246,LOCK,3,looseness
22264,4407119,7929,235523.0,-0.234,-0.0624,-0.7059,0.74629,1004.13,1000.0,-4.13,53.75,216.0,2.2749,0.3161,LOCK,3,looseness
22265,4407127,7937,235531.0,-0.0663,-0.1755,-0.7878,0.80983,1004.15,1000.0,-4.15,53.75,216.0,2.2594,0.0814,LOCK,3,looseness
22266,4407171,7981,235575.0,-0.1248,-0.0312,-0.9399,0.94866,1004.17,1000.0,-4.17,53.75,216.0,2.2758,0.3296,LOCK,3,looseness
22267,4407179,7989,235583.0,-0.0078,0.1794,-0.5382,0.56737,1004.18,1000.0,-4.18,53.75,216.0,2.2887,0.5252,LOCK,3,looseness
22268,4407188,7998,235592.0,-0.0468,-0.039,-0.8307,0.83293,1004.2,1000.0,-4.2,53.75,216.0,2.2787,0.3741,LOCK,3,looseness
22269,4407196,8006,235600.0,-0.0468,-0.039,-0.8307,0.83293,1004.21,1000.0,-4.21,53.75,216.0,2.2721,0.2749,LOCK,3,looseness
22270,4407205,8015,235609.0,-0.1053,-0.0195,-0.6981,0.70627,1004.22,1000.0,-4.22,53.75,216.0,2.2789,0.3766,LOCK,3,looseness
22271,4407213,8023,235617.0,0.0858,0.0078,-0.741,0.74599,1004.23,1000.0,-4.23,53.75,216.0,2.2814,0.4156,LOCK,3,looseness
22272,4407232,8042,235636.0,0.039,-0.0351,-0.7917,0.79344,1004.24,1000.0,-4.24,53.75,216.0,2.2723,0.2768,LOCK,3,looseness
22273,4407241,8051,235645.0,-0.1287,0.1482,-0.8307,0.85357,1004.24,1000.0,-4.24,53.75,216.0,2.2655,0.1736,LOCK,3,looseness
22274,4407249,8059,235653.0,-0.0351,-0.0702,-0.7722,0.77618,1004.24,1000.0,-4.24,53.75,216.0,2.2608,0.1034,LOCK,3,looseness
22275,4407258,8068,235662.0,-0.0351,-0.0702,-0.7722,0.77618,1004.25,1000.0,-4.25,53.75,216.0,2.2512,-0.0419,LOCK,3,looseness
22276,4407267,8077,235671.0,0.0741,-0.0507,-0.9243,0.92865,1004.25,1000.0,-4.25,53.75,216.0,2.2734,0.2935,LOCK,3,looseness
22277,4407275,8085,235679.0,-0.1131,-0.0039,-0.6708,0.68028,1004.25,1000.0,-4.25,53.75,216.0,2.2768,0.3448,LOCK,3,looseness
22278,4407284,8094,235688.0,-0.1365,-0.0078,-0.8424,0.85342,1004.25,1000.0,-4.25,53.75,216.0,2.2481,-0.0889,LOCK,3,looseness
22279,4407308,8118,235712.0,0.078,0.0429,-0.7215,0.72697,1004.23,1000.0,-4.23,53.75,216.0,2.2617,0.1165,LOCK,3,looseness
22280,4407316,8126,235720.0,-0.1014,0.0468,-0.8424,0.84977,1004.21,1000.0,-4.21,53.75,216.0,2.2788,0.3763,LOCK,3,looseness
22281,4407325,8135,235729.0,0.1053,-0.2379,-0.7566,0.80008,1004.2,1000.0,-4.2,53.75,216.0,2.2824,0.4306,LOCK,3,looseness
22282,4407333,8143,235737.0,0.1053,0.0312,-0.8775,0.88435,1004.18,1000.0,-4.18,53.75,216.0,2.2797,0.3888,LOCK,3,looseness
22283,4407342,8152,235746.0,-0.3042,-0.0312,-0.6591,0.72658,1004.17,1000.0,-4.17,53.75,216.0,2.261,0.1055,LOCK,3,looseness
22284,4407350,8160,235754.0,-0.3042,-0.0312,-0.6591,0.72658,1004.16,1000.0,-4.16,53.75,216.0,2.2595,0.0838,LOCK,3,looseness
22285,4407369,8179,235773.0,-0.0039,0.0429,-0.8541,0.85519,1004.13,1000.0,-4.13,53.75,216.0,2.2818,0.4217,LOCK,3,looseness
22286,4407377,8187,235781.0,0.0468,-0.0585,-0.7293,0.73314,1004.11,1000.0,-4.11,53.75,216.0,2.2564,0.0365,LOCK,3,looseness
22287,4407386,8196,235790.0,-0.0702,-0.1677,-0.8697,0.8885,1004.09,1000.0,-4.09,53.75,216.0,2.2649,0.165,LOCK,3,looseness
22288,4407394,8204,235798.0,-0.0078,-0.0936,-0.6825,0.68893,1004.07,1000.0,-4.07,53.75,216.0,2.2562,0.0329,LOCK,3,looseness
22289,4407403,8213,235807.0,-0.0663,-0.0663,-0.7956,0.80111,1004.05,1000.0,-4.05,53.75,216.0,2.2446,-0.143,LOCK,3,looseness
22290,4407427,8237,235831.0,0.0234,-0.1677,-0.7566,0.77532,1004.01,1000.0,-4.01,53.75,216.0,2.2876,0.5087,LOCK,3,looseness
22291,4407435,8245,235839.0,0.0507,0.0429,-0.7995,0.80225,1003.97,1000.0,-3.97,53.75,216.0,2.2806,0.4034,LOCK,3,looseness
22292,4407444,8254,235848.0,-0.0663,0.0156,-0.6981,0.70141,1003.93,1000.0,-3.93,53.75,216.0,2.2713,0.2627,LOCK,3,looseness
22293,4407452,8262,235856.0,-0.0663,0.0156,-0.6981,0.70141,1003.9,1000.0,-3.9,53.75,216.0,2.2653,0.1705,LOCK,3,looseness
22294,4407461,8271,235865.0,-0.0312,-0.3393,-0.8502,0.91594,1003.87,1000.0,-3.87,53.75,216.0,2.2531,-0.0129,LOCK,3,looseness
22295,4407470,8280,235874.0,-0.0546,-0.0468,-0.8658,0.86878,1003.84,1000.0,-3.84,53.75,216.0,2.2757,0.3289,LOCK,3,looseness
22296,4407488,8298,235892.0,-0.1092,-0.1209,-0.6669,0.68651,1003.81,1000.0,-3.81,53.75,216.0,2.2896,0.5399,LOCK,3,looseness
22297,4407497,8307,235901.0,-0.1287,0.2379,-0.8658,0.90707,1003.78,1000.0,-3.78,53.75,216.0,2.2847,0.4654,LOCK,3,looseness
22298,4407510,8320,235914.0,-0.0156,-0.0468,-0.7449,0.74653,1003.75,1000.0,-3.75,53.75,216.0,2.2859,0.4831,LOCK,3,looseness
22299,4407519,8329,235923.0,-0.0585,0.0195,-0.8073,0.80965,1003.72,1000.0,-3.72,53.75,216.0,2.2807,0.4043,LOCK,3,looseness
22300,4407527,8337,235931.0,-0.273,-0.0507,-0.9399,0.98006,1003.7,1000.0,-3.7,53.75,216.0,2.2796,0.3873,LOCK,3,looseness
22301,4407536,8346,235940.0,0.1131,0.0429,-0.7098,0.72003,1003.68,1000.0,-3.68,53.75,216.0,2.2798,0.3915,LOCK,3,looseness
22302,4407544,8354,235948.0,0.1131,0.0429,-0.7098,0.72003,1003.63,1000.0,-3.63,53.75,216.0,2.2489,-0.0767,LOCK,3,looseness
22303,4407553,8363,235957.0,-0.0429,0.0,-0.8268,0.82791,1003.58,1000.0,-3.58,53.75,216.0,2.2687,0.2227,LOCK,3,looseness
22304,4407571,8381,235975.0,0.0507,-0.0663,-0.7722,0.7767,1003.54,1000.0,-3.54,53.75,216.0,2.2766,0.3418,LOCK,3,looseness
22305,4407580,8390,235984.0,-0.0897,0.0819,-0.8892,0.89746,1003.5,1000.0,-3.5,53.75,216.0,2.2818,0.4217,LOCK,3,looseness
22306,4407589,8399,235993.0,-0.1092,-0.0234,-0.7371,0.74551,1003.47,1000.0,-3.47,53.75,216.0,2.273,0.2874,LOCK,3,looseness
22307,4407597,8407,236001.0,-0.1053,0.0897,-0.7449,0.75763,1003.42,1000.0,-3.42,53.75,216.0,2.269,0.227,LOCK,3,looseness
22308,4407606,8416,236010.0,-0.1053,0.0897,-0.7449,0.75763,1003.37,1000.0,-3.37,53.75,216.0,2.2551,0.0161,LOCK,3,looseness
22309,4407614,8424,236018.0,-0.1014,-0.0273,-0.8424,0.84892,1003.33,1000.0,-3.33,53.75,216.0,2.2699,0.2416,LOCK,3,looseness
22310,4407623,8433,236027.0,0.0117,-0.1014,-0.8034,0.80986,1003.3,1000.0,-3.3,53.75,216.0,2.2479,-0.0917,LOCK,3,looseness
22311,4407681,8491,236085.0,0.0975,-0.117,-0.819,0.83304,1003.23,1000.0,-3.23,53.75,216.0,2.2764,0.3399,LOCK,3,looseness
22312,4407690,8500,236094.0,-0.0429,-0.1053,-0.78,0.78824,1003.16,1000.0,-3.16,53.75,216.0,2.2811,0.4101,LOCK,3,looseness
22313,4407698,8508,236102.0,-0.0429,-0.1053,-0.78,0.78824,1003.11,1000.0,-3.11,53.75,216.0,2.2798,0.3912,LOCK,3,looseness
22314,4407712,8522,236116.0,-0.1053,-0.0585,-0.8385,0.84711,1003.06,1000.0,-3.06,53.75,216.0,2.2849,0.4675,LOCK,3,looseness
22315,4407720,8530,236124.0,-0.1053,-0.0585,-0.8385,0.84711,1002.99,1000.0,-2.99,53.75,216.0,2.2794,0.3848,LOCK,3,looseness
22316,4407729,8539,236133.0,-0.0156,0.1482,-0.6474,0.66433,1002.94,1000.0,-2.94,53.75,216.0,2.2852,0.4733,LOCK,3,looseness
22317,4407737,8547,236141.0,-0.0429,-0.0039,-0.7644,0.76561,1002.88,1000.0,-2.88,53.75,216.0,2.2658,0.1794,LOCK,3,looseness
22318,4407746,8556,236150.0,-0.0156,-0.234,-0.8619,0.89324,1002.84,1000.0,-2.84,53.75,216.0,2.2543,0.0045,LOCK,3,looseness
22319,4407754,8564,236158.0,0.0819,-0.0702,-0.7449,0.75267,1002.8,1000.0,-2.8,53.75,216.0,2.2711,0.2594,LOCK,3,looseness
22320,4407773,8583,236177.0,0.1677,-0.0546,-0.7293,0.75032,1002.76,1000.0,-2.76,53.75,216.0,2.2793,0.3827,LOCK,3,looseness
22321,4407782,8592,236186.0,0.1677,-0.0546,-0.7293,0.75032,1002.71,1000.0,-2.71,53.75,216.0,2.2795,0.386,LOCK,3,looseness
22322,4407832,8642,236236.0,-0.0195,-0.0936,-0.7644,0.77036,1002.66,1000.0,-2.66,53.75,216.0,2.2759,0.3311,LOCK,3,looseness
22323,4407841,8651,236245.0,-0.2535,0.0,-0.6786,0.7244,1002.6,1000.0,-2.6,53.75,216.0,2.2852,0.4724,LOCK,3,looseness
22324,4407849,8659,236253.0,-0.1131,-0.156,-0.6825,0.70918,1002.55,1000.0,-2.55,53.75,216.0,2.2511,-0.0435,LOCK,3,looseness
22325,4407858,8668,236262.0,-0.0429,0.1833,-0.7761,0.79861,1002.51,1000.0,-2.51,53.75,216.0,2.2773,0.3528,LOCK,3,looseness
22326,4407866,8676,236270.0,0.0,-0.0663,-0.8112,0.8139,1002.47,1000.0,-2.47,53.75,216.0,2.2616,0.115,LOCK,3,looseness
22327,4407875,8685,236279.0,-0.1287,-0.0312,-0.9399,0.94918,1002.43,1000.0,-2.43,53.75,216.0,2.255,0.0158,LOCK,3,looseness
22328,4407893,8703,236297.0,-0.1599,-0.1833,-0.7917,0.82822,1002.4,1000.0,-2.4,53.75,216.0,2.2902,0.5487,LOCK,3,looseness
22329,4407902,8712,236306.0,-0.0156,0.078,-0.858,0.86168,1002.35,1000.0,-2.35,53.75,216.0,2.2559,0.0295,LOCK,3,looseness
22330,4407915,8725,236319.0,-0.078,0.1326,-0.8151,0.82949,1002.31,1000.0,-2.31,53.75,216.0,2.2519,-0.0319,LOCK,3,looseness
22331,4407924,8734,236328.0,-0.078,0.1326,-0.8151,0.82949,1002.27,1000.0,-2.27,53.75,216.0,2.2556,0.0237,LOCK,3,looseness
22332,4407932,8742,236336.0,-0.0117,0.0156,-0.6942,0.69447,1002.24,1000.0,-2.24,53.75,216.0,2.2522,-0.0267,LOCK,3,looseness
22333,4407990,8800,236394.0,-0.0156,0.0156,-0.78,0.78031,1002.2,1000.0,-2.2,53.75,216.0,2.2861,0.4859,LOCK,3,looseness
22334,4407998,8808,236402.0,-0.3042,-0.0663,-0.6708,0.73953,1002.16,1000.0,-2.16,53.75,216.0,2.2839,0.4535,LOCK,3,looseness
22335,4408007,8817,236411.0,-0.3042,-0.0663,-0.6708,0.73953,1002.13,1000.0,-2.13,53.75,216.0,2.277,0.3482,LOCK,3,looseness
22336,4408016,8826,236420.0,0.0195,0.0819,-0.7449,0.74964,1002.1,1000.0,-2.1,53.75,216.0,2.2796,0.3882,LOCK,3,looseness
22337,4408024,8834,236428.0,-0.2262,0.1092,-0.663,0.70899,1002.07,1000.0,-2.07,53.75,216.0,2.2776,0.357,LOCK,3,looseness
22338,4408033,8843,236437.0,-0.0624,-0.0975,-0.7917,0.80012,1002.05,1000.0,-2.05,53.75,216.0,2.2732,0.2911,LOCK,3,looseness
22339,4408041,8851,236445.0,0.0741,-0.1404,-0.8931,0.9071,1002.03,1000.0,-2.03,53.75,216.0,2.2775,0.3555,LOCK,3,looseness
22340,4408060,8870,236464.0,-0.1404,-0.0078,-0.9282,0.93879,1002.01,1000.0,-2.01,53.75,216.0,2.262,0.1217,LOCK,3,looseness
22341,4408068,8878,236472.0,-0.1404,-0.0078,-0.9282,0.93879,1001.99,1000.0,-1.99,53.75,216.0,2.2817,0.4199,LOCK,3,looseness
22342,4408077,8887,236481.0,-0.1248,-0.078,-0.7059,0.72108,1001.98,1000.0,-1.98,53.75,216.0,2.2797,0.3894,LOCK,3,looseness
22343,4408085,8895,236489.0,0.0663,0.3081,-0.7683,0.83043,1001.97,1000.0,-1.97,53.75,216.0,2.2769,0.347,LOCK,3,looseness
22344,4408094,8904,236498.0,-0.0897,-0.0312,-0.6084,0.61577,1001.97,1000.0,-1.97,53.75,216.0,2.2758,0.3308,LOCK,3,looseness
22345,4408103,8913,236507.0,0.0858,-0.2028,-0.7644,0.79549,1001.96,1000.0,-1.96,53.75,216.0,2.2846,0.4639,LOCK,3,looseness
22346,4408126,8936,236530.0,-0.2067,-0.1716,-0.7332,0.78087,1001.96,1000.0,-1.96,53.75,216.0,2.2747,0.3143,LOCK,3,looseness
22347,4408135,8945,236539.0,0.0195,0.0117,-0.8463,0.84661,1001.95,1000.0,-1.95,53.75,216.0,2.28,0.3946,LOCK,3,looseness
22348,4408143,8953,236547.0,0.0,0.0507,-0.7683,0.76997,1001.96,1000.0,-1.96,53.75,216.0,2.2798,0.3915,LOCK,3,looseness
22349,4408152,8962,236556.0,0.0234,0.0507,-0.8034,0.80534,1001.97,1000.0,-1.97,53.75,216.0,2.2754,0.3238,LOCK,3,looseness
22350,4408161,8971,236565.0,0.0234,0.0507,-0.8034,0.80534,1001.97,1000.0,-1.97,53.75,216.0,2.2592,0.0793,LOCK,3,looseness
22351,4408169,8979,236573.0,0.0039,-0.0468,-0.6786,0.68022,1001.98,1000.0,-1.98,53.75,216.0,2.2657,0.1772,LOCK,3,looseness
22352,4408177,8987,236581.0,0.0078,-0.0546,-0.8385,0.84031,1001.98,1000.0,-1.98,53.75,216.0,2.2614,0.1122,LOCK,3,looseness
22353,4408197,9007,236601.0,0.0234,-0.1794,-0.7605,0.78172,1001.99,1000.0,-1.99,53.75,216.0,2.2801,0.3949,LOCK,3,looseness
22354,4408205,9015,236609.0,-0.0858,-0.1755,-0.7761,0.80031,1002.0,1000.0,-2.0,53.75,216.0,2.2798,0.3903,LOCK,3,looseness
22355,4408214,9024,236618.0,-0.078,0.195,-0.6747,0.70663,1002.01,1000.0,-2.01,53.75,216.0,2.2549,0.0139,LOCK,3,looseness
22356,4408222,9032,236626.0,-0.078,0.195,-0.6747,0.70663,1002.01,1000.0,-2.01,53.75,216.0,2.2456,-0.1277,LOCK,3,looseness
22357,4408231,9041,236635.0,0.0312,0.0078,-0.7839,0.78456,1002.02,1000.0,-2.02,53.75,216.0,2.2541,0.002,LOCK,3,looseness
22358,4408240,9050,236644.0,-0.1443,-0.078,-0.8814,0.89653,1002.02,1000.0,-2.02,53.75,216.0,2.284,0.4547,LOCK,3,looseness
22359,4408248,9058,236652.0,-0.0975,-0.1677,-0.7878,0.81133,1002.03,1000.0,-2.03,53.75,216.0,2.2773,0.3537,LOCK,3,looseness
22360,4408267,9077,236671.0,-0.0858,-0.1911,-0.6591,0.69159,1002.04,1000.0,-2.04,53.75,216.0,2.2667,0.1931,LOCK,3,looseness
22361,4408275,9085,236679.0,-0.0312,0.117,-0.8112,0.82019,1002.06,1000.0,-2.06,53.75,216.0,2.2544,0.0057,LOCK,3,looseness
22362,4408284,9094,236688.0,-0.0312,0.117,-0.8112,0.82019,1002.07,1000.0,-2.07,53.75,216.0,2.2592,0.0783,LOCK,3,looseness
22363,4408292,9102,236696.0,-0.0468,-0.0858,-0.7878,0.79384,1002.08,1000.0,-2.08,53.75,216.0,2.2661,0.183,LOCK,3,looseness
22364,4408301,9111,236705.0,-0.0312,-0.0312,-0.7488,0.7501,1002.09,1000.0,-2.09,53.75,216.0,2.2888,0.5274,LOCK,3,looseness
22365,4408309,9119,236713.0,-0.2145,-0.0039,-0.9282,0.95267,1002.1,1000.0,-2.1,53.75,216.0,2.2768,0.3454,LOCK,3,looseness
22366,4408333,9143,236737.0,-0.0702,-0.039,-0.9906,0.99385,1002.1,1000.0,-2.1,53.75,216.0,2.2859,0.4828,LOCK,3,looseness
22367,4408341,9151,236745.0,-0.039,-0.1638,-0.8073,0.82467,1002.11,1000.0,-2.11,53.75,216.0,2.2761,0.3354,LOCK,3,looseness
22368,4408350,9160,236754.0,0.0429,-0.0741,-0.8034,0.80795,1002.11,1000.0,-2.11,53.75,216.0,2.2796,0.3873,LOCK,3,looseness
22369,4408358,9168,236762.0,-0.0897,-0.0156,-0.8658,0.87057,1002.11,1000.0,-2.11,53.75,216.0,2.2761,0.3348,LOCK,3,looseness
22370,4408367,9177,236771.0,0.0234,0.039,-0.7293,0.73072,1002.12,1000.0,-2.12,53.75,216.0,2.2729,0.2868,LOCK,3,looseness
22371,4408375,9185,236779.0,0.0234,0.039,-0.7293,0.73072,1002.13,1000.0,-2.13,53.75,216.0,2.2637,0.1473,LOCK,3,looseness
22372,4408394,9204,236798.0,-0.1092,-0.078,-0.6942,0.70705,1002.14,1000.0,-2.14,53.75,216.0,2.2708,0.2539,LOCK,3,looseness
22373,4408402,9212,236806.0,0.0156,-0.1092,-0.7839,0.79162,1002.14,1000.0,-2.14,53.75,216.0,2.2829,0.4379,LOCK,3,looseness
22374,4408411,9221,236815.0,0.0273,-0.1872,-0.7839,0.8064,1002.15,1000.0,-2.15,53.75,216.0,2.2809,0.408,LOCK,3,looseness
22375,4408419,9229,236823.0,-0.0936,-0.0936,-0.7722,0.78346,1002.16,1000.0,-2.16,53.75,216.0,2.2739,0.3018,LOCK,3,looseness
22376,4408428,9238,236832.0,-0.0234,0.0741,-0.8697,0.87316,1002.16,1000.0,-2.16,53.75,216.0,2.2717,0.2685,LOCK,3,looseness
22377,4408436,9246,236840.0,-0.0234,0.0741,-0.8697,0.87316,1002.16,1000.0,-2.16,53.75,216.0,2.283,0.4391,LOCK,3,looseness
22378,4408455,9265,236859.0,-0.0273,0.0624,-0.7722,0.7752,1002.16,1000.0,-2.16,53.75,216.0,2.278,0.3634,LOCK,3,looseness
22379,4408464,9274,236868.0,-0.078,-0.1326,-0.6435,0.66163,1002.16,1000.0,-2.16,53.75,216.0,2.2626,0.1302,LOCK,3,looseness
22380,4408472,9282,236876.0,0.0663,0.0234,-0.7839,0.78705,1002.16,1000.0,-2.16,53.75,216.0,2.275,0.3177,LOCK,3,looseness
22381,4408481,9291,236885.0,-0.1599,-0.1521,-0.9009,0.92754,1002.16,1000.0,-2.16,53.75,216.0,2.2583,0.0658,LOCK,3,looseness
22382,4408489,9299,236893.0,-0.1599,-0.1521,-0.9009,0.92754,1002.15,1000.0,-2.15,53.75,216.0,2.2522,-0.027,LOCK,3,looseness
22383,4408502,9312,236906.0,-0.0078,0.0975,-0.8151,0.82095,1002.15,1000.0,-2.15,53.75,216.0,2.2768,0.3451,LOCK,3,looseness
22384,4408510,9320,236914.0,-0.0468,0.0195,-0.6318,0.63383,1002.15,1000.0,-2.15,53.75,216.0,2.2925,0.5838,LOCK,3,looseness
22385,4408519,9329,236923.0,-0.0468,0.0195,-0.6318,0.63383,1002.15,1000.0,-2.15,53.75,216.0,2.2585,0.0683,LOCK,3,looseness
22386,4408527,9337,236931.0,0.1131,-0.0546,-0.7293,0.74003,1002.14,1000.0,-2.14,53.75,216.0,2.2537,-0.0044,LOCK,3,looseness
22387,4408541,9351,236945.0,-0.0195,0.0,-0.9126,0.91281,1002.14,1000.0,-2.14,53.75,216.0,2.267,0.1974,LOCK,3,looseness
22388,4408549,9359,236953.0,-0.1677,-0.0702,-0.6942,0.71761,1002.14,1000.0,-2.14,53.75,216.0,2.275,0.318,LOCK,3,looseness
22389,4408558,9368,236962.0,0.0312,-0.1326,-0.7995,0.81102,1002.13,1000.0,-2.13,53.75,216.0,2.2821,0.4263,LOCK,3,looseness
22390,4408566,9376,236970.0,-0.039,-0.2106,-0.7722,0.80135,1002.13,1000.0,-2.13,53.75,216.0,2.2657,0.1769,LOCK,3,looseness
22391,4408575,9385,236979.0,-0.0039,0.156,-0.6552,0.67353,1002.12,1000.0,-2.12,53.75,216.0,2.2714,0.2639,LOCK,3,looseness
22392,4408583,9393,236987.0,-0.0312,0.0624,-0.7839,0.787,1002.12,1000.0,-2.12,53.75,216.0,2.2503,-0.0566,LOCK,3,looseness
22393,4408602,9412,237006.0,-0.1248,-0.0819,-0.8814,0.89395,1002.11,1000.0,-2.11,53.75,216.0,2.255,0.0155,LOCK,3,looseness
22394,4408610,9420,237014.0,-0.1131,-0.0897,-0.7488,0.76259,1002.11,1000.0,-2.11,53.75,216.0,2.2592,0.0786,LOCK,3,looseness
22395,4408619,9429,237023.0,-0.1053,-0.0585,-0.8346,0.84325,1002.11,1000.0,-2.11,53.75,216.0,2.2577,0.0554,LOCK,3,looseness
22396,4408627,9437,237031.0,-0.0741,-0.195,-0.6396,0.67276,1002.11,1000.0,-2.11,53.75,216.0,2.253,-0.0148,LOCK,3,looseness
22397,4408654,9464,237058.0,-0.0156,-0.0312,-0.7605,0.7613,1002.11,1000.0,-2.11,53.75,216.0,2.2775,0.3558,LOCK,3,looseness
22398,4408662,9472,237066.0,-0.0156,-0.0312,-0.7605,0.7613,1002.11,1000.0,-2.11,53.75,216.0,2.2913,0.5649,LOCK,3,looseness
22399,4408671,9481,237075.0,-0.1677,-0.0468,-0.9009,0.91757,1002.11,1000.0,-2.11,53.75,216.0,2.2659,0.1803,LOCK,3,looseness
22400,4408679,9489,237083.0,-0.0312,-0.0078,-0.7527,0.75339,1002.11,1000.0,-2.11,53.75,216.0,2.2801,0.3949,LOCK,3,looseness
22401,4408688,9498,237092.0,-0.0234,-0.2262,-0.9204,0.94808,1002.11,1000.0,-2.11,53.75,216.0,2.2531,-0.0138,LOCK,3,looseness
22402,4408707,9517,237111.0,0.0039,-0.0858,-0.8073,0.81186,1002.1,1000.0,-2.1,53.75,216.0,2.2756,0.3277,LOCK,3,looseness
22403,4408715,9525,237119.0,0.0039,-0.0858,-0.8073,0.81186,1002.1,1000.0,-2.1,53.75,216.0,2.2827,0.4346,LOCK,3,looseness
22404,4408724,9534,237128.0,0.0,-0.1053,-0.7215,0.72914,1002.1,1000.0,-2.1,53.75,216.0,2.2834,0.4453,LOCK,3,looseness
22405,4408732,9542,237136.0,-0.0117,0.0936,-0.8307,0.83604,1002.1,1000.0,-2.1,53.75,216.0,2.2853,0.4743,LOCK,3,looseness
22406,4408746,9556,237150.0,-0.1911,0.1989,-0.6162,0.67512,1002.1,1000.0,-2.1,53.75,216.0,2.2859,0.4831,LOCK,3,looseness
22407,4408754,9564,237158.0,0.0156,-0.1599,-0.7995,0.81548,1002.09,1000.0,-2.09,53.75,216.0,2.2489,-0.0779,LOCK,3,looseness
22408,4408763,9573,237167.0,0.0897,-0.0468,-0.7995,0.80588,1002.09,1000.0,-2.09,53.75,216.0,2.2769,0.347,LOCK,3,looseness
22409,4408771,9581,237175.0,-0.0039,-0.0078,-0.7605,0.76055,1002.09,1000.0,-2.09,53.75,216.0,2.2604,0.097,LOCK,3,looseness
22410,4408780,9590,237184.0,-0.0351,-0.0975,-0.7254,0.73276,1002.09,1000.0,-2.09,53.75,216.0,2.2823,0.4282,LOCK,3,looseness
22411,4408809,9619,237213.0,-0.0195,-0.0741,-0.6981,0.70229,1002.09,1000.0,-2.09,53.75,216.0,2.2752,0.3219,LOCK,3,looseness
22412,4408818,9628,237222.0,-0.0195,-0.0741,-0.6981,0.70229,1002.09,1000.0,-2.09,53.75,216.0,2.2801,0.3949,LOCK,3,looseness
22413,4408826,9636,237230.0,0.078,0.0078,-0.8034,0.80722,1002.09,1000.0,-2.09,53.75,216.0,2.2424,-0.1756,LOCK,3,looseness
22414,4408835,9645,237239.0,-0.0117,-0.0507,-0.7488,0.75061,1002.09,1000.0,-2.09,53.75,216.0,2.2558,0.0277,LOCK,3,looseness
22415,4408843,9653,237247.0,-0.1638,-0.2613,-0.8346,0.88976,1002.09,1000.0,-2.09,53.75,216.0,2.2559,0.0286,LOCK,3,looseness
22416,4408852,9662,237256.0,-0.039,-0.0975,-0.8931,0.89925,1002.09,1000.0,-2.09,53.75,216.0,2.277,0.3485,LOCK,3,looseness
22417,4408870,9680,237274.0,0.0,0.039,-0.7332,0.73424,1002.09,1000.0,-2.09,53.75,216.0,2.2823,0.4288,LOCK,3,looseness
22418,4408879,9689,237283.0,0.0,0.039,-0.7332,0.73424,1002.08,1000.0,-2.08,53.75,216.0,2.255,0.0152,LOCK,3,looseness
22419,4408887,9697,237291.0,0.0195,-0.1404,-0.9009,0.91198,1002.08,1000.0,-2.08,53.75,216.0,2.2507,-0.0505,LOCK,3,looseness
22420,4408896,9706,237300.0,-0.1443,-0.0234,-0.6357,0.65229,1002.08,1000.0,-2.08,53.75,216.0,2.2674,0.2029,LOCK,3,looseness
22421,4408904,9714,237308.0,-0.078,-0.0429,-0.8112,0.81607,1002.07,1000.0,-2.07,53.75,216.0,2.2765,0.3415,LOCK,3,looseness
22422,4408913,9723,237317.0,-0.0429,-0.117,-0.897,0.90561,1002.07,1000.0,-2.07,53.75,216.0,2.2846,0.4639,LOCK,3,looseness
22423,4408932,9742,237336.0,-0.039,0.1755,-0.7956,0.81566,1002.07,1000.0,-2.07,53.75,216.0,2.2852,0.4721,LOCK,3,looseness
22424,4408940,9750,237344.0,-0.039,0.1755,-0.7956,0.81566,1002.07,1000.0,-2.07,53.75,216.0,2.2779,0.3628,LOCK,3,looseness
22425,4408954,9764,237358.0,-0.0273,-0.1092,-0.8073,0.81511,1002.08,1000.0,-2.08,53.75,216.0,2.2763,0.3378,LOCK,3,looseness
22426,4408962,9772,237366.0,-0.1755,0.1053,-0.8424,0.86691,1002.08,1000.0,-2.08,53.75,216.0,2.2704,0.2481,LOCK,3,looseness
22427,4408971,9781,237375.0,-0.1755,0.1053,-0.8424,0.86691,1002.08,1000.0,-2.08,53.75,216.0,2.2782,0.3671,LOCK,3,looseness
22428,4408979,9789,237383.0,-0.1365,-0.039,-0.702,0.71621,1002.08,1000.0,-2.08,53.75,216.0,2.2588,0.0725,LOCK,3,looseness
22429,4408988,9798,237392.0,-0.1014,-0.3627,-0.78,0.86616,1002.08,1000.0,-2.08,53.75,216.0,2.2781,0.3659,LOCK,3,looseness
22430,4408996,9806,237400.0,0.0156,0.1716,-0.8346,0.8522,1002.07,1000.0,-2.07,53.75,216.0,2.2634,0.1421,LOCK,3,looseness
22431,4409015,9825,237419.0,-0.0429,-0.1365,-0.8073,0.81988,1002.07,1000.0,-2.07,53.75,216.0,2.2729,0.2859,LOCK,3,looseness
22432,4409023,9833,237427.0,-0.0975,-0.0429,-0.9321,0.93817,1002.07,1000.0,-2.07,53.75,216.0,2.2722,0.2755,LOCK,3,looseness
22433,4409032,9842,237436.0,-0.0975,-0.0429,-0.9321,0.93817,1002.07,1000.0,-2.07,53.75,216.0,2.2818,0.4205,LOCK,3,looseness
22434,4409041,9851,237445.0,0.039,0.1404,-0.6903,0.70551,1002.07,1000.0,-2.07,53.75,216.0,2.2711,0.259,LOCK,3,looseness
22435,4409049,9859,237453.0,-0.0078,-0.1833,-0.8775,0.89647,1002.06,1000.0,-2.06,53.75,216.0,2.2762,0.3363,LOCK,3,looseness
22436,4409058,9868,237462.0,-0.0312,-0.1638,-0.8658,0.88171,1002.06,1000.0,-2.06,53.75,216.0,2.2791,0.3796,LOCK,3,looseness
22437,4409076,9886,237480.0,0.0585,-0.0819,-0.7254,0.73235,1002.05,1000.0,-2.05,53.75,216.0,2.2637,0.1464,LOCK,3,looseness
22438,4409085,9895,237489.0,-0.1209,0.0624,-0.8268,0.83792,1002.05,1000.0,-2.05,53.75,216.0,2.2693,0.2319,LOCK,3,looseness
22439,4409093,9903,237497.0,-0.1209,0.0624,-0.8268,0.83792,1002.05,1000.0,-2.05,53.75,216.0,2.2408,-0.2,LOCK,3,looseness
22440,4409102,9912,237506.0,-0.0351,0.195,-0.624,0.6547,1002.05,1000.0,-2.05,53.75,216.0,2.2641,0.1537,LOCK,3,looseness
22441,4409116,9926,237520.0,0.1248,-0.0702,-0.8541,0.86602,1002.05,1000.0,-2.05,53.75,216.0,2.2802,0.397,LOCK,3,looseness
22442,4409125,9935,237529.0,0.1248,-0.0702,-0.8541,0.86602,1002.05,1000.0,-2.05,53.75,216.0,2.2778,0.3607,LOCK,3,looseness
22443,4409133,9943,237537.0,-0.1053,0.0117,-0.6357,0.64447,1002.05,1000.0,-2.05,53.75,216.0,2.2504,-0.0541,LOCK,3,looseness
22444,4409142,9952,237546.0,-0.0624,-0.0507,-0.7527,0.75698,1002.05,1000.0,-2.05,53.75,216.0,2.2661,0.184,LOCK,3,looseness
22445,4409155,9965,237559.0,-0.0663,0.0039,-0.8892,0.89168,1002.05,1000.0,-2.05,53.75,216.0,2.2605,0.0988,LOCK,3,looseness
22446,4409164,9974,237568.0,-0.117,0.39,-0.5772,0.70636,1002.05,1000.0,-2.05,53.75,216.0,2.2866,0.4944,LOCK,3,looseness
22447,4409173,9983,237577.0,-0.0741,0.0117,-0.7176,0.72151,1002.05,1000.0,-2.05,53.75,216.0,2.28,0.3943,LOCK,3,looseness
22448,4409181,9991,237585.0,0.0312,-0.078,-0.9087,0.91258,1002.06,1000.0,-2.06,53.75,216.0,2.2697,0.2374,LOCK,3,looseness
22449,4409190,10000,237594.0,0.0156,-0.1131,-0.7059,0.71507,1002.06,1000.0,-2.06,53.75,216.0,2.2715,0.2648,LOCK,3,looseness
22450,4409198,10008,237602.0,-0.1326,-0.0624,-0.8502,0.86274,1002.06,1000.0,-2.06,53.75,216.0,2.2647,0.1626,LOCK,3,looseness
22451,4409207,10017,237611.0,-0.1326,-0.0624,-0.8502,0.86274,1002.06,1000.0,-2.06,53.75,216.0,2.2577,0.0567,LOCK,3,looseness
22452,4409225,10035,237629.0,-0.1209,0.0663,-0.6669,0.68101,1002.04,1000.0,-2.04,53.75,216.0,2.2777,0.3586,LOCK,3,looseness
