sample_index,time_ms_raw,time_ms_zero,elapsed_ms,ax_g,ay_g,az_g,total_g,rpm,target_rpm,rpm_error,pwm_eq,duty_10bit,acs_v,current_a,control_mode,state,fault_type
4914,4223624,0,52028.0,-0.0975,0.1014,-0.858,0.86946,998.12,1000.0,1.88,53.75,216.0,2.2735,0.2951,LOCK,3,looseness
4915,4223632,8,52036.0,-0.0975,0.1014,-0.858,0.86946,998.13,1000.0,1.87,53.75,216.0,2.2526,-0.0206,LOCK,3,looseness
4916,4223641,17,52045.0,-0.0156,0.0663,-0.7644,0.76743,998.14,1000.0,1.86,53.75,216.0,2.2659,0.1809,LOCK,3,looseness
4917,4223649,25,52053.0,0.156,-0.0975,-0.7215,0.74458,998.15,1000.0,1.85,53.75,216.0,2.2676,0.2053,LOCK,3,looseness
4918,4223658,34,52062.0,0.0156,0.0741,-0.7449,0.74874,998.16,1000.0,1.84,53.75,216.0,2.2754,0.3241,LOCK,3,looseness
4919,4223670,46,52074.0,-0.1053,0.0507,-0.8034,0.81186,998.17,1000.0,1.83,53.75,216.0,2.2662,0.1855,LOCK,3,looseness
4920,4223678,54,52082.0,-0.0507,-0.1092,-0.7371,0.74687,998.18,1000.0,1.82,53.75,216.0,2.2504,-0.0544,LOCK,3,looseness
4921,4223687,63,52091.0,-0.0741,-0.0663,-0.8034,0.80953,998.18,1000.0,1.82,53.75,216.0,2.2492,-0.0734,LOCK,3,looseness
4922,4223695,71,52099.0,0.0546,0.0858,-0.7878,0.79434,998.21,1000.0,1.79,53.75,216.0,2.2648,0.1632,LOCK,3,looseness
4923,4223721,97,52125.0,-0.0234,-0.0468,-0.9321,0.93357,998.22,1000.0,1.78,53.75,216.0,2.2868,0.4965,LOCK,3,looseness
4924,4223729,105,52133.0,-0.039,-0.0624,-0.7995,0.80288,998.24,1000.0,1.76,53.75,216.0,2.2712,0.2606,LOCK,3,looseness
4925,4223738,114,52142.0,-0.2535,-0.0546,-0.6357,0.68656,998.26,1000.0,1.74,53.75,216.0,2.2384,-0.2358,LOCK,3,looseness
4926,4223746,122,52150.0,-0.0546,-0.0507,-0.8736,0.87677,998.27,1000.0,1.73,53.75,216.0,2.2637,0.147,LOCK,3,looseness
4927,4223755,131,52159.0,-0.0546,-0.0507,-0.8736,0.87677,998.3,1000.0,1.7,53.75,216.0,2.2565,0.0383,LOCK,3,looseness
4928,4223765,141,52169.0,0.0585,0.1131,-0.7839,0.79417,998.32,1000.0,1.68,53.75,216.0,2.2625,0.1284,LOCK,3,looseness
4929,4223773,149,52177.0,-0.1053,-0.0039,-0.6786,0.68673,998.35,1000.0,1.65,53.75,216.0,2.2842,0.4581,LOCK,3,looseness
4930,4223787,163,52191.0,0.0156,-0.0819,-0.7722,0.77669,998.37,1000.0,1.63,53.75,216.0,2.2709,0.2563,LOCK,3,looseness
4931,4223795,171,52199.0,0.0156,-0.0819,-0.7722,0.77669,998.38,1000.0,1.62,53.75,216.0,2.2486,-0.0825,LOCK,3,looseness
4932,4223804,180,52208.0,-0.1911,-0.0039,-0.6942,0.72003,998.4,1000.0,1.6,53.75,216.0,2.2462,-0.1182,LOCK,3,looseness
4933,4223812,188,52216.0,0.1248,0.0429,-0.9009,0.91051,998.41,1000.0,1.59,53.75,216.0,2.2662,0.1846,LOCK,3,looseness
4934,4223821,197,52225.0,-0.1638,-0.0624,-0.7176,0.7387,998.43,1000.0,1.57,53.75,216.0,2.2863,0.4901,LOCK,3,looseness
4935,4223829,205,52233.0,-0.0156,0.0468,-0.8736,0.87499,998.44,1000.0,1.56,53.75,216.0,2.2859,0.4831,LOCK,3,looseness
4936,4223838,214,52242.0,-0.0117,0.0156,-0.7761,0.77634,998.45,1000.0,1.55,53.75,216.0,2.2663,0.1867,LOCK,3,looseness
4937,4223846,222,52250.0,-0.0117,0.0156,-0.7761,0.77634,998.46,1000.0,1.54,53.75,216.0,2.2684,0.2178,LOCK,3,looseness
4938,4223855,231,52259.0,-0.0819,-0.0702,-0.7215,0.72952,998.47,1000.0,1.53,53.75,216.0,2.2525,-0.0233,LOCK,3,looseness
4939,4223863,239,52267.0,-0.1326,0.0,-0.9009,0.91061,998.47,1000.0,1.53,53.75,216.0,2.2787,0.3738,LOCK,3,looseness
4940,4223874,250,52278.0,-0.1326,-0.0312,-0.7917,0.80333,998.49,1000.0,1.51,53.75,216.0,2.2714,0.2639,LOCK,3,looseness
4941,4223883,259,52287.0,-0.0741,0.0741,-0.7098,0.71749,998.51,1000.0,1.49,53.75,216.0,2.2896,0.5396,LOCK,3,looseness
4942,4223891,267,52295.0,-0.0429,0.0624,-0.7098,0.71383,998.52,1000.0,1.48,53.75,216.0,2.2564,0.0365,LOCK,3,looseness
4943,4223900,276,52304.0,-0.0117,-0.1131,-0.8424,0.85004,998.54,1000.0,1.46,53.75,216.0,2.2754,0.3241,LOCK,3,looseness
4944,4223908,284,52312.0,-0.0117,-0.1131,-0.8424,0.85004,998.55,1000.0,1.45,53.75,216.0,2.257,0.046,LOCK,3,looseness
4945,4223917,293,52321.0,-0.0351,-0.1794,-0.7839,0.80493,998.56,1000.0,1.44,53.75,216.0,2.2749,0.3164,LOCK,3,looseness
4946,4223925,301,52329.0,-0.1833,-0.0975,-0.8502,0.87518,998.57,1000.0,1.43,53.75,216.0,2.2804,0.4007,LOCK,3,looseness
4947,4223934,310,52338.0,0.0585,0.2145,-0.7488,0.78111,998.59,1000.0,1.41,53.75,216.0,2.2632,0.1394,LOCK,3,looseness
4948,4223942,318,52346.0,-0.0702,-0.1287,-0.6591,0.67521,998.6,1000.0,1.4,53.75,216.0,2.2686,0.2209,LOCK,3,looseness
4949,4223950,326,52354.0,-0.0741,0.0078,-0.9555,0.9584,998.62,1000.0,1.38,53.75,216.0,2.2551,0.0173,LOCK,3,looseness
4950,4223959,335,52363.0,-0.0741,0.0078,-0.9555,0.9584,998.63,1000.0,1.37,53.75,216.0,2.2667,0.1922,LOCK,3,looseness
4951,4223978,354,52382.0,-0.2301,-0.1911,-0.7215,0.78104,998.64,1000.0,1.36,53.75,216.0,2.2798,0.3915,LOCK,3,looseness
4952,4223991,367,52395.0,-0.0351,0.1326,-0.8541,0.86504,998.65,1000.0,1.35,53.75,216.0,2.2663,0.1858,LOCK,3,looseness
4953,4223999,375,52403.0,0.078,-0.1092,-0.7176,0.73004,998.67,1000.0,1.33,53.75,216.0,2.261,0.1058,LOCK,3,looseness
4954,4224008,384,52412.0,0.0039,-0.1131,-0.7605,0.76887,998.68,1000.0,1.32,53.75,216.0,2.2554,0.021,LOCK,3,looseness
4955,4224016,392,52420.0,0.0741,0.1911,-0.8073,0.83291,998.7,1000.0,1.3,53.75,216.0,2.2622,0.1238,LOCK,3,looseness
4956,4224078,454,52482.0,0.1443,-0.1014,-0.7332,0.75411,998.71,1000.0,1.29,53.75,216.0,2.2847,0.4651,LOCK,3,looseness
4957,4224086,462,52490.0,-0.1638,-0.0195,-0.78,0.79725,998.72,1000.0,1.28,53.75,216.0,2.2769,0.3476,LOCK,3,looseness
4958,4224095,471,52499.0,-0.0468,0.0429,-0.7839,0.78647,998.73,1000.0,1.27,53.75,216.0,2.2685,0.2194,LOCK,3,looseness
4959,4224103,479,52507.0,-0.0468,0.0429,-0.7839,0.78647,998.74,1000.0,1.26,53.75,216.0,2.2764,0.3387,LOCK,3,looseness
4960,4224112,488,52516.0,-0.0117,-0.0897,-0.6708,0.67687,998.75,1000.0,1.25,53.75,216.0,2.2703,0.2465,LOCK,3,looseness
4961,4224126,502,52530.0,0.1014,-0.0468,-0.8346,0.84204,998.77,1000.0,1.23,53.75,216.0,2.2764,0.339,LOCK,3,looseness
4962,4224134,510,52538.0,0.1014,-0.0468,-0.8346,0.84204,998.79,1000.0,1.21,53.75,216.0,2.2784,0.3702,LOCK,3,looseness
4963,4224143,519,52547.0,0.0273,-0.2184,-0.6981,0.73198,998.81,1000.0,1.19,53.75,216.0,2.2634,0.1421,LOCK,3,looseness
4964,4224151,527,52555.0,-0.156,-0.0078,-0.8385,0.85292,998.83,1000.0,1.17,53.75,216.0,2.2701,0.2444,LOCK,3,looseness
4965,4224160,536,52564.0,-0.1482,-0.117,-0.7761,0.79874,998.84,1000.0,1.16,53.75,216.0,2.2732,0.2911,LOCK,3,looseness
4966,4224184,560,52588.0,-0.0312,0.1014,-0.7527,0.76014,998.85,1000.0,1.15,53.75,216.0,2.2816,0.4187,LOCK,3,looseness
4967,4224197,573,52601.0,-0.0195,0.0039,-0.8385,0.83874,998.86,1000.0,1.14,53.75,216.0,2.2528,-0.0175,LOCK,3,looseness
4968,4224206,582,52610.0,-0.0195,0.0039,-0.8385,0.83874,998.86,1000.0,1.14,53.75,216.0,2.2598,0.0872,LOCK,3,looseness
4969,4224214,590,52618.0,0.0156,-0.1794,-0.7761,0.79672,998.87,1000.0,1.13,53.75,216.0,2.2499,-0.0624,LOCK,3,looseness
4970,4224234,610,52638.0,-0.039,0.0117,-0.819,0.82001,998.87,1000.0,1.13,53.75,216.0,2.2765,0.3415,LOCK,3,looseness
4971,4224243,619,52647.0,-0.1131,0.0936,-0.6474,0.66384,998.87,1000.0,1.13,53.75,216.0,2.289,0.5304,LOCK,3,looseness
4972,4224251,627,52655.0,0.0741,-0.0663,-0.8619,0.86762,998.87,1000.0,1.13,53.75,216.0,2.2662,0.1849,LOCK,3,looseness
4973,4224259,635,52663.0,0.0585,-0.3315,-0.741,0.81388,998.87,1000.0,1.13,53.75,216.0,2.2447,-0.1405,LOCK,3,looseness
4974,4224268,644,52672.0,0.0585,-0.3315,-0.741,0.81388,998.87,1000.0,1.13,53.75,216.0,2.2627,0.1321,LOCK,3,looseness
4975,4224284,660,52688.0,-0.1248,-0.039,-0.7917,0.80242,998.87,1000.0,1.13,53.75,216.0,2.2607,0.1012,LOCK,3,looseness
4976,4224293,669,52697.0,-0.0741,0.0507,-0.6357,0.64201,998.85,1000.0,1.15,53.75,216.0,2.2581,0.0622,LOCK,3,looseness
4977,4224301,677,52705.0,-0.0585,-0.0234,-0.9009,0.9031,998.84,1000.0,1.16,53.75,216.0,2.2604,0.097,LOCK,3,looseness
4978,4224310,686,52714.0,0.0312,0.0585,-0.7332,0.73619,998.83,1000.0,1.17,53.75,216.0,2.2736,0.2963,LOCK,3,looseness
4979,4224335,711,52739.0,-0.0819,-0.1443,-1.0335,1.04673,998.83,1000.0,1.17,53.75,216.0,2.273,0.288,LOCK,3,looseness
4980,4224343,719,52747.0,-0.0975,-0.0741,-0.7332,0.74336,998.82,1000.0,1.18,53.75,216.0,2.288,0.5148,LOCK,3,looseness
4981,4224352,728,52756.0,-0.1482,-0.0663,-0.6201,0.641,998.81,1000.0,1.19,53.75,216.0,2.2605,0.0988,LOCK,3,looseness
4982,4224360,736,52764.0,-0.0429,-0.1833,-0.8073,0.82896,998.81,1000.0,1.19,53.75,216.0,2.2838,0.4514,LOCK,3,looseness
4983,4224369,745,52773.0,-0.0429,-0.1833,-0.8073,0.82896,998.81,1000.0,1.19,53.75,216.0,2.2612,0.1095,LOCK,3,looseness
4984,4224377,753,52781.0,-0.0078,0.1404,-0.7644,0.77723,998.81,1000.0,1.19,53.75,216.0,2.2754,0.3247,LOCK,3,looseness
4985,4224386,762,52790.0,-0.0702,0.0,-0.7137,0.71714,998.81,1000.0,1.19,53.75,216.0,2.2747,0.3134,LOCK,3,looseness
4986,4224399,775,52803.0,-0.0897,-0.0741,-0.9399,0.94707,998.8,1000.0,1.2,53.75,216.0,2.2872,0.5026,LOCK,3,looseness
4987,4224408,784,52812.0,-0.1443,0.0039,-0.8502,0.86237,998.8,1000.0,1.2,53.75,216.0,2.248,-0.0905,LOCK,3,looseness
4988,4224416,792,52820.0,-0.039,0.0195,-0.6591,0.66054,998.79,1000.0,1.21,53.75,216.0,2.2588,0.0728,LOCK,3,looseness
4989,4224425,801,52829.0,0.0819,-0.1638,-0.8112,0.83161,998.79,1000.0,1.21,53.75,216.0,2.2689,0.2258,LOCK,3,looseness
4990,4224433,809,52837.0,-0.0117,0.1404,-0.8385,0.85025,998.78,1000.0,1.22,53.75,216.0,2.284,0.455,LOCK,3,looseness
4991,4224447,823,52851.0,0.0,-0.0819,-0.7371,0.74164,998.77,1000.0,1.23,53.75,216.0,2.2722,0.2758,LOCK,3,looseness
4992,4224455,831,52859.0,-0.1521,-0.0351,-0.8619,0.87592,998.77,1000.0,1.23,53.75,216.0,2.263,0.136,LOCK,3,looseness
4993,4224464,840,52868.0,-0.1521,0.0507,-0.8463,0.86135,998.76,1000.0,1.24,53.75,216.0,2.2612,0.1086,LOCK,3,looseness
4994,4224472,848,52876.0,-0.1521,0.0507,-0.8463,0.86135,998.76,1000.0,1.24,53.75,216.0,2.2668,0.194,LOCK,3,looseness
4995,4224482,858,52886.0,-0.0429,-0.1092,-0.663,0.6733,998.75,1000.0,1.25,53.75,216.0,2.267,0.1977,LOCK,3,looseness
4996,4224490,866,52894.0,-0.1209,-0.0507,-1.0257,1.03404,998.75,1000.0,1.25,53.75,216.0,2.2815,0.4169,LOCK,3,looseness
4997,4224499,875,52903.0,0.0507,-0.0351,-0.8853,0.88744,998.75,1000.0,1.25,53.75,216.0,2.2597,0.0866,LOCK,3,looseness
4998,4224507,883,52911.0,-0.0819,-0.0936,-0.7293,0.73983,998.75,1000.0,1.25,53.75,216.0,2.253,-0.0145,LOCK,3,looseness
4999,4224516,892,52920.0,-0.1053,0.0351,-0.897,0.90384,998.75,1000.0,1.25,53.75,216.0,2.2549,0.0142,LOCK,3,looseness
5000,4224524,900,52928.0,-0.0078,-0.0507,-0.7683,0.77001,998.75,1000.0,1.25,53.75,216.0,2.2425,-0.1735,LOCK,3,looseness
5001,4224536,912,52940.0,-0.0156,0.078,-0.6357,0.64066,998.76,1000.0,1.24,53.75,216.0,2.285,0.47,LOCK,3,looseness
5002,4224544,920,52948.0,-0.0156,0.078,-0.6357,0.64066,998.77,1000.0,1.23,53.75,216.0,2.2709,0.2557,LOCK,3,looseness
5003,4224553,929,52957.0,-0.039,-0.0039,-0.8502,0.8511,998.77,1000.0,1.23,53.75,216.0,2.2715,0.2652,LOCK,3,looseness
5004,4224561,937,52965.0,0.1404,-0.1326,-0.7683,0.7922,998.78,1000.0,1.22,53.75,216.0,2.2798,0.3903,LOCK,3,looseness
5005,4224570,946,52974.0,-0.1365,-0.0741,-0.7917,0.80679,998.78,1000.0,1.22,53.75,216.0,2.2559,0.0295,LOCK,3,looseness
5006,4224578,954,52982.0,-0.195,0.0117,-0.8112,0.83439,998.79,1000.0,1.21,53.75,216.0,2.2804,0.3998,LOCK,3,looseness
5007,4224590,966,52994.0,-0.0507,-0.1365,-0.6942,0.70931,998.79,1000.0,1.21,53.75,216.0,2.2814,0.4153,LOCK,3,looseness
5008,4224603,979,53007.0,-0.0156,0.2613,-0.7254,0.77118,998.81,1000.0,1.19,53.75,216.0,2.2872,0.5029,LOCK,3,looseness
5009,4224612,988,53016.0,-0.0312,-0.0429,-0.8268,0.8285,998.82,1000.0,1.18,53.75,216.0,2.2621,0.1226,LOCK,3,looseness
5010,4224620,996,53024.0,0.0312,-0.3042,-0.7332,0.79441,998.83,1000.0,1.17,53.75,216.0,2.2603,0.0948,LOCK,3,looseness
5011,4224629,1005,53033.0,-0.0156,-0.0468,-0.9087,0.91004,998.84,1000.0,1.16,53.75,216.0,2.2643,0.1556,LOCK,3,looseness
5012,4224687,1063,53091.0,-0.1053,-0.1404,-0.6396,0.66324,998.85,1000.0,1.15,53.75,216.0,2.2725,0.2801,LOCK,3,looseness
5013,4224695,1071,53099.0,-0.1092,-0.0819,-0.9243,0.93432,998.86,1000.0,1.14,53.75,216.0,2.2834,0.4459,LOCK,3,looseness
5014,4224704,1080,53108.0,-0.0351,-0.1599,-0.7293,0.74745,998.87,1000.0,1.13,53.75,216.0,2.2601,0.0921,LOCK,3,looseness
5015,4224712,1088,53116.0,-0.1599,0.1053,-0.897,0.9172,998.87,1000.0,1.13,53.75,216.0,2.2681,0.2136,LOCK,3,looseness
5016,4224721,1097,53125.0,-0.0312,0.2184,-0.702,0.73585,998.89,1000.0,1.11,53.75,216.0,2.2587,0.071,LOCK,3,looseness
5017,4224729,1105,53133.0,-0.0312,0.2184,-0.702,0.73585,998.91,1000.0,1.09,53.75,216.0,2.2681,0.2136,LOCK,3,looseness
5018,4224741,1117,53145.0,-0.078,0.0585,-0.9048,0.91004,998.93,1000.0,1.07,53.75,216.0,2.2841,0.4562,LOCK,3,looseness
5019,4224749,1125,53153.0,-0.078,0.0585,-0.9048,0.91004,998.95,1000.0,1.05,53.75,216.0,2.2848,0.4669,LOCK,3,looseness
5020,4224758,1134,53162.0,-0.0156,-0.0936,-0.78,0.78575,998.96,1000.0,1.04,53.75,216.0,2.2627,0.1311,LOCK,3,looseness
5021,4224766,1142,53170.0,-0.2184,-0.0858,-0.8034,0.83697,998.97,1000.0,1.03,53.75,216.0,2.2658,0.1785,LOCK,3,looseness
5022,4224775,1151,53179.0,-0.0351,0.0195,-0.8151,0.81609,998.99,1000.0,1.01,53.75,216.0,2.2514,-0.0389,LOCK,3,looseness
5023,4224783,1159,53187.0,0.0663,-0.3198,-0.6396,0.71816,999.01,1000.0,0.99,53.75,216.0,2.2684,0.2175,LOCK,3,looseness
5024,4224796,1172,53200.0,0.0039,0.156,-0.8112,0.82607,999.02,1000.0,0.98,53.75,216.0,2.2825,0.4318,LOCK,3,looseness
5025,4224809,1185,53213.0,-0.0195,0.0117,-0.8034,0.80372,999.04,1000.0,0.96,53.75,216.0,2.2833,0.444,LOCK,3,looseness
5026,4224817,1193,53221.0,-0.1521,0.0507,-0.6357,0.65561,999.05,1000.0,0.95,53.75,216.0,2.2542,0.0029,LOCK,3,looseness
5027,4224826,1202,53230.0,-0.1833,-0.0585,-0.9633,0.98233,999.06,1000.0,0.94,53.75,216.0,2.2692,0.2297,LOCK,3,looseness
5028,4224834,1210,53238.0,0.0312,-0.2535,-0.7137,0.75803,999.09,1000.0,0.91,53.75,216.0,2.2504,-0.0551,LOCK,3,looseness
5029,4224843,1219,53247.0,-0.0546,-0.1833,-0.9048,0.92479,999.12,1000.0,0.88,53.75,216.0,2.281,0.4089,LOCK,3,looseness
5030,4224852,1228,53256.0,-0.0546,-0.1833,-0.9048,0.92479,999.15,1000.0,0.85,53.75,216.0,2.2815,0.4169,LOCK,3,looseness
5031,4224860,1236,53264.0,-0.0663,0.0039,-0.8502,0.85279,999.17,1000.0,0.83,53.75,216.0,2.2595,0.0835,LOCK,3,looseness
5032,4224869,1245,53273.0,-0.0702,-0.1053,-0.6591,0.67114,999.2,1000.0,0.8,53.75,216.0,2.2516,-0.0361,LOCK,3,looseness
5033,4224877,1253,53281.0,-0.0507,-0.0624,-0.9672,0.97054,999.22,1000.0,0.78,53.75,216.0,2.2637,0.1464,LOCK,3,looseness
5034,4224886,1262,53290.0,-0.0078,0.0,-0.7917,0.79174,999.23,1000.0,0.77,53.75,216.0,2.2651,0.1678,LOCK,3,looseness
5035,4224900,1276,53304.0,0.0117,0.0039,-0.741,0.7411,999.27,1000.0,0.73,53.75,216.0,2.2587,0.0707,LOCK,3,looseness
5036,4224908,1284,53312.0,-0.0858,0.0078,-0.8697,0.87396,999.3,1000.0,0.7,53.75,216.0,2.2673,0.202,LOCK,3,looseness
5037,4224917,1293,53321.0,-0.0234,-0.0624,-0.6474,0.65082,999.33,1000.0,0.67,53.75,216.0,2.2745,0.3112,LOCK,3,looseness
5038,4224925,1301,53329.0,-0.0195,-0.1404,-0.9009,0.91198,999.35,1000.0,0.65,53.75,216.0,2.2674,0.2029,LOCK,3,looseness
5039,4224949,1325,53353.0,-0.1287,-0.0156,-0.8268,0.8369,999.38,1000.0,0.62,53.75,216.0,2.2817,0.4196,LOCK,3,looseness
5040,4224957,1333,53361.0,0.0624,0.2301,-0.7644,0.80072,999.43,1000.0,0.57,53.75,216.0,2.2835,0.4465,LOCK,3,looseness
5041,4224966,1342,53370.0,-0.0858,-0.0546,-0.6474,0.65534,999.48,1000.0,0.52,53.75,216.0,2.2594,0.0823,LOCK,3,looseness
5042,4224974,1350,53378.0,-0.0858,-0.0546,-0.6474,0.65534,999.52,1000.0,0.48,53.75,216.0,2.2706,0.2511,LOCK,3,looseness
5043,4224983,1359,53387.0,0.0858,-0.2379,-0.858,0.8945,999.56,1000.0,0.44,53.75,216.0,2.267,0.1974,LOCK,3,looseness
5044,4224991,1367,53395.0,0.0039,-0.0741,-0.7488,0.75247,999.59,1000.0,0.41,53.75,216.0,2.2802,0.3964,LOCK,3,looseness
5045,4225002,1378,53406.0,-0.2301,-0.1833,-0.8775,0.9255,999.62,1000.0,0.38,53.75,216.0,2.275,0.318,LOCK,3,looseness
5046,4225015,1391,53419.0,0.0156,0.0195,-0.741,0.74142,999.65,1000.0,0.35,53.75,216.0,2.2841,0.4553,LOCK,3,looseness
5047,4225023,1399,53427.0,-0.078,0.0936,-0.6825,0.69329,999.71,1000.0,0.29,53.75,216.0,2.2606,0.0994,LOCK,3,looseness
5048,4225032,1408,53436.0,-0.0078,-0.0039,-0.858,0.85804,999.76,1000.0,0.24,53.75,216.0,2.264,0.151,LOCK,3,looseness
5049,4225040,1416,53444.0,0.0351,-0.1911,-0.7098,0.73591,999.8,1000.0,0.2,53.75,216.0,2.2559,0.0283,LOCK,3,looseness
5050,4225049,1425,53453.0,-0.0429,-0.0663,-0.9555,0.95876,999.84,1000.0,0.16,53.75,216.0,2.2802,0.397,LOCK,3,looseness
5051,4225057,1433,53461.0,-0.0429,-0.0663,-0.9555,0.95876,999.88,1000.0,0.12,53.75,216.0,2.2836,0.4492,LOCK,3,looseness
5052,4225066,1442,53470.0,-0.0819,-0.1677,-0.7995,0.82099,999.91,1000.0,0.09,53.75,216.0,2.261,0.1067,LOCK,3,looseness
5053,4225074,1450,53478.0,0.0156,-0.0351,-0.6981,0.69916,999.96,1000.0,0.04,53.75,216.0,2.2593,0.0802,LOCK,3,looseness
5054,4225083,1459,53487.0,-0.1521,0.1989,-0.7566,0.79696,1000.01,1000.0,-0.01,53.75,216.0,2.2654,0.1721,LOCK,3,looseness
5055,4225091,1467,53495.0,-0.0117,0.1014,-0.6123,0.62075,1000.05,1000.0,-0.05,53.75,216.0,2.2695,0.2346,LOCK,3,looseness
5056,4225102,1478,53506.0,-0.0195,-0.1443,-0.9477,0.95882,1000.09,1000.0,-0.09,53.75,216.0,2.2675,0.2041,LOCK,3,looseness
5057,4225111,1487,53515.0,-0.0234,-0.0663,-0.8112,0.81424,1000.12,1000.0,-0.12,53.75,216.0,2.2785,0.3708,LOCK,3,looseness
5058,4225119,1495,53523.0,-0.2106,-0.0975,-0.8112,0.84374,1000.15,1000.0,-0.15,53.75,216.0,2.2676,0.2059,LOCK,3,looseness
5059,4225128,1504,53532.0,-0.2106,-0.0975,-0.8112,0.84374,1000.18,1000.0,-0.18,53.75,216.0,2.2593,0.0805,LOCK,3,looseness
5060,4225136,1512,53540.0,-0.1521,-0.0468,-0.8151,0.83049,1000.23,1000.0,-0.23,53.75,216.0,2.2732,0.2905,LOCK,3,looseness
5061,4225145,1521,53549.0,0.0195,-0.1911,-0.6279,0.65663,1000.28,1000.0,-0.28,53.75,216.0,2.2752,0.3213,LOCK,3,looseness
5062,4225153,1529,53557.0,-0.0117,0.1209,-0.8541,0.86269,1000.32,1000.0,-0.32,53.75,216.0,2.2787,0.3747,LOCK,3,looseness
5063,4225162,1538,53566.0,-0.0585,-0.0936,-0.8073,0.81481,1000.35,1000.0,-0.35,53.75,216.0,2.2825,0.4312,LOCK,3,looseness
5064,4225180,1556,53584.0,-0.1599,-0.0234,-0.6084,0.6295,1000.39,1000.0,-0.39,53.75,216.0,2.2411,-0.1955,LOCK,3,looseness
5065,4225189,1565,53593.0,-0.1638,0.0234,-0.9165,0.93132,1000.42,1000.0,-0.42,53.75,216.0,2.2788,0.3763,LOCK,3,looseness
5066,4225197,1573,53601.0,0.039,-0.0975,-0.7176,0.72524,1000.47,1000.0,-0.47,53.75,216.0,2.2768,0.3457,LOCK,3,looseness
5067,4225206,1582,53610.0,0.0351,-0.1872,-0.9633,0.98195,1000.52,1000.0,-0.52,53.75,216.0,2.2843,0.4587,LOCK,3,looseness
5068,4225219,1595,53623.0,0.0,-0.0429,-0.8073,0.80844,1000.57,1000.0,-0.57,53.75,216.0,2.2772,0.3522,LOCK,3,looseness
5069,4225228,1604,53632.0,-0.117,-0.117,-0.6903,0.70985,1000.61,1000.0,-0.61,53.75,216.0,2.2702,0.2456,LOCK,3,looseness
5070,4225236,1612,53640.0,-0.1053,-0.0858,-0.8658,0.87639,1000.65,1000.0,-0.65,53.75,216.0,2.2605,0.0988,LOCK,3,looseness
5071,4225245,1621,53649.0,-0.0273,0.0624,-0.6591,0.66261,1000.68,1000.0,-0.68,53.75,216.0,2.2533,-0.0105,LOCK,3,looseness
5072,4225253,1629,53657.0,-0.1989,0.0039,-0.8541,0.87696,1000.74,1000.0,-0.74,53.75,216.0,2.2566,0.0396,LOCK,3,looseness
5073,4225301,1677,53705.0,-0.0351,-0.2223,-0.8385,0.86818,1000.79,1000.0,-0.79,53.75,216.0,2.2797,0.3894,LOCK,3,looseness
5074,4225310,1686,53714.0,-0.0936,0.0351,-0.7605,0.76704,1000.84,1000.0,-0.84,53.75,216.0,2.2828,0.4367,LOCK,3,looseness
5075,4225318,1694,53722.0,0.0858,0.3315,-0.7371,0.81275,1000.9,1000.0,-0.9,53.75,216.0,2.2766,0.343,LOCK,3,looseness
5076,4225327,1703,53731.0,-0.0702,-0.1209,-0.6474,0.66232,1000.95,1000.0,-0.95,53.75,216.0,2.2829,0.4379,LOCK,3,looseness
5077,4225335,1711,53739.0,0.0234,-0.1287,-0.8892,0.89877,1001.01,1000.0,-1.01,53.75,216.0,2.271,0.2572,LOCK,3,looseness
5078,4225344,1720,53748.0,0.0234,-0.1287,-0.8892,0.89877,1001.05,1000.0,-1.05,53.75,216.0,2.2764,0.339,LOCK,3,looseness
5079,4225352,1728,53756.0,0.0039,-0.0117,-0.7683,0.7684,1001.09,1000.0,-1.09,53.75,216.0,2.2859,0.4837,LOCK,3,looseness
5080,4225361,1737,53765.0,-0.2925,-0.1833,-0.6591,0.74402,1001.13,1000.0,-1.13,53.75,216.0,2.2794,0.3845,LOCK,3,looseness
5081,4225370,1746,53774.0,-0.0468,0.0117,-0.8424,0.84378,1001.16,1000.0,-1.16,53.75,216.0,2.2642,0.154,LOCK,3,looseness
5082,4225378,1754,53782.0,-0.1326,0.156,-0.6864,0.71628,1001.22,1000.0,-1.22,53.75,216.0,2.2683,0.2169,LOCK,3,looseness
5083,4225397,1773,53801.0,0.0039,-0.0819,-0.8034,0.80757,1001.27,1000.0,-1.27,53.75,216.0,2.2727,0.2838,LOCK,3,looseness
5084,4225405,1781,53809.0,0.0039,-0.0819,-0.8034,0.80757,1001.32,1000.0,-1.32,53.75,216.0,2.2826,0.434,LOCK,3,looseness
5085,4225419,1795,53823.0,-0.1326,-0.039,-0.9633,0.97317,1001.36,1000.0,-1.36,53.75,216.0,2.2739,0.3015,LOCK,3,looseness
5086,4225427,1803,53831.0,0.1209,-0.1092,-0.7839,0.80065,1001.4,1000.0,-1.4,53.75,216.0,2.2728,0.2844,LOCK,3,looseness
5087,4225436,1812,53840.0,0.1209,-0.1092,-0.7839,0.80065,1001.46,1000.0,-1.46,53.75,216.0,2.2743,0.3076,LOCK,3,looseness
5088,4225444,1820,53848.0,-0.1638,0.0351,-0.6981,0.71792,1001.51,1000.0,-1.51,53.75,216.0,2.2637,0.147,LOCK,3,looseness
5089,4225453,1829,53857.0,0.0741,0.1521,-0.8541,0.8707,1001.56,1000.0,-1.56,53.75,216.0,2.2739,0.3018,LOCK,3,looseness
5090,4225472,1848,53876.0,-0.2418,-0.0975,-0.6864,0.73425,1001.6,1000.0,-1.6,53.75,216.0,2.2574,0.0518,LOCK,3,looseness
5091,4225480,1856,53884.0,-0.0975,-0.0195,-0.936,0.94127,1001.64,1000.0,-1.64,53.75,216.0,2.2632,0.1391,LOCK,3,looseness
5092,4225489,1865,53893.0,-0.1443,-0.1755,-0.7995,0.83116,1001.68,1000.0,-1.68,53.75,216.0,2.2706,0.2514,LOCK,3,looseness
5093,4225497,1873,53901.0,-0.1443,-0.1755,-0.7995,0.83116,1001.74,1000.0,-1.74,53.75,216.0,2.2731,0.2899,LOCK,3,looseness
5094,4225512,1888,53916.0,0.0507,0.1365,-0.7254,0.73987,1001.8,1000.0,-1.8,53.75,216.0,2.248,-0.0914,LOCK,3,looseness
5095,4225520,1896,53924.0,-0.1677,-0.2145,-0.6669,0.72034,1001.86,1000.0,-1.86,53.75,216.0,2.2569,0.0435,LOCK,3,looseness
5096,4225529,1905,53933.0,-0.1677,-0.2145,-0.6669,0.72034,1001.9,1000.0,-1.9,53.75,216.0,2.276,0.3332,LOCK,3,looseness
5097,4225537,1913,53941.0,-0.0663,0.0702,-0.9009,0.90606,1001.95,1000.0,-1.95,53.75,216.0,2.2672,0.1995,LOCK,3,looseness
5098,4225562,1938,53966.0,0.1443,-0.1092,-0.8502,0.86925,1002.0,1000.0,-2.0,53.75,216.0,2.2749,0.317,LOCK,3,looseness
5099,4225571,1947,53975.0,-0.0858,-0.1326,-0.7059,0.72335,1002.05,1000.0,-2.05,53.75,216.0,2.2822,0.4278,LOCK,3,looseness
5100,4225580,1956,53984.0,-0.0858,-0.1326,-0.7059,0.72335,1002.09,1000.0,-2.09,53.75,216.0,2.2543,0.0051,LOCK,3,looseness
5101,4225588,1964,53992.0,-0.0117,0.0468,-0.8736,0.87493,1002.12,1000.0,-2.12,53.75,216.0,2.2504,-0.0544,LOCK,3,looseness
5102,4225597,1973,54001.0,0.0273,-0.1833,-0.7956,0.8169,1002.16,1000.0,-2.16,53.75,216.0,2.2627,0.1311,LOCK,3,looseness
5103,4225605,1981,54009.0,-0.078,0.0468,-0.7176,0.72334,1002.19,1000.0,-2.19,53.75,216.0,2.2764,0.3396,LOCK,3,looseness
5104,4225620,1996,54024.0,0.0,0.1482,-0.7839,0.79779,1002.25,1000.0,-2.25,53.75,216.0,2.2702,0.2453,LOCK,3,looseness
5105,4225628,2004,54032.0,-0.0741,-0.1248,-0.7527,0.76657,1002.31,1000.0,-2.31,53.75,216.0,2.2879,0.513,LOCK,3,looseness
5106,4225637,2013,54041.0,0.0936,0.0468,-0.9672,0.97284,1002.36,1000.0,-2.36,53.75,216.0,2.2771,0.3503,LOCK,3,looseness
5107,4225646,2022,54050.0,-0.0429,-0.0858,-0.7722,0.77814,1002.41,1000.0,-2.41,53.75,216.0,2.2866,0.4941,LOCK,3,looseness
5108,4225654,2030,54058.0,-0.2106,-0.0858,-0.6474,0.68618,1002.45,1000.0,-2.45,53.75,216.0,2.2828,0.4358,LOCK,3,looseness
5109,4225663,2039,54067.0,0.0273,0.039,-0.9477,0.94889,1002.49,1000.0,-2.49,53.75,216.0,2.2855,0.477,LOCK,3,looseness
5110,4225671,2047,54075.0,0.0273,0.039,-0.9477,0.94889,1002.54,1000.0,-2.54,53.75,216.0,2.2942,0.6095,LOCK,3,looseness
5111,4225680,2056,54084.0,-0.1014,0.0507,-0.6591,0.66878,1002.59,1000.0,-2.59,53.75,216.0,2.2565,0.038,LOCK,3,looseness
5112,4225688,2064,54092.0,-0.0663,0.0507,-0.7293,0.73406,1002.63,1000.0,-2.63,53.75,216.0,2.2669,0.1949,LOCK,3,looseness
5113,4225697,2073,54101.0,0.0468,-0.078,-0.7683,0.77367,1002.67,1000.0,-2.67,53.75,216.0,2.2581,0.0619,LOCK,3,looseness
5114,4225705,2081,54109.0,-0.078,-0.0468,-0.6357,0.64217,1002.71,1000.0,-2.71,53.75,216.0,2.2698,0.2401,LOCK,3,looseness
5115,4225724,2100,54128.0,-0.1599,-0.1014,-0.897,0.91677,1002.74,1000.0,-2.74,53.75,216.0,2.2807,0.4043,LOCK,3,looseness
5116,4225732,2108,54136.0,-0.0585,-0.078,-0.8034,0.80929,1002.79,1000.0,-2.79,53.75,216.0,2.2658,0.1782,LOCK,3,looseness
5117,4225741,2117,54145.0,-0.1911,0.1677,-0.6669,0.71372,1002.84,1000.0,-2.84,53.75,216.0,2.2626,0.1299,LOCK,3,looseness
5118,4225749,2125,54153.0,0.0234,0.0468,-0.8268,0.82845,1002.88,1000.0,-2.88,53.75,216.0,2.2534,-0.009,LOCK,3,looseness
5119,4225758,2134,54162.0,-0.0702,-0.3588,-0.702,0.7915,1002.92,1000.0,-2.92,53.75,216.0,2.2691,0.2294,LOCK,3,looseness
5120,4225766,2142,54170.0,0.0039,-0.0117,-0.9204,0.92048,1002.96,1000.0,-2.96,53.75,216.0,2.2788,0.3763,LOCK,3,looseness
5121,4225775,2151,54179.0,0.0039,-0.0117,-0.9204,0.92048,1002.99,1000.0,-2.99,53.75,216.0,2.28,0.3943,LOCK,3,looseness
5122,4225783,2159,54187.0,-0.1521,-0.1092,-0.78,0.80216,1003.02,1000.0,-3.02,53.75,216.0,2.238,-0.2422,LOCK,3,looseness
5123,4225792,2168,54196.0,0.0117,-0.078,-0.6474,0.65219,1003.06,1000.0,-3.06,53.75,216.0,2.2552,0.0182,LOCK,3,looseness
5124,4225810,2186,54214.0,0.0819,0.0039,-0.7449,0.7494,1003.1,1000.0,-3.1,53.75,216.0,2.2824,0.4309,LOCK,3,looseness
5125,4225824,2200,54228.0,0.0195,-0.0858,-0.858,0.8625,1003.14,1000.0,-3.14,53.75,216.0,2.2833,0.444,LOCK,3,looseness
5126,4225833,2209,54237.0,-0.0819,-0.0546,-0.8112,0.81715,1003.17,1000.0,-3.17,53.75,216.0,2.2776,0.3576,LOCK,3,looseness
5127,4225841,2217,54245.0,-0.273,-0.0351,-0.5811,0.64299,1003.2,1000.0,-3.2,53.75,216.0,2.2798,0.3906,LOCK,3,looseness
5128,4225850,2226,54254.0,-0.1053,0.0078,-0.9477,0.95356,1003.26,1000.0,-3.26,53.75,216.0,2.2478,-0.0941,LOCK,3,looseness
5129,4225858,2234,54262.0,-0.039,-0.3159,-0.7254,0.79216,1003.31,1000.0,-3.31,53.75,216.0,2.2537,-0.0041,LOCK,3,looseness
5130,4225867,2243,54271.0,-0.039,-0.3159,-0.7254,0.79216,1003.35,1000.0,-3.35,53.75,216.0,2.2645,0.1598,LOCK,3,looseness
5131,4225875,2251,54279.0,0.0156,0.1287,-0.6942,0.7062,1003.39,1000.0,-3.39,53.75,216.0,2.2738,0.2993,LOCK,3,looseness
5132,4225920,2296,54324.0,-0.0975,-0.0663,-0.7098,0.71953,1003.45,1000.0,-3.45,53.75,216.0,2.281,0.4098,LOCK,3,looseness
5133,4225929,2305,54333.0,-0.0975,-0.0663,-0.7098,0.71953,1003.49,1000.0,-3.49,53.75,216.0,2.282,0.4239,LOCK,3,looseness
5134,4225937,2313,54341.0,-0.0195,-0.0897,-0.9204,0.92497,1003.54,1000.0,-3.54,53.75,216.0,2.2462,-0.1189,LOCK,3,looseness
5135,4225946,2322,54350.0,-0.0234,-0.0819,-0.7605,0.76526,1003.57,1000.0,-3.57,53.75,216.0,2.2578,0.0579,LOCK,3,looseness
5136,4225954,2330,54358.0,-0.0702,-0.1911,-0.8775,0.90081,1003.61,1000.0,-3.61,53.75,216.0,2.2601,0.0921,LOCK,3,looseness
5137,4225963,2339,54367.0,0.0819,-0.0039,-0.7566,0.76103,1003.64,1000.0,-3.64,53.75,216.0,2.2652,0.1693,LOCK,3,looseness
5138,4225971,2347,54375.0,-0.0624,0.1521,-0.5889,0.61142,1003.69,1000.0,-3.69,53.75,216.0,2.276,0.3335,LOCK,3,looseness
5139,4225980,2356,54384.0,-0.0624,0.1521,-0.5889,0.61142,1003.73,1000.0,-3.73,53.75,216.0,2.2799,0.3924,LOCK,3,looseness
5140,4225998,2374,54402.0,0.0741,-0.1092,-0.7917,0.80262,1003.77,1000.0,-3.77,53.75,216.0,2.2487,-0.0801,LOCK,3,looseness
5141,4226007,2383,54411.0,-0.1404,-0.0234,-0.819,0.83128,1003.81,1000.0,-3.81,53.75,216.0,2.2633,0.1412,LOCK,3,looseness
5142,4226015,2391,54419.0,-0.2184,-0.0351,-0.7878,0.81827,1003.84,1000.0,-3.84,53.75,216.0,2.2753,0.3228,LOCK,3,looseness
5143,4226030,2406,54434.0,-0.0312,-0.1014,-0.6279,0.6368,1003.87,1000.0,-3.87,53.75,216.0,2.2784,0.3695,LOCK,3,looseness
5144,4226038,2414,54442.0,-0.0039,0.0741,-0.8853,0.8884,1003.92,1000.0,-3.92,53.75,216.0,2.2533,-0.0111,LOCK,3,looseness
5145,4226047,2423,54451.0,-0.0234,-0.0819,-0.7995,0.80402,1003.96,1000.0,-3.96,53.75,216.0,2.2607,0.1009,LOCK,3,looseness
5146,4226055,2431,54459.0,0.0039,-0.0819,-0.7137,0.71839,1003.99,1000.0,-3.99,53.75,216.0,2.2667,0.1925,LOCK,3,looseness
5147,4226063,2439,54467.0,-0.0078,-0.0039,-0.8346,0.83465,1004.02,1000.0,-4.02,53.75,216.0,2.2592,0.0789,LOCK,3,looseness
5148,4226072,2448,54476.0,-0.0078,-0.0039,-0.8346,0.83465,1004.05,1000.0,-4.05,53.75,216.0,2.2718,0.2697,LOCK,3,looseness
5149,4226080,2456,54484.0,-0.1248,-0.1482,-0.7215,0.74706,1004.08,1000.0,-4.08,53.75,216.0,2.2784,0.3695,LOCK,3,looseness
5150,4226089,2465,54493.0,-0.1365,-0.0234,-0.8736,0.88451,1004.14,1000.0,-4.14,53.75,216.0,2.2767,0.3445,LOCK,3,looseness
5151,4226108,2484,54512.0,0.0741,-0.0858,-0.6825,0.69185,1004.19,1000.0,-4.19,53.75,216.0,2.2712,0.2603,LOCK,3,looseness
5152,4226116,2492,54520.0,-0.039,-0.2613,-0.9438,0.98008,1004.24,1000.0,-4.24,53.75,216.0,2.2835,0.4471,LOCK,3,looseness
5153,4226125,2501,54529.0,-0.0234,0.0117,-0.7839,0.78434,1004.28,1000.0,-4.28,53.75,216.0,2.2791,0.3805,LOCK,3,looseness
5154,4226134,2510,54538.0,-0.0234,0.0117,-0.7839,0.78434,1004.32,1000.0,-4.32,53.75,216.0,2.2441,-0.1503,LOCK,3,looseness
5155,4226142,2518,54546.0,-0.2886,-0.1443,-0.6045,0.68522,1004.36,1000.0,-4.36,53.75,216.0,2.264,0.1513,LOCK,3,looseness
5156,4226150,2526,54554.0,-0.0351,0.0546,-0.8385,0.84101,1004.41,1000.0,-4.41,53.75,216.0,2.257,0.0454,LOCK,3,looseness
5157,4226159,2535,54563.0,0.0117,-0.0819,-0.7917,0.79601,1004.46,1000.0,-4.46,53.75,216.0,2.272,0.2725,LOCK,3,looseness
5158,4226178,2554,54582.0,0.0,-0.0663,-0.9516,0.95391,1004.5,1000.0,-4.5,53.75,216.0,2.2853,0.4749,LOCK,3,looseness
5159,4226186,2562,54590.0,-0.0546,-0.2847,-0.858,0.90565,1004.54,1000.0,-4.54,53.75,216.0,2.2659,0.18,LOCK,3,looseness
5160,4226195,2571,54599.0,-0.0546,-0.2847,-0.858,0.90565,1004.58,1000.0,-4.58,53.75,216.0,2.2633,0.1406,LOCK,3,looseness
5161,4226203,2579,54607.0,-0.1833,0.0468,-0.6786,0.70448,1004.61,1000.0,-4.61,53.75,216.0,2.2792,0.3811,LOCK,3,looseness
5162,4226212,2588,54616.0,-0.0312,0.0624,-0.7683,0.77146,1004.66,1000.0,-4.66,53.75,216.0,2.2834,0.4459,LOCK,3,looseness
5163,4226220,2596,54624.0,0.0858,-0.2886,-0.6357,0.7034,1004.71,1000.0,-4.71,53.75,216.0,2.2707,0.2529,LOCK,3,looseness
5164,4226234,2610,54638.0,0.0936,0.1599,-0.8307,0.85111,1004.75,1000.0,-4.75,53.75,216.0,2.2836,0.4483,LOCK,3,looseness
5165,4226243,2619,54647.0,-0.0507,-0.0078,-0.7956,0.79725,1004.79,1000.0,-4.79,53.75,216.0,2.2653,0.1714,LOCK,3,looseness
5166,4226251,2627,54655.0,-0.1404,-0.0702,-0.6942,0.71173,1004.82,1000.0,-4.82,53.75,216.0,2.2704,0.2487,LOCK,3,looseness
5167,4226260,2636,54664.0,-0.2769,0.0078,-0.9906,1.0286,1004.85,1000.0,-4.85,53.75,216.0,2.2559,0.0283,LOCK,3,looseness
5168,4226268,2644,54672.0,-0.0858,0.0273,-0.7137,0.71936,1004.91,1000.0,-4.91,53.75,216.0,2.2583,0.0652,LOCK,3,looseness
5169,4226277,2653,54681.0,-0.0858,0.0273,-0.7137,0.71936,1004.96,1000.0,-4.96,53.75,216.0,2.277,0.3491,LOCK,3,looseness
5170,4226285,2661,54689.0,-0.0975,-0.0078,-0.7137,0.72037,1005.0,1000.0,-5.0,53.75,216.0,2.2824,0.4297,LOCK,3,looseness
5171,4226294,2670,54698.0,0.0741,-0.078,-0.8775,0.88407,1005.04,1000.0,-5.04,53.75,216.0,2.2724,0.2783,LOCK,3,looseness
5172,4226302,2678,54706.0,-0.0273,0.0078,-0.7059,0.70647,1005.08,1000.0,-5.08,53.75,216.0,2.257,0.046,LOCK,3,looseness
5173,4226321,2697,54725.0,-0.0117,0.0156,-0.8385,0.83873,1005.11,1000.0,-5.11,53.75,216.0,2.2773,0.3537,LOCK,3,looseness
5174,4226330,2706,54734.0,-0.0195,0.0702,-0.663,0.66699,1005.15,1000.0,-5.15,53.75,216.0,2.2733,0.292,LOCK,3,looseness
5175,4226338,2714,54742.0,-0.0195,0.0702,-0.663,0.66699,1005.2,1000.0,-5.2,53.75,216.0,2.2789,0.3772,LOCK,3,looseness
5176,4226347,2723,54751.0,-0.0546,-0.0039,-0.9672,0.96875,1005.23,1000.0,-5.23,53.75,216.0,2.2599,0.0887,LOCK,3,looseness
5177,4226355,2731,54759.0,0.1365,-0.273,-0.7839,0.84123,1005.27,1000.0,-5.27,53.75,216.0,2.2645,0.1598,LOCK,3,looseness
5178,4226364,2740,54768.0,-0.0858,0.0234,-0.6474,0.65348,1005.3,1000.0,-5.3,53.75,216.0,2.2507,-0.0493,LOCK,3,looseness
5179,4226372,2748,54776.0,-0.195,-0.0117,-0.8424,0.86475,1005.32,1000.0,-5.32,53.75,216.0,2.2716,0.2664,LOCK,3,looseness
5180,4226381,2757,54785.0,-0.0273,-0.1833,-0.7917,0.8131,1005.35,1000.0,-5.35,53.75,216.0,2.2812,0.412,LOCK,3,looseness
5181,4226389,2765,54793.0,-0.0273,-0.1833,-0.7917,0.8131,1005.39,1000.0,-5.39,53.75,216.0,2.2798,0.3906,LOCK,3,looseness
5182,4226408,2784,54812.0,0.0624,0.039,-0.78,0.78346,1005.43,1000.0,-5.43,53.75,216.0,2.2547,0.0106,LOCK,3,looseness
5183,4226417,2793,54821.0,-0.0039,-0.0936,-0.6513,0.658,1005.46,1000.0,-5.46,53.75,216.0,2.2574,0.0512,LOCK,3,looseness
5184,4226425,2801,54829.0,-0.0195,-0.1209,-0.9204,0.92851,1005.49,1000.0,-5.49,53.75,216.0,2.2626,0.1296,LOCK,3,looseness
5185,4226439,2815,54843.0,-0.117,-0.1248,-0.7722,0.79092,1005.51,1000.0,-5.51,53.75,216.0,2.2805,0.4016,LOCK,3,looseness
5186,4226448,2824,54852.0,-0.2847,-0.0351,-0.702,0.75835,1005.54,1000.0,-5.54,53.75,216.0,2.2588,0.0735,LOCK,3,looseness
5187,4226456,2832,54860.0,-0.0195,0.234,-0.819,0.852,1005.56,1000.0,-5.56,53.75,216.0,2.2516,-0.0364,LOCK,3,looseness
5188,4226465,2841,54869.0,0.0702,-0.0741,-0.6747,0.68238,1005.58,1000.0,-5.58,53.75,216.0,2.2672,0.2001,LOCK,3,looseness
5189,4226473,2849,54877.0,-0.0546,-0.1794,-0.8307,0.8516,1005.6,1000.0,-5.6,53.75,216.0,2.2686,0.2212,LOCK,3,looseness
5190,4226536,2912,54940.0,-0.0078,-0.0936,-0.9477,0.95234,1005.61,1000.0,-5.61,53.75,216.0,2.2732,0.2908,LOCK,3,looseness
5191,4226544,2920,54948.0,-0.0741,-0.2106,-0.8346,0.86394,1005.62,1000.0,-5.62,53.75,216.0,2.2825,0.4318,LOCK,3,looseness
5192,4226553,2929,54957.0,-0.0741,-0.2106,-0.8346,0.86394,1005.63,1000.0,-5.63,53.75,216.0,2.2693,0.2319,LOCK,3,looseness
5193,4226561,2937,54965.0,-0.117,0.0624,-0.7059,0.71825,1005.64,1000.0,-5.64,53.75,216.0,2.27,0.2432,LOCK,3,looseness
5194,4226570,2946,54974.0,-0.0741,0.0117,-0.7761,0.77972,1005.62,1000.0,-5.62,53.75,216.0,2.2547,0.0106,LOCK,3,looseness
5195,4226578,2954,54982.0,0.0897,-0.0975,-0.7098,0.72206,1005.61,1000.0,-5.61,53.75,216.0,2.2686,0.2218,LOCK,3,looseness
5196,4226587,2963,54991.0,0.0039,0.1599,-0.8775,0.89196,1005.6,1000.0,-5.6,53.75,216.0,2.2842,0.4568,LOCK,3,looseness
5197,4226595,2971,54999.0,0.0039,0.1599,-0.8775,0.89196,1005.59,1000.0,-5.59,53.75,216.0,2.2761,0.3344,LOCK,3,looseness
5198,4226604,2980,55008.0,-0.0351,0.0273,-0.8112,0.81242,1005.58,1000.0,-5.58,53.75,216.0,2.2449,-0.1372,LOCK,3,looseness
5199,4226623,2999,55027.0,-0.195,-0.0312,-0.9009,0.92229,1005.57,1000.0,-5.57,53.75,216.0,2.2481,-0.0899,LOCK,3,looseness
5200,4226631,3007,55035.0,-0.0273,-0.0195,-0.7254,0.72618,1005.55,1000.0,-5.55,53.75,216.0,2.2706,0.2514,LOCK,3,looseness
5201,4226645,3021,55049.0,-0.0234,0.0039,-0.9555,0.95579,1005.52,1000.0,-5.52,53.75,216.0,2.2833,0.4437,LOCK,3,looseness
5202,4226653,3029,55057.0,0.1404,-0.0468,-0.7722,0.78625,1005.51,1000.0,-5.51,53.75,216.0,2.2564,0.0362,LOCK,3,looseness
5203,4226662,3038,55066.0,-0.1326,-0.0234,-0.6786,0.69183,1005.49,1000.0,-5.49,53.75,216.0,2.2616,0.1153,LOCK,3,looseness
5204,4226670,3046,55074.0,-0.0546,0.0546,-0.8073,0.81098,1005.47,1000.0,-5.47,53.75,216.0,2.2604,0.097,LOCK,3,looseness
5205,4226679,3055,55083.0,-0.0117,-0.1131,-0.6786,0.68806,1005.46,1000.0,-5.46,53.75,216.0,2.2643,0.1562,LOCK,3,looseness
5206,4226688,3064,55092.0,-0.0117,-0.1131,-0.6786,0.68806,1005.42,1000.0,-5.42,53.75,216.0,2.2767,0.3442,LOCK,3,looseness
5207,4226696,3072,55100.0,-0.1989,0.1404,-0.8424,0.87688,1005.38,1000.0,-5.38,53.75,216.0,2.281,0.4089,LOCK,3,looseness
5208,4226705,3081,55109.0,0.1014,-0.0663,-0.8268,0.83563,1005.34,1000.0,-5.34,53.75,216.0,2.2452,-0.1332,LOCK,3,looseness
5209,4226713,3089,55117.0,0.0078,-0.3198,-0.7293,0.79637,1005.31,1000.0,-5.31,53.75,216.0,2.2658,0.1794,LOCK,3,looseness
5210,4226722,3098,55126.0,-0.0117,-0.0039,-0.9009,0.90098,1005.28,1000.0,-5.28,53.75,216.0,2.264,0.151,LOCK,3,looseness
5211,4226741,3117,55145.0,-0.0429,0.0195,-0.6513,0.653,1005.26,1000.0,-5.26,53.75,216.0,2.2769,0.347,LOCK,3,looseness
5212,4226749,3125,55153.0,-0.0429,0.0195,-0.6513,0.653,1005.21,1000.0,-5.21,53.75,216.0,2.2666,0.1916,LOCK,3,looseness
5213,4226758,3134,55162.0,-0.2145,0.1092,-0.8346,0.86861,1005.16,1000.0,-5.16,53.75,216.0,2.2609,0.1046,LOCK,3,looseness
5214,4226766,3142,55170.0,0.0585,-0.1092,-0.7605,0.77052,1005.12,1000.0,-5.12,53.75,216.0,2.2688,0.2246,LOCK,3,looseness
5215,4226800,3176,55204.0,-0.0819,-0.0897,-0.7839,0.79325,1005.08,1000.0,-5.08,53.75,216.0,2.2763,0.3384,LOCK,3,looseness
5216,4226809,3185,55213.0,-0.1482,0.0429,-0.6552,0.67312,1005.0,1000.0,-5.0,53.75,216.0,2.2568,0.042,LOCK,3,looseness
5217,4226817,3193,55221.0,-0.0507,0.2925,-0.8424,0.89318,1004.93,1000.0,-4.93,53.75,216.0,2.2555,0.0231,LOCK,3,looseness
5218,4226826,3202,55230.0,0.0975,0.0039,-0.6981,0.70489,1004.87,1000.0,-4.87,53.75,216.0,2.2661,0.1833,LOCK,3,looseness
5219,4226834,3210,55238.0,-0.0819,-0.0351,-0.5889,0.5956,1004.81,1000.0,-4.81,53.75,216.0,2.2817,0.419,LOCK,3,looseness
5220,4226848,3224,55252.0,-0.0975,-0.0702,-0.9477,0.95529,1004.76,1000.0,-4.76,53.75,216.0,2.2803,0.3982,LOCK,3,looseness
5221,4226856,3232,55260.0,-0.0936,-0.2457,-0.7293,0.77525,1004.72,1000.0,-4.72,53.75,216.0,2.2568,0.0423,LOCK,3,looseness
5222,4226865,3241,55269.0,-0.0663,0.0741,-0.7878,0.79405,1004.63,1000.0,-4.63,53.75,216.0,2.2657,0.1772,LOCK,3,looseness
5223,4226873,3249,55277.0,0.039,-0.0546,-0.7722,0.77511,1004.55,1000.0,-4.55,53.75,216.0,2.2701,0.2444,LOCK,3,looseness
5224,4226882,3258,55286.0,0.039,-0.0546,-0.7722,0.77511,1004.47,1000.0,-4.47,53.75,216.0,2.2668,0.1934,LOCK,3,looseness
5225,4226891,3267,55295.0,-0.0507,0.0897,-0.6669,0.67481,1004.41,1000.0,-4.41,53.75,216.0,2.2846,0.463,LOCK,3,looseness
5226,4226899,3275,55303.0,-0.0078,-0.078,-0.9204,0.92373,1004.35,1000.0,-4.35,53.75,216.0,2.2852,0.4727,LOCK,3,looseness
5227,4226908,3284,55312.0,-0.0858,-0.0702,-0.8268,0.8342,1004.3,1000.0,-4.3,53.75,216.0,2.2569,0.0432,LOCK,3,looseness
5228,4226916,3292,55320.0,-0.2886,-0.0819,-0.6903,0.75267,1004.25,1000.0,-4.25,53.75,216.0,2.2698,0.2401,LOCK,3,looseness
5229,4226925,3301,55329.0,-0.1014,-0.1443,-0.9282,0.94481,1004.17,1000.0,-4.17,53.75,216.0,2.2762,0.3369,LOCK,3,looseness
5230,4226944,3320,55348.0,0.156,-0.0039,-0.7995,0.81459,1004.1,1000.0,-4.1,53.75,216.0,2.2763,0.3372,LOCK,3,looseness
5231,4226952,3328,55356.0,0.0624,0.0819,-0.7488,0.75585,1004.04,1000.0,-4.04,53.75,216.0,2.2784,0.3699,LOCK,3,looseness
5232,4226961,3337,55365.0,-0.0351,-0.039,-0.858,0.8596,1003.98,1000.0,-3.98,53.75,216.0,2.2533,-0.0105,LOCK,3,looseness
5233,4226969,3345,55373.0,-0.0195,0.0273,-0.8424,0.84307,1003.93,1000.0,-3.93,53.75,216.0,2.264,0.1522,LOCK,3,looseness
5234,4226978,3354,55382.0,-0.1716,-0.0351,-0.6786,0.70084,1003.88,1000.0,-3.88,53.75,216.0,2.2664,0.1882,LOCK,3,looseness
5235,4226986,3362,55390.0,-0.0741,0.0546,-0.9126,0.91723,1003.79,1000.0,-3.79,53.75,216.0,2.2681,0.2136,LOCK,3,looseness
5236,4226996,3372,55400.0,0.0273,-0.078,-0.8346,0.83868,1003.71,1000.0,-3.71,53.75,216.0,2.2843,0.459,LOCK,3,looseness
5237,4227004,3380,55408.0,0.0273,-0.078,-0.8346,0.83868,1003.64,1000.0,-3.64,53.75,216.0,2.2825,0.4318,LOCK,3,looseness
5238,4227013,3389,55417.0,-0.0117,0.0,-0.6435,0.64361,1003.57,1000.0,-3.57,53.75,216.0,2.2553,0.02,LOCK,3,looseness
5239,4227021,3397,55425.0,-0.0741,-0.0117,-0.819,0.82243,1003.51,1000.0,-3.51,53.75,216.0,2.259,0.0759,LOCK,3,looseness
5240,4227029,3405,55433.0,0.039,-0.0156,-0.7254,0.72662,1003.46,1000.0,-3.46,53.75,216.0,2.2402,-0.2092,LOCK,3,looseness
5241,4227053,3429,55457.0,0.0195,0.2535,-0.9126,0.94735,1003.38,1000.0,-3.38,53.75,216.0,2.2795,0.3863,LOCK,3,looseness
5242,4227062,3438,55466.0,0.1209,-0.1677,-0.8541,0.87876,1003.3,1000.0,-3.3,53.75,216.0,2.2596,0.0841,LOCK,3,looseness
5243,4227070,3446,55474.0,0.0117,-0.3237,-0.702,0.77313,1003.23,1000.0,-3.23,53.75,216.0,2.2679,0.2108,LOCK,3,looseness
5244,4227079,3455,55483.0,-0.0663,-0.0195,-0.897,0.89966,1003.17,1000.0,-3.17,53.75,216.0,2.254,-0.0001,LOCK,3,looseness
5245,4227087,3463,55491.0,-0.0663,-0.0195,-0.897,0.89966,1003.12,1000.0,-3.12,53.75,216.0,2.2634,0.1431,LOCK,3,looseness
5246,4227151,3527,55555.0,-0.0624,-0.1209,-0.7917,0.80331,1003.03,1000.0,-3.03,53.75,216.0,2.2834,0.4449,LOCK,3,looseness
5247,4227160,3536,55564.0,-0.0468,0.0585,-0.6942,0.69823,1002.94,1000.0,-2.94,53.75,216.0,2.2778,0.3607,LOCK,3,looseness
5248,4227168,3544,55572.0,-0.0468,0.0585,-0.6942,0.69823,1002.85,1000.0,-2.85,53.75,216.0,2.2592,0.0783,LOCK,3,looseness
5249,4227177,3553,55581.0,-0.1989,0.3276,-0.7839,0.87257,1002.76,1000.0,-2.76,53.75,216.0,2.2574,0.0509,LOCK,3,looseness
5250,4227185,3561,55589.0,0.0936,0.0429,-0.6903,0.69794,1002.68,1000.0,-2.68,53.75,216.0,2.2723,0.278,LOCK,3,looseness
5251,4227194,3570,55598.0,-0.0936,-0.0585,-0.5811,0.59149,1002.61,1000.0,-2.61,53.75,216.0,2.2635,0.1446,LOCK,3,looseness
5252,4227203,3579,55607.0,-0.0897,-0.0351,-0.9633,0.9681,1002.55,1000.0,-2.55,53.75,216.0,2.2762,0.3366,LOCK,3,looseness
5253,4227211,3587,55615.0,-0.0975,-0.1833,-0.8034,0.82979,1002.49,1000.0,-2.49,53.75,216.0,2.2791,0.3805,LOCK,3,looseness
5254,4227220,3596,55624.0,-0.0975,-0.1833,-0.8034,0.82979,1002.44,1000.0,-2.44,53.75,216.0,2.2553,0.02,LOCK,3,looseness
5255,4227238,3614,55642.0,0.0,-0.0507,-0.897,0.89843,1002.37,1000.0,-2.37,53.75,216.0,2.2577,0.0554,LOCK,3,looseness
5256,4227247,3623,55651.0,0.0351,0.0702,-0.6981,0.7025,1002.32,1000.0,-2.32,53.75,216.0,2.2742,0.3061,LOCK,3,looseness
5257,4227260,3636,55664.0,-0.0975,-0.0312,-0.6474,0.65544,1002.27,1000.0,-2.27,53.75,216.0,2.283,0.4388,LOCK,3,looseness
5258,4227269,3645,55673.0,-0.1209,0.0702,-0.9282,0.93867,1002.22,1000.0,-2.22,53.75,216.0,2.2449,-0.1372,LOCK,3,looseness
5259,4227277,3653,55681.0,-0.1443,-0.1638,-0.7254,0.75753,1002.18,1000.0,-2.18,53.75,216.0,2.2535,-0.0071,LOCK,3,looseness
5260,4227286,3662,55690.0,-0.1326,-0.1755,-0.8385,0.86687,1002.15,1000.0,-2.15,53.75,216.0,2.2628,0.1333,LOCK,3,looseness
5261,4227294,3670,55698.0,0.1599,-0.0741,-0.7683,0.78825,1002.11,1000.0,-2.11,53.75,216.0,2.2623,0.125,LOCK,3,looseness
5262,4227303,3679,55707.0,0.1599,-0.0741,-0.7683,0.78825,1002.08,1000.0,-2.08,53.75,216.0,2.2867,0.4959,LOCK,3,looseness
5263,4227311,3687,55715.0,0.0156,0.1794,-0.6513,0.67574,1002.06,1000.0,-2.06,53.75,216.0,2.2802,0.3964,LOCK,3,looseness
5264,4227320,3696,55724.0,-0.0195,-0.0273,-0.8385,0.83917,1002.03,1000.0,-2.03,53.75,216.0,2.2621,0.1226,LOCK,3,looseness
5265,4227338,3714,55742.0,-0.2613,0.0312,-0.8151,0.85653,1002.01,1000.0,-2.01,53.75,216.0,2.2368,-0.2602,LOCK,3,looseness
5266,4227347,3723,55751.0,-0.078,0.039,-0.7917,0.79649,1001.98,1000.0,-1.98,53.75,216.0,2.2807,0.405,LOCK,3,looseness
5267,4227355,3731,55759.0,-0.1014,-0.078,-0.7995,0.80967,1001.95,1000.0,-1.95,53.75,216.0,2.2725,0.2801,LOCK,3,looseness
5268,4227365,3741,55769.0,0.0702,0.0624,-0.9204,0.92518,1001.92,1000.0,-1.92,53.75,216.0,2.2792,0.3824,LOCK,3,looseness
5269,4227374,3750,55778.0,0.0702,0.0624,-0.9204,0.92518,1001.9,1000.0,-1.9,53.75,216.0,2.2522,-0.0267,LOCK,3,looseness
5270,4227382,3758,55786.0,-0.0078,-0.0273,-0.7644,0.76493,1001.88,1000.0,-1.88,53.75,216.0,2.2635,0.1434,LOCK,3,looseness
5271,4227391,3767,55795.0,-0.0702,-0.0858,-0.6903,0.69915,1001.86,1000.0,-1.86,53.75,216.0,2.2669,0.1962,LOCK,3,looseness
5272,4227400,3776,55804.0,0.0507,-0.0312,-0.9477,0.94957,1001.84,1000.0,-1.84,53.75,216.0,2.2813,0.4132,LOCK,3,looseness
5273,4227408,3784,55812.0,-0.1716,0.1794,-0.702,0.7446,1001.83,1000.0,-1.83,53.75,216.0,2.284,0.4544,LOCK,3,looseness
5274,4227417,3793,55821.0,-0.0624,-0.1326,-0.6513,0.66758,1001.83,1000.0,-1.83,53.75,216.0,2.2763,0.3378,LOCK,3,looseness
5275,4227426,3802,55830.0,-0.0624,-0.1326,-0.6513,0.66758,1001.82,1000.0,-1.82,53.75,216.0,2.2639,0.1495,LOCK,3,looseness
5276,4227434,3810,55838.0,0.1092,-0.2574,-0.9477,0.98809,1001.81,1000.0,-1.81,53.75,216.0,2.2524,-0.0236,LOCK,3,looseness
5277,4227443,3819,55847.0,0.0156,0.0195,-0.7878,0.7882,1001.81,1000.0,-1.81,53.75,216.0,2.2565,0.0377,LOCK,3,looseness
5278,4227452,3828,55856.0,-0.2379,-0.1521,-0.7059,0.76028,1001.8,1000.0,-1.8,53.75,216.0,2.2739,0.3021,LOCK,3,looseness
5279,4227465,3841,55869.0,-0.0156,0.0429,-0.8541,0.85532,1001.79,1000.0,-1.79,53.75,216.0,2.2836,0.4486,LOCK,3,looseness
5280,4227474,3850,55878.0,-0.0351,0.2613,-0.7566,0.80122,1001.78,1000.0,-1.78,53.75,216.0,2.2846,0.463,LOCK,3,looseness
5281,4227482,3858,55886.0,-0.0273,-0.117,-0.6903,0.70068,1001.77,1000.0,-1.77,53.75,216.0,2.2773,0.3528,LOCK,3,looseness
5282,4227491,3867,55895.0,0.0078,-0.1014,-0.8463,0.85239,1001.77,1000.0,-1.77,53.75,216.0,2.2802,0.397,LOCK,3,looseness
5283,4227499,3875,55903.0,-0.0273,-0.0585,-0.8385,0.84098,1001.76,1000.0,-1.76,53.75,216.0,2.2805,0.4022,LOCK,3,looseness
5284,4227508,3884,55912.0,-0.0273,-0.0585,-0.8385,0.84098,1001.75,1000.0,-1.75,53.75,216.0,2.2731,0.2899,LOCK,3,looseness
5285,4227516,3892,55920.0,-0.0858,-0.1482,-0.7683,0.78715,1001.75,1000.0,-1.75,53.75,216.0,2.2608,0.1025,LOCK,3,looseness
5286,4227525,3901,55929.0,-0.0897,-0.0234,-0.7527,0.75839,1001.74,1000.0,-1.74,53.75,216.0,2.2569,0.0432,LOCK,3,looseness
5287,4227533,3909,55937.0,-0.273,0.3315,-0.7215,0.83963,1001.74,1000.0,-1.74,53.75,216.0,2.2602,0.0945,LOCK,3,looseness
5288,4227552,3928,55956.0,-0.0975,0.0195,-0.5772,0.5857,1001.74,1000.0,-1.74,53.75,216.0,2.281,0.4095,LOCK,3,looseness
5289,4227561,3937,55965.0,-0.0273,-0.0468,-0.9633,0.96482,1001.74,1000.0,-1.74,53.75,216.0,2.277,0.3491,LOCK,3,looseness
5290,4227569,3945,55973.0,-0.0273,-0.0468,-0.9633,0.96482,1001.74,1000.0,-1.74,53.75,216.0,2.283,0.4398,LOCK,3,looseness
5291,4227578,3954,55982.0,-0.0858,-0.2223,-0.8346,0.86795,1001.74,1000.0,-1.74,53.75,216.0,2.2764,0.3393,LOCK,3,looseness
5292,4227586,3962,55990.0,-0.1716,-0.0039,-0.6903,0.71132,1001.75,1000.0,-1.75,53.75,216.0,2.2417,-0.186,LOCK,3,looseness
5293,4227595,3971,55999.0,-0.0702,0.0741,-0.8385,0.84469,1001.76,1000.0,-1.76,53.75,216.0,2.2585,0.0677,LOCK,3,looseness
5294,4227603,3979,56007.0,0.0624,0.1482,-0.6903,0.70878,1001.76,1000.0,-1.76,53.75,216.0,2.2586,0.0704,LOCK,3,looseness
5295,4227612,3988,56016.0,0.0195,-0.0819,-0.6786,0.6838,1001.77,1000.0,-1.77,53.75,216.0,2.2499,-0.0618,LOCK,3,looseness
5296,4227667,4043,56071.0,-0.0156,0.117,-0.9321,0.93954,1001.76,1000.0,-1.76,53.75,216.0,2.2819,0.423,LOCK,3,looseness
5297,4227675,4051,56079.0,0.0468,-0.0936,-0.8151,0.82179,1001.75,1000.0,-1.75,53.75,216.0,2.2785,0.3714,LOCK,3,looseness
5298,4227684,4060,56088.0,-0.1443,-0.0195,-0.6435,0.65977,1001.75,1000.0,-1.75,53.75,216.0,2.281,0.4086,LOCK,3,looseness
5299,4227692,4068,56096.0,-0.1443,-0.0195,-0.6435,0.65977,1001.74,1000.0,-1.74,53.75,216.0,2.2834,0.4456,LOCK,3,looseness
5300,4227701,4077,56105.0,-0.2574,0.0156,-0.858,0.89591,1001.74,1000.0,-1.74,53.75,216.0,2.2815,0.4166,LOCK,3,looseness
5301,4227709,4085,56113.0,-0.0819,-0.0273,-0.8229,0.82742,1001.73,1000.0,-1.73,53.75,216.0,2.2776,0.3576,LOCK,3,looseness
5302,4227718,4094,56122.0,0.0312,-0.0975,-0.7956,0.80216,1001.72,1000.0,-1.72,53.75,216.0,2.2775,0.3558,LOCK,3,looseness
5303,4227727,4103,56131.0,0.0117,0.0429,-0.6981,0.69951,1001.71,1000.0,-1.71,53.75,216.0,2.26,0.0905,LOCK,3,looseness
5304,4227735,4111,56139.0,-0.0156,-0.1053,-0.9555,0.96141,1001.7,1000.0,-1.7,53.75,216.0,2.2596,0.0854,LOCK,3,looseness
5305,4227744,4120,56148.0,-0.0156,-0.1053,-0.9555,0.96141,1001.69,1000.0,-1.69,53.75,216.0,2.2615,0.1141,LOCK,3,looseness
5306,4227762,4138,56166.0,-0.1326,-0.0468,-0.6396,0.65487,1001.69,1000.0,-1.69,53.75,216.0,2.2744,0.3094,LOCK,3,looseness
5307,4227771,4147,56175.0,-0.1716,0.1482,-0.8346,0.86485,1001.68,1000.0,-1.68,53.75,216.0,2.2754,0.3244,LOCK,3,looseness
5308,4227780,4156,56184.0,0.0546,-0.039,-0.7956,0.79842,1001.67,1000.0,-1.67,53.75,216.0,2.2814,0.4153,LOCK,3,looseness
5309,4227788,4164,56192.0,0.0585,-0.1872,-0.7059,0.73264,1001.67,1000.0,-1.67,53.75,216.0,2.2721,0.2743,LOCK,3,looseness
5310,4227797,4173,56201.0,-0.0663,0.0117,-0.8346,0.83731,1001.66,1000.0,-1.66,53.75,216.0,2.292,0.5753,LOCK,3,looseness
5311,4227805,4181,56209.0,-0.0663,0.0117,-0.8346,0.83731,1001.66,1000.0,-1.66,53.75,216.0,2.2775,0.3567,LOCK,3,looseness
5312,4227814,4190,56218.0,-0.1365,-0.1989,-0.8619,0.89502,1001.65,1000.0,-1.65,53.75,216.0,2.2732,0.2902,LOCK,3,looseness
5313,4227822,4198,56226.0,0.078,-0.0546,-0.6825,0.68911,1001.65,1000.0,-1.65,53.75,216.0,2.2809,0.4083,LOCK,3,looseness
5314,4227831,4207,56235.0,-0.3549,0.234,-0.6084,0.7422,1001.63,1000.0,-1.63,53.75,216.0,2.2601,0.0918,LOCK,3,looseness
5315,4227839,4215,56243.0,-0.0117,-0.117,-0.8541,0.86216,1001.62,1000.0,-1.62,53.75,216.0,2.264,0.1516,LOCK,3,looseness
5316,4227858,4234,56262.0,-0.0819,0.0273,-0.7215,0.72665,1001.6,1000.0,-1.6,53.75,216.0,2.2754,0.3247,LOCK,3,looseness
5317,4227872,4248,56276.0,-0.117,-0.0273,-0.8424,0.85092,1001.59,1000.0,-1.59,53.75,216.0,2.277,0.3491,LOCK,3,looseness
5318,4227881,4257,56285.0,0.0039,-0.0507,-0.7839,0.78555,1001.58,1000.0,-1.58,53.75,216.0,2.2857,0.4804,LOCK,3,looseness
5319,4227889,4265,56293.0,-0.234,0.3159,-0.6591,0.76744,1001.55,1000.0,-1.55,53.75,216.0,2.2863,0.4895,LOCK,3,looseness
5320,4227898,4274,56302.0,-0.0468,0.0312,-0.7917,0.7937,1001.53,1000.0,-1.53,53.75,216.0,2.2517,-0.0349,LOCK,3,looseness
5321,4227907,4283,56311.0,-0.0468,0.0312,-0.7917,0.7937,1001.5,1000.0,-1.5,53.75,216.0,2.2718,0.2697,LOCK,3,looseness
5322,4227915,4291,56319.0,0.0936,-0.1326,-0.6981,0.71672,1001.48,1000.0,-1.48,53.75,216.0,2.2636,0.1461,LOCK,3,looseness
5323,4227924,4300,56328.0,-0.0117,-0.0507,-0.9087,0.91019,1001.46,1000.0,-1.46,53.75,216.0,2.2629,0.1345,LOCK,3,looseness
5324,4227970,4346,56374.0,-0.078,-0.1482,-0.5967,0.61976,1001.42,1000.0,-1.42,53.75,216.0,2.2784,0.3699,LOCK,3,looseness
5325,4227979,4355,56383.0,-0.078,-0.1482,-0.5967,0.61976,1001.37,1000.0,-1.37,53.75,216.0,2.2872,0.5036,LOCK,3,looseness
5326,4227987,4363,56391.0,-0.039,0.0195,-0.8697,0.87079,1001.33,1000.0,-1.33,53.75,216.0,2.2728,0.285,LOCK,3,looseness
5327,4227996,4372,56400.0,-0.0663,-0.1599,-0.7605,0.77995,1001.3,1000.0,-1.3,53.75,216.0,2.2754,0.3244,LOCK,3,looseness
5328,4228004,4380,56408.0,-0.1131,-0.0234,-0.8853,0.8928,1001.24,1000.0,-1.24,53.75,216.0,2.281,0.4098,LOCK,3,looseness
5329,4228013,4389,56417.0,0.0468,-0.39,-0.7566,0.85249,1001.18,1000.0,-1.18,53.75,216.0,2.2804,0.4007,LOCK,3,looseness
5330,4228022,4398,56426.0,-0.0585,0.0819,-0.7527,0.7594,1001.14,1000.0,-1.14,53.75,216.0,2.2792,0.3824,LOCK,3,looseness
5331,4228030,4406,56434.0,-0.0585,0.0819,-0.7527,0.7594,1001.09,1000.0,-1.09,53.75,216.0,2.2791,0.3796,LOCK,3,looseness
5332,4228039,4415,56443.0,-0.0195,-0.0741,-0.8697,0.87307,1001.05,1000.0,-1.05,53.75,216.0,2.2522,-0.0279,LOCK,3,looseness
5333,4228057,4433,56461.0,-0.2457,0.0312,-0.9399,0.97198,1001.02,1000.0,-1.02,53.75,216.0,2.2625,0.1293,LOCK,3,looseness
5334,4228066,4442,56470.0,-0.0975,-0.0624,-0.7332,0.74228,1000.95,1000.0,-0.95,53.75,216.0,2.2723,0.2777,LOCK,3,looseness
5335,4228079,4455,56483.0,-0.1131,-0.2184,-0.546,0.59884,1000.89,1000.0,-0.89,53.75,216.0,2.2844,0.4611,LOCK,3,looseness
5336,4228088,4464,56492.0,-0.0078,0.1443,-0.8502,0.86239,1000.83,1000.0,-0.83,53.75,216.0,2.2798,0.3909,LOCK,3,looseness
5337,4228096,4472,56500.0,0.0195,-0.1794,-0.7878,0.8082,1000.78,1000.0,-0.78,53.75,216.0,2.2807,0.405,LOCK,3,looseness
5338,4228105,4481,56509.0,-0.1326,-0.0039,-0.8853,0.89518,1000.73,1000.0,-0.73,53.75,216.0,2.2757,0.3286,LOCK,3,looseness
5339,4228113,4489,56517.0,-0.2028,-0.0429,-0.8151,0.84104,1000.69,1000.0,-0.69,53.75,216.0,2.2816,0.4187,LOCK,3,looseness
5340,4228122,4498,56526.0,-0.2028,-0.0429,-0.8151,0.84104,1000.65,1000.0,-0.65,53.75,216.0,2.2704,0.2478,LOCK,3,looseness
5341,4228130,4506,56534.0,0.0039,0.0546,-0.5577,0.56038,1000.58,1000.0,-0.58,53.75,216.0,2.2914,0.567,LOCK,3,looseness
5342,4228139,4515,56543.0,-0.0468,-0.1053,-0.9594,0.9663,1000.52,1000.0,-0.52,53.75,216.0,2.2486,-0.0813,LOCK,3,looseness
5343,4228147,4523,56551.0,0.0156,0.0546,-0.8073,0.80929,1000.46,1000.0,-0.46,53.75,216.0,2.2607,0.1021,LOCK,3,looseness
5344,4228166,4542,56570.0,-0.0663,-0.2106,-0.9165,0.94272,1000.4,1000.0,-0.4,53.75,216.0,2.2764,0.339,LOCK,3,looseness
5345,4228176,4552,56580.0,0.0468,-0.0273,-0.7371,0.73909,1000.36,1000.0,-0.36,53.75,216.0,2.2812,0.412,LOCK,3,looseness
5346,4228184,4560,56588.0,0.0468,-0.0273,-0.7371,0.73909,1000.28,1000.0,-0.28,53.75,216.0,2.2826,0.434,LOCK,3,looseness
5347,4228193,4569,56597.0,-0.2379,0.0936,-0.6006,0.65275,1000.2,1000.0,-0.2,53.75,216.0,2.2723,0.2774,LOCK,3,looseness
5348,4228201,4577,56605.0,-0.0429,-0.0468,-0.9243,0.92648,1000.14,1000.0,-0.14,53.75,216.0,2.2468,-0.1088,LOCK,3,looseness
5349,4228210,4586,56614.0,0.1755,-0.117,-0.8034,0.83063,1000.08,1000.0,-0.08,53.75,216.0,2.2629,0.1354,LOCK,3,looseness
5350,4228218,4594,56622.0,-0.1092,0.0273,-0.741,0.7495,1000.03,1000.0,-0.03,53.75,216.0,2.2868,0.4968,LOCK,3,looseness
5351,4228227,4603,56631.0,-0.1404,-0.0117,-0.8736,0.88489,999.98,1000.0,0.02,53.75,216.0,2.2737,0.299,LOCK,3,looseness
5352,4228271,4647,56675.0,0.0975,-0.1989,-0.7605,0.7921,999.9,1000.0,0.1,53.75,216.0,2.2797,0.39,LOCK,3,looseness
5353,4228285,4661,56689.0,-0.0507,0.0429,-0.7254,0.72843,999.83,1000.0,0.17,53.75,216.0,2.2738,0.3003,LOCK,3,looseness
5354,4228293,4669,56697.0,-0.195,-0.1131,-0.9399,0.96655,999.76,1000.0,0.24,53.75,216.0,2.2769,0.3467,LOCK,3,looseness
5355,4228302,4678,56706.0,-0.0546,-0.117,-0.7761,0.78677,999.7,1000.0,0.3,53.75,216.0,2.2864,0.4916,LOCK,3,looseness
5356,4228311,4687,56715.0,-0.1677,0.156,-0.6708,0.70882,999.6,1000.0,0.4,53.75,216.0,2.2786,0.372,LOCK,3,looseness
5357,4228319,4695,56723.0,0.0117,0.0624,-0.8814,0.88368,999.52,1000.0,0.48,53.75,216.0,2.283,0.4391,LOCK,3,looseness
5358,4228328,4704,56732.0,0.0117,0.0624,-0.8814,0.88368,999.44,1000.0,0.56,53.75,216.0,2.2852,0.4721,LOCK,3,looseness
5359,4228336,4712,56740.0,0.0585,-0.3471,-0.7371,0.81683,999.36,1000.0,0.64,53.75,216.0,2.2829,0.4373,LOCK,3,looseness
5360,4228345,4721,56749.0,0.0117,-0.0468,-0.7761,0.7776,999.3,1000.0,0.7,53.75,216.0,2.2502,-0.0578,LOCK,3,looseness
5361,4228353,4729,56757.0,-0.1677,-0.0234,-0.8112,0.82868,999.24,1000.0,0.76,53.75,216.0,2.2723,0.278,LOCK,3,looseness
5362,4228362,4738,56766.0,0.0078,-0.156,-0.7722,0.78784,999.19,1000.0,0.81,53.75,216.0,2.2639,0.1498,LOCK,3,looseness
5363,4228370,4746,56774.0,-0.1482,-0.0546,-0.8814,0.89544,999.1,1000.0,0.9,53.75,216.0,2.2733,0.292,LOCK,3,looseness
5364,4228380,4756,56784.0,-0.0117,0.156,-0.7956,0.81083,999.02,1000.0,0.98,53.75,216.0,2.2726,0.2816,LOCK,3,looseness
5365,4228389,4765,56793.0,-0.0117,0.156,-0.7956,0.81083,998.95,1000.0,1.05,53.75,216.0,2.2852,0.473,LOCK,3,looseness
5366,4228397,4773,56801.0,-0.0234,-0.2184,-0.6318,0.66889,998.89,1000.0,1.11,53.75,216.0,2.2758,0.3302,LOCK,3,looseness
5367,4228406,4782,56810.0,-0.0546,0.0156,-0.9282,0.92994,998.83,1000.0,1.17,53.75,216.0,2.2773,0.3534,LOCK,3,looseness
5368,4228415,4791,56819.0,-0.0936,-0.0858,-0.7644,0.77487,998.78,1000.0,1.22,53.75,216.0,2.2705,0.2493,LOCK,3,looseness
5369,4228423,4799,56827.0,-0.2457,-0.0624,-0.7215,0.76474,998.73,1000.0,1.27,53.75,216.0,2.2787,0.3744,LOCK,3,looseness
5370,4228432,4808,56836.0,-0.0351,0.078,-0.9009,0.90495,998.66,1000.0,1.34,53.75,216.0,2.2751,0.3192,LOCK,3,looseness
5371,4228440,4816,56844.0,-0.0351,0.078,-0.9009,0.90495,998.59,1000.0,1.41,53.75,216.0,2.2746,0.3119,LOCK,3,looseness
5372,4228449,4825,56853.0,0.1326,0.0624,-0.7293,0.74388,998.53,1000.0,1.47,53.75,216.0,2.2708,0.2545,LOCK,3,looseness
5373,4228457,4833,56861.0,-0.0507,-0.1638,-0.6201,0.64337,998.47,1000.0,1.53,53.75,216.0,2.2592,0.0789,LOCK,3,looseness
5374,4228466,4842,56870.0,-0.0702,-0.1014,-1.0179,1.02534,998.42,1000.0,1.58,53.75,216.0,2.2591,0.0768,LOCK,3,looseness
5375,4228475,4851,56879.0,-0.1053,-0.1248,-0.7371,0.75497,998.38,1000.0,1.62,53.75,216.0,2.2632,0.14,LOCK,3,looseness
5376,4228489,4865,56893.0,-0.0663,-0.0234,-0.6825,0.68611,998.34,1000.0,1.66,53.75,216.0,2.2742,0.3064,LOCK,3,looseness
5377,4228497,4873,56901.0,-0.1599,-0.1326,-0.7917,0.8185,998.25,1000.0,1.75,53.75,216.0,2.2756,0.3274,LOCK,3,looseness
5378,4228506,4882,56910.0,-0.0117,0.1326,-0.8229,0.8336,998.17,1000.0,1.83,53.75,216.0,2.286,0.4843,LOCK,3,looseness
5379,4228514,4890,56918.0,0.1092,-0.1287,-0.7956,0.81331,998.1,1000.0,1.9,53.75,216.0,2.2416,-0.1878,LOCK,3,looseness
5380,4228523,4899,56927.0,0.1092,-0.1287,-0.7956,0.81331,998.04,1000.0,1.96,53.75,216.0,2.2859,0.4831,LOCK,3,looseness
5381,4228531,4907,56935.0,-0.1716,-0.156,-0.7254,0.76157,997.98,1000.0,2.02,53.75,216.0,2.279,0.379,LOCK,3,looseness
5382,4228578,4954,56982.0,-0.0351,0.1014,-0.7839,0.79121,997.9,1000.0,2.1,53.75,216.0,2.286,0.4846,LOCK,3,looseness
5383,4228587,4963,56991.0,-0.0039,-0.0624,-0.7605,0.76307,997.83,1000.0,2.17,53.75,216.0,2.2749,0.317,LOCK,3,looseness
5384,4228595,4971,56999.0,-0.1677,0.0234,-0.9126,0.92818,997.77,1000.0,2.23,53.75,216.0,2.2745,0.3109,LOCK,3,looseness
5385,4228604,4980,57008.0,-0.1677,0.0234,-0.9126,0.92818,997.72,1000.0,2.28,53.75,216.0,2.2773,0.3525,LOCK,3,looseness
5386,4228613,4989,57017.0,-0.1677,0.1677,-0.6786,0.71885,997.64,1000.0,2.36,53.75,216.0,2.2724,0.2783,LOCK,3,looseness
5387,4228621,4997,57025.0,-0.0156,-0.0936,-0.6552,0.66204,997.56,1000.0,2.44,53.75,216.0,2.271,0.2569,LOCK,3,looseness
5388,4228630,5006,57034.0,0.0702,0.0351,-0.9243,0.92763,997.5,1000.0,2.5,53.75,216.0,2.2751,0.3201,LOCK,3,looseness
5389,4228638,5014,57042.0,0.0546,-0.0156,-0.7917,0.79373,997.44,1000.0,2.56,53.75,216.0,2.2812,0.4126,LOCK,3,looseness
5390,4228647,5023,57051.0,-0.1014,-0.1833,-0.6942,0.72512,997.39,1000.0,2.61,53.75,216.0,2.2572,0.0484,LOCK,3,looseness
5391,4228655,5031,57059.0,-0.1014,-0.1833,-0.6942,0.72512,997.34,1000.0,2.66,53.75,216.0,2.2634,0.1427,LOCK,3,looseness
5392,4228664,5040,57068.0,-0.039,0.0936,-0.8112,0.81751,997.3,1000.0,2.7,53.75,216.0,2.2486,-0.0822,LOCK,3,looseness
5393,4228672,5048,57076.0,-0.1404,0.039,-0.5538,0.57265,997.24,1000.0,2.76,53.75,216.0,2.275,0.318,LOCK,3,looseness
5394,4228692,5068,57096.0,0.1443,-0.1404,-0.7995,0.82446,997.19,1000.0,2.81,53.75,216.0,2.2698,0.2395,LOCK,3,looseness
5395,4228700,5076,57104.0,-0.1326,-0.0546,-0.8229,0.8353,997.15,1000.0,2.85,53.75,216.0,2.2818,0.4211,LOCK,3,looseness
5396,4228709,5085,57113.0,-0.1053,-0.0195,-0.819,0.82597,997.11,1000.0,2.89,53.75,216.0,2.2774,0.3546,LOCK,3,looseness
5397,4228718,5094,57122.0,-0.1053,-0.0195,-0.819,0.82597,997.07,1000.0,2.93,53.75,216.0,2.2717,0.2685,LOCK,3,looseness
5398,4228726,5102,57130.0,-0.078,-0.1014,-0.7137,0.72507,997.02,1000.0,2.98,53.75,216.0,2.2862,0.4877,LOCK,3,looseness
5399,4228735,5111,57139.0,0.078,0.2418,-0.8346,0.87242,996.97,1000.0,3.03,53.75,216.0,2.2815,0.4159,LOCK,3,looseness
5400,4228743,5119,57147.0,0.0273,-0.0741,-0.702,0.70643,996.93,1000.0,3.07,53.75,216.0,2.2741,0.3051,LOCK,3,looseness
5401,4228752,5128,57156.0,0.0819,-0.0702,-0.7527,0.76039,996.89,1000.0,3.11,53.75,216.0,2.2556,0.0243,LOCK,3,looseness
5402,4228760,5136,57164.0,0.0,0.1443,-0.7917,0.80474,996.85,1000.0,3.15,53.75,216.0,2.2799,0.3927,LOCK,3,looseness
5403,4228769,5145,57173.0,0.0,0.1443,-0.7917,0.80474,996.82,1000.0,3.18,53.75,216.0,2.2491,-0.0746,LOCK,3,looseness
5404,4228777,5153,57181.0,-0.2223,-0.039,-0.7059,0.7411,996.79,1000.0,3.21,53.75,216.0,2.2803,0.3992,LOCK,3,looseness
5405,4228790,5166,57194.0,-0.0351,0.1248,-0.7371,0.74841,996.76,1000.0,3.24,53.75,216.0,2.2803,0.3989,LOCK,3,looseness
5406,4228799,5175,57203.0,-0.0351,0.1248,-0.7371,0.74841,996.73,1000.0,3.27,53.75,216.0,2.2704,0.2487,LOCK,3,looseness
5407,4228807,5183,57211.0,-0.0468,-0.0039,-0.9633,0.96444,996.7,1000.0,3.3,53.75,216.0,2.279,0.3787,LOCK,3,looseness
5408,4228816,5192,57220.0,0.0195,-0.39,-0.8034,0.89327,996.68,1000.0,3.32,53.75,216.0,2.2515,-0.0386,LOCK,3,looseness
5409,4228824,5200,57228.0,-0.0858,-0.0936,-0.6552,0.66739,996.66,1000.0,3.34,53.75,216.0,2.2639,0.1501,LOCK,3,looseness
5410,4228833,5209,57237.0,-0.1521,-0.0234,-0.8424,0.85634,996.64,1000.0,3.36,53.75,216.0,2.2813,0.4135,LOCK,3,looseness
5411,4228841,5217,57245.0,0.0234,-0.1404,-0.7605,0.77371,996.62,1000.0,3.38,53.75,216.0,2.2812,0.4126,LOCK,3,looseness
5412,4228885,5261,57289.0,-0.0975,-0.1326,-0.9126,0.92732,996.6,1000.0,3.4,53.75,216.0,2.2941,0.6076,LOCK,3,looseness
5413,4228899,5275,57303.0,-0.1014,-0.0312,-0.7644,0.77173,996.58,1000.0,3.42,53.75,216.0,2.2694,0.234,LOCK,3,looseness
5414,4228907,5283,57311.0,-0.234,0.0117,-0.7332,0.76972,996.56,1000.0,3.44,53.75,216.0,2.2694,0.234,LOCK,3,looseness
5415,4228916,5292,57320.0,-0.0741,0.0741,-0.8424,0.84889,996.54,1000.0,3.46,53.75,216.0,2.2817,0.419,LOCK,3,looseness
5416,4228925,5301,57329.0,0.0819,0.0585,-0.7176,0.72462,996.53,1000.0,3.47,53.75,216.0,2.2769,0.347,LOCK,3,looseness
5417,4228933,5309,57337.0,0.0819,0.0585,-0.7176,0.72462,996.51,1000.0,3.49,53.75,216.0,2.2775,0.3558,LOCK,3,looseness
5418,4228942,5318,57346.0,-0.0507,-0.117,-0.6201,0.63307,996.5,1000.0,3.5,53.75,216.0,2.2771,0.3497,LOCK,3,looseness
5419,4228950,5326,57354.0,-0.0663,-0.0702,-1.0218,1.02635,996.49,1000.0,3.51,53.75,216.0,2.2738,0.2993,LOCK,3,looseness
5420,4228959,5335,57363.0,-0.0897,-0.1443,-0.7683,0.78686,996.48,1000.0,3.52,53.75,216.0,2.258,0.0603,LOCK,3,looseness
5421,4228967,5343,57371.0,-0.0429,0.0546,-0.6162,0.6201,996.47,1000.0,3.53,53.75,216.0,2.2712,0.2603,LOCK,3,looseness
5422,4228976,5352,57380.0,-0.1443,-0.1755,-0.8736,0.90266,996.46,1000.0,3.54,53.75,216.0,2.2682,0.2151,LOCK,3,looseness
5423,4228984,5360,57388.0,-0.1443,-0.1755,-0.8736,0.90266,996.45,1000.0,3.55,53.75,216.0,2.2704,0.2487,LOCK,3,looseness
5424,4228994,5370,57398.0,-0.0078,0.0585,-0.7722,0.77445,996.44,1000.0,3.56,53.75,216.0,2.2856,0.4788,LOCK,3,looseness
5425,4229003,5379,57407.0,-0.0546,-0.0741,-0.6591,0.6655,996.43,1000.0,3.57,53.75,216.0,2.2845,0.4617,LOCK,3,looseness
5426,4229011,5387,57415.0,-0.0975,-0.1521,-1.0218,1.03765,996.43,1000.0,3.57,53.75,216.0,2.2857,0.4804,LOCK,3,looseness
5427,4229020,5396,57424.0,-0.0351,-0.0624,-0.7917,0.79493,996.42,1000.0,3.58,53.75,216.0,2.2793,0.3836,LOCK,3,looseness
5428,4229029,5405,57433.0,-0.2067,-0.0468,-0.5499,0.58933,996.42,1000.0,3.58,53.75,216.0,2.2785,0.3705,LOCK,3,looseness
5429,4229037,5413,57441.0,-0.0351,-0.1365,-0.7878,0.80031,996.42,1000.0,3.58,53.75,216.0,2.2846,0.4636,LOCK,3,looseness
5430,4229046,5422,57450.0,-0.0351,-0.1365,-0.7878,0.80031,996.42,1000.0,3.58,53.75,216.0,2.2735,0.2957,LOCK,3,looseness
5431,4229054,5430,57458.0,0.0546,0.0897,-0.7527,0.75999,996.42,1000.0,3.58,53.75,216.0,2.28,0.3934,LOCK,3,looseness
5432,4229063,5439,57467.0,-0.1287,0.0195,-0.6591,0.67183,996.41,1000.0,3.59,53.75,216.0,2.2593,0.0802,LOCK,3,looseness
5433,4229071,5447,57475.0,-0.0234,0.0546,-0.9165,0.91842,996.41,1000.0,3.59,53.75,216.0,2.2567,0.0402,LOCK,3,looseness
5434,4229080,5456,57484.0,-0.156,-0.0858,-0.8268,0.84575,996.41,1000.0,3.59,53.75,216.0,2.2619,0.1199,LOCK,3,looseness
5435,4229088,5464,57492.0,-0.0663,0.0585,-0.7644,0.7695,996.41,1000.0,3.59,53.75,216.0,2.2723,0.2768,LOCK,3,looseness
5436,4229102,5478,57506.0,-0.0312,0.078,-0.8619,0.86598,996.41,1000.0,3.59,53.75,216.0,2.2779,0.3622,LOCK,3,looseness
5437,4229111,5487,57515.0,0.0039,-0.0273,-0.702,0.70254,996.41,1000.0,3.59,53.75,216.0,2.2757,0.3289,LOCK,3,looseness
5438,4229119,5495,57523.0,0.0312,0.0546,-0.897,0.8992,996.41,1000.0,3.59,53.75,216.0,2.2742,0.3054,LOCK,3,looseness
5439,4229128,5504,57532.0,0.0312,0.0546,-0.897,0.8992,996.41,1000.0,3.59,53.75,216.0,2.2469,-0.1082,LOCK,3,looseness
5440,4229136,5512,57540.0,-0.0273,-0.0663,-0.7761,0.7794,996.41,1000.0,3.59,53.75,216.0,2.2854,0.4761,LOCK,3,looseness
5441,4229145,5521,57549.0,-0.1521,-0.0429,-0.6825,0.70056,996.41,1000.0,3.59,53.75,216.0,2.2778,0.3601,LOCK,3,looseness
5442,4229153,5529,57557.0,-0.0195,0.1053,-0.8307,0.83757,996.42,1000.0,3.58,53.75,216.0,2.2896,0.5387,LOCK,3,looseness
5443,4229193,5569,57597.0,-0.1092,-0.1287,-0.7605,0.779,996.43,1000.0,3.57,53.75,216.0,2.2831,0.4413,LOCK,3,looseness
5444,4229201,5577,57605.0,0.0195,-0.0546,-0.7956,0.79771,996.44,1000.0,3.56,53.75,216.0,2.273,0.2874,LOCK,3,looseness
5445,4229210,5586,57614.0,0.0195,-0.0546,-0.7956,0.79771,996.45,1000.0,3.55,53.75,216.0,2.2843,0.4587,LOCK,3,looseness
5446,4229218,5594,57622.0,-0.1599,0.156,-0.7371,0.77021,996.45,1000.0,3.55,53.75,216.0,2.2808,0.4065,LOCK,3,looseness
5447,4229227,5603,57631.0,-0.1131,-0.0858,-0.6591,0.67422,996.46,1000.0,3.54,53.75,216.0,2.2879,0.5136,LOCK,3,looseness
5448,4229235,5611,57639.0,0.0546,-0.0936,-0.8541,0.86095,996.47,1000.0,3.53,53.75,216.0,2.2794,0.3851,LOCK,3,looseness
5449,4229244,5620,57648.0,0.0,-0.0234,-0.8034,0.80374,996.48,1000.0,3.52,53.75,216.0,2.2768,0.3457,LOCK,3,looseness
5450,4229252,5628,57656.0,-0.1404,-0.1131,-0.7293,0.75125,996.48,1000.0,3.52,53.75,216.0,2.2818,0.4214,LOCK,3,looseness
5451,4229261,5637,57665.0,-0.1404,-0.1131,-0.7293,0.75125,996.49,1000.0,3.51,53.75,216.0,2.2594,0.0811,LOCK,3,looseness
5452,4229269,5645,57673.0,-0.1755,-0.0858,-0.6591,0.68744,996.5,1000.0,3.5,53.75,216.0,2.2582,0.0634,LOCK,3,looseness
5453,4229278,5654,57682.0,-0.039,0.2496,-0.8931,0.92814,996.52,1000.0,3.48,53.75,216.0,2.2703,0.2471,LOCK,3,looseness
5454,4229286,5662,57690.0,0.0663,-0.1248,-0.7215,0.73521,996.53,1000.0,3.47,53.75,216.0,2.2677,0.2075,LOCK,3,looseness
5455,4229308,5684,57712.0,0.0585,-0.0546,-0.9438,0.94719,996.54,1000.0,3.46,53.75,216.0,2.2756,0.3268,LOCK,3,looseness
5456,4229316,5692,57720.0,-0.1404,-0.0975,-0.7605,0.77947,996.55,1000.0,3.45,53.75,216.0,2.2843,0.459,LOCK,3,looseness
5457,4229325,5701,57729.0,0.0,-0.0078,-0.663,0.66305,996.56,1000.0,3.44,53.75,216.0,2.2781,0.3659,LOCK,3,looseness
5458,4229333,5709,57737.0,-0.1443,-0.0273,-0.7488,0.76307,996.57,1000.0,3.43,53.75,216.0,2.2829,0.4385,LOCK,3,looseness
5459,4229342,5718,57746.0,-0.1443,-0.0273,-0.7488,0.76307,996.57,1000.0,3.43,53.75,216.0,2.2856,0.4794,LOCK,3,looseness
5460,4229351,5727,57755.0,0.0546,0.078,-0.8463,0.85164,996.58,1000.0,3.42,53.75,216.0,2.2815,0.4166,LOCK,3,looseness
5461,4229359,5735,57763.0,0.0897,0.0195,-0.7449,0.75053,996.58,1000.0,3.42,53.75,216.0,2.2753,0.3235,LOCK,3,looseness
5462,4229368,5744,57772.0,-0.039,-0.2691,-0.7566,0.80398,996.59,1000.0,3.41,53.75,216.0,2.2642,0.1543,LOCK,3,looseness
5463,4229376,5752,57780.0,-0.1131,-0.1014,-0.8931,0.90593,996.59,1000.0,3.41,53.75,216.0,2.2785,0.3714,LOCK,3,looseness
5464,4229384,5760,57788.0,-0.1131,-0.1014,-0.8931,0.90593,996.6,1000.0,3.4,53.75,216.0,2.2681,0.2136,LOCK,3,looseness
5465,4229393,5769,57797.0,-0.1326,0.1365,-0.8229,0.84462,996.62,1000.0,3.38,53.75,216.0,2.2703,0.2465,LOCK,3,looseness
5466,4229403,5779,57807.0,-0.0975,0.0117,-0.6708,0.67795,996.63,1000.0,3.37,53.75,216.0,2.2866,0.4938,LOCK,3,looseness
5467,4229411,5787,57815.0,0.0195,0.1092,-0.7839,0.79171,996.65,1000.0,3.35,53.75,216.0,2.2714,0.2639,LOCK,3,looseness
5468,4229420,5796,57824.0,-0.0546,0.0078,-0.8151,0.81696,996.66,1000.0,3.34,53.75,216.0,2.2668,0.1943,LOCK,3,looseness
5469,4229428,5804,57832.0,-0.0156,-0.0897,-0.7839,0.78917,996.68,1000.0,3.32,53.75,216.0,2.2779,0.3616,LOCK,3,looseness
5470,4229437,5813,57841.0,-0.2457,-0.0936,-0.8424,0.88248,996.69,1000.0,3.31,53.75,216.0,2.2563,0.0344,LOCK,3,looseness
5471,4229445,5821,57849.0,-0.2457,-0.0936,-0.8424,0.88248,996.7,1000.0,3.3,53.75,216.0,2.2769,0.3476,LOCK,3,looseness
5472,4229454,5830,57858.0,0.0039,0.0585,-0.8229,0.82499,996.72,1000.0,3.28,53.75,216.0,2.2789,0.3772,LOCK,3,looseness
5473,4229500,5876,57904.0,-0.1404,-0.0351,-0.7059,0.72058,996.74,1000.0,3.26,53.75,216.0,2.2715,0.2645,LOCK,3,looseness
5474,4229513,5889,57917.0,-0.156,-0.0936,-0.7644,0.78575,996.77,1000.0,3.23,53.75,216.0,2.2824,0.4306,LOCK,3,looseness
5475,4229522,5898,57926.0,0.0234,-0.0273,-0.7995,0.80031,996.81,1000.0,3.19,53.75,216.0,2.2842,0.4581,LOCK,3,looseness
5476,4229530,5906,57934.0,0.0741,0.0936,-0.7644,0.77367,996.83,1000.0,3.17,53.75,216.0,2.2794,0.3845,LOCK,3,looseness
5477,4229539,5915,57943.0,-0.0156,-0.0312,-0.7722,0.77299,996.86,1000.0,3.14,53.75,216.0,2.2672,0.1995,LOCK,3,looseness
5478,4229547,5923,57951.0,-0.0156,-0.0312,-0.7722,0.77299,996.88,1000.0,3.12,53.75,216.0,2.2886,0.5243,LOCK,3,looseness
5479,4229556,5932,57960.0,-0.0117,-0.0546,-0.8931,0.89484,996.91,1000.0,3.09,53.75,216.0,2.2807,0.4053,LOCK,3,looseness
5480,4229602,5978,58006.0,-0.1209,0.0078,-0.7137,0.72391,996.93,1000.0,3.07,53.75,216.0,2.2762,0.3366,LOCK,3,looseness
5481,4229611,5987,58015.0,-0.0819,0.039,-0.8229,0.82788,996.96,1000.0,3.04,53.75,216.0,2.2791,0.3799,LOCK,3,looseness
5482,4229619,5995,58023.0,-0.0819,0.039,-0.8229,0.82788,996.98,1000.0,3.02,53.75,216.0,2.2529,-0.016,LOCK,3,looseness
5483,4229628,6004,58032.0,-0.0351,-0.1053,-0.7176,0.72613,997.01,1000.0,2.99,53.75,216.0,2.2651,0.1678,LOCK,3,looseness
5484,4229636,6012,58040.0,-0.0741,0.1482,-0.7878,0.80504,997.05,1000.0,2.95,53.75,216.0,2.2461,-0.1201,LOCK,3,looseness
5485,4229645,6021,58049.0,-0.0468,-0.1443,-0.8619,0.87515,997.08,1000.0,2.92,53.75,216.0,2.2612,0.1092,LOCK,3,looseness
5486,4229658,6034,58062.0,-0.0117,-0.2886,-0.6942,0.75189,997.12,1000.0,2.88,53.75,216.0,2.2817,0.4202,LOCK,3,looseness
5487,4229667,6043,58071.0,0.0078,0.0702,-0.9048,0.90755,997.15,1000.0,2.85,53.75,216.0,2.2837,0.4498,LOCK,3,looseness
5488,4229675,6051,58079.0,-0.2418,-0.0858,-0.7566,0.79892,997.18,1000.0,2.82,53.75,216.0,2.267,0.1968,LOCK,3,looseness
5489,4229684,6060,58088.0,0.039,0.0429,-0.6825,0.68496,997.2,1000.0,2.8,53.75,216.0,2.2607,0.1009,LOCK,3,looseness
5490,4229692,6068,58096.0,-0.1131,0.1716,-0.8697,0.89365,997.23,1000.0,2.77,53.75,216.0,2.2516,-0.0367,LOCK,3,looseness
5491,4229701,6077,58105.0,-0.1131,0.1716,-0.8697,0.89365,997.26,1000.0,2.74,53.75,216.0,2.2724,0.2792,LOCK,3,looseness
5492,4229715,6091,58119.0,0.0429,-0.2145,-0.7176,0.7502,997.29,1000.0,2.71,53.75,216.0,2.2753,0.3235,LOCK,3,looseness
5493,4229723,6099,58127.0,-0.0312,-0.2457,-0.9711,1.00219,997.31,1000.0,2.69,53.75,216.0,2.2492,-0.0722,LOCK,3,looseness
5494,4229732,6108,58136.0,-0.0312,-0.2457,-0.9711,1.00219,997.34,1000.0,2.66,53.75,216.0,2.2515,-0.0383,LOCK,3,looseness
5495,4229740,6116,58144.0,-0.0507,-0.1326,-0.8034,0.81585,997.35,1000.0,2.65,53.75,216.0,2.2633,0.1403,LOCK,3,looseness
5496,4229749,6125,58153.0,-0.1599,0.0663,-0.6903,0.71167,997.4,1000.0,2.6,53.75,216.0,2.2686,0.2209,LOCK,3,looseness
5497,4229758,6134,58162.0,-0.2964,0.2886,-0.7917,0.89327,997.44,1000.0,2.56,53.75,216.0,2.2798,0.3903,LOCK,3,looseness
5498,4229767,6143,58171.0,0.0312,0.0273,-0.7566,0.75773,997.48,1000.0,2.52,53.75,216.0,2.279,0.3787,LOCK,3,looseness
5499,4229775,6151,58179.0,-0.1131,-0.2184,-0.6318,0.67798,997.51,1000.0,2.49,53.75,216.0,2.2562,0.0335,LOCK,3,looseness
5500,4229784,6160,58188.0,-0.1131,-0.2184,-0.6318,0.67798,997.54,1000.0,2.46,53.75,216.0,2.2735,0.2948,LOCK,3,looseness
5501,4229792,6168,58196.0,-0.0234,0.0234,-0.8814,0.88202,997.57,1000.0,2.43,53.75,216.0,2.277,0.3488,LOCK,3,looseness
5502,4229801,6177,58205.0,-0.0234,-0.2574,-0.7995,0.84024,997.6,1000.0,2.4,53.75,216.0,2.2808,0.4056,LOCK,3,looseness
5503,4229813,6189,58217.0,-0.1599,0.0156,-0.7605,0.77728,997.63,1000.0,2.37,53.75,216.0,2.2808,0.4065,LOCK,3,looseness
5504,4229822,6198,58226.0,-0.1521,0.078,-0.7488,0.76806,997.67,1000.0,2.33,53.75,216.0,2.2665,0.1888,LOCK,3,looseness
5505,4229830,6206,58234.0,-0.0741,0.0546,-0.5928,0.5999,997.7,1000.0,2.3,53.75,216.0,2.2581,0.0619,LOCK,3,looseness
5506,4229839,6215,58243.0,-0.0312,-0.0078,-0.8931,0.89368,997.73,1000.0,2.27,53.75,216.0,2.2636,0.1461,LOCK,3,looseness
5507,4229847,6223,58251.0,-0.0078,-0.0741,-0.78,0.78355,997.75,1000.0,2.25,53.75,216.0,2.2684,0.2184,LOCK,3,looseness
5508,4229856,6232,58260.0,-0.0078,-0.0741,-0.78,0.78355,997.78,1000.0,2.22,53.75,216.0,2.2642,0.154,LOCK,3,looseness
5509,4229867,6243,58271.0,0.0312,-0.0897,-0.819,0.82449,997.8,1000.0,2.2,53.75,216.0,2.2809,0.4074,LOCK,3,looseness
5510,4229876,6252,58280.0,0.0312,-0.0897,-0.819,0.82449,997.84,1000.0,2.16,53.75,216.0,2.2635,0.1443,LOCK,3,looseness
5511,4229884,6260,58288.0,-0.0702,-0.3276,-0.624,0.70826,997.87,1000.0,2.13,53.75,216.0,2.2692,0.2301,LOCK,3,looseness
5512,4229893,6269,58297.0,-0.0273,0.1716,-0.8541,0.8716,997.91,1000.0,2.09,53.75,216.0,2.2616,0.1159,LOCK,3,looseness
5513,4229901,6277,58305.0,0.0507,-0.0897,-0.8151,0.82159,997.94,1000.0,2.06,53.75,216.0,2.274,0.3033,LOCK,3,looseness
5514,4229920,6296,58324.0,-0.1131,0.0078,-0.9945,1.00094,997.97,1000.0,2.03,53.75,216.0,2.2843,0.4593,LOCK,3,looseness
5515,4229928,6304,58332.0,-0.0078,-0.0273,-0.6942,0.69478,997.99,1000.0,2.01,53.75,216.0,2.2644,0.1577,LOCK,3,looseness
5516,4229937,6313,58341.0,-0.0078,-0.0273,-0.6942,0.69478,998.04,1000.0,1.96,53.75,216.0,2.2617,0.1171,LOCK,3,looseness
5517,4229945,6321,58349.0,-0.0585,-0.0897,-0.6357,0.64466,998.08,1000.0,1.92,53.75,216.0,2.2687,0.2224,LOCK,3,looseness
5518,4229954,6330,58358.0,0.0156,0.039,-0.9048,0.90577,998.12,1000.0,1.88,53.75,216.0,2.2654,0.1724,LOCK,3,looseness
5519,4229963,6339,58367.0,-0.0429,-0.156,-0.7917,0.80806,998.15,1000.0,1.85,53.75,216.0,2.273,0.2884,LOCK,3,looseness
5520,4229972,6348,58376.0,-0.1287,0.0585,-0.6279,0.64362,998.18,1000.0,1.82,53.75,216.0,2.2846,0.4633,LOCK,3,looseness
5521,4229980,6356,58384.0,-0.1326,-0.0156,-0.9711,0.98024,998.21,1000.0,1.79,53.75,216.0,2.2753,0.3228,LOCK,3,looseness
5522,4229989,6365,58393.0,-0.1326,-0.0156,-0.9711,0.98024,998.23,1000.0,1.77,53.75,216.0,2.2613,0.1101,LOCK,3,looseness
5523,4229997,6373,58401.0,-0.0351,0.1404,-0.7878,0.80098,998.26,1000.0,1.74,53.75,216.0,2.2621,0.1229,LOCK,3,looseness
5524,4230011,6387,58415.0,0.1131,-0.1287,-0.9594,0.97458,998.29,1000.0,1.71,53.75,216.0,2.2693,0.2316,LOCK,3,looseness
5525,4230020,6396,58424.0,0.1131,-0.1287,-0.9594,0.97458,998.32,1000.0,1.68,53.75,216.0,2.284,0.4538,LOCK,3,looseness
5526,4230029,6405,58433.0,0.0078,0.0273,-0.7839,0.78441,998.34,1000.0,1.66,53.75,216.0,2.2556,0.0246,LOCK,3,looseness
5527,4230037,6413,58441.0,-0.1482,-0.1209,-0.6279,0.65638,998.36,1000.0,1.64,53.75,216.0,2.2622,0.1244,LOCK,3,looseness
5528,4230046,6422,58450.0,0.0195,0.0702,-0.8736,0.87663,998.38,1000.0,1.62,53.75,216.0,2.2707,0.2532,LOCK,3,looseness
5529,4230054,6430,58458.0,-0.0273,0.0429,-0.7605,0.7622,998.42,1000.0,1.58,53.75,216.0,2.249,-0.0764,LOCK,3,looseness
5530,4230065,6441,58469.0,-0.0156,0.0039,-0.8931,0.89324,998.45,1000.0,1.55,53.75,216.0,2.2827,0.4346,LOCK,3,looseness
5531,4230074,6450,58478.0,0.0819,-0.2106,-0.7449,0.77842,998.48,1000.0,1.52,53.75,216.0,2.2808,0.4068,LOCK,3,looseness
5532,4230082,6458,58486.0,-0.0585,-0.1287,-0.7995,0.8119,998.5,1000.0,1.5,53.75,216.0,2.2503,-0.0554,LOCK,3,looseness
5533,4230090,6466,58494.0,-0.0585,-0.1287,-0.7995,0.8119,998.53,1000.0,1.47,53.75,216.0,2.2677,0.2081,LOCK,3,looseness
5534,4230099,6475,58503.0,-0.1521,-0.0078,-0.7839,0.79856,998.55,1000.0,1.45,53.75,216.0,2.2646,0.1604,LOCK,3,looseness
5535,4230107,6483,58511.0,-0.1053,0.0078,-0.6747,0.68291,998.57,1000.0,1.43,53.75,216.0,2.2677,0.2081,LOCK,3,looseness
5536,4230125,6501,58529.0,0.0078,-0.0702,-0.6942,0.69778,998.59,1000.0,1.41,53.75,216.0,2.2837,0.4504,LOCK,3,looseness
5537,4230133,6509,58537.0,-0.0234,-0.1092,-0.9477,0.95426,998.61,1000.0,1.39,53.75,216.0,2.2508,-0.049,LOCK,3,looseness
5538,4230142,6518,58546.0,-0.0234,-0.1092,-0.9477,0.95426,998.63,1000.0,1.37,53.75,216.0,2.2529,-0.0163,LOCK,3,looseness
5539,4230150,6526,58554.0,0.0546,-0.0585,-0.7215,0.72592,998.65,1000.0,1.35,53.75,216.0,2.2553,0.0194,LOCK,3,looseness
5540,4230159,6535,58563.0,-0.1794,-0.2223,-0.7644,0.81603,998.67,1000.0,1.33,53.75,216.0,2.2456,-0.1274,LOCK,3,looseness
5541,4230168,6544,58572.0,-0.0195,0.0585,-0.8346,0.83687,998.68,1000.0,1.32,53.75,216.0,2.2831,0.441,LOCK,3,looseness
5542,4230177,6553,58581.0,-0.2067,0.0351,-0.6435,0.67679,998.7,1000.0,1.3,53.75,216.0,2.2782,0.3665,LOCK,3,looseness
5543,4230185,6561,58589.0,0.0156,-0.0234,-0.8814,0.88185,998.72,1000.0,1.28,53.75,216.0,2.2523,-0.0258,LOCK,3,looseness
5544,4230194,6570,58598.0,0.0156,-0.0234,-0.8814,0.88185,998.73,1000.0,1.27,53.75,216.0,2.2774,0.3543,LOCK,3,looseness
5545,4230202,6578,58606.0,0.1131,-0.1131,-0.7371,0.75425,998.74,1000.0,1.26,53.75,216.0,2.2669,0.1956,LOCK,3,looseness
5546,4230211,6587,58615.0,-0.0858,-0.0156,-0.6942,0.69966,998.76,1000.0,1.24,53.75,216.0,2.2732,0.2902,LOCK,3,looseness
5547,4230223,6599,58627.0,-0.0429,-0.039,-0.8502,0.85217,998.77,1000.0,1.23,53.75,216.0,2.2691,0.2288,LOCK,3,looseness
5548,4230232,6608,58636.0,-0.0975,-0.1248,-0.7059,0.72345,998.77,1000.0,1.23,53.75,216.0,2.281,0.4098,LOCK,3,looseness
5549,4230240,6616,58644.0,-0.1326,0.0156,-0.7956,0.80673,998.78,1000.0,1.22,53.75,216.0,2.2435,-0.1598,LOCK,3,looseness
5550,4230249,6625,58653.0,-0.0078,0.1404,-0.7449,0.75806,998.78,1000.0,1.22,53.75,216.0,2.2753,0.3222,LOCK,3,looseness
5551,4230257,6633,58661.0,-0.039,-0.0351,-0.6201,0.62232,998.79,1000.0,1.21,53.75,216.0,2.2622,0.1238,LOCK,3,looseness
5552,4230266,6642,58670.0,-0.039,-0.0351,-0.6201,0.62232,998.79,1000.0,1.21,53.75,216.0,2.2708,0.2545,LOCK,3,looseness
5553,4230274,6650,58678.0,-0.0624,-0.0585,-0.9594,0.96321,998.8,1000.0,1.2,53.75,216.0,2.2754,0.3247,LOCK,3,looseness
5554,4230283,6659,58687.0,-0.1482,-0.117,-0.7254,0.74957,998.8,1000.0,1.2,53.75,216.0,2.2736,0.2969,LOCK,3,looseness
5555,4230291,6667,58695.0,-0.0351,-0.0507,-0.9165,0.91857,998.81,1000.0,1.19,53.75,216.0,2.2542,0.0023,LOCK,3,looseness
5556,4230300,6676,58704.0,-0.0468,-0.1911,-0.7254,0.75161,998.81,1000.0,1.19,53.75,216.0,2.2661,0.1833,LOCK,3,looseness
5557,4230308,6684,58712.0,-0.078,0.1872,-0.6162,0.64871,998.82,1000.0,1.18,53.75,216.0,2.263,0.1363,LOCK,3,looseness
5558,4230317,6693,58721.0,-0.078,0.1872,-0.6162,0.64871,998.82,1000.0,1.18,53.75,216.0,2.2711,0.2584,LOCK,3,looseness
5559,4230330,6706,58734.0,-0.1638,0.0702,-0.6708,0.69407,998.83,1000.0,1.17,53.75,216.0,2.2697,0.2377,LOCK,3,looseness
5560,4230339,6715,58743.0,-0.0936,-0.039,-1.0023,1.00742,998.83,1000.0,1.17,53.75,216.0,2.2488,-0.0795,LOCK,3,looseness
5561,4230347,6723,58751.0,-0.0936,-0.039,-1.0023,1.00742,998.83,1000.0,1.17,53.75,216.0,2.261,0.1064,LOCK,3,looseness
5562,4230356,6732,58760.0,-0.0429,-0.1014,-0.7332,0.74142,998.82,1000.0,1.18,53.75,216.0,2.2637,0.1476,LOCK,3,looseness
5563,4230364,6740,58768.0,-0.0429,-0.1248,-0.8541,0.86424,998.82,1000.0,1.18,53.75,216.0,2.2611,0.1073,LOCK,3,looseness
5564,4230374,6750,58778.0,-0.0039,0.0,-0.8619,0.86191,998.81,1000.0,1.19,53.75,216.0,2.2793,0.383,LOCK,3,looseness
5565,4230382,6758,58786.0,-0.0234,-0.0975,-0.6786,0.68597,998.8,1000.0,1.2,53.75,216.0,2.279,0.3781,LOCK,3,looseness
5566,4230391,6767,58795.0,-0.0741,-0.0234,-0.9321,0.93533,998.79,1000.0,1.21,53.75,216.0,2.2454,-0.1301,LOCK,3,looseness
5567,4230399,6775,58803.0,-0.0741,-0.0234,-0.9321,0.93533,998.79,1000.0,1.21,53.75,216.0,2.2761,0.3348,LOCK,3,looseness
5568,4230408,6784,58812.0,-0.0546,0.0195,-0.7293,0.7316,998.78,1000.0,1.22,53.75,216.0,2.2639,0.1498,LOCK,3,looseness
5569,4230416,6792,58820.0,-0.1872,0.0429,-0.7956,0.81845,998.78,1000.0,1.22,53.75,216.0,2.2801,0.3958,LOCK,3,looseness
5570,4230429,6805,58833.0,-0.0429,-0.0858,-0.7917,0.79749,998.77,1000.0,1.23,53.75,216.0,2.2869,0.4987,LOCK,3,looseness
5571,4230437,6813,58841.0,-0.0039,-0.0039,-0.7254,0.72542,998.76,1000.0,1.24,53.75,216.0,2.2815,0.4162,LOCK,3,looseness
5572,4230446,6822,58850.0,0.0078,-0.0819,-0.8424,0.84641,998.76,1000.0,1.24,53.75,216.0,2.2753,0.3228,LOCK,3,looseness
5573,4230454,6830,58858.0,-0.0819,-0.117,-0.6825,0.69728,998.75,1000.0,1.25,53.75,216.0,2.2653,0.1714,LOCK,3,looseness
5574,4230463,6839,58867.0,-0.0117,0.0741,-0.9321,0.93511,998.75,1000.0,1.25,53.75,216.0,2.2527,-0.0203,LOCK,3,looseness
5575,4230472,6848,58876.0,0.1443,0.1677,-0.6981,0.73232,998.73,1000.0,1.27,53.75,216.0,2.2907,0.5558,LOCK,3,looseness
5576,4230481,6857,58885.0,0.1443,0.1677,-0.6981,0.73232,998.71,1000.0,1.29,53.75,216.0,2.2749,0.3164,LOCK,3,looseness
5577,4230489,6865,58893.0,-0.0117,-0.1326,-0.8385,0.849,998.69,1000.0,1.31,53.75,216.0,2.247,-0.1063,LOCK,3,looseness
5578,4230498,6874,58902.0,0.0897,-0.1638,-0.7527,0.77552,998.68,1000.0,1.32,53.75,216.0,2.2678,0.2096,LOCK,3,looseness
5579,4230506,6882,58910.0,-0.0858,-0.0039,-0.6981,0.70336,998.67,1000.0,1.33,53.75,216.0,2.2691,0.2288,LOCK,3,looseness
5580,4230514,6890,58918.0,-0.2106,-0.2379,-0.9321,0.98476,998.65,1000.0,1.35,53.75,216.0,2.2743,0.307,LOCK,3,looseness
5581,4230534,6910,58938.0,-0.0897,0.1911,-0.5772,0.61459,998.64,1000.0,1.36,53.75,216.0,2.2793,0.3836,LOCK,3,looseness
5582,4230543,6919,58947.0,-0.0897,0.1911,-0.5772,0.61459,998.62,1000.0,1.38,53.75,216.0,2.251,-0.0459,LOCK,3,looseness
5583,4230551,6927,58955.0,0.0,-0.0156,-0.8775,0.87764,998.6,1000.0,1.4,53.75,216.0,2.2627,0.1318,LOCK,3,looseness
5584,4230560,6936,58964.0,0.078,-0.1365,-0.6981,0.71558,998.58,1000.0,1.42,53.75,216.0,2.2597,0.0863,LOCK,3,looseness
5585,4230568,6944,58972.0,-0.0078,0.0351,-0.8658,0.86655,998.57,1000.0,1.43,53.75,216.0,2.2695,0.2355,LOCK,3,looseness
5586,4230579,6955,58983.0,-0.1014,-0.1131,-0.78,0.79465,998.55,1000.0,1.45,53.75,216.0,2.278,0.3644,LOCK,3,looseness
5587,4230587,6963,58991.0,-0.0819,-0.0663,-0.7605,0.76777,998.54,1000.0,1.46,53.75,216.0,2.279,0.3781,LOCK,3,looseness
5588,4230596,6972,59000.0,-0.0468,0.1209,-0.7527,0.76378,998.52,1000.0,1.48,53.75,216.0,2.2624,0.1266,LOCK,3,looseness
5589,4230604,6980,59008.0,-0.0468,0.1209,-0.7527,0.76378,998.5,1000.0,1.5,53.75,216.0,2.2589,0.075,LOCK,3,looseness
5590,4230613,6989,59017.0,-0.0897,0.0663,-0.6045,0.6147,998.48,1000.0,1.52,53.75,216.0,2.263,0.1366,LOCK,3,looseness
5591,4230621,6997,59025.0,0.0156,0.0,-0.7722,0.77236,998.47,1000.0,1.53,53.75,216.0,2.2708,0.2542,LOCK,3,looseness
5592,4230634,7010,59038.0,-0.1014,-0.0312,-0.6864,0.69455,998.45,1000.0,1.55,53.75,216.0,2.2765,0.3415,LOCK,3,looseness
5593,4230643,7019,59047.0,-0.0741,-0.0663,-0.8229,0.82889,998.44,1000.0,1.56,53.75,216.0,2.2749,0.3173,LOCK,3,looseness
5594,4230651,7027,59055.0,-0.1287,-0.1287,-0.702,0.72521,998.42,1000.0,1.58,53.75,216.0,2.2678,0.2084,LOCK,3,looseness
5595,4230660,7036,59064.0,-0.0975,0.117,-0.8268,0.84071,998.4,1000.0,1.6,53.75,216.0,2.2384,-0.2358,LOCK,3,looseness
5596,4230668,7044,59072.0,0.078,0.0507,-0.7098,0.71587,998.38,1000.0,1.62,53.75,216.0,2.263,0.1366,LOCK,3,looseness
5597,4230677,7053,59081.0,-0.0312,-0.2769,-0.9399,0.98034,998.37,1000.0,1.63,53.75,216.0,2.2816,0.4175,LOCK,3,looseness
5598,4230686,7062,59090.0,-0.0312,-0.2769,-0.9399,0.98034,998.35,1000.0,1.65,53.75,216.0,2.2826,0.4336,LOCK,3,looseness
5599,4230694,7070,59098.0,-0.0468,-0.0039,-0.8229,0.82424,998.34,1000.0,1.66,53.75,216.0,2.2537,-0.0041,LOCK,3,looseness
5600,4230703,7079,59107.0,-0.2145,-0.1443,-0.6552,0.70436,998.33,1000.0,1.67,53.75,216.0,2.2802,0.3967,LOCK,3,looseness
5601,4230711,7087,59115.0,-0.0624,0.0468,-0.7683,0.77225,998.31,1000.0,1.69,53.75,216.0,2.2676,0.2059,LOCK,3,looseness
5602,4230720,7096,59124.0,-0.0351,-0.2964,-0.7176,0.7772,998.3,1000.0,1.7,53.75,216.0,2.2681,0.2142,LOCK,3,looseness
5603,4230741,7117,59145.0,0.0585,-0.1131,-0.7956,0.80573,998.29,1000.0,1.71,53.75,216.0,2.2732,0.2908,LOCK,3,looseness
5604,4230749,7125,59153.0,-0.1521,-0.2067,-0.7371,0.7805,998.27,1000.0,1.73,53.75,216.0,2.2517,-0.0355,LOCK,3,looseness
5605,4230757,7133,59161.0,-0.1521,-0.2067,-0.7371,0.7805,998.26,1000.0,1.74,53.75,216.0,2.2598,0.0881,LOCK,3,looseness
5606,4230766,7142,59170.0,-0.0507,0.1365,-0.7878,0.80114,998.25,1000.0,1.75,53.75,216.0,2.2571,0.0475,LOCK,3,looseness
5607,4230774,7150,59178.0,-0.0858,-0.0702,-0.6162,0.62609,998.24,1000.0,1.76,53.75,216.0,2.2771,0.3506,LOCK,3,looseness
5608,4230789,7165,59193.0,-0.1209,-0.2379,-0.8034,0.84656,998.22,1000.0,1.78,53.75,216.0,2.2785,0.3708,LOCK,3,looseness
5609,4230798,7174,59202.0,0.0195,0.0585,-0.7332,0.73579,998.21,1000.0,1.79,53.75,216.0,2.2586,0.0692,LOCK,3,looseness
5610,4230806,7182,59210.0,0.0351,-0.0975,-0.9165,0.92234,998.2,1000.0,1.8,53.75,216.0,2.2464,-0.1155,LOCK,3,looseness
5611,4230815,7191,59219.0,-0.0585,-0.1248,-0.8073,0.81898,998.19,1000.0,1.81,53.75,216.0,2.2581,0.0619,LOCK,3,looseness
5612,4230823,7199,59227.0,-0.1677,-0.0351,-0.7878,0.80622,998.18,1000.0,1.82,53.75,216.0,2.2809,0.4074,LOCK,3,looseness
5613,4230836,7212,59240.0,-0.1599,0.1053,-0.7059,0.7314,998.16,1000.0,1.84,53.75,216.0,2.2757,0.3289,LOCK,3,looseness
5614,4230844,7220,59248.0,-0.0936,-0.0429,-0.6942,0.70179,998.15,1000.0,1.85,53.75,216.0,2.2819,0.4233,LOCK,3,looseness
5615,4230853,7229,59257.0,0.0,-0.0585,-0.8814,0.88334,998.13,1000.0,1.87,53.75,216.0,2.2462,-0.1185,LOCK,3,looseness
5616,4230861,7237,59265.0,0.0312,-0.0663,-0.7644,0.7679,998.12,1000.0,1.88,53.75,216.0,2.2691,0.2294,LOCK,3,looseness
5617,4230870,7246,59274.0,0.0312,-0.0663,-0.7644,0.7679,998.11,1000.0,1.89,53.75,216.0,2.2605,0.0991,LOCK,3,looseness
5618,4230878,7254,59282.0,-0.0585,-0.039,-0.8463,0.84922,998.1,1000.0,1.9,53.75,216.0,2.2837,0.4507,LOCK,3,looseness
5619,4230887,7263,59291.0,-0.078,0.0429,-0.78,0.78506,998.09,1000.0,1.91,53.75,216.0,2.2876,0.5087,LOCK,3,looseness
5620,4230895,7271,59299.0,-0.0585,0.0273,-0.6123,0.61569,998.08,1000.0,1.92,53.75,216.0,2.2794,0.3848,LOCK,3,looseness
5621,4230904,7280,59308.0,-0.0507,0.0312,-1.053,1.05468,998.08,1000.0,1.92,53.75,216.0,2.2371,-0.2556,LOCK,3,looseness
5622,4230912,7288,59316.0,0.1872,-0.1677,-0.8307,0.86789,998.07,1000.0,1.93,53.75,216.0,2.2685,0.2197,LOCK,3,looseness
5623,4230921,7297,59325.0,0.1872,-0.1677,-0.8307,0.86789,998.06,1000.0,1.94,53.75,216.0,2.2641,0.1537,LOCK,3,looseness
5624,4230929,7305,59333.0,-0.1014,0.0078,-0.7644,0.77114,998.05,1000.0,1.95,53.75,216.0,2.2705,0.2505,LOCK,3,looseness
5625,4230944,7320,59348.0,-0.1092,-0.1131,-0.6591,0.67759,998.05,1000.0,1.95,53.75,216.0,2.2749,0.317,LOCK,3,looseness
5626,4230953,7329,59357.0,-0.1092,-0.1131,-0.6591,0.67759,998.04,1000.0,1.96,53.75,216.0,2.2575,0.053,LOCK,3,looseness
5627,4230961,7337,59365.0,-0.0312,0.0312,-0.8541,0.85524,998.03,1000.0,1.97,53.75,216.0,2.2612,0.1098,LOCK,3,looseness
5628,4230969,7345,59373.0,-0.1443,-0.0585,-0.7098,0.72668,998.02,1000.0,1.98,53.75,216.0,2.2632,0.14,LOCK,3,looseness
5629,4230978,7354,59382.0,0.0429,-0.117,-0.936,0.94426,998.01,1000.0,1.99,53.75,216.0,2.2609,0.1043,LOCK,3,looseness
5630,4230988,7364,59392.0,0.0351,-0.1521,-0.7449,0.76108,998.0,1000.0,2.0,53.75,216.0,2.2803,0.3979,LOCK,3,looseness
5631,4230996,7372,59400.0,-0.2067,-0.0078,-0.7371,0.76557,997.99,1000.0,2.01,53.75,216.0,2.2725,0.2807,LOCK,3,looseness
5632,4231005,7381,59409.0,-0.1053,-0.0351,-0.8151,0.82262,997.99,1000.0,2.01,53.75,216.0,2.2498,-0.0639,LOCK,3,looseness
5633,4231013,7389,59417.0,-0.1053,-0.0351,-0.8151,0.82262,997.98,1000.0,2.02,53.75,216.0,2.2726,0.2816,LOCK,3,looseness
5634,4231022,7398,59426.0,-0.1287,0.1599,-0.6357,0.66802,997.97,1000.0,2.03,53.75,216.0,2.2649,0.1656,LOCK,3,looseness
5635,4231030,7406,59434.0,0.0507,-0.0624,-0.9009,0.90448,997.96,1000.0,2.04,53.75,216.0,2.2811,0.4108,LOCK,3,looseness
5636,4231042,7418,59446.0,0.0936,-0.3549,-0.7761,0.85851,997.96,1000.0,2.04,53.75,216.0,2.2811,0.4105,LOCK,3,looseness
5637,4231050,7426,59454.0,-0.0507,-0.0624,-0.7215,0.72597,997.95,1000.0,2.05,53.75,216.0,2.2792,0.3815,LOCK,3,looseness
5638,4231059,7435,59463.0,-0.1131,-0.0429,-0.7995,0.8086,997.94,1000.0,2.06,53.75,216.0,2.2496,-0.066,LOCK,3,looseness
5639,4231067,7443,59471.0,0.0234,0.1443,-0.6786,0.69417,997.94,1000.0,2.06,53.75,216.0,2.25,-0.0612,LOCK,3,looseness
5640,4231076,7452,59480.0,0.0234,0.1443,-0.6786,0.69417,997.93,1000.0,2.07,53.75,216.0,2.2599,0.0887,LOCK,3,looseness
5641,4231084,7460,59488.0,-0.1833,0.0468,-0.8541,0.8748,997.92,1000.0,2.08,53.75,216.0,2.2731,0.2893,LOCK,3,looseness
5642,4231093,7469,59497.0,0.0507,-0.0858,-0.7215,0.72835,997.91,1000.0,2.09,53.75,216.0,2.2883,0.5194,LOCK,3,looseness
5643,4231101,7477,59505.0,-0.039,-0.039,-0.819,0.82086,997.9,1000.0,2.1,53.75,216.0,2.2832,0.4425,LOCK,3,looseness
5644,4231110,7486,59514.0,-0.0429,-0.1599,-0.8424,0.85851,997.89,1000.0,2.11,53.75,216.0,2.2689,0.2261,LOCK,3,looseness
5645,4231118,7494,59522.0,-0.1287,-0.1326,-0.6513,0.67701,997.89,1000.0,2.11,53.75,216.0,2.266,0.1815,LOCK,3,looseness
5646,4231127,7503,59531.0,-0.1287,-0.1326,-0.6513,0.67701,997.88,1000.0,2.12,53.75,216.0,2.2573,0.0496,LOCK,3,looseness
5647,4231135,7511,59539.0,-0.1287,0.0,-0.9126,0.92163,997.88,1000.0,2.12,53.75,216.0,2.2764,0.339,LOCK,3,looseness
5648,4231149,7525,59553.0,-0.0585,0.1326,-0.7176,0.73209,997.88,1000.0,2.12,53.75,216.0,2.283,0.4398,LOCK,3,looseness
5649,4231158,7534,59562.0,-0.0585,0.1326,-0.7176,0.73209,997.87,1000.0,2.13,53.75,216.0,2.2636,0.1461,LOCK,3,looseness
5650,4231166,7542,59570.0,0.0078,-0.0039,-0.819,0.81905,997.87,1000.0,2.13,53.75,216.0,2.2535,-0.0068,LOCK,3,looseness
5651,4231175,7551,59579.0,-0.1365,-0.0897,-0.7059,0.72455,997.87,1000.0,2.13,53.75,216.0,2.2601,0.0927,LOCK,3,looseness
5652,4231183,7559,59587.0,-0.1833,-0.0975,-0.9048,0.92831,997.87,1000.0,2.13,53.75,216.0,2.2597,0.0866,LOCK,3,looseness
5653,4231192,7568,59596.0,0.0507,-0.0234,-0.6825,0.68478,997.86,1000.0,2.14,53.75,216.0,2.2858,0.4822,LOCK,3,looseness
5654,4231200,7576,59604.0,-0.0273,-0.1443,-0.8112,0.82439,997.85,1000.0,2.15,53.75,216.0,2.2749,0.3164,LOCK,3,looseness
5655,4231209,7585,59613.0,-0.0273,-0.1443,-0.8112,0.82439,997.84,1000.0,2.16,53.75,216.0,2.2504,-0.0551,LOCK,3,looseness
5656,4231218,7594,59622.0,0.0,0.0585,-0.7527,0.75497,997.83,1000.0,2.17,53.75,216.0,2.259,0.0765,LOCK,3,looseness
5657,4231226,7602,59630.0,-0.0156,-0.1014,-0.6708,0.6786,997.82,1000.0,2.18,53.75,216.0,2.267,0.1974,LOCK,3,looseness
5658,4231235,7611,59639.0,-0.1092,0.0624,-0.8268,0.83631,997.82,1000.0,2.18,53.75,216.0,2.2646,0.1601,LOCK,3,looseness
5659,4231246,7622,59650.0,-0.1365,-0.0624,-0.7488,0.76369,997.81,1000.0,2.19,53.75,216.0,2.2716,0.2667,LOCK,3,looseness
5660,4231255,7631,59659.0,-0.0429,-0.0858,-0.8619,0.86722,997.81,1000.0,2.19,53.75,216.0,2.2778,0.361,LOCK,3,looseness
5661,4231263,7639,59667.0,0.0819,-0.1716,-0.8268,0.84838,997.82,1000.0,2.18,53.75,216.0,2.259,0.0759,LOCK,3,looseness
5662,4231272,7648,59676.0,-0.0936,0.1131,-0.9009,0.91278,997.82,1000.0,2.18,53.75,216.0,2.2543,0.0045,LOCK,3,looseness
5663,4231280,7656,59684.0,-0.0936,0.1131,-0.9009,0.91278,997.82,1000.0,2.18,53.75,216.0,2.2587,0.0707,LOCK,3,looseness
5664,4231289,7665,59693.0,-0.0117,-0.0897,-0.8034,0.80848,997.82,1000.0,2.18,53.75,216.0,2.2598,0.0884,LOCK,3,looseness
5665,4231297,7673,59701.0,-0.1482,-0.0585,-0.7449,0.76175,997.82,1000.0,2.18,53.75,216.0,2.2809,0.4074,LOCK,3,looseness
5666,4231306,7682,59710.0,-0.078,0.0234,-0.8307,0.83468,997.82,1000.0,2.18,53.75,216.0,2.2794,0.3854,LOCK,3,looseness
5667,4231314,7690,59718.0,-0.1287,-0.0429,-0.6318,0.6462,997.81,1000.0,2.19,53.75,216.0,2.25,-0.0612,LOCK,3,looseness
5668,4231323,7699,59727.0,-0.1014,0.0156,-0.9633,0.96875,997.79,1000.0,2.21,53.75,216.0,2.2655,0.1739,LOCK,3,looseness
5669,4231331,7707,59735.0,-0.1014,0.0156,-0.9633,0.96875,997.78,1000.0,2.22,53.75,216.0,2.257,0.0451,LOCK,3,looseness
5670,4231340,7716,59744.0,0.1053,-0.1326,-0.7878,0.80579,997.76,1000.0,2.24,53.75,216.0,2.28,0.3934,LOCK,3,looseness
5671,4231353,7729,59757.0,-0.0663,0.0429,-0.7839,0.78787,997.75,1000.0,2.25,53.75,216.0,2.2788,0.3753,LOCK,3,looseness
5672,4231362,7738,59766.0,-0.0663,0.0429,-0.7839,0.78787,997.74,1000.0,2.26,53.75,216.0,2.2501,-0.0587,LOCK,3,looseness
5673,4231370,7746,59774.0,-0.1287,-0.1131,-0.6279,0.65086,997.73,1000.0,2.27,53.75,216.0,2.2604,0.0964,LOCK,3,looseness
5674,4231379,7755,59783.0,0.0936,0.234,-0.8736,0.90923,997.71,1000.0,2.29,53.75,216.0,2.2667,0.1925,LOCK,3,looseness
5675,4231387,7763,59791.0,0.0312,-0.2379,-0.7566,0.79373,997.7,1000.0,2.3,53.75,216.0,2.2632,0.1397,LOCK,3,looseness
5676,4231405,7781,59809.0,0.0117,-0.0624,-0.7917,0.79424,997.68,1000.0,2.32,53.75,216.0,2.2851,0.4709,LOCK,3,looseness
5677,4231414,7790,59818.0,0.0117,-0.0624,-0.7917,0.79424,997.67,1000.0,2.33,53.75,216.0,2.2515,-0.0377,LOCK,3,looseness
5678,4231422,7798,59826.0,-0.2301,-0.1092,-0.6279,0.67759,997.66,1000.0,2.34,53.75,216.0,2.2635,0.1446,LOCK,3,looseness
5679,4231431,7807,59835.0,0.039,0.0975,-0.8034,0.81023,997.64,1000.0,2.36,53.75,216.0,2.2524,-0.0245,LOCK,3,looseness
5680,4231439,7815,59843.0,0.0273,0.0624,-0.7605,0.76354,997.63,1000.0,2.37,53.75,216.0,2.2732,0.2911,LOCK,3,looseness
5681,4231453,7829,59857.0,-0.1482,-0.0858,-0.7722,0.79096,997.61,1000.0,2.39,53.75,216.0,2.2791,0.3805,LOCK,3,looseness
5682,4231461,7837,59865.0,0.0351,-0.0195,-0.8073,0.8083,997.6,1000.0,2.4,53.75,216.0,2.2823,0.4285,LOCK,3,looseness
5683,4231470,7846,59874.0,-0.1014,-0.234,-0.7332,0.77629,997.59,1000.0,2.41,53.75,216.0,2.2627,0.1311,LOCK,3,looseness
5684,4231478,7854,59882.0,-0.1287,-0.0585,-0.936,0.94662,997.58,1000.0,2.42,53.75,216.0,2.2593,0.0808,LOCK,3,looseness
5685,4231487,7863,59891.0,-0.0897,0.0663,-0.7917,0.79952,997.57,1000.0,2.43,53.75,216.0,2.2644,0.158,LOCK,3,looseness
5686,4231495,7871,59899.0,-0.0897,0.0663,-0.7917,0.79952,997.56,1000.0,2.44,53.75,216.0,2.2765,0.3402,LOCK,3,looseness
5687,4231504,7880,59908.0,-0.2145,0.3705,-0.5577,0.70307,997.54,1000.0,2.46,53.75,216.0,2.2763,0.3378,LOCK,3,looseness
5688,4231512,7888,59916.0,-0.0156,0.0429,-0.8463,0.84753,997.53,1000.0,2.47,53.75,216.0,2.2837,0.4501,LOCK,3,looseness
5689,4231521,7897,59925.0,0.0546,-0.1833,-0.7059,0.73135,997.52,1000.0,2.48,53.75,216.0,2.2598,0.0872,LOCK,3,looseness
5690,4231529,7905,59933.0,-0.1014,-0.0546,-0.7917,0.80003,997.51,1000.0,2.49,53.75,216.0,2.2651,0.1681,LOCK,3,looseness
5691,4231538,7914,59942.0,-0.1209,-0.1677,-0.8502,0.87497,997.5,1000.0,2.5,53.75,216.0,2.2582,0.0631,LOCK,3,looseness
5692,4231546,7922,59950.0,-0.1209,-0.1677,-0.8502,0.87497,997.49,1000.0,2.51,53.75,216.0,2.2754,0.3244,LOCK,3,looseness
5693,4231560,7936,59964.0,-0.1443,0.0741,-0.8229,0.83874,997.48,1000.0,2.52,53.75,216.0,2.2771,0.3497,LOCK,3,looseness
5694,4231568,7944,59972.0,-0.1443,0.0741,-0.8229,0.83874,997.46,1000.0,2.54,53.75,216.0,2.2465,-0.1131,LOCK,3,looseness
5695,4231577,7953,59981.0,0.1365,0.0117,-0.6903,0.70376,997.45,1000.0,2.55,53.75,216.0,2.2529,-0.0166,LOCK,3,looseness
5696,4231585,7961,59989.0,-0.0468,-0.0819,-0.7917,0.7973,997.44,1000.0,2.56,53.75,216.0,2.2485,-0.0831,LOCK,3,looseness
5697,4231594,7970,59998.0,-0.0429,0.0975,-0.819,0.8259,997.43,1000.0,2.57,53.75,216.0,2.2517,-0.0355,LOCK,3,looseness
5698,4231602,7978,60006.0,-0.2106,-0.0975,-0.6591,0.69876,997.42,1000.0,2.58,53.75,216.0,2.2767,0.3439,LOCK,3,looseness
5699,4231611,7987,60015.0,-0.1365,-0.1482,-0.8619,0.88514,997.41,1000.0,2.59,53.75,216.0,2.2786,0.3729,LOCK,3,looseness
5700,4231620,7996,60024.0,-0.1365,-0.1482,-0.8619,0.88514,997.39,1000.0,2.61,53.75,216.0,2.2559,0.0292,LOCK,3,looseness
5701,4231628,8004,60032.0,-0.0663,-0.2457,-0.6786,0.72475,997.37,1000.0,2.63,53.75,216.0,2.2658,0.1788,LOCK,3,looseness
5702,4231637,8013,60041.0,-0.1053,0.1755,-0.5967,0.63082,997.36,1000.0,2.64,53.75,216.0,2.2581,0.0619,LOCK,3,looseness
5703,4231645,8021,60049.0,-0.0117,-0.0312,-0.9087,0.90931,997.34,1000.0,2.66,53.75,216.0,2.284,0.4541,LOCK,3,looseness
5704,4231657,8033,60061.0,-0.0468,-0.117,-0.7722,0.78241,997.33,1000.0,2.67,53.75,216.0,2.2804,0.4004,LOCK,3,looseness
5705,4231666,8042,60070.0,-0.0546,0.0312,-0.8697,0.87197,997.32,1000.0,2.68,53.75,216.0,2.28,0.3934,LOCK,3,looseness
5706,4231674,8050,60078.0,0.0234,-0.0702,-0.7215,0.72528,997.3,1000.0,2.7,53.75,216.0,2.2563,0.0347,LOCK,3,looseness
5707,4231683,8059,60087.0,-0.1014,-0.1287,-0.6669,0.68673,997.29,1000.0,2.71,53.75,216.0,2.2617,0.1168,LOCK,3,looseness
5708,4231691,8067,60095.0,-0.1014,-0.1287,-0.6669,0.68673,997.28,1000.0,2.72,53.75,216.0,2.2594,0.0811,LOCK,3,looseness
5709,4231700,8076,60104.0,-0.0234,0.1755,-0.8502,0.86844,997.27,1000.0,2.73,53.75,216.0,2.2779,0.3622,LOCK,3,looseness
5710,4231708,8084,60112.0,0.0117,-0.2145,-0.7527,0.78275,997.26,1000.0,2.74,53.75,216.0,2.2826,0.4333,LOCK,3,looseness
5711,4231717,8093,60121.0,-0.1131,0.0312,-0.9321,0.93945,997.25,1000.0,2.75,53.75,216.0,2.2759,0.3323,LOCK,3,looseness
5712,4231725,8101,60129.0,-0.0819,-0.078,-0.8112,0.81905,997.24,1000.0,2.76,53.75,216.0,2.2546,0.0084,LOCK,3,looseness
5713,4231734,8110,60138.0,-0.039,-0.0351,-0.6942,0.69618,997.23,1000.0,2.77,53.75,216.0,2.2759,0.3317,LOCK,3,looseness
5714,4231742,8118,60146.0,-0.039,-0.0351,-0.6942,0.69618,997.21,1000.0,2.79,53.75,216.0,2.2632,0.14,LOCK,3,looseness
5715,4231751,8127,60155.0,-0.0195,-0.0663,-0.9789,0.98134,997.2,1000.0,2.8,53.75,216.0,2.2721,0.2737,LOCK,3,looseness
5716,4231764,8140,60168.0,0.0273,-0.078,-0.8658,0.86973,997.18,1000.0,2.82,53.75,216.0,2.2802,0.3967,LOCK,3,looseness
5717,4231773,8149,60177.0,0.0273,-0.078,-0.8658,0.86973,997.17,1000.0,2.83,53.75,216.0,2.2503,-0.0563,LOCK,3,looseness
5718,4231781,8157,60185.0,0.0039,-0.0741,-0.8073,0.8107,997.16,1000.0,2.84,53.75,216.0,2.2827,0.4355,LOCK,3,looseness
5719,4231790,8166,60194.0,-0.1599,0.1014,-0.585,0.61488,997.15,1000.0,2.85,53.75,216.0,2.2634,0.1427,LOCK,3,looseness
5720,4231798,8174,60202.0,-0.0507,0.1287,-0.9399,0.95002,997.13,1000.0,2.87,53.75,216.0,2.2553,0.0194,LOCK,3,looseness
5721,4231807,8183,60211.0,-0.0819,-0.1716,-0.7878,0.81042,997.12,1000.0,2.88,53.75,216.0,2.2853,0.4736,LOCK,3,looseness
5722,4231816,8192,60220.0,0.0,-0.078,-0.7371,0.74122,997.1,1000.0,2.9,53.75,216.0,2.2805,0.4019,LOCK,3,looseness
5723,4231824,8200,60228.0,0.0,-0.078,-0.7371,0.74122,997.09,1000.0,2.91,53.75,216.0,2.2547,0.0109,LOCK,3,looseness
5724,4231833,8209,60237.0,-0.0195,-0.0897,-0.8463,0.85126,997.08,1000.0,2.92,53.75,216.0,2.2651,0.1684,LOCK,3,looseness
5725,4231841,8217,60245.0,-0.1599,-0.1677,-0.6786,0.71707,997.07,1000.0,2.93,53.75,216.0,2.2653,0.1711,LOCK,3,looseness
5726,4231850,8226,60254.0,0.0312,0.0819,-0.8619,0.86634,997.06,1000.0,2.94,53.75,216.0,2.2801,0.3961,LOCK,3,looseness
5727,4231870,8246,60274.0,-0.039,-0.0585,-0.9243,0.92697,997.03,1000.0,2.97,53.75,216.0,2.2808,0.4062,LOCK,3,looseness
5728,4231879,8255,60283.0,0.0858,-0.1794,-0.7761,0.80117,997.0,1000.0,3.0,53.75,216.0,2.2625,0.1287,LOCK,3,looseness
5729,4231887,8263,60291.0,-0.1053,-0.0468,-0.7098,0.71909,996.98,1000.0,3.02,53.75,216.0,2.2503,-0.0563,LOCK,3,looseness
5730,4231896,8272,60300.0,-0.1053,-0.0468,-0.7098,0.71909,996.96,1000.0,3.04,53.75,216.0,2.2446,-0.1424,LOCK,3,looseness
5731,4231904,8280,60308.0,-0.2379,-0.2028,-0.8853,0.93887,996.94,1000.0,3.06,53.75,216.0,2.2724,0.2795,LOCK,3,looseness
5732,4231913,8289,60317.0,-0.1053,-0.117,-0.6981,0.71563,996.92,1000.0,3.08,53.75,216.0,2.2819,0.4221,LOCK,3,looseness
5733,4231921,8297,60325.0,-0.1911,0.1443,-0.8307,0.86453,996.9,1000.0,3.1,53.75,216.0,2.2825,0.4312,LOCK,3,looseness
5734,4231930,8306,60334.0,0.0156,-0.0897,-0.7059,0.71175,996.88,1000.0,3.12,53.75,216.0,2.26,0.0912,LOCK,3,looseness
5735,4231938,8314,60342.0,-0.0273,-0.1209,-0.7488,0.75899,996.86,1000.0,3.14,53.75,216.0,2.2454,-0.1305,LOCK,3,looseness
5736,4231947,8323,60351.0,-0.0273,-0.1209,-0.7488,0.75899,996.84,1000.0,3.16,53.75,216.0,2.2601,0.0927,LOCK,3,looseness
5737,4231955,8331,60359.0,0.0195,0.0663,-0.7215,0.7248,996.83,1000.0,3.17,53.75,216.0,2.2928,0.5878,LOCK,3,looseness
5738,4231969,8345,60373.0,-0.0156,-0.0273,-0.9126,0.91314,996.81,1000.0,3.19,53.75,216.0,2.2814,0.415,LOCK,3,looseness
5739,4231978,8354,60382.0,-0.0156,-0.0273,-0.9126,0.91314,996.78,1000.0,3.22,53.75,216.0,2.2599,0.0887,LOCK,3,looseness
5740,4231986,8362,60390.0,-0.1599,0.2028,-0.6552,0.70426,996.75,1000.0,3.25,53.75,216.0,2.2698,0.2398,LOCK,3,looseness
5741,4231995,8371,60399.0,-0.0234,0.1443,-0.8424,0.85499,996.72,1000.0,3.28,53.75,216.0,2.2609,0.1052,LOCK,3,looseness
5742,4232003,8379,60407.0,0.0312,-0.1443,-0.7332,0.74792,996.7,1000.0,3.3,53.75,216.0,2.2616,0.115,LOCK,3,looseness
5743,4232014,8390,60418.0,-0.0741,-0.0117,-0.8463,0.84962,996.67,1000.0,3.33,53.75,216.0,2.2823,0.4288,LOCK,3,looseness
5744,4232022,8398,60426.0,-0.0624,-0.0039,-0.8151,0.81749,996.65,1000.0,3.35,53.75,216.0,2.2771,0.3503,LOCK,3,looseness
5745,4232031,8407,60435.0,-0.2379,-0.1365,-0.7488,0.79745,996.64,1000.0,3.36,53.75,216.0,2.2547,0.0112,LOCK,3,looseness
5746,4232039,8415,60443.0,-0.2379,-0.1365,-0.7488,0.79745,996.61,1000.0,3.39,53.75,216.0,2.2642,0.1553,LOCK,3,looseness
5747,4232048,8424,60452.0,-0.0546,-0.0039,-0.7995,0.80137,996.59,1000.0,3.41,53.75,216.0,2.2573,0.0499,LOCK,3,looseness
5748,4232056,8432,60460.0,0.0351,0.1092,-0.6084,0.61912,996.57,1000.0,3.43,53.75,216.0,2.2827,0.4352,LOCK,3,looseness
5749,4232067,8443,60471.0,-0.0117,-0.1872,-0.8346,0.85542,996.56,1000.0,3.44,53.75,216.0,2.284,0.455,LOCK,3,looseness
5750,4232076,8452,60480.0,-0.1287,-0.0351,-0.6864,0.69924,996.54,1000.0,3.46,53.75,216.0,2.2848,0.4672,LOCK,3,looseness
5751,4232084,8460,60488.0,-0.156,-0.0546,-0.8658,0.88143,996.53,1000.0,3.47,53.75,216.0,2.2577,0.0561,LOCK,3,looseness
5752,4232093,8469,60497.0,-0.0702,-0.1209,-0.7449,0.75791,996.52,1000.0,3.48,53.75,216.0,2.2673,0.2017,LOCK,3,looseness
5753,4232101,8477,60505.0,-0.0702,-0.1209,-0.7449,0.75791,996.5,1000.0,3.5,53.75,216.0,2.2634,0.1418,LOCK,3,looseness
5754,4232110,8486,60514.0,0.0273,-0.2028,-0.8853,0.90864,996.49,1000.0,3.51,53.75,216.0,2.2758,0.3296,LOCK,3,looseness
5755,4232119,8495,60523.0,0.0117,-0.0195,-0.7683,0.76864,996.48,1000.0,3.52,53.75,216.0,2.2791,0.3802,LOCK,3,looseness
5756,4232127,8503,60531.0,-0.0819,-0.0312,-0.7683,0.77328,996.46,1000.0,3.54,53.75,216.0,2.2711,0.2584,LOCK,3,looseness
5757,4232136,8512,60540.0,-0.0078,-0.0351,-0.9048,0.90551,996.45,1000.0,3.55,53.75,216.0,2.2512,-0.0425,LOCK,3,looseness
5758,4232144,8520,60548.0,-0.039,0.0117,-0.702,0.70318,996.44,1000.0,3.56,53.75,216.0,2.2671,0.198,LOCK,3,looseness
5759,4232153,8529,60557.0,-0.039,0.0117,-0.702,0.70318,996.44,1000.0,3.56,53.75,216.0,2.2704,0.2478,LOCK,3,looseness
5760,4232173,8549,60577.0,-0.0897,-0.2028,-0.741,0.77347,996.41,1000.0,3.59,53.75,216.0,2.2816,0.4187,LOCK,3,looseness
5761,4232182,8558,60586.0,0.0,0.0702,-0.6708,0.67446,996.39,1000.0,3.61,53.75,216.0,2.2585,0.068,LOCK,3,looseness
5762,4232190,8566,60594.0,-0.0234,-0.0858,-0.8853,0.88976,996.36,1000.0,3.64,53.75,216.0,2.2539,-0.0022,LOCK,3,looseness
5763,4232199,8575,60603.0,-0.0819,-0.195,-0.7956,0.82323,996.34,1000.0,3.66,53.75,216.0,2.2573,0.0493,LOCK,3,looseness
5764,4232207,8583,60611.0,-0.1404,-0.0585,-0.9789,0.99065,996.33,1000.0,3.67,53.75,216.0,2.2596,0.0851,LOCK,3,looseness
5765,4232216,8592,60620.0,0.0312,0.0468,-0.6591,0.6615,996.31,1000.0,3.69,53.75,216.0,2.2776,0.357,LOCK,3,looseness
5766,4232225,8601,60629.0,0.0312,0.0468,-0.6591,0.6615,996.3,1000.0,3.7,53.75,216.0,2.2813,0.4132,LOCK,3,looseness
5767,4232233,8609,60637.0,-0.1404,-0.1014,-0.8112,0.82948,996.29,1000.0,3.71,53.75,216.0,2.2548,0.0118,LOCK,3,looseness
5768,4232242,8618,60646.0,-0.0195,-0.0858,-0.78,0.78495,996.29,1000.0,3.71,53.75,216.0,2.2699,0.2416,LOCK,3,looseness
5769,4232250,8626,60654.0,-0.0312,-0.0234,-0.702,0.70308,996.28,1000.0,3.72,53.75,216.0,2.264,0.1513,LOCK,3,looseness
5770,4232259,8635,60663.0,-0.0468,-0.2574,-0.9399,0.97563,996.27,1000.0,3.73,53.75,216.0,2.2687,0.2233,LOCK,3,looseness
5771,4232270,8646,60674.0,-0.0078,-0.0351,-0.7332,0.73408,996.26,1000.0,3.74,53.75,216.0,2.2806,0.4034,LOCK,3,looseness
5772,4232279,8655,60683.0,-0.0546,0.1599,-0.6669,0.68797,996.25,1000.0,3.75,53.75,216.0,2.2875,0.5078,LOCK,3,looseness
5773,4232287,8663,60691.0,-0.0312,-0.0117,-0.8268,0.82747,996.25,1000.0,3.75,53.75,216.0,2.2453,-0.1323,LOCK,3,looseness
5774,4232296,8672,60700.0,-0.0312,-0.0117,-0.8268,0.82747,996.24,1000.0,3.76,53.75,216.0,2.262,0.1217,LOCK,3,looseness
5775,4232304,8680,60708.0,0.0,0.0195,-0.7332,0.73346,996.23,1000.0,3.77,53.75,216.0,2.2575,0.0533,LOCK,3,looseness
5776,4232312,8688,60716.0,-0.0663,0.0195,-0.8307,0.83357,996.22,1000.0,3.78,53.75,216.0,2.262,0.1217,LOCK,3,looseness
5777,4232321,8697,60725.0,-0.078,-0.0936,-0.7605,0.7702,996.22,1000.0,3.78,53.75,216.0,2.2864,0.4904,LOCK,3,looseness
5778,4232330,8706,60734.0,-0.0156,-0.0195,-0.7761,0.7765,996.21,1000.0,3.79,53.75,216.0,2.2652,0.1693,LOCK,3,looseness
5779,4232338,8714,60742.0,0.0507,0.2028,-0.7683,0.79623,996.2,1000.0,3.8,53.75,216.0,2.2556,0.024,LOCK,3,looseness
5780,4232346,8722,60750.0,0.0507,0.2028,-0.7683,0.79623,996.2,1000.0,3.8,53.75,216.0,2.2694,0.2328,LOCK,3,looseness
5781,4232355,8731,60759.0,-0.1365,0.0312,-0.5928,0.60911,996.19,1000.0,3.81,53.75,216.0,2.2813,0.4129,LOCK,3,looseness
5782,4232378,8754,60782.0,-0.0195,-0.0585,-0.7137,0.71636,996.18,1000.0,3.82,53.75,216.0,2.2768,0.3448,LOCK,3,looseness
5783,4232387,8763,60791.0,-0.2184,-0.0741,-0.897,0.92617,996.18,1000.0,3.82,53.75,216.0,2.2527,-0.0196,LOCK,3,looseness
5784,4232395,8771,60799.0,-0.0741,-0.1794,-0.7644,0.78866,996.17,1000.0,3.83,53.75,216.0,2.2621,0.1232,LOCK,3,looseness
5785,4232404,8780,60808.0,-0.2106,0.1443,-0.8346,0.87277,996.15,1000.0,3.85,53.75,216.0,2.2464,-0.1155,LOCK,3,looseness
5786,4232412,8788,60816.0,0.0351,0.0234,-0.7644,0.76556,996.14,1000.0,3.86,53.75,216.0,2.2559,0.0283,LOCK,3,looseness
5787,4232421,8797,60825.0,0.0078,-0.3042,-0.7137,0.77586,996.13,1000.0,3.87,53.75,216.0,2.2861,0.4859,LOCK,3,looseness
5788,4232430,8806,60834.0,0.0078,-0.3042,-0.7137,0.77586,996.12,1000.0,3.88,53.75,216.0,2.2828,0.4364,LOCK,3,looseness
5789,4232438,8814,60842.0,-0.0351,0.0663,-0.7488,0.75255,996.11,1000.0,3.89,53.75,216.0,2.2616,0.1153,LOCK,3,looseness
5790,4232447,8823,60851.0,-0.1521,-0.0663,-0.7254,0.74413,996.1,1000.0,3.9,53.75,216.0,2.2585,0.068,LOCK,3,looseness
5791,4232455,8831,60859.0,0.0546,0.0078,-0.9321,0.93373,996.09,1000.0,3.91,53.75,216.0,2.2735,0.2957,LOCK,3,looseness
5792,4232464,8840,60868.0,-0.1521,-0.0702,-0.7137,0.7331,996.08,1000.0,3.92,53.75,216.0,2.2729,0.2865,LOCK,3,looseness
5793,4232476,8852,60880.0,-0.0273,0.0273,-0.9282,0.929,996.06,1000.0,3.94,53.75,216.0,2.2844,0.4611,LOCK,3,looseness
5794,4232484,8860,60888.0,0.1989,-0.1053,-0.7878,0.81932,996.05,1000.0,3.95,53.75,216.0,2.2846,0.4633,LOCK,3,looseness
5795,4232493,8869,60897.0,-0.1014,-0.0195,-0.6981,0.7057,996.04,1000.0,3.96,53.75,216.0,2.2534,-0.0087,LOCK,3,looseness
5796,4232501,8877,60905.0,-0.1014,-0.0195,-0.6981,0.7057,996.03,1000.0,3.97,53.75,216.0,2.2587,0.0716,LOCK,3,looseness
5797,4232510,8886,60914.0,-0.0936,0.0351,-0.819,0.82508,996.02,1000.0,3.98,53.75,216.0,2.2689,0.2264,LOCK,3,looseness
5798,4232518,8894,60922.0,-0.156,-0.1521,-0.7098,0.74249,995.99,1000.0,4.01,53.75,216.0,2.2816,0.4187,LOCK,3,looseness
5799,4232527,8903,60931.0,-0.0546,0.0858,-0.9009,0.90662,995.97,1000.0,4.03,53.75,216.0,2.2758,0.3305,LOCK,3,looseness
5800,4232535,8911,60939.0,0.0897,0.0585,-0.7137,0.72169,995.94,1000.0,4.06,53.75,216.0,2.2792,0.3811,LOCK,3,looseness
5801,4232544,8920,60948.0,-0.0585,-0.1131,-0.7059,0.71729,995.92,1000.0,4.08,53.75,216.0,2.2623,0.1253,LOCK,3,looseness
5802,4232552,8928,60956.0,-0.0585,-0.1131,-0.7059,0.71729,995.9,1000.0,4.1,53.75,216.0,2.2664,0.1879,LOCK,3,looseness
5803,4232561,8937,60965.0,-0.0468,-0.039,-0.8541,0.85627,995.88,1000.0,4.12,53.75,216.0,2.2465,-0.1131,LOCK,3,looseness
5804,4232569,8945,60973.0,-0.1716,-0.1989,-0.6123,0.66627,995.86,1000.0,4.14,53.75,216.0,2.2692,0.2297,LOCK,3,looseness
5805,4232584,8960,60988.0,-0.039,0.1053,-0.858,0.86532,995.84,1000.0,4.16,53.75,216.0,2.2737,0.2984,LOCK,3,looseness
5806,4232592,8968,60996.0,-0.0156,-0.312,-0.7137,0.77907,995.82,1000.0,4.18,53.75,216.0,2.2777,0.3589,LOCK,3,looseness
5807,4232600,8976,61004.0,-0.0312,0.0195,-0.9009,0.90165,995.81,1000.0,4.19,53.75,216.0,2.274,0.303,LOCK,3,looseness
5808,4232609,8985,61013.0,0.0273,-0.1482,-0.8034,0.81741,995.79,1000.0,4.21,53.75,216.0,2.2585,0.0677,LOCK,3,looseness
5809,4232617,8993,61021.0,-0.1248,-0.1287,-0.9555,0.97217,995.78,1000.0,4.22,53.75,216.0,2.2621,0.1223,LOCK,3,looseness
5810,4232626,9002,61030.0,-0.0585,0.1092,-0.7917,0.80133,995.76,1000.0,4.24,53.75,216.0,2.278,0.3631,LOCK,3,looseness
5811,4232635,9011,61039.0,-0.0585,0.1092,-0.7917,0.80133,995.75,1000.0,4.25,53.75,216.0,2.2803,0.3985,LOCK,3,looseness
5812,4232643,9019,61047.0,-0.0936,0.0117,-0.6513,0.6581,995.73,1000.0,4.27,53.75,216.0,2.259,0.0762,LOCK,3,looseness
5813,4232652,9028,61056.0,-0.0702,-0.1833,-0.6552,0.68397,995.7,1000.0,4.3,53.75,216.0,2.2582,0.064,LOCK,3,looseness
5814,4232660,9036,61064.0,-0.0702,0.0663,-0.7293,0.73566,995.68,1000.0,4.32,53.75,216.0,2.2638,0.1485,LOCK,3,looseness
5815,4232669,9045,61073.0,-0.078,-0.0117,-0.9087,0.91212,995.66,1000.0,4.34,53.75,216.0,2.2737,0.2987,LOCK,3,looseness
5816,4232681,9057,61085.0,-0.0429,-0.1248,-0.7605,0.77187,995.64,1000.0,4.36,53.75,216.0,2.2788,0.3763,LOCK,3,looseness
5817,4232690,9066,61094.0,-0.234,-0.0897,-0.8892,0.92384,995.63,1000.0,4.37,53.75,216.0,2.2787,0.3744,LOCK,3,looseness
5818,4232698,9074,61102.0,-0.0507,0.0819,-0.663,0.66996,995.6,1000.0,4.4,53.75,216.0,2.2641,0.1534,LOCK,3,looseness
5819,4232707,9083,61111.0,-0.0507,0.0819,-0.663,0.66996,995.58,1000.0,4.42,53.75,216.0,2.2575,0.0524,LOCK,3,looseness
5820,4232715,9091,61119.0,0.0117,-0.117,-0.7605,0.76954,995.56,1000.0,4.44,53.75,216.0,2.2437,-0.1555,LOCK,3,looseness
5821,4232724,9100,61128.0,-0.0507,0.0936,-0.8463,0.85297,995.55,1000.0,4.45,53.75,216.0,2.2855,0.4767,LOCK,3,looseness
5822,4232732,9108,61136.0,0.0195,-0.0273,-0.7371,0.73786,995.53,1000.0,4.47,53.75,216.0,2.2783,0.368,LOCK,3,looseness
5823,4232741,9117,61145.0,-0.0546,-0.1521,-0.975,0.9883,995.52,1000.0,4.48,53.75,216.0,2.2721,0.2749,LOCK,3,looseness
5824,4232749,9125,61153.0,0.0429,-0.0468,-0.78,0.78258,995.5,1000.0,4.5,53.75,216.0,2.2591,0.0777,LOCK,3,looseness
5825,4232758,9134,61162.0,0.0429,-0.0468,-0.78,0.78258,995.49,1000.0,4.51,53.75,216.0,2.2586,0.0704,LOCK,3,looseness
5826,4232766,9142,61170.0,-0.1131,0.0117,-0.7761,0.78438,995.47,1000.0,4.53,53.75,216.0,2.2673,0.2014,LOCK,3,looseness
5827,4232776,9152,61180.0,0.0156,0.0234,-0.8775,0.87795,995.44,1000.0,4.56,53.75,216.0,2.2772,0.3512,LOCK,3,looseness
5828,4232790,9166,61194.0,-0.0858,0.0546,-0.7605,0.76727,995.42,1000.0,4.58,53.75,216.0,2.2824,0.43,LOCK,3,looseness
5829,4232798,9174,61202.0,-0.0858,0.0546,-0.7605,0.76727,995.4,1000.0,4.6,53.75,216.0,2.2413,-0.1918,LOCK,3,looseness
5830,4232807,9183,61211.0,-0.1209,0.039,-0.6084,0.62152,995.39,1000.0,4.61,53.75,216.0,2.2544,0.006,LOCK,3,looseness
5831,4232815,9191,61219.0,-0.0702,0.0117,-0.8502,0.85317,995.37,1000.0,4.63,53.75,216.0,2.2634,0.1431,LOCK,3,looseness
5832,4232824,9200,61228.0,0.0195,0.0702,-0.6357,0.63986,995.33,1000.0,4.67,53.75,216.0,2.2751,0.3201,LOCK,3,looseness
5833,4232832,9208,61236.0,-0.117,0.0195,-0.858,0.86616,995.3,1000.0,4.7,53.75,216.0,2.2894,0.5365,LOCK,3,looseness
5834,4232841,9217,61245.0,0.1521,-0.1209,-0.741,0.76605,995.26,1000.0,4.74,53.75,216.0,2.2865,0.4932,LOCK,3,looseness
5835,4232849,9225,61253.0,0.1521,-0.1209,-0.741,0.76605,995.23,1000.0,4.77,53.75,216.0,2.2544,0.0054,LOCK,3,looseness
5836,4232858,9234,61262.0,-0.1209,-0.0195,-0.8658,0.87442,995.21,1000.0,4.79,53.75,216.0,2.2686,0.2215,LOCK,3,looseness
5837,4232866,9242,61270.0,-0.0507,-0.0741,-0.7527,0.75804,995.18,1000.0,4.82,53.75,216.0,2.2514,-0.0401,LOCK,3,looseness
5838,4232875,9251,61279.0,-0.0507,-0.0741,-0.8151,0.82003,995.16,1000.0,4.84,53.75,216.0,2.2691,0.2288,LOCK,3,looseness
5839,4232885,9261,61289.0,-0.0897,0.1365,-0.7722,0.78929,995.13,1000.0,4.87,53.75,216.0,2.2818,0.4214,LOCK,3,looseness
5840,4232893,9269,61297.0,-0.0975,-0.0507,-0.7059,0.7144,995.1,1000.0,4.9,53.75,216.0,2.2751,0.3204,LOCK,3,looseness
5841,4232902,9278,61306.0,0.0156,-0.2964,-0.8697,0.91895,995.07,1000.0,4.93,53.75,216.0,2.2447,-0.1408,LOCK,3,looseness
5842,4232910,9286,61314.0,0.0156,-0.2964,-0.8697,0.91895,995.04,1000.0,4.96,53.75,216.0,2.2563,0.035,LOCK,3,looseness
5843,4232919,9295,61323.0,-0.078,-0.078,-0.6903,0.69906,995.02,1000.0,4.98,53.75,216.0,2.2527,-0.02,LOCK,3,looseness
5844,4232927,9303,61331.0,-0.2028,-0.0273,-0.8892,0.91244,995.0,1000.0,5.0,53.75,216.0,2.2783,0.3686,LOCK,3,looseness
5845,4232936,9312,61340.0,0.0741,-0.0663,-0.7644,0.77084,994.98,1000.0,5.02,53.75,216.0,2.2824,0.4297,LOCK,3,looseness
5846,4232944,9320,61348.0,-0.2262,0.117,-0.8112,0.85024,994.93,1000.0,5.07,53.75,216.0,2.2855,0.4767,LOCK,3,looseness
5847,4232953,9329,61357.0,-0.2262,0.117,-0.8112,0.85024,994.88,1000.0,5.12,53.75,216.0,2.2396,-0.2184,LOCK,3,looseness
5848,4232961,9337,61365.0,-0.0273,-0.0585,-0.7527,0.75546,994.83,1000.0,5.17,53.75,216.0,2.2556,0.0237,LOCK,3,looseness
5849,4232970,9346,61374.0,-0.0078,-0.078,-0.8424,0.84604,994.79,1000.0,5.21,53.75,216.0,2.2517,-0.0349,LOCK,3,looseness
5850,4232978,9354,61382.0,0.0468,0.0195,-0.7293,0.73106,994.75,1000.0,5.25,53.75,216.0,2.2649,0.1653,LOCK,3,looseness
5851,4232993,9369,61397.0,-0.2223,-0.0585,-0.6513,0.69067,994.72,1000.0,5.28,53.75,216.0,2.2801,0.3961,LOCK,3,looseness
5852,4233001,9377,61405.0,-0.1209,-0.0975,-0.8346,0.84893,994.66,1000.0,5.34,53.75,216.0,2.262,0.1208,LOCK,3,looseness
5853,4233010,9386,61414.0,-0.156,0.1131,-0.6318,0.66053,994.61,1000.0,5.39,53.75,216.0,2.2694,0.234,LOCK,3,looseness
5854,4233018,9394,61422.0,0.0507,0.0195,-0.8697,0.87139,994.56,1000.0,5.44,53.75,216.0,2.2649,0.1647,LOCK,3,looseness
5855,4233027,9403,61431.0,0.0312,-0.3081,-0.7371,0.79951,994.52,1000.0,5.48,53.75,216.0,2.2614,0.1125,LOCK,3,looseness
5856,4233035,9411,61439.0,-0.0078,-0.0585,-0.8541,0.85614,994.48,1000.0,5.52,53.75,216.0,2.2789,0.3769,LOCK,3,looseness
5857,4233044,9420,61448.0,-0.0078,-0.0585,-0.8541,0.85614,994.45,1000.0,5.55,53.75,216.0,2.2802,0.3973,LOCK,3,looseness
5858,4233053,9429,61457.0,-0.0819,-0.1092,-0.741,0.75347,994.42,1000.0,5.58,53.75,216.0,2.253,-0.0154,LOCK,3,looseness
5859,4233061,9437,61465.0,-0.1014,0.1521,-0.6435,0.66896,994.35,1000.0,5.65,53.75,216.0,2.2549,0.0142,LOCK,3,looseness
5860,4233070,9446,61474.0,-0.0468,-0.0702,-0.8112,0.81558,994.3,1000.0,5.7,53.75,216.0,2.2648,0.1632,LOCK,3,looseness
5861,4233078,9454,61482.0,0.0078,-0.0351,-0.6864,0.68734,994.25,1000.0,5.75,53.75,216.0,2.2714,0.2642,LOCK,3,looseness
5862,4233091,9467,61495.0,-0.0975,-0.0546,-0.9087,0.91555,994.2,1000.0,5.8,53.75,216.0,2.2834,0.4462,LOCK,3,looseness
5863,4233100,9476,61504.0,-0.0624,-0.2145,-0.858,0.8866,994.16,1000.0,5.84,53.75,216.0,2.2732,0.2902,LOCK,3,looseness
5864,4233108,9484,61512.0,-0.1521,-0.1053,-0.6123,0.63964,994.12,1000.0,5.88,53.75,216.0,2.2504,-0.0541,LOCK,3,looseness
5865,4233117,9493,61521.0,-0.1521,-0.1053,-0.6123,0.63964,994.09,1000.0,5.91,53.75,216.0,2.2512,-0.0419,LOCK,3,looseness
5866,4233125,9501,61529.0,-0.0936,0.0663,-0.9204,0.92752,994.03,1000.0,5.97,53.75,216.0,2.2703,0.2465,LOCK,3,looseness
5867,4233136,9512,61540.0,-0.0351,-0.0819,-0.6552,0.66123,993.98,1000.0,6.02,53.75,216.0,2.2825,0.4315,LOCK,3,looseness
5868,4233144,9520,61548.0,-0.0156,0.1053,-0.7566,0.76405,993.93,1000.0,6.07,53.75,216.0,2.2822,0.4275,LOCK,3,looseness
5869,4233153,9529,61557.0,-0.0936,0.0624,-0.7605,0.76877,993.89,1000.0,6.11,53.75,216.0,2.2619,0.1202,LOCK,3,looseness
5870,4233161,9537,61565.0,-0.1443,-0.0429,-0.6942,0.71034,993.86,1000.0,6.14,53.75,216.0,2.2599,0.0893,LOCK,3,looseness
5871,4233170,9546,61574.0,-0.1599,-0.0819,-0.9321,0.94926,993.82,1000.0,6.18,53.75,216.0,2.2559,0.0289,LOCK,3,looseness
5872,4233178,9554,61582.0,-0.1599,-0.0819,-0.9321,0.94926,993.79,1000.0,6.21,53.75,216.0,2.2787,0.3735,LOCK,3,looseness
5873,4233199,9575,61603.0,-0.0273,-0.156,-0.8502,0.86482,993.73,1000.0,6.27,53.75,216.0,2.2929,0.5896,LOCK,3,looseness
5874,4233207,9583,61611.0,-0.0507,0.1326,-0.78,0.79281,993.68,1000.0,6.32,53.75,216.0,2.2448,-0.1396,LOCK,3,looseness
5875,4233216,9592,61620.0,-0.0195,-0.1365,-0.6708,0.68482,993.63,1000.0,6.37,53.75,216.0,2.2593,0.0802,LOCK,3,looseness
5876,4233224,9600,61628.0,-0.1287,-0.0663,-0.9867,0.99726,993.58,1000.0,6.42,53.75,216.0,2.2613,0.1101,LOCK,3,looseness
5877,4233233,9609,61637.0,-0.1053,-0.1248,-0.819,0.83512,993.54,1000.0,6.46,53.75,216.0,2.269,0.227,LOCK,3,looseness
5878,4233241,9617,61645.0,-0.039,-0.1014,-0.6396,0.64876,993.51,1000.0,6.49,53.75,216.0,2.2873,0.5042,LOCK,3,looseness
5879,4233250,9626,61654.0,-0.039,-0.1014,-0.6396,0.64876,993.47,1000.0,6.53,53.75,216.0,2.2735,0.2954,LOCK,3,looseness
5880,4233258,9634,61662.0,0.0897,0.0273,-0.8112,0.8166,993.43,1000.0,6.57,53.75,216.0,2.2676,0.2056,LOCK,3,looseness
5881,4233267,9643,61671.0,0.0273,0.0897,-0.7527,0.75852,993.4,1000.0,6.6,53.75,216.0,2.2664,0.1876,LOCK,3,looseness
5882,4233275,9651,61679.0,-0.1053,-0.0078,-0.741,0.74849,993.37,1000.0,6.63,53.75,216.0,2.2634,0.1424,LOCK,3,looseness
5883,4233284,9660,61688.0,-0.0351,0.0507,-0.8385,0.84076,993.34,1000.0,6.66,53.75,216.0,2.2742,0.3054,LOCK,3,looseness
5884,4233294,9670,61698.0,-0.0975,-0.078,-0.7449,0.75529,993.32,1000.0,6.68,53.75,216.0,2.2828,0.4358,LOCK,3,looseness
5885,4233302,9678,61706.0,-0.1209,-0.0312,-0.7917,0.80149,993.26,1000.0,6.74,53.75,216.0,2.2802,0.3976,LOCK,3,looseness
5886,4233311,9687,61715.0,-0.1209,-0.0312,-0.7917,0.80149,993.22,1000.0,6.78,53.75,216.0,2.2648,0.1635,LOCK,3,looseness
5887,4233319,9695,61723.0,-0.0234,0.0039,-0.897,0.89731,993.18,1000.0,6.82,53.75,216.0,2.2637,0.1473,LOCK,3,looseness
5888,4233328,9704,61732.0,0.0312,-0.0117,-0.7176,0.71837,993.14,1000.0,6.86,53.75,216.0,2.2639,0.1498,LOCK,3,looseness
5889,4233336,9712,61740.0,-0.0078,0.0039,-0.8931,0.89314,993.11,1000.0,6.89,53.75,216.0,2.2668,0.1943,LOCK,3,looseness
5890,4233345,9721,61749.0,-0.0507,0.0312,-0.7878,0.79005,993.08,1000.0,6.92,53.75,216.0,2.2823,0.4291,LOCK,3,looseness
5891,4233353,9729,61757.0,-0.1482,-0.0585,-0.6474,0.66672,993.05,1000.0,6.95,53.75,216.0,2.2749,0.3173,LOCK,3,looseness
5892,4233362,9738,61766.0,-0.1482,-0.0585,-0.6474,0.66672,993.02,1000.0,6.98,53.75,216.0,2.243,-0.1665,LOCK,3,looseness
5893,4233370,9746,61774.0,-0.0819,-0.0312,-0.9087,0.91292,992.99,1000.0,7.01,53.75,216.0,2.2689,0.2264,LOCK,3,looseness
5894,4233379,9755,61783.0,0.0156,-0.1248,-0.8892,0.89805,992.96,1000.0,7.04,53.75,216.0,2.2646,0.1604,LOCK,3,looseness
5895,4233387,9763,61791.0,0.0039,-0.2028,-0.7371,0.7645,992.93,1000.0,7.07,53.75,216.0,2.2773,0.3528,LOCK,3,looseness
5896,4233402,9778,61806.0,-0.078,-0.0741,-0.8619,0.86859,992.91,1000.0,7.09,53.75,216.0,2.2763,0.3384,LOCK,3,looseness
5897,4233411,9787,61815.0,-0.0273,-0.1716,-0.7839,0.80293,992.89,1000.0,7.11,53.75,216.0,2.2631,0.1385,LOCK,3,looseness
5898,4233419,9795,61823.0,-0.0819,-0.0039,-0.7683,0.77266,992.87,1000.0,7.13,53.75,216.0,2.2453,-0.132,LOCK,3,looseness
5899,4233428,9804,61832.0,0.0585,0.2262,-0.7761,0.81051,992.82,1000.0,7.18,53.75,216.0,2.2626,0.1305,LOCK,3,looseness
5900,4233436,9812,61840.0,-0.078,-0.156,-0.6747,0.69688,992.78,1000.0,7.22,53.75,216.0,2.2602,0.0933,LOCK,3,looseness
5901,4233445,9821,61849.0,0.0936,-0.078,-0.9438,0.95163,992.75,1000.0,7.25,53.75,216.0,2.2843,0.4596,LOCK,3,looseness
5902,4233454,9830,61858.0,0.0936,-0.078,-0.9438,0.95163,992.72,1000.0,7.28,53.75,216.0,2.2779,0.3616,LOCK,3,looseness
5903,4233462,9838,61866.0,-0.1365,-0.1638,-0.7956,0.82368,992.69,1000.0,7.31,53.75,216.0,2.2557,0.0255,LOCK,3,looseness
5904,4233471,9847,61875.0,-0.2496,-0.0741,-0.6513,0.70141,992.66,1000.0,7.34,53.75,216.0,2.2542,0.0026,LOCK,3,looseness
5905,4233479,9855,61883.0,-0.0156,-0.0546,-0.8619,0.86377,992.64,1000.0,7.36,53.75,216.0,2.2659,0.1806,LOCK,3,looseness
5906,4233488,9864,61892.0,-0.0078,0.312,-0.7995,0.85826,992.62,1000.0,7.38,53.75,216.0,2.282,0.4236,LOCK,3,looseness
5907,4233501,9877,61905.0,-0.0273,-0.1131,-0.6513,0.66161,992.59,1000.0,7.41,53.75,216.0,2.2863,0.4895,LOCK,3,looseness
5908,4233509,9885,61913.0,0.0039,-0.234,-0.9243,0.95347,992.57,1000.0,7.43,53.75,216.0,2.2833,0.444,LOCK,3,looseness
5909,4233518,9894,61922.0,-0.0234,-0.0156,-0.7683,0.76881,992.56,1000.0,7.44,53.75,216.0,2.2612,0.1098,LOCK,3,looseness
5910,4233526,9902,61930.0,-0.0234,-0.0156,-0.7683,0.76881,992.54,1000.0,7.46,53.75,216.0,2.2537,-0.0047,LOCK,3,looseness
5911,4233535,9911,61939.0,-0.2145,-0.1638,-0.7137,0.76303,992.52,1000.0,7.48,53.75,216.0,2.2638,0.1488,LOCK,3,looseness
5912,4233543,9919,61947.0,-0.0039,0.0195,-0.7644,0.76466,992.51,1000.0,7.49,53.75,216.0,2.2813,0.4132,LOCK,3,looseness
5913,4233552,9928,61956.0,-0.1404,0.1989,-0.7098,0.75039,992.48,1000.0,7.52,53.75,216.0,2.2877,0.5106,LOCK,3,looseness
5914,4233560,9936,61964.0,-0.0117,-0.0585,-0.9009,0.90287,992.45,1000.0,7.55,53.75,216.0,2.2766,0.343,LOCK,3,looseness
5915,4233569,9945,61973.0,0.0429,-0.1677,-0.8112,0.82946,992.43,1000.0,7.57,53.75,216.0,2.2682,0.2148,LOCK,3,looseness
5916,4233577,9953,61981.0,0.0429,-0.1677,-0.8112,0.82946,992.41,1000.0,7.59,53.75,216.0,2.2726,0.2816,LOCK,3,looseness
5917,4233586,9962,61990.0,-0.117,-0.1092,-0.6513,0.67068,992.39,1000.0,7.61,53.75,216.0,2.2536,-0.0059,LOCK,3,looseness
5918,4233595,9971,61999.0,-0.1014,-0.0663,-0.8931,0.90128,992.37,1000.0,7.63,53.75,216.0,2.2753,0.3232,LOCK,3,looseness
