sample_index,time_ms_raw,time_ms_zero,elapsed_ms,ax_g,ay_g,az_g,total_g,rpm,target_rpm,rpm_error,pwm_eq,duty_10bit,acs_v,current_a,control_mode,state,fault_type
0,200096,0,13,-0.12090,0.16380,-0.55380,0.59004,999.43,1000,0.57,50.25,202,2.2155,-0.5828,LOCK,3,looseness
1,200105,9,22,-0.15600,-0.02730,-0.87360,0.88784,999.43,1000,0.57,50.25,202,2.2094,-0.6750,LOCK,3,looseness
2,200114,18,31,-0.17940,-0.09750,-0.85800,0.88196,999.43,1000,0.57,50.25,202,2.2146,-0.5963,LOCK,3,looseness
3,200124,28,41,-0.33930,0.28860,-0.99840,1.09326,999.43,1000,0.57,50.25,202,2.2301,-0.3621,LOCK,3,looseness
4,200134,38,51,-0.00390,-0.07020,-0.43680,0.44242,999.48,1000,0.52,50.25,202,2.2162,-0.5728,LOCK,3,looseness
5,200144,48,61,0.07800,-0.33930,-0.73710,0.81518,999.50,1000,0.50,50.25,202,2.1975,-0.8557,LOCK,3,looseness
6,200154,58,71,-0.08970,0.12870,-0.85020,0.86455,999.50,1000,0.50,50.25,202,2.2139,-0.6079,LOCK,3,looseness
7,200164,68,81,-0.15990,0.08190,-0.92040,0.93777,999.50,1000,0.50,50.25,202,2.2138,-0.6088,LOCK,3,looseness
8,200181,85,98,-0.19110,-0.39390,-0.92820,1.02627,999.50,1000,0.50,50.25,202,2.2309,-0.3499,LOCK,3,looseness
9,200190,94,107,-0.34320,0.01170,-0.55380,0.65163,999.50,1000,0.50,50.25,202,2.2326,-0.3249,LOCK,3,looseness
10,200198,102,115,0.13650,-0.15210,-0.60840,0.64181,999.49,1000,0.51,50.25,202,2.2196,-0.5209,LOCK,3,looseness
11,200207,111,124,0.06240,-0.01560,-0.82680,0.82930,999.49,1000,0.51,50.25,202,2.2122,-0.6338,LOCK,3,looseness
12,200215,119,132,-0.24960,-0.27300,-0.88140,0.95587,999.48,1000,0.52,50.25,202,2.2159,-0.5770,LOCK,3,looseness
13,200224,128,141,-0.24960,-0.27300,-0.88140,0.95587,999.48,1000,0.52,50.25,202,2.2256,-0.4302,LOCK,3,looseness
14,200234,138,151,-0.08970,0.54990,-1.03350,1.17412,999.45,1000,0.55,50.25,202,2.2262,-0.4211,LOCK,3,looseness
15,200244,148,161,-0.12870,-0.37440,-0.95550,1.03427,999.44,1000,0.56,50.25,202,2.2301,-0.3618,LOCK,3,looseness
16,200254,158,171,-0.22230,-0.40950,-0.52650,0.70307,999.46,1000,0.54,50.25,202,2.2192,-0.5279,LOCK,3,looseness
17,200264,168,181,-0.15210,-0.28470,-0.68640,0.75851,999.47,1000,0.53,50.25,202,2.2213,-0.4961,LOCK,3,looseness
18,200274,178,191,0.02340,-0.10530,-0.82290,0.82994,999.47,1000,0.53,50.25,202,2.2305,-0.3554,LOCK,3,looseness
19,200287,191,204,-0.16380,0.57330,-0.86970,1.05446,999.47,1000,0.53,50.25,202,2.2311,-0.3475,LOCK,3,looseness
20,200295,199,212,-0.16380,0.57330,-0.86970,1.05446,999.47,1000,0.53,50.25,202,2.2294,-0.3722,LOCK,3,looseness
21,200304,208,221,-0.37440,0.00000,-0.72150,0.81286,999.47,1000,0.53,50.25,202,2.2185,-0.5383,LOCK,3,looseness
22,200314,218,231,-0.02730,-0.21060,-0.52260,0.56410,999.42,1000,0.58,50.25,202,2.2231,-0.4674,LOCK,3,looseness
23,200324,228,241,-0.07410,-0.15600,-0.56940,0.59502,999.40,1000,0.60,50.25,202,2.2267,-0.4143,LOCK,3,looseness
24,200334,238,251,-0.02730,-0.07410,-0.78780,0.79175,999.40,1000,0.60,50.25,202,2.2293,-0.3737,LOCK,3,looseness
25,200344,248,261,0.05070,0.12870,-0.96330,0.97318,999.40,1000,0.60,50.25,202,2.2298,-0.3667,LOCK,3,looseness
26,200354,258,271,-0.25740,0.23010,-0.79950,0.87086,999.40,1000,0.60,50.25,202,2.2311,-0.3463,LOCK,3,looseness
27,200364,268,281,-0.42120,-0.13260,-0.82680,0.93733,999.40,1000,0.60,50.25,202,2.2205,-0.5068,LOCK,3,looseness
28,200374,278,291,-0.24960,-0.14430,-0.49530,0.57310,999.35,1000,0.65,50.25,202,2.2098,-0.6701,LOCK,3,looseness
29,200384,288,301,0.02340,-0.25350,-0.45240,0.51911,999.34,1000,0.66,50.25,202,2.2156,-0.5825,LOCK,3,looseness
30,200394,298,311,0.06630,-0.14040,-0.65520,0.67335,999.34,1000,0.66,50.25,202,2.2307,-0.3524,LOCK,3,looseness
31,200404,308,321,0.06630,-0.02340,-0.76830,0.77151,999.34,1000,0.66,50.25,202,2.2172,-0.5575,LOCK,3,looseness
32,200414,318,331,-0.19110,0.35100,-0.73320,0.83505,999.34,1000,0.66,50.25,202,2.2208,-0.5029,LOCK,3,looseness
33,200424,328,341,-0.35100,-0.30810,-1.00230,1.10577,999.34,1000,0.66,50.25,202,2.2105,-0.6595,LOCK,3,looseness
34,200434,338,351,-0.13650,-0.06630,-0.63180,0.64977,999.39,1000,0.61,50.25,202,2.2243,-0.4501,LOCK,3,looseness
35,200444,348,361,-0.33930,-0.22620,-0.46410,0.61780,999.40,1000,0.60,50.25,202,2.2312,-0.3457,LOCK,3,looseness
36,200454,358,371,0.01560,0.07800,-0.65520,0.66001,999.41,1000,0.59,50.25,202,2.2246,-0.4452,LOCK,3,looseness
37,200464,368,381,-0.10140,-0.12870,-0.88920,0.90417,999.41,1000,0.59,50.25,202,2.2192,-0.5276,LOCK,3,looseness
38,200474,378,391,-0.05070,0.69420,-0.77610,1.04250,999.41,1000,0.59,50.25,202,2.2174,-0.5541,LOCK,3,looseness
39,200487,391,404,-0.36660,-0.16380,-1.02180,1.09786,999.41,1000,0.59,50.25,202,2.2295,-0.3716,LOCK,3,looseness
40,200534,438,451,-0.07020,0.24960,-0.89310,0.92998,999.42,1000,0.58,50.25,202,2.2302,-0.3600,LOCK,3,looseness
41,200543,447,460,-0.41340,-0.21060,-0.99060,1.09386,999.44,1000,0.56,50.25,202,2.2270,-0.4095,LOCK,3,looseness
42,200551,455,468,-0.41340,-0.21060,-0.99060,1.09386,999.45,1000,0.55,50.25,202,2.2335,-0.3112,LOCK,3,looseness
43,200560,464,477,0.10530,-0.07800,-1.02180,1.03017,999.47,1000,0.53,50.25,202,2.2282,-0.3911,LOCK,3,looseness
44,200568,472,485,-0.21840,0.02730,-0.55380,0.59593,999.49,1000,0.51,50.25,202,2.2242,-0.4516,LOCK,3,looseness
45,200577,481,494,-0.03510,-0.32370,-0.73320,0.80224,999.50,1000,0.50,50.25,202,2.2221,-0.4830,LOCK,3,looseness
46,200585,489,502,-0.14040,0.23400,-0.80340,0.84848,999.52,1000,0.48,50.25,202,2.2235,-0.4626,LOCK,3,looseness
47,200594,498,511,-0.34710,-0.54600,-0.79560,1.02546,999.53,1000,0.47,50.25,202,2.2239,-0.4568,LOCK,3,looseness
48,200602,506,519,-0.34710,-0.54600,-0.79560,1.02546,999.54,1000,0.46,50.25,202,2.2116,-0.6417,LOCK,3,looseness
49,200611,515,528,-0.18330,-0.32370,-0.98280,1.05085,999.55,1000,0.45,50.25,202,2.2199,-0.5169,LOCK,3,looseness
50,200619,523,536,-0.28080,0.10920,-0.72540,0.78548,999.57,1000,0.43,50.25,202,2.2070,-0.7129,LOCK,3,looseness
51,200628,532,545,0.08580,-0.07020,-0.55770,0.56861,999.59,1000,0.41,50.25,202,2.2235,-0.4626,LOCK,3,looseness
52,200646,550,563,-0.11700,0.38220,-0.84240,0.93242,999.60,1000,0.40,50.25,202,2.2275,-0.4015,LOCK,3,looseness
53,200655,559,572,-0.11700,0.38220,-0.84240,0.93242,999.62,1000,0.38,50.25,202,2.2250,-0.4394,LOCK,3,looseness
54,200663,567,580,-0.15990,-0.07020,-1.08420,1.09817,999.63,1000,0.37,50.25,202,2.2182,-0.5432,LOCK,3,looseness
55,200672,576,589,-0.03900,-0.02730,-0.92430,0.92553,999.64,1000,0.36,50.25,202,2.2332,-0.3148,LOCK,3,looseness
56,200680,584,597,-0.07410,-0.23400,-0.34320,0.42194,999.66,1000,0.34,50.25,202,2.2262,-0.4211,LOCK,3,looseness
57,200694,598,611,0.03900,-0.38610,-0.69030,0.79190,999.67,1000,0.33,50.25,202,2.2286,-0.3847,LOCK,3,looseness
58,200702,606,619,0.05070,0.19500,-0.75270,0.77920,999.68,1000,0.32,50.25,202,2.2296,-0.3695,LOCK,3,looseness
59,200710,614,627,-0.19110,0.51480,-0.83460,0.99905,999.69,1000,0.31,50.25,202,2.2031,-0.7712,LOCK,3,looseness
60,200719,623,636,-0.21840,0.15990,-0.88530,0.92576,999.70,1000,0.30,50.25,202,2.2169,-0.5618,LOCK,3,looseness
61,200727,631,644,-0.30810,-0.01950,-0.54600,0.62723,999.71,1000,0.29,50.25,202,2.2084,-0.6903,LOCK,3,looseness
62,200736,640,653,-0.30810,-0.01950,-0.54600,0.62723,999.72,1000,0.28,50.25,202,2.2260,-0.4238,LOCK,3,looseness
63,200745,649,662,0.06240,-0.13260,-0.53430,0.55403,999.73,1000,0.27,50.25,202,2.2254,-0.4336,LOCK,3,looseness
64,200754,658,671,0.03120,-0.08970,-0.75660,0.76254,999.73,1000,0.27,50.25,202,2.2293,-0.3740,LOCK,3,looseness
65,200762,666,679,0.13260,-0.23790,-0.79170,0.83724,999.74,1000,0.26,50.25,202,2.2107,-0.6567,LOCK,3,looseness
66,200771,675,688,-0.28080,0.48750,-0.67080,0.87549,999.74,1000,0.26,50.25,202,2.2092,-0.6790,LOCK,3,looseness
67,200779,683,696,-0.24570,-0.10920,-0.98280,1.01892,999.75,1000,0.25,50.25,202,2.2139,-0.6076,LOCK,3,looseness
68,200787,691,704,-0.24570,-0.10920,-0.98280,1.01892,999.75,1000,0.25,50.25,202,2.2237,-0.4595,LOCK,3,looseness
69,200796,700,713,-0.17550,-0.08190,-0.64350,0.67201,999.74,1000,0.26,50.25,202,2.2350,-0.2883,LOCK,3,looseness
70,200804,708,721,-0.36660,-0.23790,-0.60450,0.74593,999.74,1000,0.26,50.25,202,2.2339,-0.3051,LOCK,3,looseness
71,200813,717,730,-0.03900,0.01170,-0.79170,0.79275,999.74,1000,0.26,50.25,202,2.2130,-0.6207,LOCK,3,looseness
72,200821,725,738,-0.17160,-0.35880,-0.92820,1.00982,999.73,1000,0.27,50.25,202,2.2102,-0.6634,LOCK,3,looseness
73,200830,734,747,-0.08580,0.67860,-0.79170,1.04625,999.73,1000,0.27,50.25,202,2.2144,-0.5999,LOCK,3,looseness
74,200838,742,755,-0.08580,0.67860,-0.79170,1.04625,999.73,1000,0.27,50.25,202,2.2253,-0.4345,LOCK,3,looseness
75,200848,752,765,-0.15210,-0.22230,-0.99060,1.02657,999.72,1000,0.28,50.25,202,2.2137,-0.6109,LOCK,3,looseness
76,200856,760,773,-0.22230,-0.15600,-0.86970,0.91112,999.73,1000,0.27,50.25,202,2.2094,-0.6750,LOCK,3,looseness
77,200864,768,781,-0.42120,-0.14820,-0.56940,0.72359,999.74,1000,0.26,50.25,202,2.2116,-0.6427,LOCK,3,looseness
78,200874,778,791,-0.04680,-0.17940,-0.74490,0.76763,999.79,1000,0.21,50.25,202,2.1997,-0.8225,LOCK,3,looseness
79,200902,806,819,-0.09750,0.10530,-1.01790,1.02797,999.79,1000,0.21,50.25,202,2.2302,-0.3600,LOCK,3,looseness
80,200910,814,827,-0.09750,0.10530,-1.01790,1.02797,999.80,1000,0.20,50.25,202,2.2058,-0.7306,LOCK,3,looseness
81,200919,823,836,0.09360,0.13260,-1.00230,1.01536,999.80,1000,0.20,50.25,202,2.2214,-0.4943,LOCK,3,looseness
82,200927,831,844,-0.13650,-0.15210,-0.57720,0.61231,999.80,1000,0.20,50.25,202,2.2165,-0.5685,LOCK,3,looseness
83,200936,840,853,-0.11700,-0.13650,-0.57720,0.60455,999.81,1000,0.19,50.25,202,2.2079,-0.6985,LOCK,3,looseness
84,200952,856,869,-0.17550,0.04680,-0.70590,0.72889,999.81,1000,0.19,50.25,202,2.2297,-0.3689,LOCK,3,looseness
85,200960,864,877,-0.36270,-0.07020,-0.83850,0.91628,999.82,1000,0.18,50.25,202,2.2318,-0.3368,LOCK,3,looseness
86,200969,873,886,-0.25350,-0.06240,-0.99840,1.03197,999.82,1000,0.18,50.25,202,2.2297,-0.3676,LOCK,3,looseness
87,200977,881,894,0.11310,0.24180,-0.82290,0.86511,999.81,1000,0.19,50.25,202,2.2306,-0.3539,LOCK,3,looseness
88,200986,890,903,-0.05460,-0.08970,-0.78390,0.79090,999.79,1000,0.21,50.25,202,2.2291,-0.3768,LOCK,3,looseness
89,200994,898,911,-0.10530,0.11310,-0.54600,0.56745,999.79,1000,0.21,50.25,202,2.2206,-0.5065,LOCK,3,looseness
90,201003,907,920,-0.10530,0.11310,-0.54600,0.56745,999.78,1000,0.22,50.25,202,2.2111,-0.6506,LOCK,3,looseness
91,201011,915,928,-0.21840,-0.02730,-0.72930,0.76179,999.77,1000,0.23,50.25,202,2.2139,-0.6073,LOCK,3,looseness
92,201020,924,937,-0.27300,0.30810,-0.79950,0.89925,999.76,1000,0.24,50.25,202,2.2130,-0.6219,LOCK,3,looseness
93,201054,958,971,-0.07410,-0.06630,-0.74490,0.75151,999.78,1000,0.22,50.25,202,2.2296,-0.3695,LOCK,3,looseness
94,201062,966,979,-0.17550,0.16770,-0.63960,0.68411,999.80,1000,0.20,50.25,202,2.2317,-0.3383,LOCK,3,looseness
95,201071,975,988,-0.20280,0.14820,-0.62010,0.66904,999.82,1000,0.18,50.25,202,2.2176,-0.5514,LOCK,3,looseness
96,201079,983,996,-0.03900,0.26130,-0.83460,0.87542,999.83,1000,0.17,50.25,202,2.2271,-0.4073,LOCK,3,looseness
97,201088,992,1005,-0.01950,0.01170,-0.85800,0.85830,999.85,1000,0.15,50.25,202,2.2127,-0.6265,LOCK,3,looseness
98,201102,1006,1019,0.02730,-0.00780,-0.94380,0.94423,999.85,1000,0.15,50.25,202,2.2298,-0.3673,LOCK,3,looseness
99,201111,1015,1028,-0.06240,0.08970,-1.01400,1.01987,999.84,1000,0.16,50.25,202,2.2302,-0.3600,LOCK,3,looseness
100,201119,1023,1036,-0.23400,-0.17160,-0.69030,0.74881,999.84,1000,0.16,50.25,202,2.2101,-0.6646,LOCK,3,looseness
101,201128,1032,1045,-0.14040,0.47970,-0.61230,0.79040,999.84,1000,0.16,50.25,202,2.2196,-0.5206,LOCK,3,looseness
102,201136,1040,1053,-0.14040,0.47970,-0.61230,0.79040,999.84,1000,0.16,50.25,202,2.2171,-0.5596,LOCK,3,looseness
103,201145,1049,1062,-0.23400,0.25350,-0.86190,0.92838,999.84,1000,0.16,50.25,202,2.2235,-0.4617,LOCK,3,looseness
104,201157,1061,1074,0.00780,-0.22230,-0.69810,0.73268,999.85,1000,0.15,50.25,202,2.2308,-0.3518,LOCK,3,looseness
105,201165,1069,1082,-0.06240,-0.17160,-0.92040,0.93834,999.86,1000,0.14,50.25,202,2.2279,-0.3951,LOCK,3,looseness
106,201174,1078,1091,0.08970,0.33150,-1.14660,1.19693,999.87,1000,0.13,50.25,202,2.2274,-0.4027,LOCK,3,looseness
107,201182,1086,1099,-0.10920,0.06630,-0.80340,0.81349,999.87,1000,0.13,50.25,202,2.2319,-0.3347,LOCK,3,looseness
108,201191,1095,1108,-0.30030,0.34710,-0.35880,0.58258,999.88,1000,0.12,50.25,202,2.2293,-0.3740,LOCK,3,looseness
109,201199,1103,1116,-0.23400,-0.58500,-0.78000,1.00269,999.89,1000,0.11,50.25,202,2.2299,-0.3649,LOCK,3,looseness
110,201208,1112,1125,-0.23400,-0.58500,-0.78000,1.00269,999.89,1000,0.11,50.25,202,2.2302,-0.3603,LOCK,3,looseness
111,201216,1120,1133,-0.17940,-0.21840,-0.74490,0.79672,999.90,1000,0.10,50.25,202,2.2300,-0.3634,LOCK,3,looseness
112,201225,1129,1142,0.07020,0.14040,-0.82290,0.83774,999.91,1000,0.09,50.25,202,2.2117,-0.6402,LOCK,3,looseness
113,201233,1137,1150,-0.08190,-0.22620,-0.81900,0.85360,999.92,1000,0.08,50.25,202,2.2180,-0.5450,LOCK,3,looseness
114,201242,1146,1159,-0.16380,0.02730,-0.56160,0.58564,999.93,1000,0.07,50.25,202,2.2177,-0.5505,LOCK,3,looseness
115,201251,1155,1168,-0.48750,-0.08970,-0.55770,0.74614,999.94,1000,0.06,50.25,202,2.2260,-0.4241,LOCK,3,looseness
116,201260,1164,1177,-0.48750,-0.08970,-0.55770,0.74614,999.95,1000,0.05,50.25,202,2.2310,-0.3481,LOCK,3,looseness
117,201268,1172,1185,-0.24960,-0.05070,-0.88920,0.92496,999.95,1000,0.05,50.25,202,2.2311,-0.3472,LOCK,3,looseness
118,201277,1181,1194,-0.11700,0.11700,-0.68250,0.70227,999.94,1000,0.06,50.25,202,2.2311,-0.3463,LOCK,3,looseness
119,201285,1189,1202,-0.09750,0.07410,-0.83070,0.83968,999.93,1000,0.07,50.25,202,2.2300,-0.3640,LOCK,3,looseness
120,201294,1198,1211,-0.12870,0.12090,-0.74490,0.76554,999.92,1000,0.08,50.25,202,2.2280,-0.3936,LOCK,3,looseness
121,201307,1211,1224,-0.21840,0.12090,-0.65520,0.70114,999.91,1000,0.09,50.25,202,2.2303,-0.3591,LOCK,3,looseness
122,201316,1220,1233,-0.56940,-0.60450,-0.69420,1.08238,999.90,1000,0.10,50.25,202,2.2285,-0.3856,LOCK,3,looseness
123,201324,1228,1241,-0.15210,0.07020,-0.87750,0.89335,999.89,1000,0.11,50.25,202,2.2143,-0.6021,LOCK,3,looseness
124,201334,1238,1251,-0.02340,0.19890,-0.96720,0.98772,999.81,1000,0.19,50.25,202,2.2210,-0.4998,LOCK,3,looseness
125,201344,1248,1261,-0.01170,-0.11700,-0.81510,0.82354,999.78,1000,0.22,50.25,202,2.2065,-0.7199,LOCK,3,looseness
126,201354,1258,1271,-0.00390,0.18720,-0.64740,0.67393,999.77,1000,0.23,50.25,202,2.2168,-0.5639,LOCK,3,looseness
127,201364,1268,1281,-0.27300,-0.18330,-0.85020,0.91157,999.77,1000,0.23,50.25,202,2.2293,-0.3740,LOCK,3,looseness
128,201374,1278,1291,-0.10140,-0.39000,-1.12710,1.19697,999.77,1000,0.23,50.25,202,2.2075,-0.7046,LOCK,3,looseness
129,201384,1288,1301,-0.09360,0.14430,-0.81900,0.83687,999.77,1000,0.23,50.25,202,2.2117,-0.6414,LOCK,3,looseness
130,201394,1298,1311,-0.05850,0.36270,-0.51480,0.63245,999.77,1000,0.23,50.25,202,2.2193,-0.5251,LOCK,3,looseness
131,201404,1308,1321,-0.05850,0.36270,-0.51480,0.63245,999.77,1000,0.23,50.25,202,2.2320,-0.3341,LOCK,3,looseness
132,201414,1318,1331,0.08190,-0.14040,-0.72150,0.73958,999.77,1000,0.23,50.25,202,2.2300,-0.3643,LOCK,3,looseness
133,201424,1328,1341,-0.11310,-0.09360,-0.86190,0.87431,999.77,1000,0.23,50.25,202,2.2219,-0.4861,LOCK,3,looseness
134,201434,1338,1351,-0.20670,0.16380,-0.99450,1.02888,999.77,1000,0.23,50.25,202,2.2202,-0.5114,LOCK,3,looseness
135,201444,1348,1361,-0.08190,0.08580,-1.01400,1.02091,999.77,1000,0.23,50.25,202,2.2124,-0.6305,LOCK,3,looseness
136,201454,1358,1371,-0.11310,-0.19110,-0.51870,0.56423,999.79,1000,0.21,50.25,202,2.2350,-0.2886,LOCK,3,looseness
137,201464,1368,1381,-0.13260,-0.29640,-0.70200,0.77346,999.79,1000,0.21,50.25,202,2.2318,-0.3362,LOCK,3,looseness
138,201474,1378,1391,0.03120,0.17550,-0.79560,0.81532,999.80,1000,0.20,50.25,202,2.2298,-0.3673,LOCK,3,looseness
139,201484,1388,1401,0.01950,-0.11310,-1.04910,1.05536,999.80,1000,0.20,50.25,202,2.2301,-0.3615,LOCK,3,looseness
140,201494,1398,1411,-0.31200,0.29640,-0.67470,0.80026,999.80,1000,0.20,50.25,202,2.2227,-0.4736,LOCK,3,looseness
141,201507,1411,1424,-0.02730,-0.49920,-0.75660,0.90686,999.80,1000,0.20,50.25,202,2.2182,-0.5419,LOCK,3,looseness
142,201515,1419,1432,-0.02730,-0.49920,-0.75660,0.90686,999.81,1000,0.19,50.25,202,2.2164,-0.5694,LOCK,3,looseness
143,201524,1428,1441,0.15990,0.05460,-0.74100,0.76002,999.82,1000,0.18,50.25,202,2.2090,-0.6817,LOCK,3,looseness
144,201564,1468,1481,-0.42120,-0.10140,-0.83850,0.94381,999.83,1000,0.17,50.25,202,2.2341,-0.3011,LOCK,3,looseness
145,201573,1477,1490,-0.17160,-0.09360,-0.78390,0.80790,999.84,1000,0.16,50.25,202,2.2325,-0.3258,LOCK,3,looseness
146,201581,1485,1498,-0.00780,0.08970,-0.59280,0.59960,999.84,1000,0.16,50.25,202,2.2261,-0.4232,LOCK,3,looseness
147,201590,1494,1507,0.00780,-0.39000,-0.60060,0.71616,999.85,1000,0.15,50.25,202,2.2258,-0.4278,LOCK,3,looseness
148,201598,1502,1515,0.00780,-0.39000,-0.60060,0.71616,999.85,1000,0.15,50.25,202,2.2309,-0.3499,LOCK,3,looseness
149,201607,1511,1524,0.11700,0.17550,-0.77220,0.80049,999.86,1000,0.14,50.25,202,2.2268,-0.4122,LOCK,3,looseness
150,201615,1519,1532,-0.10920,0.49140,-0.69030,0.85435,999.86,1000,0.14,50.25,202,2.2256,-0.4302,LOCK,3,looseness
151,201624,1528,1541,-0.24960,0.02340,-1.03350,1.06347,999.86,1000,0.14,50.25,202,2.2310,-0.3481,LOCK,3,looseness
152,201632,1536,1549,-0.26130,0.18720,-0.49920,0.59374,999.87,1000,0.13,50.25,202,2.2126,-0.6274,LOCK,3,looseness
153,201641,1545,1558,-0.12870,-0.22620,-0.54600,0.60485,999.87,1000,0.13,50.25,202,2.2104,-0.6601,LOCK,3,looseness
154,201649,1553,1566,-0.12870,-0.22620,-0.54600,0.60485,999.87,1000,0.13,50.25,202,2.2001,-0.8160,LOCK,3,looseness
155,201658,1562,1575,0.07020,0.09750,-0.86190,0.87023,999.87,1000,0.13,50.25,202,2.2285,-0.3866,LOCK,3,looseness
156,201668,1572,1585,-0.08190,0.03510,-1.04520,1.04899,999.87,1000,0.13,50.25,202,2.2314,-0.3423,LOCK,3,looseness
157,201676,1580,1593,-0.04290,-0.12090,-0.72930,0.74050,999.87,1000,0.13,50.25,202,2.2287,-0.3832,LOCK,3,looseness
158,201685,1589,1602,-0.50700,-0.23400,-0.67080,0.87280,999.87,1000,0.13,50.25,202,2.2183,-0.5416,LOCK,3,looseness
159,201693,1597,1610,0.05460,-0.09360,-0.68640,0.69490,999.88,1000,0.12,50.25,202,2.2097,-0.6714,LOCK,3,looseness
160,201707,1611,1624,-0.12090,-0.15600,-0.74490,0.77060,999.89,1000,0.11,50.25,202,2.2137,-0.6100,LOCK,3,looseness
161,201716,1620,1633,-0.12090,0.07020,-0.94770,0.95796,999.89,1000,0.11,50.25,202,2.2281,-0.3921,LOCK,3,looseness
162,201724,1628,1641,-0.20670,-0.03120,-0.67470,0.70634,999.90,1000,0.10,50.25,202,2.2281,-0.3927,LOCK,3,looseness
163,201733,1637,1650,-0.19500,-0.05070,-0.81900,0.84342,999.90,1000,0.10,50.25,202,2.2136,-0.6121,LOCK,3,looseness
164,201741,1645,1658,-0.19500,-0.05070,-0.81900,0.84342,999.91,1000,0.09,50.25,202,2.2192,-0.5267,LOCK,3,looseness
165,201750,1654,1667,-0.07800,0.01950,-0.79950,0.80353,999.91,1000,0.09,50.25,202,2.2152,-0.5883,LOCK,3,looseness
166,201758,1662,1675,0.13260,-0.00390,-1.04520,1.05358,999.91,1000,0.09,50.25,202,2.2267,-0.4131,LOCK,3,looseness
167,201771,1675,1688,0.02730,-0.02730,-0.61230,0.61352,999.91,1000,0.09,50.25,202,2.2010,-0.8023,LOCK,3,looseness
168,201780,1684,1697,-0.19500,-0.25350,-0.64350,0.71860,999.91,1000,0.09,50.25,202,2.2087,-0.6860,LOCK,3,looseness
169,201788,1692,1705,-0.12480,-0.02340,-0.77610,0.78642,999.91,1000,0.09,50.25,202,2.2245,-0.4473,LOCK,3,looseness
170,201797,1701,1714,-0.06630,-0.05460,-0.97110,0.97489,999.91,1000,0.09,50.25,202,2.2079,-0.6982,LOCK,3,looseness
171,201822,1726,1739,-0.62790,-0.38220,-0.49530,0.88637,999.93,1000,0.07,50.25,202,2.2300,-0.3634,LOCK,3,looseness
172,201831,1735,1748,-0.01560,-0.06240,-0.65130,0.65447,999.95,1000,0.05,50.25,202,2.2300,-0.3637,LOCK,3,looseness
173,201839,1743,1756,-0.03120,0.07020,-0.81120,0.81483,999.96,1000,0.04,50.25,202,2.2194,-0.5239,LOCK,3,looseness
174,201848,1752,1765,-0.21450,0.25350,-0.97110,1.02631,999.98,1000,0.02,50.25,202,2.2190,-0.5309,LOCK,3,looseness
175,201856,1760,1773,-0.40560,-0.66300,-0.70200,1.04732,999.99,1000,0.01,50.25,202,2.2193,-0.5264,LOCK,3,looseness
176,201871,1775,1788,-0.29250,-0.57720,-0.59670,0.88021,1000.00,1000,-0.00,50.25,202,2.2311,-0.3469,LOCK,3,looseness
177,201879,1783,1796,0.21060,0.00390,-0.74880,0.77786,1000.02,1000,-0.02,50.25,202,2.2308,-0.3521,LOCK,3,looseness
178,201888,1792,1805,-0.10530,-0.04290,-0.86580,0.87323,1000.04,1000,-0.04,50.25,202,2.2329,-0.3197,LOCK,3,looseness
179,201896,1800,1813,-0.10530,-0.04290,-0.86580,0.87323,1000.06,1000,-0.06,50.25,202,2.2311,-0.3463,LOCK,3,looseness
180,201909,1813,1826,-0.26910,0.40170,-0.62010,0.78632,1000.07,1000,-0.07,50.25,202,2.2295,-0.3710,LOCK,3,looseness
181,201918,1822,1835,-0.14430,0.23400,-0.74880,0.79767,1000.08,1000,-0.08,50.25,202,2.2296,-0.3698,LOCK,3,looseness
182,201968,1872,1885,-0.18720,0.46020,-0.48750,0.69605,1000.10,1000,-0.10,50.25,202,2.2317,-0.3386,LOCK,3,looseness
183,201977,1881,1894,-0.18720,0.46020,-0.48750,0.69605,1000.12,1000,-0.12,50.25,202,2.2168,-0.5636,LOCK,3,looseness
184,201985,1889,1902,-0.36270,-0.10920,-0.94380,1.01697,1000.14,1000,-0.14,50.25,202,2.2297,-0.3689,LOCK,3,looseness
185,201994,1898,1911,0.09360,0.06630,-0.59670,0.60762,1000.16,1000,-0.16,50.25,202,2.2207,-0.5053,LOCK,3,looseness
186,202002,1906,1919,0.08580,0.04290,-1.03740,1.04183,1000.18,1000,-0.18,50.25,202,2.2128,-0.6250,LOCK,3,looseness
187,202010,1914,1927,-0.14040,0.06240,-0.79950,0.81413,1000.19,1000,-0.19,50.25,202,2.2238,-0.4574,LOCK,3,looseness
188,202022,1926,1939,-0.24570,-0.33150,-0.57720,0.70952,1000.21,1000,-0.21,50.25,202,2.2298,-0.3667,LOCK,3,looseness
189,202031,1935,1948,-0.02730,0.47970,-0.47190,0.67346,1000.22,1000,-0.22,50.25,202,2.2299,-0.3652,LOCK,3,looseness
190,202039,1943,1956,-0.02730,0.47970,-0.47190,0.67346,1000.24,1000,-0.24,50.25,202,2.2149,-0.5917,LOCK,3,looseness
191,202048,1952,1965,-0.25350,-0.04680,-0.85410,0.89215,1000.25,1000,-0.25,50.25,202,2.2168,-0.5633,LOCK,3,looseness
192,202056,1960,1973,-0.10530,-0.01170,-0.70590,0.71381,1000.28,1000,-0.28,50.25,202,2.2134,-0.6149,LOCK,3,looseness
193,202065,1969,1982,-0.15210,0.03120,-0.88530,0.89881,1000.31,1000,-0.31,50.25,202,2.2103,-0.6622,LOCK,3,looseness
194,202077,1981,1994,-0.00390,0.06630,-1.02960,1.03174,1000.34,1000,-0.34,50.25,202,2.2319,-0.3344,LOCK,3,looseness
195,202085,1989,2002,-0.19500,0.02340,-0.81510,0.83843,1000.37,1000,-0.37,50.25,202,2.2311,-0.3475,LOCK,3,looseness
196,202094,1998,2011,-0.21060,0.15210,-0.49530,0.55929,1000.39,1000,-0.39,50.25,202,2.2307,-0.3524,LOCK,3,looseness
197,202102,2006,2019,-0.19500,-0.40950,-0.78780,0.90903,1000.41,1000,-0.41,50.25,202,2.2104,-0.6601,LOCK,3,looseness
198,202115,2019,2032,0.21060,-0.12870,-0.75270,0.79213,1000.43,1000,-0.43,50.25,202,2.2134,-0.6158,LOCK,3,looseness
199,202124,2028,2041,-0.07020,0.00390,-0.83850,0.84144,1000.45,1000,-0.45,50.25,202,2.2173,-0.5563,LOCK,3,looseness
200,202132,2036,2049,-0.19500,-0.41340,-0.92430,1.03114,1000.47,1000,-0.47,50.25,202,2.2122,-0.6338,LOCK,3,looseness
201,202178,2082,2095,0.11700,0.05850,-0.86580,0.87563,1000.48,1000,-0.48,50.25,202,2.2308,-0.3515,LOCK,3,looseness
202,202186,2090,2103,-0.05460,-0.04680,-0.89700,0.89988,1000.49,1000,-0.49,50.25,202,2.2296,-0.3695,LOCK,3,looseness
203,202195,2099,2112,-0.10920,-0.00390,-0.56160,0.57213,1000.50,1000,-0.50,50.25,202,2.2221,-0.4827,LOCK,3,looseness
204,202203,2107,2120,-0.10920,-0.00390,-0.56160,0.57213,1000.51,1000,-0.51,50.25,202,2.2167,-0.5657,LOCK,3,looseness
205,202212,2116,2129,0.00000,0.03510,-0.79950,0.80027,1000.52,1000,-0.52,50.25,202,2.2139,-0.6076,LOCK,3,looseness
206,202225,2129,2142,-0.22230,-0.21060,-1.01790,1.06296,1000.53,1000,-0.53,50.25,202,2.2292,-0.3759,LOCK,3,looseness
207,202234,2138,2151,-0.22230,-0.21060,-1.01790,1.06296,1000.55,1000,-0.55,50.25,202,2.2307,-0.3536,LOCK,3,looseness
208,202242,2146,2159,-0.01170,-0.23010,-0.64740,0.68718,1000.58,1000,-0.58,50.25,202,2.2199,-0.5163,LOCK,3,looseness
209,202251,2155,2168,-0.10140,-0.15210,-0.54210,0.57209,1000.60,1000,-0.60,50.25,202,2.2083,-0.6924,LOCK,3,looseness
210,202259,2163,2176,0.09750,0.07800,-0.71760,0.72838,1000.62,1000,-0.62,50.25,202,2.1998,-0.8209,LOCK,3,looseness
211,202268,2172,2185,-0.20280,0.20280,-0.78390,0.83472,1000.64,1000,-0.64,50.25,202,2.2207,-0.5047,LOCK,3,looseness
212,202282,2186,2199,-0.31200,0.25350,-0.86580,0.95458,1000.65,1000,-0.65,50.25,202,2.2299,-0.3646,LOCK,3,looseness
213,202291,2195,2208,-0.28080,0.05070,-0.76050,0.81227,1000.67,1000,-0.67,50.25,202,2.2317,-0.3377,LOCK,3,looseness
214,202299,2203,2216,0.06240,-0.11310,-0.41730,0.43683,1000.69,1000,-0.69,50.25,202,2.2248,-0.4430,LOCK,3,looseness
215,202308,2212,2225,0.04290,-0.14040,-0.74490,0.75923,1000.70,1000,-0.70,50.25,202,2.2196,-0.5206,LOCK,3,looseness
216,202321,2225,2238,-0.16380,-0.27300,-0.84240,0.90055,1000.72,1000,-0.72,50.25,202,2.2230,-0.4696,LOCK,3,looseness
217,202330,2234,2247,-0.14820,0.42120,-0.93210,1.03353,1000.74,1000,-0.74,50.25,202,2.2312,-0.3450,LOCK,3,looseness
218,202338,2242,2255,-0.13650,-0.09360,-0.71760,0.73644,1000.75,1000,-0.75,50.25,202,2.2311,-0.3463,LOCK,3,looseness
219,202347,2251,2264,-0.13650,-0.09360,-0.71760,0.73644,1000.76,1000,-0.76,50.25,202,2.2161,-0.5740,LOCK,3,looseness
220,202355,2259,2272,-0.06240,-0.14820,-0.50310,0.52817,1000.78,1000,-0.78,50.25,202,2.2193,-0.5257,LOCK,3,looseness
221,202364,2268,2281,-0.10140,-0.11700,-0.82680,0.84117,1000.80,1000,-0.80,50.25,202,2.2225,-0.4775,LOCK,3,looseness
222,202372,2276,2289,-0.06630,0.22230,-0.94770,0.97568,1000.82,1000,-0.82,50.25,202,2.2248,-0.4421,LOCK,3,looseness
223,202384,2288,2301,-0.05070,-0.10140,-1.04520,1.05133,1000.83,1000,-0.83,50.25,202,2.2304,-0.3573,LOCK,3,looseness
224,202393,2297,2310,-0.31200,0.47190,-0.49920,0.75448,1000.85,1000,-0.85,50.25,202,2.2211,-0.4986,LOCK,3,looseness
225,202401,2305,2318,-0.07800,-0.17550,-0.75270,0.77681,1000.86,1000,-0.86,50.25,202,2.2057,-0.7312,LOCK,3,looseness
226,202410,2314,2327,-0.04680,-0.14040,-0.81510,0.82843,1000.87,1000,-0.87,50.25,202,2.2242,-0.4510,LOCK,3,looseness
227,202433,2337,2350,-0.12870,-0.03510,-1.01400,1.02274,1000.91,1000,-0.91,50.25,202,2.2300,-0.3631,LOCK,3,looseness
228,202441,2345,2358,-0.17550,0.04290,-0.66690,0.69094,1000.94,1000,-0.94,50.25,202,2.2335,-0.3109,LOCK,3,looseness
229,202450,2354,2367,-0.17550,0.04290,-0.66690,0.69094,1000.97,1000,-0.97,50.25,202,2.2188,-0.5337,LOCK,3,looseness
230,202458,2362,2375,-0.19500,0.07410,-0.52650,0.56632,1001.00,1000,-1.00,50.25,202,2.2164,-0.5703,LOCK,3,looseness
231,202467,2371,2384,-0.20670,-0.27690,-0.85800,0.92497,1001.02,1000,-1.02,50.25,202,2.2106,-0.6573,LOCK,3,looseness
232,202475,2379,2392,0.20280,0.04290,-0.81900,0.84482,1001.05,1000,-1.05,50.25,202,2.2337,-0.3075,LOCK,3,looseness
233,202488,2392,2405,-0.12870,-0.03510,-0.88920,0.89915,1001.07,1000,-1.07,50.25,202,2.2258,-0.4278,LOCK,3,looseness
234,202496,2400,2413,-0.08970,-0.08970,-0.65910,0.67120,1001.09,1000,-1.09,50.25,202,2.2324,-0.3273,LOCK,3,looseness
235,202505,2409,2422,-0.08190,-0.12480,-0.72150,0.73678,1001.11,1000,-1.11,50.25,202,2.2255,-0.4314,LOCK,3,looseness
236,202513,2417,2430,-0.06630,0.53820,-0.90090,1.05151,1001.13,1000,-1.13,50.25,202,2.2133,-0.6167,LOCK,3,looseness
237,202526,2430,2443,-0.22620,-0.17940,-1.09980,1.13706,1001.14,1000,-1.14,50.25,202,2.2200,-0.5157,LOCK,3,looseness
238,202535,2439,2452,-0.19500,-0.03900,-0.54210,0.57742,1001.16,1000,-1.16,50.25,202,2.2316,-0.3389,LOCK,3,looseness
239,202544,2448,2461,-0.03120,-0.14820,-0.69810,0.71434,1001.17,1000,-1.17,50.25,202,2.2319,-0.3353,LOCK,3,looseness
240,202552,2456,2469,-0.03120,-0.14820,-0.69810,0.71434,1001.18,1000,-1.18,50.25,202,2.2143,-0.6021,LOCK,3,looseness
241,202561,2465,2478,-0.08970,-0.09750,-0.79560,0.80656,1001.19,1000,-1.19,50.25,202,2.2138,-0.6094,LOCK,3,looseness
242,202569,2473,2486,-0.23010,0.13260,-0.88530,0.92428,1001.20,1000,-1.20,50.25,202,2.2209,-0.5010,LOCK,3,looseness
243,202578,2482,2495,-0.33150,-0.21840,-1.09200,1.16192,1001.21,1000,-1.21,50.25,202,2.2243,-0.4504,LOCK,3,looseness
244,202588,2492,2505,-0.38220,0.10920,-0.67080,0.77973,1001.22,1000,-1.22,50.25,202,2.2312,-0.3447,LOCK,3,looseness
245,202597,2501,2514,0.04680,-0.34710,-0.40170,0.53295,1001.24,1000,-1.24,50.25,202,2.2309,-0.3502,LOCK,3,looseness
246,202605,2509,2522,0.08190,-0.15210,-0.84240,0.85993,1001.25,1000,-1.25,50.25,202,2.2101,-0.6653,LOCK,3,looseness
247,202614,2518,2531,0.08190,-0.15210,-0.84240,0.85993,1001.27,1000,-1.27,50.25,202,2.2175,-0.5535,LOCK,3,looseness
248,202622,2526,2539,0.07020,-0.03120,-0.83850,0.84201,1001.28,1000,-1.28,50.25,202,2.2197,-0.5196,LOCK,3,looseness
249,202631,2535,2548,-0.18330,0.47580,-0.95940,1.08648,1001.29,1000,-1.29,50.25,202,2.2255,-0.4317,LOCK,3,looseness
250,202639,2543,2556,-0.35100,-0.19890,-0.83070,0.92349,1001.30,1000,-1.30,50.25,202,2.2327,-0.3225,LOCK,3,looseness
251,202648,2552,2565,-0.30810,-0.05460,-0.58110,0.65999,1001.31,1000,-1.31,50.25,202,2.2313,-0.3441,LOCK,3,looseness
252,202656,2560,2573,0.08190,-0.24570,-0.54600,0.60431,1001.32,1000,-1.32,50.25,202,2.2055,-0.7345,LOCK,3,looseness
253,202665,2569,2582,0.08190,-0.24570,-0.54600,0.60431,1001.33,1000,-1.33,50.25,202,2.2090,-0.6817,LOCK,3,looseness
254,202673,2577,2590,0.02730,-0.10920,-0.81510,0.82284,1001.33,1000,-1.33,50.25,202,2.2135,-0.6131,LOCK,3,looseness
255,202681,2585,2598,0.06240,-0.24960,-0.92820,0.96320,1001.34,1000,-1.34,50.25,202,2.2272,-0.4067,LOCK,3,looseness
256,202692,2596,2609,-0.00780,0.71370,-0.78780,1.06304,1001.35,1000,-1.35,50.25,202,2.2320,-0.3331,LOCK,3,looseness
257,202700,2604,2617,-0.17940,0.27690,-0.97890,1.03301,1001.35,1000,-1.35,50.25,202,2.2319,-0.3344,LOCK,3,looseness
258,202709,2613,2626,-0.17160,-0.35100,-0.61620,0.72962,1001.36,1000,-1.36,50.25,202,2.2156,-0.5816,LOCK,3,looseness
259,202717,2621,2634,0.15600,-0.11310,-0.55770,0.59005,1001.39,1000,-1.39,50.25,202,2.2129,-0.6222,LOCK,3,looseness
260,202730,2634,2647,0.20280,-0.01950,-0.80340,0.82883,1001.42,1000,-1.42,50.25,202,2.2129,-0.6228,LOCK,3,looseness
261,202739,2643,2656,-0.29250,-0.12480,-0.93990,0.99224,1001.44,1000,-1.44,50.25,202,2.2138,-0.6097,LOCK,3,looseness
262,202793,2697,2710,0.04290,-0.18720,-0.77610,0.79951,1001.47,1000,-1.47,50.25,202,2.2348,-0.2916,LOCK,3,looseness
263,202802,2706,2719,-0.19500,0.01170,-0.82290,0.84577,1001.50,1000,-1.50,50.25,202,2.2312,-0.3460,LOCK,3,looseness
264,202810,2714,2727,-0.19890,-0.03120,-1.00620,1.02614,1001.52,1000,-1.52,50.25,202,2.2046,-0.7486,LOCK,3,looseness
265,202819,2723,2736,-0.19890,-0.03120,-1.00620,1.02614,1001.54,1000,-1.54,50.25,202,2.2161,-0.5749,LOCK,3,looseness
266,202827,2731,2744,-0.42510,-0.08970,-0.90870,1.00722,1001.56,1000,-1.56,50.25,202,2.2203,-0.5105,LOCK,3,looseness
267,202836,2740,2753,-0.10920,-0.13260,-0.44460,0.47663,1001.58,1000,-1.58,50.25,202,2.2202,-0.5126,LOCK,3,looseness
268,202844,2748,2761,0.00780,0.03900,-0.67470,0.67587,1001.60,1000,-1.60,50.25,202,2.2323,-0.3289,LOCK,3,looseness
269,202853,2757,2770,-0.06630,0.07410,-0.79560,0.80179,1001.62,1000,-1.62,50.25,202,2.2329,-0.3203,LOCK,3,looseness
270,202861,2765,2778,-0.17550,0.06240,-1.03740,1.05399,1001.63,1000,-1.63,50.25,202,2.2224,-0.4781,LOCK,3,looseness
271,202870,2774,2787,-0.17550,0.06240,-1.03740,1.05399,1001.65,1000,-1.65,50.25,202,2.2098,-0.6695,LOCK,3,looseness
272,202878,2782,2795,-0.28080,0.09750,-0.83850,0.88963,1001.66,1000,-1.66,50.25,202,2.2204,-0.5084,LOCK,3,looseness
273,202887,2791,2804,-0.34710,0.02340,-0.53820,0.64085,1001.67,1000,-1.67,50.25,202,2.2264,-0.4183,LOCK,3,looseness
274,202896,2800,2813,-0.05460,-0.11310,-0.54210,0.55646,1001.70,1000,-1.70,50.25,202,2.2349,-0.2901,LOCK,3,looseness
275,202904,2808,2821,0.29250,-0.17160,-0.88530,0.94803,1001.73,1000,-1.73,50.25,202,2.2327,-0.3222,LOCK,3,looseness
276,202913,2817,2830,0.02730,0.18720,-0.89700,0.91673,1001.76,1000,-1.76,50.25,202,2.2202,-0.5117,LOCK,3,looseness
277,202921,2825,2838,0.02730,0.18720,-0.89700,0.91673,1001.78,1000,-1.78,50.25,202,2.2216,-0.4916,LOCK,3,looseness
278,202935,2839,2852,-0.34320,-0.69420,-0.69420,1.04001,1001.81,1000,-1.81,50.25,202,2.2107,-0.6561,LOCK,3,looseness
279,202943,2847,2860,-0.30420,-0.09750,-0.54990,0.63595,1001.83,1000,-1.83,50.25,202,2.2317,-0.3377,LOCK,3,looseness
280,202952,2856,2869,-0.30420,-0.09750,-0.54990,0.63595,1001.85,1000,-1.85,50.25,202,2.2298,-0.3664,LOCK,3,looseness
281,202960,2864,2877,0.22620,-0.06240,-0.58110,0.62669,1001.87,1000,-1.87,50.25,202,2.2231,-0.4678,LOCK,3,looseness
282,202969,2873,2886,-0.08970,-0.01950,-0.77220,0.77764,1001.88,1000,-1.88,50.25,202,2.2163,-0.5712,LOCK,3,looseness
283,202977,2881,2894,-0.08580,-0.03510,-0.90480,0.90954,1001.90,1000,-1.90,50.25,202,2.2164,-0.5691,LOCK,3,looseness
284,202986,2890,2903,-0.21840,0.21450,-0.91650,0.96627,1001.91,1000,-1.91,50.25,202,2.2180,-0.5462,LOCK,3,looseness
285,202999,2903,2916,-0.15990,0.01950,-0.85800,0.87299,1001.93,1000,-1.93,50.25,202,2.2085,-0.6894,LOCK,3,looseness
286,203007,2911,2924,-0.01170,-0.07410,-0.61230,0.61688,1001.94,1000,-1.94,50.25,202,2.2196,-0.5206,LOCK,3,looseness
287,203016,2920,2933,-0.04290,-0.24960,-0.52650,0.58425,1001.95,1000,-1.95,50.25,202,2.2140,-0.6060,LOCK,3,looseness
288,203024,2928,2941,-0.04290,-0.24960,-0.52650,0.58425,1001.96,1000,-1.96,50.25,202,2.2139,-0.6082,LOCK,3,looseness
289,203052,2956,2969,-0.08580,0.58500,-0.90870,1.08412,1001.96,1000,-1.96,50.25,202,2.2327,-0.3234,LOCK,3,looseness
290,203061,2965,2978,-0.24960,0.27690,-0.90090,0.97498,1001.97,1000,-1.97,50.25,202,2.2164,-0.5700,LOCK,3,looseness
291,203069,2973,2986,-0.19110,-0.24180,-0.45630,0.55063,1001.98,1000,-1.98,50.25,202,2.2193,-0.5261,LOCK,3,looseness
292,203077,2981,2994,0.05070,-0.50700,-0.56550,0.76119,1001.98,1000,-1.98,50.25,202,2.2172,-0.5578,LOCK,3,looseness
293,203094,2998,3011,0.28080,-0.09360,-0.80730,0.85985,1001.98,1000,-1.98,50.25,202,2.2232,-0.4659,LOCK,3,looseness
294,203103,3007,3020,-0.01560,0.19110,-0.92820,0.94780,1001.98,1000,-1.98,50.25,202,2.2323,-0.3295,LOCK,3,looseness
295,203111,3015,3028,-0.27690,0.56550,-0.86190,1.06740,1001.98,1000,-1.98,50.25,202,2.2316,-0.3399,LOCK,3,looseness
296,203120,3024,3037,-0.37830,-0.11310,-0.94380,1.02306,1001.98,1000,-1.98,50.25,202,2.2231,-0.4681,LOCK,3,looseness
297,203128,3032,3045,-0.19500,-0.19890,-0.64350,0.70120,1001.98,1000,-1.98,50.25,202,2.2219,-0.4861,LOCK,3,looseness
298,203150,3054,3067,0.14820,-0.34320,-0.76830,0.85442,1001.98,1000,-1.98,50.25,202,2.2305,-0.3563,LOCK,3,looseness
299,203159,3063,3076,-0.05070,0.13650,-0.81900,0.83184,1001.98,1000,-1.98,50.25,202,2.2294,-0.3731,LOCK,3,looseness
300,203167,3071,3084,-0.05070,0.13650,-0.81900,0.83184,1001.98,1000,-1.98,50.25,202,2.2182,-0.5425,LOCK,3,looseness
301,203176,3080,3093,-0.13650,0.47580,-0.90480,1.03135,1001.98,1000,-1.98,50.25,202,2.2112,-0.6479,LOCK,3,looseness
302,203184,3088,3101,-0.30810,-0.20670,-0.99840,1.06511,1001.98,1000,-1.98,50.25,202,2.2073,-0.7083,LOCK,3,looseness
303,203193,3097,3110,-0.13650,0.11310,-0.67080,0.69383,1001.97,1000,-1.97,50.25,202,2.2226,-0.4754,LOCK,3,looseness
304,203203,3107,3120,0.02340,-0.09360,-0.53820,0.54678,1001.96,1000,-1.96,50.25,202,2.2310,-0.3487,LOCK,3,looseness
305,203211,3115,3128,0.04290,0.10920,-0.76050,0.76950,1001.96,1000,-1.96,50.25,202,2.2314,-0.3429,LOCK,3,looseness
306,203220,3124,3137,-0.22230,0.18330,-0.86970,0.91618,1001.95,1000,-1.95,50.25,202,2.2147,-0.5953,LOCK,3,looseness
307,203228,3132,3145,-0.22230,0.18330,-0.86970,0.91618,1001.94,1000,-1.94,50.25,202,2.2200,-0.5151,LOCK,3,looseness
308,203237,3141,3154,-0.16380,-0.05070,-0.82680,0.84439,1001.94,1000,-1.94,50.25,202,2.2120,-0.6363,LOCK,3,looseness
309,203250,3154,3167,-0.58890,0.07800,-0.94380,1.11519,1001.93,1000,-1.93,50.25,202,2.2331,-0.3167,LOCK,3,looseness
310,203258,3162,3175,-0.02730,0.06630,-0.64350,0.64748,1001.94,1000,-1.94,50.25,202,2.2294,-0.3734,LOCK,3,looseness
311,203267,3171,3184,-0.09750,-0.23010,-0.64740,0.69396,1001.94,1000,-1.94,50.25,202,2.2089,-0.6833,LOCK,3,looseness
312,203275,3179,3192,0.06240,0.17940,-0.82680,0.84834,1001.94,1000,-1.94,50.25,202,2.2195,-0.5233,LOCK,3,looseness
313,203284,3188,3201,-0.16380,-0.03510,-0.83850,0.85507,1001.94,1000,-1.94,50.25,202,2.2319,-0.3353,LOCK,3,looseness
314,203292,3196,3209,-0.14430,0.20670,-0.97110,1.00329,1001.94,1000,-1.94,50.25,202,2.2049,-0.7443,LOCK,3,looseness
315,203307,3211,3224,-0.24960,-0.08190,-0.95160,0.98719,1001.94,1000,-1.94,50.25,202,2.2309,-0.3499,LOCK,3,looseness
316,203316,3220,3233,0.06240,0.01950,-0.71370,0.71669,1001.96,1000,-1.96,50.25,202,2.2308,-0.3518,LOCK,3,looseness
317,203324,3228,3241,-0.09750,-0.15600,-0.53040,0.56140,1001.98,1000,-1.98,50.25,202,2.2234,-0.4635,LOCK,3,looseness
318,203333,3237,3250,-0.06630,-0.40560,-0.83070,0.92681,1001.99,1000,-1.99,50.25,202,2.2196,-0.5212,LOCK,3,looseness
319,203341,3245,3258,-0.06630,-0.40560,-0.83070,0.92681,1002.01,1000,-2.01,50.25,202,2.2201,-0.5138,LOCK,3,looseness
320,203407,3311,3324,-0.09750,0.61620,-0.74100,0.96865,1002.02,1000,-2.02,50.25,202,2.2255,-0.4314,LOCK,3,looseness
321,203416,3320,3333,-0.23400,0.12480,-0.97110,1.00666,1002.03,1000,-2.03,50.25,202,2.2328,-0.3209,LOCK,3,looseness
322,203424,3328,3341,-0.23400,0.12480,-0.97110,1.00666,1002.03,1000,-2.03,50.25,202,2.2163,-0.5712,LOCK,3,looseness
323,203432,3336,3349,-0.19890,-0.25740,-0.75660,0.82357,1002.04,1000,-2.04,50.25,202,2.2119,-0.6384,LOCK,3,looseness
324,203441,3345,3358,-0.14820,0.07410,-0.54990,0.57432,1002.04,1000,-2.04,50.25,202,2.2161,-0.5746,LOCK,3,looseness
325,203449,3353,3366,-0.12480,-0.24570,-0.57720,0.63961,1002.04,1000,-2.04,50.25,202,2.2260,-0.4241,LOCK,3,looseness
326,203458,3362,3375,0.06630,0.00000,-0.80340,0.80613,1002.04,1000,-2.04,50.25,202,2.2269,-0.4107,LOCK,3,looseness
327,203466,3370,3383,-0.21840,0.46020,-0.74100,0.89920,1002.04,1000,-2.04,50.25,202,2.2328,-0.3206,LOCK,3,looseness
328,203475,3379,3392,-0.21840,0.46020,-0.74100,0.89920,1002.04,1000,-2.04,50.25,202,2.2082,-0.6939,LOCK,3,looseness
329,203483,3387,3400,-0.31590,0.24570,-0.97110,1.05033,1002.04,1000,-2.04,50.25,202,2.2238,-0.4583,LOCK,3,looseness
330,203492,3396,3409,0.09360,-0.08190,-0.54210,0.55618,1002.05,1000,-2.05,50.25,202,2.2048,-0.7455,LOCK,3,looseness
331,203500,3404,3417,0.03510,-0.12480,-0.67860,0.69087,1002.06,1000,-2.06,50.25,202,2.2282,-0.3905,LOCK,3,looseness
332,203510,3414,3427,0.03510,0.03510,-0.80730,0.80882,1002.07,1000,-2.07,50.25,202,2.2298,-0.3661,LOCK,3,looseness
333,203519,3423,3436,-0.09360,0.15210,-0.92430,0.94140,1002.08,1000,-2.08,50.25,202,2.2331,-0.3163,LOCK,3,looseness
334,203527,3431,3444,-0.12480,0.31590,-0.86190,0.92641,1002.09,1000,-2.09,50.25,202,2.2150,-0.5905,LOCK,3,looseness
335,203536,3440,3453,-0.12480,0.31590,-0.86190,0.92641,1002.09,1000,-2.09,50.25,202,2.2061,-0.7257,LOCK,3,looseness
336,203544,3448,3461,-0.35880,0.09750,-0.74490,0.83254,1002.10,1000,-2.10,50.25,202,2.2148,-0.5935,LOCK,3,looseness
337,203553,3457,3470,-0.03120,-0.10530,-0.52650,0.53783,1002.09,1000,-2.09,50.25,202,2.2205,-0.5080,LOCK,3,looseness
338,203561,3465,3478,0.11310,-0.12870,-0.69420,0.71503,1002.09,1000,-2.09,50.25,202,2.2327,-0.3231,LOCK,3,looseness
339,203570,3474,3487,-0.03900,0.00000,-0.97110,0.97188,1002.08,1000,-2.08,50.25,202,2.2311,-0.3463,LOCK,3,looseness
340,203578,3482,3495,-0.03900,0.00000,-0.97110,0.97188,1002.08,1000,-2.08,50.25,202,2.2184,-0.5398,LOCK,3,looseness
341,203587,3491,3504,-0.27690,-0.23400,-0.95550,1.02196,1002.07,1000,-2.07,50.25,202,2.2156,-0.5822,LOCK,3,looseness
342,203595,3499,3512,-0.24180,0.45630,-0.56940,0.76870,1002.07,1000,-2.07,50.25,202,2.2116,-0.6424,LOCK,3,looseness
343,203609,3513,3526,-0.27690,0.19110,-0.54990,0.64466,1002.06,1000,-2.06,50.25,202,2.2358,-0.2758,LOCK,3,looseness
344,203617,3521,3534,0.10920,-0.03120,-0.67470,0.68419,1002.07,1000,-2.07,50.25,202,2.2145,-0.5981,LOCK,3,looseness
345,203626,3530,3543,0.17940,-0.02730,-0.77610,0.79703,1002.08,1000,-2.08,50.25,202,2.2218,-0.4879,LOCK,3,looseness
346,203634,3538,3551,-0.30030,0.12090,-0.90480,0.96097,1002.09,1000,-2.09,50.25,202,2.2225,-0.4766,LOCK,3,looseness
347,203642,3546,3559,-0.25740,0.06630,-0.83850,0.87962,1002.10,1000,-2.10,50.25,202,2.2329,-0.3191,LOCK,3,looseness
348,203663,3567,3580,-0.17160,0.00390,-0.83460,0.85207,1002.10,1000,-2.10,50.25,202,2.2323,-0.3283,LOCK,3,looseness
349,203672,3576,3589,0.08190,0.05070,-1.03350,1.03798,1002.10,1000,-2.10,50.25,202,2.2313,-0.3438,LOCK,3,looseness
350,203680,3584,3597,0.08190,0.05070,-1.03350,1.03798,1002.11,1000,-2.11,50.25,202,2.2072,-0.7089,LOCK,3,looseness
351,203689,3593,3606,-0.10530,0.07410,-0.59670,0.61043,1002.11,1000,-2.11,50.25,202,2.2120,-0.6356,LOCK,3,looseness
352,203697,3601,3614,-0.17940,-0.53040,-0.79170,0.96969,1002.11,1000,-2.11,50.25,202,2.2254,-0.4330,LOCK,3,looseness
353,203706,3610,3623,-0.12870,0.12480,-0.76440,0.78514,1002.11,1000,-2.11,50.25,202,2.2317,-0.3383,LOCK,3,looseness
354,203717,3621,3634,-0.29640,-0.44850,-0.98280,1.12022,1002.11,1000,-2.11,50.25,202,2.2343,-0.2980,LOCK,3,looseness
355,203725,3629,3642,-0.27690,-0.33150,-0.74100,0.85770,1002.11,1000,-2.11,50.25,202,2.2302,-0.3600,LOCK,3,looseness
356,203734,3638,3651,-0.08580,-0.12480,-0.51090,0.53287,1002.12,1000,-2.12,50.25,202,2.2269,-0.4101,LOCK,3,looseness
357,203742,3646,3659,-0.08580,-0.12480,-0.51090,0.53287,1002.12,1000,-2.12,50.25,202,2.2199,-0.5172,LOCK,3,looseness
358,203751,3655,3668,0.08190,0.16380,-0.77220,0.79362,1002.13,1000,-2.13,50.25,202,2.2201,-0.5129,LOCK,3,looseness
359,203760,3664,3677,-0.12870,-0.30030,-0.87360,0.93270,1002.13,1000,-2.13,50.25,202,2.2330,-0.3188,LOCK,3,looseness
360,203769,3673,3686,-0.28080,0.29640,-0.80340,0.90120,1002.13,1000,-2.13,50.25,202,2.2296,-0.3695,LOCK,3,looseness
361,203777,3681,3694,-0.31200,-0.35100,-0.62790,0.78409,1002.14,1000,-2.14,50.25,202,2.2331,-0.3173,LOCK,3,looseness
362,203785,3689,3702,-0.28080,-0.48360,-0.56940,0.79808,1002.14,1000,-2.14,50.25,202,2.2035,-0.7645,LOCK,3,looseness
363,203794,3698,3711,0.13650,0.01950,-0.65520,0.66955,1002.16,1000,-2.16,50.25,202,2.2182,-0.5419,LOCK,3,looseness
364,203802,3706,3719,0.13650,0.01950,-0.65520,0.66955,1002.17,1000,-2.17,50.25,202,2.2152,-0.5883,LOCK,3,looseness
365,203816,3720,3733,-0.02340,0.09750,-0.84630,0.85222,1002.19,1000,-2.19,50.25,202,2.2314,-0.3429,LOCK,3,looseness
366,203825,3729,3742,-0.07410,0.48750,-0.83070,0.96603,1002.20,1000,-2.20,50.25,202,2.2291,-0.3777,LOCK,3,looseness
367,203833,3737,3750,-0.07410,0.48750,-0.83070,0.96603,1002.21,1000,-2.21,50.25,202,2.2113,-0.6466,LOCK,3,looseness
368,203842,3746,3759,-0.15210,0.35880,-0.94770,1.02470,1002.23,1000,-2.23,50.25,202,2.2054,-0.7370,LOCK,3,looseness
369,203850,3754,3767,-0.31980,-0.10920,-0.57330,0.66548,1002.23,1000,-2.23,50.25,202,2.2215,-0.4919,LOCK,3,looseness
370,203858,3762,3775,-0.19110,-0.21840,-0.50310,0.58080,1002.23,1000,-2.23,50.25,202,2.2184,-0.5392,LOCK,3,looseness
371,203867,3771,3784,0.07020,-0.03120,-0.72540,0.72946,1002.23,1000,-2.23,50.25,202,2.2320,-0.3331,LOCK,3,looseness
372,203876,3780,3793,-0.15600,-0.10920,-0.81900,0.84085,1002.24,1000,-2.24,50.25,202,2.2305,-0.3563,LOCK,3,looseness
373,203884,3788,3801,-0.15600,-0.10920,-0.81900,0.84085,1002.24,1000,-2.24,50.25,202,2.2156,-0.5813,LOCK,3,looseness
374,203893,3797,3810,-0.11310,0.39000,-0.82680,0.92114,1002.24,1000,-2.24,50.25,202,2.2160,-0.5755,LOCK,3,looseness
375,203901,3805,3818,-0.15990,0.01560,-0.99060,1.00354,1002.24,1000,-2.24,50.25,202,2.2110,-0.6509,LOCK,3,looseness
376,203910,3814,3827,-0.10530,0.08970,-0.86970,0.88063,1002.25,1000,-2.25,50.25,202,2.2281,-0.3917,LOCK,3,looseness
377,203922,3826,3839,-0.12090,-0.14430,-0.68640,0.71175,1002.26,1000,-2.26,50.25,202,2.2239,-0.4562,LOCK,3,looseness
378,203931,3835,3848,-0.03900,0.00000,-0.61230,0.61354,1002.26,1000,-2.26,50.25,202,2.2300,-0.3640,LOCK,3,looseness
379,203939,3843,3856,-0.27300,-0.23400,-0.85020,0.92311,1002.27,1000,-2.27,50.25,202,2.2296,-0.3698,LOCK,3,looseness
380,203948,3852,3865,-0.05460,0.28860,-0.74100,0.79709,1002.27,1000,-2.27,50.25,202,2.2082,-0.6946,LOCK,3,looseness
381,203956,3860,3873,-0.05460,0.28860,-0.74100,0.79709,1002.28,1000,-2.28,50.25,202,2.2327,-0.3234,LOCK,3,looseness
382,203965,3869,3882,-0.32760,-0.18720,-0.76050,0.84896,1002.28,1000,-2.28,50.25,202,2.2088,-0.6848,LOCK,3,looseness
383,203973,3877,3890,-0.04290,0.21060,-0.90090,0.92618,1002.30,1000,-2.30,50.25,202,2.2086,-0.6875,LOCK,3,looseness
384,204027,3931,3944,-0.16380,-0.18330,-0.74100,0.78071,1002.31,1000,-2.31,50.25,202,2.2338,-0.3066,LOCK,3,looseness
385,204036,3940,3953,0.05460,-0.13260,-0.85800,0.86990,1002.31,1000,-2.31,50.25,202,2.2333,-0.3139,LOCK,3,looseness
386,204044,3948,3961,0.01560,0.05850,-1.04130,1.04306,1002.31,1000,-2.31,50.25,202,2.2300,-0.3643,LOCK,3,looseness
387,204053,3957,3970,-0.26910,-0.15990,-0.76440,0.82601,1002.31,1000,-2.31,50.25,202,2.2345,-0.2950,LOCK,3,looseness
388,204061,3965,3978,-0.11700,0.46410,-0.54990,0.72902,1002.31,1000,-2.31,50.25,202,2.2315,-0.3405,LOCK,3,looseness
389,204070,3974,3987,-0.11700,0.46410,-0.54990,0.72902,1002.31,1000,-2.31,50.25,202,2.2311,-0.3469,LOCK,3,looseness
390,204078,3982,3995,-0.27300,-0.04680,-0.95940,0.99858,1002.31,1000,-2.31,50.25,202,2.2311,-0.3469,LOCK,3,looseness
391,204087,3991,4004,-0.28470,-0.37440,-0.77610,0.90750,1002.31,1000,-2.31,50.25,202,2.2191,-0.5282,LOCK,3,looseness
392,204095,3999,4012,-0.17550,-0.10920,-0.90090,0.92431,1002.32,1000,-2.32,50.25,202,2.2140,-0.6054,LOCK,3,looseness
393,204104,4008,4021,-0.01170,0.11310,-1.00230,1.00873,1002.34,1000,-2.34,50.25,202,2.2116,-0.6427,LOCK,3,looseness
394,204112,4016,4029,-0.15210,-0.00780,-0.70200,0.71833,1002.35,1000,-2.35,50.25,202,2.2076,-0.7037,LOCK,3,looseness
395,204125,4029,4042,-0.37440,0.39390,-0.44850,0.70462,1002.36,1000,-2.36,50.25,202,2.2337,-0.3072,LOCK,3,looseness
396,204133,4037,4050,-0.50310,-0.25350,-0.78780,0.96850,1002.37,1000,-2.37,50.25,202,2.2292,-0.3756,LOCK,3,looseness
397,204142,4046,4059,-0.50310,-0.25350,-0.78780,0.96850,1002.38,1000,-2.38,50.25,202,2.2088,-0.6845,LOCK,3,looseness
398,204150,4054,4067,-0.35880,-0.40560,-0.76830,0.93996,1002.40,1000,-2.40,50.25,202,2.2107,-0.6555,LOCK,3,looseness
399,204159,4063,4076,0.17160,0.01560,-0.80340,0.82167,1002.43,1000,-2.43,50.25,202,2.2108,-0.6552,LOCK,3,looseness
400,204167,4071,4084,-0.02730,-0.02730,-1.05300,1.05371,1002.45,1000,-2.45,50.25,202,2.2238,-0.4583,LOCK,3,looseness
401,204176,4080,4093,-0.04290,0.10140,-1.01010,1.01608,1002.47,1000,-2.47,50.25,202,2.2315,-0.3414,LOCK,3,looseness
402,204184,4088,4101,-0.21840,0.45240,-0.46800,0.68658,1002.49,1000,-2.49,50.25,202,2.2315,-0.3408,LOCK,3,looseness
403,204193,4097,4110,-0.21840,0.45240,-0.46800,0.68658,1002.51,1000,-2.51,50.25,202,2.2197,-0.5193,LOCK,3,looseness
404,204201,4105,4118,-0.24960,0.18720,-0.61620,0.69069,1002.52,1000,-2.52,50.25,202,2.2199,-0.5169,LOCK,3,looseness
405,204209,4113,4126,-0.05070,0.08580,-0.51870,0.52819,1002.54,1000,-2.54,50.25,202,2.2182,-0.5432,LOCK,3,looseness
406,204218,4122,4135,0.04290,-0.24570,-0.74490,0.78555,1002.55,1000,-2.55,50.25,202,2.2271,-0.4076,LOCK,3,looseness
407,204233,4137,4150,0.02340,0.32370,-0.96720,1.02020,1002.57,1000,-2.57,50.25,202,2.2169,-0.5615,LOCK,3,looseness
408,204241,4145,4158,-0.17550,-0.18720,-1.13880,1.16735,1002.58,1000,-2.58,50.25,202,2.2188,-0.5337,LOCK,3,looseness
409,204250,4154,4167,-0.12870,0.55770,-0.78780,0.97377,1002.59,1000,-2.59,50.25,202,2.2196,-0.5218,LOCK,3,looseness
410,204258,4162,4175,-0.49140,-0.31200,-0.55380,0.80344,1002.60,1000,-2.60,50.25,202,2.2113,-0.6472,LOCK,3,looseness
411,204283,4187,4200,0.13260,-0.25350,-0.73320,0.78704,1002.63,1000,-2.63,50.25,202,2.2326,-0.3243,LOCK,3,looseness
412,204291,4195,4208,0.00780,0.09360,-0.96720,0.97175,1002.65,1000,-2.65,50.25,202,2.2165,-0.5679,LOCK,3,looseness
413,204300,4204,4217,-0.19110,0.00000,-1.03350,1.05102,1002.67,1000,-2.67,50.25,202,2.2206,-0.5062,LOCK,3,looseness
414,204308,4212,4225,-0.31590,0.27300,-0.65520,0.77692,1002.69,1000,-2.69,50.25,202,2.2194,-0.5245,LOCK,3,looseness
415,204317,4221,4234,-0.31590,0.27300,-0.65520,0.77692,1002.71,1000,-2.71,50.25,202,2.2154,-0.5850,LOCK,3,looseness
416,204328,4232,4245,0.16380,0.05070,-0.62790,0.65089,1002.72,1000,-2.72,50.25,202,2.2323,-0.3292,LOCK,3,looseness
417,204337,4241,4254,0.16380,0.05070,-0.62790,0.65089,1002.73,1000,-2.73,50.25,202,2.2320,-0.3328,LOCK,3,looseness
418,204345,4249,4262,0.15600,-0.01560,-0.71370,0.73072,1002.74,1000,-2.74,50.25,202,2.2201,-0.5142,LOCK,3,looseness
419,204354,4258,4271,-0.11700,-0.19110,-0.86970,0.89810,1002.75,1000,-2.75,50.25,202,2.2147,-0.5947,LOCK,3,looseness
420,204362,4266,4279,-0.20670,0.00780,-0.85800,0.88258,1002.75,1000,-2.75,50.25,202,2.2152,-0.5883,LOCK,3,looseness
421,204371,4275,4288,-0.08580,-0.36660,-0.95550,1.02700,1002.76,1000,-2.76,50.25,202,2.2271,-0.4079,LOCK,3,looseness
422,204379,4283,4296,-0.30030,-0.64350,-0.64740,0.96094,1002.77,1000,-2.77,50.25,202,2.2316,-0.3392,LOCK,3,looseness
423,204388,4292,4305,-0.30030,-0.64350,-0.64740,0.96094,1002.77,1000,-2.77,50.25,202,2.2280,-0.3933,LOCK,3,looseness
424,204396,4300,4313,-0.26520,-0.37830,-0.52650,0.70046,1002.78,1000,-2.78,50.25,202,2.2044,-0.7519,LOCK,3,looseness
425,204405,4309,4322,-0.03120,-0.11700,-0.76830,0.77778,1002.79,1000,-2.79,50.25,202,2.2171,-0.5587,LOCK,3,looseness
426,204413,4317,4330,-0.03900,-0.23400,-0.92430,0.95426,1002.79,1000,-2.79,50.25,202,2.2174,-0.5541,LOCK,3,looseness
427,204422,4326,4339,-0.19500,0.35490,-0.74880,0.85128,1002.80,1000,-2.80,50.25,202,2.2287,-0.3832,LOCK,3,looseness
428,204437,4341,4354,0.08970,-0.06630,-0.85410,0.86135,1002.80,1000,-2.80,50.25,202,2.2316,-0.3389,LOCK,3,looseness
429,204446,4350,4363,-0.15990,-0.26910,-0.79560,0.85496,1002.81,1000,-2.81,50.25,202,2.2140,-0.6054,LOCK,3,looseness
430,204454,4358,4371,-0.08580,-0.13650,-0.48750,0.51347,1002.82,1000,-2.82,50.25,202,2.2196,-0.5212,LOCK,3,looseness
431,204463,4367,4380,-0.08580,-0.10140,-0.66300,0.67617,1002.83,1000,-2.83,50.25,202,2.2085,-0.6891,LOCK,3,looseness
432,204471,4375,4388,0.06630,-0.12480,-0.78780,0.80037,1002.84,1000,-2.84,50.25,202,2.2188,-0.5340,LOCK,3,looseness
433,204480,4384,4397,0.06630,-0.12480,-0.78780,0.80037,1002.84,1000,-2.84,50.25,202,2.2311,-0.3475,LOCK,3,looseness
434,204488,4392,4405,-0.16380,0.41340,-0.67080,0.80480,1002.85,1000,-2.85,50.25,202,2.2324,-0.3276,LOCK,3,looseness
435,204497,4401,4414,-0.36270,-0.00780,-0.95940,1.02570,1002.86,1000,-2.86,50.25,202,2.2144,-0.6005,LOCK,3,looseness
436,204505,4409,4422,-0.31590,-0.14430,-0.87360,0.94010,1002.86,1000,-2.86,50.25,202,2.2195,-0.5230,LOCK,3,looseness
437,204514,4418,4431,-0.10140,-0.23010,-0.58890,0.64034,1002.88,1000,-2.88,50.25,202,2.2202,-0.5117,LOCK,3,looseness
438,204522,4426,4439,-0.15600,-0.12090,-0.54210,0.57691,1002.89,1000,-2.89,50.25,202,2.2131,-0.6195,LOCK,3,looseness
439,204534,4438,4451,0.04290,0.03900,-0.81900,0.82105,1002.90,1000,-2.90,50.25,202,2.2319,-0.3356,LOCK,3,looseness
440,204543,4447,4460,-0.12090,0.41730,-0.67860,0.80576,1002.91,1000,-2.91,50.25,202,2.2305,-0.3560,LOCK,3,looseness
441,204551,4455,4468,-0.12090,0.41730,-0.67860,0.80576,1002.92,1000,-2.92,50.25,202,2.2098,-0.6704,LOCK,3,looseness
442,204560,4464,4477,-0.43290,0.17550,-0.87360,0.99065,1002.93,1000,-2.93,50.25,202,2.2083,-0.6927,LOCK,3,looseness
443,204568,4472,4485,-0.07800,0.12480,-0.76830,0.78227,1002.95,1000,-2.95,50.25,202,2.2108,-0.6552,LOCK,3,looseness
444,204577,4481,4494,-0.01560,-0.14430,-0.87750,0.88942,1002.97,1000,-2.97,50.25,202,2.2133,-0.6167,LOCK,3,looseness
445,204641,4545,4558,0.04290,-0.10920,-0.85020,0.85826,1003.00,1000,-3.00,50.25,202,2.2390,-0.2269,LOCK,3,looseness
446,204650,4554,4567,-0.10140,0.06630,-0.90870,0.91674,1003.03,1000,-3.03,50.25,202,2.2240,-0.4540,LOCK,3,looseness
447,204658,4562,4575,-0.33540,-0.22230,-0.72150,0.82612,1003.05,1000,-3.05,50.25,202,2.2281,-0.3930,LOCK,3,looseness
448,204667,4571,4584,-0.27690,0.13260,-0.50700,0.59271,1003.07,1000,-3.07,50.25,202,2.2175,-0.5535,LOCK,3,looseness
449,204675,4579,4592,-0.27690,0.13260,-0.50700,0.59271,1003.09,1000,-3.09,50.25,202,2.2018,-0.7916,LOCK,3,looseness
450,204685,4589,4602,-0.50700,-0.31980,-0.78390,0.98682,1003.10,1000,-3.10,50.25,202,2.2312,-0.3460,LOCK,3,looseness
451,204693,4597,4610,0.20670,0.17550,-0.78780,0.83316,1003.14,1000,-3.14,50.25,202,2.2311,-0.3469,LOCK,3,looseness
452,204702,4606,4619,0.00780,0.08580,-0.81120,0.81576,1003.17,1000,-3.17,50.25,202,2.2160,-0.5755,LOCK,3,looseness
453,204710,4614,4627,-0.24180,-0.26130,-0.96330,1.02698,1003.19,1000,-3.19,50.25,202,2.2249,-0.4415,LOCK,3,looseness
454,204719,4623,4636,-0.08970,0.30420,-0.93600,0.98827,1003.22,1000,-3.22,50.25,202,2.2119,-0.6372,LOCK,3,looseness
455,204727,4631,4644,-0.08970,0.30420,-0.93600,0.98827,1003.24,1000,-3.24,50.25,202,2.2298,-0.3667,LOCK,3,looseness
456,204741,4645,4658,-0.33540,-0.56160,-0.49920,0.82285,1003.26,1000,-3.26,50.25,202,2.2324,-0.3267,LOCK,3,looseness
457,204750,4654,4667,0.02340,-0.07800,-0.70200,0.70671,1003.27,1000,-3.27,50.25,202,2.2318,-0.3368,LOCK,3,looseness
458,204758,4662,4675,0.14820,0.09750,-0.77610,0.79612,1003.29,1000,-3.29,50.25,202,2.2175,-0.5526,LOCK,3,looseness
459,204767,4671,4684,0.14820,0.09750,-0.77610,0.79612,1003.30,1000,-3.30,50.25,202,2.2140,-0.6054,LOCK,3,looseness
460,204775,4679,4692,-0.03120,-0.04680,-0.88530,0.88708,1003.31,1000,-3.31,50.25,202,2.2178,-0.5486,LOCK,3,looseness
461,204784,4688,4701,-0.36270,0.19500,-0.90480,0.99410,1003.32,1000,-3.32,50.25,202,2.2316,-0.3392,LOCK,3,looseness
462,204793,4697,4710,-0.01170,0.01560,-1.03350,1.03368,1003.33,1000,-3.33,50.25,202,2.2280,-0.3945,LOCK,3,looseness
463,204801,4705,4718,-0.32370,-0.31980,-0.65130,0.79451,1003.33,1000,-3.33,50.25,202,2.2313,-0.3435,LOCK,3,looseness
464,204809,4713,4726,0.12090,-0.16770,-0.56940,0.60577,1003.33,1000,-3.33,50.25,202,2.2191,-0.5285,LOCK,3,looseness
465,204818,4722,4735,0.12090,-0.16770,-0.56940,0.60577,1003.34,1000,-3.34,50.25,202,2.2211,-0.4983,LOCK,3,looseness
466,204826,4730,4743,-0.07410,-0.28470,-0.70200,0.76115,1003.34,1000,-3.34,50.25,202,2.2102,-0.6640,LOCK,3,looseness
467,204841,4745,4758,-0.25350,0.19110,-0.65910,0.73157,1003.34,1000,-3.34,50.25,202,2.2340,-0.3035,LOCK,3,looseness
468,204849,4753,4766,-0.25350,0.19110,-0.65910,0.73157,1003.34,1000,-3.34,50.25,202,2.2067,-0.7168,LOCK,3,looseness
469,204858,4762,4775,-0.12870,-0.29250,-0.86580,0.92289,1003.34,1000,-3.34,50.25,202,2.2163,-0.5718,LOCK,3,looseness
470,204866,4770,4783,-0.09360,-0.07800,-0.81120,0.82030,1003.34,1000,-3.34,50.25,202,2.2127,-0.6259,LOCK,3,looseness
471,204874,4778,4791,0.13260,-0.26520,-0.76830,0.82353,1003.35,1000,-3.35,50.25,202,2.2123,-0.6314,LOCK,3,looseness
472,204894,4798,4811,-0.19890,0.03120,-0.85020,0.87371,1003.35,1000,-3.35,50.25,202,2.2326,-0.3243,LOCK,3,looseness
473,204903,4807,4820,-0.11310,0.46800,-0.51870,0.70772,1003.35,1000,-3.35,50.25,202,2.2302,-0.3612,LOCK,3,looseness
474,204911,4815,4828,-0.11310,0.46800,-0.51870,0.70772,1003.35,1000,-3.35,50.25,202,2.2093,-0.6769,LOCK,3,looseness
475,204920,4824,4837,-0.14820,0.21450,-0.72150,0.76716,1003.35,1000,-3.35,50.25,202,2.2140,-0.6066,LOCK,3,looseness
476,204928,4832,4845,0.15600,-0.01170,-0.64740,0.66603,1003.35,1000,-3.35,50.25,202,2.2131,-0.6201,LOCK,3,looseness
477,204938,4842,4855,0.04290,-0.09750,-0.76830,0.77565,1003.35,1000,-3.35,50.25,202,2.2217,-0.4900,LOCK,3,looseness
478,204947,4851,4864,0.11310,0.01560,-0.88530,0.89263,1003.35,1000,-3.35,50.25,202,2.2338,-0.3060,LOCK,3,looseness
479,204955,4859,4872,-0.24570,-0.12480,-1.16220,1.19443,1003.35,1000,-3.35,50.25,202,2.2102,-0.6640,LOCK,3,looseness
480,204964,4868,4881,-0.02730,0.51480,-0.81900,0.96774,1003.35,1000,-3.35,50.25,202,2.2221,-0.4839,LOCK,3,looseness
481,204972,4876,4889,-0.02730,0.51480,-0.81900,0.96774,1003.35,1000,-3.35,50.25,202,2.2064,-0.7214,LOCK,3,looseness
482,204981,4885,4898,-0.05070,-0.20670,-0.62790,0.66299,1003.35,1000,-3.35,50.25,202,2.2100,-0.6662,LOCK,3,looseness
483,204992,4896,4909,-0.21840,-0.44850,-0.54600,0.73957,1003.38,1000,-3.38,50.25,202,2.2326,-0.3237,LOCK,3,looseness
484,205001,4905,4918,-0.03510,-0.16770,-0.65910,0.68101,1003.39,1000,-3.39,50.25,202,2.2306,-0.3545,LOCK,3,looseness
485,205009,4913,4926,-0.02730,0.05070,-0.79950,0.80157,1003.41,1000,-3.41,50.25,202,2.2153,-0.5871,LOCK,3,looseness
486,205018,4922,4935,-0.12090,0.03120,-0.85800,0.86704,1003.43,1000,-3.43,50.25,202,2.2172,-0.5572,LOCK,3,looseness
487,205026,4930,4943,-0.17550,0.13650,-1.01010,1.03428,1003.44,1000,-3.44,50.25,202,2.2115,-0.6433,LOCK,3,looseness
488,205034,4938,4951,-0.17550,0.13650,-1.01010,1.03428,1003.45,1000,-3.45,50.25,202,2.2214,-0.4940,LOCK,3,looseness
489,205050,4954,4967,0.02340,0.05070,-0.60840,0.61096,1003.48,1000,-3.48,50.25,202,2.2322,-0.3307,LOCK,3,looseness
490,205059,4963,4976,-0.08580,0.07800,-0.62790,0.63852,1003.50,1000,-3.50,50.25,202,2.2209,-0.5013,LOCK,3,looseness
491,205067,4971,4984,-0.15210,-0.43290,-0.77610,0.90159,1003.52,1000,-3.52,50.25,202,2.2194,-0.5245,LOCK,3,looseness
492,205076,4980,4993,-0.15210,-0.43290,-0.77610,0.90159,1003.54,1000,-3.54,50.25,202,2.2170,-0.5612,LOCK,3,looseness
493,205084,4988,5001,-0.27690,0.08190,-0.67860,0.73748,1003.56,1000,-3.56,50.25,202,2.2155,-0.5841,LOCK,3,looseness
494,205095,4999,5012,-0.04290,-0.17550,-0.86190,0.88063,1003.57,1000,-3.57,50.25,202,2.2322,-0.3304,LOCK,3,looseness
495,205104,5008,5021,-0.18720,-0.25740,-0.95160,1.00341,1003.58,1000,-3.58,50.25,202,2.2339,-0.3038,LOCK,3,looseness
496,205112,5016,5029,-0.26910,-0.46410,-0.90090,1.04853,1003.60,1000,-3.60,50.25,202,2.2079,-0.6979,LOCK,3,looseness
497,205120,5024,5037,-0.10530,0.13650,-0.86970,0.88662,1003.61,1000,-3.61,50.25,202,2.2055,-0.7342,LOCK,3,looseness
498,205129,5033,5046,-0.24180,-0.28470,-0.63180,0.73396,1003.62,1000,-3.62,50.25,202,2.2179,-0.5468,LOCK,3,looseness
499,205137,5041,5054,-0.24180,-0.28470,-0.63180,0.73396,1003.63,1000,-3.63,50.25,202,2.2207,-0.5041,LOCK,3,looseness
500,205149,5053,5066,-0.15600,-0.27300,-0.70980,0.77633,1003.63,1000,-3.63,50.25,202,2.2321,-0.3316,LOCK,3,looseness
501,205158,5062,5075,-0.15600,-0.27300,-0.70980,0.77633,1003.64,1000,-3.64,50.25,202,2.2322,-0.3298,LOCK,3,looseness
502,205166,5070,5083,-0.05850,-0.24960,-0.74100,0.78409,1003.66,1000,-3.66,50.25,202,2.2094,-0.6756,LOCK,3,looseness
503,205175,5079,5092,0.01560,-0.20670,-0.72150,0.75069,1003.67,1000,-3.67,50.25,202,2.2248,-0.4430,LOCK,3,looseness
504,205183,5087,5100,-0.04680,-0.12480,-0.98670,0.99566,1003.69,1000,-3.69,50.25,202,2.2168,-0.5630,LOCK,3,looseness
505,205192,5096,5109,0.02340,0.11700,-1.01400,1.02100,1003.70,1000,-3.70,50.25,202,2.2178,-0.5486,LOCK,3,looseness
506,205256,5160,5173,-0.28470,0.05460,-0.99840,1.03963,1003.73,1000,-3.73,50.25,202,2.2325,-0.3261,LOCK,3,looseness
507,205264,5168,5181,0.01950,0.66300,-0.93600,1.14719,1003.76,1000,-3.76,50.25,202,2.2220,-0.4842,LOCK,3,looseness
508,205273,5177,5190,-0.21840,0.14430,-0.93210,0.96816,1003.79,1000,-3.79,50.25,202,2.2297,-0.3679,LOCK,3,looseness
509,205281,5185,5198,-0.21840,0.14430,-0.93210,0.96816,1003.81,1000,-3.81,50.25,202,2.2031,-0.7712,LOCK,3,looseness
510,205290,5194,5207,-0.06630,-0.01560,-0.44070,0.44593,1003.83,1000,-3.83,50.25,202,2.2199,-0.5172,LOCK,3,looseness
511,205300,5204,5217,0.00390,-0.15990,-0.65520,0.67444,1003.86,1000,-3.86,50.25,202,2.2346,-0.2947,LOCK,3,looseness
512,205309,5213,5226,0.03120,0.15210,-0.78000,0.79530,1003.88,1000,-3.88,50.25,202,2.2330,-0.3176,LOCK,3,looseness
513,205317,5221,5234,-0.21450,-0.15600,-0.98670,1.02173,1003.90,1000,-3.90,50.25,202,2.2116,-0.6427,LOCK,3,looseness
514,205325,5229,5242,-0.07020,0.53430,-0.86970,1.02312,1003.91,1000,-3.91,50.25,202,2.2155,-0.5834,LOCK,3,looseness
515,205334,5238,5251,-0.39000,-0.32760,-0.88920,1.02474,1003.93,1000,-3.93,50.25,202,2.2067,-0.7162,LOCK,3,looseness
516,205342,5246,5259,-0.39000,-0.32760,-0.88920,1.02474,1003.94,1000,-3.94,50.25,202,2.2307,-0.3536,LOCK,3,looseness
517,205354,5258,5271,-0.10920,0.00780,-0.52260,0.53394,1003.97,1000,-3.97,50.25,202,2.2275,-0.4012,LOCK,3,looseness
518,205362,5266,5279,-0.10920,0.00780,-0.52260,0.53394,1004.00,1000,-4.00,50.25,202,2.2316,-0.3396,LOCK,3,looseness
519,205371,5275,5288,-0.08580,-0.30810,-0.75270,0.81783,1004.02,1000,-4.02,50.25,202,2.2171,-0.5593,LOCK,3,looseness
520,205379,5283,5296,-0.09360,0.02730,-0.87360,0.87902,1004.04,1000,-4.04,50.25,202,2.2204,-0.5087,LOCK,3,looseness
521,205388,5292,5305,-0.17940,-0.19890,-0.81120,0.85428,1004.06,1000,-4.06,50.25,202,2.2200,-0.5148,LOCK,3,looseness
522,205396,5300,5313,-0.28470,-0.49530,-0.97110,1.12668,1004.08,1000,-4.08,50.25,202,2.2293,-0.3743,LOCK,3,looseness
523,205405,5309,5322,-0.09750,-0.00390,-0.59280,0.60078,1004.11,1000,-4.11,50.25,202,2.2341,-0.3017,LOCK,3,looseness
524,205413,5317,5330,-0.09750,-0.00390,-0.59280,0.60078,1004.13,1000,-4.13,50.25,202,2.2327,-0.3228,LOCK,3,looseness
525,205422,5326,5339,-0.19110,-0.02730,-0.55380,0.58648,1004.15,1000,-4.15,50.25,202,2.2182,-0.5419,LOCK,3,looseness
526,205430,5334,5347,-0.10530,-0.48750,-0.88140,1.01272,1004.17,1000,-4.17,50.25,202,2.2131,-0.6198,LOCK,3,looseness
527,205438,5342,5355,-0.27300,0.35880,-0.74490,0.87071,1004.19,1000,-4.19,50.25,202,2.2221,-0.4836,LOCK,3,looseness
528,205447,5351,5364,-0.09360,-0.19500,-0.94380,0.96827,1004.20,1000,-4.20,50.25,202,2.2274,-0.4027,LOCK,3,looseness
529,205461,5365,5378,-0.34320,-0.33150,-0.85800,0.98175,1004.22,1000,-4.22,50.25,202,2.2313,-0.3441,LOCK,3,looseness
530,205469,5373,5386,0.10140,-0.14820,-0.50310,0.53419,1004.23,1000,-4.23,50.25,202,2.2088,-0.6845,LOCK,3,looseness
531,205477,5381,5394,-0.07410,-0.23790,-0.52650,0.58249,1004.23,1000,-4.23,50.25,202,2.2255,-0.4320,LOCK,3,looseness
532,205486,5390,5403,-0.07410,-0.23790,-0.52650,0.58249,1004.24,1000,-4.24,50.25,202,2.2123,-0.6323,LOCK,3,looseness
533,205506,5410,5423,-0.28860,0.19890,-0.63960,0.72934,1004.25,1000,-4.25,50.25,202,2.2335,-0.3099,LOCK,3,looseness
534,205515,5419,5432,-0.22620,0.08970,-0.93990,0.97089,1004.25,1000,-4.25,50.25,202,2.2315,-0.3405,LOCK,3,looseness
535,205523,5427,5440,-0.26130,-0.18330,-0.92820,0.98155,1004.27,1000,-4.27,50.25,202,2.2239,-0.4555,LOCK,3,looseness
536,205531,5435,5448,-0.10140,0.05070,-0.87360,0.88093,1004.29,1000,-4.29,50.25,202,2.2152,-0.5886,LOCK,3,looseness
537,205540,5444,5457,-0.11310,-0.19500,-0.80340,0.83443,1004.31,1000,-4.31,50.25,202,2.2081,-0.6949,LOCK,3,looseness
538,205548,5452,5465,-0.07410,-0.01170,-0.62790,0.63237,1004.33,1000,-4.33,50.25,202,2.2326,-0.3246,LOCK,3,looseness
539,205559,5463,5476,-0.44850,0.12480,-0.44850,0.64644,1004.34,1000,-4.34,50.25,202,2.2335,-0.3099,LOCK,3,looseness
540,205568,5472,5485,-0.44850,0.12480,-0.44850,0.64644,1004.35,1000,-4.35,50.25,202,2.2302,-0.3606,LOCK,3,looseness
541,205576,5480,5493,-0.14040,-0.06240,-0.67860,0.69578,1004.36,1000,-4.36,50.25,202,2.2156,-0.5825,LOCK,3,looseness
542,205585,5489,5502,-0.17940,0.10920,-0.58110,0.61789,1004.37,1000,-4.37,50.25,202,2.2134,-0.6155,LOCK,3,looseness
543,205593,5497,5510,-0.02730,-0.26910,-0.58890,0.64805,1004.38,1000,-4.38,50.25,202,2.2167,-0.5654,LOCK,3,looseness
544,205602,5506,5519,0.06630,0.10530,-0.81900,0.82840,1004.38,1000,-4.38,50.25,202,2.2262,-0.4207,LOCK,3,looseness
545,205610,5514,5527,-0.19110,-0.03900,-0.96330,0.98285,1004.39,1000,-4.39,50.25,202,2.2319,-0.3344,LOCK,3,looseness
546,205619,5523,5536,-0.19110,-0.03900,-0.96330,0.98285,1004.39,1000,-4.39,50.25,202,2.2337,-0.3078,LOCK,3,looseness
547,205627,5531,5544,-0.10530,0.37440,-0.93600,1.01359,1004.39,1000,-4.39,50.25,202,2.2183,-0.5404,LOCK,3,looseness
548,205636,5540,5553,-0.27690,0.00780,-1.00230,1.03987,1004.40,1000,-4.40,50.25,202,2.2185,-0.5386,LOCK,3,looseness
549,205644,5548,5561,-0.05460,-0.27690,-0.70980,0.76385,1004.39,1000,-4.39,50.25,202,2.2222,-0.4815,LOCK,3,looseness
550,205653,5557,5570,-0.17940,-0.19500,-0.51090,0.57552,1004.39,1000,-4.39,50.25,202,2.2301,-0.3621,LOCK,3,looseness
551,205666,5570,5583,-0.05460,0.01170,-0.65910,0.66146,1004.38,1000,-4.38,50.25,202,2.2347,-0.2925,LOCK,3,looseness
552,205674,5578,5591,-0.18720,-0.26520,-0.76050,0.82688,1004.38,1000,-4.38,50.25,202,2.2026,-0.7791,LOCK,3,looseness
553,205683,5587,5600,0.06630,0.22620,-0.81900,0.85225,1004.37,1000,-4.37,50.25,202,2.2195,-0.5221,LOCK,3,looseness
554,205691,5595,5608,0.06630,0.22620,-0.81900,0.85225,1004.37,1000,-4.37,50.25,202,2.2196,-0.5218,LOCK,3,looseness
555,205700,5604,5617,-0.23010,-0.17160,-0.80730,0.85681,1004.37,1000,-4.37,50.25,202,2.2187,-0.5346,LOCK,3,looseness
556,205709,5613,5626,-0.38610,0.08970,-0.90090,0.98425,1004.36,1000,-4.36,50.25,202,2.2324,-0.3280,LOCK,3,looseness
557,205718,5622,5635,-0.12480,0.00000,-0.83850,0.84774,1004.35,1000,-4.35,50.25,202,2.2345,-0.2950,LOCK,3,looseness
558,205726,5630,5643,-0.19110,-0.18330,-0.83070,0.87188,1004.34,1000,-4.34,50.25,202,2.2153,-0.5865,LOCK,3,looseness
559,205735,5639,5652,-0.13260,0.26130,-0.58500,0.65428,1004.33,1000,-4.33,50.25,202,2.2169,-0.5615,LOCK,3,looseness
560,205743,5647,5660,-0.09750,-0.15600,-0.66690,0.69181,1004.33,1000,-4.33,50.25,202,2.2238,-0.4580,LOCK,3,looseness
561,205752,5656,5669,-0.09750,-0.15600,-0.66690,0.69181,1004.32,1000,-4.32,50.25,202,2.2251,-0.4375,LOCK,3,looseness
562,205764,5668,5681,0.38610,-0.22620,-0.77220,0.89249,1004.33,1000,-4.33,50.25,202,2.2322,-0.3298,LOCK,3,looseness
563,205772,5676,5689,0.38610,-0.22620,-0.77220,0.89249,1004.34,1000,-4.34,50.25,202,2.2332,-0.3148,LOCK,3,looseness
564,205781,5685,5698,-0.00780,0.10920,-1.01010,1.01602,1004.35,1000,-4.35,50.25,202,2.2315,-0.3402,LOCK,3,looseness
565,205789,5693,5706,-0.09750,-0.38220,-1.10370,1.17207,1004.36,1000,-4.36,50.25,202,2.2086,-0.6872,LOCK,3,looseness
566,205798,5702,5715,-0.25740,0.30810,-0.63180,0.74857,1004.36,1000,-4.36,50.25,202,2.2225,-0.4778,LOCK,3,looseness
567,205806,5710,5723,-0.36270,-0.38220,-0.49140,0.72049,1004.37,1000,-4.37,50.25,202,2.2201,-0.5138,LOCK,3,looseness
568,205815,5719,5732,-0.36270,-0.38220,-0.49140,0.72049,1004.37,1000,-4.37,50.25,202,2.2080,-0.6964,LOCK,3,looseness
569,205873,5777,5790,-0.29640,-0.24570,-0.58110,0.69706,1004.37,1000,-4.37,50.25,202,2.2342,-0.2993,LOCK,3,looseness
570,205882,5786,5799,-0.23400,-0.21450,-0.67470,0.74564,1004.38,1000,-4.38,50.25,202,2.2341,-0.3017,LOCK,3,looseness
571,205890,5794,5807,-0.01950,-0.32370,-0.68250,0.75562,1004.39,1000,-4.39,50.25,202,2.2300,-0.3640,LOCK,3,looseness
572,205899,5803,5816,0.01170,0.00000,-0.95550,0.95557,1004.40,1000,-4.40,50.25,202,2.2342,-0.3002,LOCK,3,looseness
573,205907,5811,5824,0.01170,0.00000,-0.95550,0.95557,1004.41,1000,-4.41,50.25,202,2.2262,-0.4214,LOCK,3,looseness
574,205916,5820,5833,-0.03120,0.23010,-1.10370,1.12786,1004.41,1000,-4.41,50.25,202,2.2308,-0.3508,LOCK,3,looseness
575,205924,5828,5841,-0.25740,0.25740,-0.68250,0.77351,1004.42,1000,-4.42,50.25,202,2.2300,-0.3637,LOCK,3,looseness
576,205932,5836,5849,-0.26130,0.08190,-0.61620,0.67431,1004.43,1000,-4.43,50.25,202,2.2153,-0.5868,LOCK,3,looseness
577,205941,5845,5858,-0.08190,0.06630,-0.76830,0.77549,1004.40,1000,-4.40,50.25,202,2.2227,-0.4745,LOCK,3,looseness
578,205949,5853,5866,-0.03510,0.10920,-0.73710,0.74597,1004.39,1000,-4.39,50.25,202,2.2063,-0.7226,LOCK,3,looseness
579,205958,5862,5875,-0.03510,0.10920,-0.73710,0.74597,1004.37,1000,-4.37,50.25,202,2.2254,-0.4327,LOCK,3,looseness
580,205968,5872,5885,0.06630,0.16380,-0.99060,1.00624,1004.35,1000,-4.35,50.25,202,2.2314,-0.3423,LOCK,3,looseness
581,205976,5880,5893,-0.34320,-0.12480,-0.96330,1.03020,1004.34,1000,-4.34,50.25,202,2.2330,-0.3188,LOCK,3,looseness
582,205985,5889,5902,-0.11310,0.60060,-0.49920,0.78912,1004.33,1000,-4.33,50.25,202,2.2117,-0.6402,LOCK,3,looseness
583,205993,5897,5910,-0.38610,-0.34710,-0.65130,0.83291,1004.31,1000,-4.31,50.25,202,2.2150,-0.5914,LOCK,3,looseness
584,206002,5906,5919,0.16770,-0.41730,-0.79560,0.91392,1004.30,1000,-4.30,50.25,202,2.2164,-0.5694,LOCK,3,looseness
585,206010,5914,5927,0.07020,-0.09360,-0.86190,0.86980,1004.29,1000,-4.29,50.25,202,2.2298,-0.3661,LOCK,3,looseness
586,206019,5923,5936,0.07020,-0.09360,-0.86190,0.86980,1004.28,1000,-4.28,50.25,202,2.2350,-0.2873,LOCK,3,looseness
587,206027,5931,5944,-0.08970,0.14040,-0.91650,0.93152,1004.27,1000,-4.27,50.25,202,2.2286,-0.3850,LOCK,3,looseness
588,206036,5940,5953,-0.32370,0.00780,-0.69420,0.76600,1004.26,1000,-4.26,50.25,202,2.2127,-0.6262,LOCK,3,looseness
589,206044,5948,5961,-0.06630,-0.17940,-0.63960,0.66758,1004.25,1000,-4.25,50.25,202,2.2123,-0.6320,LOCK,3,looseness
590,206052,5956,5969,-0.28080,-0.39780,-0.72540,0.87367,1004.24,1000,-4.24,50.25,202,2.2151,-0.5892,LOCK,3,looseness
591,206061,5965,5978,-0.28080,-0.39780,-0.72540,0.87367,1004.24,1000,-4.24,50.25,202,2.2319,-0.3356,LOCK,3,looseness
592,206077,5981,5994,0.03120,0.03120,-0.89700,0.89808,1004.23,1000,-4.23,50.25,202,2.1979,-0.8493,LOCK,3,looseness
593,206085,5989,6002,-0.12480,-0.28080,-1.01400,1.05954,1004.22,1000,-4.22,50.25,202,2.2112,-0.6488,LOCK,3,looseness
594,206093,5997,6010,-0.28860,-0.04680,-0.54210,0.61592,1004.22,1000,-4.22,50.25,202,2.2206,-0.5056,LOCK,3,looseness
595,206102,6006,6019,-0.28860,-0.04680,-0.54210,0.61592,1004.21,1000,-4.21,50.25,202,2.2152,-0.5880,LOCK,3,looseness
596,206123,6027,6040,-0.13650,-0.09750,-1.10370,1.11637,1004.17,1000,-4.17,50.25,202,2.2258,-0.4272,LOCK,3,looseness
597,206131,6035,6048,-0.13650,-0.09750,-1.10370,1.11637,1004.14,1000,-4.14,50.25,202,2.2325,-0.3261,LOCK,3,looseness
598,206140,6044,6057,-0.05070,0.02730,-0.87750,0.87939,1004.11,1000,-4.11,50.25,202,2.2056,-0.7339,LOCK,3,looseness
599,206148,6052,6065,-0.19500,-0.39000,-0.56940,0.71718,1004.08,1000,-4.08,50.25,202,2.2018,-0.7916,LOCK,3,looseness
600,206157,6061,6074,-0.12870,0.30030,-0.66300,0.73913,1004.05,1000,-4.05,50.25,202,2.2147,-0.5957,LOCK,3,looseness
601,206172,6076,6089,-0.49530,-0.29640,-0.79560,0.98293,1004.03,1000,-4.03,50.25,202,2.2336,-0.3096,LOCK,3,looseness
602,206181,6085,6098,-0.08580,-0.37440,-0.79950,0.88698,1004.02,1000,-4.02,50.25,202,2.2287,-0.3835,LOCK,3,looseness
603,206189,6093,6106,0.03510,-0.09750,-1.02960,1.03480,1004.01,1000,-4.01,50.25,202,2.2222,-0.4812,LOCK,3,looseness
604,206198,6102,6115,-0.15990,-0.12480,-0.69420,0.72323,1004.01,1000,-4.01,50.25,202,2.2035,-0.7654,LOCK,3,looseness
605,206206,6110,6123,-0.15990,-0.10920,-0.49530,0.53180,1004.00,1000,-4.00,50.25,202,2.2195,-0.5227,LOCK,3,looseness
606,206215,6119,6132,-0.15990,-0.10920,-0.49530,0.53180,1003.99,1000,-3.99,50.25,202,2.2296,-0.3692,LOCK,3,looseness
607,206223,6127,6140,-0.19110,0.23790,-0.60450,0.67715,1003.99,1000,-3.99,50.25,202,2.2316,-0.3399,LOCK,3,looseness
608,206232,6136,6149,-0.09750,0.03120,-0.95160,0.95709,1003.98,1000,-3.98,50.25,202,2.2322,-0.3301,LOCK,3,looseness
609,206240,6144,6157,-0.19890,-0.00390,-0.78780,0.81253,1003.99,1000,-3.99,50.25,202,2.2185,-0.5386,LOCK,3,looseness
610,206249,6153,6166,-0.05850,-0.32760,-0.89700,0.95674,1004.00,1000,-4.00,50.25,202,2.2109,-0.6530,LOCK,3,looseness
611,206257,6161,6174,-0.19890,-0.10920,-0.51480,0.56259,1004.00,1000,-4.00,50.25,202,2.2221,-0.4836,LOCK,3,looseness
612,206266,6170,6183,-0.19890,-0.10920,-0.51480,0.56259,1004.01,1000,-4.01,50.25,202,2.2287,-0.3826,LOCK,3,looseness
613,206280,6184,6197,-0.01950,0.26910,-0.72930,0.77761,1004.01,1000,-4.01,50.25,202,2.2305,-0.3557,LOCK,3,looseness
614,206289,6193,6206,-0.15210,0.01170,-0.83850,0.85226,1004.01,1000,-4.01,50.25,202,2.2069,-0.7135,LOCK,3,looseness
615,206297,6201,6214,0.04680,0.09750,-0.89700,0.90350,1004.02,1000,-4.02,50.25,202,2.2284,-0.3881,LOCK,3,looseness
616,206306,6210,6223,0.04680,0.09750,-0.89700,0.90350,1004.02,1000,-4.02,50.25,202,2.2132,-0.6185,LOCK,3,looseness
617,206314,6218,6231,-0.23790,-0.10140,-0.75660,0.79958,1004.02,1000,-4.02,50.25,202,2.2148,-0.5941,LOCK,3,looseness
618,206325,6229,6242,0.07410,-0.06630,-0.72540,0.73218,1004.02,1000,-4.02,50.25,202,2.2287,-0.3829,LOCK,3,looseness
619,206334,6238,6251,-0.11700,0.03900,-0.97890,0.98664,1004.03,1000,-4.03,50.25,202,2.2319,-0.3344,LOCK,3,looseness
620,206342,6246,6259,-0.15600,0.55380,-0.80340,0.98817,1004.03,1000,-4.03,50.25,202,2.2022,-0.7846,LOCK,3,looseness
621,206351,6255,6268,-0.36270,-0.20280,-1.01790,1.09945,1004.03,1000,-4.03,50.25,202,2.2217,-0.4900,LOCK,3,looseness
622,206359,6263,6276,-0.47580,-0.30420,-0.59280,0.81874,1004.04,1000,-4.04,50.25,202,2.2264,-0.4189,LOCK,3,looseness
623,206368,6272,6285,-0.47580,-0.30420,-0.59280,0.81874,1004.05,1000,-4.05,50.25,202,2.2318,-0.3359,LOCK,3,looseness
624,206379,6283,6296,-0.15990,-0.11700,-0.54600,0.58084,1004.06,1000,-4.06,50.25,202,2.2334,-0.3118,LOCK,3,looseness
625,206387,6291,6304,0.00390,-0.17160,-0.80340,0.82153,1004.07,1000,-4.07,50.25,202,2.2328,-0.3215,LOCK,3,looseness
626,206395,6299,6312,-0.24960,0.04290,-0.92040,0.95461,1004.08,1000,-4.08,50.25,202,2.2169,-0.5615,LOCK,3,looseness
627,206404,6308,6321,-0.20670,0.27300,-0.87360,0.93831,1004.09,1000,-4.09,50.25,202,2.2104,-0.6613,LOCK,3,looseness
628,206412,6316,6329,-0.41340,-0.37830,-0.78390,0.96359,1004.09,1000,-4.09,50.25,202,2.2193,-0.5261,LOCK,3,looseness
629,206480,6384,6397,-0.31590,-0.37440,-0.51090,0.70780,1004.09,1000,-4.09,50.25,202,2.2349,-0.2898,LOCK,3,looseness
630,206488,6392,6405,-0.05460,-0.40950,-0.62010,0.74511,1004.07,1000,-4.07,50.25,202,2.2300,-0.3643,LOCK,3,looseness
631,206497,6401,6414,0.12090,0.06630,-0.78000,0.79209,1004.05,1000,-4.05,50.25,202,2.2129,-0.6222,LOCK,3,looseness
632,206505,6409,6422,-0.12870,-0.22230,-1.04520,1.07630,1004.03,1000,-4.03,50.25,202,2.2238,-0.4574,LOCK,3,looseness
633,206513,6417,6430,-0.47190,0.16770,-0.50310,0.70987,1004.01,1000,-4.01,50.25,202,2.2188,-0.5337,LOCK,3,looseness
634,206522,6426,6439,-0.47190,0.16770,-0.50310,0.70987,1003.99,1000,-3.99,50.25,202,2.2249,-0.4409,LOCK,3,looseness
635,206530,6434,6447,-0.11310,-0.01560,-0.72930,0.73818,1003.98,1000,-3.98,50.25,202,2.2241,-0.4528,LOCK,3,looseness
636,206539,6443,6456,-0.38220,-0.36660,-0.72540,0.89815,1003.98,1000,-3.98,50.25,202,2.2306,-0.3548,LOCK,3,looseness
637,206547,6451,6464,-0.19110,-0.10140,-0.79950,0.82825,1003.97,1000,-3.97,50.25,202,2.2190,-0.5306,LOCK,3,looseness
638,206556,6460,6473,0.00000,-0.04680,-1.04130,1.04235,1003.97,1000,-3.97,50.25,202,2.2242,-0.4510,LOCK,3,looseness
639,206564,6468,6481,-0.08190,0.02730,-0.83460,0.83905,1003.97,1000,-3.97,50.25,202,2.2187,-0.5346,LOCK,3,looseness
640,206573,6477,6490,-0.08190,0.02730,-0.83460,0.83905,1003.97,1000,-3.97,50.25,202,2.2305,-0.3557,LOCK,3,looseness
641,206583,6487,6500,-0.36270,0.07020,-0.42900,0.56615,1003.97,1000,-3.97,50.25,202,2.2290,-0.3795,LOCK,3,looseness
642,206592,6496,6509,-0.15600,-0.06240,-0.90870,0.92410,1003.97,1000,-3.97,50.25,202,2.2300,-0.3631,LOCK,3,looseness
643,206600,6504,6517,-0.05460,-0.01950,-0.66690,0.66942,1003.96,1000,-3.96,50.25,202,2.2180,-0.5456,LOCK,3,looseness
644,206608,6512,6525,-0.04290,-0.11700,-0.64740,0.65928,1003.95,1000,-3.95,50.25,202,2.2217,-0.4894,LOCK,3,looseness
645,206617,6521,6534,-0.04290,0.02340,-0.87750,0.87886,1003.94,1000,-3.94,50.25,202,2.2189,-0.5325,LOCK,3,looseness
646,206625,6529,6542,-0.21450,0.21060,-0.92040,0.96825,1003.93,1000,-3.93,50.25,202,2.2245,-0.4467,LOCK,3,looseness
647,206634,6538,6551,-0.21450,0.21060,-0.92040,0.96825,1003.93,1000,-3.93,50.25,202,2.2334,-0.3118,LOCK,3,looseness
648,206642,6546,6559,-0.23790,0.22230,-0.48750,0.58623,1003.92,1000,-3.92,50.25,202,2.2313,-0.3444,LOCK,3,looseness
649,206651,6555,6568,-0.10530,-0.06630,-0.74490,0.75522,1003.92,1000,-3.92,50.25,202,2.2142,-0.6033,LOCK,3,looseness
650,206659,6563,6576,-0.16770,-0.08580,-0.72150,0.74569,1003.92,1000,-3.92,50.25,202,2.2189,-0.5319,LOCK,3,looseness
651,206668,6572,6585,-0.05460,-0.10140,-0.81900,0.82706,1003.92,1000,-3.92,50.25,202,2.2144,-0.5996,LOCK,3,looseness
652,206681,6585,6598,0.07410,0.11310,-0.95160,0.96116,1003.92,1000,-3.92,50.25,202,2.2332,-0.3145,LOCK,3,looseness
653,206690,6594,6607,-0.31980,-0.21840,-1.04910,1.11829,1003.92,1000,-3.92,50.25,202,2.2227,-0.4745,LOCK,3,looseness
654,206698,6602,6615,-0.16380,0.46410,-0.51090,0.70939,1003.92,1000,-3.92,50.25,202,2.2051,-0.7403,LOCK,3,looseness
655,206707,6611,6624,-0.16380,0.46410,-0.51090,0.70939,1003.92,1000,-3.92,50.25,202,2.2155,-0.5834,LOCK,3,looseness
656,206715,6619,6632,-0.57330,-0.15210,-0.49140,0.77025,1003.92,1000,-3.92,50.25,202,2.2209,-0.5022,LOCK,3,looseness
657,206737,6641,6654,0.07020,-0.07410,-0.81510,0.82147,1003.93,1000,-3.93,50.25,202,2.2271,-0.4070,LOCK,3,looseness
658,206745,6649,6662,-0.15210,-0.12870,-0.95550,0.97605,1003.94,1000,-3.94,50.25,202,2.2306,-0.3551,LOCK,3,looseness
659,206754,6658,6671,-0.15990,0.06630,-1.11150,1.12490,1003.95,1000,-3.95,50.25,202,2.2173,-0.5557,LOCK,3,looseness
660,206762,6666,6679,-0.21060,0.34710,-0.86580,0.95626,1003.96,1000,-3.96,50.25,202,2.2022,-0.7855,LOCK,3,looseness
661,206771,6675,6688,-0.22620,-0.30420,-0.55770,0.67434,1003.97,1000,-3.97,50.25,202,2.2165,-0.5682,LOCK,3,looseness
662,206781,6685,6698,0.27690,0.02340,-0.75660,0.80602,1003.97,1000,-3.97,50.25,202,2.2315,-0.3408,LOCK,3,looseness
663,206789,6693,6706,0.04290,-0.06240,-0.77610,0.77979,1003.98,1000,-3.98,50.25,202,2.2327,-0.3225,LOCK,3,looseness
664,206798,6702,6715,0.04290,-0.06240,-0.77610,0.77979,1003.98,1000,-3.98,50.25,202,2.2346,-0.2941,LOCK,3,looseness
665,206806,6710,6723,-0.14820,-0.32760,-0.96330,1.02822,1003.98,1000,-3.98,50.25,202,2.2337,-0.3078,LOCK,3,looseness
666,206815,6719,6732,-0.17940,0.40560,-0.85020,0.95892,1003.99,1000,-3.99,50.25,202,2.2325,-0.3261,LOCK,3,looseness
667,206823,6727,6740,-0.20280,0.35490,-0.99450,1.07523,1003.99,1000,-3.99,50.25,202,2.2292,-0.3765,LOCK,3,looseness
668,206832,6736,6749,-0.25740,-0.23400,-0.72930,0.80802,1003.99,1000,-3.99,50.25,202,2.2310,-0.3487,LOCK,3,looseness
669,206840,6744,6757,-0.25740,-0.23400,-0.72930,0.80802,1003.99,1000,-3.99,50.25,202,2.2304,-0.3576,LOCK,3,looseness
670,206849,6753,6766,-0.26910,-0.22230,-0.55770,0.65792,1003.99,1000,-3.99,50.25,202,2.2320,-0.3341,LOCK,3,looseness
671,206857,6761,6774,0.02340,-0.41340,-0.72930,0.83865,1003.99,1000,-3.99,50.25,202,2.2185,-0.5377,LOCK,3,looseness
672,206866,6770,6783,0.07020,-0.21060,-0.76440,0.79598,1003.99,1000,-3.99,50.25,202,2.2162,-0.5725,LOCK,3,looseness
673,206874,6778,6791,-0.22230,0.32760,-0.82290,0.91318,1003.99,1000,-3.99,50.25,202,2.2122,-0.6335,LOCK,3,looseness
674,206888,6792,6805,-0.27300,-0.94770,-0.79170,1.26469,1003.99,1000,-3.99,50.25,202,2.2322,-0.3310,LOCK,3,looseness
675,206897,6801,6814,-0.37050,-0.13260,-0.52650,0.65731,1003.99,1000,-3.99,50.25,202,2.2329,-0.3203,LOCK,3,looseness
676,206905,6809,6822,0.02340,-0.41340,-0.53430,0.67596,1003.99,1000,-3.99,50.25,202,2.2041,-0.7553,LOCK,3,looseness
677,206914,6818,6831,0.19500,-0.17940,-0.87750,0.91663,1003.99,1000,-3.99,50.25,202,2.2211,-0.4983,LOCK,3,looseness
678,206922,6826,6839,0.19500,-0.17940,-0.87750,0.91663,1003.99,1000,-3.99,50.25,202,2.2156,-0.5816,LOCK,3,looseness
679,206931,6835,6848,0.08580,0.12480,-0.79950,0.81372,1003.99,1000,-3.99,50.25,202,2.2041,-0.7562,LOCK,3,looseness
680,206943,6847,6860,-0.11700,0.20670,-1.09590,1.12134,1003.99,1000,-3.99,50.25,202,2.2326,-0.3240,LOCK,3,looseness
681,206952,6856,6869,-0.11700,0.20670,-1.09590,1.12134,1003.99,1000,-3.99,50.25,202,2.2158,-0.5783,LOCK,3,looseness
682,206960,6864,6877,-0.21060,0.33150,-0.52650,0.65685,1003.98,1000,-3.98,50.25,202,2.2167,-0.5654,LOCK,3,looseness
683,206969,6873,6886,0.07410,-0.25740,-0.54600,0.60816,1003.97,1000,-3.97,50.25,202,2.2119,-0.6375,LOCK,3,looseness
684,206977,6881,6894,0.08580,0.06630,-0.84630,0.85322,1003.96,1000,-3.96,50.25,202,2.2321,-0.3313,LOCK,3,looseness
685,206992,6896,6909,-0.15210,0.03120,-1.02570,1.03739,1003.95,1000,-3.95,50.25,202,2.2322,-0.3298,LOCK,3,looseness
686,207001,6905,6918,-0.16770,0.35100,-0.93990,1.01722,1003.94,1000,-3.94,50.25,202,2.2308,-0.3512,LOCK,3,looseness
687,207009,6913,6926,-0.48360,0.16380,-0.75270,0.90954,1003.93,1000,-3.93,50.25,202,2.2322,-0.3298,LOCK,3,looseness
688,207018,6922,6935,0.00000,-0.03900,-0.54600,0.54739,1003.91,1000,-3.91,50.25,202,2.2098,-0.6704,LOCK,3,looseness
689,207026,6930,6943,-0.06630,-0.30030,-0.76440,0.82394,1003.89,1000,-3.89,50.25,202,2.2136,-0.6121,LOCK,3,looseness
690,207034,6938,6951,-0.06630,-0.30030,-0.76440,0.82394,1003.87,1000,-3.87,50.25,202,2.2209,-0.5013,LOCK,3,looseness
691,207043,6947,6960,0.00390,0.10140,-0.88140,0.88722,1003.86,1000,-3.86,50.25,202,2.2223,-0.4806,LOCK,3,looseness
692,207099,7003,7016,0.00780,-0.32760,-0.92040,0.97699,1003.85,1000,-3.85,50.25,202,2.2335,-0.3099,LOCK,3,looseness
693,207107,7011,7024,-0.06240,0.20670,-0.92820,0.95298,1003.85,1000,-3.85,50.25,202,2.2301,-0.3615,LOCK,3,looseness
694,207116,7020,7033,-0.06240,0.20670,-0.92820,0.95298,1003.84,1000,-3.84,50.25,202,2.2312,-0.3453,LOCK,3,looseness
695,207124,7028,7041,-0.05460,-0.04680,-0.89700,0.89988,1003.84,1000,-3.84,50.25,202,2.2332,-0.3148,LOCK,3,looseness
696,207133,7037,7050,-0.57330,-0.58110,-0.57720,0.99975,1003.83,1000,-3.83,50.25,202,2.2323,-0.3292,LOCK,3,looseness
697,207142,7046,7059,0.01560,-0.17940,-0.75270,0.77394,1003.84,1000,-3.84,50.25,202,2.2317,-0.3377,LOCK,3,looseness
698,207150,7054,7067,0.12480,0.07020,-0.78390,0.79687,1003.85,1000,-3.85,50.25,202,2.2318,-0.3359,LOCK,3,looseness
699,207159,7063,7076,0.12480,0.07020,-0.78390,0.79687,1003.85,1000,-3.85,50.25,202,2.2228,-0.4723,LOCK,3,looseness
700,207167,7071,7084,0.00000,-0.26520,-0.91650,0.95410,1003.86,1000,-3.86,50.25,202,2.2052,-0.7400,LOCK,3,looseness
701,207175,7079,7092,-0.30030,0.48750,-0.84630,1.02179,1003.86,1000,-3.86,50.25,202,2.2185,-0.5386,LOCK,3,looseness
702,207184,7088,7101,-0.26520,-0.26130,-0.99060,1.05825,1003.86,1000,-3.86,50.25,202,2.2183,-0.5413,LOCK,3,looseness
703,207197,7101,7114,-0.30030,-0.28080,-0.65520,0.77351,1003.88,1000,-3.87,50.25,202,2.2325,-0.3255,LOCK,3,looseness
704,207206,7110,7123,-0.02340,-0.23010,-0.49920,0.55018,1003.89,1000,-3.89,50.25,202,2.2347,-0.2922,LOCK,3,looseness
705,207214,7118,7131,-0.06240,-0.35880,-0.63570,0.73263,1003.89,1000,-3.89,50.25,202,2.2167,-0.5645,LOCK,3,looseness
706,207223,7127,7140,-0.01950,-0.27690,-0.77610,0.82425,1003.90,1000,-3.90,50.25,202,2.2065,-0.7199,LOCK,3,looseness
707,207231,7135,7148,-0.16770,0.18720,-0.63570,0.68358,1003.91,1000,-3.91,50.25,202,2.2151,-0.5899,LOCK,3,looseness
708,207240,7144,7157,-0.16770,0.18720,-0.63570,0.68358,1003.92,1000,-3.92,50.25,202,2.2229,-0.4705,LOCK,3,looseness
709,207303,7207,7220,-0.03120,0.06240,-1.04520,1.04753,1003.94,1000,-3.94,50.25,202,2.2322,-0.3310,LOCK,3,looseness
710,207312,7216,7229,-0.03120,0.06240,-1.04520,1.04753,1003.96,1000,-3.96,50.25,202,2.2138,-0.6094,LOCK,3,looseness
711,207320,7224,7237,-0.16380,0.24960,-0.86580,0.91583,1003.97,1000,-3.97,50.25,202,2.2177,-0.5493,LOCK,3,looseness
712,207329,7233,7246,-0.14430,-0.08190,-0.59280,0.61558,1003.98,1000,-3.98,50.25,202,2.2173,-0.5563,LOCK,3,looseness
713,207350,7254,7267,0.00390,-0.31980,-0.84630,0.90472,1003.99,1000,-3.99,50.25,202,2.2340,-0.3029,LOCK,3,looseness
714,207359,7263,7276,-0.05460,0.68640,-0.76440,1.02880,1004.00,1000,-4.00,50.25,202,2.2246,-0.4449,LOCK,3,looseness
715,207367,7271,7284,-0.38610,0.00390,-1.03740,1.10693,1004.00,1000,-4.00,50.25,202,2.2137,-0.6112,LOCK,3,looseness
716,207375,7279,7292,-0.19110,-0.34320,-0.86970,0.95430,1004.00,1000,-4.00,50.25,202,2.2148,-0.5932,LOCK,3,looseness
717,207384,7288,7301,-0.19110,-0.34320,-0.86970,0.95430,1004.00,1000,-4.00,50.25,202,2.2062,-0.7239,LOCK,3,looseness
718,207392,7296,7309,-0.22230,-0.05850,-0.80340,0.83564,1004.00,1000,-4.00,50.25,202,2.2258,-0.4269,LOCK,3,looseness
719,207402,7306,7319,-0.13650,0.21450,-0.68640,0.73198,1004.00,1000,-4.00,50.25,202,2.2329,-0.3191,LOCK,3,looseness
720,207411,7315,7328,-0.24570,-0.18330,-0.72540,0.78751,1004.00,1000,-4.00,50.25,202,2.2340,-0.3023,LOCK,3,looseness
721,207419,7323,7336,-0.08580,0.37050,-0.68250,0.78131,1004.00,1000,-4.00,50.25,202,2.2309,-0.3493,LOCK,3,looseness
722,207428,7332,7345,-0.12090,-0.19890,-0.74880,0.78414,1004.00,1000,-4.00,50.25,202,2.2299,-0.3646,LOCK,3,looseness
723,207436,7340,7353,0.06630,-0.04680,-0.92820,0.93174,1004.01,1000,-4.01,50.25,202,2.2323,-0.3295,LOCK,3,looseness
724,207445,7349,7362,0.06630,-0.04680,-0.92820,0.93174,1004.01,1000,-4.01,50.25,202,2.2302,-0.3603,LOCK,3,looseness
725,207453,7357,7370,-0.03900,0.08970,-0.95160,0.95661,1004.01,1000,-4.01,50.25,202,2.2298,-0.3661,LOCK,3,looseness
726,207462,7366,7379,-0.07020,-0.23790,-1.10760,1.13503,1004.02,1000,-4.02,50.25,202,2.2297,-0.3682,LOCK,3,looseness
727,207470,7374,7387,-0.18330,0.23400,-0.79950,0.85297,1004.02,1000,-4.02,50.25,202,2.2109,-0.6530,LOCK,3,looseness
728,207479,7383,7396,-0.15600,0.44070,-0.66300,0.81125,1004.02,1000,-4.02,50.25,202,2.2145,-0.5981,LOCK,3,looseness
729,207487,7391,7404,-0.20670,-0.34320,-0.62010,0.73826,1004.02,1000,-4.02,50.25,202,2.2109,-0.6527,LOCK,3,looseness
730,207503,7407,7420,0.28470,-0.24960,-0.80340,0.88815,1004.02,1000,-4.02,50.25,202,2.2306,-0.3545,LOCK,3,looseness
731,207511,7415,7428,0.02730,0.10920,-0.78000,0.78808,1004.02,1000,-4.02,50.25,202,2.2323,-0.3292,LOCK,3,looseness
732,207520,7424,7437,-0.04680,-0.23400,-0.83850,0.87180,1004.01,1000,-4.01,50.25,202,2.2095,-0.6747,LOCK,3,looseness
733,207528,7432,7445,-0.26130,0.24570,-0.85020,0.92276,1004.01,1000,-4.01,50.25,202,2.2250,-0.4391,LOCK,3,looseness
734,207536,7440,7453,-0.26130,0.24570,-0.85020,0.92276,1004.01,1000,-4.01,50.25,202,2.2132,-0.6179,LOCK,3,looseness
735,207545,7449,7462,-0.14820,0.34710,-0.95940,1.03097,1004.01,1000,-4.01,50.25,202,2.2114,-0.6451,LOCK,3,looseness
736,207553,7457,7470,-0.22620,-0.19890,-0.55380,0.63041,1004.01,1000,-4.01,50.25,202,2.2343,-0.2977,LOCK,3,looseness
737,207562,7466,7479,0.04680,-0.41730,-0.58890,0.72328,1004.02,1000,-4.02,50.25,202,2.2319,-0.3344,LOCK,3,looseness
738,207570,7474,7487,-0.08190,-0.25350,-0.77610,0.82055,1004.03,1000,-4.03,50.25,202,2.2229,-0.4714,LOCK,3,looseness
739,207579,7483,7496,-0.08190,-0.25350,-0.77610,0.82055,1004.04,1000,-4.04,50.25,202,2.2159,-0.5776,LOCK,3,looseness
740,207587,7491,7504,0.20280,-0.02730,-0.77610,0.80262,1004.04,1000,-4.04,50.25,202,2.2200,-0.5157,LOCK,3,looseness
741,207596,7500,7513,-0.19500,0.46410,-0.78390,0.93162,1004.05,1000,-4.05,50.25,202,2.2286,-0.3841,LOCK,3,looseness
742,207606,7510,7523,-0.34710,-0.03120,-1.07250,1.12770,1004.06,1000,-4.06,50.25,202,2.2314,-0.3429,LOCK,3,looseness
743,207615,7519,7532,-0.27690,0.19500,-0.77610,0.84678,1004.06,1000,-4.06,50.25,202,2.2349,-0.2889,LOCK,3,looseness
744,207623,7527,7540,-0.07410,-0.39000,-0.44850,0.59895,1004.06,1000,-4.06,50.25,202,2.2088,-0.6845,LOCK,3,looseness
745,207632,7536,7549,-0.05070,-0.08970,-0.69030,0.69795,1004.06,1000,-4.06,50.25,202,2.2147,-0.5947,LOCK,3,looseness
746,207640,7544,7557,-0.05070,-0.08970,-0.69030,0.69795,1004.07,1000,-4.07,50.25,202,2.2123,-0.6320,LOCK,3,looseness
747,207648,7552,7565,-0.15210,0.18330,-0.95940,0.98852,1004.07,1000,-4.07,50.25,202,2.2246,-0.4452,LOCK,3,looseness
748,207712,7616,7629,-0.05070,-0.12480,-0.86970,0.88007,1004.07,1000,-4.07,50.25,202,2.2337,-0.3072,LOCK,3,looseness
749,207721,7625,7638,-0.17550,0.40950,-0.69030,0.82159,1004.06,1000,-4.06,50.25,202,2.2191,-0.5291,LOCK,3,looseness
750,207729,7633,7646,-0.40560,0.01560,-1.07250,1.14674,1004.06,1000,-4.06,50.25,202,2.2159,-0.5776,LOCK,3,looseness
751,207738,7642,7655,-0.36270,-0.19110,-0.90090,0.98979,1004.08,1000,-4.08,50.25,202,2.2204,-0.5084,LOCK,3,looseness
752,207746,7650,7663,-0.19890,-0.01950,-0.79560,0.82032,1004.09,1000,-4.09,50.25,202,2.2250,-0.4397,LOCK,3,looseness
753,207758,7662,7675,-0.19500,-0.08580,-0.63570,0.67045,1004.10,1000,-4.10,50.25,202,2.2323,-0.3295,LOCK,3,looseness
754,207766,7670,7683,-0.17160,-0.15990,-0.83850,0.87069,1004.12,1000,-4.12,50.25,202,2.2279,-0.3960,LOCK,3,looseness
755,207775,7679,7692,-0.16770,0.21840,-0.71760,0.76862,1004.13,1000,-4.13,50.25,202,2.2185,-0.5380,LOCK,3,looseness
756,207783,7687,7700,-0.16770,0.21840,-0.71760,0.76862,1004.14,1000,-4.14,50.25,202,2.2168,-0.5630,LOCK,3,looseness
757,207792,7696,7709,-0.15990,0.09750,-0.90870,0.92780,1004.14,1000,-4.14,50.25,202,2.2183,-0.5410,LOCK,3,looseness
758,207800,7704,7717,-0.20280,-0.01170,-0.94380,0.96541,1004.15,1000,-4.15,50.25,202,2.2201,-0.5142,LOCK,3,looseness
759,207813,7717,7730,-0.25740,-0.00390,-0.93990,0.97452,1004.15,1000,-4.15,50.25,202,2.2319,-0.3344,LOCK,3,looseness
760,207821,7725,7738,-0.27690,-0.13260,-0.70980,0.77335,1004.15,1000,-4.15,50.25,202,2.2331,-0.3163,LOCK,3,looseness
761,207830,7734,7747,-0.07410,0.34710,-0.63960,0.73148,1004.15,1000,-4.15,50.25,202,2.2180,-0.5459,LOCK,3,looseness
762,207838,7742,7755,0.07020,0.32370,-0.82680,0.89068,1004.15,1000,-4.15,50.25,202,2.2189,-0.5316,LOCK,3,looseness
763,207847,7751,7764,-0.11310,-0.06630,-0.85020,0.86025,1004.15,1000,-4.15,50.25,202,2.2213,-0.4952,LOCK,3,looseness
764,207856,7760,7773,-0.11310,-0.06630,-0.85020,0.86025,1004.12,1000,-4.12,50.25,202,2.2310,-0.3484,LOCK,3,looseness
765,207865,7769,7782,-0.01170,0.00000,-0.91260,0.91267,1004.10,1000,-4.10,50.25,202,2.2333,-0.3139,LOCK,3,looseness
766,207873,7777,7790,-0.05070,0.05850,-0.93990,0.94308,1004.07,1000,-4.07,50.25,202,2.2302,-0.3603,LOCK,3,looseness
767,207881,7785,7798,-0.14040,-0.17550,-0.60840,0.64859,1004.05,1000,-4.05,50.25,202,2.2218,-0.4885,LOCK,3,looseness
768,207890,7794,7807,-0.24570,0.00390,-0.64350,0.68882,1004.03,1000,-4.03,50.25,202,2.2148,-0.5935,LOCK,3,looseness
769,207898,7802,7815,0.06630,-0.12480,-0.97110,0.98133,1004.01,1000,-4.01,50.25,202,2.2064,-0.7217,LOCK,3,looseness
770,207918,7822,7835,-0.04680,-0.09360,-0.92040,0.92633,1003.99,1000,-3.99,50.25,202,2.2309,-0.3496,LOCK,3,looseness
771,207926,7830,7843,-0.04680,-0.09360,-0.92040,0.92633,1003.98,1000,-3.98,50.25,202,2.2226,-0.4763,LOCK,3,looseness
772,207935,7839,7852,-0.08970,-0.16770,-0.97110,0.98955,1003.96,1000,-3.96,50.25,202,2.2200,-0.5154,LOCK,3,looseness
773,207943,7847,7860,-0.01170,-0.05070,-0.83850,0.84011,1003.95,1000,-3.95,50.25,202,2.2208,-0.5032,LOCK,3,looseness
774,207963,7867,7880,-0.39390,0.14820,-0.74880,0.85897,1003.94,1000,-3.94,50.25,202,2.2270,-0.4095,LOCK,3,looseness
775,207971,7875,7888,-0.19110,0.03510,-0.62790,0.65727,1003.92,1000,-3.92,50.25,202,2.2362,-0.2693,LOCK,3,looseness
776,207980,7884,7897,0.00390,-0.37440,-0.64740,0.74788,1003.90,1000,-3.90,50.25,202,2.2203,-0.5108,LOCK,3,looseness
777,207988,7892,7905,0.00390,-0.37440,-0.64740,0.74788,1003.88,1000,-3.88,50.25,202,2.2225,-0.4778,LOCK,3,looseness
778,207996,7900,7913,-0.05850,0.16770,-0.89310,0.91059,1003.87,1000,-3.87,50.25,202,2.2096,-0.6726,LOCK,3,looseness
779,208005,7909,7922,-0.19110,0.10530,-1.13490,1.15568,1003.85,1000,-3.85,50.25,202,2.2182,-0.5432,LOCK,3,looseness
780,208017,7921,7934,-0.14430,0.48360,-0.85800,0.99542,1003.84,1000,-3.84,50.25,202,2.2245,-0.4476,LOCK,3,looseness
781,208025,7929,7942,-0.44850,0.09750,-0.56160,0.72530,1003.82,1000,-3.82,50.25,202,2.2304,-0.3582,LOCK,3,looseness
782,208034,7938,7951,-0.07020,-0.08970,-0.65520,0.66503,1003.80,1000,-3.80,50.25,202,2.2212,-0.4974,LOCK,3,looseness
783,208042,7946,7959,-0.10140,-0.29640,-0.78000,0.84056,1003.79,1000,-3.79,50.25,202,2.2148,-0.5932,LOCK,3,looseness
784,208051,7955,7968,-0.10140,-0.29640,-0.78000,0.84056,1003.77,1000,-3.77,50.25,202,2.2176,-0.5514,LOCK,3,looseness
785,208061,7965,7978,0.11310,0.09750,-0.81510,0.82867,1003.76,1000,-3.76,50.25,202,2.2246,-0.4458,LOCK,3,looseness
786,208070,7974,7987,-0.19890,-0.02730,-1.00230,1.02221,1003.74,1000,-3.74,50.25,202,2.2120,-0.6369,LOCK,3,looseness
787,208078,7982,7995,-0.23790,0.39390,-0.88920,1.00121,1003.73,1000,-3.73,50.25,202,2.2118,-0.6396,LOCK,3,looseness
788,208087,7991,8004,-0.31200,-0.19110,-0.85410,0.92917,1003.72,1000,-3.72,50.25,202,2.2160,-0.5758,LOCK,3,looseness
789,208095,7999,8012,-0.22620,-0.31200,-0.62010,0.73009,1003.73,1000,-3.73,50.25,202,2.2193,-0.5257,LOCK,3,looseness
790,208104,8008,8021,-0.23790,-0.25350,-0.54990,0.65058,1003.74,1000,-3.74,50.25,202,2.2235,-0.4629,LOCK,3,looseness
791,208124,8028,8041,-0.10530,-0.09750,-0.79170,0.80460,1003.75,1000,-3.75,50.25,202,2.2316,-0.3396,LOCK,3,looseness
792,208133,8037,8050,-0.10530,-0.09750,-0.79170,0.80460,1003.76,1000,-3.76,50.25,202,2.2131,-0.6201,LOCK,3,looseness
793,208141,8045,8058,-0.18720,0.11310,-0.74100,0.77260,1003.77,1000,-3.77,50.25,202,2.2220,-0.4852,LOCK,3,looseness
794,208149,8053,8066,-0.08970,-0.19890,-0.85410,0.88153,1003.77,1000,-3.77,50.25,202,2.2164,-0.5700,LOCK,3,looseness
795,208158,8062,8075,0.13260,0.08970,-0.88530,0.89966,1003.77,1000,-3.77,50.25,202,2.2147,-0.5947,LOCK,3,looseness
796,208167,8071,8084,0.02730,0.06630,-0.95550,0.95819,1003.76,1000,-3.76,50.25,202,2.2330,-0.3182,LOCK,3,looseness
797,208176,8080,8093,-0.12480,-0.38610,-1.01010,1.08855,1003.76,1000,-3.76,50.25,202,2.2338,-0.3063,LOCK,3,looseness
798,208184,8088,8101,-0.12480,-0.38610,-1.01010,1.08855,1003.76,1000,-3.76,50.25,202,2.2185,-0.5374,LOCK,3,looseness
799,208193,8097,8110,-0.20280,0.40950,-0.83460,0.95151,1003.75,1000,-3.75,50.25,202,2.2170,-0.5609,LOCK,3,looseness
800,208201,8105,8118,-0.11700,-0.08190,-0.63960,0.65535,1003.75,1000,-3.75,50.25,202,2.2154,-0.5853,LOCK,3,looseness
801,208210,8114,8127,-0.18720,-0.19890,-0.56940,0.63152,1003.75,1000,-3.75,50.25,202,2.2220,-0.4848,LOCK,3,looseness
802,208222,8126,8139,0.21060,-0.19500,-0.77220,0.82381,1003.73,1000,-3.73,50.25,202,2.2331,-0.3170,LOCK,3,looseness
803,208231,8135,8148,0.05460,-0.11700,-0.75660,0.76754,1003.71,1000,-3.71,50.25,202,2.2309,-0.3499,LOCK,3,looseness
804,208239,8143,8156,-0.05460,-0.17160,-0.82290,0.84237,1003.69,1000,-3.69,50.25,202,2.2167,-0.5654,LOCK,3,looseness
805,208248,8152,8165,-0.31980,0.03120,-0.83460,0.89432,1003.68,1000,-3.68,50.25,202,2.2184,-0.5389,LOCK,3,looseness
806,208256,8160,8173,-0.31980,0.03120,-0.83460,0.89432,1003.67,1000,-3.67,50.25,202,2.2218,-0.4882,LOCK,3,looseness
807,208265,8169,8182,-0.21060,-0.65910,-0.69810,0.98291,1003.65,1000,-3.65,50.25,202,2.2244,-0.4491,LOCK,3,looseness
808,208328,8232,8245,-0.18720,0.21060,-0.80730,0.85506,1003.65,1000,-3.65,50.25,202,2.2320,-0.3337,LOCK,3,looseness
809,208336,8240,8253,-0.21840,0.07020,-0.53430,0.58147,1003.66,1000,-3.66,50.25,202,2.2093,-0.6769,LOCK,3,looseness
810,208345,8249,8262,0.05070,-0.14820,-0.70980,0.72688,1003.66,1000,-3.66,50.25,202,2.2302,-0.3606,LOCK,3,looseness
811,208353,8257,8270,-0.06240,0.11700,-0.82680,0.83737,1003.66,1000,-3.66,50.25,202,2.2179,-0.5474,LOCK,3,looseness
812,208362,8266,8279,-0.20280,-0.11310,-1.07640,1.10116,1003.66,1000,-3.66,50.25,202,2.2217,-0.4900,LOCK,3,looseness
813,208372,8276,8289,-0.12870,0.49140,-0.79170,0.94065,1003.67,1000,-3.67,50.25,202,2.2337,-0.3072,LOCK,3,looseness
814,208380,8284,8297,-0.39780,0.04680,-0.57720,0.70256,1003.67,1000,-3.67,50.25,202,2.2352,-0.2855,LOCK,3,looseness
815,208389,8293,8306,-0.39780,0.04680,-0.57720,0.70256,1003.67,1000,-3.67,50.25,202,2.2081,-0.6949,LOCK,3,looseness
816,208397,8301,8314,0.20670,0.07020,-0.60060,0.63904,1003.65,1000,-3.65,50.25,202,2.2175,-0.5529,LOCK,3,looseness
817,208405,8309,8322,0.01950,-0.09750,-0.86190,0.86762,1003.63,1000,-3.63,50.25,202,2.2168,-0.5630,LOCK,3,looseness
818,208414,8318,8331,-0.01950,0.03120,-1.00620,1.00687,1003.62,1000,-3.62,50.25,202,2.2211,-0.4992,LOCK,3,looseness
819,208426,8330,8343,-0.17160,-0.10530,-0.89310,0.91551,1003.60,1000,-3.60,50.25,202,2.2267,-0.4140,LOCK,3,looseness
820,208434,8338,8351,-0.31200,0.46410,-0.40560,0.69083,1003.59,1000,-3.59,50.25,202,2.2254,-0.4330,LOCK,3,looseness
821,208443,8347,8360,-0.00390,0.00780,-0.72150,0.72155,1003.58,1000,-3.58,50.25,202,2.2158,-0.5783,LOCK,3,looseness
822,208451,8355,8368,-0.23790,-0.13260,-0.74100,0.78947,1003.56,1000,-3.56,50.25,202,2.2140,-0.6057,LOCK,3,looseness
823,208460,8364,8377,-0.23790,-0.13260,-0.74100,0.78947,1003.54,1000,-3.54,50.25,202,2.2263,-0.4198,LOCK,3,looseness
824,208468,8372,8385,-0.11700,0.06240,-0.92820,0.93762,1003.52,1000,-3.52,50.25,202,2.2285,-0.3859,LOCK,3,looseness
825,208477,8381,8394,-0.10530,-0.15210,-1.02180,1.03841,1003.50,1000,-3.50,50.25,202,2.2387,-0.2324,LOCK,3,looseness
826,208485,8389,8402,-0.08580,0.28080,-0.70200,0.76093,1003.49,1000,-3.49,50.25,202,2.2359,-0.2748,LOCK,3,looseness
827,208494,8398,8411,-0.18330,0.16380,-0.65520,0.69980,1003.47,1000,-3.47,50.25,202,2.2183,-0.5416,LOCK,3,looseness
828,208502,8406,8419,-0.18330,0.16380,-0.65520,0.69980,1003.46,1000,-3.46,50.25,202,2.2115,-0.6433,LOCK,3,looseness
829,208511,8415,8428,-0.30810,-0.09750,-0.90090,0.95711,1003.45,1000,-3.45,50.25,202,2.2247,-0.4436,LOCK,3,looseness
830,208519,8423,8436,-0.12090,-0.13260,-0.77220,0.79278,1003.44,1000,-3.44,50.25,202,2.2256,-0.4308,LOCK,3,looseness
831,208582,8486,8499,0.05070,0.07410,-0.92820,0.93253,1003.44,1000,-3.44,50.25,202,2.2316,-0.3396,LOCK,3,looseness
832,208590,8494,8507,-0.15600,-0.33150,-1.01790,1.08183,1003.45,1000,-3.45,50.25,202,2.2118,-0.6399,LOCK,3,looseness
833,208599,8503,8516,-0.03900,-0.04680,-0.71370,0.71630,1003.45,1000,-3.45,50.25,202,2.2101,-0.6653,LOCK,3,looseness
834,208607,8511,8524,-0.27690,0.08580,-0.58110,0.64939,1003.46,1000,-3.46,50.25,202,2.2210,-0.5004,LOCK,3,looseness
835,208616,8520,8533,-0.37440,-0.72930,-0.79560,1.14238,1003.46,1000,-3.46,50.25,202,2.1987,-0.8374,LOCK,3,looseness
836,208631,8535,8548,-0.40560,0.10920,-0.78780,0.89278,1003.46,1000,-3.46,50.25,202,2.2349,-0.2892,LOCK,3,looseness
837,208640,8544,8557,-0.12480,-0.13650,-0.83460,0.85485,1003.46,1000,-3.46,50.25,202,2.2283,-0.3893,LOCK,3,looseness
838,208648,8552,8565,-0.23400,-0.19110,-0.49920,0.58350,1003.46,1000,-3.46,50.25,202,2.2197,-0.5200,LOCK,3,looseness
839,208657,8561,8574,0.18720,-0.01170,-0.76440,0.78708,1003.46,1000,-3.46,50.25,202,2.2030,-0.7727,LOCK,3,looseness
840,208665,8569,8582,0.18720,-0.01170,-0.76440,0.78708,1003.46,1000,-3.46,50.25,202,2.2179,-0.5468,LOCK,3,looseness
841,208676,8580,8593,-0.05850,0.46020,-0.85410,0.97195,1003.46,1000,-3.46,50.25,202,2.2298,-0.3673,LOCK,3,looseness
842,208684,8588,8601,-0.41730,-0.24180,-0.99060,1.10177,1003.46,1000,-3.46,50.25,202,2.2320,-0.3334,LOCK,3,looseness
843,208693,8597,8610,-0.13650,-0.00390,-0.52260,0.54015,1003.45,1000,-3.45,50.25,202,2.2038,-0.7599,LOCK,3,looseness
844,208701,8605,8618,0.01170,-0.46020,-0.56160,0.72616,1003.45,1000,-3.45,50.25,202,2.2181,-0.5441,LOCK,3,looseness
845,208709,8613,8626,0.07410,0.01170,-0.86580,0.86904,1003.45,1000,-3.45,50.25,202,2.2140,-0.6054,LOCK,3,looseness
846,208718,8622,8635,-0.04680,0.08190,-1.10370,1.10772,1003.45,1000,-3.45,50.25,202,2.2133,-0.6164,LOCK,3,looseness
847,208732,8636,8649,-0.30420,0.38220,-0.74100,0.88752,1003.45,1000,-3.45,50.25,202,2.2306,-0.3539,LOCK,3,looseness
848,208741,8645,8658,-0.17160,-0.08970,-0.65910,0.68695,1003.45,1000,-3.45,50.25,202,2.2267,-0.4131,LOCK,3,looseness
849,208749,8653,8666,0.03510,-0.47970,-0.73320,0.87688,1003.45,1000,-3.45,50.25,202,2.2171,-0.5593,LOCK,3,looseness
850,208757,8661,8674,0.03510,-0.47970,-0.73320,0.87688,1003.44,1000,-3.44,50.25,202,2.2139,-0.6079,LOCK,3,looseness
851,208766,8670,8683,-0.17160,-0.06240,-0.92040,0.93834,1003.43,1000,-3.43,50.25,202,2.2227,-0.4736,LOCK,3,looseness
852,208774,8678,8691,-0.15990,-0.01170,-0.88920,0.90354,1003.43,1000,-3.43,50.25,202,2.2222,-0.4815,LOCK,3,looseness
853,208788,8692,8705,-0.24960,-0.08970,-0.69030,0.73950,1003.42,1000,-3.42,50.25,202,2.2325,-0.3255,LOCK,3,looseness
854,208796,8700,8713,-0.23400,0.20280,-0.63180,0.70360,1003.42,1000,-3.42,50.25,202,2.2105,-0.6598,LOCK,3,looseness
855,208805,8709,8722,-0.17940,0.20280,-1.05300,1.08725,1003.41,1000,-3.41,50.25,202,2.2231,-0.4674,LOCK,3,looseness
856,208813,8717,8730,-0.55380,0.09750,-0.71760,0.91167,1003.40,1000,-3.40,50.25,202,2.2103,-0.6619,LOCK,3,looseness
857,208822,8726,8739,-0.14820,0.06630,-0.59670,0.61839,1003.39,1000,-3.39,50.25,202,2.2130,-0.6213,LOCK,3,looseness
858,208835,8739,8752,0.06240,-0.32370,-0.84240,0.90461,1003.38,1000,-3.38,50.25,202,2.2315,-0.3414,LOCK,3,looseness
859,208843,8747,8760,-0.02730,0.43290,-0.93990,1.03516,1003.38,1000,-3.38,50.25,202,2.2313,-0.3435,LOCK,3,looseness
860,208852,8756,8769,-0.22230,0.28860,-0.88530,0.95732,1003.37,1000,-3.37,50.25,202,2.2260,-0.4247,LOCK,3,looseness
861,208860,8764,8777,-0.22230,0.28860,-0.88530,0.95732,1003.36,1000,-3.36,50.25,202,2.2191,-0.5291,LOCK,3,looseness
862,208869,8773,8786,-0.48750,-0.07410,-0.55770,0.74443,1003.36,1000,-3.36,50.25,202,2.2226,-0.4757,LOCK,3,looseness
863,208877,8781,8794,0.17550,-0.15210,-0.70590,0.74312,1003.34,1000,-3.34,50.25,202,2.2197,-0.5200,LOCK,3,looseness
864,208885,8789,8802,-0.01170,0.26520,-0.81900,0.86095,1003.33,1000,-3.33,50.25,202,2.2069,-0.7141,LOCK,3,looseness
865,208937,8841,8854,0.08190,0.06240,-0.79560,0.80223,1003.33,1000,-3.33,50.25,202,2.2332,-0.3157,LOCK,3,looseness
866,208946,8850,8863,-0.06240,-0.08190,-1.07640,1.08131,1003.33,1000,-3.33,50.25,202,2.2363,-0.2687,LOCK,3,looseness
867,208954,8858,8871,0.02730,-0.05070,-0.81510,0.81713,1003.33,1000,-3.33,50.25,202,2.2337,-0.3081,LOCK,3,looseness
868,208963,8867,8880,0.02730,-0.05070,-0.81510,0.81713,1003.33,1000,-3.33,50.25,202,2.2313,-0.3438,LOCK,3,looseness
869,208971,8875,8888,-0.28860,-0.00780,-0.57330,0.64189,1003.33,1000,-3.33,50.25,202,2.2317,-0.3380,LOCK,3,looseness
870,208980,8884,8897,-0.13650,0.10920,-0.94380,0.95985,1003.33,1000,-3.33,50.25,202,2.2336,-0.3093,LOCK,3,looseness
871,208993,8897,8910,-0.22230,-0.07020,-0.79170,0.82531,1003.33,1000,-3.33,50.25,202,2.2310,-0.3490,LOCK,3,looseness
872,209002,8906,8919,-0.15990,-0.26520,-0.69420,0.76014,1003.34,1000,-3.34,50.25,202,2.2163,-0.5709,LOCK,3,looseness
873,209010,8914,8927,-0.14820,-0.09750,-0.50700,0.53714,1003.35,1000,-3.35,50.25,202,2.2140,-0.6066,LOCK,3,looseness
874,209018,8922,8935,0.08580,-0.03120,-0.82290,0.82795,1003.36,1000,-3.36,50.25,202,2.2079,-0.6988,LOCK,3,looseness
875,209027,8931,8944,-0.15990,0.39780,-0.78780,0.89691,1003.37,1000,-3.37,50.25,202,2.2148,-0.5941,LOCK,3,looseness
876,209041,8945,8958,-0.40170,-0.00780,-0.95550,1.03653,1003.38,1000,-3.38,50.25,202,2.2333,-0.3133,LOCK,3,looseness
877,209050,8954,8967,-0.02340,0.21840,-0.84240,0.87057,1003.37,1000,-3.37,50.25,202,2.2298,-0.3661,LOCK,3,looseness
878,209058,8962,8975,-0.06630,-0.20670,-0.49920,0.54435,1003.37,1000,-3.37,50.25,202,2.2236,-0.4607,LOCK,3,looseness
879,209066,8970,8983,-0.06630,-0.20670,-0.49920,0.54435,1003.37,1000,-3.37,50.25,202,2.2229,-0.4717,LOCK,3,looseness
880,209075,8979,8992,0.14820,-0.16770,-0.82680,0.85655,1003.37,1000,-3.37,50.25,202,2.2174,-0.5544,LOCK,3,looseness
881,209085,8989,9002,-0.07800,0.05070,-0.92430,0.92897,1003.37,1000,-3.37,50.25,202,2.2262,-0.4207,LOCK,3,looseness
882,209094,8998,9011,-0.03900,0.46800,-0.83850,0.96106,1003.36,1000,-3.36,50.25,202,2.2298,-0.3661,LOCK,3,looseness
883,209102,9006,9019,-0.57330,0.12480,-1.03350,1.18843,1003.36,1000,-3.36,50.25,202,2.2037,-0.7626,LOCK,3,looseness
884,209111,9015,9028,-0.13260,-0.25350,-0.60450,0.66878,1003.38,1000,-3.38,50.25,202,2.2223,-0.4803,LOCK,3,looseness
885,209119,9023,9036,-0.29250,0.12480,-0.62010,0.69689,1003.40,1000,-3.40,50.25,202,2.2128,-0.6240,LOCK,3,looseness
886,209128,9032,9045,-0.29250,0.12480,-0.62010,0.69689,1003.41,1000,-3.41,50.25,202,2.2135,-0.6134,LOCK,3,looseness
887,209148,9052,9065,-0.01170,-0.23400,-0.82680,0.85936,1003.43,1000,-3.43,50.25,202,2.2242,-0.4522,LOCK,3,looseness
888,209157,9061,9074,-0.19500,0.18720,-0.62400,0.68003,1003.44,1000,-3.44,50.25,202,2.2334,-0.3118,LOCK,3,looseness
889,209165,9069,9082,-0.44070,-0.08970,-0.81900,0.93436,1003.45,1000,-3.45,50.25,202,2.2200,-0.5157,LOCK,3,looseness
890,209174,9078,9091,0.08190,-0.08970,-0.94380,0.95158,1003.49,1000,-3.49,50.25,202,2.2307,-0.3524,LOCK,3,looseness
891,209182,9086,9099,-0.05070,0.04680,-0.93990,0.94243,1003.52,1000,-3.52,50.25,202,2.2295,-0.3710,LOCK,3,looseness
892,209195,9099,9112,-0.19500,-0.35490,-0.82680,0.92064,1003.54,1000,-3.54,50.25,202,2.2299,-0.3658,LOCK,3,looseness
893,209204,9108,9121,-0.15210,0.15600,-0.58500,0.62426,1003.57,1000,-3.57,50.25,202,2.2303,-0.3585,LOCK,3,looseness
894,209212,9116,9129,-0.13650,-0.24180,-0.70200,0.75492,1003.59,1000,-3.59,50.25,202,2.2105,-0.6585,LOCK,3,looseness
895,209221,9125,9138,-0.11700,-0.45240,-0.79170,0.91932,1003.61,1000,-3.61,50.25,202,2.2186,-0.5367,LOCK,3,looseness
896,209229,9133,9146,-0.11700,-0.45240,-0.79170,0.91932,1003.62,1000,-3.62,50.25,202,2.2072,-0.7092,LOCK,3,looseness
897,209239,9143,9156,0.10920,0.16770,-0.79560,0.82038,1003.63,1000,-3.63,50.25,202,2.2263,-0.4195,LOCK,3,looseness
898,209247,9151,9164,0.00780,0.04290,-0.91650,0.91754,1003.64,1000,-3.64,50.25,202,2.2047,-0.7474,LOCK,3,looseness
899,209256,9160,9173,0.01170,-0.06240,-1.00620,1.00820,1003.65,1000,-3.65,50.25,202,2.2086,-0.6884,LOCK,3,looseness
900,209264,9168,9181,-0.24570,0.17940,-0.69810,0.76151,1003.66,1000,-3.66,50.25,202,2.2173,-0.5566,LOCK,3,looseness
901,209272,9176,9189,-0.35100,0.07020,-0.78390,0.86176,1003.66,1000,-3.66,50.25,202,2.2060,-0.7269,LOCK,3,looseness
902,209292,9196,9209,-0.10140,-0.21840,-0.65520,0.69805,1003.68,1000,-3.68,50.25,202,2.2341,-0.3014,LOCK,3,looseness
903,209301,9205,9218,0.12480,-0.21840,-0.78000,0.81956,1003.69,1000,-3.69,50.25,202,2.2322,-0.3307,LOCK,3,looseness
904,209309,9213,9226,0.07800,-0.11700,-0.87360,0.88484,1003.70,1000,-3.70,50.25,202,2.2170,-0.5609,LOCK,3,looseness
905,209318,9222,9235,0.14040,0.12480,-0.82290,0.84407,1003.71,1000,-3.71,50.25,202,2.2196,-0.5215,LOCK,3,looseness
906,209326,9230,9243,-0.28080,0.26910,-0.96330,1.03885,1003.72,1000,-3.72,50.25,202,2.2195,-0.5227,LOCK,3,looseness
907,209335,9239,9252,-0.12090,-0.23010,-0.66690,0.71576,1003.73,1000,-3.73,50.25,202,2.2232,-0.4671,LOCK,3,looseness
908,209347,9251,9264,-0.01170,-0.17550,-0.60450,0.62957,1003.75,1000,-3.75,50.25,202,2.2324,-0.3276,LOCK,3,looseness
909,209356,9260,9273,0.14820,-0.36660,-0.64740,0.75861,1003.77,1000,-3.77,50.25,202,2.2310,-0.3490,LOCK,3,looseness
910,209364,9268,9281,-0.07410,0.12090,-0.85410,0.86579,1003.78,1000,-3.78,50.25,202,2.2112,-0.6482,LOCK,3,looseness
911,209373,9277,9290,-0.07410,0.12090,-0.85410,0.86579,1003.80,1000,-3.80,50.25,202,2.2072,-0.7089,LOCK,3,looseness
912,209381,9285,9298,-0.26520,-0.07800,-1.08030,1.11511,1003.81,1000,-3.81,50.25,202,2.2114,-0.6451,LOCK,3,looseness
913,209389,9293,9306,-0.23010,0.35100,-0.65130,0.77482,1003.82,1000,-3.82,50.25,202,2.2266,-0.4153,LOCK,3,looseness
914,209403,9307,9320,-0.07020,0.06240,-0.61230,0.61946,1003.83,1000,-3.83,50.25,202,2.2313,-0.3441,LOCK,3,looseness
915,209411,9315,9328,0.08580,0.12480,-0.69810,0.71434,1003.83,1000,-3.83,50.25,202,2.2175,-0.5535,LOCK,3,looseness
916,209420,9324,9337,-0.05460,-0.12090,-0.88140,0.89133,1003.83,1000,-3.83,50.25,202,2.2247,-0.4436,LOCK,3,looseness
917,209428,9332,9345,-0.02340,0.10920,-1.04910,1.05503,1003.84,1000,-3.84,50.25,202,2.2118,-0.6396,LOCK,3,looseness
918,209437,9341,9354,-0.25740,-0.26910,-0.74880,0.83628,1003.84,1000,-3.84,50.25,202,2.2160,-0.5764,LOCK,3,looseness
919,209501,9405,9418,-0.18720,0.26130,-0.76440,0.82923,1003.86,1000,-3.86,50.25,202,2.2312,-0.3450,LOCK,3,looseness
920,209509,9413,9426,-0.14430,0.05850,-0.58500,0.60537,1003.89,1000,-3.89,50.25,202,2.2284,-0.3881,LOCK,3,looseness
921,209518,9422,9435,-0.14430,0.05850,-0.58500,0.60537,1003.91,1000,-3.91,50.25,202,2.2137,-0.6103,LOCK,3,looseness
922,209526,9430,9443,-0.22230,0.06240,-0.78780,0.82094,1003.93,1000,-3.93,50.25,202,2.2238,-0.4574,LOCK,3,looseness
923,209534,9438,9451,0.16380,0.10530,-0.90480,0.92552,1003.95,1000,-3.95,50.25,202,2.2212,-0.4977,LOCK,3,looseness
924,209543,9447,9460,0.03900,0.03510,-0.96330,0.96473,1003.97,1000,-3.97,50.25,202,2.2289,-0.3805,LOCK,3,looseness
925,209552,9456,9469,-0.09360,-0.42120,-0.71760,0.83733,1003.98,1000,-3.98,50.25,202,2.2281,-0.3924,LOCK,3,looseness
926,209561,9465,9478,-0.19890,0.12480,-0.68250,0.72176,1004.00,1000,-4.00,50.25,202,2.2273,-0.4043,LOCK,3,looseness
927,209569,9473,9486,-0.19890,0.12480,-0.68250,0.72176,1004.01,1000,-4.01,50.25,202,2.2069,-0.7141,LOCK,3,looseness
928,209578,9482,9495,-0.08970,0.01950,-0.74100,0.74666,1004.02,1000,-4.02,50.25,202,2.2173,-0.5560,LOCK,3,looseness
929,209586,9490,9503,-0.15600,0.00000,-0.94770,0.96045,1004.03,1000,-4.03,50.25,202,2.2178,-0.5486,LOCK,3,looseness
930,209595,9499,9512,0.01170,0.05850,-0.90090,0.90287,1004.04,1000,-4.04,50.25,202,2.2145,-0.5984,LOCK,3,looseness
931,209659,9563,9576,0.00780,-0.26130,-0.54990,0.60887,1004.07,1000,-4.07,50.25,202,2.2338,-0.3066,LOCK,3,looseness
932,209668,9572,9585,0.02340,-0.34320,-0.90090,0.96434,1004.10,1000,-4.10,50.25,202,2.2118,-0.6393,LOCK,3,looseness
933,209676,9580,9593,0.07800,-0.05850,-0.85410,0.85965,1004.12,1000,-4.12,50.25,202,2.2246,-0.4452,LOCK,3,looseness
934,209684,9588,9601,-0.08580,0.23010,-1.01010,1.03952,1004.15,1000,-4.15,50.25,202,2.2056,-0.7333,LOCK,3,looseness
935,209693,9597,9610,-0.36660,0.08190,-0.82290,0.90458,1004.17,1000,-4.17,50.25,202,2.2047,-0.7464,LOCK,3,looseness
936,209703,9607,9620,-0.48750,-0.00780,-0.48360,0.68672,1004.18,1000,-4.18,50.25,202,2.2328,-0.3212,LOCK,3,looseness
937,209711,9615,9628,-0.48750,-0.00780,-0.48360,0.68672,1004.19,1000,-4.19,50.25,202,2.2323,-0.3286,LOCK,3,looseness
938,209720,9624,9637,0.12870,-0.30420,-0.67080,0.74771,1004.20,1000,-4.20,50.25,202,2.2133,-0.6173,LOCK,3,looseness
939,209728,9632,9645,-0.00390,0.20280,-0.89310,0.91584,1004.20,1000,-4.20,50.25,202,2.2148,-0.5935,LOCK,3,looseness
940,209737,9641,9654,-0.14040,-0.03510,-1.09590,1.10541,1004.21,1000,-4.21,50.25,202,2.2208,-0.5035,LOCK,3,looseness
941,209745,9649,9662,-0.30810,0.12870,-0.65520,0.73537,1004.21,1000,-4.21,50.25,202,2.2229,-0.4711,LOCK,3,looseness
942,209761,9665,9678,-0.02730,-0.10530,-0.71370,0.72194,1004.22,1000,-4.22,50.25,202,2.2236,-0.4604,LOCK,3,looseness
943,209770,9674,9687,0.05460,-0.16380,-0.69420,0.71535,1004.20,1000,-4.20,50.25,202,2.2112,-0.6491,LOCK,3,looseness
944,209778,9682,9695,-0.30030,-0.18720,-0.92430,0.98972,1004.19,1000,-4.19,50.25,202,2.2234,-0.4632,LOCK,3,looseness
945,209787,9691,9704,-0.07020,-0.07410,-0.97890,0.98421,1004.18,1000,-4.18,50.25,202,2.2168,-0.5642,LOCK,3,looseness
946,209795,9699,9712,-0.34320,-0.11310,-0.63180,0.72784,1004.16,1000,-4.16,50.25,202,2.2222,-0.4815,LOCK,3,looseness
947,209806,9710,9723,-0.22620,0.35880,-0.61620,0.74807,1004.15,1000,-4.15,50.25,202,2.2322,-0.3307,LOCK,3,looseness
948,209814,9718,9731,-0.22620,0.35880,-0.61620,0.74807,1004.15,1000,-4.15,50.25,202,2.2326,-0.3249,LOCK,3,looseness
949,209823,9727,9740,-0.14430,-0.39780,-0.79170,0.89769,1004.14,1000,-4.14,50.25,202,2.2051,-0.7410,LOCK,3,looseness
950,209831,9735,9748,-0.05070,-0.03900,-0.95940,0.96153,1004.15,1000,-4.15,50.25,202,2.2219,-0.4858,LOCK,3,looseness
951,209839,9743,9756,-0.07800,-0.01560,-0.78780,0.79181,1004.15,1000,-4.15,50.25,202,2.2196,-0.5206,LOCK,3,looseness
952,209848,9752,9765,-0.04290,-0.09360,-0.63960,0.64783,1004.16,1000,-4.16,50.25,202,2.2242,-0.4522,LOCK,3,looseness
953,209865,9769,9782,0.00000,0.14040,-0.76440,0.77719,1004.16,1000,-4.16,50.25,202,2.2308,-0.3515,LOCK,3,looseness
954,209873,9777,9790,-0.25350,0.27300,-0.78000,0.86440,1004.17,1000,-4.17,50.25,202,2.2090,-0.6811,LOCK,3,looseness
955,209882,9786,9799,-0.58890,-0.08190,-1.00620,1.16874,1004.17,1000,-4.17,50.25,202,2.2254,-0.4333,LOCK,3,looseness
956,209890,9794,9807,-0.42510,-0.05070,-0.60840,0.74393,1004.17,1000,-4.17,50.25,202,2.2116,-0.6427,LOCK,3,looseness
957,209899,9803,9816,0.06240,-0.12480,-0.71760,0.73104,1004.16,1000,-4.16,50.25,202,2.2191,-0.5282,LOCK,3,looseness
958,209908,9812,9825,-0.03120,-0.27300,-0.91650,0.95680,1004.15,1000,-4.15,50.25,202,2.2326,-0.3240,LOCK,3,looseness
959,209917,9821,9834,-0.03120,-0.27300,-0.91650,0.95680,1004.15,1000,-4.15,50.25,202,2.2267,-0.4137,LOCK,3,looseness
960,209925,9829,9842,-0.27690,0.40560,-0.92040,1.04323,1004.14,1000,-4.14,50.25,202,2.2116,-0.6427,LOCK,3,looseness
961,209933,9837,9850,-0.05460,-0.08580,-0.64350,0.65149,1004.14,1000,-4.14,50.25,202,2.2232,-0.4665,LOCK,3,looseness
962,209942,9846,9859,-0.02730,-0.26130,-0.66300,0.71316,1004.13,1000,-4.13,50.25,202,2.2283,-0.3896,LOCK,3,looseness
963,209950,9854,9867,0.01950,0.01560,-0.86190,0.86226,1004.12,1000,-4.12,50.25,202,2.2208,-0.5032,LOCK,3,looseness
964,209964,9868,9881,0.02730,-0.21060,-0.93210,0.95599,1004.10,1000,-4.10,50.25,202,2.2247,-0.4446,LOCK,3,looseness
965,209972,9876,9889,-0.03900,-0.08190,-0.89700,0.90158,1004.09,1000,-4.09,50.25,202,2.2322,-0.3304,LOCK,3,looseness
966,209981,9885,9898,-0.41340,-0.05460,-0.49920,0.65045,1004.08,1000,-4.08,50.25,202,2.2100,-0.6671,LOCK,3,looseness
967,209989,9893,9906,-0.41340,-0.05460,-0.49920,0.65045,1004.07,1000,-4.07,50.25,202,2.2057,-0.7318,LOCK,3,looseness
968,209998,9902,9915,0.33930,0.18330,-0.78780,0.87713,1004.06,1000,-4.06,50.25,202,2.2247,-0.4436,LOCK,3,looseness
969,210008,9912,9925,-0.40560,0.13650,-0.76830,0.87945,1004.05,1000,-4.05,50.25,202,2.2261,-0.4229,LOCK,3,looseness
970,210016,9920,9933,0.05850,-0.19500,-0.94380,0.96551,1004.04,1000,-4.04,50.25,202,2.2261,-0.4223,LOCK,3,looseness
971,210025,9929,9942,-0.08970,-0.20670,-0.60840,0.64878,1004.03,1000,-4.03,50.25,202,2.2139,-0.6079,LOCK,3,looseness
972,210033,9937,9950,0.07410,-0.11310,-0.72540,0.73789,1004.02,1000,-4.02,50.25,202,2.2098,-0.6704,LOCK,3,looseness
973,210041,9945,9958,-0.19890,0.08580,-0.76440,0.79450,1004.01,1000,-4.01,50.25,202,2.2120,-0.6366,LOCK,3,looseness
974,210050,9954,9967,-0.19890,0.08580,-0.76440,0.79450,1004.01,1000,-4.01,50.25,202,2.2167,-0.5645,LOCK,3,looseness
975,210070,9974,9987,-0.11310,0.15210,-0.56160,0.59272,1004.01,1000,-4.01,50.25,202,2.2322,-0.3307,LOCK,3,looseness
976,210078,9982,9995,0.13260,-0.09360,-0.67860,0.69774,1004.00,1000,-4.00,50.25,202,2.2312,-0.3450,LOCK,3,looseness
