sample_index,time_ms_raw,time_ms_zero,elapsed_ms,ax_g,ay_g,az_g,total_g,rpm,target_rpm,rpm_error,pwm_eq,duty_10bit,acs_v,current_a,control_mode,state,fault_type
0,7020406,0,13,0.05070,0.04680,-0.79950,0.80247,1012.50,1000,-12.50,50.50,203,2.2842,0.4575,LOCK,2,misalignment
1,7020414,8,21,-0.02340,0.08190,-0.73320,0.73813,1012.50,1000,-12.50,50.50,203,2.2959,0.6354,LOCK,2,misalignment
2,7020424,18,31,-0.00780,0.03900,-0.82290,0.82386,1012.48,1000,-12.48,50.50,203,2.2823,0.4291,LOCK,2,misalignment
3,7020434,28,41,-0.00780,0.01170,-0.79950,0.79962,1012.47,1000,-12.47,50.50,203,2.2661,0.1830,LOCK,2,misalignment
4,7020444,38,51,-0.08190,-0.01950,-0.79950,0.80392,1012.47,1000,-12.47,50.50,203,2.2654,0.1730,LOCK,2,misalignment
5,7020454,48,61,0.01950,0.05850,-0.76440,0.76688,1012.47,1000,-12.47,50.50,203,2.2621,0.1229,LOCK,2,misalignment
6,7020467,61,74,0.01170,0.00390,-0.76440,0.76450,1012.47,1000,-12.47,50.50,203,2.2856,0.4785,LOCK,2,misalignment
7,7020475,69,82,-0.05460,0.05850,-0.70200,0.70655,1012.48,1000,-12.48,50.50,203,2.2851,0.4709,LOCK,2,misalignment
8,7020484,78,91,0.03120,-0.01560,-0.78000,0.78078,1012.50,1000,-12.50,50.50,203,2.2888,0.5274,LOCK,2,misalignment
9,7020494,88,101,0.01170,-0.15990,-0.84630,0.86135,1012.58,1000,-12.58,50.50,203,2.2836,0.4480,LOCK,2,misalignment
10,7020504,98,111,0.01560,0.02730,-0.80730,0.80791,1012.62,1000,-12.62,50.50,203,2.2882,0.5179,LOCK,2,misalignment
11,7020514,108,121,0.03510,-0.08970,-0.79170,0.79754,1012.63,1000,-12.63,50.50,203,2.2875,0.5081,LOCK,2,misalignment
12,7020524,118,131,0.03120,0.20280,-0.83460,0.85945,1012.63,1000,-12.63,50.50,203,2.2938,0.6025,LOCK,2,misalignment
13,7020534,128,141,0.11700,-0.05070,-0.72540,0.73652,1012.69,1000,-12.69,50.50,203,2.2679,0.2102,LOCK,2,misalignment
14,7020544,138,151,0.00390,0.01950,-0.87360,0.87383,1012.70,1000,-12.70,50.50,203,2.2654,0.1724,LOCK,2,misalignment
15,7020554,148,161,-0.00390,0.05850,-0.83070,0.83277,1012.70,1000,-12.70,50.50,203,2.2634,0.1427,LOCK,2,misalignment
16,7020564,158,171,-0.00780,-0.00390,-0.79560,0.79565,1012.71,1000,-12.71,50.50,203,2.2924,0.5817,LOCK,2,misalignment
17,7020574,168,181,0.05460,0.02340,-0.75270,0.75504,1012.71,1000,-12.71,50.50,203,2.2931,0.5921,LOCK,2,misalignment
18,7020584,178,191,-0.09750,0.17160,-0.70980,0.73673,1012.71,1000,-12.71,50.50,203,2.2837,0.4498,LOCK,2,misalignment
19,7020594,188,201,-0.03900,0.09360,-0.78000,0.78656,1012.78,1000,-12.78,50.50,203,2.2935,0.5979,LOCK,2,misalignment
20,7020604,198,211,-0.00780,0.01560,-0.83460,0.83478,1012.80,1000,-12.80,50.50,203,2.2913,0.5652,LOCK,2,misalignment
21,7020614,208,221,0.00390,-0.02730,-0.77220,0.77269,1012.80,1000,-12.80,50.50,203,2.2815,0.4166,LOCK,2,misalignment
22,7020624,218,231,0.03120,0.12870,-0.83070,0.84119,1012.81,1000,-12.81,50.50,203,2.2922,0.5786,LOCK,2,misalignment
23,7020634,228,241,-0.07410,0.10530,-0.78000,0.79056,1012.81,1000,-12.81,50.50,203,2.2635,0.1440,LOCK,2,misalignment
24,7020644,238,251,-0.12870,0.04680,-0.67080,0.68464,1012.81,1000,-12.81,50.50,203,2.2714,0.2639,LOCK,2,misalignment
25,7020654,248,261,0.03900,0.01950,-0.80730,0.80848,1012.72,1000,-12.72,50.50,203,2.2661,0.1840,LOCK,2,misalignment
26,7020667,261,274,-0.01170,0.03120,-0.74100,0.74175,1012.72,1000,-12.72,50.50,203,2.2892,0.5338,LOCK,2,misalignment
27,7020675,269,282,-0.06240,0.01170,-0.88920,0.89146,1012.72,1000,-12.72,50.50,203,2.2856,0.4788,LOCK,2,misalignment
28,7020684,278,291,0.04680,0.07410,-0.72540,0.73068,1012.71,1000,-12.71,50.50,203,2.2787,0.3738,LOCK,2,misalignment
29,7020694,288,301,0.06630,0.01170,-0.80340,0.80622,1012.70,1000,-12.70,50.50,203,2.2914,0.5667,LOCK,2,misalignment
30,7020704,298,311,0.01170,0.26910,-0.74880,0.79577,1012.69,1000,-12.69,50.50,203,2.2853,0.4743,LOCK,2,misalignment
31,7020714,308,321,0.01170,0.26910,-0.74880,0.79577,1012.83,1000,-12.83,50.50,203,2.2902,0.5490,LOCK,2,misalignment
32,7020724,318,331,0.07410,0.08580,-0.81900,0.82681,1012.86,1000,-12.86,50.50,203,2.2835,0.4474,LOCK,2,misalignment
33,7020734,328,341,-0.01170,-0.16770,-0.82290,0.83990,1012.88,1000,-12.88,50.50,203,2.2836,0.4489,LOCK,2,misalignment
34,7020744,338,351,-0.00390,-0.06630,-0.82290,0.82558,1012.88,1000,-12.88,50.50,203,2.2627,0.1315,LOCK,2,misalignment
35,7020754,348,361,-0.01560,-0.06240,-0.79170,0.79431,1012.88,1000,-12.88,50.50,203,2.2703,0.2468,LOCK,2,misalignment
36,7020764,358,371,0.16380,0.09360,-0.83850,0.85946,1012.89,1000,-12.89,50.50,203,2.2610,0.1067,LOCK,2,misalignment
37,7020774,368,381,-0.05070,0.02730,-0.65910,0.66161,1012.90,1000,-12.90,50.50,203,2.2948,0.6180,LOCK,2,misalignment
38,7020784,378,391,-0.01170,0.03120,-0.82680,0.82747,1012.91,1000,-12.91,50.50,203,2.2935,0.5979,LOCK,2,misalignment
39,7020794,388,401,0.00000,0.05850,-0.74490,0.74719,1012.91,1000,-12.91,50.50,203,2.2906,0.5545,LOCK,2,misalignment
40,7020804,398,411,-0.01950,-0.08580,-0.83460,0.83923,1012.91,1000,-12.91,50.50,203,2.2889,0.5286,LOCK,2,misalignment
41,7020814,408,421,0.10920,-0.00390,-0.72930,0.73744,1012.91,1000,-12.91,50.50,203,2.2895,0.5377,LOCK,2,misalignment
42,7020824,418,431,-0.14040,0.10140,-0.79560,0.81423,1012.92,1000,-12.92,50.50,203,2.2876,0.5097,LOCK,2,misalignment
43,7020834,428,441,-0.02340,0.10140,-0.74100,0.74827,1012.92,1000,-12.92,50.50,203,2.2812,0.4123,LOCK,2,misalignment
44,7020844,438,451,-0.07800,0.10530,-0.84240,0.85253,1012.92,1000,-12.92,50.50,203,2.2761,0.3341,LOCK,2,misalignment
45,7020854,448,461,-0.08970,0.08970,-0.78390,0.79410,1012.92,1000,-12.92,50.50,203,2.2585,0.0680,LOCK,2,misalignment
46,7020867,461,474,-0.01950,0.14820,-0.79950,0.81335,1012.92,1000,-12.92,50.50,203,2.2734,0.2942,LOCK,2,misalignment
47,7020876,470,483,0.01950,0.00780,-0.78780,0.78808,1012.92,1000,-12.92,50.50,203,2.2846,0.4636,LOCK,2,misalignment
48,7020884,478,491,0.02340,0.05850,-0.61620,0.61941,1012.92,1000,-12.92,50.50,203,2.2927,0.5863,LOCK,2,misalignment
49,7020894,488,501,0.05070,0.03120,-0.83070,0.83283,1012.94,1000,-12.94,50.50,203,2.2880,0.5158,LOCK,2,misalignment
50,7020904,498,511,0.00390,0.03120,-0.74490,0.74556,1012.96,1000,-12.96,50.50,203,2.2848,0.4660,LOCK,2,misalignment
51,7020914,508,521,-0.04680,-0.01950,-0.81120,0.81278,1012.96,1000,-12.96,50.50,203,2.2910,0.5603,LOCK,2,misalignment
52,7020924,518,531,0.06240,0.16770,-0.72930,0.75093,1012.96,1000,-12.96,50.50,203,2.2820,0.4248,LOCK,2,misalignment
53,7020934,528,541,0.11310,0.04680,-0.79950,0.80882,1012.96,1000,-12.96,50.50,203,2.2855,0.4779,LOCK,2,misalignment
54,7020944,538,551,-0.05070,0.15210,-0.81510,0.83072,1012.99,1000,-12.99,50.50,203,2.2583,0.0652,LOCK,2,misalignment
55,7020954,548,561,-0.01950,0.03510,-0.78000,0.78103,1013.00,1000,-13.00,50.50,203,2.2588,0.0728,LOCK,2,misalignment
56,7020964,558,571,-0.01950,-0.10530,-0.84240,0.84918,1013.00,1000,-13.00,50.50,203,2.2675,0.2050,LOCK,2,misalignment
57,7020974,568,581,0.00390,-0.08580,-0.82290,0.82737,1013.00,1000,-13.00,50.50,203,2.2902,0.5490,LOCK,2,misalignment
58,7020984,578,591,0.00390,0.05460,-0.78390,0.78581,1013.00,1000,-13.00,50.50,203,2.2808,0.4062,LOCK,2,misalignment
59,7020994,588,601,0.00000,0.06630,-0.77610,0.77893,1013.00,1000,-13.00,50.50,203,2.2842,0.4572,LOCK,2,misalignment
60,7021004,598,611,-0.07410,0.05070,-0.68640,0.69225,1013.03,1000,-13.03,50.50,203,2.2840,0.4547,LOCK,2,misalignment
61,7021014,608,621,-0.02340,-0.01950,-0.77610,0.77670,1013.03,1000,-13.03,50.50,203,2.2899,0.5438,LOCK,2,misalignment
62,7021024,618,631,0.08190,0.11310,-0.85410,0.86544,1013.04,1000,-13.04,50.50,203,2.2897,0.5408,LOCK,2,misalignment
63,7021034,628,641,-0.05460,-0.10530,-0.82290,0.83140,1013.04,1000,-13.04,50.50,203,2.2870,0.5002,LOCK,2,misalignment
64,7021044,638,651,0.05850,0.01170,-0.83850,0.84062,1013.04,1000,-13.04,50.50,203,2.2695,0.2355,LOCK,2,misalignment
65,7021054,648,661,-0.01170,-0.02730,-0.78000,0.78057,1013.04,1000,-13.04,50.50,203,2.2621,0.1229,LOCK,2,misalignment
66,7021067,661,674,0.08580,0.00780,-0.82680,0.83128,1013.03,1000,-13.03,50.50,203,2.2871,0.5020,LOCK,2,misalignment
67,7021075,669,682,-0.05850,0.06240,-0.83460,0.83897,1013.03,1000,-13.03,50.50,203,2.2958,0.6336,LOCK,2,misalignment
68,7021084,678,691,-0.09750,0.09360,-0.79170,0.80315,1013.03,1000,-13.03,50.50,203,2.2834,0.4462,LOCK,2,misalignment
69,7021094,688,701,-0.07800,0.20280,-0.83070,0.85865,1013.02,1000,-13.02,50.50,203,2.2863,0.4889,LOCK,2,misalignment
70,7021104,698,711,-0.05070,-0.03900,-0.74880,0.75153,1013.02,1000,-13.02,50.50,203,2.2845,0.4614,LOCK,2,misalignment
71,7021114,708,721,0.06630,0.23400,-0.69420,0.73557,1013.02,1000,-13.02,50.50,203,2.2920,0.5762,LOCK,2,misalignment
72,7021124,718,731,0.06630,0.23400,-0.69420,0.73557,1013.05,1000,-13.05,50.50,203,2.2902,0.5478,LOCK,2,misalignment
73,7021134,728,741,-0.13260,0.15210,-0.86970,0.89280,1013.07,1000,-13.07,50.50,203,2.2829,0.4376,LOCK,2,misalignment
74,7021144,738,751,-0.03120,-0.00390,-0.71370,0.71439,1013.07,1000,-13.07,50.50,203,2.2905,0.5524,LOCK,2,misalignment
75,7021154,748,761,-0.03120,0.05850,-0.86970,0.87222,1013.07,1000,-13.07,50.50,203,2.2755,0.3256,LOCK,2,misalignment
76,7021164,758,771,0.03120,0.10530,-0.73710,0.74524,1013.07,1000,-13.07,50.50,203,2.2744,0.3085,LOCK,2,misalignment
77,7021174,768,781,-0.07800,0.15210,-0.83070,0.84810,1013.07,1000,-13.07,50.50,203,2.2793,0.3839,LOCK,2,misalignment
78,7021184,778,791,-0.09750,0.10140,-0.73710,0.75040,1013.07,1000,-13.07,50.50,203,2.2908,0.5573,LOCK,2,misalignment
79,7021194,788,801,-0.03120,0.01950,-0.79170,0.79255,1013.06,1000,-13.06,50.50,203,2.2871,0.5020,LOCK,2,misalignment
80,7021204,798,811,-0.02730,-0.12870,-0.81510,0.82565,1013.06,1000,-13.06,50.50,203,2.2903,0.5493,LOCK,2,misalignment
81,7021214,808,821,-0.02340,-0.10140,-0.82290,0.82945,1013.06,1000,-13.06,50.50,203,2.2922,0.5780,LOCK,2,misalignment
82,7021224,818,831,0.04680,-0.02340,-0.73710,0.73895,1013.06,1000,-13.06,50.50,203,2.2968,0.6485,LOCK,2,misalignment
83,7021234,828,841,0.05070,0.20670,-0.80730,0.83488,1013.06,1000,-13.06,50.50,203,2.2910,0.5606,LOCK,2,misalignment
84,7021244,838,851,0.06630,0.19500,-0.73320,0.76158,1013.06,1000,-13.06,50.50,203,2.2869,0.4978,LOCK,2,misalignment
85,7021254,848,861,-0.02730,0.09750,-0.87360,0.87945,1013.06,1000,-13.06,50.50,203,2.2643,0.1568,LOCK,2,misalignment
86,7021267,861,874,0.04290,-0.00390,-0.81900,0.82013,1013.06,1000,-13.06,50.50,203,2.2696,0.2368,LOCK,2,misalignment
87,7021275,869,882,-0.05070,-0.11310,-0.87750,0.88621,1013.06,1000,-13.06,50.50,203,2.2734,0.2935,LOCK,2,misalignment
88,7021284,878,891,0.01560,-0.03120,-0.76830,0.76909,1013.06,1000,-13.06,50.50,203,2.2899,0.5435,LOCK,2,misalignment
89,7021294,888,901,0.12090,-0.03510,-0.80730,0.81706,1013.06,1000,-13.06,50.50,203,2.2791,0.3802,LOCK,2,misalignment
90,7021304,898,911,0.05070,0.07800,-0.77610,0.78166,1013.03,1000,-13.03,50.50,203,2.2965,0.6437,LOCK,2,misalignment
91,7021314,908,921,0.04680,0.03120,-0.81510,0.81704,1013.03,1000,-13.03,50.50,203,2.2907,0.5558,LOCK,2,misalignment
92,7021324,918,931,-0.12870,0.16770,-0.74490,0.77431,1013.02,1000,-13.02,50.50,203,2.2913,0.5658,LOCK,2,misalignment
93,7021334,928,941,-0.07410,0.11700,-0.78780,0.79988,1013.02,1000,-13.02,50.50,203,2.2927,0.5866,LOCK,2,misalignment
94,7021344,938,951,0.14040,-0.00390,-0.78000,0.79254,1013.02,1000,-13.02,50.50,203,2.2845,0.4614,LOCK,2,misalignment
95,7021354,948,961,0.02730,0.09360,-0.74100,0.74739,1013.02,1000,-13.02,50.50,203,2.2735,0.2960,LOCK,2,misalignment
96,7021364,958,971,-0.08190,0.06630,-0.88530,0.89155,1013.11,1000,-13.11,50.50,203,2.2681,0.2139,LOCK,2,misalignment
97,7021374,968,981,-0.04290,0.04680,-0.72930,0.73206,1013.13,1000,-13.13,50.50,203,2.2773,0.3537,LOCK,2,misalignment
98,7021384,978,991,-0.04680,-0.05070,-0.84240,0.84522,1013.14,1000,-13.14,50.50,203,2.2837,0.4507,LOCK,2,misalignment
99,7021394,988,1001,-0.01170,0.15600,-0.78000,0.79553,1013.14,1000,-13.14,50.50,203,2.2977,0.6623,LOCK,2,misalignment
100,7021404,998,1011,0.00390,0.02730,-0.84630,0.84675,1013.14,1000,-13.14,50.50,203,2.2909,0.5591,LOCK,2,misalignment
101,7021414,1008,1021,-0.11310,0.13650,-0.70590,0.72782,1013.14,1000,-13.14,50.50,203,2.2848,0.4666,LOCK,2,misalignment
102,7021424,1018,1031,-0.01950,0.05460,-0.81900,0.82105,1013.03,1000,-13.03,50.50,203,2.2852,0.4733,LOCK,2,misalignment
103,7021434,1028,1041,-0.05070,-0.08580,-0.83850,0.84440,1013.00,1000,-13.00,50.50,203,2.2864,0.4910,LOCK,2,misalignment
104,7021444,1038,1051,0.04290,-0.03510,-0.83460,0.83644,1013.00,1000,-13.00,50.50,203,2.2849,0.4675,LOCK,2,misalignment
105,7021454,1048,1061,-0.00780,0.05070,-0.77610,0.77779,1012.99,1000,-12.99,50.50,203,2.2609,0.1043,LOCK,2,misalignment
106,7021467,1061,1074,0.02730,0.15990,-0.77220,0.78905,1012.99,1000,-12.99,50.50,203,2.2745,0.3109,LOCK,2,misalignment
107,7021475,1069,1082,-0.01170,0.21840,-0.75270,0.78383,1012.99,1000,-12.99,50.50,203,2.2664,0.1885,LOCK,2,misalignment
108,7021484,1078,1091,0.03120,0.12090,-0.85410,0.86318,1012.99,1000,-12.99,50.50,203,2.2868,0.4962,LOCK,2,misalignment
109,7021494,1088,1101,-0.05460,0.01950,-0.82290,0.82494,1012.97,1000,-12.97,50.50,203,2.2872,0.5023,LOCK,2,misalignment
110,7021504,1098,1111,-0.06240,-0.03510,-0.83460,0.83767,1012.96,1000,-12.96,50.50,203,2.2858,0.4819,LOCK,2,misalignment
111,7021514,1108,1121,-0.06240,-0.03510,-0.83460,0.83767,1012.96,1000,-12.96,50.50,203,2.2857,0.4800,LOCK,2,misalignment
112,7021524,1118,1131,0.00390,0.01170,-0.78780,0.78790,1012.96,1000,-12.96,50.50,203,2.2871,0.5014,LOCK,2,misalignment
113,7021534,1128,1141,0.03900,-0.03120,-0.76050,0.76214,1012.99,1000,-12.99,50.50,203,2.2881,0.5173,LOCK,2,misalignment
114,7021544,1138,1151,-0.05460,0.07410,-0.76050,0.76605,1013.03,1000,-13.03,50.50,203,2.2861,0.4862,LOCK,2,misalignment
115,7021554,1148,1161,0.03510,0.01170,-0.78000,0.78088,1013.04,1000,-13.04,50.50,203,2.2643,0.1568,LOCK,2,misalignment
116,7021564,1158,1171,-0.01950,0.10140,-0.80340,0.81001,1013.04,1000,-13.04,50.50,203,2.2701,0.2444,LOCK,2,misalignment
117,7021574,1168,1181,-0.01560,0.08190,-0.81120,0.81547,1013.04,1000,-13.04,50.50,203,2.2759,0.3317,LOCK,2,misalignment
118,7021584,1178,1191,0.07410,0.00780,-0.84630,0.84957,1013.04,1000,-13.04,50.50,203,2.2647,0.1614,LOCK,2,misalignment
119,7021594,1188,1201,0.01560,0.03900,-0.74490,0.74608,1013.03,1000,-13.03,50.50,203,2.2873,0.5039,LOCK,2,misalignment
120,7021604,1198,1211,0.00390,0.07020,-0.88530,0.88809,1013.02,1000,-13.02,50.50,203,2.2863,0.4895,LOCK,2,misalignment
121,7021614,1208,1221,-0.02730,0.01560,-0.72540,0.72608,1013.02,1000,-13.02,50.50,203,2.2849,0.4681,LOCK,2,misalignment
122,7021624,1218,1231,-0.07800,-0.08190,-0.88140,0.88863,1013.02,1000,-13.02,50.50,203,2.2878,0.5127,LOCK,2,misalignment
123,7021634,1228,1241,-0.10140,0.06240,-0.75660,0.76591,1013.02,1000,-13.02,50.50,203,2.2915,0.5686,LOCK,2,misalignment
124,7021644,1238,1251,0.03510,-0.01170,-0.79560,0.79646,1013.02,1000,-13.02,50.50,203,2.2877,0.5112,LOCK,2,misalignment
125,7021654,1248,1261,0.09750,0.26130,-0.72930,0.78081,1013.05,1000,-13.05,50.50,203,2.2850,0.4697,LOCK,2,misalignment
126,7021667,1261,1274,0.00780,0.10530,-0.83850,0.84512,1013.05,1000,-13.05,50.50,203,2.2778,0.3604,LOCK,2,misalignment
127,7021675,1269,1282,-0.01560,-0.10530,-0.79950,0.80656,1013.05,1000,-13.05,50.50,203,2.2671,0.1989,LOCK,2,misalignment
128,7021684,1278,1291,0.04290,-0.03120,-0.81900,0.82072,1013.05,1000,-13.05,50.50,203,2.2643,0.1562,LOCK,2,misalignment
129,7021694,1288,1301,-0.00390,0.03900,-0.75660,0.75761,1013.05,1000,-13.05,50.50,203,2.2875,0.5078,LOCK,2,misalignment
130,7021704,1298,1311,0.00780,0.21060,-0.80730,0.83435,1013.06,1000,-13.06,50.50,203,2.2867,0.4953,LOCK,2,misalignment
131,7021714,1308,1321,0.00000,0.19500,-0.74490,0.77000,1013.10,1000,-13.10,50.50,203,2.2945,0.6137,LOCK,2,misalignment
132,7021724,1318,1331,-0.03120,0.12090,-0.83070,0.84003,1013.11,1000,-13.11,50.50,203,2.2977,0.6620,LOCK,2,misalignment
133,7021734,1328,1341,-0.05070,0.08970,-0.76440,0.77131,1013.12,1000,-13.12,50.50,203,2.2909,0.5597,LOCK,2,misalignment
134,7021744,1338,1351,-0.05460,-0.03120,-0.81900,0.82141,1013.12,1000,-13.12,50.50,203,2.2862,0.4880,LOCK,2,misalignment
135,7021754,1348,1361,0.06630,0.04680,-0.73710,0.74155,1013.12,1000,-13.12,50.50,203,2.2831,0.4410,LOCK,2,misalignment
136,7021764,1358,1371,-0.01560,0.05070,-0.78390,0.78569,1013.12,1000,-13.12,50.50,203,2.2722,0.2752,LOCK,2,misalignment
137,7021774,1368,1381,-0.01560,0.01170,-0.68640,0.68668,1013.00,1000,-13.00,50.50,203,2.2745,0.3109,LOCK,2,misalignment
138,7021784,1378,1391,0.00390,0.00000,-0.82680,0.82681,1012.97,1000,-12.97,50.50,203,2.2732,0.2911,LOCK,2,misalignment
139,7021794,1388,1401,-0.03510,0.07800,-0.77220,0.77692,1012.96,1000,-12.96,50.50,203,2.2901,0.5466,LOCK,2,misalignment
140,7021804,1398,1411,-0.03120,-0.02730,-0.82290,0.82394,1012.96,1000,-12.96,50.50,203,2.2840,0.4547,LOCK,2,misalignment
141,7021814,1408,1421,-0.02730,0.03510,-0.87750,0.87863,1012.96,1000,-12.96,50.50,203,2.2833,0.4446,LOCK,2,misalignment
142,7021824,1418,1431,0.11310,-0.03120,-0.76440,0.77335,1012.96,1000,-12.96,50.50,203,2.2991,0.6833,LOCK,2,misalignment
143,7021834,1428,1441,-0.02340,0.08580,-0.87360,0.87812,1013.08,1000,-13.08,50.50,203,2.2933,0.5957,LOCK,2,misalignment
144,7021844,1438,1451,-0.01170,0.01950,-0.74490,0.74525,1013.11,1000,-13.11,50.50,203,2.2877,0.5103,LOCK,2,misalignment
145,7021854,1448,1461,-0.12090,-0.14040,-0.87360,0.89303,1013.12,1000,-13.12,50.50,203,2.2809,0.4077,LOCK,2,misalignment
146,7021867,1461,1474,-0.01560,0.04290,-0.78780,0.78912,1013.12,1000,-13.12,50.50,203,2.2639,0.1498,LOCK,2,misalignment
147,7021875,1469,1482,0.11310,-0.02730,-0.76050,0.76935,1013.13,1000,-13.13,50.50,203,2.2763,0.3372,LOCK,2,misalignment
148,7021884,1478,1491,-0.07410,0.28080,-0.83850,0.88737,1013.13,1000,-13.13,50.50,203,2.2707,0.2529,LOCK,2,misalignment
149,7021894,1488,1501,0.02340,0.05850,-0.73320,0.73590,1013.08,1000,-13.08,50.50,203,2.2771,0.3494,LOCK,2,misalignment
150,7021904,1498,1511,0.00000,-0.00780,-0.83850,0.83854,1013.06,1000,-13.06,50.50,203,2.2905,0.5536,LOCK,2,misalignment
151,7021914,1508,1521,0.00000,-0.00780,-0.83850,0.83854,1013.06,1000,-13.06,50.50,203,2.2929,0.5896,LOCK,2,misalignment
152,7021924,1518,1531,0.00780,-0.03900,-0.86580,0.86671,1013.06,1000,-13.06,50.50,203,2.2899,0.5435,LOCK,2,misalignment
153,7021934,1528,1541,-0.02730,0.10530,-0.82290,0.83006,1013.06,1000,-13.06,50.50,203,2.2965,0.6437,LOCK,2,misalignment
154,7021944,1538,1551,-0.02730,0.10140,-0.81510,0.82184,1013.06,1000,-13.06,50.50,203,2.2896,0.5396,LOCK,2,misalignment
155,7021954,1548,1561,-0.00390,0.14820,-0.67860,0.69461,1013.05,1000,-13.05,50.50,203,2.2847,0.4657,LOCK,2,misalignment
156,7021964,1558,1571,0.04680,0.12090,-0.80730,0.81764,1013.05,1000,-13.05,50.50,203,2.2957,0.6315,LOCK,2,misalignment
157,7021974,1568,1581,-0.04680,0.14430,-0.81120,0.82526,1013.05,1000,-13.05,50.50,203,2.2653,0.1714,LOCK,2,misalignment
158,7021984,1578,1591,-0.07020,-0.04680,-0.79560,0.80006,1013.05,1000,-13.05,50.50,203,2.2605,0.0988,LOCK,2,misalignment
159,7021994,1588,1601,0.03900,0.13650,-0.81900,0.83121,1013.05,1000,-13.05,50.50,203,2.2712,0.2603,LOCK,2,misalignment
160,7022004,1598,1611,0.05850,0.04680,-0.72150,0.72538,1013.05,1000,-13.05,50.50,203,2.2920,0.5756,LOCK,2,misalignment
161,7022014,1608,1621,-0.08580,0.08970,-0.72540,0.73594,1013.02,1000,-13.02,50.50,203,2.2857,0.4804,LOCK,2,misalignment
162,7022024,1618,1631,0.03900,0.00780,-0.83850,0.83944,1013.01,1000,-13.01,50.50,203,2.2765,0.3415,LOCK,2,misalignment
163,7022034,1628,1641,0.02340,0.01950,-0.77220,0.77280,1013.01,1000,-13.01,50.50,203,2.2873,0.5048,LOCK,2,misalignment
164,7022044,1638,1651,-0.05460,0.01170,-0.91260,0.91431,1013.01,1000,-13.01,50.50,203,2.2810,0.4089,LOCK,2,misalignment
165,7022054,1648,1661,0.00780,-0.02340,-0.75270,0.75310,1013.01,1000,-13.01,50.50,203,2.2915,0.5680,LOCK,2,misalignment
166,7022067,1661,1674,0.13260,-0.01170,-0.86970,0.87983,1013.01,1000,-13.01,50.50,203,2.2890,0.5310,LOCK,2,misalignment
167,7022075,1669,1682,-0.07410,0.11310,-0.71760,0.73023,1013.02,1000,-13.02,50.50,203,2.2574,0.0518,LOCK,2,misalignment
168,7022084,1678,1691,0.03900,0.03510,-0.75270,0.75453,1013.02,1000,-13.02,50.50,203,2.2702,0.2456,LOCK,2,misalignment
169,7022094,1688,1701,-0.04680,-0.06630,-0.81120,0.81525,1013.07,1000,-13.07,50.50,203,2.2646,0.1608,LOCK,2,misalignment
170,7022104,1698,1711,0.00390,0.04680,-0.77220,0.77363,1013.08,1000,-13.08,50.50,203,2.2890,0.5301,LOCK,2,misalignment
171,7022114,1708,1721,0.09750,-0.06240,-0.79950,0.80784,1013.09,1000,-13.09,50.50,203,2.2901,0.5466,LOCK,2,misalignment
172,7022124,1718,1731,-0.07800,0.26910,-0.80730,0.85454,1013.09,1000,-13.09,50.50,203,2.2922,0.5789,LOCK,2,misalignment
173,7022134,1728,1741,0.03900,-0.03120,-0.76440,0.76603,1013.08,1000,-13.08,50.50,203,2.2944,0.6128,LOCK,2,misalignment
174,7022144,1738,1751,-0.03510,-0.00780,-0.81120,0.81200,1013.08,1000,-13.08,50.50,203,2.2941,0.6076,LOCK,2,misalignment
175,7022154,1748,1761,0.00000,0.05460,-0.86580,0.86752,1013.08,1000,-13.08,50.50,203,2.2882,0.5188,LOCK,2,misalignment
176,7022164,1758,1771,-0.07020,0.02340,-0.81510,0.81845,1013.08,1000,-13.08,50.50,203,2.2956,0.6305,LOCK,2,misalignment
177,7022174,1768,1781,0.08970,-0.01560,-0.78780,0.79304,1013.08,1000,-13.08,50.50,203,2.2920,0.5759,LOCK,2,misalignment
178,7022184,1778,1791,-0.04290,0.01560,-0.66300,0.66457,1013.08,1000,-13.08,50.50,203,2.2892,0.5335,LOCK,2,misalignment
179,7022194,1788,1801,0.02730,0.10140,-0.82680,0.83344,1013.13,1000,-13.13,50.50,203,2.2891,0.5313,LOCK,2,misalignment
180,7022204,1798,1811,-0.01950,0.13650,-0.78390,0.79593,1013.15,1000,-13.15,50.50,203,2.2911,0.5628,LOCK,2,misalignment
181,7022214,1808,1821,-0.06630,-0.03120,-0.81120,0.81450,1013.16,1000,-13.16,50.50,203,2.2880,0.5158,LOCK,2,misalignment
182,7022224,1818,1831,0.03120,0.12480,-0.78000,0.79054,1013.16,1000,-13.16,50.50,203,2.2699,0.2404,LOCK,2,misalignment
183,7022234,1828,1841,0.04290,0.04290,-0.79950,0.80180,1013.16,1000,-13.16,50.50,203,2.2650,0.1659,LOCK,2,misalignment
184,7022244,1838,1851,-0.05460,0.07410,-0.73710,0.74282,1013.16,1000,-13.16,50.50,203,2.2651,0.1687,LOCK,2,misalignment
185,7022254,1848,1861,-0.03900,0.03900,-0.85410,0.85588,1013.11,1000,-13.11,50.50,203,2.2883,0.5200,LOCK,2,misalignment
186,7022267,1861,1874,-0.07020,0.00390,-0.79950,0.80259,1013.11,1000,-13.11,50.50,203,2.2914,0.5667,LOCK,2,misalignment
187,7022276,1870,1883,-0.05070,-0.02730,-0.83850,0.84047,1013.10,1000,-13.10,50.50,203,2.2873,0.5051,LOCK,2,misalignment
188,7022284,1878,1891,0.01170,0.06240,-0.78780,0.79035,1013.10,1000,-13.10,50.50,203,2.2869,0.4978,LOCK,2,misalignment
189,7022294,1888,1901,-0.02340,0.01170,-0.75270,0.75315,1013.09,1000,-13.09,50.50,203,2.2918,0.5735,LOCK,2,misalignment
190,7022304,1898,1911,-0.05850,0.07020,-0.72930,0.73500,1013.17,1000,-13.17,50.50,203,2.2865,0.4923,LOCK,2,misalignment
191,7022314,1908,1921,-0.05850,0.07020,-0.72930,0.73500,1013.23,1000,-13.23,50.50,203,2.2912,0.5637,LOCK,2,misalignment
192,7022324,1918,1931,0.07410,0.03510,-0.74880,0.75328,1013.25,1000,-13.25,50.50,203,2.2735,0.2960,LOCK,2,misalignment
193,7022334,1928,1941,0.00780,-0.06240,-0.92040,0.92255,1013.25,1000,-13.25,50.50,203,2.2586,0.0704,LOCK,2,misalignment
194,7022344,1938,1951,0.00390,-0.02730,-0.76440,0.76490,1013.25,1000,-13.25,50.50,203,2.2513,-0.0407,LOCK,2,misalignment
195,7022354,1948,1961,0.03900,-0.10140,-0.87360,0.88033,1013.25,1000,-13.25,50.50,203,2.2838,0.4520,LOCK,2,misalignment
196,7022364,1958,1971,0.07410,0.16380,-0.79950,0.81946,1013.25,1000,-13.25,50.50,203,2.2889,0.5292,LOCK,2,misalignment
197,7022374,1968,1981,0.09750,0.01950,-0.74880,0.75537,1013.25,1000,-13.25,50.50,203,2.2575,0.0536,LOCK,2,misalignment
198,7022384,1978,1991,0.02340,0.01170,-0.80730,0.80772,1013.25,1000,-13.25,50.50,203,2.2696,0.2358,LOCK,2,misalignment
199,7022394,1988,2001,-0.00390,0.07410,-0.81120,0.81459,1013.25,1000,-13.25,50.50,203,2.2732,0.2905,LOCK,2,misalignment
200,7022404,1998,2011,-0.01950,-0.04680,-0.79950,0.80111,1013.25,1000,-13.25,50.50,203,2.2770,0.3491,LOCK,2,misalignment
201,7022414,2008,2021,0.08190,0.05460,-0.76440,0.77071,1013.25,1000,-13.25,50.50,203,2.2972,0.6553,LOCK,2,misalignment
202,7022424,2018,2031,-0.05460,0.15210,-0.69420,0.71276,1013.24,1000,-13.24,50.50,203,2.2958,0.6333,LOCK,2,misalignment
203,7022434,2028,2041,-0.04680,0.10920,-0.78000,0.78900,1013.24,1000,-13.24,50.50,203,2.2906,0.5545,LOCK,2,misalignment
204,7022444,2038,2051,-0.01170,0.10920,-0.75270,0.76067,1013.24,1000,-13.24,50.50,203,2.2858,0.4825,LOCK,2,misalignment
205,7022454,2048,2061,0.00000,0.05070,-0.81900,0.82057,1013.24,1000,-13.24,50.50,203,2.2841,0.4559,LOCK,2,misalignment
206,7022467,2061,2074,0.01170,0.14820,-0.76050,0.77489,1013.24,1000,-13.24,50.50,203,2.2844,0.4602,LOCK,2,misalignment
207,7022476,2070,2083,-0.03900,0.09750,-0.79950,0.80637,1013.24,1000,-13.24,50.50,203,2.2688,0.2242,LOCK,2,misalignment
208,7022484,2078,2091,-0.15210,0.04290,-0.60840,0.62859,1013.26,1000,-13.26,50.50,203,2.2610,0.1061,LOCK,2,misalignment
209,7022494,2088,2101,0.10530,-0.00390,-0.83460,0.84123,1013.37,1000,-13.37,50.50,203,2.2738,0.2993,LOCK,2,misalignment
210,7022504,2098,2111,-0.07410,-0.02340,-0.78780,0.79162,1013.42,1000,-13.42,50.50,203,2.2810,0.4092,LOCK,2,misalignment
211,7022514,2108,2121,-0.02730,0.04680,-0.85020,0.85192,1013.42,1000,-13.42,50.50,203,2.2911,0.5625,LOCK,2,misalignment
212,7022524,2118,2131,0.04290,0.08970,-0.76440,0.77084,1013.43,1000,-13.43,50.50,203,2.2966,0.6461,LOCK,2,misalignment
213,7022534,2128,2141,0.09750,0.07410,-0.72150,0.73182,1013.43,1000,-13.43,50.50,203,2.2868,0.4965,LOCK,2,misalignment
214,7022544,2138,2151,-0.07410,0.25350,-0.81120,0.85311,1013.35,1000,-13.35,50.50,203,2.2902,0.5484,LOCK,2,misalignment
215,7022554,2148,2161,0.04290,0.10920,-0.75660,0.76564,1013.33,1000,-13.33,50.50,203,2.2914,0.5661,LOCK,2,misalignment
216,7022564,2158,2171,0.01560,-0.16380,-0.83850,0.85449,1013.32,1000,-13.32,50.50,203,2.2805,0.4013,LOCK,2,misalignment
217,7022574,2168,2181,-0.03510,-0.10920,-0.82290,0.83086,1013.32,1000,-13.32,50.50,203,2.2929,0.5893,LOCK,2,misalignment
218,7022584,2178,2191,0.01170,-0.10920,-0.80730,0.81474,1013.32,1000,-13.32,50.50,203,2.2752,0.3207,LOCK,2,misalignment
219,7022594,2188,2201,0.15210,0.15600,-0.86580,0.89279,1013.32,1000,-13.32,50.50,203,2.2720,0.2728,LOCK,2,misalignment
220,7022604,2198,2211,-0.10140,0.04680,-0.65520,0.66465,1013.37,1000,-13.37,50.50,203,2.2588,0.0731,LOCK,2,misalignment
221,7022614,2208,2221,-0.03510,0.08970,-0.84630,0.85176,1013.38,1000,-13.38,50.50,203,2.2915,0.5677,LOCK,2,misalignment
222,7022624,2218,2231,-0.01560,0.08580,-0.75660,0.76161,1013.38,1000,-13.38,50.50,203,2.2938,0.6025,LOCK,2,misalignment
223,7022634,2228,2241,-0.00780,-0.11700,-0.84630,0.85438,1013.38,1000,-13.38,50.50,203,2.2836,0.4489,LOCK,2,misalignment
224,7022644,2238,2251,0.09360,-0.02340,-0.79170,0.79756,1013.39,1000,-13.39,50.50,203,2.2794,0.3851,LOCK,2,misalignment
225,7022654,2248,2261,-0.11310,0.07020,-0.78390,0.79512,1013.39,1000,-13.39,50.50,203,2.2856,0.4785,LOCK,2,misalignment
226,7022667,2261,2274,0.00780,0.07800,-0.83460,0.83827,1013.40,1000,-13.40,50.50,203,2.2892,0.5338,LOCK,2,misalignment
227,7022676,2270,2283,-0.02730,0.06630,-0.81900,0.82213,1013.41,1000,-13.41,50.50,203,2.2916,0.5701,LOCK,2,misalignment
228,7022684,2278,2291,-0.03120,0.12090,-0.86580,0.87476,1013.41,1000,-13.41,50.50,203,2.2767,0.3433,LOCK,2,misalignment
229,7022694,2288,2301,-0.06630,0.14040,-0.76830,0.78383,1013.46,1000,-13.46,50.50,203,2.2738,0.2996,LOCK,2,misalignment
230,7022704,2298,2311,0.05070,-0.01950,-0.83850,0.84026,1013.49,1000,-13.49,50.50,203,2.2622,0.1235,LOCK,2,misalignment
231,7022714,2308,2321,0.00000,-0.00390,-0.65910,0.65911,1013.49,1000,-13.49,50.50,203,2.2928,0.5884,LOCK,2,misalignment
232,7022724,2318,2331,0.00000,-0.00390,-0.65910,0.65911,1013.57,1000,-13.57,50.50,203,2.2855,0.4779,LOCK,2,misalignment
233,7022734,2328,2341,0.05070,0.02340,-0.82680,0.82868,1013.59,1000,-13.59,50.50,203,2.2889,0.5286,LOCK,2,misalignment
234,7022744,2338,2351,0.07410,0.00000,-0.76050,0.76410,1013.60,1000,-13.60,50.50,203,2.2939,0.6040,LOCK,2,misalignment
235,7022754,2348,2361,-0.00780,0.00780,-0.88140,0.88147,1013.60,1000,-13.60,50.50,203,2.2843,0.4584,LOCK,2,misalignment
236,7022764,2358,2371,0.02340,0.09750,-0.69420,0.70140,1013.60,1000,-13.60,50.50,203,2.2881,0.5167,LOCK,2,misalignment
237,7022774,2368,2381,0.15990,0.14040,-0.80730,0.83487,1013.60,1000,-13.60,50.50,203,2.2893,0.5353,LOCK,2,misalignment
238,7022784,2378,2391,-0.07800,0.21840,-0.79950,0.83246,1013.63,1000,-13.63,50.50,203,2.2687,0.2230,LOCK,2,misalignment
239,7022794,2388,2401,0.03510,0.10530,-0.78000,0.78786,1013.64,1000,-13.64,50.50,203,2.2628,0.1339,LOCK,2,misalignment
240,7022804,2398,2411,0.00390,-0.11310,-0.87360,0.88090,1013.64,1000,-13.64,50.50,203,2.2658,0.1794,LOCK,2,misalignment
241,7022814,2408,2421,-0.00780,-0.14040,-0.79950,0.81177,1013.64,1000,-13.64,50.50,203,2.2873,0.5039,LOCK,2,misalignment
242,7022824,2418,2431,0.00000,0.02340,-0.84630,0.84662,1013.64,1000,-13.64,50.50,203,2.2874,0.5060,LOCK,2,misalignment
243,7022834,2428,2441,0.00000,0.08580,-0.72540,0.73046,1013.64,1000,-13.64,50.50,203,2.2890,0.5301,LOCK,2,misalignment
244,7022844,2438,2451,-0.03900,0.12090,-0.68250,0.69422,1013.69,1000,-13.69,50.50,203,2.2890,0.5307,LOCK,2,misalignment
245,7022854,2448,2461,-0.02340,0.04290,-0.76830,0.76985,1013.70,1000,-13.70,50.50,203,2.2882,0.5188,LOCK,2,misalignment
246,7022867,2461,2474,0.10530,0.13650,-0.79950,0.81788,1013.70,1000,-13.70,50.50,203,2.2988,0.6785,LOCK,2,misalignment
247,7022876,2470,2483,-0.04680,-0.08970,-0.88530,0.89106,1013.70,1000,-13.70,50.50,203,2.2940,0.6061,LOCK,2,misalignment
248,7022884,2478,2491,0.08970,-0.02340,-0.79170,0.79711,1013.70,1000,-13.70,50.50,203,2.2610,0.1058,LOCK,2,misalignment
249,7022894,2488,2501,0.00390,0.01950,-0.79170,0.79195,1013.71,1000,-13.71,50.50,203,2.2615,0.1134,LOCK,2,misalignment
250,7022904,2498,2511,0.05070,0.04680,-0.80340,0.80636,1013.73,1000,-13.73,50.50,203,2.2762,0.3369,LOCK,2,misalignment
251,7022914,2508,2521,-0.07020,0.03120,-0.83070,0.83424,1013.74,1000,-13.74,50.50,203,2.2750,0.3180,LOCK,2,misalignment
252,7022924,2518,2531,-0.13650,0.09360,-0.85800,0.87382,1013.74,1000,-13.74,50.50,203,2.2867,0.4953,LOCK,2,misalignment
253,7022934,2528,2541,-0.08190,0.14430,-0.76830,0.78601,1013.74,1000,-13.74,50.50,203,2.2856,0.4782,LOCK,2,misalignment
254,7022944,2538,2551,-0.02730,-0.06240,-0.79170,0.79462,1013.74,1000,-13.74,50.50,203,2.2819,0.4221,LOCK,2,misalignment
255,7022954,2548,2561,0.05850,0.15990,-0.69810,0.71856,1013.74,1000,-13.74,50.50,203,2.2882,0.5185,LOCK,2,misalignment
256,7022964,2558,2571,-0.07410,0.00000,-0.85800,0.86119,1013.81,1000,-13.81,50.50,203,2.2903,0.5503,LOCK,2,misalignment
257,7022974,2568,2581,-0.01170,0.05070,-0.76050,0.76228,1013.83,1000,-13.83,50.50,203,2.2839,0.4532,LOCK,2,misalignment
258,7022984,2578,2591,-0.01950,-0.01950,-0.83070,0.83116,1013.83,1000,-13.83,50.50,203,2.2940,0.6064,LOCK,2,misalignment
259,7022994,2588,2601,0.05460,0.16380,-0.72930,0.74946,1013.84,1000,-13.84,50.50,203,2.2648,0.1632,LOCK,2,misalignment
260,7023004,2598,2611,-0.02730,0.16770,-0.81120,0.82880,1013.84,1000,-13.84,50.50,203,2.2659,0.1809,LOCK,2,misalignment
261,7023014,2608,2621,-0.13650,0.12480,-0.70590,0.72973,1013.76,1000,-13.76,50.50,203,2.2697,0.2386,LOCK,2,misalignment
262,7023024,2618,2631,-0.01950,-0.01170,-0.73710,0.73745,1013.69,1000,-13.69,50.50,203,2.2833,0.4446,LOCK,2,misalignment
263,7023034,2628,2641,-0.03510,-0.10530,-0.90090,0.90771,1013.66,1000,-13.66,50.50,203,2.2828,0.4364,LOCK,2,misalignment
264,7023044,2638,2651,-0.07020,-0.13650,-0.77220,0.78731,1013.65,1000,-13.65,50.50,203,2.2863,0.4895,LOCK,2,misalignment
265,7023054,2648,2661,0.03120,-0.04290,-0.76440,0.76624,1013.65,1000,-13.65,50.50,203,2.2866,0.4941,LOCK,2,misalignment
266,7023067,2661,2674,0.06630,0.19890,-0.79950,0.82653,1013.65,1000,-13.65,50.50,203,2.2878,0.5118,LOCK,2,misalignment
267,7023076,2670,2683,-0.05460,0.07800,-0.67860,0.68525,1013.66,1000,-13.66,50.50,203,2.2889,0.5289,LOCK,2,misalignment
268,7023084,2678,2691,-0.00390,0.00390,-0.80730,0.80732,1013.67,1000,-13.67,50.50,203,2.2781,0.3656,LOCK,2,misalignment
269,7023094,2688,2701,0.04680,0.08190,-0.89310,0.89807,1013.72,1000,-13.72,50.50,203,2.2746,0.3115,LOCK,2,misalignment
270,7023104,2698,2711,-0.07020,-0.10920,-0.82680,0.83693,1013.75,1000,-13.75,50.50,203,2.2788,0.3757,LOCK,2,misalignment
271,7023114,2708,2721,-0.07020,-0.10920,-0.82680,0.83693,1013.75,1000,-13.75,50.50,203,2.2619,0.1195,LOCK,2,misalignment
272,7023124,2718,2731,0.05460,-0.01170,-0.83460,0.83647,1013.75,1000,-13.75,50.50,203,2.2873,0.5045,LOCK,2,misalignment
273,7023134,2728,2741,0.10140,-0.03510,-0.81510,0.82213,1013.82,1000,-13.82,50.50,203,2.2895,0.5371,LOCK,2,misalignment
274,7023144,2738,2751,0.09750,0.01170,-0.79170,0.79777,1013.84,1000,-13.84,50.50,203,2.2951,0.6229,LOCK,2,misalignment
275,7023154,2748,2761,-0.02730,0.03900,-0.80340,0.80481,1013.85,1000,-13.85,50.50,203,2.2913,0.5658,LOCK,2,misalignment
276,7023164,2758,2771,-0.11310,0.12870,-0.81510,0.83291,1013.85,1000,-13.85,50.50,203,2.2885,0.5231,LOCK,2,misalignment
277,7023174,2768,2781,-0.09360,0.13260,-0.76440,0.78144,1013.85,1000,-13.85,50.50,203,2.2832,0.4422,LOCK,2,misalignment
278,7023184,2778,2791,0.08190,-0.02340,-0.78780,0.79239,1013.85,1000,-13.85,50.50,203,2.2899,0.5442,LOCK,2,misalignment
279,7023194,2788,2801,0.01170,0.20670,-0.72540,0.75437,1013.84,1000,-13.84,50.50,203,2.2646,0.1611,LOCK,2,misalignment
280,7023204,2798,2811,-0.06240,0.05460,-0.85800,0.86200,1013.84,1000,-13.84,50.50,203,2.2713,0.2624,LOCK,2,misalignment
281,7023214,2808,2821,-0.08580,0.05460,-0.77220,0.77887,1013.84,1000,-13.84,50.50,203,2.2565,0.0377,LOCK,2,misalignment
282,7023224,2818,2831,-0.03510,-0.05460,-0.80340,0.80602,1013.84,1000,-13.84,50.50,203,2.2812,0.4120,LOCK,2,misalignment
283,7023234,2828,2841,0.01560,0.11310,-0.76050,0.76902,1013.84,1000,-13.84,50.50,203,2.2911,0.5625,LOCK,2,misalignment
284,7023244,2838,2851,-0.08580,0.08190,-0.81900,0.82754,1013.84,1000,-13.84,50.50,203,2.2940,0.6064,LOCK,2,misalignment
285,7023254,2848,2861,-0.10920,0.16380,-0.69420,0.72157,1013.87,1000,-13.87,50.50,203,2.2841,0.4556,LOCK,2,misalignment
286,7023267,2861,2874,-0.01170,0.03900,-0.76440,0.76548,1013.87,1000,-13.87,50.50,203,2.2830,0.4394,LOCK,2,misalignment
287,7023276,2870,2883,-0.08190,-0.02340,-0.90870,0.91268,1013.87,1000,-13.87,50.50,203,2.2814,0.4156,LOCK,2,misalignment
288,7023284,2878,2891,-0.01560,-0.09750,-0.76050,0.76688,1013.87,1000,-13.87,50.50,203,2.2889,0.5295,LOCK,2,misalignment
289,7023294,2888,2901,0.03900,0.01170,-0.77610,0.77717,1013.87,1000,-13.87,50.50,203,2.2903,0.5496,LOCK,2,misalignment
290,7023304,2898,2911,0.04290,0.13650,-0.77610,0.78918,1013.88,1000,-13.88,50.50,203,2.2749,0.3167,LOCK,2,misalignment
291,7023314,2908,2921,-0.09750,0.10920,-0.67080,0.68659,1013.93,1000,-13.93,50.50,203,2.2716,0.2661,LOCK,2,misalignment
292,7023324,2918,2931,0.05070,0.08970,-0.85020,0.85642,1013.94,1000,-13.94,50.50,203,2.2753,0.3228,LOCK,2,misalignment
293,7023334,2928,2941,0.02730,0.04290,-0.88530,0.88676,1013.94,1000,-13.94,50.50,203,2.2927,0.5866,LOCK,2,misalignment
294,7023344,2938,2951,-0.05460,-0.04290,-0.81510,0.81805,1013.94,1000,-13.94,50.50,203,2.2943,0.6113,LOCK,2,misalignment
295,7023354,2948,2961,0.02730,0.06630,-0.82290,0.82602,1013.94,1000,-13.94,50.50,203,2.2895,0.5374,LOCK,2,misalignment
296,7023364,2958,2971,0.04680,-0.01560,-0.78000,0.78156,1013.94,1000,-13.94,50.50,203,2.2877,0.5106,LOCK,2,misalignment
297,7023374,2968,2981,0.02340,0.05460,-0.79560,0.79781,1013.90,1000,-13.90,50.50,203,2.2851,0.4706,LOCK,2,misalignment
298,7023384,2978,2991,0.01170,0.00390,-0.82290,0.82299,1013.88,1000,-13.88,50.50,203,2.2796,0.3873,LOCK,2,misalignment
299,7023394,2988,3001,-0.08970,0.06240,-0.72930,0.73744,1013.88,1000,-13.88,50.50,203,2.2895,0.5374,LOCK,2,misalignment
300,7023404,2998,3011,-0.05850,0.07020,-0.79560,0.80083,1013.87,1000,-13.87,50.50,203,2.2714,0.2642,LOCK,2,misalignment
301,7023414,3008,3021,0.11310,0.03900,-0.78000,0.78912,1013.87,1000,-13.87,50.50,203,2.2746,0.3115,LOCK,2,misalignment
302,7023424,3018,3031,0.01170,0.03510,-0.74880,0.74971,1013.87,1000,-13.87,50.50,203,2.2789,0.3778,LOCK,2,misalignment
303,7023468,3062,3075,-0.04680,0.08190,-0.78000,0.78568,1013.88,1000,-13.88,50.50,203,2.2918,0.5728,LOCK,2,misalignment
304,7023476,3070,3083,0.08580,-0.02340,-0.79560,0.80056,1013.89,1000,-13.89,50.50,203,2.2910,0.5600,LOCK,2,misalignment
305,7023485,3079,3092,0.02730,0.26520,-0.73320,0.78017,1013.89,1000,-13.89,50.50,203,2.2840,0.4550,LOCK,2,misalignment
306,7023493,3087,3100,-0.01560,0.01170,-0.77220,0.77245,1013.89,1000,-13.89,50.50,203,2.2800,0.3934,LOCK,2,misalignment
307,7023502,3096,3109,-0.01560,0.01170,-0.77220,0.77245,1013.89,1000,-13.89,50.50,203,2.2600,0.0915,LOCK,2,misalignment
308,7023510,3104,3117,-0.04680,-0.00780,-0.88530,0.88657,1013.89,1000,-13.89,50.50,203,2.2692,0.2301,LOCK,2,misalignment
309,7023519,3113,3126,0.02730,-0.00780,-0.79560,0.79611,1013.89,1000,-13.89,50.50,203,2.2852,0.4724,LOCK,2,misalignment
310,7023536,3130,3143,0.07410,0.10920,-0.78390,0.79493,1013.89,1000,-13.89,50.50,203,2.2897,0.5408,LOCK,2,misalignment
311,7023545,3139,3152,-0.13260,0.12870,-0.74490,0.76748,1013.89,1000,-13.89,50.50,203,2.2918,0.5732,LOCK,2,misalignment
312,7023553,3147,3160,-0.13260,0.12870,-0.74490,0.76748,1013.89,1000,-13.89,50.50,203,2.2902,0.5487,LOCK,2,misalignment
313,7023562,3156,3169,0.05460,0.08190,-0.83070,0.83651,1013.89,1000,-13.89,50.50,203,2.2837,0.4507,LOCK,2,misalignment
314,7023570,3164,3177,0.00390,0.04680,-0.78780,0.78920,1013.89,1000,-13.89,50.50,203,2.2879,0.5133,LOCK,2,misalignment
315,7023579,3173,3186,-0.05070,-0.01950,-0.81120,0.81302,1013.89,1000,-13.89,50.50,203,2.2903,0.5503,LOCK,2,misalignment
316,7023587,3181,3194,0.02340,0.04290,-0.81900,0.82046,1013.89,1000,-13.89,50.50,203,2.2940,0.6058,LOCK,2,misalignment
317,7023596,3190,3203,0.02340,0.04290,-0.81900,0.82046,1013.89,1000,-13.89,50.50,203,2.2963,0.6409,LOCK,2,misalignment
318,7023604,3198,3211,0.04290,-0.05070,-0.75270,0.75562,1013.89,1000,-13.89,50.50,203,2.2607,0.1012,LOCK,2,misalignment
319,7023612,3206,3219,0.01950,0.14820,-0.75660,0.77122,1013.88,1000,-13.88,50.50,203,2.2674,0.2029,LOCK,2,misalignment
320,7023621,3215,3228,0.03510,-0.01560,-0.78390,0.78484,1013.87,1000,-13.87,50.50,203,2.2711,0.2594,LOCK,2,misalignment
321,7023639,3233,3246,-0.03120,0.04290,-0.78390,0.78569,1013.86,1000,-13.86,50.50,203,2.2919,0.5738,LOCK,2,misalignment
322,7023648,3242,3255,0.08190,0.00000,-0.79560,0.79980,1013.85,1000,-13.85,50.50,203,2.2885,0.5225,LOCK,2,misalignment
323,7023656,3250,3263,0.08190,0.00000,-0.79560,0.79980,1013.85,1000,-13.85,50.50,203,2.2948,0.6183,LOCK,2,misalignment
324,7023669,3263,3276,0.05460,0.05460,-0.81120,0.81487,1013.85,1000,-13.85,50.50,203,2.2931,0.5918,LOCK,2,misalignment
325,7023678,3272,3285,-0.04290,0.07800,-0.78390,0.78894,1013.85,1000,-13.85,50.50,203,2.2859,0.4834,LOCK,2,misalignment
326,7023686,3280,3293,-0.04290,0.07800,-0.78390,0.78894,1013.86,1000,-13.86,50.50,203,2.2768,0.3448,LOCK,2,misalignment
327,7023695,3289,3302,-0.11310,-0.12480,-0.85800,0.87437,1013.86,1000,-13.86,50.50,203,2.2962,0.6394,LOCK,2,misalignment
328,7023703,3297,3310,-0.06240,0.08190,-0.79560,0.80223,1013.86,1000,-13.86,50.50,203,2.2583,0.0655,LOCK,2,misalignment
329,7023712,3306,3319,0.05070,-0.04680,-0.77610,0.77916,1013.86,1000,-13.86,50.50,203,2.2654,0.1721,LOCK,2,misalignment
330,7023720,3314,3327,0.15600,0.42510,-0.72930,0.85844,1013.87,1000,-13.87,50.50,203,2.2721,0.2740,LOCK,2,misalignment
331,7023738,3332,3345,-0.03900,0.11310,-0.84630,0.85471,1013.88,1000,-13.88,50.50,203,2.2959,0.6351,LOCK,2,misalignment
332,7023746,3340,3353,-0.01170,-0.08580,-0.76440,0.76929,1013.89,1000,-13.89,50.50,203,2.2821,0.4257,LOCK,2,misalignment
333,7023755,3349,3362,0.03510,0.01170,-0.83070,0.83152,1013.90,1000,-13.90,50.50,203,2.2882,0.5185,LOCK,2,misalignment
334,7023763,3357,3370,0.00000,0.08190,-0.79170,0.79592,1013.91,1000,-13.91,50.50,203,2.2917,0.5710,LOCK,2,misalignment
335,7023772,3366,3379,0.00390,0.15600,-0.76440,0.78017,1013.92,1000,-13.92,50.50,203,2.2912,0.5637,LOCK,2,misalignment
336,7023780,3374,3387,0.00390,0.15600,-0.76440,0.78017,1013.93,1000,-13.93,50.50,203,2.2809,0.4080,LOCK,2,misalignment
337,7023789,3383,3396,-0.14040,0.10140,-0.78780,0.80661,1013.93,1000,-13.93,50.50,203,2.2815,0.4166,LOCK,2,misalignment
338,7023797,3391,3404,0.07410,0.03900,-0.78390,0.78836,1013.94,1000,-13.94,50.50,203,2.2950,0.6211,LOCK,2,misalignment
339,7023806,3400,3413,-0.01170,0.12090,-0.87750,0.88587,1013.94,1000,-13.94,50.50,203,2.2554,0.0210,LOCK,2,misalignment
340,7023814,3408,3421,-0.07410,0.02730,-0.75270,0.75683,1013.94,1000,-13.94,50.50,203,2.2735,0.2957,LOCK,2,misalignment
341,7023823,3417,3430,0.06240,0.07020,-0.78000,0.78563,1013.94,1000,-13.94,50.50,203,2.2789,0.3775,LOCK,2,misalignment
342,7023839,3433,3446,-0.05850,-0.02340,-0.77610,0.77865,1013.95,1000,-13.95,50.50,203,2.2941,0.6083,LOCK,2,misalignment
343,7023847,3441,3454,-0.01950,0.03510,-0.69810,0.69925,1013.94,1000,-13.94,50.50,203,2.2844,0.4605,LOCK,2,misalignment
344,7023856,3450,3463,-0.01170,0.09360,-0.87360,0.87868,1013.94,1000,-13.94,50.50,203,2.2894,0.5365,LOCK,2,misalignment
345,7023869,3463,3476,0.01950,-0.04680,-0.75270,0.75441,1013.93,1000,-13.93,50.50,203,2.2893,0.5344,LOCK,2,misalignment
346,7023878,3472,3485,-0.02730,-0.02340,-0.87750,0.87824,1013.93,1000,-13.93,50.50,203,2.2814,0.4150,LOCK,2,misalignment
347,7023886,3480,3493,0.00780,0.00780,-0.76440,0.76448,1013.93,1000,-13.93,50.50,203,2.2802,0.3970,LOCK,2,misalignment
348,7023895,3489,3502,0.16380,0.02730,-0.84630,0.86244,1013.93,1000,-13.93,50.50,203,2.2874,0.5060,LOCK,2,misalignment
349,7023903,3497,3510,0.16380,0.02730,-0.84630,0.86244,1013.94,1000,-13.94,50.50,203,2.2899,0.5435,LOCK,2,misalignment
350,7023912,3506,3519,0.00000,0.03120,-0.76050,0.76114,1013.94,1000,-13.94,50.50,203,2.2658,0.1785,LOCK,2,misalignment
351,7023920,3514,3527,-0.05460,0.02340,-0.76440,0.76670,1013.95,1000,-13.95,50.50,203,2.2838,0.4520,LOCK,2,misalignment
352,7023928,3522,3535,-0.14430,-0.15210,-0.85410,0.87946,1013.96,1000,-13.96,50.50,203,2.2709,0.2554,LOCK,2,misalignment
353,7023937,3531,3544,-0.03120,0.05070,-0.76440,0.76671,1013.96,1000,-13.96,50.50,203,2.2765,0.3412,LOCK,2,misalignment
354,7023946,3540,3553,0.07800,-0.04290,-0.82680,0.83158,1013.97,1000,-13.97,50.50,203,2.2903,0.5503,LOCK,2,misalignment
355,7023955,3549,3562,0.05460,0.31590,-0.73320,0.80022,1013.97,1000,-13.97,50.50,203,2.2862,0.4886,LOCK,2,misalignment
356,7023964,3558,3571,0.05460,0.31590,-0.73320,0.80022,1013.98,1000,-13.98,50.50,203,2.2808,0.4065,LOCK,2,misalignment
357,7023974,3568,3581,0.04680,0.11700,-0.82290,0.83249,1013.98,1000,-13.98,50.50,203,2.2928,0.5878,LOCK,2,misalignment
358,7023984,3578,3591,-0.04680,0.02730,-0.78000,0.78188,1013.98,1000,-13.98,50.50,203,2.2933,0.5948,LOCK,2,misalignment
359,7023994,3588,3601,-0.00390,0.00780,-0.83070,0.83075,1013.98,1000,-13.98,50.50,203,2.2801,0.3955,LOCK,2,misalignment
360,7024004,3598,3611,-0.02730,0.07020,-0.85020,0.85353,1013.98,1000,-13.98,50.50,203,2.2927,0.5860,LOCK,2,misalignment
361,7024014,3608,3621,-0.06630,0.15210,-0.76440,0.78220,1013.98,1000,-13.98,50.50,203,2.2603,0.0960,LOCK,2,misalignment
362,7024024,3618,3631,-0.00780,0.00000,-0.74880,0.74884,1013.96,1000,-13.96,50.50,203,2.2748,0.3155,LOCK,2,misalignment
363,7024034,3628,3641,0.04290,0.03900,-0.73320,0.73549,1013.95,1000,-13.95,50.50,203,2.2669,0.1949,LOCK,2,misalignment
364,7024044,3638,3651,-0.01170,0.13260,-0.80730,0.81820,1013.95,1000,-13.95,50.50,203,2.2909,0.5585,LOCK,2,misalignment
365,7024054,3648,3661,-0.05070,0.03900,-0.85410,0.85649,1013.94,1000,-13.94,50.50,203,2.2917,0.5713,LOCK,2,misalignment
366,7024069,3663,3676,0.08580,-0.00390,-0.79170,0.79635,1013.94,1000,-13.94,50.50,203,2.2957,0.6318,LOCK,2,misalignment
367,7024077,3671,3684,0.08580,-0.00390,-0.79170,0.79635,1013.94,1000,-13.94,50.50,203,2.2871,0.5008,LOCK,2,misalignment
368,7024086,3680,3693,-0.03510,0.09360,-0.68640,0.69364,1013.95,1000,-13.95,50.50,203,2.2857,0.4810,LOCK,2,misalignment
369,7024094,3688,3701,0.06630,0.07020,-0.84240,0.84792,1013.96,1000,-13.96,50.50,203,2.2864,0.4907,LOCK,2,misalignment
370,7024104,3698,3711,0.03120,-0.00780,-0.75270,0.75339,1014.01,1000,-14.01,50.50,203,2.2896,0.5393,LOCK,2,misalignment
371,7024114,3708,3721,-0.01170,0.00000,-0.85410,0.85418,1014.03,1000,-14.03,50.50,203,2.2954,0.6269,LOCK,2,misalignment
372,7024124,3718,3731,-0.01560,0.04290,-0.79170,0.79301,1014.04,1000,-14.04,50.50,203,2.2573,0.0503,LOCK,2,misalignment
373,7024134,3728,3741,0.13260,-0.07020,-0.84240,0.85566,1014.04,1000,-14.04,50.50,203,2.2718,0.2697,LOCK,2,misalignment
374,7024144,3738,3751,-0.04680,0.07800,-0.75660,0.76205,1014.04,1000,-14.04,50.50,203,2.2833,0.4434,LOCK,2,misalignment
375,7024154,3748,3761,0.03900,-0.01170,-0.76440,0.76548,1014.04,1000,-14.04,50.50,203,2.2916,0.5692,LOCK,2,misalignment
376,7024164,3758,3771,-0.07800,-0.07410,-0.86580,0.87246,1014.04,1000,-14.04,50.50,203,2.2994,0.6885,LOCK,2,misalignment
377,7024174,3768,3781,-0.03900,0.01170,-0.73320,0.73433,1014.04,1000,-14.04,50.50,203,2.2939,0.6040,LOCK,2,misalignment
378,7024184,3778,3791,0.10140,-0.08970,-0.81510,0.82627,1014.04,1000,-14.04,50.50,203,2.2801,0.3949,LOCK,2,misalignment
379,7024194,3788,3801,-0.08580,0.22230,-0.76830,0.80440,1014.04,1000,-14.04,50.50,203,2.2904,0.5509,LOCK,2,misalignment
380,7024204,3798,3811,0.04290,-0.01170,-0.74490,0.74623,1014.04,1000,-14.04,50.50,203,2.2856,0.4791,LOCK,2,misalignment
381,7024214,3808,3821,-0.11700,0.01950,-0.86190,0.87002,1014.04,1000,-14.04,50.50,203,2.2936,0.5997,LOCK,2,misalignment
382,7024224,3818,3831,-0.01560,0.07410,-0.81120,0.81473,1014.04,1000,-14.04,50.50,203,2.2710,0.2575,LOCK,2,misalignment
383,7024234,3828,3841,-0.07800,0.10140,-0.86190,0.87134,1014.04,1000,-14.04,50.50,203,2.2834,0.4462,LOCK,2,misalignment
384,7024244,3838,3851,0.00000,0.01560,-0.73320,0.73337,1014.04,1000,-14.04,50.50,203,2.2627,0.1318,LOCK,2,misalignment
385,7024254,3848,3861,0.03120,0.05460,-0.72540,0.72812,1014.04,1000,-14.04,50.50,203,2.2957,0.6321,LOCK,2,misalignment
386,7024269,3863,3876,0.04680,0.08580,-0.81900,0.82481,1014.06,1000,-14.06,50.50,203,2.2854,0.4764,LOCK,2,misalignment
387,7024277,3871,3884,-0.02340,0.07410,-0.76830,0.77222,1014.06,1000,-14.06,50.50,203,2.2926,0.5841,LOCK,2,misalignment
388,7024285,3879,3892,-0.08970,-0.03900,-0.83460,0.84031,1014.06,1000,-14.06,50.50,203,2.2850,0.4700,LOCK,2,misalignment
389,7024294,3888,3901,0.03120,0.12090,-0.76050,0.77068,1014.06,1000,-14.06,50.50,203,2.2886,0.5249,LOCK,2,misalignment
390,7024304,3898,3911,0.10530,0.03510,-0.78000,0.78786,1014.07,1000,-14.07,50.50,203,2.2851,0.4718,LOCK,2,misalignment
391,7024314,3908,3921,-0.05070,0.10920,-0.77220,0.78153,1014.07,1000,-14.07,50.50,203,2.2909,0.5594,LOCK,2,misalignment
392,7024324,3918,3931,-0.05070,0.10920,-0.77220,0.78153,1014.14,1000,-14.14,50.50,203,2.2733,0.2923,LOCK,2,misalignment
393,7024334,3928,3941,0.01170,0.03510,-0.86190,0.86269,1014.16,1000,-14.16,50.50,203,2.2679,0.2111,LOCK,2,misalignment
394,7024344,3938,3951,-0.01170,0.00780,-0.81120,0.81132,1014.16,1000,-14.16,50.50,203,2.2727,0.2835,LOCK,2,misalignment
395,7024354,3948,3961,-0.07020,-0.03900,-0.81900,0.82293,1014.16,1000,-14.16,50.50,203,2.2887,0.5252,LOCK,2,misalignment
396,7024364,3958,3971,0.02730,0.08190,-0.78390,0.78864,1014.16,1000,-14.16,50.50,203,2.2974,0.6574,LOCK,2,misalignment
397,7024374,3968,3981,0.00390,-0.06240,-0.79950,0.80194,1014.16,1000,-14.16,50.50,203,2.2888,0.5271,LOCK,2,misalignment
398,7024384,3978,3991,-0.09360,-0.02340,-0.63570,0.64298,1014.13,1000,-14.13,50.50,203,2.2916,0.5698,LOCK,2,misalignment
399,7024394,3988,4001,-0.08190,-0.01170,-0.81900,0.82317,1014.12,1000,-14.12,50.50,203,2.2901,0.5466,LOCK,2,misalignment
400,7024404,3998,4011,0.00780,-0.06240,-0.84240,0.84474,1014.12,1000,-14.12,50.50,203,2.2902,0.5478,LOCK,2,misalignment
401,7024414,4008,4021,0.05070,0.05070,-0.81900,0.82213,1014.12,1000,-14.12,50.50,203,2.2800,0.3943,LOCK,2,misalignment
402,7024424,4018,4031,0.05460,-0.14430,-0.79170,0.80659,1014.12,1000,-14.12,50.50,203,2.2783,0.3689,LOCK,2,misalignment
403,7024434,4028,4041,0.06240,0.23790,-0.78000,0.81786,1014.12,1000,-14.12,50.50,203,2.2746,0.3122,LOCK,2,misalignment
404,7024444,4038,4051,0.08580,0.01560,-0.80730,0.81200,1014.14,1000,-14.14,50.50,203,2.2768,0.3451,LOCK,2,misalignment
405,7024454,4048,4061,0.04290,-0.01950,-0.79170,0.79310,1014.14,1000,-14.14,50.50,203,2.2869,0.4984,LOCK,2,misalignment
406,7024469,4063,4076,-0.07800,0.08190,-0.81120,0.81905,1014.14,1000,-14.14,50.50,203,2.2835,0.4468,LOCK,2,misalignment
407,7024477,4071,4084,-0.07800,0.08190,-0.81120,0.81905,1014.14,1000,-14.14,50.50,203,2.2850,0.4691,LOCK,2,misalignment
408,7024485,4079,4092,0.12870,-0.03120,-0.77220,0.78347,1014.14,1000,-14.14,50.50,203,2.2856,0.4791,LOCK,2,misalignment
409,7024494,4088,4101,-0.00390,0.08970,-0.77610,0.78128,1014.14,1000,-14.14,50.50,203,2.2870,0.4993,LOCK,2,misalignment
410,7024504,4098,4111,0.01560,0.09750,-0.71760,0.72436,1014.16,1000,-14.16,50.50,203,2.2748,0.3152,LOCK,2,misalignment
411,7024514,4108,4121,0.06240,0.16380,-0.77610,0.79565,1014.16,1000,-14.16,50.50,203,2.2827,0.4352,LOCK,2,misalignment
412,7024524,4118,4131,-0.06240,-0.03900,-0.80730,0.81065,1014.16,1000,-14.16,50.50,203,2.2816,0.4187,LOCK,2,misalignment
413,7024534,4128,4141,0.02730,0.16380,-0.76050,0.77842,1014.16,1000,-14.16,50.50,203,2.2549,0.0139,LOCK,2,misalignment
414,7024544,4138,4151,0.06240,0.10920,-0.81120,0.82089,1014.16,1000,-14.16,50.50,203,2.2721,0.2737,LOCK,2,misalignment
415,7024554,4148,4161,-0.07800,0.10140,-0.78390,0.79427,1014.20,1000,-14.20,50.50,203,2.2702,0.2456,LOCK,2,misalignment
416,7024564,4158,4171,-0.04290,-0.00390,-0.81900,0.82013,1014.21,1000,-14.21,50.50,203,2.2833,0.4446,LOCK,2,misalignment
417,7024574,4168,4181,-0.05460,0.05460,-0.79950,0.80322,1014.21,1000,-14.21,50.50,203,2.2793,0.3833,LOCK,2,misalignment
418,7024584,4178,4191,-0.07410,-0.05850,-0.83460,0.83992,1014.21,1000,-14.21,50.50,203,2.2898,0.5426,LOCK,2,misalignment
419,7024594,4188,4201,0.00780,0.03900,-0.71760,0.71870,1014.21,1000,-14.21,50.50,203,2.2887,0.5264,LOCK,2,misalignment
420,7024604,4198,4211,0.00780,0.07800,-0.76440,0.76841,1014.21,1000,-14.21,50.50,203,2.2875,0.5078,LOCK,2,misalignment
421,7024614,4208,4221,-0.04290,-0.02340,-0.65910,0.66091,1014.24,1000,-14.24,50.50,203,2.2945,0.6131,LOCK,2,misalignment
422,7024624,4218,4231,0.03900,0.03510,-0.79950,0.80122,1014.25,1000,-14.25,50.50,203,2.2930,0.5905,LOCK,2,misalignment
423,7024634,4228,4241,0.01950,0.01560,-0.88920,0.88955,1014.25,1000,-14.25,50.50,203,2.2741,0.3039,LOCK,2,misalignment
424,7024644,4238,4251,0.04680,0.05070,-0.84630,0.84911,1014.25,1000,-14.25,50.50,203,2.2773,0.3531,LOCK,2,misalignment
425,7024654,4248,4261,-0.01170,-0.17160,-0.79950,0.81779,1014.25,1000,-14.25,50.50,203,2.2713,0.2621,LOCK,2,misalignment
426,7024669,4263,4276,0.09360,0.07800,-0.78780,0.79717,1014.25,1000,-14.25,50.50,203,2.2897,0.5414,LOCK,2,misalignment
427,7024677,4271,4284,0.08580,0.00780,-0.81510,0.81964,1014.25,1000,-14.25,50.50,203,2.2896,0.5393,LOCK,2,misalignment
428,7024686,4280,4293,0.02340,0.05460,-0.78000,0.78226,1014.25,1000,-14.25,50.50,203,2.2891,0.5322,LOCK,2,misalignment
429,7024694,4288,4301,-0.02730,0.12090,-0.82290,0.83218,1014.25,1000,-14.25,50.50,203,2.2849,0.4684,LOCK,2,misalignment
430,7024704,4298,4311,-0.02730,-0.01950,-0.81120,0.81189,1014.25,1000,-14.25,50.50,203,2.2887,0.5258,LOCK,2,misalignment
431,7024714,4308,4321,-0.02730,-0.01950,-0.81120,0.81189,1014.25,1000,-14.25,50.50,203,2.2940,0.6061,LOCK,2,misalignment
432,7024724,4318,4331,-0.01170,0.15990,-0.82680,0.84220,1014.25,1000,-14.25,50.50,203,2.2980,0.6669,LOCK,2,misalignment
433,7024734,4328,4341,-0.01170,0.15990,-0.82680,0.84220,1014.31,1000,-14.31,50.50,203,2.2706,0.2520,LOCK,2,misalignment
434,7024744,4338,4351,-0.02730,0.07410,-0.70200,0.70643,1014.34,1000,-14.34,50.50,203,2.2755,0.3259,LOCK,2,misalignment
435,7024754,4348,4361,0.01170,0.00390,-0.76830,0.76840,1014.34,1000,-14.34,50.50,203,2.2738,0.2993,LOCK,2,misalignment
436,7024764,4358,4371,0.00780,0.03120,-0.82680,0.82743,1014.34,1000,-14.34,50.50,203,2.2932,0.5939,LOCK,2,misalignment
437,7024774,4368,4381,0.02340,0.20280,-0.77610,0.80250,1014.34,1000,-14.34,50.50,203,2.2853,0.4743,LOCK,2,misalignment
438,7024784,4378,4391,0.04290,0.18330,-0.83070,0.85176,1014.34,1000,-14.34,50.50,203,2.2882,0.5182,LOCK,2,misalignment
439,7024794,4388,4401,-0.08970,0.06240,-0.66690,0.67579,1014.33,1000,-14.33,50.50,203,2.2891,0.5326,LOCK,2,misalignment
440,7024804,4398,4411,0.01560,0.01560,-0.83460,0.83489,1014.33,1000,-14.33,50.50,203,2.2905,0.5530,LOCK,2,misalignment
441,7024814,4408,4421,-0.05070,0.04680,-0.82290,0.82579,1014.33,1000,-14.33,50.50,203,2.2980,0.6672,LOCK,2,misalignment
442,7024824,4418,4431,-0.03510,-0.07020,-0.79950,0.80334,1014.33,1000,-14.33,50.50,203,2.2778,0.3613,LOCK,2,misalignment
443,7024834,4428,4441,0.03510,0.09360,-0.78780,0.79412,1014.33,1000,-14.33,50.50,203,2.2688,0.2246,LOCK,2,misalignment
444,7024844,4438,4451,0.02730,0.04680,-0.75270,0.75465,1014.33,1000,-14.33,50.50,203,2.2667,0.1931,LOCK,2,misalignment
445,7024854,4448,4461,0.01170,0.08190,-0.69030,0.69524,1014.33,1000,-14.33,50.50,203,2.2647,0.1626,LOCK,2,misalignment
446,7024869,4463,4476,0.01950,-0.07410,-0.84630,0.84976,1014.33,1000,-14.33,50.50,203,2.2912,0.5637,LOCK,2,misalignment
447,7024877,4471,4484,0.01950,-0.07410,-0.84630,0.84976,1014.33,1000,-14.33,50.50,203,2.2844,0.4608,LOCK,2,misalignment
448,7024885,4479,4492,0.00780,-0.01560,-0.86190,0.86208,1014.33,1000,-14.33,50.50,203,2.2823,0.4294,LOCK,2,misalignment
449,7024894,4488,4501,-0.04290,-0.14430,-0.84240,0.85575,1014.33,1000,-14.33,50.50,203,2.2808,0.4065,LOCK,2,misalignment
450,7024904,4498,4511,0.11700,-0.06240,-0.74490,0.75661,1014.33,1000,-14.33,50.50,203,2.2870,0.5002,LOCK,2,misalignment
451,7024914,4508,4521,0.02340,0.03120,-0.80340,0.80435,1014.35,1000,-14.35,50.50,203,2.2877,0.5109,LOCK,2,misalignment
452,7024924,4518,4531,0.02340,0.10920,-0.76050,0.76866,1014.35,1000,-14.35,50.50,203,2.2887,0.5261,LOCK,2,misalignment
453,7024934,4528,4541,-0.02340,0.12090,-0.85410,0.86293,1014.35,1000,-14.35,50.50,203,2.2694,0.2337,LOCK,2,misalignment
454,7024944,4538,4551,0.00390,0.01170,-0.75270,0.75280,1014.35,1000,-14.35,50.50,203,2.2584,0.0673,LOCK,2,misalignment
455,7024954,4548,4561,0.11310,0.01950,-0.78390,0.79226,1014.35,1000,-14.35,50.50,203,2.2776,0.3576,LOCK,2,misalignment
456,7024964,4558,4571,-0.08580,0.01950,-0.86190,0.86638,1014.35,1000,-14.35,50.50,203,2.2849,0.4678,LOCK,2,misalignment
457,7024974,4568,4581,-0.00390,0.12090,-0.68640,0.69698,1014.47,1000,-14.47,50.50,203,2.2760,0.3329,LOCK,2,misalignment
458,7024984,4578,4591,-0.05070,0.01560,-0.81120,0.81293,1014.50,1000,-14.50,50.50,203,2.2843,0.4584,LOCK,2,misalignment
459,7024994,4588,4601,-0.01560,0.01950,-0.79560,0.79599,1014.51,1000,-14.51,50.50,203,2.2796,0.3873,LOCK,2,misalignment
460,7025004,4598,4611,-0.02340,0.12090,-0.79560,0.80507,1014.52,1000,-14.52,50.50,203,2.2852,0.4724,LOCK,2,misalignment
461,7025014,4608,4621,0.05070,0.04680,-0.86970,0.87243,1014.52,1000,-14.52,50.50,203,2.2918,0.5725,LOCK,2,misalignment
462,7025024,4618,4631,-0.04290,0.06630,-0.61230,0.61737,1014.52,1000,-14.52,50.50,203,2.2950,0.6205,LOCK,2,misalignment
463,7025034,4628,4641,0.05850,0.09360,-0.79950,0.80708,1014.54,1000,-14.54,50.50,203,2.2925,0.5835,LOCK,2,misalignment
464,7025044,4638,4651,0.02730,0.06240,-0.83070,0.83349,1014.54,1000,-14.54,50.50,203,2.2595,0.0838,LOCK,2,misalignment
465,7025054,4648,4661,-0.08580,-0.14430,-0.82680,0.84367,1014.55,1000,-14.55,50.50,203,2.2703,0.2465,LOCK,2,misalignment
466,7025069,4663,4676,-0.00390,0.04680,-0.78390,0.78531,1014.55,1000,-14.55,50.50,203,2.2863,0.4898,LOCK,2,misalignment
467,7025077,4671,4684,0.11310,0.07410,-0.78780,0.79932,1014.55,1000,-14.55,50.50,203,2.2877,0.5100,LOCK,2,misalignment
468,7025086,4680,4693,0.03510,0.05070,-0.68640,0.68916,1014.56,1000,-14.56,50.50,203,2.2889,0.5286,LOCK,2,misalignment
469,7025094,4688,4701,0.06240,0.07800,-0.89310,0.89867,1014.57,1000,-14.57,50.50,203,2.2855,0.4767,LOCK,2,misalignment
470,7025104,4698,4711,-0.00390,-0.02340,-0.77220,0.77256,1014.63,1000,-14.63,50.50,203,2.2876,0.5090,LOCK,2,misalignment
471,7025114,4708,4721,0.01950,-0.03510,-0.85020,0.85115,1014.66,1000,-14.66,50.50,203,2.2851,0.4709,LOCK,2,misalignment
472,7025124,4718,4731,0.01950,-0.03510,-0.85020,0.85115,1014.67,1000,-14.67,50.50,203,2.2886,0.5249,LOCK,2,misalignment
473,7025134,4728,4741,-0.00390,-0.11310,-0.85020,0.85770,1014.67,1000,-14.67,50.50,203,2.2786,0.3726,LOCK,2,misalignment
474,7025144,4738,4751,0.10920,-0.05850,-0.76050,0.77052,1014.62,1000,-14.62,50.50,203,2.2752,0.3213,LOCK,2,misalignment
475,7025154,4748,4761,-0.01560,0.03510,-0.79950,0.80042,1014.58,1000,-14.58,50.50,203,2.2681,0.2130,LOCK,2,misalignment
476,7025164,4758,4771,0.00390,0.02730,-0.74880,0.74931,1014.57,1000,-14.57,50.50,203,2.2661,0.1830,LOCK,2,misalignment
477,7025174,4768,4781,0.00780,0.07020,-0.79560,0.79873,1014.57,1000,-14.57,50.50,203,2.3006,0.7065,LOCK,2,misalignment
478,7025184,4778,4791,0.05460,0.08970,-0.80730,0.81410,1014.57,1000,-14.57,50.50,203,2.2885,0.5231,LOCK,2,misalignment
479,7025194,4788,4801,0.07800,0.03510,-0.77220,0.77692,1014.57,1000,-14.57,50.50,203,2.2863,0.4889,LOCK,2,misalignment
480,7025204,4798,4811,-0.05070,0.10140,-0.84240,0.84999,1014.67,1000,-14.67,50.50,203,2.2886,0.5246,LOCK,2,misalignment
481,7025214,4808,4821,0.03900,0.08580,-0.73320,0.73923,1014.71,1000,-14.71,50.50,203,2.2814,0.4156,LOCK,2,misalignment
482,7025224,4818,4831,-0.10530,-0.11700,-0.83460,0.84931,1014.71,1000,-14.71,50.50,203,2.2915,0.5680,LOCK,2,misalignment
483,7025234,4828,4841,-0.03510,0.03120,-0.83460,0.83592,1014.72,1000,-14.72,50.50,203,2.2871,0.5020,LOCK,2,misalignment
484,7025244,4838,4851,-0.06630,0.07410,-0.76050,0.76697,1014.72,1000,-14.72,50.50,203,2.2721,0.2749,LOCK,2,misalignment
485,7025254,4848,4861,0.07020,-0.01950,-0.81510,0.81835,1014.72,1000,-14.72,50.50,203,2.2576,0.0539,LOCK,2,misalignment
486,7025269,4863,4876,0.03120,0.03510,-0.76830,0.76973,1014.80,1000,-14.80,50.50,203,2.2720,0.2731,LOCK,2,misalignment
487,7025277,4871,4884,0.03120,0.03510,-0.76830,0.76973,1014.80,1000,-14.80,50.50,203,2.2859,0.4834,LOCK,2,misalignment
488,7025286,4880,4893,0.05070,0.10140,-0.79560,0.80364,1014.80,1000,-14.80,50.50,203,2.2819,0.4230,LOCK,2,misalignment
489,7025294,4888,4901,-0.03900,-0.10530,-0.89310,0.90013,1014.80,1000,-14.80,50.50,203,2.2863,0.4898,LOCK,2,misalignment
490,7025304,4898,4911,0.00000,0.07020,-0.74880,0.75208,1014.81,1000,-14.81,50.50,203,2.2869,0.4987,LOCK,2,misalignment
491,7025314,4908,4921,0.09750,0.08970,-0.78780,0.79886,1014.82,1000,-14.82,50.50,203,2.2893,0.5356,LOCK,2,misalignment
492,7025324,4918,4931,0.03900,0.11700,-0.65910,0.67054,1014.80,1000,-14.80,50.50,203,2.2840,0.4544,LOCK,2,misalignment
493,7025334,4928,4941,0.07410,0.03120,-0.83850,0.84235,1014.80,1000,-14.80,50.50,203,2.2919,0.5744,LOCK,2,misalignment
494,7025344,4938,4951,-0.00390,-0.02730,-0.82680,0.82726,1014.80,1000,-14.80,50.50,203,2.2739,0.3018,LOCK,2,misalignment
495,7025354,4948,4961,-0.07020,-0.02730,-0.79950,0.80304,1014.80,1000,-14.80,50.50,203,2.2690,0.2276,LOCK,2,misalignment
496,7025364,4958,4971,0.01560,-0.01170,-0.77220,0.77245,1014.80,1000,-14.80,50.50,203,2.2564,0.0359,LOCK,2,misalignment
497,7025374,4968,4981,0.03900,-0.02730,-0.79560,0.79702,1014.80,1000,-14.80,50.50,203,2.2841,0.4565,LOCK,2,misalignment
498,7025384,4978,4991,0.04290,0.05460,-0.74880,0.75201,1014.84,1000,-14.84,50.50,203,2.3023,0.7313,LOCK,2,misalignment
499,7025394,4988,5001,0.03900,0.08970,-0.77610,0.78224,1014.85,1000,-14.85,50.50,203,2.2899,0.5432,LOCK,2,misalignment
500,7025404,4998,5011,0.00000,0.11310,-0.75660,0.76501,1014.85,1000,-14.85,50.50,203,2.2964,0.6427,LOCK,2,misalignment
501,7025414,5008,5021,0.04680,0.00000,-0.77220,0.77362,1014.85,1000,-14.85,50.50,203,2.2840,0.4550,LOCK,2,misalignment
502,7025424,5018,5031,0.07800,0.03900,-0.87750,0.88182,1014.85,1000,-14.85,50.50,203,2.2859,0.4831,LOCK,2,misalignment
503,7025434,5028,5041,0.00780,0.07020,-0.81120,0.81427,1014.85,1000,-14.85,50.50,203,2.2876,0.5090,LOCK,2,misalignment
504,7025444,5038,5051,0.08970,0.15990,-0.74100,0.76334,1014.82,1000,-14.82,50.50,203,2.2888,0.5267,LOCK,2,misalignment
505,7025454,5048,5061,-0.11310,-0.02340,-0.84240,0.85028,1014.81,1000,-14.81,50.50,203,2.2672,0.2004,LOCK,2,misalignment
506,7025469,5063,5076,-0.04290,0.04290,-0.81120,0.81347,1014.81,1000,-14.81,50.50,203,2.2583,0.0655,LOCK,2,misalignment
507,7025477,5071,5084,-0.09750,0.08970,-0.85410,0.86431,1014.81,1000,-14.81,50.50,203,2.2851,0.4709,LOCK,2,misalignment
508,7025485,5079,5092,0.02730,-0.00390,-0.74100,0.74151,1014.81,1000,-14.81,50.50,203,2.2905,0.5524,LOCK,2,misalignment
509,7025494,5088,5101,-0.01950,0.12480,-0.69030,0.70176,1014.81,1000,-14.81,50.50,203,2.2872,0.5032,LOCK,2,misalignment
510,7025504,5098,5111,-0.01950,0.11700,-0.77610,0.78511,1014.82,1000,-14.82,50.50,203,2.2890,0.5301,LOCK,2,misalignment
511,7025514,5108,5121,0.03120,-0.00780,-0.79560,0.79625,1014.83,1000,-14.83,50.50,203,2.2943,0.6107,LOCK,2,misalignment
512,7025524,5118,5131,0.03120,-0.00780,-0.79560,0.79625,1014.83,1000,-14.83,50.50,203,2.2966,0.6455,LOCK,2,misalignment
513,7025534,5128,5141,-0.03120,-0.10140,-0.89310,0.89938,1014.83,1000,-14.83,50.50,203,2.2951,0.6226,LOCK,2,misalignment
514,7025544,5138,5151,0.03900,0.10920,-0.73320,0.74231,1014.83,1000,-14.83,50.50,203,2.2848,0.4669,LOCK,2,misalignment
515,7025554,5148,5161,0.02340,0.08970,-0.81120,0.81648,1014.83,1000,-14.83,50.50,203,2.2729,0.2862,LOCK,2,misalignment
516,7025564,5158,5171,0.01560,0.15210,-0.67080,0.68800,1014.85,1000,-14.85,50.50,203,2.2733,0.2917,LOCK,2,misalignment
517,7025574,5168,5181,0.10920,0.07410,-0.82680,0.83727,1014.85,1000,-14.85,50.50,203,2.2767,0.3439,LOCK,2,misalignment
518,7025584,5178,5191,-0.01560,0.03900,-0.84630,0.84734,1014.85,1000,-14.85,50.50,203,2.2888,0.5267,LOCK,2,misalignment
519,7025594,5188,5201,-0.04290,-0.01170,-0.78000,0.78127,1014.85,1000,-14.85,50.50,203,2.2931,0.5924,LOCK,2,misalignment
520,7025604,5198,5211,0.03510,0.02340,-0.77220,0.77335,1014.85,1000,-14.85,50.50,203,2.2965,0.6446,LOCK,2,misalignment
521,7025614,5208,5221,-0.00390,0.03900,-0.79170,0.79267,1014.85,1000,-14.85,50.50,203,2.2919,0.5744,LOCK,2,misalignment
522,7025624,5218,5231,-0.00390,0.01950,-0.75270,0.75296,1014.89,1000,-14.89,50.50,203,2.2861,0.4868,LOCK,2,misalignment
523,7025634,5228,5241,0.08190,0.09360,-0.79170,0.80141,1014.90,1000,-14.90,50.50,203,2.2869,0.4984,LOCK,2,misalignment
524,7025644,5238,5251,0.02730,0.16380,-0.77610,0.79367,1014.91,1000,-14.91,50.50,203,2.2820,0.4248,LOCK,2,misalignment
525,7025654,5248,5261,0.00780,0.05850,-0.79560,0.79779,1014.91,1000,-14.91,50.50,203,2.2794,0.3848,LOCK,2,misalignment
526,7025669,5263,5276,0.10140,0.03900,-0.83460,0.84164,1014.91,1000,-14.91,50.50,203,2.2759,0.3314,LOCK,2,misalignment
527,7025677,5271,5284,0.10140,0.03900,-0.83460,0.84164,1014.90,1000,-14.90,50.50,203,2.2713,0.2615,LOCK,2,misalignment
528,7025686,5280,5293,0.03120,0.10920,-0.78000,0.78822,1014.89,1000,-14.89,50.50,203,2.2905,0.5533,LOCK,2,misalignment
529,7025694,5288,5301,-0.06240,-0.01170,-0.80730,0.80979,1014.89,1000,-14.89,50.50,203,2.2885,0.5225,LOCK,2,misalignment
530,7025704,5298,5311,-0.05070,0.01950,-0.81900,0.82080,1014.85,1000,-14.85,50.50,203,2.2845,0.4614,LOCK,2,misalignment
531,7025714,5308,5321,-0.06240,0.00780,-0.75660,0.75921,1014.84,1000,-14.84,50.50,203,2.2917,0.5707,LOCK,2,misalignment
532,7025724,5318,5331,0.06630,0.03900,-0.76050,0.76438,1014.83,1000,-14.83,50.50,203,2.2887,0.5261,LOCK,2,misalignment
533,7025734,5328,5341,-0.00390,0.21060,-0.68640,0.71799,1014.83,1000,-14.83,50.50,203,2.2939,0.6049,LOCK,2,misalignment
534,7025744,5338,5351,-0.01170,0.11310,-0.76830,0.77667,1014.85,1000,-14.85,50.50,203,2.2851,0.4709,LOCK,2,misalignment
535,7025754,5348,5361,-0.03120,0.00000,-0.78780,0.78842,1014.86,1000,-14.86,50.50,203,2.2646,0.1601,LOCK,2,misalignment
536,7025764,5358,5371,-0.01950,-0.12480,-0.90480,0.91357,1014.86,1000,-14.86,50.50,203,2.2781,0.3647,LOCK,2,misalignment
537,7025774,5368,5381,-0.00780,0.04680,-0.77220,0.77366,1014.86,1000,-14.86,50.50,203,2.2642,0.1547,LOCK,2,misalignment
538,7025784,5378,5391,-0.03510,0.07020,-0.80730,0.81111,1014.86,1000,-14.86,50.50,203,2.2823,0.4282,LOCK,2,misalignment
539,7025794,5388,5401,-0.01950,0.14820,-0.60840,0.62649,1014.84,1000,-14.84,50.50,203,2.2912,0.5640,LOCK,2,misalignment
540,7025804,5398,5411,0.05070,0.04680,-0.83850,0.84133,1014.79,1000,-14.79,50.50,203,2.2849,0.4681,LOCK,2,misalignment
541,7025814,5408,5421,-0.11700,0.07800,-0.79170,0.80409,1014.78,1000,-14.78,50.50,203,2.2866,0.4938,LOCK,2,misalignment
542,7025824,5418,5431,0.00000,0.02730,-0.81900,0.81945,1014.77,1000,-14.77,50.50,203,2.2807,0.4046,LOCK,2,misalignment
543,7025834,5428,5441,0.06240,0.10920,-0.80730,0.81704,1014.77,1000,-14.77,50.50,203,2.2794,0.3845,LOCK,2,misalignment
544,7025844,5438,5451,0.09360,-0.01170,-0.73710,0.74311,1014.77,1000,-14.77,50.50,203,2.2888,0.5277,LOCK,2,misalignment
545,7025854,5448,5461,0.04680,0.05850,-0.79950,0.80300,1014.82,1000,-14.82,50.50,203,2.2847,0.4657,LOCK,2,misalignment
546,7025869,5463,5476,0.09750,0.02730,-0.77610,0.78268,1014.84,1000,-14.84,50.50,203,2.2709,0.2554,LOCK,2,misalignment
547,7025877,5471,5484,0.00390,0.03900,-0.84630,0.84721,1014.84,1000,-14.84,50.50,203,2.2711,0.2594,LOCK,2,misalignment
548,7025885,5479,5492,-0.01950,0.03120,-0.76050,0.76139,1014.84,1000,-14.84,50.50,203,2.2921,0.5777,LOCK,2,misalignment
549,7025894,5488,5501,0.01950,0.08970,-0.85410,0.85902,1014.84,1000,-14.84,50.50,203,2.2916,0.5692,LOCK,2,misalignment
550,7025904,5498,5511,0.08970,0.04680,-0.78780,0.79427,1014.84,1000,-14.84,50.50,203,2.2874,0.5057,LOCK,2,misalignment
551,7025914,5508,5521,-0.01560,0.11700,-0.76830,0.77731,1014.72,1000,-14.72,50.50,203,2.2935,0.5985,LOCK,2,misalignment
552,7025924,5518,5531,-0.03120,-0.00390,-0.80340,0.80402,1014.68,1000,-14.68,50.50,203,2.2899,0.5442,LOCK,2,misalignment
553,7025934,5528,5541,-0.03120,-0.00390,-0.80340,0.80402,1014.67,1000,-14.67,50.50,203,2.2873,0.5051,LOCK,2,misalignment
554,7025944,5538,5551,-0.06630,0.02340,-0.81510,0.81813,1014.66,1000,-14.66,50.50,203,2.2846,0.4630,LOCK,2,misalignment
555,7025954,5548,5561,-0.07800,-0.06240,-0.77610,0.78250,1014.66,1000,-14.66,50.50,203,2.2863,0.4892,LOCK,2,misalignment
556,7025964,5558,5571,0.08580,0.00780,-0.77610,0.78087,1014.66,1000,-14.66,50.50,203,2.2464,-0.1146,LOCK,2,misalignment
557,7025974,5568,5581,-0.04290,0.25350,-0.79170,0.83240,1014.48,1000,-14.48,50.50,203,2.2643,0.1568,LOCK,2,misalignment
558,7025984,5578,5591,0.00000,0.07410,-0.76440,0.76798,1014.44,1000,-14.44,50.50,203,2.2568,0.0423,LOCK,2,misalignment
559,7025994,5588,5601,-0.02340,-0.01170,-0.84630,0.84670,1014.43,1000,-14.43,50.50,203,2.2934,0.5976,LOCK,2,misalignment
560,7026004,5598,5611,-0.01950,-0.10140,-0.81510,0.82161,1014.42,1000,-14.42,50.50,203,2.2869,0.4981,LOCK,2,misalignment
561,7026014,5608,5621,0.00390,0.07800,-0.81120,0.81495,1014.42,1000,-14.42,50.50,203,2.2950,0.6211,LOCK,2,misalignment
562,7026024,5618,5631,0.00780,-0.01170,-0.78780,0.78793,1014.42,1000,-14.42,50.50,203,2.2976,0.6605,LOCK,2,misalignment
563,7026034,5628,5641,0.04290,0.06630,-0.58110,0.58644,1014.48,1000,-14.48,50.50,203,2.2757,0.3286,LOCK,2,misalignment
564,7026044,5638,5651,0.00780,0.02730,-0.81120,0.81170,1014.49,1000,-14.49,50.50,203,2.2907,0.5554,LOCK,2,misalignment
565,7026054,5648,5661,0.05850,0.00780,-0.76050,0.76279,1014.50,1000,-14.50,50.50,203,2.2867,0.4956,LOCK,2,misalignment
566,7026069,5663,5676,0.05070,0.09360,-0.72150,0.72931,1014.50,1000,-14.50,50.50,203,2.2807,0.4050,LOCK,2,misalignment
567,7026077,5671,5684,0.05070,0.09360,-0.72150,0.72931,1014.50,1000,-14.50,50.50,203,2.2680,0.2120,LOCK,2,misalignment
568,7026085,5679,5692,0.14820,0.06630,-0.79170,0.80818,1014.50,1000,-14.50,50.50,203,2.2722,0.2761,LOCK,2,misalignment
569,7026094,5688,5701,-0.10530,0.17940,-0.79950,0.82612,1014.50,1000,-14.50,50.50,203,2.2884,0.5219,LOCK,2,misalignment
570,7026104,5698,5711,0.05070,0.12090,-0.81900,0.82943,1014.48,1000,-14.48,50.50,203,2.2879,0.5139,LOCK,2,misalignment
571,7026114,5708,5721,-0.01170,-0.10530,-0.86580,0.87226,1014.48,1000,-14.48,50.50,203,2.2886,0.5240,LOCK,2,misalignment
572,7026124,5718,5731,-0.07020,-0.02730,-0.84630,0.84965,1014.47,1000,-14.47,50.50,203,2.2826,0.4336,LOCK,2,misalignment
573,7026134,5728,5741,0.02340,0.04290,-0.77610,0.77764,1014.47,1000,-14.47,50.50,203,2.2878,0.5115,LOCK,2,misalignment
574,7026144,5738,5751,-0.05460,0.01170,-0.85020,0.85203,1014.47,1000,-14.47,50.50,203,2.2929,0.5893,LOCK,2,misalignment
575,7026154,5748,5761,-0.10530,0.09360,-0.68250,0.69689,1014.46,1000,-14.46,50.50,203,2.2886,0.5249,LOCK,2,misalignment
576,7026164,5758,5771,-0.01170,0.08190,-0.84630,0.85033,1014.46,1000,-14.46,50.50,203,2.2731,0.2887,LOCK,2,misalignment
577,7026174,5768,5781,0.01170,0.03900,-0.78780,0.78885,1014.46,1000,-14.46,50.50,203,2.2640,0.1519,LOCK,2,misalignment
578,7026184,5778,5791,-0.05460,-0.14040,-0.85800,0.87112,1014.46,1000,-14.46,50.50,203,2.2726,0.2825,LOCK,2,misalignment
579,7026194,5788,5801,0.07800,0.00390,-0.76440,0.76838,1014.46,1000,-14.46,50.50,203,2.2745,0.3100,LOCK,2,misalignment
580,7026204,5798,5811,0.00000,0.09750,-0.78780,0.79381,1014.46,1000,-14.46,50.50,203,2.2894,0.5365,LOCK,2,misalignment
581,7026214,5808,5821,0.05070,0.00780,-0.75660,0.75834,1014.42,1000,-14.42,50.50,203,2.2837,0.4495,LOCK,2,misalignment
582,7026224,5818,5831,-0.03900,0.00780,-0.81900,0.81997,1014.41,1000,-14.41,50.50,203,2.2802,0.3970,LOCK,2,misalignment
583,7026234,5828,5841,-0.10920,-0.07800,-0.79170,0.80299,1014.40,1000,-14.40,50.50,203,2.2976,0.6611,LOCK,2,misalignment
584,7026244,5838,5851,-0.05070,0.15600,-0.81120,0.82762,1014.40,1000,-14.40,50.50,203,2.2807,0.4050,LOCK,2,misalignment
585,7026254,5848,5861,0.04680,-0.03900,-0.78390,0.78626,1014.40,1000,-14.40,50.50,203,2.2818,0.4208,LOCK,2,misalignment
586,7026269,5863,5876,0.12870,0.27300,-0.64740,0.71430,1014.40,1000,-14.40,50.50,203,2.2871,0.5011,LOCK,2,misalignment
587,7026277,5871,5884,-0.02340,0.01560,-0.85800,0.85846,1014.40,1000,-14.40,50.50,203,2.2604,0.0970,LOCK,2,misalignment
588,7026285,5879,5892,0.00390,-0.00780,-0.76440,0.76445,1014.39,1000,-14.39,50.50,203,2.2639,0.1501,LOCK,2,misalignment
589,7026294,5888,5901,-0.02730,0.04290,-0.87750,0.87897,1014.39,1000,-14.39,50.50,203,2.2772,0.3515,LOCK,2,misalignment
590,7026304,5898,5911,0.06630,0.09360,-0.74490,0.75368,1014.36,1000,-14.36,50.50,203,2.2927,0.5857,LOCK,2,misalignment
591,7026314,5908,5921,0.08190,0.17160,-0.84240,0.86359,1014.35,1000,-14.35,50.50,203,2.2839,0.4535,LOCK,2,misalignment
592,7026324,5918,5931,0.08190,0.17160,-0.84240,0.86359,1014.35,1000,-14.35,50.50,203,2.2922,0.5780,LOCK,2,misalignment
593,7026334,5928,5941,-0.10920,0.14040,-0.76830,0.78862,1014.31,1000,-14.31,50.50,203,2.2918,0.5728,LOCK,2,misalignment
594,7026344,5938,5951,-0.00780,0.05850,-0.78000,0.78223,1014.30,1000,-14.30,50.50,203,2.2774,0.3540,LOCK,2,misalignment
595,7026354,5948,5961,-0.03120,0.00780,-0.85410,0.85471,1014.30,1000,-14.30,50.50,203,2.2861,0.4868,LOCK,2,misalignment
596,7026364,5958,5971,0.00390,0.02730,-0.80730,0.80777,1014.30,1000,-14.30,50.50,203,2.2862,0.4883,LOCK,2,misalignment
597,7026374,5968,5981,0.03120,0.07410,-0.78390,0.78801,1014.30,1000,-14.30,50.50,203,2.2527,-0.0203,LOCK,2,misalignment
598,7026384,5978,5991,-0.03510,0.07020,-0.77220,0.77618,1014.30,1000,-14.30,50.50,203,2.2627,0.1311,LOCK,2,misalignment
599,7026394,5988,6001,-0.02340,0.19110,-0.74100,0.76560,1014.10,1000,-14.10,50.50,203,2.2680,0.2123,LOCK,2,misalignment
600,7026404,5998,6011,0.01950,-0.00780,-0.80730,0.80757,1014.06,1000,-14.06,50.50,203,2.2898,0.5429,LOCK,2,misalignment
601,7026414,6008,6021,0.04290,0.00780,-0.84630,0.84742,1014.04,1000,-14.04,50.50,203,2.2959,0.6351,LOCK,2,misalignment
602,7026424,6018,6031,-0.05070,-0.14820,-0.80340,0.81853,1014.03,1000,-14.03,50.50,203,2.2947,0.6171,LOCK,2,misalignment
603,7026434,6028,6041,0.04290,0.03900,-0.82290,0.82494,1014.03,1000,-14.03,50.50,203,2.3005,0.7047,LOCK,2,misalignment
604,7026444,6038,6051,0.08580,-0.05850,-0.78780,0.79461,1014.03,1000,-14.03,50.50,203,2.2963,0.6412,LOCK,2,misalignment
605,7026454,6048,6061,0.08970,0.03120,-0.80730,0.81287,1014.14,1000,-14.14,50.50,203,2.2835,0.4477,LOCK,2,misalignment
606,7026469,6063,6076,-0.08190,0.02730,-0.77610,0.78089,1014.17,1000,-14.17,50.50,203,2.2835,0.4468,LOCK,2,misalignment
607,7026477,6071,6084,-0.08190,0.02730,-0.77610,0.78089,1014.17,1000,-14.17,50.50,203,2.2736,0.2963,LOCK,2,misalignment
608,7026485,6079,6092,-0.07410,0.15600,-0.82290,0.84083,1014.17,1000,-14.17,50.50,203,2.2676,0.2065,LOCK,2,misalignment
609,7026494,6088,6101,0.03900,-0.07020,-0.74880,0.75309,1014.18,1000,-14.18,50.50,203,2.2749,0.3167,LOCK,2,misalignment
610,7026504,6098,6111,0.06240,0.21840,-0.72150,0.75641,1014.16,1000,-14.16,50.50,203,2.2936,0.6000,LOCK,2,misalignment
611,7026514,6108,6121,-0.07410,-0.01170,-0.87360,0.87682,1014.14,1000,-14.14,50.50,203,2.2845,0.4614,LOCK,2,misalignment
612,7026524,6118,6131,-0.07800,0.01560,-0.72930,0.73363,1014.14,1000,-14.14,50.50,203,2.2873,0.5048,LOCK,2,misalignment
613,7026534,6128,6141,-0.05460,0.04290,-0.85410,0.85692,1014.14,1000,-14.14,50.50,203,2.2901,0.5466,LOCK,2,misalignment
614,7026544,6138,6151,-0.01560,0.23790,-0.78780,0.82308,1014.13,1000,-14.13,50.50,203,2.2893,0.5347,LOCK,2,misalignment
615,7026554,6148,6161,-0.04680,0.18720,-0.80730,0.83004,1014.13,1000,-14.13,50.50,203,2.2928,0.5875,LOCK,2,misalignment
616,7026564,6158,6171,-0.09750,0.08190,-0.76830,0.77878,1014.11,1000,-14.11,50.50,203,2.2895,0.5383,LOCK,2,misalignment
617,7026574,6168,6181,0.02730,0.10530,-0.69420,0.70267,1014.10,1000,-14.10,50.50,203,2.2700,0.2423,LOCK,2,misalignment
618,7026584,6178,6191,-0.04680,-0.08190,-0.87750,0.88256,1014.10,1000,-14.10,50.50,203,2.2600,0.0905,LOCK,2,misalignment
619,7026594,6188,6201,-0.03120,-0.06630,-0.82680,0.83004,1014.10,1000,-14.10,50.50,203,2.2639,0.1498,LOCK,2,misalignment
620,7026604,6198,6211,0.05070,0.02730,-0.74490,0.74712,1014.10,1000,-14.10,50.50,203,2.2928,0.5875,LOCK,2,misalignment
621,7026614,6208,6221,0.01170,0.15990,-0.76440,0.78103,1014.10,1000,-14.10,50.50,203,2.2934,0.5976,LOCK,2,misalignment
622,7026624,6218,6231,-0.04290,0.17160,-0.76050,0.78080,1014.07,1000,-14.07,50.50,203,2.2834,0.4453,LOCK,2,misalignment
623,7026634,6228,6241,0.00390,-0.00780,-0.78000,0.78005,1014.05,1000,-14.05,50.50,203,2.2906,0.5545,LOCK,2,misalignment
624,7026644,6238,6251,0.05850,-0.06240,-0.86580,0.87001,1014.05,1000,-14.05,50.50,203,2.2874,0.5057,LOCK,2,misalignment
625,7026654,6248,6261,-0.07020,-0.28470,-0.77610,0.82965,1014.05,1000,-14.05,50.50,203,2.2957,0.6311,LOCK,2,misalignment
626,7026669,6263,6276,0.04290,0.01170,-0.79950,0.80074,1014.05,1000,-14.05,50.50,203,2.2882,0.5188,LOCK,2,misalignment
627,7026677,6271,6284,0.08190,-0.11700,-0.79560,0.80832,1014.05,1000,-14.05,50.50,203,2.2705,0.2493,LOCK,2,misalignment
628,7026686,6280,6293,0.08580,0.04290,-0.76440,0.77040,1014.07,1000,-14.07,50.50,203,2.2695,0.2355,LOCK,2,misalignment
629,7026694,6288,6301,0.07800,0.01950,-0.81510,0.81906,1014.08,1000,-14.08,50.50,203,2.2793,0.3836,LOCK,2,misalignment
630,7026704,6298,6311,-0.10920,0.02340,-0.73710,0.74551,1014.18,1000,-14.18,50.50,203,2.2775,0.3564,LOCK,2,misalignment
631,7026714,6308,6321,-0.04290,0.11310,-0.79170,0.80089,1014.22,1000,-14.22,50.50,203,2.2877,0.5103,LOCK,2,misalignment
632,7026724,6318,6331,-0.04290,0.11310,-0.79170,0.80089,1014.23,1000,-14.23,50.50,203,2.2902,0.5481,LOCK,2,misalignment
633,7026734,6328,6341,0.09750,-0.05850,-0.82290,0.83072,1014.24,1000,-14.24,50.50,203,2.2837,0.4498,LOCK,2,misalignment
634,7026744,6338,6351,0.06240,0.17160,-0.71760,0.74047,1014.11,1000,-14.11,50.50,203,2.2919,0.5738,LOCK,2,misalignment
635,7026754,6348,6361,-0.06630,-0.05460,-0.83850,0.84289,1014.08,1000,-14.08,50.50,203,2.2877,0.5100,LOCK,2,misalignment
636,7026811,6405,6418,0.01560,0.16770,-0.79170,0.80942,1014.08,1000,-14.08,50.50,203,2.2850,0.4700,LOCK,2,misalignment
637,7026819,6413,6426,-0.03510,-0.07410,-0.82290,0.82697,1014.08,1000,-14.08,50.50,203,2.2900,0.5457,LOCK,2,misalignment
638,7026828,6422,6435,-0.00780,-0.04680,-0.81120,0.81259,1014.09,1000,-14.09,50.50,203,2.2753,0.3232,LOCK,2,misalignment
639,7026836,6430,6443,-0.00780,-0.04680,-0.81120,0.81259,1014.09,1000,-14.09,50.50,203,2.2849,0.4688,LOCK,2,misalignment
640,7026845,6439,6452,-0.00390,0.05850,-0.74490,0.74720,1014.09,1000,-14.09,50.50,203,2.2877,0.5103,LOCK,2,misalignment
641,7026853,6447,6460,0.00780,0.13650,-0.76440,0.77653,1014.09,1000,-14.09,50.50,203,2.2868,0.4974,LOCK,2,misalignment
642,7026862,6456,6469,-0.09360,0.24960,-0.77610,0.82060,1014.10,1000,-14.10,50.50,203,2.2891,0.5322,LOCK,2,misalignment
643,7026875,6469,6482,0.04290,0.09750,-0.82290,0.82977,1014.10,1000,-14.10,50.50,203,2.2831,0.4407,LOCK,2,misalignment
644,7026884,6478,6491,-0.01560,-0.01170,-0.86580,0.86602,1014.10,1000,-14.10,50.50,203,2.2574,0.0521,LOCK,2,misalignment
645,7026892,6486,6499,-0.05460,-0.15210,-0.80730,0.82332,1014.10,1000,-14.10,50.50,203,2.2875,0.5081,LOCK,2,misalignment
646,7026900,6494,6507,0.05070,-0.01170,-0.81900,0.82065,1014.11,1000,-14.11,50.50,203,2.2617,0.1162,LOCK,2,misalignment
647,7026914,6508,6521,0.00780,-0.03510,-0.73320,0.73408,1014.11,1000,-14.11,50.50,203,2.2959,0.6345,LOCK,2,misalignment
648,7026923,6517,6530,0.01170,0.13650,-0.74100,0.75356,1014.11,1000,-14.11,50.50,203,2.2979,0.6653,LOCK,2,misalignment
649,7026931,6525,6538,0.06630,0.04680,-0.75270,0.75706,1014.11,1000,-14.11,50.50,203,2.2933,0.5954,LOCK,2,misalignment
650,7026940,6534,6547,-0.01560,0.09750,-0.79170,0.79783,1014.12,1000,-14.12,50.50,203,2.2849,0.4688,LOCK,2,misalignment
651,7026949,6543,6556,-0.01560,0.09750,-0.79170,0.79783,1014.12,1000,-14.12,50.50,203,2.2961,0.6376,LOCK,2,misalignment
652,7026957,6551,6564,-0.04290,0.08190,-0.78000,0.78546,1014.12,1000,-14.12,50.50,203,2.2818,0.4214,LOCK,2,misalignment
653,7026966,6560,6573,0.12870,-0.07800,-0.83460,0.84806,1014.12,1000,-14.12,50.50,203,2.2931,0.5924,LOCK,2,misalignment
654,7026974,6568,6581,0.08190,0.11700,-0.81900,0.83136,1014.13,1000,-14.13,50.50,203,2.2916,0.5695,LOCK,2,misalignment
655,7026983,6577,6590,0.01950,-0.01560,-0.78390,0.78430,1014.12,1000,-14.12,50.50,203,2.2636,0.1455,LOCK,2,misalignment
656,7026991,6585,6598,-0.05460,0.04680,-0.76050,0.76389,1014.12,1000,-14.12,50.50,203,2.2800,0.3943,LOCK,2,misalignment
657,7026999,6593,6606,-0.05460,0.04680,-0.76050,0.76389,1014.12,1000,-14.12,50.50,203,2.2639,0.1504,LOCK,2,misalignment
658,7027017,6611,6624,-0.10530,0.09360,-0.78780,0.80030,1014.12,1000,-14.12,50.50,203,2.2966,0.6452,LOCK,2,misalignment
659,7027025,6619,6632,0.03120,-0.05850,-0.80340,0.80613,1014.11,1000,-14.11,50.50,203,2.2896,0.5399,LOCK,2,misalignment
660,7027034,6628,6641,0.05850,0.33150,-0.69810,0.77502,1014.11,1000,-14.11,50.50,203,2.2881,0.5161,LOCK,2,misalignment
661,7027042,6636,6649,0.00780,0.17160,-0.80340,0.82156,1014.11,1000,-14.11,50.50,203,2.2858,0.4819,LOCK,2,misalignment
662,7027051,6645,6658,0.00780,0.17160,-0.80340,0.82156,1014.10,1000,-14.10,50.50,203,2.2929,0.5887,LOCK,2,misalignment
663,7027059,6653,6666,-0.04290,-0.06630,-0.88140,0.88493,1014.10,1000,-14.10,50.50,203,2.2845,0.4617,LOCK,2,misalignment
664,7027068,6662,6675,0.02340,-0.03900,-0.76830,0.76965,1014.10,1000,-14.10,50.50,203,2.2827,0.4343,LOCK,2,misalignment
665,7027081,6675,6688,0.01170,0.08970,-0.80730,0.81235,1014.10,1000,-14.10,50.50,203,2.2893,0.5347,LOCK,2,misalignment
666,7027090,6684,6697,0.00780,0.15990,-0.74880,0.76572,1014.09,1000,-14.09,50.50,203,2.2674,0.2035,LOCK,2,misalignment
667,7027098,6692,6705,-0.05460,0.24570,-0.81120,0.84935,1014.11,1000,-14.11,50.50,203,2.2752,0.3207,LOCK,2,misalignment
668,7027107,6701,6714,-0.03510,0.06240,-0.80730,0.81047,1014.12,1000,-14.12,50.50,203,2.2622,0.1241,LOCK,2,misalignment
669,7027119,6713,6726,-0.07800,0.03900,-0.83460,0.83914,1014.13,1000,-14.13,50.50,203,2.2866,0.4941,LOCK,2,misalignment
670,7027127,6721,6734,-0.08580,-0.05070,-0.83460,0.84053,1014.14,1000,-14.14,50.50,203,2.2721,0.2743,LOCK,2,misalignment
671,7027135,6729,6742,0.04680,0.03900,-0.76440,0.76682,1014.14,1000,-14.14,50.50,203,2.2945,0.6141,LOCK,2,misalignment
672,7027144,6738,6751,0.04680,0.03900,-0.76440,0.76682,1014.15,1000,-14.15,50.50,203,2.2874,0.5063,LOCK,2,misalignment
673,7027152,6746,6759,-0.00390,0.02730,-0.76830,0.76879,1014.16,1000,-14.16,50.50,203,2.2862,0.4874,LOCK,2,misalignment
674,7027161,6755,6768,-0.00390,0.05850,-0.67470,0.67724,1014.13,1000,-14.13,50.50,203,2.2854,0.4755,LOCK,2,misalignment
675,7027170,6764,6777,0.03510,0.03510,-0.81120,0.81272,1014.11,1000,-14.11,50.50,203,2.2867,0.4959,LOCK,2,misalignment
676,7027178,6772,6785,-0.00390,0.00780,-0.81510,0.81515,1014.09,1000,-14.09,50.50,203,2.2778,0.3610,LOCK,2,misalignment
677,7027187,6781,6794,0.02340,0.05070,-0.82290,0.82479,1014.07,1000,-14.07,50.50,203,2.2773,0.3531,LOCK,2,misalignment
678,7027195,6789,6802,0.02340,0.05070,-0.82290,0.82479,1014.06,1000,-14.06,50.50,203,2.2649,0.1644,LOCK,2,misalignment
679,7027203,6797,6810,-0.02730,-0.00780,-0.88920,0.88965,1014.04,1000,-14.04,50.50,203,2.2762,0.3363,LOCK,2,misalignment
680,7027212,6806,6819,0.11310,-0.04680,-0.72930,0.73950,1014.03,1000,-14.03,50.50,203,2.2728,0.2847,LOCK,2,misalignment
681,7027223,6817,6830,-0.01560,-0.04680,-0.85020,0.85163,1014.01,1000,-14.01,50.50,203,2.2919,0.5741,LOCK,2,misalignment
682,7027232,6826,6839,0.05850,0.07410,-0.77610,0.78182,1013.99,1000,-13.99,50.50,203,2.2870,0.4999,LOCK,2,misalignment
683,7027240,6834,6847,-0.07020,-0.05850,-0.84240,0.84734,1013.98,1000,-13.98,50.50,203,2.2942,0.6092,LOCK,2,misalignment
684,7027249,6843,6856,-0.03120,0.01950,-0.79170,0.79255,1013.97,1000,-13.97,50.50,203,2.2897,0.5411,LOCK,2,misalignment
685,7027257,6851,6864,0.07410,0.01170,-0.72540,0.72927,1013.95,1000,-13.95,50.50,203,2.2846,0.4633,LOCK,2,misalignment
686,7027266,6860,6873,0.07410,0.01170,-0.72540,0.72927,1013.94,1000,-13.94,50.50,203,2.2880,0.5155,LOCK,2,misalignment
687,7027274,6868,6881,0.05460,0.34320,-0.81120,0.88250,1013.93,1000,-13.93,50.50,203,2.2948,0.6186,LOCK,2,misalignment
688,7027288,6882,6895,0.07020,-0.03900,-0.85410,0.85787,1013.92,1000,-13.92,50.50,203,2.2864,0.4916,LOCK,2,misalignment
689,7027296,6890,6903,0.07020,-0.03900,-0.85410,0.85787,1013.92,1000,-13.92,50.50,203,2.2779,0.3628,LOCK,2,misalignment
690,7027305,6899,6912,0.03900,0.04680,-0.81510,0.81737,1013.91,1000,-13.91,50.50,203,2.2696,0.2362,LOCK,2,misalignment
691,7027314,6908,6921,-0.05850,-0.01170,-0.74100,0.74340,1013.89,1000,-13.89,50.50,203,2.2620,0.1205,LOCK,2,misalignment
692,7027324,6918,6931,0.00000,0.19110,-0.80730,0.82961,1013.86,1000,-13.86,50.50,203,2.2940,0.6067,LOCK,2,misalignment
693,7027334,6928,6941,0.03120,0.12090,-0.78390,0.79378,1013.76,1000,-13.76,50.50,203,2.2886,0.5240,LOCK,2,misalignment
694,7027344,6938,6951,0.01560,-0.00390,-0.76050,0.76067,1013.73,1000,-13.73,50.50,203,2.2870,0.4996,LOCK,2,misalignment
695,7027354,6948,6961,-0.03510,0.10140,-0.85410,0.86081,1013.72,1000,-13.72,50.50,203,2.2894,0.5362,LOCK,2,misalignment
696,7027364,6958,6971,-0.08190,-0.06630,-0.76050,0.76777,1013.72,1000,-13.72,50.50,203,2.2932,0.5945,LOCK,2,misalignment
697,7027374,6968,6981,0.05850,0.03120,-0.79950,0.80224,1013.72,1000,-13.72,50.50,203,2.2817,0.4196,LOCK,2,misalignment
698,7027384,6978,6991,0.06240,-0.03120,-0.76440,0.76758,1013.72,1000,-13.72,50.50,203,2.2889,0.5286,LOCK,2,misalignment
699,7027394,6988,7001,-0.00780,-0.03510,-0.66690,0.66787,1013.71,1000,-13.71,50.50,203,2.2616,0.1153,LOCK,2,misalignment
700,7027404,6998,7011,0.03900,0.06630,-0.85800,0.86144,1013.70,1000,-13.70,50.50,203,2.2683,0.2160,LOCK,2,misalignment
701,7027414,7008,7021,-0.00390,0.05850,-0.75660,0.75887,1013.70,1000,-13.70,50.50,203,2.2731,0.2899,LOCK,2,misalignment
702,7027424,7018,7031,-0.04680,0.02730,-0.87360,0.87528,1013.70,1000,-13.70,50.50,203,2.2915,0.5686,LOCK,2,misalignment
703,7027434,7028,7041,-0.02340,-0.01560,-0.80730,0.80779,1013.70,1000,-13.70,50.50,203,2.2857,0.4797,LOCK,2,misalignment
704,7027444,7038,7051,0.15210,-0.07020,-0.79560,0.81304,1013.70,1000,-13.70,50.50,203,2.2850,0.4697,LOCK,2,misalignment
705,7027454,7048,7061,-0.05460,-0.03120,-0.85800,0.86030,1013.68,1000,-13.68,50.50,203,2.2902,0.5490,LOCK,2,misalignment
706,7027464,7058,7071,0.03120,0.02340,-0.75270,0.75371,1013.68,1000,-13.68,50.50,203,2.2864,0.4913,LOCK,2,misalignment
707,7027474,7068,7081,-0.07800,-0.07800,-0.86580,0.87280,1013.68,1000,-13.68,50.50,203,2.2994,0.6879,LOCK,2,misalignment
708,7027488,7082,7095,0.00780,0.07410,-0.72930,0.73310,1013.68,1000,-13.68,50.50,203,2.2907,0.5554,LOCK,2,misalignment
709,7027496,7090,7103,0.11700,0.00390,-0.79560,0.80417,1013.68,1000,-13.68,50.50,203,2.2508,-0.0486,LOCK,2,misalignment
710,7027504,7098,7111,-0.05850,0.26520,-0.83850,0.88138,1013.68,1000,-13.68,50.50,203,2.2761,0.3354,LOCK,2,misalignment
711,7027514,7108,7121,0.05850,-0.01170,-0.68640,0.68899,1013.63,1000,-13.63,50.50,203,2.2695,0.2352,LOCK,2,misalignment
712,7027524,7118,7131,-0.02340,-0.04290,-0.86190,0.86328,1013.58,1000,-13.58,50.50,203,2.2683,0.2163,LOCK,2,misalignment
713,7027534,7128,7141,-0.02340,-0.04290,-0.86190,0.86328,1013.57,1000,-13.57,50.50,203,2.2904,0.5509,LOCK,2,misalignment
714,7027544,7138,7151,-0.02340,0.01560,-0.81510,0.81558,1013.57,1000,-13.57,50.50,203,2.2912,0.5634,LOCK,2,misalignment
715,7027554,7148,7161,-0.02340,0.04680,-0.81120,0.81289,1013.57,1000,-13.57,50.50,203,2.2895,0.5371,LOCK,2,misalignment
716,7027564,7158,7171,0.08580,0.13650,-0.85020,0.86535,1013.57,1000,-13.57,50.50,203,2.2835,0.4465,LOCK,2,misalignment
717,7027574,7168,7181,0.02340,0.12870,-0.67470,0.68726,1013.52,1000,-13.52,50.50,203,2.2847,0.4657,LOCK,2,misalignment
718,7027584,7178,7191,0.00390,0.10140,-0.79950,0.80591,1013.50,1000,-13.50,50.50,203,2.2906,0.5545,LOCK,2,misalignment
719,7027594,7188,7201,-0.00780,0.08190,-0.77610,0.78045,1013.50,1000,-13.50,50.50,203,2.2896,0.5393,LOCK,2,misalignment
720,7027604,7198,7211,-0.04680,-0.08580,-0.77220,0.77836,1013.50,1000,-13.50,50.50,203,2.2775,0.3561,LOCK,2,misalignment
721,7027614,7208,7221,-0.00390,0.13260,-0.84240,0.85278,1013.50,1000,-13.50,50.50,203,2.2739,0.3021,LOCK,2,misalignment
722,7027624,7218,7231,0.06630,-0.05850,-0.74490,0.75013,1013.50,1000,-13.50,50.50,203,2.2796,0.3873,LOCK,2,misalignment
723,7027634,7228,7241,-0.06630,0.13650,-0.72930,0.74492,1013.41,1000,-13.41,50.50,203,2.2880,0.5152,LOCK,2,misalignment
724,7027644,7238,7251,0.02730,0.03510,-0.82290,0.82410,1013.38,1000,-13.38,50.50,203,2.2805,0.4010,LOCK,2,misalignment
725,7027654,7248,7261,-0.00780,0.02340,-0.77220,0.77259,1013.37,1000,-13.37,50.50,203,2.2928,0.5872,LOCK,2,misalignment
726,7027664,7258,7271,-0.08190,0.00000,-0.89310,0.89685,1013.37,1000,-13.37,50.50,203,2.2912,0.5634,LOCK,2,misalignment
727,7027674,7268,7281,-0.01950,0.00000,-0.70980,0.71007,1013.37,1000,-13.37,50.50,203,2.2855,0.4776,LOCK,2,misalignment
728,7027688,7282,7295,0.02730,-0.06630,-0.79950,0.80271,1013.37,1000,-13.37,50.50,203,2.2814,0.4144,LOCK,2,misalignment
729,7027696,7290,7303,-0.02730,0.00000,-0.74100,0.74150,1013.37,1000,-13.37,50.50,203,2.2871,0.5008,LOCK,2,misalignment
730,7027704,7298,7311,0.05070,0.03900,-0.76050,0.76319,1013.36,1000,-13.36,50.50,203,2.2696,0.2358,LOCK,2,misalignment
731,7027714,7308,7321,-0.00780,-0.08970,-0.87750,0.88211,1013.35,1000,-13.35,50.50,203,2.2700,0.2426,LOCK,2,misalignment
732,7027724,7318,7331,0.01560,0.01170,-0.75660,0.75685,1013.35,1000,-13.35,50.50,203,2.2588,0.0728,LOCK,2,misalignment
733,7027734,7328,7341,0.07020,-0.01170,-0.84240,0.84540,1013.35,1000,-13.35,50.50,203,2.2951,0.6226,LOCK,2,misalignment
734,7027744,7338,7351,0.03510,0.25350,-0.81900,0.85805,1013.34,1000,-13.34,50.50,203,2.2917,0.5719,LOCK,2,misalignment
735,7027754,7348,7361,0.09750,0.04290,-0.77220,0.77951,1013.27,1000,-13.27,50.50,203,2.2827,0.4355,LOCK,2,misalignment
736,7027764,7358,7371,-0.00780,0.02730,-0.86580,0.86627,1013.24,1000,-13.24,50.50,203,2.2890,0.5304,LOCK,2,misalignment
737,7027774,7368,7381,-0.06630,0.01560,-0.80730,0.81017,1013.24,1000,-13.24,50.50,203,2.2853,0.4743,LOCK,2,misalignment
738,7027784,7378,7391,-0.02340,-0.06630,-0.83070,0.83367,1013.23,1000,-13.23,50.50,203,2.2828,0.4367,LOCK,2,misalignment
739,7027794,7388,7401,0.07800,0.03900,-0.74880,0.75386,1013.23,1000,-13.23,50.50,203,2.2863,0.4898,LOCK,2,misalignment
740,7027804,7398,7411,-0.02340,0.08970,-0.74100,0.74678,1013.23,1000,-13.23,50.50,203,2.2783,0.3677,LOCK,2,misalignment
741,7027814,7408,7421,-0.01560,0.07800,-0.74490,0.74914,1013.23,1000,-13.23,50.50,203,2.2628,0.1330,LOCK,2,misalignment
742,7027824,7418,7431,-0.01170,0.00000,-0.82290,0.82298,1013.23,1000,-13.23,50.50,203,2.2664,0.1885,LOCK,2,misalignment
743,7027834,7428,7441,-0.07020,-0.06630,-0.79950,0.80531,1013.23,1000,-13.23,50.50,203,2.2833,0.4443,LOCK,2,misalignment
744,7027844,7438,7451,0.00000,0.10920,-0.80340,0.81079,1013.23,1000,-13.23,50.50,203,2.2920,0.5762,LOCK,2,misalignment
745,7027854,7448,7461,-0.02340,0.05070,-0.84240,0.84425,1013.23,1000,-13.23,50.50,203,2.2889,0.5289,LOCK,2,misalignment
746,7027864,7458,7471,-0.11310,0.08190,-0.67080,0.68518,1013.23,1000,-13.23,50.50,203,2.2907,0.5561,LOCK,2,misalignment
747,7027874,7468,7481,0.02730,-0.01560,-0.84240,0.84299,1013.23,1000,-13.23,50.50,203,2.2909,0.5597,LOCK,2,misalignment
748,7027888,7482,7495,-0.05460,0.07410,-0.74880,0.75444,1013.24,1000,-13.24,50.50,203,2.2877,0.5106,LOCK,2,misalignment
749,7027896,7490,7503,-0.03510,0.02340,-0.83850,0.83956,1013.24,1000,-13.24,50.50,203,2.2851,0.4712,LOCK,2,misalignment
750,7027904,7498,7511,0.02730,0.21060,-0.76830,0.79711,1013.24,1000,-13.24,50.50,203,2.2660,0.1812,LOCK,2,misalignment
751,7027914,7508,7521,0.03900,-0.09360,-0.72930,0.73632,1013.24,1000,-13.24,50.50,203,2.2789,0.3769,LOCK,2,misalignment
752,7027924,7518,7531,0.03900,-0.09360,-0.72930,0.73632,1013.24,1000,-13.24,50.50,203,2.2809,0.4071,LOCK,2,misalignment
753,7027934,7528,7541,-0.08970,0.14820,-0.74100,0.76098,1013.26,1000,-13.26,50.50,203,2.2785,0.3714,LOCK,2,misalignment
754,7027944,7538,7551,0.07800,0.09750,-0.76050,0.77068,1013.26,1000,-13.26,50.50,203,2.2864,0.4904,LOCK,2,misalignment
755,7027954,7548,7561,-0.00390,-0.14430,-0.83850,0.85083,1013.27,1000,-13.27,50.50,203,2.2917,0.5710,LOCK,2,misalignment
756,7027964,7558,7571,0.01560,-0.01560,-0.85410,0.85438,1013.27,1000,-13.27,50.50,203,2.2897,0.5411,LOCK,2,misalignment
757,7027974,7568,7581,0.05070,-0.00780,-0.81120,0.81282,1013.27,1000,-13.27,50.50,203,2.2847,0.4657,LOCK,2,misalignment
758,7027984,7578,7591,0.11310,0.13650,-0.84240,0.86085,1013.25,1000,-13.25,50.50,203,2.2897,0.5408,LOCK,2,misalignment
759,7027994,7588,7601,0.00000,0.07800,-0.70980,0.71407,1013.24,1000,-13.24,50.50,203,2.2933,0.5960,LOCK,2,misalignment
760,7028004,7598,7611,0.03120,0.03900,-0.81120,0.81274,1013.23,1000,-13.23,50.50,203,2.2908,0.5582,LOCK,2,misalignment
761,7028014,7608,7621,-0.08970,0.10140,-0.85800,0.86862,1013.23,1000,-13.23,50.50,203,2.2646,0.1601,LOCK,2,misalignment
762,7028024,7618,7631,-0.07410,-0.14040,-0.81900,0.83424,1013.23,1000,-13.23,50.50,203,2.2758,0.3308,LOCK,2,misalignment
763,7028034,7628,7641,0.08580,0.03510,-0.79170,0.79711,1013.23,1000,-13.23,50.50,203,2.2678,0.2096,LOCK,2,misalignment
764,7028044,7638,7651,-0.10140,0.15210,-0.76830,0.78975,1013.30,1000,-13.30,50.50,203,2.2932,0.5936,LOCK,2,misalignment
765,7028054,7648,7661,-0.02730,0.08190,-0.81120,0.81578,1013.32,1000,-13.32,50.50,203,2.2910,0.5609,LOCK,2,misalignment
766,7028064,7658,7671,-0.05070,0.01560,-0.85020,0.85185,1013.33,1000,-13.33,50.50,203,2.2850,0.4700,LOCK,2,misalignment
767,7028074,7668,7681,-0.04290,-0.05070,-0.79560,0.79837,1013.33,1000,-13.33,50.50,203,2.2847,0.4657,LOCK,2,misalignment
768,7028087,7681,7694,-0.03120,0.16380,-0.81510,0.83198,1013.33,1000,-13.33,50.50,203,2.2920,0.5756,LOCK,2,misalignment
769,7028096,7690,7703,0.08580,-0.05070,-0.79560,0.80182,1013.33,1000,-13.33,50.50,203,2.2829,0.4385,LOCK,2,misalignment
770,7028104,7698,7711,-0.02730,0.07020,-0.60840,0.61304,1013.32,1000,-13.32,50.50,203,2.2865,0.4923,LOCK,2,misalignment
771,7028114,7708,7721,0.01950,0.02730,-0.86970,0.87035,1013.27,1000,-13.27,50.50,203,2.2747,0.3134,LOCK,2,misalignment
772,7028124,7718,7731,0.07020,-0.04680,-0.72540,0.73029,1013.23,1000,-13.23,50.50,203,2.2622,0.1235,LOCK,2,misalignment
773,7028134,7728,7741,0.01950,0.04290,-0.86190,0.86319,1013.22,1000,-13.22,50.50,203,2.2679,0.2105,LOCK,2,misalignment
774,7028144,7738,7751,-0.00780,0.19110,-0.68250,0.70879,1013.21,1000,-13.21,50.50,203,2.2890,0.5310,LOCK,2,misalignment
775,7028154,7748,7761,0.15210,0.07410,-0.76830,0.78671,1013.21,1000,-13.21,50.50,203,2.2931,0.5921,LOCK,2,misalignment
776,7028164,7758,7771,-0.08580,0.28470,-0.83460,0.88599,1013.19,1000,-13.19,50.50,203,2.2823,0.4291,LOCK,2,misalignment
777,7028174,7768,7781,0.06240,0.14820,-0.79170,0.80787,1013.18,1000,-13.18,50.50,203,2.2852,0.4724,LOCK,2,misalignment
778,7028184,7778,7791,-0.03900,-0.08580,-0.92820,0.93297,1013.18,1000,-13.18,50.50,203,2.2872,0.5029,LOCK,2,misalignment
779,7028194,7788,7801,-0.03120,-0.08580,-0.79170,0.79695,1013.17,1000,-13.17,50.50,203,2.2841,0.4559,LOCK,2,misalignment
780,7028204,7798,7811,0.01950,-0.01170,-0.78390,0.78423,1013.17,1000,-13.17,50.50,203,2.2877,0.5109,LOCK,2,misalignment
781,7028214,7808,7821,0.06630,0.09360,-0.75660,0.76525,1013.17,1000,-13.17,50.50,203,2.2717,0.2676,LOCK,2,misalignment
782,7028224,7818,7831,-0.08970,0.06240,-0.67080,0.67964,1013.12,1000,-13.12,50.50,203,2.2744,0.3088,LOCK,2,misalignment
783,7028234,7828,7841,-0.00780,0.06630,-0.85020,0.85282,1013.11,1000,-13.11,50.50,203,2.2752,0.3219,LOCK,2,misalignment
784,7028244,7838,7851,0.03120,0.07410,-0.79560,0.79965,1013.10,1000,-13.10,50.50,203,2.2802,0.3964,LOCK,2,misalignment
785,7028254,7848,7861,-0.09360,-0.13650,-0.83460,0.85085,1013.10,1000,-13.10,50.50,203,2.2872,0.5023,LOCK,2,misalignment
786,7028264,7858,7871,0.08580,0.01950,-0.78390,0.78882,1013.10,1000,-13.10,50.50,203,2.2859,0.4837,LOCK,2,misalignment
787,7028274,7868,7881,0.02730,-0.01170,-0.78000,0.78057,1013.10,1000,-13.10,50.50,203,2.2917,0.5710,LOCK,2,misalignment
788,7028287,7881,7894,0.06630,0.04680,-0.87750,0.88124,1013.09,1000,-13.09,50.50,203,2.2933,0.5960,LOCK,2,misalignment
789,7028296,7890,7903,-0.11700,-0.01950,-0.76050,0.76969,1013.09,1000,-13.09,50.50,203,2.2799,0.3931,LOCK,2,misalignment
790,7028305,7899,7912,-0.11310,0.01170,-0.79950,0.80754,1013.09,1000,-13.09,50.50,203,2.2900,0.5448,LOCK,2,misalignment
791,7028314,7908,7921,-0.08190,0.20280,-0.78780,0.81760,1013.08,1000,-13.08,50.50,203,2.2796,0.3882,LOCK,2,misalignment
792,7028324,7918,7931,0.02730,-0.08190,-0.78390,0.78864,1013.07,1000,-13.07,50.50,203,2.2877,0.5103,LOCK,2,misalignment
793,7028334,7928,7941,0.02730,-0.08190,-0.78390,0.78864,1013.07,1000,-13.07,50.50,203,2.2885,0.5231,LOCK,2,misalignment
794,7028344,7938,7951,0.05460,0.22620,-0.69810,0.73586,1013.05,1000,-13.05,50.50,203,2.2879,0.5130,LOCK,2,misalignment
795,7028354,7948,7961,0.03120,0.03510,-0.80730,0.80866,1013.05,1000,-13.05,50.50,203,2.2879,0.5139,LOCK,2,misalignment
796,7028364,7958,7971,-0.00390,0.04290,-0.78390,0.78508,1013.05,1000,-13.05,50.50,203,2.2834,0.4456,LOCK,2,misalignment
797,7028374,7968,7981,-0.03120,0.00780,-0.81510,0.81573,1013.05,1000,-13.05,50.50,203,2.2606,0.0994,LOCK,2,misalignment
798,7028384,7978,7991,0.02730,0.11700,-0.73710,0.74683,1013.05,1000,-13.05,50.50,203,2.2735,0.2957,LOCK,2,misalignment
799,7028394,7988,8001,-0.03510,0.17550,-0.81900,0.83833,1013.05,1000,-13.05,50.50,203,2.2742,0.3058,LOCK,2,misalignment
800,7028404,7998,8011,-0.05070,0.15600,-0.70200,0.72091,1013.07,1000,-13.07,50.50,203,2.2859,0.4834,LOCK,2,misalignment
801,7028414,8008,8021,-0.01170,0.04680,-0.78780,0.78928,1013.07,1000,-13.07,50.50,203,2.2814,0.4150,LOCK,2,misalignment
802,7028424,8018,8031,-0.06630,-0.07800,-0.81510,0.82150,1013.07,1000,-13.07,50.50,203,2.2917,0.5707,LOCK,2,misalignment
803,7028434,8028,8041,0.01950,-0.09750,-0.80730,0.81340,1013.07,1000,-13.07,50.50,203,2.2823,0.4291,LOCK,2,misalignment
804,7028444,8038,8051,0.02730,0.00390,-0.80340,0.80387,1013.07,1000,-13.07,50.50,203,2.2788,0.3753,LOCK,2,misalignment
805,7028454,8048,8061,0.13260,0.19500,-0.79170,0.82607,1013.07,1000,-13.07,50.50,203,2.2875,0.5072,LOCK,2,misalignment
806,7028464,8058,8071,-0.01560,0.08970,-0.71760,0.72335,1013.08,1000,-13.08,50.50,203,2.2910,0.5606,LOCK,2,misalignment
807,7028474,8068,8081,-0.02730,0.02730,-0.77610,0.77706,1013.08,1000,-13.08,50.50,203,2.2465,-0.1134,LOCK,2,misalignment
808,7028488,8082,8095,0.08190,0.03510,-0.82290,0.82771,1013.08,1000,-13.08,50.50,203,2.2835,0.4468,LOCK,2,misalignment
809,7028496,8090,8103,-0.05070,-0.08970,-0.85020,0.85642,1013.08,1000,-13.08,50.50,203,2.2816,0.4187,LOCK,2,misalignment
810,7028504,8098,8111,0.03510,-0.04680,-0.78390,0.78608,1013.08,1000,-13.08,50.50,203,2.2824,0.4309,LOCK,2,misalignment
811,7028514,8108,8121,0.09360,-0.04290,-0.83850,0.84480,1013.08,1000,-13.08,50.50,203,2.2937,0.6018,LOCK,2,misalignment
812,7028524,8118,8131,0.05460,-0.04290,-0.78000,0.78308,1013.10,1000,-13.10,50.50,203,2.2597,0.0863,LOCK,2,misalignment
813,7028534,8128,8141,0.01170,0.03900,-0.79560,0.79664,1013.10,1000,-13.10,50.50,203,2.2613,0.1110,LOCK,2,misalignment
814,7028544,8138,8151,-0.11310,0.05070,-0.78390,0.79364,1013.10,1000,-13.10,50.50,203,2.2601,0.0918,LOCK,2,misalignment
815,7028554,8148,8161,-0.04290,0.12870,-0.78000,0.79171,1013.10,1000,-13.10,50.50,203,2.2944,0.6128,LOCK,2,misalignment
816,7028564,8158,8171,0.08970,-0.04290,-0.81510,0.82114,1013.10,1000,-13.10,50.50,203,2.2914,0.5664,LOCK,2,misalignment
817,7028574,8168,8181,0.00000,0.16380,-0.72930,0.74747,1013.10,1000,-13.10,50.50,203,2.2980,0.6659,LOCK,2,misalignment
818,7028584,8178,8191,0.00390,-0.02340,-0.79950,0.79985,1013.11,1000,-13.11,50.50,203,2.2978,0.6635,LOCK,2,misalignment
819,7028594,8188,8201,-0.03120,0.05460,-0.79560,0.79808,1013.12,1000,-13.12,50.50,203,2.2891,0.5313,LOCK,2,misalignment
820,7028604,8198,8211,-0.00390,0.01170,-0.80340,0.80349,1013.12,1000,-13.12,50.50,203,2.2951,0.6226,LOCK,2,misalignment
821,7028614,8208,8221,-0.00780,0.17160,-0.78390,0.80250,1013.12,1000,-13.12,50.50,203,2.2889,0.5295,LOCK,2,misalignment
822,7028624,8218,8231,-0.05850,0.05850,-0.76050,0.76499,1013.12,1000,-13.12,50.50,203,2.2560,0.0310,LOCK,2,misalignment
823,7028634,8228,8241,0.08190,0.21060,-0.72540,0.75978,1013.12,1000,-13.12,50.50,203,2.2633,0.1409,LOCK,2,misalignment
824,7028644,8238,8251,-0.00390,0.17160,-0.81510,0.83298,1013.15,1000,-13.15,50.50,203,2.2866,0.4938,LOCK,2,misalignment
825,7028654,8248,8261,-0.08190,-0.06240,-0.83460,0.84093,1013.16,1000,-13.16,50.50,203,2.2791,0.3805,LOCK,2,misalignment
826,7028664,8258,8271,-0.01170,-0.04680,-0.82680,0.82821,1013.16,1000,-13.16,50.50,203,2.2850,0.4691,LOCK,2,misalignment
827,7028674,8268,8281,0.02340,0.06240,-0.74880,0.75176,1013.16,1000,-13.16,50.50,203,2.2889,0.5286,LOCK,2,misalignment
828,7028688,8282,8295,0.04290,0.12090,-0.79170,0.80203,1013.16,1000,-13.16,50.50,203,2.2875,0.5081,LOCK,2,misalignment
829,7028696,8290,8303,-0.07800,0.24180,-0.78390,0.82405,1013.16,1000,-13.16,50.50,203,2.2869,0.4987,LOCK,2,misalignment
830,7028705,8299,8312,0.02730,0.02340,-0.79950,0.80031,1013.16,1000,-13.16,50.50,203,2.2983,0.6705,LOCK,2,misalignment
831,7028714,8308,8321,-0.03900,0.02730,-0.85020,0.85153,1013.15,1000,-13.15,50.50,203,2.2955,0.6287,LOCK,2,misalignment
832,7028724,8318,8331,-0.03900,0.02730,-0.85020,0.85153,1013.14,1000,-13.14,50.50,203,2.2780,0.3634,LOCK,2,misalignment
833,7028734,8328,8341,-0.06240,-0.07800,-0.74880,0.75543,1013.14,1000,-13.14,50.50,203,2.2789,0.3778,LOCK,2,misalignment
834,7028744,8338,8351,0.05070,0.02730,-0.79950,0.80157,1013.14,1000,-13.14,50.50,203,2.2716,0.2673,LOCK,2,misalignment
835,7028754,8348,8361,0.05460,-0.09360,-0.81120,0.81841,1013.14,1000,-13.14,50.50,203,2.2927,0.5860,LOCK,2,misalignment
836,7028764,8358,8371,0.00390,0.01950,-0.76050,0.76076,1013.15,1000,-13.15,50.50,203,2.2890,0.5307,LOCK,2,misalignment
837,7028774,8368,8381,0.04680,0.00390,-0.78390,0.78531,1013.15,1000,-13.15,50.50,203,2.2792,0.3821,LOCK,2,misalignment
838,7028784,8378,8391,-0.05070,0.03510,-0.72930,0.73190,1013.15,1000,-13.15,50.50,203,2.2874,0.5054,LOCK,2,misalignment
839,7028794,8388,8401,-0.00390,0.12480,-0.81900,0.82846,1013.15,1000,-13.15,50.50,203,2.2955,0.6290,LOCK,2,misalignment
840,7028804,8398,8411,0.09750,-0.03120,-0.76050,0.76736,1013.15,1000,-13.15,50.50,203,2.2838,0.4511,LOCK,2,misalignment
841,7028814,8408,8421,0.07020,0.14430,-0.76830,0.78488,1013.11,1000,-13.11,50.50,203,2.2861,0.4868,LOCK,2,misalignment
842,7028824,8418,8431,0.02340,0.08580,-0.79950,0.80443,1013.10,1000,-13.10,50.50,203,2.2553,0.0197,LOCK,2,misalignment
843,7028834,8428,8441,-0.04290,0.08580,-0.75270,0.75879,1013.10,1000,-13.10,50.50,203,2.2708,0.2548,LOCK,2,misalignment
844,7028844,8438,8451,-0.01950,-0.05850,-0.90480,0.90690,1013.10,1000,-13.10,50.50,203,2.2795,0.3869,LOCK,2,misalignment
845,7028854,8448,8461,-0.08580,0.11310,-0.78780,0.80049,1013.10,1000,-13.10,50.50,203,2.2629,0.1348,LOCK,2,misalignment
846,7028864,8458,8471,0.06240,-0.03120,-0.81510,0.81808,1013.10,1000,-13.10,50.50,203,2.2876,0.5090,LOCK,2,misalignment
847,7028874,8468,8481,0.01950,0.39000,-0.69810,0.79989,1013.07,1000,-13.07,50.50,203,2.2934,0.5976,LOCK,2,misalignment
848,7028888,8482,8495,0.00780,0.16380,-0.80340,0.81997,1013.06,1000,-13.06,50.50,203,2.2794,0.3854,LOCK,2,misalignment
849,7028896,8490,8503,0.00000,-0.00390,-0.80730,0.80731,1013.06,1000,-13.06,50.50,203,2.2821,0.4251,LOCK,2,misalignment
850,7028904,8498,8511,-0.00390,0.00000,-0.79560,0.79561,1013.06,1000,-13.06,50.50,203,2.2844,0.4605,LOCK,2,misalignment
851,7028914,8508,8521,0.01170,0.12870,-0.85020,0.85997,1013.06,1000,-13.06,50.50,203,2.2872,0.5026,LOCK,2,misalignment
852,7028924,8518,8531,0.03120,0.11310,-0.76830,0.77721,1013.06,1000,-13.06,50.50,203,2.2919,0.5738,LOCK,2,misalignment
853,7028934,8528,8541,-0.07410,0.21060,-0.81510,0.84512,1013.08,1000,-13.08,50.50,203,2.2907,0.5554,LOCK,2,misalignment
854,7028944,8538,8551,-0.04290,0.04290,-0.76830,0.77069,1013.08,1000,-13.08,50.50,203,2.2913,0.5658,LOCK,2,misalignment
855,7028954,8548,8561,-0.08190,0.10920,-0.85020,0.86109,1013.08,1000,-13.08,50.50,203,2.2797,0.3888,LOCK,2,misalignment
856,7028964,8558,8571,-0.07410,-0.01170,-0.82290,0.82631,1013.09,1000,-13.09,50.50,203,2.2860,0.4843,LOCK,2,misalignment
857,7028974,8568,8581,0.06240,0.00390,-0.79170,0.79416,1013.09,1000,-13.09,50.50,203,2.2919,0.5747,LOCK,2,misalignment
858,7028984,8578,8591,0.01170,-0.01560,-0.79560,0.79584,1013.09,1000,-13.09,50.50,203,2.2726,0.2813,LOCK,2,misalignment
859,7028994,8588,8601,0.00780,-0.05460,-0.69420,0.69639,1013.10,1000,-13.10,50.50,203,2.2723,0.2771,LOCK,2,misalignment
860,7029004,8598,8611,-0.04290,0.01560,-0.86190,0.86311,1013.11,1000,-13.11,50.50,203,2.2885,0.5222,LOCK,2,misalignment
861,7029014,8608,8621,-0.03900,0.03900,-0.73320,0.73527,1013.11,1000,-13.11,50.50,203,2.2654,0.1724,LOCK,2,misalignment
862,7029024,8618,8631,-0.00780,0.08580,-0.85410,0.85843,1013.11,1000,-13.11,50.50,203,2.2674,0.2035,LOCK,2,misalignment
863,7029034,8628,8641,-0.03120,-0.05070,-0.79950,0.80171,1013.11,1000,-13.11,50.50,203,2.2751,0.3198,LOCK,2,misalignment
864,7029044,8638,8651,0.11310,-0.00780,-0.79170,0.79978,1013.11,1000,-13.11,50.50,203,2.2793,0.3833,LOCK,2,misalignment
865,7029062,8656,8669,0.02340,0.04290,-0.77220,0.77374,1013.11,1000,-13.11,50.50,203,2.2826,0.4333,LOCK,2,misalignment
866,7029071,8665,8678,0.02340,0.04290,-0.77220,0.77374,1013.11,1000,-13.11,50.50,203,2.2947,0.6174,LOCK,2,misalignment
867,7029079,8673,8686,-0.07410,-0.08970,-0.87750,0.88518,1013.12,1000,-13.12,50.50,203,2.2437,-0.1567,LOCK,2,misalignment
868,7029093,8687,8700,-0.03510,0.03120,-0.71370,0.71524,1013.12,1000,-13.12,50.50,203,2.2774,0.3540,LOCK,2,misalignment
869,7029101,8695,8708,0.09750,0.03510,-0.77220,0.77912,1013.12,1000,-13.12,50.50,203,2.2690,0.2270,LOCK,2,misalignment
870,7029110,8704,8717,-0.03900,0.31590,-0.76440,0.82802,1013.13,1000,-13.13,50.50,203,2.2790,0.3793,LOCK,2,misalignment
871,7029118,8712,8725,0.07020,0.05850,-0.74100,0.74661,1013.14,1000,-13.14,50.50,203,2.2793,0.3830,LOCK,2,misalignment
872,7029127,8721,8734,0.05460,0.01560,-0.87750,0.87934,1013.14,1000,-13.14,50.50,203,2.2955,0.6284,LOCK,2,misalignment
873,7029135,8729,8742,0.03510,0.01170,-0.81120,0.81204,1013.15,1000,-13.15,50.50,203,2.2656,0.1757,LOCK,2,misalignment
874,7029144,8738,8751,0.03510,0.01170,-0.81120,0.81204,1013.15,1000,-13.15,50.50,203,2.2684,0.2184,LOCK,2,misalignment
875,7029154,8748,8761,-0.01950,0.07020,-0.81900,0.82223,1013.18,1000,-13.18,50.50,203,2.2673,0.2023,LOCK,2,misalignment
876,7029164,8758,8771,0.01170,0.17550,-0.75270,0.77298,1013.18,1000,-13.18,50.50,203,2.2689,0.2252,LOCK,2,misalignment
877,7029205,8799,8812,-0.06630,-0.00390,-0.81120,0.81391,1013.19,1000,-13.19,50.50,203,2.2908,0.5576,LOCK,2,misalignment
878,7029214,8808,8821,0.02730,-0.01170,-0.79950,0.80005,1013.19,1000,-13.19,50.50,203,2.2843,0.4590,LOCK,2,misalignment
879,7029222,8816,8829,0.07020,-0.05460,-0.78780,0.79280,1013.19,1000,-13.19,50.50,203,2.2848,0.4663,LOCK,2,misalignment
880,7029231,8825,8838,-0.01950,-0.02730,-0.68250,0.68332,1013.19,1000,-13.19,50.50,203,2.2859,0.4837,LOCK,2,misalignment
881,7029239,8833,8846,0.00780,0.09360,-0.88140,0.88639,1013.19,1000,-13.19,50.50,203,2.2916,0.5695,LOCK,2,misalignment
882,7029248,8842,8855,-0.01950,-0.03510,-0.72930,0.73040,1013.19,1000,-13.19,50.50,203,2.2925,0.5835,LOCK,2,misalignment
883,7029256,8850,8863,-0.01950,-0.03510,-0.72930,0.73040,1013.19,1000,-13.19,50.50,203,2.2964,0.6427,LOCK,2,misalignment
884,7029265,8859,8872,0.00780,0.01950,-0.88140,0.88165,1013.19,1000,-13.19,50.50,203,2.2870,0.5002,LOCK,2,misalignment
885,7029274,8868,8881,-0.01560,-0.06630,-0.80340,0.80628,1013.19,1000,-13.19,50.50,203,2.2764,0.3387,LOCK,2,misalignment
886,7029282,8876,8889,0.16380,-0.05850,-0.78000,0.79916,1013.19,1000,-13.19,50.50,203,2.2889,0.5286,LOCK,2,misalignment
887,7029295,8889,8902,-0.05850,0.00000,-0.77610,0.77830,1013.19,1000,-13.19,50.50,203,2.2637,0.1470,LOCK,2,misalignment
888,7029304,8898,8911,0.03900,0.06240,-0.73710,0.74076,1013.19,1000,-13.19,50.50,203,2.2514,-0.0401,LOCK,2,misalignment
889,7029312,8906,8919,-0.04680,-0.11700,-0.81900,0.82864,1013.18,1000,-13.18,50.50,203,2.2925,0.5838,LOCK,2,misalignment
890,7029321,8915,8928,0.02340,0.07410,-0.80730,0.81103,1013.18,1000,-13.18,50.50,203,2.2854,0.4752,LOCK,2,misalignment
891,7029330,8924,8937,0.11700,-0.04680,-0.79170,0.80167,1013.18,1000,-13.18,50.50,203,2.2849,0.4684,LOCK,2,misalignment
892,7029338,8932,8945,0.11700,-0.04680,-0.79170,0.80167,1013.18,1000,-13.18,50.50,203,2.2928,0.5875,LOCK,2,misalignment
893,7029347,8941,8954,-0.01560,0.31200,-0.84630,0.90211,1013.17,1000,-13.17,50.50,203,2.2881,0.5164,LOCK,2,misalignment
894,7029355,8949,8962,0.03900,0.09360,-0.71760,0.72473,1013.17,1000,-13.17,50.50,203,2.2871,0.5008,LOCK,2,misalignment
895,7029364,8958,8971,-0.02730,-0.00780,-0.82680,0.82729,1013.16,1000,-13.16,50.50,203,2.2884,0.5213,LOCK,2,misalignment
896,7029372,8966,8979,-0.03510,0.00390,-0.79560,0.79638,1013.16,1000,-13.16,50.50,203,2.2860,0.4843,LOCK,2,misalignment
897,7029381,8975,8988,-0.06240,0.02340,-0.81900,0.82171,1013.15,1000,-13.15,50.50,203,2.2858,0.4816,LOCK,2,misalignment
898,7029389,8983,8996,-0.06240,0.02340,-0.81900,0.82171,1013.15,1000,-13.15,50.50,203,2.2854,0.4755,LOCK,2,misalignment
899,7029398,8992,9005,0.09750,0.10530,-0.77220,0.78542,1013.15,1000,-13.15,50.50,203,2.2732,0.2911,LOCK,2,misalignment
900,7029406,9000,9013,0.01170,0.09360,-0.72930,0.73537,1013.14,1000,-13.14,50.50,203,2.2702,0.2453,LOCK,2,misalignment
901,7029415,9009,9022,0.04290,-0.01950,-0.78000,0.78142,1013.14,1000,-13.14,50.50,203,2.2827,0.4352,LOCK,2,misalignment
902,7029433,9027,9040,-0.07410,0.00000,-0.80730,0.81069,1013.13,1000,-13.13,50.50,203,2.2816,0.4187,LOCK,2,misalignment
903,7029442,9036,9049,0.00390,0.08190,-0.79560,0.79981,1013.13,1000,-13.13,50.50,203,2.2729,0.2865,LOCK,2,misalignment
904,7029450,9044,9057,0.00390,0.08190,-0.79560,0.79981,1013.12,1000,-13.12,50.50,203,2.2496,-0.0663,LOCK,2,misalignment
905,7029459,9053,9066,0.04290,-0.01560,-0.81900,0.82027,1013.12,1000,-13.12,50.50,203,2.2832,0.4425,LOCK,2,misalignment
906,7029467,9061,9074,-0.06630,0.06630,-0.70980,0.71597,1013.12,1000,-13.12,50.50,203,2.2817,0.4199,LOCK,2,misalignment
907,7029476,9070,9083,0.03510,0.01950,-0.84630,0.84725,1013.12,1000,-13.12,50.50,203,2.2881,0.5173,LOCK,2,misalignment
908,7029484,9078,9091,-0.01950,0.01560,-0.72930,0.72973,1013.12,1000,-13.12,50.50,203,2.2936,0.6006,LOCK,2,misalignment
909,7029498,9092,9105,-0.07020,-0.00390,-0.86970,0.87254,1013.12,1000,-13.12,50.50,203,2.2930,0.5915,LOCK,2,misalignment
910,7029506,9100,9113,0.00390,0.03900,-0.78390,0.78488,1013.12,1000,-13.12,50.50,203,2.2906,0.5551,LOCK,2,misalignment
911,7029515,9109,9122,0.03510,-0.09360,-0.78780,0.79412,1013.12,1000,-13.12,50.50,203,2.2934,0.5963,LOCK,2,misalignment
912,7029524,9118,9131,-0.06240,0.02730,-0.72930,0.73247,1013.13,1000,-13.13,50.50,203,2.2908,0.5570,LOCK,2,misalignment
913,7029534,9128,9141,-0.06240,0.02730,-0.72930,0.73247,1013.14,1000,-13.14,50.50,203,2.2923,0.5805,LOCK,2,misalignment
914,7029544,9138,9151,-0.00390,0.07800,-0.75270,0.75674,1013.14,1000,-13.14,50.50,203,2.2733,0.2920,LOCK,2,misalignment
915,7029554,9148,9161,-0.01170,-0.12090,-0.86580,0.87428,1013.14,1000,-13.14,50.50,203,2.2641,0.1537,LOCK,2,misalignment
916,7029564,9158,9171,0.02340,-0.03120,-0.74490,0.74592,1013.14,1000,-13.14,50.50,203,2.2682,0.2148,LOCK,2,misalignment
917,7029574,9168,9181,0.07410,-0.01560,-0.85410,0.85745,1013.14,1000,-13.14,50.50,203,2.2867,0.4950,LOCK,2,misalignment
918,7029584,9178,9191,0.00780,0.26520,-0.79170,0.83497,1013.18,1000,-13.18,50.50,203,2.2905,0.5533,LOCK,2,misalignment
919,7029594,9188,9201,0.09360,0.12870,-0.79170,0.80754,1013.19,1000,-13.19,50.50,203,2.2923,0.5805,LOCK,2,misalignment
920,7029604,9198,9211,-0.01950,0.00780,-0.79170,0.79198,1013.19,1000,-13.19,50.50,203,2.2915,0.5680,LOCK,2,misalignment
921,7029614,9208,9221,-0.07410,0.06240,-0.84630,0.85183,1013.20,1000,-13.20,50.50,203,2.2971,0.6534,LOCK,2,misalignment
922,7029624,9218,9231,-0.09750,-0.05070,-0.79560,0.80315,1013.20,1000,-13.20,50.50,203,2.2959,0.6354,LOCK,2,misalignment
923,7029634,9228,9241,0.02730,-0.02340,-0.76440,0.76525,1013.20,1000,-13.20,50.50,203,2.2886,0.5243,LOCK,2,misalignment
924,7029644,9238,9251,-0.09750,0.19500,-0.78780,0.81741,1013.21,1000,-13.21,50.50,203,2.2902,0.5490,LOCK,2,misalignment
925,7029654,9248,9261,0.06630,0.03900,-0.81120,0.81484,1013.21,1000,-13.21,50.50,203,2.2607,0.1015,LOCK,2,misalignment
926,7029664,9258,9271,-0.02730,0.08190,-0.81510,0.81966,1013.21,1000,-13.21,50.50,203,2.2664,0.1885,LOCK,2,misalignment
927,7029674,9268,9281,-0.01950,0.03120,-0.77610,0.77697,1013.21,1000,-13.21,50.50,203,2.2790,0.3784,LOCK,2,misalignment
928,7029705,9299,9312,-0.08970,0.01950,-0.62790,0.63457,1013.21,1000,-13.21,50.50,203,2.2948,0.6189,LOCK,2,misalignment
929,7029714,9308,9321,0.00390,0.01560,-0.87360,0.87375,1013.21,1000,-13.21,50.50,203,2.2954,0.6275,LOCK,2,misalignment
930,7029722,9316,9329,-0.02730,-0.05460,-0.74490,0.74740,1013.20,1000,-13.20,50.50,203,2.2806,0.4037,LOCK,2,misalignment
931,7029731,9325,9338,-0.03120,0.00780,-0.88530,0.88588,1013.19,1000,-13.19,50.50,203,2.2841,0.4553,LOCK,2,misalignment
932,7029739,9333,9346,0.01950,0.14430,-0.70200,0.71694,1013.19,1000,-13.19,50.50,203,2.2927,0.5860,LOCK,2,misalignment
933,7029748,9342,9355,0.01950,0.14430,-0.70200,0.71694,1013.18,1000,-13.18,50.50,203,2.2705,0.2493,LOCK,2,misalignment
934,7029756,9350,9363,0.10140,0.08580,-0.78780,0.79892,1013.17,1000,-13.17,50.50,203,2.2677,0.2075,LOCK,2,misalignment
935,7029765,9359,9372,0.03510,0.22230,-0.72930,0.76324,1013.19,1000,-13.19,50.50,203,2.2585,0.0689,LOCK,2,misalignment
936,7029773,9367,9380,0.08970,0.08580,-0.83070,0.83992,1013.20,1000,-13.20,50.50,203,2.2654,0.1730,LOCK,2,misalignment
937,7029784,9378,9391,0.01560,-0.10530,-0.87750,0.88393,1013.21,1000,-13.21,50.50,203,2.2872,0.5026,LOCK,2,misalignment
938,7029793,9387,9400,0.02730,-0.00780,-0.87360,0.87406,1013.22,1000,-13.22,50.50,203,2.2856,0.4794,LOCK,2,misalignment
939,7029801,9395,9408,-0.01560,-0.05070,-0.79170,0.79348,1013.23,1000,-13.23,50.50,203,2.2833,0.4437,LOCK,2,misalignment
940,7029810,9404,9417,-0.01560,-0.05070,-0.79170,0.79348,1013.24,1000,-13.24,50.50,203,2.2923,0.5796,LOCK,2,misalignment
941,7029818,9412,9425,0.12870,0.11310,-0.82290,0.84055,1013.24,1000,-13.24,50.50,203,2.2840,0.4538,LOCK,2,misalignment
942,7029827,9421,9434,0.01560,0.09750,-0.69420,0.70119,1013.25,1000,-13.25,50.50,203,2.2816,0.4181,LOCK,2,misalignment
943,7029835,9429,9442,0.02730,0.07410,-0.80730,0.81115,1013.25,1000,-13.25,50.50,203,2.2877,0.5100,LOCK,2,misalignment
944,7029844,9438,9451,-0.11310,0.05460,-0.81120,0.82086,1013.25,1000,-13.25,50.50,203,2.2848,0.4666,LOCK,2,misalignment
945,7029854,9448,9461,-0.07800,-0.11700,-0.83070,0.84252,1013.27,1000,-13.27,50.50,203,2.2754,0.3241,LOCK,2,misalignment
946,7029864,9458,9471,0.10530,-0.01560,-0.81900,0.82589,1013.28,1000,-13.28,50.50,203,2.2567,0.0414,LOCK,2,misalignment
947,7029874,9468,9481,-0.07410,0.14040,-0.74100,0.75782,1013.28,1000,-13.28,50.50,203,2.2696,0.2362,LOCK,2,misalignment
948,7029884,9478,9491,-0.01950,0.10530,-0.85020,0.85692,1013.28,1000,-13.28,50.50,203,2.2945,0.6144,LOCK,2,misalignment
949,7029894,9488,9501,-0.12480,0.10920,-0.76830,0.78599,1013.28,1000,-13.28,50.50,203,2.2902,0.5481,LOCK,2,misalignment
950,7029907,9501,9514,-0.04290,0.03120,-0.81120,0.81293,1013.28,1000,-13.28,50.50,203,2.2953,0.6250,LOCK,2,misalignment
951,7029916,9510,9523,-0.03900,0.15990,-0.79950,0.81627,1013.28,1000,-13.28,50.50,203,2.2903,0.5506,LOCK,2,misalignment
952,7029924,9518,9531,0.08580,0.00000,-0.79950,0.80409,1013.28,1000,-13.28,50.50,203,2.2870,0.4993,LOCK,2,misalignment
953,7029934,9528,9541,0.08580,0.00000,-0.79950,0.80409,1013.28,1000,-13.28,50.50,203,2.2887,0.5258,LOCK,2,misalignment
954,7029944,9538,9551,-0.03120,0.05070,-0.63960,0.64236,1013.27,1000,-13.27,50.50,203,2.2779,0.3622,LOCK,2,misalignment
955,7029954,9548,9561,0.03900,0.03510,-0.81120,0.81290,1013.27,1000,-13.27,50.50,203,2.2682,0.2151,LOCK,2,misalignment
956,7029964,9558,9571,0.10530,0.05070,-0.81120,0.81958,1013.26,1000,-13.26,50.50,203,2.2505,-0.0535,LOCK,2,misalignment
957,7029974,9568,9581,0.02730,-0.03510,-0.79170,0.79295,1013.26,1000,-13.26,50.50,203,2.2617,0.1165,LOCK,2,misalignment
958,7030021,9615,9628,-0.00390,-0.06630,-0.90480,0.90723,1013.28,1000,-13.28,50.50,203,2.2849,0.4684,LOCK,2,misalignment
959,7030030,9624,9637,-0.01560,-0.06630,-0.80730,0.81017,1013.29,1000,-13.29,50.50,203,2.2831,0.4410,LOCK,2,misalignment
960,7030038,9632,9645,-0.00390,-0.01950,-0.79950,0.79975,1013.30,1000,-13.30,50.50,203,2.2892,0.5332,LOCK,2,misalignment
961,7030047,9641,9654,0.07020,0.08190,-0.74880,0.75653,1013.30,1000,-13.30,50.50,203,2.2928,0.5881,LOCK,2,misalignment
962,7030055,9649,9662,0.07020,0.08190,-0.74880,0.75653,1013.31,1000,-13.31,50.50,203,2.2694,0.2337,LOCK,2,misalignment
963,7030064,9658,9671,-0.04290,0.05460,-0.69030,0.69378,1013.30,1000,-13.30,50.50,203,2.2820,0.4236,LOCK,2,misalignment
964,7030072,9666,9679,0.02730,0.10920,-0.83850,0.84602,1013.29,1000,-13.29,50.50,203,2.2811,0.4108,LOCK,2,misalignment
965,7030081,9675,9688,-0.03510,0.04680,-0.78780,0.78997,1013.28,1000,-13.28,50.50,203,2.2684,0.2188,LOCK,2,misalignment
966,7030090,9684,9697,-0.07800,-0.06240,-0.86190,0.86767,1013.27,1000,-13.27,50.50,203,2.2884,0.5216,LOCK,2,misalignment
967,7030098,9692,9705,0.13260,0.01560,-0.77220,0.78366,1013.26,1000,-13.26,50.50,203,2.2927,0.5857,LOCK,2,misalignment
968,7030111,9705,9718,0.00780,0.09360,-0.85410,0.85925,1013.26,1000,-13.26,50.50,203,2.2931,0.5927,LOCK,2,misalignment
969,7030120,9714,9727,0.04680,0.00390,-0.79950,0.80088,1013.27,1000,-13.27,50.50,203,2.2878,0.5121,LOCK,2,misalignment
970,7030128,9722,9735,0.04680,0.00390,-0.79950,0.80088,1013.29,1000,-13.29,50.50,203,2.2855,0.4773,LOCK,2,misalignment
971,7030137,9731,9744,-0.09360,0.03900,-0.79560,0.80204,1013.31,1000,-13.31,50.50,203,2.2884,0.5216,LOCK,2,misalignment
972,7030146,9740,9753,-0.13260,0.07020,-0.76440,0.77899,1013.32,1000,-13.32,50.50,203,2.2891,0.5322,LOCK,2,misalignment
973,7030154,9748,9761,-0.05850,0.17160,-0.82290,0.84263,1013.33,1000,-13.33,50.50,203,2.2981,0.6675,LOCK,2,misalignment
974,7030163,9757,9770,-0.04680,-0.12090,-0.80340,0.81379,1013.34,1000,-13.34,50.50,203,2.2692,0.2304,LOCK,2,misalignment
975,7030171,9765,9778,0.08580,0.16770,-0.67860,0.70426,1013.35,1000,-13.35,50.50,203,2.2716,0.2664,LOCK,2,misalignment
976,7030180,9774,9787,0.08580,0.16770,-0.67860,0.70426,1013.36,1000,-13.36,50.50,203,2.2735,0.2951,LOCK,2,misalignment
977,7030189,9783,9796,0.03120,0.01560,-0.88530,0.88599,1013.36,1000,-13.36,50.50,203,2.2934,0.5976,LOCK,2,misalignment
978,7030197,9791,9804,0.03120,-0.06240,-0.74490,0.74816,1013.37,1000,-13.37,50.50,203,2.2798,0.3906,LOCK,2,misalignment
979,7030206,9800,9813,0.05850,0.04290,-0.87750,0.88049,1013.37,1000,-13.37,50.50,203,2.2915,0.5680,LOCK,2,misalignment
980,7030215,9809,9822,0.06630,0.13260,-0.72930,0.74422,1013.38,1000,-13.38,50.50,203,2.2973,0.6559,LOCK,2,misalignment
981,7030223,9817,9830,0.01170,0.15210,-0.82680,0.84076,1013.38,1000,-13.38,50.50,203,2.2863,0.4895,LOCK,2,misalignment
982,7030231,9825,9838,-0.00780,0.26130,-0.75270,0.79680,1013.39,1000,-13.39,50.50,203,2.2946,0.6147,LOCK,2,misalignment
983,7030240,9834,9847,-0.00780,0.26130,-0.75270,0.79680,1013.40,1000,-13.40,50.50,203,2.2814,0.4147,LOCK,2,misalignment
984,7030249,9843,9856,-0.03120,0.08580,-0.84630,0.85121,1013.42,1000,-13.42,50.50,203,2.2683,0.2163,LOCK,2,misalignment
985,7030257,9851,9864,-0.00780,-0.10530,-0.87360,0.87996,1013.43,1000,-13.43,50.50,203,2.2561,0.0313,LOCK,2,misalignment
986,7030266,9860,9873,0.00780,-0.07800,-0.88140,0.88488,1013.44,1000,-13.44,50.50,203,2.2931,0.5924,LOCK,2,misalignment
987,7030274,9868,9881,0.03900,-0.02730,-0.74100,0.74253,1013.46,1000,-13.46,50.50,203,2.2737,0.2990,LOCK,2,misalignment
988,7030296,9890,9903,-0.05460,0.03120,-0.65130,0.65433,1013.45,1000,-13.45,50.50,203,2.2907,0.5558,LOCK,2,misalignment
989,7030305,9899,9912,0.01950,0.01560,-0.81900,0.81938,1013.44,1000,-13.44,50.50,203,2.3014,0.7181,LOCK,2,misalignment
990,7030318,9912,9925,0.10140,0.01950,-0.81900,0.82548,1013.44,1000,-13.44,50.50,203,2.2818,0.4208,LOCK,2,misalignment
991,7030327,9921,9934,-0.03900,-0.05460,-0.83460,0.83729,1013.43,1000,-13.43,50.50,203,2.2871,0.5008,LOCK,2,misalignment
992,7030335,9929,9942,0.05850,0.01950,-0.82680,0.82910,1013.43,1000,-13.43,50.50,203,2.2921,0.5768,LOCK,2,misalignment
993,7030344,9938,9951,0.11700,-0.08580,-0.83850,0.85096,1013.42,1000,-13.42,50.50,203,2.2937,0.6012,LOCK,2,misalignment
994,7030353,9947,9960,0.11700,-0.08580,-0.83850,0.85096,1013.44,1000,-13.44,50.50,203,2.2895,0.5371,LOCK,2,misalignment
995,7030361,9955,9968,0.11700,-0.08190,-0.81510,0.82752,1013.45,1000,-13.45,50.50,203,2.2747,0.3137,LOCK,2,misalignment
996,7030370,9964,9977,-0.04680,-0.00780,-0.81900,0.82037,1013.46,1000,-13.46,50.50,203,2.2705,0.2493,LOCK,2,misalignment
997,7030378,9972,9985,-0.11310,0.09360,-0.75270,0.76688,1013.47,1000,-13.47,50.50,203,2.2807,0.4053,LOCK,2,misalignment
998,7030387,9981,9994,-0.04680,0.14430,-0.84630,0.85979,1013.48,1000,-13.48,50.50,203,2.2707,0.2532,LOCK,2,misalignment
999,7030397,9991,10004,0.09750,-0.05460,-0.75660,0.76481,1013.49,1000,-13.49,50.50,203,2.2912,0.5640,LOCK,2,misalignment
