sample_index,time_ms_raw,time_ms_zero,elapsed_ms,ax_g,ay_g,az_g,total_g,rpm,target_rpm,rpm_error,pwm_eq,duty_10bit,acs_v,current_a,control_mode,state,fault_type
0,6995800,0,13,0.00780,-0.04290,-0.65910,0.66054,1008.74,1000,-8.74,50.50,203,2.2852,0.4730,LOCK,2,misalignment
1,6995808,8,21,-0.02340,0.05850,-0.78390,0.78643,1008.75,1000,-8.75,50.50,203,2.2834,0.4449,LOCK,2,misalignment
2,6995818,18,31,0.00780,0.09750,-0.78000,0.78611,1008.78,1000,-8.78,50.50,203,2.2867,0.4947,LOCK,2,misalignment
3,6995828,28,41,-0.01560,0.07410,-0.81120,0.81473,1008.79,1000,-8.79,50.50,203,2.2920,0.5756,LOCK,2,misalignment
4,6995838,38,51,-0.02340,-0.07020,-0.85410,0.85730,1008.79,1000,-8.79,50.50,203,2.2750,0.3189,LOCK,2,misalignment
5,6995848,48,61,0.11310,0.07020,-0.78000,0.79128,1008.80,1000,-8.80,50.50,203,2.2873,0.5042,LOCK,2,misalignment
6,6995861,61,74,-0.02730,-0.01950,-0.86190,0.86255,1008.79,1000,-8.79,50.50,203,2.2645,0.1589,LOCK,2,misalignment
7,6995870,70,83,0.03120,-0.01560,-0.78780,0.78857,1008.78,1000,-8.78,50.50,203,2.2700,0.2420,LOCK,2,misalignment
8,6995878,78,91,-0.06240,-0.08580,-0.83850,0.84518,1008.77,1000,-8.77,50.50,203,2.2666,0.1910,LOCK,2,misalignment
9,6995888,88,101,0.04290,0.03900,-0.80340,0.80549,1008.76,1000,-8.76,50.50,203,2.2944,0.6119,LOCK,2,misalignment
10,6995898,98,111,0.10530,-0.01170,-0.78780,0.79489,1008.73,1000,-8.73,50.50,203,2.2804,0.4001,LOCK,2,misalignment
11,6995908,108,121,-0.07800,0.23790,-0.88140,0.91627,1008.72,1000,-8.72,50.50,203,2.2936,0.6000,LOCK,2,misalignment
12,6995918,118,131,0.02730,0.07410,-0.69810,0.70255,1008.67,1000,-8.67,50.50,203,2.2881,0.5161,LOCK,2,misalignment
13,6995928,128,141,-0.01950,-0.08970,-0.87750,0.88229,1008.65,1000,-8.65,50.50,203,2.2878,0.5115,LOCK,2,misalignment
14,6995938,138,151,0.00780,-0.07800,-0.81120,0.81498,1008.65,1000,-8.65,50.50,203,2.2912,0.5634,LOCK,2,misalignment
15,6995948,148,161,-0.08190,0.05850,-0.82290,0.82903,1008.65,1000,-8.65,50.50,203,2.2900,0.5454,LOCK,2,misalignment
16,6995958,158,171,-0.08190,0.05850,-0.82290,0.82903,1008.65,1000,-8.65,50.50,203,2.2433,-0.1628,LOCK,2,misalignment
17,6995968,168,181,0.01170,0.07410,-0.81900,0.82243,1008.65,1000,-8.65,50.50,203,2.2725,0.2798,LOCK,2,misalignment
18,6995978,178,191,-0.00780,0.08970,-0.73320,0.73871,1008.69,1000,-8.69,50.50,203,2.2560,0.0310,LOCK,2,misalignment
19,6995988,188,201,0.01950,-0.01950,-0.76050,0.76100,1008.70,1000,-8.70,50.50,203,2.2862,0.4874,LOCK,2,misalignment
20,6995998,198,211,0.05070,0.06240,-0.83460,0.83846,1008.71,1000,-8.71,50.50,203,2.2850,0.4703,LOCK,2,misalignment
21,6996008,208,221,-0.05460,-0.03120,-0.81510,0.81752,1008.71,1000,-8.71,50.50,203,2.2887,0.5261,LOCK,2,misalignment
22,6996018,218,231,-0.00390,0.14040,-0.77220,0.78487,1008.71,1000,-8.71,50.50,203,2.2829,0.4376,LOCK,2,misalignment
23,6996028,228,241,0.11700,0.08190,-0.77610,0.78913,1008.71,1000,-8.71,50.50,203,2.2879,0.5130,LOCK,2,misalignment
24,6996038,238,251,-0.02340,0.09750,-0.74100,0.74775,1008.77,1000,-8.77,50.50,203,2.2897,0.5405,LOCK,2,misalignment
25,6996048,248,261,0.08580,0.12090,-0.87750,0.88994,1008.79,1000,-8.79,50.50,203,2.2846,0.4633,LOCK,2,misalignment
26,6996061,261,274,-0.07020,0.00000,-0.86970,0.87253,1008.79,1000,-8.79,50.50,203,2.2626,0.1296,LOCK,2,misalignment
27,6996070,270,283,-0.07020,0.00000,-0.86970,0.87253,1008.79,1000,-8.79,50.50,203,2.2756,0.3271,LOCK,2,misalignment
28,6996078,278,291,0.02730,0.01560,-0.76830,0.76894,1008.79,1000,-8.79,50.50,203,2.2706,0.2517,LOCK,2,misalignment
29,6996088,288,301,0.04290,-0.04680,-0.78390,0.78647,1008.79,1000,-8.79,50.50,203,2.2906,0.5542,LOCK,2,misalignment
30,6996098,298,311,-0.01950,0.10920,-0.77610,0.78399,1008.86,1000,-8.86,50.50,203,2.2880,0.5148,LOCK,2,misalignment
31,6996108,308,321,0.08580,0.07410,-0.74490,0.75348,1008.88,1000,-8.88,50.50,203,2.2910,0.5603,LOCK,2,misalignment
32,6996118,318,331,0.02730,0.03120,-0.83070,0.83173,1008.89,1000,-8.89,50.50,203,2.2887,0.5258,LOCK,2,misalignment
33,6996128,328,341,-0.01950,0.01170,-0.73320,0.73355,1008.89,1000,-8.89,50.50,203,2.2895,0.5374,LOCK,2,misalignment
34,6996138,338,351,-0.00780,0.01560,-0.87750,0.87767,1008.89,1000,-8.89,50.50,203,2.2776,0.3573,LOCK,2,misalignment
35,6996148,348,361,0.10920,0.00780,-0.79950,0.80696,1008.89,1000,-8.89,50.50,203,2.2934,0.5967,LOCK,2,misalignment
36,6996158,358,371,-0.01560,0.08190,-0.79170,0.79608,1008.93,1000,-8.93,50.50,203,2.2889,0.5286,LOCK,2,misalignment
37,6996168,368,381,-0.06240,-0.03510,-0.81900,0.82212,1008.94,1000,-8.94,50.50,203,2.2749,0.3170,LOCK,2,misalignment
38,6996178,378,391,-0.05070,0.06240,-0.81120,0.81517,1008.95,1000,-8.95,50.50,203,2.2616,0.1153,LOCK,2,misalignment
39,6996188,388,401,-0.06240,0.03510,-0.78390,0.78716,1008.95,1000,-8.95,50.50,203,2.2620,0.1211,LOCK,2,misalignment
40,6996198,398,411,0.12870,-0.06240,-0.77220,0.78533,1008.95,1000,-8.95,50.50,203,2.2841,0.4556,LOCK,2,misalignment
41,6996208,408,421,0.04290,0.28080,-0.77610,0.82645,1008.95,1000,-8.95,50.50,203,2.2861,0.4862,LOCK,2,misalignment
42,6996218,418,431,-0.05460,-0.01950,-0.73320,0.73549,1008.98,1000,-8.98,50.50,203,2.2822,0.4266,LOCK,2,misalignment
43,6996228,428,441,-0.06240,0.07410,-0.83850,0.84408,1008.98,1000,-8.98,50.50,203,2.2791,0.3799,LOCK,2,misalignment
44,6996238,438,451,-0.05460,-0.12870,-0.85800,0.86932,1008.99,1000,-8.99,50.50,203,2.2810,0.4092,LOCK,2,misalignment
45,6996248,448,461,0.04680,0.10140,-0.81900,0.82658,1008.99,1000,-8.99,50.50,203,2.2901,0.5469,LOCK,2,misalignment
46,6996261,461,474,-0.10530,-0.00780,-0.73320,0.74076,1008.99,1000,-8.99,50.50,203,2.2859,0.4837,LOCK,2,misalignment
47,6996270,470,483,0.03900,0.18330,-0.65130,0.67773,1008.99,1000,-8.99,50.50,203,2.2746,0.3125,LOCK,2,misalignment
48,6996278,478,491,-0.00780,0.06240,-0.83460,0.83697,1008.99,1000,-8.99,50.50,203,2.2625,0.1293,LOCK,2,misalignment
49,6996288,488,501,-0.03120,0.05460,-0.81900,0.82141,1009.01,1000,-9.01,50.50,203,2.2694,0.2337,LOCK,2,misalignment
50,6996298,498,511,-0.09750,-0.04290,-0.80730,0.81430,1009.02,1000,-9.02,50.50,203,2.2873,0.5051,LOCK,2,misalignment
51,6996308,508,521,0.03900,0.08190,-0.78390,0.78913,1009.02,1000,-9.02,50.50,203,2.2863,0.4895,LOCK,2,misalignment
52,6996318,518,531,0.12870,0.14430,-0.76830,0.79226,1009.02,1000,-9.02,50.50,203,2.2795,0.3866,LOCK,2,misalignment
53,6996328,528,541,-0.08190,0.15600,-0.76440,0.78444,1009.02,1000,-9.02,50.50,203,2.2935,0.5979,LOCK,2,misalignment
54,6996338,538,551,0.08580,0.02730,-0.78390,0.78905,1009.09,1000,-9.09,50.50,203,2.2929,0.5899,LOCK,2,misalignment
55,6996348,548,561,-0.02730,0.05460,-0.82680,0.82905,1009.11,1000,-9.11,50.50,203,2.2884,0.5206,LOCK,2,misalignment
56,6996358,558,571,-0.02730,0.05460,-0.82680,0.82905,1009.11,1000,-9.11,50.50,203,2.2842,0.4575,LOCK,2,misalignment
57,6996368,568,581,-0.09360,-0.07020,-0.77610,0.78487,1009.12,1000,-9.12,50.50,203,2.2804,0.3998,LOCK,2,misalignment
58,6996378,578,591,0.07800,0.03120,-0.78000,0.78451,1009.12,1000,-9.12,50.50,203,2.2721,0.2746,LOCK,2,misalignment
59,6996388,588,601,-0.04290,-0.05070,-0.78390,0.78671,1009.12,1000,-9.12,50.50,203,2.2676,0.2059,LOCK,2,misalignment
60,6996398,598,611,-0.01950,0.05460,-0.69030,0.69273,1009.15,1000,-9.15,50.50,203,2.2850,0.4703,LOCK,2,misalignment
61,6996408,608,621,-0.01170,0.02340,-0.82290,0.82332,1009.16,1000,-9.16,50.50,203,2.2847,0.4645,LOCK,2,misalignment
62,6996418,618,631,0.01950,0.00780,-0.79170,0.79198,1009.16,1000,-9.16,50.50,203,2.2868,0.4971,LOCK,2,misalignment
63,6996428,628,641,-0.02730,0.03510,-0.81900,0.82021,1009.16,1000,-9.16,50.50,203,2.2798,0.3912,LOCK,2,misalignment
64,6996438,638,651,0.03510,-0.03510,-0.81510,0.81661,1009.16,1000,-9.16,50.50,203,2.2785,0.3708,LOCK,2,misalignment
65,6996448,648,661,0.02340,0.06240,-0.76050,0.76341,1009.19,1000,-9.19,50.50,203,2.2884,0.5213,LOCK,2,misalignment
66,6996461,661,674,0.00390,0.04680,-0.80730,0.80866,1009.20,1000,-9.20,50.50,203,2.2887,0.5255,LOCK,2,misalignment
67,6996469,669,682,0.00390,0.04680,-0.80730,0.80866,1009.21,1000,-9.21,50.50,203,2.2598,0.0872,LOCK,2,misalignment
68,6996478,678,691,-0.05850,-0.00780,-0.89310,0.89505,1009.22,1000,-9.22,50.50,203,2.2547,0.0106,LOCK,2,misalignment
69,6996488,688,701,-0.03900,0.07800,-0.81900,0.82363,1009.26,1000,-9.26,50.50,203,2.2692,0.2307,LOCK,2,misalignment
70,6996498,698,711,0.08580,-0.06240,-0.74880,0.75628,1009.27,1000,-9.27,50.50,203,2.2853,0.4749,LOCK,2,misalignment
71,6996508,708,721,-0.03900,0.34710,-0.74490,0.82272,1009.31,1000,-9.31,50.50,203,2.2881,0.5170,LOCK,2,misalignment
72,6996518,718,731,0.05850,0.05460,-0.77610,0.78021,1009.33,1000,-9.33,50.50,203,2.2909,0.5597,LOCK,2,misalignment
73,6996528,728,741,0.00780,-0.01560,-0.83850,0.83868,1009.33,1000,-9.33,50.50,203,2.2824,0.4306,LOCK,2,misalignment
74,6996538,738,751,-0.01560,-0.00780,-0.81120,0.81139,1009.34,1000,-9.34,50.50,203,2.2875,0.5075,LOCK,2,misalignment
75,6996548,748,761,-0.05070,0.01560,-0.82290,0.82461,1009.34,1000,-9.34,50.50,203,2.2869,0.4978,LOCK,2,misalignment
76,6996558,758,771,-0.01560,0.13650,-0.79560,0.80738,1009.34,1000,-9.34,50.50,203,2.2907,0.5558,LOCK,2,misalignment
77,6996568,768,781,-0.02730,0.12480,-0.77610,0.78654,1009.43,1000,-9.43,50.50,203,2.2864,0.4913,LOCK,2,misalignment
78,6996578,778,791,0.05460,-0.00780,-0.77610,0.77806,1009.46,1000,-9.46,50.50,203,2.2547,0.0112,LOCK,2,misalignment
79,6996588,788,801,-0.05850,0.12480,-0.86190,0.87285,1009.47,1000,-9.47,50.50,203,2.2468,-0.1097,LOCK,2,misalignment
80,6996598,798,811,-0.03120,0.01560,-0.78780,0.78857,1009.47,1000,-9.47,50.50,203,2.2846,0.4636,LOCK,2,misalignment
81,6996608,808,821,0.00390,0.04680,-0.84240,0.84371,1009.47,1000,-9.47,50.50,203,2.2908,0.5579,LOCK,2,misalignment
82,6996618,818,831,0.10920,-0.04290,-0.73320,0.74253,1009.47,1000,-9.47,50.50,203,2.2924,0.5811,LOCK,2,misalignment
83,6996628,828,841,-0.02340,0.11700,-0.76050,0.76980,1009.50,1000,-9.50,50.50,203,2.2819,0.4227,LOCK,2,misalignment
84,6996638,838,851,0.02340,0.03900,-0.83070,0.83194,1009.51,1000,-9.51,50.50,203,2.2798,0.3909,LOCK,2,misalignment
85,6996648,848,861,0.05460,0.01170,-0.82290,0.82479,1009.51,1000,-9.51,50.50,203,2.2822,0.4266,LOCK,2,misalignment
86,6996661,861,874,-0.06240,-0.01170,-0.82680,0.82923,1009.51,1000,-9.51,50.50,203,2.2866,0.4944,LOCK,2,misalignment
87,6996669,869,882,0.01560,0.04680,-0.77220,0.77377,1009.51,1000,-9.51,50.50,203,2.2921,0.5774,LOCK,2,misalignment
88,6996678,878,891,0.01170,-0.01950,-0.81510,0.81542,1009.51,1000,-9.51,50.50,203,2.2715,0.2645,LOCK,2,misalignment
89,6996688,888,901,-0.04290,-0.01170,-0.69810,0.69951,1009.54,1000,-9.54,50.50,203,2.2715,0.2648,LOCK,2,misalignment
90,6996698,898,911,-0.01950,0.01560,-0.80340,0.80379,1009.55,1000,-9.55,50.50,203,2.2705,0.2496,LOCK,2,misalignment
91,6996708,908,921,-0.01170,-0.16770,-0.83460,0.85136,1009.55,1000,-9.55,50.50,203,2.2867,0.4953,LOCK,2,misalignment
92,6996718,918,931,0.02730,0.02340,-0.81900,0.81979,1009.55,1000,-9.55,50.50,203,2.2888,0.5267,LOCK,2,misalignment
93,6996728,928,941,0.04680,-0.04680,-0.81900,0.82167,1009.56,1000,-9.56,50.50,203,2.2928,0.5881,LOCK,2,misalignment
94,6996738,938,951,0.03120,0.25740,-0.81900,0.85906,1009.56,1000,-9.56,50.50,203,2.2872,0.5026,LOCK,2,misalignment
95,6996748,948,961,0.05850,-0.01560,-0.80730,0.80957,1009.54,1000,-9.54,50.50,203,2.2890,0.5307,LOCK,2,misalignment
96,6996758,958,971,0.05850,-0.01560,-0.80730,0.80957,1009.54,1000,-9.54,50.50,203,2.2860,0.4843,LOCK,2,misalignment
97,6996768,968,981,-0.00780,0.06240,-0.80730,0.80975,1009.54,1000,-9.54,50.50,203,2.2868,0.4968,LOCK,2,misalignment
98,6996778,978,991,-0.10140,0.05070,-0.85410,0.86159,1009.54,1000,-9.54,50.50,203,2.2477,-0.0953,LOCK,2,misalignment
99,6996788,988,1001,-0.09360,-0.00390,-0.81510,0.82047,1009.54,1000,-9.54,50.50,203,2.2686,0.2212,LOCK,2,misalignment
100,6996798,998,1011,0.03510,0.01950,-0.80340,0.80440,1009.54,1000,-9.54,50.50,203,2.2691,0.2294,LOCK,2,misalignment
101,6996808,1008,1021,-0.03120,0.11700,-0.71760,0.72774,1009.57,1000,-9.57,50.50,203,2.2868,0.4965,LOCK,2,misalignment
102,6996818,1018,1031,0.04290,0.07020,-0.86970,0.87358,1009.58,1000,-9.58,50.50,203,2.2888,0.5271,LOCK,2,misalignment
103,6996828,1028,1041,-0.04290,0.08970,-0.74880,0.75537,1009.58,1000,-9.58,50.50,203,2.2778,0.3601,LOCK,2,misalignment
104,6996838,1038,1051,-0.03120,0.07020,-0.81510,0.81871,1009.58,1000,-9.58,50.50,203,2.2872,0.5032,LOCK,2,misalignment
105,6996848,1048,1061,-0.01560,0.08580,-0.76830,0.77323,1009.58,1000,-9.58,50.50,203,2.2897,0.5402,LOCK,2,misalignment
106,6996861,1061,1074,-0.03510,0.01170,-0.58500,0.58617,1009.58,1000,-9.58,50.50,203,2.2913,0.5655,LOCK,2,misalignment
107,6996870,1070,1083,-0.03510,0.01170,-0.58500,0.58617,1009.58,1000,-9.58,50.50,203,2.2810,0.4098,LOCK,2,misalignment
108,6996878,1078,1091,0.04290,0.08190,-0.87360,0.87848,1009.58,1000,-9.58,50.50,203,2.2751,0.3195,LOCK,2,misalignment
109,6996888,1088,1101,-0.05850,0.01560,-0.72930,0.73181,1009.57,1000,-9.57,50.50,203,2.2677,0.2081,LOCK,2,misalignment
110,6996898,1098,1111,-0.06630,0.00390,-0.86580,0.86834,1009.56,1000,-9.56,50.50,203,2.2534,-0.0096,LOCK,2,misalignment
111,6996908,1108,1121,0.05070,0.18330,-0.70590,0.73107,1009.56,1000,-9.56,50.50,203,2.2848,0.4666,LOCK,2,misalignment
112,6996918,1118,1131,0.11310,0.09750,-0.74880,0.76354,1009.56,1000,-9.56,50.50,203,2.2865,0.4929,LOCK,2,misalignment
113,6996928,1128,1141,-0.03120,0.25350,-0.76440,0.80594,1009.62,1000,-9.62,50.50,203,2.2881,0.5164,LOCK,2,misalignment
114,6996938,1138,1151,0.06240,0.06630,-0.78390,0.78917,1009.63,1000,-9.63,50.50,203,2.2825,0.4312,LOCK,2,misalignment
115,6996948,1148,1161,-0.05460,-0.15990,-0.83070,0.84771,1009.64,1000,-9.64,50.50,203,2.2851,0.4715,LOCK,2,misalignment
116,6996958,1158,1171,-0.01170,-0.01950,-0.80730,0.80762,1009.64,1000,-9.64,50.50,203,2.2834,0.4456,LOCK,2,misalignment
117,6996968,1168,1181,0.00000,-0.03510,-0.80730,0.80806,1009.64,1000,-9.64,50.50,203,2.2876,0.5090,LOCK,2,misalignment
118,6996978,1178,1191,0.05460,0.06240,-0.82290,0.82707,1009.64,1000,-9.64,50.50,203,2.2905,0.5530,LOCK,2,misalignment
119,6996988,1188,1201,-0.11310,0.03120,-0.68640,0.69635,1009.68,1000,-9.68,50.50,203,2.2753,0.3225,LOCK,2,misalignment
120,6996998,1198,1211,0.00780,0.06630,-0.81120,0.81394,1009.69,1000,-9.69,50.50,203,2.2633,0.1403,LOCK,2,misalignment
121,6997008,1208,1221,-0.00780,0.03510,-0.79950,0.80031,1009.69,1000,-9.69,50.50,203,2.2800,0.3943,LOCK,2,misalignment
122,6997018,1218,1231,-0.07020,-0.15210,-0.81900,0.83596,1009.69,1000,-9.69,50.50,203,2.2892,0.5338,LOCK,2,misalignment
123,6997028,1228,1241,0.09360,-0.02340,-0.83070,0.83628,1009.69,1000,-9.69,50.50,203,2.2830,0.4388,LOCK,2,misalignment
124,6997038,1238,1251,0.02340,0.04680,-0.78390,0.78564,1009.69,1000,-9.69,50.50,203,2.2852,0.4733,LOCK,2,misalignment
125,6997048,1248,1261,0.08970,-0.03120,-0.83070,0.83611,1009.66,1000,-9.66,50.50,203,2.2856,0.4794,LOCK,2,misalignment
126,6997061,1261,1274,0.00780,0.06630,-0.81510,0.81783,1009.66,1000,-9.66,50.50,203,2.2828,0.4364,LOCK,2,misalignment
127,6997069,1269,1282,-0.09360,0.10530,-0.81900,0.83103,1009.66,1000,-9.66,50.50,203,2.2974,0.6583,LOCK,2,misalignment
128,6997078,1278,1291,-0.06240,0.10140,-0.80340,0.81217,1009.66,1000,-9.66,50.50,203,2.2970,0.6513,LOCK,2,misalignment
129,6997088,1288,1301,0.01170,-0.05460,-0.81120,0.81312,1009.66,1000,-9.66,50.50,203,2.2685,0.2191,LOCK,2,misalignment
130,6997098,1298,1311,0.12480,0.24960,-0.69810,0.75181,1009.65,1000,-9.65,50.50,203,2.2810,0.4098,LOCK,2,misalignment
131,6997108,1308,1321,-0.02340,0.01950,-0.87360,0.87413,1009.59,1000,-9.59,50.50,203,2.2696,0.2371,LOCK,2,misalignment
132,6997118,1318,1331,-0.04680,-0.01560,-0.71760,0.71929,1009.58,1000,-9.58,50.50,203,2.2862,0.4874,LOCK,2,misalignment
133,6997128,1328,1341,-0.01950,0.09360,-0.85020,0.85556,1009.57,1000,-9.57,50.50,203,2.2823,0.4285,LOCK,2,misalignment
134,6997138,1338,1351,-0.01170,0.18330,-0.73710,0.75964,1009.57,1000,-9.57,50.50,203,2.2876,0.5084,LOCK,2,misalignment
135,6997148,1348,1361,-0.01170,0.18330,-0.73710,0.75964,1009.57,1000,-9.57,50.50,203,2.2892,0.5341,LOCK,2,misalignment
136,6997158,1358,1371,-0.01950,0.23010,-0.79170,0.82469,1009.57,1000,-9.57,50.50,203,2.2859,0.4840,LOCK,2,misalignment
137,6997168,1368,1381,-0.03900,0.12870,-0.76830,0.77998,1009.55,1000,-9.55,50.50,203,2.2914,0.5664,LOCK,2,misalignment
138,6997178,1378,1391,0.00000,0.09360,-0.71370,0.71981,1009.54,1000,-9.54,50.50,203,2.2971,0.6534,LOCK,2,misalignment
139,6997188,1388,1401,-0.09360,-0.07410,-0.85410,0.86240,1009.54,1000,-9.54,50.50,203,2.2670,0.1965,LOCK,2,misalignment
140,6997198,1398,1411,0.02340,-0.07800,-0.76830,0.77260,1009.54,1000,-9.54,50.50,203,2.2750,0.3183,LOCK,2,misalignment
141,6997208,1408,1421,0.04680,0.05460,-0.83070,0.83381,1009.54,1000,-9.54,50.50,203,2.2681,0.2130,LOCK,2,misalignment
142,6997218,1418,1431,0.06630,0.06240,-0.76830,0.77368,1009.54,1000,-9.54,50.50,203,2.2902,0.5490,LOCK,2,misalignment
143,6997273,1473,1486,0.08580,-0.12480,-0.75270,0.76779,1009.53,1000,-9.53,50.50,203,2.2853,0.4749,LOCK,2,misalignment
144,6997281,1481,1494,0.03120,0.05070,-0.67860,0.68121,1009.53,1000,-9.53,50.50,203,2.2811,0.4108,LOCK,2,misalignment
145,6997290,1490,1503,0.03120,0.05070,-0.67860,0.68121,1009.52,1000,-9.52,50.50,203,2.2680,0.2117,LOCK,2,misalignment
146,6997298,1498,1511,0.02730,0.08970,-0.81510,0.82048,1009.52,1000,-9.52,50.50,203,2.2641,0.1525,LOCK,2,misalignment
147,6997307,1507,1520,-0.01170,0.15210,-0.76830,0.78330,1009.51,1000,-9.51,50.50,203,2.2719,0.2713,LOCK,2,misalignment
148,6997318,1518,1531,-0.05850,0.06630,-0.79950,0.80437,1009.51,1000,-9.51,50.50,203,2.2895,0.5383,LOCK,2,misalignment
149,6997326,1526,1539,0.09360,-0.05070,-0.84240,0.84910,1009.51,1000,-9.51,50.50,203,2.2822,0.4278,LOCK,2,misalignment
150,6997335,1535,1548,-0.03900,0.10530,-0.76440,0.77260,1009.51,1000,-9.51,50.50,203,2.2901,0.5475,LOCK,2,misalignment
151,6997343,1543,1556,0.04680,0.06630,-0.83850,0.84242,1009.51,1000,-9.51,50.50,203,2.2822,0.4269,LOCK,2,misalignment
152,6997352,1552,1565,0.04680,0.06630,-0.83850,0.84242,1009.51,1000,-9.51,50.50,203,2.2868,0.4974,LOCK,2,misalignment
153,6997361,1561,1574,-0.01560,0.04290,-0.78780,0.78912,1009.51,1000,-9.51,50.50,203,2.2943,0.6110,LOCK,2,misalignment
154,6997369,1569,1582,-0.05850,0.06240,-0.86190,0.86613,1009.51,1000,-9.51,50.50,203,2.2853,0.4739,LOCK,2,misalignment
155,6997378,1578,1591,-0.05460,0.09750,-0.78390,0.79182,1009.52,1000,-9.52,50.50,203,2.2969,0.6507,LOCK,2,misalignment
156,6997386,1586,1599,0.06630,0.00780,-0.74880,0.75177,1009.52,1000,-9.52,50.50,203,2.2917,0.5716,LOCK,2,misalignment
157,6997395,1595,1608,-0.02340,0.20280,-0.79560,0.82137,1009.52,1000,-9.52,50.50,203,2.2457,-0.1265,LOCK,2,misalignment
158,6997403,1603,1616,-0.02340,0.20280,-0.79560,0.82137,1009.52,1000,-9.52,50.50,203,2.2596,0.0854,LOCK,2,misalignment
159,6997411,1611,1624,0.03900,0.06630,-0.69030,0.69457,1009.52,1000,-9.52,50.50,203,2.2819,0.4230,LOCK,2,misalignment
160,6997420,1620,1633,-0.01950,-0.06240,-0.83850,0.84104,1009.53,1000,-9.53,50.50,203,2.2957,0.6311,LOCK,2,misalignment
161,6997429,1629,1642,-0.01560,-0.08190,-0.74490,0.74955,1009.53,1000,-9.53,50.50,203,2.2933,0.5948,LOCK,2,misalignment
162,6997437,1637,1650,0.00780,0.12870,-0.81120,0.82138,1009.53,1000,-9.53,50.50,203,2.2995,0.6895,LOCK,2,misalignment
163,6997446,1646,1659,0.01560,0.16380,-0.81900,0.83537,1009.53,1000,-9.53,50.50,203,2.2837,0.4498,LOCK,2,misalignment
164,6997454,1654,1667,0.01560,0.16380,-0.81900,0.83537,1009.53,1000,-9.53,50.50,203,2.2948,0.6186,LOCK,2,misalignment
165,6997463,1663,1676,0.06630,0.18720,-0.76050,0.78600,1009.53,1000,-9.53,50.50,203,2.2883,0.5203,LOCK,2,misalignment
166,6997476,1676,1689,-0.07020,0.05850,-0.79560,0.80083,1009.53,1000,-9.53,50.50,203,2.2892,0.5341,LOCK,2,misalignment
167,6997485,1685,1698,-0.07020,0.05850,-0.79560,0.80083,1009.53,1000,-9.53,50.50,203,2.2872,0.5023,LOCK,2,misalignment
168,6997494,1694,1707,-0.06630,-0.05070,-0.88920,0.89311,1009.53,1000,-9.53,50.50,203,2.2741,0.3045,LOCK,2,misalignment
169,6997502,1702,1715,0.04290,0.14040,-0.73710,0.75158,1009.53,1000,-9.53,50.50,203,2.2567,0.0405,LOCK,2,misalignment
170,6997510,1710,1723,0.05850,0.01950,-0.76440,0.76688,1009.53,1000,-9.53,50.50,203,2.2635,0.1434,LOCK,2,misalignment
171,6997519,1719,1732,-0.08580,-0.08190,-0.59670,0.60838,1009.52,1000,-9.52,50.50,203,2.2668,0.1943,LOCK,2,misalignment
172,6997528,1728,1741,0.10530,0.07800,-0.82680,0.83712,1009.52,1000,-9.52,50.50,203,2.2869,0.4984,LOCK,2,misalignment
173,6997536,1736,1749,0.10530,0.07800,-0.82680,0.83712,1009.51,1000,-9.51,50.50,203,2.2970,0.6519,LOCK,2,misalignment
174,6997545,1745,1758,0.04290,0.12090,-0.83460,0.84440,1009.51,1000,-9.51,50.50,203,2.2902,0.5481,LOCK,2,misalignment
175,6997553,1753,1766,-0.03120,-0.00390,-0.86970,0.87027,1009.50,1000,-9.50,50.50,203,2.2886,0.5249,LOCK,2,misalignment
176,6997562,1762,1775,-0.00780,-0.01170,-0.86190,0.86201,1009.50,1000,-9.50,50.50,203,2.2841,0.4553,LOCK,2,misalignment
177,6997570,1770,1783,0.01950,-0.05460,-0.79170,0.79382,1009.50,1000,-9.50,50.50,203,2.2819,0.4224,LOCK,2,misalignment
178,6997578,1778,1791,0.03510,0.07410,-0.81510,0.81921,1009.49,1000,-9.49,50.50,203,2.2978,0.6638,LOCK,2,misalignment
179,6997588,1788,1801,0.03510,0.07410,-0.81510,0.81921,1009.47,1000,-9.47,50.50,203,2.2847,0.4654,LOCK,2,misalignment
180,6997598,1798,1811,0.06630,0.05070,-0.78000,0.78445,1009.44,1000,-9.44,50.50,203,2.2718,0.2703,LOCK,2,misalignment
181,6997608,1808,1821,-0.06630,0.05070,-0.81900,0.82324,1009.44,1000,-9.44,50.50,203,2.2595,0.0838,LOCK,2,misalignment
182,6997618,1818,1831,-0.01170,0.03120,-0.78780,0.78850,1009.44,1000,-9.44,50.50,203,2.2697,0.2374,LOCK,2,misalignment
183,6997628,1828,1841,0.11310,0.01170,-0.78780,0.79596,1009.44,1000,-9.44,50.50,203,2.2988,0.6782,LOCK,2,misalignment
184,6997638,1838,1851,-0.05850,0.14820,-0.90090,0.91488,1009.44,1000,-9.44,50.50,203,2.2841,0.4556,LOCK,2,misalignment
185,6997648,1848,1861,0.01560,0.14430,-0.72930,0.74360,1009.44,1000,-9.44,50.50,203,2.2822,0.4272,LOCK,2,misalignment
186,6997658,1858,1871,-0.11700,-0.03120,-0.81900,0.82790,1009.44,1000,-9.44,50.50,203,2.2885,0.5222,LOCK,2,misalignment
187,6997668,1868,1881,-0.05850,0.02730,-0.76440,0.76712,1009.44,1000,-9.44,50.50,203,2.2944,0.6116,LOCK,2,misalignment
188,6997681,1881,1894,-0.04290,-0.03510,-0.76440,0.76641,1009.44,1000,-9.44,50.50,203,2.2816,0.4175,LOCK,2,misalignment
189,6997690,1890,1903,-0.04290,-0.03510,-0.76440,0.76641,1009.44,1000,-9.44,50.50,203,2.2900,0.5460,LOCK,2,misalignment
190,6997698,1898,1911,0.03120,0.13650,-0.67470,0.68908,1009.43,1000,-9.43,50.50,203,2.2675,0.2044,LOCK,2,misalignment
191,6997708,1908,1921,0.00390,0.05070,-0.75270,0.75442,1009.37,1000,-9.37,50.50,203,2.2653,0.1705,LOCK,2,misalignment
192,6997718,1918,1931,0.03120,-0.01560,-0.79560,0.79636,1009.35,1000,-9.35,50.50,203,2.2630,0.1357,LOCK,2,misalignment
193,6997728,1928,1941,-0.04680,-0.11310,-0.84630,0.85511,1009.34,1000,-9.34,50.50,203,2.2766,0.3418,LOCK,2,misalignment
194,6997738,1938,1951,0.07410,0.07020,-0.79560,0.80212,1009.34,1000,-9.34,50.50,203,2.2770,0.3488,LOCK,2,misalignment
195,6997748,1948,1961,-0.02730,0.22230,-0.77220,0.80402,1009.34,1000,-9.34,50.50,203,2.2839,0.4535,LOCK,2,misalignment
196,6997758,1958,1971,0.07020,0.23400,-0.70590,0.74698,1009.40,1000,-9.40,50.50,203,2.2869,0.4981,LOCK,2,misalignment
197,6997768,1968,1981,0.00780,0.07020,-0.79950,0.80261,1009.43,1000,-9.43,50.50,203,2.2931,0.5930,LOCK,2,misalignment
198,6997778,1978,1991,-0.03120,0.01170,-0.81510,0.81578,1009.43,1000,-9.43,50.50,203,2.2810,0.4095,LOCK,2,misalignment
199,6997788,1988,2001,-0.03900,-0.02340,-0.84240,0.84363,1009.43,1000,-9.43,50.50,203,2.2874,0.5063,LOCK,2,misalignment
200,6997798,1998,2011,0.05850,0.02340,-0.76830,0.77088,1009.43,1000,-9.43,50.50,203,2.2544,0.0066,LOCK,2,misalignment
201,6997808,2008,2021,0.04680,0.06630,-0.78390,0.78809,1009.43,1000,-9.43,50.50,203,2.2719,0.2709,LOCK,2,misalignment
202,6997818,2018,2031,-0.04680,0.10920,-0.69420,0.70429,1009.41,1000,-9.41,50.50,203,2.2715,0.2655,LOCK,2,misalignment
203,6997828,2028,2041,0.11310,0.05850,-0.83460,0.84426,1009.40,1000,-9.40,50.50,203,2.2813,0.4132,LOCK,2,misalignment
204,6997838,2038,2051,0.07410,0.10920,-0.79170,0.80262,1009.40,1000,-9.40,50.50,203,2.2848,0.4660,LOCK,2,misalignment
205,6997848,2048,2061,-0.06240,0.00390,-0.79170,0.79416,1009.40,1000,-9.40,50.50,203,2.2832,0.4425,LOCK,2,misalignment
206,6997858,2058,2071,0.01950,-0.00390,-0.79950,0.79975,1009.40,1000,-9.40,50.50,203,2.2919,0.5750,LOCK,2,misalignment
207,6997868,2068,2081,0.15210,-0.05070,-0.88530,0.89970,1009.40,1000,-9.40,50.50,203,2.2835,0.4465,LOCK,2,misalignment
208,6997881,2081,2094,-0.01170,-0.01170,-0.71760,0.71779,1009.41,1000,-9.41,50.50,203,2.2858,0.4816,LOCK,2,misalignment
209,6997890,2090,2103,0.04290,-0.01170,-0.85410,0.85526,1009.41,1000,-9.41,50.50,203,2.2878,0.5115,LOCK,2,misalignment
210,6997898,2098,2111,-0.01560,0.10530,-0.72540,0.73317,1009.42,1000,-9.42,50.50,203,2.2911,0.5628,LOCK,2,misalignment
211,6997908,2108,2121,-0.03510,0.08190,-0.84240,0.84710,1009.44,1000,-9.44,50.50,203,2.2603,0.0957,LOCK,2,misalignment
212,6997918,2118,2131,0.13260,-0.03120,-0.77610,0.78796,1009.45,1000,-9.45,50.50,203,2.2624,0.1269,LOCK,2,misalignment
213,6997928,2128,2141,0.05070,0.12480,-0.82290,0.83385,1009.46,1000,-9.46,50.50,203,2.2831,0.4407,LOCK,2,misalignment
214,6997938,2138,2151,-0.02340,-0.03900,-0.75660,0.75797,1009.45,1000,-9.45,50.50,203,2.2963,0.6412,LOCK,2,misalignment
215,6997948,2148,2161,-0.08580,0.02730,-0.85020,0.85495,1009.45,1000,-9.45,50.50,203,2.2862,0.4874,LOCK,2,misalignment
216,6997958,2158,2171,-0.08580,0.02730,-0.85020,0.85495,1009.45,1000,-9.45,50.50,203,2.2952,0.6244,LOCK,2,misalignment
217,6997968,2168,2181,-0.05850,-0.08190,-0.91650,0.92201,1009.45,1000,-9.45,50.50,203,2.2822,0.4266,LOCK,2,misalignment
218,6997978,2178,2191,-0.08190,0.05460,-0.83850,0.84426,1009.45,1000,-9.45,50.50,203,2.2827,0.4343,LOCK,2,misalignment
219,6997988,2188,2201,0.10140,-0.06630,-0.78390,0.79321,1009.45,1000,-9.45,50.50,203,2.2931,0.5921,LOCK,2,misalignment
220,6997998,2198,2211,-0.01170,0.31980,-0.68640,0.75733,1009.43,1000,-9.43,50.50,203,2.2892,0.5338,LOCK,2,misalignment
221,6998008,2208,2221,0.05460,0.12870,-0.79950,0.81163,1009.42,1000,-9.42,50.50,203,2.2731,0.2887,LOCK,2,misalignment
222,6998018,2218,2231,-0.00780,0.01560,-0.76440,0.76460,1009.42,1000,-9.42,50.50,203,2.2722,0.2752,LOCK,2,misalignment
223,6998028,2228,2241,-0.03900,-0.05460,-0.81510,0.81786,1009.41,1000,-9.41,50.50,203,2.2799,0.3924,LOCK,2,misalignment
224,6998038,2238,2251,-0.03120,0.11310,-0.74880,0.75794,1009.41,1000,-9.41,50.50,203,2.2913,0.5658,LOCK,2,misalignment
225,6998048,2248,2261,0.05850,0.15210,-0.80340,0.81976,1009.41,1000,-9.41,50.50,203,2.2940,0.6064,LOCK,2,misalignment
226,6998058,2258,2271,0.00390,0.18720,-0.73320,0.75673,1009.35,1000,-9.35,50.50,203,2.2865,0.4920,LOCK,2,misalignment
227,6998068,2268,2281,0.05460,0.05460,-0.83850,0.84205,1009.33,1000,-9.33,50.50,203,2.2899,0.5435,LOCK,2,misalignment
228,6998081,2281,2294,-0.04680,0.05070,-0.83460,0.83745,1009.33,1000,-9.33,50.50,203,2.2837,0.4504,LOCK,2,misalignment
229,6998090,2290,2303,-0.04680,0.05070,-0.83460,0.83745,1009.33,1000,-9.33,50.50,203,2.2879,0.5136,LOCK,2,misalignment
230,6998098,2298,2311,0.07410,0.08190,-0.77610,0.78392,1009.33,1000,-9.33,50.50,203,2.2859,0.4828,LOCK,2,misalignment
231,6998108,2308,2321,-0.01170,-0.01170,-0.74100,0.74118,1009.33,1000,-9.33,50.50,203,2.2649,0.1653,LOCK,2,misalignment
232,6998118,2318,2331,0.03120,-0.01170,-0.72540,0.72616,1009.32,1000,-9.32,50.50,203,2.2700,0.2426,LOCK,2,misalignment
233,6998128,2328,2341,-0.04680,0.04290,-0.81510,0.81757,1009.31,1000,-9.31,50.50,203,2.2688,0.2239,LOCK,2,misalignment
234,6998138,2338,2351,0.06630,0.07800,-0.77610,0.78282,1009.31,1000,-9.31,50.50,203,2.2848,0.4666,LOCK,2,misalignment
235,6998148,2348,2361,-0.02730,-0.03120,-0.83850,0.83952,1009.31,1000,-9.31,50.50,203,2.2923,0.5796,LOCK,2,misalignment
236,6998158,2358,2371,-0.01560,-0.02730,-0.85800,0.85858,1009.31,1000,-9.31,50.50,203,2.2893,0.5350,LOCK,2,misalignment
237,6998168,2368,2381,0.24570,-0.01950,-0.80730,0.84409,1009.31,1000,-9.31,50.50,203,2.2830,0.4401,LOCK,2,misalignment
238,6998178,2378,2391,-0.01950,0.03900,-0.76050,0.76175,1009.32,1000,-9.32,50.50,203,2.2806,0.4028,LOCK,2,misalignment
239,6998188,2388,2401,0.06240,0.02340,-0.80340,0.80616,1009.32,1000,-9.32,50.50,203,2.2916,0.5692,LOCK,2,misalignment
240,6998198,2398,2411,-0.10920,-0.10140,-0.84240,0.85548,1009.32,1000,-9.32,50.50,203,2.2842,0.4578,LOCK,2,misalignment
241,6998208,2408,2421,0.01950,0.05070,-0.81120,0.81302,1009.32,1000,-9.32,50.50,203,2.2693,0.2319,LOCK,2,misalignment
242,6998218,2418,2431,0.08580,-0.05070,-0.75270,0.75927,1009.32,1000,-9.32,50.50,203,2.2726,0.2822,LOCK,2,misalignment
243,6998228,2428,2441,-0.06240,0.30030,-0.79950,0.85631,1009.32,1000,-9.32,50.50,203,2.2724,0.2795,LOCK,2,misalignment
244,6998238,2438,2451,0.01170,0.10530,-0.74880,0.75626,1009.42,1000,-9.42,50.50,203,2.2785,0.3714,LOCK,2,misalignment
245,6998248,2448,2461,-0.08970,-0.04680,-0.80340,0.80975,1009.45,1000,-9.45,50.50,203,2.2924,0.5820,LOCK,2,misalignment
246,6998258,2458,2471,-0.06240,-0.02340,-0.81120,0.81393,1009.46,1000,-9.46,50.50,203,2.2907,0.5558,LOCK,2,misalignment
247,6998268,2468,2481,-0.07020,0.08580,-0.84240,0.84966,1009.46,1000,-9.46,50.50,203,2.2940,0.6061,LOCK,2,misalignment
248,6998281,2481,2494,0.10920,0.03900,-0.76440,0.77314,1009.46,1000,-9.46,50.50,203,2.2893,0.5350,LOCK,2,misalignment
249,6998290,2490,2503,0.02730,0.03900,-0.73320,0.73474,1009.46,1000,-9.46,50.50,203,2.2851,0.4715,LOCK,2,misalignment
250,6998298,2498,2511,0.09750,0.01950,-0.74880,0.75537,1009.46,1000,-9.46,50.50,203,2.2838,0.4517,LOCK,2,misalignment
251,6998308,2508,2521,0.02340,0.08970,-0.82680,0.83198,1009.47,1000,-9.47,50.50,203,2.2903,0.5503,LOCK,2,misalignment
252,6998318,2518,2531,-0.04290,0.04290,-0.76830,0.77069,1009.47,1000,-9.47,50.50,203,2.2716,0.2661,LOCK,2,misalignment
253,6998328,2528,2541,0.02340,0.19500,-0.77610,0.80056,1009.47,1000,-9.47,50.50,203,2.2710,0.2581,LOCK,2,misalignment
254,6998338,2538,2551,0.01950,0.08580,-0.76050,0.76557,1009.47,1000,-9.47,50.50,203,2.2668,0.1934,LOCK,2,misalignment
255,6998348,2548,2561,-0.16380,-0.03120,-0.73710,0.75573,1009.47,1000,-9.47,50.50,203,2.2895,0.5380,LOCK,2,misalignment
256,6998358,2558,2571,-0.01950,0.00000,-0.85800,0.85822,1009.45,1000,-9.45,50.50,203,2.2902,0.5487,LOCK,2,misalignment
257,6998368,2568,2581,-0.01950,0.00000,-0.85800,0.85822,1009.44,1000,-9.44,50.50,203,2.2887,0.5261,LOCK,2,misalignment
258,6998378,2578,2591,-0.01950,0.03120,-0.77220,0.77308,1009.44,1000,-9.44,50.50,203,2.2948,0.6189,LOCK,2,misalignment
259,6998388,2588,2601,-0.08580,-0.01950,-0.91650,0.92071,1009.44,1000,-9.44,50.50,203,2.2960,0.6363,LOCK,2,misalignment
260,6998398,2598,2611,0.06630,0.08190,-0.74100,0.74845,1009.44,1000,-9.44,50.50,203,2.2808,0.4056,LOCK,2,misalignment
261,6998408,2608,2621,-0.07800,-0.02340,-0.81120,0.81528,1009.44,1000,-9.44,50.50,203,2.2872,0.5036,LOCK,2,misalignment
262,6998418,2618,2631,-0.01950,0.20670,-0.72930,0.75828,1009.45,1000,-9.45,50.50,203,2.2727,0.2832,LOCK,2,misalignment
263,6998428,2628,2641,0.01560,0.11700,-0.80730,0.81588,1009.46,1000,-9.46,50.50,203,2.2717,0.2679,LOCK,2,misalignment
264,6998438,2638,2651,0.05850,-0.11700,-0.82290,0.83323,1009.46,1000,-9.46,50.50,203,2.2603,0.0960,LOCK,2,misalignment
265,6998448,2648,2661,0.00390,-0.12870,-0.84240,0.85218,1009.46,1000,-9.46,50.50,203,2.2939,0.6040,LOCK,2,misalignment
266,6998458,2658,2671,-0.02340,-0.11310,-0.82290,0.83097,1009.46,1000,-9.46,50.50,203,2.2916,0.5704,LOCK,2,misalignment
267,6998468,2668,2681,0.12480,0.07410,-0.83070,0.84328,1009.46,1000,-9.46,50.50,203,2.2951,0.6229,LOCK,2,misalignment
268,6998481,2681,2694,0.04290,0.00390,-0.85410,0.85519,1009.45,1000,-9.45,50.50,203,2.2894,0.5368,LOCK,2,misalignment
269,6998490,2690,2703,0.04290,0.00390,-0.85410,0.85519,1009.45,1000,-9.45,50.50,203,2.2860,0.4849,LOCK,2,misalignment
270,6998498,2698,2711,-0.06240,0.01170,-0.79950,0.80202,1009.44,1000,-9.44,50.50,203,2.2804,0.4004,LOCK,2,misalignment
271,6998508,2708,2721,-0.09360,-0.03120,-0.84240,0.84816,1009.42,1000,-9.42,50.50,203,2.2851,0.4718,LOCK,2,misalignment
272,6998518,2718,2731,0.19110,-0.04680,-0.75660,0.78176,1009.41,1000,-9.41,50.50,203,2.2725,0.2798,LOCK,2,misalignment
273,6998528,2728,2741,-0.08190,0.25350,-0.82290,0.86495,1009.41,1000,-9.41,50.50,203,2.2668,0.1943,LOCK,2,misalignment
274,6998538,2738,2751,-0.07020,0.03510,-0.79170,0.79558,1009.45,1000,-9.45,50.50,203,2.2514,-0.0392,LOCK,2,misalignment
275,6998548,2748,2761,-0.12090,0.10140,-0.83460,0.84939,1009.47,1000,-9.47,50.50,203,2.2907,0.5558,LOCK,2,misalignment
276,6998558,2758,2771,-0.01950,0.11700,-0.81510,0.82369,1009.47,1000,-9.47,50.50,203,2.2917,0.5710,LOCK,2,misalignment
277,6998568,2768,2781,-0.02730,0.17940,-0.81900,0.83886,1009.47,1000,-9.47,50.50,203,2.2873,0.5039,LOCK,2,misalignment
278,6998578,2778,2791,-0.02730,-0.04680,-0.76830,0.77021,1009.47,1000,-9.47,50.50,203,2.2889,0.5295,LOCK,2,misalignment
279,6998588,2788,2801,0.05850,-0.03120,-0.64740,0.65079,1009.47,1000,-9.47,50.50,203,2.2868,0.4962,LOCK,2,misalignment
280,6998598,2798,2811,0.01170,0.07410,-0.87360,0.87682,1009.47,1000,-9.47,50.50,203,2.2886,0.5243,LOCK,2,misalignment
281,6998608,2808,2821,0.10530,0.00390,-0.76050,0.76777,1009.47,1000,-9.47,50.50,203,2.2871,0.5020,LOCK,2,misalignment
282,6998618,2818,2831,-0.04680,-0.05070,-0.91260,0.91520,1009.47,1000,-9.47,50.50,203,2.2667,0.1919,LOCK,2,misalignment
283,6998628,2828,2841,0.02730,0.14040,-0.71370,0.72789,1009.47,1000,-9.47,50.50,203,2.2678,0.2093,LOCK,2,misalignment
284,6998638,2838,2851,0.12480,0.10920,-0.81120,0.82798,1009.47,1000,-9.47,50.50,203,2.2710,0.2575,LOCK,2,misalignment
285,6998648,2848,2861,-0.07800,0.29250,-0.79950,0.85489,1009.54,1000,-9.54,50.50,203,2.2793,0.3830,LOCK,2,misalignment
286,6998658,2858,2871,0.00390,0.00000,-0.80340,0.80341,1009.56,1000,-9.56,50.50,203,2.2853,0.4736,LOCK,2,misalignment
287,6998668,2868,2881,-0.08970,-0.06630,-0.83850,0.84589,1009.57,1000,-9.57,50.50,203,2.2864,0.4904,LOCK,2,misalignment
288,6998681,2881,2894,-0.03900,-0.07410,-0.82680,0.83103,1009.57,1000,-9.57,50.50,203,2.2885,0.5225,LOCK,2,misalignment
289,6998690,2890,2903,0.01170,-0.03900,-0.73320,0.73433,1009.57,1000,-9.57,50.50,203,2.2859,0.4834,LOCK,2,misalignment
290,6998698,2898,2911,0.06240,0.12870,-0.79170,0.80452,1009.57,1000,-9.57,50.50,203,2.2868,0.4974,LOCK,2,misalignment
291,6998708,2908,2921,-0.06630,-0.01170,-0.67470,0.67805,1009.60,1000,-9.60,50.50,203,2.2844,0.4602,LOCK,2,misalignment
292,6998718,2918,2931,-0.02340,0.06630,-0.81120,0.81424,1009.61,1000,-9.61,50.50,203,2.2834,0.4449,LOCK,2,misalignment
293,6998728,2928,2941,0.06240,0.02340,-0.79950,0.80227,1009.62,1000,-9.62,50.50,203,2.2698,0.2398,LOCK,2,misalignment
294,6998738,2938,2951,-0.03510,-0.18330,-0.81120,0.83239,1009.62,1000,-9.62,50.50,203,2.2722,0.2758,LOCK,2,misalignment
295,6998748,2948,2961,0.01950,-0.03510,-0.90090,0.90179,1009.62,1000,-9.62,50.50,203,2.2731,0.2890,LOCK,2,misalignment
296,6998758,2958,2971,0.10530,-0.03120,-0.79950,0.80701,1009.62,1000,-9.62,50.50,203,2.2917,0.5710,LOCK,2,misalignment
297,6998768,2968,2981,0.10530,-0.03120,-0.79950,0.80701,1009.72,1000,-9.72,50.50,203,2.2947,0.6174,LOCK,2,misalignment
298,6998778,2978,2991,0.16380,-0.00390,-0.86580,0.88117,1009.75,1000,-9.75,50.50,203,2.2790,0.3781,LOCK,2,misalignment
299,6998788,2988,3001,0.05850,0.00000,-0.82680,0.82887,1009.76,1000,-9.76,50.50,203,2.2854,0.4752,LOCK,2,misalignment
300,6998798,2998,3011,-0.07800,0.06630,-0.83460,0.84085,1009.76,1000,-9.76,50.50,203,2.2912,0.5634,LOCK,2,misalignment
301,6998808,3008,3021,-0.07410,0.13260,-0.79170,0.80614,1009.76,1000,-9.76,50.50,203,2.2832,0.4428,LOCK,2,misalignment
302,6998818,3018,3031,0.08970,0.00390,-0.81900,0.82391,1009.76,1000,-9.76,50.50,203,2.2874,0.5066,LOCK,2,misalignment
303,6998828,3028,3041,0.00780,0.16770,-0.68640,0.70663,1009.77,1000,-9.77,50.50,203,2.2805,0.4019,LOCK,2,misalignment
304,6998838,3038,3051,-0.06630,0.12870,-0.85800,0.87013,1009.77,1000,-9.77,50.50,203,2.2917,0.5707,LOCK,2,misalignment
305,6998848,3048,3061,-0.11310,-0.04680,-0.69030,0.70107,1009.77,1000,-9.77,50.50,203,2.2838,0.4511,LOCK,2,misalignment
306,6998858,3058,3071,-0.05070,0.04680,-0.86970,0.87243,1009.77,1000,-9.77,50.50,203,2.2496,-0.0667,LOCK,2,misalignment
307,6998868,3068,3081,-0.02340,0.21450,-0.72930,0.76055,1009.77,1000,-9.77,50.50,203,2.2636,0.1455,LOCK,2,misalignment
308,6998881,3081,3094,-0.00390,0.03510,-0.73710,0.73795,1009.77,1000,-9.77,50.50,203,2.2608,0.1028,LOCK,2,misalignment
309,6998890,3090,3103,-0.00390,0.03510,-0.73710,0.73795,1009.75,1000,-9.75,50.50,203,2.2734,0.2932,LOCK,2,misalignment
310,6998909,3109,3122,-0.01170,-0.03900,-0.87750,0.87844,1009.74,1000,-9.74,50.50,203,2.2817,0.4196,LOCK,2,misalignment
311,6998917,3117,3130,0.01170,-0.08580,-0.78000,0.78479,1009.73,1000,-9.73,50.50,203,2.2908,0.5582,LOCK,2,misalignment
312,6998926,3126,3139,-0.00780,0.03510,-0.84240,0.84317,1009.72,1000,-9.72,50.50,203,2.2888,0.5274,LOCK,2,misalignment
313,6998934,3134,3147,0.07020,0.03120,-0.78390,0.78766,1009.71,1000,-9.71,50.50,203,2.2940,0.6061,LOCK,2,misalignment
314,6998943,3143,3156,-0.05460,0.24570,-0.81900,0.85680,1009.70,1000,-9.70,50.50,203,2.2830,0.4401,LOCK,2,misalignment
315,6998951,3151,3164,-0.05460,0.24570,-0.81900,0.85680,1009.69,1000,-9.69,50.50,203,2.2848,0.4666,LOCK,2,misalignment
316,6998960,3160,3173,0.02730,0.07410,-0.80730,0.81115,1009.69,1000,-9.69,50.50,203,2.2906,0.5548,LOCK,2,misalignment
317,6998968,3168,3181,0.01170,-0.01170,-0.86190,0.86206,1009.69,1000,-9.69,50.50,203,2.2870,0.5005,LOCK,2,misalignment
318,6998978,3178,3191,-0.06630,-0.12090,-0.83460,0.84591,1009.68,1000,-9.68,50.50,203,2.2525,-0.0230,LOCK,2,misalignment
319,6998988,3188,3201,0.07800,0.05460,-0.84240,0.84776,1009.67,1000,-9.67,50.50,203,2.2785,0.3717,LOCK,2,misalignment
320,6998998,3198,3211,0.01560,0.02730,-0.74490,0.74556,1009.67,1000,-9.67,50.50,203,2.2595,0.0829,LOCK,2,misalignment
321,6999008,3208,3221,-0.09750,0.02340,-0.70200,0.70912,1009.64,1000,-9.64,50.50,203,2.2871,0.5008,LOCK,2,misalignment
322,6999018,3218,3231,0.00000,0.03510,-0.80340,0.80417,1009.63,1000,-9.63,50.50,203,2.2906,0.5545,LOCK,2,misalignment
323,6999028,3228,3241,-0.02340,0.02340,-0.85020,0.85084,1009.62,1000,-9.62,50.50,203,2.2731,0.2893,LOCK,2,misalignment
324,6999038,3238,3251,-0.03900,0.01950,-0.79950,0.80069,1009.62,1000,-9.62,50.50,203,2.2676,0.2065,LOCK,2,misalignment
325,6999048,3248,3261,0.00390,-0.03120,-0.86580,0.86637,1009.62,1000,-9.62,50.50,203,2.2766,0.3427,LOCK,2,misalignment
326,6999058,3258,3271,0.01560,0.06630,-0.74490,0.74801,1009.62,1000,-9.62,50.50,203,2.2900,0.5457,LOCK,2,misalignment
327,6999068,3268,3281,0.02340,0.02340,-0.89700,0.89761,1009.74,1000,-9.74,50.50,203,2.2871,0.5008,LOCK,2,misalignment
328,6999081,3281,3294,0.00780,0.01950,-0.70980,0.71011,1009.75,1000,-9.75,50.50,203,2.2815,0.4162,LOCK,2,misalignment
329,6999090,3290,3303,-0.10920,0.01560,-0.84240,0.84959,1009.75,1000,-9.75,50.50,203,2.2925,0.5835,LOCK,2,misalignment
330,6999098,3298,3311,-0.03510,0.05850,-0.71370,0.71695,1009.76,1000,-9.76,50.50,203,2.2814,0.4156,LOCK,2,misalignment
331,6999108,3308,3321,0.08190,0.00780,-0.78000,0.78433,1009.78,1000,-9.78,50.50,203,2.2895,0.5374,LOCK,2,misalignment
332,6999118,3318,3331,-0.00390,0.24570,-0.78780,0.82523,1009.79,1000,-9.79,50.50,203,2.2592,0.0789,LOCK,2,misalignment
333,6999128,3328,3341,-0.02730,0.05460,-0.77220,0.77461,1009.78,1000,-9.78,50.50,203,2.2670,0.1977,LOCK,2,misalignment
334,6999138,3338,3351,-0.03120,-0.02730,-0.81510,0.81615,1009.78,1000,-9.78,50.50,203,2.2775,0.3558,LOCK,2,misalignment
335,6999148,3348,3361,0.05070,0.01560,-0.79560,0.79737,1009.78,1000,-9.78,50.50,203,2.2686,0.2206,LOCK,2,misalignment
336,6999163,3363,3376,-0.05070,0.03510,-0.76440,0.76688,1009.78,1000,-9.78,50.50,203,2.2961,0.6382,LOCK,2,misalignment
337,6999172,3372,3385,-0.05070,0.12480,-0.83460,0.84540,1009.78,1000,-9.78,50.50,203,2.2808,0.4056,LOCK,2,misalignment
338,6999180,3380,3393,-0.01560,0.10140,-0.70980,0.71718,1009.78,1000,-9.78,50.50,203,2.2598,0.0878,LOCK,2,misalignment
339,6999189,3389,3402,-0.03120,0.10140,-0.81900,0.82584,1009.79,1000,-9.79,50.50,203,2.2699,0.2407,LOCK,2,misalignment
340,6999198,3398,3411,-0.03120,0.10140,-0.81900,0.82584,1009.83,1000,-9.83,50.50,203,2.2610,0.1061,LOCK,2,misalignment
341,6999208,3408,3421,-0.03510,0.03510,-0.74490,0.74655,1009.88,1000,-9.88,50.50,203,2.2780,0.3638,LOCK,2,misalignment
342,6999218,3418,3431,-0.03900,-0.04290,-0.84240,0.84439,1009.89,1000,-9.89,50.50,203,2.2910,0.5609,LOCK,2,misalignment
343,6999228,3428,3441,0.06240,0.06630,-0.74880,0.75431,1009.89,1000,-9.89,50.50,203,2.2940,0.6055,LOCK,2,misalignment
344,6999238,3438,3451,0.10920,0.01950,-0.74880,0.75697,1009.90,1000,-9.90,50.50,203,2.2961,0.6376,LOCK,2,misalignment
345,6999248,3448,3461,-0.05460,0.06240,-0.64350,0.64882,1009.92,1000,-9.92,50.50,203,2.2796,0.3885,LOCK,2,misalignment
346,6999258,3458,3471,0.04290,0.10530,-0.91260,0.91966,1009.93,1000,-9.93,50.50,203,2.2766,0.3430,LOCK,2,misalignment
347,6999268,3468,3481,0.01560,0.02730,-0.76830,0.76894,1009.93,1000,-9.93,50.50,203,2.2517,-0.0352,LOCK,2,misalignment
348,6999281,3481,3494,0.04290,0.01170,-0.78390,0.78516,1009.93,1000,-9.93,50.50,203,2.2694,0.2328,LOCK,2,misalignment
349,6999289,3489,3502,0.04290,0.01170,-0.78390,0.78516,1009.93,1000,-9.93,50.50,203,2.2726,0.2825,LOCK,2,misalignment
350,6999317,3517,3530,0.06240,0.05850,-0.80340,0.80794,1009.93,1000,-9.93,50.50,203,2.2821,0.4254,LOCK,2,misalignment
351,6999326,3526,3539,-0.03120,-0.01170,-0.83460,0.83526,1009.92,1000,-9.92,50.50,203,2.2989,0.6800,LOCK,2,misalignment
352,6999334,3534,3547,-0.00780,0.04680,-0.76830,0.76976,1009.92,1000,-9.92,50.50,203,2.2612,0.1098,LOCK,2,misalignment
353,6999343,3543,3556,0.10530,-0.04680,-0.83850,0.84638,1009.91,1000,-9.91,50.50,203,2.2626,0.1305,LOCK,2,misalignment
354,6999351,3551,3564,0.10530,-0.04680,-0.83850,0.84638,1009.91,1000,-9.91,50.50,203,2.2756,0.3274,LOCK,2,misalignment
355,6999359,3559,3572,-0.01950,0.16770,-0.89700,0.91275,1009.88,1000,-9.88,50.50,203,2.2594,0.0820,LOCK,2,misalignment
356,6999370,3570,3583,0.08580,-0.01170,-0.74100,0.74604,1009.86,1000,-9.86,50.50,203,2.2882,0.5182,LOCK,2,misalignment
357,6999379,3579,3592,-0.05850,-0.02340,-0.86580,0.86809,1009.84,1000,-9.84,50.50,203,2.2806,0.4025,LOCK,2,misalignment
358,6999387,3587,3600,-0.03510,-0.00780,-0.81120,0.81200,1009.82,1000,-9.82,50.50,203,2.2867,0.4956,LOCK,2,misalignment
359,6999396,3596,3609,-0.06240,0.05070,-0.79950,0.80353,1009.80,1000,-9.80,50.50,203,2.2791,0.3808,LOCK,2,misalignment
360,6999404,3604,3617,0.06240,-0.04290,-0.77220,0.77590,1009.78,1000,-9.78,50.50,203,2.2917,0.5710,LOCK,2,misalignment
361,6999413,3613,3626,0.06240,-0.04290,-0.77220,0.77590,1009.77,1000,-9.77,50.50,203,2.2789,0.3766,LOCK,2,misalignment
362,6999421,3621,3634,0.02730,0.23400,-0.67470,0.71465,1009.77,1000,-9.77,50.50,203,2.2835,0.4477,LOCK,2,misalignment
363,6999430,3630,3643,-0.05070,0.05850,-0.75270,0.75667,1009.77,1000,-9.77,50.50,203,2.2910,0.5603,LOCK,2,misalignment
364,6999438,3638,3651,0.00390,0.05850,-0.74880,0.75109,1009.77,1000,-9.77,50.50,203,2.3014,0.7175,LOCK,2,misalignment
365,6999448,3648,3661,-0.01560,0.03120,-0.83850,0.83923,1009.79,1000,-9.79,50.50,203,2.2901,0.5472,LOCK,2,misalignment
366,6999458,3658,3671,0.04290,0.09360,-0.77610,0.78290,1009.79,1000,-9.79,50.50,203,2.2911,0.5628,LOCK,2,misalignment
367,6999468,3668,3681,-0.08970,0.20280,-0.84240,0.87110,1009.79,1000,-9.79,50.50,203,2.2899,0.5435,LOCK,2,misalignment
368,6999481,3681,3694,0.07410,0.05850,-0.63180,0.63881,1009.79,1000,-9.79,50.50,203,2.2924,0.5820,LOCK,2,misalignment
369,6999489,3689,3702,0.03510,0.08970,-0.86190,0.86727,1009.79,1000,-9.79,50.50,203,2.2553,0.0197,LOCK,2,misalignment
370,6999498,3698,3711,-0.05460,0.01560,-0.77220,0.77429,1009.78,1000,-9.78,50.50,203,2.2672,0.2007,LOCK,2,misalignment
371,6999508,3708,3721,-0.06630,-0.01170,-0.88920,0.89175,1009.75,1000,-9.75,50.50,203,2.2694,0.2334,LOCK,2,misalignment
372,6999518,3718,3731,0.08190,0.06630,-0.78000,0.78709,1009.74,1000,-9.74,50.50,203,2.2836,0.4480,LOCK,2,misalignment
373,6999528,3728,3741,0.10920,0.03510,-0.76830,0.77681,1009.73,1000,-9.73,50.50,203,2.2896,0.5393,LOCK,2,misalignment
374,6999538,3738,3751,0.01170,0.21450,-0.80340,0.83162,1009.73,1000,-9.73,50.50,203,2.2907,0.5558,LOCK,2,misalignment
375,6999548,3748,3761,0.07020,0.05070,-0.81120,0.81581,1009.72,1000,-9.72,50.50,203,2.2845,0.4623,LOCK,2,misalignment
376,6999558,3758,3771,0.03510,-0.03120,-0.82290,0.82424,1009.72,1000,-9.72,50.50,203,2.2877,0.5100,LOCK,2,misalignment
377,6999568,3768,3781,-0.07020,0.00780,-0.78390,0.78708,1009.72,1000,-9.72,50.50,203,2.2812,0.4123,LOCK,2,misalignment
378,6999578,3778,3791,-0.07020,0.00780,-0.78390,0.78708,1009.72,1000,-9.72,50.50,203,2.2862,0.4877,LOCK,2,misalignment
379,6999588,3788,3801,0.04290,0.05850,-0.82290,0.82609,1009.72,1000,-9.72,50.50,203,2.2883,0.5191,LOCK,2,misalignment
380,6999598,3798,3811,0.06630,-0.00390,-0.88140,0.88390,1009.81,1000,-9.81,50.50,203,2.2634,0.1431,LOCK,2,misalignment
381,6999608,3808,3821,-0.03120,-0.01950,-0.68250,0.68349,1009.90,1000,-9.90,50.50,203,2.2690,0.2276,LOCK,2,misalignment
382,6999618,3818,3831,-0.02730,0.03120,-0.80730,0.80836,1009.93,1000,-9.93,50.50,203,2.2863,0.4889,LOCK,2,misalignment
383,6999628,3828,3841,-0.01170,0.09750,-0.76830,0.77455,1009.93,1000,-9.93,50.50,203,2.2862,0.4883,LOCK,2,misalignment
384,6999638,3838,3851,-0.06630,-0.02730,-0.74490,0.74834,1009.94,1000,-9.94,50.50,203,2.2904,0.5518,LOCK,2,misalignment
385,6999648,3848,3861,0.10530,0.00390,-0.82680,0.83349,1009.94,1000,-9.94,50.50,203,2.2706,0.2508,LOCK,2,misalignment
386,6999658,3858,3871,0.02340,0.08190,-0.72930,0.73426,1009.83,1000,-9.83,50.50,203,2.2751,0.3192,LOCK,2,misalignment
387,6999668,3868,3881,0.01950,0.04680,-0.83070,0.83225,1009.78,1000,-9.78,50.50,203,2.2677,0.2072,LOCK,2,misalignment
388,6999682,3882,3895,-0.12870,-0.01560,-0.92430,0.93335,1009.78,1000,-9.78,50.50,203,2.2850,0.4703,LOCK,2,misalignment
389,6999690,3890,3903,-0.12870,-0.01560,-0.92430,0.93335,1009.78,1000,-9.78,50.50,203,2.2905,0.5533,LOCK,2,misalignment
390,6999699,3899,3912,-0.02730,0.05070,-0.80340,0.80546,1009.78,1000,-9.78,50.50,203,2.2863,0.4892,LOCK,2,misalignment
391,6999708,3908,3921,0.03510,-0.06630,-0.79950,0.80301,1009.78,1000,-9.78,50.50,203,2.2898,0.5423,LOCK,2,misalignment
392,6999718,3918,3931,0.03120,0.30810,-0.69420,0.76014,1009.82,1000,-9.82,50.50,203,2.2810,0.4098,LOCK,2,misalignment
393,6999728,3928,3941,0.01170,0.04290,-0.83460,0.83578,1009.84,1000,-9.84,50.50,203,2.2884,0.5216,LOCK,2,misalignment
394,6999738,3938,3951,-0.01950,-0.03900,-0.81120,0.81237,1009.84,1000,-9.84,50.50,203,2.2848,0.4672,LOCK,2,misalignment
395,6999748,3948,3961,-0.04680,-0.02340,-0.78780,0.78954,1009.85,1000,-9.85,50.50,203,2.2901,0.5469,LOCK,2,misalignment
396,6999758,3958,3971,0.01560,0.16770,-0.78780,0.80560,1009.85,1000,-9.85,50.50,203,2.2566,0.0390,LOCK,2,misalignment
397,6999768,3968,3981,-0.04290,0.15990,-0.77220,0.78975,1009.85,1000,-9.85,50.50,203,2.2721,0.2743,LOCK,2,misalignment
398,6999778,3978,3991,-0.05850,0.06630,-0.76050,0.76562,1009.69,1000,-9.69,50.50,203,2.2764,0.3393,LOCK,2,misalignment
399,6999788,3988,4001,0.00780,-0.00780,-0.70200,0.70209,1009.64,1000,-9.64,50.50,203,2.2704,0.2484,LOCK,2,misalignment
400,6999830,4030,4043,0.09750,0.05850,-0.77220,0.78053,1009.64,1000,-9.64,50.50,203,2.2945,0.6144,LOCK,2,misalignment
401,6999838,4038,4051,-0.05070,0.21060,-0.79950,0.82833,1009.64,1000,-9.64,50.50,203,2.2845,0.4623,LOCK,2,misalignment
402,6999847,4047,4060,0.05070,0.07800,-0.82290,0.82814,1009.65,1000,-9.65,50.50,203,2.2895,0.5371,LOCK,2,misalignment
403,6999855,4055,4068,0.08970,0.02730,-0.81510,0.82048,1009.65,1000,-9.65,50.50,203,2.2879,0.5130,LOCK,2,misalignment
404,6999864,4064,4077,0.08970,0.02730,-0.81510,0.82048,1009.65,1000,-9.65,50.50,203,2.2937,0.6009,LOCK,2,misalignment
405,6999872,4072,4085,-0.02340,-0.11310,-0.83070,0.83869,1009.65,1000,-9.65,50.50,203,2.2884,0.5216,LOCK,2,misalignment
406,6999886,4086,4099,-0.01170,0.03510,-0.78780,0.78867,1009.66,1000,-9.66,50.50,203,2.2815,0.4166,LOCK,2,misalignment
407,6999894,4094,4107,0.08580,-0.11700,-0.82290,0.83559,1009.66,1000,-9.66,50.50,203,2.2914,0.5673,LOCK,2,misalignment
408,6999903,4103,4116,-0.11700,0.01560,-0.65130,0.66191,1009.64,1000,-9.64,50.50,203,2.2655,0.1742,LOCK,2,misalignment
409,6999911,4111,4124,0.03120,0.08580,-0.83850,0.84346,1009.63,1000,-9.63,50.50,203,2.2639,0.1504,LOCK,2,misalignment
410,6999919,4119,4132,-0.05850,-0.01170,-0.81900,0.82117,1009.62,1000,-9.62,50.50,203,2.2824,0.4297,LOCK,2,misalignment
411,6999928,4128,4141,0.00000,0.05850,-0.81510,0.81720,1009.61,1000,-9.61,50.50,203,2.2939,0.6052,LOCK,2,misalignment
412,6999936,4136,4149,0.00000,0.05850,-0.81510,0.81720,1009.60,1000,-9.60,50.50,203,2.2859,0.4828,LOCK,2,misalignment
413,6999945,4145,4158,0.10530,-0.07410,-0.79170,0.80210,1009.59,1000,-9.59,50.50,203,2.2841,0.4565,LOCK,2,misalignment
414,6999953,4153,4166,0.03900,0.22230,-0.81510,0.84577,1009.58,1000,-9.58,50.50,203,2.2615,0.1131,LOCK,2,misalignment
415,6999962,4162,4175,0.07020,0.03120,-0.81120,0.81483,1009.57,1000,-9.57,50.50,203,2.2787,0.3738,LOCK,2,misalignment
416,6999970,4170,4183,-0.09750,-0.00390,-0.80340,0.80930,1009.57,1000,-9.57,50.50,203,2.2568,0.0429,LOCK,2,misalignment
417,6999980,4180,4193,-0.06240,-0.04290,-0.80730,0.81084,1009.56,1000,-9.56,50.50,203,2.2852,0.4721,LOCK,2,misalignment
418,6999989,4189,4202,-0.03900,0.13260,-0.83850,0.84982,1009.56,1000,-9.56,50.50,203,2.2896,0.5396,LOCK,2,misalignment
419,6999997,4197,4210,-0.03900,0.13260,-0.83850,0.84982,1009.55,1000,-9.55,50.50,203,2.2886,0.5246,LOCK,2,misalignment
420,7000006,4206,4219,0.13260,-0.02730,-0.76050,0.77246,1009.55,1000,-9.55,50.50,203,2.2887,0.5261,LOCK,2,misalignment
421,7000014,4214,4227,0.00000,0.16770,-0.73710,0.75594,1009.54,1000,-9.54,50.50,203,2.2893,0.5350,LOCK,2,misalignment
422,7000023,4223,4236,0.05070,0.00390,-0.75270,0.75442,1009.53,1000,-9.53,50.50,203,2.2906,0.5548,LOCK,2,misalignment
423,7000032,4232,4245,-0.01950,0.07020,-0.82680,0.83000,1009.52,1000,-9.52,50.50,203,2.2845,0.4626,LOCK,2,misalignment
424,7000040,4240,4253,0.03900,0.01170,-0.76830,0.76938,1009.51,1000,-9.51,50.50,203,2.2543,0.0051,LOCK,2,misalignment
425,7000049,4249,4262,0.03900,0.01170,-0.76830,0.76938,1009.50,1000,-9.50,50.50,203,2.2750,0.3180,LOCK,2,misalignment
426,7000058,4258,4271,0.04290,0.21060,-0.81900,0.84673,1009.47,1000,-9.47,50.50,203,2.2818,0.4211,LOCK,2,misalignment
427,7000068,4268,4281,-0.07410,0.14430,-0.77610,0.79287,1009.45,1000,-9.45,50.50,203,2.2656,0.1754,LOCK,2,misalignment
428,7000092,4292,4305,-0.03510,0.05070,-0.75270,0.75522,1009.47,1000,-9.47,50.50,203,2.2918,0.5725,LOCK,2,misalignment
429,7000100,4300,4313,-0.03510,0.05070,-0.75270,0.75522,1009.48,1000,-9.48,50.50,203,2.2542,0.0029,LOCK,2,misalignment
430,7000109,4309,4322,-0.07020,-0.11700,-0.83460,0.84568,1009.50,1000,-9.50,50.50,203,2.2668,0.1940,LOCK,2,misalignment
431,7000117,4317,4330,0.02730,0.09750,-0.69420,0.70154,1009.51,1000,-9.51,50.50,203,2.2693,0.2316,LOCK,2,misalignment
432,7000126,4326,4339,0.01170,0.08970,-0.76830,0.77361,1009.52,1000,-9.52,50.50,203,2.2669,0.1956,LOCK,2,misalignment
433,7000137,4337,4350,-0.03510,0.32370,-0.72540,0.79512,1009.51,1000,-9.51,50.50,203,2.2994,0.6876,LOCK,2,misalignment
434,7000145,4345,4358,0.03900,0.08970,-0.84240,0.84806,1009.50,1000,-9.50,50.50,203,2.2890,0.5310,LOCK,2,misalignment
435,7000154,4354,4367,0.02340,-0.09360,-0.83070,0.83628,1009.49,1000,-9.49,50.50,203,2.2897,0.5411,LOCK,2,misalignment
436,7000162,4362,4375,0.02340,-0.09360,-0.83070,0.83628,1009.48,1000,-9.48,50.50,203,2.2921,0.5768,LOCK,2,misalignment
437,7000171,4371,4384,0.02340,-0.09750,-0.81900,0.82512,1009.48,1000,-9.48,50.50,203,2.2914,0.5664,LOCK,2,misalignment
438,7000179,4379,4392,-0.03510,-0.06240,-0.79950,0.80270,1009.47,1000,-9.47,50.50,203,2.2816,0.4175,LOCK,2,misalignment
439,7000188,4388,4401,0.10530,0.02730,-0.79170,0.79914,1009.46,1000,-9.46,50.50,203,2.2856,0.4794,LOCK,2,misalignment
440,7000198,4398,4411,-0.01560,0.00780,-0.69030,0.69052,1009.32,1000,-9.32,50.50,203,2.2844,0.4608,LOCK,2,misalignment
441,7000208,4408,4421,0.01950,0.11310,-0.80730,0.81542,1009.28,1000,-9.28,50.50,203,2.2672,0.1998,LOCK,2,misalignment
442,7000218,4418,4431,-0.07410,0.14040,-0.77220,0.78835,1009.27,1000,-9.27,50.50,203,2.2719,0.2706,LOCK,2,misalignment
443,7000228,4428,4441,-0.01170,0.01950,-0.83460,0.83491,1009.27,1000,-9.27,50.50,203,2.2704,0.2487,LOCK,2,misalignment
444,7000238,4438,4451,0.14430,-0.03900,-0.81900,0.83253,1009.27,1000,-9.27,50.50,203,2.2833,0.4446,LOCK,2,misalignment
445,7000248,4448,4461,-0.04680,-0.01170,-0.80730,0.80874,1009.27,1000,-9.27,50.50,203,2.2897,0.5411,LOCK,2,misalignment
446,7000258,4458,4471,-0.00780,0.10920,-0.81900,0.82628,1009.23,1000,-9.23,50.50,203,2.2784,0.3695,LOCK,2,misalignment
447,7000268,4468,4481,-0.10530,0.01950,-0.78390,0.79118,1009.22,1000,-9.22,50.50,203,2.2652,0.1702,LOCK,2,misalignment
448,7000278,4478,4491,-0.07020,0.07410,-0.84630,0.85243,1009.21,1000,-9.21,50.50,203,2.2704,0.2487,LOCK,2,misalignment
449,7000292,4492,4505,-0.07800,0.11310,-0.79170,0.80353,1009.21,1000,-9.21,50.50,203,2.2878,0.5115,LOCK,2,misalignment
450,7000300,4500,4513,0.01170,-0.00390,-0.81120,0.81129,1009.21,1000,-9.21,50.50,203,2.2916,0.5701,LOCK,2,misalignment
451,7000309,4509,4522,0.01170,0.12870,-0.62400,0.63724,1009.21,1000,-9.21,50.50,203,2.2903,0.5496,LOCK,2,misalignment
452,7000318,4518,4531,0.00390,0.04680,-0.85410,0.85539,1009.18,1000,-9.18,50.50,203,2.2793,0.3836,LOCK,2,misalignment
453,7000328,4528,4541,0.01950,-0.03120,-0.72150,0.72244,1009.14,1000,-9.14,50.50,203,2.2934,0.5976,LOCK,2,misalignment
454,7000338,4538,4551,-0.02730,-0.10530,-0.87750,0.88422,1009.13,1000,-9.13,50.50,203,2.2860,0.4849,LOCK,2,misalignment
455,7000348,4548,4561,0.01170,0.15990,-0.71760,0.73529,1009.13,1000,-9.13,50.50,203,2.2764,0.3387,LOCK,2,misalignment
456,7000358,4558,4571,-0.01950,0.11700,-0.81900,0.82754,1009.13,1000,-9.13,50.50,203,2.2777,0.3595,LOCK,2,misalignment
457,7000368,4568,4581,-0.01950,0.11700,-0.81900,0.82754,1009.13,1000,-9.13,50.50,203,2.2566,0.0390,LOCK,2,misalignment
458,7000378,4578,4591,-0.05850,0.26910,-0.69030,0.74320,1008.98,1000,-8.98,50.50,203,2.2852,0.4721,LOCK,2,misalignment
459,7000388,4588,4601,-0.01170,0.02730,-0.81900,0.81954,1008.93,1000,-8.93,50.50,203,2.2867,0.4956,LOCK,2,misalignment
460,7000398,4598,4611,-0.16770,-0.10140,-0.78390,0.80803,1008.92,1000,-8.92,50.50,203,2.2926,0.5844,LOCK,2,misalignment
461,7000408,4608,4621,-0.01170,-0.06630,-0.82680,0.82954,1008.91,1000,-8.91,50.50,203,2.2891,0.5326,LOCK,2,misalignment
462,7000418,4618,4631,0.03120,0.06630,-0.75270,0.75626,1008.91,1000,-8.91,50.50,203,2.2590,0.0765,LOCK,2,misalignment
463,7000428,4628,4641,0.10140,0.08190,-0.76440,0.77543,1008.91,1000,-8.91,50.50,203,2.2626,0.1305,LOCK,2,misalignment
464,7000438,4638,4651,-0.03120,0.01170,-0.65130,0.65215,1008.98,1000,-8.98,50.50,203,2.2864,0.4916,LOCK,2,misalignment
465,7000448,4648,4661,0.07800,0.02340,-0.78780,0.79200,1009.01,1000,-9.01,50.50,203,2.2824,0.4297,LOCK,2,misalignment
466,7000458,4658,4671,0.10140,0.08970,-0.75660,0.76862,1009.01,1000,-9.01,50.50,203,2.2843,0.4596,LOCK,2,misalignment
467,7000468,4668,4681,-0.03120,-0.03120,-0.81900,0.82019,1009.01,1000,-9.01,50.50,203,2.2852,0.4721,LOCK,2,misalignment
468,7000478,4678,4691,0.02730,0.01560,-0.77220,0.77284,1009.02,1000,-9.02,50.50,203,2.2574,0.0509,LOCK,2,misalignment
469,7000492,4692,4705,0.02340,0.05460,-0.77610,0.77837,1009.02,1000,-9.02,50.50,203,2.2914,0.5670,LOCK,2,misalignment
470,7000500,4700,4713,0.02340,0.05460,-0.77610,0.77837,1009.01,1000,-9.01,50.50,203,2.2776,0.3573,LOCK,2,misalignment
471,7000508,4708,4721,-0.01950,0.03510,-0.80730,0.80830,1009.00,1000,-9.00,50.50,203,2.2645,0.1598,LOCK,2,misalignment
472,7000546,4746,4759,-0.00390,0.14820,-0.75660,0.77099,1008.99,1000,-8.99,50.50,203,2.2993,0.6867,LOCK,2,misalignment
473,7000555,4755,4768,-0.04680,0.10140,-0.81120,0.81885,1008.99,1000,-8.99,50.50,203,2.2821,0.4260,LOCK,2,misalignment
474,7000563,4763,4776,-0.06240,0.04680,-0.73320,0.73734,1008.99,1000,-8.99,50.50,203,2.2829,0.4385,LOCK,2,misalignment
475,7000572,4772,4785,-0.06240,0.04680,-0.73320,0.73734,1008.99,1000,-8.99,50.50,203,2.2736,0.2975,LOCK,2,misalignment
476,7000580,4780,4793,-0.10530,-0.07410,-0.85410,0.86375,1008.99,1000,-8.99,50.50,203,2.2611,0.1070,LOCK,2,misalignment
477,7000588,4788,4801,-0.07020,0.14820,-0.77220,0.78942,1008.99,1000,-8.99,50.50,203,2.2705,0.2499,LOCK,2,misalignment
478,7000598,4798,4811,0.07800,0.00000,-0.74490,0.74897,1008.99,1000,-8.99,50.50,203,2.2884,0.5206,LOCK,2,misalignment
479,7000607,4807,4820,0.08970,0.33150,-0.76050,0.83445,1008.99,1000,-8.99,50.50,203,2.2889,0.5283,LOCK,2,misalignment
480,7000615,4815,4828,0.12090,0.05850,-0.76440,0.77611,1008.98,1000,-8.98,50.50,203,2.2881,0.5164,LOCK,2,misalignment
481,7000624,4824,4837,0.12090,0.05850,-0.76440,0.77611,1008.98,1000,-8.98,50.50,203,2.2882,0.5188,LOCK,2,misalignment
482,7000632,4832,4845,0.05850,0.01950,-0.88920,0.89134,1008.98,1000,-8.98,50.50,203,2.2896,0.5396,LOCK,2,misalignment
483,7000641,4841,4854,0.06630,-0.05460,-0.77610,0.78084,1008.98,1000,-8.98,50.50,203,2.2788,0.3760,LOCK,2,misalignment
484,7000649,4849,4862,-0.00780,0.05070,-0.79560,0.79725,1008.98,1000,-8.98,50.50,203,2.2709,0.2557,LOCK,2,misalignment
485,7000658,4858,4871,0.00000,0.21450,-0.81510,0.84285,1008.98,1000,-8.98,50.50,203,2.2670,0.1977,LOCK,2,misalignment
486,7000666,4866,4879,-0.07410,0.12870,-0.70590,0.72135,1008.97,1000,-8.97,50.50,203,2.2649,0.1644,LOCK,2,misalignment
487,7000674,4874,4887,-0.07410,0.12870,-0.70590,0.72135,1008.96,1000,-8.96,50.50,203,2.2818,0.4214,LOCK,2,misalignment
488,7000704,4904,4917,-0.06240,-0.03510,-0.88140,0.88430,1008.94,1000,-8.94,50.50,203,2.2951,0.6232,LOCK,2,misalignment
489,7000712,4912,4925,0.08580,0.02730,-0.76440,0.76968,1008.93,1000,-8.93,50.50,203,2.2957,0.6321,LOCK,2,misalignment
490,7000720,4920,4933,0.00780,0.05070,-0.79560,0.79725,1008.91,1000,-8.91,50.50,203,2.2548,0.0124,LOCK,2,misalignment
491,7000729,4929,4942,-0.03900,-0.01950,-0.68250,0.68389,1008.89,1000,-8.89,50.50,203,2.2780,0.3634,LOCK,2,misalignment
492,7000737,4937,4950,0.03120,0.02730,-0.86190,0.86290,1008.87,1000,-8.87,50.50,203,2.2729,0.2862,LOCK,2,misalignment
493,7000746,4946,4959,0.03120,0.02730,-0.86190,0.86290,1008.86,1000,-8.86,50.50,203,2.2856,0.4785,LOCK,2,misalignment
494,7000754,4954,4967,0.00780,-0.00390,-0.76440,0.76445,1008.84,1000,-8.84,50.50,203,2.2789,0.3778,LOCK,2,misalignment
495,7000763,4963,4976,-0.07020,-0.01170,-0.86970,0.87261,1008.83,1000,-8.83,50.50,203,2.2824,0.4309,LOCK,2,misalignment
496,7000771,4971,4984,0.00780,0.01950,-0.80730,0.80757,1008.81,1000,-8.81,50.50,203,2.2942,0.6095,LOCK,2,misalignment
497,7000780,4980,4993,0.12090,-0.03120,-0.76830,0.77838,1008.80,1000,-8.80,50.50,203,2.2652,0.1699,LOCK,2,misalignment
498,7000788,4988,5001,-0.00780,0.08580,-0.83460,0.83903,1008.78,1000,-8.78,50.50,203,2.2577,0.0554,LOCK,2,misalignment
499,7000797,4997,5010,-0.00780,0.08580,-0.83460,0.83903,1008.75,1000,-8.75,50.50,203,2.2697,0.2374,LOCK,2,misalignment
500,7000847,5047,5060,-0.13650,0.23400,-0.85410,0.89603,1008.75,1000,-8.75,50.50,203,2.2908,0.5570,LOCK,2,misalignment
501,7000856,5056,5069,0.05070,-0.02340,-0.70200,0.70422,1008.74,1000,-8.74,50.50,203,2.2891,0.5319,LOCK,2,misalignment
502,7000864,5064,5077,-0.06630,0.03120,-0.85800,0.86112,1008.73,1000,-8.73,50.50,203,2.2894,0.5365,LOCK,2,misalignment
503,7000872,5072,5085,-0.04680,0.00390,-0.76050,0.76195,1008.72,1000,-8.72,50.50,203,2.2638,0.1488,LOCK,2,misalignment
504,7000881,5081,5094,-0.09750,0.07800,-0.84630,0.85546,1008.72,1000,-8.72,50.50,203,2.2719,0.2706,LOCK,2,misalignment
505,7000889,5089,5102,-0.09750,0.07800,-0.84630,0.85546,1008.71,1000,-8.71,50.50,203,2.2724,0.2792,LOCK,2,misalignment
506,7000898,5098,5111,0.05460,-0.01950,-0.76440,0.76660,1008.71,1000,-8.71,50.50,203,2.2825,0.4321,LOCK,2,misalignment
507,7000911,5111,5124,-0.00390,0.19500,-0.75270,0.77756,1008.71,1000,-8.71,50.50,203,2.2898,0.5426,LOCK,2,misalignment
508,7000920,5120,5133,-0.03900,0.05070,-0.76440,0.76707,1008.71,1000,-8.71,50.50,203,2.2798,0.3906,LOCK,2,misalignment
509,7000928,5128,5141,0.03900,0.08580,-0.81900,0.82441,1008.71,1000,-8.71,50.50,203,2.2819,0.4230,LOCK,2,misalignment
510,7000937,5137,5150,-0.01950,-0.02340,-0.80730,0.80787,1008.71,1000,-8.71,50.50,203,2.2838,0.4517,LOCK,2,misalignment
511,7000945,5145,5158,0.02730,0.11700,-0.78000,0.78920,1008.70,1000,-8.70,50.50,203,2.2903,0.5496,LOCK,2,misalignment
512,7000954,5154,5167,-0.06630,0.13260,-0.80340,0.81696,1008.70,1000,-8.70,50.50,203,2.2698,0.2392,LOCK,2,misalignment
513,7000962,5162,5175,-0.06630,0.13260,-0.80340,0.81696,1008.70,1000,-8.70,50.50,203,2.2804,0.4001,LOCK,2,misalignment
514,7000970,5170,5183,-0.06630,0.05460,-0.62010,0.62602,1008.70,1000,-8.70,50.50,203,2.2749,0.3164,LOCK,2,misalignment
515,7000979,5179,5192,0.06240,0.07020,-0.83850,0.84374,1008.70,1000,-8.70,50.50,203,2.2545,0.0069,LOCK,2,misalignment
516,7001006,5206,5219,0.01950,0.07800,-0.73320,0.73760,1008.70,1000,-8.70,50.50,203,2.2916,0.5698,LOCK,2,misalignment
517,7001015,5215,5228,0.06630,0.02340,-0.79950,0.80259,1008.70,1000,-8.70,50.50,203,2.2907,0.5564,LOCK,2,misalignment
518,7001023,5223,5236,0.06630,0.02340,-0.79950,0.80259,1008.70,1000,-8.70,50.50,203,2.2583,0.0655,LOCK,2,misalignment
519,7001032,5232,5245,0.01950,0.26520,-0.78390,0.82777,1008.68,1000,-8.68,50.50,203,2.2763,0.3378,LOCK,2,misalignment
520,7001040,5240,5253,0.03900,0.05070,-0.81900,0.82149,1008.66,1000,-8.66,50.50,203,2.2774,0.3543,LOCK,2,misalignment
521,7001048,5248,5261,0.01170,-0.08580,-0.84630,0.85072,1008.64,1000,-8.64,50.50,203,2.2867,0.4950,LOCK,2,misalignment
522,7001059,5259,5272,-0.04290,-0.03120,-0.75270,0.75457,1008.62,1000,-8.62,50.50,203,2.2877,0.5106,LOCK,2,misalignment
523,7001067,5267,5280,0.04290,0.13260,-0.87750,0.88850,1008.61,1000,-8.61,50.50,203,2.2864,0.4916,LOCK,2,misalignment
524,7001076,5276,5289,0.16770,0.02340,-0.87750,0.89369,1008.59,1000,-8.59,50.50,203,2.2891,0.5322,LOCK,2,misalignment
525,7001084,5284,5297,0.16770,0.02340,-0.87750,0.89369,1008.60,1000,-8.60,50.50,203,2.2734,0.2935,LOCK,2,misalignment
526,7001093,5293,5306,-0.12480,0.12480,-0.70980,0.73141,1008.61,1000,-8.61,50.50,203,2.2707,0.2532,LOCK,2,misalignment
527,7001101,5301,5314,-0.02730,0.02340,-0.82290,0.82369,1008.62,1000,-8.62,50.50,203,2.2727,0.2838,LOCK,2,misalignment
528,7001115,5315,5328,0.03120,0.08190,-0.73320,0.73842,1008.63,1000,-8.63,50.50,203,2.2688,0.2239,LOCK,2,misalignment
529,7001160,5360,5373,-0.00390,-0.00780,-0.81900,0.81905,1008.61,1000,-8.61,50.50,203,2.2821,0.4254,LOCK,2,misalignment
530,7001168,5368,5381,-0.07800,-0.02340,-0.85020,0.85409,1008.58,1000,-8.58,50.50,203,2.2906,0.5551,LOCK,2,misalignment
531,7001177,5377,5390,-0.07800,-0.02340,-0.85020,0.85409,1008.56,1000,-8.56,50.50,203,2.2608,0.1037,LOCK,2,misalignment
532,7001185,5385,5398,-0.07410,0.10530,-0.80730,0.81750,1008.55,1000,-8.55,50.50,203,2.2661,0.1840,LOCK,2,misalignment
533,7001194,5394,5407,0.04680,-0.05850,-0.80730,0.81077,1008.53,1000,-8.53,50.50,203,2.2771,0.3503,LOCK,2,misalignment
534,7001202,5402,5415,0.10530,0.23790,-0.63180,0.68327,1008.51,1000,-8.51,50.50,203,2.2725,0.2804,LOCK,2,misalignment
535,7001219,5419,5432,-0.02730,0.01560,-0.73320,0.73387,1008.52,1000,-8.52,50.50,203,2.2823,0.4291,LOCK,2,misalignment
536,7001227,5427,5440,-0.02730,0.01560,-0.73320,0.73387,1008.53,1000,-8.53,50.50,203,2.2916,0.5698,LOCK,2,misalignment
537,7001236,5436,5449,-0.01170,0.02340,-0.84240,0.84281,1008.54,1000,-8.54,50.50,203,2.2820,0.4245,LOCK,2,misalignment
538,7001244,5444,5457,0.01950,0.05070,-0.79560,0.79745,1008.55,1000,-8.55,50.50,203,2.2889,0.5289,LOCK,2,misalignment
539,7001253,5453,5466,-0.02730,0.17160,-0.81120,0.82960,1008.55,1000,-8.55,50.50,203,2.2919,0.5747,LOCK,2,misalignment
540,7001261,5461,5474,-0.03900,0.05460,-0.76050,0.76345,1008.56,1000,-8.56,50.50,203,2.2931,0.5924,LOCK,2,misalignment
541,7001270,5470,5483,-0.03900,0.05460,-0.76050,0.76345,1008.55,1000,-8.55,50.50,203,2.2483,-0.0865,LOCK,2,misalignment
542,7001278,5478,5491,0.02730,0.02730,-0.69810,0.69917,1008.55,1000,-8.55,50.50,203,2.2726,0.2822,LOCK,2,misalignment
543,7001287,5487,5500,-0.00390,-0.03120,-0.83070,0.83129,1008.54,1000,-8.54,50.50,203,2.2778,0.3610,LOCK,2,misalignment
544,7001309,5509,5522,0.06240,0.09360,-0.83460,0.84215,1008.54,1000,-8.54,50.50,203,2.2820,0.4239,LOCK,2,misalignment
545,7001323,5523,5536,0.09750,0.25350,-0.80340,0.84807,1008.53,1000,-8.53,50.50,203,2.2882,0.5176,LOCK,2,misalignment
546,7001331,5531,5544,0.09750,0.25350,-0.80340,0.84807,1008.53,1000,-8.53,50.50,203,2.2511,-0.0441,LOCK,2,misalignment
547,7001340,5540,5553,0.00390,0.09750,-0.86970,0.87516,1008.52,1000,-8.52,50.50,203,2.2738,0.2999,LOCK,2,misalignment
548,7001348,5548,5561,0.00390,-0.05460,-0.79950,0.80137,1008.52,1000,-8.52,50.50,203,2.2630,0.1360,LOCK,2,misalignment
549,7001357,5557,5570,-0.05460,-0.03510,-0.82680,0.82934,1008.52,1000,-8.52,50.50,203,2.2961,0.6385,LOCK,2,misalignment
550,7001367,5567,5580,-0.01170,0.01560,-0.74100,0.74126,1008.51,1000,-8.51,50.50,203,2.2877,0.5103,LOCK,2,misalignment
551,7001375,5575,5588,0.12480,-0.01170,-0.85020,0.85939,1008.51,1000,-8.51,50.50,203,2.2903,0.5499,LOCK,2,misalignment
552,7001384,5584,5597,-0.10140,-0.05850,-0.60060,0.61190,1008.51,1000,-8.51,50.50,203,2.2884,0.5216,LOCK,2,misalignment
553,7001392,5592,5605,-0.10140,-0.05850,-0.60060,0.61190,1008.52,1000,-8.52,50.50,203,2.2686,0.2215,LOCK,2,misalignment
554,7001401,5601,5614,0.06630,0.08580,-0.83850,0.84548,1008.52,1000,-8.52,50.50,203,2.2569,0.0445,LOCK,2,misalignment
555,7001409,5609,5622,-0.01950,0.01950,-0.83460,0.83506,1008.52,1000,-8.52,50.50,203,2.2731,0.2890,LOCK,2,misalignment
556,7001418,5618,5631,0.00780,0.06240,-0.81900,0.82141,1008.53,1000,-8.53,50.50,203,2.2731,0.2887,LOCK,2,misalignment
557,7001467,5667,5680,-0.05070,0.13260,-0.84240,0.85428,1008.53,1000,-8.53,50.50,203,2.2852,0.4727,LOCK,2,misalignment
558,7001476,5676,5689,-0.09360,0.06240,-0.81120,0.81896,1008.54,1000,-8.54,50.50,203,2.2983,0.6708,LOCK,2,misalignment
559,7001484,5684,5697,-0.09360,0.06240,-0.81120,0.81896,1008.55,1000,-8.55,50.50,203,2.2657,0.1769,LOCK,2,misalignment
560,7001493,5693,5706,0.13650,0.01950,-0.77610,0.78825,1008.56,1000,-8.56,50.50,203,2.2726,0.2816,LOCK,2,misalignment
561,7001501,5701,5714,0.02340,0.08580,-0.69810,0.70374,1008.56,1000,-8.56,50.50,203,2.2804,0.3995,LOCK,2,misalignment
562,7001510,5710,5723,0.05850,0.08190,-0.77610,0.78260,1008.55,1000,-8.55,50.50,203,2.2775,0.3561,LOCK,2,misalignment
563,7001525,5725,5738,0.00000,-0.01560,-0.74100,0.74116,1008.55,1000,-8.55,50.50,203,2.2884,0.5219,LOCK,2,misalignment
564,7001534,5734,5747,-0.03900,0.03510,-0.80730,0.80900,1008.55,1000,-8.55,50.50,203,2.2959,0.6354,LOCK,2,misalignment
565,7001542,5742,5755,0.03900,0.16770,-0.78390,0.80259,1008.55,1000,-8.55,50.50,203,2.2871,0.5008,LOCK,2,misalignment
566,7001550,5750,5763,-0.00390,0.15990,-0.80730,0.82299,1008.55,1000,-8.55,50.50,203,2.2863,0.4901,LOCK,2,misalignment
567,7001559,5759,5772,0.01560,-0.03510,-0.70200,0.70305,1008.55,1000,-8.55,50.50,203,2.2821,0.4260,LOCK,2,misalignment
568,7001568,5768,5781,0.01560,0.05850,-0.80340,0.80568,1008.55,1000,-8.55,50.50,203,2.2886,0.5249,LOCK,2,misalignment
569,7001576,5776,5789,0.01560,0.05850,-0.80340,0.80568,1008.55,1000,-8.55,50.50,203,2.2919,0.5747,LOCK,2,misalignment
570,7001585,5785,5798,0.01170,-0.00390,-0.78390,0.78400,1008.55,1000,-8.55,50.50,203,2.2884,0.5219,LOCK,2,misalignment
571,7001593,5793,5806,-0.08190,-0.08970,-0.78000,0.78940,1008.55,1000,-8.55,50.50,203,2.2976,0.6608,LOCK,2,misalignment
572,7001602,5802,5815,0.06240,0.14040,-0.75660,0.77204,1008.55,1000,-8.55,50.50,203,2.2824,0.4309,LOCK,2,misalignment
573,7001610,5810,5823,0.06630,0.01560,-0.72930,0.73247,1008.55,1000,-8.55,50.50,203,2.2916,0.5692,LOCK,2,misalignment
574,7001619,5819,5832,0.06630,0.01560,-0.72930,0.73247,1008.55,1000,-8.55,50.50,203,2.2793,0.3827,LOCK,2,misalignment
575,7001627,5827,5840,0.04290,0.37830,-0.81900,0.90317,1008.56,1000,-8.56,50.50,203,2.2966,0.6455,LOCK,2,misalignment
576,7001636,5836,5849,0.07410,0.10140,-0.80340,0.81316,1008.56,1000,-8.56,50.50,203,2.2604,0.0964,LOCK,2,misalignment
577,7001644,5844,5857,0.04290,-0.03120,-0.93210,0.93361,1008.57,1000,-8.57,50.50,203,2.2580,0.0606,LOCK,2,misalignment
578,7001653,5853,5866,0.03120,-0.10920,-0.83070,0.83843,1008.57,1000,-8.57,50.50,203,2.2647,0.1620,LOCK,2,misalignment
579,7001661,5861,5874,-0.01560,-0.08970,-0.86580,0.87057,1008.58,1000,-8.58,50.50,203,2.2680,0.2120,LOCK,2,misalignment
580,7001674,5874,5887,0.10140,-0.05070,-0.77610,0.78434,1008.58,1000,-8.58,50.50,203,2.2877,0.5100,LOCK,2,misalignment
581,7001683,5883,5896,-0.10920,-0.06240,-0.70200,0.71318,1008.58,1000,-8.58,50.50,203,2.2857,0.4810,LOCK,2,misalignment
582,7001691,5891,5904,0.01560,0.07800,-0.79950,0.80345,1008.59,1000,-8.59,50.50,203,2.2941,0.6070,LOCK,2,misalignment
583,7001700,5900,5913,0.01560,0.07800,-0.79950,0.80345,1008.59,1000,-8.59,50.50,203,2.2956,0.6305,LOCK,2,misalignment
584,7001708,5908,5921,-0.03510,0.09360,-0.76830,0.77478,1008.59,1000,-8.59,50.50,203,2.2911,0.5619,LOCK,2,misalignment
585,7001717,5917,5930,0.00780,-0.04680,-0.85020,0.85152,1008.59,1000,-8.59,50.50,203,2.2863,0.4892,LOCK,2,misalignment
586,7001730,5930,5943,0.11310,-0.03510,-0.80340,0.81208,1008.60,1000,-8.60,50.50,203,2.2599,0.0893,LOCK,2,misalignment
587,7001739,5939,5952,0.01170,0.00780,-0.79950,0.79962,1008.62,1000,-8.62,50.50,203,2.2721,0.2740,LOCK,2,misalignment
588,7001747,5947,5960,0.05460,0.13260,-0.78780,0.80075,1008.65,1000,-8.65,50.50,203,2.2550,0.0148,LOCK,2,misalignment
589,7001775,5975,5988,-0.11700,0.15990,-0.83850,0.86159,1008.67,1000,-8.67,50.50,203,2.2863,0.4901,LOCK,2,misalignment
590,7001784,5984,5997,-0.03120,-0.05070,-0.78000,0.78227,1008.69,1000,-8.69,50.50,203,2.2858,0.4816,LOCK,2,misalignment
591,7001792,5992,6005,-0.03120,-0.05070,-0.78000,0.78227,1008.71,1000,-8.71,50.50,203,2.2614,0.1128,LOCK,2,misalignment
592,7001801,6001,6014,0.04290,0.21450,-0.70590,0.73902,1008.70,1000,-8.70,50.50,203,2.2719,0.2709,LOCK,2,misalignment
593,7001809,6009,6022,-0.02730,0.12480,-0.84240,0.85203,1008.69,1000,-8.69,50.50,203,2.2659,0.1803,LOCK,2,misalignment
594,7001818,6018,6031,-0.04680,0.01170,-0.73710,0.73868,1008.68,1000,-8.68,50.50,203,2.2880,0.5148,LOCK,2,misalignment
595,7001827,6027,6040,-0.04680,-0.12480,-0.85800,0.86829,1008.68,1000,-8.68,50.50,203,2.2857,0.4797,LOCK,2,misalignment
596,7001836,6036,6049,0.01170,0.11700,-0.72540,0.73487,1008.67,1000,-8.67,50.50,203,2.2845,0.4626,LOCK,2,misalignment
597,7001844,6044,6057,-0.06240,0.08580,-0.82680,0.83358,1008.66,1000,-8.66,50.50,203,2.2827,0.4352,LOCK,2,misalignment
598,7001853,6053,6066,-0.06240,0.08580,-0.82680,0.83358,1008.66,1000,-8.66,50.50,203,2.2989,0.6797,LOCK,2,misalignment
599,7001861,6061,6074,-0.06240,0.19110,-0.70200,0.73022,1008.69,1000,-8.69,50.50,203,2.2802,0.3976,LOCK,2,misalignment
600,7001870,6070,6083,-0.03120,0.03900,-0.80340,0.80495,1008.71,1000,-8.71,50.50,203,2.2913,0.5658,LOCK,2,misalignment
601,7001878,6078,6091,-0.07800,-0.07800,-0.85800,0.86506,1008.73,1000,-8.73,50.50,203,2.2768,0.3454,LOCK,2,misalignment
602,7001887,6087,6100,0.02730,0.00000,-0.86970,0.87013,1008.75,1000,-8.75,50.50,203,2.2750,0.3180,LOCK,2,misalignment
603,7001895,6095,6108,0.02730,0.00000,-0.86970,0.87013,1008.77,1000,-8.77,50.50,203,2.2829,0.4385,LOCK,2,misalignment
604,7001904,6104,6117,0.05460,0.07800,-0.78000,0.78579,1008.79,1000,-8.79,50.50,203,2.2724,0.2792,LOCK,2,misalignment
605,7001933,6133,6146,0.05850,0.08190,-0.76050,0.76713,1008.76,1000,-8.76,50.50,203,2.2935,0.5979,LOCK,2,misalignment
606,7001941,6141,6154,0.07020,0.07800,-0.85020,0.85665,1008.74,1000,-8.74,50.50,203,2.2876,0.5094,LOCK,2,misalignment
607,7001950,6150,6163,-0.05850,-0.04290,-0.79170,0.79502,1008.72,1000,-8.72,50.50,203,2.2710,0.2578,LOCK,2,misalignment
608,7001958,6158,6171,0.02730,0.03900,-0.84630,0.84764,1008.71,1000,-8.71,50.50,203,2.2708,0.2551,LOCK,2,misalignment
609,7001967,6167,6180,0.02730,0.03900,-0.84630,0.84764,1008.69,1000,-8.69,50.50,203,2.2730,0.2880,LOCK,2,misalignment
610,7001975,6175,6188,0.07410,-0.03900,-0.77610,0.78060,1008.68,1000,-8.68,50.50,203,2.2842,0.4568,LOCK,2,misalignment
611,7001984,6184,6197,0.03510,0.10530,-0.77610,0.78400,1008.68,1000,-8.68,50.50,203,2.2879,0.5136,LOCK,2,misalignment
612,7001992,6192,6205,0.03900,0.03120,-0.79170,0.79327,1008.68,1000,-8.68,50.50,203,2.2835,0.4468,LOCK,2,misalignment
613,7002001,6201,6214,-0.08190,0.03900,-0.75270,0.75815,1008.68,1000,-8.68,50.50,203,2.2904,0.5518,LOCK,2,misalignment
614,7002009,6209,6222,-0.04680,0.07800,-0.81120,0.81628,1008.68,1000,-8.68,50.50,203,2.2561,0.0313,LOCK,2,misalignment
615,7002018,6218,6231,-0.04680,0.07800,-0.81120,0.81628,1008.68,1000,-8.68,50.50,203,2.2717,0.2679,LOCK,2,misalignment
616,7002026,6226,6239,0.07020,0.03120,-0.75660,0.76049,1008.68,1000,-8.68,50.50,203,2.2616,0.1153,LOCK,2,misalignment
617,7002035,6235,6248,0.01560,0.10530,-0.78390,0.79109,1008.68,1000,-8.68,50.50,203,2.2647,0.1623,LOCK,2,misalignment
618,7002082,6282,6295,0.07800,-0.02730,-0.74490,0.74947,1008.68,1000,-8.68,50.50,203,2.2822,0.4275,LOCK,2,misalignment
619,7002091,6291,6304,0.08970,0.29250,-0.79560,0.85240,1008.68,1000,-8.68,50.50,203,2.2850,0.4697,LOCK,2,misalignment
620,7002099,6299,6312,0.08970,0.29250,-0.79560,0.85240,1008.67,1000,-8.67,50.50,203,2.2654,0.1730,LOCK,2,misalignment
621,7002108,6308,6321,0.03900,0.07800,-0.77220,0.77711,1008.66,1000,-8.66,50.50,203,2.2758,0.3302,LOCK,2,misalignment
622,7002116,6316,6329,-0.01170,-0.00390,-0.83070,0.83079,1008.65,1000,-8.65,50.50,203,2.2629,0.1351,LOCK,2,misalignment
623,7002125,6325,6338,0.08970,0.00780,-0.80730,0.81231,1008.64,1000,-8.64,50.50,203,2.2770,0.3491,LOCK,2,misalignment
624,7002142,6342,6355,-0.07410,0.23010,-0.83070,0.86516,1008.64,1000,-8.64,50.50,203,2.2914,0.5661,LOCK,2,misalignment
625,7002151,6351,6364,-0.07410,0.23010,-0.83070,0.86516,1008.63,1000,-8.63,50.50,203,2.2920,0.5765,LOCK,2,misalignment
626,7002159,6359,6372,0.10530,0.15600,-0.76440,0.78723,1008.63,1000,-8.63,50.50,203,2.2858,0.4816,LOCK,2,misalignment
627,7002168,6368,6381,-0.04680,0.09750,-0.83850,0.84545,1008.63,1000,-8.63,50.50,203,2.2843,0.4593,LOCK,2,misalignment
628,7002176,6376,6389,-0.05070,0.05850,-0.83460,0.83818,1008.63,1000,-8.63,50.50,203,2.2856,0.4785,LOCK,2,misalignment
629,7002185,6385,6398,-0.09360,-0.10530,-0.82680,0.83872,1008.64,1000,-8.64,50.50,203,2.2609,0.1052,LOCK,2,misalignment
630,7002193,6393,6406,-0.09360,-0.10530,-0.82680,0.83872,1008.64,1000,-8.64,50.50,203,2.2697,0.2380,LOCK,2,misalignment
631,7002201,6401,6414,0.08580,0.07800,-0.78390,0.79243,1008.64,1000,-8.64,50.50,203,2.2656,0.1760,LOCK,2,misalignment
632,7002210,6410,6423,0.08190,0.01560,-0.73710,0.74180,1008.64,1000,-8.64,50.50,203,2.2690,0.2279,LOCK,2,misalignment
633,7002239,6439,6452,0.01560,0.03120,-0.82680,0.82754,1008.65,1000,-8.65,50.50,203,2.2873,0.5045,LOCK,2,misalignment
634,7002247,6447,6460,-0.03510,0.01560,-0.83460,0.83548,1008.67,1000,-8.67,50.50,203,2.2893,0.5350,LOCK,2,misalignment
635,7002256,6456,6469,0.00390,0.01170,-0.77220,0.77230,1008.68,1000,-8.68,50.50,203,2.2729,0.2862,LOCK,2,misalignment
636,7002264,6464,6477,0.00390,0.01170,-0.77220,0.77230,1008.69,1000,-8.69,50.50,203,2.2783,0.3686,LOCK,2,misalignment
637,7002273,6473,6486,0.09750,-0.01950,-0.83460,0.84050,1008.70,1000,-8.70,50.50,203,2.2718,0.2691,LOCK,2,misalignment
638,7002281,6481,6494,0.00390,-0.01950,-0.75660,0.75686,1008.68,1000,-8.68,50.50,203,2.2812,0.4126,LOCK,2,misalignment
639,7002290,6490,6503,0.01170,0.07800,-0.82680,0.83055,1008.67,1000,-8.67,50.50,203,2.2874,0.5060,LOCK,2,misalignment
640,7002298,6498,6511,-0.01950,0.01170,-0.78000,0.78033,1008.65,1000,-8.65,50.50,203,2.2904,0.5509,LOCK,2,misalignment
641,7002307,6507,6520,-0.02340,0.05850,-0.76830,0.77088,1008.64,1000,-8.64,50.50,203,2.2875,0.5075,LOCK,2,misalignment
642,7002315,6515,6528,-0.02340,0.05850,-0.76830,0.77088,1008.63,1000,-8.63,50.50,203,2.2709,0.2557,LOCK,2,misalignment
643,7002324,6524,6537,0.08190,-0.02340,-0.83850,0.84282,1008.62,1000,-8.62,50.50,203,2.2732,0.2905,LOCK,2,misalignment
644,7002332,6532,6545,-0.05850,0.18720,-0.81120,0.83457,1008.61,1000,-8.61,50.50,203,2.2573,0.0503,LOCK,2,misalignment
645,7002346,6546,6559,0.09750,0.10140,-0.73320,0.74657,1008.57,1000,-8.57,50.50,203,2.2695,0.2355,LOCK,2,misalignment
646,7002389,6589,6602,-0.00780,0.21840,-0.67080,0.70550,1008.53,1000,-8.53,50.50,203,2.2916,0.5701,LOCK,2,misalignment
647,7002398,6598,6611,-0.00780,0.21840,-0.67080,0.70550,1008.50,1000,-8.50,50.50,203,2.2908,0.5582,LOCK,2,misalignment
648,7002406,6606,6619,0.00000,0.11700,-0.81510,0.82345,1008.48,1000,-8.48,50.50,203,2.2731,0.2887,LOCK,2,misalignment
649,7002415,6615,6628,-0.01170,-0.04290,-0.74490,0.74623,1008.46,1000,-8.46,50.50,203,2.2668,0.1934,LOCK,2,misalignment
650,7002423,6623,6636,-0.03900,-0.14820,-0.90870,0.92153,1008.45,1000,-8.45,50.50,203,2.2698,0.2392,LOCK,2,misalignment
651,7002432,6632,6645,0.00780,0.02730,-0.77610,0.77662,1008.43,1000,-8.43,50.50,203,2.2690,0.2276,LOCK,2,misalignment
652,7002441,6641,6654,-0.07410,0.08970,-0.84240,0.85040,1008.42,1000,-8.42,50.50,203,2.2879,0.5130,LOCK,2,misalignment
653,7002450,6650,6663,0.02340,0.09750,-0.63180,0.63971,1008.40,1000,-8.40,50.50,203,2.2862,0.4877,LOCK,2,misalignment
654,7002458,6658,6671,0.02340,0.09750,-0.63180,0.63971,1008.38,1000,-8.38,50.50,203,2.2869,0.4978,LOCK,2,misalignment
655,7002467,6667,6680,0.03120,0.09360,-0.87750,0.88303,1008.36,1000,-8.36,50.50,203,2.2912,0.5634,LOCK,2,misalignment
656,7002475,6675,6688,-0.08190,0.10140,-0.75660,0.76775,1008.34,1000,-8.34,50.50,203,2.2828,0.4358,LOCK,2,misalignment
657,7002484,6684,6697,-0.04680,0.02730,-0.85020,0.85192,1008.32,1000,-8.32,50.50,203,2.2941,0.6070,LOCK,2,misalignment
658,7002492,6692,6705,-0.00390,0.10530,-0.75270,0.76004,1008.30,1000,-8.30,50.50,203,2.2735,0.2957,LOCK,2,misalignment
659,7002501,6701,6714,-0.00390,0.10530,-0.75270,0.76004,1008.29,1000,-8.29,50.50,203,2.2708,0.2539,LOCK,2,misalignment
660,7002509,6709,6722,0.15990,0.07410,-0.74490,0.76546,1008.28,1000,-8.28,50.50,203,2.2850,0.4697,LOCK,2,misalignment
661,7002518,6718,6731,-0.04680,0.12870,-0.75270,0.76506,1008.29,1000,-8.29,50.50,203,2.2662,0.1849,LOCK,2,misalignment
662,7002549,6749,6762,-0.06630,0.02340,-0.79950,0.80259,1008.29,1000,-8.29,50.50,203,2.2948,0.6180,LOCK,2,misalignment
663,7002557,6757,6770,0.03120,0.07410,-0.77220,0.77637,1008.30,1000,-8.30,50.50,203,2.2935,0.5988,LOCK,2,misalignment
664,7002566,6766,6779,0.00000,-0.10140,-0.81900,0.82525,1008.31,1000,-8.31,50.50,203,2.2890,0.5298,LOCK,2,misalignment
665,7002575,6775,6788,-0.08580,0.08970,-0.66300,0.67452,1008.29,1000,-8.29,50.50,203,2.2829,0.4385,LOCK,2,misalignment
666,7002583,6783,6796,-0.02340,0.00390,-0.85020,0.85053,1008.27,1000,-8.27,50.50,203,2.2911,0.5628,LOCK,2,misalignment
667,7002592,6792,6805,-0.02340,0.00390,-0.85020,0.85053,1008.26,1000,-8.26,50.50,203,2.2909,0.5585,LOCK,2,misalignment
668,7002600,6800,6813,0.01950,-0.00390,-0.74490,0.74517,1008.25,1000,-8.25,50.50,203,2.2937,0.6021,LOCK,2,misalignment
669,7002609,6809,6822,-0.02340,0.03120,-0.85800,0.85889,1008.23,1000,-8.23,50.50,203,2.2634,0.1427,LOCK,2,misalignment
670,7002617,6817,6830,0.03120,-0.02730,-0.78390,0.78500,1008.22,1000,-8.22,50.50,203,2.2608,0.1031,LOCK,2,misalignment
671,7002626,6826,6839,0.08580,0.03120,-0.80340,0.80857,1008.21,1000,-8.21,50.50,203,2.2628,0.1327,LOCK,2,misalignment
672,7002634,6834,6847,0.04680,0.04290,-0.81120,0.81368,1008.23,1000,-8.23,50.50,203,2.2670,0.1968,LOCK,2,misalignment
673,7002683,6883,6896,0.08580,-0.13260,-0.78390,0.79965,1008.24,1000,-8.24,50.50,203,2.2855,0.4776,LOCK,2,misalignment
674,7002692,6892,6905,0.07020,0.37440,-0.73710,0.82971,1008.22,1000,-8.22,50.50,203,2.2849,0.4678,LOCK,2,misalignment
675,7002700,6900,6913,0.00390,0.07410,-0.80730,0.81070,1008.20,1000,-8.20,50.50,203,2.2836,0.4492,LOCK,2,misalignment
676,7002709,6909,6922,-0.01170,0.00780,-0.78780,0.78793,1008.19,1000,-8.19,50.50,203,2.2918,0.5728,LOCK,2,misalignment
677,7002717,6917,6930,-0.00390,-0.04680,-0.80340,0.80477,1008.18,1000,-8.18,50.50,203,2.2852,0.4727,LOCK,2,misalignment
678,7002726,6926,6939,-0.00390,-0.04680,-0.80340,0.80477,1008.17,1000,-8.17,50.50,203,2.2758,0.3296,LOCK,2,misalignment
679,7002734,6934,6947,-0.02730,0.10140,-0.81510,0.82184,1008.16,1000,-8.16,50.50,203,2.2663,0.1858,LOCK,2,misalignment
680,7002753,6953,6966,0.03120,0.07020,-0.67860,0.68293,1008.15,1000,-8.15,50.50,203,2.2917,0.5707,LOCK,2,misalignment
681,7002761,6961,6974,0.10530,0.11700,-0.83460,0.84931,1008.13,1000,-8.13,50.50,203,2.2932,0.5933,LOCK,2,misalignment
682,7002770,6970,6983,-0.08190,0.08190,-0.78000,0.78855,1008.11,1000,-8.11,50.50,203,2.2958,0.6336,LOCK,2,misalignment
683,7002778,6978,6991,-0.03900,0.03510,-0.85020,0.85182,1008.10,1000,-8.10,50.50,203,2.2847,0.4651,LOCK,2,misalignment
684,7002787,6987,7000,-0.03900,0.03510,-0.85020,0.85182,1008.09,1000,-8.09,50.50,203,2.2933,0.5957,LOCK,2,misalignment
685,7002795,6995,7008,0.05850,0.06630,-0.77610,0.78112,1008.08,1000,-8.08,50.50,203,2.2920,0.5756,LOCK,2,misalignment
686,7002804,7004,7017,0.12870,0.05460,-0.79950,0.81163,1008.07,1000,-8.07,50.50,203,2.2937,0.6009,LOCK,2,misalignment
687,7002812,7012,7025,0.00390,0.07410,-0.76440,0.76799,1008.06,1000,-8.06,50.50,203,2.2930,0.5915,LOCK,2,misalignment
688,7002821,7021,7034,-0.03900,0.06240,-0.91650,0.91945,1008.05,1000,-8.05,50.50,203,2.2471,-0.1045,LOCK,2,misalignment
689,7002829,7029,7042,-0.03120,-0.04290,-0.77610,0.77791,1008.05,1000,-8.05,50.50,203,2.2761,0.3341,LOCK,2,misalignment
690,7002837,7037,7050,-0.03120,-0.04290,-0.77610,0.77791,1008.04,1000,-8.04,50.50,203,2.2732,0.2911,LOCK,2,misalignment
691,7002850,7050,7063,0.05850,0.01560,-0.76050,0.76291,1008.04,1000,-8.04,50.50,203,2.2883,0.5194,LOCK,2,misalignment
692,7002859,7059,7072,0.05850,0.01560,-0.76050,0.76291,1008.03,1000,-8.03,50.50,203,2.2981,0.6684,LOCK,2,misalignment
693,7002867,7067,7080,0.02340,-0.01950,-0.82680,0.82736,1008.03,1000,-8.03,50.50,203,2.2918,0.5725,LOCK,2,misalignment
694,7002876,7076,7089,-0.02340,0.04680,-0.65520,0.65729,1008.02,1000,-8.02,50.50,203,2.2832,0.4431,LOCK,2,misalignment
695,7002884,7084,7097,0.02730,0.03120,-0.70590,0.70712,1008.01,1000,-8.01,50.50,203,2.2873,0.5039,LOCK,2,misalignment
696,7002893,7093,7106,0.03510,-0.06630,-0.86580,0.86904,1008.00,1000,-8.00,50.50,203,2.2837,0.4507,LOCK,2,misalignment
697,7002901,7101,7114,0.00000,-0.03120,-0.74100,0.74166,1007.99,1000,-7.99,50.50,203,2.2887,0.5264,LOCK,2,misalignment
698,7002910,7110,7123,0.00000,-0.03120,-0.74100,0.74166,1007.98,1000,-7.98,50.50,203,2.2835,0.4477,LOCK,2,misalignment
699,7002918,7118,7131,0.04680,-0.12480,-0.88530,0.89528,1007.97,1000,-7.97,50.50,203,2.2629,0.1345,LOCK,2,misalignment
700,7002927,7127,7140,0.03510,0.15600,-0.78000,0.79622,1007.97,1000,-7.97,50.50,203,2.2683,0.2160,LOCK,2,misalignment
701,7002935,7135,7148,0.05850,-0.05460,-0.77610,0.78021,1007.96,1000,-7.96,50.50,203,2.2806,0.4028,LOCK,2,misalignment
702,7002958,7158,7171,-0.01950,0.09750,-0.82680,0.83276,1007.95,1000,-7.95,50.50,203,2.2834,0.4453,LOCK,2,misalignment
703,7002967,7167,7180,-0.01560,-0.06240,-0.81900,0.82152,1007.95,1000,-7.95,50.50,203,2.2906,0.5545,LOCK,2,misalignment
704,7002975,7175,7188,0.10530,0.01950,-0.80340,0.81051,1007.94,1000,-7.94,50.50,203,2.2890,0.5298,LOCK,2,misalignment
705,7002984,7184,7197,-0.01950,0.17940,-0.74100,0.76266,1007.94,1000,-7.94,50.50,203,2.2876,0.5097,LOCK,2,misalignment
706,7002992,7192,7205,-0.01950,0.17940,-0.74100,0.76266,1007.94,1000,-7.94,50.50,203,2.2861,0.4865,LOCK,2,misalignment
707,7003001,7201,7214,-0.05850,0.12870,-0.83460,0.84649,1007.94,1000,-7.94,50.50,203,2.2813,0.4135,LOCK,2,misalignment
708,7003009,7209,7222,-0.01950,0.07410,-0.80340,0.80705,1007.94,1000,-7.94,50.50,203,2.2892,0.5335,LOCK,2,misalignment
709,7003018,7218,7231,-0.01950,0.08970,-0.77610,0.78151,1007.94,1000,-7.94,50.50,203,2.2876,0.5097,LOCK,2,misalignment
710,7003026,7226,7239,0.00780,0.12480,-0.80340,0.81307,1007.94,1000,-7.94,50.50,203,2.2637,0.1470,LOCK,2,misalignment
711,7003035,7235,7248,0.02730,0.03120,-0.78000,0.78110,1007.94,1000,-7.94,50.50,203,2.2735,0.2951,LOCK,2,misalignment
712,7003043,7243,7256,0.02730,0.03120,-0.78000,0.78110,1007.94,1000,-7.94,50.50,203,2.2803,0.3982,LOCK,2,misalignment
713,7003055,7255,7268,0.06240,-0.02730,-0.78000,0.78297,1007.96,1000,-7.96,50.50,203,2.2889,0.5292,LOCK,2,misalignment
714,7003064,7264,7277,0.06240,-0.02730,-0.78000,0.78297,1007.98,1000,-7.98,50.50,203,2.2845,0.4614,LOCK,2,misalignment
715,7003072,7272,7285,-0.00780,0.02730,-0.78000,0.78052,1008.00,1000,-8.00,50.50,203,2.2903,0.5499,LOCK,2,misalignment
716,7003081,7281,7294,-0.03510,-0.02730,-0.79950,0.80074,1008.02,1000,-8.02,50.50,203,2.2956,0.6299,LOCK,2,misalignment
717,7003089,7289,7302,0.02340,0.15210,-0.76440,0.77974,1008.03,1000,-8.03,50.50,203,2.2883,0.5197,LOCK,2,misalignment
718,7003098,7298,7311,0.10140,0.05850,-0.76440,0.77331,1008.05,1000,-8.05,50.50,203,2.2859,0.4840,LOCK,2,misalignment
719,7003106,7306,7319,-0.05850,0.26130,-0.85020,0.89137,1008.06,1000,-8.06,50.50,203,2.2900,0.5460,LOCK,2,misalignment
720,7003115,7315,7328,-0.05850,0.26130,-0.85020,0.89137,1008.05,1000,-8.05,50.50,203,2.2873,0.5045,LOCK,2,misalignment
721,7003123,7323,7336,0.00390,-0.05070,-0.72150,0.72329,1008.05,1000,-8.05,50.50,203,2.2663,0.1870,LOCK,2,misalignment
722,7003132,7332,7345,-0.03510,-0.14820,-0.92820,0.94061,1008.04,1000,-8.04,50.50,203,2.2691,0.2288,LOCK,2,misalignment
723,7003140,7340,7353,-0.05460,-0.13260,-0.78000,0.79307,1008.04,1000,-8.04,50.50,203,2.2689,0.2264,LOCK,2,misalignment
724,7003149,7349,7362,0.03510,0.02730,-0.83070,0.83189,1008.03,1000,-8.03,50.50,203,2.2668,0.1934,LOCK,2,misalignment
725,7003164,7364,7377,-0.00390,0.09360,-0.75270,0.75851,1008.03,1000,-8.03,50.50,203,2.2893,0.5356,LOCK,2,misalignment
726,7003172,7372,7385,0.02340,0.19110,-0.71370,0.73921,1008.02,1000,-8.02,50.50,203,2.2861,0.4865,LOCK,2,misalignment
727,7003181,7381,7394,-0.01170,0.03510,-0.79170,0.79256,1008.02,1000,-8.02,50.50,203,2.2888,0.5274,LOCK,2,misalignment
728,7003189,7389,7402,0.10920,0.07020,-0.85800,0.86777,1008.01,1000,-8.01,50.50,203,2.2886,0.5249,LOCK,2,misalignment
729,7003198,7398,7411,0.10920,0.07020,-0.85800,0.86777,1008.01,1000,-8.01,50.50,203,2.2906,0.5551,LOCK,2,misalignment
730,7003206,7406,7419,-0.03120,-0.19500,-0.82680,0.85006,1008.01,1000,-8.01,50.50,203,2.2761,0.3348,LOCK,2,misalignment
731,7003215,7415,7428,0.01170,0.00390,-0.86190,0.86199,1008.00,1000,-8.00,50.50,203,2.2846,0.4642,LOCK,2,misalignment
732,7003223,7423,7436,0.09360,-0.08970,-0.76440,0.77532,1008.00,1000,-8.00,50.50,203,2.2877,0.5106,LOCK,2,misalignment
733,7003232,7432,7445,0.10530,0.08970,-0.84240,0.85368,1007.99,1000,-7.99,50.50,203,2.2719,0.2709,LOCK,2,misalignment
734,7003240,7440,7453,0.10530,0.03510,-0.81510,0.82262,1007.99,1000,-7.99,50.50,203,2.2717,0.2688,LOCK,2,misalignment
735,7003248,7448,7461,0.10530,0.03510,-0.81510,0.82262,1007.98,1000,-7.98,50.50,203,2.2686,0.2206,LOCK,2,misalignment
736,7003257,7457,7470,-0.12870,0.10530,-0.82290,0.83953,1007.97,1000,-7.97,50.50,203,2.2919,0.5741,LOCK,2,misalignment
737,7003266,7466,7479,-0.06630,0.07800,-0.78780,0.79442,1007.97,1000,-7.97,50.50,203,2.2876,0.5084,LOCK,2,misalignment
738,7003274,7474,7487,0.07410,-0.05850,-0.79560,0.80118,1007.96,1000,-7.96,50.50,203,2.2907,0.5561,LOCK,2,misalignment
739,7003283,7483,7496,0.03510,0.13650,-0.72540,0.73897,1007.96,1000,-7.96,50.50,203,2.2869,0.4984,LOCK,2,misalignment
740,7003291,7491,7504,-0.07020,0.04290,-0.83460,0.83865,1007.96,1000,-7.96,50.50,203,2.2777,0.3586,LOCK,2,misalignment
741,7003300,7500,7513,-0.07020,0.04290,-0.83460,0.83865,1007.96,1000,-7.96,50.50,203,2.2872,0.5029,LOCK,2,misalignment
742,7003309,7509,7522,-0.06630,0.07800,-0.75660,0.76349,1007.97,1000,-7.97,50.50,203,2.2971,0.6528,LOCK,2,misalignment
743,7003317,7517,7530,-0.07410,0.01560,-0.82290,0.82638,1007.97,1000,-7.97,50.50,203,2.2971,0.6528,LOCK,2,misalignment
744,7003326,7526,7539,-0.04290,0.20280,-0.77610,0.80331,1007.97,1000,-7.97,50.50,203,2.2813,0.4135,LOCK,2,misalignment
745,7003334,7534,7547,-0.03900,0.05460,-0.74880,0.75180,1007.97,1000,-7.97,50.50,203,2.2684,0.2175,LOCK,2,misalignment
746,7003342,7542,7555,0.00780,0.14820,-0.73320,0.74807,1007.97,1000,-7.97,50.50,203,2.2837,0.4495,LOCK,2,misalignment
747,7003351,7551,7564,0.00780,0.14820,-0.73320,0.74807,1007.98,1000,-7.98,50.50,203,2.2603,0.0960,LOCK,2,misalignment
748,7003369,7569,7582,-0.02730,-0.09750,-0.89700,0.90270,1007.98,1000,-7.98,50.50,203,2.2881,0.5167,LOCK,2,misalignment
749,7003378,7578,7591,0.02730,-0.01560,-0.77220,0.77284,1007.99,1000,-7.99,50.50,203,2.2975,0.6595,LOCK,2,misalignment
750,7003386,7586,7599,0.00780,0.18330,-0.81120,0.83169,1007.99,1000,-7.99,50.50,203,2.2988,0.6788,LOCK,2,misalignment
751,7003394,7594,7607,0.00390,0.13260,-0.74100,0.75278,1008.00,1000,-8.00,50.50,203,2.2819,0.4221,LOCK,2,misalignment
752,7003403,7603,7616,0.00390,0.13260,-0.74100,0.75278,1008.00,1000,-8.00,50.50,203,2.2914,0.5664,LOCK,2,misalignment
753,7003411,7611,7624,0.00390,0.22620,-0.81510,0.84591,1008.02,1000,-8.02,50.50,203,2.2794,0.3848,LOCK,2,misalignment
754,7003420,7620,7633,-0.05460,0.03900,-0.76830,0.77122,1008.03,1000,-8.03,50.50,203,2.2908,0.5576,LOCK,2,misalignment
755,7003428,7628,7641,-0.01950,0.02340,-0.85800,0.85854,1008.04,1000,-8.04,50.50,203,2.2630,0.1366,LOCK,2,misalignment
756,7003437,7637,7650,-0.08970,-0.21450,-0.83070,0.86262,1008.05,1000,-8.05,50.50,203,2.2626,0.1296,LOCK,2,misalignment
757,7003445,7645,7658,0.05070,0.08580,-0.79950,0.80569,1008.07,1000,-8.07,50.50,203,2.2746,0.3115,LOCK,2,misalignment
758,7003454,7654,7667,0.05070,0.08580,-0.79950,0.80569,1008.07,1000,-8.07,50.50,203,2.2656,0.1760,LOCK,2,misalignment
759,7003465,7665,7678,-0.15990,-0.02340,-0.60840,0.62950,1008.09,1000,-8.09,50.50,203,2.2945,0.6131,LOCK,2,misalignment
760,7003474,7674,7687,-0.15990,-0.02340,-0.60840,0.62950,1008.11,1000,-8.11,50.50,203,2.2932,0.5933,LOCK,2,misalignment
761,7003482,7682,7695,0.03120,0.03120,-0.80730,0.80850,1008.13,1000,-8.13,50.50,203,2.2865,0.4932,LOCK,2,misalignment
762,7003491,7691,7704,0.01950,0.00000,-0.79950,0.79974,1008.14,1000,-8.14,50.50,203,2.2892,0.5341,LOCK,2,misalignment
763,7003499,7699,7712,-0.03120,-0.00780,-0.78000,0.78066,1008.16,1000,-8.16,50.50,203,2.2844,0.4599,LOCK,2,misalignment
764,7003508,7708,7721,-0.02730,-0.03120,-0.86190,0.86290,1008.17,1000,-8.17,50.50,203,2.2805,0.4010,LOCK,2,misalignment
765,7003516,7716,7729,0.10530,0.00780,-0.72540,0.73304,1008.18,1000,-8.18,50.50,203,2.2919,0.5744,LOCK,2,misalignment
766,7003525,7725,7738,0.10530,0.00780,-0.72540,0.73304,1008.18,1000,-8.18,50.50,203,2.2891,0.5319,LOCK,2,misalignment
767,7003533,7733,7746,0.05070,-0.04290,-0.86190,0.86445,1008.19,1000,-8.19,50.50,203,2.2682,0.2151,LOCK,2,misalignment
768,7003541,7741,7754,0.00780,0.02340,-0.72540,0.72582,1008.19,1000,-8.19,50.50,203,2.2740,0.3033,LOCK,2,misalignment
769,7003550,7750,7763,-0.08190,0.11310,-0.83460,0.84620,1008.20,1000,-8.20,50.50,203,2.2686,0.2218,LOCK,2,misalignment
770,7003558,7758,7771,0.00000,0.10530,-0.69810,0.70600,1008.20,1000,-8.20,50.50,203,2.2656,0.1757,LOCK,2,misalignment
771,7003573,7773,7786,0.15210,0.05070,-0.80730,0.82307,1008.20,1000,-8.20,50.50,203,2.2858,0.4825,LOCK,2,misalignment
772,7003582,7782,7795,-0.07800,0.13650,-0.83850,0.85311,1008.20,1000,-8.20,50.50,203,2.2895,0.5380,LOCK,2,misalignment
773,7003590,7790,7803,-0.04290,0.08190,-0.70590,0.71193,1008.20,1000,-8.20,50.50,203,2.2916,0.5698,LOCK,2,misalignment
774,7003599,7799,7812,-0.12090,-0.02340,-0.83070,0.83978,1008.20,1000,-8.20,50.50,203,2.2869,0.4984,LOCK,2,misalignment
775,7003607,7807,7820,-0.12090,-0.02340,-0.83070,0.83978,1008.20,1000,-8.20,50.50,203,2.2825,0.4318,LOCK,2,misalignment
776,7003616,7816,7829,0.00780,0.02730,-0.81510,0.81559,1008.20,1000,-8.20,50.50,203,2.2985,0.6739,LOCK,2,misalignment
777,7003624,7824,7837,-0.03120,0.10140,-0.84240,0.84905,1008.20,1000,-8.20,50.50,203,2.2947,0.6174,LOCK,2,misalignment
778,7003633,7833,7846,0.01560,0.05850,-0.79950,0.80179,1008.20,1000,-8.20,50.50,203,2.2654,0.1730,LOCK,2,misalignment
779,7003641,7841,7854,0.05460,0.06240,-0.72930,0.73400,1008.20,1000,-8.20,50.50,203,2.2749,0.3167,LOCK,2,misalignment
780,7003650,7850,7863,0.11310,0.07410,-0.78000,0.79163,1008.20,1000,-8.20,50.50,203,2.2671,0.1992,LOCK,2,misalignment
781,7003658,7858,7871,0.11310,0.07410,-0.78000,0.79163,1008.20,1000,-8.20,50.50,203,2.2693,0.2319,LOCK,2,misalignment
782,7003671,7871,7884,-0.04680,-0.22230,-0.85410,0.88380,1008.20,1000,-8.20,50.50,203,2.2851,0.4706,LOCK,2,misalignment
783,7003680,7880,7893,-0.04680,-0.22230,-0.85410,0.88380,1008.20,1000,-8.20,50.50,203,2.2935,0.5982,LOCK,2,misalignment
784,7003688,7888,7901,-0.00390,0.17940,-0.79950,0.81939,1008.19,1000,-8.19,50.50,203,2.2880,0.5152,LOCK,2,misalignment
785,7003697,7897,7910,0.05460,0.04290,-0.80730,0.81028,1008.19,1000,-8.19,50.50,203,2.2869,0.4990,LOCK,2,misalignment
786,7003705,7905,7918,0.02730,0.29250,-0.79170,0.84445,1008.20,1000,-8.20,50.50,203,2.2908,0.5573,LOCK,2,misalignment
787,7003714,7914,7927,0.03510,0.01170,-0.85020,0.85100,1008.20,1000,-8.20,50.50,203,2.2858,0.4813,LOCK,2,misalignment
788,7003722,7922,7935,-0.05460,0.03510,-0.85800,0.86045,1008.20,1000,-8.20,50.50,203,2.2912,0.5640,LOCK,2,misalignment
789,7003731,7931,7944,-0.05460,0.03510,-0.85800,0.86045,1008.20,1000,-8.20,50.50,203,2.2910,0.5600,LOCK,2,misalignment
790,7003739,7939,7952,0.00000,-0.04290,-0.82290,0.82402,1008.20,1000,-8.20,50.50,203,2.2579,0.0594,LOCK,2,misalignment
791,7003748,7948,7961,0.02730,-0.00390,-0.77610,0.77659,1008.20,1000,-8.20,50.50,203,2.2625,0.1290,LOCK,2,misalignment
792,7003756,7956,7969,0.02730,0.00390,-0.74100,0.74151,1008.20,1000,-8.20,50.50,203,2.2719,0.2716,LOCK,2,misalignment
793,7003765,7965,7978,-0.05460,-0.01170,-0.65910,0.66146,1008.20,1000,-8.20,50.50,203,2.2674,0.2032,LOCK,2,misalignment
794,7003778,7978,7991,0.05850,0.03900,-0.75660,0.75986,1008.20,1000,-8.20,50.50,203,2.2788,0.3757,LOCK,2,misalignment
795,7003786,7986,7999,0.02730,0.03510,-0.76830,0.76959,1008.20,1000,-8.20,50.50,203,2.2853,0.4736,LOCK,2,misalignment
796,7003795,7995,8008,0.01950,0.05850,-0.79170,0.79410,1008.20,1000,-8.20,50.50,203,2.2862,0.4886,LOCK,2,misalignment
797,7003803,8003,8016,0.01170,0.04680,-0.78780,0.78928,1008.20,1000,-8.20,50.50,203,2.2869,0.4978,LOCK,2,misalignment
798,7003812,8012,8025,0.01170,0.04680,-0.78780,0.78928,1008.20,1000,-8.20,50.50,203,2.2896,0.5393,LOCK,2,misalignment
799,7003821,8021,8034,0.19110,-0.06240,-0.79170,0.81682,1008.20,1000,-8.20,50.50,203,2.2841,0.4553,LOCK,2,misalignment
800,7003829,8029,8042,0.00780,0.10140,-0.74100,0.74795,1008.19,1000,-8.19,50.50,203,2.2869,0.4990,LOCK,2,misalignment
801,7003838,8038,8051,-0.05070,0.02730,-0.83070,0.83269,1008.19,1000,-8.19,50.50,203,2.2461,-0.1201,LOCK,2,misalignment
802,7003846,8046,8059,-0.08190,0.02340,-0.74880,0.75363,1008.19,1000,-8.19,50.50,203,2.2653,0.1717,LOCK,2,misalignment
803,7003855,8055,8068,-0.03120,0.07410,-0.84630,0.85011,1008.18,1000,-8.18,50.50,203,2.2732,0.2908,LOCK,2,misalignment
804,7003863,8063,8076,-0.03120,0.07410,-0.84630,0.85011,1008.18,1000,-8.18,50.50,203,2.2786,0.3732,LOCK,2,misalignment
805,7003874,8074,8087,0.11310,0.00000,-0.74490,0.75344,1008.18,1000,-8.18,50.50,203,2.2909,0.5585,LOCK,2,misalignment
806,7003882,8082,8095,-0.03120,0.17940,-0.79170,0.81237,1008.18,1000,-8.18,50.50,203,2.2906,0.5545,LOCK,2,misalignment
807,7003891,8091,8104,-0.00390,0.07020,-0.75660,0.75986,1008.17,1000,-8.17,50.50,203,2.2861,0.4871,LOCK,2,misalignment
808,7003899,8099,8112,-0.11310,-0.03510,-0.81510,0.82366,1008.17,1000,-8.17,50.50,203,2.2923,0.5802,LOCK,2,misalignment
809,7003908,8108,8121,-0.09360,-0.21840,-0.90480,0.93548,1008.16,1000,-8.16,50.50,203,2.2974,0.6571,LOCK,2,misalignment
810,7003916,8116,8129,-0.06630,0.10530,-0.81120,0.82069,1008.16,1000,-8.16,50.50,203,2.2804,0.3995,LOCK,2,misalignment
811,7003925,8125,8138,-0.06630,0.10530,-0.81120,0.82069,1008.16,1000,-8.16,50.50,203,2.2858,0.4822,LOCK,2,misalignment
812,7003933,8133,8146,0.12870,-0.06630,-0.78780,0.80099,1008.15,1000,-8.15,50.50,203,2.2917,0.5707,LOCK,2,misalignment
813,7003942,8142,8155,0.08970,0.31590,-0.69810,0.77148,1008.14,1000,-8.14,50.50,203,2.2635,0.1434,LOCK,2,misalignment
814,7003950,8150,8163,0.07020,0.06630,-0.82290,0.82855,1008.13,1000,-8.13,50.50,203,2.2550,0.0155,LOCK,2,misalignment
815,7003959,8159,8172,-0.00390,-0.01950,-0.81120,0.81144,1008.12,1000,-8.12,50.50,203,2.2738,0.2996,LOCK,2,misalignment
816,7003967,8167,8180,-0.00390,-0.01950,-0.81120,0.81144,1008.11,1000,-8.11,50.50,203,2.2792,0.3821,LOCK,2,misalignment
817,7003982,8182,8195,0.00000,0.07410,-0.79560,0.79904,1008.10,1000,-8.10,50.50,203,2.2902,0.5478,LOCK,2,misalignment
818,7003990,8190,8203,0.07410,0.16770,-0.78780,0.80885,1008.09,1000,-8.09,50.50,203,2.2881,0.5170,LOCK,2,misalignment
819,7003999,8199,8212,-0.08970,0.10920,-0.70980,0.72373,1008.09,1000,-8.09,50.50,203,2.2872,0.5032,LOCK,2,misalignment
820,7004007,8207,8220,-0.08970,0.10920,-0.70980,0.72373,1008.07,1000,-8.07,50.50,203,2.2814,0.4144,LOCK,2,misalignment
821,7004016,8216,8229,0.02730,0.05070,-0.82290,0.82491,1008.05,1000,-8.05,50.50,203,2.2890,0.5304,LOCK,2,misalignment
822,7004024,8224,8237,-0.05460,0.13260,-0.77610,0.78924,1008.03,1000,-8.03,50.50,203,2.2854,0.4764,LOCK,2,misalignment
823,7004033,8233,8246,-0.06630,0.01170,-0.84630,0.84897,1008.02,1000,-8.02,50.50,203,2.2853,0.4743,LOCK,2,misalignment
824,7004041,8241,8254,0.06630,0.08970,-0.74100,0.74935,1008.00,1000,-8.00,50.50,203,2.2917,0.5713,LOCK,2,misalignment
825,7004050,8250,8263,0.00780,0.06240,-0.76830,0.77087,1007.99,1000,-7.99,50.50,203,2.2773,0.3537,LOCK,2,misalignment
826,7004058,8258,8271,0.00780,0.06240,-0.76830,0.77087,1007.98,1000,-7.98,50.50,203,2.2858,0.4825,LOCK,2,misalignment
827,7004068,8268,8281,-0.00780,0.00390,-0.69030,0.69036,1007.83,1000,-7.83,50.50,203,2.2752,0.3216,LOCK,2,misalignment
828,7004078,8278,8291,0.01170,0.05070,-0.86970,0.87126,1007.76,1000,-7.76,50.50,203,2.2909,0.5591,LOCK,2,misalignment
829,7004088,8288,8301,0.01170,0.00780,-0.77610,0.77623,1007.74,1000,-7.74,50.50,203,2.2833,0.4446,LOCK,2,misalignment
830,7004098,8298,8311,-0.05070,0.01560,-0.88920,0.89078,1007.73,1000,-7.73,50.50,203,2.2897,0.5414,LOCK,2,misalignment
831,7004108,8308,8321,0.01170,0.04290,-0.76050,0.76180,1007.73,1000,-7.73,50.50,203,2.2872,0.5032,LOCK,2,misalignment
832,7004118,8318,8331,0.14430,-0.04290,-0.85020,0.86343,1007.73,1000,-7.73,50.50,203,2.2951,0.6232,LOCK,2,misalignment
833,7004128,8328,8341,-0.04680,0.09750,-0.77610,0.78360,1007.67,1000,-7.67,50.50,203,2.2954,0.6272,LOCK,2,misalignment
834,7004138,8338,8351,0.07410,0.04680,-0.78000,0.78491,1007.65,1000,-7.65,50.50,203,2.2951,0.6220,LOCK,2,misalignment
835,7004148,8348,8361,-0.03900,-0.12480,-0.84240,0.85249,1007.65,1000,-7.65,50.50,203,2.2925,0.5826,LOCK,2,misalignment
836,7004158,8358,8371,0.00000,0.07800,-0.78390,0.78777,1007.65,1000,-7.65,50.50,203,2.2744,0.3094,LOCK,2,misalignment
837,7004168,8368,8381,0.12870,-0.08190,-0.79170,0.80626,1007.65,1000,-7.65,50.50,203,2.2697,0.2383,LOCK,2,misalignment
838,7004181,8381,8394,-0.09750,0.22230,-0.88140,0.91422,1007.65,1000,-7.65,50.50,203,2.2902,0.5487,LOCK,2,misalignment
839,7004190,8390,8403,0.11310,-0.07800,-0.72150,0.73446,1007.62,1000,-7.62,50.50,203,2.2870,0.4993,LOCK,2,misalignment
840,7004199,8399,8412,-0.07800,0.01170,-0.88530,0.88881,1007.60,1000,-7.60,50.50,203,2.2995,0.6891,LOCK,2,misalignment
841,7004208,8408,8421,-0.01170,0.00000,-0.81120,0.81128,1007.52,1000,-7.52,50.50,203,2.2873,0.5051,LOCK,2,misalignment
842,7004218,8418,8431,-0.09360,0.08970,-0.82680,0.83690,1007.44,1000,-7.44,50.50,203,2.2867,0.4950,LOCK,2,misalignment
843,7004228,8428,8441,0.08970,-0.01170,-0.77220,0.77748,1007.42,1000,-7.42,50.50,203,2.2862,0.4886,LOCK,2,misalignment
844,7004238,8438,8451,-0.02730,0.20670,-0.72930,0.75852,1007.41,1000,-7.41,50.50,203,2.2920,0.5759,LOCK,2,misalignment
845,7004248,8448,8461,-0.03900,0.05850,-0.77220,0.77539,1007.48,1000,-7.48,50.50,203,2.2930,0.5905,LOCK,2,misalignment
846,7004258,8458,8471,0.03510,0.07800,-0.80730,0.81182,1007.50,1000,-7.50,50.50,203,2.2648,0.1629,LOCK,2,misalignment
847,7004268,8468,8481,0.00780,-0.04290,-0.81900,0.82016,1007.51,1000,-7.51,50.50,203,2.2712,0.2603,LOCK,2,misalignment
848,7004278,8478,8491,0.04290,0.11310,-0.81900,0.82788,1007.51,1000,-7.51,50.50,203,2.2788,0.3763,LOCK,2,misalignment
849,7004288,8488,8501,-0.06240,0.11310,-0.81120,0.82142,1007.51,1000,-7.51,50.50,203,2.2908,0.5570,LOCK,2,misalignment
850,7004298,8498,8511,-0.07020,0.05850,-0.69030,0.69632,1007.51,1000,-7.51,50.50,203,2.2927,0.5866,LOCK,2,misalignment
851,7004308,8508,8521,0.08190,0.00780,-0.83070,0.83476,1007.47,1000,-7.47,50.50,203,2.2844,0.4611,LOCK,2,misalignment
852,7004318,8518,8531,-0.11700,0.03510,-0.82290,0.83192,1007.46,1000,-7.46,50.50,203,2.2972,0.6550,LOCK,2,misalignment
853,7004328,8528,8541,-0.02730,0.00390,-0.82290,0.82336,1007.45,1000,-7.45,50.50,203,2.2947,0.6171,LOCK,2,misalignment
854,7004338,8538,8551,0.00390,0.03120,-0.74490,0.74556,1007.45,1000,-7.45,50.50,203,2.2831,0.4416,LOCK,2,misalignment
855,7004348,8548,8561,0.14040,0.09360,-0.75270,0.77138,1007.45,1000,-7.45,50.50,203,2.2912,0.5640,LOCK,2,misalignment
856,7004358,8558,8571,-0.05070,0.20670,-0.78390,0.81228,1007.40,1000,-7.40,50.50,203,2.2698,0.2389,LOCK,2,misalignment
857,7004368,8568,8581,0.06240,0.10140,-0.85020,0.85850,1007.25,1000,-7.25,50.50,203,2.2770,0.3491,LOCK,2,misalignment
858,7004381,8581,8594,0.01170,-0.08970,-0.83460,0.83949,1007.23,1000,-7.23,50.50,203,2.2825,0.4324,LOCK,2,misalignment
859,7004390,8590,8603,-0.03900,-0.00390,-0.78780,0.78877,1007.22,1000,-7.22,50.50,203,2.2950,0.6214,LOCK,2,misalignment
860,7004398,8598,8611,0.03900,0.13260,-0.82290,0.83443,1007.22,1000,-7.22,50.50,203,2.2875,0.5069,LOCK,2,misalignment
861,7004408,8608,8621,0.03900,0.13260,-0.82290,0.83443,1007.21,1000,-7.21,50.50,203,2.2925,0.5835,LOCK,2,misalignment
862,7004418,8618,8631,0.03900,0.00390,-0.79170,0.79267,1007.24,1000,-7.24,50.50,203,2.2926,0.5854,LOCK,2,misalignment
863,7004428,8628,8641,-0.09750,0.08970,-0.67860,0.69141,1007.29,1000,-7.29,50.50,203,2.2810,0.4095,LOCK,2,misalignment
864,7004438,8638,8651,-0.04290,0.04680,-0.79950,0.80202,1007.30,1000,-7.30,50.50,203,2.2920,0.5756,LOCK,2,misalignment
865,7004448,8648,8661,0.01560,0.05460,-0.81900,0.82097,1007.31,1000,-7.31,50.50,203,2.2932,0.5933,LOCK,2,misalignment
866,7004458,8658,8671,-0.01560,-0.01560,-0.81510,0.81540,1007.31,1000,-7.31,50.50,203,2.2728,0.2847,LOCK,2,misalignment
867,7004468,8668,8681,0.04680,0.01170,-0.76830,0.76981,1007.31,1000,-7.31,50.50,203,2.2765,0.3409,LOCK,2,misalignment
868,7004478,8678,8691,0.05070,0.16770,-0.78780,0.80705,1007.26,1000,-7.26,50.50,203,2.2755,0.3256,LOCK,2,misalignment
869,7004497,8697,8710,-0.01950,0.03510,-0.85410,0.85504,1007.25,1000,-7.25,50.50,203,2.2891,0.5319,LOCK,2,misalignment
870,7004505,8705,8718,-0.12870,-0.00390,-0.88920,0.89847,1007.25,1000,-7.25,50.50,203,2.2881,0.5167,LOCK,2,misalignment
871,7004514,8714,8727,-0.05850,0.06630,-0.81120,0.81600,1007.25,1000,-7.25,50.50,203,2.2911,0.5622,LOCK,2,misalignment
872,7004522,8722,8735,0.09750,-0.02340,-0.79170,0.79802,1007.25,1000,-7.25,50.50,203,2.2896,0.5390,LOCK,2,misalignment
873,7004531,8731,8744,0.09750,-0.02340,-0.79170,0.79802,1007.24,1000,-7.24,50.50,203,2.2868,0.4974,LOCK,2,misalignment
874,7004539,8739,8752,0.05460,0.35490,-0.67470,0.76430,1007.24,1000,-7.24,50.50,203,2.2873,0.5048,LOCK,2,misalignment
875,7004548,8748,8761,-0.06240,0.08190,-0.90090,0.90676,1007.23,1000,-7.23,50.50,203,2.2919,0.5750,LOCK,2,misalignment
876,7004558,8758,8771,-0.03900,0.01170,-0.76830,0.76938,1007.21,1000,-7.21,50.50,203,2.2724,0.2789,LOCK,2,misalignment
877,7004568,8768,8781,-0.03120,0.03120,-0.81120,0.81240,1007.20,1000,-7.20,50.50,203,2.2650,0.1659,LOCK,2,misalignment
878,7004581,8781,8794,-0.00780,0.08190,-0.84240,0.84641,1007.20,1000,-7.20,50.50,203,2.2780,0.3638,LOCK,2,misalignment
879,7004590,8790,8803,-0.07020,0.14430,-0.75660,0.77343,1007.20,1000,-7.20,50.50,203,2.2901,0.5463,LOCK,2,misalignment
880,7004599,8799,8812,0.01170,0.00780,-0.72930,0.72944,1007.21,1000,-7.21,50.50,203,2.2910,0.5606,LOCK,2,misalignment
881,7004608,8808,8821,0.12480,0.04680,-0.72930,0.74138,1007.24,1000,-7.24,50.50,203,2.2904,0.5521,LOCK,2,misalignment
882,7004618,8818,8831,-0.01950,-0.01950,-0.86580,0.86624,1007.29,1000,-7.29,50.50,203,2.2932,0.5942,LOCK,2,misalignment
883,7004628,8828,8841,0.01950,-0.05460,-0.77610,0.77826,1007.30,1000,-7.30,50.50,203,2.2960,0.6357,LOCK,2,misalignment
884,7004638,8838,8851,0.02340,0.12480,-0.80340,0.81337,1007.30,1000,-7.30,50.50,203,2.2838,0.4517,LOCK,2,misalignment
885,7004648,8848,8861,0.06630,0.06240,-0.75270,0.75819,1007.30,1000,-7.30,50.50,203,2.2890,0.5301,LOCK,2,misalignment
886,7004658,8858,8871,-0.07020,0.09360,-0.73710,0.74633,1007.31,1000,-7.31,50.50,203,2.2885,0.5222,LOCK,2,misalignment
887,7004668,8868,8881,0.00390,0.08190,-0.84630,0.85026,1007.31,1000,-7.31,50.50,203,2.2800,0.3940,LOCK,2,misalignment
888,7004678,8878,8891,0.02730,-0.03120,-0.76050,0.76163,1007.31,1000,-7.31,50.50,203,2.2665,0.1901,LOCK,2,misalignment
889,7004688,8888,8901,-0.08970,-0.06630,-0.90480,0.91165,1007.31,1000,-7.31,50.50,203,2.2702,0.2447,LOCK,2,misalignment
890,7004698,8898,8911,0.01560,0.05070,-0.75270,0.75457,1007.31,1000,-7.31,50.50,203,2.2928,0.5872,LOCK,2,misalignment
891,7004708,8908,8921,-0.00390,-0.04290,-0.84240,0.84350,1007.31,1000,-7.31,50.50,203,2.2888,0.5277,LOCK,2,misalignment
892,7004718,8918,8931,-0.04680,0.02730,-0.64740,0.64966,1007.34,1000,-7.34,50.50,203,2.2872,0.5029,LOCK,2,misalignment
893,7004728,8928,8941,-0.00390,0.04680,-0.78000,0.78141,1007.35,1000,-7.35,50.50,203,2.2929,0.5887,LOCK,2,misalignment
894,7004738,8938,8951,0.02340,-0.05460,-0.86970,0.87173,1007.36,1000,-7.36,50.50,203,2.2882,0.5179,LOCK,2,misalignment
895,7004748,8948,8961,0.00780,-0.02730,-0.73710,0.73765,1007.36,1000,-7.36,50.50,203,2.2896,0.5393,LOCK,2,misalignment
896,7004758,8958,8971,0.02730,-0.12870,-0.90090,0.91046,1007.36,1000,-7.36,50.50,203,2.2885,0.5225,LOCK,2,misalignment
897,7004768,8968,8981,0.05460,0.10530,-0.78780,0.79668,1007.36,1000,-7.36,50.50,203,2.2707,0.2532,LOCK,2,misalignment
898,7004781,8981,8994,0.07020,-0.01560,-0.80340,0.80661,1007.33,1000,-7.33,50.50,203,2.2745,0.3103,LOCK,2,misalignment
899,7004790,8990,9003,0.10530,0.00390,-0.80730,0.81415,1007.32,1000,-7.32,50.50,203,2.2731,0.2893,LOCK,2,misalignment
900,7004799,8999,9012,-0.05070,0.08190,-0.78390,0.78980,1007.32,1000,-7.32,50.50,203,2.2868,0.4962,LOCK,2,misalignment
901,7004808,9008,9021,-0.05070,0.08190,-0.78390,0.78980,1007.30,1000,-7.30,50.50,203,2.2896,0.5399,LOCK,2,misalignment
902,7004818,9018,9031,-0.01950,0.01560,-0.81510,0.81548,1007.29,1000,-7.29,50.50,203,2.2930,0.5909,LOCK,2,misalignment
903,7004828,9028,9041,0.05850,-0.01170,-0.71760,0.72008,1007.28,1000,-7.28,50.50,203,2.2881,0.5161,LOCK,2,misalignment
904,7004838,9038,9051,0.00000,0.19110,-0.80340,0.82582,1007.32,1000,-7.32,50.50,203,2.2841,0.4565,LOCK,2,misalignment
905,7004848,9048,9061,-0.05460,0.09360,-0.77220,0.77977,1007.33,1000,-7.33,50.50,203,2.2917,0.5719,LOCK,2,misalignment
906,7004858,9058,9071,-0.06240,-0.04290,-0.83070,0.83414,1007.33,1000,-7.33,50.50,203,2.2880,0.5145,LOCK,2,misalignment
907,7004868,9068,9081,0.03510,0.00390,-0.81120,0.81197,1007.34,1000,-7.34,50.50,203,2.2621,0.1229,LOCK,2,misalignment
908,7004878,9078,9091,-0.01950,0.11310,-0.82290,0.83086,1007.34,1000,-7.34,50.50,203,2.2602,0.0942,LOCK,2,misalignment
909,7004888,9088,9101,0.06630,0.10920,-0.80730,0.81735,1007.34,1000,-7.34,50.50,203,2.2724,0.2783,LOCK,2,misalignment
910,7004898,9098,9111,0.05460,0.04680,-0.63180,0.63588,1007.30,1000,-7.30,50.50,203,2.2965,0.6437,LOCK,2,misalignment
911,7004908,9108,9121,0.05850,0.05460,-0.83850,0.84231,1007.28,1000,-7.28,50.50,203,2.2845,0.4617,LOCK,2,misalignment
912,7004918,9118,9131,-0.03120,-0.02730,-0.71370,0.71490,1007.28,1000,-7.28,50.50,203,2.2849,0.4678,LOCK,2,misalignment
913,7004928,9128,9141,-0.03900,-0.03900,-0.87750,0.87923,1007.28,1000,-7.28,50.50,203,2.2784,0.3695,LOCK,2,misalignment
914,7004938,9138,9151,0.03120,0.12480,-0.70980,0.72136,1007.28,1000,-7.28,50.50,203,2.2834,0.4456,LOCK,2,misalignment
915,7004948,9148,9161,0.13260,0.09750,-0.81900,0.83537,1007.28,1000,-7.28,50.50,203,2.2844,0.4599,LOCK,2,misalignment
916,7004958,9158,9171,-0.05850,0.23010,-0.80340,0.83775,1007.33,1000,-7.33,50.50,203,2.2904,0.5509,LOCK,2,misalignment
917,7004968,9168,9181,0.01170,0.05460,-0.77220,0.77422,1007.35,1000,-7.35,50.50,203,2.2638,0.1492,LOCK,2,misalignment
918,7004981,9181,9194,-0.01560,-0.02340,-0.90090,0.90134,1007.35,1000,-7.35,50.50,203,2.2704,0.2478,LOCK,2,misalignment
919,7004990,9190,9203,-0.07410,-0.10920,-0.74880,0.76034,1007.35,1000,-7.35,50.50,203,2.2704,0.2487,LOCK,2,misalignment
920,7004999,9199,9212,0.05070,0.04290,-0.79560,0.79837,1007.35,1000,-7.35,50.50,203,2.2858,0.4819,LOCK,2,misalignment
921,7005008,9208,9221,0.03900,0.08190,-0.72150,0.72718,1007.35,1000,-7.35,50.50,203,2.2912,0.5643,LOCK,2,misalignment
922,7005018,9218,9231,0.00780,0.09360,-0.69810,0.70439,1007.38,1000,-7.38,50.50,203,2.2794,0.3851,LOCK,2,misalignment
923,7005028,9228,9241,-0.00390,0.07410,-0.78000,0.78352,1007.38,1000,-7.38,50.50,203,2.2872,0.5032,LOCK,2,misalignment
924,7005038,9238,9251,0.09750,0.13650,-0.84630,0.86276,1007.39,1000,-7.39,50.50,203,2.2848,0.4663,LOCK,2,misalignment
925,7005048,9248,9261,-0.01950,-0.17550,-0.82680,0.84545,1007.39,1000,-7.39,50.50,203,2.2867,0.4959,LOCK,2,misalignment
926,7005058,9258,9271,0.01170,-0.04680,-0.88530,0.88661,1007.39,1000,-7.39,50.50,203,2.2853,0.4743,LOCK,2,misalignment
927,7005068,9268,9281,0.13260,-0.12090,-0.76830,0.78898,1007.39,1000,-7.39,50.50,203,2.2950,0.6217,LOCK,2,misalignment
928,7005078,9278,9291,0.07410,0.05070,-0.79170,0.79677,1007.55,1000,-7.55,50.50,203,2.2770,0.3479,LOCK,2,misalignment
929,7005088,9288,9301,0.11310,-0.01560,-0.81900,0.82692,1007.60,1000,-7.60,50.50,203,2.2665,0.1894,LOCK,2,misalignment
930,7005098,9298,9311,-0.08190,0.05070,-0.80340,0.80915,1007.61,1000,-7.61,50.50,203,2.2838,0.4520,LOCK,2,misalignment
931,7005108,9308,9321,-0.05850,0.06630,-0.79560,0.80050,1007.62,1000,-7.62,50.50,203,2.2907,0.5554,LOCK,2,misalignment
932,7005118,9318,9331,0.03510,-0.00780,-0.77220,0.77304,1007.62,1000,-7.62,50.50,203,2.2849,0.4678,LOCK,2,misalignment
933,7005128,9328,9341,-0.00780,0.13260,-0.74490,0.75665,1007.62,1000,-7.62,50.50,203,2.2996,0.6913,LOCK,2,misalignment
934,7005138,9338,9351,-0.04290,0.03900,-0.79950,0.80160,1007.52,1000,-7.52,50.50,203,2.2879,0.5136,LOCK,2,misalignment
935,7005148,9348,9361,-0.07020,0.04680,-0.79170,0.79618,1007.49,1000,-7.49,50.50,203,2.2883,0.5191,LOCK,2,misalignment
936,7005158,9358,9371,-0.04290,0.00390,-0.83460,0.83571,1007.48,1000,-7.48,50.50,203,2.2851,0.4718,LOCK,2,misalignment
937,7005168,9368,9381,-0.07410,0.14820,-0.80340,0.82031,1007.48,1000,-7.48,50.50,203,2.2818,0.4217,LOCK,2,misalignment
938,7005182,9382,9395,0.07800,0.01170,-0.78390,0.78786,1007.48,1000,-7.48,50.50,203,2.2754,0.3247,LOCK,2,misalignment
939,7005190,9390,9403,0.01560,0.11310,-0.70980,0.71892,1007.48,1000,-7.48,50.50,203,2.2674,0.2026,LOCK,2,misalignment
940,7005198,9398,9411,0.13260,0.10920,-0.75270,0.77205,1007.48,1000,-7.48,50.50,203,2.2759,0.3323,LOCK,2,misalignment
941,7005208,9408,9421,0.13260,0.10920,-0.75270,0.77205,1007.49,1000,-7.49,50.50,203,2.2915,0.5683,LOCK,2,misalignment
942,7005218,9418,9431,-0.00780,-0.07800,-0.75270,0.75677,1007.50,1000,-7.50,50.50,203,2.2896,0.5390,LOCK,2,misalignment
943,7005228,9428,9441,0.02730,-0.03510,-0.80340,0.80463,1007.51,1000,-7.51,50.50,203,2.2870,0.4996,LOCK,2,misalignment
944,7005238,9438,9451,0.01170,0.17940,-0.76050,0.78146,1007.51,1000,-7.51,50.50,203,2.2902,0.5484,LOCK,2,misalignment
945,7005248,9448,9461,-0.04290,0.12090,-0.79950,0.80973,1007.51,1000,-7.51,50.50,203,2.2898,0.5423,LOCK,2,misalignment
946,7005258,9458,9471,0.00780,0.13650,-0.72540,0.73817,1007.52,1000,-7.52,50.50,203,2.2843,0.4596,LOCK,2,misalignment
947,7005268,9468,9481,-0.03900,0.05850,-0.85410,0.85699,1007.53,1000,-7.53,50.50,203,2.2932,0.5933,LOCK,2,misalignment
948,7005278,9478,9491,-0.00390,0.02340,-0.79950,0.79985,1007.53,1000,-7.53,50.50,203,2.2651,0.1687,LOCK,2,misalignment
949,7005288,9488,9501,-0.08970,-0.17940,-0.81900,0.84320,1007.53,1000,-7.53,50.50,203,2.2702,0.2450,LOCK,2,misalignment
950,7005298,9498,9511,0.05070,0.08970,-0.78000,0.78678,1007.53,1000,-7.53,50.50,203,2.2522,-0.0276,LOCK,2,misalignment
951,7005308,9508,9521,-0.02730,0.10920,-0.75270,0.76107,1007.53,1000,-7.53,50.50,203,2.2940,0.6067,LOCK,2,misalignment
952,7005318,9518,9531,-0.14040,-0.01560,-0.64740,0.66263,1007.44,1000,-7.44,50.50,203,2.2924,0.5820,LOCK,2,misalignment
953,7005328,9528,9541,0.09360,0.05070,-0.85020,0.85684,1007.42,1000,-7.42,50.50,203,2.2825,0.4318,LOCK,2,misalignment
954,7005338,9538,9551,-0.00390,-0.10530,-0.81510,0.82188,1007.41,1000,-7.41,50.50,203,2.2883,0.5197,LOCK,2,misalignment
955,7005348,9548,9561,0.02340,-0.06630,-0.83460,0.83756,1007.41,1000,-7.41,50.50,203,2.2922,0.5793,LOCK,2,misalignment
956,7005358,9558,9571,-0.03510,-0.08970,-0.81120,0.81690,1007.41,1000,-7.41,50.50,203,2.2809,0.4083,LOCK,2,misalignment
957,7005368,9568,9581,0.12870,0.03900,-0.82290,0.83382,1007.41,1000,-7.41,50.50,203,2.2929,0.5887,LOCK,2,misalignment
958,7005382,9582,9595,0.02340,-0.03900,-0.74880,0.75018,1007.44,1000,-7.44,50.50,203,2.2580,0.0612,LOCK,2,misalignment
959,7005390,9590,9603,0.01950,0.03120,-0.80730,0.80814,1007.45,1000,-7.45,50.50,203,2.2660,0.1821,LOCK,2,misalignment
960,7005398,9598,9611,-0.03900,0.12480,-0.81120,0.82167,1007.45,1000,-7.45,50.50,203,2.2724,0.2783,LOCK,2,misalignment
961,7005408,9608,9621,-0.03120,0.05070,-0.82290,0.82505,1007.47,1000,-7.47,50.50,203,2.2966,0.6461,LOCK,2,misalignment
962,7005418,9618,9631,0.15990,0.00390,-0.83460,0.84979,1007.48,1000,-7.48,50.50,203,2.2916,0.5701,LOCK,2,misalignment
963,7005428,9628,9641,-0.06240,-0.04680,-0.77220,0.77613,1007.49,1000,-7.49,50.50,203,2.2878,0.5124,LOCK,2,misalignment
964,7005438,9638,9651,-0.01560,0.12480,-0.77610,0.78622,1007.51,1000,-7.51,50.50,203,2.2929,0.5887,LOCK,2,misalignment
965,7005448,9648,9661,-0.15210,0.01950,-0.72930,0.74525,1007.51,1000,-7.51,50.50,203,2.2888,0.5280,LOCK,2,misalignment
966,7005458,9658,9671,-0.09360,0.09750,-0.83460,0.84547,1007.51,1000,-7.51,50.50,203,2.2950,0.6214,LOCK,2,misalignment
967,7005468,9668,9681,-0.04680,0.12870,-0.81120,0.82268,1007.51,1000,-7.51,50.50,203,2.2859,0.4840,LOCK,2,misalignment
968,7005478,9678,9691,0.00780,-0.01560,-0.79560,0.79579,1007.51,1000,-7.51,50.50,203,2.2628,0.1333,LOCK,2,misalignment
969,7005488,9688,9701,0.00780,0.08970,-0.67470,0.68068,1007.51,1000,-7.51,50.50,203,2.2669,0.1952,LOCK,2,misalignment
970,7005498,9698,9711,-0.03120,0.07020,-0.74880,0.75273,1007.45,1000,-7.45,50.50,203,2.2726,0.2819,LOCK,2,misalignment
971,7005508,9708,9721,0.03120,0.02340,-0.83070,0.83161,1007.44,1000,-7.44,50.50,203,2.2908,0.5576,LOCK,2,misalignment
972,7005518,9718,9731,-0.00390,-0.18720,-0.85800,0.87819,1007.43,1000,-7.43,50.50,203,2.2887,0.5261,LOCK,2,misalignment
973,7005528,9728,9741,0.01950,0.17550,-0.79560,0.81496,1007.43,1000,-7.43,50.50,203,2.2986,0.6751,LOCK,2,misalignment
974,7005538,9738,9751,0.00000,0.07020,-0.79950,0.80258,1007.43,1000,-7.43,50.50,203,2.2938,0.6028,LOCK,2,misalignment
975,7005548,9748,9761,-0.07800,0.30420,-0.72540,0.79046,1007.43,1000,-7.43,50.50,203,2.2919,0.5750,LOCK,2,misalignment
976,7005558,9758,9771,-0.01170,0.10140,-0.81510,0.82147,1007.54,1000,-7.54,50.50,203,2.2836,0.4480,LOCK,2,misalignment
977,7005568,9768,9781,-0.12090,-0.03510,-0.81120,0.82091,1007.57,1000,-7.57,50.50,203,2.2805,0.4010,LOCK,2,misalignment
978,7005582,9782,9795,0.00390,-0.02730,-0.87360,0.87404,1007.58,1000,-7.58,50.50,203,2.2876,0.5094,LOCK,2,misalignment
979,7005590,9790,9803,0.06630,0.04680,-0.77220,0.77645,1007.58,1000,-7.58,50.50,203,2.2644,0.1580,LOCK,2,misalignment
980,7005598,9798,9811,0.10530,0.03120,-0.74490,0.75295,1007.58,1000,-7.58,50.50,203,2.2623,0.1250,LOCK,2,misalignment
981,7005608,9808,9821,0.10530,0.03120,-0.74490,0.75295,1007.58,1000,-7.58,50.50,203,2.2823,0.4291,LOCK,2,misalignment
982,7005618,9818,9831,-0.05070,0.03510,-0.69030,0.69305,1007.69,1000,-7.69,50.50,203,2.2785,0.3717,LOCK,2,misalignment
983,7005628,9828,9841,0.04290,0.05850,-0.74490,0.74842,1007.73,1000,-7.73,50.50,203,2.2953,0.6263,LOCK,2,misalignment
984,7005638,9838,9851,0.07020,0.14430,-0.86970,0.88438,1007.74,1000,-7.74,50.50,203,2.2861,0.4865,LOCK,2,misalignment
985,7005648,9848,9861,-0.03900,-0.01170,-0.76050,0.76159,1007.74,1000,-7.74,50.50,203,2.2856,0.4782,LOCK,2,misalignment
986,7005658,9858,9871,0.03120,0.02730,-0.83070,0.83173,1007.75,1000,-7.75,50.50,203,2.2871,0.5008,LOCK,2,misalignment
987,7005668,9868,9881,0.10140,-0.03900,-0.74100,0.74892,1007.73,1000,-7.73,50.50,203,2.2815,0.4162,LOCK,2,misalignment
988,7005678,9878,9891,0.00780,0.14820,-0.79170,0.80549,1007.61,1000,-7.61,50.50,203,2.2855,0.4779,LOCK,2,misalignment
989,7005688,9888,9901,-0.02340,0.03900,-0.76050,0.76186,1007.57,1000,-7.57,50.50,203,2.2632,0.1400,LOCK,2,misalignment
990,7005698,9898,9911,-0.11310,0.04680,-0.79560,0.80496,1007.55,1000,-7.55,50.50,203,2.2764,0.3387,LOCK,2,misalignment
991,7005708,9908,9921,-0.05460,0.04680,-0.78390,0.78719,1007.55,1000,-7.55,50.50,203,2.2699,0.2413,LOCK,2,misalignment
992,7005718,9918,9931,0.06630,0.01170,-0.84630,0.84897,1007.55,1000,-7.55,50.50,203,2.2912,0.5637,LOCK,2,misalignment
993,7005728,9928,9941,-0.02730,0.05850,-0.71760,0.72050,1007.55,1000,-7.55,50.50,203,2.2852,0.4733,LOCK,2,misalignment
994,7005738,9938,9951,0.01950,0.13260,-0.87360,0.88382,1007.54,1000,-7.54,50.50,203,2.2819,0.4230,LOCK,2,misalignment
995,7005748,9948,9961,-0.09750,-0.04680,-0.74100,0.74885,1007.53,1000,-7.53,50.50,203,2.2920,0.5759,LOCK,2,misalignment
996,7005758,9958,9971,-0.09750,-0.14040,-0.88530,0.90165,1007.53,1000,-7.53,50.50,203,2.2880,0.5148,LOCK,2,misalignment
997,7005768,9968,9981,-0.05850,0.14430,-0.76830,0.78392,1007.53,1000,-7.53,50.50,203,2.2948,0.6186,LOCK,2,misalignment
