sample_index,time_ms_raw,time_ms_zero,elapsed_ms,ax_g,ay_g,az_g,total_g,rpm,target_rpm,rpm_error,pwm_eq,duty_10bit,acs_v,current_a,control_mode,state,fault_type
17663,1321196,0,189409.0,0.0897,0.4212,-0.7644,0.87736,980.49,1000.0,19.51,55.25,222.0,2.2266,-0.4156,LOCK,2,misalignment
17664,1321205,9,189418.0,0.078,-0.0078,-0.7293,0.7335,980.41,1000.0,19.59,55.25,222.0,2.2249,-0.4409,LOCK,2,misalignment
17665,1321213,17,189426.0,0.078,-0.0078,-0.7293,0.7335,980.33,1000.0,19.67,55.25,222.0,2.2217,-0.4891,LOCK,2,misalignment
17666,1321222,26,189435.0,-0.0429,0.234,-0.9399,0.96954,980.26,1000.0,19.74,55.25,222.0,2.2378,-0.2455,LOCK,2,misalignment
17667,1321236,40,189449.0,0.2301,0.1092,-0.8697,0.90623,980.19,1000.0,19.81,55.25,222.0,2.2322,-0.3298,LOCK,2,misalignment
17668,1321244,48,189457.0,0.2301,0.1092,-0.8697,0.90623,980.14,1000.0,19.86,55.25,222.0,2.2147,-0.596,LOCK,2,misalignment
17669,1321253,57,189466.0,0.1833,0.1053,-0.7683,0.79685,980.09,1000.0,19.91,55.25,222.0,2.2192,-0.5276,LOCK,2,misalignment
17670,1321261,65,189474.0,0.117,0.273,-0.7449,0.80193,979.99,1000.0,20.01,55.25,222.0,2.2213,-0.4958,LOCK,2,misalignment
17671,1321270,74,189483.0,0.1365,0.0117,-0.7917,0.80347,979.9,1000.0,20.1,55.25,222.0,2.2243,-0.4504,LOCK,2,misalignment
17672,1321278,82,189491.0,-0.0507,0.1755,-0.8151,0.83532,979.82,1000.0,20.18,55.25,222.0,2.2323,-0.3292,LOCK,2,misalignment
17673,1321287,91,189500.0,0.2106,0.0585,-0.7527,0.78379,979.75,1000.0,20.25,55.25,222.0,2.2289,-0.3801,LOCK,2,misalignment
17674,1321305,109,189518.0,0.234,-0.0858,-0.8541,0.88972,979.68,1000.0,20.32,55.25,222.0,2.2384,-0.2367,LOCK,2,misalignment
17675,1321314,118,189527.0,0.0039,-0.1053,-0.7527,0.76004,979.62,1000.0,20.38,55.25,222.0,2.1981,-0.8472,LOCK,2,misalignment
17676,1321322,126,189535.0,0.0,0.4017,-0.78,0.87736,979.54,1000.0,20.46,55.25,222.0,2.2162,-0.5728,LOCK,2,misalignment
17677,1321331,135,189544.0,0.078,-0.1014,-0.7215,0.73275,979.46,1000.0,20.54,55.25,222.0,2.2092,-0.6793,LOCK,2,misalignment
17678,1321389,193,189602.0,0.0858,0.1326,-0.7917,0.8073,979.34,1000.0,20.66,55.25,222.0,2.2377,-0.2474,LOCK,2,misalignment
17679,1321397,201,189610.0,0.0858,0.1326,-0.7917,0.8073,979.24,1000.0,20.76,55.25,222.0,2.2105,-0.6598,LOCK,2,misalignment
17680,1321406,210,189619.0,-0.0663,0.2613,-0.819,0.86223,979.14,1000.0,20.86,55.25,222.0,2.2168,-0.5642,LOCK,2,misalignment
17681,1321414,218,189627.0,0.1794,0.0975,-0.7644,0.7912,979.06,1000.0,20.94,55.25,222.0,2.2172,-0.5581,LOCK,2,misalignment
17682,1321423,227,189636.0,0.2262,-0.0741,-0.7917,0.82671,978.98,1000.0,21.02,55.25,222.0,2.2393,-0.2229,LOCK,2,misalignment
17683,1321435,239,189648.0,0.0897,-0.0897,-0.7761,0.7864,978.91,1000.0,21.09,55.25,222.0,2.236,-0.2727,LOCK,2,misalignment
17684,1321444,248,189657.0,0.0351,0.3549,-0.78,0.85766,978.82,1000.0,21.18,55.25,222.0,2.2372,-0.2553,LOCK,2,misalignment
17685,1321452,256,189665.0,0.1482,0.0897,-0.7332,0.75339,978.73,1000.0,21.27,55.25,222.0,2.2151,-0.5899,LOCK,2,misalignment
17686,1321461,265,189674.0,0.1482,0.0897,-0.7332,0.75339,978.65,1000.0,21.35,55.25,222.0,2.2259,-0.425,LOCK,2,misalignment
17687,1321469,273,189682.0,-0.0936,0.039,-0.8814,0.88721,978.59,1000.0,21.41,55.25,222.0,2.2104,-0.661,LOCK,2,misalignment
17688,1321477,281,189690.0,0.2223,0.0936,-0.6903,0.73123,978.52,1000.0,21.48,55.25,222.0,2.2347,-0.2925,LOCK,2,misalignment
17689,1321486,290,189699.0,0.195,-0.0468,-0.8346,0.85835,978.47,1000.0,21.53,55.25,222.0,2.2403,-0.2077,LOCK,2,misalignment
17690,1321505,309,189718.0,0.0819,0.2769,-0.7605,0.81347,978.38,1000.0,21.62,55.25,222.0,2.2296,-0.3695,LOCK,2,misalignment
17691,1321513,317,189726.0,0.1599,0.2496,-0.8073,0.86,978.31,1000.0,21.69,55.25,222.0,2.2136,-0.6124,LOCK,2,misalignment
17692,1321522,326,189735.0,0.1599,0.2496,-0.8073,0.86,978.24,1000.0,21.76,55.25,222.0,2.2329,-0.3191,LOCK,2,misalignment
17693,1321530,334,189743.0,-0.0702,0.1911,-0.8073,0.83257,978.18,1000.0,21.82,55.25,222.0,2.2304,-0.3582,LOCK,2,misalignment
17694,1321543,347,189756.0,0.2106,0.0546,-0.7605,0.79101,978.12,1000.0,21.88,55.25,222.0,2.2349,-0.2898,LOCK,2,misalignment
17695,1321551,355,189764.0,0.1989,-0.1482,-0.78,0.81849,978.07,1000.0,21.93,55.25,222.0,2.2173,-0.556,LOCK,2,misalignment
17696,1321560,364,189773.0,0.0195,-0.1053,-0.8424,0.84918,978.03,1000.0,21.97,55.25,222.0,2.2235,-0.4623,LOCK,2,misalignment
17697,1321568,372,189781.0,0.0546,0.4251,-0.8034,0.91057,977.95,1000.0,22.05,55.25,222.0,2.2342,-0.2999,LOCK,2,misalignment
17698,1321577,381,189790.0,0.0585,0.0858,-0.7722,0.77915,977.87,1000.0,22.13,55.25,222.0,2.2252,-0.436,LOCK,2,misalignment
17699,1321590,394,189803.0,-0.0897,0.3198,-0.9048,0.96384,977.81,1000.0,22.19,55.25,222.0,2.236,-0.2727,LOCK,2,misalignment
17700,1321599,403,189812.0,0.2379,0.0507,-0.7059,0.74663,977.75,1000.0,22.25,55.25,222.0,2.2399,-0.2135,LOCK,2,misalignment
17701,1321607,411,189820.0,0.1677,-0.1014,-0.8541,0.87629,977.7,1000.0,22.3,55.25,222.0,2.2161,-0.5743,LOCK,2,misalignment
17702,1321615,419,189828.0,0.0819,0.0624,-0.8385,0.8448,977.65,1000.0,22.35,55.25,222.0,2.2185,-0.5377,LOCK,2,misalignment
17703,1321624,428,189837.0,0.0819,0.0624,-0.8385,0.8448,977.61,1000.0,22.39,55.25,222.0,2.2271,-0.4079,LOCK,2,misalignment
17704,1321633,437,189846.0,0.1209,0.3159,-0.7605,0.83233,977.53,1000.0,22.47,55.25,222.0,2.2313,-0.3435,LOCK,2,misalignment
17705,1321642,446,189855.0,0.1287,0.2535,-0.7293,0.78275,977.46,1000.0,22.54,55.25,222.0,2.232,-0.3331,LOCK,2,misalignment
17706,1321651,455,189864.0,-0.0624,0.1755,-0.8151,0.83611,977.4,1000.0,22.6,55.25,222.0,2.2357,-0.2767,LOCK,2,misalignment
17707,1321659,463,189872.0,0.1599,0.0468,-0.7566,0.77473,977.35,1000.0,22.65,55.25,222.0,2.21,-0.6671,LOCK,2,misalignment
17708,1321668,472,189881.0,0.1989,-0.1326,-0.7761,0.81208,977.3,1000.0,22.7,55.25,222.0,2.2236,-0.4607,LOCK,2,misalignment
17709,1321686,490,189899.0,-0.0156,-0.0819,-0.8619,0.86592,977.22,1000.0,22.78,55.25,222.0,2.216,-0.5761,LOCK,2,misalignment
17710,1321746,550,189959.0,0.0351,0.0507,-0.8463,0.84854,977.15,1000.0,22.85,55.25,222.0,2.2401,-0.2101,LOCK,2,misalignment
17711,1321754,558,189967.0,0.0312,0.2847,-0.78,0.83092,977.06,1000.0,22.94,55.25,222.0,2.2122,-0.6338,LOCK,2,misalignment
17712,1321763,567,189976.0,-0.0117,0.0507,-0.7488,0.75061,976.97,1000.0,23.03,55.25,222.0,2.2268,-0.4116,LOCK,2,misalignment
17713,1321771,575,189984.0,-0.0507,0.1404,-0.8229,0.83633,976.89,1000.0,23.11,55.25,222.0,2.2219,-0.4867,LOCK,2,misalignment
17714,1321780,584,189993.0,0.2496,-0.0429,-0.7878,0.82751,976.82,1000.0,23.18,55.25,222.0,2.2101,-0.6656,LOCK,2,misalignment
17715,1321794,598,190007.0,0.1365,-0.1326,-0.7995,0.82184,976.76,1000.0,23.24,55.25,222.0,2.2429,-0.1683,LOCK,2,misalignment
17716,1321803,607,190016.0,0.0234,0.0273,-0.8424,0.84317,976.7,1000.0,23.3,55.25,222.0,2.2417,-0.186,LOCK,2,misalignment
17717,1321811,615,190024.0,0.117,0.4134,-0.7839,0.89392,976.63,1000.0,23.37,55.25,222.0,2.222,-0.4845,LOCK,2,misalignment
17718,1321820,624,190033.0,0.117,0.4134,-0.7839,0.89392,976.57,1000.0,23.43,55.25,222.0,2.2103,-0.6616,LOCK,2,misalignment
17719,1321828,632,190041.0,-0.0195,0.3237,-0.7956,0.85915,976.51,1000.0,23.49,55.25,222.0,2.2185,-0.538,LOCK,2,misalignment
17720,1321836,640,190049.0,-0.117,0.0975,-0.8151,0.82921,976.46,1000.0,23.54,55.25,222.0,2.2378,-0.2458,LOCK,2,misalignment
17721,1321849,653,190062.0,0.1833,0.1053,-0.7605,0.78933,976.42,1000.0,23.58,55.25,222.0,2.2442,-0.1488,LOCK,2,misalignment
17722,1321858,662,190071.0,0.0858,-0.156,-0.7995,0.81908,976.38,1000.0,23.62,55.25,222.0,2.2221,-0.4839,LOCK,2,misalignment
17723,1321866,670,190079.0,0.1872,0.0507,-0.8034,0.82648,976.34,1000.0,23.66,55.25,222.0,2.2054,-0.7367,LOCK,2,misalignment
17724,1321874,678,190087.0,0.0663,0.2691,-0.7683,0.81676,976.29,1000.0,23.71,55.25,222.0,2.2272,-0.4061,LOCK,2,misalignment
17725,1321883,687,190096.0,-0.0546,0.0312,-0.7527,0.75532,976.25,1000.0,23.75,55.25,222.0,2.2214,-0.4946,LOCK,2,misalignment
17726,1321891,695,190104.0,-0.0546,0.0312,-0.7527,0.75532,976.2,1000.0,23.8,55.25,222.0,2.2328,-0.3212,LOCK,2,misalignment
17727,1321900,704,190113.0,-0.0819,-0.0546,-0.7839,0.79006,976.17,1000.0,23.83,55.25,222.0,2.235,-0.2886,LOCK,2,misalignment
17728,1321919,723,190132.0,0.078,-0.1092,-0.78,0.79146,976.13,1000.0,23.87,55.25,222.0,2.2168,-0.5633,LOCK,2,misalignment
17729,1321927,731,190140.0,0.0546,0.1092,-0.819,0.82805,976.1,1000.0,23.9,55.25,222.0,2.2339,-0.3038,LOCK,2,misalignment
17730,1321935,739,190148.0,0.0585,0.3042,-0.7683,0.8284,976.07,1000.0,23.93,55.25,222.0,2.2465,-0.1137,LOCK,2,misalignment
17731,1321944,748,190157.0,-0.0351,0.2262,-0.7566,0.79047,976.03,1000.0,23.97,55.25,222.0,2.2354,-0.2812,LOCK,2,misalignment
17732,1321953,757,190166.0,-0.0351,0.2262,-0.7566,0.79047,976.0,1000.0,24.0,55.25,222.0,2.2224,-0.4781,LOCK,2,misalignment
17733,1321961,765,190174.0,-0.0897,0.039,-0.7878,0.79385,975.97,1000.0,24.03,55.25,222.0,2.2134,-0.6158,LOCK,2,misalignment
17734,1321970,774,190183.0,0.0936,0.1131,-0.7644,0.77837,975.94,1000.0,24.06,55.25,222.0,2.2205,-0.508,LOCK,2,misalignment
17735,1321988,792,190201.0,0.0858,-0.1443,-0.7683,0.78643,975.92,1000.0,24.08,55.25,222.0,2.2146,-0.5972,LOCK,2,misalignment
17736,1322002,806,190215.0,0.0897,0.234,-0.7488,0.78962,975.9,1000.0,24.1,55.25,222.0,2.2349,-0.2898,LOCK,2,misalignment
17737,1322010,814,190223.0,-0.0351,0.0351,-0.7683,0.7699,975.89,1000.0,24.11,55.25,222.0,2.2155,-0.5837,LOCK,2,misalignment
17738,1322019,823,190232.0,-0.078,-0.1443,-0.7605,0.77799,975.87,1000.0,24.13,55.25,222.0,2.2185,-0.5386,LOCK,2,misalignment
17739,1322027,831,190240.0,0.2067,-0.0273,-0.7995,0.82624,975.86,1000.0,24.14,55.25,222.0,2.2073,-0.7071,LOCK,2,misalignment
17740,1322036,840,190249.0,0.2067,-0.0273,-0.7995,0.82624,975.85,1000.0,24.15,55.25,222.0,2.2346,-0.2941,LOCK,2,misalignment
17741,1322052,856,190265.0,0.195,0.117,-0.7839,0.81622,975.84,1000.0,24.16,55.25,222.0,2.2414,-0.1912,LOCK,2,misalignment
17742,1322061,865,190274.0,0.1599,0.3081,-0.7488,0.82535,975.83,1000.0,24.17,55.25,222.0,2.2259,-0.4259,LOCK,2,misalignment
17743,1322069,873,190282.0,-0.0819,0.0819,-0.6981,0.70764,975.82,1000.0,24.18,55.25,222.0,2.2256,-0.4296,LOCK,2,misalignment
17744,1322078,882,190291.0,-0.0507,-0.0156,-0.8385,0.84018,975.81,1000.0,24.19,55.25,222.0,2.2135,-0.6131,LOCK,2,misalignment
17745,1322086,890,190299.0,-0.0507,-0.0156,-0.8385,0.84018,975.8,1000.0,24.2,55.25,222.0,2.2141,-0.6045,LOCK,2,misalignment
17746,1322096,900,190309.0,0.0936,0.0936,-0.8151,0.82578,975.79,1000.0,24.21,55.25,222.0,2.2391,-0.2254,LOCK,2,misalignment
17747,1322104,908,190317.0,0.0624,-0.2028,-0.7995,0.82718,975.79,1000.0,24.21,55.25,222.0,2.2327,-0.3228,LOCK,2,misalignment
17748,1322113,917,190326.0,0.1989,-0.0234,-0.7527,0.77889,975.78,1000.0,24.22,55.25,222.0,2.2246,-0.4449,LOCK,2,misalignment
17749,1322121,925,190334.0,0.1209,0.1209,-0.7605,0.77948,975.8,1000.0,24.2,55.25,222.0,2.2396,-0.2181,LOCK,2,misalignment
17750,1322140,944,190353.0,-0.0819,-0.2691,-0.7566,0.8072,975.81,1000.0,24.19,55.25,222.0,2.2371,-0.2562,LOCK,2,misalignment
17751,1322149,953,190362.0,-0.0819,-0.2691,-0.7566,0.8072,975.82,1000.0,24.18,55.25,222.0,2.233,-0.3182,LOCK,2,misalignment
17752,1322203,1007,190416.0,-0.0468,-0.3003,-0.8229,0.87723,975.84,1000.0,24.16,55.25,222.0,2.2321,-0.3322,LOCK,2,misalignment
17753,1322212,1016,190425.0,0.0975,0.0039,-0.8463,0.85191,975.86,1000.0,24.14,55.25,222.0,2.2329,-0.3191,LOCK,2,misalignment
17754,1322220,1024,190433.0,0.0975,0.0039,-0.8463,0.85191,975.87,1000.0,24.13,55.25,222.0,2.2281,-0.3921,LOCK,2,misalignment
17755,1322229,1033,190442.0,0.0897,-0.2535,-0.7956,0.83981,975.89,1000.0,24.11,55.25,222.0,2.224,-0.4546,LOCK,2,misalignment
17756,1322237,1041,190450.0,0.156,0.0234,-0.7605,0.77669,975.9,1000.0,24.1,55.25,222.0,2.2165,-0.5679,LOCK,2,misalignment
17757,1322246,1050,190459.0,0.1131,0.0663,-0.7917,0.80248,975.92,1000.0,24.08,55.25,222.0,2.2324,-0.328,LOCK,2,misalignment
17758,1322254,1058,190467.0,-0.0234,0.1521,-0.7878,0.80269,975.94,1000.0,24.06,55.25,222.0,2.2322,-0.3301,LOCK,2,misalignment
17759,1322273,1077,190486.0,0.2457,-0.0234,-0.7995,0.83673,975.96,1000.0,24.04,55.25,222.0,2.2169,-0.5621,LOCK,2,misalignment
17760,1322281,1085,190494.0,0.2457,-0.0234,-0.7995,0.83673,975.97,1000.0,24.03,55.25,222.0,2.2022,-0.7855,LOCK,2,misalignment
17761,1322290,1094,190503.0,0.0546,-0.1911,-0.7839,0.8087,975.99,1000.0,24.01,55.25,222.0,2.2326,-0.324,LOCK,2,misalignment
17762,1322298,1102,190511.0,0.1521,0.0312,-0.741,0.75709,976.0,1000.0,24.0,55.25,222.0,2.2148,-0.5938,LOCK,2,misalignment
17763,1322359,1163,190572.0,0.1482,0.1599,-0.7566,0.78738,976.03,1000.0,23.97,55.25,222.0,2.2403,-0.2083,LOCK,2,misalignment
17764,1322368,1172,190581.0,0.0936,0.0312,-0.8034,0.80944,976.06,1000.0,23.94,55.25,222.0,2.2256,-0.4296,LOCK,2,misalignment
17765,1322376,1180,190589.0,0.0312,0.0663,-0.7995,0.80285,976.09,1000.0,23.91,55.25,222.0,2.2111,-0.65,LOCK,2,misalignment
17766,1322385,1189,190598.0,0.0312,0.0663,-0.7995,0.80285,976.11,1000.0,23.89,55.25,222.0,2.217,-0.5599,LOCK,2,misalignment
17767,1322393,1197,190606.0,-0.0819,-0.2184,-0.8424,0.8741,976.14,1000.0,23.86,55.25,222.0,2.2199,-0.5172,LOCK,2,misalignment
17768,1322410,1214,190623.0,0.0117,-0.0702,-0.7956,0.79878,976.16,1000.0,23.84,55.25,222.0,2.2368,-0.2602,LOCK,2,misalignment
17769,1322419,1223,190632.0,0.1755,-0.1638,-0.7176,0.75669,976.17,1000.0,23.83,55.25,222.0,2.2246,-0.4455,LOCK,2,misalignment
17770,1322427,1231,190640.0,0.1482,0.0819,-0.7488,0.76771,976.2,1000.0,23.8,55.25,222.0,2.2235,-0.4629,LOCK,2,misalignment
17771,1322436,1240,190649.0,0.1482,0.0819,-0.7488,0.76771,976.22,1000.0,23.78,55.25,222.0,2.204,-0.7571,LOCK,2,misalignment
17772,1322444,1248,190657.0,0.0663,-0.0741,-0.8619,0.86762,976.23,1000.0,23.77,55.25,222.0,2.2271,-0.4073,LOCK,2,misalignment
17773,1322463,1267,190676.0,0.1404,-0.078,-0.8658,0.88057,976.25,1000.0,23.75,55.25,222.0,2.2393,-0.2229,LOCK,2,misalignment
17774,1322472,1276,190685.0,0.1755,-0.2691,-0.7683,0.83277,976.26,1000.0,23.74,55.25,222.0,2.2199,-0.5169,LOCK,2,misalignment
17775,1322480,1284,190693.0,0.1404,0.0819,-0.741,0.75862,976.27,1000.0,23.73,55.25,222.0,2.2236,-0.4613,LOCK,2,misalignment
17776,1322489,1293,190702.0,0.1209,0.1443,-0.7878,0.80998,976.32,1000.0,23.68,55.25,222.0,2.2291,-0.3771,LOCK,2,misalignment
17777,1322497,1301,190710.0,0.1209,0.1443,-0.7878,0.80998,976.35,1000.0,23.65,55.25,222.0,2.2245,-0.4464,LOCK,2,misalignment
17778,1322507,1311,190720.0,-0.0546,0.0,-0.7371,0.73912,976.38,1000.0,23.62,55.25,222.0,2.2406,-0.2034,LOCK,2,misalignment
17779,1322515,1319,190728.0,-0.0429,-0.2301,-0.8619,0.89312,976.41,1000.0,23.59,55.25,222.0,2.234,-0.3023,LOCK,2,misalignment
17780,1322524,1328,190737.0,0.1482,0.039,-0.8463,0.86006,976.44,1000.0,23.56,55.25,222.0,2.2183,-0.5407,LOCK,2,misalignment
17781,1322542,1346,190755.0,-0.039,-0.1131,-0.7527,0.76215,976.46,1000.0,23.54,55.25,222.0,2.2159,-0.577,LOCK,2,misalignment
17782,1322551,1355,190764.0,-0.0156,0.0975,-0.7527,0.75915,976.49,1000.0,23.51,55.25,222.0,2.2389,-0.2281,LOCK,2,misalignment
17783,1322560,1364,190773.0,0.0039,0.078,-0.9438,0.94703,976.52,1000.0,23.48,55.25,222.0,2.2207,-0.5041,LOCK,2,misalignment
17784,1322568,1372,190781.0,0.0039,0.078,-0.9438,0.94703,976.54,1000.0,23.46,55.25,222.0,2.221,-0.4998,LOCK,2,misalignment
17785,1322577,1381,190790.0,-0.0078,-0.117,-0.8385,0.84666,976.56,1000.0,23.44,55.25,222.0,2.2213,-0.4961,LOCK,2,misalignment
17786,1322585,1389,190798.0,0.1092,-0.0195,-0.8775,0.88448,976.58,1000.0,23.42,55.25,222.0,2.2226,-0.476,LOCK,2,misalignment
17787,1322616,1420,190829.0,0.1053,0.1755,-0.7722,0.79886,976.63,1000.0,23.37,55.25,222.0,2.2359,-0.2748,LOCK,2,misalignment
17788,1322625,1429,190838.0,0.0,0.156,-0.7839,0.79927,976.66,1000.0,23.34,55.25,222.0,2.2271,-0.4073,LOCK,2,misalignment
17789,1322633,1437,190846.0,0.0351,-0.1638,-0.897,0.91251,976.7,1000.0,23.3,55.25,222.0,2.2257,-0.4293,LOCK,2,misalignment
17790,1322642,1446,190855.0,0.0624,0.0546,-0.8736,0.87753,976.73,1000.0,23.27,55.25,222.0,2.2232,-0.4659,LOCK,2,misalignment
17791,1322650,1454,190863.0,0.0624,0.0546,-0.8736,0.87753,976.76,1000.0,23.24,55.25,222.0,2.2487,-0.0801,LOCK,2,misalignment
17792,1322666,1470,190879.0,0.0897,0.0156,-0.8112,0.81629,976.78,1000.0,23.22,55.25,222.0,2.238,-0.2431,LOCK,2,misalignment
17793,1322675,1479,190888.0,0.0546,-0.0624,-0.7137,0.7185,976.84,1000.0,23.16,55.25,222.0,2.2244,-0.4488,LOCK,2,misalignment
17794,1322683,1487,190896.0,0.0117,0.0429,-0.9048,0.90589,976.89,1000.0,23.11,55.25,222.0,2.2196,-0.5209,LOCK,2,misalignment
17795,1322692,1496,190905.0,0.0117,0.0429,-0.9048,0.90589,976.93,1000.0,23.07,55.25,222.0,2.2134,-0.6152,LOCK,2,misalignment
17796,1322700,1504,190913.0,-0.0078,-0.1326,-0.78,0.79123,976.97,1000.0,23.03,55.25,222.0,2.2206,-0.5062,LOCK,2,misalignment
17797,1322712,1516,190925.0,0.1131,0.0624,-0.975,0.98352,977.01,1000.0,22.99,55.25,222.0,2.2377,-0.2474,LOCK,2,misalignment
17798,1322720,1524,190933.0,-0.0039,-0.2418,-0.7488,0.78688,977.04,1000.0,22.96,55.25,222.0,2.2364,-0.2669,LOCK,2,misalignment
17799,1322729,1533,190942.0,-0.0273,-0.0819,-0.7839,0.78864,977.07,1000.0,22.93,55.25,222.0,2.225,-0.44,LOCK,2,misalignment
17800,1322737,1541,190950.0,0.039,-0.1209,-0.7137,0.72492,977.14,1000.0,22.86,55.25,222.0,2.2196,-0.5218,LOCK,2,misalignment
17801,1322746,1550,190959.0,-0.0897,0.0585,-0.8931,0.8995,977.21,1000.0,22.79,55.25,222.0,2.2165,-0.5679,LOCK,2,misalignment
17802,1322754,1558,190967.0,-0.0897,0.0585,-0.8931,0.8995,977.26,1000.0,22.74,55.25,222.0,2.2365,-0.2654,LOCK,2,misalignment
17803,1322773,1577,190986.0,0.117,0.1443,-0.8697,0.88932,977.31,1000.0,22.69,55.25,222.0,2.2398,-0.2156,LOCK,2,misalignment
17804,1322781,1585,190994.0,0.0429,-0.1287,-0.7527,0.76483,977.36,1000.0,22.64,55.25,222.0,2.232,-0.3331,LOCK,2,misalignment
17805,1322790,1594,191003.0,0.195,0.1677,-0.8034,0.84356,977.4,1000.0,22.6,55.25,222.0,2.2378,-0.2455,LOCK,2,misalignment
17806,1322798,1602,191011.0,0.2028,-0.0624,-0.7644,0.7933,977.48,1000.0,22.52,55.25,222.0,2.2178,-0.548,LOCK,2,misalignment
17807,1322807,1611,191020.0,-0.0156,0.234,-0.897,0.92715,977.56,1000.0,22.44,55.25,222.0,2.2185,-0.5377,LOCK,2,misalignment
17808,1322820,1624,191033.0,0.0858,-0.1911,-0.7527,0.78131,977.63,1000.0,22.37,55.25,222.0,2.2393,-0.2232,LOCK,2,misalignment
17809,1322829,1633,191042.0,0.2145,0.2496,-0.9048,0.96279,977.69,1000.0,22.31,55.25,222.0,2.2285,-0.3863,LOCK,2,misalignment
17810,1322837,1641,191050.0,0.1014,-0.1521,-0.7449,0.767,977.74,1000.0,22.26,55.25,222.0,2.2207,-0.505,LOCK,2,misalignment
17811,1322845,1649,191058.0,0.1014,-0.1521,-0.7449,0.767,977.79,1000.0,22.21,55.25,222.0,2.2255,-0.4317,LOCK,2,misalignment
17812,1322854,1658,191067.0,0.1287,0.0234,-0.8229,0.83323,977.89,1000.0,22.11,55.25,222.0,2.2322,-0.3298,LOCK,2,misalignment
17813,1322869,1673,191082.0,-0.1404,0.0195,-0.975,0.98525,977.98,1000.0,22.02,55.25,222.0,2.2308,-0.3518,LOCK,2,misalignment
17814,1322878,1682,191091.0,0.0468,-0.1911,-0.858,0.88027,978.06,1000.0,21.94,55.25,222.0,2.2326,-0.324,LOCK,2,misalignment
17815,1322886,1690,191099.0,0.0468,-0.1911,-0.858,0.88027,978.13,1000.0,21.87,55.25,222.0,2.2178,-0.5486,LOCK,2,misalignment
17816,1322895,1699,191108.0,0.2028,0.2574,-0.8112,0.87489,978.2,1000.0,21.8,55.25,222.0,2.218,-0.5462,LOCK,2,misalignment
17817,1322903,1707,191116.0,0.0312,-0.039,-0.741,0.74268,978.25,1000.0,21.75,55.25,222.0,2.2221,-0.4839,LOCK,2,misalignment
17818,1322912,1716,191125.0,0.2028,0.273,-0.8151,0.8832,978.31,1000.0,21.69,55.25,222.0,2.2237,-0.4586,LOCK,2,misalignment
17819,1322969,1773,191182.0,0.0663,0.0312,-0.7566,0.76014,978.41,1000.0,21.59,55.25,222.0,2.2375,-0.2507,LOCK,2,misalignment
17820,1322978,1782,191191.0,0.1014,-0.0195,-0.8307,0.83709,978.58,1000.0,21.42,55.25,222.0,2.2341,-0.3017,LOCK,2,misalignment
17821,1322987,1791,191200.0,0.1326,0.0468,-0.6903,0.70448,978.74,1000.0,21.26,55.25,222.0,2.2129,-0.6228,LOCK,2,misalignment
17822,1322995,1799,191208.0,-0.0507,-0.0897,-0.8463,0.85255,978.88,1000.0,21.12,55.25,222.0,2.2255,-0.4323,LOCK,2,misalignment
17823,1323003,1807,191216.0,0.2262,-0.1404,-0.7059,0.75444,979.01,1000.0,20.99,55.25,222.0,2.2203,-0.5108,LOCK,2,misalignment
17824,1323012,1816,191225.0,0.2262,0.195,-0.7605,0.81704,979.12,1000.0,20.88,55.25,222.0,2.2305,-0.356,LOCK,2,misalignment
17825,1323025,1829,191238.0,0.0156,0.0897,-0.7644,0.7698,979.22,1000.0,20.78,55.25,222.0,2.2417,-0.1857,LOCK,2,misalignment
17826,1323034,1838,191247.0,0.1638,0.3471,-0.78,0.86932,979.31,1000.0,20.69,55.25,222.0,2.2245,-0.4476,LOCK,2,misalignment
17827,1323042,1846,191255.0,0.0936,-0.2106,-0.6903,0.72776,979.47,1000.0,20.53,55.25,222.0,2.2234,-0.4641,LOCK,2,misalignment
17828,1323051,1855,191264.0,0.0936,-0.2106,-0.6903,0.72776,979.61,1000.0,20.39,55.25,222.0,2.2416,-0.1881,LOCK,2,misalignment
17829,1323059,1863,191272.0,-0.0936,0.0858,-0.8853,0.89436,979.74,1000.0,20.26,55.25,222.0,2.2306,-0.3545,LOCK,2,misalignment
17830,1323077,1881,191290.0,0.2457,-0.1092,-0.8502,0.8917,979.86,1000.0,20.14,55.25,222.0,2.2349,-0.2901,LOCK,2,misalignment
17831,1323085,1889,191298.0,0.0858,0.3393,-0.7371,0.81597,979.96,1000.0,20.04,55.25,222.0,2.2156,-0.5813,LOCK,2,misalignment
17832,1323094,1898,191307.0,0.1599,0.3276,-0.7956,0.87514,980.05,1000.0,19.95,55.25,222.0,2.2215,-0.4919,LOCK,2,misalignment
17833,1323102,1906,191315.0,0.1599,0.3276,-0.7956,0.87514,980.23,1000.0,19.77,55.25,222.0,2.2222,-0.4821,LOCK,2,misalignment
17834,1323111,1915,191324.0,0.0702,0.0156,-0.7176,0.72119,980.39,1000.0,19.61,55.25,222.0,2.2206,-0.5065,LOCK,2,misalignment
17835,1323120,1924,191333.0,-0.0663,-0.0117,-0.8892,0.89175,980.54,1000.0,19.46,55.25,222.0,2.2344,-0.2965,LOCK,2,misalignment
17836,1323128,1932,191341.0,0.234,0.0117,-0.6942,0.73267,980.67,1000.0,19.33,55.25,222.0,2.2356,-0.2782,LOCK,2,misalignment
17837,1323137,1941,191350.0,0.1599,-0.0234,-0.9048,0.91912,980.79,1000.0,19.21,55.25,222.0,2.2226,-0.4754,LOCK,2,misalignment
17838,1323156,1960,191369.0,0.1131,0.3666,-0.7449,0.83789,980.99,1000.0,19.01,55.25,222.0,2.208,-0.697,LOCK,2,misalignment
17839,1323164,1968,191377.0,0.1131,0.3666,-0.7449,0.83789,981.18,1000.0,18.82,55.25,222.0,2.243,-0.1665,LOCK,2,misalignment
17840,1323173,1977,191386.0,0.0975,-0.0468,-0.8151,0.82224,981.34,1000.0,18.66,55.25,222.0,2.2134,-0.6146,LOCK,2,misalignment
17841,1323181,1985,191394.0,0.0234,-0.0468,-0.897,0.89852,981.49,1000.0,18.51,55.25,222.0,2.2249,-0.4409,LOCK,2,misalignment
17842,1323190,1994,191403.0,0.234,0.0039,-0.7254,0.76222,981.63,1000.0,18.37,55.25,222.0,2.2314,-0.3423,LOCK,2,misalignment
17843,1323198,2002,191411.0,0.2379,-0.1599,-0.8697,0.91572,981.75,1000.0,18.25,55.25,222.0,2.2088,-0.6854,LOCK,2,misalignment
17844,1323231,2035,191444.0,0.2184,0.1014,-0.6903,0.73109,981.95,1000.0,18.05,55.25,222.0,2.2327,-0.3225,LOCK,2,misalignment
17845,1323240,2044,191453.0,0.0039,0.1872,-0.9087,0.92779,982.12,1000.0,17.88,55.25,222.0,2.2232,-0.4659,LOCK,2,misalignment
17846,1323248,2052,191461.0,0.1872,-0.0039,-0.6864,0.71148,982.28,1000.0,17.72,55.25,222.0,2.2178,-0.5486,LOCK,2,misalignment
17847,1323257,2061,191470.0,0.1872,-0.0039,-0.6864,0.71148,982.42,1000.0,17.58,55.25,222.0,2.2231,-0.4681,LOCK,2,misalignment
17848,1323265,2069,191478.0,0.195,0.0585,-0.819,0.84392,982.55,1000.0,17.45,55.25,222.0,2.2401,-0.2107,LOCK,2,misalignment
17849,1323278,2082,191491.0,0.1365,0.1287,-0.819,0.84021,982.75,1000.0,17.25,55.25,222.0,2.2336,-0.3087,LOCK,2,misalignment
17850,1323287,2091,191500.0,0.0624,0.2301,-0.78,0.81562,982.93,1000.0,17.07,55.25,222.0,2.236,-0.2721,LOCK,2,misalignment
17851,1323295,2099,191508.0,-0.117,0.1209,-0.7449,0.76366,983.09,1000.0,16.91,55.25,222.0,2.2196,-0.5209,LOCK,2,misalignment
17852,1323304,2108,191517.0,-0.0624,0.0429,-0.741,0.74486,983.23,1000.0,16.77,55.25,222.0,2.2273,-0.4043,LOCK,2,misalignment
17853,1323312,2116,191525.0,0.1092,0.0546,-0.7878,0.7972,983.36,1000.0,16.64,55.25,222.0,2.2259,-0.4262,LOCK,2,misalignment
17854,1323321,2125,191534.0,0.2769,-0.2574,-0.8229,0.90559,983.48,1000.0,16.52,55.25,222.0,2.2346,-0.2947,LOCK,2,misalignment
17855,1323329,2133,191542.0,0.2769,-0.2574,-0.8229,0.90559,983.58,1000.0,16.42,55.25,222.0,2.2341,-0.302,LOCK,2,misalignment
17856,1323348,2152,191561.0,0.0819,0.2067,-0.7839,0.81482,983.76,1000.0,16.24,55.25,222.0,2.2177,-0.5493,LOCK,2,misalignment
17857,1323356,2160,191569.0,-0.1833,-0.0429,-0.78,0.8024,983.92,1000.0,16.08,55.25,222.0,2.216,-0.5755,LOCK,2,misalignment
17858,1323365,2169,191578.0,-0.0429,-0.2379,-0.8268,0.86141,984.06,1000.0,15.94,55.25,222.0,2.2273,-0.4049,LOCK,2,misalignment
17859,1323373,2177,191586.0,0.2067,0.0897,-0.7878,0.81939,984.19,1000.0,15.81,55.25,222.0,2.2335,-0.3102,LOCK,2,misalignment
17860,1323385,2189,191598.0,0.0858,-0.1209,-0.7956,0.80929,984.31,1000.0,15.69,55.25,222.0,2.2349,-0.2892,LOCK,2,misalignment
17861,1323394,2198,191607.0,0.1326,0.1326,-0.7098,0.73415,984.41,1000.0,15.59,55.25,222.0,2.2251,-0.4372,LOCK,2,misalignment
17862,1323402,2206,191615.0,0.0858,0.2301,-0.7644,0.80288,984.58,1000.0,15.42,55.25,222.0,2.2212,-0.4977,LOCK,2,misalignment
17863,1323411,2215,191624.0,0.0858,0.2301,-0.7644,0.80288,984.72,1000.0,15.28,55.25,222.0,2.2216,-0.491,LOCK,2,misalignment
17864,1323419,2223,191632.0,0.0078,0.1092,-0.8112,0.81855,984.85,1000.0,15.15,55.25,222.0,2.2182,-0.5428,LOCK,2,misalignment
17865,1323433,2237,191646.0,0.1092,-0.0507,-0.9009,0.90891,984.97,1000.0,15.03,55.25,222.0,2.2435,-0.1591,LOCK,2,misalignment
17866,1323441,2245,191654.0,0.1092,-0.0507,-0.9009,0.90891,985.07,1000.0,14.93,55.25,222.0,2.2317,-0.3386,LOCK,2,misalignment
17867,1323450,2254,191663.0,0.1014,-0.3198,-0.7761,0.84551,985.17,1000.0,14.83,55.25,222.0,2.2245,-0.4476,LOCK,2,misalignment
17868,1323458,2262,191671.0,-0.0663,0.0546,-0.7254,0.73047,985.25,1000.0,14.75,55.25,222.0,2.215,-0.5908,LOCK,2,misalignment
17869,1323467,2271,191680.0,0.1326,0.1248,-0.7293,0.75169,985.4,1000.0,14.6,55.25,222.0,2.2306,-0.3551,LOCK,2,misalignment
17870,1323475,2279,191688.0,0.0078,0.0312,-0.8541,0.85471,985.52,1000.0,14.48,55.25,222.0,2.2374,-0.2522,LOCK,2,misalignment
17871,1323494,2298,191707.0,0.0078,-0.273,-0.8736,0.9153,985.64,1000.0,14.36,55.25,222.0,2.204,-0.7568,LOCK,2,misalignment
17872,1323502,2306,191715.0,0.1209,0.1794,-0.8814,0.90756,985.74,1000.0,14.26,55.25,222.0,2.2182,-0.5432,LOCK,2,misalignment
17873,1323511,2315,191724.0,0.0,-0.1287,-0.7566,0.76747,985.83,1000.0,14.17,55.25,222.0,2.2302,-0.36,LOCK,2,misalignment
17874,1323519,2323,191732.0,0.1443,0.0312,-0.7449,0.75939,985.92,1000.0,14.08,55.25,222.0,2.2275,-0.4021,LOCK,2,misalignment
17875,1323586,2390,191799.0,0.1209,0.1053,-0.8034,0.81924,986.05,1000.0,13.95,55.25,222.0,2.2397,-0.2171,LOCK,2,misalignment
17876,1323594,2398,191807.0,0.1833,0.0351,-0.7137,0.7377,986.17,1000.0,13.83,55.25,222.0,2.2347,-0.2932,LOCK,2,misalignment
17877,1323603,2407,191816.0,-0.117,0.039,-0.8931,0.90158,986.27,1000.0,13.73,55.25,222.0,2.2227,-0.4739,LOCK,2,misalignment
17878,1323611,2415,191824.0,0.0897,-0.2106,-0.7644,0.79794,986.37,1000.0,13.63,55.25,222.0,2.2212,-0.4964,LOCK,2,misalignment
17879,1323620,2424,191833.0,0.2184,0.2652,-0.7995,0.87019,986.45,1000.0,13.55,55.25,222.0,2.2096,-0.6732,LOCK,2,misalignment
17880,1323635,2439,191848.0,0.0819,-0.0663,-0.7527,0.76004,986.53,1000.0,13.47,55.25,222.0,2.234,-0.3035,LOCK,2,misalignment
17881,1323644,2448,191857.0,0.1521,0.1248,-0.8073,0.83093,986.64,1000.0,13.36,55.25,222.0,2.2429,-0.1686,LOCK,2,misalignment
17882,1323652,2456,191865.0,0.0039,0.1677,-0.7527,0.77117,986.75,1000.0,13.25,55.25,222.0,2.2141,-0.6045,LOCK,2,misalignment
17883,1323661,2465,191874.0,-0.0312,0.0234,-0.8736,0.87447,986.84,1000.0,13.16,55.25,222.0,2.2232,-0.4665,LOCK,2,misalignment
17884,1323669,2473,191882.0,0.1638,-0.1287,-0.7644,0.79228,986.92,1000.0,13.08,55.25,222.0,2.2254,-0.4327,LOCK,2,misalignment
17885,1323691,2495,191904.0,0.039,0.1833,-0.7761,0.79841,986.99,1000.0,13.01,55.25,222.0,2.2322,-0.331,LOCK,2,misalignment
17886,1323700,2504,191913.0,0.078,0.1092,-0.8268,0.83762,987.06,1000.0,12.94,55.25,222.0,2.2257,-0.4293,LOCK,2,misalignment
17887,1323708,2512,191921.0,0.078,0.1092,-0.8268,0.83762,987.17,1000.0,12.83,55.25,222.0,2.2218,-0.4873,LOCK,2,misalignment
17888,1323717,2521,191930.0,0.0624,-0.0897,-0.6786,0.68734,987.27,1000.0,12.73,55.25,222.0,2.2251,-0.4375,LOCK,2,misalignment
17889,1323725,2529,191938.0,-0.1287,0.0663,-0.9516,0.96255,987.36,1000.0,12.64,55.25,222.0,2.2117,-0.6402,LOCK,2,misalignment
17890,1323735,2539,191948.0,0.2106,-0.0702,-0.6981,0.73255,987.44,1000.0,12.56,55.25,222.0,2.2328,-0.3209,LOCK,2,misalignment
17891,1323743,2547,191956.0,0.2223,-0.1443,-0.858,0.898,987.51,1000.0,12.49,55.25,222.0,2.237,-0.258,LOCK,2,misalignment
17892,1323752,2556,191965.0,0.1755,0.1209,-0.7449,0.77479,987.57,1000.0,12.43,55.25,222.0,2.2303,-0.3594,LOCK,2,misalignment
17893,1323760,2564,191973.0,0.1755,0.1209,-0.7449,0.77479,987.63,1000.0,12.37,55.25,222.0,2.2164,-0.5691,LOCK,2,misalignment
17894,1323779,2583,191992.0,0.0234,-0.0741,-0.7878,0.79162,987.73,1000.0,12.27,55.25,222.0,2.2352,-0.2852,LOCK,2,misalignment
17895,1323787,2591,192000.0,-0.0156,-0.0351,-0.8229,0.8238,987.82,1000.0,12.18,55.25,222.0,2.2356,-0.2791,LOCK,2,misalignment
17896,1323796,2600,192009.0,0.0936,-0.0624,-0.7059,0.71481,987.91,1000.0,12.09,55.25,222.0,2.2356,-0.2788,LOCK,2,misalignment
17897,1323804,2608,192017.0,0.2028,-0.0663,-0.8619,0.88792,987.98,1000.0,12.02,55.25,222.0,2.2249,-0.4409,LOCK,2,misalignment
17898,1323813,2617,192026.0,0.234,0.1092,-0.7566,0.79945,988.05,1000.0,11.95,55.25,222.0,2.2242,-0.4519,LOCK,2,misalignment
17899,1323846,2650,192059.0,0.0117,0.1365,-0.9087,0.91897,988.17,1000.0,11.83,55.25,222.0,2.23,-0.3634,LOCK,2,misalignment
17900,1323854,2658,192067.0,0.2964,0.0546,-0.6903,0.75323,988.28,1000.0,11.72,55.25,222.0,2.2141,-0.6042,LOCK,2,misalignment
17901,1323863,2667,192076.0,0.2964,0.0546,-0.6903,0.75323,988.37,1000.0,11.63,55.25,222.0,2.2191,-0.5282,LOCK,2,misalignment
17902,1323871,2675,192084.0,0.2028,-0.1599,-0.8658,0.9035,988.46,1000.0,11.54,55.25,222.0,2.2152,-0.5874,LOCK,2,misalignment
17903,1323893,2697,192106.0,0.0663,0.3003,-0.8034,0.86025,988.59,1000.0,11.41,55.25,222.0,2.2336,-0.3087,LOCK,2,misalignment
17904,1323901,2705,192114.0,-0.1287,-0.0117,-0.7527,0.76371,988.71,1000.0,11.29,55.25,222.0,2.2338,-0.306,LOCK,2,misalignment
17905,1323910,2714,192123.0,-0.0507,-0.1131,-0.7761,0.78593,988.81,1000.0,11.19,55.25,222.0,2.2355,-0.2803,LOCK,2,misalignment
17906,1323918,2722,192131.0,0.1443,0.0546,-0.8112,0.82574,988.91,1000.0,11.09,55.25,222.0,2.2185,-0.538,LOCK,2,misalignment
17907,1323926,2730,192139.0,0.078,-0.1833,-0.7917,0.81638,988.99,1000.0,11.01,55.25,222.0,2.2143,-0.6021,LOCK,2,misalignment
17908,1323935,2739,192148.0,0.078,-0.1833,-0.7917,0.81638,989.07,1000.0,10.93,55.25,222.0,2.2347,-0.2922,LOCK,2,misalignment
17909,1323954,2758,192167.0,0.1365,0.2613,-0.7917,0.84481,989.19,1000.0,10.81,55.25,222.0,2.2306,-0.3548,LOCK,2,misalignment
17910,1323962,2766,192175.0,-0.1443,-0.1053,-0.6903,0.71304,989.31,1000.0,10.69,55.25,222.0,2.2182,-0.5422,LOCK,2,misalignment
17911,1323970,2774,192183.0,0.0195,-0.2574,-0.9087,0.94465,989.41,1000.0,10.59,55.25,222.0,2.2099,-0.668,LOCK,2,misalignment
17912,1323979,2783,192192.0,0.1482,0.0663,-0.858,0.87323,989.5,1000.0,10.5,55.25,222.0,2.2283,-0.3899,LOCK,2,misalignment
17913,1323988,2792,192201.0,0.2067,-0.2301,-0.8346,0.89007,989.58,1000.0,10.42,55.25,222.0,2.232,-0.3337,LOCK,2,misalignment
17914,1323996,2800,192209.0,0.2067,-0.2301,-0.8346,0.89007,989.65,1000.0,10.35,55.25,222.0,2.2343,-0.2983,LOCK,2,misalignment
17915,1324005,2809,192218.0,0.0897,0.0702,-0.6903,0.69963,989.78,1000.0,10.22,55.25,222.0,2.2351,-0.2861,LOCK,2,misalignment
17916,1324024,2828,192237.0,0.039,0.0858,-0.8424,0.84766,989.89,1000.0,10.11,55.25,222.0,2.2051,-0.741,LOCK,2,misalignment
17917,1324032,2836,192245.0,-0.0078,-0.2418,-0.8307,0.86521,989.99,1000.0,10.01,55.25,222.0,2.2247,-0.4439,LOCK,2,misalignment
17918,1324040,2844,192253.0,0.1209,0.1209,-0.8892,0.90549,990.08,1000.0,9.92,55.25,222.0,2.2394,-0.2205,LOCK,2,misalignment
17919,1324054,2858,192267.0,0.039,-0.1014,-0.7332,0.74121,990.16,1000.0,9.84,55.25,222.0,2.2321,-0.3319,LOCK,2,misalignment
17920,1324062,2866,192275.0,0.1131,-0.0156,-0.7761,0.78445,990.23,1000.0,9.77,55.25,222.0,2.2219,-0.4864,LOCK,2,misalignment
17921,1324071,2875,192284.0,0.0468,-0.1794,-0.7332,0.75628,990.36,1000.0,9.64,55.25,222.0,2.2255,-0.4323,LOCK,2,misalignment
17922,1324079,2883,192292.0,0.0468,-0.1794,-0.7332,0.75628,990.48,1000.0,9.52,55.25,222.0,2.2249,-0.4409,LOCK,2,misalignment
17923,1324088,2892,192301.0,-0.0741,-0.0234,-0.9477,0.95088,990.59,1000.0,9.41,55.25,222.0,2.2309,-0.3505,LOCK,2,misalignment
17924,1324106,2910,192319.0,0.2145,0.2769,-0.8307,0.90152,990.69,1000.0,9.31,55.25,222.0,2.2094,-0.6762,LOCK,2,misalignment
17925,1324115,2919,192328.0,0.0819,-0.1053,-0.7449,0.75675,990.78,1000.0,9.22,55.25,222.0,2.2285,-0.3869,LOCK,2,misalignment
17926,1324123,2927,192336.0,0.1365,0.1521,-0.8346,0.85926,990.86,1000.0,9.14,55.25,222.0,2.221,-0.5007,LOCK,2,misalignment
17927,1324131,2935,192344.0,0.078,-0.0078,-0.7839,0.78781,991.0,1000.0,9.0,55.25,222.0,2.2208,-0.5029,LOCK,2,misalignment
17928,1324198,3002,192411.0,-0.0429,0.1365,-0.7176,0.73173,991.18,1000.0,8.82,55.25,222.0,2.237,-0.258,LOCK,2,misalignment
17929,1324206,3010,192419.0,-0.0897,-0.1287,-0.9828,0.99524,991.35,1000.0,8.65,55.25,222.0,2.2391,-0.2251,LOCK,2,misalignment
17930,1324215,3019,192428.0,0.195,-0.0117,-0.6669,0.69492,991.5,1000.0,8.5,55.25,222.0,2.2227,-0.4736,LOCK,2,misalignment
17931,1324223,3027,192436.0,0.1677,-0.039,-0.8931,0.90954,991.64,1000.0,8.36,55.25,222.0,2.2197,-0.519,LOCK,2,misalignment
17932,1324232,3036,192445.0,0.1677,-0.039,-0.8931,0.90954,991.76,1000.0,8.24,55.25,222.0,2.2301,-0.3621,LOCK,2,misalignment
17933,1324247,3051,192460.0,0.0663,0.4485,-0.7488,0.87536,991.92,1000.0,8.08,55.25,222.0,2.236,-0.2727,LOCK,2,misalignment
17934,1324260,3064,192473.0,0.0741,-0.0429,-0.7761,0.78081,992.07,1000.0,7.93,55.25,222.0,2.2337,-0.3072,LOCK,2,misalignment
17935,1324269,3073,192482.0,-0.1092,0.0429,-0.8853,0.89304,992.2,1000.0,7.8,55.25,222.0,2.2303,-0.3588,LOCK,2,misalignment
17936,1324277,3081,192490.0,0.2379,-0.0546,-0.7449,0.78387,992.32,1000.0,7.68,55.25,222.0,2.2212,-0.4974,LOCK,2,misalignment
17937,1324286,3090,192499.0,0.2418,-0.1716,-0.8775,0.92624,992.42,1000.0,7.58,55.25,222.0,2.2297,-0.3682,LOCK,2,misalignment
17938,1324307,3111,192520.0,0.1404,0.4329,-0.7995,0.91995,992.57,1000.0,7.43,55.25,222.0,2.2355,-0.2797,LOCK,2,misalignment
17939,1324315,3119,192528.0,0.1404,0.4329,-0.7995,0.91995,992.7,1000.0,7.3,55.25,222.0,2.2112,-0.6491,LOCK,2,misalignment
17940,1324324,3128,192537.0,0.1248,0.3159,-0.7215,0.79745,992.81,1000.0,7.19,55.25,222.0,2.2238,-0.4583,LOCK,2,misalignment
17941,1324332,3136,192545.0,-0.0624,0.1638,-0.9087,0.92545,992.92,1000.0,7.08,55.25,222.0,2.2207,-0.5047,LOCK,2,misalignment
17942,1324347,3151,192560.0,0.1248,-0.0819,-0.8385,0.85168,993.01,1000.0,6.99,55.25,222.0,2.2318,-0.3365,LOCK,2,misalignment
17943,1324356,3160,192569.0,0.1248,-0.0819,-0.8385,0.85168,993.09,1000.0,6.91,55.25,222.0,2.2406,-0.2037,LOCK,2,misalignment
17944,1324364,3168,192577.0,0.1482,0.1131,-0.7917,0.81335,993.17,1000.0,6.83,55.25,222.0,2.2206,-0.5059,LOCK,2,misalignment
17945,1324373,3177,192586.0,0.156,0.2925,-0.7878,0.85471,993.28,1000.0,6.72,55.25,222.0,2.2211,-0.4992,LOCK,2,misalignment
17946,1324381,3185,192594.0,-0.0975,0.1092,-0.6981,0.71328,993.38,1000.0,6.62,55.25,222.0,2.2173,-0.5566,LOCK,2,misalignment
17947,1324402,3206,192615.0,0.1794,0.0585,-0.7956,0.81767,993.46,1000.0,6.54,55.25,222.0,2.2255,-0.432,LOCK,2,misalignment
17948,1324410,3214,192623.0,0.0507,-0.1833,-0.78,0.80285,993.54,1000.0,6.46,55.25,222.0,2.2277,-0.3991,LOCK,2,misalignment
17949,1324419,3223,192632.0,0.0858,-0.0858,-0.7176,0.72779,993.61,1000.0,6.39,55.25,222.0,2.2173,-0.5566,LOCK,2,misalignment
17950,1324427,3231,192640.0,0.0858,-0.0858,-0.7176,0.72779,993.71,1000.0,6.29,55.25,222.0,2.2195,-0.5233,LOCK,2,misalignment
17951,1324436,3240,192649.0,0.1443,0.117,-0.7761,0.79802,993.79,1000.0,6.21,55.25,222.0,2.2243,-0.4501,LOCK,2,misalignment
17952,1324460,3264,192673.0,0.1014,-0.0234,-0.8424,0.8488,993.87,1000.0,6.13,55.25,222.0,2.2336,-0.3093,LOCK,2,misalignment
17953,1324469,3273,192682.0,0.1014,-0.0234,-0.8424,0.8488,993.94,1000.0,6.06,55.25,222.0,2.1992,-0.831,LOCK,2,misalignment
17954,1324477,3281,192690.0,0.1482,-0.2184,-0.7605,0.805,994.0,1000.0,6.0,55.25,222.0,2.2235,-0.462,LOCK,2,misalignment
17955,1324486,3290,192699.0,0.0117,0.0663,-0.6981,0.70134,994.06,1000.0,5.94,55.25,222.0,2.2168,-0.5642,LOCK,2,misalignment
17956,1324494,3298,192707.0,0.0936,-0.0585,-0.7722,0.78005,994.11,1000.0,5.89,55.25,222.0,2.2359,-0.2739,LOCK,2,misalignment
17957,1324508,3312,192721.0,0.0546,0.0858,-0.8229,0.82916,994.16,1000.0,5.84,55.25,222.0,2.2351,-0.2867,LOCK,2,misalignment
17958,1324516,3320,192729.0,-0.0156,-0.117,-0.9009,0.9086,994.2,1000.0,5.8,55.25,222.0,2.2163,-0.5706,LOCK,2,misalignment
17959,1324525,3329,192738.0,0.0624,0.2184,-0.8463,0.87625,994.24,1000.0,5.76,55.25,222.0,2.2063,-0.7226,LOCK,2,misalignment
17960,1324533,3337,192746.0,0.078,0.0234,-0.7761,0.78036,994.27,1000.0,5.73,55.25,222.0,2.2223,-0.4809,LOCK,2,misalignment
17961,1324542,3346,192755.0,0.2184,0.0702,-0.7761,0.80929,994.31,1000.0,5.69,55.25,222.0,2.2136,-0.6121,LOCK,2,misalignment
17962,1324553,3357,192766.0,0.0,-0.2457,-0.7332,0.77327,994.34,1000.0,5.66,55.25,222.0,2.2395,-0.2199,LOCK,2,misalignment
17963,1324562,3366,192775.0,0.0,-0.2457,-0.7332,0.77327,994.37,1000.0,5.63,55.25,222.0,2.237,-0.2574,LOCK,2,misalignment
17964,1324570,3374,192783.0,-0.0429,0.0507,-0.8697,0.87223,994.39,1000.0,5.61,55.25,222.0,2.2104,-0.6601,LOCK,2,misalignment
17965,1324579,3383,192792.0,0.1014,-0.1872,-0.7254,0.756,994.42,1000.0,5.58,55.25,222.0,2.2208,-0.5026,LOCK,2,misalignment
17966,1324587,3391,192800.0,0.2418,0.1989,-0.8697,0.92434,994.44,1000.0,5.56,55.25,222.0,2.2281,-0.3927,LOCK,2,misalignment
17967,1324596,3400,192809.0,0.0507,-0.1053,-0.7761,0.78485,994.46,1000.0,5.54,55.25,222.0,2.239,-0.2269,LOCK,2,misalignment
17968,1324614,3418,192827.0,0.0039,-0.0351,-0.7761,0.7769,994.46,1000.0,5.54,55.25,222.0,2.2317,-0.338,LOCK,2,misalignment
17969,1324623,3427,192836.0,0.0039,-0.0351,-0.7761,0.7769,994.46,1000.0,5.54,55.25,222.0,2.2188,-0.534,LOCK,2,misalignment
17970,1324631,3435,192844.0,-0.1248,0.0702,-0.8619,0.87371,994.46,1000.0,5.54,55.25,222.0,2.2239,-0.4555,LOCK,2,misalignment
17971,1324640,3444,192853.0,0.1638,-0.2223,-0.8346,0.87909,994.46,1000.0,5.54,55.25,222.0,2.2202,-0.5114,LOCK,2,misalignment
17972,1324648,3452,192861.0,0.1872,0.234,-0.7995,0.85382,994.46,1000.0,5.54,55.25,222.0,2.229,-0.3792,LOCK,2,misalignment
17973,1324662,3466,192875.0,0.0741,0.0624,-0.7878,0.79373,994.46,1000.0,5.54,55.25,222.0,2.2316,-0.3396,LOCK,2,misalignment
17974,1324670,3474,192883.0,0.1638,0.3315,-0.8541,0.9307,994.44,1000.0,5.56,55.25,222.0,2.2413,-0.1927,LOCK,2,misalignment
17975,1324679,3483,192892.0,0.1716,0.0546,-0.663,0.68702,994.42,1000.0,5.58,55.25,222.0,2.2283,-0.3893,LOCK,2,misalignment
17976,1324687,3491,192900.0,-0.078,-0.0078,-0.8775,0.88099,994.41,1000.0,5.59,55.25,222.0,2.2268,-0.4116,LOCK,2,misalignment
17977,1324695,3499,192908.0,-0.078,-0.0078,-0.8775,0.88099,994.39,1000.0,5.61,55.25,222.0,2.2153,-0.5871,LOCK,2,misalignment
17978,1324718,3522,192931.0,0.117,0.1248,-0.7566,0.7757,994.38,1000.0,5.62,55.25,222.0,2.2365,-0.2648,LOCK,2,misalignment
17979,1324726,3530,192939.0,0.117,0.1248,-0.7566,0.7757,994.37,1000.0,5.63,55.25,222.0,2.226,-0.4238,LOCK,2,misalignment
17980,1324735,3539,192948.0,0.0858,0.2535,-0.7956,0.83941,994.34,1000.0,5.66,55.25,222.0,2.2348,-0.2904,LOCK,2,misalignment
17981,1324743,3547,192956.0,0.0078,0.0468,-0.7176,0.71917,994.3,1000.0,5.7,55.25,222.0,2.2181,-0.5438,LOCK,2,misalignment
17982,1324751,3555,192964.0,-0.0546,-0.0624,-0.9282,0.9319,994.27,1000.0,5.73,55.25,222.0,2.2168,-0.5636,LOCK,2,misalignment
17983,1324814,3618,193027.0,-0.1092,0.0936,-0.9399,0.95084,994.21,1000.0,5.79,55.25,222.0,2.234,-0.3026,LOCK,2,misalignment
17984,1324822,3626,193035.0,0.2301,0.0039,-0.6864,0.72395,994.15,1000.0,5.85,55.25,222.0,2.2359,-0.2736,LOCK,2,misalignment
17985,1324831,3635,193044.0,0.234,-0.0585,-0.8931,0.9251,994.1,1000.0,5.9,55.25,222.0,2.2137,-0.6109,LOCK,2,misalignment
17986,1324839,3643,193052.0,0.234,-0.0585,-0.8931,0.9251,994.05,1000.0,5.95,55.25,222.0,2.223,-0.4696,LOCK,2,misalignment
17987,1324848,3652,193061.0,0.1833,0.078,-0.7332,0.75978,994.0,1000.0,6.0,55.25,222.0,2.2257,-0.4281,LOCK,2,misalignment
17988,1324856,3660,193069.0,0.0312,0.1794,-0.8229,0.84281,993.93,1000.0,6.07,55.25,222.0,2.2316,-0.3396,LOCK,2,misalignment
17989,1324870,3674,193083.0,0.2028,0.2925,-0.6903,0.77666,993.87,1000.0,6.13,55.25,222.0,2.2324,-0.328,LOCK,2,misalignment
17990,1324878,3682,193091.0,-0.0741,0.2574,-0.8814,0.9212,993.81,1000.0,6.19,55.25,222.0,2.2219,-0.4858,LOCK,2,misalignment
17991,1324887,3691,193100.0,0.195,0.1014,-0.7098,0.74305,993.76,1000.0,6.24,55.25,222.0,2.2224,-0.4784,LOCK,2,misalignment
17992,1324895,3699,193108.0,0.0741,0.039,-0.8034,0.80775,993.71,1000.0,6.29,55.25,222.0,2.2165,-0.5688,LOCK,2,misalignment
17993,1324904,3708,193117.0,0.0858,0.0624,-0.7956,0.80264,993.67,1000.0,6.33,55.25,222.0,2.2361,-0.2706,LOCK,2,misalignment
17994,1324916,3720,193129.0,0.1131,0.1872,-0.7644,0.79507,993.61,1000.0,6.39,55.25,222.0,2.2324,-0.327,LOCK,2,misalignment
17995,1324925,3729,193138.0,-0.1404,0.1131,-0.7722,0.79297,993.55,1000.0,6.45,55.25,222.0,2.2333,-0.3139,LOCK,2,misalignment
17996,1324933,3737,193146.0,-0.078,-0.2379,-0.819,0.85641,993.5,1000.0,6.5,55.25,222.0,2.215,-0.5908,LOCK,2,misalignment
17997,1324942,3746,193155.0,-0.078,-0.2379,-0.819,0.85641,993.46,1000.0,6.54,55.25,222.0,2.2186,-0.5364,LOCK,2,misalignment
17998,1324950,3754,193163.0,0.1833,0.1014,-0.8151,0.84159,993.42,1000.0,6.58,55.25,222.0,2.2265,-0.4168,LOCK,2,misalignment
17999,1324959,3763,193172.0,0.0507,-0.1755,-0.819,0.83913,993.38,1000.0,6.62,55.25,222.0,2.2405,-0.2046,LOCK,2,misalignment
18000,1324967,3771,193180.0,0.1248,0.2028,-0.7254,0.76348,993.35,1000.0,6.65,55.25,222.0,2.241,-0.1967,LOCK,2,misalignment
18001,1324976,3780,193189.0,0.078,0.1131,-0.8307,0.84198,993.3,1000.0,6.7,55.25,222.0,2.2286,-0.3847,LOCK,2,misalignment
18002,1324995,3799,193208.0,0.0039,-0.1755,-0.8775,0.89489,993.26,1000.0,6.74,55.25,222.0,2.2155,-0.5828,LOCK,2,misalignment
18003,1325003,3807,193216.0,0.0039,-0.1755,-0.8775,0.89489,993.22,1000.0,6.78,55.25,222.0,2.2324,-0.3276,LOCK,2,misalignment
18004,1325012,3816,193225.0,0.0507,0.0078,-0.8424,0.84396,993.19,1000.0,6.81,55.25,222.0,2.2315,-0.3414,LOCK,2,misalignment
18005,1325020,3824,193233.0,0.1443,-0.2028,-0.7722,0.81132,993.16,1000.0,6.84,55.25,222.0,2.2178,-0.549,LOCK,2,misalignment
18006,1325072,3876,193285.0,0.1287,0.1755,-0.8814,0.90787,993.13,1000.0,6.87,55.25,222.0,2.2404,-0.2065,LOCK,2,misalignment
18007,1325081,3885,193294.0,-0.0195,-0.0936,-0.7215,0.72781,993.11,1000.0,6.89,55.25,222.0,2.2193,-0.5264,LOCK,2,misalignment
18008,1325089,3893,193302.0,0.2418,-0.0234,-0.7956,0.83186,993.09,1000.0,6.91,55.25,222.0,2.2302,-0.3603,LOCK,2,misalignment
18009,1325098,3902,193311.0,0.0741,-0.0156,-0.7566,0.76038,993.08,1000.0,6.92,55.25,222.0,2.2369,-0.2593,LOCK,2,misalignment
18010,1325106,3910,193319.0,0.0741,-0.0156,-0.7566,0.76038,993.08,1000.0,6.92,55.25,222.0,2.2216,-0.4913,LOCK,2,misalignment
18011,1325123,3927,193336.0,0.0975,-0.1911,-0.7566,0.78643,993.07,1000.0,6.93,55.25,222.0,2.2413,-0.1918,LOCK,2,misalignment
18012,1325131,3935,193344.0,0.2496,0.2223,-0.7956,0.86296,993.07,1000.0,6.93,55.25,222.0,2.2346,-0.2944,LOCK,2,misalignment
18013,1325140,3944,193353.0,0.0819,-0.0897,-0.7761,0.78555,993.07,1000.0,6.93,55.25,222.0,2.2274,-0.403,LOCK,2,misalignment
18014,1325148,3952,193361.0,0.0507,0.1131,-0.8463,0.85533,993.06,1000.0,6.94,55.25,222.0,2.2321,-0.3319,LOCK,2,misalignment
18015,1325157,3961,193370.0,0.0507,0.1131,-0.8463,0.85533,993.08,1000.0,6.92,55.25,222.0,2.2232,-0.4665,LOCK,2,misalignment
18016,1325166,3970,193379.0,-0.039,-0.0078,-0.7332,0.73428,993.1,1000.0,6.9,55.25,222.0,2.237,-0.2574,LOCK,2,misalignment
18017,1325174,3978,193387.0,-0.078,-0.0936,-0.9126,0.9207,993.11,1000.0,6.89,55.25,222.0,2.2337,-0.3075,LOCK,2,misalignment
18018,1325183,3987,193396.0,0.234,-0.1404,-0.6981,0.74954,993.13,1000.0,6.87,55.25,222.0,2.2439,-0.1536,LOCK,2,misalignment
18019,1325191,3995,193404.0,0.234,0.0234,-0.8151,0.84835,993.14,1000.0,6.86,55.25,222.0,2.223,-0.4696,LOCK,2,misalignment
18020,1325210,4014,193423.0,0.1053,0.3705,-0.7995,0.88744,993.15,1000.0,6.85,55.25,222.0,2.2389,-0.2284,LOCK,2,misalignment
18021,1325218,4022,193431.0,0.1053,0.3705,-0.7995,0.88744,993.21,1000.0,6.79,55.25,222.0,2.2353,-0.2828,LOCK,2,misalignment
18022,1325227,4031,193440.0,0.0156,-0.0624,-0.6825,0.68552,993.26,1000.0,6.74,55.25,222.0,2.2363,-0.2681,LOCK,2,misalignment
18023,1325236,4040,193449.0,-0.1209,-0.0312,-0.9087,0.91724,993.3,1000.0,6.7,55.25,222.0,2.2159,-0.5779,LOCK,2,misalignment
18024,1325244,4048,193457.0,0.1638,0.0312,-0.702,0.72153,993.34,1000.0,6.66,55.25,222.0,2.2166,-0.5667,LOCK,2,misalignment
18025,1325252,4056,193465.0,0.2028,-0.0819,-0.8658,0.893,993.38,1000.0,6.62,55.25,222.0,2.209,-0.6814,LOCK,2,misalignment
18026,1325261,4065,193474.0,0.273,0.1521,-0.7332,0.79702,993.41,1000.0,6.59,55.25,222.0,2.2246,-0.4452,LOCK,2,misalignment
18027,1325276,4080,193489.0,0.1677,0.2925,-0.7488,0.82121,993.49,1000.0,6.51,55.25,222.0,2.2382,-0.2394,LOCK,2,misalignment
18028,1325285,4089,193498.0,0.1482,0.1872,-0.741,0.77852,993.56,1000.0,6.44,55.25,222.0,2.2292,-0.3762,LOCK,2,misalignment
18029,1325293,4097,193506.0,-0.0351,0.2301,-0.897,0.92671,993.62,1000.0,6.38,55.25,222.0,2.2224,-0.4794,LOCK,2,misalignment
18030,1325302,4106,193515.0,0.195,0.1677,-0.7176,0.7623,993.68,1000.0,6.32,55.25,222.0,2.2236,-0.4601,LOCK,2,misalignment
18031,1325310,4114,193523.0,0.195,0.1677,-0.7176,0.7623,993.73,1000.0,6.27,55.25,222.0,2.2251,-0.4385,LOCK,2,misalignment
18032,1325320,4124,193533.0,0.1248,-0.0351,-0.7956,0.80609,993.77,1000.0,6.23,55.25,222.0,2.2342,-0.2996,LOCK,2,misalignment
18033,1325332,4136,193545.0,0.0819,0.0117,-0.7995,0.80377,993.88,1000.0,6.12,55.25,222.0,2.2312,-0.3447,LOCK,2,misalignment
18034,1325340,4144,193553.0,0.1014,0.195,-0.819,0.84798,993.98,1000.0,6.02,55.25,222.0,2.2116,-0.643,LOCK,2,misalignment
18035,1325349,4153,193562.0,-0.0351,0.1053,-0.7488,0.75698,994.06,1000.0,5.94,55.25,222.0,2.2197,-0.5203,LOCK,2,misalignment
18036,1325357,4161,193570.0,-0.078,-0.039,-0.8268,0.83139,994.14,1000.0,5.86,55.25,222.0,2.2317,-0.3377,LOCK,2,misalignment
18037,1325365,4169,193578.0,0.1911,0.1053,-0.7488,0.77994,994.21,1000.0,5.79,55.25,222.0,2.228,-0.3936,LOCK,2,misalignment
18038,1325428,4232,193641.0,0.0429,0.0429,-0.9243,0.92629,994.34,1000.0,5.66,55.25,222.0,2.2317,-0.3383,LOCK,2,misalignment
18039,1325436,4240,193649.0,0.0195,-0.2301,-0.7878,0.82095,994.46,1000.0,5.54,55.25,222.0,2.2443,-0.1475,LOCK,2,misalignment
18040,1325445,4249,193658.0,0.0195,-0.2301,-0.7878,0.82095,994.56,1000.0,5.44,55.25,222.0,2.2233,-0.465,LOCK,2,misalignment
18041,1325453,4257,193666.0,0.0117,0.0819,-0.7254,0.7301,994.73,1000.0,5.27,55.25,222.0,2.2295,-0.371,LOCK,2,misalignment
18042,1325462,4266,193675.0,0.1326,0.0234,-0.7527,0.76465,994.88,1000.0,5.12,55.25,222.0,2.2208,-0.5035,LOCK,2,misalignment
18043,1325470,4274,193683.0,-0.1014,0.1716,-0.8502,0.87325,995.01,1000.0,4.99,55.25,222.0,2.2312,-0.3457,LOCK,2,misalignment
18044,1325484,4288,193697.0,0.0078,-0.1521,-0.8697,0.88293,995.13,1000.0,4.87,55.25,222.0,2.2402,-0.2098,LOCK,2,misalignment
18045,1325492,4296,193705.0,0.2301,0.3198,-0.8268,0.91587,995.24,1000.0,4.76,55.25,222.0,2.2149,-0.5929,LOCK,2,misalignment
18046,1325500,4304,193713.0,-0.0429,-0.0702,-0.7449,0.74943,995.34,1000.0,4.66,55.25,222.0,2.2152,-0.5877,LOCK,2,misalignment
18047,1325509,4313,193722.0,0.2418,0.2028,-0.8073,0.86679,995.43,1000.0,4.57,55.25,222.0,2.2469,-0.1069,LOCK,2,misalignment
18048,1325517,4321,193730.0,0.0429,0.1326,-0.7176,0.73101,995.59,1000.0,4.41,55.25,222.0,2.2335,-0.3109,LOCK,2,misalignment
18049,1325579,4383,193792.0,0.0624,0.1521,-0.8034,0.82005,995.79,1000.0,4.21,55.25,222.0,2.2352,-0.2855,LOCK,2,misalignment
18050,1325587,4391,193800.0,0.0936,-0.039,-0.6591,0.66685,995.97,1000.0,4.03,55.25,222.0,2.2321,-0.3325,LOCK,2,misalignment
18051,1325596,4400,193809.0,-0.1287,-0.0195,-0.9438,0.95273,996.14,1000.0,3.86,55.25,222.0,2.2129,-0.6225,LOCK,2,misalignment
18052,1325604,4408,193817.0,0.2184,-0.039,-0.7059,0.73994,996.28,1000.0,3.72,55.25,222.0,2.232,-0.3328,LOCK,2,misalignment
18053,1325612,4416,193825.0,0.2028,-0.1716,-0.8658,0.90564,996.42,1000.0,3.58,55.25,222.0,2.2367,-0.2614,LOCK,2,misalignment
18054,1325621,4425,193834.0,0.1833,0.0975,-0.7254,0.75453,996.54,1000.0,3.46,55.25,222.0,2.2387,-0.2312,LOCK,2,misalignment
18055,1325689,4493,193902.0,0.0975,0.1326,-0.7722,0.78955,996.71,1000.0,3.29,55.25,222.0,2.2373,-0.2538,LOCK,2,misalignment
18056,1325697,4501,193910.0,0.1482,0.3003,-0.8502,0.91377,996.91,1000.0,3.09,55.25,222.0,2.2192,-0.527,LOCK,2,misalignment
18057,1325706,4510,193919.0,0.0663,0.2184,-0.6552,0.69382,997.09,1000.0,2.91,55.25,222.0,2.2178,-0.548,LOCK,2,misalignment
18058,1325714,4518,193927.0,-0.1287,0.1014,-0.8814,0.8965,997.25,1000.0,2.75,55.25,222.0,2.2221,-0.4833,LOCK,2,misalignment
18059,1325722,4526,193935.0,-0.1287,0.1014,-0.8814,0.8965,997.4,1000.0,2.6,55.25,222.0,2.2285,-0.3856,LOCK,2,misalignment
18060,1325739,4543,193952.0,0.0936,-0.195,-0.8385,0.86595,997.53,1000.0,2.47,55.25,222.0,2.2371,-0.2565,LOCK,2,misalignment
18061,1325748,4552,193961.0,0.1872,0.0468,-0.7059,0.7318,997.65,1000.0,2.35,55.25,222.0,2.2181,-0.5438,LOCK,2,misalignment
18062,1325756,4560,193969.0,0.0741,0.1911,-0.7878,0.81403,997.79,1000.0,2.21,55.25,222.0,2.2202,-0.5123,LOCK,2,misalignment
18063,1325764,4568,193977.0,0.0,0.1599,-0.8502,0.86511,997.92,1000.0,2.08,55.25,222.0,2.2237,-0.4595,LOCK,2,misalignment
18064,1325773,4577,193986.0,0.0,0.1599,-0.8502,0.86511,998.03,1000.0,1.97,55.25,222.0,2.2226,-0.4763,LOCK,2,misalignment
18065,1325784,4588,193997.0,-0.0039,-0.1443,-0.8229,0.83547,998.14,1000.0,1.86,55.25,222.0,2.2419,-0.1833,LOCK,2,misalignment
18066,1325792,4596,194005.0,0.1014,-0.0546,-0.8502,0.85796,998.23,1000.0,1.77,55.25,222.0,2.2327,-0.3234,LOCK,2,misalignment
18067,1325801,4605,194014.0,0.1209,-0.2067,-0.7488,0.78616,998.31,1000.0,1.69,55.25,222.0,2.2153,-0.5859,LOCK,2,misalignment
18068,1325809,4613,194022.0,-0.0312,-0.0117,-0.7098,0.71058,998.39,1000.0,1.61,55.25,222.0,2.2177,-0.5496,LOCK,2,misalignment
18069,1325817,4621,194030.0,0.0351,0.0429,-0.7527,0.75474,998.5,1000.0,1.5,55.25,222.0,2.2157,-0.5798,LOCK,2,misalignment
18070,1325826,4630,194039.0,-0.078,0.1053,-0.8892,0.8988,998.59,1000.0,1.41,55.25,222.0,2.2303,-0.3588,LOCK,2,misalignment
18071,1325837,4641,194050.0,0.0039,-0.2106,-0.8892,0.91381,998.68,1000.0,1.32,55.25,222.0,2.2372,-0.2553,LOCK,2,misalignment
18072,1325846,4650,194059.0,0.0039,-0.2106,-0.8892,0.91381,998.76,1000.0,1.24,55.25,222.0,2.2367,-0.2623,LOCK,2,misalignment
18073,1325854,4658,194067.0,0.1443,0.1833,-0.8502,0.88162,998.83,1000.0,1.17,55.25,222.0,2.2158,-0.5792,LOCK,2,misalignment
18074,1325863,4667,194076.0,-0.0156,-0.0858,-0.7488,0.75386,998.89,1000.0,1.11,55.25,222.0,2.2155,-0.5828,LOCK,2,misalignment
18075,1325871,4675,194084.0,0.2418,0.1872,-0.7332,0.79441,998.96,1000.0,1.04,55.25,222.0,2.2253,-0.4348,LOCK,2,misalignment
18076,1325880,4684,194093.0,-0.0234,-0.0351,-0.7917,0.79282,999.02,1000.0,0.98,55.25,222.0,2.2337,-0.3075,LOCK,2,misalignment
18077,1325903,4707,194116.0,0.0429,-0.2496,-0.8034,0.84237,999.08,1000.0,0.92,55.25,222.0,2.2359,-0.2745,LOCK,2,misalignment
18078,1325912,4716,194125.0,0.2106,0.2496,-0.8229,0.88533,999.13,1000.0,0.87,55.25,222.0,2.2253,-0.4345,LOCK,2,misalignment
18079,1325920,4724,194133.0,0.1599,0.039,-0.7644,0.78192,999.17,1000.0,0.83,55.25,222.0,2.217,-0.5602,LOCK,2,misalignment
18080,1325929,4733,194142.0,0.1755,-0.0546,-0.8541,0.87365,999.21,1000.0,0.79,55.25,222.0,2.2383,-0.2382,LOCK,2,misalignment
18081,1325937,4741,194150.0,0.1755,-0.0546,-0.8541,0.87365,999.25,1000.0,0.75,55.25,222.0,2.225,-0.4388,LOCK,2,misalignment
18082,1325946,4750,194159.0,0.0156,-0.0273,-0.6903,0.69102,999.28,1000.0,0.72,55.25,222.0,2.2344,-0.2965,LOCK,2,misalignment
18083,1325954,4758,194167.0,-0.0585,-0.0663,-0.897,0.90135,999.31,1000.0,0.69,55.25,222.0,2.2176,-0.5514,LOCK,2,misalignment
18084,1325963,4767,194176.0,0.2067,-0.1482,-0.702,0.74665,999.34,1000.0,0.66,55.25,222.0,2.2241,-0.4531,LOCK,2,misalignment
18085,1325982,4786,194195.0,0.1443,0.1521,-0.7917,0.81899,999.37,1000.0,0.63,55.25,222.0,2.2207,-0.5053,LOCK,2,misalignment
18086,1325990,4794,194203.0,0.0897,0.3354,-0.7488,0.82537,999.39,1000.0,0.61,55.25,222.0,2.2303,-0.3597,LOCK,2,misalignment
18087,1326042,4846,194255.0,0.1365,0.2145,-0.6981,0.74296,999.4,1000.0,0.6,55.25,222.0,2.2271,-0.4076,LOCK,2,misalignment
18088,1326051,4855,194264.0,0.1365,0.2145,-0.6981,0.74296,999.4,1000.0,0.6,55.25,222.0,2.233,-0.3182,LOCK,2,misalignment
18089,1326059,4863,194272.0,0.0546,0.2691,-0.8034,0.84903,999.39,1000.0,0.61,55.25,222.0,2.2073,-0.7083,LOCK,2,misalignment
18090,1326068,4872,194281.0,0.1209,0.1833,-0.7059,0.73926,999.38,1000.0,0.62,55.25,222.0,2.2259,-0.4259,LOCK,2,misalignment
18091,1326076,4880,194289.0,-0.1053,0.2301,-0.9477,0.9809,999.37,1000.0,0.63,55.25,222.0,2.2173,-0.5554,LOCK,2,misalignment
18092,1326084,4888,194297.0,0.2067,0.0312,-0.6513,0.68402,999.37,1000.0,0.63,55.25,222.0,2.2262,-0.4207,LOCK,2,misalignment
18093,1326093,4897,194306.0,0.1404,-0.0195,-0.8385,0.8504,999.36,1000.0,0.64,55.25,222.0,2.2338,-0.3063,LOCK,2,misalignment
18094,1326106,4910,194319.0,0.078,-0.078,-0.8151,0.82253,999.35,1000.0,0.65,55.25,222.0,2.2355,-0.28,LOCK,2,misalignment
18095,1326115,4919,194328.0,0.0234,0.1989,-0.8229,0.84692,999.32,1000.0,0.68,55.25,222.0,2.2221,-0.4836,LOCK,2,misalignment
18096,1326123,4927,194336.0,-0.0156,0.1131,-0.7566,0.76517,999.29,1000.0,0.71,55.25,222.0,2.2208,-0.5029,LOCK,2,misalignment
18097,1326132,4936,194345.0,-0.0156,0.1131,-0.7566,0.76517,999.26,1000.0,0.74,55.25,222.0,2.2349,-0.2892,LOCK,2,misalignment
18098,1326140,4944,194353.0,-0.0663,-0.1755,-0.7683,0.79087,999.23,1000.0,0.77,55.25,222.0,2.2252,-0.4363,LOCK,2,misalignment
18099,1326149,4953,194362.0,0.2457,0.1014,-0.8346,0.8759,999.21,1000.0,0.79,55.25,222.0,2.2302,-0.36,LOCK,2,misalignment
18100,1326157,4961,194370.0,0.1599,-0.1833,-0.8151,0.85062,999.19,1000.0,0.81,55.25,222.0,2.2224,-0.4787,LOCK,2,misalignment
18101,1326166,4970,194379.0,0.1404,0.0897,-0.7371,0.75569,999.17,1000.0,0.83,55.25,222.0,2.2115,-0.6439,LOCK,2,misalignment
18102,1326184,4988,194397.0,0.1755,0.1638,-0.7683,0.80493,999.12,1000.0,0.88,55.25,222.0,2.2204,-0.5093,LOCK,2,misalignment
18103,1326193,4997,194406.0,-0.0663,0.0234,-0.7722,0.77539,999.08,1000.0,0.92,55.25,222.0,2.2337,-0.3069,LOCK,2,misalignment
18104,1326202,5006,194415.0,0.0117,-0.2184,-0.8853,0.91192,999.04,1000.0,0.96,55.25,222.0,2.2268,-0.4119,LOCK,2,misalignment
18105,1326210,5014,194423.0,0.078,-0.0273,-0.8346,0.83868,999.01,1000.0,0.99,55.25,222.0,2.2281,-0.3924,LOCK,2,misalignment
18106,1326218,5022,194431.0,0.1287,-0.2418,-0.7644,0.812,998.98,1000.0,1.02,55.25,222.0,2.2158,-0.5792,LOCK,2,misalignment
18107,1326227,5031,194440.0,-0.0468,0.0429,-0.6942,0.6971,998.95,1000.0,1.05,55.25,222.0,2.2262,-0.4211,LOCK,2,misalignment
18108,1326235,5039,194448.0,-0.0468,0.0429,-0.6942,0.6971,998.9,1000.0,1.1,55.25,222.0,2.2363,-0.2675,LOCK,2,misalignment
18109,1326298,5102,194511.0,0.0195,-0.195,-0.6981,0.72509,998.83,1000.0,1.17,55.25,222.0,2.2428,-0.1698,LOCK,2,misalignment
18110,1326311,5115,194524.0,-0.1014,0.1287,-0.9165,0.93103,998.76,1000.0,1.24,55.25,222.0,2.2294,-0.3728,LOCK,2,misalignment
18111,1326320,5124,194533.0,0.1014,-0.2457,-0.7566,0.80193,998.71,1000.0,1.29,55.25,222.0,2.2288,-0.3823,LOCK,2,misalignment
18112,1326328,5132,194541.0,0.1014,-0.2457,-0.7566,0.80193,998.65,1000.0,1.35,55.25,222.0,2.2259,-0.4256,LOCK,2,misalignment
18113,1326337,5141,194550.0,0.2145,0.2496,-0.8385,0.90077,998.61,1000.0,1.39,55.25,222.0,2.2321,-0.3319,LOCK,2,misalignment
18114,1326345,5149,194558.0,0.0663,-0.1521,-0.78,0.79745,998.57,1000.0,1.43,55.25,222.0,2.2305,-0.3554,LOCK,2,misalignment
18115,1326355,5159,194568.0,0.078,0.0078,-0.8307,0.83439,998.51,1000.0,1.49,55.25,222.0,2.238,-0.2425,LOCK,2,misalignment
18116,1326364,5168,194577.0,0.0273,-0.1521,-0.741,0.75694,998.45,1000.0,1.55,55.25,222.0,2.2137,-0.6106,LOCK,2,misalignment
18117,1326372,5176,194585.0,-0.0078,-0.0039,-0.8541,0.85414,998.4,1000.0,1.6,55.25,222.0,2.2169,-0.5615,LOCK,2,misalignment
18118,1326381,5185,194594.0,0.2067,-0.2262,-0.7215,0.78387,998.36,1000.0,1.64,55.25,222.0,2.2297,-0.3682,LOCK,2,misalignment
18119,1326389,5193,194602.0,0.2067,-0.2262,-0.7215,0.78387,998.32,1000.0,1.68,55.25,222.0,2.2235,-0.462,LOCK,2,misalignment
18120,1326398,5202,194611.0,0.2652,0.0975,-0.7995,0.84796,998.28,1000.0,1.72,55.25,222.0,2.2401,-0.2113,LOCK,2,misalignment
18121,1326406,5210,194619.0,0.1014,0.1365,-0.7761,0.79451,998.25,1000.0,1.75,55.25,222.0,2.2409,-0.1982,LOCK,2,misalignment
18122,1326425,5229,194638.0,0.0936,0.0507,-0.7176,0.72545,998.21,1000.0,1.79,55.25,222.0,2.213,-0.6219,LOCK,2,misalignment
18123,1326433,5237,194646.0,-0.0819,0.0234,-0.9555,0.95929,998.18,1000.0,1.82,55.25,222.0,2.2162,-0.5725,LOCK,2,misalignment
18124,1326442,5246,194655.0,0.2106,0.1092,-0.7059,0.7447,998.15,1000.0,1.85,55.25,222.0,2.235,-0.2886,LOCK,2,misalignment
18125,1326450,5254,194663.0,0.2106,0.1092,-0.7059,0.7447,998.13,1000.0,1.87,55.25,222.0,2.2363,-0.2684,LOCK,2,misalignment
18126,1326459,5263,194672.0,0.1989,-0.0975,-0.9282,0.95427,998.1,1000.0,1.9,55.25,222.0,2.2455,-0.1286,LOCK,2,misalignment
18127,1326467,5271,194680.0,0.1833,0.2301,-0.7722,0.82634,998.08,1000.0,1.92,55.25,222.0,2.2405,-0.2046,LOCK,2,misalignment
18128,1326476,5280,194689.0,0.1092,0.1872,-0.7722,0.80204,998.06,1000.0,1.94,55.25,222.0,2.2179,-0.5468,LOCK,2,misalignment
18129,1326484,5288,194697.0,0.2301,0.2886,-0.7605,0.84534,998.03,1000.0,1.97,55.25,222.0,2.2198,-0.5175,LOCK,2,misalignment
18130,1326503,5307,194716.0,-0.0585,0.2184,-0.8892,0.9175,998.01,1000.0,1.99,55.25,222.0,2.2338,-0.3066,LOCK,2,misalignment
18131,1326516,5320,194729.0,0.1989,-0.1755,-0.7878,0.83126,998.0,1000.0,2.0,55.25,222.0,2.2373,-0.2529,LOCK,2,misalignment
18132,1326525,5329,194738.0,0.078,-0.2106,-0.7956,0.82669,997.98,1000.0,2.02,55.25,222.0,2.2189,-0.5312,LOCK,2,misalignment
18133,1326533,5337,194746.0,0.078,-0.2106,-0.7956,0.82669,997.96,1000.0,2.04,55.25,222.0,2.2262,-0.4214,LOCK,2,misalignment
18134,1326542,5346,194755.0,0.1716,0.2574,-0.7761,0.83548,997.94,1000.0,2.06,55.25,222.0,2.2354,-0.2816,LOCK,2,misalignment
18135,1326550,5354,194763.0,-0.1131,0.0741,-0.7566,0.76859,997.92,1000.0,2.08,55.25,222.0,2.226,-0.4238,LOCK,2,misalignment
18136,1326559,5363,194772.0,-0.0585,-0.1677,-0.8112,0.83042,997.9,1000.0,2.1,55.25,222.0,2.2411,-0.1955,LOCK,2,misalignment
18137,1326567,5371,194780.0,0.2028,-0.0078,-0.7566,0.78335,997.88,1000.0,2.12,55.25,222.0,2.2283,-0.3887,LOCK,2,misalignment
18138,1326586,5390,194799.0,0.1638,0.1404,-0.6474,0.6824,997.87,1000.0,2.13,55.25,222.0,2.223,-0.4702,LOCK,2,misalignment
18139,1326594,5398,194807.0,0.1638,0.1404,-0.6474,0.6824,997.86,1000.0,2.14,55.25,222.0,2.2227,-0.4748,LOCK,2,misalignment
18140,1326603,5407,194816.0,0.0546,-0.0273,-0.7683,0.77072,997.85,1000.0,2.15,55.25,222.0,2.2234,-0.4641,LOCK,2,misalignment
18141,1326657,5461,194870.0,0.0234,0.0585,-0.741,0.74367,997.86,1000.0,2.14,55.25,222.0,2.242,-0.1823,LOCK,2,misalignment
18142,1326666,5470,194879.0,0.1053,-0.1092,-0.7137,0.72964,997.87,1000.0,2.13,55.25,222.0,2.2327,-0.3225,LOCK,2,misalignment
18143,1326674,5478,194887.0,-0.1287,0.039,-0.936,0.94561,997.88,1000.0,2.12,55.25,222.0,2.2233,-0.4656,LOCK,2,misalignment
18144,1326683,5487,194896.0,0.039,-0.0351,-0.8307,0.83236,997.88,1000.0,2.12,55.25,222.0,2.2186,-0.5367,LOCK,2,misalignment
18145,1326691,5495,194904.0,0.2106,0.2886,-0.8619,0.93301,997.89,1000.0,2.11,55.25,222.0,2.2176,-0.5511,LOCK,2,misalignment
18146,1326700,5504,194913.0,0.0195,-0.0312,-0.7254,0.72633,997.89,1000.0,2.11,55.25,222.0,2.2292,-0.3753,LOCK,2,misalignment
18147,1326708,5512,194921.0,0.0195,-0.0312,-0.7254,0.72633,997.9,1000.0,2.1,55.25,222.0,2.2366,-0.2635,LOCK,2,misalignment
18148,1326721,5525,194934.0,-0.0078,0.0312,-0.7371,0.7378,997.91,1000.0,2.09,55.25,222.0,2.2398,-0.2153,LOCK,2,misalignment
18149,1326730,5534,194943.0,-0.0741,-0.0234,-0.819,0.82268,997.92,1000.0,2.08,55.25,222.0,2.2058,-0.73,LOCK,2,misalignment
18150,1326738,5542,194951.0,-0.0741,-0.0234,-0.819,0.82268,997.93,1000.0,2.07,55.25,222.0,2.2272,-0.4055,LOCK,2,misalignment
18151,1326747,5551,194960.0,0.117,-0.1326,-0.7995,0.81882,997.94,1000.0,2.06,55.25,222.0,2.2379,-0.2434,LOCK,2,misalignment
18152,1326755,5559,194968.0,0.2418,0.2301,-0.7917,0.85919,997.95,1000.0,2.05,55.25,222.0,2.231,-0.3484,LOCK,2,misalignment
18153,1326764,5568,194977.0,0.0819,-0.0039,-0.819,0.82309,997.96,1000.0,2.04,55.25,222.0,2.2384,-0.237,LOCK,2,misalignment
18154,1326772,5576,194985.0,0.0858,0.1833,-0.8424,0.86637,997.98,1000.0,2.02,55.25,222.0,2.2114,-0.6454,LOCK,2,misalignment
18155,1326781,5585,194994.0,0.0117,0.0663,-0.7449,0.74794,998.0,1000.0,2.0,55.25,222.0,2.2242,-0.451,LOCK,2,misalignment
18156,1326799,5603,195012.0,-0.1404,-0.1092,-0.9243,0.94126,998.03,1000.0,1.97,55.25,222.0,2.2294,-0.3722,LOCK,2,misalignment
18157,1326808,5612,195021.0,0.2262,-0.1053,-0.6942,0.73768,998.04,1000.0,1.96,55.25,222.0,2.2331,-0.317,LOCK,2,misalignment
18158,1326817,5621,195030.0,0.1833,-0.2145,-0.8775,0.92175,998.06,1000.0,1.94,55.25,222.0,2.2358,-0.2758,LOCK,2,misalignment
18159,1326825,5629,195038.0,0.1326,0.1794,-0.7449,0.77759,998.07,1000.0,1.93,55.25,222.0,2.2112,-0.6491,LOCK,2,misalignment
18160,1326833,5637,195046.0,0.0663,0.2496,-0.7722,0.81424,998.11,1000.0,1.89,55.25,222.0,2.2295,-0.3713,LOCK,2,misalignment
18161,1326842,5646,195055.0,0.0663,0.2496,-0.7722,0.81424,998.14,1000.0,1.86,55.25,222.0,2.2247,-0.4442,LOCK,2,misalignment
18162,1326850,5654,195063.0,0.0741,0.1053,-0.7293,0.74058,998.16,1000.0,1.84,55.25,222.0,2.2397,-0.2171,LOCK,2,misalignment
18163,1326912,5716,195125.0,0.0585,0.2418,-0.6747,0.7191,998.2,1000.0,1.8,55.25,222.0,2.2338,-0.3063,LOCK,2,misalignment
18164,1326926,5730,195139.0,0.1287,0.039,-0.7254,0.73776,998.23,1000.0,1.77,55.25,222.0,2.2403,-0.2077,LOCK,2,misalignment
18165,1326934,5738,195147.0,0.1287,0.039,-0.7254,0.73776,998.26,1000.0,1.74,55.25,222.0,2.2215,-0.4925,LOCK,2,misalignment
18166,1326943,5747,195156.0,-0.0156,-0.1443,-0.8151,0.82792,998.29,1000.0,1.71,55.25,222.0,2.2084,-0.6915,LOCK,2,misalignment
18167,1326951,5755,195164.0,0.2223,0.0897,-0.7176,0.75658,998.32,1000.0,1.68,55.25,222.0,2.2348,-0.291,LOCK,2,misalignment
18168,1326960,5764,195173.0,0.0351,0.0702,-0.7956,0.79946,998.35,1000.0,1.65,55.25,222.0,2.2294,-0.3734,LOCK,2,misalignment
18169,1326969,5773,195182.0,-0.0312,0.0273,-0.7878,0.78889,998.38,1000.0,1.62,55.25,222.0,2.2336,-0.3084,LOCK,2,misalignment
18170,1326978,5782,195191.0,-0.1014,-0.2067,-0.8541,0.88459,998.41,1000.0,1.59,55.25,222.0,2.2169,-0.5627,LOCK,2,misalignment
18171,1326986,5790,195199.0,0.2106,0.0624,-0.7995,0.82912,998.44,1000.0,1.56,55.25,222.0,2.2254,-0.4327,LOCK,2,misalignment
18172,1326995,5799,195208.0,0.2106,0.0624,-0.7995,0.82912,998.46,1000.0,1.54,55.25,222.0,2.2174,-0.5544,LOCK,2,misalignment
18173,1327003,5807,195216.0,0.0663,-0.0624,-0.7995,0.80467,998.48,1000.0,1.52,55.25,222.0,2.2276,-0.4,LOCK,2,misalignment
18174,1327022,5826,195235.0,0.0234,-0.0273,-0.7566,0.75745,998.51,1000.0,1.49,55.25,222.0,2.2262,-0.4214,LOCK,2,misalignment
18175,1327030,5834,195243.0,0.0039,0.1092,-0.9321,0.93848,998.54,1000.0,1.46,55.25,222.0,2.2175,-0.5529,LOCK,2,misalignment
18176,1327038,5842,195251.0,0.0312,-0.1989,-0.8736,0.8965,998.57,1000.0,1.43,55.25,222.0,2.206,-0.7275,LOCK,2,misalignment
18177,1327047,5851,195260.0,0.0312,-0.1989,-0.8736,0.8965,998.59,1000.0,1.41,55.25,222.0,2.2208,-0.5026,LOCK,2,misalignment
18178,1327073,5877,195286.0,0.1599,0.0897,-0.7371,0.75956,998.61,1000.0,1.39,55.25,222.0,2.2302,-0.3603,LOCK,2,misalignment
18179,1327082,5886,195295.0,0.1092,-0.1209,-0.8034,0.81975,998.63,1000.0,1.37,55.25,222.0,2.2188,-0.5337,LOCK,2,misalignment
18180,1327090,5894,195303.0,-0.0975,0.1482,-0.8346,0.85324,998.65,1000.0,1.35,55.25,222.0,2.2185,-0.538,LOCK,2,misalignment
18181,1327099,5903,195312.0,-0.0975,0.1482,-0.8346,0.85324,998.67,1000.0,1.33,55.25,222.0,2.2209,-0.5013,LOCK,2,misalignment
18182,1327111,5915,195324.0,0.2574,0.3354,-0.8034,0.90785,998.68,1000.0,1.32,55.25,222.0,2.2298,-0.3673,LOCK,2,misalignment
18183,1327120,5924,195333.0,0.0936,-0.0858,-0.7566,0.76718,998.7,1000.0,1.3,55.25,222.0,2.233,-0.3179,LOCK,2,misalignment
18184,1327134,5938,195347.0,0.234,0.1092,-0.8346,0.87363,998.71,1000.0,1.29,55.25,222.0,2.2242,-0.4513,LOCK,2,misalignment
18185,1327142,5946,195355.0,-0.0663,-0.0234,-0.6981,0.70163,998.72,1000.0,1.28,55.25,222.0,2.2227,-0.4745,LOCK,2,misalignment
18186,1327151,5955,195364.0,-0.0858,-0.0039,-0.8814,0.88557,998.74,1000.0,1.26,55.25,222.0,2.2258,-0.4272,LOCK,2,misalignment
18187,1327159,5963,195372.0,-0.0858,-0.0039,-0.8814,0.88557,998.75,1000.0,1.25,55.25,222.0,2.2411,-0.1952,LOCK,2,misalignment
18188,1327172,5976,195385.0,0.2223,0.2106,-0.8112,0.86707,998.76,1000.0,1.24,55.25,222.0,2.2389,-0.2281,LOCK,2,misalignment
18189,1327180,5984,195393.0,0.2223,0.2106,-0.8112,0.86707,998.77,1000.0,1.23,55.25,222.0,2.2095,-0.6747,LOCK,2,misalignment
18190,1327189,5993,195402.0,0.0975,0.0663,-0.7761,0.78501,998.78,1000.0,1.22,55.25,222.0,2.2206,-0.5056,LOCK,2,misalignment
18191,1327197,6001,195410.0,0.0624,0.3588,-0.8229,0.89989,998.78,1000.0,1.22,55.25,222.0,2.2238,-0.4577,LOCK,2,misalignment
18192,1327206,6010,195419.0,0.0351,-0.1521,-0.7215,0.73819,998.79,1000.0,1.21,55.25,222.0,2.2123,-0.6317,LOCK,2,misalignment
18193,1327270,6074,195483.0,0.1404,0.2769,-0.741,0.80341,998.78,1000.0,1.22,55.25,222.0,2.2342,-0.2993,LOCK,2,misalignment
18194,1327278,6082,195491.0,-0.0663,0.1053,-0.9009,0.90945,998.77,1000.0,1.23,55.25,222.0,2.2356,-0.2785,LOCK,2,misalignment
18195,1327287,6091,195500.0,0.1365,0.0,-0.6942,0.70749,998.77,1000.0,1.23,55.25,222.0,2.2156,-0.5822,LOCK,2,misalignment
18196,1327295,6099,195508.0,0.1911,0.0624,-0.8268,0.85089,998.76,1000.0,1.24,55.25,222.0,2.2162,-0.5728,LOCK,2,misalignment
18197,1327303,6107,195516.0,0.1911,0.0624,-0.8268,0.85089,998.76,1000.0,1.24,55.25,222.0,2.2239,-0.4558,LOCK,2,misalignment
18198,1327318,6122,195531.0,0.1638,0.2028,-0.8346,0.87437,998.75,1000.0,1.25,55.25,222.0,2.2416,-0.1885,LOCK,2,misalignment
18199,1327327,6131,195540.0,0.078,0.234,-0.6864,0.72937,998.74,1000.0,1.26,55.25,222.0,2.2323,-0.3289,LOCK,2,misalignment
18200,1327340,6144,195553.0,-0.0741,0.039,-0.8346,0.83879,998.73,1000.0,1.27,55.25,222.0,2.2273,-0.404,LOCK,2,misalignment
18201,1327348,6152,195561.0,0.195,0.0936,-0.7254,0.75696,998.73,1000.0,1.27,55.25,222.0,2.2262,-0.4214,LOCK,2,misalignment
18202,1327357,6161,195570.0,0.1131,-0.1365,-0.858,0.87612,998.72,1000.0,1.28,55.25,222.0,2.2298,-0.3664,LOCK,2,misalignment
18203,1327371,6175,195584.0,0.2106,-0.0039,-0.7488,0.77786,998.71,1000.0,1.29,55.25,222.0,2.2332,-0.3157,LOCK,2,misalignment
18204,1327380,6184,195593.0,0.1287,0.1677,-0.8034,0.83075,998.69,1000.0,1.31,55.25,222.0,2.2401,-0.2113,LOCK,2,misalignment
18205,1327388,6192,195601.0,0.0234,-0.0741,-0.8697,0.87316,998.66,1000.0,1.34,55.25,222.0,2.2142,-0.6033,LOCK,2,misalignment
18206,1327397,6201,195610.0,-0.0195,-0.2106,-0.8229,0.84965,998.64,1000.0,1.36,55.25,222.0,2.2145,-0.5987,LOCK,2,misalignment
18207,1327405,6209,195618.0,-0.0195,-0.2106,-0.8229,0.84965,998.62,1000.0,1.38,55.25,222.0,2.2092,-0.6781,LOCK,2,misalignment
18208,1327414,6218,195627.0,0.1326,0.078,-0.8541,0.86784,998.61,1000.0,1.39,55.25,222.0,2.2183,-0.541,LOCK,2,misalignment
18209,1327422,6226,195635.0,0.1443,-0.195,-0.8073,0.84296,998.59,1000.0,1.41,55.25,222.0,2.2361,-0.2718,LOCK,2,misalignment
18210,1327441,6245,195654.0,0.1326,0.1053,-0.7956,0.81342,998.56,1000.0,1.44,55.25,222.0,2.2218,-0.4882,LOCK,2,misalignment
18211,1327449,6253,195662.0,0.0078,0.0351,-0.8229,0.82369,998.54,1000.0,1.46,55.25,222.0,2.2261,-0.4226,LOCK,2,misalignment
18212,1327458,6262,195671.0,0.0078,0.0351,-0.8229,0.82369,998.51,1000.0,1.49,55.25,222.0,2.2107,-0.6558,LOCK,2,misalignment
18213,1327466,6270,195679.0,-0.0273,-0.2145,-0.897,0.92269,998.49,1000.0,1.51,55.25,222.0,2.2395,-0.2202,LOCK,2,misalignment
18214,1327479,6283,195692.0,-0.0156,-0.1248,-0.78,0.79007,998.47,1000.0,1.53,55.25,222.0,2.2123,-0.6317,LOCK,2,misalignment
18215,1327487,6291,195700.0,-0.0156,-0.1248,-0.78,0.79007,998.46,1000.0,1.54,55.25,222.0,2.2235,-0.4626,LOCK,2,misalignment
18216,1327496,6300,195709.0,0.1131,0.1326,-0.7527,0.77261,998.42,1000.0,1.58,55.25,222.0,2.2198,-0.5184,LOCK,2,misalignment
18217,1327504,6308,195717.0,0.0078,-0.1794,-0.7215,0.74351,998.38,1000.0,1.62,55.25,222.0,2.2197,-0.52,LOCK,2,misalignment
18218,1327527,6331,195740.0,0.0624,-0.2223,-0.7371,0.77242,998.35,1000.0,1.65,55.25,222.0,2.2352,-0.2849,LOCK,2,misalignment
18219,1327540,6344,195753.0,0.1053,-0.1131,-0.7488,0.76458,998.32,1000.0,1.68,55.25,222.0,2.2362,-0.269,LOCK,2,misalignment
18220,1327549,6353,195762.0,0.1053,-0.1131,-0.7488,0.76458,998.29,1000.0,1.71,55.25,222.0,2.2017,-0.7922,LOCK,2,misalignment
18221,1327557,6361,195770.0,0.1599,-0.0156,-0.8034,0.81931,998.25,1000.0,1.75,55.25,222.0,2.2229,-0.4705,LOCK,2,misalignment
18222,1327566,6370,195779.0,0.0351,-0.0039,-0.6825,0.68341,998.2,1000.0,1.8,55.25,222.0,2.2267,-0.4143,LOCK,2,misalignment
18223,1327574,6378,195787.0,-0.0468,-0.0039,-0.8619,0.86318,998.17,1000.0,1.83,55.25,222.0,2.2267,-0.414,LOCK,2,misalignment
18224,1327583,6387,195796.0,0.2145,-0.2223,-0.7566,0.81723,998.13,1000.0,1.87,55.25,222.0,2.2351,-0.2867,LOCK,2,misalignment
18225,1327591,6395,195804.0,0.2145,-0.2223,-0.7566,0.81723,998.1,1000.0,1.9,55.25,222.0,2.225,-0.4394,LOCK,2,misalignment
18226,1327610,6414,195823.0,0.1833,0.1287,-0.7644,0.79654,998.08,1000.0,1.92,55.25,222.0,2.2215,-0.4928,LOCK,2,misalignment
18227,1327618,6422,195831.0,0.1716,0.3744,-0.8112,0.90976,998.04,1000.0,1.96,55.25,222.0,2.2336,-0.309,LOCK,2,misalignment
18228,1327627,6431,195840.0,0.1482,0.1482,-0.702,0.73262,998.01,1000.0,1.99,55.25,222.0,2.2312,-0.3457,LOCK,2,misalignment
18229,1327636,6440,195849.0,-0.0351,0.0117,-0.9126,0.91335,997.97,1000.0,2.03,55.25,222.0,2.2364,-0.2663,LOCK,2,misalignment
18230,1327644,6448,195857.0,0.1911,-0.0078,-0.7332,0.75773,997.95,1000.0,2.05,55.25,222.0,2.2204,-0.5084,LOCK,2,misalignment
18231,1327653,6457,195866.0,0.1911,-0.0078,-0.7332,0.75773,997.92,1000.0,2.08,55.25,222.0,2.2224,-0.4794,LOCK,2,misalignment
18232,1327661,6465,195874.0,0.2106,-0.0312,-0.9048,0.92951,997.9,1000.0,2.1,55.25,222.0,2.2265,-0.4174,LOCK,2,misalignment
18233,1327669,6473,195882.0,0.0897,0.2847,-0.7254,0.78441,997.88,1000.0,2.12,55.25,222.0,2.2377,-0.2477,LOCK,2,misalignment
18234,1327688,6492,195901.0,0.117,0.0897,-0.7566,0.77083,997.85,1000.0,2.15,55.25,222.0,2.2293,-0.3743,LOCK,2,misalignment
18235,1327697,6501,195910.0,-0.1092,0.0273,-0.9204,0.92726,997.82,1000.0,2.18,55.25,222.0,2.2163,-0.5718,LOCK,2,misalignment
18236,1327705,6509,195918.0,0.1794,0.0663,-0.7059,0.73135,997.8,1000.0,2.2,55.25,222.0,2.2214,-0.4943,LOCK,2,misalignment
18237,1327714,6518,195927.0,0.1794,0.0663,-0.7059,0.73135,997.77,1000.0,2.23,55.25,222.0,2.2404,-0.2065,LOCK,2,misalignment
18238,1327722,6526,195935.0,0.2106,0.0858,-0.8658,0.89517,997.75,1000.0,2.25,55.25,222.0,2.2299,-0.3652,LOCK,2,misalignment
18239,1327730,6534,195943.0,0.1014,-0.1989,-0.7683,0.80008,997.74,1000.0,2.26,55.25,222.0,2.24,-0.2126,LOCK,2,misalignment
18240,1327744,6548,195957.0,0.0312,0.2106,-0.7761,0.80477,997.7,1000.0,2.3,55.25,222.0,2.2341,-0.3014,LOCK,2,misalignment
18241,1327752,6556,195965.0,0.0741,0.0,-0.7527,0.75634,997.66,1000.0,2.34,55.25,222.0,2.222,-0.4845,LOCK,2,misalignment
18242,1327761,6565,195974.0,-0.0351,0.2457,-0.819,0.85578,997.63,1000.0,2.37,55.25,222.0,2.2305,-0.3563,LOCK,2,misalignment
18243,1327769,6573,195982.0,0.1716,0.0234,-0.7449,0.76477,997.61,1000.0,2.39,55.25,222.0,2.2352,-0.2852,LOCK,2,misalignment
18244,1327778,6582,195991.0,0.1131,-0.1755,-0.8112,0.83764,997.58,1000.0,2.42,55.25,222.0,2.2351,-0.2861,LOCK,2,misalignment
18245,1327788,6592,196001.0,0.0429,0.0429,-0.7254,0.72793,997.56,1000.0,2.44,55.25,222.0,2.2392,-0.2248,LOCK,2,misalignment
18246,1327797,6601,196010.0,0.0429,0.0429,-0.7254,0.72793,997.54,1000.0,2.46,55.25,222.0,2.2128,-0.6243,LOCK,2,misalignment
18247,1327805,6609,196018.0,0.1248,0.2847,-0.8229,0.87966,997.51,1000.0,2.49,55.25,222.0,2.221,-0.4995,LOCK,2,misalignment
18248,1327814,6618,196027.0,-0.1521,0.0351,-0.702,0.71915,997.49,1000.0,2.51,55.25,222.0,2.2196,-0.5215,LOCK,2,misalignment
18249,1327822,6626,196035.0,-0.0819,-0.3432,-0.858,0.92772,997.48,1000.0,2.52,55.25,222.0,2.2237,-0.4598,LOCK,2,misalignment
18250,1327831,6635,196044.0,0.1443,-0.0897,-0.7878,0.80591,997.46,1000.0,2.54,55.25,222.0,2.234,-0.3029,LOCK,2,misalignment
18251,1327839,6643,196052.0,0.1638,-0.1989,-0.8151,0.85486,997.44,1000.0,2.56,55.25,222.0,2.2409,-0.1991,LOCK,2,misalignment
18252,1327848,6652,196061.0,0.1638,-0.1989,-0.8151,0.85486,997.43,1000.0,2.57,55.25,222.0,2.2067,-0.7171,LOCK,2,misalignment
18253,1327866,6670,196079.0,0.1755,0.0663,-0.7722,0.79466,997.4,1000.0,2.6,55.25,222.0,2.2068,-0.7144,LOCK,2,misalignment
18254,1327875,6679,196088.0,0.0468,0.1755,-0.8307,0.85033,997.38,1000.0,2.62,55.25,222.0,2.2332,-0.3154,LOCK,2,misalignment
18255,1327883,6687,196096.0,0.0,-0.1482,-0.8697,0.88224,997.35,1000.0,2.65,55.25,222.0,2.2254,-0.4336,LOCK,2,misalignment
18256,1327892,6696,196105.0,0.1599,0.2145,-0.936,0.97349,997.33,1000.0,2.67,55.25,222.0,2.2446,-0.1424,LOCK,2,misalignment
18257,1327900,6704,196113.0,-0.0429,-0.1989,-0.7449,0.77219,997.31,1000.0,2.69,55.25,222.0,2.2238,-0.4571,LOCK,2,misalignment
18258,1327909,6713,196122.0,-0.0429,-0.1989,-0.7449,0.77219,997.3,1000.0,2.7,55.25,222.0,2.2181,-0.5444,LOCK,2,misalignment
18259,1327917,6721,196130.0,0.0624,0.0624,-0.7722,0.77723,997.28,1000.0,2.72,55.25,222.0,2.2303,-0.3585,LOCK,2,misalignment
18260,1327926,6730,196139.0,0.0039,-0.1248,-0.7566,0.76683,997.26,1000.0,2.74,55.25,222.0,2.2197,-0.52,LOCK,2,misalignment
18261,1327949,6753,196162.0,0.0624,-0.1248,-0.8034,0.81543,997.25,1000.0,2.75,55.25,222.0,2.2477,-0.0947,LOCK,2,misalignment
18262,1327958,6762,196171.0,0.2496,0.2613,-0.8073,0.88448,997.24,1000.0,2.76,55.25,222.0,2.2113,-0.6463,LOCK,2,misalignment
18263,1327966,6770,196179.0,0.078,-0.1599,-0.7293,0.75069,997.22,1000.0,2.78,55.25,222.0,2.2235,-0.4626,LOCK,2,misalignment
18264,1327975,6779,196188.0,0.1248,0.1053,-0.741,0.75878,997.21,1000.0,2.79,55.25,222.0,2.2472,-0.103,LOCK,2,misalignment
18265,1327983,6787,196196.0,-0.0195,0.039,-0.7449,0.74618,997.2,1000.0,2.8,55.25,222.0,2.2283,-0.3887,LOCK,2,misalignment
18266,1327993,6797,196206.0,-0.1482,0.0312,-0.8658,0.87895,997.19,1000.0,2.81,55.25,222.0,2.2425,-0.1738,LOCK,2,misalignment
18267,1328001,6805,196214.0,-0.1482,0.0312,-0.8658,0.87895,997.18,1000.0,2.82,55.25,222.0,2.2118,-0.6399,LOCK,2,misalignment
18268,1328010,6814,196223.0,0.1833,-0.2301,-0.7371,0.79364,997.17,1000.0,2.83,55.25,222.0,2.2142,-0.6027,LOCK,2,misalignment
18269,1328018,6822,196231.0,0.2184,0.1911,-0.7995,0.85054,997.17,1000.0,2.83,55.25,222.0,2.2244,-0.4482,LOCK,2,misalignment
18270,1328027,6831,196240.0,0.0897,0.1833,-0.7566,0.78364,997.16,1000.0,2.84,55.25,222.0,2.2271,-0.4076,LOCK,2,misalignment
18271,1328036,6840,196249.0,0.1053,0.234,-0.8463,0.88435,997.16,1000.0,2.84,55.25,222.0,2.2376,-0.2483,LOCK,2,misalignment
18272,1328045,6849,196258.0,0.2379,-0.0039,-0.6708,0.71175,997.15,1000.0,2.85,55.25,222.0,2.2351,-0.2861,LOCK,2,misalignment
18273,1328054,6858,196267.0,0.2379,-0.0039,-0.6708,0.71175,997.15,1000.0,2.85,55.25,222.0,2.2153,-0.5868,LOCK,2,misalignment
18274,1328062,6866,196275.0,-0.0429,0.0,-0.9282,0.92919,997.15,1000.0,2.85,55.25,222.0,2.2156,-0.5825,LOCK,2,misalignment
18275,1328081,6885,196294.0,0.1677,-0.0741,-0.8931,0.91172,997.14,1000.0,2.86,55.25,222.0,2.2345,-0.2953,LOCK,2,misalignment
18276,1328089,6893,196302.0,0.1443,0.1326,-0.7488,0.77402,997.14,1000.0,2.86,55.25,222.0,2.2216,-0.4906,LOCK,2,misalignment
18277,1328098,6902,196311.0,0.156,0.2262,-0.7293,0.77935,997.14,1000.0,2.86,55.25,222.0,2.2344,-0.2971,LOCK,2,misalignment
18278,1328106,6910,196319.0,0.0429,0.0585,-0.8073,0.81055,997.15,1000.0,2.85,55.25,222.0,2.2216,-0.4906,LOCK,2,misalignment
18279,1328115,6919,196328.0,0.0429,0.0585,-0.8073,0.81055,997.15,1000.0,2.85,55.25,222.0,2.2156,-0.5813,LOCK,2,misalignment
18280,1328123,6927,196336.0,-0.0195,-0.0663,-0.8502,0.853,997.16,1000.0,2.84,55.25,222.0,2.2114,-0.6448,LOCK,2,misalignment
18281,1328131,6935,196344.0,0.1794,-0.0078,-0.6981,0.72083,997.16,1000.0,2.84,55.25,222.0,2.225,-0.4391,LOCK,2,misalignment
18282,1328141,6945,196354.0,0.1794,0.0,-0.8424,0.86129,997.16,1000.0,2.84,55.25,222.0,2.2337,-0.3072,LOCK,2,misalignment
18283,1328154,6958,196367.0,0.0819,-0.0702,-0.7371,0.74495,997.17,1000.0,2.83,55.25,222.0,2.2371,-0.2562,LOCK,2,misalignment
18284,1328163,6967,196376.0,0.0741,0.351,-0.8268,0.90127,997.18,1000.0,2.82,55.25,222.0,2.2162,-0.5731,LOCK,2,misalignment
18285,1328171,6975,196384.0,0.0351,0.0312,-0.6513,0.65299,997.2,1000.0,2.8,55.25,222.0,2.2225,-0.4775,LOCK,2,misalignment
18286,1328180,6984,196393.0,-0.0273,0.1053,-0.8814,0.88809,997.21,1000.0,2.79,55.25,222.0,2.2355,-0.28,LOCK,2,misalignment
18287,1328188,6992,196401.0,0.2457,0.0702,-0.702,0.74706,997.23,1000.0,2.77,55.25,222.0,2.2385,-0.2352,LOCK,2,misalignment
18288,1328198,7002,196411.0,0.1248,-0.0819,-0.8229,0.83633,997.24,1000.0,2.76,55.25,222.0,2.2358,-0.2758,LOCK,2,misalignment
18289,1328206,7010,196419.0,0.1248,-0.0819,-0.8229,0.83633,997.25,1000.0,2.75,55.25,222.0,2.2265,-0.4162,LOCK,2,misalignment
18290,1328215,7019,196428.0,0.2262,0.2145,-0.7293,0.79313,997.26,1000.0,2.74,55.25,222.0,2.2228,-0.4729,LOCK,2,misalignment
18291,1328223,7027,196436.0,0.0819,0.1716,-0.7683,0.79148,997.29,1000.0,2.71,55.25,222.0,2.2263,-0.4195,LOCK,2,misalignment
18292,1328232,7036,196445.0,-0.0858,-0.0585,-0.7332,0.74052,997.32,1000.0,2.68,55.25,222.0,2.2105,-0.6585,LOCK,2,misalignment
18293,1328240,7044,196453.0,0.0078,-0.3315,-0.819,0.88358,997.34,1000.0,2.66,55.25,222.0,2.2398,-0.2144,LOCK,2,misalignment
18294,1328259,7063,196472.0,0.1053,0.0078,-0.8853,0.89157,997.37,1000.0,2.63,55.25,222.0,2.2202,-0.5123,LOCK,2,misalignment
18295,1328267,7071,196480.0,0.2613,-0.2535,-0.8112,0.88915,997.39,1000.0,2.61,55.25,222.0,2.2222,-0.4815,LOCK,2,misalignment
18296,1328276,7080,196489.0,-0.039,0.0546,-0.7293,0.73238,997.44,1000.0,2.56,55.25,222.0,2.2219,-0.4858,LOCK,2,misalignment
18297,1328284,7088,196497.0,0.0234,-0.0078,-0.7644,0.7648,997.49,1000.0,2.51,55.25,222.0,2.2365,-0.2657,LOCK,2,misalignment
18298,1328300,7104,196513.0,-0.0195,0.0351,-0.8931,0.894,997.54,1000.0,2.46,55.25,222.0,2.2374,-0.2513,LOCK,2,misalignment
18299,1328309,7113,196522.0,0.0273,-0.2106,-0.8697,0.89525,997.57,1000.0,2.43,55.25,222.0,2.2284,-0.3875,LOCK,2,misalignment
18300,1328317,7121,196530.0,0.1599,0.1794,-0.8697,0.90229,997.61,1000.0,2.39,55.25,222.0,2.2336,-0.309,LOCK,2,misalignment
18301,1328326,7130,196539.0,-0.0429,-0.0975,-0.7449,0.75248,997.64,1000.0,2.36,55.25,222.0,2.2168,-0.5642,LOCK,2,misalignment
18302,1328334,7138,196547.0,0.0624,0.0858,-0.7332,0.74084,997.67,1000.0,2.33,55.25,222.0,2.2283,-0.3893,LOCK,2,misalignment
18303,1328343,7147,196556.0,0.0702,-0.0702,-0.7761,0.78242,997.73,1000.0,2.27,55.25,222.0,2.2331,-0.316,LOCK,2,misalignment
18304,1328356,7160,196569.0,-0.0897,0.0975,-0.8619,0.87202,997.78,1000.0,2.22,55.25,222.0,2.233,-0.3179,LOCK,2,misalignment
18305,1328364,7168,196577.0,0.0702,-0.1872,-0.7956,0.82034,997.82,1000.0,2.18,55.25,222.0,2.2223,-0.4803,LOCK,2,misalignment
18306,1328373,7177,196586.0,0.1872,0.3276,-0.7839,0.86998,997.86,1000.0,2.14,55.25,222.0,2.229,-0.3783,LOCK,2,misalignment
18307,1328381,7185,196594.0,0.1872,0.3276,-0.7839,0.86998,997.9,1000.0,2.1,55.25,222.0,2.2279,-0.3951,LOCK,2,misalignment
18308,1328390,7194,196603.0,-0.0897,0.0663,-0.7683,0.77635,997.93,1000.0,2.07,55.25,222.0,2.2411,-0.1961,LOCK,2,misalignment
18309,1328403,7207,196616.0,0.1326,0.0546,-0.8346,0.84683,998.0,1000.0,2.0,55.25,222.0,2.2365,-0.2654,LOCK,2,misalignment
18310,1328411,7215,196624.0,0.0273,-0.1755,-0.6279,0.65254,998.06,1000.0,1.94,55.25,222.0,2.2129,-0.6228,LOCK,2,misalignment
18311,1328420,7224,196633.0,-0.1014,-0.0819,-0.936,0.94503,998.11,1000.0,1.89,55.25,222.0,2.2186,-0.537,LOCK,2,misalignment
18312,1328428,7232,196641.0,0.273,-0.2106,-0.6786,0.76117,998.16,1000.0,1.84,55.25,222.0,2.2185,-0.5377,LOCK,2,misalignment
18313,1328437,7241,196650.0,0.2847,-0.1287,-0.8697,0.92412,998.21,1000.0,1.79,55.25,222.0,2.2277,-0.3991,LOCK,2,misalignment
18314,1328445,7249,196658.0,0.1599,0.1677,-0.7683,0.80248,998.24,1000.0,1.76,55.25,222.0,2.2348,-0.291,LOCK,2,misalignment
18315,1328454,7258,196667.0,0.1599,0.1677,-0.7683,0.80248,998.28,1000.0,1.72,55.25,222.0,2.2373,-0.2535,LOCK,2,misalignment
18316,1328462,7266,196675.0,0.117,0.2574,-0.7917,0.84067,998.36,1000.0,1.64,55.25,222.0,2.2153,-0.5859,LOCK,2,misalignment
18317,1328471,7275,196684.0,0.0156,0.0039,-0.7878,0.78796,998.42,1000.0,1.58,55.25,222.0,2.2229,-0.4717,LOCK,2,misalignment
18318,1328489,7293,196702.0,0.1131,0.117,-0.741,0.75866,998.48,1000.0,1.52,55.25,222.0,2.2314,-0.3423,LOCK,2,misalignment
18319,1328498,7302,196711.0,0.2574,-0.0156,-0.8268,0.86608,998.54,1000.0,1.46,55.25,222.0,2.2363,-0.2675,LOCK,2,misalignment
18320,1328507,7311,196720.0,0.2262,-0.0078,-0.7917,0.82342,998.59,1000.0,1.41,55.25,222.0,2.24,-0.2129,LOCK,2,misalignment
18321,1328515,7319,196728.0,0.2262,-0.0078,-0.7917,0.82342,998.63,1000.0,1.37,55.25,222.0,2.2122,-0.6329,LOCK,2,misalignment
18322,1328523,7327,196736.0,0.1638,0.4329,-0.8463,0.9646,998.72,1000.0,1.28,55.25,222.0,2.2223,-0.4806,LOCK,2,misalignment
18323,1328532,7336,196745.0,0.1794,0.2496,-0.741,0.80223,998.79,1000.0,1.21,55.25,222.0,2.2187,-0.5355,LOCK,2,misalignment
18324,1328540,7344,196753.0,-0.1131,0.2418,-0.8931,0.93214,998.86,1000.0,1.14,55.25,222.0,2.2239,-0.4562,LOCK,2,misalignment
18325,1328549,7353,196762.0,0.1833,0.0546,-0.7371,0.76151,998.92,1000.0,1.08,55.25,222.0,2.2383,-0.2376,LOCK,2,misalignment
18326,1328562,7366,196775.0,0.0897,-0.2301,-0.8658,0.90033,998.97,1000.0,1.03,55.25,222.0,2.2382,-0.2394,LOCK,2,misalignment
18327,1328571,7375,196784.0,0.1755,0.1053,-0.7371,0.76499,999.02,1000.0,0.98,55.25,222.0,2.2288,-0.3814,LOCK,2,misalignment
18328,1328579,7383,196792.0,0.0546,0.234,-0.8034,0.83856,999.11,1000.0,0.89,55.25,222.0,2.2214,-0.4934,LOCK,2,misalignment
18329,1328588,7392,196801.0,0.0546,0.234,-0.8034,0.83856,999.18,1000.0,0.82,55.25,222.0,2.2294,-0.3734,LOCK,2,misalignment
18330,1328596,7400,196809.0,-0.0039,0.0702,-0.7761,0.77928,999.25,1000.0,0.75,55.25,222.0,2.2295,-0.3713,LOCK,2,misalignment
18331,1328609,7413,196822.0,0.078,0.0624,-0.8502,0.85605,999.32,1000.0,0.68,55.25,222.0,2.2377,-0.2477,LOCK,2,misalignment
18332,1328618,7422,196831.0,0.078,0.0624,-0.8502,0.85605,999.38,1000.0,0.62,55.25,222.0,2.222,-0.4852,LOCK,2,misalignment
18333,1328626,7430,196839.0,0.0858,-0.1131,-0.7488,0.76214,999.43,1000.0,0.57,55.25,222.0,2.2185,-0.5386,LOCK,2,misalignment
18334,1328635,7439,196848.0,-0.0273,0.0234,-0.7332,0.73408,999.47,1000.0,0.53,55.25,222.0,2.2253,-0.4345,LOCK,2,misalignment
18335,1328643,7447,196856.0,0.0351,-0.2418,-0.702,0.74331,999.57,1000.0,0.43,55.25,222.0,2.2257,-0.4293,LOCK,2,misalignment
18336,1328652,7456,196865.0,-0.1014,-0.0312,-0.9204,0.92649,999.66,1000.0,0.34,55.25,222.0,2.2311,-0.3475,LOCK,2,misalignment
18337,1328660,7464,196873.0,0.0585,-0.1677,-0.9087,0.92589,999.74,1000.0,0.26,55.25,222.0,2.2364,-0.266,LOCK,2,misalignment
18338,1328669,7473,196882.0,0.0585,-0.1677,-0.9087,0.92589,999.81,1000.0,0.19,55.25,222.0,2.2127,-0.6253,LOCK,2,misalignment
18339,1328687,7491,196900.0,-0.0546,-0.0897,-0.78,0.78704,999.88,1000.0,0.12,55.25,222.0,2.2205,-0.5077,LOCK,2,misalignment
18340,1328696,7500,196909.0,0.1872,0.1092,-0.7488,0.77953,999.98,1000.0,0.02,55.25,222.0,2.2327,-0.3228,LOCK,2,misalignment
18341,1328705,7509,196918.0,0.0078,-0.1365,-0.78,0.79189,1000.07,1000.0,-0.07,55.25,222.0,2.2354,-0.2825,LOCK,2,misalignment
18342,1328714,7518,196927.0,-0.0897,0.1482,-0.8463,0.86385,1000.15,1000.0,-0.15,55.25,222.0,2.2322,-0.3304,LOCK,2,misalignment
18343,1328722,7526,196935.0,0.039,-0.3276,-0.78,0.8469,1000.22,1000.0,-0.22,55.25,222.0,2.2159,-0.5776,LOCK,2,misalignment
18344,1328731,7535,196944.0,0.039,-0.3276,-0.78,0.8469,1000.29,1000.0,-0.29,55.25,222.0,2.227,-0.4088,LOCK,2,misalignment
18345,1328739,7543,196952.0,0.273,0.2418,-0.7956,0.8752,1000.35,1000.0,-0.35,55.25,222.0,2.237,-0.2568,LOCK,2,misalignment
18346,1328763,7567,196976.0,0.0351,0.0078,-0.7215,0.7224,1000.45,1000.0,-0.45,55.25,222.0,2.2312,-0.3447,LOCK,2,misalignment
18347,1328771,7575,196984.0,0.0351,0.0078,-0.7215,0.7224,1000.54,1000.0,-0.54,55.25,222.0,2.2167,-0.5654,LOCK,2,misalignment
18348,1328780,7584,196993.0,-0.1014,-0.1833,-0.9867,1.00869,1000.62,1000.0,-0.62,55.25,222.0,2.2219,-0.4858,LOCK,2,misalignment
18349,1328788,7592,197001.0,0.1794,-0.0351,-0.6903,0.71409,1000.69,1000.0,-0.69,55.25,222.0,2.2184,-0.5401,LOCK,2,misalignment
18350,1328797,7601,197010.0,0.1599,-0.1053,-0.9087,0.92865,1000.76,1000.0,-0.76,55.25,222.0,2.2353,-0.284,LOCK,2,misalignment
18351,1328815,7619,197028.0,0.0546,0.3783,-0.7722,0.86162,1000.86,1000.0,-0.86,55.25,222.0,2.2406,-0.2028,LOCK,2,misalignment
18352,1328824,7628,197037.0,0.0546,0.3783,-0.7722,0.86162,1000.95,1000.0,-0.95,55.25,222.0,2.218,-0.5462,LOCK,2,misalignment
18353,1328832,7636,197045.0,0.0663,-0.0819,-0.7488,0.75618,1001.03,1000.0,-1.03,55.25,222.0,2.2246,-0.4452,LOCK,2,misalignment
18354,1328841,7645,197054.0,-0.0741,0.156,-0.9555,0.97098,1001.1,1000.0,-1.1,55.25,222.0,2.215,-0.5902,LOCK,2,misalignment
18355,1328849,7653,197062.0,0.2184,0.0975,-0.7683,0.80467,1001.17,1000.0,-1.17,55.25,222.0,2.2322,-0.3301,LOCK,2,misalignment
18356,1328858,7662,197071.0,0.2262,-0.0429,-0.8385,0.86953,1001.23,1000.0,-1.23,55.25,222.0,2.2297,-0.3682,LOCK,2,misalignment
18357,1328876,7680,197089.0,0.156,0.3003,-0.8112,0.87895,1001.33,1000.0,-1.33,55.25,222.0,2.2097,-0.672,LOCK,2,misalignment
18358,1328885,7689,197098.0,0.156,0.3003,-0.8112,0.87895,1001.42,1000.0,-1.42,55.25,222.0,2.2129,-0.6231,LOCK,2,misalignment
18359,1328893,7697,197106.0,-0.195,0.0156,-0.6825,0.70998,1001.5,1000.0,-1.5,55.25,222.0,2.223,-0.4696,LOCK,2,misalignment
18360,1328902,7706,197115.0,-0.0273,-0.0273,-0.7839,0.78485,1001.57,1000.0,-1.57,55.25,222.0,2.2339,-0.3041,LOCK,2,misalignment
18361,1328916,7720,197129.0,0.1131,-0.0351,-0.7956,0.80436,1001.63,1000.0,-1.63,55.25,222.0,2.2353,-0.284,LOCK,2,misalignment
18362,1328925,7729,197138.0,0.0546,-0.0897,-0.8112,0.81797,1001.69,1000.0,-1.69,55.25,222.0,2.2188,-0.5337,LOCK,2,misalignment
18363,1328933,7737,197146.0,0.2457,0.1092,-0.7215,0.76997,1001.74,1000.0,-1.74,55.25,222.0,2.2253,-0.4345,LOCK,2,misalignment
18364,1328942,7746,197155.0,0.0975,-0.0819,-0.7761,0.78648,1001.83,1000.0,-1.83,55.25,222.0,2.2137,-0.6109,LOCK,2,misalignment
18365,1328950,7754,197163.0,0.0819,0.1248,-0.8073,0.82098,1001.9,1000.0,-1.9,55.25,222.0,2.2135,-0.614,LOCK,2,misalignment
18366,1328974,7778,197187.0,0.1443,0.0936,-0.8658,0.88272,1001.97,1000.0,-1.97,55.25,222.0,2.2408,-0.1994,LOCK,2,misalignment
18367,1328982,7786,197195.0,-0.0702,-0.0273,-0.7449,0.7487,1002.03,1000.0,-2.03,55.25,222.0,2.2144,-0.5996,LOCK,2,misalignment
18368,1328990,7794,197203.0,-0.0351,-0.039,-0.7332,0.73507,1002.08,1000.0,-2.08,55.25,222.0,2.214,-0.6063,LOCK,2,misalignment
18369,1328999,7803,197212.0,-0.0039,-0.1365,-0.7566,0.76882,1002.16,1000.0,-2.16,55.25,222.0,2.2372,-0.2547,LOCK,2,misalignment
18370,1329007,7811,197220.0,-0.0039,-0.1365,-0.7566,0.76882,1002.24,1000.0,-2.24,55.25,222.0,2.2409,-0.1979,LOCK,2,misalignment
18371,1329026,7830,197239.0,0.0702,-0.039,-0.78,0.78412,1002.3,1000.0,-2.3,55.25,222.0,2.2199,-0.5163,LOCK,2,misalignment
18372,1329034,7838,197247.0,0.1794,0.3198,-0.8073,0.88667,1002.36,1000.0,-2.36,55.25,222.0,2.2258,-0.4265,LOCK,2,misalignment
18373,1329043,7847,197256.0,0.1092,-0.1755,-0.7878,0.81447,1002.41,1000.0,-2.41,55.25,222.0,2.2187,-0.5343,LOCK,2,misalignment
18374,1329051,7855,197264.0,0.0975,0.117,-0.7644,0.77942,1002.46,1000.0,-2.46,55.25,222.0,2.2245,-0.4476,LOCK,2,misalignment
18375,1329060,7864,197273.0,0.0975,0.117,-0.7644,0.77942,1002.53,1000.0,-2.53,55.25,222.0,2.2329,-0.3194,LOCK,2,misalignment
18376,1329069,7873,197282.0,0.0039,-0.1053,-0.702,0.70986,1002.6,1000.0,-2.6,55.25,222.0,2.2321,-0.3316,LOCK,2,misalignment
18377,1329087,7891,197300.0,0.2184,-0.2613,-0.7488,0.8226,1002.66,1000.0,-2.66,55.25,222.0,2.2258,-0.4269,LOCK,2,misalignment
18378,1329096,7900,197309.0,0.3042,-0.0624,-0.7917,0.85042,1002.72,1000.0,-2.72,55.25,222.0,2.2277,-0.3982,LOCK,2,misalignment
18379,1329104,7908,197317.0,0.2184,0.1482,-0.7527,0.79763,1002.77,1000.0,-2.77,55.25,222.0,2.238,-0.2428,LOCK,2,misalignment
18380,1329113,7917,197326.0,0.0936,0.4446,-0.8307,0.94683,1002.82,1000.0,-2.82,55.25,222.0,2.2361,-0.2718,LOCK,2,misalignment
18381,1329121,7925,197334.0,0.0936,0.4446,-0.8307,0.94683,1002.89,1000.0,-2.89,55.25,222.0,2.2387,-0.2312,LOCK,2,misalignment
18382,1329130,7934,197343.0,0.0195,0.1521,-0.7293,0.74525,1002.95,1000.0,-2.95,55.25,222.0,2.2143,-0.6018,LOCK,2,misalignment
18383,1329148,7952,197361.0,0.1833,0.0819,-0.6669,0.69646,1003.0,1000.0,-3.0,55.25,222.0,2.2222,-0.4815,LOCK,2,misalignment
18384,1329157,7961,197370.0,0.2418,-0.0546,-0.858,0.89309,1003.05,1000.0,-3.05,55.25,222.0,2.2235,-0.462,LOCK,2,misalignment
18385,1329165,7969,197378.0,0.273,0.1833,-0.7215,0.7929,1003.1,1000.0,-3.1,55.25,222.0,2.243,-0.1668,LOCK,2,misalignment
18386,1329179,7983,197392.0,0.0663,0.2106,-0.7722,0.80314,1003.16,1000.0,-3.16,55.25,222.0,2.2312,-0.3447,LOCK,2,misalignment
18387,1329187,7991,197400.0,0.1716,0.3315,-0.7566,0.84367,1003.21,1000.0,-3.21,55.25,222.0,2.2208,-0.5032,LOCK,2,misalignment
18388,1329196,8000,197409.0,-0.0195,0.2184,-0.8346,0.86292,1003.27,1000.0,-3.27,55.25,222.0,2.2138,-0.6085,LOCK,2,misalignment
18389,1329204,8008,197417.0,0.195,0.0546,-0.7488,0.7757,1003.31,1000.0,-3.31,55.25,222.0,2.2417,-0.1863,LOCK,2,misalignment
18390,1329213,8017,197426.0,0.195,0.0546,-0.7488,0.7757,1003.35,1000.0,-3.35,55.25,222.0,2.2353,-0.2837,LOCK,2,misalignment
18391,1329224,8028,197437.0,0.1872,-0.195,-0.8034,0.84766,1003.39,1000.0,-3.39,55.25,222.0,2.228,-0.3942,LOCK,2,misalignment
18392,1329232,8036,197445.0,0.117,-0.0234,-0.7527,0.7621,1003.42,1000.0,-3.42,55.25,222.0,2.2093,-0.6769,LOCK,2,misalignment
18393,1329241,8045,197454.0,0.1365,0.0195,-0.7683,0.78058,1003.47,1000.0,-3.47,55.25,222.0,2.2347,-0.2932,LOCK,2,misalignment
18394,1329249,8053,197462.0,-0.078,-0.0585,-0.8697,0.87515,1003.51,1000.0,-3.51,55.25,222.0,2.221,-0.5004,LOCK,2,misalignment
18395,1329258,8062,197471.0,-0.0468,-0.2028,-0.8502,0.8753,1003.55,1000.0,-3.55,55.25,222.0,2.228,-0.3933,LOCK,2,misalignment
18396,1329276,8080,197489.0,0.1443,-0.2067,-0.7995,0.8383,1003.58,1000.0,-3.58,55.25,222.0,2.2398,-0.215,LOCK,2,misalignment
18397,1329285,8089,197498.0,0.1443,-0.2067,-0.7995,0.8383,1003.62,1000.0,-3.62,55.25,222.0,2.2256,-0.4308,LOCK,2,misalignment
18398,1329293,8097,197506.0,0.0039,0.0663,-0.7215,0.72455,1003.67,1000.0,-3.67,55.25,222.0,2.2096,-0.6723,LOCK,2,misalignment
18399,1329302,8106,197515.0,0.1404,-0.2145,-0.7917,0.83217,1003.72,1000.0,-3.72,55.25,222.0,2.2151,-0.5899,LOCK,2,misalignment
18400,1329310,8114,197523.0,0.0312,0.156,-0.8736,0.88797,1003.77,1000.0,-3.77,55.25,222.0,2.2336,-0.309,LOCK,2,misalignment
18401,1329329,8133,197542.0,0.1404,0.2223,-0.8463,0.8862,1003.81,1000.0,-3.81,55.25,222.0,2.2362,-0.269,LOCK,2,misalignment
18402,1329337,8141,197550.0,0.1404,0.2223,-0.8463,0.8862,1003.84,1000.0,-3.84,55.25,222.0,2.2234,-0.4632,LOCK,2,misalignment
18403,1329346,8150,197559.0,-0.0429,-0.1326,-0.78,0.79235,1003.88,1000.0,-3.88,55.25,222.0,2.2162,-0.5725,LOCK,2,misalignment
18404,1329354,8158,197567.0,0.2574,0.2145,-0.8034,0.87047,1003.92,1000.0,-3.92,55.25,222.0,2.2176,-0.552,LOCK,2,misalignment
18405,1329363,8167,197576.0,0.0,-0.0273,-0.7215,0.72202,1003.95,1000.0,-3.95,55.25,222.0,2.2278,-0.3969,LOCK,2,misalignment
18406,1329386,8190,197599.0,0.1014,-0.195,-0.7449,0.77665,1003.98,1000.0,-3.98,55.25,222.0,2.2275,-0.4015,LOCK,2,misalignment
18407,1329395,8199,197608.0,0.2925,0.1482,-0.8385,0.90033,1004.01,1000.0,-4.01,55.25,222.0,2.2183,-0.5404,LOCK,2,misalignment
18408,1329403,8207,197616.0,0.0936,0.0156,-0.7527,0.75866,1004.04,1000.0,-4.04,55.25,222.0,2.2192,-0.527,LOCK,2,misalignment
18409,1329412,8216,197625.0,0.156,0.2145,-0.8619,0.90179,1004.08,1000.0,-4.08,55.25,222.0,2.2376,-0.2483,LOCK,2,misalignment
18410,1329427,8231,197640.0,0.0585,0.0,-0.7098,0.71221,1004.12,1000.0,-4.12,55.25,222.0,2.2285,-0.3863,LOCK,2,misalignment
18411,1329435,8239,197648.0,-0.0663,-0.1443,-0.9087,0.92247,1004.16,1000.0,-4.16,55.25,222.0,2.2093,-0.6769,LOCK,2,misalignment
18412,1329444,8248,197657.0,0.2301,0.0195,-0.7176,0.75384,1004.19,1000.0,-4.19,55.25,222.0,2.2218,-0.4882,LOCK,2,misalignment
18413,1329452,8256,197665.0,0.1287,-0.0663,-0.8424,0.85475,1004.22,1000.0,-4.22,55.25,222.0,2.2126,-0.6268,LOCK,2,misalignment
18414,1329461,8265,197674.0,0.1287,-0.0663,-0.8424,0.85475,1004.24,1000.0,-4.24,55.25,222.0,2.2227,-0.4748,LOCK,2,misalignment
18415,1329479,8283,197692.0,0.1755,0.4563,-0.7371,0.88449,1004.28,1000.0,-4.28,55.25,222.0,2.2369,-0.2587,LOCK,2,misalignment
18416,1329488,8292,197701.0,0.1248,0.0078,-0.6903,0.70153,1004.32,1000.0,-4.32,55.25,222.0,2.221,-0.5004,LOCK,2,misalignment
18417,1329496,8300,197709.0,-0.0585,0.2262,-0.9438,0.97229,1004.35,1000.0,-4.35,55.25,222.0,2.2217,-0.4894,LOCK,2,misalignment
18418,1329505,8309,197718.0,0.1716,0.078,-0.7059,0.73063,1004.38,1000.0,-4.38,55.25,222.0,2.216,-0.5764,LOCK,2,misalignment
18419,1329513,8317,197726.0,0.2145,-0.1287,-0.8268,0.86381,1004.4,1000.0,-4.4,55.25,222.0,2.2406,-0.2034,LOCK,2,misalignment
18420,1329529,8333,197742.0,0.1365,0.1911,-0.7761,0.81085,1004.43,1000.0,-4.43,55.25,222.0,2.2377,-0.2468,LOCK,2,misalignment
18421,1329538,8342,197751.0,0.1248,0.156,-0.8658,0.88855,1004.46,1000.0,-4.46,55.25,222.0,2.2039,-0.7584,LOCK,2,misalignment
18422,1329546,8350,197759.0,-0.1014,0.0156,-0.6669,0.67475,1004.49,1000.0,-4.49,55.25,222.0,2.2111,-0.6503,LOCK,2,misalignment
18423,1329555,8359,197768.0,-0.0117,-0.1404,-0.858,0.86949,1004.52,1000.0,-4.52,55.25,222.0,2.2238,-0.458,LOCK,2,misalignment
18424,1329563,8367,197776.0,-0.0117,-0.1404,-0.858,0.86949,1004.55,1000.0,-4.55,55.25,222.0,2.2193,-0.5264,LOCK,2,misalignment
18425,1329587,8391,197800.0,0.1365,0.0156,-0.7137,0.7268,1004.57,1000.0,-4.57,55.25,222.0,2.2414,-0.1909,LOCK,2,misalignment
18426,1329595,8399,197808.0,0.1911,0.039,-0.7839,0.8078,1004.6,1000.0,-4.6,55.25,222.0,2.2192,-0.527,LOCK,2,misalignment
18427,1329604,8408,197817.0,0.1911,0.039,-0.7839,0.8078,1004.62,1000.0,-4.62,55.25,222.0,2.2216,-0.4903,LOCK,2,misalignment
18428,1329612,8416,197825.0,0.0312,0.1287,-0.8931,0.90286,1004.64,1000.0,-4.64,55.25,222.0,2.2333,-0.3139,LOCK,2,misalignment
18429,1329621,8425,197834.0,0.0351,-0.1677,-0.8619,0.87876,1004.66,1000.0,-4.66,55.25,222.0,2.2308,-0.3521,LOCK,2,misalignment
18430,1329632,8436,197845.0,0.1521,0.1092,-0.9048,0.92397,1004.68,1000.0,-4.68,55.25,222.0,2.2325,-0.3264,LOCK,2,misalignment
18431,1329640,8444,197853.0,-0.0273,-0.0507,-0.741,0.74323,1004.7,1000.0,-4.7,55.25,222.0,2.2209,-0.5016,LOCK,2,misalignment
18432,1329649,8453,197862.0,-0.0546,0.0468,-0.7722,0.77554,1004.71,1000.0,-4.71,55.25,222.0,2.2252,-0.4366,LOCK,2,misalignment
18433,1329657,8461,197870.0,0.1677,0.0273,-0.7293,0.74883,1004.73,1000.0,-4.73,55.25,222.0,2.2217,-0.4897,LOCK,2,misalignment
18434,1329666,8470,197879.0,0.1677,0.0273,-0.7293,0.74883,1004.74,1000.0,-4.74,55.25,222.0,2.2258,-0.4265,LOCK,2,misalignment
18435,1329684,8488,197897.0,0.0273,-0.2691,-0.8073,0.85141,1004.76,1000.0,-4.76,55.25,222.0,2.236,-0.2721,LOCK,2,misalignment
18436,1329693,8497,197906.0,0.2496,0.2496,-0.7878,0.86327,1004.77,1000.0,-4.77,55.25,222.0,2.2178,-0.5477,LOCK,2,misalignment
18437,1329701,8505,197914.0,0.1287,-0.0975,-0.7761,0.79272,1004.78,1000.0,-4.78,55.25,222.0,2.2197,-0.5196,LOCK,2,misalignment
18438,1329710,8514,197923.0,0.1638,0.117,-0.8229,0.84716,1004.79,1000.0,-4.79,55.25,222.0,2.2295,-0.3707,LOCK,2,misalignment
18439,1329718,8522,197931.0,0.0741,-0.0702,-0.7098,0.7171,1004.79,1000.0,-4.79,55.25,222.0,2.2341,-0.302,LOCK,2,misalignment
18440,1329731,8535,197944.0,-0.078,-0.2028,-0.9321,0.95709,1004.8,1000.0,-4.8,55.25,222.0,2.2369,-0.2583,LOCK,2,misalignment
18441,1329739,8543,197952.0,0.2418,-0.117,-0.7293,0.7772,1004.81,1000.0,-4.81,55.25,222.0,2.2361,-0.2715,LOCK,2,misalignment
18442,1329748,8552,197961.0,0.2418,-0.117,-0.7293,0.7772,1004.81,1000.0,-4.81,55.25,222.0,2.2245,-0.447,LOCK,2,misalignment
18443,1329756,8560,197969.0,0.2067,-0.0663,-0.8424,0.86992,1004.82,1000.0,-4.82,55.25,222.0,2.2087,-0.6866,LOCK,2,misalignment
18444,1329765,8569,197978.0,0.1053,0.2106,-0.7371,0.77379,1004.82,1000.0,-4.82,55.25,222.0,2.2174,-0.5551,LOCK,2,misalignment
18445,1329788,8592,198001.0,0.117,0.1833,-0.7332,0.76477,1004.82,1000.0,-4.82,55.25,222.0,2.2262,-0.4214,LOCK,2,misalignment
18446,1329797,8601,198010.0,-0.117,0.0078,-0.936,0.94332,1004.81,1000.0,-4.81,55.25,222.0,2.2167,-0.5648,LOCK,2,misalignment
18447,1329805,8609,198018.0,0.1677,-0.0195,-0.6981,0.71822,1004.81,1000.0,-4.81,55.25,222.0,2.2212,-0.4968,LOCK,2,misalignment
18448,1329813,8617,198026.0,0.2691,0.0351,-0.8502,0.89246,1004.8,1000.0,-4.8,55.25,222.0,2.2317,-0.3377,LOCK,2,misalignment
18449,1329822,8626,198035.0,0.1326,-0.0078,-0.7644,0.77586,1004.8,1000.0,-4.8,55.25,222.0,2.2294,-0.3728,LOCK,2,misalignment
18450,1329835,8639,198048.0,0.0429,0.1794,-0.7644,0.78634,1004.79,1000.0,-4.79,55.25,222.0,2.2373,-0.2529,LOCK,2,misalignment
18451,1329843,8647,198056.0,-0.0468,0.156,-0.7176,0.73585,1004.78,1000.0,-4.78,55.25,222.0,2.224,-0.4543,LOCK,2,misalignment
18452,1329852,8656,198065.0,-0.0546,0.2457,-0.8658,0.90164,1004.77,1000.0,-4.77,55.25,222.0,2.2229,-0.4714,LOCK,2,misalignment
18453,1329860,8664,198073.0,-0.0546,0.2457,-0.8658,0.90164,1004.76,1000.0,-4.76,55.25,222.0,2.2155,-0.5831,LOCK,2,misalignment
18454,1329869,8673,198082.0,0.1209,0.0624,-0.78,0.79178,1004.76,1000.0,-4.76,55.25,222.0,2.2224,-0.479,LOCK,2,misalignment
18455,1329878,8682,198091.0,0.0507,-0.0975,-0.8736,0.88048,1004.75,1000.0,-4.75,55.25,222.0,2.2356,-0.2782,LOCK,2,misalignment
18456,1329887,8691,198100.0,0.1833,0.0702,-0.7449,0.77033,1004.74,1000.0,-4.74,55.25,222.0,2.2387,-0.2324,LOCK,2,misalignment
18457,1329905,8709,198118.0,0.0,0.1014,-0.8034,0.80977,1004.73,1000.0,-4.73,55.25,222.0,2.2295,-0.371,LOCK,2,misalignment
18458,1329914,8718,198127.0,-0.1131,-0.1209,-0.9126,0.9275,1004.72,1000.0,-4.72,55.25,222.0,2.2272,-0.4061,LOCK,2,misalignment
18459,1329922,8726,198135.0,-0.1131,-0.1209,-0.9126,0.9275,1004.7,1000.0,-4.7,55.25,222.0,2.2381,-0.2413,LOCK,2,misalignment
18460,1329931,8735,198144.0,0.0819,-0.0234,-0.8385,0.84282,1004.69,1000.0,-4.69,55.25,222.0,2.2296,-0.3692,LOCK,2,misalignment
18461,1329939,8743,198152.0,0.078,-0.0897,-0.7995,0.80829,1004.68,1000.0,-4.68,55.25,222.0,2.2371,-0.2565,LOCK,2,misalignment
18462,1329958,8762,198171.0,-0.0273,-0.2145,-0.8073,0.83576,1004.66,1000.0,-4.66,55.25,222.0,2.225,-0.4397,LOCK,2,misalignment
18463,1329967,8771,198180.0,-0.0234,0.1677,-0.936,0.95119,1004.64,1000.0,-4.64,55.25,222.0,2.2096,-0.6723,LOCK,2,misalignment
18464,1329975,8779,198188.0,0.0585,-0.1209,-0.8346,0.84534,1004.62,1000.0,-4.62,55.25,222.0,2.2264,-0.418,LOCK,2,misalignment
18465,1329989,8793,198202.0,0.2457,0.1989,-0.9282,0.98055,1004.6,1000.0,-4.6,55.25,222.0,2.2374,-0.251,LOCK,2,misalignment
18466,1329997,8801,198210.0,-0.0468,-0.1872,-0.7215,0.74686,1004.58,1000.0,-4.58,55.25,222.0,2.2205,-0.5077,LOCK,2,misalignment
18467,1330005,8809,198218.0,0.1599,0.2067,-0.7956,0.83742,1004.57,1000.0,-4.57,55.25,222.0,2.2189,-0.5325,LOCK,2,misalignment
18468,1330014,8818,198227.0,0.1599,0.2067,-0.7956,0.83742,1004.53,1000.0,-4.53,55.25,222.0,2.2228,-0.472,LOCK,2,misalignment
18469,1330022,8826,198235.0,0.0312,0.039,-0.741,0.74268,1004.49,1000.0,-4.49,55.25,222.0,2.2322,-0.3301,LOCK,2,misalignment
18470,1330040,8844,198253.0,0.0897,-0.2028,-0.819,0.84849,1004.46,1000.0,-4.46,55.25,222.0,2.236,-0.2724,LOCK,2,misalignment
18471,1330048,8852,198261.0,0.2535,0.2028,-0.7839,0.84846,1004.43,1000.0,-4.43,55.25,222.0,2.2194,-0.5248,LOCK,2,misalignment
18472,1330057,8861,198270.0,0.1443,-0.0507,-0.7605,0.77573,1004.41,1000.0,-4.41,55.25,222.0,2.2157,-0.5807,LOCK,2,misalignment
18473,1330065,8869,198278.0,0.1443,-0.0507,-0.7605,0.77573,1004.38,1000.0,-4.38,55.25,222.0,2.2252,-0.4366,LOCK,2,misalignment
18474,1330074,8878,198287.0,0.117,0.1833,-0.819,0.84738,1004.34,1000.0,-4.34,55.25,222.0,2.2185,-0.5374,LOCK,2,misalignment
18475,1330083,8887,198296.0,0.039,-0.0195,-0.6903,0.69168,1004.31,1000.0,-4.31,55.25,222.0,2.2359,-0.2736,LOCK,2,misalignment
18476,1330101,8905,198314.0,0.1521,-0.0507,-0.7059,0.72388,1004.28,1000.0,-4.28,55.25,222.0,2.2216,-0.4916,LOCK,2,misalignment
18477,1330110,8914,198323.0,0.1248,-0.0312,-0.8736,0.88302,1004.25,1000.0,-4.25,55.25,222.0,2.2149,-0.5917,LOCK,2,misalignment
18478,1330118,8922,198331.0,0.1248,-0.0312,-0.8736,0.88302,1004.22,1000.0,-4.22,55.25,222.0,2.2268,-0.4122,LOCK,2,misalignment
18479,1330127,8931,198340.0,0.0078,0.1326,-0.7137,0.72596,1004.2,1000.0,-4.2,55.25,222.0,2.2456,-0.1277,LOCK,2,misalignment
18480,1330148,8952,198361.0,0.0663,-0.0273,-0.7332,0.7367,1004.16,1000.0,-4.16,55.25,222.0,2.23,-0.3631,LOCK,2,misalignment
18481,1330156,8960,198369.0,-0.1014,0.0585,-0.9438,0.95103,1004.13,1000.0,-4.13,55.25,222.0,2.2195,-0.523,LOCK,2,misalignment
18482,1330165,8969,198378.0,0.1677,0.0195,-0.6903,0.71065,1004.1,1000.0,-4.1,55.25,222.0,2.2288,-0.3817,LOCK,2,misalignment
18483,1330173,8977,198386.0,0.2301,-0.0156,-0.8502,0.88093,1004.07,1000.0,-4.07,55.25,222.0,2.2154,-0.5856,LOCK,2,misalignment
18484,1330182,8986,198395.0,0.1794,-0.0234,-0.8151,0.83494,1004.05,1000.0,-4.05,55.25,222.0,2.2326,-0.3243,LOCK,2,misalignment
18485,1330205,9009,198418.0,-0.1755,0.078,-0.7605,0.78438,1004.01,1000.0,-4.01,55.25,222.0,2.234,-0.3023,LOCK,2,misalignment
18486,1330214,9018,198427.0,-0.0195,-0.0702,-0.7917,0.79505,1003.97,1000.0,-3.97,55.25,222.0,2.2225,-0.4769,LOCK,2,misalignment
18487,1330222,9026,198435.0,0.1248,0.0468,-0.7956,0.80669,1003.93,1000.0,-3.93,55.25,222.0,2.2196,-0.5215,LOCK,2,misalignment
18488,1330231,9035,198444.0,0.1248,0.0468,-0.7956,0.80669,1003.9,1000.0,-3.9,55.25,222.0,2.2252,-0.4357,LOCK,2,misalignment
18489,1330240,9044,198453.0,0.0936,-0.2457,-0.8268,0.8676,1003.87,1000.0,-3.87,55.25,222.0,2.2321,-0.3325,LOCK,2,misalignment
18490,1330249,9053,198462.0,0.1794,0.1521,-0.7488,0.78487,1003.82,1000.0,-3.82,55.25,222.0,2.241,-0.1964,LOCK,2,misalignment
18491,1330257,9061,198470.0,0.0858,0.0039,-0.8346,0.83901,1003.78,1000.0,-3.78,55.25,222.0,2.2215,-0.4925,LOCK,2,misalignment
18492,1330276,9080,198489.0,-0.0507,-0.2964,-0.9126,0.96087,1003.75,1000.0,-3.75,55.25,222.0,2.214,-0.6063,LOCK,2,misalignment
18493,1330284,9088,198497.0,0.078,0.0429,-0.8463,0.85097,1003.72,1000.0,-3.72,55.25,222.0,2.2358,-0.2751,LOCK,2,misalignment
18494,1330293,9097,198506.0,0.078,0.0429,-0.8463,0.85097,1003.69,1000.0,-3.69,55.25,222.0,2.235,-0.2883,LOCK,2,misalignment
18495,1330301,9105,198514.0,0.0546,-0.1404,-0.8034,0.8174,1003.66,1000.0,-3.66,55.25,222.0,2.2377,-0.2477,LOCK,2,misalignment
18496,1330310,9114,198523.0,0.0039,0.0936,-0.6981,0.70436,1003.62,1000.0,-3.62,55.25,222.0,2.2171,-0.5587,LOCK,2,misalignment
18497,1330318,9122,198531.0,0.0351,-0.0468,-0.7644,0.76664,1003.57,1000.0,-3.57,55.25,222.0,2.2169,-0.5621,LOCK,2,misalignment
18498,1330337,9141,198550.0,0.0546,-0.1092,-0.7683,0.77794,1003.54,1000.0,-3.54,55.25,222.0,2.2343,-0.298,LOCK,2,misalignment
18499,1330345,9149,198558.0,0.2028,0.2418,-0.8541,0.91054,1003.51,1000.0,-3.51,55.25,222.0,2.2325,-0.3264,LOCK,2,misalignment
18500,1330354,9158,198567.0,0.2028,0.2418,-0.8541,0.91054,1003.48,1000.0,-3.48,55.25,222.0,2.2333,-0.3133,LOCK,2,misalignment
18501,1330362,9166,198575.0,0.0624,-0.1833,-0.7254,0.7508,1003.45,1000.0,-3.45,55.25,222.0,2.2227,-0.4739,LOCK,2,misalignment
18502,1330371,9175,198584.0,0.0624,0.0117,-0.7566,0.75926,1003.41,1000.0,-3.41,55.25,222.0,2.2216,-0.4916,LOCK,2,misalignment
18503,1330379,9183,198592.0,0.1326,-0.0039,-0.6747,0.68762,1003.37,1000.0,-3.37,55.25,222.0,2.2128,-0.624,LOCK,2,misalignment
18504,1330398,9202,198611.0,0.1638,-0.1521,-0.7176,0.75161,1003.34,1000.0,-3.34,55.25,222.0,2.2302,-0.3609,LOCK,2,misalignment
18505,1330411,9215,198624.0,0.2106,0.2418,-0.7566,0.82174,1003.31,1000.0,-3.31,55.25,222.0,2.2122,-0.6329,LOCK,2,misalignment
18506,1330420,9224,198633.0,0.1404,0.0078,-0.7839,0.79641,1003.28,1000.0,-3.28,55.25,222.0,2.2357,-0.2776,LOCK,2,misalignment
18507,1330428,9232,198641.0,0.1755,0.2301,-0.819,0.86862,1003.24,1000.0,-3.24,55.25,222.0,2.2181,-0.5447,LOCK,2,misalignment
18508,1330437,9241,198650.0,0.0741,0.1599,-0.7644,0.78445,1003.2,1000.0,-3.2,55.25,222.0,2.2295,-0.3707,LOCK,2,misalignment
18509,1330447,9251,198660.0,-0.0897,0.0273,-0.8931,0.89801,1003.17,1000.0,-3.17,55.25,222.0,2.2336,-0.3084,LOCK,2,misalignment
18510,1330456,9260,198669.0,-0.0897,0.0273,-0.8931,0.89801,1003.14,1000.0,-3.14,55.25,222.0,2.2323,-0.3289,LOCK,2,misalignment
18511,1330464,9268,198677.0,0.2028,-0.1404,-0.7254,0.76619,1003.11,1000.0,-3.11,55.25,222.0,2.221,-0.4998,LOCK,2,misalignment
18512,1330473,9277,198686.0,0.1794,-0.1092,-0.8814,0.90608,1003.08,1000.0,-3.08,55.25,222.0,2.2242,-0.4522,LOCK,2,misalignment
18513,1330481,9285,198694.0,0.1287,0.2379,-0.6981,0.74867,1003.06,1000.0,-3.06,55.25,222.0,2.2147,-0.5947,LOCK,2,misalignment
18514,1330500,9304,198713.0,0.1209,0.1872,-0.7488,0.78126,1003.02,1000.0,-3.02,55.25,222.0,2.2372,-0.255,LOCK,2,misalignment
18515,1330508,9312,198721.0,-0.0351,0.078,-0.9321,0.93602,1002.99,1000.0,-2.99,55.25,222.0,2.2323,-0.3295,LOCK,2,misalignment
18516,1330517,9321,198730.0,-0.0351,0.078,-0.9321,0.93602,1002.95,1000.0,-2.95,55.25,222.0,2.2083,-0.6921,LOCK,2,misalignment
18517,1330525,9329,198738.0,0.2652,0.1365,-0.6825,0.74483,1002.92,1000.0,-2.92,55.25,222.0,2.2173,-0.5563,LOCK,2,misalignment
18518,1330534,9338,198747.0,0.1014,-0.0117,-0.8268,0.83308,1002.9,1000.0,-2.9,55.25,222.0,2.2363,-0.2681,LOCK,2,misalignment
18519,1330549,9353,198762.0,0.0195,-0.0585,-0.8385,0.84076,1002.86,1000.0,-2.86,55.25,222.0,2.2426,-0.1726,LOCK,2,misalignment
18520,1330557,9361,198770.0,0.0897,0.2769,-0.78,0.83254,1002.83,1000.0,-2.83,55.25,222.0,2.2359,-0.2739,LOCK,2,misalignment
18521,1330566,9370,198779.0,-0.1209,0.1677,-0.8346,0.85982,1002.8,1000.0,-2.8,55.25,222.0,2.211,-0.6521,LOCK,2,misalignment
18522,1330574,9378,198787.0,-0.0468,-0.0234,-0.7722,0.77397,1002.77,1000.0,-2.77,55.25,222.0,2.2336,-0.3093,LOCK,2,misalignment
18523,1330583,9387,198796.0,0.2145,0.0585,-0.819,0.84864,1002.74,1000.0,-2.74,55.25,222.0,2.2254,-0.4339,LOCK,2,misalignment
18524,1330601,9405,198814.0,0.0975,0.1092,-0.7176,0.73238,1002.72,1000.0,-2.72,55.25,222.0,2.2309,-0.3496,LOCK,2,misalignment
18525,1330615,9419,198828.0,0.1521,0.1989,-0.7917,0.83035,1002.69,1000.0,-2.69,55.25,222.0,2.2351,-0.2867,LOCK,2,misalignment
18526,1330623,9427,198836.0,-0.0819,-0.0819,-0.7332,0.74229,1002.66,1000.0,-2.66,55.25,222.0,2.2333,-0.3139,LOCK,2,misalignment
18527,1330632,9436,198845.0,-0.0819,-0.0819,-0.7332,0.74229,1002.63,1000.0,-2.63,55.25,222.0,2.2258,-0.4278,LOCK,2,misalignment
18528,1330640,9444,198853.0,-0.0273,-0.2613,-0.9126,0.94966,1002.61,1000.0,-2.61,55.25,222.0,2.2301,-0.3621,LOCK,2,misalignment
18529,1330649,9453,198862.0,0.0624,0.0351,-0.897,0.89985,1002.59,1000.0,-2.59,55.25,222.0,2.2338,-0.3054,LOCK,2,misalignment
18530,1330657,9461,198870.0,0.0585,-0.3042,-0.819,0.87563,1002.57,1000.0,-2.57,55.25,222.0,2.2329,-0.3194,LOCK,2,misalignment
18531,1330676,9480,198889.0,0.1287,-0.1287,-0.7605,0.78198,1002.53,1000.0,-2.53,55.25,222.0,2.2242,-0.4519,LOCK,2,misalignment
18532,1330685,9489,198898.0,0.0039,0.1365,-0.8619,0.87265,1002.51,1000.0,-2.51,55.25,222.0,2.2067,-0.7165,LOCK,2,misalignment
18533,1330693,9497,198906.0,0.0039,0.1365,-0.8619,0.87265,1002.48,1000.0,-2.48,55.25,222.0,2.2217,-0.4897,LOCK,2,misalignment
18534,1330701,9505,198914.0,0.039,-0.2067,-0.8268,0.85314,1002.46,1000.0,-2.46,55.25,222.0,2.236,-0.2724,LOCK,2,misalignment
18535,1330710,9514,198923.0,0.2223,0.2808,-0.8697,0.94056,1002.44,1000.0,-2.44,55.25,222.0,2.229,-0.3789,LOCK,2,misalignment
18536,1330719,9523,198932.0,0.0663,-0.0429,-0.7137,0.71806,1002.42,1000.0,-2.42,55.25,222.0,2.2157,-0.581,LOCK,2,misalignment
18537,1330737,9541,198950.0,-0.1248,0.1092,-0.6864,0.70615,1002.39,1000.0,-2.39,55.25,222.0,2.2274,-0.4036,LOCK,2,misalignment
18538,1330746,9550,198959.0,-0.1053,0.0507,-0.8736,0.88138,1002.37,1000.0,-2.37,55.25,222.0,2.2311,-0.3475,LOCK,2,misalignment
18539,1330754,9558,198967.0,-0.1053,0.0507,-0.8736,0.88138,1002.34,1000.0,-2.34,55.25,222.0,2.2325,-0.3261,LOCK,2,misalignment
18540,1330763,9567,198976.0,0.1365,-0.0546,-0.7371,0.75162,1002.32,1000.0,-2.32,55.25,222.0,2.2396,-0.2184,LOCK,2,misalignment
18541,1330771,9575,198984.0,0.2184,0.2496,-0.78,0.84758,1002.31,1000.0,-2.31,55.25,222.0,2.2309,-0.3505,LOCK,2,misalignment
18542,1330780,9584,198993.0,0.0663,0.0273,-0.7917,0.79494,1002.29,1000.0,-2.29,55.25,222.0,2.2121,-0.6347,LOCK,2,misalignment
18543,1330799,9603,199012.0,0.0,-0.1131,-0.7644,0.77272,1002.25,1000.0,-2.25,55.25,222.0,2.2348,-0.2907,LOCK,2,misalignment
18544,1330808,9612,199021.0,-0.078,-0.078,-0.8853,0.89215,1002.22,1000.0,-2.22,55.25,222.0,2.2282,-0.3905,LOCK,2,misalignment
18545,1330821,9625,199034.0,0.1794,-0.156,-0.7449,0.78192,1002.18,1000.0,-2.18,55.25,222.0,2.2282,-0.3911,LOCK,2,misalignment
18546,1330829,9633,199042.0,0.1599,-0.1053,-0.9321,0.95156,1002.16,1000.0,-2.16,55.25,222.0,2.222,-0.4852,LOCK,2,misalignment
18547,1330838,9642,199051.0,0.0702,0.117,-0.7371,0.74962,1002.13,1000.0,-2.13,55.25,222.0,2.2136,-0.6121,LOCK,2,misalignment
18548,1330846,9650,199059.0,0.0702,0.117,-0.7371,0.74962,1002.11,1000.0,-2.11,55.25,222.0,2.2411,-0.1949,LOCK,2,misalignment
18549,1330861,9665,199074.0,0.1404,0.2145,-0.7566,0.79885,1002.06,1000.0,-2.06,55.25,222.0,2.2305,-0.3554,LOCK,2,misalignment
18550,1330869,9673,199082.0,-0.039,0.0351,-0.9243,0.92579,1002.03,1000.0,-2.03,55.25,222.0,2.2217,-0.4891,LOCK,2,misalignment
18551,1330878,9682,199091.0,-0.039,0.0351,-0.9243,0.92579,1001.99,1000.0,-1.99,55.25,222.0,2.2236,-0.4604,LOCK,2,misalignment
18552,1330886,9690,199099.0,0.2067,0.0897,-0.7137,0.74842,1001.96,1000.0,-1.96,55.25,222.0,2.2169,-0.5618,LOCK,2,misalignment
18553,1330895,9699,199108.0,0.2301,-0.0039,-0.8658,0.89586,1001.93,1000.0,-1.93,55.25,222.0,2.227,-0.4085,LOCK,2,misalignment
18554,1330913,9717,199126.0,0.0819,0.2886,-0.819,0.87221,1001.88,1000.0,-1.88,55.25,222.0,2.2333,-0.3139,LOCK,2,misalignment
18555,1330922,9726,199135.0,0.0156,0.312,-0.7566,0.81855,1001.83,1000.0,-1.83,55.25,222.0,2.2187,-0.5343,LOCK,2,misalignment
18556,1330930,9734,199143.0,-0.0858,0.0975,-0.819,0.82923,1001.79,1000.0,-1.79,55.25,222.0,2.2141,-0.6051,LOCK,2,misalignment
18557,1330939,9743,199152.0,-0.0858,0.0975,-0.819,0.82923,1001.75,1000.0,-1.75,55.25,222.0,2.2164,-0.57,LOCK,2,misalignment
18558,1330947,9751,199160.0,0.1833,0.1092,-0.7839,0.81242,1001.72,1000.0,-1.72,55.25,222.0,2.2397,-0.2168,LOCK,2,misalignment
18559,1330961,9765,199174.0,0.1287,-0.0195,-0.7449,0.75619,1001.68,1000.0,-1.68,55.25,222.0,2.2388,-0.2306,LOCK,2,misalignment
18560,1330970,9774,199183.0,0.1287,-0.0195,-0.7449,0.75619,1001.63,1000.0,-1.63,55.25,222.0,2.225,-0.4397,LOCK,2,misalignment
18561,1330978,9782,199191.0,0.1716,0.0936,-0.7527,0.77767,1001.59,1000.0,-1.59,55.25,222.0,2.2293,-0.3743,LOCK,2,misalignment
18562,1330987,9791,199200.0,0.0,-0.0975,-0.8385,0.84415,1001.54,1000.0,-1.54,55.25,222.0,2.214,-0.6054,LOCK,2,misalignment
18563,1330995,9799,199208.0,-0.0351,-0.2886,-0.8775,0.92441,1001.51,1000.0,-1.51,55.25,222.0,2.2141,-0.6045,LOCK,2,misalignment
18564,1331014,9818,199227.0,0.1365,-0.2262,-0.7527,0.79772,1001.47,1000.0,-1.47,55.25,222.0,2.2304,-0.3573,LOCK,2,misalignment
18565,1331027,9831,199240.0,0.0156,0.0936,-0.702,0.70838,1001.44,1000.0,-1.44,55.25,222.0,2.2183,-0.5413,LOCK,2,misalignment
18566,1331036,9840,199249.0,-0.0507,-0.2691,-0.78,0.82667,1001.39,1000.0,-1.39,55.25,222.0,2.2238,-0.4571,LOCK,2,misalignment
18567,1331044,9848,199257.0,-0.1014,0.0897,-0.8892,0.89945,1001.35,1000.0,-1.35,55.25,222.0,2.2291,-0.378,LOCK,2,misalignment
18568,1331053,9857,199266.0,0.0156,-0.1443,-0.8697,0.88173,1001.31,1000.0,-1.31,55.25,222.0,2.2304,-0.3569,LOCK,2,misalignment
18569,1331063,9867,199276.0,0.2184,0.2028,-0.8385,0.88989,1001.28,1000.0,-1.28,55.25,222.0,2.2409,-0.1988,LOCK,2,misalignment
18570,1331072,9876,199285.0,0.2184,0.2028,-0.8385,0.88989,1001.25,1000.0,-1.25,55.25,222.0,2.2185,-0.5383,LOCK,2,misalignment
18571,1331080,9884,199293.0,0.039,0.0,-0.7644,0.76539,1001.22,1000.0,-1.22,55.25,222.0,2.226,-0.4238,LOCK,2,misalignment
18572,1331089,9893,199302.0,0.1287,0.1716,-0.78,0.80896,1001.19,1000.0,-1.19,55.25,222.0,2.2317,-0.3383,LOCK,2,misalignment
18573,1331097,9901,199310.0,0.0468,-0.1911,-0.6747,0.7028,1001.16,1000.0,-1.16,55.25,222.0,2.2175,-0.5529,LOCK,2,misalignment
18574,1331106,9910,199319.0,-0.0624,0.2262,-0.9204,0.94984,1001.13,1000.0,-1.13,55.25,222.0,2.2377,-0.2474,LOCK,2,misalignment
18575,1331115,9919,199328.0,0.0663,-0.1872,-0.7332,0.75962,1001.1,1000.0,-1.1,55.25,222.0,2.2346,-0.2938,LOCK,2,misalignment
18576,1331134,9938,199347.0,0.2418,0.2106,-0.8073,0.86865,1001.08,1000.0,-1.08,55.25,222.0,2.2277,-0.3982,LOCK,2,misalignment
18577,1331142,9946,199355.0,0.0936,-0.0819,-0.78,0.78985,1001.06,1000.0,-1.06,55.25,222.0,2.2212,-0.4968,LOCK,2,misalignment
18578,1331151,9955,199364.0,0.1326,0.0195,-0.8424,0.853,1001.03,1000.0,-1.03,55.25,222.0,2.2407,-0.2022,LOCK,2,misalignment
18579,1331159,9963,199372.0,0.0624,-0.1209,-0.7098,0.72272,1001.0,1000.0,-1.0,55.25,222.0,2.2286,-0.3853,LOCK,2,misalignment
18580,1331168,9972,199381.0,-0.0117,-0.117,-0.8541,0.86216,1000.97,1000.0,-0.97,55.25,222.0,2.2333,-0.3142,LOCK,2,misalignment
18581,1331186,9990,199399.0,0.1755,-0.078,-0.8034,0.82604,1000.95,1000.0,-0.95,55.25,222.0,2.2245,-0.4464,LOCK,2,misalignment
18582,1331195,9999,199408.0,0.1755,-0.078,-0.8034,0.82604,1000.93,1000.0,-0.93,55.25,222.0,2.2126,-0.6271,LOCK,2,misalignment
18583,1331203,10007,199416.0,0.1482,0.1326,-0.7566,0.7823,1000.91,1000.0,-0.91,55.25,222.0,2.226,-0.4238,LOCK,2,misalignment
18584,1331212,10016,199425.0,0.0429,0.4485,-0.8073,0.92451,1000.89,1000.0,-0.89,55.25,222.0,2.2368,-0.2611,LOCK,2,misalignment
18585,1331220,10024,199433.0,-0.0702,-0.0195,-0.7488,0.75234,1000.86,1000.0,-0.86,55.25,222.0,2.2376,-0.2492,LOCK,2,misalignment
18586,1331234,10038,199447.0,-0.0975,0.0546,-0.9477,0.95427,1000.85,1000.0,-0.85,55.25,222.0,2.2152,-0.5877,LOCK,2,misalignment
18587,1331242,10046,199455.0,0.1911,0.0624,-0.702,0.73022,1000.83,1000.0,-0.83,55.25,222.0,2.2208,-0.5038,LOCK,2,misalignment
18588,1331251,10055,199464.0,0.2301,-0.0078,-0.8814,0.91097,1000.81,1000.0,-0.81,55.25,222.0,2.2307,-0.3527,LOCK,2,misalignment
18589,1331259,10063,199472.0,0.1599,0.1248,-0.7527,0.77955,1000.8,1000.0,-0.8,55.25,222.0,2.2379,-0.2437,LOCK,2,misalignment
