sample_index,time_ms_raw,time_ms_zero,elapsed_ms,ax_g,ay_g,az_g,total_g,rpm,target_rpm,rpm_error,pwm_eq,duty_10bit,acs_v,current_a,control_mode,state,fault_type
0,463273,0,13,0.05460,0.12870,-0.71760,0.73109,990.41,1000,9.59,50.50,203,2.2743,0.3073,LOCK,2,misalignment
1,463282,9,22,0.05460,0.12870,-0.71760,0.73109,990.42,1000,9.58,50.50,203,2.2460,-0.1219,LOCK,2,misalignment
2,463291,18,31,-0.08580,0.18720,-0.89310,0.91653,990.46,1000,9.54,50.50,203,2.2435,-0.1595,LOCK,2,misalignment
3,463301,28,41,-0.35490,0.03120,-0.80730,0.88242,990.49,1000,9.51,50.50,203,2.2374,-0.2516,LOCK,2,misalignment
4,463311,38,51,-0.15600,-0.03510,-0.79950,0.81533,990.50,1000,9.50,50.50,203,2.2619,0.1195,LOCK,2,misalignment
5,463321,48,61,0.08970,0.36270,-0.81120,0.89311,990.51,1000,9.49,50.50,203,2.2677,0.2072,LOCK,2,misalignment
6,463331,58,71,0.12870,0.05460,-0.63960,0.65470,990.54,1000,9.46,50.50,203,2.2378,-0.2458,LOCK,2,misalignment
7,463341,68,81,-0.30810,0.27300,-0.64740,0.76719,990.55,1000,9.45,50.50,203,2.2557,0.0258,LOCK,2,misalignment
8,463351,78,91,-0.16380,0.07410,-0.88530,0.90337,990.56,1000,9.44,50.50,203,2.2530,-0.0148,LOCK,2,misalignment
9,463361,88,101,-0.36270,0.03120,-0.77220,0.85371,990.56,1000,9.44,50.50,203,2.2642,0.1543,LOCK,2,misalignment
10,463373,100,113,-0.07410,-0.01170,-0.90480,0.90790,990.56,1000,9.44,50.50,203,2.2348,-0.2913,LOCK,2,misalignment
11,463381,108,121,0.18720,0.09750,-0.77220,0.80053,990.56,1000,9.44,50.50,203,2.2506,-0.0517,LOCK,2,misalignment
12,463391,118,131,0.05850,0.07800,-0.72930,0.73579,990.55,1000,9.45,50.50,203,2.2431,-0.1649,LOCK,2,misalignment
13,463401,128,141,-0.24960,0.17550,-0.72540,0.78696,990.55,1000,9.45,50.50,203,2.2429,-0.1680,LOCK,2,misalignment
14,463423,150,163,-0.30420,-0.10920,-0.84240,0.90227,990.55,1000,9.45,50.50,203,2.2775,0.3558,LOCK,2,misalignment
15,463436,163,176,0.25740,0.03120,-0.84630,0.88513,990.55,1000,9.45,50.50,203,2.2434,-0.1613,LOCK,2,misalignment
16,463444,171,184,0.25740,0.03120,-0.84630,0.88513,990.55,1000,9.45,50.50,203,2.2504,-0.0541,LOCK,2,misalignment
17,463453,180,193,-0.02340,0.00390,-0.81120,0.81155,990.57,1000,9.43,50.50,203,2.2649,0.1644,LOCK,2,misalignment
18,463461,188,201,-0.12090,0.34320,-0.62790,0.72571,990.58,1000,9.42,50.50,203,2.2644,0.1571,LOCK,2,misalignment
19,463473,200,213,-0.17160,0.01560,-0.80340,0.82167,990.60,1000,9.40,50.50,203,2.2644,0.1580,LOCK,2,misalignment
20,463481,208,221,-0.13260,0.14820,-0.76830,0.79362,990.61,1000,9.39,50.50,203,2.2744,0.3088,LOCK,2,misalignment
21,463490,217,230,-0.03510,-0.04290,-0.88530,0.88703,990.62,1000,9.38,50.50,203,2.2411,-0.1961,LOCK,2,misalignment
22,463498,225,238,0.11310,0.05850,-0.85020,0.85968,990.63,1000,9.37,50.50,203,2.2414,-0.1909,LOCK,2,misalignment
23,463507,234,247,0.11310,0.05850,-0.85020,0.85968,990.64,1000,9.36,50.50,203,2.2445,-0.1436,LOCK,2,misalignment
24,463517,244,257,0.08580,-0.01560,-0.79560,0.80037,990.66,1000,9.34,50.50,203,2.2622,0.1244,LOCK,2,misalignment
25,463525,252,265,-0.38610,0.26130,-0.63180,0.78519,990.68,1000,9.32,50.50,203,2.2707,0.2536,LOCK,2,misalignment
26,463534,261,274,-0.08970,0.17550,-0.74490,0.77053,990.70,1000,9.30,50.50,203,2.2508,-0.0477,LOCK,2,misalignment
27,463542,269,282,-0.25740,0.12090,-0.88920,0.93357,990.71,1000,9.29,50.50,203,2.2502,-0.0581,LOCK,2,misalignment
28,463551,278,291,-0.01170,-0.01950,-0.87750,0.87779,990.74,1000,9.26,50.50,203,2.2394,-0.2205,LOCK,2,misalignment
29,463561,288,301,0.11310,-0.04680,-0.93600,0.94397,990.82,1000,9.18,50.50,203,2.2542,0.0029,LOCK,2,misalignment
30,463574,301,314,0.17940,0.14430,-0.76830,0.80205,990.82,1000,9.18,50.50,203,2.2651,0.1675,LOCK,2,misalignment
31,463583,310,323,-0.21060,0.24570,-0.63180,0.70985,990.83,1000,9.17,50.50,203,2.2597,0.0860,LOCK,2,misalignment
32,463591,318,331,-0.26130,0.09360,-0.79950,0.84631,990.83,1000,9.17,50.50,203,2.2368,-0.2611,LOCK,2,misalignment
33,463601,328,341,-0.17940,0.12870,-0.76440,0.79565,990.84,1000,9.16,50.50,203,2.2494,-0.0700,LOCK,2,misalignment
34,463611,338,351,-0.03900,-0.07410,-0.96720,0.97082,990.86,1000,9.14,50.50,203,2.2591,0.0771,LOCK,2,misalignment
35,463621,348,361,0.24180,0.22620,-0.88140,0.94154,990.86,1000,9.14,50.50,203,2.2678,0.2087,LOCK,2,misalignment
36,463636,363,376,0.19500,-0.07410,-0.78390,0.81118,990.86,1000,9.14,50.50,203,2.2647,0.1617,LOCK,2,misalignment
37,463644,371,384,-0.08190,0.31590,-0.65910,0.73547,990.87,1000,9.13,50.50,203,2.2416,-0.1885,LOCK,2,misalignment
38,463653,380,393,-0.15990,0.23400,-0.70200,0.75705,990.88,1000,9.12,50.50,203,2.2449,-0.1384,LOCK,2,misalignment
39,463661,388,401,-0.15990,0.23400,-0.70200,0.75705,990.88,1000,9.12,50.50,203,2.2536,-0.0059,LOCK,2,misalignment
40,463671,398,411,-0.15600,0.24570,-0.80730,0.85816,990.92,1000,9.08,50.50,203,2.2526,-0.0212,LOCK,2,misalignment
41,463681,408,421,-0.06240,0.02730,-0.81900,0.82183,990.94,1000,9.06,50.50,203,2.2662,0.1843,LOCK,2,misalignment
42,463691,418,431,0.28470,0.38220,-0.96720,1.07824,990.95,1000,9.05,50.50,203,2.2738,0.2993,LOCK,2,misalignment
43,463701,428,441,0.17160,0.05850,-0.64350,0.66855,991.00,1000,9.00,50.50,203,2.2686,0.2209,LOCK,2,misalignment
44,463711,438,451,-0.03120,0.22230,-0.79950,0.83042,991.01,1000,8.99,50.50,203,2.2483,-0.0868,LOCK,2,misalignment
45,463721,448,461,-0.19890,0.10920,-0.79560,0.82732,991.02,1000,8.98,50.50,203,2.2556,0.0243,LOCK,2,misalignment
46,463731,458,471,-0.22230,-0.01170,-0.82290,0.85248,991.02,1000,8.98,50.50,203,2.2558,0.0280,LOCK,2,misalignment
47,463778,505,518,-0.14430,-0.05460,-0.83460,0.84874,991.03,1000,8.97,50.50,203,2.2681,0.2142,LOCK,2,misalignment
48,463786,513,526,-0.38220,0.12090,-0.81120,0.90484,991.03,1000,8.97,50.50,203,2.2694,0.2331,LOCK,2,misalignment
49,463795,522,535,-0.38220,0.12090,-0.81120,0.90484,991.04,1000,8.96,50.50,203,2.2330,-0.3188,LOCK,2,misalignment
50,463803,530,543,0.02340,0.04680,-0.78390,0.78564,991.05,1000,8.95,50.50,203,2.2494,-0.0697,LOCK,2,misalignment
51,463812,539,552,0.24570,0.41340,-0.78780,0.92298,991.06,1000,8.94,50.50,203,2.2348,-0.2904,LOCK,2,misalignment
52,463820,547,560,0.21450,0.12090,-0.64350,0.68900,991.06,1000,8.94,50.50,203,2.2645,0.1589,LOCK,2,misalignment
53,463829,556,569,-0.12480,0.10530,-0.85800,0.87340,991.07,1000,8.93,50.50,203,2.2726,0.2819,LOCK,2,misalignment
54,463842,569,582,-0.31200,0.10530,-0.70590,0.77893,991.08,1000,8.92,50.50,203,2.2542,0.0032,LOCK,2,misalignment
55,463851,578,591,-0.25740,0.04290,-0.86190,0.90054,991.08,1000,8.92,50.50,203,2.2519,-0.0322,LOCK,2,misalignment
56,463859,586,599,0.17940,0.34320,-0.84630,0.93070,991.09,1000,8.91,50.50,203,2.2416,-0.1875,LOCK,2,misalignment
57,463867,594,607,0.30030,0.23790,-0.69420,0.79290,991.09,1000,8.91,50.50,203,2.2515,-0.0373,LOCK,2,misalignment
58,463876,603,616,0.30030,0.23790,-0.69420,0.79290,991.11,1000,8.89,50.50,203,2.2491,-0.0746,LOCK,2,misalignment
59,463884,611,624,-0.10920,-0.05850,-0.63570,0.64766,991.12,1000,8.88,50.50,203,2.2648,0.1632,LOCK,2,misalignment
60,463893,620,633,-0.10920,0.12870,-0.86190,0.87827,991.14,1000,8.86,50.50,203,2.2659,0.1803,LOCK,2,misalignment
61,463901,628,641,-0.47190,-0.18720,-0.82680,0.97022,991.15,1000,8.85,50.50,203,2.2717,0.2679,LOCK,2,misalignment
62,463910,637,650,-0.15210,-0.00390,-0.79950,0.81385,991.16,1000,8.84,50.50,203,2.2665,0.1901,LOCK,2,misalignment
63,463918,645,658,0.00780,0.06630,-0.77610,0.77897,991.17,1000,8.83,50.50,203,2.2744,0.3088,LOCK,2,misalignment
64,463927,654,667,0.00780,0.06630,-0.77610,0.77897,991.17,1000,8.83,50.50,203,2.2634,0.1427,LOCK,2,misalignment
65,463935,662,675,0.12870,0.02340,-0.60060,0.61468,991.19,1000,8.81,50.50,203,2.2651,0.1675,LOCK,2,misalignment
66,463944,671,684,-0.28080,0.24960,-0.54600,0.66277,991.20,1000,8.80,50.50,203,2.2538,-0.0038,LOCK,2,misalignment
67,464032,759,772,-0.09360,-0.00390,-0.86580,0.87085,991.21,1000,8.79,50.50,203,2.2646,0.1611,LOCK,2,misalignment
68,464046,773,786,0.20280,-0.14430,-0.81120,0.84853,991.23,1000,8.77,50.50,203,2.2714,0.2639,LOCK,2,misalignment
69,464054,781,794,0.06240,0.08580,-0.74490,0.75242,991.24,1000,8.76,50.50,203,2.2526,-0.0215,LOCK,2,misalignment
70,464063,790,803,-0.25740,0.24960,-0.55380,0.65973,991.26,1000,8.74,50.50,203,2.2554,0.0219,LOCK,2,misalignment
71,464071,798,811,-0.25740,0.24960,-0.55380,0.65973,991.27,1000,8.73,50.50,203,2.2621,0.1229,LOCK,2,misalignment
72,464080,807,820,-0.17160,0.14820,-0.82680,0.85733,991.28,1000,8.72,50.50,203,2.2461,-0.1192,LOCK,2,misalignment
73,464088,815,828,-0.26910,0.18720,-0.78000,0.84608,991.29,1000,8.71,50.50,203,2.2710,0.2569,LOCK,2,misalignment
74,464097,824,837,-0.13260,0.07800,-0.94380,0.95626,991.30,1000,8.70,50.50,203,2.2483,-0.0862,LOCK,2,misalignment
75,464105,832,845,0.25740,-0.00780,-0.74490,0.78816,991.30,1000,8.70,50.50,203,2.2429,-0.1686,LOCK,2,misalignment
76,464113,840,853,0.16770,-0.05070,-0.83070,0.84897,991.31,1000,8.69,50.50,203,2.2466,-0.1128,LOCK,2,misalignment
77,464122,849,862,0.16770,-0.05070,-0.83070,0.84897,991.34,1000,8.66,50.50,203,2.2493,-0.0706,LOCK,2,misalignment
78,464136,863,876,-0.13260,0.11310,-0.77220,0.79162,991.37,1000,8.63,50.50,203,2.2750,0.3189,LOCK,2,misalignment
79,464145,872,885,-0.31980,0.24570,-0.78000,0.87809,991.39,1000,8.61,50.50,203,2.2679,0.2105,LOCK,2,misalignment
80,464153,880,893,-0.31980,0.24570,-0.78000,0.87809,991.42,1000,8.58,50.50,203,2.2351,-0.2858,LOCK,2,misalignment
81,464162,889,902,0.01950,0.03900,-0.92040,0.92143,991.44,1000,8.56,50.50,203,2.2552,0.0188,LOCK,2,misalignment
82,464170,897,910,0.01560,0.09750,-0.97110,0.97611,991.45,1000,8.55,50.50,203,2.2566,0.0393,LOCK,2,misalignment
83,464179,906,919,0.25350,0.05070,-0.73320,0.77744,991.47,1000,8.53,50.50,203,2.2629,0.1354,LOCK,2,misalignment
84,464190,917,930,-0.16380,0.24180,-0.67470,0.73520,991.48,1000,8.52,50.50,203,2.2638,0.1492,LOCK,2,misalignment
85,464199,926,939,-0.15600,0.21450,-0.78000,0.82386,991.49,1000,8.51,50.50,203,2.2686,0.2206,LOCK,2,misalignment
86,464207,934,947,-0.14820,0.11310,-0.80730,0.82855,991.50,1000,8.50,50.50,203,2.2479,-0.0929,LOCK,2,misalignment
87,464216,943,956,0.03510,0.01560,-0.92040,0.92120,991.51,1000,8.49,50.50,203,2.2410,-0.1964,LOCK,2,misalignment
88,464224,951,964,0.03510,0.01560,-0.92040,0.92120,991.52,1000,8.48,50.50,203,2.2432,-0.1634,LOCK,2,misalignment
89,464235,962,975,0.26520,0.41340,-0.91650,1.03981,991.52,1000,8.48,50.50,203,2.2680,0.2120,LOCK,2,misalignment
90,464248,975,988,-0.04290,0.31200,-0.71370,0.78010,991.53,1000,8.47,50.50,203,2.2670,0.1971,LOCK,2,misalignment
91,464256,983,996,-0.04290,0.31200,-0.71370,0.78010,991.54,1000,8.46,50.50,203,2.2411,-0.1952,LOCK,2,misalignment
92,464265,992,1005,-0.19110,-0.01950,-0.74490,0.76927,991.55,1000,8.45,50.50,203,2.2487,-0.0798,LOCK,2,misalignment
93,464273,1000,1013,-0.12480,0.15600,-0.76830,0.79385,991.55,1000,8.45,50.50,203,2.2469,-0.1076,LOCK,2,misalignment
94,464282,1009,1022,-0.03120,-0.05070,-0.84240,0.84450,991.56,1000,8.44,50.50,203,2.2556,0.0237,LOCK,2,misalignment
95,464291,1018,1031,0.29640,0.32760,-0.91260,1.01391,991.56,1000,8.44,50.50,203,2.2621,0.1229,LOCK,2,misalignment
96,464299,1026,1039,0.21060,-0.03900,-0.69030,0.72276,991.58,1000,8.42,50.50,203,2.2633,0.1406,LOCK,2,misalignment
97,464308,1035,1048,0.21060,-0.03900,-0.69030,0.72276,991.59,1000,8.41,50.50,203,2.2581,0.0625,LOCK,2,misalignment
98,464316,1043,1056,-0.05850,0.13260,-0.85800,0.87015,991.60,1000,8.40,50.50,203,2.2545,0.0078,LOCK,2,misalignment
99,464325,1052,1065,-0.15600,0.10920,-0.71370,0.73867,991.61,1000,8.39,50.50,203,2.2570,0.0451,LOCK,2,misalignment
100,464333,1060,1073,-0.37440,-0.02730,-0.81120,0.89385,991.62,1000,8.38,50.50,203,2.2351,-0.2867,LOCK,2,misalignment
101,464393,1120,1133,-0.33930,0.00000,-0.74490,0.81854,991.63,1000,8.37,50.50,203,2.2724,0.2792,LOCK,2,misalignment
102,464401,1128,1141,0.06630,0.14820,-0.90870,0.92309,991.63,1000,8.37,50.50,203,2.2683,0.2169,LOCK,2,misalignment
103,464410,1137,1150,0.06630,0.14820,-0.90870,0.92309,991.64,1000,8.36,50.50,203,2.2474,-0.0993,LOCK,2,misalignment
104,464418,1145,1158,0.17940,0.35490,-0.74880,0.84784,991.65,1000,8.35,50.50,203,2.2444,-0.1448,LOCK,2,misalignment
105,464427,1154,1167,0.17940,0.09360,-0.67080,0.70066,991.67,1000,8.33,50.50,203,2.2419,-0.1839,LOCK,2,misalignment
106,464438,1165,1178,-0.25740,0.09750,-0.93210,0.97189,991.68,1000,8.32,50.50,203,2.2679,0.2102,LOCK,2,misalignment
107,464451,1178,1191,-0.28860,0.05850,-0.69420,0.75407,991.69,1000,8.31,50.50,203,2.2703,0.2474,LOCK,2,misalignment
108,464460,1187,1200,-0.08970,-0.02340,-0.86970,0.87463,991.70,1000,8.30,50.50,203,2.2341,-0.3008,LOCK,2,misalignment
109,464468,1195,1208,0.10140,0.39390,-0.81120,0.90746,991.71,1000,8.29,50.50,203,2.2401,-0.2101,LOCK,2,misalignment
110,464477,1204,1217,0.23010,0.16380,-0.66300,0.72066,991.72,1000,8.28,50.50,203,2.2523,-0.0261,LOCK,2,misalignment
111,464485,1212,1225,-0.25350,0.19890,-0.60060,0.68157,991.73,1000,8.27,50.50,203,2.2576,0.0548,LOCK,2,misalignment
112,464497,1224,1237,-0.09750,0.20280,-0.78780,0.81931,991.73,1000,8.27,50.50,203,2.2662,0.1846,LOCK,2,misalignment
113,464505,1232,1245,-0.38610,-0.02340,-0.82680,0.91281,991.74,1000,8.26,50.50,203,2.2719,0.2713,LOCK,2,misalignment
114,464514,1241,1254,-0.25350,-0.03900,-0.81900,0.85822,991.75,1000,8.25,50.50,203,2.2293,-0.3740,LOCK,2,misalignment
115,464522,1249,1262,-0.25350,-0.03900,-0.81900,0.85822,991.75,1000,8.25,50.50,203,2.2304,-0.3573,LOCK,2,misalignment
116,464531,1258,1271,-0.00780,0.03510,-0.78390,0.78472,991.75,1000,8.25,50.50,203,2.2421,-0.1796,LOCK,2,misalignment
117,464539,1266,1279,0.08190,0.10140,-0.65520,0.66804,991.76,1000,8.24,50.50,203,2.2517,-0.0355,LOCK,2,misalignment
118,464547,1274,1287,-0.35100,0.28860,-0.64350,0.78777,991.77,1000,8.23,50.50,203,2.2684,0.2175,LOCK,2,misalignment
119,464556,1283,1296,-0.14040,0.10140,-0.86970,0.88678,991.78,1000,8.22,50.50,203,2.2675,0.2041,LOCK,2,misalignment
120,464564,1291,1304,-0.28860,0.06630,-0.73320,0.79074,991.79,1000,8.21,50.50,203,2.2488,-0.0786,LOCK,2,misalignment
121,464573,1300,1313,-0.28860,0.06630,-0.73320,0.79074,991.79,1000,8.21,50.50,203,2.2332,-0.3148,LOCK,2,misalignment
122,464581,1308,1321,-0.14040,-0.07410,-0.92430,0.93783,991.80,1000,8.20,50.50,203,2.2594,0.0820,LOCK,2,misalignment
123,464592,1319,1332,0.23010,0.06630,-0.75270,0.78987,991.81,1000,8.19,50.50,203,2.2621,0.1220,LOCK,2,misalignment
124,464601,1328,1341,0.07020,0.00000,-0.76830,0.77150,991.81,1000,8.19,50.50,203,2.2426,-0.1723,LOCK,2,misalignment
125,464609,1336,1349,-0.12480,0.35100,-0.51480,0.63545,991.82,1000,8.18,50.50,203,2.2500,-0.0602,LOCK,2,misalignment
126,464617,1344,1357,-0.16380,0.19890,-0.82290,0.86230,991.83,1000,8.17,50.50,203,2.2485,-0.0831,LOCK,2,misalignment
127,464626,1353,1366,-0.16380,0.19890,-0.82290,0.86230,991.83,1000,8.17,50.50,203,2.2479,-0.0920,LOCK,2,misalignment
128,464654,1381,1394,0.22230,0.01950,-0.86580,0.89410,991.84,1000,8.16,50.50,203,2.2722,0.2761,LOCK,2,misalignment
129,464662,1389,1402,0.14820,0.10140,-0.74100,0.76245,991.85,1000,8.15,50.50,203,2.2538,-0.0032,LOCK,2,misalignment
130,464671,1398,1411,-0.21840,0.34710,-0.60060,0.72725,991.85,1000,8.15,50.50,203,2.2711,0.2597,LOCK,2,misalignment
131,464679,1406,1419,-0.21060,0.14430,-0.79170,0.83184,991.86,1000,8.14,50.50,203,2.2675,0.2044,LOCK,2,misalignment
132,464687,1414,1427,-0.21060,0.14430,-0.79170,0.83184,991.87,1000,8.13,50.50,203,2.2532,-0.0114,LOCK,2,misalignment
133,464745,1472,1485,-0.14040,-0.06240,-0.82680,0.84095,991.88,1000,8.12,50.50,203,2.2653,0.1708,LOCK,2,misalignment
134,464754,1481,1494,-0.27300,0.25350,-0.77220,0.85737,991.88,1000,8.12,50.50,203,2.2707,0.2523,LOCK,2,misalignment
135,464762,1489,1502,-0.02730,0.02730,-0.86580,0.86666,991.89,1000,8.11,50.50,203,2.2692,0.2301,LOCK,2,misalignment
136,464771,1498,1511,0.08970,0.20280,-0.96330,0.98849,991.90,1000,8.10,50.50,203,2.2590,0.0753,LOCK,2,misalignment
137,464779,1506,1519,0.08970,0.20280,-0.96330,0.98849,991.90,1000,8.10,50.50,203,2.2550,0.0145,LOCK,2,misalignment
138,464788,1515,1528,0.21450,0.05070,-0.74100,0.77309,991.91,1000,8.09,50.50,203,2.2571,0.0469,LOCK,2,misalignment
139,464797,1524,1537,-0.04680,0.14430,-0.80730,0.82143,991.91,1000,8.09,50.50,203,2.2633,0.1406,LOCK,2,misalignment
140,464805,1532,1545,-0.09750,0.14430,-0.78000,0.79921,991.92,1000,8.08,50.50,203,2.2701,0.2438,LOCK,2,misalignment
141,464814,1541,1554,-0.24960,0.03510,-0.78000,0.81971,991.92,1000,8.08,50.50,203,2.2503,-0.0563,LOCK,2,misalignment
142,464822,1549,1562,-0.07410,0.01950,-0.84240,0.84588,991.92,1000,8.08,50.50,203,2.2472,-0.1024,LOCK,2,misalignment
143,464831,1558,1571,-0.07410,0.01950,-0.84240,0.84588,991.93,1000,8.07,50.50,203,2.2563,0.0350,LOCK,2,misalignment
144,464839,1566,1579,0.34710,0.10140,-0.84240,0.91673,991.93,1000,8.07,50.50,203,2.2553,0.0203,LOCK,2,misalignment
145,464856,1583,1596,-0.04680,0.23790,-0.76830,0.80565,991.94,1000,8.06,50.50,203,2.2679,0.2099,LOCK,2,misalignment
146,464864,1591,1604,-0.24570,-0.08970,-0.81510,0.85604,991.94,1000,8.06,50.50,203,2.2671,0.1980,LOCK,2,misalignment
147,464873,1600,1613,-0.14040,0.08970,-0.73320,0.75189,991.95,1000,8.05,50.50,203,2.2433,-0.1619,LOCK,2,misalignment
148,464881,1608,1621,-0.14040,0.08970,-0.73320,0.75189,991.95,1000,8.05,50.50,203,2.2503,-0.0554,LOCK,2,misalignment
149,464890,1617,1630,0.01950,-0.15210,-0.84240,0.85624,991.96,1000,8.04,50.50,203,2.2446,-0.1417,LOCK,2,misalignment
150,464899,1626,1639,0.27300,0.37440,-0.81510,0.93760,991.96,1000,8.04,50.50,203,2.2626,0.1299,LOCK,2,misalignment
151,464907,1634,1647,0.10140,-0.09750,-0.64740,0.66251,991.97,1000,8.03,50.50,203,2.2766,0.3430,LOCK,2,misalignment
152,464916,1643,1656,-0.04680,0.26130,-0.88530,0.92424,991.97,1000,8.03,50.50,203,2.2627,0.1311,LOCK,2,misalignment
153,464924,1651,1664,-0.19500,0.03510,-0.73710,0.76326,991.98,1000,8.02,50.50,203,2.2669,0.1949,LOCK,2,misalignment
154,464933,1660,1673,-0.19500,0.03510,-0.73710,0.76326,991.98,1000,8.02,50.50,203,2.2512,-0.0425,LOCK,2,misalignment
155,464941,1668,1681,-0.43290,-0.07020,-0.82290,0.93247,991.99,1000,8.01,50.50,203,2.2564,0.0368,LOCK,2,misalignment
156,464950,1677,1690,-0.08190,-0.12090,-0.75270,0.76673,991.99,1000,8.01,50.50,203,2.2495,-0.0676,LOCK,2,misalignment
157,464958,1685,1698,0.19890,0.17550,-0.78390,0.82756,992.00,1000,8.00,50.50,203,2.2521,-0.0288,LOCK,2,misalignment
158,465007,1734,1747,0.10920,0.00390,-0.88140,0.88815,992.00,1000,8.00,50.50,203,2.2679,0.2102,LOCK,2,misalignment
159,465016,1743,1756,0.10920,0.00390,-0.88140,0.88815,992.01,1000,7.99,50.50,203,2.2672,0.1995,LOCK,2,misalignment
160,465024,1751,1764,0.27690,0.23400,-0.62790,0.72504,992.02,1000,7.98,50.50,203,2.2527,-0.0193,LOCK,2,misalignment
161,465033,1760,1773,-0.05850,-0.05850,-0.60840,0.61400,992.03,1000,7.97,50.50,203,2.2494,-0.0700,LOCK,2,misalignment
162,465041,1768,1781,-0.23010,0.09360,-0.85020,0.88575,992.04,1000,7.96,50.50,203,2.2401,-0.2101,LOCK,2,misalignment
163,465050,1777,1790,-0.30030,0.07410,-0.75270,0.81377,992.05,1000,7.95,50.50,203,2.2581,0.0628,LOCK,2,misalignment
164,465063,1790,1803,-0.16380,0.01560,-0.89700,0.91197,992.05,1000,7.95,50.50,203,2.2641,0.1525,LOCK,2,misalignment
165,465071,1798,1811,0.17160,0.47970,-0.85410,0.99451,992.06,1000,7.94,50.50,203,2.2404,-0.2065,LOCK,2,misalignment
166,465080,1807,1820,0.19890,0.09750,-0.69030,0.72497,992.07,1000,7.93,50.50,203,2.2387,-0.2324,LOCK,2,misalignment
167,465088,1815,1828,-0.23010,0.33150,-0.51480,0.65411,992.08,1000,7.92,50.50,203,2.2526,-0.0215,LOCK,2,misalignment
168,465097,1824,1837,-0.23010,0.33150,-0.51480,0.65411,992.10,1000,7.90,50.50,203,2.2525,-0.0230,LOCK,2,misalignment
169,465110,1837,1850,-0.43680,0.02340,-0.78000,0.89428,992.12,1000,7.88,50.50,203,2.2699,0.2416,LOCK,2,misalignment
170,465118,1845,1858,-0.43680,0.02340,-0.78000,0.89428,992.13,1000,7.87,50.50,203,2.2646,0.1601,LOCK,2,misalignment
171,465127,1854,1867,-0.14820,-0.05460,-0.86580,0.88009,992.14,1000,7.86,50.50,203,2.2577,0.0567,LOCK,2,misalignment
172,465135,1862,1875,0.08190,0.05850,-0.85020,0.85614,992.15,1000,7.85,50.50,203,2.2678,0.2087,LOCK,2,misalignment
173,465144,1871,1884,0.07800,0.03510,-0.70200,0.70719,992.16,1000,7.84,50.50,203,2.2631,0.1372,LOCK,2,misalignment
174,465152,1879,1892,-0.24180,0.14040,-0.60450,0.66603,992.16,1000,7.84,50.50,203,2.2662,0.1843,LOCK,2,misalignment
175,465160,1887,1900,-0.15600,0.19110,-0.77610,0.81436,992.16,1000,7.84,50.50,203,2.2702,0.2453,LOCK,2,misalignment
176,465169,1896,1909,-0.15600,0.19110,-0.77610,0.81436,992.17,1000,7.83,50.50,203,2.2639,0.1504,LOCK,2,misalignment
177,465177,1904,1917,-0.20670,0.08580,-0.81120,0.84151,992.17,1000,7.83,50.50,203,2.2433,-0.1622,LOCK,2,misalignment
178,465186,1913,1926,-0.17160,0.19890,-0.85020,0.88986,992.17,1000,7.83,50.50,203,2.2417,-0.1866,LOCK,2,misalignment
179,465194,1921,1934,0.26520,0.25740,-0.75270,0.83854,992.18,1000,7.82,50.50,203,2.2502,-0.0575,LOCK,2,misalignment
180,465203,1930,1943,0.02340,-0.12480,-0.85410,0.86349,992.18,1000,7.82,50.50,203,2.2639,0.1501,LOCK,2,misalignment
181,465214,1941,1954,-0.07800,0.29640,-0.53820,0.61935,992.19,1000,7.81,50.50,203,2.2429,-0.1677,LOCK,2,misalignment
182,465223,1950,1963,-0.15210,0.03900,-0.79950,0.81477,992.20,1000,7.80,50.50,203,2.2497,-0.0648,LOCK,2,misalignment
183,465231,1958,1971,-0.32370,0.30420,-0.77220,0.89085,992.22,1000,7.78,50.50,203,2.2566,0.0399,LOCK,2,misalignment
184,465240,1967,1980,-0.32370,0.30420,-0.77220,0.89085,992.23,1000,7.77,50.50,203,2.2517,-0.0355,LOCK,2,misalignment
185,465269,1996,2009,0.24180,0.01560,-0.76050,0.79817,992.24,1000,7.76,50.50,203,2.2731,0.2893,LOCK,2,misalignment
186,465278,2005,2018,-0.21060,0.12480,-0.78000,0.81751,992.24,1000,7.76,50.50,203,2.2211,-0.4983,LOCK,2,misalignment
187,465286,2013,2026,-0.04680,0.16770,-0.78780,0.80681,992.25,1000,7.75,50.50,203,2.2585,0.0689,LOCK,2,misalignment
188,465294,2021,2034,-0.31980,0.01170,-0.85020,0.90843,992.25,1000,7.75,50.50,203,2.2554,0.0219,LOCK,2,misalignment
189,465303,2030,2043,-0.31980,0.01170,-0.85020,0.90843,992.26,1000,7.74,50.50,203,2.2539,-0.0019,LOCK,2,misalignment
190,465315,2042,2055,0.04680,0.27690,-0.91650,0.95856,992.26,1000,7.74,50.50,203,2.2649,0.1647,LOCK,2,misalignment
191,465324,2051,2064,0.08970,-0.16770,-0.76830,0.79149,992.27,1000,7.73,50.50,203,2.2650,0.1669,LOCK,2,misalignment
192,465333,2060,2073,0.08970,-0.16770,-0.76830,0.79149,992.28,1000,7.72,50.50,203,2.2516,-0.0370,LOCK,2,misalignment
193,465341,2068,2081,-0.17940,0.31590,-0.69030,0.78006,992.29,1000,7.71,50.50,203,2.2547,0.0112,LOCK,2,misalignment
194,465349,2076,2089,-0.24570,-0.02340,-0.83070,0.86659,992.29,1000,7.71,50.50,203,2.2409,-0.1979,LOCK,2,misalignment
195,465358,2085,2098,-0.14040,0.22620,-0.76440,0.80944,992.30,1000,7.70,50.50,203,2.2592,0.0793,LOCK,2,misalignment
196,465366,2093,2106,-0.01170,-0.05460,-0.89310,0.89484,992.31,1000,7.69,50.50,203,2.2676,0.2065,LOCK,2,misalignment
197,465375,2102,2115,-0.01170,-0.05460,-0.89310,0.89484,992.31,1000,7.69,50.50,203,2.2737,0.2978,LOCK,2,misalignment
198,465383,2110,2123,0.19500,0.20670,-0.91650,0.95954,992.32,1000,7.68,50.50,203,2.2340,-0.3026,LOCK,2,misalignment
199,465392,2119,2132,0.17940,-0.09360,-0.63960,0.67085,992.31,1000,7.69,50.50,203,2.2527,-0.0190,LOCK,2,misalignment
200,465400,2127,2140,-0.15990,0.08190,-0.86970,0.88806,992.30,1000,7.70,50.50,203,2.2465,-0.1137,LOCK,2,misalignment
201,465409,2136,2149,-0.18330,0.02730,-0.74880,0.77139,992.30,1000,7.70,50.50,203,2.2637,0.1464,LOCK,2,misalignment
202,465418,2145,2158,-0.23010,-0.07800,-0.93600,0.96702,992.29,1000,7.71,50.50,203,2.2697,0.2377,LOCK,2,misalignment
203,465427,2154,2167,-0.07800,-0.10140,-0.77610,0.78657,992.28,1000,7.72,50.50,203,2.2602,0.0942,LOCK,2,misalignment
204,465435,2162,2175,-0.07800,-0.10140,-0.77610,0.78657,992.28,1000,7.72,50.50,203,2.2622,0.1244,LOCK,2,misalignment
205,465444,2171,2184,0.40170,0.24960,-0.79560,0.92555,992.28,1000,7.72,50.50,203,2.2661,0.1833,LOCK,2,misalignment
206,465452,2179,2192,0.01170,0.03510,-0.72150,0.72245,992.29,1000,7.71,50.50,203,2.2692,0.2310,LOCK,2,misalignment
207,465461,2188,2201,0.11310,0.43290,-0.79560,0.91278,992.30,1000,7.70,50.50,203,2.2663,0.1867,LOCK,2,misalignment
208,465474,2201,2214,-0.23010,0.08970,-0.91260,0.94543,992.31,1000,7.69,50.50,203,2.2674,0.2026,LOCK,2,misalignment
209,465483,2210,2223,-0.30030,0.10530,-0.72150,0.78856,992.32,1000,7.68,50.50,203,2.2364,-0.2663,LOCK,2,misalignment
210,465491,2218,2231,-0.05070,-0.09750,-0.84630,0.85341,992.32,1000,7.68,50.50,203,2.2511,-0.0438,LOCK,2,misalignment
211,465500,2227,2240,0.19500,0.37830,-0.73710,0.85115,992.33,1000,7.67,50.50,203,2.2455,-0.1295,LOCK,2,misalignment
212,465508,2235,2248,0.19500,0.37830,-0.73710,0.85115,992.35,1000,7.65,50.50,203,2.2668,0.1946,LOCK,2,misalignment
213,465520,2247,2260,-0.15990,0.10530,-0.79950,0.82210,992.36,1000,7.64,50.50,203,2.2658,0.1791,LOCK,2,misalignment
214,465529,2256,2269,-0.15990,0.10530,-0.79950,0.82210,992.37,1000,7.63,50.50,203,2.2669,0.1959,LOCK,2,misalignment
215,465537,2264,2277,-0.19110,0.07410,-0.74490,0.77258,992.38,1000,7.62,50.50,203,2.2628,0.1327,LOCK,2,misalignment
216,465546,2273,2286,-0.35100,0.03120,-0.90480,0.97100,992.39,1000,7.61,50.50,203,2.2666,0.1913,LOCK,2,misalignment
217,465554,2281,2294,0.13650,-0.07020,-0.85410,0.86778,992.40,1000,7.60,50.50,203,2.2728,0.2853,LOCK,2,misalignment
218,465562,2289,2302,0.31590,0.37440,-0.77220,0.91447,992.41,1000,7.59,50.50,203,2.2676,0.2056,LOCK,2,misalignment
219,465571,2298,2311,0.24570,0.01950,-0.56550,0.61688,992.42,1000,7.58,50.50,203,2.2643,0.1556,LOCK,2,misalignment
220,465580,2307,2320,0.24570,0.01950,-0.56550,0.61688,992.44,1000,7.56,50.50,203,2.2619,0.1202,LOCK,2,misalignment
221,465588,2315,2328,-0.08580,0.15990,-0.87360,0.89225,992.45,1000,7.55,50.50,203,2.2324,-0.3267,LOCK,2,misalignment
222,465596,2323,2336,-0.38220,-0.06240,-0.79170,0.88134,992.46,1000,7.54,50.50,203,2.2608,0.1034,LOCK,2,misalignment
223,465605,2332,2345,-0.01560,-0.01170,-0.83850,0.83873,992.47,1000,7.53,50.50,203,2.2512,-0.0419,LOCK,2,misalignment
224,465613,2340,2353,0.05850,0.38220,-0.90480,0.98395,992.48,1000,7.52,50.50,203,2.2661,0.1827,LOCK,2,misalignment
225,465623,2350,2363,0.29250,0.19890,-0.61230,0.70713,992.49,1000,7.51,50.50,203,2.2697,0.2386,LOCK,2,misalignment
226,465631,2358,2371,0.29250,0.19890,-0.61230,0.70713,992.51,1000,7.49,50.50,203,2.2762,0.3366,LOCK,2,misalignment
227,465640,2367,2380,-0.14820,0.19500,-0.63960,0.68489,992.52,1000,7.48,50.50,203,2.2340,-0.3023,LOCK,2,misalignment
228,465648,2375,2388,-0.08970,0.09750,-0.84630,0.85661,992.53,1000,7.47,50.50,203,2.2476,-0.0975,LOCK,2,misalignment
229,465656,2383,2396,-0.37440,0.10140,-0.78390,0.87462,992.54,1000,7.46,50.50,203,2.2330,-0.3179,LOCK,2,misalignment
230,465665,2392,2405,-0.14040,-0.06240,-0.83850,0.85246,992.55,1000,7.45,50.50,203,2.2458,-0.1240,LOCK,2,misalignment
231,465728,2455,2468,-0.06240,-0.00780,-0.86580,0.86808,992.57,1000,7.43,50.50,203,2.2707,0.2529,LOCK,2,misalignment
232,465736,2463,2476,0.20670,0.16380,-0.80730,0.84929,992.58,1000,7.42,50.50,203,2.2465,-0.1140,LOCK,2,misalignment
233,465745,2472,2485,0.02730,0.01950,-0.75270,0.75345,992.59,1000,7.41,50.50,203,2.2484,-0.0847,LOCK,2,misalignment
234,465753,2480,2493,0.02730,0.01950,-0.75270,0.75345,992.60,1000,7.40,50.50,203,2.2564,0.0356,LOCK,2,misalignment
235,465761,2488,2501,-0.20670,0.19890,-0.68640,0.74393,992.61,1000,7.39,50.50,203,2.2507,-0.0493,LOCK,2,misalignment
236,465773,2500,2513,-0.16380,0.06240,-0.77610,0.79565,992.62,1000,7.38,50.50,203,2.2735,0.2960,LOCK,2,misalignment
237,465781,2508,2521,-0.28470,-0.01950,-0.82290,0.87098,992.62,1000,7.38,50.50,203,2.2677,0.2075,LOCK,2,misalignment
238,465790,2517,2530,-0.11310,0.03120,-0.87360,0.88144,992.63,1000,7.37,50.50,203,2.2597,0.0869,LOCK,2,misalignment
239,465798,2525,2538,0.21060,-0.03120,-0.83850,0.86511,992.63,1000,7.37,50.50,203,2.2426,-0.1732,LOCK,2,misalignment
240,465806,2533,2546,0.03120,0.00390,-0.83070,0.83129,992.64,1000,7.36,50.50,203,2.2557,0.0252,LOCK,2,misalignment
241,465815,2542,2555,0.03120,0.00390,-0.83070,0.83129,992.65,1000,7.35,50.50,203,2.2555,0.0231,LOCK,2,misalignment
242,465827,2554,2567,-0.12870,0.03510,-0.80730,0.81825,992.66,1000,7.34,50.50,203,2.2714,0.2633,LOCK,2,misalignment
243,465835,2562,2575,-0.12870,0.03510,-0.80730,0.81825,992.67,1000,7.33,50.50,203,2.2654,0.1733,LOCK,2,misalignment
244,465844,2571,2584,-0.24570,0.23790,-0.72540,0.80198,992.68,1000,7.32,50.50,203,2.2524,-0.0245,LOCK,2,misalignment
245,465852,2579,2592,-0.03120,-0.01170,-0.90480,0.90541,992.69,1000,7.31,50.50,203,2.2451,-0.1341,LOCK,2,misalignment
246,465861,2588,2601,0.07800,0.30420,-0.92430,0.97619,992.69,1000,7.31,50.50,203,2.2617,0.1168,LOCK,2,misalignment
247,465869,2596,2609,0.13260,-0.17940,-0.68250,0.71803,992.71,1000,7.29,50.50,203,2.2673,0.2017,LOCK,2,misalignment
248,465878,2605,2618,-0.26520,0.21060,-0.76050,0.83249,992.73,1000,7.27,50.50,203,2.2689,0.2252,LOCK,2,misalignment
249,465886,2613,2626,-0.26520,0.21060,-0.76050,0.83249,992.75,1000,7.25,50.50,203,2.2663,0.1858,LOCK,2,misalignment
250,465895,2622,2635,-0.10140,0.19890,-0.76050,0.79259,992.76,1000,7.24,50.50,203,2.2549,0.0139,LOCK,2,misalignment
251,465903,2630,2643,-0.20670,0.08970,-0.91650,0.94379,992.77,1000,7.23,50.50,203,2.2583,0.0658,LOCK,2,misalignment
252,465912,2639,2652,-0.03900,-0.01950,-0.82680,0.82795,992.79,1000,7.21,50.50,203,2.2568,0.0429,LOCK,2,misalignment
253,465920,2647,2660,0.26520,0.07020,-0.90870,0.94921,992.80,1000,7.20,50.50,203,2.2519,-0.0316,LOCK,2,misalignment
254,465936,2663,2676,0.11310,0.13650,-0.74880,0.76950,992.81,1000,7.19,50.50,203,2.2688,0.2239,LOCK,2,misalignment
255,465945,2672,2685,0.04680,0.25740,-0.75270,0.79687,992.82,1000,7.18,50.50,203,2.2560,0.0301,LOCK,2,misalignment
256,465953,2680,2693,-0.23790,0.09750,-0.84240,0.88076,992.83,1000,7.17,50.50,203,2.2571,0.0469,LOCK,2,misalignment
257,465962,2689,2702,-0.11700,0.09750,-0.78780,0.80239,992.84,1000,7.16,50.50,203,2.2547,0.0109,LOCK,2,misalignment
258,465970,2697,2710,-0.09360,-0.10140,-0.86580,0.87673,992.85,1000,7.15,50.50,203,2.2483,-0.0862,LOCK,2,misalignment
259,465979,2706,2719,-0.09360,-0.10140,-0.86580,0.87673,992.86,1000,7.14,50.50,203,2.2727,0.2832,LOCK,2,misalignment
260,465987,2714,2727,0.37440,0.40560,-0.80340,0.97475,992.86,1000,7.14,50.50,203,2.2623,0.1250,LOCK,2,misalignment
261,465996,2723,2736,0.11700,-0.05070,-0.73710,0.74805,992.88,1000,7.12,50.50,203,2.2392,-0.2239,LOCK,2,misalignment
262,466004,2731,2744,-0.10920,0.23790,-0.72540,0.77118,992.88,1000,7.12,50.50,203,2.2567,0.0414,LOCK,2,misalignment
263,466012,2739,2752,-0.20670,0.23790,-0.74490,0.80882,992.89,1000,7.11,50.50,203,2.2541,0.0011,LOCK,2,misalignment
264,466021,2748,2761,-0.20670,0.23790,-0.74490,0.80882,992.90,1000,7.10,50.50,203,2.2679,0.2099,LOCK,2,misalignment
265,466043,2770,2783,0.28080,0.56940,-0.89310,1.09576,992.91,1000,7.09,50.50,203,2.2457,-0.1262,LOCK,2,misalignment
266,466051,2778,2791,0.28080,0.56940,-0.89310,1.09576,992.92,1000,7.08,50.50,203,2.2477,-0.0960,LOCK,2,misalignment
267,466060,2787,2800,0.14430,0.00780,-0.58890,0.60637,992.93,1000,7.07,50.50,203,2.2648,0.1638,LOCK,2,misalignment
268,466068,2795,2808,-0.08190,0.15600,-0.83460,0.85300,992.94,1000,7.06,50.50,203,2.2543,0.0051,LOCK,2,misalignment
269,466081,2808,2821,-0.36270,0.00780,-0.83850,0.91362,992.94,1000,7.06,50.50,203,2.2678,0.2087,LOCK,2,misalignment
270,466089,2816,2829,-0.31980,0.00000,-0.83460,0.89377,992.95,1000,7.05,50.50,203,2.2790,0.3787,LOCK,2,misalignment
271,466098,2825,2838,0.24180,0.01170,-0.94380,0.97435,992.95,1000,7.05,50.50,203,2.2444,-0.1457,LOCK,2,misalignment
272,466106,2833,2846,0.30810,0.29640,-0.69030,0.81197,992.96,1000,7.04,50.50,203,2.2512,-0.0419,LOCK,2,misalignment
273,466115,2842,2855,0.19500,0.08970,-0.74100,0.77146,992.99,1000,7.01,50.50,203,2.2663,0.1870,LOCK,2,misalignment
274,466123,2850,2863,0.19500,0.08970,-0.74100,0.77146,993.01,1000,6.99,50.50,203,2.2610,0.1055,LOCK,2,misalignment
275,466139,2866,2879,-0.33150,-0.06240,-0.79560,0.86416,993.03,1000,6.97,50.50,203,2.2745,0.3103,LOCK,2,misalignment
276,466148,2875,2888,-0.06240,0.08970,-0.79560,0.80307,993.05,1000,6.95,50.50,203,2.2529,-0.0163,LOCK,2,misalignment
277,466156,2883,2896,0.05460,0.39780,-0.81120,0.90514,993.06,1000,6.94,50.50,203,2.2487,-0.0801,LOCK,2,misalignment
278,466165,2892,2905,0.05460,0.39780,-0.81120,0.90514,993.08,1000,6.92,50.50,203,2.2525,-0.0230,LOCK,2,misalignment
279,466173,2900,2913,0.20280,0.12870,-0.67470,0.71618,993.08,1000,6.92,50.50,203,2.2607,0.1012,LOCK,2,misalignment
280,466182,2909,2922,-0.26520,0.13650,-0.62790,0.69514,993.09,1000,6.91,50.50,203,2.2741,0.3039,LOCK,2,misalignment
281,466191,2918,2931,-0.11700,0.14430,-0.89310,0.91222,993.09,1000,6.91,50.50,203,2.2709,0.2557,LOCK,2,misalignment
282,466199,2926,2939,-0.39780,0.06630,-0.69030,0.79947,993.10,1000,6.90,50.50,203,2.2526,-0.0209,LOCK,2,misalignment
283,466208,2935,2948,-0.05850,-0.07410,-0.90090,0.90583,993.10,1000,6.90,50.50,203,2.2582,0.0643,LOCK,2,misalignment
284,466216,2943,2956,0.04290,0.17550,-0.75660,0.77787,993.11,1000,6.89,50.50,203,2.2405,-0.2049,LOCK,2,misalignment
285,466225,2952,2965,0.04290,0.17550,-0.75660,0.77787,993.11,1000,6.89,50.50,203,2.2542,0.0032,LOCK,2,misalignment
286,466236,2963,2976,0.06240,-0.01170,-0.61620,0.61946,993.12,1000,6.88,50.50,203,2.2727,0.2832,LOCK,2,misalignment
287,466244,2971,2984,-0.33930,0.25350,-0.72150,0.83663,993.14,1000,6.86,50.50,203,2.2640,0.1522,LOCK,2,misalignment
288,466253,2980,2993,-0.15210,0.13650,-0.84630,0.87063,993.15,1000,6.85,50.50,203,2.2550,0.0158,LOCK,2,misalignment
289,466261,2988,3001,-0.37440,-0.18330,-0.92430,1.01395,993.16,1000,6.84,50.50,203,2.2446,-0.1427,LOCK,2,misalignment
290,466270,2997,3010,-0.12870,-0.01950,-0.84240,0.85240,993.17,1000,6.83,50.50,203,2.2684,0.2188,LOCK,2,misalignment
291,466278,3005,3018,0.21060,0.11310,-0.79170,0.82700,993.18,1000,6.82,50.50,203,2.2599,0.0887,LOCK,2,misalignment
292,466287,3014,3027,0.21060,0.11310,-0.79170,0.82700,993.19,1000,6.81,50.50,203,2.2758,0.3308,LOCK,2,misalignment
293,466295,3022,3035,-0.02730,-0.07410,-0.74490,0.74907,993.19,1000,6.81,50.50,203,2.2647,0.1617,LOCK,2,misalignment
294,466304,3031,3044,-0.11310,0.34320,-0.56940,0.67438,993.19,1000,6.81,50.50,203,2.2402,-0.2092,LOCK,2,misalignment
295,466312,3039,3052,-0.19110,0.13650,-0.85410,0.88580,993.19,1000,6.81,50.50,203,2.2626,0.1299,LOCK,2,misalignment
296,466321,3048,3061,-0.22620,0.28860,-0.77220,0.85484,993.19,1000,6.81,50.50,203,2.2438,-0.1546,LOCK,2,misalignment
297,466329,3056,3069,-0.10920,-0.03510,-0.88920,0.89657,993.19,1000,6.81,50.50,203,2.2708,0.2551,LOCK,2,misalignment
298,466391,3118,3131,0.01560,0.01170,-0.90480,0.90501,993.20,1000,6.80,50.50,203,2.2596,0.0841,LOCK,2,misalignment
299,466399,3126,3139,0.01560,0.01170,-0.90480,0.90501,993.20,1000,6.80,50.50,203,2.2667,0.1925,LOCK,2,misalignment
300,466408,3135,3148,0.03900,0.15210,-0.95160,0.96447,993.20,1000,6.80,50.50,203,2.2420,-0.1814,LOCK,2,misalignment
301,466416,3143,3156,0.24570,0.06240,-0.72930,0.77210,993.21,1000,6.79,50.50,203,2.2567,0.0405,LOCK,2,misalignment
302,466424,3151,3164,-0.18720,0.20670,-0.66690,0.72286,993.22,1000,6.78,50.50,203,2.2480,-0.0902,LOCK,2,misalignment
303,466433,3160,3173,-0.23400,0.10530,-0.81900,0.85826,993.22,1000,6.78,50.50,203,2.2608,0.1025,LOCK,2,misalignment
304,466442,3169,3182,-0.11700,0.11310,-0.79950,0.81589,993.22,1000,6.78,50.50,203,2.2747,0.3143,LOCK,2,misalignment
305,466451,3178,3191,-0.11700,0.11310,-0.79950,0.81589,993.23,1000,6.77,50.50,203,2.2696,0.2362,LOCK,2,misalignment
306,466459,3186,3199,0.11700,-0.07410,-0.99450,1.00410,993.23,1000,6.77,50.50,203,2.2692,0.2301,LOCK,2,misalignment
307,466467,3194,3207,0.26520,0.27690,-0.93210,1.00788,993.23,1000,6.77,50.50,203,2.2673,0.2014,LOCK,2,misalignment
308,466476,3203,3216,0.18330,0.02340,-0.81510,0.83578,993.25,1000,6.75,50.50,203,2.2664,0.1885,LOCK,2,misalignment
309,466485,3212,3225,0.00000,0.37050,-0.67860,0.77315,993.26,1000,6.74,50.50,203,2.2542,0.0032,LOCK,2,misalignment
310,466493,3220,3233,0.00000,0.37050,-0.67860,0.77315,993.27,1000,6.73,50.50,203,2.2625,0.1284,LOCK,2,misalignment
311,466501,3228,3241,-0.21450,0.15600,-0.72930,0.77603,993.29,1000,6.71,50.50,203,2.2575,0.0536,LOCK,2,misalignment
312,466510,3237,3250,-0.15990,0.17940,-0.77220,0.80873,993.30,1000,6.70,50.50,203,2.2441,-0.1494,LOCK,2,misalignment
313,466545,3272,3285,-0.06630,0.14820,-0.83850,0.85407,993.31,1000,6.69,50.50,203,2.2663,0.1864,LOCK,2,misalignment
314,466553,3280,3293,-0.06630,0.14820,-0.83850,0.85407,993.32,1000,6.68,50.50,203,2.2711,0.2594,LOCK,2,misalignment
315,466562,3289,3302,-0.19110,0.12870,-0.77220,0.80584,993.33,1000,6.67,50.50,203,2.2470,-0.1060,LOCK,2,misalignment
316,466570,3297,3310,-0.36270,-0.03510,-0.79560,0.87508,993.34,1000,6.66,50.50,203,2.2518,-0.0334,LOCK,2,misalignment
317,466579,3306,3319,-0.00390,0.06240,-0.83460,0.83694,993.35,1000,6.65,50.50,203,2.2550,0.0158,LOCK,2,misalignment
318,466592,3319,3332,0.20280,0.48750,-0.76050,0.92582,993.35,1000,6.65,50.50,203,2.2714,0.2642,LOCK,2,misalignment
319,466601,3328,3341,0.07020,-0.02340,-0.72540,0.72916,993.36,1000,6.64,50.50,203,2.2635,0.1440,LOCK,2,misalignment
320,466609,3336,3349,-0.00780,0.26910,-0.77220,0.81778,993.36,1000,6.64,50.50,203,2.2384,-0.2364,LOCK,2,misalignment
321,466617,3344,3357,-0.28470,-0.05850,-0.81900,0.86904,993.37,1000,6.63,50.50,203,2.2518,-0.0337,LOCK,2,misalignment
322,466626,3353,3366,-0.28470,-0.05850,-0.81900,0.86904,993.37,1000,6.63,50.50,203,2.2472,-0.1030,LOCK,2,misalignment
323,466634,3361,3374,-0.29250,0.04680,-0.74100,0.79801,993.37,1000,6.63,50.50,203,2.2662,0.1855,LOCK,2,misalignment
324,466647,3374,3387,0.20280,0.28080,-0.72150,0.80034,993.38,1000,6.62,50.50,203,2.2640,0.1516,LOCK,2,misalignment
325,466656,3383,3396,0.20280,0.28080,-0.72150,0.80034,993.39,1000,6.61,50.50,203,2.2667,0.1922,LOCK,2,misalignment
326,466664,3391,3404,0.14430,-0.03510,-0.60060,0.61869,993.39,1000,6.61,50.50,203,2.2673,0.2023,LOCK,2,misalignment
327,466673,3400,3413,-0.19890,0.05460,-0.90870,0.93181,993.40,1000,6.60,50.50,203,2.2737,0.2978,LOCK,2,misalignment
328,466681,3408,3421,-0.30420,0.14040,-0.72150,0.79549,993.41,1000,6.59,50.50,203,2.2694,0.2328,LOCK,2,misalignment
329,466690,3417,3430,-0.15210,-0.07800,-0.84630,0.86339,993.41,1000,6.59,50.50,203,2.2681,0.2130,LOCK,2,misalignment
330,466698,3425,3438,0.03120,0.40950,-0.73710,0.84379,993.42,1000,6.58,50.50,203,2.2662,0.1855,LOCK,2,misalignment
331,466707,3434,3447,0.03120,0.40950,-0.73710,0.84379,993.42,1000,6.58,50.50,203,2.2677,0.2075,LOCK,2,misalignment
332,466715,3442,3455,0.23010,0.16380,-0.62400,0.68495,993.44,1000,6.56,50.50,203,2.2577,0.0554,LOCK,2,misalignment
333,466724,3451,3464,-0.39390,0.21450,-0.60840,0.75586,993.45,1000,6.55,50.50,203,2.2516,-0.0367,LOCK,2,misalignment
334,466732,3459,3472,-0.12870,0.21840,-0.83460,0.87225,993.47,1000,6.53,50.50,203,2.2527,-0.0196,LOCK,2,misalignment
335,466741,3468,3481,-0.45240,-0.03120,-0.87360,0.98428,993.48,1000,6.52,50.50,203,2.2592,0.0783,LOCK,2,misalignment
336,466750,3477,3490,-0.16770,-0.03120,-0.83460,0.85185,993.49,1000,6.51,50.50,203,2.2728,0.2844,LOCK,2,misalignment
337,466758,3485,3498,-0.16770,-0.03120,-0.83460,0.85185,993.50,1000,6.50,50.50,203,2.2683,0.2169,LOCK,2,misalignment
338,466767,3494,3507,0.05070,-0.06240,-0.78000,0.78413,993.51,1000,6.49,50.50,203,2.2717,0.2688,LOCK,2,misalignment
339,466775,3502,3515,0.01170,0.04290,-0.65910,0.66060,993.52,1000,6.48,50.50,203,2.2652,0.1690,LOCK,2,misalignment
340,466784,3511,3524,-0.27690,0.24570,-0.58500,0.69229,993.54,1000,6.46,50.50,203,2.2519,-0.0325,LOCK,2,misalignment
341,466797,3524,3537,-0.29250,0.16380,-0.85800,0.92117,993.55,1000,6.45,50.50,203,2.2738,0.3006,LOCK,2,misalignment
342,466805,3532,3545,-0.16380,0.15990,-0.79560,0.82788,993.56,1000,6.44,50.50,203,2.2710,0.2572,LOCK,2,misalignment
343,466814,3541,3554,-0.06630,0.01560,-0.93990,0.94236,993.58,1000,6.42,50.50,203,2.2554,0.0213,LOCK,2,misalignment
344,466822,3549,3562,0.29250,0.15990,-0.74490,0.81609,993.58,1000,6.42,50.50,203,2.2518,-0.0340,LOCK,2,misalignment
345,466831,3558,3571,0.29250,0.15990,-0.74490,0.81609,993.59,1000,6.41,50.50,203,2.2466,-0.1121,LOCK,2,misalignment
346,466839,3566,3579,0.10920,0.01170,-0.83460,0.84179,993.61,1000,6.39,50.50,203,2.2486,-0.0816,LOCK,2,misalignment
347,466853,3580,3593,-0.07800,0.12090,-0.79170,0.80467,993.62,1000,6.38,50.50,203,2.2686,0.2218,LOCK,2,misalignment
348,466862,3589,3602,-0.07800,0.12090,-0.79170,0.80467,993.64,1000,6.36,50.50,203,2.2407,-0.2013,LOCK,2,misalignment
349,466870,3597,3610,-0.28080,0.32370,-0.78390,0.89338,993.65,1000,6.35,50.50,203,2.2420,-0.1814,LOCK,2,misalignment
350,466879,3606,3619,-0.07800,0.07410,-0.85410,0.86085,993.66,1000,6.34,50.50,203,2.2550,0.0145,LOCK,2,misalignment
351,466887,3614,3627,0.07410,-0.03510,-0.85410,0.85803,993.67,1000,6.33,50.50,203,2.2599,0.0896,LOCK,2,misalignment
352,466899,3626,3639,0.21450,0.01950,-0.74100,0.77167,993.69,1000,6.31,50.50,203,2.2700,0.2426,LOCK,2,misalignment
353,466908,3635,3648,-0.19500,0.31590,-0.66690,0.76326,993.70,1000,6.30,50.50,203,2.2565,0.0371,LOCK,2,misalignment
354,466916,3643,3656,-0.11700,0.19500,-0.77220,0.80499,993.72,1000,6.28,50.50,203,2.2471,-0.1039,LOCK,2,misalignment
355,466925,3652,3665,-0.17160,0.15990,-0.81510,0.84818,993.73,1000,6.27,50.50,203,2.2565,0.0374,LOCK,2,misalignment
356,466933,3660,3673,-0.17160,0.15990,-0.81510,0.84818,993.75,1000,6.25,50.50,203,2.2421,-0.1799,LOCK,2,misalignment
357,466941,3668,3681,0.01560,0.12870,-0.93210,0.94107,993.76,1000,6.24,50.50,203,2.2489,-0.0776,LOCK,2,misalignment
358,466955,3682,3695,0.17940,-0.05460,-0.80340,0.82500,993.77,1000,6.23,50.50,203,2.2661,0.1827,LOCK,2,misalignment
359,466964,3691,3704,0.17940,-0.05460,-0.80340,0.82500,993.79,1000,6.21,50.50,203,2.2663,0.1870,LOCK,2,misalignment
360,466972,3699,3712,-0.08970,0.19890,-0.68640,0.72024,993.80,1000,6.20,50.50,203,2.2773,0.3525,LOCK,2,misalignment
361,466981,3708,3721,-0.23790,-0.03120,-0.79170,0.82726,993.82,1000,6.18,50.50,203,2.2379,-0.2434,LOCK,2,misalignment
362,466989,3716,3729,-0.15210,0.17550,-0.74100,0.77654,993.83,1000,6.17,50.50,203,2.2383,-0.2373,LOCK,2,misalignment
363,467002,3729,3742,0.05850,-0.09750,-0.86970,0.87710,993.84,1000,6.16,50.50,203,2.2499,-0.0618,LOCK,2,misalignment
364,467011,3738,3751,0.23010,0.31980,-0.93210,1.01194,993.86,1000,6.14,50.50,203,2.2584,0.0661,LOCK,2,misalignment
365,467056,3783,3796,-0.12870,-0.01560,-0.86580,0.87545,993.86,1000,6.14,50.50,203,2.2673,0.2014,LOCK,2,misalignment
366,467064,3791,3804,-0.03510,-0.08190,-0.73320,0.73859,993.87,1000,6.13,50.50,203,2.2704,0.2478,LOCK,2,misalignment
367,467073,3800,3813,0.25350,0.23790,-0.76050,0.83619,993.88,1000,6.12,50.50,203,2.2769,0.3463,LOCK,2,misalignment
368,467081,3808,3821,-0.04290,0.08190,-0.66300,0.66942,993.90,1000,6.10,50.50,203,2.2701,0.2441,LOCK,2,misalignment
369,467090,3817,3830,-0.01560,0.20280,-0.81120,0.83631,993.92,1000,6.08,50.50,203,2.2628,0.1330,LOCK,2,misalignment
370,467098,3825,3838,-0.01560,0.20280,-0.81120,0.83631,993.93,1000,6.07,50.50,203,2.2655,0.1748,LOCK,2,misalignment
371,467107,3834,3847,-0.30810,-0.03900,-0.90870,0.96030,993.95,1000,6.05,50.50,203,2.2634,0.1431,LOCK,2,misalignment
372,467115,3842,3855,-0.30030,-0.01560,-0.77220,0.82868,993.96,1000,6.04,50.50,203,2.2716,0.2661,LOCK,2,misalignment
373,467124,3851,3864,0.01560,-0.02340,-0.88920,0.88964,993.97,1000,6.03,50.50,203,2.2579,0.0597,LOCK,2,misalignment
374,467132,3859,3872,0.18720,0.37440,-0.74100,0.85106,993.98,1000,6.02,50.50,203,2.2544,0.0060,LOCK,2,misalignment
375,467141,3868,3881,0.07020,-0.10140,-0.68250,0.69355,993.99,1000,6.01,50.50,203,2.2570,0.0460,LOCK,2,misalignment
376,467149,3876,3889,0.07020,-0.10140,-0.68250,0.69355,994.00,1000,6.00,50.50,203,2.2651,0.1678,LOCK,2,misalignment
377,467159,3886,3899,-0.23010,0.15600,-0.88920,0.93164,994.01,1000,5.99,50.50,203,2.2682,0.2154,LOCK,2,misalignment
378,467167,3894,3907,-0.24960,0.04680,-0.75660,0.79808,994.02,1000,5.98,50.50,203,2.2702,0.2450,LOCK,2,misalignment
379,467176,3903,3916,-0.15210,-0.00390,-0.89700,0.90981,994.03,1000,5.97,50.50,203,2.2420,-0.1820,LOCK,2,misalignment
380,467184,3911,3924,0.18720,0.68250,-0.83850,1.09724,994.03,1000,5.97,50.50,203,2.2536,-0.0059,LOCK,2,misalignment
381,467193,3920,3933,0.21450,0.22620,-0.70200,0.76810,994.04,1000,5.96,50.50,203,2.2606,0.1006,LOCK,2,misalignment
382,467206,3933,3946,-0.08970,0.28860,-0.49530,0.58022,994.05,1000,5.95,50.50,203,2.2731,0.2899,LOCK,2,misalignment
383,467214,3941,3954,-0.05070,0.10920,-0.84240,0.85096,994.06,1000,5.94,50.50,203,2.2689,0.2252,LOCK,2,misalignment
384,467223,3950,3963,-0.42120,0.07020,-0.76440,0.87558,994.07,1000,5.93,50.50,203,2.2368,-0.2605,LOCK,2,misalignment
385,467231,3958,3971,-0.42120,0.07020,-0.76440,0.87558,994.08,1000,5.92,50.50,203,2.2646,0.1604,LOCK,2,misalignment
386,467240,3967,3980,-0.17940,-0.12870,-0.86580,0.89351,994.09,1000,5.91,50.50,203,2.2437,-0.1564,LOCK,2,misalignment
387,467248,3975,3988,-0.01170,0.33150,-0.85800,0.91989,994.09,1000,5.91,50.50,203,2.2567,0.0405,LOCK,2,misalignment
388,467260,3987,4000,0.12480,0.05070,-0.62400,0.63837,994.12,1000,5.88,50.50,203,2.2701,0.2444,LOCK,2,misalignment
389,467268,3995,4008,-0.27300,0.30030,-0.63570,0.75420,994.14,1000,5.86,50.50,203,2.2322,-0.3298,LOCK,2,misalignment
390,467277,4004,4017,-0.18330,0.17940,-0.79560,0.83592,994.16,1000,5.84,50.50,203,2.2463,-0.1173,LOCK,2,misalignment
391,467285,4012,4025,-0.28860,0.06240,-0.81510,0.86693,994.18,1000,5.82,50.50,203,2.2522,-0.0270,LOCK,2,misalignment
392,467294,4021,4034,-0.12090,0.15990,-0.85800,0.88111,994.19,1000,5.81,50.50,203,2.2598,0.0875,LOCK,2,misalignment
393,467314,4041,4054,0.26520,0.31590,-0.74490,0.85147,994.21,1000,5.79,50.50,203,2.2648,0.1629,LOCK,2,misalignment
394,467322,4049,4062,0.00390,-0.05070,-0.85410,0.85561,994.23,1000,5.77,50.50,203,2.2790,0.3781,LOCK,2,misalignment
395,467331,4058,4071,-0.07410,0.30810,-0.55770,0.64144,994.25,1000,5.75,50.50,203,2.2451,-0.1353,LOCK,2,misalignment
396,467339,4066,4079,-0.18330,0.03510,-0.83070,0.85141,994.27,1000,5.73,50.50,203,2.2309,-0.3502,LOCK,2,misalignment
397,467347,4074,4087,-0.30420,0.28470,-0.76830,0.87400,994.29,1000,5.71,50.50,203,2.2545,0.0078,LOCK,2,misalignment
398,467356,4083,4096,-0.05070,-0.10140,-0.85800,0.86546,994.30,1000,5.70,50.50,203,2.2363,-0.2681,LOCK,2,misalignment
399,467365,4092,4105,0.11310,-0.12870,-0.84630,0.86347,994.31,1000,5.69,50.50,203,2.2727,0.2841,LOCK,2,misalignment
400,467374,4101,4114,0.11310,-0.12870,-0.84630,0.86347,994.32,1000,5.68,50.50,203,2.2674,0.2032,LOCK,2,misalignment
401,467382,4109,4122,0.22620,0.01170,-0.76440,0.79725,994.34,1000,5.66,50.50,203,2.2646,0.1611,LOCK,2,misalignment
402,467391,4118,4131,-0.25350,0.06240,-0.75270,0.79669,994.35,1000,5.65,50.50,203,2.2682,0.2154,LOCK,2,misalignment
403,467399,4126,4139,-0.02730,0.14430,-0.78390,0.79754,994.37,1000,5.63,50.50,203,2.2627,0.1321,LOCK,2,misalignment
404,467413,4140,4153,-0.28860,0.00780,-0.86970,0.91637,994.38,1000,5.62,50.50,203,2.2712,0.2603,LOCK,2,misalignment
405,467421,4148,4161,-0.07800,0.08970,-0.86970,0.87779,994.39,1000,5.61,50.50,203,2.2684,0.2188,LOCK,2,misalignment
406,467429,4156,4169,0.01170,0.26520,-0.91650,0.95417,994.40,1000,5.60,50.50,203,2.2207,-0.5041,LOCK,2,misalignment
407,467438,4165,4178,0.10530,-0.15990,-0.76830,0.79180,994.40,1000,5.60,50.50,203,2.2364,-0.2663,LOCK,2,misalignment
408,467446,4173,4186,0.10530,-0.15990,-0.76830,0.79180,994.42,1000,5.58,50.50,203,2.2451,-0.1350,LOCK,2,misalignment
409,467455,4182,4195,-0.14040,0.32370,-0.67470,0.76139,994.43,1000,5.57,50.50,203,2.2698,0.2392,LOCK,2,misalignment
410,467466,4193,4206,-0.26520,-0.01950,-0.84240,0.88337,994.44,1000,5.56,50.50,203,2.2726,0.2819,LOCK,2,misalignment
411,467475,4202,4215,-0.10530,0.24570,-0.74490,0.79141,994.45,1000,5.55,50.50,203,2.2676,0.2056,LOCK,2,misalignment
412,467483,4210,4223,0.03900,-0.05460,-0.92040,0.92284,994.46,1000,5.54,50.50,203,2.2540,-0.0001,LOCK,2,misalignment
413,467492,4219,4232,0.15210,0.27300,-0.89310,0.94620,994.47,1000,5.53,50.50,203,2.2535,-0.0071,LOCK,2,misalignment
414,467500,4227,4240,0.14820,-0.12870,-0.63960,0.66904,994.48,1000,5.52,50.50,203,2.2570,0.0451,LOCK,2,misalignment
415,467509,4236,4249,-0.14820,0.10920,-0.86970,0.88897,994.49,1000,5.51,50.50,203,2.2688,0.2249,LOCK,2,misalignment
416,467517,4244,4257,-0.14820,0.10920,-0.86970,0.88897,994.49,1000,5.51,50.50,203,2.2741,0.3042,LOCK,2,misalignment
417,467526,4253,4266,-0.18720,0.05460,-0.74490,0.77000,994.50,1000,5.50,50.50,203,2.2664,0.1879,LOCK,2,misalignment
418,467534,4261,4274,-0.15210,-0.12870,-0.95160,0.97223,994.51,1000,5.49,50.50,203,2.2537,-0.0044,LOCK,2,misalignment
419,467543,4270,4283,-0.08970,-0.10530,-0.74880,0.76147,994.51,1000,5.49,50.50,203,2.2434,-0.1610,LOCK,2,misalignment
420,467551,4278,4291,0.37440,0.23790,-0.79170,0.90750,994.52,1000,5.48,50.50,203,2.2563,0.0353,LOCK,2,misalignment
421,467560,4287,4300,0.37440,0.23790,-0.79170,0.90750,994.53,1000,5.47,50.50,203,2.2605,0.0988,LOCK,2,misalignment
422,467568,4295,4308,0.00000,0.04290,-0.71760,0.71888,994.54,1000,5.46,50.50,203,2.2721,0.2740,LOCK,2,misalignment
423,467577,4304,4317,0.08580,0.31590,-0.75660,0.82438,994.55,1000,5.45,50.50,203,2.2657,0.1778,LOCK,2,misalignment
424,467585,4312,4325,-0.25350,0.03510,-0.92820,0.96283,994.56,1000,5.44,50.50,203,2.2655,0.1742,LOCK,2,misalignment
425,467593,4320,4333,-0.39780,0.01170,-0.72540,0.82740,994.57,1000,5.43,50.50,203,2.2426,-0.1732,LOCK,2,misalignment
426,467602,4329,4342,-0.03120,-0.05070,-0.83850,0.84061,994.57,1000,5.43,50.50,203,2.2585,0.0686,LOCK,2,misalignment
427,467615,4342,4355,0.20280,0.32760,-0.73710,0.83172,994.58,1000,5.42,50.50,203,2.2583,0.0646,LOCK,2,misalignment
428,467624,4351,4364,0.03900,0.09750,-0.69810,0.70595,994.59,1000,5.41,50.50,203,2.2634,0.1424,LOCK,2,misalignment
429,467671,4398,4411,0.15990,0.16770,-0.81900,0.85115,994.59,1000,5.41,50.50,203,2.2703,0.2462,LOCK,2,misalignment
430,467679,4406,4419,0.31200,0.38220,-0.78780,0.92954,994.60,1000,5.40,50.50,203,2.2688,0.2246,LOCK,2,misalignment
431,467688,4415,4428,0.08970,-0.06630,-0.50700,0.51912,994.61,1000,5.39,50.50,203,2.2679,0.2111,LOCK,2,misalignment
432,467696,4423,4436,-0.10140,0.16770,-0.90480,0.92578,994.61,1000,5.39,50.50,203,2.2659,0.1797,LOCK,2,misalignment
433,467705,4432,4445,-0.43680,-0.08580,-0.78390,0.90147,994.62,1000,5.38,50.50,203,2.2697,0.2386,LOCK,2,misalignment
434,467713,4440,4453,-0.43680,-0.08580,-0.78390,0.90147,994.63,1000,5.37,50.50,203,2.2793,0.3827,LOCK,2,misalignment
435,467722,4449,4462,-0.14820,-0.07800,-0.79170,0.80922,994.63,1000,5.37,50.50,203,2.2562,0.0341,LOCK,2,misalignment
436,467730,4457,4470,0.00780,0.13650,-0.79170,0.80342,994.63,1000,5.37,50.50,203,2.2675,0.2038,LOCK,2,misalignment
437,467739,4466,4479,0.26910,0.12090,-0.66300,0.72567,994.64,1000,5.36,50.50,203,2.2491,-0.0749,LOCK,2,misalignment
438,467747,4474,4487,-0.18720,0.26520,-0.69420,0.76635,994.64,1000,5.36,50.50,203,2.2342,-0.3002,LOCK,2,misalignment
439,467756,4483,4496,-0.00780,0.16380,-0.86190,0.87736,994.65,1000,5.35,50.50,203,2.2718,0.2700,LOCK,2,misalignment
440,467764,4491,4504,-0.00780,0.16380,-0.86190,0.87736,994.65,1000,5.35,50.50,203,2.2638,0.1485,LOCK,2,misalignment
441,467773,4500,4513,-0.36270,0.02340,-0.76440,0.84641,994.65,1000,5.35,50.50,203,2.2665,0.1891,LOCK,2,misalignment
442,467782,4509,4522,-0.18330,0.06630,-0.83850,0.86086,994.66,1000,5.34,50.50,203,2.2696,0.2371,LOCK,2,misalignment
443,467790,4517,4530,0.13260,0.19890,-0.73320,0.77118,994.66,1000,5.34,50.50,203,2.2352,-0.2852,LOCK,2,misalignment
444,467798,4525,4538,0.05460,-0.02340,-0.77610,0.77837,994.66,1000,5.34,50.50,203,2.2373,-0.2535,LOCK,2,misalignment
445,467807,4534,4547,-0.20280,0.13650,-0.59280,0.64123,994.67,1000,5.33,50.50,203,2.2606,0.1000,LOCK,2,misalignment
446,467820,4547,4560,-0.15210,0.07020,-0.79170,0.80923,994.67,1000,5.33,50.50,203,2.2741,0.3042,LOCK,2,misalignment
447,467829,4556,4569,-0.10530,0.16380,-0.79950,0.82287,994.68,1000,5.32,50.50,203,2.2719,0.2716,LOCK,2,misalignment
448,467837,4564,4577,-0.00780,-0.07800,-0.90480,0.90819,994.68,1000,5.32,50.50,203,2.2475,-0.0984,LOCK,2,misalignment
449,467846,4573,4586,-0.00780,-0.07800,-0.90480,0.90819,994.68,1000,5.32,50.50,203,2.2418,-0.1845,LOCK,2,misalignment
450,467854,4581,4594,0.15600,0.01170,-0.81120,0.82615,994.69,1000,5.31,50.50,203,2.2458,-0.1250,LOCK,2,misalignment
451,467863,4590,4603,0.15990,0.01170,-0.78000,0.79631,994.69,1000,5.31,50.50,203,2.2589,0.0747,LOCK,2,misalignment
452,467877,4604,4617,-0.24570,0.22230,-0.74490,0.81527,994.69,1000,5.31,50.50,203,2.2371,-0.2556,LOCK,2,misalignment
453,467886,4613,4626,-0.08190,0.14430,-0.78390,0.80127,994.70,1000,5.30,50.50,203,2.2524,-0.0239,LOCK,2,misalignment
454,467894,4621,4634,-0.28860,0.03900,-0.82680,0.87659,994.70,1000,5.30,50.50,203,2.2519,-0.0312,LOCK,2,misalignment
455,467902,4629,4642,-0.17550,0.02730,-0.85020,0.86855,994.70,1000,5.30,50.50,203,2.2636,0.1458,LOCK,2,misalignment
456,467928,4655,4668,0.08190,-0.03120,-0.80340,0.80817,994.71,1000,5.29,50.50,203,2.2756,0.3271,LOCK,2,misalignment
457,467936,4663,4676,-0.15990,0.37440,-0.68640,0.79805,994.72,1000,5.28,50.50,203,2.2763,0.3375,LOCK,2,misalignment
458,467945,4672,4685,-0.27690,0.07020,-0.86970,0.91541,994.74,1000,5.26,50.50,203,2.2576,0.0539,LOCK,2,misalignment
459,467953,4680,4693,-0.28470,0.30420,-0.73710,0.84670,994.75,1000,5.25,50.50,203,2.2492,-0.0722,LOCK,2,misalignment
460,467962,4689,4702,0.00000,-0.01950,-0.88920,0.88941,994.75,1000,5.25,50.50,203,2.2568,0.0429,LOCK,2,misalignment
461,467971,4698,4711,0.09750,0.15210,-0.85020,0.86918,994.76,1000,5.24,50.50,203,2.2574,0.0521,LOCK,2,misalignment
462,467979,4706,4719,0.09750,0.15210,-0.85020,0.86918,994.77,1000,5.23,50.50,203,2.2736,0.2963,LOCK,2,misalignment
463,467988,4715,4728,0.12090,-0.17550,-0.69420,0.72618,994.76,1000,5.24,50.50,203,2.2708,0.2551,LOCK,2,misalignment
464,467996,4723,4736,-0.16770,0.20280,-0.70980,0.75701,994.75,1000,5.25,50.50,203,2.2704,0.2487,LOCK,2,misalignment
465,468005,4732,4745,-0.19500,0.15600,-0.74490,0.78564,994.75,1000,5.25,50.50,203,2.2642,0.1540,LOCK,2,misalignment
466,468013,4740,4753,-0.12480,0.17160,-0.92430,0.94834,994.74,1000,5.26,50.50,203,2.2745,0.3103,LOCK,2,misalignment
467,468027,4754,4767,-0.06630,-0.02730,-0.81510,0.81825,994.74,1000,5.26,50.50,203,2.2702,0.2459,LOCK,2,misalignment
468,468035,4762,4775,0.33540,0.37830,-0.93210,1.06038,994.73,1000,5.27,50.50,203,2.2702,0.2456,LOCK,2,misalignment
469,468044,4771,4784,0.12870,0.15210,-0.65130,0.68109,994.73,1000,5.27,50.50,203,2.2265,-0.4171,LOCK,2,misalignment
470,468052,4779,4792,0.12870,0.15210,-0.65130,0.68109,994.72,1000,5.28,50.50,203,2.2597,0.0863,LOCK,2,misalignment
471,468061,4788,4801,0.05460,0.27300,-0.77610,0.82452,994.72,1000,5.28,50.50,203,2.2664,0.1876,LOCK,2,misalignment
472,468069,4796,4809,-0.28860,0.07800,-0.85410,0.90491,994.72,1000,5.28,50.50,203,2.2593,0.0796,LOCK,2,misalignment
473,468081,4808,4821,-0.38220,0.01170,-0.73320,0.82692,994.71,1000,5.29,50.50,203,2.2634,0.1421,LOCK,2,misalignment
474,468090,4817,4830,-0.06630,-0.08190,-0.87360,0.87993,994.71,1000,5.29,50.50,203,2.2748,0.3146,LOCK,2,misalignment
475,468098,4825,4838,0.22620,0.29640,-0.75660,0.84348,994.71,1000,5.29,50.50,203,2.2576,0.0542,LOCK,2,misalignment
476,468107,4834,4847,0.05850,0.07020,-0.72930,0.73500,994.71,1000,5.29,50.50,203,2.2419,-0.1839,LOCK,2,misalignment
477,468115,4842,4855,-0.11700,0.19110,-0.78000,0.81155,994.71,1000,5.29,50.50,203,2.2477,-0.0957,LOCK,2,misalignment
478,468124,4851,4864,-0.20280,0.08190,-0.73320,0.76513,994.70,1000,5.30,50.50,203,2.2669,0.1962,LOCK,2,misalignment
479,468133,4860,4873,-0.20280,0.08190,-0.73320,0.76513,994.70,1000,5.30,50.50,203,2.2630,0.1363,LOCK,2,misalignment
480,468141,4868,4881,-0.23400,0.20670,-0.83070,0.88744,994.70,1000,5.30,50.50,203,2.2738,0.2996,LOCK,2,misalignment
481,468150,4877,4890,0.08970,0.25740,-0.79950,0.84469,994.70,1000,5.30,50.50,203,2.2470,-0.1066,LOCK,2,misalignment
482,468158,4885,4898,0.29250,0.40950,-0.81900,0.96125,994.70,1000,5.30,50.50,203,2.2700,0.2423,LOCK,2,misalignment
483,468167,4894,4907,0.24960,0.05070,-0.57720,0.63090,994.70,1000,5.30,50.50,203,2.2496,-0.0667,LOCK,2,misalignment
484,468176,4903,4916,-0.10140,0.21060,-0.89310,0.92318,994.69,1000,5.31,50.50,203,2.2555,0.0228,LOCK,2,misalignment
485,468184,4911,4924,-0.10140,0.21060,-0.89310,0.92318,994.69,1000,5.31,50.50,203,2.2700,0.2420,LOCK,2,misalignment
486,468193,4920,4933,-0.40170,-0.03120,-0.76440,0.86409,994.69,1000,5.31,50.50,203,2.2659,0.1803,LOCK,2,misalignment
487,468201,4928,4941,-0.17160,-0.09750,-0.80340,0.82729,994.68,1000,5.32,50.50,203,2.2663,0.1858,LOCK,2,misalignment
488,468210,4937,4950,0.08580,0.41340,-0.84630,0.94577,994.68,1000,5.32,50.50,203,2.2452,-0.1332,LOCK,2,misalignment
489,468218,4945,4958,0.31590,0.13260,-0.62010,0.70845,994.68,1000,5.32,50.50,203,2.2487,-0.0798,LOCK,2,misalignment
490,468232,4959,4972,-0.16770,0.08190,-0.69420,0.71885,994.68,1000,5.32,50.50,203,2.2496,-0.0673,LOCK,2,misalignment
491,468240,4967,4980,0.04290,0.23010,-0.89700,0.92704,994.67,1000,5.33,50.50,203,2.2544,0.0063,LOCK,2,misalignment
492,468285,5012,5025,0.05070,-0.02340,-0.69030,0.69255,994.67,1000,5.33,50.50,203,2.2722,0.2755,LOCK,2,misalignment
493,468293,5020,5033,-0.25740,0.23010,-0.57330,0.66923,994.66,1000,5.34,50.50,203,2.2654,0.1721,LOCK,2,misalignment
494,468302,5029,5042,-0.31590,0.12090,-0.85410,0.91864,994.66,1000,5.34,50.50,203,2.2663,0.1861,LOCK,2,misalignment
495,468310,5037,5050,-0.23400,0.24570,-0.80730,0.87570,994.65,1000,5.35,50.50,203,2.2641,0.1525,LOCK,2,misalignment
496,468318,5045,5058,-0.23400,0.24570,-0.80730,0.87570,994.65,1000,5.35,50.50,203,2.2641,0.1534,LOCK,2,misalignment
497,468327,5054,5067,-0.00390,0.01560,-0.88140,0.88155,994.64,1000,5.36,50.50,203,2.2639,0.1504,LOCK,2,misalignment
498,468335,5062,5075,0.34320,0.05070,-0.74100,0.81819,994.64,1000,5.36,50.50,203,2.2602,0.0936,LOCK,2,misalignment
499,468344,5071,5084,0.07020,0.01560,-0.71370,0.71731,994.63,1000,5.37,50.50,203,2.2657,0.1772,LOCK,2,misalignment
500,468352,5079,5092,-0.17160,0.24180,-0.70200,0.76205,994.63,1000,5.37,50.50,203,2.2484,-0.0850,LOCK,2,misalignment
501,468361,5088,5101,-0.21060,0.00390,-0.76830,0.79665,994.62,1000,5.38,50.50,203,2.2414,-0.1906,LOCK,2,misalignment
502,468369,5096,5109,-0.21060,0.00390,-0.76830,0.79665,994.62,1000,5.38,50.50,203,2.2473,-0.1015,LOCK,2,misalignment
503,468378,5105,5118,-0.26910,-0.05070,-0.88920,0.93041,994.62,1000,5.38,50.50,203,2.2602,0.0942,LOCK,2,misalignment
504,468399,5126,5139,0.04680,-0.10920,-0.84630,0.85460,994.61,1000,5.39,50.50,203,2.2523,-0.0264,LOCK,2,misalignment
505,468407,5134,5147,0.11700,0.03900,-0.82290,0.83209,994.61,1000,5.39,50.50,203,2.2546,0.0087,LOCK,2,misalignment
506,468416,5143,5156,-0.18330,0.35100,-0.62400,0.73904,994.61,1000,5.39,50.50,203,2.2456,-0.1271,LOCK,2,misalignment
507,468424,5151,5164,-0.12090,0.05460,-0.82290,0.83352,994.60,1000,5.40,50.50,203,2.2546,0.0094,LOCK,2,misalignment
508,468441,5168,5181,-0.23010,0.29640,-0.74490,0.83407,994.60,1000,5.40,50.50,203,2.2703,0.2471,LOCK,2,misalignment
509,468449,5176,5189,-0.05460,-0.00390,-0.91260,0.91424,994.60,1000,5.40,50.50,203,2.2566,0.0399,LOCK,2,misalignment
510,468458,5185,5198,0.11310,0.07800,-0.87360,0.88434,994.60,1000,5.40,50.50,203,2.2622,0.1244,LOCK,2,misalignment
511,468466,5193,5206,0.13650,-0.08970,-0.75660,0.77403,994.60,1000,5.40,50.50,203,2.2466,-0.1121,LOCK,2,misalignment
512,468475,5202,5215,-0.24180,0.31200,-0.65910,0.76826,994.60,1000,5.40,50.50,203,2.2548,0.0127,LOCK,2,misalignment
513,468539,5266,5279,0.05850,0.17160,-0.75660,0.77802,994.59,1000,5.41,50.50,203,2.2660,0.1824,LOCK,2,misalignment
514,468547,5274,5287,-0.24570,0.08190,-0.85410,0.89250,994.59,1000,5.41,50.50,203,2.2729,0.2868,LOCK,2,misalignment
515,468556,5283,5296,-0.16770,-0.00390,-0.78390,0.80165,994.58,1000,5.42,50.50,203,2.2273,-0.4040,LOCK,2,misalignment
516,468564,5291,5304,-0.16770,-0.00390,-0.78390,0.80165,994.57,1000,5.43,50.50,203,2.2342,-0.2996,LOCK,2,misalignment
517,468572,5299,5312,0.01950,-0.16380,-0.90480,0.91971,994.57,1000,5.43,50.50,203,2.2574,0.0509,LOCK,2,misalignment
518,468581,5308,5321,0.29640,0.36270,-0.82680,0.95026,994.57,1000,5.43,50.50,203,2.2663,0.1861,LOCK,2,misalignment
519,468591,5318,5331,0.08580,0.03510,-0.72540,0.73130,994.57,1000,5.43,50.50,203,2.2728,0.2847,LOCK,2,misalignment
520,468599,5326,5339,0.00000,0.37050,-0.72150,0.81107,994.57,1000,5.43,50.50,203,2.2720,0.2722,LOCK,2,misalignment
521,468608,5335,5348,-0.19110,0.16770,-0.78390,0.82410,994.56,1000,5.44,50.50,203,2.2508,-0.0477,LOCK,2,misalignment
522,468616,5343,5356,-0.19110,0.16770,-0.78390,0.82410,994.56,1000,5.44,50.50,203,2.2544,0.0066,LOCK,2,misalignment
523,468625,5352,5365,-0.33150,0.13650,-0.74490,0.82668,994.56,1000,5.44,50.50,203,2.2551,0.0161,LOCK,2,misalignment
524,468633,5360,5373,0.01950,0.03900,-0.78390,0.78511,994.56,1000,5.44,50.50,203,2.2515,-0.0377,LOCK,2,misalignment
525,468646,5373,5386,0.26520,0.44460,-0.86190,1.00542,994.56,1000,5.44,50.50,203,2.2693,0.2322,LOCK,2,misalignment
526,468655,5382,5395,0.22620,0.07800,-0.59280,0.63927,994.55,1000,5.45,50.50,203,2.2519,-0.0316,LOCK,2,misalignment
527,468663,5390,5403,-0.16380,0.10920,-0.86580,0.88790,994.54,1000,5.46,50.50,203,2.2572,0.0478,LOCK,2,misalignment
528,468672,5399,5412,-0.34320,0.03120,-0.74880,0.82429,994.53,1000,5.47,50.50,203,2.2597,0.0857,LOCK,2,misalignment
529,468680,5407,5420,-0.00780,-0.05850,-0.88920,0.89116,994.52,1000,5.48,50.50,203,2.2416,-0.1875,LOCK,2,misalignment
530,468694,5421,5434,0.12090,0.38220,-0.86970,0.95764,994.51,1000,5.49,50.50,203,2.2700,0.2429,LOCK,2,misalignment
531,468703,5430,5443,0.31980,0.25350,-0.65130,0.76859,994.50,1000,5.50,50.50,203,2.2750,0.3183,LOCK,2,misalignment
532,468711,5438,5451,0.00000,0.00000,-0.71370,0.71370,994.49,1000,5.51,50.50,203,2.2374,-0.2510,LOCK,2,misalignment
533,468719,5446,5459,-0.04680,0.07410,-0.83460,0.83919,994.49,1000,5.51,50.50,203,2.2671,0.1992,LOCK,2,misalignment
534,468728,5455,5468,-0.04680,0.07410,-0.83460,0.83919,994.48,1000,5.52,50.50,203,2.2576,0.0548,LOCK,2,misalignment
535,468736,5463,5476,-0.39390,-0.10530,-0.79170,0.89052,994.47,1000,5.53,50.50,203,2.2608,0.1031,LOCK,2,misalignment
536,468745,5472,5485,-0.24960,-0.06630,-0.79560,0.83647,994.47,1000,5.53,50.50,203,2.2857,0.4804,LOCK,2,misalignment
537,468753,5480,5493,0.07410,0.08970,-0.81900,0.82722,994.46,1000,5.54,50.50,203,2.2712,0.2606,LOCK,2,misalignment
538,468762,5489,5502,0.09360,0.00390,-0.65910,0.66572,994.46,1000,5.54,50.50,203,2.2484,-0.0856,LOCK,2,misalignment
539,468770,5497,5510,0.09360,0.00390,-0.65910,0.66572,994.44,1000,5.56,50.50,203,2.2430,-0.1662,LOCK,2,misalignment
540,468779,5506,5519,-0.28860,0.31200,-0.62790,0.75822,994.43,1000,5.57,50.50,203,2.2598,0.0878,LOCK,2,misalignment
541,468797,5524,5537,-0.29250,0.14040,-0.70590,0.77689,994.41,1000,5.59,50.50,203,2.2722,0.2755,LOCK,2,misalignment
542,468806,5533,5546,-0.08970,-0.06240,-0.90870,0.91525,994.40,1000,5.60,50.50,203,2.2780,0.3644,LOCK,2,misalignment
543,468814,5541,5554,0.21450,0.09360,-0.76440,0.79942,994.39,1000,5.61,50.50,203,2.2526,-0.0218,LOCK,2,misalignment
544,468823,5550,5563,0.01950,-0.00390,-0.74100,0.74127,994.38,1000,5.62,50.50,203,2.2476,-0.0972,LOCK,2,misalignment
545,468831,5558,5571,0.01950,-0.00390,-0.74100,0.74127,994.37,1000,5.63,50.50,203,2.2665,0.1898,LOCK,2,misalignment
546,468840,5567,5580,-0.28860,0.20670,-0.56160,0.66439,994.37,1000,5.63,50.50,203,2.2516,-0.0370,LOCK,2,misalignment
547,468904,5631,5644,-0.16380,0.05850,-0.86970,0.88692,994.35,1000,5.65,50.50,203,2.2710,0.2569,LOCK,2,misalignment
548,468913,5640,5653,-0.16380,0.05850,-0.86970,0.88692,994.35,1000,5.65,50.50,203,2.2530,-0.0157,LOCK,2,misalignment
549,468921,5648,5661,-0.26130,0.18330,-0.76050,0.82476,994.34,1000,5.66,50.50,203,2.2561,0.0313,LOCK,2,misalignment
550,468930,5657,5670,-0.04680,-0.14820,-0.94380,0.95651,994.33,1000,5.67,50.50,203,2.2429,-0.1689,LOCK,2,misalignment
551,468938,5665,5678,0.13260,-0.00390,-0.85020,0.86049,994.32,1000,5.68,50.50,203,2.2460,-0.1213,LOCK,2,misalignment
552,468948,5675,5688,0.25350,-0.02340,-0.83070,0.86883,994.32,1000,5.68,50.50,203,2.2678,0.2096,LOCK,2,misalignment
553,468957,5684,5697,-0.18720,0.30810,-0.67080,0.76154,994.32,1000,5.68,50.50,203,2.2749,0.3170,LOCK,2,misalignment
554,468965,5692,5705,-0.16770,0.15210,-0.73320,0.76736,994.32,1000,5.68,50.50,203,2.2446,-0.1417,LOCK,2,misalignment
555,468974,5701,5714,-0.16770,0.15210,-0.73320,0.76736,994.32,1000,5.68,50.50,203,2.2541,0.0020,LOCK,2,misalignment
556,468982,5709,5722,-0.14040,0.23010,-0.80340,0.84741,994.32,1000,5.68,50.50,203,2.2419,-0.1836,LOCK,2,misalignment
557,468991,5718,5731,0.02340,0.09360,-0.86580,0.87116,994.32,1000,5.68,50.50,203,2.2655,0.1739,LOCK,2,misalignment
558,469001,5728,5741,0.08970,0.27300,-1.05300,1.09151,994.31,1000,5.69,50.50,203,2.2694,0.2331,LOCK,2,misalignment
559,469010,5737,5750,0.23400,0.10920,-0.76050,0.80314,994.31,1000,5.69,50.50,203,2.2731,0.2896,LOCK,2,misalignment
560,469018,5745,5758,-0.05070,0.19500,-0.71760,0.74535,994.31,1000,5.69,50.50,203,2.2533,-0.0102,LOCK,2,misalignment
561,469027,5754,5767,-0.05070,0.19500,-0.71760,0.74535,994.31,1000,5.69,50.50,203,2.2391,-0.2263,LOCK,2,misalignment
562,469035,5762,5775,-0.26130,0.14820,-0.79560,0.85042,994.31,1000,5.69,50.50,203,2.2602,0.0942,LOCK,2,misalignment
563,469046,5773,5786,-0.09750,0.10140,-0.79170,0.80410,994.31,1000,5.69,50.50,203,2.2680,0.2117,LOCK,2,misalignment
564,469054,5781,5794,-0.10920,0.03900,-0.88140,0.88899,994.31,1000,5.69,50.50,203,2.2703,0.2474,LOCK,2,misalignment
565,469063,5790,5803,0.36270,0.19110,-0.83460,0.92985,994.31,1000,5.69,50.50,203,2.2722,0.2764,LOCK,2,misalignment
566,469071,5798,5811,0.10920,0.02730,-0.74490,0.75336,994.31,1000,5.69,50.50,203,2.2583,0.0655,LOCK,2,misalignment
567,469080,5807,5820,-0.07410,0.14430,-0.76440,0.78142,994.32,1000,5.68,50.50,203,2.2466,-0.1124,LOCK,2,misalignment
568,469088,5815,5828,-0.07410,0.14430,-0.76440,0.78142,994.32,1000,5.68,50.50,203,2.2606,0.0994,LOCK,2,misalignment
569,469098,5825,5838,-0.12480,0.01170,-0.83070,0.84010,994.32,1000,5.68,50.50,203,2.2611,0.1073,LOCK,2,misalignment
570,469111,5838,5851,-0.02340,-0.15210,-0.81900,0.83333,994.32,1000,5.68,50.50,203,2.2424,-0.1750,LOCK,2,misalignment
571,469119,5846,5859,0.17160,0.48360,-0.83850,0.98306,994.32,1000,5.68,50.50,203,2.2497,-0.0645,LOCK,2,misalignment
572,469128,5855,5868,0.17160,0.48360,-0.83850,0.98306,994.31,1000,5.69,50.50,203,2.2477,-0.0947,LOCK,2,misalignment
573,469136,5863,5876,0.12480,-0.09360,-0.61620,0.63564,994.30,1000,5.70,50.50,203,2.2561,0.0319,LOCK,2,misalignment
574,469157,5884,5897,-0.22620,0.04290,-0.75660,0.79085,994.29,1000,5.71,50.50,203,2.2711,0.2587,LOCK,2,misalignment
575,469165,5892,5905,-0.24960,0.01560,-0.90090,0.93497,994.28,1000,5.72,50.50,203,2.2717,0.2676,LOCK,2,misalignment
576,469174,5901,5914,0.03120,0.12870,-0.81510,0.82579,994.28,1000,5.72,50.50,203,2.2429,-0.1677,LOCK,2,misalignment
577,469182,5909,5922,0.19500,0.23010,-0.72930,0.78921,994.27,1000,5.73,50.50,203,2.2560,0.0310,LOCK,2,misalignment
578,469191,5918,5931,0.19500,0.23010,-0.72930,0.78921,994.28,1000,5.72,50.50,203,2.2567,0.0411,LOCK,2,misalignment
579,469206,5933,5946,-0.11700,0.25740,-0.86580,0.91080,994.28,1000,5.72,50.50,203,2.2643,0.1556,LOCK,2,misalignment
580,469214,5941,5954,-0.27300,-0.07800,-0.84240,0.88896,994.29,1000,5.71,50.50,203,2.2641,0.1537,LOCK,2,misalignment
581,469223,5950,5963,-0.01560,-0.07800,-0.85020,0.85391,994.29,1000,5.71,50.50,203,2.2416,-0.1872,LOCK,2,misalignment
582,469231,5958,5971,-0.01560,-0.07800,-0.85020,0.85391,994.29,1000,5.71,50.50,203,2.2460,-0.1216,LOCK,2,misalignment
583,469240,5967,5980,0.05460,0.26910,-0.88140,0.92318,994.30,1000,5.70,50.50,203,2.2648,0.1641,LOCK,2,misalignment
584,469251,5978,5991,0.21840,0.15600,-0.59670,0.65428,994.31,1000,5.69,50.50,203,2.2675,0.2050,LOCK,2,misalignment
585,469259,5986,5999,-0.31590,0.15210,-0.62790,0.71916,994.31,1000,5.69,50.50,203,2.2714,0.2642,LOCK,2,misalignment
586,469268,5995,6008,-0.10140,0.12480,-0.88140,0.89595,994.32,1000,5.68,50.50,203,2.2766,0.3430,LOCK,2,misalignment
587,469276,6003,6016,-0.32760,0.02730,-0.77610,0.84285,994.33,1000,5.67,50.50,203,2.2470,-0.1057,LOCK,2,misalignment
588,469285,6012,6025,-0.14040,-0.08970,-0.92040,0.93536,994.33,1000,5.67,50.50,203,2.2511,-0.0438,LOCK,2,misalignment
589,469293,6020,6033,-0.14040,-0.08970,-0.92040,0.93536,994.34,1000,5.66,50.50,203,2.2511,-0.0438,LOCK,2,misalignment
590,469303,6030,6043,0.13260,0.00390,-0.68250,0.69527,994.35,1000,5.65,50.50,203,2.2623,0.1257,LOCK,2,misalignment
591,469316,6043,6056,-0.16380,0.30420,-0.51870,0.62323,994.35,1000,5.65,50.50,203,2.2685,0.2200,LOCK,2,misalignment
592,469325,6052,6065,-0.24570,0.21840,-0.86190,0.92246,994.36,1000,5.64,50.50,203,2.2497,-0.0645,LOCK,2,misalignment
593,469333,6060,6073,-0.24570,0.21840,-0.86190,0.92246,994.37,1000,5.63,50.50,203,2.2513,-0.0416,LOCK,2,misalignment
594,469341,6068,6081,-0.23790,0.19110,-0.82680,0.88131,994.37,1000,5.63,50.50,203,2.2602,0.0936,LOCK,2,misalignment
595,469350,6077,6090,0.00000,0.05070,-0.86190,0.86339,994.38,1000,5.62,50.50,203,2.2512,-0.0422,LOCK,2,misalignment
596,469358,6085,6098,0.21450,-0.01560,-0.81120,0.83923,994.38,1000,5.62,50.50,203,2.2675,0.2044,LOCK,2,misalignment
597,469367,6094,6107,0.16380,0.02730,-0.77220,0.78985,994.39,1000,5.61,50.50,203,2.2676,0.2056,LOCK,2,misalignment
598,469375,6102,6115,0.16380,0.02730,-0.77220,0.78985,994.39,1000,5.61,50.50,203,2.2376,-0.2480,LOCK,2,misalignment
599,469384,6111,6124,-0.28470,0.28080,-0.63960,0.75431,994.40,1000,5.60,50.50,203,2.2343,-0.2990,LOCK,2,misalignment
600,469392,6119,6132,-0.11700,0.22230,-0.86970,0.90525,994.41,1000,5.59,50.50,203,2.2547,0.0109,LOCK,2,misalignment
601,469401,6128,6141,-0.11310,0.05460,-0.81900,0.82857,994.41,1000,5.59,50.50,203,2.2536,-0.0065,LOCK,2,misalignment
602,469412,6139,6152,-0.08580,0.07020,-0.89310,0.89995,994.42,1000,5.58,50.50,203,2.2720,0.2722,LOCK,2,misalignment
603,469421,6148,6161,0.12480,-0.16380,-0.74880,0.77660,994.42,1000,5.58,50.50,203,2.2629,0.1342,LOCK,2,misalignment
604,469429,6156,6169,0.19110,-0.04290,-0.88920,0.91051,994.43,1000,5.57,50.50,203,2.2663,0.1864,LOCK,2,misalignment
605,469438,6165,6178,-0.19500,0.30420,-0.64350,0.73801,994.45,1000,5.55,50.50,203,2.2480,-0.0911,LOCK,2,misalignment
606,469446,6173,6186,-0.19500,0.30420,-0.64350,0.73801,994.46,1000,5.54,50.50,203,2.2552,0.0185,LOCK,2,misalignment
607,469455,6182,6195,-0.14820,0.05070,-0.82680,0.84151,994.46,1000,5.54,50.50,203,2.2551,0.0161,LOCK,2,misalignment
608,469463,6190,6203,-0.24960,0.25740,-0.77220,0.85138,994.47,1000,5.53,50.50,203,2.2667,0.1928,LOCK,2,misalignment
609,469519,6246,6259,-0.26520,0.11310,-0.74490,0.79875,994.49,1000,5.51,50.50,203,2.2777,0.3586,LOCK,2,misalignment
610,469527,6254,6267,-0.23400,0.00000,-0.86580,0.89686,994.51,1000,5.49,50.50,203,2.2623,0.1260,LOCK,2,misalignment
611,469536,6263,6276,-0.09750,0.07800,-0.82680,0.83617,994.53,1000,5.47,50.50,203,2.2699,0.2410,LOCK,2,misalignment
612,469544,6271,6284,0.39000,0.10920,-0.86580,0.95584,994.54,1000,5.46,50.50,203,2.2700,0.2432,LOCK,2,misalignment
613,469553,6280,6293,0.00000,-0.19500,-0.72930,0.75492,994.56,1000,5.44,50.50,203,2.2658,0.1791,LOCK,2,misalignment
614,469561,6288,6301,0.04290,0.35880,-0.81900,0.89518,994.58,1000,5.42,50.50,203,2.2746,0.3122,LOCK,2,misalignment
615,469570,6297,6310,0.04290,0.35880,-0.81900,0.89518,994.59,1000,5.41,50.50,203,2.2595,0.0829,LOCK,2,misalignment
616,469578,6305,6318,-0.24570,-0.06630,-0.86970,0.90617,994.60,1000,5.40,50.50,203,2.2405,-0.2049,LOCK,2,misalignment
617,469586,6313,6326,-0.18330,0.10530,-0.71370,0.74435,994.62,1000,5.38,50.50,203,2.2445,-0.1436,LOCK,2,misalignment
618,469595,6322,6335,-0.06630,-0.03120,-0.84240,0.84558,994.63,1000,5.37,50.50,203,2.2647,0.1620,LOCK,2,misalignment
619,469603,6330,6343,0.22230,0.36660,-0.83460,0.93828,994.64,1000,5.36,50.50,203,2.2540,0.0002,LOCK,2,misalignment
620,469615,6342,6355,0.07410,-0.05460,-0.64350,0.65005,994.65,1000,5.35,50.50,203,2.2671,0.1980,LOCK,2,misalignment
621,469624,6351,6364,-0.08970,0.22230,-0.96330,0.99268,994.67,1000,5.33,50.50,203,2.2611,0.1076,LOCK,2,misalignment
622,469632,6359,6372,-0.23400,0.01170,-0.69030,0.72898,994.68,1000,5.32,50.50,203,2.2407,-0.2013,LOCK,2,misalignment
623,469641,6368,6381,-0.23400,0.01170,-0.69030,0.72898,994.69,1000,5.31,50.50,203,2.2507,-0.0505,LOCK,2,misalignment
624,469649,6376,6389,-0.28080,-0.26130,-0.92820,1.00433,994.70,1000,5.30,50.50,203,2.2492,-0.0734,LOCK,2,misalignment
625,469658,6385,6398,0.15210,-0.19890,-0.81900,0.85642,994.71,1000,5.29,50.50,203,2.2500,-0.0599,LOCK,2,misalignment
626,469666,6393,6406,0.20670,0.30810,-0.83460,0.91335,994.72,1000,5.28,50.50,203,2.2721,0.2737,LOCK,2,misalignment
627,469675,6402,6415,0.17550,0.09750,-0.65520,0.68527,994.73,1000,5.27,50.50,203,2.2688,0.2239,LOCK,2,misalignment
628,469683,6410,6423,0.17550,0.09750,-0.65520,0.68527,994.74,1000,5.26,50.50,203,2.2451,-0.1341,LOCK,2,misalignment
629,469691,6418,6431,-0.10530,0.21060,-0.83460,0.86718,994.74,1000,5.26,50.50,203,2.2502,-0.0581,LOCK,2,misalignment
630,469700,6427,6440,-0.37440,-0.01950,-0.84630,0.92562,994.75,1000,5.25,50.50,203,2.2473,-0.1011,LOCK,2,misalignment
631,469708,6435,6448,-0.04290,0.00000,-0.80730,0.80844,994.75,1000,5.25,50.50,203,2.2611,0.1079,LOCK,2,misalignment
632,469724,6451,6464,0.04290,0.48360,-0.85020,0.97906,994.75,1000,5.25,50.50,203,2.2540,0.0002,LOCK,2,misalignment
633,469732,6459,6472,0.31980,0.18330,-0.59670,0.70137,994.76,1000,5.24,50.50,203,2.2680,0.2114,LOCK,2,misalignment
634,469740,6467,6480,-0.23790,0.17160,-0.63570,0.70011,994.77,1000,5.23,50.50,203,2.2492,-0.0728,LOCK,2,misalignment
635,469749,6476,6489,-0.06240,0.18720,-0.93210,0.95276,994.78,1000,5.22,50.50,203,2.2528,-0.0187,LOCK,2,misalignment
636,469770,6497,6510,-0.28860,-0.06630,-0.90870,0.95573,994.78,1000,5.22,50.50,203,2.2748,0.3152,LOCK,2,misalignment
637,469778,6505,6518,-0.00780,0.47970,-0.76830,0.90579,994.79,1000,5.21,50.50,203,2.2720,0.2725,LOCK,2,misalignment
638,469787,6514,6527,0.10140,0.04290,-0.63570,0.64516,994.79,1000,5.21,50.50,203,2.2362,-0.2696,LOCK,2,misalignment
639,469795,6522,6535,0.10140,0.04290,-0.63570,0.64516,994.80,1000,5.20,50.50,203,2.2525,-0.0233,LOCK,2,misalignment
640,469803,6530,6543,-0.22230,0.24960,-0.53040,0.62693,994.81,1000,5.19,50.50,203,2.2504,-0.0548,LOCK,2,misalignment
641,469812,6539,6552,-0.18720,0.21450,-0.83460,0.88182,994.82,1000,5.18,50.50,203,2.2715,0.2645,LOCK,2,misalignment
642,469822,6549,6562,-0.29250,0.14040,-0.83070,0.89181,994.82,1000,5.18,50.50,203,2.2607,0.1015,LOCK,2,misalignment
643,469831,6558,6571,-0.05070,-0.00390,-0.86580,0.86729,994.83,1000,5.17,50.50,203,2.2742,0.3058,LOCK,2,misalignment
644,469839,6566,6579,0.20280,0.02730,-0.81510,0.84039,994.83,1000,5.17,50.50,203,2.2672,0.2004,LOCK,2,misalignment
645,469848,6575,6588,0.05460,0.07800,-0.76050,0.76644,994.84,1000,5.16,50.50,203,2.2707,0.2532,LOCK,2,misalignment
646,469856,6583,6596,0.05460,0.07800,-0.76050,0.76644,994.86,1000,5.14,50.50,203,2.2738,0.2996,LOCK,2,misalignment
647,469865,6592,6605,-0.24570,0.28860,-0.60840,0.71680,994.88,1000,5.12,50.50,203,2.2650,0.1659,LOCK,2,misalignment
648,469873,6600,6613,-0.14430,0.17160,-0.76050,0.79286,994.89,1000,5.11,50.50,203,2.2693,0.2313,LOCK,2,misalignment
649,469882,6609,6622,-0.23400,0.16770,-0.76050,0.81317,994.91,1000,5.09,50.50,203,2.2701,0.2441,LOCK,2,misalignment
650,469890,6617,6630,-0.11310,0.18330,-0.84630,0.87328,994.92,1000,5.08,50.50,203,2.2398,-0.2147,LOCK,2,misalignment
651,469899,6626,6639,-0.11310,0.18330,-0.84630,0.87328,994.94,1000,5.06,50.50,203,2.2636,0.1449,LOCK,2,misalignment
652,469907,6634,6647,0.26520,-0.08580,-0.74100,0.79169,994.95,1000,5.05,50.50,203,2.2408,-0.1997,LOCK,2,misalignment
653,469916,6643,6656,0.08970,-0.09750,-0.84630,0.85661,994.96,1000,5.04,50.50,203,2.2582,0.0643,LOCK,2,misalignment
654,469930,6657,6670,-0.29640,-0.04680,-0.81120,0.86492,994.97,1000,5.03,50.50,203,2.2677,0.2075,LOCK,2,misalignment
655,469938,6665,6678,-0.29640,-0.04680,-0.81120,0.86492,994.98,1000,5.02,50.50,203,2.2434,-0.1604,LOCK,2,misalignment
656,469947,6674,6687,-0.26910,0.27690,-0.71370,0.81145,994.99,1000,5.01,50.50,203,2.2563,0.0344,LOCK,2,misalignment
657,469955,6682,6695,0.01170,-0.03510,-0.92040,0.92114,994.99,1000,5.01,50.50,203,2.2593,0.0796,LOCK,2,misalignment
658,469964,6691,6704,0.10140,0.27690,-0.97500,1.01862,995.00,1000,5.00,50.50,203,2.2437,-0.1561,LOCK,2,misalignment
659,469972,6699,6712,0.22230,-0.01560,-0.70590,0.74024,995.00,1000,5.00,50.50,203,2.2710,0.2581,LOCK,2,misalignment
660,469981,6708,6721,0.22230,-0.01560,-0.70590,0.74024,995.01,1000,4.99,50.50,203,2.2679,0.2102,LOCK,2,misalignment
661,469989,6716,6729,-0.13650,0.21450,-0.80730,0.84639,995.01,1000,4.99,50.50,203,2.2535,-0.0071,LOCK,2,misalignment
662,469998,6725,6738,-0.22620,0.14430,-0.74490,0.79175,995.01,1000,4.99,50.50,203,2.2520,-0.0297,LOCK,2,misalignment
663,470006,6733,6746,-0.17940,0.02730,-0.86190,0.88080,995.01,1000,4.99,50.50,203,2.2594,0.0820,LOCK,2,misalignment
664,470014,6741,6754,-0.01170,-0.04680,-0.78390,0.78538,995.01,1000,4.99,50.50,203,2.2632,0.1391,LOCK,2,misalignment
665,470026,6753,6766,0.33930,0.30420,-0.91650,1.02354,995.02,1000,4.98,50.50,203,2.2648,0.1629,LOCK,2,misalignment
666,470035,6762,6775,0.07020,0.00000,-0.72930,0.73267,995.02,1000,4.98,50.50,203,2.2649,0.1656,LOCK,2,misalignment
667,470043,6770,6783,0.05850,0.37050,-0.81510,0.89726,995.03,1000,4.97,50.50,203,2.2719,0.2719,LOCK,2,misalignment
668,470052,6779,6792,0.05850,0.37050,-0.81510,0.89726,995.04,1000,4.96,50.50,203,2.2541,0.0008,LOCK,2,misalignment
669,470060,6787,6800,-0.25350,0.05460,-0.89700,0.93373,995.04,1000,4.96,50.50,203,2.2488,-0.0792,LOCK,2,misalignment
670,470068,6795,6808,-0.18720,0.04680,-0.74100,0.76571,995.05,1000,4.95,50.50,203,2.2697,0.2374,LOCK,2,misalignment
671,470077,6804,6817,-0.11310,-0.09750,-0.86580,0.87858,995.05,1000,4.95,50.50,203,2.2643,0.1565,LOCK,2,misalignment
672,470132,6859,6872,-0.36660,0.07020,-0.91260,0.98598,995.06,1000,4.94,50.50,203,2.2689,0.2261,LOCK,2,misalignment
673,470140,6867,6880,0.05070,-0.02340,-0.79170,0.79367,995.08,1000,4.92,50.50,203,2.2739,0.3021,LOCK,2,misalignment
674,470149,6876,6889,0.22230,0.50310,-0.85800,1.01916,995.09,1000,4.91,50.50,203,2.2696,0.2358,LOCK,2,misalignment
675,470157,6884,6897,0.22620,0.12090,-0.58110,0.63519,995.10,1000,4.90,50.50,203,2.2653,0.1705,LOCK,2,misalignment
676,470166,6893,6906,-0.04290,0.33930,-0.86190,0.92727,995.11,1000,4.89,50.50,203,2.2652,0.1702,LOCK,2,misalignment
677,470174,6901,6914,-0.04290,0.33930,-0.86190,0.92727,995.12,1000,4.88,50.50,203,2.2684,0.2188,LOCK,2,misalignment
678,470183,6910,6923,-0.30420,-0.00390,-0.83070,0.88466,995.13,1000,4.87,50.50,203,2.2630,0.1363,LOCK,2,misalignment
679,470191,6918,6931,-0.12480,0.00780,-0.81120,0.82078,995.13,1000,4.87,50.50,203,2.2470,-0.1057,LOCK,2,misalignment
680,470200,6927,6940,0.15600,0.47580,-0.91650,1.04436,995.14,1000,4.86,50.50,203,2.2563,0.0347,LOCK,2,misalignment
681,470208,6935,6948,0.29250,0.16770,-0.58890,0.67859,995.15,1000,4.85,50.50,203,2.2676,0.2065,LOCK,2,misalignment
682,470217,6944,6957,0.29250,0.16770,-0.58890,0.67859,995.16,1000,4.84,50.50,203,2.2640,0.1516,LOCK,2,misalignment
683,470231,6958,6971,-0.08970,0.15210,-0.85800,0.87598,995.16,1000,4.84,50.50,203,2.2725,0.2798,LOCK,2,misalignment
684,470239,6966,6979,-0.36270,0.11700,-0.76830,0.85763,995.17,1000,4.83,50.50,203,2.2714,0.2630,LOCK,2,misalignment
685,470248,6975,6988,-0.23010,-0.04290,-0.82290,0.85554,995.18,1000,4.82,50.50,203,2.2511,-0.0438,LOCK,2,misalignment
686,470256,6983,6996,-0.23010,-0.04290,-0.82290,0.85554,995.18,1000,4.82,50.50,203,2.2408,-0.2000,LOCK,2,misalignment
687,470265,6992,7005,0.04290,0.05460,-0.70200,0.70543,995.19,1000,4.81,50.50,203,2.2464,-0.1149,LOCK,2,misalignment
688,470275,7002,7015,0.16380,0.08580,-0.74880,0.77129,995.20,1000,4.80,50.50,203,2.2684,0.2188,LOCK,2,misalignment
689,470283,7010,7023,-0.22230,0.17160,-0.56940,0.63489,995.22,1000,4.78,50.50,203,2.2687,0.2230,LOCK,2,misalignment
690,470292,7019,7032,-0.27300,0.19890,-0.79950,0.86792,995.23,1000,4.77,50.50,203,2.2525,-0.0233,LOCK,2,misalignment
691,470300,7027,7040,-0.26130,0.17940,-0.80730,0.86729,995.24,1000,4.76,50.50,203,2.2478,-0.0941,LOCK,2,misalignment
692,470309,7036,7049,-0.26130,0.17940,-0.80730,0.86729,995.25,1000,4.75,50.50,203,2.2421,-0.1799,LOCK,2,misalignment
693,470317,7044,7057,0.11700,-0.07410,-0.88530,0.89607,995.25,1000,4.75,50.50,203,2.2527,-0.0203,LOCK,2,misalignment
694,470337,7064,7077,0.02730,0.06240,-0.75270,0.75578,995.26,1000,4.74,50.50,203,2.2724,0.2789,LOCK,2,misalignment
695,470345,7072,7085,-0.22230,0.18720,-0.67080,0.73105,995.27,1000,4.73,50.50,203,2.2404,-0.2065,LOCK,2,misalignment
696,470354,7081,7094,-0.27690,0.03900,-0.74100,0.79201,995.28,1000,4.72,50.50,203,2.2491,-0.0737,LOCK,2,misalignment
697,470362,7089,7102,-0.21840,0.02340,-0.82290,0.85171,995.29,1000,4.71,50.50,203,2.2436,-0.1579,LOCK,2,misalignment
698,470371,7098,7111,-0.21840,0.02340,-0.82290,0.85171,995.30,1000,4.70,50.50,203,2.2415,-0.1888,LOCK,2,misalignment
699,470383,7110,7123,0.09750,-0.14040,-0.87360,0.89017,995.31,1000,4.69,50.50,203,2.2699,0.2407,LOCK,2,misalignment
700,470392,7119,7132,0.08580,-0.15600,-0.79170,0.81147,995.32,1000,4.68,50.50,203,2.2668,0.1934,LOCK,2,misalignment
701,470400,7127,7140,0.08580,-0.15600,-0.79170,0.81147,995.33,1000,4.67,50.50,203,2.2372,-0.2550,LOCK,2,misalignment
702,470409,7136,7149,-0.26130,0.28080,-0.61230,0.72252,995.35,1000,4.65,50.50,203,2.2572,0.0484,LOCK,2,misalignment
703,470417,7144,7157,-0.16770,-0.04680,-0.83460,0.85257,995.36,1000,4.64,50.50,203,2.2528,-0.0178,LOCK,2,misalignment
704,470426,7153,7166,-0.23790,0.32370,-0.73320,0.83604,995.37,1000,4.63,50.50,203,2.2730,0.2874,LOCK,2,misalignment
705,470434,7161,7174,-0.06240,0.01950,-0.93210,0.93439,995.39,1000,4.61,50.50,203,2.2667,0.1919,LOCK,2,misalignment
706,470443,7170,7183,0.01560,0.19500,-0.92040,0.94096,995.39,1000,4.61,50.50,203,2.2693,0.2313,LOCK,2,misalignment
707,470451,7178,7191,0.01560,0.19500,-0.92040,0.94096,995.40,1000,4.60,50.50,203,2.2685,0.2200,LOCK,2,misalignment
708,470460,7187,7200,0.10140,-0.05070,-0.69810,0.70725,995.41,1000,4.59,50.50,203,2.2670,0.1968,LOCK,2,misalignment
709,470468,7195,7208,-0.17940,0.23400,-0.72540,0.78304,995.42,1000,4.58,50.50,203,2.2651,0.1678,LOCK,2,misalignment
710,470477,7204,7217,-0.13260,0.11700,-0.75270,0.77319,995.43,1000,4.57,50.50,203,2.2702,0.2456,LOCK,2,misalignment
711,470485,7212,7225,-0.21450,0.09360,-0.90090,0.93080,995.44,1000,4.56,50.50,203,2.2711,0.2590,LOCK,2,misalignment
712,470494,7221,7234,-0.21450,0.09360,-0.90090,0.93080,995.45,1000,4.55,50.50,203,2.2626,0.1296,LOCK,2,misalignment
713,470502,7229,7242,0.01170,-0.02730,-0.82290,0.82344,995.45,1000,4.55,50.50,203,2.2553,0.0203,LOCK,2,misalignment
714,470510,7237,7250,0.30420,0.08190,-0.92040,0.97282,995.46,1000,4.54,50.50,203,2.2533,-0.0099,LOCK,2,misalignment
715,470519,7246,7259,0.13650,0.11310,-0.66300,0.68629,995.47,1000,4.53,50.50,203,2.2475,-0.0990,LOCK,2,misalignment
716,470531,7258,7271,0.07800,0.22620,-0.76830,0.80470,995.47,1000,4.53,50.50,203,2.2699,0.2416,LOCK,2,misalignment
717,470544,7271,7284,-0.19890,0.10920,-0.88530,0.91392,995.48,1000,4.52,50.50,203,2.2596,0.0841,LOCK,2,misalignment
718,470553,7280,7293,-0.22620,-0.02730,-0.76050,0.79390,995.49,1000,4.51,50.50,203,2.2438,-0.1552,LOCK,2,misalignment
719,470561,7288,7301,0.00780,-0.19110,-0.88530,0.90572,995.49,1000,4.51,50.50,203,2.2524,-0.0242,LOCK,2,misalignment
720,470570,7297,7310,0.31200,0.39780,-0.79170,0.93935,995.50,1000,4.50,50.50,203,2.2651,0.1675,LOCK,2,misalignment
721,470578,7305,7318,0.06240,0.00780,-0.69420,0.69704,995.51,1000,4.49,50.50,203,2.2578,0.0570,LOCK,2,misalignment
722,470587,7314,7327,-0.07020,0.23010,-0.72930,0.76795,995.51,1000,4.49,50.50,203,2.2662,0.1852,LOCK,2,misalignment
723,470595,7322,7335,-0.07020,0.23010,-0.72930,0.76795,995.52,1000,4.48,50.50,203,2.2650,0.1663,LOCK,2,misalignment
724,470603,7330,7343,-0.17940,0.15600,-0.78000,0.81543,995.53,1000,4.47,50.50,203,2.2542,0.0036,LOCK,2,misalignment
725,470612,7339,7352,-0.39780,0.19500,-0.79950,0.91404,995.53,1000,4.47,50.50,203,2.2483,-0.0859,LOCK,2,misalignment
726,470620,7347,7360,0.04290,0.15600,-0.83460,0.85014,995.54,1000,4.46,50.50,203,2.2508,-0.0483,LOCK,2,misalignment
727,470629,7356,7369,0.23790,0.44850,-0.82290,0.96691,995.54,1000,4.46,50.50,203,2.2448,-0.1390,LOCK,2,misalignment
728,470640,7367,7380,0.28080,0.02730,-0.52650,0.59732,995.55,1000,4.45,50.50,203,2.2624,0.1278,LOCK,2,misalignment
729,470648,7375,7388,-0.14040,0.17550,-0.90870,0.93608,995.55,1000,4.45,50.50,203,2.2663,0.1861,LOCK,2,misalignment
730,470657,7384,7397,-0.14040,0.17550,-0.90870,0.93608,995.56,1000,4.44,50.50,203,2.2668,0.1937,LOCK,2,misalignment
731,470665,7392,7405,-0.36270,0.03120,-0.75660,0.83962,995.56,1000,4.44,50.50,203,2.2575,0.0536,LOCK,2,misalignment
732,470674,7401,7414,0.04680,-0.08190,-0.87750,0.88256,995.56,1000,4.44,50.50,203,2.2570,0.0454,LOCK,2,misalignment
733,470682,7409,7422,0.08190,0.35100,-0.88140,0.95225,995.57,1000,4.43,50.50,203,2.2515,-0.0373,LOCK,2,misalignment
734,470690,7417,7430,0.27300,0.20280,-0.61620,0.70382,995.57,1000,4.43,50.50,203,2.2493,-0.0715,LOCK,2,misalignment
735,470747,7474,7487,0.05850,0.00390,-0.79560,0.79776,995.56,1000,4.44,50.50,203,2.2690,0.2270,LOCK,2,misalignment
736,470755,7482,7495,0.00390,-0.05850,-0.65910,0.66170,995.57,1000,4.43,50.50,203,2.2682,0.2154,LOCK,2,misalignment
737,470764,7491,7504,-0.25740,0.26520,-0.54600,0.65932,995.58,1000,4.42,50.50,203,2.2715,0.2648,LOCK,2,misalignment
738,470773,7500,7513,-0.34710,0.01560,-0.85410,0.92207,995.59,1000,4.41,50.50,203,2.2653,0.1711,LOCK,2,misalignment
739,470781,7508,7521,-0.21840,0.19890,-0.76830,0.82313,995.59,1000,4.41,50.50,203,2.2667,0.1931,LOCK,2,misalignment
740,470790,7517,7530,-0.21840,0.19890,-0.76830,0.82313,995.60,1000,4.40,50.50,203,2.2704,0.2484,LOCK,2,misalignment
741,470798,7525,7538,0.00390,0.06240,-0.89310,0.89529,995.60,1000,4.40,50.50,203,2.2624,0.1278,LOCK,2,misalignment
742,470806,7533,7546,0.27300,0.03900,-0.77610,0.82364,995.61,1000,4.39,50.50,203,2.2373,-0.2526,LOCK,2,misalignment
743,470815,7542,7555,0.02340,-0.05460,-0.69420,0.69674,995.61,1000,4.39,50.50,203,2.2500,-0.0609,LOCK,2,misalignment
744,470823,7550,7563,-0.31980,0.14430,-0.62790,0.71927,995.62,1000,4.38,50.50,203,2.2459,-0.1222,LOCK,2,misalignment
745,470832,7559,7572,-0.31980,0.14430,-0.62790,0.71927,995.62,1000,4.38,50.50,203,2.2425,-0.1741,LOCK,2,misalignment
746,470847,7574,7587,-0.23790,0.02340,-0.91260,0.94339,995.63,1000,4.37,50.50,203,2.2664,0.1882,LOCK,2,misalignment
747,470856,7583,7596,-0.07800,0.05070,-0.80340,0.80877,995.63,1000,4.37,50.50,203,2.2306,-0.3548,LOCK,2,misalignment
748,470864,7591,7604,0.08970,-0.07020,-0.85020,0.85780,995.63,1000,4.37,50.50,203,2.2503,-0.0554,LOCK,2,misalignment
749,470873,7600,7613,0.08970,-0.07020,-0.85020,0.85780,995.63,1000,4.37,50.50,203,2.2585,0.0683,LOCK,2,misalignment
750,470881,7608,7621,0.12870,-0.00390,-0.82290,0.83291,995.64,1000,4.36,50.50,203,2.2690,0.2270,LOCK,2,misalignment
751,470894,7621,7634,-0.20670,0.34320,-0.60060,0.72196,995.65,1000,4.35,50.50,203,2.2672,0.1998,LOCK,2,misalignment
752,470902,7629,7642,-0.13260,0.05850,-0.89700,0.90863,995.66,1000,4.34,50.50,203,2.2556,0.0237,LOCK,2,misalignment
753,470910,7637,7650,-0.21840,0.18330,-0.72540,0.77942,995.67,1000,4.33,50.50,203,2.2440,-0.1509,LOCK,2,misalignment
754,470919,7646,7659,-0.03120,-0.13650,-0.95160,0.96185,995.68,1000,4.32,50.50,203,2.2485,-0.0834,LOCK,2,misalignment
755,470927,7654,7667,0.16380,0.14040,-0.90870,0.93396,995.68,1000,4.32,50.50,203,2.2488,-0.0792,LOCK,2,misalignment
756,470936,7663,7676,0.18720,-0.04290,-0.80340,0.82604,995.69,1000,4.31,50.50,203,2.2640,0.1519,LOCK,2,misalignment
757,470952,7679,7692,-0.23010,0.18330,-0.69420,0.75396,995.70,1000,4.30,50.50,203,2.2490,-0.0764,LOCK,2,misalignment
758,470961,7688,7701,-0.21450,0.15600,-0.77220,0.81648,995.70,1000,4.30,50.50,203,2.2521,-0.0282,LOCK,2,misalignment
759,470969,7696,7709,-0.14430,0.13260,-0.89310,0.91435,995.71,1000,4.29,50.50,203,2.2583,0.0652,LOCK,2,misalignment
760,470978,7705,7718,0.10140,0.07410,-0.83850,0.84785,995.72,1000,4.28,50.50,203,2.2537,-0.0053,LOCK,2,misalignment
761,470998,7725,7738,0.19110,0.13260,-0.70590,0.74323,995.71,1000,4.29,50.50,203,2.2711,0.2584,LOCK,2,misalignment
762,471007,7734,7747,0.04290,0.21450,-0.78000,0.81009,995.71,1000,4.29,50.50,203,2.2765,0.3412,LOCK,2,misalignment
763,471015,7742,7755,0.04290,0.21450,-0.78000,0.81009,995.70,1000,4.30,50.50,203,2.2529,-0.0160,LOCK,2,misalignment
764,471024,7751,7764,-0.25740,0.05070,-0.83850,0.87858,995.70,1000,4.30,50.50,203,2.2438,-0.1552,LOCK,2,misalignment
765,471032,7759,7772,-0.19110,-0.01560,-0.75270,0.77674,995.69,1000,4.31,50.50,203,2.2533,-0.0111,LOCK,2,misalignment
766,471049,7776,7789,0.31590,0.36660,-0.81900,0.95129,995.69,1000,4.31,50.50,203,2.2703,0.2468,LOCK,2,misalignment
767,471057,7784,7797,0.31590,0.36660,-0.81900,0.95129,995.69,1000,4.31,50.50,203,2.2725,0.2804,LOCK,2,misalignment
768,471065,7792,7805,0.08580,0.05070,-0.74880,0.75540,995.69,1000,4.31,50.50,203,2.2725,0.2798,LOCK,2,misalignment
769,471074,7801,7814,0.01170,0.26910,-0.87360,0.91418,995.69,1000,4.31,50.50,203,2.2616,0.1156,LOCK,2,misalignment
770,471082,7809,7822,-0.19500,0.01170,-0.78390,0.80787,995.69,1000,4.31,50.50,203,2.2658,0.1785,LOCK,2,misalignment
771,471091,7818,7831,-0.33930,-0.00780,-0.77220,0.84349,995.69,1000,4.31,50.50,203,2.2689,0.2255,LOCK,2,misalignment
772,471099,7826,7839,0.10920,-0.06630,-0.79170,0.80194,995.68,1000,4.32,50.50,203,2.2714,0.2642,LOCK,2,misalignment
773,471108,7835,7848,0.10920,-0.06630,-0.79170,0.80194,995.68,1000,4.32,50.50,203,2.2751,0.3204,LOCK,2,misalignment
774,471116,7843,7856,0.21060,0.29640,-0.76440,0.84647,995.68,1000,4.32,50.50,203,2.2520,-0.0309,LOCK,2,misalignment
775,471125,7852,7865,0.25740,-0.08190,-0.62400,0.67995,995.67,1000,4.33,50.50,203,2.2499,-0.0621,LOCK,2,misalignment
776,471133,7860,7873,-0.12870,0.14430,-0.89310,0.91379,995.66,1000,4.34,50.50,203,2.2521,-0.0285,LOCK,2,misalignment
777,471157,7884,7897,-0.01170,0.02730,-0.86580,0.86631,995.65,1000,4.35,50.50,203,2.2700,0.2432,LOCK,2,misalignment
778,471165,7892,7905,0.00000,0.47970,-0.78000,0.91570,995.64,1000,4.36,50.50,203,2.2531,-0.0132,LOCK,2,misalignment
779,471174,7901,7914,0.24960,0.23790,-0.68640,0.76814,995.64,1000,4.36,50.50,203,2.2566,0.0399,LOCK,2,misalignment
780,471182,7909,7922,-0.26130,0.05850,-0.64350,0.69699,995.63,1000,4.37,50.50,203,2.2558,0.0280,LOCK,2,misalignment
781,471198,7925,7938,-0.05070,0.15600,-0.91260,0.92722,995.63,1000,4.37,50.50,203,2.2675,0.2041,LOCK,2,misalignment
782,471207,7934,7947,-0.46800,-0.18330,-0.77610,0.92464,995.63,1000,4.37,50.50,203,2.2699,0.2416,LOCK,2,misalignment
783,471215,7942,7955,-0.26520,-0.08580,-0.80340,0.85038,995.63,1000,4.37,50.50,203,2.2393,-0.2226,LOCK,2,misalignment
784,471224,7951,7964,0.05070,0.25350,-0.83850,0.87745,995.63,1000,4.37,50.50,203,2.2490,-0.0764,LOCK,2,misalignment
785,471232,7959,7972,0.05070,0.25350,-0.83850,0.87745,995.63,1000,4.37,50.50,203,2.2462,-0.1182,LOCK,2,misalignment
786,471252,7979,7992,-0.33540,0.18720,-0.62400,0.73274,995.63,1000,4.37,50.50,203,2.2640,0.1513,LOCK,2,misalignment
787,471260,7987,8000,-0.24570,0.08970,-0.86190,0.90071,995.64,1000,4.36,50.50,203,2.2747,0.3143,LOCK,2,misalignment
788,471269,7996,8009,-0.20280,0.10920,-0.76440,0.79835,995.64,1000,4.36,50.50,203,2.2627,0.1318,LOCK,2,misalignment
789,471277,8004,8017,0.00780,-0.10530,-0.90480,0.91094,995.65,1000,4.35,50.50,203,2.2511,-0.0438,LOCK,2,misalignment
790,471286,8013,8026,0.28470,0.06240,-0.75660,0.81080,995.65,1000,4.35,50.50,203,2.2507,-0.0505,LOCK,2,misalignment
791,471294,8021,8034,0.05850,0.01170,-0.82290,0.82506,995.66,1000,4.34,50.50,203,2.2554,0.0213,LOCK,2,misalignment
792,471302,8029,8042,0.05850,0.01170,-0.82290,0.82506,995.66,1000,4.34,50.50,203,2.2590,0.0756,LOCK,2,misalignment
793,471360,8087,8100,0.22230,0.11310,-0.76830,0.80777,995.66,1000,4.34,50.50,203,2.2731,0.2890,LOCK,2,misalignment
794,471369,8096,8109,-0.24570,0.24960,-0.65910,0.74638,995.67,1000,4.33,50.50,203,2.2690,0.2267,LOCK,2,misalignment
795,471377,8104,8117,-0.21060,0.12090,-0.82680,0.86172,995.69,1000,4.31,50.50,203,2.2694,0.2337,LOCK,2,misalignment
796,471386,8113,8126,-0.21060,0.12090,-0.82680,0.86172,995.70,1000,4.30,50.50,203,2.2661,0.1830,LOCK,2,misalignment
797,471394,8121,8134,-0.23400,0.15600,-0.79560,0.84384,995.71,1000,4.29,50.50,203,2.2666,0.1916,LOCK,2,misalignment
798,471403,8130,8143,-0.02340,0.06240,-0.95160,0.95393,995.72,1000,4.28,50.50,203,2.2667,0.1919,LOCK,2,misalignment
799,471411,8138,8151,0.10920,0.25350,-0.91650,0.95716,995.73,1000,4.27,50.50,203,2.2706,0.2511,LOCK,2,misalignment
800,471420,8147,8160,0.21450,-0.15990,-0.81120,0.85418,995.76,1000,4.24,50.50,203,2.2525,-0.0230,LOCK,2,misalignment
801,471428,8155,8168,-0.01170,0.21450,-0.69810,0.73040,995.78,1000,4.22,50.50,203,2.2618,0.1186,LOCK,2,misalignment
802,471437,8164,8177,-0.01170,0.21450,-0.69810,0.73040,995.80,1000,4.20,50.50,203,2.2511,-0.0441,LOCK,2,misalignment
803,471460,8187,8200,0.02730,-0.07020,-0.84240,0.84576,995.82,1000,4.18,50.50,203,2.2682,0.2157,LOCK,2,misalignment
804,471468,8195,8208,0.02730,-0.07020,-0.84240,0.84576,995.83,1000,4.17,50.50,203,2.2674,0.2026,LOCK,2,misalignment
805,471477,8204,8217,0.29640,0.25350,-0.90870,0.98886,995.85,1000,4.15,50.50,203,2.2597,0.0869,LOCK,2,misalignment
806,471485,8212,8225,0.19890,0.02340,-0.67080,0.70006,995.86,1000,4.14,50.50,203,2.2526,-0.0206,LOCK,2,misalignment
807,471494,8221,8234,-0.06240,0.22620,-0.88920,0.91964,995.87,1000,4.13,50.50,203,2.2481,-0.0889,LOCK,2,misalignment
808,471502,8229,8242,-0.10530,0.11700,-0.76050,0.77662,995.88,1000,4.12,50.50,203,2.2620,0.1208,LOCK,2,misalignment
809,471511,8238,8251,-0.26130,-0.08580,-0.81510,0.86025,995.89,1000,4.11,50.50,203,2.2724,0.2792,LOCK,2,misalignment
810,471519,8246,8259,-0.26130,-0.08580,-0.81510,0.86025,995.90,1000,4.10,50.50,203,2.2790,0.3787,LOCK,2,misalignment
811,471528,8255,8268,-0.10140,-0.05070,-0.74490,0.75348,995.91,1000,4.09,50.50,203,2.2574,0.0512,LOCK,2,misalignment
812,471536,8263,8276,0.21450,0.27300,-0.76440,0.83955,995.91,1000,4.09,50.50,203,2.2550,0.0155,LOCK,2,misalignment
813,471544,8271,8284,-0.00390,-0.05460,-0.72150,0.72357,995.92,1000,4.08,50.50,203,2.2503,-0.0566,LOCK,2,misalignment
814,471561,8288,8301,-0.35100,-0.13260,-0.90090,0.97591,995.92,1000,4.08,50.50,203,2.2724,0.2792,LOCK,2,misalignment
815,471569,8296,8309,-0.35100,-0.13260,-0.90090,0.97591,995.92,1000,4.08,50.50,203,2.2575,0.0527,LOCK,2,misalignment
816,471578,8305,8318,-0.27690,0.07020,-0.78000,0.83066,995.93,1000,4.07,50.50,203,2.2517,-0.0355,LOCK,2,misalignment
817,471586,8313,8326,0.09360,0.31590,-0.85020,0.91181,995.93,1000,4.07,50.50,203,2.2494,-0.0694,LOCK,2,misalignment
818,471595,8322,8335,0.21060,0.37440,-0.68250,0.80643,995.93,1000,4.07,50.50,203,2.2560,0.0298,LOCK,2,misalignment
819,471614,8341,8354,-0.20670,0.19110,-0.91260,0.95503,995.92,1000,4.08,50.50,203,2.2727,0.2835,LOCK,2,misalignment
820,471622,8349,8362,-0.30030,0.03510,-0.72540,0.78589,995.91,1000,4.09,50.50,203,2.2720,0.2728,LOCK,2,misalignment
821,471631,8358,8371,-0.30030,0.03510,-0.72540,0.78589,995.90,1000,4.10,50.50,203,2.2486,-0.0816,LOCK,2,misalignment
822,471639,8366,8379,-0.13650,-0.19110,-0.88920,0.91969,995.90,1000,4.10,50.50,203,2.2566,0.0390,LOCK,2,misalignment
823,471648,8375,8388,0.02730,0.57720,-0.87360,1.04742,995.89,1000,4.11,50.50,203,2.2436,-0.1573,LOCK,2,misalignment
824,471662,8389,8402,0.16770,0.26130,-0.71760,0.78189,995.90,1000,4.10,50.50,203,2.2710,0.2581,LOCK,2,misalignment
825,471671,8398,8411,-0.26130,0.23790,-0.54210,0.64711,995.91,1000,4.09,50.50,203,2.2614,0.1128,LOCK,2,misalignment
826,471679,8406,8419,-0.06630,0.22230,-0.82680,0.85873,995.92,1000,4.08,50.50,203,2.2685,0.2197,LOCK,2,misalignment
827,471688,8415,8428,-0.37050,0.05850,-0.79560,0.87959,995.93,1000,4.07,50.50,203,2.2717,0.2688,LOCK,2,misalignment
828,471696,8423,8436,-0.17160,-0.11310,-0.86190,0.88606,995.93,1000,4.07,50.50,203,2.2654,0.1733,LOCK,2,misalignment
829,471705,8432,8445,0.14820,0.06240,-0.81510,0.83081,995.94,1000,4.06,50.50,203,2.2637,0.1467,LOCK,2,misalignment
830,471713,8440,8453,0.14820,0.06240,-0.81510,0.83081,995.94,1000,4.06,50.50,203,2.2732,0.2908,LOCK,2,misalignment
831,471722,8449,8462,0.12870,0.11310,-0.70200,0.72261,995.96,1000,4.04,50.50,203,2.2676,0.2059,LOCK,2,misalignment
832,471730,8457,8470,-0.23010,0.33540,-0.61620,0.73834,995.97,1000,4.03,50.50,203,2.2493,-0.0712,LOCK,2,misalignment
833,471769,8496,8509,0.30420,0.10140,-0.67860,0.75054,995.98,1000,4.02,50.50,203,2.2689,0.2261,LOCK,2,misalignment
834,471778,8505,8518,0.10920,-0.08580,-0.82680,0.83838,995.99,1000,4.01,50.50,203,2.2376,-0.2489,LOCK,2,misalignment
835,471786,8513,8526,0.10920,-0.08580,-0.82680,0.83838,996.00,1000,4.00,50.50,203,2.2403,-0.2080,LOCK,2,misalignment
836,471795,8522,8535,-0.11700,0.31980,-0.59280,0.68365,996.02,1000,3.98,50.50,203,2.2404,-0.2055,LOCK,2,misalignment
837,471803,8530,8543,-0.17160,-0.04290,-0.80340,0.82264,996.03,1000,3.97,50.50,203,2.2608,0.1031,LOCK,2,misalignment
838,471814,8541,8554,-0.36270,0.29640,-0.77220,0.90316,996.04,1000,3.96,50.50,203,2.2635,0.1440,LOCK,2,misalignment
839,471823,8550,8563,-0.03510,-0.02340,-0.89700,0.89799,996.05,1000,3.95,50.50,203,2.2586,0.0704,LOCK,2,misalignment
840,471831,8558,8571,0.01170,0.01950,-0.90090,0.90119,996.06,1000,3.94,50.50,203,2.2422,-0.1787,LOCK,2,misalignment
841,471840,8567,8580,0.29640,0.00780,-0.74100,0.79812,996.08,1000,3.92,50.50,203,2.2575,0.0533,LOCK,2,misalignment
842,471848,8575,8588,-0.14820,0.26910,-0.76830,0.82744,996.10,1000,3.90,50.50,203,2.2527,-0.0203,LOCK,2,misalignment
843,471857,8584,8597,-0.14820,0.26910,-0.76830,0.82744,996.11,1000,3.89,50.50,203,2.2581,0.0622,LOCK,2,misalignment
844,471868,8595,8608,-0.09360,0.17940,-0.73320,0.76061,996.12,1000,3.88,50.50,203,2.2687,0.2230,LOCK,2,misalignment
845,471877,8604,8617,-0.19500,0.08580,-0.83070,0.85758,996.14,1000,3.86,50.50,203,2.2685,0.2197,LOCK,2,misalignment
846,471885,8612,8625,-0.03900,0.13650,-0.87750,0.88891,996.15,1000,3.85,50.50,203,2.2727,0.2829,LOCK,2,misalignment
847,471894,8621,8634,0.12870,0.25740,-0.91260,0.95690,996.15,1000,3.85,50.50,203,2.2675,0.2044,LOCK,2,misalignment
848,471902,8629,8642,0.07410,-0.14820,-0.78000,0.79740,996.17,1000,3.83,50.50,203,2.2669,0.1952,LOCK,2,misalignment
849,471911,8638,8651,-0.09360,0.20280,-0.75270,0.78514,996.19,1000,3.81,50.50,203,2.2706,0.2517,LOCK,2,misalignment
850,471919,8646,8659,-0.09360,0.20280,-0.75270,0.78514,996.20,1000,3.80,50.50,203,2.2636,0.1458,LOCK,2,misalignment
851,471928,8655,8668,-0.23400,-0.06240,-0.86580,0.89903,996.21,1000,3.79,50.50,203,2.2713,0.2621,LOCK,2,misalignment
852,471936,8663,8676,-0.16770,0.16770,-0.73320,0.77060,996.22,1000,3.78,50.50,203,2.2301,-0.3618,LOCK,2,misalignment
853,471945,8672,8685,-0.04680,-0.03900,-0.85410,0.85627,996.23,1000,3.77,50.50,203,2.2530,-0.0148,LOCK,2,misalignment
854,471953,8680,8693,0.28860,0.35490,-0.87360,0.98611,996.24,1000,3.76,50.50,203,2.2456,-0.1277,LOCK,2,misalignment
855,471962,8689,8702,0.12870,-0.10530,-0.63570,0.65709,996.25,1000,3.75,50.50,203,2.2767,0.3436,LOCK,2,misalignment
856,471977,8704,8717,-0.13260,0.08970,-0.86580,0.88048,996.26,1000,3.74,50.50,203,2.2640,0.1522,LOCK,2,misalignment
857,471986,8713,8726,-0.08580,0.05460,-0.72150,0.72863,996.26,1000,3.74,50.50,203,2.2714,0.2630,LOCK,2,misalignment
858,471994,8721,8734,-0.34710,-0.21840,-0.85410,0.94745,996.27,1000,3.73,50.50,203,2.2656,0.1757,LOCK,2,misalignment
859,472003,8730,8743,-0.04290,-0.14040,-0.77220,0.78603,996.27,1000,3.73,50.50,203,2.2640,0.1522,LOCK,2,misalignment
860,472011,8738,8751,-0.04290,-0.14040,-0.77220,0.78603,996.28,1000,3.72,50.50,203,2.2686,0.2212,LOCK,2,misalignment
861,472020,8747,8760,0.19500,0.40170,-0.81120,0.92598,996.28,1000,3.72,50.50,203,2.2626,0.1296,LOCK,2,misalignment
862,472028,8755,8768,0.02340,0.01950,-0.65130,0.65201,996.30,1000,3.70,50.50,203,2.2461,-0.1204,LOCK,2,misalignment
863,472037,8764,8777,-0.02730,0.33540,-0.76050,0.83162,996.31,1000,3.69,50.50,203,2.2383,-0.2376,LOCK,2,misalignment
864,472045,8772,8785,-0.29640,-0.03900,-0.85410,0.90491,996.32,1000,3.68,50.50,203,2.2555,0.0225,LOCK,2,misalignment
865,472053,8780,8793,-0.17160,0.02340,-0.82290,0.84093,996.34,1000,3.66,50.50,203,2.2538,-0.0026,LOCK,2,misalignment
866,472062,8789,8802,-0.17160,0.02340,-0.82290,0.84093,996.35,1000,3.65,50.50,203,2.2641,0.1531,LOCK,2,misalignment
867,472073,8800,8813,0.13650,0.39000,-0.92040,1.00889,996.36,1000,3.64,50.50,203,2.2753,0.3222,LOCK,2,misalignment
868,472081,8808,8821,0.23010,0.28470,-0.69030,0.78135,996.36,1000,3.64,50.50,203,2.2703,0.2468,LOCK,2,misalignment
869,472090,8817,8830,-0.12480,0.07020,-0.65130,0.66685,996.36,1000,3.64,50.50,203,2.2776,0.3570,LOCK,2,misalignment
870,472098,8825,8838,-0.23010,0.13260,-0.89310,0.93175,996.37,1000,3.63,50.50,203,2.2385,-0.2352,LOCK,2,misalignment
871,472107,8834,8847,-0.34320,0.09750,-0.73320,0.81540,996.37,1000,3.63,50.50,203,2.2549,0.0130,LOCK,2,misalignment
872,472115,8842,8855,-0.21450,-0.12480,-0.84630,0.88193,996.37,1000,3.63,50.50,203,2.2503,-0.0557,LOCK,2,misalignment
873,472124,8851,8864,-0.21450,-0.12480,-0.84630,0.88193,996.37,1000,3.63,50.50,203,2.2466,-0.1121,LOCK,2,misalignment
874,472179,8906,8919,-0.02730,-0.00780,-0.89700,0.89745,996.38,1000,3.62,50.50,203,2.2635,0.1434,LOCK,2,misalignment
875,472187,8914,8927,0.14040,0.10920,-0.80730,0.82666,996.39,1000,3.61,50.50,203,2.2706,0.2517,LOCK,2,misalignment
876,472196,8923,8936,0.14040,0.10920,-0.80730,0.82666,996.39,1000,3.61,50.50,203,2.2789,0.3766,LOCK,2,misalignment
877,472204,8931,8944,0.03510,0.07410,-0.74100,0.74552,996.39,1000,3.61,50.50,203,2.2694,0.2340,LOCK,2,misalignment
878,472213,8940,8953,-0.15600,0.47970,-0.67080,0.83930,996.40,1000,3.60,50.50,203,2.2681,0.2130,LOCK,2,misalignment
879,472221,8948,8961,-0.30420,0.15600,-0.80340,0.87311,996.40,1000,3.60,50.50,203,2.2709,0.2560,LOCK,2,misalignment
880,472230,8957,8970,-0.22620,0.15600,-0.79560,0.84171,996.40,1000,3.60,50.50,203,2.2675,0.2044,LOCK,2,misalignment
881,472238,8965,8978,-0.05850,0.10530,-0.89310,0.90119,996.40,1000,3.60,50.50,203,2.2416,-0.1875,LOCK,2,misalignment
882,472247,8974,8987,-0.05850,0.10530,-0.89310,0.90119,996.41,1000,3.59,50.50,203,2.2585,0.0683,LOCK,2,misalignment
883,472255,8982,8995,0.18330,-0.07800,-0.73320,0.75978,996.41,1000,3.59,50.50,203,2.2474,-0.0993,LOCK,2,misalignment
884,472280,9007,9020,-0.16770,-0.04680,-0.78780,0.80681,996.41,1000,3.59,50.50,203,2.2679,0.2108,LOCK,2,misalignment
885,472288,9015,9028,-0.16770,-0.04680,-0.78780,0.80681,996.41,1000,3.59,50.50,203,2.2727,0.2838,LOCK,2,misalignment
886,472297,9024,9037,-0.29640,0.27300,-0.74880,0.85034,996.42,1000,3.58,50.50,203,2.2707,0.2536,LOCK,2,misalignment
887,472305,9032,9045,-0.08190,0.02730,-0.89310,0.89726,996.42,1000,3.58,50.50,203,2.2728,0.2853,LOCK,2,misalignment
888,472314,9041,9054,-0.00390,0.27690,-0.97110,1.00981,996.42,1000,3.58,50.50,203,2.2673,0.2011,LOCK,2,misalignment
889,472322,9049,9062,0.23790,-0.06630,-0.69810,0.74050,996.45,1000,3.55,50.50,203,2.2686,0.2218,LOCK,2,misalignment
890,472331,9058,9071,-0.16770,0.17550,-0.70200,0.74278,996.47,1000,3.53,50.50,203,2.2725,0.2804,LOCK,2,misalignment
891,472339,9066,9079,-0.16770,0.17550,-0.70200,0.74278,996.49,1000,3.51,50.50,203,2.2752,0.3207,LOCK,2,misalignment
892,472348,9075,9088,-0.12480,0.08970,-0.73710,0.75295,996.51,1000,3.49,50.50,203,2.2549,0.0136,LOCK,2,misalignment
893,472356,9083,9096,-0.14430,-0.02340,-0.85020,0.86268,996.53,1000,3.47,50.50,203,2.2472,-0.1036,LOCK,2,misalignment
894,472365,9092,9105,0.07020,0.00000,-0.83070,0.83366,996.54,1000,3.46,50.50,203,2.2610,0.1055,LOCK,2,misalignment
895,472399,9126,9139,0.00000,0.26910,-0.84240,0.88434,996.55,1000,3.45,50.50,203,2.2687,0.2221,LOCK,2,misalignment
896,472408,9135,9148,-0.21840,0.02340,-0.90090,0.92729,996.56,1000,3.44,50.50,203,2.2466,-0.1128,LOCK,2,misalignment
897,472416,9143,9156,-0.13650,-0.09750,-0.73320,0.75214,996.57,1000,3.43,50.50,203,2.2540,0.0005,LOCK,2,misalignment
898,472425,9152,9165,-0.10920,-0.10920,-0.83850,0.85260,996.57,1000,3.43,50.50,203,2.2413,-0.1927,LOCK,2,misalignment
899,472476,9203,9216,-0.37050,0.06630,-0.90870,0.98357,996.58,1000,3.42,50.50,203,2.2673,0.2023,LOCK,2,misalignment
900,472485,9212,9225,0.09360,0.05460,-0.76830,0.77590,996.59,1000,3.41,50.50,203,2.2713,0.2621,LOCK,2,misalignment
901,472493,9220,9233,0.09360,0.05460,-0.76830,0.77590,996.60,1000,3.40,50.50,203,2.2664,0.1879,LOCK,2,misalignment
902,472502,9229,9242,0.23400,0.37830,-0.82680,0.93886,996.61,1000,3.39,50.50,203,2.2715,0.2655,LOCK,2,misalignment
903,472510,9237,9250,0.23790,0.11310,-0.54990,0.60974,996.61,1000,3.39,50.50,203,2.2716,0.2670,LOCK,2,misalignment
904,472519,9246,9259,-0.10530,0.14040,-0.88920,0.90635,996.62,1000,3.38,50.50,203,2.2699,0.2413,LOCK,2,misalignment
905,472527,9254,9267,-0.34710,-0.03120,-0.77220,0.84720,996.62,1000,3.38,50.50,203,2.2689,0.2252,LOCK,2,misalignment
906,472536,9263,9276,-0.08190,0.01560,-0.83460,0.83875,996.62,1000,3.38,50.50,203,2.2684,0.2175,LOCK,2,misalignment
907,472544,9271,9284,-0.08190,0.01560,-0.83460,0.83875,996.63,1000,3.37,50.50,203,2.2689,0.2255,LOCK,2,misalignment
908,472553,9280,9293,0.05070,0.44070,-0.93990,1.03933,996.63,1000,3.37,50.50,203,2.2560,0.0310,LOCK,2,misalignment
909,472561,9288,9301,0.28080,0.25740,-0.67080,0.77141,996.63,1000,3.37,50.50,203,2.2401,-0.2101,LOCK,2,misalignment
910,472569,9296,9309,-0.15990,0.07800,-0.69810,0.72041,996.64,1000,3.36,50.50,203,2.2473,-0.1021,LOCK,2,misalignment
911,472579,9306,9319,-0.02340,0.18330,-0.84240,0.86243,996.66,1000,3.34,50.50,203,2.2589,0.0750,LOCK,2,misalignment
912,472587,9314,9327,-0.40170,0.05070,-0.73710,0.84098,996.67,1000,3.33,50.50,203,2.2605,0.0982,LOCK,2,misalignment
913,472601,9328,9341,-0.21840,-0.01950,-0.80730,0.83655,996.68,1000,3.32,50.50,203,2.2723,0.2771,LOCK,2,misalignment
914,472609,9336,9349,0.10920,0.07800,-0.70980,0.72237,996.69,1000,3.31,50.50,203,2.2704,0.2481,LOCK,2,misalignment
915,472618,9345,9358,0.10530,-0.05850,-0.72150,0.73149,996.70,1000,3.30,50.50,203,2.2719,0.2716,LOCK,2,misalignment
916,472626,9353,9366,0.10530,-0.05850,-0.72150,0.73149,996.70,1000,3.30,50.50,203,2.2649,0.1644,LOCK,2,misalignment
917,472635,9362,9375,-0.17940,0.18720,-0.57330,0.62921,996.71,1000,3.29,50.50,203,2.2613,0.1104,LOCK,2,misalignment
918,472643,9370,9383,-0.30420,0.10920,-0.83070,0.89136,996.72,1000,3.28,50.50,203,2.2627,0.1324,LOCK,2,misalignment
919,472651,9378,9391,-0.19500,0.23790,-0.80340,0.86027,996.72,1000,3.28,50.50,203,2.2411,-0.1961,LOCK,2,misalignment
920,472660,9387,9400,0.13260,-0.00780,-0.93600,0.94538,996.72,1000,3.28,50.50,203,2.2489,-0.0773,LOCK,2,misalignment
921,472668,9395,9408,0.13260,-0.00780,-0.93600,0.94538,996.73,1000,3.27,50.50,203,2.2478,-0.0944,LOCK,2,misalignment
922,472783,9510,9523,0.12090,-0.05850,-0.90870,0.91857,996.74,1000,3.26,50.50,203,2.2626,0.1299,LOCK,2,misalignment
923,472791,9518,9531,0.12090,-0.05850,-0.90870,0.91857,996.74,1000,3.26,50.50,203,2.2648,0.1635,LOCK,2,misalignment
924,472805,9532,9545,0.08190,-0.01560,-0.73320,0.73792,996.75,1000,3.25,50.50,203,2.2673,0.2017,LOCK,2,misalignment
925,472813,9540,9553,-0.21840,0.18330,-0.71370,0.76855,996.75,1000,3.25,50.50,203,2.2639,0.1498,LOCK,2,misalignment
926,472822,9549,9562,-0.21840,0.18330,-0.71370,0.76855,996.75,1000,3.25,50.50,203,2.2695,0.2352,LOCK,2,misalignment
927,472831,9558,9571,-0.22620,0.10530,-0.70200,0.74502,996.76,1000,3.24,50.50,203,2.2687,0.2227,LOCK,2,misalignment
928,472839,9566,9579,-0.22230,0.11700,-0.88920,0.92400,996.76,1000,3.24,50.50,203,2.2670,0.1971,LOCK,2,misalignment
929,472848,9575,9588,0.06630,0.02340,-0.75660,0.75986,996.76,1000,3.24,50.50,203,2.2652,0.1702,LOCK,2,misalignment
930,472856,9583,9596,0.33540,0.28860,-0.95160,1.04944,996.76,1000,3.24,50.50,203,2.2378,-0.2455,LOCK,2,misalignment
931,472864,9591,9604,0.11700,0.05460,-0.65910,0.67163,996.76,1000,3.24,50.50,203,2.2511,-0.0435,LOCK,2,misalignment
932,472873,9600,9613,0.11700,0.05460,-0.65910,0.67163,996.77,1000,3.23,50.50,203,2.2550,0.0155,LOCK,2,misalignment
933,472881,9608,9621,0.01950,0.14040,-0.80340,0.81581,996.77,1000,3.23,50.50,203,2.2691,0.2282,LOCK,2,misalignment
934,472894,9621,9634,-0.37830,-0.07800,-0.73320,0.82872,996.77,1000,3.23,50.50,203,2.2679,0.2108,LOCK,2,misalignment
935,472903,9630,9643,-0.37830,-0.07800,-0.73320,0.82872,996.77,1000,3.23,50.50,203,2.2711,0.2590,LOCK,2,misalignment
936,472911,9638,9651,-0.05850,-0.02340,-0.92040,0.92255,996.78,1000,3.22,50.50,203,2.2684,0.2175,LOCK,2,misalignment
937,472920,9647,9660,0.27690,0.42900,-0.79560,0.94535,996.78,1000,3.22,50.50,203,2.2609,0.1052,LOCK,2,misalignment
938,472928,9655,9668,0.12870,0.13650,-0.76830,0.79087,996.78,1000,3.22,50.50,203,2.2603,0.0957,LOCK,2,misalignment
939,472937,9664,9677,0.01560,0.40950,-0.86580,0.95788,996.78,1000,3.22,50.50,203,2.2680,0.2123,LOCK,2,misalignment
940,472945,9672,9685,0.01560,0.40950,-0.86580,0.95788,996.78,1000,3.22,50.50,203,2.2595,0.0832,LOCK,2,misalignment
941,472954,9681,9694,-0.28080,0.02730,-0.75270,0.80384,996.78,1000,3.22,50.50,203,2.2781,0.3659,LOCK,2,misalignment
942,472962,9689,9702,-0.27300,0.00780,-0.79170,0.83748,996.78,1000,3.22,50.50,203,2.2499,-0.0618,LOCK,2,misalignment
943,472971,9698,9711,0.21450,0.11310,-0.85020,0.88411,996.78,1000,3.22,50.50,203,2.2559,0.0295,LOCK,2,misalignment
944,472979,9706,9719,0.30030,0.33150,-0.74490,0.86888,996.78,1000,3.22,50.50,203,2.2393,-0.2226,LOCK,2,misalignment
945,472989,9716,9729,0.07410,-0.13260,-0.54990,0.57049,996.78,1000,3.22,50.50,203,2.2751,0.3195,LOCK,2,misalignment
946,472997,9724,9737,-0.16380,0.16380,-0.97500,1.00214,996.77,1000,3.23,50.50,203,2.2645,0.1589,LOCK,2,misalignment
947,473010,9737,9750,-0.37050,0.00000,-0.74880,0.83545,996.77,1000,3.23,50.50,203,2.2694,0.2334,LOCK,2,misalignment
948,473019,9746,9759,-0.13260,-0.14430,-0.84240,0.86489,996.77,1000,3.23,50.50,203,2.2705,0.2502,LOCK,2,misalignment
949,473027,9754,9767,-0.13260,-0.14430,-0.84240,0.86489,996.77,1000,3.23,50.50,203,2.2324,-0.3276,LOCK,2,misalignment
950,473036,9763,9776,-0.05460,0.16770,-0.67080,0.69360,996.76,1000,3.24,50.50,203,2.2471,-0.1042,LOCK,2,misalignment
951,473044,9771,9784,0.21840,0.15600,-0.60840,0.66497,996.76,1000,3.24,50.50,203,2.2386,-0.2327,LOCK,2,misalignment
952,473053,9780,9793,-0.23010,0.14820,-0.68250,0.73533,996.76,1000,3.24,50.50,203,2.2629,0.1345,LOCK,2,misalignment
953,473091,9818,9831,0.12870,0.11700,-0.80340,0.82201,996.76,1000,3.24,50.50,203,2.2585,0.0689,LOCK,2,misalignment
954,473100,9827,9840,-0.02730,-0.06630,-0.65520,0.65911,996.76,1000,3.24,50.50,203,2.2586,0.0695,LOCK,2,misalignment
955,473109,9836,9849,-0.02730,-0.06630,-0.65520,0.65911,996.75,1000,3.25,50.50,203,2.2694,0.2328,LOCK,2,misalignment
956,473117,9844,9857,-0.18330,0.26520,-0.57330,0.65773,996.75,1000,3.25,50.50,203,2.2612,0.1092,LOCK,2,misalignment
957,473126,9853,9866,-0.24180,0.08580,-0.82680,0.86569,996.74,1000,3.26,50.50,203,2.2676,0.2056,LOCK,2,misalignment
958,473134,9861,9874,-0.10530,0.26910,-0.76830,0.82085,996.74,1000,3.26,50.50,203,2.2704,0.2481,LOCK,2,misalignment
959,473143,9870,9883,0.01560,-0.09750,-0.91260,0.91793,996.73,1000,3.27,50.50,203,2.2576,0.0551,LOCK,2,misalignment
960,473151,9878,9891,0.12870,-0.04680,-0.80340,0.81499,996.73,1000,3.27,50.50,203,2.2721,0.2743,LOCK,2,misalignment
961,473160,9887,9900,0.12870,-0.04680,-0.80340,0.81499,996.73,1000,3.27,50.50,203,2.2504,-0.0538,LOCK,2,misalignment
962,473168,9895,9908,0.03900,-0.05070,-0.75660,0.75930,996.71,1000,3.29,50.50,203,2.2524,-0.0245,LOCK,2,misalignment
963,473177,9904,9917,-0.37440,0.26520,-0.56940,0.73125,996.70,1000,3.30,50.50,203,2.2446,-0.1427,LOCK,2,misalignment
964,473185,9912,9925,-0.04680,0.11700,-0.76440,0.77472,996.69,1000,3.31,50.50,203,2.2575,0.0527,LOCK,2,misalignment
965,473200,9927,9940,-0.26520,0.20670,-0.88140,0.94336,996.67,1000,3.33,50.50,203,2.2682,0.2148,LOCK,2,misalignment
966,473213,9940,9953,0.09750,-0.19500,-0.88140,0.90796,996.66,1000,3.34,50.50,203,2.2671,0.1992,LOCK,2,misalignment
967,473222,9949,9962,0.09750,-0.19500,-0.88140,0.90796,996.66,1000,3.34,50.50,203,2.2683,0.2172,LOCK,2,misalignment
968,473230,9957,9970,0.22620,0.16380,-0.80340,0.85056,996.65,1000,3.35,50.50,203,2.2622,0.1241,LOCK,2,misalignment
969,473239,9966,9979,-0.16380,0.23400,-0.62790,0.68982,996.65,1000,3.35,50.50,203,2.2644,0.1580,LOCK,2,misalignment
970,473247,9974,9987,-0.32370,0.13650,-0.80730,0.88042,996.64,1000,3.36,50.50,203,2.2696,0.2365,LOCK,2,misalignment
