sample_index,time_ms_raw,time_ms_zero,elapsed_ms,ax_g,ay_g,az_g,total_g,rpm,target_rpm,rpm_error,pwm_eq,duty_10bit,acs_v,current_a,control_mode,state,fault_type
0,3837683,0,13,-0.28470,-0.09360,-0.81900,0.87211,971.73,1000,28.27,51.03,205,2.2534,-0.0096,LOCK,2,misalignment
1,3837692,9,22,-0.19890,0.11700,-0.93210,0.96024,971.73,1000,28.27,51.03,205,2.2437,-0.1555,LOCK,2,misalignment
2,3837701,18,31,0.15990,-0.08190,-0.75270,0.77384,971.73,1000,28.27,51.03,205,2.2535,-0.0077,LOCK,2,misalignment
3,3837711,28,41,0.01950,0.16770,-0.65520,0.67660,971.73,1000,28.27,51.03,205,2.2597,0.0863,LOCK,2,misalignment
4,3837721,38,51,0.01950,0.16770,-0.65520,0.67660,972.07,1000,27.93,51.03,205,2.2389,-0.2290,LOCK,2,misalignment
5,3837731,48,61,-0.00780,0.12870,-0.77220,0.78289,972.19,1000,27.81,51.03,205,2.2470,-0.1054,LOCK,2,misalignment
6,3837741,58,71,-0.05460,-0.01950,-0.67080,0.67330,972.21,1000,27.79,51.03,205,2.2423,-0.1765,LOCK,2,misalignment
7,3837751,68,81,-0.27300,-0.04290,-0.78390,0.83119,972.22,1000,27.78,51.03,205,2.2330,-0.3179,LOCK,2,misalignment
8,3837785,102,115,-0.12480,0.00390,-0.65910,0.67082,972.28,1000,27.72,51.03,205,2.2556,0.0243,LOCK,2,misalignment
9,3837793,110,123,-0.07020,-0.04290,-0.61620,0.62167,972.32,1000,27.68,51.03,205,2.2405,-0.2052,LOCK,2,misalignment
10,3837801,118,131,-0.07020,-0.04290,-0.61620,0.62167,972.37,1000,27.63,51.03,205,2.2490,-0.0758,LOCK,2,misalignment
11,3837810,127,140,-0.27300,-0.05070,-0.72540,0.77673,972.41,1000,27.59,51.03,205,2.2388,-0.2306,LOCK,2,misalignment
12,3837818,135,148,-0.21060,0.04290,-0.94380,0.96796,972.44,1000,27.56,51.03,205,2.2293,-0.3750,LOCK,2,misalignment
13,3837828,145,158,0.14820,-0.05460,-0.77610,0.79201,972.47,1000,27.53,51.03,205,2.2612,0.1095,LOCK,2,misalignment
14,3837836,153,166,0.05460,0.07410,-0.72930,0.73509,972.50,1000,27.50,51.03,205,2.2610,0.1067,LOCK,2,misalignment
15,3837845,162,175,-0.05070,-0.00780,-0.69420,0.69609,972.58,1000,27.42,51.03,205,2.2416,-0.1872,LOCK,2,misalignment
16,3837853,170,183,-0.05070,-0.00780,-0.69420,0.69609,972.65,1000,27.35,51.03,205,2.2386,-0.2339,LOCK,2,misalignment
17,3837862,179,192,-0.10530,0.07410,-0.59670,0.61043,972.71,1000,27.29,51.03,205,2.2510,-0.0450,LOCK,2,misalignment
18,3837870,187,200,-0.28860,-0.01950,-0.86970,0.91654,972.76,1000,27.24,51.03,205,2.2496,-0.0670,LOCK,2,misalignment
19,3837881,198,211,-0.20280,0.10530,-0.91650,0.94456,972.81,1000,27.19,51.03,205,2.2463,-0.1170,LOCK,2,misalignment
20,3837889,206,219,0.25740,0.05460,-0.85800,0.89744,972.85,1000,27.15,51.03,205,2.2524,-0.0242,LOCK,2,misalignment
21,3837897,214,227,0.08190,0.03120,-0.70200,0.70745,972.89,1000,27.11,51.03,205,2.2557,0.0261,LOCK,2,misalignment
22,3837906,223,236,-0.06630,0.02340,-0.74880,0.75209,972.98,1000,27.02,51.03,205,2.2485,-0.0838,LOCK,2,misalignment
23,3837932,249,262,-0.24960,0.05850,-0.80340,0.84331,973.07,1000,26.93,51.03,205,2.2534,-0.0096,LOCK,2,misalignment
24,3837941,258,271,-0.23790,-0.01950,-0.92040,0.95085,973.14,1000,26.86,51.03,205,2.2471,-0.1039,LOCK,2,misalignment
25,3837949,266,279,0.10920,-0.03900,-0.74100,0.75002,973.21,1000,26.79,51.03,205,2.2504,-0.0541,LOCK,2,misalignment
26,3837957,274,287,0.10530,0.10920,-0.76440,0.77931,973.27,1000,26.73,51.03,205,2.2376,-0.2483,LOCK,2,misalignment
27,3837966,283,296,0.10530,0.10920,-0.76440,0.77931,973.37,1000,26.63,51.03,205,2.2533,-0.0099,LOCK,2,misalignment
28,3837990,307,320,-0.30030,0.02730,-0.80730,0.86178,973.47,1000,26.53,51.03,205,2.2681,0.2133,LOCK,2,misalignment
29,3837999,316,329,-0.23010,0.03510,-0.93990,0.96829,973.55,1000,26.45,51.03,205,2.2544,0.0066,LOCK,2,misalignment
30,3838007,324,337,-0.23010,0.03510,-0.93990,0.96829,973.63,1000,26.37,51.03,205,2.2474,-0.0996,LOCK,2,misalignment
31,3838015,332,345,0.23790,0.01170,-0.86580,0.89797,973.70,1000,26.30,51.03,205,2.2460,-0.1210,LOCK,2,misalignment
32,3838079,396,409,0.14430,-0.03120,-0.72930,0.74409,973.81,1000,26.19,51.03,205,2.2540,-0.0001,LOCK,2,misalignment
33,3838088,405,418,0.06240,0.00390,-0.75270,0.75529,973.97,1000,26.03,51.03,205,2.2608,0.1031,LOCK,2,misalignment
34,3838096,413,426,-0.08970,0.01170,-0.77610,0.78135,974.12,1000,25.88,51.03,205,2.2549,0.0130,LOCK,2,misalignment
35,3838105,422,435,0.03120,0.15600,-0.77220,0.78842,974.24,1000,25.76,51.03,205,2.2365,-0.2645,LOCK,2,misalignment
36,3838113,430,443,-0.31980,0.09360,-0.87360,0.93499,974.36,1000,25.64,51.03,205,2.2621,0.1229,LOCK,2,misalignment
37,3838122,439,452,-0.24180,0.01170,-0.90090,0.93286,974.46,1000,25.54,51.03,205,2.2329,-0.3194,LOCK,2,misalignment
38,3838131,448,461,-0.24180,0.01170,-0.90090,0.93286,974.56,1000,25.44,51.03,205,2.2570,0.0451,LOCK,2,misalignment
39,3838140,457,470,0.24180,0.03120,-0.90090,0.93331,974.64,1000,25.36,51.03,205,2.2596,0.0851,LOCK,2,misalignment
40,3838148,465,478,0.14820,-0.01170,-0.74490,0.75959,974.77,1000,25.23,51.03,205,2.2419,-0.1836,LOCK,2,misalignment
41,3838156,473,486,-0.05460,0.05460,-0.68250,0.68685,974.90,1000,25.10,51.03,205,2.2544,0.0057,LOCK,2,misalignment
42,3838165,482,495,0.00390,0.05460,-0.77220,0.77414,975.00,1000,25.00,51.03,205,2.2416,-0.1875,LOCK,2,misalignment
43,3838173,490,503,-0.37050,0.12090,-0.80340,0.89294,975.10,1000,24.90,51.03,205,2.2433,-0.1616,LOCK,2,misalignment
44,3838194,511,524,0.21060,-0.01170,-0.74100,0.77044,975.19,1000,24.81,51.03,205,2.2357,-0.2767,LOCK,2,misalignment
45,3838202,519,532,0.21060,-0.01170,-0.74100,0.77044,975.27,1000,24.73,51.03,205,2.2441,-0.1506,LOCK,2,misalignment
46,3838211,528,541,0.01170,-0.05070,-0.72540,0.72726,975.40,1000,24.60,51.03,205,2.2253,-0.4342,LOCK,2,misalignment
47,3838219,536,549,-0.02730,0.06630,-0.83070,0.83379,975.51,1000,24.49,51.03,205,2.2526,-0.0218,LOCK,2,misalignment
48,3838240,557,570,-0.37050,0.06240,-0.90090,0.97611,975.61,1000,24.39,51.03,205,2.2606,0.1006,LOCK,2,misalignment
49,3838248,565,578,-0.21060,-0.04680,-0.80340,0.83186,975.70,1000,24.30,51.03,205,2.2323,-0.3295,LOCK,2,misalignment
50,3838256,573,586,0.24570,0.03120,-0.91260,0.94561,975.79,1000,24.21,51.03,205,2.2571,0.0463,LOCK,2,misalignment
51,3838265,582,595,0.24570,0.03120,-0.91260,0.94561,975.86,1000,24.14,51.03,205,2.2372,-0.2541,LOCK,2,misalignment
52,3838273,590,603,0.02730,0.03900,-0.73710,0.73864,975.99,1000,24.01,51.03,205,2.2448,-0.1387,LOCK,2,misalignment
53,3838291,608,621,-0.02340,-0.00390,-0.70980,0.71020,976.10,1000,23.90,51.03,205,2.2648,0.1641,LOCK,2,misalignment
54,3838299,616,629,-0.38610,0.21840,-0.81120,0.92456,976.20,1000,23.80,51.03,205,2.2577,0.0561,LOCK,2,misalignment
55,3838308,625,638,-0.17160,-0.10530,-0.90870,0.93074,976.29,1000,23.71,51.03,205,2.2358,-0.2751,LOCK,2,misalignment
56,3838316,633,646,0.21450,0.00780,-0.81120,0.83912,976.37,1000,23.63,51.03,205,2.2455,-0.1286,LOCK,2,misalignment
57,3838325,642,655,0.21450,0.00780,-0.81120,0.83912,976.45,1000,23.55,51.03,205,2.2461,-0.1204,LOCK,2,misalignment
58,3838333,650,663,-0.02730,0.00390,-0.68250,0.68306,976.56,1000,23.44,51.03,205,2.2413,-0.1924,LOCK,2,misalignment
59,3838398,715,728,-0.10920,-0.05460,-0.54990,0.56329,976.71,1000,23.29,51.03,205,2.2575,0.0533,LOCK,2,misalignment
60,3838407,724,737,-0.10920,-0.03900,-0.70980,0.71921,976.85,1000,23.15,51.03,205,2.2505,-0.0526,LOCK,2,misalignment
61,3838415,732,745,0.05850,-0.17550,-0.81510,0.83583,976.97,1000,23.03,51.03,205,2.2492,-0.0725,LOCK,2,misalignment
62,3838423,740,753,-0.37440,0.26130,-0.92820,1.03441,977.08,1000,22.92,51.03,205,2.2552,0.0188,LOCK,2,misalignment
63,3838432,749,762,-0.10530,-0.12480,-0.92430,0.93861,977.18,1000,22.82,51.03,205,2.2486,-0.0813,LOCK,2,misalignment
64,3838443,760,773,0.21060,0.00000,-0.72150,0.75161,977.27,1000,22.73,51.03,205,2.2558,0.0277,LOCK,2,misalignment
65,3838452,769,782,-0.12870,0.04290,-0.70590,0.71882,977.35,1000,22.65,51.03,205,2.2584,0.0664,LOCK,2,misalignment
66,3838460,777,790,-0.10140,0.08970,-0.77220,0.78398,977.45,1000,22.55,51.03,205,2.2515,-0.0386,LOCK,2,misalignment
67,3838468,785,798,-0.10140,0.08970,-0.77220,0.78398,977.55,1000,22.45,51.03,205,2.2499,-0.0621,LOCK,2,misalignment
68,3838477,794,807,0.08580,-0.05850,-0.67470,0.68264,977.64,1000,22.36,51.03,205,2.2469,-0.1073,LOCK,2,misalignment
69,3838485,802,815,-0.37440,0.06630,-0.86970,0.94918,977.71,1000,22.29,51.03,205,2.2555,0.0228,LOCK,2,misalignment
70,3838543,860,873,-0.43680,-0.07020,-0.92430,1.02472,977.82,1000,22.18,51.03,205,2.2672,0.1998,LOCK,2,misalignment
71,3838551,868,881,-0.43680,-0.07020,-0.92430,1.02472,977.91,1000,22.09,51.03,205,2.2571,0.0469,LOCK,2,misalignment
72,3838560,877,890,-0.02730,-0.11700,-0.90090,0.90888,978.00,1000,22.00,51.03,205,2.2494,-0.0703,LOCK,2,misalignment
73,3838568,885,898,0.17160,0.04290,-0.69810,0.72016,978.07,1000,21.93,51.03,205,2.2417,-0.1866,LOCK,2,misalignment
74,3838577,894,907,-0.14040,0.14430,-0.77610,0.80179,978.17,1000,21.83,51.03,205,2.2481,-0.0899,LOCK,2,misalignment
75,3838585,902,915,-0.14820,0.06240,-0.62790,0.64816,978.26,1000,21.74,51.03,205,2.2510,-0.0462,LOCK,2,misalignment
76,3838604,921,934,-0.37050,0.02730,-0.89700,0.97089,978.33,1000,21.67,51.03,205,2.2617,0.1168,LOCK,2,misalignment
77,3838612,929,942,-0.37050,0.02730,-0.89700,0.97089,978.40,1000,21.60,51.03,205,2.2556,0.0249,LOCK,2,misalignment
78,3838621,938,951,-0.10140,-0.12870,-0.85410,0.86967,978.47,1000,21.53,51.03,205,2.2605,0.0982,LOCK,2,misalignment
79,3838629,946,959,0.17550,-0.02340,-0.84630,0.86462,978.52,1000,21.48,51.03,205,2.2390,-0.2272,LOCK,2,misalignment
80,3838638,955,968,-0.21060,-0.03120,-0.55380,0.59331,978.60,1000,21.40,51.03,205,2.2404,-0.2068,LOCK,2,misalignment
81,3838646,963,976,-0.21450,0.00780,-0.57720,0.61582,978.68,1000,21.32,51.03,205,2.2433,-0.1625,LOCK,2,misalignment
82,3838655,972,985,-0.21450,0.00780,-0.57720,0.61582,978.74,1000,21.26,51.03,205,2.2520,-0.0309,LOCK,2,misalignment
83,3838704,1021,1034,-0.12090,0.13260,-0.73710,0.75863,978.82,1000,21.18,51.03,205,2.2564,0.0365,LOCK,2,misalignment
84,3838713,1030,1043,-0.12480,0.03510,-0.66300,0.67556,978.90,1000,21.10,51.03,205,2.2461,-0.1195,LOCK,2,misalignment
85,3838721,1038,1051,-0.10140,-0.07020,-0.72930,0.73965,978.96,1000,21.04,51.03,205,2.2449,-0.1381,LOCK,2,misalignment
86,3838730,1047,1060,-0.33150,-0.01950,-0.96330,1.01893,979.02,1000,20.98,51.03,205,2.2437,-0.1567,LOCK,2,misalignment
87,3838738,1055,1068,-0.03510,-0.16770,-0.84630,0.86347,979.07,1000,20.93,51.03,205,2.2613,0.1107,LOCK,2,misalignment
88,3838752,1069,1082,0.17940,-0.02730,-0.86190,0.88080,979.12,1000,20.88,51.03,205,2.2602,0.0939,LOCK,2,misalignment
89,3838760,1077,1090,-0.21060,0.20280,-0.64350,0.70680,979.19,1000,20.81,51.03,205,2.2423,-0.1769,LOCK,2,misalignment
90,3838769,1086,1099,-0.22230,0.06240,-0.60060,0.64345,979.25,1000,20.75,51.03,205,2.2499,-0.0624,LOCK,2,misalignment
91,3838777,1094,1107,-0.22230,0.06240,-0.60060,0.64345,979.30,1000,20.70,51.03,205,2.2439,-0.1524,LOCK,2,misalignment
92,3838785,1102,1115,-0.15600,-0.10920,-0.65520,0.68231,979.35,1000,20.65,51.03,205,2.2395,-0.2190,LOCK,2,misalignment
93,3838855,1172,1185,-0.39390,0.02340,-0.98670,1.06268,979.41,1000,20.59,51.03,205,2.2530,-0.0145,LOCK,2,misalignment
94,3838864,1181,1194,0.03510,-0.18720,-0.85020,0.87127,979.47,1000,20.53,51.03,205,2.2401,-0.2107,LOCK,2,misalignment
95,3838872,1189,1202,0.17550,0.03120,-0.79170,0.81152,979.52,1000,20.48,51.03,205,2.2562,0.0332,LOCK,2,misalignment
96,3838881,1198,1211,-0.21840,0.13260,-0.69030,0.73607,979.59,1000,20.41,51.03,205,2.2407,-0.2013,LOCK,2,misalignment
97,3838889,1206,1219,-0.21840,0.13260,-0.69030,0.73607,979.65,1000,20.35,51.03,205,2.2380,-0.2419,LOCK,2,misalignment
98,3838905,1222,1235,-0.16770,-0.07410,-0.74100,0.76334,979.70,1000,20.30,51.03,205,2.2634,0.1424,LOCK,2,misalignment
99,3838913,1230,1243,-0.39780,0.04290,-0.99060,1.06835,979.75,1000,20.25,51.03,205,2.2602,0.0939,LOCK,2,misalignment
100,3838921,1238,1251,-0.39780,0.04290,-0.99060,1.06835,979.79,1000,20.21,51.03,205,2.2283,-0.3893,LOCK,2,misalignment
101,3838930,1247,1260,0.03510,-0.07020,-0.83850,0.84217,979.83,1000,20.17,51.03,205,2.2333,-0.3130,LOCK,2,misalignment
102,3838938,1255,1268,0.22230,0.08970,-0.88920,0.92095,979.87,1000,20.13,51.03,205,2.2334,-0.3118,LOCK,2,misalignment
103,3838947,1264,1277,-0.09360,-0.00390,-0.68640,0.69276,979.92,1000,20.08,51.03,205,2.2424,-0.1756,LOCK,2,misalignment
104,3839011,1328,1341,-0.19500,0.04680,-0.63180,0.66286,979.99,1000,20.01,51.03,205,2.2639,0.1507,LOCK,2,misalignment
105,3839019,1336,1349,-0.11310,0.09360,-0.57720,0.59558,980.06,1000,19.94,51.03,205,2.2452,-0.1338,LOCK,2,misalignment
106,3839027,1344,1357,-0.26130,-0.09360,-0.64350,0.70081,980.12,1000,19.88,51.03,205,2.2312,-0.3447,LOCK,2,misalignment
107,3839036,1353,1366,-0.34320,0.09750,-1.08810,1.14510,980.17,1000,19.83,51.03,205,2.2547,0.0100,LOCK,2,misalignment
108,3839044,1361,1374,-0.34320,0.09750,-1.08810,1.14510,980.22,1000,19.78,51.03,205,2.2417,-0.1857,LOCK,2,misalignment
109,3839061,1378,1391,0.29250,-0.00780,-0.83460,0.88441,980.26,1000,19.74,51.03,205,2.2704,0.2481,LOCK,2,misalignment
110,3839069,1386,1399,-0.16380,-0.04290,-0.60840,0.63152,980.33,1000,19.67,51.03,205,2.2551,0.0173,LOCK,2,misalignment
111,3839078,1395,1408,-0.14040,0.05850,-0.60060,0.61956,980.39,1000,19.61,51.03,205,2.2440,-0.1515,LOCK,2,misalignment
112,3839086,1403,1416,-0.14820,0.03510,-0.90870,0.92137,980.45,1000,19.55,51.03,205,2.2439,-0.1530,LOCK,2,misalignment
113,3839095,1412,1425,-0.14820,0.03510,-0.90870,0.92137,980.50,1000,19.50,51.03,205,2.2393,-0.2223,LOCK,2,misalignment
114,3839157,1474,1487,-0.20670,0.04290,-0.72150,0.75175,980.57,1000,19.43,51.03,205,2.2613,0.1101,LOCK,2,misalignment
115,3839166,1483,1496,-0.18720,0.10920,-1.03350,1.05598,980.63,1000,19.37,51.03,205,2.2677,0.2081,LOCK,2,misalignment
116,3839174,1491,1504,0.12870,-0.09750,-0.78000,0.79654,980.68,1000,19.32,51.03,205,2.2481,-0.0895,LOCK,2,misalignment
117,3839183,1500,1513,0.21450,-0.08580,-0.80340,0.83596,980.73,1000,19.27,51.03,205,2.2391,-0.2263,LOCK,2,misalignment
118,3839191,1508,1521,-0.08190,0.23400,-0.79170,0.82961,980.81,1000,19.19,51.03,205,2.2397,-0.2162,LOCK,2,misalignment
119,3839200,1517,1530,-0.01950,0.13260,-0.65910,0.67259,980.89,1000,19.11,51.03,205,2.2363,-0.2684,LOCK,2,misalignment
120,3839212,1529,1542,-0.15600,0.00390,-0.81120,0.82607,980.95,1000,19.05,51.03,205,2.2660,0.1812,LOCK,2,misalignment
121,3839221,1538,1551,-0.31200,0.12090,-0.88530,0.94642,981.01,1000,18.99,51.03,205,2.2586,0.0698,LOCK,2,misalignment
122,3839229,1546,1559,-0.31200,0.12090,-0.88530,0.94642,981.07,1000,18.93,51.03,205,2.2483,-0.0871,LOCK,2,misalignment
123,3839238,1555,1568,0.27690,0.00390,-0.90090,0.94250,981.11,1000,18.89,51.03,205,2.2389,-0.2290,LOCK,2,misalignment
124,3839246,1563,1576,0.19890,-0.03900,-0.79950,0.82479,981.16,1000,18.84,51.03,205,2.2407,-0.2019,LOCK,2,misalignment
125,3839315,1632,1645,-0.07020,0.19110,-0.76830,0.79482,981.23,1000,18.77,51.03,205,2.2648,0.1638,LOCK,2,misalignment
126,3839323,1640,1653,-0.00390,0.03900,-0.63960,0.64080,981.29,1000,18.71,51.03,205,2.2640,0.1519,LOCK,2,misalignment
127,3839331,1648,1661,-0.00390,0.03900,-0.63960,0.64080,981.35,1000,18.65,51.03,205,2.2257,-0.4281,LOCK,2,misalignment
128,3839340,1657,1670,-0.21060,-0.09360,-0.77220,0.80586,981.40,1000,18.60,51.03,205,2.2377,-0.2477,LOCK,2,misalignment
129,3839348,1665,1678,-0.28080,0.08580,-0.83460,0.88474,981.45,1000,18.55,51.03,205,2.2549,0.0133,LOCK,2,misalignment
130,3839357,1674,1687,0.28080,0.02730,-0.95550,0.99628,981.49,1000,18.51,51.03,205,2.2456,-0.1268,LOCK,2,misalignment
131,3839365,1682,1695,0.04290,0.01170,-0.69030,0.69173,981.52,1000,18.48,51.03,205,2.2657,0.1775,LOCK,2,misalignment
132,3839374,1691,1704,0.00000,-0.19110,-0.73710,0.76147,981.60,1000,18.40,51.03,205,2.2583,0.0649,LOCK,2,misalignment
133,3839382,1699,1712,0.00000,-0.19110,-0.73710,0.76147,981.66,1000,18.34,51.03,205,2.2468,-0.1088,LOCK,2,misalignment
134,3839391,1708,1721,0.02340,0.01950,-0.70590,0.70656,981.72,1000,18.28,51.03,205,2.2592,0.0780,LOCK,2,misalignment
135,3839399,1716,1729,-0.23010,-0.03120,-0.77220,0.80636,981.78,1000,18.22,51.03,205,2.2449,-0.1384,LOCK,2,misalignment
136,3839408,1725,1738,-0.19890,0.08190,-0.96330,0.98702,981.83,1000,18.17,51.03,205,2.2579,0.0591,LOCK,2,misalignment
137,3839464,1781,1794,-0.34320,0.14820,-0.88530,0.96099,981.90,1000,18.10,51.03,205,2.2583,0.0649,LOCK,2,misalignment
138,3839473,1790,1803,-0.19500,0.04290,-0.90090,0.92276,981.97,1000,18.03,51.03,205,2.2566,0.0399,LOCK,2,misalignment
139,3839481,1798,1811,0.27300,-0.01170,-0.83850,0.88190,982.04,1000,17.96,51.03,205,2.2439,-0.1530,LOCK,2,misalignment
140,3839490,1807,1820,0.00390,0.10140,-0.65910,0.66687,982.10,1000,17.90,51.03,205,2.2299,-0.3646,LOCK,2,misalignment
141,3839498,1815,1828,-0.10920,0.05460,-0.82290,0.83191,982.18,1000,17.82,51.03,205,2.2495,-0.0688,LOCK,2,misalignment
142,3839507,1824,1837,0.04290,0.07020,-0.84240,0.84641,982.25,1000,17.75,51.03,205,2.2451,-0.1350,LOCK,2,misalignment
143,3839526,1843,1856,-0.42120,0.01950,-0.85800,0.95601,982.32,1000,17.68,51.03,205,2.2617,0.1165,LOCK,2,misalignment
144,3839534,1851,1864,-0.22230,-0.01950,-0.86580,0.89410,982.38,1000,17.62,51.03,205,2.2480,-0.0908,LOCK,2,misalignment
145,3839543,1860,1873,0.20280,-0.03120,-0.83460,0.85945,982.44,1000,17.56,51.03,205,2.2691,0.2282,LOCK,2,misalignment
146,3839551,1868,1881,0.08970,0.20670,-0.81900,0.84943,982.49,1000,17.51,51.03,205,2.2359,-0.2736,LOCK,2,misalignment
147,3839560,1877,1890,-0.12480,-0.06630,-0.63570,0.65122,982.56,1000,17.44,51.03,205,2.2436,-0.1576,LOCK,2,misalignment
148,3839568,1885,1898,-0.01560,0.00000,-0.72540,0.72557,982.63,1000,17.37,51.03,205,2.2513,-0.0407,LOCK,2,misalignment
149,3839577,1894,1907,-0.01560,0.00000,-0.72540,0.72557,982.70,1000,17.30,51.03,205,2.2522,-0.0267,LOCK,2,misalignment
150,3839625,1942,1955,-0.04290,0.19890,-0.74880,0.77595,982.79,1000,17.21,51.03,205,2.2558,0.0280,LOCK,2,misalignment
151,3839634,1951,1964,0.03900,-0.05850,-0.74880,0.75209,982.87,1000,17.13,51.03,205,2.2494,-0.0700,LOCK,2,misalignment
152,3839642,1959,1972,-0.39000,0.11310,-0.94770,1.03103,982.94,1000,17.06,51.03,205,2.2466,-0.1115,LOCK,2,misalignment
153,3839650,1967,1980,-0.17550,-0.06240,-0.82680,0.84752,983.00,1000,17.00,51.03,205,2.2500,-0.0609,LOCK,2,misalignment
154,3839659,1976,1989,-0.17550,-0.06240,-0.82680,0.84752,983.06,1000,16.94,51.03,205,2.2404,-0.2062,LOCK,2,misalignment
155,3839673,1990,2003,-0.02340,0.15210,-0.78780,0.80269,983.11,1000,16.89,51.03,205,2.2630,0.1363,LOCK,2,misalignment
156,3839682,1999,2012,-0.19500,-0.01560,-0.58500,0.61684,983.19,1000,16.81,51.03,205,2.2405,-0.2043,LOCK,2,misalignment
157,3839690,2007,2020,-0.19500,-0.01560,-0.58500,0.61684,983.27,1000,16.73,51.03,205,2.2544,0.0066,LOCK,2,misalignment
158,3839699,2016,2029,0.01560,-0.07020,-0.73320,0.73672,983.33,1000,16.67,51.03,205,2.2474,-0.1005,LOCK,2,misalignment
159,3839707,2024,2037,-0.44850,0.08580,-0.92820,1.03444,983.39,1000,16.61,51.03,205,2.2483,-0.0871,LOCK,2,misalignment
160,3839730,2047,2060,0.24960,0.01950,-0.83460,0.87134,983.44,1000,16.56,51.03,205,2.2576,0.0539,LOCK,2,misalignment
161,3839738,2055,2068,-0.10920,0.12090,-0.67080,0.69030,983.52,1000,16.48,51.03,205,2.2567,0.0405,LOCK,2,misalignment
162,3839747,2064,2077,-0.00390,0.10530,-0.67080,0.67903,983.59,1000,16.41,51.03,205,2.2574,0.0512,LOCK,2,misalignment
163,3839755,2072,2085,-0.09750,-0.08190,-0.60450,0.61777,983.66,1000,16.34,51.03,205,2.2545,0.0069,LOCK,2,misalignment
164,3839764,2081,2094,-0.34320,0.06630,-0.97500,1.03576,983.71,1000,16.29,51.03,205,2.2613,0.1104,LOCK,2,misalignment
165,3839772,2089,2102,-0.34320,0.06630,-0.97500,1.03576,983.76,1000,16.24,51.03,205,2.2542,0.0029,LOCK,2,misalignment
166,3839781,2098,2111,-0.07020,-0.02340,-0.85800,0.86118,983.81,1000,16.19,51.03,205,2.2580,0.0603,LOCK,2,misalignment
167,3839789,2106,2119,0.31590,0.09750,-0.85020,0.91222,983.85,1000,16.15,51.03,205,2.2403,-0.2071,LOCK,2,misalignment
168,3839798,2115,2128,-0.04680,0.07020,-0.65520,0.66061,983.93,1000,16.07,51.03,205,2.2366,-0.2635,LOCK,2,misalignment
169,3839806,2123,2136,-0.13650,0.09750,-0.59670,0.61983,984.00,1000,16.00,51.03,205,2.2334,-0.3115,LOCK,2,misalignment
170,3839815,2132,2145,-0.05070,-0.01170,-0.79950,0.80119,984.06,1000,15.94,51.03,205,2.2546,0.0094,LOCK,2,misalignment
171,3839830,2147,2160,-0.38610,0.09750,-0.95940,1.03876,984.12,1000,15.88,51.03,205,2.2580,0.0603,LOCK,2,misalignment
172,3839838,2155,2168,0.05070,-0.12090,-0.87750,0.88724,984.17,1000,15.83,51.03,205,2.2593,0.0799,LOCK,2,misalignment
173,3839846,2163,2176,0.15210,-0.04290,-0.74880,0.76529,984.21,1000,15.79,51.03,205,2.2610,0.1064,LOCK,2,misalignment
174,3839855,2172,2185,0.15210,-0.04290,-0.74880,0.76529,984.26,1000,15.74,51.03,205,2.2586,0.0692,LOCK,2,misalignment
175,3839863,2180,2193,-0.16380,0.00000,-0.71760,0.73606,984.31,1000,15.69,51.03,205,2.2593,0.0808,LOCK,2,misalignment
176,3839872,2189,2202,-0.03510,0.00780,-0.70200,0.70292,984.37,1000,15.63,51.03,205,2.2620,0.1214,LOCK,2,misalignment
177,3839881,2198,2211,-0.05070,-0.10140,-0.67470,0.68416,984.42,1000,15.58,51.03,205,2.2605,0.0982,LOCK,2,misalignment
178,3839889,2206,2219,-0.42900,0.01560,-0.99060,1.07962,984.46,1000,15.54,51.03,205,2.2428,-0.1701,LOCK,2,misalignment
179,3839897,2214,2227,-0.00780,-0.15600,-0.87750,0.89129,984.50,1000,15.50,51.03,205,2.2453,-0.1323,LOCK,2,misalignment
180,3839906,2223,2236,-0.00780,-0.15600,-0.87750,0.89129,984.53,1000,15.47,51.03,205,2.2352,-0.2846,LOCK,2,misalignment
181,3839914,2231,2244,0.24180,-0.00390,-0.87750,0.91021,984.56,1000,15.44,51.03,205,2.2393,-0.2223,LOCK,2,misalignment
182,3839935,2252,2265,-0.07800,0.04680,-0.62010,0.62674,984.61,1000,15.39,51.03,205,2.2615,0.1131,LOCK,2,misalignment
183,3839943,2260,2273,-0.11310,0.00390,-0.76440,0.77273,984.65,1000,15.35,51.03,205,2.2566,0.0399,LOCK,2,misalignment
184,3839952,2269,2282,-0.40560,0.10920,-0.96330,1.05090,984.69,1000,15.31,51.03,205,2.2592,0.0793,LOCK,2,misalignment
185,3839960,2277,2290,0.15600,-0.08580,-0.94770,0.96428,984.72,1000,15.28,51.03,205,2.2344,-0.2968,LOCK,2,misalignment
186,3839969,2286,2299,0.23010,-0.08580,-0.73710,0.77693,984.75,1000,15.25,51.03,205,2.2418,-0.1851,LOCK,2,misalignment
187,3839977,2294,2307,0.23010,-0.08580,-0.73710,0.77693,984.77,1000,15.23,51.03,205,2.2410,-0.1973,LOCK,2,misalignment
188,3839986,2303,2316,-0.26130,-0.08580,-0.59280,0.65349,984.84,1000,15.16,51.03,205,2.2445,-0.1439,LOCK,2,misalignment
189,3840031,2348,2361,0.19110,-0.01170,-0.85410,0.87530,984.90,1000,15.10,51.03,205,2.2527,-0.0203,LOCK,2,misalignment
190,3840040,2357,2370,0.19110,-0.01170,-0.85410,0.87530,984.97,1000,15.03,51.03,205,2.2567,0.0411,LOCK,2,misalignment
191,3840048,2365,2378,-0.26910,-0.01170,-0.60840,0.66536,985.04,1000,14.96,51.03,205,2.2591,0.0768,LOCK,2,misalignment
192,3840057,2374,2387,-0.07800,-0.05070,-0.67080,0.67722,985.10,1000,14.90,51.03,205,2.2538,-0.0035,LOCK,2,misalignment
193,3840065,2382,2395,-0.23400,-0.12480,-0.69810,0.74678,985.16,1000,14.84,51.03,205,2.2545,0.0069,LOCK,2,misalignment
194,3840073,2390,2403,-0.26520,0.10920,-0.99840,1.03878,985.21,1000,14.79,51.03,205,2.2623,0.1250,LOCK,2,misalignment
195,3840082,2399,2412,0.16770,-0.03510,-0.92820,0.94388,985.26,1000,14.74,51.03,205,2.2586,0.0704,LOCK,2,misalignment
196,3840090,2407,2420,0.16770,-0.03510,-0.92820,0.94388,985.30,1000,14.70,51.03,205,2.2678,0.2096,LOCK,2,misalignment
197,3840099,2416,2429,0.19500,-0.03900,-0.72150,0.74840,985.33,1000,14.67,51.03,205,2.2495,-0.0676,LOCK,2,misalignment
198,3840107,2424,2437,-0.09360,0.24180,-0.75660,0.79979,985.39,1000,14.61,51.03,205,2.2490,-0.0758,LOCK,2,misalignment
199,3840116,2433,2446,-0.08580,0.05850,-0.72540,0.73280,985.44,1000,14.56,51.03,205,2.2418,-0.1842,LOCK,2,misalignment
200,3840124,2441,2454,-0.20280,-0.06240,-0.76440,0.79330,985.49,1000,14.51,51.03,205,2.2525,-0.0233,LOCK,2,misalignment
201,3840140,2457,2470,-0.25740,0.08970,-0.95160,0.98987,985.53,1000,14.47,51.03,205,2.2647,0.1623,LOCK,2,misalignment
202,3840148,2465,2478,0.15210,-0.12090,-0.74100,0.76605,985.57,1000,14.43,51.03,205,2.2578,0.0576,LOCK,2,misalignment
203,3840157,2474,2487,0.08970,0.05070,-0.85020,0.85642,985.61,1000,14.39,51.03,205,2.2578,0.0579,LOCK,2,misalignment
204,3840165,2482,2495,-0.17550,-0.08190,-0.66690,0.69445,985.66,1000,14.34,51.03,205,2.2519,-0.0325,LOCK,2,misalignment
205,3840174,2491,2504,-0.01950,-0.04680,-0.68640,0.68827,985.71,1000,14.29,51.03,205,2.2566,0.0390,LOCK,2,misalignment
206,3840182,2499,2512,-0.01950,-0.04680,-0.68640,0.68827,985.75,1000,14.25,51.03,205,2.2558,0.0274,LOCK,2,misalignment
207,3840191,2508,2521,-0.20670,-0.02340,-0.78000,0.80726,985.79,1000,14.21,51.03,205,2.2569,0.0435,LOCK,2,misalignment
208,3840199,2516,2529,-0.20280,0.08190,-0.98280,1.00684,985.82,1000,14.18,51.03,205,2.2471,-0.1045,LOCK,2,misalignment
209,3840208,2525,2538,0.20670,0.01560,-0.84630,0.87132,985.86,1000,14.14,51.03,205,2.2345,-0.2956,LOCK,2,misalignment
210,3840216,2533,2546,0.07800,0.03900,-0.74100,0.74611,985.88,1000,14.12,51.03,205,2.2485,-0.0831,LOCK,2,misalignment
211,3840225,2542,2555,0.07800,0.03900,-0.74100,0.74611,985.94,1000,14.06,51.03,205,2.2523,-0.0261,LOCK,2,misalignment
212,3840238,2555,2568,-0.07410,0.15600,-0.63180,0.65498,985.99,1000,14.01,51.03,205,2.2597,0.0860,LOCK,2,misalignment
213,3840247,2564,2577,-0.31980,0.00780,-0.80730,0.86837,986.04,1000,13.96,51.03,205,2.2590,0.0765,LOCK,2,misalignment
214,3840255,2572,2585,-0.31980,0.00780,-0.80730,0.86837,986.08,1000,13.92,51.03,205,2.2638,0.1492,LOCK,2,misalignment
215,3840264,2581,2594,-0.18330,0.03510,-0.86190,0.88187,986.12,1000,13.88,51.03,205,2.2497,-0.0645,LOCK,2,misalignment
216,3840272,2589,2602,0.21060,0.06240,-0.86970,0.89701,986.16,1000,13.84,51.03,205,2.2441,-0.1506,LOCK,2,misalignment
217,3840281,2598,2611,0.08190,0.10530,-0.83850,0.84905,986.19,1000,13.81,51.03,205,2.2489,-0.0767,LOCK,2,misalignment
218,3840289,2606,2619,-0.05070,0.08970,-0.69810,0.70566,986.24,1000,13.76,51.03,205,2.2391,-0.2251,LOCK,2,misalignment
219,3840343,2660,2673,0.10530,0.10140,-0.74880,0.76294,986.28,1000,13.72,51.03,205,2.2614,0.1128,LOCK,2,misalignment
220,3840352,2669,2682,-0.02730,-0.08190,-0.68640,0.69181,986.34,1000,13.66,51.03,205,2.2605,0.0985,LOCK,2,misalignment
221,3840360,2677,2690,0.02730,0.12090,-0.83460,0.84375,986.39,1000,13.61,51.03,205,2.2651,0.1678,LOCK,2,misalignment
222,3840369,2686,2699,-0.39390,0.05460,-0.95940,1.03855,986.44,1000,13.56,51.03,205,2.2486,-0.0825,LOCK,2,misalignment
223,3840377,2694,2707,-0.39390,0.05460,-0.95940,1.03855,986.48,1000,13.52,51.03,205,2.2502,-0.0578,LOCK,2,misalignment
224,3840386,2703,2716,-0.18330,-0.08190,-0.86580,0.88877,986.52,1000,13.48,51.03,205,2.2317,-0.3374,LOCK,2,misalignment
225,3840394,2711,2724,0.29250,0.07800,-0.86970,0.92088,986.56,1000,13.44,51.03,205,2.2506,-0.0508,LOCK,2,misalignment
226,3840435,2752,2765,-0.42900,0.01950,-0.85410,0.95599,986.61,1000,13.39,51.03,205,2.2600,0.0909,LOCK,2,misalignment
227,3840443,2760,2773,-0.17940,-0.06630,-0.96720,0.98593,986.66,1000,13.34,51.03,205,2.2606,0.1003,LOCK,2,misalignment
228,3840452,2769,2782,0.24960,0.05070,-0.84240,0.88006,986.70,1000,13.30,51.03,205,2.2602,0.0942,LOCK,2,misalignment
229,3840460,2777,2790,0.24960,0.05070,-0.84240,0.88006,986.74,1000,13.26,51.03,205,2.2409,-0.1985,LOCK,2,misalignment
230,3840469,2786,2799,-0.05070,-0.08970,-0.67860,0.68638,986.79,1000,13.21,51.03,205,2.2490,-0.0761,LOCK,2,misalignment
231,3840477,2794,2807,-0.04290,0.03120,-0.70590,0.70789,986.83,1000,13.17,51.03,205,2.2569,0.0438,LOCK,2,misalignment
232,3840486,2803,2816,0.02730,-0.02340,-0.62400,0.62504,986.87,1000,13.13,51.03,205,2.2511,-0.0444,LOCK,2,misalignment
233,3840495,2812,2825,-0.33150,0.19110,-1.06860,1.13504,986.91,1000,13.09,51.03,205,2.2584,0.0664,LOCK,2,misalignment
234,3840503,2820,2833,-0.08190,0.00390,-0.84630,0.85026,986.94,1000,13.06,51.03,205,2.2434,-0.1601,LOCK,2,misalignment
235,3840512,2829,2842,-0.08190,0.00390,-0.84630,0.85026,986.97,1000,13.03,51.03,205,2.2428,-0.1695,LOCK,2,misalignment
236,3840520,2837,2850,0.28470,0.01560,-0.86190,0.90784,987.00,1000,13.00,51.03,205,2.2255,-0.4320,LOCK,2,misalignment
237,3840529,2846,2859,-0.12870,0.01950,-0.58890,0.60311,987.03,1000,12.97,51.03,205,2.2483,-0.0871,LOCK,2,misalignment
238,3840548,2865,2878,0.07800,0.00390,-0.76440,0.76838,987.05,1000,12.95,51.03,205,2.2585,0.0689,LOCK,2,misalignment
239,3840557,2874,2887,-0.31590,0.11700,-0.95160,1.00947,987.07,1000,12.93,51.03,205,2.2536,-0.0059,LOCK,2,misalignment
240,3840565,2882,2895,-0.04290,-0.08190,-0.88920,0.89399,987.09,1000,12.91,51.03,205,2.2553,0.0200,LOCK,2,misalignment
241,3840574,2891,2904,-0.04290,-0.08190,-0.88920,0.89399,987.11,1000,12.89,51.03,205,2.2431,-0.1656,LOCK,2,misalignment
242,3840582,2899,2912,0.20280,-0.05070,-0.77220,0.79999,987.12,1000,12.88,51.03,205,2.2568,0.0417,LOCK,2,misalignment
243,3840593,2910,2923,-0.15990,0.08580,-0.68250,0.70621,987.15,1000,12.85,51.03,205,2.2526,-0.0212,LOCK,2,misalignment
244,3840601,2918,2931,-0.14040,0.03120,-0.65910,0.67461,987.18,1000,12.82,51.03,205,2.2629,0.1351,LOCK,2,misalignment
245,3840610,2927,2940,-0.19110,-0.10140,-0.64740,0.68259,987.21,1000,12.79,51.03,205,2.2343,-0.2990,LOCK,2,misalignment
246,3840618,2935,2948,-0.38610,0.08190,-1.01010,1.08447,987.24,1000,12.76,51.03,205,2.2393,-0.2223,LOCK,2,misalignment
247,3840627,2944,2957,-0.03510,-0.09360,-0.83070,0.83669,987.26,1000,12.74,51.03,205,2.2381,-0.2403,LOCK,2,misalignment
248,3840635,2952,2965,-0.03510,-0.09360,-0.83070,0.83669,987.28,1000,12.72,51.03,205,2.2524,-0.0245,LOCK,2,misalignment
249,3840646,2963,2976,-0.24960,-0.05460,-0.54210,0.59929,987.32,1000,12.68,51.03,205,2.2580,0.0600,LOCK,2,misalignment
250,3840655,2972,2985,-0.24960,-0.05460,-0.54210,0.59929,987.36,1000,12.64,51.03,205,2.2627,0.1318,LOCK,2,misalignment
251,3840663,2980,2993,-0.10530,0.18720,-0.72540,0.75653,987.40,1000,12.60,51.03,205,2.2502,-0.0569,LOCK,2,misalignment
252,3840672,2989,3002,-0.16380,-0.10140,-0.76440,0.78830,987.43,1000,12.57,51.03,205,2.2515,-0.0373,LOCK,2,misalignment
253,3840680,2997,3010,-0.41730,0.11700,-0.88140,0.98219,987.46,1000,12.54,51.03,205,2.2548,0.0115,LOCK,2,misalignment
254,3840689,3006,3019,0.03510,-0.09360,-0.87360,0.87930,987.49,1000,12.51,51.03,205,2.2602,0.0945,LOCK,2,misalignment
255,3840697,3014,3027,0.19890,-0.06630,-0.74100,0.77009,987.51,1000,12.49,51.03,205,2.2645,0.1592,LOCK,2,misalignment
256,3840706,3023,3036,0.19890,-0.06630,-0.74100,0.77009,987.54,1000,12.46,51.03,205,2.2567,0.0405,LOCK,2,misalignment
257,3840714,3031,3044,-0.14040,0.22230,-0.72540,0.77158,987.56,1000,12.44,51.03,205,2.2537,-0.0041,LOCK,2,misalignment
258,3840723,3040,3053,-0.15600,-0.06240,-0.56940,0.59367,987.58,1000,12.42,51.03,205,2.2434,-0.1610,LOCK,2,misalignment
259,3840731,3048,3061,-0.21450,-0.03120,-0.72930,0.76083,987.59,1000,12.41,51.03,205,2.2443,-0.1469,LOCK,2,misalignment
260,3840742,3059,3072,-0.33540,0.10920,-0.98280,1.04418,987.61,1000,12.39,51.03,205,2.2538,-0.0026,LOCK,2,misalignment
261,3840755,3072,3085,0.12090,-0.15990,-0.85020,0.87351,987.62,1000,12.38,51.03,205,2.2607,0.1021,LOCK,2,misalignment
262,3840763,3080,3093,0.19110,0.01170,-0.76050,0.78423,987.63,1000,12.37,51.03,205,2.2428,-0.1692,LOCK,2,misalignment
263,3840772,3089,3102,-0.26910,0.07800,-0.66300,0.71977,987.66,1000,12.34,51.03,205,2.2586,0.0695,LOCK,2,misalignment
264,3840780,3097,3110,-0.23400,0.02730,-0.59280,0.63790,987.69,1000,12.31,51.03,205,2.2372,-0.2544,LOCK,2,misalignment
265,3840789,3106,3119,-0.23400,0.02730,-0.59280,0.63790,987.71,1000,12.29,51.03,205,2.2414,-0.1909,LOCK,2,misalignment
266,3840798,3115,3128,-0.26130,-0.17160,-0.69030,0.75779,987.73,1000,12.27,51.03,205,2.2593,0.0799,LOCK,2,misalignment
267,3840806,3123,3136,-0.32370,0.08190,-0.93210,0.99010,987.75,1000,12.25,51.03,205,2.2616,0.1153,LOCK,2,misalignment
268,3840814,3131,3144,0.12870,-0.05850,-0.90870,0.91963,987.76,1000,12.24,51.03,205,2.2344,-0.2971,LOCK,2,misalignment
269,3840823,3140,3153,0.23400,0.11700,-0.82680,0.86720,987.78,1000,12.22,51.03,205,2.2320,-0.3334,LOCK,2,misalignment
270,3840831,3148,3161,-0.05070,0.07800,-0.73710,0.74295,987.78,1000,12.22,51.03,205,2.2452,-0.1335,LOCK,2,misalignment
271,3840840,3157,3170,-0.05070,0.07800,-0.73710,0.74295,987.79,1000,12.21,51.03,205,2.2495,-0.0685,LOCK,2,misalignment
272,3840851,3168,3181,-0.30810,-0.16380,-0.82290,0.89382,987.80,1000,12.20,51.03,205,2.2608,0.1031,LOCK,2,misalignment
273,3840860,3177,3190,-0.30810,-0.16380,-0.82290,0.89382,987.80,1000,12.20,51.03,205,2.2639,0.1501,LOCK,2,misalignment
274,3840868,3185,3198,-0.22230,0.13650,-0.96720,1.00176,987.80,1000,12.20,51.03,205,2.2372,-0.2550,LOCK,2,misalignment
275,3840877,3194,3207,0.21840,-0.08580,-0.87750,0.90833,987.81,1000,12.19,51.03,205,2.2383,-0.2379,LOCK,2,misalignment
276,3840896,3213,3226,-0.03900,0.03900,-0.75270,0.75472,987.84,1000,12.16,51.03,205,2.2638,0.1485,LOCK,2,misalignment
277,3840905,3222,3235,0.01170,0.05460,-0.67080,0.67312,987.88,1000,12.12,51.03,205,2.2590,0.0762,LOCK,2,misalignment
278,3840913,3230,3243,-0.20280,-0.08580,-0.77220,0.80298,987.90,1000,12.10,51.03,205,2.2384,-0.2361,LOCK,2,misalignment
279,3840922,3239,3252,-0.20280,-0.08580,-0.77220,0.80298,987.93,1000,12.07,51.03,205,2.2528,-0.0181,LOCK,2,misalignment
280,3840930,3247,3260,-0.16770,0.03120,-1.07250,1.08598,987.95,1000,12.05,51.03,205,2.2495,-0.0682,LOCK,2,misalignment
281,3840939,3256,3269,0.21840,-0.09360,-0.81120,0.84528,987.98,1000,12.02,51.03,205,2.2342,-0.2999,LOCK,2,misalignment
282,3840958,3275,3288,-0.07800,0.06240,-0.67860,0.68591,988.00,1000,12.00,51.03,205,2.2618,0.1177,LOCK,2,misalignment
283,3840967,3284,3297,-0.07800,0.14820,-0.69810,0.71791,988.03,1000,11.97,51.03,205,2.2513,-0.0407,LOCK,2,misalignment
284,3840975,3292,3305,-0.13260,0.03510,-0.92820,0.93828,988.05,1000,11.95,51.03,205,2.2439,-0.1527,LOCK,2,misalignment
285,3840984,3301,3314,-0.13260,0.03510,-0.92820,0.93828,988.07,1000,11.93,51.03,205,2.2465,-0.1134,LOCK,2,misalignment
286,3840992,3309,3322,-0.18720,-0.04290,-0.84240,0.86402,988.09,1000,11.91,51.03,205,2.2439,-0.1536,LOCK,2,misalignment
287,3841002,3319,3332,0.24960,0.01170,-0.86580,0.90114,988.11,1000,11.89,51.03,205,2.2611,0.1073,LOCK,2,misalignment
288,3841010,3327,3340,0.11310,-0.07800,-0.71370,0.72680,988.14,1000,11.86,51.03,205,2.2595,0.0826,LOCK,2,misalignment
289,3841019,3336,3349,0.06240,0.07410,-0.81510,0.82084,988.17,1000,11.83,51.03,205,2.2298,-0.3664,LOCK,2,misalignment
290,3841027,3344,3357,0.10140,-0.01170,-0.75660,0.76345,988.19,1000,11.81,51.03,205,2.2402,-0.2092,LOCK,2,misalignment
291,3841035,3352,3365,0.10140,-0.01170,-0.75660,0.76345,988.21,1000,11.79,51.03,205,2.2435,-0.1591,LOCK,2,misalignment
292,3841044,3361,3374,-0.37440,0.22620,-0.83850,0.94574,988.24,1000,11.76,51.03,205,2.2583,0.0652,LOCK,2,misalignment
293,3841057,3374,3387,0.23400,-0.03510,-0.80730,0.84126,988.25,1000,11.75,51.03,205,2.2659,0.1809,LOCK,2,misalignment
294,3841065,3382,3395,0.23400,-0.03510,-0.80730,0.84126,988.27,1000,11.73,51.03,205,2.2643,0.1562,LOCK,2,misalignment
295,3841074,3391,3404,0.05070,-0.07020,-0.69420,0.69958,988.30,1000,11.70,51.03,205,2.2485,-0.0831,LOCK,2,misalignment
296,3841082,3399,3412,-0.10140,0.15600,-0.74490,0.76779,988.33,1000,11.67,51.03,205,2.2510,-0.0456,LOCK,2,misalignment
297,3841091,3408,3421,0.03900,-0.05070,-0.76440,0.76707,988.36,1000,11.64,51.03,205,2.2626,0.1305,LOCK,2,misalignment
298,3841102,3419,3432,-0.41730,0.07410,-0.89700,0.99209,988.38,1000,11.62,51.03,205,2.2621,0.1226,LOCK,2,misalignment
299,3841110,3427,3440,-0.17550,-0.05850,-0.76050,0.78268,988.40,1000,11.60,51.03,205,2.2618,0.1186,LOCK,2,misalignment
300,3841119,3436,3449,0.25740,0.08580,-0.90480,0.94461,988.42,1000,11.58,51.03,205,2.2460,-0.1216,LOCK,2,misalignment
301,3841127,3444,3457,0.25740,0.08580,-0.90480,0.94461,988.44,1000,11.56,51.03,205,2.2535,-0.0074,LOCK,2,misalignment
302,3841136,3453,3466,-0.14430,0.10140,-0.63180,0.65595,988.46,1000,11.54,51.03,205,2.2423,-0.1769,LOCK,2,misalignment
303,3841144,3461,3474,-0.09750,0.02340,-0.67470,0.68211,988.49,1000,11.51,51.03,205,2.2427,-0.1720,LOCK,2,misalignment
304,3841162,3479,3492,-0.33540,0.17160,-0.96330,1.03435,988.51,1000,11.49,51.03,205,2.2592,0.0783,LOCK,2,misalignment
305,3841171,3488,3501,-0.14040,-0.01560,-0.85410,0.86570,988.53,1000,11.47,51.03,205,2.2616,0.1150,LOCK,2,misalignment
306,3841179,3496,3509,-0.14040,-0.01560,-0.85410,0.86570,988.55,1000,11.45,51.03,205,2.2409,-0.1991,LOCK,2,misalignment
307,3841188,3505,3518,0.23010,0.08970,-0.77220,0.81073,988.56,1000,11.44,51.03,205,2.2599,0.0893,LOCK,2,misalignment
308,3841196,3513,3526,-0.12480,0.24180,-0.74880,0.79671,988.58,1000,11.42,51.03,205,2.2440,-0.1521,LOCK,2,misalignment
309,3841207,3524,3537,-0.11310,0.14040,-0.68250,0.70591,988.60,1000,11.40,51.03,205,2.2609,0.1040,LOCK,2,misalignment
310,3841216,3533,3546,0.02340,-0.10140,-0.70980,0.71739,988.62,1000,11.38,51.03,205,2.2614,0.1122,LOCK,2,misalignment
311,3841224,3541,3554,-0.25740,0.00780,-0.91260,0.94824,988.63,1000,11.37,51.03,205,2.2400,-0.2120,LOCK,2,misalignment
312,3841233,3550,3563,-0.06240,-0.09750,-0.84240,0.85032,988.65,1000,11.35,51.03,205,2.2451,-0.1344,LOCK,2,misalignment
313,3841241,3558,3571,0.19890,0.02730,-0.86190,0.88497,988.66,1000,11.34,51.03,205,2.2421,-0.1802,LOCK,2,misalignment
314,3841249,3566,3579,0.19890,0.02730,-0.86190,0.88497,988.67,1000,11.33,51.03,205,2.2531,-0.0135,LOCK,2,misalignment
315,3841261,3578,3591,-0.21060,0.10530,-0.60450,0.64874,988.70,1000,11.30,51.03,205,2.2586,0.0698,LOCK,2,misalignment
316,3841270,3587,3600,-0.17940,0.01170,-0.56940,0.59711,988.73,1000,11.27,51.03,205,2.2577,0.0561,LOCK,2,misalignment
317,3841278,3595,3608,-0.09750,-0.10920,-0.76050,0.77446,988.76,1000,11.24,51.03,205,2.2452,-0.1338,LOCK,2,misalignment
318,3841286,3603,3616,-0.39780,-0.01170,-1.01010,1.08567,988.78,1000,11.22,51.03,205,2.2575,0.0536,LOCK,2,misalignment
319,3841295,3612,3625,0.00780,-0.11700,-0.82680,0.83507,988.80,1000,11.20,51.03,205,2.2214,-0.4946,LOCK,2,misalignment
320,3841310,3627,3640,0.19110,0.12480,-0.82290,0.85397,988.82,1000,11.18,51.03,205,2.2587,0.0710,LOCK,2,misalignment
321,3841319,3636,3649,-0.07800,0.10530,-0.73320,0.74482,988.85,1000,11.15,51.03,205,2.2688,0.2246,LOCK,2,misalignment
322,3841327,3644,3657,-0.15600,0.06240,-0.54210,0.56754,988.87,1000,11.13,51.03,205,2.2475,-0.0987,LOCK,2,misalignment
323,3841336,3653,3666,-0.21840,-0.01560,-0.69030,0.72419,988.89,1000,11.11,51.03,205,2.2596,0.0851,LOCK,2,misalignment
324,3841344,3661,3674,-0.41730,0.10920,-0.97110,1.06259,988.91,1000,11.09,51.03,205,2.2506,-0.0520,LOCK,2,misalignment
325,3841353,3670,3683,-0.41730,0.10920,-0.97110,1.06259,988.92,1000,11.08,51.03,205,2.2581,0.0625,LOCK,2,misalignment
326,3841368,3685,3698,0.19890,-0.06630,-0.76050,0.78887,988.94,1000,11.06,51.03,205,2.2534,-0.0087,LOCK,2,misalignment
327,3841377,3694,3707,-0.19500,0.12090,-0.65130,0.69053,988.96,1000,11.04,51.03,205,2.2461,-0.1204,LOCK,2,misalignment
328,3841385,3702,3715,-0.11700,0.10530,-0.67080,0.68902,988.98,1000,11.02,51.03,205,2.2446,-0.1421,LOCK,2,misalignment
329,3841394,3711,3724,-0.11700,0.10530,-0.67080,0.68902,988.99,1000,11.01,51.03,205,2.2451,-0.1350,LOCK,2,misalignment
330,3841402,3719,3732,-0.19500,0.03510,-0.67860,0.70693,989.01,1000,10.99,51.03,205,2.2344,-0.2965,LOCK,2,misalignment
331,3841411,3728,3741,-0.33540,0.07800,-0.97110,1.03035,989.02,1000,10.98,51.03,205,2.2582,0.0631,LOCK,2,misalignment
332,3841420,3737,3750,0.03120,-0.10530,-0.80340,0.81087,989.04,1000,10.96,51.03,205,2.2596,0.0851,LOCK,2,misalignment
333,3841428,3745,3758,0.24960,0.01560,-0.86190,0.89745,989.05,1000,10.95,51.03,205,2.2362,-0.2690,LOCK,2,misalignment
334,3841437,3754,3767,-0.12870,-0.04290,-0.63180,0.64620,989.06,1000,10.94,51.03,205,2.2548,0.0124,LOCK,2,misalignment
335,3841445,3762,3775,-0.12870,-0.04290,-0.63180,0.64620,989.07,1000,10.93,51.03,205,2.2367,-0.2623,LOCK,2,misalignment
336,3841454,3771,3784,-0.15600,-0.00390,-0.54990,0.57161,989.08,1000,10.92,51.03,205,2.2560,0.0301,LOCK,2,misalignment
337,3841467,3784,3797,-0.30420,0.14040,-0.96720,1.02358,989.09,1000,10.91,51.03,205,2.2663,0.1867,LOCK,2,misalignment
338,3841476,3793,3806,-0.30420,0.14040,-0.96720,1.02358,989.10,1000,10.90,51.03,205,2.2625,0.1287,LOCK,2,misalignment
339,3841484,3801,3814,0.18720,-0.06240,-0.92040,0.94131,989.11,1000,10.89,51.03,205,2.2483,-0.0859,LOCK,2,misalignment
340,3841493,3810,3823,0.24180,-0.03900,-0.74490,0.78413,989.12,1000,10.88,51.03,205,2.2477,-0.0960,LOCK,2,misalignment
341,3841501,3818,3831,-0.12090,0.01560,-0.70980,0.72019,989.13,1000,10.87,51.03,205,2.2479,-0.0923,LOCK,2,misalignment
342,3841510,3827,3840,-0.10920,0.05850,-0.69030,0.70133,989.14,1000,10.86,51.03,205,2.2493,-0.0715,LOCK,2,misalignment
343,3841519,3836,3849,-0.23010,-0.00390,-0.78000,0.81324,989.15,1000,10.85,51.03,205,2.2602,0.0933,LOCK,2,misalignment
344,3841527,3844,3857,-0.23010,-0.00390,-0.78000,0.81324,989.15,1000,10.85,51.03,205,2.2352,-0.2843,LOCK,2,misalignment
345,3841536,3853,3866,-0.23010,0.15210,-0.93990,0.97954,989.16,1000,10.84,51.03,205,2.2486,-0.0819,LOCK,2,misalignment
346,3841544,3861,3874,0.14040,-0.04680,-0.88530,0.89758,989.17,1000,10.83,51.03,205,2.2469,-0.1073,LOCK,2,misalignment
347,3841552,3869,3882,0.11700,-0.04290,-0.79170,0.80145,989.17,1000,10.83,51.03,205,2.2465,-0.1137,LOCK,2,misalignment
348,3841575,3892,3905,0.02730,-0.10920,-0.64740,0.65711,989.20,1000,10.80,51.03,205,2.2733,0.2920,LOCK,2,misalignment
349,3841584,3901,3914,-0.26130,-0.10920,-0.80730,0.85553,989.22,1000,10.78,51.03,205,2.2458,-0.1243,LOCK,2,misalignment
350,3841592,3909,3922,-0.21450,-0.02340,-0.96330,0.98717,989.25,1000,10.75,51.03,205,2.2379,-0.2440,LOCK,2,misalignment
351,3841600,3917,3930,0.25350,-0.06240,-0.91260,0.94921,989.26,1000,10.74,51.03,205,2.2464,-0.1149,LOCK,2,misalignment
352,3841609,3926,3939,0.25350,-0.06240,-0.91260,0.94921,989.28,1000,10.72,51.03,205,2.2473,-0.1015,LOCK,2,misalignment
353,3841617,3934,3947,0.02730,0.02340,-0.67860,0.67955,989.28,1000,10.72,51.03,205,2.2567,0.0414,LOCK,2,misalignment
354,3841626,3943,3956,-0.04680,0.14820,-0.71370,0.73043,989.28,1000,10.72,51.03,205,2.2540,-0.0007,LOCK,2,misalignment
355,3841634,3951,3964,-0.01950,0.00390,-0.73320,0.73347,989.28,1000,10.72,51.03,205,2.2356,-0.2788,LOCK,2,misalignment
356,3841643,3960,3973,-0.04680,-0.19500,-0.88920,0.91153,989.29,1000,10.71,51.03,205,2.2593,0.0802,LOCK,2,misalignment
357,3841651,3968,3981,-0.04680,-0.19500,-0.88920,0.91153,989.29,1000,10.71,51.03,205,2.2477,-0.0960,LOCK,2,misalignment
358,3841663,3980,3993,0.18720,-0.05070,-0.75660,0.78106,989.29,1000,10.71,51.03,205,2.2513,-0.0410,LOCK,2,misalignment
359,3841672,3989,4002,-0.02340,0.03510,-0.83850,0.83956,989.29,1000,10.71,51.03,205,2.2644,0.1580,LOCK,2,misalignment
360,3841681,3998,4011,-0.02340,0.03510,-0.83850,0.83956,989.29,1000,10.71,51.03,205,2.2458,-0.1250,LOCK,2,misalignment
361,3841689,4006,4019,-0.20670,-0.06240,-0.65130,0.68616,989.30,1000,10.70,51.03,205,2.2536,-0.0056,LOCK,2,misalignment
362,3841698,4015,4028,-0.00780,-0.13650,-0.70200,0.71519,989.31,1000,10.69,51.03,205,2.2638,0.1479,LOCK,2,misalignment
363,3841706,4023,4036,-0.44850,0.14430,-0.84240,0.96520,989.31,1000,10.69,51.03,205,2.2433,-0.1622,LOCK,2,misalignment
364,3841719,4036,4049,-0.19890,0.01170,-0.88140,0.90364,989.32,1000,10.68,51.03,205,2.2612,0.1092,LOCK,2,misalignment
365,3841728,4045,4058,0.28860,0.03900,-0.90480,0.95051,989.32,1000,10.68,51.03,205,2.2655,0.1736,LOCK,2,misalignment
366,3841736,4053,4066,0.09750,0.14040,-0.73320,0.75286,989.33,1000,10.67,51.03,205,2.2327,-0.3231,LOCK,2,misalignment
367,3841745,4062,4075,-0.00390,0.10530,-0.73710,0.74459,989.33,1000,10.67,51.03,205,2.2444,-0.1451,LOCK,2,misalignment
368,3841753,4070,4083,-0.00390,0.10530,-0.73710,0.74459,989.34,1000,10.66,51.03,205,2.2466,-0.1118,LOCK,2,misalignment
369,3841762,4079,4092,-0.00780,0.03120,-0.62010,0.62093,989.35,1000,10.65,51.03,205,2.2533,-0.0105,LOCK,2,misalignment
370,3841779,4096,4109,-0.17550,-0.08580,-0.79560,0.81923,989.35,1000,10.65,51.03,205,2.2649,0.1656,LOCK,2,misalignment
371,3841788,4105,4118,0.30420,0.08580,-0.90090,0.95474,989.36,1000,10.64,51.03,205,2.2411,-0.1961,LOCK,2,misalignment
372,3841796,4113,4126,-0.02340,0.05460,-0.67080,0.67343,989.36,1000,10.64,51.03,205,2.2457,-0.1262,LOCK,2,misalignment
373,3841804,4121,4134,-0.02340,0.05460,-0.67080,0.67343,989.37,1000,10.63,51.03,205,2.2457,-0.1262,LOCK,2,misalignment
374,3841813,4130,4143,-0.04680,0.09750,-0.66300,0.67176,989.38,1000,10.62,51.03,205,2.2494,-0.0694,LOCK,2,misalignment
375,3841822,4139,4152,-0.03510,0.04290,-0.79950,0.80142,989.39,1000,10.61,51.03,205,2.2621,0.1229,LOCK,2,misalignment
376,3841831,4148,4161,-0.34710,0.28080,-0.94380,1.04407,989.40,1000,10.60,51.03,205,2.2577,0.0561,LOCK,2,misalignment
377,3841839,4156,4169,-0.12870,-0.07020,-0.83460,0.84738,989.41,1000,10.59,51.03,205,2.2414,-0.1903,LOCK,2,misalignment
378,3841848,4165,4178,0.25350,-0.00390,-0.80730,0.84617,989.41,1000,10.59,51.03,205,2.2477,-0.0960,LOCK,2,misalignment
379,3841856,4173,4186,0.25350,-0.00390,-0.80730,0.84617,989.42,1000,10.58,51.03,205,2.2416,-0.1885,LOCK,2,misalignment
380,3841865,4182,4195,-0.08190,0.04290,-0.71370,0.71966,989.43,1000,10.57,51.03,205,2.2573,0.0503,LOCK,2,misalignment
381,3841921,4238,4251,-0.10920,-0.04290,-0.60840,0.61961,989.47,1000,10.53,51.03,205,2.2606,0.1003,LOCK,2,misalignment
382,3841929,4246,4259,-0.05850,0.00000,-0.58890,0.59180,989.50,1000,10.50,51.03,205,2.2588,0.0735,LOCK,2,misalignment
383,3841938,4255,4268,-0.05850,0.00000,-0.58890,0.59180,989.52,1000,10.48,51.03,205,2.2366,-0.2632,LOCK,2,misalignment
384,3841946,4263,4276,-0.08190,-0.05850,-0.71370,0.72076,989.55,1000,10.45,51.03,205,2.2554,0.0206,LOCK,2,misalignment
385,3841955,4272,4285,-0.44850,0.07020,-0.95940,1.06138,989.57,1000,10.43,51.03,205,2.2403,-0.2080,LOCK,2,misalignment
386,3841972,4289,4302,0.21450,-0.05850,-0.75270,0.78485,989.59,1000,10.41,51.03,205,2.2574,0.0518,LOCK,2,misalignment
387,3841985,4302,4315,-0.19890,-0.03900,-0.60060,0.63388,989.61,1000,10.39,51.03,205,2.2605,0.0988,LOCK,2,misalignment
388,3841993,4310,4323,-0.10920,0.03120,-0.66690,0.67650,989.63,1000,10.37,51.03,205,2.2360,-0.2721,LOCK,2,misalignment
389,3842002,4319,4332,-0.21450,0.12870,-0.70590,0.74891,989.65,1000,10.35,51.03,205,2.2430,-0.1662,LOCK,2,misalignment
390,3842010,4327,4340,-0.21450,0.12870,-0.70590,0.74891,989.66,1000,10.34,51.03,205,2.2441,-0.1500,LOCK,2,misalignment
391,3842019,4336,4349,-0.41340,-0.03510,-0.94770,1.03454,989.68,1000,10.32,51.03,205,2.2466,-0.1121,LOCK,2,misalignment
392,3842027,4344,4357,0.06630,-0.08580,-0.82290,0.83001,989.69,1000,10.31,51.03,205,2.2632,0.1394,LOCK,2,misalignment
393,3842036,4353,4366,0.14040,-0.00390,-0.81510,0.82711,989.70,1000,10.30,51.03,205,2.2666,0.1910,LOCK,2,misalignment
394,3842044,4361,4374,-0.23400,-0.03510,-0.59280,0.63828,989.73,1000,10.27,51.03,205,2.2382,-0.2391,LOCK,2,misalignment
395,3842053,4370,4383,-0.12090,-0.08190,-0.62790,0.64466,989.76,1000,10.24,51.03,205,2.2527,-0.0193,LOCK,2,misalignment
396,3842061,4378,4391,-0.12090,-0.08190,-0.62790,0.64466,989.78,1000,10.22,51.03,205,2.2438,-0.1543,LOCK,2,misalignment
397,3842069,4386,4399,-0.21840,-0.07800,-0.76050,0.79507,989.80,1000,10.20,51.03,205,2.2544,0.0060,LOCK,2,misalignment
398,3842081,4398,4411,-0.35490,-0.09360,-0.92430,0.99451,989.82,1000,10.18,51.03,205,2.2614,0.1116,LOCK,2,misalignment
399,3842089,4406,4419,0.14820,-0.02730,-0.93600,0.94805,989.83,1000,10.17,51.03,205,2.2596,0.0841,LOCK,2,misalignment
400,3842098,4415,4428,0.25350,-0.02730,-0.71370,0.75788,989.85,1000,10.15,51.03,205,2.2219,-0.4867,LOCK,2,misalignment
401,3842106,4423,4436,-0.24570,0.20670,-0.68250,0.75425,989.87,1000,10.13,51.03,205,2.2490,-0.0755,LOCK,2,misalignment
402,3842114,4431,4444,-0.19500,0.00390,-0.58500,0.61666,989.89,1000,10.11,51.03,205,2.2410,-0.1973,LOCK,2,misalignment
403,3842125,4442,4455,-0.22620,-0.10530,-0.74880,0.78928,989.90,1000,10.10,51.03,205,2.2629,0.1342,LOCK,2,misalignment
404,3842133,4450,4463,-0.22620,-0.10530,-0.74880,0.78928,989.92,1000,10.08,51.03,205,2.2669,0.1949,LOCK,2,misalignment
405,3842142,4459,4472,-0.16770,0.01560,-0.98280,0.99713,989.93,1000,10.07,51.03,205,2.2418,-0.1848,LOCK,2,misalignment
406,3842150,4467,4480,0.18720,-0.13260,-0.81900,0.85052,989.95,1000,10.05,51.03,205,2.2648,0.1638,LOCK,2,misalignment
407,3842158,4475,4488,0.08580,-0.01950,-0.78390,0.78882,989.96,1000,10.04,51.03,205,2.2353,-0.2840,LOCK,2,misalignment
408,3842167,4484,4497,-0.12480,0.06630,-0.67470,0.68934,989.99,1000,10.01,51.03,205,2.2371,-0.2559,LOCK,2,misalignment
409,3842188,4505,4518,-0.22620,-0.08580,-0.82680,0.86147,990.03,1000,9.97,51.03,205,2.2597,0.0869,LOCK,2,misalignment
410,3842196,4513,4526,-0.21450,0.01950,-0.95550,0.97947,990.06,1000,9.94,51.03,205,2.2387,-0.2321,LOCK,2,misalignment
411,3842205,4522,4535,-0.21450,0.01950,-0.95550,0.97947,990.08,1000,9.92,51.03,205,2.2421,-0.1802,LOCK,2,misalignment
412,3842213,4530,4543,0.24960,-0.03900,-0.79950,0.83846,990.11,1000,9.89,51.03,205,2.2428,-0.1692,LOCK,2,misalignment
413,3842221,4538,4551,0.06240,0.04680,-0.82290,0.82659,990.13,1000,9.87,51.03,205,2.2389,-0.2284,LOCK,2,misalignment
414,3842231,4548,4561,0.04680,0.00390,-0.77610,0.77752,990.16,1000,9.84,51.03,205,2.2570,0.0454,LOCK,2,misalignment
415,3842239,4556,4569,0.01560,-0.08580,-0.66690,0.67258,990.19,1000,9.81,51.03,205,2.2599,0.0896,LOCK,2,misalignment
416,3842248,4565,4578,-0.05850,-0.03120,-0.98280,0.98503,990.22,1000,9.78,51.03,205,2.2347,-0.2922,LOCK,2,misalignment
417,3842256,4573,4586,-0.05850,-0.03120,-0.98280,0.98503,990.25,1000,9.75,51.03,205,2.2559,0.0295,LOCK,2,misalignment
418,3842265,4582,4595,-0.23400,-0.02340,-0.85800,0.88964,990.27,1000,9.73,51.03,205,2.2483,-0.0865,LOCK,2,misalignment
419,3842273,4590,4603,0.24960,0.05460,-0.87360,0.91020,990.29,1000,9.71,51.03,205,2.2370,-0.2568,LOCK,2,misalignment
420,3842285,4602,4615,0.05850,-0.06240,-0.77610,0.78080,990.32,1000,9.68,51.03,205,2.2623,0.1250,LOCK,2,misalignment
421,3842294,4611,4624,-0.05460,0.03510,-0.71370,0.71665,990.35,1000,9.65,51.03,205,2.2606,0.1000,LOCK,2,misalignment
422,3842302,4619,4632,-0.08190,0.05070,-0.67080,0.67768,990.38,1000,9.62,51.03,205,2.2285,-0.3866,LOCK,2,misalignment
423,3842311,4628,4641,-0.45630,0.31590,-0.81510,0.98610,990.41,1000,9.59,51.03,205,2.2555,0.0234,LOCK,2,misalignment
424,3842319,4636,4649,-0.18330,-0.14040,-0.91650,0.94514,990.43,1000,9.57,51.03,205,2.2393,-0.2220,LOCK,2,misalignment
425,3842327,4644,4657,-0.18330,-0.14040,-0.91650,0.94514,990.45,1000,9.55,51.03,205,2.2561,0.0316,LOCK,2,misalignment
426,3842336,4653,4666,0.30810,0.04290,-0.81900,0.87609,990.47,1000,9.53,51.03,205,2.2641,0.1531,LOCK,2,misalignment
427,3842344,4661,4674,0.08970,0.05460,-0.76050,0.76772,990.50,1000,9.50,51.03,205,2.2613,0.1104,LOCK,2,misalignment
428,3842353,4670,4683,-0.08580,0.06630,-0.82290,0.83001,990.52,1000,9.48,51.03,205,2.2591,0.0774,LOCK,2,misalignment
429,3842361,4678,4691,0.04290,-0.01950,-0.74100,0.74250,990.55,1000,9.45,51.03,205,2.2436,-0.1582,LOCK,2,misalignment
430,3842370,4687,4700,-0.48750,0.17550,-0.98670,1.11447,990.57,1000,9.43,51.03,205,2.2411,-0.1949,LOCK,2,misalignment
431,3842392,4709,4722,0.33930,0.09360,-0.89700,0.96358,990.59,1000,9.41,51.03,205,2.2610,0.1055,LOCK,2,misalignment
432,3842400,4717,4730,0.33930,0.09360,-0.89700,0.96358,990.61,1000,9.39,51.03,205,2.2516,-0.0367,LOCK,2,misalignment
433,3842409,4726,4739,-0.03120,0.02340,-0.72540,0.72645,990.63,1000,9.37,51.03,205,2.2360,-0.2730,LOCK,2,misalignment
434,3842417,4734,4747,-0.01170,-0.12870,-0.69810,0.70996,990.66,1000,9.34,51.03,205,2.2523,-0.0264,LOCK,2,misalignment
435,3842426,4743,4756,0.12480,-0.07410,-0.79560,0.80873,990.68,1000,9.32,51.03,205,2.2306,-0.3548,LOCK,2,misalignment
436,3842436,4753,4766,-0.42510,0.22230,-0.91650,1.03446,990.70,1000,9.30,51.03,205,2.2636,0.1452,LOCK,2,misalignment
437,3842444,4761,4774,-0.11310,-0.05850,-0.88140,0.89055,990.72,1000,9.28,51.03,205,2.2645,0.1586,LOCK,2,misalignment
438,3842453,4770,4783,0.27690,0.04290,-0.79950,0.84718,990.73,1000,9.27,51.03,205,2.2334,-0.3121,LOCK,2,misalignment
439,3842461,4778,4791,0.27690,0.04290,-0.79950,0.84718,990.75,1000,9.25,51.03,205,2.2473,-0.1015,LOCK,2,misalignment
440,3842469,4786,4799,-0.19110,0.10530,-0.70590,0.73885,990.76,1000,9.24,51.03,205,2.2474,-0.1002,LOCK,2,misalignment
441,3842478,4795,4808,-0.07410,0.04680,-0.66690,0.67263,990.77,1000,9.23,51.03,205,2.2434,-0.1610,LOCK,2,misalignment
442,3842492,4809,4822,-0.05070,-0.00390,-0.68640,0.68828,990.78,1000,9.22,51.03,205,2.2581,0.0615,LOCK,2,misalignment
443,3842500,4817,4830,-0.27690,0.11310,-0.89700,0.94555,990.78,1000,9.22,51.03,205,2.2562,0.0335,LOCK,2,misalignment
444,3842509,4826,4839,-0.07800,-0.06630,-0.77220,0.77896,990.79,1000,9.21,51.03,205,2.2468,-0.1091,LOCK,2,misalignment
445,3842517,4834,4847,0.18330,0.03120,-0.83850,0.85887,990.80,1000,9.20,51.03,205,2.2488,-0.0783,LOCK,2,misalignment
446,3842526,4843,4856,-0.19890,0.11700,-0.56940,0.61438,990.82,1000,9.18,51.03,205,2.2412,-0.1939,LOCK,2,misalignment
447,3842537,4854,4867,-0.05070,0.00000,-0.67860,0.68049,990.84,1000,9.16,51.03,205,2.2605,0.0982,LOCK,2,misalignment
448,3842546,4863,4876,-0.05460,-0.02340,-0.74880,0.75115,990.86,1000,9.14,51.03,205,2.2650,0.1659,LOCK,2,misalignment
449,3842554,4871,4884,-0.05460,-0.02340,-0.74880,0.75115,990.88,1000,9.12,51.03,205,2.2390,-0.2266,LOCK,2,misalignment
450,3842563,4880,4893,-0.50700,-0.01170,-0.83070,0.97327,990.90,1000,9.10,51.03,205,2.2417,-0.1857,LOCK,2,misalignment
451,3842571,4888,4901,0.01170,-0.01170,-0.86190,0.86206,990.91,1000,9.09,51.03,205,2.2525,-0.0224,LOCK,2,misalignment
452,3842579,4896,4909,0.13260,0.08970,-0.76440,0.78098,990.93,1000,9.07,51.03,205,2.2472,-0.1024,LOCK,2,misalignment
453,3842598,4915,4928,-0.09360,0.03900,-0.61230,0.62064,990.95,1000,9.05,51.03,205,2.2602,0.0939,LOCK,2,misalignment
454,3842607,4924,4937,-0.20280,-0.11310,-0.69810,0.73571,990.97,1000,9.03,51.03,205,2.2470,-0.1057,LOCK,2,misalignment
455,3842615,4932,4945,-0.20280,-0.11310,-0.69810,0.73571,990.98,1000,9.02,51.03,205,2.2438,-0.1549,LOCK,2,misalignment
456,3842624,4941,4954,-0.44850,-0.02730,-0.83070,0.94444,991.00,1000,9.00,51.03,205,2.2393,-0.2229,LOCK,2,misalignment
457,3842632,4949,4962,0.07410,-0.13260,-0.78390,0.79848,991.01,1000,8.99,51.03,205,2.2465,-0.1134,LOCK,2,misalignment
458,3842641,4958,4971,0.15210,-0.05850,-0.85410,0.86951,991.02,1000,8.98,51.03,205,2.2582,0.0634,LOCK,2,misalignment
459,3842649,4966,4979,-0.30420,0.19500,-0.61620,0.71433,991.04,1000,8.96,51.03,205,2.2560,0.0310,LOCK,2,misalignment
460,3842657,4974,4987,-0.21450,-0.05070,-0.56940,0.61057,991.06,1000,8.94,51.03,205,2.2438,-0.1552,LOCK,2,misalignment
461,3842666,4983,4996,-0.21450,-0.05070,-0.56940,0.61057,991.07,1000,8.93,51.03,205,2.2329,-0.3194,LOCK,2,misalignment
462,3842674,4991,5004,-0.21840,-0.04290,-0.69030,0.72530,991.08,1000,8.92,51.03,205,2.2410,-0.1964,LOCK,2,misalignment
463,3842683,5000,5013,-0.40950,-0.17550,-0.90480,1.00854,991.10,1000,8.90,51.03,205,2.2476,-0.0966,LOCK,2,misalignment
464,3842694,5011,5024,0.14040,-0.05460,-0.90090,0.91341,991.11,1000,8.89,51.03,205,2.2569,0.0432,LOCK,2,misalignment
465,3842703,5020,5033,0.21840,0.10140,-0.81120,0.84618,991.12,1000,8.88,51.03,205,2.2606,0.1006,LOCK,2,misalignment
466,3842711,5028,5041,-0.17160,-0.00780,-0.67080,0.69244,991.13,1000,8.87,51.03,205,2.2401,-0.2113,LOCK,2,misalignment
467,3842720,5037,5050,-0.18330,-0.08580,-0.52260,0.56042,991.15,1000,8.85,51.03,205,2.2401,-0.2107,LOCK,2,misalignment
468,3842728,5045,5058,-0.18330,-0.08580,-0.52260,0.56042,991.16,1000,8.84,51.03,205,2.2431,-0.1649,LOCK,2,misalignment
469,3842737,5054,5067,-0.20670,-0.10530,-0.85020,0.88128,991.18,1000,8.82,51.03,205,2.2452,-0.1332,LOCK,2,misalignment
470,3842745,5062,5075,-0.21060,0.16770,-1.06080,1.09443,991.19,1000,8.81,51.03,205,2.2577,0.0567,LOCK,2,misalignment
471,3842754,5071,5084,0.24570,-0.14820,-0.90480,0.94921,991.20,1000,8.80,51.03,205,2.2483,-0.0859,LOCK,2,misalignment
472,3842762,5079,5092,0.15990,-0.04290,-0.76440,0.78212,991.21,1000,8.79,51.03,205,2.2512,-0.0422,LOCK,2,misalignment
473,3842770,5087,5100,-0.08190,0.14040,-0.67470,0.69400,991.22,1000,8.78,51.03,205,2.2434,-0.1613,LOCK,2,misalignment
474,3842779,5096,5109,-0.08190,0.14040,-0.67470,0.69400,991.24,1000,8.76,51.03,205,2.2622,0.1238,LOCK,2,misalignment
475,3842802,5119,5132,-0.17160,-0.08580,-1.01400,1.03199,991.25,1000,8.75,51.03,205,2.2624,0.1266,LOCK,2,misalignment
476,3842810,5127,5140,-0.17160,-0.08580,-1.01400,1.03199,991.26,1000,8.74,51.03,205,2.2462,-0.1179,LOCK,2,misalignment
477,3842819,5136,5149,0.28080,-0.12090,-0.83070,0.88517,991.27,1000,8.73,51.03,205,2.2423,-0.1775,LOCK,2,misalignment
478,3842827,5144,5157,0.05460,-0.04680,-0.78390,0.78719,991.30,1000,8.70,51.03,205,2.2418,-0.1851,LOCK,2,misalignment
479,3842836,5153,5166,-0.02730,-0.01950,-0.77610,0.77682,991.32,1000,8.68,51.03,205,2.2482,-0.0883,LOCK,2,misalignment
480,3842845,5162,5175,0.00000,0.09750,-0.70590,0.71260,991.35,1000,8.65,51.03,205,2.2602,0.0933,LOCK,2,misalignment
481,3842854,5171,5184,-0.08970,0.11310,-0.99450,1.00492,991.36,1000,8.64,51.03,205,2.2659,0.1803,LOCK,2,misalignment
482,3842862,5179,5192,-0.08970,0.11310,-0.99450,1.00492,991.38,1000,8.62,51.03,205,2.2328,-0.3218,LOCK,2,misalignment
483,3842871,5188,5201,-0.28860,-0.02730,-0.78780,0.83944,991.40,1000,8.60,51.03,205,2.2289,-0.3805,LOCK,2,misalignment
484,3842879,5196,5209,0.29640,0.01560,-0.91650,0.96336,991.41,1000,8.59,51.03,205,2.2469,-0.1082,LOCK,2,misalignment
485,3842888,5205,5218,0.13650,0.05460,-0.80730,0.82058,991.43,1000,8.57,51.03,205,2.2560,0.0304,LOCK,2,misalignment
486,3842900,5217,5230,-0.02730,-0.00390,-0.74880,0.74931,991.44,1000,8.56,51.03,205,2.2537,-0.0041,LOCK,2,misalignment
487,3842909,5226,5239,0.10140,0.09750,-0.78390,0.79642,991.45,1000,8.55,51.03,205,2.2612,0.1098,LOCK,2,misalignment
488,3842917,5234,5247,-0.40950,0.18720,-0.90480,1.01064,991.46,1000,8.54,51.03,205,2.2392,-0.2236,LOCK,2,misalignment
489,3842926,5243,5256,-0.14430,0.00000,-0.84240,0.85467,991.46,1000,8.54,51.03,205,2.2396,-0.2181,LOCK,2,misalignment
490,3842934,5251,5264,0.30420,-0.03120,-0.84630,0.89985,991.47,1000,8.53,51.03,205,2.2542,0.0029,LOCK,2,misalignment
491,3842943,5260,5273,0.30420,-0.03120,-0.84630,0.89985,991.48,1000,8.52,51.03,205,2.2507,-0.0496,LOCK,2,misalignment
492,3842951,5268,5281,-0.04290,-0.04290,-0.77610,0.77847,991.50,1000,8.50,51.03,205,2.2646,0.1601,LOCK,2,misalignment
493,3842960,5277,5290,-0.04680,0.14040,-0.70980,0.72506,991.52,1000,8.48,51.03,205,2.2429,-0.1677,LOCK,2,misalignment
494,3842968,5285,5298,0.09360,0.03900,-0.67080,0.67842,991.53,1000,8.47,51.03,205,2.2596,0.0851,LOCK,2,misalignment
495,3842977,5294,5307,-0.35100,0.25740,-0.92820,1.02519,991.54,1000,8.46,51.03,205,2.2445,-0.1442,LOCK,2,misalignment
496,3842985,5302,5315,-0.35100,0.25740,-0.92820,1.02519,991.56,1000,8.44,51.03,205,2.2365,-0.2651,LOCK,2,misalignment
497,3843006,5323,5336,-0.14040,0.06240,-0.55770,0.57848,991.57,1000,8.43,51.03,205,2.2624,0.1272,LOCK,2,misalignment
498,3843015,5332,5345,-0.14040,0.06240,-0.55770,0.57848,991.59,1000,8.41,51.03,205,2.2555,0.0228,LOCK,2,misalignment
499,3843023,5340,5353,-0.09360,-0.06630,-0.65910,0.66901,991.61,1000,8.39,51.03,205,2.2408,-0.1997,LOCK,2,misalignment
500,3843032,5349,5362,-0.02730,-0.03900,-0.81120,0.81260,991.63,1000,8.37,51.03,205,2.2465,-0.1143,LOCK,2,misalignment
501,3843040,5357,5370,-0.33150,0.15600,-0.94380,1.01242,991.65,1000,8.35,51.03,205,2.2405,-0.2052,LOCK,2,misalignment
502,3843050,5367,5380,-0.03120,-0.01170,-0.83070,0.83137,991.67,1000,8.33,51.03,205,2.2600,0.0912,LOCK,2,misalignment
503,3843058,5375,5388,0.19500,0.11310,-0.70200,0.73731,991.68,1000,8.32,51.03,205,2.2565,0.0377,LOCK,2,misalignment
504,3843067,5384,5397,0.19500,0.11310,-0.70200,0.73731,991.70,1000,8.30,51.03,205,2.2148,-0.5938,LOCK,2,misalignment
505,3843075,5392,5405,-0.16380,0.11310,-0.72150,0.74845,991.71,1000,8.29,51.03,205,2.2472,-0.1036,LOCK,2,misalignment
506,3843084,5401,5414,-0.08970,-0.03900,-0.62790,0.63547,991.73,1000,8.27,51.03,205,2.2450,-0.1366,LOCK,2,misalignment
507,3843092,5409,5422,-0.11700,-0.06240,-0.69420,0.70675,991.75,1000,8.25,51.03,205,2.2564,0.0362,LOCK,2,misalignment
508,3843106,5423,5436,-0.46800,-0.02730,-0.94770,1.05731,991.76,1000,8.24,51.03,205,2.2608,0.1028,LOCK,2,misalignment
509,3843115,5432,5445,-0.00780,-0.07020,-0.77610,0.77931,991.77,1000,8.23,51.03,205,2.2642,0.1543,LOCK,2,misalignment
510,3843123,5440,5453,0.17550,0.07020,-0.84240,0.86335,991.78,1000,8.22,51.03,205,2.2465,-0.1134,LOCK,2,misalignment
511,3843132,5449,5462,-0.22230,0.11310,-0.56940,0.62163,991.82,1000,8.18,51.03,205,2.2707,0.2536,LOCK,2,misalignment
512,3843140,5457,5470,-0.14040,0.09360,-0.59670,0.62010,991.86,1000,8.14,51.03,205,2.2494,-0.0697,LOCK,2,misalignment
513,3843150,5467,5480,-0.24570,0.00390,-0.61620,0.66339,991.89,1000,8.11,51.03,205,2.2601,0.0924,LOCK,2,misalignment
514,3843158,5475,5488,-0.24570,0.00390,-0.61620,0.66339,991.91,1000,8.09,51.03,205,2.2541,0.0017,LOCK,2,misalignment
515,3843167,5484,5497,-0.42900,-0.09360,-0.92040,1.01977,991.94,1000,8.06,51.03,205,2.2292,-0.3759,LOCK,2,misalignment
516,3843175,5492,5505,0.08580,-0.01170,-0.86190,0.86624,991.96,1000,8.04,51.03,205,2.2528,-0.0175,LOCK,2,misalignment
517,3843184,5501,5514,0.23010,0.13260,-0.85800,0.89816,991.98,1000,8.02,51.03,205,2.2358,-0.2764,LOCK,2,misalignment
518,3843192,5509,5522,-0.12090,0.01560,-0.63960,0.65111,992.03,1000,7.97,51.03,205,2.2460,-0.1210,LOCK,2,misalignment
519,3843211,5528,5541,-0.17160,-0.00390,-0.53820,0.56491,992.08,1000,7.92,51.03,205,2.2696,0.2368,LOCK,2,misalignment
520,3843220,5537,5550,-0.18330,-0.03900,-0.81120,0.83257,992.12,1000,7.88,51.03,205,2.2518,-0.0334,LOCK,2,misalignment
521,3843228,5545,5558,-0.36660,-0.03120,-0.95550,1.02389,992.16,1000,7.84,51.03,205,2.2422,-0.1793,LOCK,2,misalignment
522,3843236,5553,5566,0.23010,0.00000,-0.95940,0.98661,992.19,1000,7.81,51.03,205,2.2499,-0.0624,LOCK,2,misalignment
523,3843245,5562,5575,0.26910,-0.04680,-0.78000,0.82644,992.22,1000,7.78,51.03,205,2.2414,-0.1906,LOCK,2,misalignment
524,3843254,5571,5584,-0.17550,0.01170,-0.65910,0.68217,992.25,1000,7.75,51.03,205,2.2555,0.0234,LOCK,2,misalignment
525,3843262,5579,5592,-0.17550,0.01170,-0.65910,0.68217,992.27,1000,7.73,51.03,205,2.2598,0.0875,LOCK,2,misalignment
526,3843271,5588,5601,0.03510,0.08190,-0.69420,0.69990,992.29,1000,7.71,51.03,205,2.2463,-0.1167,LOCK,2,misalignment
527,3843279,5596,5609,-0.19500,0.00390,-0.78780,0.81158,992.30,1000,7.70,51.03,205,2.2474,-0.0993,LOCK,2,misalignment
528,3843288,5605,5618,-0.23400,0.02340,-0.99840,1.02572,992.32,1000,7.68,51.03,205,2.2384,-0.2367,LOCK,2,misalignment
529,3843296,5613,5626,0.21450,-0.07800,-0.82680,0.85773,992.33,1000,7.67,51.03,205,2.2464,-0.1152,LOCK,2,misalignment
530,3843308,5625,5638,0.12090,-0.22230,-0.74490,0.78671,992.35,1000,7.65,51.03,205,2.2602,0.0936,LOCK,2,misalignment
531,3843317,5634,5647,-0.08580,0.09360,-0.67860,0.69038,992.39,1000,7.61,51.03,205,2.2657,0.1766,LOCK,2,misalignment
532,3843325,5642,5655,-0.02730,0.05460,-0.67470,0.67746,992.42,1000,7.58,51.03,205,2.2326,-0.3240,LOCK,2,misalignment
533,3843334,5651,5664,-0.02730,0.05460,-0.67470,0.67746,992.46,1000,7.54,51.03,205,2.2506,-0.0517,LOCK,2,misalignment
534,3843342,5659,5672,-0.14820,-0.02730,-0.91650,0.92881,992.49,1000,7.51,51.03,205,2.2444,-0.1457,LOCK,2,misalignment
535,3843350,5667,5680,-0.20280,0.02340,-0.87360,0.89714,992.52,1000,7.48,51.03,205,2.2556,0.0237,LOCK,2,misalignment
536,3843359,5676,5689,0.37050,-0.01170,-0.93990,1.01036,992.54,1000,7.46,51.03,205,2.2612,0.1092,LOCK,2,misalignment
537,3843367,5684,5697,0.04290,-0.01950,-0.66690,0.66856,992.56,1000,7.44,51.03,205,2.2567,0.0405,LOCK,2,misalignment
538,3843376,5693,5706,0.04680,-0.14820,-0.71370,0.73043,992.60,1000,7.40,51.03,205,2.2524,-0.0242,LOCK,2,misalignment
539,3843384,5701,5714,0.04680,-0.14820,-0.71370,0.73043,992.64,1000,7.36,51.03,205,2.2370,-0.2568,LOCK,2,misalignment
540,3843393,5710,5723,0.01950,-0.09360,-0.78390,0.78971,992.67,1000,7.33,51.03,205,2.2412,-0.1936,LOCK,2,misalignment
541,3843401,5718,5731,-0.43680,0.12480,-0.88530,0.99505,992.70,1000,7.30,51.03,205,2.2634,0.1418,LOCK,2,misalignment
542,3843415,5732,5745,-0.15990,0.03900,-0.92430,0.93884,992.72,1000,7.28,51.03,205,2.2696,0.2365,LOCK,2,misalignment
543,3843423,5740,5753,0.24180,-0.08970,-0.80340,0.84378,992.74,1000,7.26,51.03,205,2.2489,-0.0767,LOCK,2,misalignment
544,3843432,5749,5762,-0.01560,-0.05070,-0.73320,0.73512,992.78,1000,7.22,51.03,205,2.2471,-0.1042,LOCK,2,misalignment
545,3843440,5757,5770,-0.18720,0.01560,-0.67080,0.69661,992.82,1000,7.18,51.03,205,2.2436,-0.1576,LOCK,2,misalignment
546,3843449,5766,5779,0.01560,-0.14040,-0.79560,0.80804,992.85,1000,7.15,51.03,205,2.2427,-0.1717,LOCK,2,misalignment
547,3843458,5775,5788,-0.47970,0.06240,-0.92430,1.04323,992.87,1000,7.13,51.03,205,2.2560,0.0307,LOCK,2,misalignment
548,3843466,5783,5796,-0.47970,0.06240,-0.92430,1.04323,992.90,1000,7.10,51.03,205,2.2648,0.1629,LOCK,2,misalignment
549,3843475,5792,5805,-0.14430,-0.14040,-0.81900,0.84338,992.92,1000,7.08,51.03,205,2.2424,-0.1756,LOCK,2,misalignment
550,3843483,5800,5813,0.30420,0.00390,-0.86580,0.91769,992.94,1000,7.06,51.03,205,2.2519,-0.0312,LOCK,2,misalignment
551,3843492,5809,5822,-0.13260,0.16380,-0.60840,0.64387,992.98,1000,7.02,51.03,205,2.2412,-0.1939,LOCK,2,misalignment
552,3843500,5817,5830,-0.08970,0.08580,-0.77610,0.78596,993.01,1000,6.99,51.03,205,2.2405,-0.2049,LOCK,2,misalignment
553,3843514,5831,5844,0.03900,0.05070,-0.79170,0.79428,993.05,1000,6.95,51.03,205,2.2643,0.1556,LOCK,2,misalignment
554,3843522,5839,5852,-0.31980,0.01170,-0.94380,0.99658,993.07,1000,6.93,51.03,205,2.2652,0.1702,LOCK,2,misalignment
555,3843531,5848,5861,-0.12480,-0.03510,-0.81510,0.82535,993.10,1000,6.90,51.03,205,2.2586,0.0692,LOCK,2,misalignment
556,3843539,5856,5869,-0.12480,-0.03510,-0.81510,0.82535,993.12,1000,6.88,51.03,205,2.2477,-0.0947,LOCK,2,misalignment
557,3843548,5865,5878,0.21840,0.17940,-0.83850,0.88485,993.14,1000,6.86,51.03,205,2.2362,-0.2690,LOCK,2,misalignment
558,3843556,5873,5886,-0.10920,0.21450,-0.70590,0.74581,993.18,1000,6.82,51.03,205,2.2542,0.0023,LOCK,2,misalignment
559,3843565,5882,5895,-0.12480,-0.00780,-0.60060,0.61348,993.21,1000,6.79,51.03,205,2.2620,0.1214,LOCK,2,misalignment
560,3843573,5890,5903,0.00390,0.08190,-0.85410,0.85803,993.23,1000,6.77,51.03,205,2.2606,0.1006,LOCK,2,misalignment
561,3843582,5899,5912,-0.36660,0.21840,-0.95550,1.04646,993.26,1000,6.74,51.03,205,2.2471,-0.1048,LOCK,2,misalignment
562,3843590,5907,5920,-0.36660,0.21840,-0.95550,1.04646,993.28,1000,6.72,51.03,205,2.2327,-0.3234,LOCK,2,misalignment
563,3843598,5915,5928,0.06240,-0.05850,-0.87360,0.87778,993.30,1000,6.70,51.03,205,2.2435,-0.1591,LOCK,2,misalignment
564,3843609,5926,5939,0.18330,-0.01950,-0.76830,0.79010,993.32,1000,6.68,51.03,205,2.2502,-0.0581,LOCK,2,misalignment
565,3843622,5939,5952,-0.06240,0.08970,-0.64740,0.65656,993.36,1000,6.64,51.03,205,2.2566,0.0399,LOCK,2,misalignment
566,3843631,5948,5961,-0.06240,0.08970,-0.64740,0.65656,993.39,1000,6.61,51.03,205,2.2400,-0.2120,LOCK,2,misalignment
567,3843639,5956,5969,-0.22620,0.08190,-0.72930,0.76795,993.42,1000,6.58,51.03,205,2.2404,-0.2059,LOCK,2,misalignment
568,3843648,5965,5978,-0.43680,0.03900,-0.96720,1.06198,993.45,1000,6.55,51.03,205,2.2404,-0.2062,LOCK,2,misalignment
569,3843656,5973,5986,0.09360,-0.06630,-0.79170,0.79997,993.47,1000,6.53,51.03,205,2.2339,-0.3051,LOCK,2,misalignment
570,3843665,5982,5995,0.27690,0.06630,-0.85410,0.90031,993.50,1000,6.50,51.03,205,2.2668,0.1940,LOCK,2,misalignment
571,3843673,5990,6003,-0.12480,0.02730,-0.57330,0.58736,993.53,1000,6.47,51.03,205,2.2617,0.1171,LOCK,2,misalignment
572,3843681,5998,6011,-0.12480,0.02730,-0.57330,0.58736,993.57,1000,6.43,51.03,205,2.2179,-0.5474,LOCK,2,misalignment
573,3843690,6007,6020,-0.12090,0.07800,-0.66300,0.67843,993.60,1000,6.40,51.03,205,2.2473,-0.1015,LOCK,2,misalignment
574,3843698,6015,6028,-0.17940,0.13650,-0.85410,0.88335,993.63,1000,6.37,51.03,205,2.2378,-0.2458,LOCK,2,misalignment
575,3843707,6024,6037,-0.38610,0.10920,-0.86190,0.95072,993.65,1000,6.35,51.03,205,2.2555,0.0234,LOCK,2,misalignment
576,3843720,6037,6050,0.17160,-0.03900,-0.87750,0.89497,993.67,1000,6.33,51.03,205,2.2676,0.2059,LOCK,2,misalignment
577,3843728,6045,6058,0.18720,-0.01560,-0.71370,0.73801,993.69,1000,6.31,51.03,205,2.2683,0.2169,LOCK,2,misalignment
578,3843737,6054,6067,-0.24570,-0.08970,-0.69420,0.74184,993.73,1000,6.27,51.03,205,2.2314,-0.3417,LOCK,2,misalignment
579,3843745,6062,6075,-0.15600,0.02340,-0.67080,0.68910,993.76,1000,6.24,51.03,205,2.2552,0.0179,LOCK,2,misalignment
580,3843754,6071,6084,-0.15600,0.02340,-0.67080,0.68910,993.79,1000,6.21,51.03,205,2.2400,-0.2120,LOCK,2,misalignment
581,3843762,6079,6092,-0.21450,-0.03120,-0.74490,0.77580,993.81,1000,6.19,51.03,205,2.2532,-0.0120,LOCK,2,misalignment
582,3843771,6088,6101,-0.19500,0.05070,-1.00230,1.02235,993.84,1000,6.16,51.03,205,2.2655,0.1748,LOCK,2,misalignment
583,3843779,6096,6109,0.17160,-0.10140,-0.77610,0.80129,993.86,1000,6.14,51.03,205,2.2439,-0.1530,LOCK,2,misalignment
584,3843787,6104,6117,0.09750,-0.19890,-0.78390,0.81460,993.88,1000,6.12,51.03,205,2.2524,-0.0239,LOCK,2,misalignment
585,3843796,6113,6126,0.09750,-0.19890,-0.78390,0.81460,993.92,1000,6.08,51.03,205,2.2442,-0.1485,LOCK,2,misalignment
586,3843804,6121,6134,-0.13650,0.10530,-0.71760,0.73802,993.96,1000,6.04,51.03,205,2.2520,-0.0297,LOCK,2,misalignment
587,3843827,6144,6157,-0.24960,-0.16770,-0.82290,0.87612,994.00,1000,6.00,51.03,205,2.2640,0.1510,LOCK,2,misalignment
588,3843836,6153,6166,-0.24960,-0.16770,-0.82290,0.87612,994.04,1000,5.96,51.03,205,2.2408,-0.1994,LOCK,2,misalignment
589,3843844,6161,6174,0.28080,-0.03510,-0.97890,1.01898,994.07,1000,5.93,51.03,205,2.2420,-0.1811,LOCK,2,misalignment
590,3843852,6169,6182,-0.02340,0.05460,-0.73320,0.73560,994.09,1000,5.91,51.03,205,2.2352,-0.2852,LOCK,2,misalignment
591,3843866,6183,6196,-0.03510,0.08190,-0.76440,0.76958,994.13,1000,5.87,51.03,205,2.2561,0.0326,LOCK,2,misalignment
592,3843874,6191,6204,-0.03510,-0.03900,-0.63570,0.63786,994.16,1000,5.84,51.03,205,2.2507,-0.0499,LOCK,2,misalignment
593,3843882,6199,6212,-0.28080,0.09360,-0.89310,0.94087,994.18,1000,5.82,51.03,205,2.2557,0.0261,LOCK,2,misalignment
594,3843891,6208,6221,-0.23010,0.04290,-0.92430,0.95348,994.20,1000,5.80,51.03,205,2.2483,-0.0859,LOCK,2,misalignment
595,3843899,6216,6229,0.24570,0.02730,-0.85800,0.89290,994.23,1000,5.77,51.03,205,2.2416,-0.1881,LOCK,2,misalignment
596,3843908,6225,6238,0.24570,0.02730,-0.85800,0.89290,994.24,1000,5.76,51.03,205,2.2451,-0.1353,LOCK,2,misalignment
597,3843923,6240,6253,-0.23790,0.02340,-0.59280,0.63918,994.28,1000,5.72,51.03,205,2.2585,0.0680,LOCK,2,misalignment
598,3843931,6248,6261,0.00390,0.05070,-0.79170,0.79333,994.31,1000,5.69,51.03,205,2.2654,0.1730,LOCK,2,misalignment
599,3843940,6257,6270,-0.50700,0.11310,-0.86190,1.00634,994.33,1000,5.67,51.03,205,2.2508,-0.0490,LOCK,2,misalignment
600,3843948,6265,6278,-0.50700,0.11310,-0.86190,1.00634,994.36,1000,5.64,51.03,205,2.2479,-0.0917,LOCK,2,misalignment
601,3843957,6274,6287,-0.15210,-0.14820,-0.84630,0.87254,994.38,1000,5.62,51.03,205,2.2376,-0.2486,LOCK,2,misalignment
602,3843968,6285,6298,0.29640,0.03510,-0.86580,0.91580,994.40,1000,5.60,51.03,205,2.2623,0.1253,LOCK,2,misalignment
603,3843976,6293,6306,-0.01950,0.13650,-0.72930,0.74222,994.45,1000,5.55,51.03,205,2.2564,0.0368,LOCK,2,misalignment
604,3843985,6302,6315,0.03900,0.14430,-0.78000,0.79419,994.49,1000,5.51,51.03,205,2.2357,-0.2779,LOCK,2,misalignment
605,3843993,6310,6323,0.01950,0.05460,-0.67080,0.67330,994.53,1000,5.47,51.03,205,2.2542,0.0029,LOCK,2,misalignment
606,3844002,6319,6332,-0.35100,0.26910,-0.98670,1.08129,994.56,1000,5.44,51.03,205,2.2451,-0.1353,LOCK,2,misalignment
607,3844010,6327,6340,-0.35100,0.26910,-0.98670,1.08129,994.60,1000,5.40,51.03,205,2.2335,-0.3112,LOCK,2,misalignment
608,3844032,6349,6362,0.32370,0.15210,-0.92430,0.99108,994.62,1000,5.38,51.03,205,2.2703,0.2465,LOCK,2,misalignment
609,3844040,6357,6370,-0.05850,0.08970,-0.69810,0.70627,994.65,1000,5.35,51.03,205,2.2428,-0.1692,LOCK,2,misalignment
610,3844048,6365,6378,-0.14040,-0.09750,-0.51480,0.54244,994.68,1000,5.32,51.03,205,2.2443,-0.1466,LOCK,2,misalignment
611,3844057,6374,6387,-0.03900,-0.00390,-0.77610,0.77709,994.70,1000,5.30,51.03,205,2.2538,-0.0038,LOCK,2,misalignment
612,3844065,6382,6395,-0.45240,0.17550,-0.96330,1.07862,994.72,1000,5.28,51.03,205,2.2433,-0.1625,LOCK,2,misalignment
613,3844074,6391,6404,0.05850,-0.01170,-0.88920,0.89120,994.74,1000,5.26,51.03,205,2.2630,0.1360,LOCK,2,misalignment
614,3844083,6400,6413,0.05850,-0.01170,-0.88920,0.89120,994.76,1000,5.24,51.03,205,2.2586,0.0704,LOCK,2,misalignment
615,3844091,6408,6421,0.18720,0.07410,-0.74100,0.76786,994.77,1000,5.23,51.03,205,2.2473,-0.1018,LOCK,2,misalignment
616,3844099,6416,6429,-0.09360,0.03120,-0.66690,0.67416,994.79,1000,5.21,51.03,205,2.2514,-0.0401,LOCK,2,misalignment
617,3844108,6425,6438,-0.02730,0.10530,-0.72930,0.73737,994.81,1000,5.19,51.03,205,2.2314,-0.3417,LOCK,2,misalignment
618,3844116,6433,6446,-0.14040,0.04290,-0.73320,0.74775,994.83,1000,5.17,51.03,205,2.2482,-0.0877,LOCK,2,misalignment
619,3844127,6444,6457,-0.43680,-0.09750,-0.88140,0.98852,994.84,1000,5.16,51.03,205,2.2726,0.2819,LOCK,2,misalignment
620,3844136,6453,6466,0.05460,-0.04290,-0.81120,0.81417,994.86,1000,5.14,51.03,205,2.2619,0.1195,LOCK,2,misalignment
621,3844144,6461,6474,0.05460,-0.04290,-0.81120,0.81417,994.87,1000,5.13,51.03,205,2.2451,-0.1347,LOCK,2,misalignment
622,3844152,6469,6482,0.17160,0.00390,-0.86970,0.88648,994.88,1000,5.12,51.03,205,2.2314,-0.3423,LOCK,2,misalignment
623,3844161,6478,6491,-0.16770,0.17550,-0.63570,0.68047,994.92,1000,5.08,51.03,205,2.2380,-0.2428,LOCK,2,misalignment
624,3844169,6486,6499,-0.09360,-0.03120,-0.67860,0.68573,994.96,1000,5.04,51.03,205,2.2394,-0.2208,LOCK,2,misalignment
625,3844178,6495,6508,-0.11310,0.08970,-0.78780,0.80092,994.99,1000,5.01,51.03,205,2.2640,0.1510,LOCK,2,misalignment
626,3844186,6503,6516,-0.37830,-0.12090,-0.82290,0.91372,995.02,1000,4.98,51.03,205,2.2587,0.0716,LOCK,2,misalignment
627,3844195,6512,6525,-0.37830,-0.12090,-0.82290,0.91372,995.05,1000,4.95,51.03,205,2.2362,-0.2696,LOCK,2,misalignment
628,3844203,6520,6533,0.14040,-0.02730,-0.96720,0.97772,995.07,1000,4.93,51.03,205,2.2396,-0.2187,LOCK,2,misalignment
629,3844212,6529,6542,0.21840,-0.08580,-0.72930,0.76612,995.10,1000,4.90,51.03,205,2.2452,-0.1335,LOCK,2,misalignment
630,3844220,6537,6550,-0.24180,0.09360,-0.72150,0.76667,995.12,1000,4.88,51.03,205,2.2538,-0.0038,LOCK,2,misalignment
631,3844282,6599,6612,-0.19500,0.00780,-0.58110,0.61300,995.17,1000,4.83,51.03,205,2.2593,0.0802,LOCK,2,misalignment
632,3844290,6607,6620,-0.08190,0.01950,-0.68250,0.68767,995.22,1000,4.78,51.03,205,2.2353,-0.2840,LOCK,2,misalignment
633,3844299,6616,6629,-0.08190,0.01950,-0.68250,0.68767,995.26,1000,4.74,51.03,205,2.2396,-0.2181,LOCK,2,misalignment
634,3844307,6624,6637,-0.18330,0.00390,-0.89310,0.91172,995.30,1000,4.70,51.03,205,2.2401,-0.2104,LOCK,2,misalignment
635,3844316,6633,6646,-0.15990,-0.13650,-0.98280,1.00504,995.33,1000,4.67,51.03,205,2.2464,-0.1146,LOCK,2,misalignment
636,3844332,6649,6662,-0.00780,0.02340,-0.72930,0.72972,995.36,1000,4.64,51.03,205,2.2586,0.0695,LOCK,2,misalignment
637,3844340,6657,6670,0.01170,0.22620,-0.82680,0.85726,995.40,1000,4.60,51.03,205,2.2603,0.0951,LOCK,2,misalignment
638,3844349,6666,6679,0.01170,0.22620,-0.82680,0.85726,995.43,1000,4.57,51.03,205,2.2377,-0.2468,LOCK,2,misalignment
639,3844357,6674,6687,0.01170,0.02340,-0.69030,0.69080,995.46,1000,4.54,51.03,205,2.2472,-0.1033,LOCK,2,misalignment
640,3844366,6683,6696,-0.37830,0.23010,-0.85020,0.95859,995.49,1000,4.51,51.03,205,2.2502,-0.0575,LOCK,2,misalignment
641,3844381,6698,6711,-0.26130,-0.08190,-0.85020,0.89321,995.52,1000,4.48,51.03,205,2.2624,0.1275,LOCK,2,misalignment
642,3844389,6706,6719,0.33930,0.15990,-0.99060,1.05924,995.54,1000,4.46,51.03,205,2.2566,0.0396,LOCK,2,misalignment
643,3844397,6714,6727,0.18330,0.12870,-0.80730,0.83779,995.57,1000,4.43,51.03,205,2.2478,-0.0944,LOCK,2,misalignment
644,3844406,6723,6736,-0.12870,0.01950,-0.64350,0.65653,995.59,1000,4.41,51.03,205,2.2346,-0.2938,LOCK,2,misalignment
645,3844414,6731,6744,-0.01170,0.12090,-0.83460,0.84339,995.62,1000,4.38,51.03,205,2.2540,0.0005,LOCK,2,misalignment
646,3844423,6740,6753,-0.52650,0.18720,-0.85020,1.01739,995.64,1000,4.36,51.03,205,2.2482,-0.0880,LOCK,2,misalignment
647,3844434,6751,6764,-0.10530,0.00780,-0.90870,0.91481,995.65,1000,4.35,51.03,205,2.2564,0.0368,LOCK,2,misalignment
648,3844442,6759,6772,-0.10530,0.00780,-0.90870,0.91481,995.67,1000,4.33,51.03,205,2.2681,0.2130,LOCK,2,misalignment
649,3844450,6767,6780,0.29250,0.10530,-0.79560,0.85418,995.69,1000,4.31,51.03,205,2.2444,-0.1451,LOCK,2,misalignment
650,3844459,6776,6789,-0.06630,0.03900,-0.74100,0.74498,995.71,1000,4.29,51.03,205,2.2542,0.0026,LOCK,2,misalignment
651,3844467,6784,6797,0.01170,0.04290,-0.71760,0.71898,995.73,1000,4.27,51.03,205,2.2405,-0.2052,LOCK,2,misalignment
652,3844476,6793,6806,0.01950,-0.03900,-0.62010,0.62163,995.74,1000,4.26,51.03,205,2.2521,-0.0291,LOCK,2,misalignment
653,3844489,6806,6819,-0.31980,0.28860,-1.04520,1.13049,995.76,1000,4.24,51.03,205,2.2597,0.0857,LOCK,2,misalignment
654,3844498,6815,6828,-0.11700,-0.05850,-0.81120,0.82168,995.77,1000,4.23,51.03,205,2.2326,-0.3240,LOCK,2,misalignment
655,3844506,6823,6836,0.34710,0.07410,-0.90480,0.97192,995.79,1000,4.21,51.03,205,2.2526,-0.0215,LOCK,2,misalignment
656,3844514,6831,6844,0.34710,0.07410,-0.90480,0.97192,995.80,1000,4.20,51.03,205,2.2391,-0.2254,LOCK,2,misalignment
657,3844523,6840,6853,-0.12480,0.03120,-0.57720,0.59136,995.81,1000,4.19,51.03,205,2.2389,-0.2294,LOCK,2,misalignment
658,3844537,6854,6867,-0.05070,0.03900,-0.79170,0.79428,995.82,1000,4.18,51.03,205,2.2655,0.1736,LOCK,2,misalignment
659,3844545,6862,6875,-0.05070,0.03900,-0.79170,0.79428,995.82,1000,4.18,51.03,205,2.2547,0.0109,LOCK,2,misalignment
660,3844554,6871,6884,-0.47970,0.19890,-0.89310,1.03310,995.83,1000,4.17,51.03,205,2.2363,-0.2684,LOCK,2,misalignment
661,3844562,6879,6892,0.05850,-0.01950,-0.84240,0.84465,995.84,1000,4.16,51.03,205,2.2421,-0.1808,LOCK,2,misalignment
662,3844570,6887,6900,0.17160,-0.05070,-0.69420,0.71689,995.84,1000,4.16,51.03,205,2.2488,-0.0783,LOCK,2,misalignment
663,3844579,6896,6909,-0.17160,0.04290,-0.67470,0.69750,995.86,1000,4.14,51.03,205,2.2466,-0.1128,LOCK,2,misalignment
664,3844587,6904,6917,-0.03120,0.04290,-0.70980,0.71178,995.87,1000,4.13,51.03,205,2.2649,0.1644,LOCK,2,misalignment
665,3844596,6913,6926,-0.03120,0.04290,-0.70980,0.71178,995.88,1000,4.12,51.03,205,2.2590,0.0756,LOCK,2,misalignment
666,3844604,6921,6934,-0.13650,0.05460,-0.76050,0.77458,995.89,1000,4.11,51.03,205,2.2501,-0.0590,LOCK,2,misalignment
667,3844613,6930,6943,-0.47580,-0.10530,-0.83460,0.96645,995.90,1000,4.10,51.03,205,2.2421,-0.1802,LOCK,2,misalignment
668,3844621,6938,6951,0.08190,-0.05070,-0.83070,0.83627,995.91,1000,4.09,51.03,205,2.2357,-0.2770,LOCK,2,misalignment
669,3844630,6947,6960,0.18330,0.00000,-0.80340,0.82405,995.92,1000,4.08,51.03,205,2.2472,-0.1036,LOCK,2,misalignment
670,3844640,6957,6970,-0.30810,-0.04680,-0.52650,0.61182,995.92,1000,4.08,51.03,205,2.2596,0.0854,LOCK,2,misalignment
671,3844648,6965,6978,-0.14040,-0.03510,-0.62400,0.64056,995.91,1000,4.09,51.03,205,2.2625,0.1281,LOCK,2,misalignment
672,3844656,6973,6986,-0.14040,-0.03510,-0.62400,0.64056,995.91,1000,4.09,51.03,205,2.2459,-0.1234,LOCK,2,misalignment
673,3844665,6982,6995,-0.19890,-0.02340,-0.75660,0.78266,995.91,1000,4.09,51.03,205,2.2448,-0.1390,LOCK,2,misalignment
674,3844673,6990,7003,-0.35880,-0.16380,-0.93990,1.01930,995.90,1000,4.10,51.03,205,2.2469,-0.1076,LOCK,2,misalignment
675,3844690,7007,7020,0.18330,-0.03900,-0.69030,0.71529,995.90,1000,4.10,51.03,205,2.2639,0.1498,LOCK,2,misalignment
676,3844698,7015,7028,0.18330,-0.03900,-0.69030,0.71529,995.91,1000,4.09,51.03,205,2.2557,0.0255,LOCK,2,misalignment
677,3844707,7024,7037,-0.20670,0.21840,-0.69810,0.76011,995.91,1000,4.09,51.03,205,2.2473,-0.1015,LOCK,2,misalignment
678,3844715,7032,7045,-0.16380,0.03120,-0.63570,0.65720,995.92,1000,4.08,51.03,205,2.2442,-0.1488,LOCK,2,misalignment
679,3844723,7040,7053,-0.23400,-0.15210,-0.76830,0.81742,995.92,1000,4.08,51.03,205,2.2453,-0.1311,LOCK,2,misalignment
680,3844735,7052,7065,-0.17160,-0.00780,-0.92430,0.94013,995.93,1000,4.07,51.03,205,2.2543,0.0039,LOCK,2,misalignment
681,3844744,7061,7074,0.22620,-0.01950,-0.88530,0.91395,995.93,1000,4.07,51.03,205,2.2610,0.1061,LOCK,2,misalignment
682,3844752,7069,7082,0.07800,0.09360,-0.86190,0.87047,995.93,1000,4.07,51.03,205,2.2627,0.1311,LOCK,2,misalignment
683,3844761,7078,7091,-0.12480,0.04290,-0.65520,0.66836,995.93,1000,4.07,51.03,205,2.2366,-0.2629,LOCK,2,misalignment
684,3844769,7086,7099,-0.12480,0.04290,-0.65520,0.66836,995.94,1000,4.06,51.03,205,2.2536,-0.0056,LOCK,2,misalignment
685,3844778,7095,7108,-0.07020,-0.09360,-0.62790,0.63871,995.94,1000,4.06,51.03,205,2.2456,-0.1268,LOCK,2,misalignment
686,3844788,7105,7118,-0.08190,-0.01170,-0.85410,0.85810,995.94,1000,4.06,51.03,205,2.2627,0.1311,LOCK,2,misalignment
687,3844796,7113,7126,-0.17550,-0.15600,-0.99450,1.02184,995.94,1000,4.06,51.03,205,2.2630,0.1366,LOCK,2,misalignment
688,3844805,7122,7135,0.26130,0.00000,-0.88920,0.92680,995.94,1000,4.06,51.03,205,2.2660,0.1812,LOCK,2,misalignment
689,3844813,7130,7143,0.03510,-0.03510,-0.74490,0.74655,995.94,1000,4.06,51.03,205,2.2561,0.0319,LOCK,2,misalignment
690,3844821,7138,7151,0.03510,-0.03510,-0.74490,0.74655,995.95,1000,4.05,51.03,205,2.2544,0.0054,LOCK,2,misalignment
691,3844830,7147,7160,-0.02730,0.04680,-0.67470,0.67687,995.96,1000,4.04,51.03,205,2.2467,-0.1100,LOCK,2,misalignment
692,3844844,7161,7174,-0.38610,0.32370,-0.99840,1.11833,995.97,1000,4.03,51.03,205,2.2622,0.1241,LOCK,2,misalignment
693,3844853,7170,7183,-0.38610,0.32370,-0.99840,1.11833,995.97,1000,4.03,51.03,205,2.2626,0.1299,LOCK,2,misalignment
694,3844861,7178,7191,-0.17940,-0.09750,-0.81900,0.84407,995.98,1000,4.02,51.03,205,2.2431,-0.1649,LOCK,2,misalignment
695,3844869,7186,7199,0.35490,0.03120,-0.91260,0.97968,995.99,1000,4.01,51.03,205,2.2591,0.0777,LOCK,2,misalignment
696,3844895,7212,7225,0.06240,-0.04680,-0.81900,0.82271,995.98,1000,4.02,51.03,205,2.2637,0.1476,LOCK,2,misalignment
697,3844903,7220,7233,0.06240,-0.04680,-0.81900,0.82271,995.97,1000,4.03,51.03,205,2.2554,0.0206,LOCK,2,misalignment
698,3844912,7229,7242,-0.38220,0.09750,-0.88140,0.96563,995.96,1000,4.04,51.03,205,2.2432,-0.1631,LOCK,2,misalignment
699,3844920,7237,7250,-0.15990,0.00780,-0.86970,0.88431,995.95,1000,4.05,51.03,205,2.2442,-0.1488,LOCK,2,misalignment
700,3844929,7246,7259,0.29640,0.06630,-0.86970,0.92121,995.94,1000,4.06,51.03,205,2.2433,-0.1625,LOCK,2,misalignment
701,3844937,7254,7267,-0.07800,-0.00780,-0.72930,0.73350,995.94,1000,4.06,51.03,205,2.2491,-0.0740,LOCK,2,misalignment
702,3844947,7264,7277,-0.02340,0.07020,-0.73320,0.73692,995.94,1000,4.06,51.03,205,2.2570,0.0457,LOCK,2,misalignment
703,3844955,7272,7285,-0.02340,0.07020,-0.73320,0.73692,995.94,1000,4.06,51.03,205,2.2602,0.0933,LOCK,2,misalignment
704,3844964,7281,7294,0.01170,0.00390,-0.69810,0.69821,995.94,1000,4.06,51.03,205,2.2313,-0.3432,LOCK,2,misalignment
705,3844972,7289,7302,-0.31200,0.21450,-0.92430,0.99884,995.94,1000,4.06,51.03,205,2.2505,-0.0532,LOCK,2,misalignment
706,3844981,7298,7311,-0.10140,0.05460,-0.80340,0.81161,995.94,1000,4.06,51.03,205,2.2518,-0.0334,LOCK,2,misalignment
707,3844989,7306,7319,0.25740,0.06630,-0.85800,0.89823,995.95,1000,4.05,51.03,205,2.2531,-0.0135,LOCK,2,misalignment
708,3844998,7315,7328,-0.18720,-0.05070,-0.53040,0.56475,995.95,1000,4.05,51.03,205,2.2575,0.0533,LOCK,2,misalignment
709,3845006,7323,7336,-0.18720,-0.05070,-0.53040,0.56475,995.93,1000,4.07,51.03,205,2.2646,0.1611,LOCK,2,misalignment
710,3845014,7331,7344,-0.05460,0.05070,-0.67080,0.67493,995.92,1000,4.08,51.03,205,2.2556,0.0243,LOCK,2,misalignment
711,3845023,7340,7353,-0.10530,0.07020,-0.86190,0.87114,995.92,1000,4.08,51.03,205,2.2323,-0.3292,LOCK,2,misalignment
712,3845031,7348,7361,-0.46020,-0.00390,-0.89310,1.00470,995.91,1000,4.09,51.03,205,2.2587,0.0713,LOCK,2,misalignment
713,3845040,7357,7370,0.05850,-0.05070,-0.84240,0.84595,995.90,1000,4.10,51.03,205,2.2528,-0.0187,LOCK,2,misalignment
714,3845048,7365,7378,0.17940,-0.04290,-0.65130,0.67692,995.89,1000,4.11,51.03,205,2.2630,0.1363,LOCK,2,misalignment
715,3845057,7374,7387,0.17940,-0.04290,-0.65130,0.67692,995.89,1000,4.11,51.03,205,2.2565,0.0377,LOCK,2,misalignment
716,3845065,7382,7395,-0.20670,0.12870,-0.71760,0.75779,995.88,1000,4.12,51.03,205,2.2369,-0.2583,LOCK,2,misalignment
717,3845074,7391,7404,-0.11700,-0.05460,-0.64740,0.66015,995.88,1000,4.12,51.03,205,2.2494,-0.0691,LOCK,2,misalignment
718,3845082,7399,7412,-0.14430,-0.09750,-0.74490,0.76499,995.87,1000,4.13,51.03,205,2.2428,-0.1692,LOCK,2,misalignment
719,3845096,7413,7426,-0.39780,-0.10920,-0.90090,0.99085,995.87,1000,4.13,51.03,205,2.2539,-0.0016,LOCK,2,misalignment
720,3845104,7421,7434,0.08970,-0.06240,-0.78000,0.78762,995.86,1000,4.14,51.03,205,2.2597,0.0869,LOCK,2,misalignment
721,3845113,7430,7443,0.14430,-0.04290,-0.81900,0.83272,995.86,1000,4.14,51.03,205,2.2266,-0.4149,LOCK,2,misalignment
722,3845121,7438,7451,-0.35880,0.00780,-0.57720,0.67967,995.85,1000,4.15,51.03,205,2.2408,-0.2007,LOCK,2,misalignment
723,3845129,7446,7459,-0.35880,0.00780,-0.57720,0.67967,995.84,1000,4.16,51.03,205,2.2367,-0.2620,LOCK,2,misalignment
724,3845138,7455,7468,-0.22620,-0.01170,-0.60840,0.64919,995.84,1000,4.16,51.03,205,2.2386,-0.2333,LOCK,2,misalignment
725,3845153,7470,7483,-0.34320,-0.21840,-0.87750,0.96721,995.83,1000,4.17,51.03,205,2.2601,0.0924,LOCK,2,misalignment
726,3845162,7479,7492,0.14820,-0.11310,-0.81120,0.83235,995.83,1000,4.17,51.03,205,2.2666,0.1913,LOCK,2,misalignment
727,3845170,7487,7500,0.14820,-0.11310,-0.81120,0.83235,995.82,1000,4.18,51.03,205,2.2484,-0.0856,LOCK,2,misalignment
728,3845179,7496,7509,0.16770,0.08190,-0.81900,0.84000,995.84,1000,4.16,51.03,205,2.2696,0.2362,LOCK,2,misalignment
729,3845187,7504,7517,-0.12480,0.20670,-0.76440,0.80163,995.85,1000,4.15,51.03,205,2.2665,0.1898,LOCK,2,misalignment
730,3845196,7513,7526,-0.06630,0.01950,-0.62400,0.62782,995.86,1000,4.14,51.03,205,2.2615,0.1131,LOCK,2,misalignment
731,3845204,7521,7534,-0.30810,-0.15600,-0.76830,0.84235,995.87,1000,4.13,51.03,205,2.2583,0.0655,LOCK,2,misalignment
732,3845213,7530,7543,-0.26130,-0.06240,-0.93990,0.97754,995.88,1000,4.12,51.03,205,2.2456,-0.1274,LOCK,2,misalignment
733,3845221,7538,7551,-0.26130,-0.06240,-0.93990,0.97754,995.89,1000,4.11,51.03,205,2.2577,0.0564,LOCK,2,misalignment
734,3845229,7546,7559,0.31200,0.00390,-0.95940,1.00886,995.90,1000,4.10,51.03,205,2.2476,-0.0972,LOCK,2,misalignment
735,3845238,7555,7568,0.09750,0.03510,-0.79560,0.80232,995.91,1000,4.09,51.03,205,2.2528,-0.0184,LOCK,2,misalignment
736,3845259,7576,7589,-0.02340,0.01560,-0.65520,0.65580,995.93,1000,4.07,51.03,205,2.2596,0.0844,LOCK,2,misalignment
737,3845268,7585,7598,-0.35880,0.17550,-0.88140,0.96768,995.95,1000,4.05,51.03,205,2.2487,-0.0801,LOCK,2,misalignment
738,3845276,7593,7606,-0.20670,-0.08970,-0.95940,0.98550,995.96,1000,4.04,51.03,205,2.2402,-0.2086,LOCK,2,misalignment
739,3845285,7602,7615,0.28470,-0.02730,-0.86580,0.91182,995.98,1000,4.02,51.03,205,2.2565,0.0380,LOCK,2,misalignment
740,3845298,7615,7628,0.09360,-0.09750,-0.76050,0.77242,995.99,1000,4.01,51.03,205,2.2587,0.0710,LOCK,2,misalignment
741,3845307,7624,7637,-0.09750,0.00780,-0.69420,0.70106,996.00,1000,4.00,51.03,205,2.2579,0.0585,LOCK,2,misalignment
742,3845315,7632,7645,-0.09750,0.00780,-0.69420,0.70106,996.02,1000,3.98,51.03,205,2.2493,-0.0718,LOCK,2,misalignment
743,3845323,7640,7653,0.04290,0.07020,-0.82680,0.83088,996.03,1000,3.97,51.03,205,2.2374,-0.2519,LOCK,2,misalignment
744,3845332,7649,7662,-0.50310,0.26520,-0.97890,1.13212,996.04,1000,3.96,51.03,205,2.2578,0.0573,LOCK,2,misalignment
745,3845340,7657,7670,-0.19890,0.01170,-0.85800,0.88083,996.05,1000,3.95,51.03,205,2.2416,-0.1881,LOCK,2,misalignment
746,3845362,7679,7692,-0.03510,0.02340,-0.63570,0.63710,996.08,1000,3.92,51.03,205,2.2558,0.0277,LOCK,2,misalignment
747,3845370,7687,7700,-0.03120,0.07020,-0.69030,0.69456,996.11,1000,3.89,51.03,205,2.2455,-0.1292,LOCK,2,misalignment
748,3845379,7696,7709,-0.01560,-0.02340,-0.70200,0.70256,996.14,1000,3.86,51.03,205,2.2433,-0.1625,LOCK,2,misalignment
749,3845387,7704,7717,-0.35100,0.26910,-0.97110,1.06708,996.17,1000,3.83,51.03,205,2.2506,-0.0511,LOCK,2,misalignment
750,3845396,7713,7726,-0.35100,0.26910,-0.97110,1.06708,996.19,1000,3.81,51.03,205,2.2375,-0.2501,LOCK,2,misalignment
751,3845405,7722,7735,-0.09750,0.03510,-0.85410,0.86036,996.21,1000,3.79,51.03,205,2.2631,0.1382,LOCK,2,misalignment
752,3845414,7731,7744,0.28470,0.07020,-0.78000,0.83330,996.23,1000,3.77,51.03,205,2.2573,0.0493,LOCK,2,misalignment
753,3845422,7739,7752,-0.15990,0.15990,-0.70980,0.74495,996.25,1000,3.75,51.03,205,2.2465,-0.1143,LOCK,2,misalignment
754,3845431,7748,7761,-0.14430,0.08970,-0.63570,0.65801,996.27,1000,3.73,51.03,205,2.2545,0.0081,LOCK,2,misalignment
755,3845439,7756,7769,-0.11700,0.02730,-0.74880,0.75838,996.29,1000,3.71,51.03,205,2.2560,0.0298,LOCK,2,misalignment
756,3845447,7764,7777,-0.11700,0.02730,-0.74880,0.75838,996.31,1000,3.69,51.03,205,2.2539,-0.0019,LOCK,2,misalignment
757,3845462,7779,7792,-0.01560,0.00000,-0.78390,0.78406,996.32,1000,3.68,51.03,205,2.2612,0.1098,LOCK,2,misalignment
758,3845471,7788,7801,0.20280,0.01950,-0.82290,0.84775,996.33,1000,3.67,51.03,205,2.2490,-0.0761,LOCK,2,misalignment
759,3845479,7796,7809,-0.24960,0.13260,-0.51870,0.59071,996.35,1000,3.65,51.03,205,2.2373,-0.2538,LOCK,2,misalignment
760,3845488,7805,7818,-0.24960,0.13260,-0.51870,0.59071,996.38,1000,3.62,51.03,205,2.2452,-0.1326,LOCK,2,misalignment
761,3845501,7818,7831,-0.17160,-0.01950,-0.83460,0.85228,996.41,1000,3.59,51.03,205,2.2397,-0.2168,LOCK,2,misalignment
762,3845509,7826,7839,-0.17160,-0.01950,-0.83460,0.85228,996.44,1000,3.56,51.03,205,2.2595,0.0832,LOCK,2,misalignment
763,3845518,7835,7848,-0.42510,-0.11700,-0.94380,1.04171,996.46,1000,3.54,51.03,205,2.2617,0.1168,LOCK,2,misalignment
764,3845526,7843,7856,0.08580,-0.03900,-0.81900,0.82441,996.48,1000,3.52,51.03,205,2.2496,-0.0670,LOCK,2,misalignment
765,3845535,7852,7865,0.17940,0.09750,-0.78000,0.80628,996.50,1000,3.50,51.03,205,2.2447,-0.1402,LOCK,2,misalignment
766,3845543,7860,7873,-0.23400,0.12090,-0.61230,0.66655,996.53,1000,3.47,51.03,205,2.2434,-0.1613,LOCK,2,misalignment
767,3845552,7869,7882,-0.26130,0.05070,-0.57720,0.63562,996.55,1000,3.45,51.03,205,2.2525,-0.0227,LOCK,2,misalignment
768,3845562,7879,7892,-0.17940,-0.03120,-0.78390,0.80477,996.57,1000,3.43,51.03,205,2.2618,0.1180,LOCK,2,misalignment
769,3845570,7887,7900,-0.17940,-0.03120,-0.78390,0.80477,996.59,1000,3.41,51.03,205,2.2627,0.1315,LOCK,2,misalignment
770,3845579,7896,7909,-0.26910,-0.08190,-0.94380,0.98483,996.61,1000,3.39,51.03,205,2.2309,-0.3496,LOCK,2,misalignment
771,3845587,7904,7917,0.21450,-0.04290,-0.90480,0.93087,996.62,1000,3.38,51.03,205,2.2540,-0.0007,LOCK,2,misalignment
772,3845596,7913,7926,0.21840,-0.05460,-0.73320,0.76698,996.64,1000,3.36,51.03,205,2.2443,-0.1463,LOCK,2,misalignment
773,3845604,7921,7934,-0.07410,0.16380,-0.76440,0.78526,996.66,1000,3.34,51.03,205,2.2394,-0.2205,LOCK,2,misalignment
774,3845613,7930,7943,-0.06240,0.05070,-0.68250,0.68722,996.69,1000,3.31,51.03,205,2.2593,0.0805,LOCK,2,misalignment
775,3845621,7938,7951,-0.06240,0.05070,-0.68250,0.68722,996.71,1000,3.29,51.03,205,2.2665,0.1891,LOCK,2,misalignment
776,3845630,7947,7960,-0.24570,-0.10920,-0.70980,0.75902,996.74,1000,3.26,51.03,205,2.2467,-0.1109,LOCK,2,misalignment
777,3845638,7955,7968,-0.21840,-0.05850,-0.94380,0.97050,996.75,1000,3.25,51.03,205,2.2482,-0.0874,LOCK,2,misalignment
778,3845646,7963,7976,0.25350,-0.06240,-0.90090,0.93796,996.77,1000,3.23,51.03,205,2.2260,-0.4238,LOCK,2,misalignment
779,3845655,7972,7985,0.12480,-0.10530,-0.78000,0.79691,996.79,1000,3.21,51.03,205,2.2500,-0.0606,LOCK,2,misalignment
780,3845665,7982,7995,-0.03120,-0.01950,-0.72150,0.72244,996.81,1000,3.19,51.03,205,2.2633,0.1409,LOCK,2,misalignment
781,3845673,7990,8003,-0.03120,-0.01950,-0.72150,0.72244,996.83,1000,3.17,51.03,205,2.2583,0.0658,LOCK,2,misalignment
782,3845682,7999,8012,-0.03510,0.01560,-0.60840,0.60961,996.85,1000,3.15,51.03,205,2.2429,-0.1677,LOCK,2,misalignment
783,3845690,8007,8020,-0.21060,0.10530,-0.92040,0.95004,996.87,1000,3.13,51.03,205,2.2541,0.0011,LOCK,2,misalignment
784,3845703,8020,8033,-0.24570,-0.03900,-0.89700,0.93086,996.89,1000,3.11,51.03,205,2.2428,-0.1692,LOCK,2,misalignment
785,3845712,8029,8042,0.32370,-0.01170,-0.93210,0.98678,996.90,1000,3.10,51.03,205,2.2635,0.1440,LOCK,2,misalignment
786,3845721,8038,8051,0.08580,-0.11310,-0.69420,0.70857,996.93,1000,3.07,51.03,205,2.2542,0.0036,LOCK,2,misalignment
787,3845729,8046,8059,0.01170,-0.03510,-0.73320,0.73413,996.95,1000,3.05,51.03,205,2.2492,-0.0728,LOCK,2,misalignment
788,3845737,8054,8067,-0.03900,-0.05070,-0.74880,0.75153,996.97,1000,3.03,51.03,205,2.2509,-0.0474,LOCK,2,misalignment
789,3845746,8063,8076,-0.03900,-0.05070,-0.74880,0.75153,996.99,1000,3.01,51.03,205,2.2513,-0.0404,LOCK,2,misalignment
790,3845754,8071,8084,-0.44460,0.06630,-0.90480,1.01031,997.01,1000,2.99,51.03,205,2.2501,-0.0587,LOCK,2,misalignment
791,3845768,8085,8098,0.31200,-0.04290,-0.82290,0.88111,997.02,1000,2.98,51.03,205,2.2628,0.1333,LOCK,2,misalignment
792,3845776,8093,8106,0.31200,-0.04290,-0.82290,0.88111,997.04,1000,2.96,51.03,205,2.2568,0.0417,LOCK,2,misalignment
793,3845785,8102,8115,-0.09750,0.11310,-0.73320,0.74825,997.06,1000,2.94,51.03,205,2.2275,-0.4018,LOCK,2,misalignment
794,3845793,8110,8123,-0.14430,0.14820,-0.71370,0.74307,997.08,1000,2.92,51.03,205,2.2506,-0.0517,LOCK,2,misalignment
795,3845802,8119,8132,0.07410,0.07020,-0.79560,0.80212,997.10,1000,2.90,51.03,205,2.2378,-0.2449,LOCK,2,misalignment
796,3845811,8128,8141,-0.31200,0.12480,-0.90870,0.96884,997.12,1000,2.88,51.03,205,2.2673,0.2017,LOCK,2,misalignment
797,3845820,8137,8150,-0.10920,-0.02730,-0.81510,0.82284,997.14,1000,2.86,51.03,205,2.2650,0.1666,LOCK,2,misalignment
798,3845828,8145,8158,-0.10920,-0.02730,-0.81510,0.82284,997.15,1000,2.85,51.03,205,2.2311,-0.3475,LOCK,2,misalignment
799,3845836,8153,8166,0.24570,0.07410,-0.85020,0.88809,997.16,1000,2.84,51.03,205,2.2590,0.0756,LOCK,2,misalignment
800,3845845,8162,8175,-0.19500,0.14040,-0.65910,0.70153,997.19,1000,2.81,51.03,205,2.2439,-0.1536,LOCK,2,misalignment
801,3845853,8170,8183,-0.17940,0.04290,-0.65520,0.68067,997.22,1000,2.78,51.03,205,2.2432,-0.1643,LOCK,2,misalignment
802,3845868,8185,8198,-0.03510,0.03900,-0.79950,0.80122,997.25,1000,2.75,51.03,205,2.2645,0.1598,LOCK,2,misalignment
803,3845876,8193,8206,-0.35880,0.03900,-0.87360,0.94522,997.27,1000,2.73,51.03,205,2.2434,-0.1613,LOCK,2,misalignment
804,3845885,8202,8215,-0.05070,0.01170,-0.79170,0.79341,997.29,1000,2.71,51.03,205,2.2479,-0.0926,LOCK,2,misalignment
805,3845893,8210,8223,0.21840,0.21840,-0.90090,0.95237,997.31,1000,2.69,51.03,205,2.2392,-0.2248,LOCK,2,misalignment
806,3845915,8232,8245,-0.04680,0.12090,-0.59670,0.61062,997.31,1000,2.69,51.03,205,2.2629,0.1345,LOCK,2,misalignment
807,3845923,8240,8253,-0.14040,0.07800,-0.79950,0.81547,997.32,1000,2.68,51.03,205,2.2618,0.1186,LOCK,2,misalignment
808,3845932,8249,8262,-0.50310,-0.05460,-0.77610,0.92651,997.32,1000,2.68,51.03,205,2.2434,-0.1607,LOCK,2,misalignment
809,3845940,8257,8270,-0.50310,-0.05460,-0.77610,0.92651,997.33,1000,2.67,51.03,205,2.2478,-0.0941,LOCK,2,misalignment
810,3845948,8265,8278,0.10920,0.00000,-0.94770,0.95397,997.33,1000,2.67,51.03,205,2.2337,-0.3072,LOCK,2,misalignment
811,3845957,8274,8287,0.18330,-0.04290,-0.73710,0.76076,997.34,1000,2.66,51.03,205,2.2463,-0.1161,LOCK,2,misalignment
812,3845975,8292,8305,-0.12090,-0.03510,-0.60450,0.61747,997.34,1000,2.66,51.03,205,2.2704,0.2484,LOCK,2,misalignment
813,3845984,8301,8314,-0.22230,0.05850,-0.68640,0.72387,997.35,1000,2.65,51.03,205,2.2607,0.1015,LOCK,2,misalignment
814,3845992,8309,8322,-0.35100,-0.07800,-0.98280,1.04651,997.35,1000,2.65,51.03,205,2.2606,0.1000,LOCK,2,misalignment
815,3846001,8318,8331,-0.35100,-0.07800,-0.98280,1.04651,997.36,1000,2.64,51.03,205,2.2604,0.0967,LOCK,2,misalignment
816,3846009,8326,8339,0.15210,-0.01560,-0.85020,0.86384,997.36,1000,2.64,51.03,205,2.2528,-0.0178,LOCK,2,misalignment
817,3846018,8335,8348,0.23790,-0.12480,-0.77220,0.81760,997.37,1000,2.63,51.03,205,2.2448,-0.1387,LOCK,2,misalignment
818,3846026,8343,8356,-0.24960,-0.02730,-0.62400,0.67262,997.37,1000,2.63,51.03,205,2.2472,-0.1024,LOCK,2,misalignment
819,3846035,8352,8365,-0.14430,-0.02340,-0.65130,0.66750,997.38,1000,2.62,51.03,205,2.2515,-0.0383,LOCK,2,misalignment
820,3846075,8392,8405,0.07800,-0.19500,-0.65130,0.68432,997.39,1000,2.61,51.03,205,2.2549,0.0142,LOCK,2,misalignment
821,3846084,8401,8414,0.07800,-0.19500,-0.65130,0.68432,997.39,1000,2.61,51.03,205,2.2444,-0.1457,LOCK,2,misalignment
822,3846092,8409,8422,-0.17940,0.02340,-0.65910,0.68348,997.40,1000,2.60,51.03,205,2.2363,-0.2678,LOCK,2,misalignment
823,3846101,8418,8431,-0.08580,0.01950,-0.73710,0.74233,997.40,1000,2.60,51.03,205,2.2588,0.0735,LOCK,2,misalignment
824,3846109,8426,8439,-0.27690,0.00000,-0.83850,0.88304,997.40,1000,2.60,51.03,205,2.2387,-0.2321,LOCK,2,misalignment
825,3846126,8443,8456,0.26130,-0.12480,-0.82290,0.87236,997.41,1000,2.59,51.03,205,2.2701,0.2444,LOCK,2,misalignment
826,3846135,8452,8465,0.26130,-0.12480,-0.82290,0.87236,997.41,1000,2.59,51.03,205,2.2417,-0.1869,LOCK,2,misalignment
827,3846143,8460,8473,-0.06630,-0.07410,-0.76050,0.76697,997.41,1000,2.59,51.03,205,2.2596,0.0854,LOCK,2,misalignment
828,3846152,8469,8482,-0.18720,-0.01170,-0.62010,0.64785,997.41,1000,2.59,51.03,205,2.2557,0.0264,LOCK,2,misalignment
829,3846160,8477,8490,-0.04680,-0.08190,-0.75660,0.76246,997.41,1000,2.59,51.03,205,2.2361,-0.2712,LOCK,2,misalignment
830,3846175,8492,8505,-0.48360,0.18330,-0.92820,1.06255,997.41,1000,2.59,51.03,205,2.2622,0.1241,LOCK,2,misalignment
831,3846184,8501,8514,-0.18720,-0.07410,-0.91650,0.93835,997.41,1000,2.59,51.03,205,2.2662,0.1849,LOCK,2,misalignment
832,3846192,8509,8522,0.31980,0.03510,-0.92040,0.97501,997.41,1000,2.59,51.03,205,2.2534,-0.0096,LOCK,2,misalignment
833,3846201,8518,8531,0.03510,0.12870,-0.66300,0.67629,997.41,1000,2.59,51.03,205,2.2565,0.0371,LOCK,2,misalignment
834,3846209,8526,8539,-0.05460,0.10530,-0.78780,0.79668,997.41,1000,2.59,51.03,205,2.2612,0.1089,LOCK,2,misalignment
835,3846218,8535,8548,-0.05460,0.10530,-0.78780,0.79668,997.41,1000,2.59,51.03,205,2.2678,0.2084,LOCK,2,misalignment
836,3846226,8543,8556,0.03510,0.03120,-0.76830,0.76973,997.40,1000,2.60,51.03,205,2.2640,0.1513,LOCK,2,misalignment
837,3846235,8552,8565,-0.32370,0.31980,-0.99060,1.09011,997.40,1000,2.60,51.03,205,2.2470,-0.1066,LOCK,2,misalignment
838,3846243,8560,8573,-0.15210,-0.07410,-0.79170,0.80958,997.40,1000,2.60,51.03,205,2.2676,0.2056,LOCK,2,misalignment
839,3846251,8568,8581,0.29250,0.19500,-0.88140,0.94892,997.39,1000,2.61,51.03,205,2.2441,-0.1506,LOCK,2,misalignment
840,3846260,8577,8590,-0.03900,0.11700,-0.74880,0.75889,997.39,1000,2.61,51.03,205,2.2325,-0.3258,LOCK,2,misalignment
841,3846278,8595,8608,-0.07800,0.10140,-0.66300,0.67523,997.40,1000,2.60,51.03,205,2.2418,-0.1848,LOCK,2,misalignment
842,3846287,8604,8617,0.00390,0.08190,-0.79950,0.80369,997.41,1000,2.59,51.03,205,2.2371,-0.2559,LOCK,2,misalignment
843,3846295,8612,8625,-0.30810,0.17940,-0.90870,0.97614,997.42,1000,2.58,51.03,205,2.2591,0.0768,LOCK,2,misalignment
844,3846303,8620,8633,-0.03900,0.03900,-0.84240,0.84420,997.43,1000,2.57,51.03,205,2.2581,0.0622,LOCK,2,misalignment
845,3846312,8629,8642,0.22620,0.13650,-0.76830,0.81246,997.43,1000,2.57,51.03,205,2.2577,0.0561,LOCK,2,misalignment
846,3846321,8638,8651,0.22620,0.13650,-0.76830,0.81246,997.44,1000,2.56,51.03,205,2.2635,0.1443,LOCK,2,misalignment
847,3846334,8651,8664,0.02340,-0.11700,-0.72150,0.73130,997.44,1000,2.56,51.03,205,2.2614,0.1116,LOCK,2,misalignment
848,3846342,8659,8672,-0.12870,0.05460,-0.74880,0.76174,997.44,1000,2.56,51.03,205,2.2373,-0.2532,LOCK,2,misalignment
849,3846351,8668,8681,-0.12870,0.05460,-0.74880,0.76174,997.45,1000,2.55,51.03,205,2.2408,-0.1997,LOCK,2,misalignment
850,3846359,8676,8689,-0.39000,-0.04680,-0.96330,1.04031,997.45,1000,2.55,51.03,205,2.2390,-0.2266,LOCK,2,misalignment
851,3846368,8685,8698,0.04680,-0.05460,-0.74880,0.75225,997.45,1000,2.55,51.03,205,2.2564,0.0359,LOCK,2,misalignment
852,3846383,8700,8713,-0.13650,0.05460,-0.67080,0.68672,997.45,1000,2.55,51.03,205,2.2676,0.2053,LOCK,2,misalignment
853,3846391,8708,8721,-0.13650,0.05460,-0.67080,0.68672,997.45,1000,2.55,51.03,205,2.2443,-0.1466,LOCK,2,misalignment
854,3846400,8717,8730,-0.02340,0.06630,-0.65130,0.65508,997.45,1000,2.55,51.03,205,2.2446,-0.1430,LOCK,2,misalignment
855,3846408,8725,8738,-0.17940,-0.02340,-0.80730,0.82732,997.46,1000,2.54,51.03,205,2.2609,0.1043,LOCK,2,misalignment
856,3846417,8734,8747,-0.39390,0.03120,-0.83460,0.92341,997.46,1000,2.54,51.03,205,2.2293,-0.3737,LOCK,2,misalignment
857,3846440,8757,8770,0.21060,-0.06630,-0.68640,0.72104,997.46,1000,2.54,51.03,205,2.2497,-0.0657,LOCK,2,misalignment
858,3846449,8766,8779,-0.27300,0.08580,-0.63570,0.69714,997.46,1000,2.54,51.03,205,2.2525,-0.0233,LOCK,2,misalignment
859,3846457,8774,8787,-0.24570,0.07800,-0.67860,0.72591,997.46,1000,2.54,51.03,205,2.2350,-0.2886,LOCK,2,misalignment
860,3846465,8782,8795,-0.26520,-0.09360,-0.79560,0.84384,997.47,1000,2.53,51.03,205,2.2517,-0.0343,LOCK,2,misalignment
861,3846483,8800,8813,-0.23400,-0.03120,-0.95940,0.98802,997.47,1000,2.53,51.03,205,2.2680,0.2114,LOCK,2,misalignment
862,3846492,8809,8822,0.19500,-0.09750,-0.86580,0.89283,997.48,1000,2.52,51.03,205,2.2640,0.1516,LOCK,2,misalignment
863,3846500,8817,8830,0.06240,-0.07410,-0.78780,0.79373,997.48,1000,2.52,51.03,205,2.2634,0.1418,LOCK,2,misalignment
864,3846509,8826,8839,-0.16380,-0.04680,-0.62010,0.64307,997.49,1000,2.51,51.03,205,2.2609,0.1052,LOCK,2,misalignment
865,3846517,8834,8847,-0.03900,-0.08970,-0.66690,0.67403,997.49,1000,2.51,51.03,205,2.2634,0.1431,LOCK,2,misalignment
866,3846526,8843,8856,-0.03900,-0.08970,-0.66690,0.67403,997.50,1000,2.50,51.03,205,2.2606,0.0994,LOCK,2,misalignment
867,3846539,8856,8869,-0.18720,-0.21450,-0.92040,0.96343,997.51,1000,2.49,51.03,205,2.2540,0.0002,LOCK,2,misalignment
868,3846547,8864,8877,0.28470,0.00000,-0.97500,1.01572,997.51,1000,2.49,51.03,205,2.2507,-0.0496,LOCK,2,misalignment
869,3846556,8873,8886,0.28470,0.00000,-0.97500,1.01572,997.51,1000,2.49,51.03,205,2.2502,-0.0572,LOCK,2,misalignment
870,3846564,8881,8894,-0.02730,0.01560,-0.74880,0.74946,997.53,1000,2.47,51.03,205,2.2509,-0.0465,LOCK,2,misalignment
871,3846586,8903,8916,-0.04680,0.01560,-0.65910,0.66094,997.54,1000,2.46,51.03,205,2.2597,0.0869,LOCK,2,misalignment
872,3846595,8912,8925,-0.39780,0.27690,-0.88530,1.00929,997.55,1000,2.45,51.03,205,2.2625,0.1287,LOCK,2,misalignment
873,3846603,8920,8933,-0.18330,-0.02730,-0.85020,0.87016,997.56,1000,2.44,51.03,205,2.2674,0.2032,LOCK,2,misalignment
874,3846612,8929,8942,0.33930,0.08580,-0.99450,1.05428,997.56,1000,2.44,51.03,205,2.2651,0.1678,LOCK,2,misalignment
875,3846620,8937,8950,0.17160,0.10530,-0.84630,0.86992,997.57,1000,2.43,51.03,205,2.2617,0.1168,LOCK,2,misalignment
876,3846629,8946,8959,-0.06240,0.23790,-0.70590,0.74752,997.59,1000,2.41,51.03,205,2.2630,0.1369,LOCK,2,misalignment
877,3846637,8954,8967,-0.06240,0.23790,-0.70590,0.74752,997.61,1000,2.39,51.03,205,2.2649,0.1656,LOCK,2,misalignment
878,3846646,8963,8976,-0.01950,0.07410,-0.78780,0.79152,997.63,1000,2.37,51.03,205,2.2390,-0.2272,LOCK,2,misalignment
879,3846654,8971,8984,-0.39780,0.29640,-0.80730,0.94754,997.64,1000,2.36,51.03,205,2.2535,-0.0077,LOCK,2,misalignment
880,3846663,8980,8993,-0.11310,0.09750,-0.89310,0.90550,997.65,1000,2.35,51.03,205,2.2484,-0.0847,LOCK,2,misalignment
881,3846671,8988,9001,0.28470,0.08580,-0.81510,0.86764,997.66,1000,2.34,51.03,205,2.2405,-0.2049,LOCK,2,misalignment
882,3846688,9005,9018,-0.00390,0.08970,-0.76050,0.76578,997.68,1000,2.32,51.03,205,2.2622,0.1235,LOCK,2,misalignment
883,3846697,9014,9027,-0.00780,-0.12090,-0.75660,0.76624,997.70,1000,2.30,51.03,205,2.2623,0.1253,LOCK,2,misalignment
884,3846705,9022,9035,-0.03510,0.06630,-0.73320,0.73703,997.72,1000,2.28,51.03,205,2.2233,-0.4650,LOCK,2,misalignment
885,3846714,9031,9044,-0.35490,0.10140,-1.00230,1.06810,997.73,1000,2.27,51.03,205,2.2489,-0.0779,LOCK,2,misalignment
886,3846722,9039,9052,-0.08190,-0.00780,-0.72930,0.73393,997.75,1000,2.25,51.03,205,2.2408,-0.2007,LOCK,2,misalignment
887,3846731,9048,9061,-0.08190,-0.00780,-0.72930,0.73393,997.76,1000,2.24,51.03,205,2.2481,-0.0889,LOCK,2,misalignment
888,3846744,9061,9074,-0.14820,-0.05460,-0.65520,0.67397,997.77,1000,2.23,51.03,205,2.2613,0.1104,LOCK,2,misalignment
889,3846753,9070,9083,-0.04290,-0.10920,-0.62790,0.63877,997.79,1000,2.21,51.03,205,2.2537,-0.0050,LOCK,2,misalignment
890,3846761,9078,9091,-0.04290,-0.10920,-0.62790,0.63877,997.81,1000,2.19,51.03,205,2.2468,-0.1088,LOCK,2,misalignment
891,3846769,9086,9099,-0.03120,-0.07020,-0.79170,0.79542,997.82,1000,2.18,51.03,205,2.2255,-0.4314,LOCK,2,misalignment
892,3846778,9095,9108,-0.41340,0.02340,-0.83070,0.92818,997.84,1000,2.16,51.03,205,2.2368,-0.2602,LOCK,2,misalignment
893,3846812,9129,9142,-0.25740,0.01560,-0.63570,0.68601,997.86,1000,2.14,51.03,205,2.2510,-0.0450,LOCK,2,misalignment
894,3846821,9138,9151,-0.13650,0.14820,-0.64350,0.67431,997.88,1000,2.12,51.03,205,2.2650,0.1672,LOCK,2,misalignment
895,3846829,9146,9159,-0.26910,-0.01560,-0.67860,0.73018,997.90,1000,2.10,51.03,205,2.2628,0.1330,LOCK,2,misalignment
896,3846838,9155,9168,-0.33540,-0.07410,-0.90090,0.96416,997.92,1000,2.08,51.03,205,2.2593,0.0799,LOCK,2,misalignment
897,3846846,9163,9176,0.10530,-0.04290,-0.81900,0.82686,997.93,1000,2.07,51.03,205,2.2671,0.1980,LOCK,2,misalignment
898,3846855,9172,9185,0.19110,-0.03510,-0.79170,0.81519,997.95,1000,2.05,51.03,205,2.2483,-0.0862,LOCK,2,misalignment
899,3846863,9180,9193,0.19110,-0.03510,-0.79170,0.81519,997.98,1000,2.02,51.03,205,2.2386,-0.2339,LOCK,2,misalignment
900,3846872,9189,9202,-0.28470,0.05460,-0.60450,0.67041,998.00,1000,2.00,51.03,205,2.2470,-0.1063,LOCK,2,misalignment
901,3846880,9197,9210,-0.15600,-0.03120,-0.64740,0.66666,998.02,1000,1.98,51.03,205,2.2363,-0.2687,LOCK,2,misalignment
902,3846893,9210,9223,-0.20280,-0.08970,-0.83460,0.86356,998.04,1000,1.96,51.03,205,2.2674,0.2032,LOCK,2,misalignment
903,3846902,9219,9232,-0.28080,-0.13260,-0.97110,1.01954,998.06,1000,1.94,51.03,205,2.2461,-0.1201,LOCK,2,misalignment
904,3846910,9227,9240,0.23010,-0.03510,-0.92430,0.95316,998.07,1000,1.93,51.03,205,2.2475,-0.0987,LOCK,2,misalignment
905,3846919,9236,9249,0.08580,0.05460,-0.72540,0.73249,998.09,1000,1.91,51.03,205,2.2432,-0.1643,LOCK,2,misalignment
906,3846927,9244,9257,-0.05850,0.04680,-0.73710,0.74090,998.11,1000,1.89,51.03,205,2.2397,-0.2171,LOCK,2,misalignment
907,3846937,9254,9267,-0.04290,-0.17160,-0.54990,0.57765,998.13,1000,1.87,51.03,205,2.2664,0.1885,LOCK,2,misalignment
908,3846951,9268,9281,-0.10530,-0.07020,-0.88530,0.89430,998.14,1000,1.86,51.03,205,2.2561,0.0319,LOCK,2,misalignment
909,3846959,9276,9289,-0.19110,-0.04680,-0.98280,1.00230,998.16,1000,1.84,51.03,205,2.2423,-0.1765,LOCK,2,misalignment
910,3846968,9285,9298,0.29250,0.03510,-0.97500,1.01853,998.17,1000,1.83,51.03,205,2.2368,-0.2599,LOCK,2,misalignment
911,3846976,9293,9306,0.29250,0.03510,-0.97500,1.01853,998.18,1000,1.82,51.03,205,2.2328,-0.3212,LOCK,2,misalignment
912,3846985,9302,9315,0.04290,0.00780,-0.78000,0.78122,998.20,1000,1.80,51.03,205,2.2626,0.1305,LOCK,2,misalignment
913,3846996,9313,9326,-0.12870,0.08190,-0.63180,0.64996,998.21,1000,1.79,51.03,205,2.2598,0.0881,LOCK,2,misalignment
914,3847005,9322,9335,-0.08970,-0.01560,-0.62010,0.62675,998.22,1000,1.78,51.03,205,2.2635,0.1440,LOCK,2,misalignment
915,3847013,9330,9343,-0.46800,0.19890,-0.81120,0.95741,998.23,1000,1.77,51.03,205,2.2426,-0.1726,LOCK,2,misalignment
916,3847022,9339,9352,-0.19110,-0.05070,-0.95160,0.97192,998.24,1000,1.76,51.03,205,2.2575,0.0530,LOCK,2,misalignment
917,3847030,9347,9360,0.33540,0.08580,-0.93210,0.99432,998.25,1000,1.75,51.03,205,2.2475,-0.0981,LOCK,2,misalignment
918,3847096,9413,9426,0.31980,0.09360,-0.96330,1.01930,998.27,1000,1.73,51.03,205,2.2633,0.1409,LOCK,2,misalignment
919,3847105,9422,9435,-0.08190,0.12090,-0.70590,0.72085,998.30,1000,1.70,51.03,205,2.2614,0.1119,LOCK,2,misalignment
920,3847113,9430,9443,-0.08190,-0.03900,-0.67470,0.68077,998.32,1000,1.68,51.03,205,2.2574,0.0521,LOCK,2,misalignment
921,3847122,9439,9452,0.08580,-0.08190,-0.79950,0.80825,998.35,1000,1.65,51.03,205,2.2652,0.1699,LOCK,2,misalignment
922,3847130,9447,9460,0.08580,-0.08190,-0.79950,0.80825,998.37,1000,1.63,51.03,205,2.2603,0.0957,LOCK,2,misalignment
923,3847139,9456,9469,-0.30030,0.24570,-0.92040,0.99884,998.39,1000,1.61,51.03,205,2.2579,0.0591,LOCK,2,misalignment
924,3847152,9469,9482,0.19500,0.03120,-0.69030,0.71799,998.40,1000,1.60,51.03,205,2.2581,0.0628,LOCK,2,misalignment
925,3847161,9478,9491,0.19500,0.03120,-0.69030,0.71799,998.42,1000,1.58,51.03,205,2.2253,-0.4348,LOCK,2,misalignment
926,3847169,9486,9499,-0.17940,0.07020,-0.69030,0.71668,998.42,1000,1.58,51.03,205,2.2512,-0.0422,LOCK,2,misalignment
927,3847177,9494,9507,-0.13260,0.11700,-0.70200,0.72393,998.43,1000,1.57,51.03,205,2.2493,-0.0709,LOCK,2,misalignment
928,3847186,9503,9516,-0.21450,0.05460,-0.75660,0.78831,998.43,1000,1.57,51.03,205,2.2517,-0.0346,LOCK,2,misalignment
929,3847212,9529,9542,0.04680,-0.05850,-0.80730,0.81077,998.44,1000,1.56,51.03,205,2.2625,0.1281,LOCK,2,misalignment
930,3847221,9538,9551,0.18720,-0.05070,-0.78780,0.81132,998.44,1000,1.56,51.03,205,2.2596,0.0841,LOCK,2,misalignment
931,3847229,9546,9559,-0.30030,0.06240,-0.49140,0.57926,998.46,1000,1.54,51.03,205,2.2580,0.0603,LOCK,2,misalignment
932,3847238,9555,9568,-0.13650,0.05850,-0.69810,0.71372,998.47,1000,1.53,51.03,205,2.2613,0.1101,LOCK,2,misalignment
933,3847246,9563,9576,-0.19890,0.00390,-0.76830,0.79364,998.49,1000,1.51,51.03,205,2.2626,0.1296,LOCK,2,misalignment
934,3847255,9572,9585,-0.39390,-0.04290,-0.84630,0.93446,998.50,1000,1.50,51.03,205,2.2602,0.0939,LOCK,2,misalignment
935,3847263,9580,9593,-0.39390,-0.04290,-0.84630,0.93446,998.51,1000,1.49,51.03,205,2.2397,-0.2171,LOCK,2,misalignment
936,3847271,9588,9601,0.15210,-0.01950,-0.78780,0.80259,998.52,1000,1.48,51.03,205,2.2480,-0.0914,LOCK,2,misalignment
937,3847280,9597,9610,0.17160,0.08190,-0.74880,0.77256,998.53,1000,1.47,51.03,205,2.2468,-0.1091,LOCK,2,misalignment
938,3847288,9605,9618,-0.21840,-0.03900,-0.70590,0.73994,998.54,1000,1.46,51.03,205,2.2339,-0.3044,LOCK,2,misalignment
939,3847301,9618,9631,-0.15600,-0.01560,-0.58890,0.60941,998.55,1000,1.45,51.03,205,2.2608,0.1031,LOCK,2,misalignment
940,3847310,9627,9640,-0.17940,-0.15210,-0.82290,0.85585,998.56,1000,1.44,51.03,205,2.2670,0.1971,LOCK,2,misalignment
941,3847318,9635,9648,-0.17550,-0.03120,-0.90870,0.92602,998.57,1000,1.43,51.03,205,2.2388,-0.2309,LOCK,2,misalignment
942,3847327,9644,9657,0.23400,-0.03510,-0.91260,0.94278,998.57,1000,1.43,51.03,205,2.2456,-0.1274,LOCK,2,misalignment
943,3847335,9652,9665,0.23400,-0.03510,-0.91260,0.94278,998.58,1000,1.42,51.03,205,2.2433,-0.1619,LOCK,2,misalignment
944,3847344,9661,9674,0.09750,-0.04290,-0.79170,0.79883,998.59,1000,1.41,51.03,205,2.2512,-0.0422,LOCK,2,misalignment
945,3847357,9674,9687,-0.07800,0.12090,-0.71370,0.72806,998.60,1000,1.40,51.03,205,2.2587,0.0719,LOCK,2,misalignment
946,3847365,9682,9695,-0.03120,-0.01560,-0.67080,0.67171,998.60,1000,1.40,51.03,205,2.2430,-0.1671,LOCK,2,misalignment
947,3847374,9691,9704,-0.20280,-0.07410,-0.78390,0.81309,998.61,1000,1.39,51.03,205,2.2442,-0.1488,LOCK,2,misalignment
948,3847382,9699,9712,-0.19500,-0.08580,-0.97110,0.99419,998.62,1000,1.38,51.03,205,2.2553,0.0200,LOCK,2,misalignment
949,3847391,9708,9721,0.30030,-0.02730,-0.84240,0.89474,998.62,1000,1.38,51.03,205,2.2393,-0.2232,LOCK,2,misalignment
950,3847405,9722,9735,0.05070,-0.07410,-0.80730,0.81228,998.63,1000,1.37,51.03,205,2.2611,0.1070,LOCK,2,misalignment
951,3847414,9731,9744,-0.10140,-0.14040,-0.76050,0.77997,998.64,1000,1.36,51.03,205,2.2625,0.1290,LOCK,2,misalignment
952,3847422,9739,9752,0.00780,0.03510,-0.77610,0.77693,998.64,1000,1.36,51.03,205,2.2395,-0.2190,LOCK,2,misalignment
953,3847431,9748,9761,-0.50700,0.25350,-0.94770,1.10429,998.65,1000,1.35,51.03,205,2.2485,-0.0828,LOCK,2,misalignment
954,3847439,9756,9769,-0.21450,-0.00390,-0.85410,0.88063,998.66,1000,1.34,51.03,205,2.2490,-0.0761,LOCK,2,misalignment
955,3847450,9767,9780,0.38610,-0.00390,-0.91650,0.99452,998.66,1000,1.34,51.03,205,2.2617,0.1174,LOCK,2,misalignment
956,3847458,9775,9788,0.38610,-0.00390,-0.91650,0.99452,998.67,1000,1.33,51.03,205,2.2612,0.1086,LOCK,2,misalignment
957,3847467,9784,9797,0.01950,0.09360,-0.62790,0.63514,998.67,1000,1.33,51.03,205,2.2446,-0.1427,LOCK,2,misalignment
958,3847475,9792,9805,-0.05070,0.01170,-0.78390,0.78562,998.68,1000,1.32,51.03,205,2.2435,-0.1588,LOCK,2,misalignment
959,3847483,9800,9813,0.10140,0.01950,-0.83850,0.84483,998.68,1000,1.32,51.03,205,2.2290,-0.3783,LOCK,2,misalignment
960,3847492,9809,9822,-0.35490,0.37440,-0.95940,1.08930,998.68,1000,1.32,51.03,205,2.2517,-0.0343,LOCK,2,misalignment
961,3847508,9825,9838,-0.11310,-0.00780,-0.86190,0.86932,998.69,1000,1.31,51.03,205,2.2667,0.1922,LOCK,2,misalignment
962,3847517,9834,9847,0.32370,0.03900,-0.79170,0.85621,998.69,1000,1.31,51.03,205,2.2623,0.1260,LOCK,2,misalignment
963,3847525,9842,9855,-0.17940,0.13260,-0.72150,0.75520,998.70,1000,1.30,51.03,205,2.2526,-0.0206,LOCK,2,misalignment
964,3847533,9850,9863,-0.10920,0.19890,-0.75660,0.78989,998.71,1000,1.29,51.03,205,2.2458,-0.1246,LOCK,2,misalignment
965,3847542,9859,9872,-0.08580,0.11310,-0.78390,0.79665,998.71,1000,1.29,51.03,205,2.2450,-0.1366,LOCK,2,misalignment
966,3847550,9867,9880,-0.08580,0.11310,-0.78390,0.79665,998.72,1000,1.28,51.03,205,2.2525,-0.0233,LOCK,2,misalignment
967,3847615,9932,9945,-0.44070,-0.07410,-0.85020,0.96049,998.72,1000,1.28,51.03,205,2.2626,0.1296,LOCK,2,misalignment
968,3847623,9940,9953,-0.44070,-0.07410,-0.85020,0.96049,998.73,1000,1.27,51.03,205,2.2487,-0.0801,LOCK,2,misalignment
969,3847631,9948,9961,0.05850,0.05850,-0.82290,0.82705,998.73,1000,1.27,51.03,205,2.2316,-0.3396,LOCK,2,misalignment
970,3847640,9957,9970,0.16380,0.13650,-0.82680,0.85385,998.74,1000,1.26,51.03,205,2.2407,-0.2019,LOCK,2,misalignment
971,3847648,9965,9978,-0.20670,0.14430,-0.69420,0.73855,998.74,1000,1.26,51.03,205,2.2502,-0.0578,LOCK,2,misalignment
972,3847657,9974,9987,-0.19500,-0.09360,-0.53040,0.57281,998.75,1000,1.25,51.03,205,2.2567,0.0414,LOCK,2,misalignment
