sample_index,time_ms_raw,time_ms_zero,elapsed_ms,ax_g,ay_g,az_g,total_g,rpm,target_rpm,rpm_error,pwm_eq,duty_10bit,acs_v,current_a,control_mode,state,fault_type
0,7409185,0,13,0.04680,-0.08190,-0.78780,0.79343,998.90,1000,1.10,50.32,202,2.2847,0.4651,LOCK,2,misalignment
1,7409194,9,22,-0.13260,0.01170,-0.80340,0.81435,998.90,1000,1.10,50.32,202,2.2900,0.5448,LOCK,2,misalignment
2,7409203,18,31,0.10140,-0.07410,-0.76050,0.77080,998.90,1000,1.10,50.32,202,2.2845,0.4614,LOCK,2,misalignment
3,7409213,28,41,0.01950,0.14820,-0.73320,0.74828,998.89,1000,1.11,50.32,202,2.2882,0.5182,LOCK,2,misalignment
4,7409223,38,51,0.05070,0.03120,-0.80730,0.80949,998.88,1000,1.12,50.32,202,2.2850,0.4697,LOCK,2,misalignment
5,7409233,48,61,0.04290,0.11700,-0.83070,0.84000,998.88,1000,1.12,50.32,202,2.2858,0.4825,LOCK,2,misalignment
6,7409277,92,105,-0.05460,0.07410,-0.77610,0.78154,998.89,1000,1.11,50.32,202,2.2878,0.5115,LOCK,2,misalignment
7,7409285,100,113,0.04290,0.12090,-0.74880,0.75971,998.90,1000,1.10,50.32,202,2.2973,0.6565,LOCK,2,misalignment
8,7409294,109,122,0.09750,-0.04680,-0.79950,0.80678,998.90,1000,1.10,50.32,202,2.2838,0.4514,LOCK,2,misalignment
9,7409302,117,130,0.01950,0.10920,-0.86190,0.86901,998.91,1000,1.09,50.32,202,2.2945,0.6137,LOCK,2,misalignment
10,7409311,126,139,0.02340,-0.02730,-0.78390,0.78472,998.92,1000,1.08,50.32,202,2.2911,0.5622,LOCK,2,misalignment
11,7409320,135,148,0.07800,-0.10140,-0.82680,0.83664,998.92,1000,1.08,50.32,202,2.2860,0.4846,LOCK,2,misalignment
12,7409328,143,156,0.07800,-0.10140,-0.82680,0.83664,998.93,1000,1.07,50.32,202,2.2900,0.5460,LOCK,2,misalignment
13,7409337,152,165,-0.00390,0.01560,-0.76830,0.76847,998.94,1000,1.06,50.32,202,2.2778,0.3607,LOCK,2,misalignment
14,7409345,160,173,0.05460,0.07020,-0.79950,0.80443,998.95,1000,1.05,50.32,202,2.2832,0.4431,LOCK,2,misalignment
15,7409359,174,187,0.10530,0.16380,-0.86190,0.88362,998.97,1000,1.03,50.32,202,2.2811,0.4105,LOCK,2,misalignment
16,7409367,182,195,-0.13260,0.00780,-0.85020,0.86051,998.98,1000,1.02,50.32,202,2.2819,0.4224,LOCK,2,misalignment
17,7409376,191,204,-0.07020,0.07020,-0.73320,0.73989,998.98,1000,1.02,50.32,202,2.2861,0.4862,LOCK,2,misalignment
18,7409384,199,212,-0.08190,0.17940,-0.81120,0.83483,998.99,1000,1.01,50.32,202,2.2895,0.5383,LOCK,2,misalignment
19,7409393,208,221,0.07800,0.03900,-0.74880,0.75386,999.01,1000,0.99,50.32,202,2.2620,0.1208,LOCK,2,misalignment
20,7409401,216,229,-0.15210,0.02340,-0.82680,0.84100,999.02,1000,0.98,50.32,202,2.2621,0.1229,LOCK,2,misalignment
21,7409410,225,238,-0.15210,0.02340,-0.82680,0.84100,999.03,1000,0.97,50.32,202,2.2715,0.2645,LOCK,2,misalignment
22,7409418,233,246,0.10920,-0.06630,-0.82290,0.83276,999.05,1000,0.95,50.32,202,2.2777,0.3592,LOCK,2,misalignment
23,7409432,247,260,0.16380,0.21450,-0.72930,0.77764,999.06,1000,0.94,50.32,202,2.2646,0.1611,LOCK,2,misalignment
24,7409441,256,269,0.16380,0.21450,-0.72930,0.77764,999.07,1000,0.93,50.32,202,2.2859,0.4834,LOCK,2,misalignment
25,7409449,264,277,-0.04290,0.10920,-0.70200,0.71174,999.07,1000,0.93,50.32,202,2.2684,0.2184,LOCK,2,misalignment
26,7409457,272,285,0.02340,-0.04680,-0.81510,0.81678,999.08,1000,0.92,50.32,202,2.2536,-0.0059,LOCK,2,misalignment
27,7409483,298,311,0.01560,-0.09750,-0.81900,0.82493,999.08,1000,0.92,50.32,202,2.2828,0.4358,LOCK,2,misalignment
28,7409491,306,319,-0.04680,0.19110,-0.76830,0.79309,999.09,1000,0.91,50.32,202,2.2915,0.5689,LOCK,2,misalignment
29,7409500,315,328,-0.10140,0.00780,-0.76830,0.77500,999.09,1000,0.91,50.32,202,2.2890,0.5301,LOCK,2,misalignment
30,7409508,323,336,0.05460,0.23010,-0.82290,0.85621,999.09,1000,0.91,50.32,202,2.2852,0.4733,LOCK,2,misalignment
31,7409517,332,345,0.06630,0.01560,-0.73710,0.74024,999.09,1000,0.91,50.32,202,2.2873,0.5045,LOCK,2,misalignment
32,7409525,340,353,-0.16380,0.08190,-0.86580,0.88496,999.09,1000,0.91,50.32,202,2.2834,0.4462,LOCK,2,misalignment
33,7409534,349,362,-0.16380,0.08190,-0.86580,0.88496,999.09,1000,0.91,50.32,202,2.2844,0.4605,LOCK,2,misalignment
34,7409542,357,370,0.12870,-0.05850,-0.74880,0.76203,999.09,1000,0.91,50.32,202,2.2806,0.4034,LOCK,2,misalignment
35,7409551,366,379,0.04290,-0.05460,-0.76830,0.77143,999.09,1000,0.91,50.32,202,2.2645,0.1598,LOCK,2,misalignment
36,7409564,379,392,0.16770,-0.09360,-0.80730,0.82983,999.09,1000,0.91,50.32,202,2.2730,0.2880,LOCK,2,misalignment
37,7409573,388,401,-0.00780,0.20670,-0.74880,0.77684,999.09,1000,0.91,50.32,202,2.2773,0.3534,LOCK,2,misalignment
38,7409591,406,419,-0.02340,0.12480,-0.75660,0.76718,999.10,1000,0.90,50.32,202,2.2842,0.4568,LOCK,2,misalignment
39,7409599,414,427,0.00000,-0.21060,-0.83460,0.86076,999.10,1000,0.90,50.32,202,2.2793,0.3839,LOCK,2,misalignment
40,7409608,423,436,-0.09750,0.03510,-0.81900,0.82553,999.11,1000,0.89,50.32,202,2.2860,0.4855,LOCK,2,misalignment
41,7409616,431,444,-0.09750,0.03510,-0.81900,0.82553,999.11,1000,0.89,50.32,202,2.2818,0.4208,LOCK,2,misalignment
42,7409625,440,453,-0.01560,-0.14040,-0.79560,0.80804,999.12,1000,0.88,50.32,202,2.2819,0.4227,LOCK,2,misalignment
43,7409633,448,461,-0.03120,0.13260,-0.80340,0.81487,999.14,1000,0.86,50.32,202,2.2882,0.5185,LOCK,2,misalignment
44,7409642,457,470,0.07020,0.05070,-0.80730,0.81193,999.15,1000,0.85,50.32,202,2.2875,0.5075,LOCK,2,misalignment
45,7409650,465,478,0.01950,0.04680,-0.77220,0.77386,999.16,1000,0.84,50.32,202,2.2925,0.5835,LOCK,2,misalignment
46,7409659,474,487,0.02730,-0.00780,-0.81120,0.81170,999.18,1000,0.82,50.32,202,2.2582,0.0637,LOCK,2,misalignment
47,7409667,482,495,0.02730,-0.00780,-0.81120,0.81170,999.19,1000,0.81,50.32,202,2.2564,0.0359,LOCK,2,misalignment
48,7409676,491,504,0.15210,-0.01950,-0.73320,0.74906,999.20,1000,0.80,50.32,202,2.2761,0.3351,LOCK,2,misalignment
49,7409726,541,554,-0.01170,0.06630,-0.78780,0.79067,999.20,1000,0.80,50.32,202,2.2867,0.4956,LOCK,2,misalignment
50,7409734,549,562,-0.07410,0.15210,-0.79950,0.81721,999.20,1000,0.80,50.32,202,2.2913,0.5646,LOCK,2,misalignment
51,7409743,558,571,0.01950,0.08970,-0.92820,0.93273,999.20,1000,0.80,50.32,202,2.2864,0.4916,LOCK,2,misalignment
52,7409751,566,579,0.00000,0.00780,-0.73320,0.73324,999.20,1000,0.80,50.32,202,2.2818,0.4208,LOCK,2,misalignment
53,7409764,579,592,-0.05850,0.06630,-0.84240,0.84703,999.20,1000,0.80,50.32,202,2.2666,0.1910,LOCK,2,misalignment
54,7409773,588,601,0.09750,-0.00780,-0.76830,0.77450,999.20,1000,0.80,50.32,202,2.2770,0.3485,LOCK,2,misalignment
55,7409781,596,609,-0.08970,0.14040,-0.86190,0.87786,999.20,1000,0.80,50.32,202,2.2658,0.1788,LOCK,2,misalignment
56,7409790,605,618,-0.08970,0.14040,-0.86190,0.87786,999.20,1000,0.80,50.32,202,2.2871,0.5014,LOCK,2,misalignment
57,7409798,613,626,-0.03510,0.15210,-0.83850,0.85291,999.20,1000,0.80,50.32,202,2.2777,0.3595,LOCK,2,misalignment
58,7409807,622,635,0.07800,0.17160,-0.80340,0.82522,999.20,1000,0.80,50.32,202,2.2878,0.5121,LOCK,2,misalignment
59,7409815,630,643,-0.07410,0.05850,-0.81510,0.82055,999.20,1000,0.80,50.32,202,2.2949,0.6202,LOCK,2,misalignment
60,7409824,639,652,-0.11700,0.05460,-0.76050,0.77138,999.20,1000,0.80,50.32,202,2.2868,0.4965,LOCK,2,misalignment
61,7409832,647,660,0.01170,-0.09360,-0.81120,0.81667,999.20,1000,0.80,50.32,202,2.2828,0.4367,LOCK,2,misalignment
62,7409841,656,669,0.01170,-0.09360,-0.81120,0.81667,999.20,1000,0.80,50.32,202,2.2704,0.2490,LOCK,2,misalignment
63,7409849,664,677,-0.09360,0.05850,-0.76830,0.77619,999.20,1000,0.80,50.32,202,2.2691,0.2285,LOCK,2,misalignment
64,7409858,673,686,0.03120,0.03120,-0.69810,0.69949,999.20,1000,0.80,50.32,202,2.2642,0.1553,LOCK,2,misalignment
65,7409866,681,694,0.07800,0.15600,-0.81120,0.82974,999.20,1000,0.80,50.32,202,2.2675,0.2038,LOCK,2,misalignment
66,7409902,717,730,0.01560,-0.08970,-0.76830,0.77368,999.20,1000,0.80,50.32,202,2.2964,0.6424,LOCK,2,misalignment
67,7409910,725,738,-0.03120,0.02340,-0.79170,0.79266,999.20,1000,0.80,50.32,202,2.2862,0.4880,LOCK,2,misalignment
68,7409919,734,747,-0.10920,0.05070,-0.79170,0.80080,999.20,1000,0.80,50.32,202,2.2874,0.5054,LOCK,2,misalignment
69,7409927,742,755,0.03510,0.17160,-0.81510,0.83371,999.20,1000,0.80,50.32,202,2.2915,0.5680,LOCK,2,misalignment
70,7409936,751,764,0.00000,-0.06240,-0.76830,0.77083,999.21,1000,0.79,50.32,202,2.2856,0.4785,LOCK,2,misalignment
71,7409944,759,772,0.00000,-0.06240,-0.76830,0.77083,999.22,1000,0.78,50.32,202,2.2906,0.5551,LOCK,2,misalignment
72,7409953,768,781,-0.16380,0.08190,-0.75270,0.77466,999.22,1000,0.78,50.32,202,2.2808,0.4068,LOCK,2,misalignment
73,7409966,781,794,0.03510,0.02730,-0.84240,0.84357,999.23,1000,0.77,50.32,202,2.2546,0.0097,LOCK,2,misalignment
74,7409975,790,803,0.03510,0.02730,-0.84240,0.84357,999.23,1000,0.77,50.32,202,2.2710,0.2575,LOCK,2,misalignment
75,7409983,798,811,0.15210,-0.12090,-0.80730,0.83035,999.24,1000,0.76,50.32,202,2.2777,0.3595,LOCK,2,misalignment
76,7409992,807,820,0.06240,0.21060,-0.74490,0.77661,999.24,1000,0.76,50.32,202,2.2719,0.2709,LOCK,2,misalignment
77,7410023,838,851,-0.08580,-0.07410,-0.83460,0.84226,999.24,1000,0.76,50.32,202,2.2930,0.5909,LOCK,2,misalignment
78,7410031,846,859,-0.07800,-0.11310,-0.80730,0.81891,999.24,1000,0.76,50.32,202,2.2817,0.4196,LOCK,2,misalignment
79,7410040,855,868,-0.08580,-0.26910,-0.79560,0.84425,999.24,1000,0.76,50.32,202,2.2740,0.3024,LOCK,2,misalignment
80,7410048,863,876,-0.07410,0.11700,-0.81900,0.83063,999.25,1000,0.75,50.32,202,2.2891,0.5322,LOCK,2,misalignment
81,7410057,872,885,-0.07410,0.11700,-0.81900,0.83063,999.24,1000,0.76,50.32,202,2.2833,0.4437,LOCK,2,misalignment
82,7410065,880,893,0.05460,0.02340,-0.69030,0.69285,999.23,1000,0.77,50.32,202,2.2743,0.3070,LOCK,2,misalignment
83,7410074,889,902,0.03510,0.11700,-0.81900,0.82806,999.23,1000,0.77,50.32,202,2.2692,0.2307,LOCK,2,misalignment
84,7410082,897,910,0.10530,0.00780,-0.78390,0.79098,999.22,1000,0.78,50.32,202,2.2721,0.2737,LOCK,2,misalignment
85,7410096,911,924,0.04290,0.02730,-0.82680,0.82836,999.22,1000,0.78,50.32,202,2.2981,0.6675,LOCK,2,misalignment
86,7410105,920,933,-0.03510,-0.20670,-0.78390,0.81145,999.21,1000,0.79,50.32,202,2.2923,0.5799,LOCK,2,misalignment
87,7410113,928,941,-0.00780,0.11700,-0.75270,0.76178,999.20,1000,0.80,50.32,202,2.2904,0.5509,LOCK,2,misalignment
88,7410122,937,950,-0.03900,0.04290,-0.82290,0.82494,999.20,1000,0.80,50.32,202,2.2646,0.1604,LOCK,2,misalignment
89,7410130,945,958,0.03510,0.03900,-0.74880,0.75064,999.19,1000,0.81,50.32,202,2.2838,0.4511,LOCK,2,misalignment
90,7410139,954,967,0.03510,0.03900,-0.74880,0.75064,999.18,1000,0.82,50.32,202,2.2847,0.4654,LOCK,2,misalignment
91,7410147,962,975,-0.13650,0.10140,-0.75270,0.77167,999.18,1000,0.82,50.32,202,2.2835,0.4468,LOCK,2,misalignment
92,7410156,971,984,0.03900,0.16770,-0.79950,0.81783,999.17,1000,0.83,50.32,202,2.2913,0.5658,LOCK,2,misalignment
93,7410169,984,997,-0.01950,0.12480,-0.86190,0.87111,999.17,1000,0.83,50.32,202,2.2865,0.4929,LOCK,2,misalignment
94,7410178,993,1006,-0.18330,-0.02340,-0.76830,0.79021,999.17,1000,0.83,50.32,202,2.2825,0.4324,LOCK,2,misalignment
95,7410186,1001,1014,0.10530,0.11700,-0.73710,0.75372,999.16,1000,0.84,50.32,202,2.2772,0.3518,LOCK,2,misalignment
96,7410195,1010,1023,0.08190,-0.07020,-0.78780,0.79515,999.16,1000,0.84,50.32,202,2.2857,0.4800,LOCK,2,misalignment
97,7410203,1018,1031,-0.01950,0.11310,-0.84630,0.85405,999.16,1000,0.84,50.32,202,2.2971,0.6534,LOCK,2,misalignment
98,7410212,1027,1040,-0.03510,0.15990,-0.75270,0.77030,999.16,1000,0.84,50.32,202,2.2842,0.4581,LOCK,2,misalignment
99,7410221,1036,1049,-0.03510,0.15990,-0.75270,0.77030,999.15,1000,0.85,50.32,202,2.2613,0.1110,LOCK,2,misalignment
100,7410229,1044,1057,0.05850,0.17160,-0.84630,0.86550,999.15,1000,0.85,50.32,202,2.2703,0.2474,LOCK,2,misalignment
101,7410237,1052,1065,-0.03510,0.10920,-0.72930,0.73826,999.16,1000,0.84,50.32,202,2.2618,0.1177,LOCK,2,misalignment
102,7410246,1061,1074,-0.19500,0.06630,-0.85410,0.87858,999.17,1000,0.83,50.32,202,2.2831,0.4404,LOCK,2,misalignment
103,7410284,1099,1112,0.05460,0.12870,-0.74100,0.75407,999.17,1000,0.83,50.32,202,2.2837,0.4507,LOCK,2,misalignment
104,7410293,1108,1121,0.05460,0.12870,-0.74100,0.75407,999.17,1000,0.83,50.32,202,2.2777,0.3586,LOCK,2,misalignment
105,7410301,1116,1129,-0.01950,0.01950,-0.85410,0.85455,999.16,1000,0.84,50.32,202,2.2916,0.5698,LOCK,2,misalignment
106,7410310,1125,1138,-0.00780,0.19110,-0.74880,0.77284,999.15,1000,0.85,50.32,202,2.2883,0.5203,LOCK,2,misalignment
107,7410318,1133,1146,0.05460,-0.15210,-0.83460,0.85010,999.15,1000,0.85,50.32,202,2.2723,0.2774,LOCK,2,misalignment
108,7410327,1142,1155,0.04290,0.04290,-0.81510,0.81735,999.14,1000,0.86,50.32,202,2.2647,0.1620,LOCK,2,misalignment
109,7410335,1150,1163,-0.00780,0.05460,-0.79950,0.80140,999.14,1000,0.86,50.32,202,2.2659,0.1800,LOCK,2,misalignment
110,7410344,1159,1172,-0.00780,0.05460,-0.79950,0.80140,999.14,1000,0.86,50.32,202,2.2822,0.4278,LOCK,2,misalignment
111,7410354,1169,1182,0.06630,0.21060,-0.74100,0.77319,999.12,1000,0.88,50.32,202,2.2871,0.5011,LOCK,2,misalignment
112,7410362,1177,1190,0.08970,-0.00780,-0.74100,0.74645,999.11,1000,0.89,50.32,202,2.2794,0.3848,LOCK,2,misalignment
113,7410375,1190,1203,-0.10140,0.12090,-0.78390,0.79962,999.09,1000,0.91,50.32,202,2.2678,0.2090,LOCK,2,misalignment
114,7410384,1199,1212,0.05460,-0.01560,-0.85800,0.85988,999.08,1000,0.92,50.32,202,2.2563,0.0350,LOCK,2,misalignment
115,7410392,1207,1220,0.02730,-0.09360,-0.72540,0.73192,999.07,1000,0.93,50.32,202,2.2735,0.2948,LOCK,2,misalignment
116,7410401,1216,1229,0.20280,-0.00780,-0.82680,0.85134,999.06,1000,0.94,50.32,202,2.2530,-0.0154,LOCK,2,misalignment
117,7410438,1253,1266,0.05460,0.00780,-0.79170,0.79362,999.06,1000,0.94,50.32,202,2.2930,0.5912,LOCK,2,misalignment
118,7410447,1262,1275,0.05460,0.00780,-0.79170,0.79362,999.06,1000,0.94,50.32,202,2.2917,0.5719,LOCK,2,misalignment
119,7410455,1270,1283,-0.05850,-0.00780,-0.86970,0.87170,999.06,1000,0.94,50.32,202,2.2924,0.5817,LOCK,2,misalignment
120,7410464,1279,1292,-0.13650,-0.24180,-0.86190,0.90552,999.06,1000,0.94,50.32,202,2.2861,0.4871,LOCK,2,misalignment
121,7410473,1288,1301,0.08190,0.11310,-0.70980,0.72341,999.05,1000,0.95,50.32,202,2.2897,0.5405,LOCK,2,misalignment
122,7410481,1296,1309,0.04680,0.00000,-0.79560,0.79698,999.04,1000,0.96,50.32,202,2.2791,0.3802,LOCK,2,misalignment
123,7410490,1305,1318,0.04680,0.05070,-0.77220,0.77528,999.03,1000,0.97,50.32,202,2.2912,0.5634,LOCK,2,misalignment
124,7410498,1313,1326,0.04680,0.05070,-0.77220,0.77528,999.03,1000,0.97,50.32,202,2.2810,0.4095,LOCK,2,misalignment
125,7410507,1322,1335,-0.02340,-0.01170,-0.83070,0.83111,999.02,1000,0.98,50.32,202,2.2858,0.4825,LOCK,2,misalignment
126,7410515,1330,1343,0.17940,0.04290,-0.81120,0.83191,999.01,1000,0.99,50.32,202,2.2872,0.5023,LOCK,2,misalignment
127,7410524,1339,1352,-0.01950,-0.13260,-0.83460,0.84529,999.01,1000,0.99,50.32,202,2.2637,0.1476,LOCK,2,misalignment
128,7410532,1347,1360,-0.09750,0.10530,-0.81120,0.82380,999.00,1000,1.00,50.32,202,2.2628,0.1333,LOCK,2,misalignment
129,7410541,1356,1369,0.02340,0.05460,-0.69030,0.69285,999.00,1000,1.00,50.32,202,2.2668,0.1940,LOCK,2,misalignment
130,7410549,1364,1377,0.02340,0.05460,-0.69030,0.69285,999.00,1000,1.00,50.32,202,2.2900,0.5460,LOCK,2,misalignment
131,7410586,1401,1414,0.03120,-0.02340,-0.90480,0.90564,998.99,1000,1.01,50.32,202,2.2902,0.5490,LOCK,2,misalignment
132,7410594,1409,1422,0.01950,0.05070,-0.70590,0.70799,998.98,1000,1.02,50.32,202,2.2879,0.5133,LOCK,2,misalignment
133,7410603,1418,1431,-0.03900,0.08970,-0.83850,0.84419,998.97,1000,1.03,50.32,202,2.2869,0.4987,LOCK,2,misalignment
134,7410611,1426,1439,-0.03900,0.08970,-0.83850,0.84419,998.96,1000,1.04,50.32,202,2.2886,0.5243,LOCK,2,misalignment
135,7410620,1435,1448,0.07800,-0.00390,-0.86190,0.86543,998.95,1000,1.05,50.32,202,2.2810,0.4086,LOCK,2,misalignment
136,7410628,1443,1456,-0.06240,0.02340,-0.80340,0.80616,998.94,1000,1.06,50.32,202,2.2760,0.3329,LOCK,2,misalignment
137,7410637,1452,1465,-0.01560,0.12480,-0.72930,0.74007,998.93,1000,1.07,50.32,202,2.2744,0.3094,LOCK,2,misalignment
138,7410645,1460,1473,-0.00390,0.11700,-0.75660,0.76560,998.92,1000,1.08,50.32,202,2.2617,0.1168,LOCK,2,misalignment
139,7410654,1469,1482,0.01560,0.05850,-0.79170,0.79401,998.91,1000,1.09,50.32,202,2.2784,0.3702,LOCK,2,misalignment
140,7410662,1477,1490,0.01560,0.05850,-0.79170,0.79401,998.89,1000,1.11,50.32,202,2.2862,0.4877,LOCK,2,misalignment
141,7410671,1486,1499,-0.19890,0.08580,-0.83850,0.86603,998.88,1000,1.12,50.32,202,2.2861,0.4871,LOCK,2,misalignment
142,7410679,1494,1507,0.00390,-0.16380,-0.80340,0.81994,998.87,1000,1.13,50.32,202,2.2573,0.0506,LOCK,2,misalignment
143,7410688,1503,1516,-0.05460,0.11700,-0.81510,0.82526,998.86,1000,1.14,50.32,202,2.2681,0.2130,LOCK,2,misalignment
144,7410696,1511,1524,0.03900,-0.03120,-0.72540,0.72712,998.85,1000,1.15,50.32,202,2.2896,0.5399,LOCK,2,misalignment
145,7410705,1520,1533,-0.00780,0.25350,-0.80730,0.84620,998.84,1000,1.16,50.32,202,2.2791,0.3799,LOCK,2,misalignment
146,7410715,1530,1543,-0.00780,0.07020,-0.77220,0.77542,998.83,1000,1.17,50.32,202,2.2833,0.4437,LOCK,2,misalignment
147,7410723,1538,1551,-0.00780,0.07020,-0.77220,0.77542,998.82,1000,1.18,50.32,202,2.2778,0.3613,LOCK,2,misalignment
148,7410732,1547,1560,0.01170,0.16770,-0.76440,0.78267,998.82,1000,1.18,50.32,202,2.2911,0.5619,LOCK,2,misalignment
149,7410740,1555,1568,0.02340,-0.07800,-0.83850,0.84245,998.81,1000,1.19,50.32,202,2.2877,0.5112,LOCK,2,misalignment
150,7410749,1564,1577,0.02340,-0.01950,-0.84240,0.84295,998.80,1000,1.20,50.32,202,2.2861,0.4859,LOCK,2,misalignment
151,7410757,1572,1585,-0.08970,0.08190,-0.80340,0.81253,998.80,1000,1.20,50.32,202,2.2789,0.3778,LOCK,2,misalignment
152,7410766,1581,1594,-0.10920,0.15990,-0.76830,0.79232,998.79,1000,1.21,50.32,202,2.2667,0.1931,LOCK,2,misalignment
153,7410774,1589,1602,-0.10920,0.15990,-0.76830,0.79232,998.78,1000,1.22,50.32,202,2.2606,0.1000,LOCK,2,misalignment
154,7410787,1602,1615,-0.14820,0.05460,-0.80340,0.81878,998.76,1000,1.24,50.32,202,2.2803,0.3979,LOCK,2,misalignment
155,7410811,1626,1639,0.00780,0.06240,-0.78780,0.79031,998.75,1000,1.25,50.32,202,2.2957,0.6321,LOCK,2,misalignment
156,7410820,1635,1648,0.16770,-0.15210,-0.79950,0.83094,998.74,1000,1.26,50.32,202,2.2809,0.4071,LOCK,2,misalignment
157,7410829,1644,1657,0.13260,0.20670,-0.77220,0.81031,998.73,1000,1.27,50.32,202,2.2921,0.5777,LOCK,2,misalignment
158,7410837,1652,1665,0.13260,0.20670,-0.77220,0.81031,998.73,1000,1.27,50.32,202,2.2888,0.5277,LOCK,2,misalignment
159,7410846,1661,1674,0.01170,-0.03510,-0.88140,0.88218,998.74,1000,1.26,50.32,202,2.2886,0.5237,LOCK,2,misalignment
160,7410854,1669,1682,0.00780,-0.01950,-0.74490,0.74520,998.74,1000,1.26,50.32,202,2.2833,0.4446,LOCK,2,misalignment
161,7410863,1678,1691,0.00000,0.02340,-0.80340,0.80374,998.74,1000,1.26,50.32,202,2.2910,0.5603,LOCK,2,misalignment
162,7410871,1686,1699,-0.03510,0.03120,-0.83850,0.83981,998.74,1000,1.26,50.32,202,2.2853,0.4749,LOCK,2,misalignment
163,7410880,1695,1708,-0.12480,-0.02340,-0.86190,0.87120,998.75,1000,1.25,50.32,202,2.2907,0.5567,LOCK,2,misalignment
164,7410888,1703,1716,-0.12480,-0.02340,-0.86190,0.87120,998.75,1000,1.25,50.32,202,2.2563,0.0344,LOCK,2,misalignment
165,7410897,1712,1725,-0.03900,0.11310,-0.82290,0.83155,998.74,1000,1.26,50.32,202,2.2743,0.3079,LOCK,2,misalignment
166,7410905,1720,1733,0.02340,0.07800,-0.72930,0.73383,998.74,1000,1.26,50.32,202,2.2625,0.1290,LOCK,2,misalignment
167,7410954,1769,1782,-0.00390,0.13650,-0.76050,0.77266,998.72,1000,1.28,50.32,202,2.3017,0.7224,LOCK,2,misalignment
168,7410963,1778,1791,0.05460,-0.00780,-0.75660,0.75861,998.71,1000,1.29,50.32,202,2.2811,0.4111,LOCK,2,misalignment
169,7410971,1786,1799,-0.00780,0.00000,-0.77220,0.77224,998.69,1000,1.31,50.32,202,2.2862,0.4874,LOCK,2,misalignment
170,7410980,1795,1808,-0.00780,0.00000,-0.77220,0.77224,998.68,1000,1.32,50.32,202,2.2742,0.3061,LOCK,2,misalignment
171,7410993,1808,1821,-0.17940,0.19110,-0.75660,0.80072,998.67,1000,1.33,50.32,202,2.2751,0.3201,LOCK,2,misalignment
172,7411001,1816,1829,-0.17940,0.19110,-0.75660,0.80072,998.66,1000,1.34,50.32,202,2.2714,0.2633,LOCK,2,misalignment
173,7411010,1825,1838,0.00390,0.07410,-0.77610,0.77964,998.65,1000,1.35,50.32,202,2.2667,0.1928,LOCK,2,misalignment
174,7411018,1833,1846,-0.03900,-0.01950,-0.72930,0.73060,998.66,1000,1.34,50.32,202,2.2907,0.5558,LOCK,2,misalignment
175,7411027,1842,1855,-0.08580,0.05850,-0.74880,0.75597,998.66,1000,1.34,50.32,202,2.2996,0.6916,LOCK,2,misalignment
176,7411035,1850,1863,0.01170,-0.11700,-0.85020,0.85829,998.67,1000,1.33,50.32,202,2.2845,0.4626,LOCK,2,misalignment
177,7411044,1859,1872,-0.04680,0.15210,-0.83850,0.85347,998.67,1000,1.33,50.32,202,2.2823,0.4291,LOCK,2,misalignment
178,7411052,1867,1880,-0.04680,0.15210,-0.83850,0.85347,998.68,1000,1.32,50.32,202,2.2804,0.4004,LOCK,2,misalignment
179,7411061,1876,1889,-0.10530,0.14040,-0.79560,0.81473,998.68,1000,1.32,50.32,202,2.2784,0.3699,LOCK,2,misalignment
180,7411069,1884,1897,0.06240,0.20280,-0.77610,0.80458,998.69,1000,1.31,50.32,202,2.2911,0.5619,LOCK,2,misalignment
181,7411078,1893,1906,0.01560,0.00780,-0.73710,0.73731,998.68,1000,1.32,50.32,202,2.2890,0.5310,LOCK,2,misalignment
182,7411086,1901,1914,-0.13260,0.03120,-0.76830,0.78028,998.68,1000,1.32,50.32,202,2.2599,0.0899,LOCK,2,misalignment
183,7411095,1910,1923,0.02730,-0.05070,-0.78000,0.78212,998.67,1000,1.33,50.32,202,2.2547,0.0100,LOCK,2,misalignment
184,7411103,1918,1931,0.02730,-0.05070,-0.78000,0.78212,998.67,1000,1.33,50.32,202,2.2645,0.1592,LOCK,2,misalignment
185,7411112,1927,1940,-0.02340,0.08190,-0.84240,0.84670,998.66,1000,1.34,50.32,202,2.2508,-0.0483,LOCK,2,misalignment
186,7411122,1937,1950,0.08190,-0.01170,-0.76830,0.77274,998.66,1000,1.34,50.32,202,2.2905,0.5536,LOCK,2,misalignment
187,7411130,1945,1958,0.02730,0.19110,-0.73710,0.76196,998.66,1000,1.34,50.32,202,2.2858,0.4825,LOCK,2,misalignment
188,7411139,1954,1967,0.05070,-0.00390,-0.71370,0.71551,998.65,1000,1.35,50.32,202,2.2850,0.4703,LOCK,2,misalignment
189,7411147,1962,1975,-0.06240,0.07020,-0.83070,0.83599,998.64,1000,1.36,50.32,202,2.2828,0.4361,LOCK,2,misalignment
190,7411156,1971,1984,-0.03120,-0.02730,-0.81120,0.81226,998.63,1000,1.37,50.32,202,2.2891,0.5326,LOCK,2,misalignment
191,7411164,1979,1992,-0.03120,-0.02730,-0.81120,0.81226,998.62,1000,1.38,50.32,202,2.2847,0.4645,LOCK,2,misalignment
192,7411173,1988,2001,0.01560,0.09360,-0.80730,0.81286,998.61,1000,1.39,50.32,202,2.2815,0.4159,LOCK,2,misalignment
193,7411181,1996,2009,-0.01950,0.14040,-0.78780,0.80045,998.61,1000,1.39,50.32,202,2.2783,0.3686,LOCK,2,misalignment
194,7411195,2010,2023,0.07800,0.26520,-0.82290,0.86809,998.60,1000,1.40,50.32,202,2.2874,0.5066,LOCK,2,misalignment
195,7411203,2018,2031,0.04680,0.00780,-0.83850,0.83984,998.59,1000,1.41,50.32,202,2.2696,0.2368,LOCK,2,misalignment
196,7411212,2027,2040,-0.14430,0.02730,-0.70590,0.72101,998.58,1000,1.42,50.32,202,2.2804,0.3995,LOCK,2,misalignment
197,7411220,2035,2048,0.05070,-0.07410,-0.79950,0.80453,998.57,1000,1.43,50.32,202,2.2780,0.3644,LOCK,2,misalignment
198,7411229,2044,2057,0.01560,0.03900,-0.74880,0.74998,998.56,1000,1.44,50.32,202,2.2888,0.5280,LOCK,2,misalignment
199,7411237,2052,2065,0.01560,0.03900,-0.74880,0.74998,998.55,1000,1.45,50.32,202,2.2875,0.5075,LOCK,2,misalignment
200,7411246,2061,2074,0.19110,-0.07410,-0.80730,0.83291,998.55,1000,1.45,50.32,202,2.2825,0.4315,LOCK,2,misalignment
201,7411254,2069,2082,-0.00390,0.24180,-0.78390,0.82035,998.54,1000,1.46,50.32,202,2.2895,0.5383,LOCK,2,misalignment
202,7411263,2078,2091,0.09750,0.09360,-0.74490,0.75706,998.53,1000,1.47,50.32,202,2.2813,0.4141,LOCK,2,misalignment
203,7411271,2086,2099,0.04680,0.06240,-0.88920,0.89261,998.53,1000,1.47,50.32,202,2.2830,0.4398,LOCK,2,misalignment
204,7411280,2095,2108,0.00390,-0.01560,-0.79950,0.79966,998.53,1000,1.47,50.32,202,2.2850,0.4694,LOCK,2,misalignment
205,7411288,2103,2116,0.00390,-0.01560,-0.79950,0.79966,998.52,1000,1.48,50.32,202,2.2873,0.5045,LOCK,2,misalignment
206,7411297,2112,2125,-0.07410,-0.03120,-0.78780,0.79189,998.52,1000,1.48,50.32,202,2.2625,0.1281,LOCK,2,misalignment
207,7411305,2120,2133,-0.05850,-0.18330,-0.83850,0.86029,998.51,1000,1.49,50.32,202,2.2711,0.2584,LOCK,2,misalignment
208,7411314,2129,2142,0.07410,0.08970,-0.73710,0.74623,998.51,1000,1.49,50.32,202,2.2805,0.4016,LOCK,2,misalignment
209,7411322,2137,2150,0.01560,0.09360,-0.82290,0.82835,998.51,1000,1.49,50.32,202,2.2875,0.5081,LOCK,2,misalignment
210,7411330,2145,2158,0.00780,0.15210,-0.82290,0.83687,998.50,1000,1.50,50.32,202,2.2877,0.5100,LOCK,2,misalignment
211,7411339,2154,2167,0.00780,0.15210,-0.82290,0.83687,998.50,1000,1.50,50.32,202,2.2827,0.4346,LOCK,2,misalignment
212,7411347,2162,2175,0.01950,-0.11310,-0.79950,0.80770,998.50,1000,1.50,50.32,202,2.2802,0.3976,LOCK,2,misalignment
213,7411356,2171,2184,0.06240,0.04680,-0.77610,0.78001,998.50,1000,1.50,50.32,202,2.2832,0.4425,LOCK,2,misalignment
214,7411364,2179,2192,-0.00780,-0.18720,-0.79560,0.81736,998.49,1000,1.51,50.32,202,2.2877,0.5109,LOCK,2,misalignment
215,7411373,2188,2201,-0.01950,0.07020,-0.79950,0.80281,998.49,1000,1.51,50.32,202,2.2790,0.3784,LOCK,2,misalignment
216,7411381,2196,2209,0.08970,0.05460,-0.79560,0.80250,998.50,1000,1.50,50.32,202,2.2873,0.5051,LOCK,2,misalignment
217,7411395,2210,2223,0.01170,-0.02340,-0.83850,0.83891,998.51,1000,1.49,50.32,202,2.2810,0.4095,LOCK,2,misalignment
218,7411403,2218,2231,-0.10140,0.12870,-0.88530,0.90033,998.51,1000,1.49,50.32,202,2.2750,0.3189,LOCK,2,misalignment
219,7411412,2227,2240,-0.02730,0.05460,-0.74100,0.74351,998.52,1000,1.48,50.32,202,2.2629,0.1351,LOCK,2,misalignment
220,7411420,2235,2248,-0.02730,0.05460,-0.74100,0.74351,998.52,1000,1.48,50.32,202,2.2738,0.3003,LOCK,2,misalignment
221,7411429,2244,2257,0.10920,-0.04290,-0.84240,0.85053,998.53,1000,1.47,50.32,202,2.2587,0.0716,LOCK,2,misalignment
222,7411479,2294,2307,0.02730,0.18330,-0.76050,0.78275,998.53,1000,1.47,50.32,202,2.2811,0.4111,LOCK,2,misalignment
223,7411488,2303,2316,-0.07800,0.13260,-0.74490,0.76062,998.53,1000,1.47,50.32,202,2.2902,0.5490,LOCK,2,misalignment
224,7411496,2311,2324,0.05460,-0.06630,-0.69810,0.70336,998.54,1000,1.46,50.32,202,2.2875,0.5069,LOCK,2,misalignment
225,7411505,2320,2333,-0.13260,0.10920,-0.82680,0.84446,998.56,1000,1.44,50.32,202,2.2870,0.4993,LOCK,2,misalignment
226,7411513,2328,2341,-0.13260,0.10920,-0.82680,0.84446,998.57,1000,1.43,50.32,202,2.2885,0.5231,LOCK,2,misalignment
227,7411522,2337,2350,0.14040,0.00390,-0.76830,0.78103,998.58,1000,1.42,50.32,202,2.2843,0.4596,LOCK,2,misalignment
228,7411530,2345,2358,-0.03120,0.18330,-0.86580,0.88554,998.59,1000,1.41,50.32,202,2.2841,0.4565,LOCK,2,misalignment
229,7411539,2354,2367,0.12090,0.17550,-0.80730,0.83496,998.59,1000,1.41,50.32,202,2.2868,0.4965,LOCK,2,misalignment
230,7411547,2362,2375,0.04290,0.25740,-0.66690,0.71614,998.60,1000,1.40,50.32,202,2.2654,0.1721,LOCK,2,misalignment
231,7411556,2371,2384,0.04290,0.01560,-0.77610,0.77744,998.59,1000,1.41,50.32,202,2.2646,0.1611,LOCK,2,misalignment
232,7411564,2379,2392,0.04290,0.01560,-0.77610,0.77744,998.58,1000,1.42,50.32,202,2.2660,0.1818,LOCK,2,misalignment
233,7411573,2388,2401,0.08580,0.05850,-0.77610,0.78302,998.58,1000,1.42,50.32,202,2.2775,0.3567,LOCK,2,misalignment
234,7411584,2399,2412,0.01170,-0.15600,-0.79170,0.80701,998.57,1000,1.43,50.32,202,2.2846,0.4630,LOCK,2,misalignment
235,7411598,2413,2426,-0.10530,-0.01560,-0.80730,0.81429,998.56,1000,1.44,50.32,202,2.2844,0.4605,LOCK,2,misalignment
236,7411606,2421,2434,-0.10530,-0.01560,-0.80730,0.81429,998.56,1000,1.44,50.32,202,2.2563,0.0350,LOCK,2,misalignment
237,7411615,2430,2443,-0.09360,0.19110,-0.71760,0.74849,998.56,1000,1.44,50.32,202,2.2586,0.0701,LOCK,2,misalignment
238,7411623,2438,2451,0.06240,0.01560,-0.74490,0.74767,998.56,1000,1.44,50.32,202,2.2874,0.5063,LOCK,2,misalignment
239,7411632,2447,2460,-0.10140,0.03510,-0.79170,0.79894,998.56,1000,1.44,50.32,202,2.2862,0.4886,LOCK,2,misalignment
240,7411640,2455,2468,0.05070,-0.04290,-0.86190,0.86445,998.57,1000,1.43,50.32,202,2.2873,0.5042,LOCK,2,misalignment
241,7411649,2464,2477,-0.01560,-0.00780,-0.78780,0.78799,998.57,1000,1.43,50.32,202,2.2865,0.4932,LOCK,2,misalignment
242,7411657,2472,2485,-0.01560,-0.00780,-0.78780,0.78799,998.57,1000,1.43,50.32,202,2.2870,0.5002,LOCK,2,misalignment
243,7411666,2481,2494,0.13260,-0.10530,-0.81900,0.83632,998.57,1000,1.43,50.32,202,2.2881,0.5161,LOCK,2,misalignment
244,7411674,2489,2502,-0.14040,0.10530,-0.72540,0.74633,998.58,1000,1.42,50.32,202,2.2887,0.5258,LOCK,2,misalignment
245,7411683,2498,2511,0.03120,0.06240,-0.77220,0.77535,998.59,1000,1.41,50.32,202,2.2817,0.4190,LOCK,2,misalignment
246,7411692,2507,2520,-0.03120,0.08190,-0.83850,0.84307,998.60,1000,1.40,50.32,202,2.2715,0.2658,LOCK,2,misalignment
247,7411700,2515,2528,0.04290,-0.07410,-0.83850,0.84286,998.61,1000,1.39,50.32,202,2.2595,0.0835,LOCK,2,misalignment
248,7411709,2524,2537,0.04290,-0.07410,-0.83850,0.84286,998.62,1000,1.38,50.32,202,2.2724,0.2786,LOCK,2,misalignment
249,7411717,2532,2545,-0.03900,0.03900,-0.85020,0.85199,998.63,1000,1.37,50.32,202,2.2625,0.1290,LOCK,2,misalignment
250,7411738,2553,2566,-0.03900,0.11310,-0.72540,0.73520,998.62,1000,1.38,50.32,202,2.2842,0.4572,LOCK,2,misalignment
251,7411747,2562,2575,0.02730,0.00390,-0.80730,0.80777,998.61,1000,1.39,50.32,202,2.2921,0.5771,LOCK,2,misalignment
252,7411755,2570,2583,0.00390,0.15210,-0.79560,0.81002,998.60,1000,1.40,50.32,202,2.2651,0.1678,LOCK,2,misalignment
253,7411764,2579,2592,-0.04680,0.01170,-0.85410,0.85546,998.60,1000,1.40,50.32,202,2.2796,0.3885,LOCK,2,misalignment
254,7411772,2587,2600,0.16380,-0.07410,-0.80730,0.82708,998.59,1000,1.41,50.32,202,2.2871,0.5008,LOCK,2,misalignment
255,7411781,2596,2609,0.16380,-0.07410,-0.80730,0.82708,998.59,1000,1.41,50.32,202,2.2680,0.2120,LOCK,2,misalignment
256,7411789,2604,2617,0.00780,-0.18330,-0.81900,0.83930,998.58,1000,1.42,50.32,202,2.2827,0.4352,LOCK,2,misalignment
257,7411803,2618,2631,0.07800,0.12090,-0.76440,0.77782,998.58,1000,1.42,50.32,202,2.2823,0.4291,LOCK,2,misalignment
258,7411811,2626,2639,0.07800,0.12090,-0.76440,0.77782,998.58,1000,1.42,50.32,202,2.2917,0.5710,LOCK,2,misalignment
259,7411820,2635,2648,-0.04290,0.05460,-0.85800,0.86081,998.59,1000,1.41,50.32,202,2.2923,0.5805,LOCK,2,misalignment
260,7411828,2643,2656,-0.15600,0.06630,-0.82290,0.84018,998.59,1000,1.41,50.32,202,2.2869,0.4981,LOCK,2,misalignment
261,7411837,2652,2665,-0.08190,0.13650,-0.74880,0.76553,998.59,1000,1.41,50.32,202,2.2907,0.5554,LOCK,2,misalignment
262,7411845,2660,2673,-0.01950,-0.11700,-0.85020,0.85843,998.59,1000,1.41,50.32,202,2.2913,0.5649,LOCK,2,misalignment
263,7411854,2669,2682,0.06630,0.12480,-0.73320,0.74669,998.59,1000,1.41,50.32,202,2.2618,0.1177,LOCK,2,misalignment
264,7411862,2677,2690,0.06630,0.12480,-0.73320,0.74669,998.60,1000,1.40,50.32,202,2.2584,0.0670,LOCK,2,misalignment
265,7411871,2686,2699,-0.01170,0.09750,-0.86190,0.86748,998.60,1000,1.40,50.32,202,2.2689,0.2255,LOCK,2,misalignment
266,7411879,2694,2707,0.09360,-0.05460,-0.76830,0.77590,998.60,1000,1.40,50.32,202,2.2826,0.4330,LOCK,2,misalignment
267,7411890,2705,2718,-0.02340,0.17160,-0.76830,0.78758,998.61,1000,1.39,50.32,202,2.2897,0.5408,LOCK,2,misalignment
268,7411898,2713,2726,0.05850,0.21060,-0.76830,0.79879,998.61,1000,1.39,50.32,202,2.2886,0.5249,LOCK,2,misalignment
269,7411907,2722,2735,-0.04680,0.24570,-0.70980,0.75258,998.61,1000,1.39,50.32,202,2.2673,0.2020,LOCK,2,misalignment
270,7411915,2730,2743,0.05850,-0.00780,-0.83460,0.83668,998.62,1000,1.38,50.32,202,2.2570,0.0460,LOCK,2,misalignment
271,7411924,2739,2752,0.05850,-0.00780,-0.83460,0.83668,998.63,1000,1.37,50.32,202,2.2680,0.2117,LOCK,2,misalignment
272,7411932,2747,2760,-0.11310,0.10530,-0.70200,0.71881,998.63,1000,1.37,50.32,202,2.2744,0.3085,LOCK,2,misalignment
273,7411942,2757,2770,0.06240,-0.16770,-0.83460,0.85357,998.64,1000,1.36,50.32,202,2.2902,0.5478,LOCK,2,misalignment
274,7411951,2766,2779,-0.05070,0.10920,-0.78780,0.79695,998.65,1000,1.35,50.32,202,2.2891,0.5316,LOCK,2,misalignment
275,7411959,2774,2787,0.04680,0.03510,-0.74880,0.75108,998.65,1000,1.35,50.32,202,2.2853,0.4736,LOCK,2,misalignment
276,7411968,2783,2796,-0.06240,0.17550,-0.73710,0.76027,998.65,1000,1.35,50.32,202,2.2862,0.4874,LOCK,2,misalignment
277,7411976,2791,2804,0.03120,0.02340,-0.69030,0.69140,998.65,1000,1.35,50.32,202,2.2874,0.5054,LOCK,2,misalignment
278,7411985,2800,2813,0.03120,0.02340,-0.69030,0.69140,998.65,1000,1.35,50.32,202,2.2987,0.6772,LOCK,2,misalignment
279,7411993,2808,2821,0.02340,0.11700,-0.85800,0.86626,998.65,1000,1.35,50.32,202,2.2866,0.4941,LOCK,2,misalignment
280,7412007,2822,2835,-0.02730,-0.04680,-0.79560,0.79744,998.65,1000,1.35,50.32,202,2.2908,0.5579,LOCK,2,misalignment
281,7412015,2830,2843,-0.02730,-0.04680,-0.79560,0.79744,998.65,1000,1.35,50.32,202,2.2568,0.0417,LOCK,2,misalignment
282,7412024,2839,2852,-0.07800,0.02730,-0.78000,0.78437,998.65,1000,1.35,50.32,202,2.2607,0.1018,LOCK,2,misalignment
283,7412032,2847,2860,0.08190,0.14820,-0.72150,0.74110,998.65,1000,1.35,50.32,202,2.2749,0.3170,LOCK,2,misalignment
284,7412041,2856,2869,0.08580,-0.03120,-0.78390,0.78920,998.63,1000,1.37,50.32,202,2.2715,0.2655,LOCK,2,misalignment
285,7412094,2909,2922,-0.03510,0.11700,-0.72930,0.73946,998.62,1000,1.38,50.32,202,2.2922,0.5780,LOCK,2,misalignment
286,7412102,2917,2930,0.05850,-0.02340,-0.78390,0.78643,998.60,1000,1.40,50.32,202,2.2860,0.4849,LOCK,2,misalignment
287,7412111,2926,2939,-0.01950,0.08580,-0.80340,0.80820,998.57,1000,1.43,50.32,202,2.2921,0.5774,LOCK,2,misalignment
288,7412119,2934,2947,-0.01950,0.08580,-0.80340,0.80820,998.55,1000,1.45,50.32,202,2.2845,0.4614,LOCK,2,misalignment
289,7412128,2943,2956,-0.03900,-0.01170,-0.86190,0.86286,998.53,1000,1.47,50.32,202,2.2872,0.5026,LOCK,2,misalignment
290,7412136,2951,2964,-0.05070,-0.06240,-0.81120,0.81517,998.52,1000,1.48,50.32,202,2.2831,0.4410,LOCK,2,misalignment
291,7412145,2960,2973,0.00390,-0.09360,-0.78390,0.78948,998.50,1000,1.50,50.32,202,2.2859,0.4834,LOCK,2,misalignment
292,7412153,2968,2981,0.02730,0.09360,-0.75660,0.76286,998.49,1000,1.51,50.32,202,2.2783,0.3683,LOCK,2,misalignment
293,7412162,2977,2990,0.05070,0.01950,-0.74880,0.75077,998.47,1000,1.53,50.32,202,2.2464,-0.1152,LOCK,2,misalignment
294,7412170,2985,2998,0.05070,0.01950,-0.74880,0.75077,998.45,1000,1.55,50.32,202,2.2695,0.2343,LOCK,2,misalignment
295,7412179,2994,3007,0.01950,0.05070,-0.83850,0.84026,998.44,1000,1.56,50.32,202,2.2598,0.0884,LOCK,2,misalignment
296,7412196,3011,3024,0.12870,0.01560,-0.83460,0.84461,998.43,1000,1.57,50.32,202,2.2856,0.4785,LOCK,2,misalignment
297,7412210,3025,3038,-0.08190,-0.14820,-0.83460,0.85160,998.41,1000,1.59,50.32,202,2.2898,0.5417,LOCK,2,misalignment
298,7412218,3033,3046,0.01560,0.07800,-0.70590,0.71037,998.40,1000,1.60,50.32,202,2.2845,0.4614,LOCK,2,misalignment
299,7412227,3042,3055,-0.01560,-0.01560,-0.83850,0.83879,998.38,1000,1.62,50.32,202,2.2667,0.1922,LOCK,2,misalignment
300,7412235,3050,3063,0.05850,0.06630,-0.74880,0.75400,998.37,1000,1.63,50.32,202,2.2702,0.2456,LOCK,2,misalignment
301,7412250,3065,3078,-0.03120,0.04680,-0.86970,0.87152,998.36,1000,1.64,50.32,202,2.2845,0.4617,LOCK,2,misalignment
302,7412259,3074,3087,0.04680,0.07800,-0.79170,0.79691,998.34,1000,1.66,50.32,202,2.2826,0.4340,LOCK,2,misalignment
303,7412267,3082,3095,-0.01950,-0.07410,-0.78000,0.78375,998.33,1000,1.67,50.32,202,2.2817,0.4196,LOCK,2,misalignment
304,7412276,3091,3104,-0.07020,0.00390,-0.78000,0.78316,998.32,1000,1.68,50.32,202,2.2909,0.5597,LOCK,2,misalignment
305,7412284,3099,3112,0.08190,0.07800,-0.74880,0.75729,998.31,1000,1.69,50.32,202,2.2859,0.4837,LOCK,2,misalignment
306,7412293,3108,3121,0.08190,0.07800,-0.74880,0.75729,998.30,1000,1.70,50.32,202,2.2828,0.4367,LOCK,2,misalignment
307,7412301,3116,3129,0.09750,0.00000,-0.85800,0.86352,998.29,1000,1.71,50.32,202,2.2703,0.2474,LOCK,2,misalignment
308,7412309,3124,3137,-0.06630,0.05460,-0.81120,0.81573,998.28,1000,1.72,50.32,202,2.2809,0.4071,LOCK,2,misalignment
309,7412318,3133,3146,-0.07020,0.17940,-0.72150,0.74678,998.27,1000,1.73,50.32,202,2.2669,0.1959,LOCK,2,misalignment
310,7412326,3141,3154,0.00780,0.07410,-0.81900,0.82238,998.26,1000,1.74,50.32,202,2.2816,0.4178,LOCK,2,misalignment
311,7412350,3165,3178,-0.11700,0.08970,-0.80340,0.81681,998.24,1000,1.76,50.32,202,2.2897,0.5402,LOCK,2,misalignment
312,7412358,3173,3186,0.09360,-0.06240,-0.84630,0.85374,998.21,1000,1.79,50.32,202,2.2826,0.4340,LOCK,2,misalignment
313,7412367,3182,3195,0.04290,0.11700,-0.73320,0.74371,998.19,1000,1.81,50.32,202,2.2636,0.1455,LOCK,2,misalignment
314,7412375,3190,3203,0.04290,0.11700,-0.73320,0.74371,998.17,1000,1.83,50.32,202,2.2799,0.3931,LOCK,2,misalignment
315,7412384,3199,3212,0.17550,0.21060,-0.72930,0.77912,998.15,1000,1.85,50.32,202,2.2794,0.3848,LOCK,2,misalignment
316,7412392,3207,3220,-0.03900,0.10530,-0.71760,0.72633,998.14,1000,1.86,50.32,202,2.2772,0.3518,LOCK,2,misalignment
317,7412402,3217,3230,0.04290,0.00390,-0.77220,0.77340,998.10,1000,1.90,50.32,202,2.2933,0.5951,LOCK,2,misalignment
318,7412415,3230,3243,-0.06630,0.05850,-0.87750,0.88194,998.07,1000,1.93,50.32,202,2.2887,0.5258,LOCK,2,misalignment
319,7412424,3239,3252,0.12090,-0.03120,-0.85800,0.86704,998.05,1000,1.95,50.32,202,2.2864,0.4907,LOCK,2,misalignment
320,7412432,3247,3260,-0.03120,0.12480,-0.81510,0.82519,998.03,1000,1.97,50.32,202,2.2880,0.5155,LOCK,2,misalignment
321,7412441,3256,3269,-0.06630,-0.03510,-0.73320,0.73703,998.00,1000,2.00,50.32,202,2.2841,0.4556,LOCK,2,misalignment
322,7412449,3264,3277,0.03120,0.21840,-0.75270,0.78437,997.98,1000,2.02,50.32,202,2.2864,0.4916,LOCK,2,misalignment
323,7412458,3273,3286,0.03120,0.21840,-0.75270,0.78437,997.97,1000,2.03,50.32,202,2.2897,0.5408,LOCK,2,misalignment
324,7412466,3281,3294,0.01950,-0.01170,-0.74100,0.74135,997.95,1000,2.05,50.32,202,2.2842,0.4575,LOCK,2,misalignment
325,7412475,3290,3303,-0.07410,0.14040,-0.76440,0.78071,997.94,1000,2.06,50.32,202,2.2670,0.1968,LOCK,2,misalignment
326,7412483,3298,3311,-0.00390,-0.05070,-0.86190,0.86340,997.93,1000,2.07,50.32,202,2.2714,0.2633,LOCK,2,misalignment
327,7412492,3307,3320,0.10920,-0.06630,-0.78000,0.79039,997.92,1000,2.08,50.32,202,2.2646,0.1601,LOCK,2,misalignment
328,7412500,3315,3328,0.12090,-0.16380,-0.71370,0.74217,997.91,1000,2.09,50.32,202,2.2931,0.5921,LOCK,2,misalignment
329,7412509,3324,3337,0.12090,-0.16380,-0.71370,0.74217,997.90,1000,2.10,50.32,202,2.2881,0.5170,LOCK,2,misalignment
330,7412517,3332,3345,-0.07800,0.16770,-0.79170,0.81302,997.89,1000,2.11,50.32,202,2.2908,0.5579,LOCK,2,misalignment
331,7412526,3341,3354,0.07800,0.03120,-0.74490,0.74962,997.88,1000,2.12,50.32,202,2.2581,0.0625,LOCK,2,misalignment
332,7412534,3349,3362,-0.03120,0.07020,-0.84240,0.84590,997.87,1000,2.13,50.32,202,2.2608,0.1037,LOCK,2,misalignment
333,7412543,3358,3371,0.07020,-0.08190,-0.81120,0.81834,997.87,1000,2.13,50.32,202,2.2738,0.2993,LOCK,2,misalignment
334,7412551,3366,3379,-0.11700,0.00390,-0.77220,0.78102,997.86,1000,2.14,50.32,202,2.2740,0.3036,LOCK,2,misalignment
335,7412560,3375,3388,-0.11700,0.00390,-0.77220,0.78102,997.86,1000,2.14,50.32,202,2.2918,0.5722,LOCK,2,misalignment
336,7412568,3383,3396,0.09750,-0.08970,-0.75270,0.76427,997.85,1000,2.15,50.32,202,2.2808,0.4056,LOCK,2,misalignment
337,7412577,3392,3405,0.01950,0.15600,-0.72540,0.74224,997.83,1000,2.17,50.32,202,2.2958,0.6336,LOCK,2,misalignment
338,7412585,3400,3413,-0.01950,-0.05850,-0.81510,0.81743,997.81,1000,2.19,50.32,202,2.2834,0.4449,LOCK,2,misalignment
339,7412594,3409,3422,0.03900,0.06240,-0.79560,0.79900,997.80,1000,2.20,50.32,202,2.2873,0.5048,LOCK,2,misalignment
340,7412602,3417,3430,0.00000,0.03120,-0.86970,0.87026,997.78,1000,2.22,50.32,202,2.2792,0.3824,LOCK,2,misalignment
341,7412616,3431,3444,0.11700,0.11700,-0.84240,0.85850,997.77,1000,2.23,50.32,202,2.2861,0.4865,LOCK,2,misalignment
342,7412624,3439,3452,-0.12090,-0.07020,-0.84240,0.85392,997.76,1000,2.24,50.32,202,2.2878,0.5127,LOCK,2,misalignment
343,7412633,3448,3461,0.01170,0.04680,-0.77220,0.77371,997.75,1000,2.25,50.32,202,2.2660,0.1824,LOCK,2,misalignment
344,7412641,3456,3469,0.01170,0.04680,-0.77220,0.77371,997.73,1000,2.27,50.32,202,2.2582,0.0634,LOCK,2,misalignment
345,7412649,3464,3477,0.04680,0.11700,-0.75660,0.76702,997.71,1000,2.29,50.32,202,2.2590,0.0765,LOCK,2,misalignment
346,7412658,3473,3486,0.03900,0.08970,-0.83070,0.83644,997.69,1000,2.31,50.32,202,2.2676,0.2056,LOCK,2,misalignment
347,7412709,3524,3537,0.00390,0.00000,-0.82680,0.82681,997.67,1000,2.33,50.32,202,2.2931,0.5927,LOCK,2,misalignment
348,7412718,3533,3546,0.04290,0.00000,-0.79950,0.80065,997.66,1000,2.34,50.32,202,2.2857,0.4807,LOCK,2,misalignment
349,7412726,3541,3554,-0.12870,-0.01560,-0.82290,0.83305,997.65,1000,2.35,50.32,202,2.2843,0.4596,LOCK,2,misalignment
350,7412735,3550,3563,-0.12870,-0.01560,-0.82290,0.83305,997.64,1000,2.36,50.32,202,2.2837,0.4507,LOCK,2,misalignment
351,7412743,3558,3571,-0.23400,0.17550,-0.74490,0.80027,997.63,1000,2.37,50.32,202,2.2904,0.5518,LOCK,2,misalignment
352,7412752,3567,3580,-0.01560,0.10140,-0.73320,0.74034,997.62,1000,2.38,50.32,202,2.2817,0.4190,LOCK,2,misalignment
353,7412760,3575,3588,0.00390,-0.03120,-0.76830,0.76894,997.61,1000,2.39,50.32,202,2.2837,0.4504,LOCK,2,misalignment
354,7412769,3584,3597,-0.12480,0.12090,-0.74490,0.76490,997.61,1000,2.39,50.32,202,2.2915,0.5683,LOCK,2,misalignment
355,7412777,3592,3605,0.05850,-0.13260,-0.88530,0.89708,997.60,1000,2.40,50.32,202,2.2532,-0.0120,LOCK,2,misalignment
356,7412786,3601,3614,0.05850,-0.13260,-0.88530,0.89708,997.60,1000,2.40,50.32,202,2.2722,0.2764,LOCK,2,misalignment
357,7412794,3609,3622,0.00000,0.18330,-0.87360,0.89262,997.59,1000,2.41,50.32,202,2.2837,0.4501,LOCK,2,misalignment
358,7412802,3617,3630,-0.00390,0.12090,-0.72150,0.73157,997.59,1000,2.41,50.32,202,2.2968,0.6479,LOCK,2,misalignment
359,7412818,3633,3646,0.01170,-0.08190,-0.69810,0.70299,997.58,1000,2.42,50.32,202,2.2998,0.6943,LOCK,2,misalignment
360,7412827,3642,3655,0.01170,-0.08190,-0.69810,0.70299,997.58,1000,2.42,50.32,202,2.2636,0.1461,LOCK,2,misalignment
361,7412835,3650,3663,-0.06630,0.04680,-0.78000,0.78421,997.57,1000,2.43,50.32,202,2.2683,0.2163,LOCK,2,misalignment
362,7412843,3658,3671,0.04290,-0.00780,-0.81900,0.82016,997.57,1000,2.43,50.32,202,2.2665,0.1891,LOCK,2,misalignment
363,7412852,3667,3680,-0.06630,-0.01170,-0.83070,0.83342,997.56,1000,2.44,50.32,202,2.2787,0.3735,LOCK,2,misalignment
364,7412891,3706,3719,-0.14820,0.05460,-0.81120,0.82643,997.55,1000,2.45,50.32,202,2.2795,0.3860,LOCK,2,misalignment
365,7412900,3715,3728,0.04290,-0.09360,-0.80340,0.80997,997.54,1000,2.46,50.32,202,2.2895,0.5377,LOCK,2,misalignment
366,7412908,3723,3736,0.04290,-0.09360,-0.80340,0.80997,997.53,1000,2.47,50.32,202,2.2886,0.5243,LOCK,2,misalignment
367,7412917,3732,3745,0.00780,0.03510,-0.81120,0.81200,997.53,1000,2.47,50.32,202,2.2626,0.1299,LOCK,2,misalignment
368,7412925,3740,3753,-0.07020,-0.02730,-0.84240,0.84576,997.52,1000,2.48,50.32,202,2.2620,0.1208,LOCK,2,misalignment
369,7412933,3748,3761,0.06630,0.25350,-0.78000,0.82284,997.51,1000,2.49,50.32,202,2.2741,0.3048,LOCK,2,misalignment
370,7412963,3778,3791,0.04290,-0.08970,-0.82290,0.82889,997.49,1000,2.51,50.32,202,2.2928,0.5881,LOCK,2,misalignment
371,7412972,3787,3800,-0.00390,0.06240,-0.76440,0.76695,997.48,1000,2.52,50.32,202,2.2880,0.5145,LOCK,2,misalignment
372,7412980,3795,3808,-0.00390,0.06240,-0.76440,0.76695,997.46,1000,2.54,50.32,202,2.2651,0.1687,LOCK,2,misalignment
373,7412989,3804,3817,0.16770,-0.07020,-0.80730,0.82752,997.45,1000,2.55,50.32,202,2.2718,0.2694,LOCK,2,misalignment
374,7412997,3812,3825,0.01560,0.21060,-0.81510,0.84201,997.44,1000,2.56,50.32,202,2.2667,0.1928,LOCK,2,misalignment
375,7413006,3821,3834,0.12480,0.10140,-0.77220,0.78876,997.43,1000,2.57,50.32,202,2.2829,0.4376,LOCK,2,misalignment
376,7413020,3835,3848,0.08190,0.10140,-0.86190,0.87170,997.42,1000,2.58,50.32,202,2.2846,0.4642,LOCK,2,misalignment
377,7413029,3844,3857,0.00780,-0.03900,-0.78000,0.78101,997.42,1000,2.58,50.32,202,2.2946,0.6147,LOCK,2,misalignment
378,7413037,3852,3865,-0.02730,0.04680,-0.79560,0.79744,997.41,1000,2.59,50.32,202,2.2953,0.6260,LOCK,2,misalignment
379,7413046,3861,3874,-0.09360,-0.10920,-0.83460,0.84690,997.40,1000,2.60,50.32,202,2.2867,0.4959,LOCK,2,misalignment
380,7413054,3869,3882,0.00000,0.13260,-0.72930,0.74126,997.40,1000,2.60,50.32,202,2.2946,0.6153,LOCK,2,misalignment
381,7413063,3878,3891,0.00000,0.13260,-0.72930,0.74126,997.39,1000,2.61,50.32,202,2.2818,0.4208,LOCK,2,misalignment
382,7413071,3886,3899,-0.03120,0.05070,-0.82290,0.82505,997.39,1000,2.61,50.32,202,2.2873,0.5039,LOCK,2,misalignment
383,7413080,3895,3908,-0.03900,0.12090,-0.78000,0.79028,997.39,1000,2.61,50.32,202,2.2906,0.5542,LOCK,2,misalignment
384,7413089,3904,3917,0.06240,-0.04290,-0.82290,0.82638,997.38,1000,2.62,50.32,202,2.2670,0.1971,LOCK,2,misalignment
385,7413097,3912,3925,0.12480,0.07020,-0.81900,0.83142,997.38,1000,2.62,50.32,202,2.2853,0.4746,LOCK,2,misalignment
386,7413105,3920,3933,-0.02340,0.00390,-0.88140,0.88172,997.38,1000,2.62,50.32,202,2.2593,0.0808,LOCK,2,misalignment
387,7413114,3929,3942,-0.02340,0.00390,-0.88140,0.88172,997.38,1000,2.62,50.32,202,2.2768,0.3457,LOCK,2,misalignment
388,7413122,3937,3950,-0.05460,0.07410,-0.74880,0.75444,997.37,1000,2.63,50.32,202,2.2882,0.5188,LOCK,2,misalignment
389,7413131,3946,3959,0.08970,0.07410,-0.75270,0.76164,997.37,1000,2.63,50.32,202,2.2894,0.5359,LOCK,2,misalignment
390,7413139,3954,3967,0.04680,-0.02340,-0.82680,0.82845,997.37,1000,2.63,50.32,202,2.2647,0.1617,LOCK,2,misalignment
391,7413148,3963,3976,-0.09750,0.06240,-0.85410,0.86191,997.37,1000,2.63,50.32,202,2.2733,0.2929,LOCK,2,misalignment
392,7413156,3971,3984,-0.00780,0.05070,-0.78780,0.78947,997.37,1000,2.63,50.32,202,2.2899,0.5438,LOCK,2,misalignment
393,7413165,3980,3993,-0.00780,0.05070,-0.78780,0.78947,997.37,1000,2.63,50.32,202,2.2810,0.4095,LOCK,2,misalignment
394,7413173,3988,4001,0.08190,-0.07020,-0.86190,0.86862,997.37,1000,2.63,50.32,202,2.2855,0.4770,LOCK,2,misalignment
395,7413182,3997,4010,0.00780,0.05070,-0.72540,0.72721,997.36,1000,2.64,50.32,202,2.2869,0.4990,LOCK,2,misalignment
396,7413190,4005,4018,0.09360,0.07410,-0.78780,0.79679,997.34,1000,2.66,50.32,202,2.2855,0.4773,LOCK,2,misalignment
397,7413199,4014,4027,0.07800,0.00000,-0.83070,0.83435,997.33,1000,2.67,50.32,202,2.2918,0.5732,LOCK,2,misalignment
398,7413207,4022,4035,0.01560,0.04680,-0.83460,0.83606,997.32,1000,2.68,50.32,202,2.2886,0.5240,LOCK,2,misalignment
399,7413220,4035,4048,0.11700,0.09750,-0.77610,0.79090,997.31,1000,2.69,50.32,202,2.2839,0.4529,LOCK,2,misalignment
400,7413229,4044,4057,-0.02730,0.13260,-0.77610,0.78782,997.30,1000,2.70,50.32,202,2.2932,0.5945,LOCK,2,misalignment
401,7413237,4052,4065,-0.02730,0.13260,-0.77610,0.78782,997.29,1000,2.71,50.32,202,2.2657,0.1775,LOCK,2,misalignment
402,7413246,4061,4074,0.15210,-0.06630,-0.74880,0.76696,997.28,1000,2.72,50.32,202,2.2684,0.2178,LOCK,2,misalignment
403,7413254,4069,4082,-0.12480,-0.00780,-0.79950,0.80922,997.28,1000,2.72,50.32,202,2.2808,0.4056,LOCK,2,misalignment
404,7413263,4078,4091,0.09750,0.01950,-0.79560,0.80179,997.27,1000,2.73,50.32,202,2.2643,0.1559,LOCK,2,misalignment
405,7413294,4109,4122,-0.09750,0.18720,-0.66300,0.69579,997.27,1000,2.73,50.32,202,2.2955,0.6293,LOCK,2,misalignment
406,7413303,4118,4131,0.03120,0.03120,-0.76440,0.76567,997.27,1000,2.73,50.32,202,2.2949,0.6202,LOCK,2,misalignment
407,7413311,4126,4139,0.00390,0.02730,-0.78390,0.78438,997.27,1000,2.73,50.32,202,2.2879,0.5139,LOCK,2,misalignment
408,7413320,4135,4148,-0.00780,-0.12480,-0.81900,0.82849,997.27,1000,2.73,50.32,202,2.2882,0.5182,LOCK,2,misalignment
409,7413328,4143,4156,-0.00780,-0.12480,-0.81900,0.82849,997.27,1000,2.73,50.32,202,2.2775,0.3561,LOCK,2,misalignment
410,7413337,4152,4165,-0.02730,0.08970,-0.84630,0.85148,997.27,1000,2.73,50.32,202,2.2829,0.4385,LOCK,2,misalignment
411,7413345,4160,4173,-0.13260,-0.06240,-0.81510,0.82817,997.27,1000,2.73,50.32,202,2.2613,0.1110,LOCK,2,misalignment
412,7413354,4169,4182,-0.09750,0.26130,-0.80340,0.85043,997.27,1000,2.73,50.32,202,2.2766,0.3424,LOCK,2,misalignment
413,7413362,4177,4190,0.05850,0.02340,-0.75270,0.75533,997.26,1000,2.74,50.32,202,2.2742,0.3067,LOCK,2,misalignment
414,7413371,4186,4199,0.05850,0.02340,-0.75270,0.75533,997.24,1000,2.76,50.32,202,2.2901,0.5463,LOCK,2,misalignment
415,7413379,4194,4207,-0.19500,0.04680,-0.78780,0.81292,997.23,1000,2.77,50.32,202,2.2858,0.4819,LOCK,2,misalignment
416,7413388,4203,4216,0.07020,-0.08580,-0.78000,0.78784,997.22,1000,2.78,50.32,202,2.2865,0.4923,LOCK,2,misalignment
417,7413396,4211,4224,0.06240,0.04290,-0.74490,0.74874,997.21,1000,2.79,50.32,202,2.2786,0.3726,LOCK,2,misalignment
418,7413405,4220,4233,0.12480,-0.03900,-0.77610,0.78704,997.20,1000,2.80,50.32,202,2.2833,0.4443,LOCK,2,misalignment
419,7413413,4228,4241,-0.12480,0.13260,-0.74880,0.77062,997.19,1000,2.81,50.32,202,2.2828,0.4358,LOCK,2,misalignment
420,7413427,4242,4255,-0.01950,-0.00390,-0.83850,0.83874,997.19,1000,2.81,50.32,202,2.2884,0.5210,LOCK,2,misalignment
421,7413435,4250,4263,-0.05460,0.12480,-0.84240,0.85334,997.18,1000,2.82,50.32,202,2.2913,0.5655,LOCK,2,misalignment
422,7413444,4259,4272,0.03510,-0.12480,-0.82290,0.83305,997.18,1000,2.82,50.32,202,2.2689,0.2258,LOCK,2,misalignment
423,7413452,4267,4280,0.03510,-0.12480,-0.82290,0.83305,997.18,1000,2.82,50.32,202,2.2537,-0.0047,LOCK,2,misalignment
424,7413461,4276,4289,-0.03900,0.04680,-0.78390,0.78626,997.17,1000,2.83,50.32,202,2.2762,0.3366,LOCK,2,misalignment
425,7413469,4284,4297,0.02730,-0.15600,-0.79950,0.81503,997.17,1000,2.83,50.32,202,2.2717,0.2679,LOCK,2,misalignment
426,7413478,4293,4306,-0.03120,0.16770,-0.78000,0.79843,997.17,1000,2.83,50.32,202,2.2920,0.5765,LOCK,2,misalignment
427,7413487,4302,4315,0.01560,0.00000,-0.81510,0.81525,997.17,1000,2.83,50.32,202,2.2894,0.5368,LOCK,2,misalignment
428,7413496,4311,4324,-0.03120,0.02730,-0.86190,0.86290,997.17,1000,2.83,50.32,202,2.2806,0.4034,LOCK,2,misalignment
429,7413504,4319,4332,-0.03120,0.02730,-0.86190,0.86290,997.17,1000,2.83,50.32,202,2.2910,0.5612,LOCK,2,misalignment
430,7413513,4328,4341,-0.01170,0.01560,-0.81900,0.81923,997.17,1000,2.83,50.32,202,2.2971,0.6528,LOCK,2,misalignment
431,7413521,4336,4349,0.14040,-0.08580,-0.75270,0.77047,997.17,1000,2.83,50.32,202,2.2818,0.4205,LOCK,2,misalignment
432,7413530,4345,4358,-0.00390,-0.18330,-0.81900,0.83927,997.17,1000,2.83,50.32,202,2.2868,0.4965,LOCK,2,misalignment
433,7413538,4353,4366,0.06630,0.00390,-0.72930,0.73232,997.17,1000,2.83,50.32,202,2.2705,0.2505,LOCK,2,misalignment
434,7413546,4361,4374,0.07410,0.09360,-0.75660,0.76596,997.18,1000,2.82,50.32,202,2.2663,0.1864,LOCK,2,misalignment
435,7413555,4370,4383,0.07410,0.09360,-0.75660,0.76596,997.18,1000,2.82,50.32,202,2.2840,0.4538,LOCK,2,misalignment
436,7413581,4396,4409,0.06240,0.11310,-0.79950,0.80987,997.19,1000,2.81,50.32,202,2.2914,0.5673,LOCK,2,misalignment
437,7413590,4405,4418,0.03900,-0.15600,-0.80340,0.81933,997.20,1000,2.80,50.32,202,2.2945,0.6137,LOCK,2,misalignment
438,7413598,4413,4426,0.02340,0.05070,-0.73710,0.73921,997.20,1000,2.80,50.32,202,2.2915,0.5683,LOCK,2,misalignment
439,7413606,4421,4434,0.02340,0.05070,-0.73710,0.73921,997.21,1000,2.79,50.32,202,2.2880,0.5152,LOCK,2,misalignment
440,7413615,4430,4443,0.00000,0.03120,-0.86970,0.87026,997.21,1000,2.79,50.32,202,2.2833,0.4443,LOCK,2,misalignment
441,7413628,4443,4456,-0.13260,0.10920,-0.83070,0.84827,997.22,1000,2.78,50.32,202,2.2796,0.3873,LOCK,2,misalignment
442,7413637,4452,4465,-0.13260,0.10920,-0.83070,0.84827,997.22,1000,2.78,50.32,202,2.2837,0.4507,LOCK,2,misalignment
443,7413645,4460,4473,-0.09360,0.27300,-0.80730,0.85733,997.22,1000,2.78,50.32,202,2.2737,0.2984,LOCK,2,misalignment
444,7413654,4469,4482,0.06240,0.16380,-0.76050,0.78044,997.23,1000,2.77,50.32,202,2.2632,0.1388,LOCK,2,misalignment
445,7413662,4477,4490,0.00780,-0.03120,-0.80730,0.80794,997.22,1000,2.78,50.32,202,2.2677,0.2081,LOCK,2,misalignment
446,7413671,4486,4499,-0.09750,0.02730,-0.72930,0.73629,997.22,1000,2.78,50.32,202,2.2765,0.3412,LOCK,2,misalignment
447,7413684,4499,4512,0.02340,-0.08190,-0.83460,0.83894,997.21,1000,2.79,50.32,202,2.2881,0.5167,LOCK,2,misalignment
448,7413692,4507,4520,0.03120,0.21840,-0.81510,0.84443,997.21,1000,2.79,50.32,202,2.2857,0.4804,LOCK,2,misalignment
449,7413701,4516,4529,0.12870,0.19500,-0.73710,0.77324,997.21,1000,2.79,50.32,202,2.2863,0.4901,LOCK,2,misalignment
450,7413709,4524,4537,0.12870,0.19500,-0.73710,0.77324,997.20,1000,2.80,50.32,202,2.2780,0.3644,LOCK,2,misalignment
451,7413718,4533,4546,-0.01950,0.12480,-0.74100,0.75169,997.20,1000,2.80,50.32,202,2.2843,0.4593,LOCK,2,misalignment
452,7413726,4541,4554,-0.01560,0.03510,-0.68640,0.68747,997.20,1000,2.80,50.32,202,2.2755,0.3262,LOCK,2,misalignment
453,7413735,4550,4563,-0.11700,0.03510,-0.85020,0.85893,997.21,1000,2.79,50.32,202,2.2880,0.5152,LOCK,2,misalignment
454,7413743,4558,4571,0.12870,-0.06630,-0.78780,0.80099,997.21,1000,2.79,50.32,202,2.2780,0.3638,LOCK,2,misalignment
455,7413752,4567,4580,-0.07020,0.09360,-0.83070,0.83890,997.22,1000,2.78,50.32,202,2.2595,0.0832,LOCK,2,misalignment
456,7413760,4575,4588,-0.07020,0.09360,-0.83070,0.83890,997.22,1000,2.78,50.32,202,2.2611,0.1076,LOCK,2,misalignment
457,7413769,4584,4597,-0.07020,-0.01560,-0.75660,0.76001,997.22,1000,2.78,50.32,202,2.2759,0.3323,LOCK,2,misalignment
458,7413777,4592,4605,0.02340,0.17160,-0.71370,0.73441,997.22,1000,2.78,50.32,202,2.2783,0.3683,LOCK,2,misalignment
459,7413786,4601,4614,0.03120,0.03120,-0.81900,0.82019,997.22,1000,2.78,50.32,202,2.2935,0.5979,LOCK,2,misalignment
460,7413795,4610,4623,-0.05850,0.19500,-0.80340,0.82879,997.22,1000,2.78,50.32,202,2.2860,0.4843,LOCK,2,misalignment
461,7413803,4618,4631,0.01950,-0.15990,-0.83850,0.85383,997.21,1000,2.79,50.32,202,2.2888,0.5271,LOCK,2,misalignment
462,7413812,4627,4640,0.01950,-0.15990,-0.83850,0.85383,997.21,1000,2.79,50.32,202,2.2881,0.5161,LOCK,2,misalignment
463,7413821,4636,4649,0.10530,0.01950,-0.76830,0.77573,997.21,1000,2.79,50.32,202,2.2941,0.6070,LOCK,2,misalignment
464,7413834,4649,4662,0.00000,0.22620,-0.79170,0.82338,997.21,1000,2.79,50.32,202,2.2880,0.5158,LOCK,2,misalignment
465,7413842,4657,4670,0.00000,0.22620,-0.79170,0.82338,997.22,1000,2.78,50.32,202,2.2866,0.4941,LOCK,2,misalignment
466,7413851,4666,4679,0.03120,0.02340,-0.81510,0.81603,997.24,1000,2.76,50.32,202,2.2691,0.2282,LOCK,2,misalignment
467,7413859,4674,4687,-0.10530,0.06240,-0.70980,0.72028,997.25,1000,2.75,50.32,202,2.2664,0.1885,LOCK,2,misalignment
468,7413868,4683,4696,0.08190,-0.01170,-0.84630,0.85033,997.27,1000,2.73,50.32,202,2.2782,0.3668,LOCK,2,misalignment
469,7413876,4691,4704,-0.02340,-0.00390,-0.77610,0.77646,997.28,1000,2.72,50.32,202,2.2612,0.1092,LOCK,2,misalignment
470,7413909,4724,4737,0.03510,0.03510,-0.77610,0.77769,997.30,1000,2.70,50.32,202,2.2935,0.5982,LOCK,2,misalignment
471,7413917,4732,4745,0.06630,0.11310,-0.86970,0.87953,997.31,1000,2.69,50.32,202,2.2864,0.4904,LOCK,2,misalignment
472,7413926,4741,4754,0.10920,0.06630,-0.81510,0.82505,997.33,1000,2.67,50.32,202,2.2866,0.4941,LOCK,2,misalignment
473,7413935,4750,4763,0.10920,0.06630,-0.81510,0.82505,997.34,1000,2.66,50.32,202,2.2908,0.5582,LOCK,2,misalignment
474,7413943,4758,4771,0.08190,0.02340,-0.84630,0.85058,997.35,1000,2.65,50.32,202,2.2923,0.5796,LOCK,2,misalignment
475,7413952,4767,4780,-0.02730,-0.17550,-0.83850,0.85710,997.36,1000,2.64,50.32,202,2.2911,0.5619,LOCK,2,misalignment
476,7413960,4775,4788,0.05460,0.11700,-0.74880,0.75985,997.36,1000,2.64,50.32,202,2.2681,0.2142,LOCK,2,misalignment
477,7413968,4783,4796,-0.00390,0.07800,-0.84240,0.84601,997.37,1000,2.63,50.32,202,2.2721,0.2737,LOCK,2,misalignment
478,7413977,4792,4805,-0.02340,0.10140,-0.79560,0.80238,997.37,1000,2.63,50.32,202,2.2818,0.4217,LOCK,2,misalignment
479,7413986,4801,4814,-0.02340,0.10140,-0.79560,0.80238,997.37,1000,2.63,50.32,202,2.2797,0.3900,LOCK,2,misalignment
480,7413995,4810,4823,-0.03510,0.00390,-0.80340,0.80418,997.38,1000,2.62,50.32,202,2.2874,0.5066,LOCK,2,misalignment
481,7414003,4818,4831,0.11700,0.02340,-0.80340,0.81221,997.38,1000,2.62,50.32,202,2.2910,0.5609,LOCK,2,misalignment
482,7414012,4827,4840,0.03900,-0.10140,-0.83850,0.84551,997.38,1000,2.62,50.32,202,2.2898,0.5420,LOCK,2,misalignment
483,7414020,4835,4848,-0.07020,0.07410,-0.82680,0.83308,997.39,1000,2.61,50.32,202,2.2841,0.4565,LOCK,2,misalignment
484,7414034,4849,4862,0.05850,0.04290,-0.73710,0.74066,997.39,1000,2.61,50.32,202,2.2842,0.4578,LOCK,2,misalignment
485,7414042,4857,4870,-0.00780,-0.05070,-0.72150,0.72332,997.39,1000,2.61,50.32,202,2.2803,0.3985,LOCK,2,misalignment
486,7414051,4866,4879,-0.12870,0.08580,-0.76050,0.77607,997.40,1000,2.60,50.32,202,2.2838,0.4514,LOCK,2,misalignment
487,7414059,4874,4887,-0.17940,0.22230,-0.74880,0.80144,997.40,1000,2.60,50.32,202,2.2611,0.1070,LOCK,2,misalignment
488,7414068,4883,4896,-0.17940,0.22230,-0.74880,0.80144,997.40,1000,2.60,50.32,202,2.2651,0.1684,LOCK,2,misalignment
489,7414076,4891,4904,0.05460,0.02730,-0.91260,0.91464,997.41,1000,2.59,50.32,202,2.2788,0.3757,LOCK,2,misalignment
490,7414085,4900,4913,-0.00390,0.09750,-0.74490,0.75126,997.43,1000,2.57,50.32,202,2.2652,0.1693,LOCK,2,misalignment
491,7414093,4908,4921,-0.13650,0.04290,-0.80340,0.81604,997.45,1000,2.55,50.32,202,2.2836,0.4480,LOCK,2,misalignment
492,7414103,4918,4931,0.06240,-0.05850,-0.81510,0.81958,997.53,1000,2.47,50.32,202,2.2808,0.4056,LOCK,2,misalignment
493,7414113,4928,4941,-0.01560,0.11310,-0.79560,0.80375,997.60,1000,2.40,50.32,202,2.2925,0.5835,LOCK,2,misalignment
494,7414123,4938,4951,0.04680,0.15210,-0.79950,0.81518,997.63,1000,2.37,50.32,202,2.2886,0.5249,LOCK,2,misalignment
495,7414133,4948,4961,-0.02340,0.21450,-0.70200,0.73441,997.63,1000,2.37,50.32,202,2.2822,0.4269,LOCK,2,misalignment
496,7414143,4958,4971,0.02730,0.03120,-0.73710,0.73826,997.59,1000,2.41,50.32,202,2.3008,0.7090,LOCK,2,misalignment
497,7414153,4968,4981,-0.17550,0.02340,-0.81120,0.83030,997.58,1000,2.42,50.32,202,2.2595,0.0838,LOCK,2,misalignment
498,7414163,4978,4991,0.08190,-0.11700,-0.81120,0.82368,997.58,1000,2.42,50.32,202,2.2639,0.1495,LOCK,2,misalignment
499,7414173,4988,5001,-0.05460,0.17940,-0.83850,0.85921,997.58,1000,2.42,50.32,202,2.2644,0.1571,LOCK,2,misalignment
500,7414191,5006,5019,0.03510,0.05070,-0.78390,0.78632,997.58,1000,2.42,50.32,202,2.2904,0.5515,LOCK,2,misalignment
501,7414200,5015,5028,-0.05460,0.24180,-0.73320,0.77397,997.58,1000,2.42,50.32,202,2.2890,0.5301,LOCK,2,misalignment
502,7414208,5023,5036,0.04680,0.04290,-0.70980,0.71263,997.58,1000,2.42,50.32,202,2.2562,0.0329,LOCK,2,misalignment
503,7414217,5032,5045,0.05850,0.12480,-0.79170,0.80361,997.59,1000,2.41,50.32,202,2.2807,0.4046,LOCK,2,misalignment
504,7414225,5040,5053,-0.00780,0.01560,-0.86580,0.86598,997.59,1000,2.41,50.32,202,2.2703,0.2471,LOCK,2,misalignment
505,7414239,5054,5067,0.04290,-0.08970,-0.82680,0.83276,997.59,1000,2.41,50.32,202,2.2789,0.3775,LOCK,2,misalignment
506,7414247,5062,5075,-0.08970,0.03900,-0.74880,0.75516,997.59,1000,2.41,50.32,202,2.2889,0.5289,LOCK,2,misalignment
507,7414255,5070,5083,-0.08190,0.14430,-0.75660,0.77458,997.60,1000,2.40,50.32,202,2.2842,0.4581,LOCK,2,misalignment
508,7414264,5079,5092,0.10920,0.01560,-0.75660,0.76460,997.59,1000,2.41,50.32,202,2.2852,0.4730,LOCK,2,misalignment
509,7414273,5088,5101,0.10920,0.01560,-0.75660,0.76460,997.58,1000,2.42,50.32,202,2.2849,0.4688,LOCK,2,misalignment
510,7414283,5098,5111,-0.13260,0.06240,-0.82290,0.83585,997.56,1000,2.44,50.32,202,2.2807,0.4043,LOCK,2,misalignment
511,7414293,5108,5121,0.13650,-0.07410,-0.79560,0.81062,997.55,1000,2.45,50.32,202,2.2930,0.5902,LOCK,2,misalignment
512,7414303,5118,5131,-0.03900,-0.03120,-0.75660,0.75825,997.55,1000,2.45,50.32,202,2.2854,0.4755,LOCK,2,misalignment
513,7414313,5128,5141,0.12870,-0.15210,-0.76830,0.79371,997.55,1000,2.45,50.32,202,2.2591,0.0774,LOCK,2,misalignment
514,7414323,5138,5151,0.04290,0.19110,-0.78780,0.81178,997.57,1000,2.43,50.32,202,2.2696,0.2365,LOCK,2,misalignment
515,7414333,5148,5161,0.02340,0.03510,-0.82290,0.82398,997.57,1000,2.43,50.32,202,2.2735,0.2954,LOCK,2,misalignment
516,7414343,5158,5171,0.05460,0.11310,-0.81510,0.82472,997.57,1000,2.43,50.32,202,2.2699,0.2407,LOCK,2,misalignment
517,7414353,5168,5181,-0.00780,0.07410,-0.82290,0.82627,997.57,1000,2.43,50.32,202,2.2929,0.5899,LOCK,2,misalignment
518,7414363,5178,5191,-0.02340,0.04680,-0.82680,0.82845,997.57,1000,2.43,50.32,202,2.2893,0.5350,LOCK,2,misalignment
519,7414373,5188,5201,-0.05460,-0.24570,-0.90870,0.94291,997.57,1000,2.43,50.32,202,2.2700,0.2429,LOCK,2,misalignment
520,7414383,5198,5211,0.01560,0.15600,-0.78390,0.79942,997.74,1000,2.26,50.32,202,2.2685,0.2191,LOCK,2,misalignment
521,7414393,5208,5221,0.05070,0.12090,-0.75270,0.76403,997.79,1000,2.21,50.32,202,2.2800,0.3943,LOCK,2,misalignment
522,7414403,5218,5231,-0.05070,0.08580,-0.81510,0.82117,997.81,1000,2.19,50.32,202,2.2902,0.5481,LOCK,2,misalignment
523,7414413,5228,5241,0.02730,-0.05070,-0.84240,0.84437,997.81,1000,2.19,50.32,202,2.2771,0.3503,LOCK,2,misalignment
524,7414423,5238,5251,0.06240,-0.02340,-0.77610,0.77896,997.81,1000,2.19,50.32,202,2.2832,0.4419,LOCK,2,misalignment
525,7414433,5248,5261,-0.02730,-0.19110,-0.79560,0.81868,997.81,1000,2.19,50.32,202,2.2847,0.4654,LOCK,2,misalignment
526,7414446,5261,5274,0.01950,0.08190,-0.72540,0.73027,997.80,1000,2.20,50.32,202,2.2821,0.4257,LOCK,2,misalignment
527,7414455,5270,5283,0.05460,0.03900,-0.82680,0.82952,997.78,1000,2.22,50.32,202,2.2893,0.5347,LOCK,2,misalignment
528,7414463,5278,5291,-0.02340,0.00390,-0.81120,0.81155,997.77,1000,2.23,50.32,202,2.2810,0.4095,LOCK,2,misalignment
529,7414473,5288,5301,-0.08190,0.07800,-0.84240,0.84996,997.70,1000,2.30,50.32,202,2.2549,0.0130,LOCK,2,misalignment
530,7414483,5298,5311,-0.11700,0.17550,-0.73320,0.76294,997.67,1000,2.33,50.32,202,2.2574,0.0512,LOCK,2,misalignment
531,7414493,5308,5321,0.03120,0.06240,-0.81510,0.81808,997.66,1000,2.34,50.32,202,2.2794,0.3854,LOCK,2,misalignment
532,7414503,5318,5331,-0.01950,-0.02340,-0.76440,0.76501,997.74,1000,2.26,50.32,202,2.2585,0.0680,LOCK,2,misalignment
533,7414552,5367,5380,0.00000,0.19110,-0.81510,0.83720,997.74,1000,2.26,50.32,202,2.2884,0.5213,LOCK,2,misalignment
534,7414561,5376,5389,0.00000,0.19110,-0.81510,0.83720,997.72,1000,2.28,50.32,202,2.2935,0.5988,LOCK,2,misalignment
535,7414569,5384,5397,0.07020,0.02730,-0.71370,0.71766,997.70,1000,2.30,50.32,202,2.2861,0.4865,LOCK,2,misalignment
536,7414578,5393,5406,-0.15600,0.16770,-0.77220,0.80545,997.68,1000,2.32,50.32,202,2.2843,0.4593,LOCK,2,misalignment
537,7414586,5401,5414,0.10920,-0.02730,-0.77610,0.78422,997.66,1000,2.34,50.32,202,2.2877,0.5106,LOCK,2,misalignment
538,7414595,5410,5423,0.01950,-0.06240,-0.78390,0.78662,997.65,1000,2.35,50.32,202,2.2780,0.3644,LOCK,2,misalignment
539,7414603,5418,5431,0.12870,0.08580,-0.78390,0.79901,997.64,1000,2.36,50.32,202,2.2835,0.4468,LOCK,2,misalignment
540,7414612,5427,5440,0.12870,0.08580,-0.78390,0.79901,997.63,1000,2.37,50.32,202,2.2969,0.6507,LOCK,2,misalignment
541,7414620,5435,5448,0.01170,0.18330,-0.76050,0.78237,997.61,1000,2.39,50.32,202,2.2712,0.2606,LOCK,2,misalignment
542,7414629,5444,5457,0.07800,0.00390,-0.79560,0.79942,997.60,1000,2.40,50.32,202,2.2706,0.2514,LOCK,2,misalignment
543,7414637,5452,5465,0.03510,0.12090,-0.88920,0.89807,997.58,1000,2.42,50.32,202,2.2739,0.3009,LOCK,2,misalignment
544,7414651,5466,5479,0.00780,-0.08970,-0.79560,0.80068,997.57,1000,2.43,50.32,202,2.2845,0.4617,LOCK,2,misalignment
545,7414659,5474,5487,-0.00390,0.07410,-0.78000,0.78352,997.56,1000,2.44,50.32,202,2.2886,0.5249,LOCK,2,misalignment
546,7414668,5483,5496,-0.08970,-0.00780,-0.76050,0.76581,997.55,1000,2.45,50.32,202,2.2887,0.5255,LOCK,2,misalignment
547,7414676,5491,5504,0.10920,0.15600,-0.74490,0.76885,997.54,1000,2.46,50.32,202,2.2741,0.3042,LOCK,2,misalignment
548,7414685,5500,5513,0.02340,0.00000,-0.81120,0.81154,997.55,1000,2.45,50.32,202,2.2695,0.2346,LOCK,2,misalignment
549,7414693,5508,5521,0.02340,0.00000,-0.81120,0.81154,997.55,1000,2.45,50.32,202,2.2804,0.4007,LOCK,2,misalignment
550,7414701,5516,5529,-0.03510,0.14820,-0.72930,0.74503,997.55,1000,2.45,50.32,202,2.2810,0.4086,LOCK,2,misalignment
551,7414710,5525,5538,0.03510,-0.06240,-0.84630,0.84932,997.56,1000,2.44,50.32,202,2.2884,0.5206,LOCK,2,misalignment
552,7414718,5533,5546,0.09360,0.10140,-0.81900,0.83054,997.56,1000,2.44,50.32,202,2.2834,0.4456,LOCK,2,misalignment
553,7414727,5542,5555,0.14820,-0.05460,-0.76440,0.78055,997.57,1000,2.43,50.32,202,2.2875,0.5081,LOCK,2,misalignment
554,7414735,5550,5563,-0.04290,0.23400,-0.76830,0.80429,997.57,1000,2.43,50.32,202,2.2845,0.4626,LOCK,2,misalignment
555,7414744,5559,5572,-0.04290,0.23400,-0.76830,0.80429,997.56,1000,2.44,50.32,202,2.2922,0.5780,LOCK,2,misalignment
556,7414752,5567,5580,0.13650,0.02340,-0.70590,0.71936,997.56,1000,2.44,50.32,202,2.2814,0.4144,LOCK,2,misalignment
557,7414761,5576,5589,0.04680,0.10140,-0.83460,0.84204,997.56,1000,2.44,50.32,202,2.2592,0.0786,LOCK,2,misalignment
558,7414769,5584,5597,0.07410,0.04290,-0.80730,0.81183,997.56,1000,2.44,50.32,202,2.2751,0.3195,LOCK,2,misalignment
559,7414778,5593,5606,-0.10530,0.03120,-0.82290,0.83020,997.55,1000,2.45,50.32,202,2.2734,0.2945,LOCK,2,misalignment
560,7414786,5601,5614,-0.10530,0.03120,-0.82290,0.83020,997.55,1000,2.45,50.32,202,2.2695,0.2355,LOCK,2,misalignment
561,7414810,5625,5638,0.01560,0.02730,-0.82290,0.82350,997.52,1000,2.48,50.32,202,2.2875,0.5072,LOCK,2,misalignment
562,7414818,5633,5646,0.05850,0.11700,-0.81120,0.82168,997.49,1000,2.51,50.32,202,2.2834,0.4453,LOCK,2,misalignment
563,7414827,5642,5655,0.05850,0.11700,-0.81120,0.82168,997.46,1000,2.54,50.32,202,2.2561,0.0313,LOCK,2,misalignment
564,7414835,5650,5663,0.00780,-0.06240,-0.84630,0.84863,997.43,1000,2.57,50.32,202,2.2655,0.1736,LOCK,2,misalignment
565,7414844,5659,5672,0.11700,0.02730,-0.84240,0.85092,997.41,1000,2.59,50.32,202,2.2709,0.2557,LOCK,2,misalignment
566,7414857,5672,5685,-0.06240,-0.16770,-0.79560,0.81547,997.39,1000,2.61,50.32,202,2.2951,0.6229,LOCK,2,misalignment
567,7414866,5681,5694,-0.03900,0.08970,-0.79560,0.80159,997.38,1000,2.62,50.32,202,2.2825,0.4321,LOCK,2,misalignment
568,7414874,5689,5702,0.09360,0.13650,-0.79170,0.80882,997.38,1000,2.62,50.32,202,2.2929,0.5893,LOCK,2,misalignment
569,7414883,5698,5711,-0.01170,-0.03900,-0.85410,0.85507,997.37,1000,2.63,50.32,202,2.2823,0.4288,LOCK,2,misalignment
570,7414891,5706,5719,-0.03900,0.02730,-0.85410,0.85543,997.36,1000,2.64,50.32,202,2.2910,0.5603,LOCK,2,misalignment
571,7414899,5714,5727,-0.03900,0.02730,-0.85410,0.85543,997.36,1000,2.64,50.32,202,2.2850,0.4697,LOCK,2,misalignment
572,7414908,5723,5736,0.05850,0.00000,-0.75660,0.75886,997.35,1000,2.65,50.32,202,2.2844,0.4611,LOCK,2,misalignment
573,7414916,5731,5744,0.03900,-0.05850,-0.84240,0.84533,997.35,1000,2.65,50.32,202,2.2884,0.5219,LOCK,2,misalignment
574,7414925,5740,5753,0.02340,0.06240,-0.77610,0.77896,997.34,1000,2.66,50.32,202,2.2708,0.2542,LOCK,2,misalignment
575,7414933,5748,5761,0.06240,0.07800,-0.81510,0.82120,997.33,1000,2.67,50.32,202,2.2413,-0.1924,LOCK,2,misalignment
576,7414943,5758,5771,0.03120,0.00390,-0.81120,0.81181,997.29,1000,2.71,50.32,202,2.2599,0.0887,LOCK,2,misalignment
577,7414953,5768,5781,-0.07800,0.00780,-0.76440,0.76841,997.26,1000,2.74,50.32,202,2.2812,0.4114,LOCK,2,misalignment
578,7414963,5778,5791,-0.14430,0.18330,-0.76830,0.80294,997.26,1000,2.74,50.32,202,2.2909,0.5597,LOCK,2,misalignment
579,7414973,5788,5801,-0.11700,0.08970,-0.78390,0.79764,997.25,1000,2.75,50.32,202,2.2848,0.4669,LOCK,2,misalignment
580,7414983,5798,5811,0.07410,-0.01170,-0.79950,0.80301,997.25,1000,2.75,50.32,202,2.2704,0.2481,LOCK,2,misalignment
581,7414993,5808,5821,-0.12480,0.12480,-0.81510,0.83399,997.25,1000,2.75,50.32,202,2.2556,0.0246,LOCK,2,misalignment
582,7415003,5818,5831,0.14430,0.07020,-0.76050,0.77725,997.25,1000,2.75,50.32,202,2.2782,0.3668,LOCK,2,misalignment
583,7415013,5828,5841,0.01170,0.10530,-0.78780,0.79489,997.25,1000,2.75,50.32,202,2.2868,0.4971,LOCK,2,misalignment
584,7415023,5838,5851,0.12090,0.07410,-0.78390,0.79662,997.25,1000,2.75,50.32,202,2.2871,0.5014,LOCK,2,misalignment
585,7415033,5848,5861,0.12090,0.07410,-0.78390,0.79662,997.25,1000,2.75,50.32,202,2.2912,0.5631,LOCK,2,misalignment
586,7415043,5858,5871,0.05070,0.34320,-0.77610,0.85011,997.20,1000,2.80,50.32,202,2.2876,0.5094,LOCK,2,misalignment
587,7415057,5872,5885,-0.11310,0.07410,-0.76440,0.77627,997.17,1000,2.83,50.32,202,2.2906,0.5548,LOCK,2,misalignment
588,7415065,5880,5893,-0.00390,-0.12090,-0.80340,0.81246,997.17,1000,2.83,50.32,202,2.2875,0.5081,LOCK,2,misalignment
589,7415073,5888,5901,-0.00390,-0.12090,-0.80340,0.81246,997.16,1000,2.84,50.32,202,2.2891,0.5322,LOCK,2,misalignment
590,7415083,5898,5911,-0.10530,0.12090,-0.80730,0.82307,997.15,1000,2.85,50.32,202,2.2898,0.5423,LOCK,2,misalignment
591,7415093,5908,5921,-0.08970,0.02340,-0.81120,0.81648,997.13,1000,2.87,50.32,202,2.2846,0.4636,LOCK,2,misalignment
592,7415103,5918,5931,0.03900,0.21060,-0.83070,0.85787,997.08,1000,2.92,50.32,202,2.2691,0.2282,LOCK,2,misalignment
593,7415113,5928,5941,0.00780,0.04680,-0.69030,0.69193,996.99,1000,3.01,50.32,202,2.2641,0.1534,LOCK,2,misalignment
594,7415123,5938,5951,-0.13260,0.00780,-0.75270,0.76433,996.98,1000,3.02,50.32,202,2.2691,0.2291,LOCK,2,misalignment
595,7415166,5981,5994,0.04290,0.01170,-0.82680,0.82799,996.97,1000,3.03,50.32,202,2.2919,0.5744,LOCK,2,misalignment
596,7415175,5990,6003,0.04290,0.01170,-0.82680,0.82799,996.97,1000,3.03,50.32,202,2.2856,0.4788,LOCK,2,misalignment
597,7415184,5999,6012,-0.15210,0.05070,-0.76050,0.77722,996.96,1000,3.04,50.32,202,2.2868,0.4971,LOCK,2,misalignment
598,7415192,6007,6020,0.08970,-0.15600,-0.82680,0.84616,996.96,1000,3.04,50.32,202,2.2873,0.5039,LOCK,2,misalignment
599,7415200,6015,6028,0.03120,0.08580,-0.78000,0.78532,996.96,1000,3.04,50.32,202,2.2958,0.6330,LOCK,2,misalignment
600,7415209,6024,6037,0.15600,-0.01950,-0.83070,0.84545,996.95,1000,3.05,50.32,202,2.2793,0.3827,LOCK,2,misalignment
601,7415217,6032,6045,0.15600,-0.01950,-0.83070,0.84545,996.95,1000,3.05,50.32,202,2.2818,0.4214,LOCK,2,misalignment
602,7415226,6041,6054,-0.00780,0.16770,-0.73710,0.75598,996.94,1000,3.06,50.32,202,2.2878,0.5127,LOCK,2,misalignment
603,7415234,6049,6062,0.03510,0.01560,-0.71370,0.71473,996.94,1000,3.06,50.32,202,2.2568,0.0417,LOCK,2,misalignment
604,7415243,6058,6071,0.07800,0.03900,-0.82680,0.83139,996.93,1000,3.07,50.32,202,2.2732,0.2914,LOCK,2,misalignment
605,7415251,6066,6079,0.00780,0.06240,-0.85800,0.86030,996.92,1000,3.08,50.32,202,2.2666,0.1904,LOCK,2,misalignment
606,7415265,6080,6093,-0.08190,-0.07020,-0.80730,0.81447,996.92,1000,3.08,50.32,202,2.2888,0.5277,LOCK,2,misalignment
607,7415273,6088,6101,-0.08580,-0.24570,-0.86190,0.90033,996.91,1000,3.09,50.32,202,2.2784,0.3695,LOCK,2,misalignment
608,7415282,6097,6110,0.03120,0.11310,-0.78000,0.78877,996.91,1000,3.09,50.32,202,2.2887,0.5261,LOCK,2,misalignment
609,7415290,6105,6118,-0.01950,0.12480,-0.74100,0.75169,996.90,1000,3.10,50.32,202,2.2540,-0.0001,LOCK,2,misalignment
610,7415299,6114,6127,-0.01950,0.12480,-0.74100,0.75169,996.90,1000,3.10,50.32,202,2.2770,0.3482,LOCK,2,misalignment
611,7415307,6122,6135,-0.00780,0.07410,-0.76830,0.77190,996.89,1000,3.11,50.32,202,2.2759,0.3311,LOCK,2,misalignment
612,7415316,6131,6144,0.04680,-0.07410,-0.83070,0.83531,996.89,1000,3.11,50.32,202,2.2769,0.3470,LOCK,2,misalignment
613,7415324,6139,6152,0.05070,0.07410,-0.86970,0.87432,996.88,1000,3.12,50.32,202,2.2903,0.5506,LOCK,2,misalignment
614,7415333,6148,6161,-0.02730,-0.18330,-0.82680,0.84731,996.88,1000,3.12,50.32,202,2.2927,0.5869,LOCK,2,misalignment
615,7415341,6156,6169,0.02730,0.08580,-0.72540,0.73097,996.87,1000,3.13,50.32,202,2.2942,0.6089,LOCK,2,misalignment
616,7415350,6165,6178,0.02730,0.08580,-0.72540,0.73097,996.86,1000,3.14,50.32,202,2.2842,0.4572,LOCK,2,misalignment
617,7415358,6173,6186,0.04680,-0.03900,-0.74880,0.75127,996.86,1000,3.14,50.32,202,2.2898,0.5429,LOCK,2,misalignment
618,7415367,6182,6195,0.00780,0.07410,-0.77220,0.77579,996.85,1000,3.15,50.32,202,2.2888,0.5267,LOCK,2,misalignment
619,7415375,6190,6203,-0.13260,0.14430,-0.80730,0.83075,996.85,1000,3.15,50.32,202,2.2579,0.0597,LOCK,2,misalignment
620,7415383,6198,6211,-0.02730,0.14040,-0.77220,0.78533,996.84,1000,3.16,50.32,202,2.2770,0.3488,LOCK,2,misalignment
621,7415393,6208,6221,-0.02340,0.03900,-0.87360,0.87478,996.82,1000,3.18,50.32,202,2.2660,0.1821,LOCK,2,misalignment
622,7415403,6218,6231,-0.08970,-0.04290,-0.80340,0.80953,996.80,1000,3.20,50.32,202,2.2622,0.1244,LOCK,2,misalignment
623,7415423,6238,6251,0.05850,0.11700,-0.74880,0.76014,996.78,1000,3.22,50.32,202,2.2909,0.5591,LOCK,2,misalignment
624,7415431,6246,6259,0.06240,0.06240,-0.81120,0.81599,996.76,1000,3.24,50.32,202,2.2860,0.4852,LOCK,2,misalignment
625,7415440,6255,6268,-0.10920,0.10140,-0.79170,0.80560,996.75,1000,3.25,50.32,202,2.2553,0.0191,LOCK,2,misalignment
626,7415448,6263,6276,-0.07020,0.14430,-0.79170,0.80780,996.73,1000,3.27,50.32,202,2.2754,0.3244,LOCK,2,misalignment
627,7415457,6272,6285,0.04680,0.12870,-0.89700,0.90739,996.72,1000,3.28,50.32,202,2.2641,0.1528,LOCK,2,misalignment
628,7415470,6285,6298,0.03510,0.08580,-0.73710,0.74291,996.71,1000,3.29,50.32,202,2.2828,0.4364,LOCK,2,misalignment
629,7415479,6294,6307,-0.20670,0.07020,-0.79560,0.82500,996.70,1000,3.30,50.32,202,2.2772,0.3512,LOCK,2,misalignment
630,7415487,6302,6315,0.11310,-0.12480,-0.75270,0.77131,996.69,1000,3.31,50.32,202,2.2846,0.4639,LOCK,2,misalignment
631,7415496,6311,6324,-0.01170,0.12480,-0.84240,0.85167,996.68,1000,3.32,50.32,202,2.2832,0.4425,LOCK,2,misalignment
632,7415504,6319,6332,-0.01170,0.12480,-0.84240,0.85167,996.67,1000,3.33,50.32,202,2.2879,0.5130,LOCK,2,misalignment
633,7415513,6328,6341,0.13650,0.07800,-0.76830,0.78422,996.66,1000,3.34,50.32,202,2.2831,0.4416,LOCK,2,misalignment
634,7415523,6338,6351,0.00390,0.18330,-0.72150,0.74443,996.62,1000,3.38,50.32,202,2.2897,0.5414,LOCK,2,misalignment
635,7415533,6348,6361,-0.05460,0.00390,-0.78780,0.78970,996.74,1000,3.26,50.32,202,2.2875,0.5075,LOCK,2,misalignment
636,7415543,6358,6371,0.01560,0.09750,-0.69810,0.70505,996.78,1000,3.22,50.32,202,2.2779,0.3622,LOCK,2,misalignment
637,7415553,6368,6381,0.00000,-0.21450,-0.86190,0.88819,996.79,1000,3.21,50.32,202,2.2609,0.1049,LOCK,2,misalignment
638,7415563,6378,6391,-0.06630,0.10140,-0.82680,0.83563,996.79,1000,3.21,50.32,202,2.2672,0.1995,LOCK,2,misalignment
639,7415573,6388,6401,-0.01170,0.12480,-0.81900,0.82854,996.80,1000,3.20,50.32,202,2.2767,0.3439,LOCK,2,misalignment
640,7415583,6398,6411,0.07020,0.14040,-0.83070,0.84540,996.80,1000,3.20,50.32,202,2.2883,0.5203,LOCK,2,misalignment
641,7415593,6408,6421,0.03900,-0.03120,-0.74880,0.75046,996.61,1000,3.39,50.32,202,2.2603,0.0957,LOCK,2,misalignment
642,7415603,6418,6431,-0.09360,0.10140,-0.77220,0.78443,996.55,1000,3.45,50.32,202,2.2652,0.1696,LOCK,2,misalignment
643,7415613,6428,6441,0.09360,-0.04290,-0.83460,0.84093,996.54,1000,3.46,50.32,202,2.2749,0.3173,LOCK,2,misalignment
644,7415623,6438,6451,0.01170,-0.00390,-0.75660,0.75670,996.54,1000,3.46,50.32,202,2.2835,0.4474,LOCK,2,misalignment
645,7415633,6448,6461,0.03120,0.00780,-0.81900,0.81963,996.53,1000,3.47,50.32,202,2.2870,0.5002,LOCK,2,misalignment
646,7415643,6458,6471,0.02730,0.13650,-0.74100,0.75396,996.53,1000,3.47,50.32,202,2.2826,0.4336,LOCK,2,misalignment
647,7415653,6468,6481,0.04680,0.00390,-0.79170,0.79309,996.49,1000,3.51,50.32,202,2.2813,0.4135,LOCK,2,misalignment
648,7415663,6478,6491,-0.14430,0.10530,-0.83850,0.85732,996.48,1000,3.52,50.32,202,2.2837,0.4507,LOCK,2,misalignment
649,7415676,6491,6504,0.10920,-0.00780,-0.85410,0.86109,996.48,1000,3.52,50.32,202,2.2908,0.5582,LOCK,2,misalignment
650,7415685,6500,6513,-0.10530,-0.04680,-0.78000,0.78847,996.48,1000,3.52,50.32,202,2.2836,0.4483,LOCK,2,misalignment
651,7415693,6508,6521,0.08580,-0.21060,-0.79950,0.83121,996.47,1000,3.53,50.32,202,2.2966,0.6452,LOCK,2,misalignment
652,7415703,6518,6531,0.02730,0.17940,-0.76830,0.78944,996.47,1000,3.53,50.32,202,2.2677,0.2068,LOCK,2,misalignment
653,7415713,6528,6541,0.02340,0.01560,-0.81900,0.81948,996.42,1000,3.58,50.32,202,2.2700,0.2429,LOCK,2,misalignment
654,7415723,6538,6551,0.07020,0.09360,-0.71760,0.72708,996.40,1000,3.60,50.32,202,2.2654,0.1727,LOCK,2,misalignment
655,7415733,6548,6561,-0.07020,-0.01950,-0.82290,0.82612,996.40,1000,3.60,50.32,202,2.2636,0.1455,LOCK,2,misalignment
656,7415782,6597,6610,0.04680,0.03120,-0.68640,0.68870,996.41,1000,3.59,50.32,202,2.2884,0.5206,LOCK,2,misalignment
657,7415790,6605,6618,-0.07020,0.15210,-0.81510,0.83214,996.41,1000,3.59,50.32,202,2.2907,0.5567,LOCK,2,misalignment
658,7415799,6614,6627,0.03900,0.00780,-0.78780,0.78880,996.42,1000,3.58,50.32,202,2.2804,0.3998,LOCK,2,misalignment
659,7415807,6622,6635,0.06630,0.13260,-0.82290,0.83615,996.42,1000,3.58,50.32,202,2.2893,0.5356,LOCK,2,misalignment
660,7415816,6631,6644,-0.03900,-0.16380,-0.85800,0.87437,996.43,1000,3.57,50.32,202,2.2880,0.5152,LOCK,2,misalignment
661,7415824,6639,6652,0.02340,0.10530,-0.69420,0.70253,996.43,1000,3.57,50.32,202,2.2827,0.4346,LOCK,2,misalignment
662,7415833,6648,6661,0.02340,0.10530,-0.69420,0.70253,996.44,1000,3.56,50.32,202,2.2850,0.4691,LOCK,2,misalignment
663,7415841,6656,6669,-0.03510,-0.02340,-0.82680,0.82788,996.44,1000,3.56,50.32,202,2.2882,0.5188,LOCK,2,misalignment
664,7415850,6665,6678,0.07410,-0.03510,-0.76440,0.76878,996.44,1000,3.56,50.32,202,2.2614,0.1125,LOCK,2,misalignment
665,7415858,6673,6686,-0.12090,0.11700,-0.81120,0.82846,996.44,1000,3.56,50.32,202,2.2615,0.1131,LOCK,2,misalignment
666,7415866,6681,6694,-0.16380,0.15600,-0.80730,0.83839,996.44,1000,3.56,50.32,202,2.2758,0.3305,LOCK,2,misalignment
667,7415890,6705,6718,-0.10530,0.04680,-0.74490,0.75376,996.44,1000,3.56,50.32,202,2.2817,0.4196,LOCK,2,misalignment
668,7415898,6713,6726,-0.07410,0.11310,-0.79950,0.81085,996.44,1000,3.56,50.32,202,2.2665,0.1891,LOCK,2,misalignment
669,7415907,6722,6735,0.06240,-0.15600,-0.82290,0.83988,996.43,1000,3.57,50.32,202,2.2625,0.1290,LOCK,2,misalignment
670,7415915,6730,6743,-0.01560,0.15210,-0.86970,0.88304,996.43,1000,3.57,50.32,202,2.2688,0.2242,LOCK,2,misalignment
671,7415931,6746,6759,-0.04680,0.14430,-0.77220,0.78696,996.42,1000,3.58,50.32,202,2.2812,0.4123,LOCK,2,misalignment
672,7415940,6755,6768,0.07410,0.09360,-0.81900,0.82765,996.42,1000,3.58,50.32,202,2.2846,0.4642,LOCK,2,misalignment
673,7415948,6763,6776,-0.06240,0.07410,-0.75270,0.75891,996.41,1000,3.59,50.32,202,2.2881,0.5173,LOCK,2,misalignment
674,7415957,6772,6785,-0.18330,0.08970,-0.83850,0.86298,996.40,1000,3.60,50.32,202,2.2810,0.4092,LOCK,2,misalignment
675,7415965,6780,6793,-0.18330,0.08970,-0.83850,0.86298,996.39,1000,3.61,50.32,202,2.2851,0.4712,LOCK,2,misalignment
676,7415974,6789,6802,0.02340,-0.05460,-0.85800,0.86005,996.38,1000,3.62,50.32,202,2.2791,0.3799,LOCK,2,misalignment
677,7415982,6797,6810,-0.11700,-0.08190,-0.67860,0.69347,996.37,1000,3.63,50.32,202,2.2886,0.5237,LOCK,2,misalignment
678,7415991,6806,6819,0.10140,0.15210,-0.72930,0.75186,996.36,1000,3.64,50.32,202,2.2705,0.2502,LOCK,2,misalignment
679,7415999,6814,6827,0.07800,0.07410,-0.76440,0.77193,996.36,1000,3.64,50.32,202,2.2712,0.2600,LOCK,2,misalignment
680,7416008,6823,6836,0.03900,-0.03120,-0.81900,0.82052,996.36,1000,3.64,50.32,202,2.2707,0.2526,LOCK,2,misalignment
681,7416016,6831,6844,0.03900,-0.03120,-0.81900,0.82052,996.36,1000,3.64,50.32,202,2.2684,0.2181,LOCK,2,misalignment
682,7416037,6852,6865,-0.01560,-0.04290,-0.82290,0.82417,996.36,1000,3.64,50.32,202,2.2915,0.5683,LOCK,2,misalignment
683,7416046,6861,6874,-0.05460,0.08190,-0.78000,0.78619,996.36,1000,3.64,50.32,202,2.2884,0.5213,LOCK,2,misalignment
684,7416054,6869,6882,0.02340,0.03900,-0.76440,0.76575,996.37,1000,3.63,50.32,202,2.2509,-0.0471,LOCK,2,misalignment
685,7416063,6878,6891,0.05850,0.18330,-0.73710,0.76180,996.37,1000,3.63,50.32,202,2.2734,0.2935,LOCK,2,misalignment
686,7416071,6886,6899,0.05460,0.02340,-0.78780,0.79004,996.36,1000,3.64,50.32,202,2.2705,0.2505,LOCK,2,misalignment
687,7416080,6895,6908,-0.08970,0.11700,-0.78780,0.80148,996.36,1000,3.64,50.32,202,2.2784,0.3692,LOCK,2,misalignment
688,7416094,6909,6922,0.03900,-0.07410,-0.78390,0.78836,996.35,1000,3.65,50.32,202,2.2879,0.5139,LOCK,2,misalignment
689,7416102,6917,6930,0.10140,-0.07020,-0.77610,0.78584,996.35,1000,3.65,50.32,202,2.2820,0.4245,LOCK,2,misalignment
690,7416111,6926,6939,0.21060,-0.11310,-0.82680,0.86066,996.35,1000,3.65,50.32,202,2.2892,0.5332,LOCK,2,misalignment
691,7416119,6934,6947,0.21060,-0.11310,-0.82680,0.86066,996.35,1000,3.65,50.32,202,2.2924,0.5820,LOCK,2,misalignment
692,7416128,6943,6956,0.01170,0.21840,-0.79950,0.82888,996.34,1000,3.66,50.32,202,2.2860,0.4849,LOCK,2,misalignment
693,7416136,6951,6964,0.05850,0.10140,-0.80730,0.81574,996.33,1000,3.67,50.32,202,2.2835,0.4471,LOCK,2,misalignment
694,7416145,6960,6973,0.03900,0.20670,-0.81120,0.83803,996.33,1000,3.67,50.32,202,2.2827,0.4346,LOCK,2,misalignment
695,7416153,6968,6981,0.05070,-0.06240,-0.79170,0.79577,996.32,1000,3.68,50.32,202,2.2904,0.5518,LOCK,2,misalignment
696,7416162,6977,6990,-0.12090,0.02730,-0.79170,0.80134,996.31,1000,3.69,50.32,202,2.2649,0.1644,LOCK,2,misalignment
697,7416170,6985,6998,-0.12090,0.02730,-0.79170,0.80134,996.31,1000,3.69,50.32,202,2.2659,0.1806,LOCK,2,misalignment
698,7416179,6994,7007,0.07020,-0.06630,-0.81510,0.82080,996.31,1000,3.69,50.32,202,2.2735,0.2951,LOCK,2,misalignment
699,7416187,7002,7015,0.01560,0.12870,-0.78780,0.79840,996.30,1000,3.70,50.32,202,2.2831,0.4410,LOCK,2,misalignment
700,7416196,7011,7024,-0.03120,0.02730,-0.78390,0.78500,996.29,1000,3.71,50.32,202,2.3004,0.7026,LOCK,2,misalignment
701,7416204,7019,7032,0.07800,0.05460,-0.77610,0.78192,996.28,1000,3.72,50.32,202,2.2948,0.6189,LOCK,2,misalignment
702,7416213,7028,7041,0.03510,0.02730,-0.84630,0.84747,996.28,1000,3.72,50.32,202,2.2695,0.2346,LOCK,2,misalignment
703,7416221,7036,7049,0.03510,0.02730,-0.84630,0.84747,996.27,1000,3.73,50.32,202,2.2656,0.1754,LOCK,2,misalignment
704,7416230,7045,7058,0.06240,0.10140,-0.81120,0.81989,996.27,1000,3.73,50.32,202,2.2666,0.1907,LOCK,2,misalignment
705,7416238,7053,7066,-0.13260,-0.17160,-0.80340,0.83215,996.26,1000,3.74,50.32,202,2.2920,0.5762,LOCK,2,misalignment
706,7416247,7062,7075,-0.02730,0.09750,-0.78000,0.78654,996.26,1000,3.74,50.32,202,2.2878,0.5115,LOCK,2,misalignment
707,7416255,7070,7083,0.03510,0.12480,-0.76440,0.77532,996.25,1000,3.75,50.32,202,2.2799,0.3931,LOCK,2,misalignment
708,7416264,7079,7092,0.03510,0.12480,-0.76440,0.77532,996.25,1000,3.75,50.32,202,2.2907,0.5558,LOCK,2,misalignment
709,7416273,7088,7101,0.00000,-0.03120,-0.85020,0.85077,996.23,1000,3.77,50.32,202,2.2870,0.4993,LOCK,2,misalignment
710,7416283,7098,7111,0.04680,0.02730,-0.81120,0.81301,996.22,1000,3.78,50.32,202,2.2918,0.5728,LOCK,2,misalignment
711,7416296,7111,7124,0.00000,-0.07800,-0.86580,0.86931,996.22,1000,3.78,50.32,202,2.2867,0.4953,LOCK,2,misalignment
712,7416305,7120,7133,0.00000,-0.07800,-0.86580,0.86931,996.22,1000,3.78,50.32,202,2.2938,0.6028,LOCK,2,misalignment
713,7416313,7128,7141,0.00000,0.08970,-0.75270,0.75803,996.22,1000,3.78,50.32,202,2.2871,0.5014,LOCK,2,misalignment
714,7416323,7138,7151,-0.03120,0.08970,-0.85020,0.85549,996.22,1000,3.78,50.32,202,2.2527,-0.0200,LOCK,2,misalignment
715,7416333,7148,7161,0.03120,0.08190,-0.84240,0.84695,996.22,1000,3.78,50.32,202,2.2775,0.3561,LOCK,2,misalignment
716,7416343,7158,7171,-0.14430,-0.06630,-0.78000,0.79600,996.22,1000,3.78,50.32,202,2.2615,0.1141,LOCK,2,misalignment
717,7416353,7168,7181,-0.21450,0.17160,-0.76440,0.81226,996.22,1000,3.78,50.32,202,2.2708,0.2551,LOCK,2,misalignment
718,7416396,7211,7224,0.03900,-0.08190,-0.74100,0.74653,996.21,1000,3.79,50.32,202,2.2811,0.4108,LOCK,2,misalignment
719,7416404,7219,7232,-0.01170,0.12480,-0.78390,0.79386,996.20,1000,3.80,50.32,202,2.2813,0.4132,LOCK,2,misalignment
720,7416413,7228,7241,0.13260,0.14040,-0.74880,0.77330,996.19,1000,3.81,50.32,202,2.2853,0.4749,LOCK,2,misalignment
721,7416421,7236,7249,0.05460,0.22230,-0.79560,0.82788,996.18,1000,3.82,50.32,202,2.2858,0.4816,LOCK,2,misalignment
722,7416430,7245,7258,0.01560,-0.00780,-0.81510,0.81529,996.17,1000,3.83,50.32,202,2.2910,0.5606,LOCK,2,misalignment
723,7416438,7253,7266,0.01560,-0.00780,-0.81510,0.81529,996.16,1000,3.84,50.32,202,2.2859,0.4831,LOCK,2,misalignment
724,7416501,7316,7329,-0.08580,0.06240,-0.85800,0.86453,996.16,1000,3.84,50.32,202,2.2866,0.4941,LOCK,2,misalignment
725,7416510,7325,7338,-0.08580,0.06240,-0.85800,0.86453,996.15,1000,3.85,50.32,202,2.2924,0.5811,LOCK,2,misalignment
726,7416518,7333,7346,0.02730,-0.07800,-0.78000,0.78437,996.14,1000,3.86,50.32,202,2.2718,0.2691,LOCK,2,misalignment
727,7416527,7342,7355,0.00000,0.15600,-0.83460,0.84905,996.14,1000,3.86,50.32,202,2.2697,0.2380,LOCK,2,misalignment
728,7416535,7350,7363,-0.02340,-0.08580,-0.76440,0.76956,996.13,1000,3.87,50.32,202,2.2734,0.2945,LOCK,2,misalignment
729,7416543,7358,7371,0.07020,0.16770,-0.70590,0.72893,996.13,1000,3.87,50.32,202,2.2908,0.5576,LOCK,2,misalignment
730,7416553,7368,7381,-0.00780,-0.00780,-0.79560,0.79568,996.13,1000,3.87,50.32,202,2.2820,0.4242,LOCK,2,misalignment
731,7416562,7377,7390,-0.12090,0.09750,-0.76050,0.77620,996.12,1000,3.88,50.32,202,2.2863,0.4901,LOCK,2,misalignment
732,7416570,7385,7398,-0.12090,0.09750,-0.76050,0.77620,996.12,1000,3.88,50.32,202,2.2902,0.5487,LOCK,2,misalignment
733,7416579,7394,7407,0.00390,-0.15990,-0.76440,0.78095,996.12,1000,3.88,50.32,202,2.2817,0.4196,LOCK,2,misalignment
734,7416587,7402,7415,0.04290,-0.01170,-0.72540,0.72676,996.12,1000,3.88,50.32,202,2.2822,0.4275,LOCK,2,misalignment
735,7416596,7411,7424,0.20670,-0.10530,-0.76050,0.79509,996.12,1000,3.88,50.32,202,2.2849,0.4678,LOCK,2,misalignment
736,7416604,7419,7432,0.00000,0.24180,-0.78390,0.82035,996.12,1000,3.88,50.32,202,2.2688,0.2236,LOCK,2,misalignment
737,7416612,7427,7440,0.00000,0.24180,-0.78390,0.82035,996.13,1000,3.87,50.32,202,2.2746,0.3128,LOCK,2,misalignment
738,7416621,7436,7449,0.08580,0.06240,-0.68250,0.69070,996.14,1000,3.86,50.32,202,2.2707,0.2526,LOCK,2,misalignment
739,7416629,7444,7457,0.08580,0.03510,-0.81510,0.82035,996.15,1000,3.85,50.32,202,2.2650,0.1659,LOCK,2,misalignment
740,7416654,7469,7482,0.00780,-0.04290,-0.82680,0.82795,996.15,1000,3.85,50.32,202,2.2854,0.4758,LOCK,2,misalignment
741,7416663,7478,7491,0.00780,-0.04290,-0.82680,0.82795,996.16,1000,3.84,50.32,202,2.2852,0.4730,LOCK,2,misalignment
742,7416671,7486,7499,-0.05070,0.10920,-0.74100,0.75072,996.16,1000,3.84,50.32,202,2.2644,0.1574,LOCK,2,misalignment
743,7416680,7495,7508,-0.04290,0.14040,-0.82680,0.83973,996.16,1000,3.84,50.32,202,2.2633,0.1412,LOCK,2,misalignment
744,7416688,7503,7516,-0.02340,0.12480,-0.79560,0.80567,996.17,1000,3.83,50.32,202,2.2620,0.1214,LOCK,2,misalignment
745,7416702,7517,7530,0.03900,-0.06240,-0.81120,0.81453,996.17,1000,3.83,50.32,202,2.2860,0.4852,LOCK,2,misalignment
746,7416710,7525,7538,0.08580,0.09360,-0.81510,0.82493,996.17,1000,3.83,50.32,202,2.2814,0.4147,LOCK,2,misalignment
747,7416719,7534,7547,-0.03900,-0.17550,-0.86190,0.88045,996.17,1000,3.83,50.32,202,2.2876,0.5084,LOCK,2,misalignment
748,7416727,7542,7555,0.05850,0.06240,-0.74880,0.75367,996.17,1000,3.83,50.32,202,2.2887,0.5255,LOCK,2,misalignment
749,7416736,7551,7564,0.01950,0.08970,-0.83070,0.83576,996.17,1000,3.83,50.32,202,2.2922,0.5793,LOCK,2,misalignment
750,7416744,7559,7572,0.01950,0.08970,-0.83070,0.83576,996.17,1000,3.83,50.32,202,2.2923,0.5808,LOCK,2,misalignment
751,7416753,7568,7581,0.03900,0.10140,-0.80730,0.81458,996.17,1000,3.83,50.32,202,2.2890,0.5301,LOCK,2,misalignment
752,7416761,7576,7589,-0.05460,0.01560,-0.80730,0.80929,996.17,1000,3.83,50.32,202,2.2859,0.4834,LOCK,2,misalignment
753,7416770,7585,7598,0.08190,0.00000,-0.79170,0.79592,996.17,1000,3.83,50.32,202,2.2589,0.0738,LOCK,2,misalignment
754,7416778,7593,7606,0.12480,-0.03510,-0.86970,0.87931,996.16,1000,3.84,50.32,202,2.2776,0.3583,LOCK,2,misalignment
755,7416787,7602,7615,0.12480,-0.03510,-0.86970,0.87931,996.16,1000,3.84,50.32,202,2.2788,0.3763,LOCK,2,misalignment
756,7416795,7610,7623,-0.08190,0.02730,-0.81120,0.81578,996.17,1000,3.83,50.32,202,2.2813,0.4135,LOCK,2,misalignment
757,7416805,7620,7633,0.06630,0.04680,-0.72930,0.73380,996.18,1000,3.82,50.32,202,2.2896,0.5399,LOCK,2,misalignment
758,7416813,7628,7641,0.04290,0.03900,-0.81510,0.81716,996.18,1000,3.82,50.32,202,2.2940,0.6055,LOCK,2,misalignment
759,7416822,7637,7650,-0.11310,0.09750,-0.78000,0.79416,996.18,1000,3.82,50.32,202,2.2679,0.2102,LOCK,2,misalignment
760,7416830,7645,7658,-0.07410,0.10140,-0.78780,0.79775,996.19,1000,3.81,50.32,202,2.2677,0.2075,LOCK,2,misalignment
761,7416839,7654,7667,0.00780,0.10530,-0.83850,0.84512,996.19,1000,3.81,50.32,202,2.2701,0.2444,LOCK,2,misalignment
762,7416847,7662,7675,0.00780,0.10530,-0.83850,0.84512,996.20,1000,3.80,50.32,202,2.2694,0.2331,LOCK,2,misalignment
763,7416858,7673,7686,0.06240,0.05460,-0.69420,0.69913,996.21,1000,3.79,50.32,202,2.2912,0.5640,LOCK,2,misalignment
764,7416866,7681,7694,-0.13260,0.13650,-0.79950,0.82184,996.22,1000,3.78,50.32,202,2.2907,0.5564,LOCK,2,misalignment
765,7416875,7690,7703,0.11310,-0.07410,-0.79170,0.80316,996.23,1000,3.77,50.32,202,2.2904,0.5515,LOCK,2,misalignment
766,7416883,7698,7711,0.03900,0.16770,-0.83070,0.84836,996.24,1000,3.76,50.32,202,2.2837,0.4504,LOCK,2,misalignment
767,7416892,7707,7720,0.12870,0.17160,-0.73710,0.76768,996.25,1000,3.75,50.32,202,2.2855,0.4776,LOCK,2,misalignment
768,7416905,7720,7733,-0.01170,0.31590,-0.70980,0.77701,996.26,1000,3.74,50.32,202,2.2928,0.5878,LOCK,2,misalignment
769,7416914,7729,7742,0.02340,0.03510,-0.79950,0.80061,996.27,1000,3.73,50.32,202,2.2880,0.5158,LOCK,2,misalignment
770,7416922,7737,7750,-0.08580,0.03120,-0.79950,0.80470,996.28,1000,3.72,50.32,202,2.2925,0.5835,LOCK,2,misalignment
771,7416931,7746,7759,0.01950,-0.07800,-0.75270,0.75698,996.29,1000,3.71,50.32,202,2.2726,0.2816,LOCK,2,misalignment
772,7416939,7754,7767,0.01950,-0.07800,-0.75270,0.75698,996.30,1000,3.70,50.32,202,2.2660,0.1818,LOCK,2,misalignment
773,7416948,7763,7776,-0.07410,0.20280,-0.79950,0.82814,996.31,1000,3.69,50.32,202,2.2766,0.3430,LOCK,2,misalignment
774,7416956,7771,7784,0.03120,0.01170,-0.79170,0.79240,996.31,1000,3.69,50.32,202,2.2729,0.2859,LOCK,2,misalignment
775,7417010,7825,7838,0.06630,-0.09360,-0.76050,0.76910,996.32,1000,3.68,50.32,202,2.2930,0.5912,LOCK,2,misalignment
776,7417018,7833,7846,-0.05850,0.07020,-0.81510,0.82021,996.33,1000,3.67,50.32,202,2.2920,0.5765,LOCK,2,misalignment
777,7417027,7842,7855,-0.03510,0.19890,-0.78000,0.80573,996.33,1000,3.67,50.32,202,2.2947,0.6168,LOCK,2,misalignment
778,7417035,7850,7863,0.07410,0.07410,-0.80340,0.81021,996.34,1000,3.66,50.32,202,2.2843,0.4587,LOCK,2,misalignment
779,7417044,7859,7872,-0.10920,0.05850,-0.78000,0.78978,996.35,1000,3.65,50.32,202,2.2853,0.4749,LOCK,2,misalignment
780,7417052,7867,7880,-0.10920,0.05850,-0.78000,0.78978,996.35,1000,3.65,50.32,202,2.2859,0.4834,LOCK,2,misalignment
781,7417061,7876,7889,0.06240,-0.23010,-0.81510,0.84925,996.36,1000,3.64,50.32,202,2.2928,0.5884,LOCK,2,misalignment
782,7417069,7884,7897,-0.00780,-0.03900,-0.74880,0.74986,996.37,1000,3.63,50.32,202,2.2850,0.4694,LOCK,2,misalignment
783,7417078,7893,7906,0.12870,-0.08970,-0.78000,0.79562,996.37,1000,3.63,50.32,202,2.2578,0.0576,LOCK,2,misalignment
784,7417086,7901,7914,-0.08190,0.19110,-0.79170,0.81854,996.37,1000,3.63,50.32,202,2.2672,0.2004,LOCK,2,misalignment
785,7417095,7910,7923,-0.08190,0.19110,-0.79170,0.81854,996.40,1000,3.60,50.32,202,2.2838,0.4517,LOCK,2,misalignment
786,7417108,7923,7936,0.08970,0.14040,-0.78780,0.80522,996.43,1000,3.57,50.32,202,2.2827,0.4349,LOCK,2,misalignment
787,7417117,7932,7945,-0.01560,0.03900,-0.81510,0.81618,996.45,1000,3.55,50.32,202,2.2886,0.5243,LOCK,2,misalignment
788,7417125,7940,7953,-0.01560,0.03900,-0.81510,0.81618,996.47,1000,3.53,50.32,202,2.2655,0.1745,LOCK,2,misalignment
789,7417133,7948,7961,0.05070,-0.02340,-0.79170,0.79367,996.49,1000,3.51,50.32,202,2.2713,0.2624,LOCK,2,misalignment
790,7417142,7957,7970,-0.08190,-0.17550,-0.84630,0.86818,996.51,1000,3.49,50.32,202,2.2739,0.3009,LOCK,2,misalignment
791,7417150,7965,7978,0.01560,0.07020,-0.79170,0.79496,996.52,1000,3.48,50.32,202,2.2752,0.3216,LOCK,2,misalignment
792,7417164,7979,7992,-0.02730,0.06240,-0.72930,0.73247,996.52,1000,3.48,50.32,202,2.2989,0.6803,LOCK,2,misalignment
793,7417172,7987,8000,-0.05070,0.11310,-0.79170,0.80134,996.53,1000,3.47,50.32,202,2.2786,0.3732,LOCK,2,misalignment
794,7417181,7996,8009,0.05070,-0.02730,-0.77220,0.77434,996.53,1000,3.47,50.32,202,2.2891,0.5319,LOCK,2,misalignment
795,7417189,8004,8017,0.07020,-0.00390,-0.83850,0.84144,996.54,1000,3.46,50.32,202,2.2899,0.5445,LOCK,2,misalignment
796,7417198,8013,8026,-0.04680,-0.19500,-0.82680,0.85077,996.54,1000,3.46,50.32,202,2.2841,0.4556,LOCK,2,misalignment
797,7417206,8021,8034,-0.04680,-0.19500,-0.82680,0.85077,996.55,1000,3.45,50.32,202,2.2935,0.5988,LOCK,2,misalignment
798,7417215,8030,8043,-0.02340,0.02730,-0.69420,0.69513,996.56,1000,3.44,50.32,202,2.2525,-0.0233,LOCK,2,misalignment
799,7417224,8039,8052,-0.00390,0.02730,-0.82290,0.82336,996.57,1000,3.43,50.32,202,2.2621,0.1232,LOCK,2,misalignment
800,7417232,8047,8060,-0.02340,0.00000,-0.80730,0.80764,996.58,1000,3.42,50.32,202,2.2842,0.4568,LOCK,2,misalignment
801,7417240,8055,8068,-0.14040,0.05850,-0.85800,0.87138,996.59,1000,3.41,50.32,202,2.2683,0.2163,LOCK,2,misalignment
802,7417268,8083,8096,0.09750,-0.07410,-0.81900,0.82811,996.59,1000,3.41,50.32,202,2.2973,0.6562,LOCK,2,misalignment
803,7417277,8092,8105,-0.01950,0.01560,-0.79950,0.79989,996.61,1000,3.39,50.32,202,2.2871,0.5008,LOCK,2,misalignment
804,7417285,8100,8113,0.13650,0.17550,-0.75270,0.78485,996.62,1000,3.38,50.32,202,2.2684,0.2188,LOCK,2,misalignment
805,7417294,8109,8122,0.06240,-0.03900,-0.86190,0.86504,996.62,1000,3.38,50.32,202,2.2571,0.0463,LOCK,2,misalignment
806,7417302,8117,8130,-0.04290,0.12480,-0.78000,0.79108,996.63,1000,3.37,50.32,202,2.2840,0.4541,LOCK,2,misalignment
807,7417316,8131,8144,0.06240,0.18330,-0.70590,0.73198,996.64,1000,3.36,50.32,202,2.2844,0.4608,LOCK,2,misalignment
808,7417324,8139,8152,0.01170,0.14820,-0.78780,0.80170,996.65,1000,3.35,50.32,202,2.2885,0.5222,LOCK,2,misalignment
809,7417333,8148,8161,0.08190,-0.05070,-0.70980,0.71631,996.66,1000,3.34,50.32,202,2.2885,0.5234,LOCK,2,misalignment
810,7417341,8156,8169,-0.17160,0.05070,-0.85020,0.86883,996.67,1000,3.33,50.32,202,2.2935,0.5979,LOCK,2,misalignment
811,7417350,8165,8178,-0.17160,0.05070,-0.85020,0.86883,996.68,1000,3.32,50.32,202,2.2867,0.4959,LOCK,2,misalignment
812,7417358,8173,8186,0.16380,0.03900,-0.80340,0.82086,996.69,1000,3.31,50.32,202,2.2797,0.3888,LOCK,2,misalignment
813,7417367,8182,8195,-0.01560,0.11700,-0.78780,0.79659,996.70,1000,3.30,50.32,202,2.2875,0.5081,LOCK,2,misalignment
814,7417375,8190,8203,0.08580,0.14040,-0.70980,0.72862,996.71,1000,3.29,50.32,202,2.2848,0.4666,LOCK,2,misalignment
815,7417384,8199,8212,-0.17160,0.07020,-0.68250,0.70723,996.72,1000,3.28,50.32,202,2.2689,0.2252,LOCK,2,misalignment
816,7417392,8207,8220,0.02730,0.01560,-0.79560,0.79622,996.72,1000,3.28,50.32,202,2.2666,0.1916,LOCK,2,misalignment
817,7417401,8216,8229,0.02730,0.01560,-0.79560,0.79622,996.72,1000,3.28,50.32,202,2.2581,0.0615,LOCK,2,misalignment
818,7417409,8224,8237,-0.03510,0.05850,-0.84240,0.84516,996.73,1000,3.27,50.32,202,2.2778,0.3613,LOCK,2,misalignment
819,7417419,8234,8247,-0.00390,-0.26520,-0.85410,0.89433,996.73,1000,3.27,50.32,202,2.2853,0.4739,LOCK,2,misalignment
820,7417428,8243,8256,-0.01560,0.03900,-0.81900,0.82008,996.73,1000,3.27,50.32,202,2.2856,0.4785,LOCK,2,misalignment
821,7417436,8251,8264,-0.03120,-0.07410,-0.79560,0.79965,996.73,1000,3.27,50.32,202,2.2623,0.1253,LOCK,2,misalignment
822,7417445,8260,8273,0.10140,0.15600,-0.77610,0.79809,996.74,1000,3.26,50.32,202,2.2719,0.2716,LOCK,2,misalignment
823,7417453,8268,8281,0.10140,0.15600,-0.77610,0.79809,996.76,1000,3.24,50.32,202,2.2652,0.1690,LOCK,2,misalignment
824,7417461,8276,8289,0.02730,-0.01560,-0.79560,0.79622,996.79,1000,3.21,50.32,202,2.2600,0.0912,LOCK,2,misalignment
825,7417471,8286,8299,-0.08970,0.08970,-0.80340,0.81335,996.82,1000,3.18,50.32,202,2.2974,0.6574,LOCK,2,misalignment
826,7417480,8295,8308,0.02730,-0.07410,-0.86190,0.86551,996.84,1000,3.16,50.32,202,2.2845,0.4614,LOCK,2,misalignment
827,7417488,8303,8316,0.09360,-0.06630,-0.74880,0.75753,996.86,1000,3.14,50.32,202,2.2905,0.5524,LOCK,2,misalignment
828,7417497,8312,8325,0.14820,-0.05460,-0.76440,0.78055,996.87,1000,3.13,50.32,202,2.2800,0.3937,LOCK,2,misalignment
829,7417505,8320,8333,-0.13260,0.16770,-0.79950,0.82759,996.89,1000,3.11,50.32,202,2.2967,0.6467,LOCK,2,misalignment
830,7417519,8334,8347,0.08190,0.03510,-0.79560,0.80057,996.91,1000,3.09,50.32,202,2.2940,0.6061,LOCK,2,misalignment
831,7417527,8342,8355,-0.02340,0.14820,-0.85020,0.86334,996.93,1000,3.07,50.32,202,2.2849,0.4675,LOCK,2,misalignment
832,7417536,8351,8364,-0.02340,0.14820,-0.85020,0.86334,996.94,1000,3.06,50.32,202,2.2878,0.5121,LOCK,2,misalignment
833,7417544,8359,8372,0.04680,-0.04290,-0.76050,0.76315,996.96,1000,3.04,50.32,202,2.2859,0.4831,LOCK,2,misalignment
834,7417553,8368,8381,-0.05460,0.06240,-0.82290,0.82707,996.97,1000,3.03,50.32,202,2.2677,0.2068,LOCK,2,misalignment
835,7417561,8376,8389,-0.01170,-0.08190,-0.82680,0.83093,996.98,1000,3.02,50.32,202,2.2745,0.3100,LOCK,2,misalignment
836,7417570,8385,8398,0.03510,0.14820,-0.76050,0.77560,996.99,1000,3.01,50.32,202,2.2735,0.2948,LOCK,2,misalignment
837,7417623,8438,8451,-0.00780,-0.18330,-0.87360,0.89266,997.00,1000,3.00,50.32,202,2.2862,0.4886,LOCK,2,misalignment
838,7417632,8447,8460,-0.00780,0.08970,-0.79170,0.79680,997.02,1000,2.98,50.32,202,2.2874,0.5060,LOCK,2,misalignment
839,7417640,8455,8468,0.06630,0.07020,-0.74880,0.75500,997.04,1000,2.96,50.32,202,2.2816,0.4175,LOCK,2,misalignment
840,7417649,8464,8477,0.04290,0.05460,-0.78780,0.79085,997.06,1000,2.94,50.32,202,2.2815,0.4169,LOCK,2,misalignment
841,7417657,8472,8485,0.04290,0.05460,-0.78780,0.79085,997.08,1000,2.92,50.32,202,2.2880,0.5152,LOCK,2,misalignment
842,7417666,8481,8494,0.01170,-0.00780,-0.83070,0.83082,997.10,1000,2.90,50.32,202,2.2824,0.4297,LOCK,2,misalignment
843,7417674,8489,8502,0.05070,0.08580,-0.77220,0.77860,997.11,1000,2.89,50.32,202,2.2899,0.5435,LOCK,2,misalignment
844,7417683,8498,8511,0.05070,-0.12090,-0.85800,0.86796,997.13,1000,2.87,50.32,202,2.2789,0.3775,LOCK,2,misalignment
845,7417691,8506,8519,0.02730,0.12480,-0.76050,0.77116,997.14,1000,2.86,50.32,202,2.2763,0.3384,LOCK,2,misalignment
846,7417700,8515,8528,0.02730,0.12480,-0.76050,0.77116,997.16,1000,2.84,50.32,202,2.2693,0.2316,LOCK,2,misalignment
847,7417708,8523,8536,0.00390,-0.00780,-0.88920,0.88924,997.18,1000,2.82,50.32,202,2.2655,0.1736,LOCK,2,misalignment
848,7417722,8537,8550,-0.08970,0.14820,-0.78000,0.79901,997.19,1000,2.81,50.32,202,2.2834,0.4462,LOCK,2,misalignment
849,7417730,8545,8558,-0.08970,0.14820,-0.78000,0.79901,997.20,1000,2.80,50.32,202,2.2815,0.4166,LOCK,2,misalignment
850,7417739,8554,8567,-0.13260,0.30420,-0.79170,0.85843,997.21,1000,2.79,50.32,202,2.2835,0.4465,LOCK,2,misalignment
851,7417747,8562,8575,-0.12870,0.10140,-0.74100,0.75890,997.22,1000,2.78,50.32,202,2.2720,0.2722,LOCK,2,misalignment
852,7417756,8571,8584,0.07410,-0.01950,-0.83850,0.84199,997.24,1000,2.76,50.32,202,2.2684,0.2184,LOCK,2,misalignment
853,7417764,8579,8592,-0.18330,0.13260,-0.78000,0.81215,997.26,1000,2.74,50.32,202,2.2607,0.1021,LOCK,2,misalignment
854,7417773,8588,8601,0.10140,-0.09750,-0.81120,0.82331,997.28,1000,2.72,50.32,202,2.2891,0.5326,LOCK,2,misalignment
855,7417781,8596,8609,0.10140,-0.09750,-0.81120,0.82331,997.29,1000,2.71,50.32,202,2.2908,0.5570,LOCK,2,misalignment
856,7417790,8605,8618,0.08580,0.08190,-0.78780,0.79668,997.30,1000,2.70,50.32,202,2.2873,0.5048,LOCK,2,misalignment
857,7417798,8613,8626,0.14430,0.15990,-0.77610,0.80543,997.32,1000,2.68,50.32,202,2.2868,0.4965,LOCK,2,misalignment
858,7417807,8622,8635,-0.08580,0.21060,-0.78780,0.81997,997.33,1000,2.67,50.32,202,2.2903,0.5496,LOCK,2,misalignment
859,7417815,8630,8643,0.00000,0.06630,-0.76830,0.77116,997.33,1000,2.67,50.32,202,2.2919,0.5747,LOCK,2,misalignment
860,7417823,8638,8651,-0.08580,0.08190,-0.80340,0.81211,997.34,1000,2.66,50.32,202,2.2856,0.4782,LOCK,2,misalignment
861,7417832,8647,8660,-0.08580,0.08190,-0.80340,0.81211,997.34,1000,2.66,50.32,202,2.2654,0.1733,LOCK,2,misalignment
862,7417840,8655,8668,0.10140,-0.04290,-0.82290,0.83023,997.34,1000,2.66,50.32,202,2.2737,0.2978,LOCK,2,misalignment
863,7417849,8664,8677,-0.05460,-0.04680,-0.83460,0.83769,997.35,1000,2.65,50.32,202,2.2671,0.1992,LOCK,2,misalignment
864,7417857,8672,8685,-0.10920,0.07410,-0.84240,0.85267,997.35,1000,2.65,50.32,202,2.2578,0.0573,LOCK,2,misalignment
865,7417881,8696,8709,0.09750,-0.00780,-0.76830,0.77450,997.37,1000,2.63,50.32,202,2.2888,0.5274,LOCK,2,misalignment
866,7417889,8704,8717,-0.12090,0.04680,-0.78390,0.79455,997.39,1000,2.61,50.32,202,2.2944,0.6122,LOCK,2,misalignment
867,7417898,8713,8726,0.05850,-0.05070,-0.80340,0.80712,997.41,1000,2.59,50.32,202,2.2697,0.2386,LOCK,2,misalignment
868,7417906,8721,8734,0.08970,0.08190,-0.83460,0.84339,997.42,1000,2.58,50.32,202,2.2611,0.1076,LOCK,2,misalignment
869,7417915,8730,8743,0.08970,0.08190,-0.83460,0.84339,997.43,1000,2.57,50.32,202,2.2675,0.2041,LOCK,2,misalignment
870,7417928,8743,8756,0.00390,0.20670,-0.75270,0.78057,997.45,1000,2.55,50.32,202,2.2902,0.5484,LOCK,2,misalignment
871,7417936,8751,8764,0.06240,-0.05460,-0.77220,0.77664,997.46,1000,2.54,50.32,202,2.2943,0.6107,LOCK,2,misalignment
872,7417945,8760,8773,0.06240,-0.05460,-0.77220,0.77664,997.47,1000,2.53,50.32,202,2.2850,0.4694,LOCK,2,misalignment
873,7417953,8768,8781,-0.07800,0.04290,-0.79950,0.80444,997.48,1000,2.52,50.32,202,2.2823,0.4294,LOCK,2,misalignment
874,7417962,8777,8790,-0.03510,-0.04680,-0.86190,0.86388,997.49,1000,2.51,50.32,202,2.2936,0.5994,LOCK,2,misalignment
875,7417970,8785,8798,-0.05460,-0.02730,-0.76830,0.77072,997.50,1000,2.50,50.32,202,2.2871,0.5020,LOCK,2,misalignment
876,7417979,8794,8807,0.04680,-0.21450,-0.79560,0.82534,997.50,1000,2.50,50.32,202,2.2824,0.4300,LOCK,2,misalignment
877,7417988,8803,8816,0.01560,0.17160,-0.78000,0.79881,997.51,1000,2.49,50.32,202,2.2901,0.5475,LOCK,2,misalignment
878,7417996,8811,8824,0.01560,0.17160,-0.78000,0.79881,997.52,1000,2.48,50.32,202,2.2845,0.4614,LOCK,2,misalignment
879,7418005,8820,8833,0.09360,0.12480,-0.77610,0.79162,997.53,1000,2.47,50.32,202,2.2680,0.2126,LOCK,2,misalignment
880,7418013,8828,8841,0.04290,0.09360,-0.86580,0.87190,997.54,1000,2.46,50.32,202,2.2610,0.1067,LOCK,2,misalignment
881,7418021,8836,8849,0.03510,0.02730,-0.75660,0.75791,997.55,1000,2.45,50.32,202,2.2602,0.0945,LOCK,2,misalignment
882,7418030,8845,8858,0.03510,-0.03510,-0.81510,0.81661,997.56,1000,2.44,50.32,202,2.2851,0.4715,LOCK,2,misalignment
883,7418038,8853,8866,-0.04680,-0.21060,-0.85020,0.87714,997.56,1000,2.44,50.32,202,2.2760,0.3332,LOCK,2,misalignment
884,7418047,8862,8875,-0.04680,-0.21060,-0.85020,0.87714,997.57,1000,2.43,50.32,202,2.2894,0.5368,LOCK,2,misalignment
885,7418055,8870,8883,0.08190,0.06630,-0.73320,0.74073,997.57,1000,2.43,50.32,202,2.2696,0.2368,LOCK,2,misalignment
886,7418064,8879,8892,0.00000,0.06240,-0.85800,0.86027,997.56,1000,2.44,50.32,202,2.2652,0.1699,LOCK,2,misalignment
887,7418072,8887,8900,0.00000,-0.01170,-0.69030,0.69040,997.56,1000,2.44,50.32,202,2.2726,0.2813,LOCK,2,misalignment
888,7418081,8896,8909,0.02340,-0.05070,-0.82290,0.82479,997.56,1000,2.44,50.32,202,2.2848,0.4666,LOCK,2,misalignment
889,7418089,8904,8917,0.02340,-0.05070,-0.82290,0.82479,997.56,1000,2.44,50.32,202,2.2941,0.6083,LOCK,2,misalignment
890,7418098,8913,8926,0.10920,0.14430,-0.81510,0.83495,997.56,1000,2.44,50.32,202,2.2833,0.4437,LOCK,2,misalignment
891,7418106,8921,8934,-0.02340,0.03510,-0.82680,0.82788,997.56,1000,2.44,50.32,202,2.2843,0.4593,LOCK,2,misalignment
892,7418115,8930,8943,-0.03900,0.00000,-0.76440,0.76539,997.57,1000,2.43,50.32,202,2.2890,0.5310,LOCK,2,misalignment
893,7418128,8943,8956,0.04680,0.09360,-0.78000,0.78699,997.58,1000,2.42,50.32,202,2.2813,0.4138,LOCK,2,misalignment
894,7418137,8952,8965,0.04680,-0.03510,-0.81120,0.81331,997.60,1000,2.40,50.32,202,2.2863,0.4895,LOCK,2,misalignment
895,7418145,8960,8973,-0.15600,0.10530,-0.78000,0.80239,997.61,1000,2.39,50.32,202,2.2895,0.5380,LOCK,2,misalignment
896,7418154,8969,8982,-0.18330,0.15990,-0.75270,0.79103,997.62,1000,2.38,50.32,202,2.2878,0.5121,LOCK,2,misalignment
897,7418162,8977,8990,0.03900,0.05070,-0.90870,0.91095,997.63,1000,2.37,50.32,202,2.2601,0.0918,LOCK,2,misalignment
898,7418171,8986,8999,0.03900,0.05070,-0.90870,0.91095,997.63,1000,2.37,50.32,202,2.2702,0.2450,LOCK,2,misalignment
899,7418179,8994,9007,-0.03900,-0.00780,-0.73320,0.73428,997.62,1000,2.38,50.32,202,2.2742,0.3064,LOCK,2,misalignment
900,7418188,9003,9016,-0.13650,0.08190,-0.79170,0.80754,997.61,1000,2.39,50.32,202,2.2725,0.2804,LOCK,2,misalignment
901,7418238,9053,9066,0.08970,-0.03510,-0.76050,0.76658,997.61,1000,2.39,50.32,202,2.2908,0.5579,LOCK,2,misalignment
902,7418247,9062,9075,-0.08970,0.05070,-0.87360,0.87966,997.61,1000,2.39,50.32,202,2.2907,0.5554,LOCK,2,misalignment
903,7418255,9070,9083,0.08580,-0.01950,-0.76050,0.76557,997.61,1000,2.39,50.32,202,2.2815,0.4159,LOCK,2,misalignment
904,7418264,9079,9092,-0.07800,0.12870,-0.79950,0.81354,997.62,1000,2.38,50.32,202,2.2870,0.5005,LOCK,2,misalignment
905,7418273,9088,9101,-0.07800,0.12870,-0.79950,0.81354,997.62,1000,2.38,50.32,202,2.2899,0.5432,LOCK,2,misalignment
906,7418281,9096,9109,-0.01560,-0.01560,-0.79950,0.79980,997.62,1000,2.38,50.32,202,2.2866,0.4935,LOCK,2,misalignment
907,7418290,9105,9118,-0.00390,0.27300,-0.68640,0.73871,997.62,1000,2.38,50.32,202,2.2865,0.4929,LOCK,2,misalignment
908,7418298,9113,9126,0.04290,-0.01950,-0.74490,0.74639,997.61,1000,2.39,50.32,202,2.2858,0.4822,LOCK,2,misalignment
909,7418307,9122,9135,0.06240,0.11310,-0.75660,0.76755,997.61,1000,2.39,50.32,202,2.2722,0.2755,LOCK,2,misalignment
910,7418315,9130,9143,0.06240,0.11310,-0.75660,0.76755,997.61,1000,2.39,50.32,202,2.2635,0.1434,LOCK,2,misalignment
911,7418328,9143,9156,0.03900,0.09750,-0.80340,0.81023,997.61,1000,2.39,50.32,202,2.2765,0.3409,LOCK,2,misalignment
912,7418337,9152,9165,-0.05460,-0.21450,-0.73710,0.76962,997.60,1000,2.40,50.32,202,2.2834,0.4453,LOCK,2,misalignment
913,7418345,9160,9173,-0.05460,-0.21450,-0.73710,0.76962,997.60,1000,2.40,50.32,202,2.2944,0.6128,LOCK,2,misalignment
914,7418354,9169,9182,-0.04680,0.16380,-0.77610,0.79458,997.59,1000,2.41,50.32,202,2.2802,0.3976,LOCK,2,misalignment
915,7418362,9177,9190,0.09750,0.06630,-0.75270,0.76188,997.57,1000,2.43,50.32,202,2.2685,0.2191,LOCK,2,misalignment
916,7418371,9186,9199,-0.10920,0.09360,-0.79950,0.81233,997.56,1000,2.44,50.32,202,2.2727,0.2838,LOCK,2,misalignment
917,7418379,9194,9207,0.09360,-0.07410,-0.75270,0.76211,997.55,1000,2.45,50.32,202,2.2743,0.3079,LOCK,2,misalignment
918,7418388,9203,9216,-0.00780,0.01950,-0.75270,0.75299,997.54,1000,2.46,50.32,202,2.2885,0.5225,LOCK,2,misalignment
919,7418396,9211,9224,-0.00780,0.01950,-0.75270,0.75299,997.53,1000,2.47,50.32,202,2.2947,0.6162,LOCK,2,misalignment
920,7418405,9220,9233,0.14040,-0.10530,-0.79560,0.81473,997.53,1000,2.47,50.32,202,2.2943,0.6101,LOCK,2,misalignment
921,7418413,9228,9241,-0.00390,0.19110,-0.81900,0.84101,997.52,1000,2.48,50.32,202,2.2897,0.5402,LOCK,2,misalignment
922,7418422,9237,9250,-0.01560,-0.04680,-0.80730,0.80881,997.51,1000,2.49,50.32,202,2.2905,0.5533,LOCK,2,misalignment
923,7418430,9245,9258,0.05460,0.05850,-0.78780,0.79185,997.50,1000,2.50,50.32,202,2.2863,0.4889,LOCK,2,misalignment
924,7418439,9254,9267,0.01170,-0.07800,-0.78780,0.79174,997.49,1000,2.51,50.32,202,2.2888,0.5271,LOCK,2,misalignment
925,7418447,9262,9275,0.01170,-0.07800,-0.78780,0.79174,997.49,1000,2.51,50.32,202,2.2692,0.2307,LOCK,2,misalignment
926,7418456,9271,9284,-0.04680,0.05850,-0.83460,0.83796,997.48,1000,2.52,50.32,202,2.2694,0.2334,LOCK,2,misalignment
927,7418464,9279,9292,-0.10530,-0.19500,-0.88920,0.91640,997.48,1000,2.52,50.32,202,2.2693,0.2319,LOCK,2,misalignment
928,7418473,9288,9301,-0.03900,0.05850,-0.74490,0.74821,997.47,1000,2.53,50.32,202,2.2746,0.3125,LOCK,2,misalignment
929,7418495,9310,9323,0.01950,0.02730,-0.78780,0.78851,997.46,1000,2.54,50.32,202,2.2841,0.4559,LOCK,2,misalignment
930,7418503,9318,9331,0.03510,-0.01560,-0.87360,0.87444,997.44,1000,2.56,50.32,202,2.2837,0.4507,LOCK,2,misalignment
931,7418512,9327,9340,0.14040,0.05460,-0.78780,0.80207,997.42,1000,2.58,50.32,202,2.2720,0.2722,LOCK,2,misalignment
932,7418520,9335,9348,0.14040,0.05460,-0.78780,0.80207,997.41,1000,2.59,50.32,202,2.2775,0.3567,LOCK,2,misalignment
933,7418534,9349,9362,-0.02340,0.05070,-0.72930,0.73143,997.40,1000,2.60,50.32,202,2.2724,0.2783,LOCK,2,misalignment
934,7418542,9357,9370,0.02340,0.06630,-0.79170,0.79482,997.40,1000,2.60,50.32,202,2.2849,0.4688,LOCK,2,misalignment
935,7418551,9366,9379,0.02340,0.06630,-0.79170,0.79482,997.40,1000,2.60,50.32,202,2.2887,0.5258,LOCK,2,misalignment
936,7418559,9374,9387,-0.05070,0.14430,-0.83460,0.84850,997.41,1000,2.59,50.32,202,2.2804,0.4004,LOCK,2,misalignment
937,7418568,9383,9396,-0.13260,-0.02340,-0.79170,0.80307,997.41,1000,2.59,50.32,202,2.2903,0.5499,LOCK,2,misalignment
938,7418576,9391,9404,-0.19110,0.18330,-0.72930,0.77588,997.41,1000,2.59,50.32,202,2.2850,0.4694,LOCK,2,misalignment
939,7418585,9400,9413,-0.03510,0.08580,-0.82680,0.83198,997.41,1000,2.59,50.32,202,2.2843,0.4590,LOCK,2,misalignment
940,7418593,9408,9421,0.03900,0.00780,-0.76830,0.76933,997.40,1000,2.60,50.32,202,2.2859,0.4828,LOCK,2,misalignment
941,7418602,9417,9430,0.03900,0.00780,-0.76830,0.76933,997.40,1000,2.60,50.32,202,2.2891,0.5326,LOCK,2,misalignment
942,7418610,9425,9438,-0.14820,0.11310,-0.81900,0.83995,997.39,1000,2.61,50.32,202,2.2850,0.4700,LOCK,2,misalignment
943,7418619,9434,9447,0.05850,-0.04290,-0.76830,0.77172,997.39,1000,2.61,50.32,202,2.2679,0.2108,LOCK,2,misalignment
944,7418627,9442,9455,-0.02340,0.16380,-0.78000,0.79736,997.38,1000,2.62,50.32,202,2.2688,0.2246,LOCK,2,misalignment
945,7418636,9451,9464,-0.04290,0.18720,-0.84630,0.86782,997.38,1000,2.62,50.32,202,2.2693,0.2313,LOCK,2,misalignment
946,7418648,9463,9476,-0.00390,0.21840,-0.81510,0.84386,997.37,1000,2.63,50.32,202,2.2852,0.4724,LOCK,2,misalignment
947,7418656,9471,9484,-0.02340,-0.03120,-0.77610,0.77708,997.36,1000,2.64,50.32,202,2.2883,0.5200,LOCK,2,misalignment
948,7418665,9480,9493,-0.10920,0.09750,-0.76050,0.77446,997.35,1000,2.65,50.32,202,2.2699,0.2416,LOCK,2,misalignment
949,7418673,9488,9501,-0.10920,0.09750,-0.76050,0.77446,997.34,1000,2.66,50.32,202,2.2771,0.3500,LOCK,2,misalignment
950,7418683,9498,9511,0.08580,-0.00780,-0.81120,0.81576,997.28,1000,2.72,50.32,202,2.2724,0.2795,LOCK,2,misalignment
951,7418693,9508,9521,-0.01170,0.14820,-0.83460,0.84774,997.26,1000,2.74,50.32,202,2.2644,0.1580,LOCK,2,misalignment
952,7418703,9518,9531,0.07410,0.10920,-0.72540,0.73731,997.25,1000,2.75,50.32,202,2.2897,0.5408,LOCK,2,misalignment
953,7418713,9528,9541,-0.04290,0.18330,-0.76830,0.79103,997.25,1000,2.75,50.32,202,2.2957,0.6324,LOCK,2,misalignment
954,7418723,9538,9551,0.04290,0.01950,-0.70200,0.70358,997.22,1000,2.78,50.32,202,2.3018,0.7236,LOCK,2,misalignment
955,7418736,9551,9564,0.03120,-0.07800,-0.77220,0.77676,997.22,1000,2.78,50.32,202,2.2919,0.5741,LOCK,2,misalignment
956,7418744,9559,9572,0.03120,-0.07800,-0.77220,0.77676,997.22,1000,2.78,50.32,202,2.2798,0.3909,LOCK,2,misalignment
957,7418753,9568,9581,0.00390,0.07020,-0.81120,0.81424,997.22,1000,2.78,50.32,202,2.2909,0.5591,LOCK,2,misalignment
958,7418763,9578,9591,-0.04680,0.07020,-0.79560,0.80006,997.21,1000,2.79,50.32,202,2.2926,0.5854,LOCK,2,misalignment
959,7418773,9588,9601,0.07410,0.21840,-0.80730,0.83960,997.21,1000,2.79,50.32,202,2.2804,0.4004,LOCK,2,misalignment
960,7418783,9598,9611,0.03120,0.01950,-0.87360,0.87437,997.23,1000,2.77,50.32,202,2.2716,0.2664,LOCK,2,misalignment
961,7418793,9608,9621,-0.08190,0.16770,-0.73320,0.75658,997.24,1000,2.76,50.32,202,2.2823,0.4294,LOCK,2,misalignment
962,7418803,9618,9631,0.03120,-0.21840,-0.78390,0.81435,997.24,1000,2.76,50.32,202,2.2757,0.3280,LOCK,2,misalignment
963,7418848,9663,9676,0.03900,-0.01170,-0.76830,0.76938,997.23,1000,2.77,50.32,202,2.2860,0.4846,LOCK,2,misalignment
964,7418856,9671,9684,-0.08970,0.09360,-0.78780,0.79840,997.22,1000,2.78,50.32,202,2.2814,0.4147,LOCK,2,misalignment
965,7418865,9680,9693,0.01170,-0.01170,-0.83460,0.83476,997.21,1000,2.79,50.32,202,2.2884,0.5210,LOCK,2,misalignment
966,7418873,9688,9701,-0.10920,0.01170,-0.77610,0.78383,997.20,1000,2.80,50.32,202,2.2825,0.4312,LOCK,2,misalignment
967,7418882,9697,9710,-0.07410,-0.03510,-0.88140,0.88521,997.19,1000,2.81,50.32,202,2.2844,0.4602,LOCK,2,misalignment
968,7418890,9705,9718,-0.01560,0.15210,-0.77220,0.78719,997.19,1000,2.81,50.32,202,2.2904,0.5521,LOCK,2,misalignment
969,7418899,9714,9727,-0.01560,0.15210,-0.77220,0.78719,997.18,1000,2.82,50.32,202,2.2905,0.5530,LOCK,2,misalignment
970,7418907,9722,9735,-0.03510,0.10530,-0.79170,0.79944,997.17,1000,2.83,50.32,202,2.2868,0.4974,LOCK,2,misalignment
971,7418916,9731,9744,0.05850,0.12480,-0.79170,0.80361,997.16,1000,2.84,50.32,202,2.2860,0.4846,LOCK,2,misalignment
972,7418924,9739,9752,0.05070,-0.11310,-0.82290,0.83218,997.15,1000,2.85,50.32,202,2.2738,0.2993,LOCK,2,misalignment
973,7418937,9752,9765,0.08580,-0.01950,-0.86970,0.87414,997.15,1000,2.85,50.32,202,2.2656,0.1760,LOCK,2,misalignment
974,7418946,9761,9774,-0.02340,-0.18720,-0.81900,0.84045,997.14,1000,2.86,50.32,202,2.2843,0.4584,LOCK,2,misalignment
975,7418955,9770,9783,0.02340,0.07020,-0.81120,0.81457,997.13,1000,2.87,50.32,202,2.2879,0.5136,LOCK,2,misalignment
976,7418963,9778,9791,0.02730,0.08190,-0.74490,0.74989,997.12,1000,2.88,50.32,202,2.2874,0.5063,LOCK,2,misalignment
977,7418972,9787,9800,0.02730,0.08190,-0.74490,0.74989,997.11,1000,2.89,50.32,202,2.2605,0.0988,LOCK,2,misalignment
978,7418980,9795,9808,-0.04290,-0.06240,-0.75270,0.75650,997.10,1000,2.90,50.32,202,2.2693,0.2319,LOCK,2,misalignment
979,7418988,9803,9816,-0.05070,0.01560,-0.83070,0.83239,997.09,1000,2.91,50.32,202,2.2586,0.0698,LOCK,2,misalignment
980,7418997,9812,9825,0.04680,-0.04680,-0.79170,0.79446,997.08,1000,2.92,50.32,202,2.2738,0.2993,LOCK,2,misalignment
981,7419009,9824,9837,0.07800,-0.07020,-0.84630,0.85278,997.08,1000,2.92,50.32,202,2.2928,0.5875,LOCK,2,misalignment
982,7419018,9833,9846,-0.06630,0.05460,-0.75270,0.75758,997.08,1000,2.92,50.32,202,2.2863,0.4901,LOCK,2,misalignment
983,7419027,9842,9855,0.07020,0.03900,-0.73710,0.74146,997.08,1000,2.92,50.32,202,2.2831,0.4416,LOCK,2,misalignment
984,7419035,9850,9863,0.07410,0.03900,-0.83460,0.83879,997.08,1000,2.92,50.32,202,2.2894,0.5365,LOCK,2,misalignment
985,7419044,9859,9872,0.07410,0.03900,-0.83460,0.83879,997.08,1000,2.92,50.32,202,2.2879,0.5133,LOCK,2,misalignment
986,7419052,9867,9880,-0.16380,0.12480,-0.80340,0.82937,997.08,1000,2.92,50.32,202,2.2894,0.5368,LOCK,2,misalignment
987,7419061,9876,9889,-0.17940,0.28080,-0.81120,0.87697,997.08,1000,2.92,50.32,202,2.2659,0.1797,LOCK,2,misalignment
988,7419069,9884,9897,-0.08580,0.05850,-0.78390,0.79075,997.08,1000,2.92,50.32,202,2.2660,0.1824,LOCK,2,misalignment
989,7419077,9892,9905,0.03510,0.00390,-0.71760,0.71847,997.08,1000,2.92,50.32,202,2.2822,0.4272,LOCK,2,misalignment
990,7419086,9901,9914,-0.22620,0.10920,-0.82290,0.86038,997.08,1000,2.92,50.32,202,2.2744,0.3088,LOCK,2,misalignment
991,7419109,9924,9937,0.00000,0.12870,-0.84240,0.85217,997.08,1000,2.92,50.32,202,2.2852,0.4730,LOCK,2,misalignment
992,7419117,9932,9945,0.09750,0.15990,-0.74100,0.76430,997.08,1000,2.92,50.32,202,2.2915,0.5683,LOCK,2,misalignment
993,7419126,9941,9954,0.09750,0.15990,-0.74100,0.76430,997.08,1000,2.92,50.32,202,2.2723,0.2771,LOCK,2,misalignment
994,7419139,9954,9967,-0.01560,0.00390,-0.79170,0.79186,997.08,1000,2.92,50.32,202,2.2618,0.1189,LOCK,2,misalignment
995,7419147,9962,9975,-0.09750,0.10530,-0.81120,0.82380,997.06,1000,2.94,50.32,202,2.2540,-0.0001,LOCK,2,misalignment
996,7419156,9971,9984,-0.09750,0.10530,-0.81120,0.82380,997.05,1000,2.95,50.32,202,2.2833,0.4434,LOCK,2,misalignment
997,7419164,9979,9992,0.02730,-0.17940,-0.81900,0.83886,997.03,1000,2.97,50.32,202,2.2844,0.4602,LOCK,2,misalignment
998,7419173,9988,10001,-0.08580,0.12870,-0.76830,0.78372,997.02,1000,2.98,50.32,202,2.2833,0.4443,LOCK,2,misalignment
