sample_index,time_ms_raw,time_ms_zero,elapsed_ms,ax_g,ay_g,az_g,total_g,rpm,target_rpm,rpm_error,pwm_eq,duty_10bit,acs_v,current_a,control_mode,state,fault_type
0,4797718,0,13,-0.20670,0.17160,-0.80730,0.85083,1003.48,1000,-3.48,50.25,202,2.2594,0.0817,LOCK,2,misalignment
1,4797726,8,21,-0.24960,-0.02730,-0.73320,0.77500,1003.47,1000,-3.47,50.25,202,2.2562,0.0341,LOCK,2,misalignment
2,4797736,18,31,-0.09360,0.00390,-0.86190,0.86698,1003.43,1000,-3.43,50.25,202,2.2608,0.1031,LOCK,2,misalignment
3,4797746,28,41,0.01950,-0.19890,-0.70980,0.73740,1003.39,1000,-3.39,50.25,202,2.2645,0.1592,LOCK,2,misalignment
4,4797756,38,51,0.10920,-0.05850,-0.84630,0.85532,1003.38,1000,-3.38,50.25,202,2.2390,-0.2278,LOCK,2,misalignment
5,4797766,48,61,0.18330,0.00390,-0.70590,0.72932,1003.28,1000,-3.28,50.25,202,2.2338,-0.3057,LOCK,2,misalignment
6,4797776,58,71,-0.15990,0.09750,-0.79950,0.82114,1003.25,1000,-3.25,50.25,202,2.2633,0.1403,LOCK,2,misalignment
7,4797786,68,81,-0.39000,0.00390,-0.81510,0.90361,1003.24,1000,-3.24,50.25,202,2.2635,0.1440,LOCK,2,misalignment
8,4797796,78,91,0.06240,-0.07800,-0.79560,0.80185,1003.24,1000,-3.24,50.25,202,2.2587,0.0713,LOCK,2,misalignment
9,4797806,88,101,-0.00390,-0.16380,-0.78780,0.80466,1003.24,1000,-3.24,50.25,202,2.2575,0.0530,LOCK,2,misalignment
10,4797816,98,111,0.16380,0.10920,-0.77610,0.80068,1003.24,1000,-3.24,50.25,202,2.2536,-0.0065,LOCK,2,misalignment
11,4797826,108,121,0.03120,0.05070,-0.80730,0.80949,1003.16,1000,-3.16,50.25,202,2.2341,-0.3020,LOCK,2,misalignment
12,4797836,118,131,-0.07020,0.08580,-0.71370,0.72226,1003.14,1000,-3.14,50.25,202,2.2638,0.1482,LOCK,2,misalignment
13,4797846,128,141,-0.31590,-0.04290,-0.81120,0.87160,1003.14,1000,-3.14,50.25,202,2.2621,0.1226,LOCK,2,misalignment
14,4797859,141,154,-0.00780,-0.03120,-0.74490,0.74559,1003.14,1000,-3.14,50.25,202,2.2395,-0.2196,LOCK,2,misalignment
15,4797867,149,162,-0.01560,0.01170,-0.84240,0.84263,1003.14,1000,-3.14,50.25,202,2.2413,-0.1924,LOCK,2,misalignment
16,4797876,158,171,0.06630,-0.02730,-0.74490,0.74834,1003.14,1000,-3.14,50.25,202,2.2531,-0.0135,LOCK,2,misalignment
17,4797886,168,181,0.04290,0.17550,-0.68250,0.70601,1003.08,1000,-3.08,50.25,202,2.2584,0.0667,LOCK,2,misalignment
18,4797896,178,191,-0.35100,0.02340,-0.71370,0.79569,1003.06,1000,-3.06,50.25,202,2.2675,0.2047,LOCK,2,misalignment
19,4797906,188,201,-0.26910,0.03900,-0.70200,0.75282,1003.05,1000,-3.05,50.25,202,2.2603,0.0960,LOCK,2,misalignment
20,4797916,198,211,0.04290,-0.10920,-0.74100,0.75023,1003.05,1000,-3.05,50.25,202,2.2378,-0.2458,LOCK,2,misalignment
21,4797926,208,221,-0.14820,0.19500,-0.85020,0.88478,1003.05,1000,-3.05,50.25,202,2.2576,0.0545,LOCK,2,misalignment
22,4797936,218,231,0.10140,0.21450,-0.68250,0.72256,1003.05,1000,-3.05,50.25,202,2.2571,0.0466,LOCK,2,misalignment
23,4797946,228,241,-0.01170,0.05070,-0.74880,0.75061,1003.02,1000,-3.02,50.25,202,2.2583,0.0658,LOCK,2,misalignment
24,4797994,276,289,0.09750,0.12480,-0.86190,0.87633,1003.02,1000,-3.02,50.25,202,2.2636,0.1455,LOCK,2,misalignment
25,4798003,285,298,0.04680,0.13260,-0.71370,0.72742,1003.01,1000,-3.01,50.25,202,2.2628,0.1327,LOCK,2,misalignment
26,4798011,293,306,-0.04680,0.11310,-0.71370,0.72412,1003.00,1000,-3.00,50.25,202,2.2621,0.1220,LOCK,2,misalignment
27,4798020,302,315,-0.36660,-0.00390,-0.74880,0.83373,1002.99,1000,-2.99,50.25,202,2.2646,0.1611,LOCK,2,misalignment
28,4798028,310,323,-0.07410,-0.16380,-0.70980,0.73221,1002.98,1000,-2.98,50.25,202,2.2576,0.0545,LOCK,2,misalignment
29,4798037,319,332,-0.07410,-0.16380,-0.70980,0.73221,1002.98,1000,-2.98,50.25,202,2.2695,0.2352,LOCK,2,misalignment
30,4798045,327,340,-0.00780,-0.17550,-0.69420,0.71608,1002.97,1000,-2.97,50.25,202,2.2659,0.1809,LOCK,2,misalignment
31,4798059,341,354,0.11700,0.01170,-0.70590,0.71563,1002.97,1000,-2.97,50.25,202,2.2544,0.0066,LOCK,2,misalignment
32,4798067,349,362,0.11700,0.01170,-0.70590,0.71563,1002.96,1000,-2.96,50.25,202,2.2503,-0.0557,LOCK,2,misalignment
33,4798075,357,370,-0.10140,0.18720,-0.78780,0.81606,1002.95,1000,-2.95,50.25,202,2.2459,-0.1228,LOCK,2,misalignment
34,4798084,366,379,-0.33540,0.03900,-0.72150,0.79660,1002.95,1000,-2.95,50.25,202,2.2554,0.0213,LOCK,2,misalignment
35,4798095,377,390,-0.13260,0.05850,-0.83070,0.84325,1002.94,1000,-2.94,50.25,202,2.2501,-0.0584,LOCK,2,misalignment
36,4798103,385,398,0.02730,-0.08580,-0.72150,0.72710,1002.94,1000,-2.94,50.25,202,2.2421,-0.1796,LOCK,2,misalignment
37,4798112,394,407,0.02340,0.04680,-0.85800,0.85959,1002.94,1000,-2.94,50.25,202,2.2609,0.1043,LOCK,2,misalignment
38,4798120,402,415,0.11700,0.08970,-0.72150,0.73641,1002.92,1000,-2.92,50.25,202,2.2318,-0.3362,LOCK,2,misalignment
39,4798129,411,424,0.11700,0.08970,-0.72150,0.73641,1002.91,1000,-2.91,50.25,202,2.2429,-0.1689,LOCK,2,misalignment
40,4798140,422,435,-0.33930,-0.05460,-0.79560,0.86665,1002.90,1000,-2.90,50.25,202,2.2698,0.2401,LOCK,2,misalignment
41,4798149,431,444,-0.33930,-0.05460,-0.79560,0.86665,1002.89,1000,-2.89,50.25,202,2.2579,0.0591,LOCK,2,misalignment
42,4798157,439,452,0.01560,-0.07020,-0.83070,0.83381,1002.88,1000,-2.88,50.25,202,2.2474,-0.1002,LOCK,2,misalignment
43,4798166,448,461,-0.03900,0.08190,-0.81900,0.82401,1002.87,1000,-2.87,50.25,202,2.2262,-0.4220,LOCK,2,misalignment
44,4798174,456,469,0.14430,0.14040,-0.83070,0.85475,1002.86,1000,-2.86,50.25,202,2.2407,-0.2010,LOCK,2,misalignment
45,4798183,465,478,-0.05850,0.06630,-0.78390,0.78887,1002.87,1000,-2.87,50.25,202,2.2508,-0.0483,LOCK,2,misalignment
46,4798245,527,540,0.03510,0.16770,-0.74880,0.76815,1002.87,1000,-2.87,50.25,202,2.2576,0.0542,LOCK,2,misalignment
47,4798258,540,553,-0.31980,0.07800,-0.81510,0.87906,1002.88,1000,-2.88,50.25,202,2.2576,0.0542,LOCK,2,misalignment
48,4798267,549,562,-0.25740,-0.01950,-0.76050,0.80312,1002.89,1000,-2.89,50.25,202,2.2330,-0.3176,LOCK,2,misalignment
49,4798275,557,570,0.03120,-0.04680,-0.82680,0.82871,1002.89,1000,-2.89,50.25,202,2.2362,-0.2703,LOCK,2,misalignment
50,4798284,566,579,0.00780,0.12480,-0.91260,0.92113,1002.90,1000,-2.90,50.25,202,2.2386,-0.2333,LOCK,2,misalignment
51,4798292,574,587,0.00780,0.12480,-0.91260,0.92113,1002.90,1000,-2.90,50.25,202,2.2594,0.0817,LOCK,2,misalignment
52,4798301,583,596,0.07800,-0.03120,-0.68250,0.68765,1002.91,1000,-2.91,50.25,202,2.2592,0.0780,LOCK,2,misalignment
53,4798309,591,604,-0.03120,0.07020,-0.78780,0.79154,1002.92,1000,-2.92,50.25,202,2.2641,0.1525,LOCK,2,misalignment
54,4798318,600,613,-0.28080,0.05070,-0.74880,0.80132,1002.92,1000,-2.92,50.25,202,2.2637,0.1470,LOCK,2,misalignment
55,4798326,608,621,-0.26910,-0.08190,-0.90090,0.94379,1002.93,1000,-2.93,50.25,202,2.2674,0.2035,LOCK,2,misalignment
56,4798335,617,630,-0.26910,-0.08190,-0.90090,0.94379,1002.94,1000,-2.94,50.25,202,2.2677,0.2068,LOCK,2,misalignment
57,4798343,625,638,0.00390,-0.17550,-0.68640,0.70849,1002.94,1000,-2.94,50.25,202,2.2579,0.0594,LOCK,2,misalignment
58,4798352,634,647,0.05460,0.06240,-0.89310,0.89694,1002.94,1000,-2.94,50.25,202,2.2633,0.1406,LOCK,2,misalignment
59,4798360,642,655,0.08970,0.00000,-0.66690,0.67291,1002.95,1000,-2.95,50.25,202,2.2376,-0.2486,LOCK,2,misalignment
60,4798369,651,664,-0.11700,0.09750,-0.78780,0.80239,1002.96,1000,-2.96,50.25,202,2.2360,-0.2727,LOCK,2,misalignment
61,4798377,659,672,-0.31590,0.16380,-0.79950,0.87511,1002.97,1000,-2.97,50.25,202,2.2367,-0.2614,LOCK,2,misalignment
62,4798386,668,681,-0.31590,0.16380,-0.79950,0.87511,1002.98,1000,-2.98,50.25,202,2.2358,-0.2764,LOCK,2,misalignment
63,4798403,685,698,-0.03120,-0.15210,-0.79950,0.81444,1002.98,1000,-2.98,50.25,202,2.2564,0.0362,LOCK,2,misalignment
64,4798412,694,707,0.02730,0.12090,-0.86970,0.87849,1002.99,1000,-2.99,50.25,202,2.2556,0.0249,LOCK,2,misalignment
65,4798420,702,715,0.10920,-0.06630,-0.78780,0.79809,1003.00,1000,-3.00,50.25,202,2.2604,0.0970,LOCK,2,misalignment
66,4798429,711,724,-0.05460,0.21450,-0.82290,0.85215,1003.01,1000,-3.01,50.25,202,2.2442,-0.1488,LOCK,2,misalignment
67,4798437,719,732,-0.05460,0.21450,-0.82290,0.85215,1003.02,1000,-3.02,50.25,202,2.2484,-0.0844,LOCK,2,misalignment
68,4798447,729,742,-0.46020,0.00780,-0.74880,0.87895,1003.03,1000,-3.03,50.25,202,2.2667,0.1925,LOCK,2,misalignment
69,4798461,743,756,0.03120,-0.10920,-0.80340,0.81139,1003.04,1000,-3.04,50.25,202,2.2686,0.2218,LOCK,2,misalignment
70,4798469,751,764,0.04680,-0.11310,-0.90870,0.91691,1003.05,1000,-3.05,50.25,202,2.2450,-0.1359,LOCK,2,misalignment
71,4798478,760,773,0.04680,-0.11310,-0.90870,0.91691,1003.05,1000,-3.05,50.25,202,2.2521,-0.0285,LOCK,2,misalignment
72,4798486,768,781,0.09750,0.08580,-0.77610,0.78689,1003.07,1000,-3.07,50.25,202,2.2458,-0.1243,LOCK,2,misalignment
73,4798494,776,789,-0.24960,0.01560,-0.84240,0.87874,1003.09,1000,-3.09,50.25,202,2.2608,0.1031,LOCK,2,misalignment
74,4798506,788,801,-0.37440,0.08580,-0.81900,0.90460,1003.10,1000,-3.10,50.25,202,2.2380,-0.2419,LOCK,2,misalignment
75,4798514,796,809,0.03120,-0.06240,-0.86190,0.86472,1003.11,1000,-3.11,50.25,202,2.2366,-0.2638,LOCK,2,misalignment
76,4798522,804,817,-0.00390,-0.03900,-0.87360,0.87448,1003.12,1000,-3.12,50.25,202,2.2554,0.0219,LOCK,2,misalignment
77,4798531,813,826,0.07020,0.32370,-0.87750,0.93793,1003.13,1000,-3.13,50.25,202,2.2464,-0.1155,LOCK,2,misalignment
78,4798558,840,853,-0.27300,0.17550,-0.76830,0.83403,1003.14,1000,-3.14,50.25,202,2.2649,0.1650,LOCK,2,misalignment
79,4798567,849,862,-0.29640,-0.20670,-0.89700,0.96705,1003.15,1000,-3.15,50.25,202,2.2577,0.0564,LOCK,2,misalignment
80,4798575,857,870,0.03120,0.00000,-0.79950,0.80011,1003.16,1000,-3.16,50.25,202,2.2546,0.0084,LOCK,2,misalignment
81,4798583,865,878,-0.03510,-0.01560,-0.94380,0.94458,1003.16,1000,-3.16,50.25,202,2.2428,-0.1701,LOCK,2,misalignment
82,4798592,874,887,0.11310,0.13260,-0.72930,0.74984,1003.17,1000,-3.17,50.25,202,2.2436,-0.1576,LOCK,2,misalignment
83,4798604,886,899,0.06240,0.20280,-0.78780,0.81587,1003.19,1000,-3.19,50.25,202,2.2617,0.1174,LOCK,2,misalignment
84,4798612,894,907,-0.28860,0.09360,-0.83460,0.88804,1003.22,1000,-3.22,50.25,202,2.2645,0.1595,LOCK,2,misalignment
85,4798621,903,916,-0.28860,0.09360,-0.83460,0.88804,1003.24,1000,-3.24,50.25,202,2.2482,-0.0880,LOCK,2,misalignment
86,4798629,911,924,-0.16770,-0.11310,-0.77220,0.79825,1003.25,1000,-3.25,50.25,202,2.2397,-0.2165,LOCK,2,misalignment
87,4798638,920,933,0.03900,-0.11310,-0.77220,0.78141,1003.27,1000,-3.27,50.25,202,2.2312,-0.3457,LOCK,2,misalignment
88,4798646,928,941,0.00390,0.12480,-0.85020,0.85932,1003.28,1000,-3.28,50.25,202,2.2296,-0.3698,LOCK,2,misalignment
89,4798711,993,1006,-0.02340,0.01560,-0.89700,0.89744,1003.31,1000,-3.31,50.25,202,2.2680,0.2117,LOCK,2,misalignment
90,4798720,1002,1015,0.15210,0.06630,-0.72540,0.74413,1003.33,1000,-3.33,50.25,202,2.2356,-0.2785,LOCK,2,misalignment
91,4798729,1011,1024,-0.10920,0.14820,-0.86190,0.88134,1003.36,1000,-3.36,50.25,202,2.2544,0.0066,LOCK,2,misalignment
92,4798737,1019,1032,-0.31590,0.00780,-0.70590,0.77340,1003.38,1000,-3.38,50.25,202,2.2468,-0.1094,LOCK,2,misalignment
93,4798745,1027,1040,-0.03120,-0.12870,-0.87360,0.88358,1003.41,1000,-3.41,50.25,202,2.2545,0.0078,LOCK,2,misalignment
94,4798755,1037,1050,-0.03120,-0.12870,-0.87360,0.88358,1003.43,1000,-3.43,50.25,202,2.2603,0.0951,LOCK,2,misalignment
95,4798764,1046,1059,-0.02340,-0.19500,-0.73710,0.76282,1003.44,1000,-3.44,50.25,202,2.2570,0.0460,LOCK,2,misalignment
96,4798772,1054,1067,0.13650,-0.01170,-0.83070,0.84192,1003.46,1000,-3.46,50.25,202,2.2326,-0.3246,LOCK,2,misalignment
97,4798781,1063,1076,0.15990,-0.01950,-0.72930,0.74688,1003.47,1000,-3.47,50.25,202,2.2538,-0.0035,LOCK,2,misalignment
98,4798789,1071,1084,-0.08580,0.17160,-0.79950,0.82220,1003.49,1000,-3.49,50.25,202,2.2408,-0.2004,LOCK,2,misalignment
99,4798798,1080,1093,-0.37440,-0.16380,-0.75660,0.85991,1003.50,1000,-3.50,50.25,202,2.2532,-0.0126,LOCK,2,misalignment
100,4798857,1139,1152,-0.26520,0.02340,-0.78000,0.82418,1003.54,1000,-3.54,50.25,202,2.2565,0.0377,LOCK,2,misalignment
101,4798865,1147,1160,-0.31200,0.08580,-0.73320,0.80143,1003.58,1000,-3.58,50.25,202,2.2583,0.0652,LOCK,2,misalignment
102,4798874,1156,1169,0.00000,-0.07410,-0.79950,0.80293,1003.62,1000,-3.62,50.25,202,2.2471,-0.1045,LOCK,2,misalignment
103,4798882,1164,1177,-0.10140,0.09360,-0.78390,0.79595,1003.65,1000,-3.65,50.25,202,2.2617,0.1174,LOCK,2,misalignment
104,4798890,1172,1185,0.08190,0.10530,-0.79170,0.80286,1003.68,1000,-3.68,50.25,202,2.2368,-0.2608,LOCK,2,misalignment
105,4798899,1181,1194,0.08190,0.10530,-0.79170,0.80286,1003.70,1000,-3.70,50.25,202,2.2479,-0.0929,LOCK,2,misalignment
106,4798919,1201,1214,-0.26520,0.08970,-0.76830,0.81772,1003.72,1000,-3.72,50.25,202,2.2645,0.1595,LOCK,2,misalignment
107,4798927,1209,1222,-0.26130,-0.13260,-0.85020,0.89928,1003.74,1000,-3.74,50.25,202,2.2279,-0.3960,LOCK,2,misalignment
108,4798936,1218,1231,0.05070,0.03510,-0.75270,0.75522,1003.76,1000,-3.76,50.25,202,2.2719,0.2719,LOCK,2,misalignment
109,4798944,1226,1239,-0.08580,0.07020,-0.93210,0.93867,1003.77,1000,-3.77,50.25,202,2.2532,-0.0123,LOCK,2,misalignment
110,4798953,1235,1248,0.16770,-0.03120,-0.66300,0.68459,1003.79,1000,-3.79,50.25,202,2.2359,-0.2748,LOCK,2,misalignment
111,4799019,1301,1314,0.01950,0.01170,-0.74880,0.74915,1003.81,1000,-3.81,50.25,202,2.2612,0.1092,LOCK,2,misalignment
112,4799028,1310,1323,-0.02730,0.09750,-0.80340,0.80975,1003.84,1000,-3.84,50.25,202,2.2290,-0.3795,LOCK,2,misalignment
113,4799036,1318,1331,-0.28860,0.07410,-0.78000,0.83497,1003.86,1000,-3.86,50.25,202,2.2560,0.0310,LOCK,2,misalignment
114,4799045,1327,1340,-0.16380,0.07020,-0.88920,0.90688,1003.88,1000,-3.88,50.25,202,2.2468,-0.1097,LOCK,2,misalignment
115,4799053,1335,1348,-0.16380,0.07020,-0.88920,0.90688,1003.90,1000,-3.90,50.25,202,2.2552,0.0185,LOCK,2,misalignment
116,4799064,1346,1359,-0.05850,-0.06240,-0.85800,0.86225,1003.91,1000,-3.91,50.25,202,2.2589,0.0741,LOCK,2,misalignment
117,4799073,1355,1368,-0.05850,-0.06240,-0.85800,0.86225,1003.92,1000,-3.92,50.25,202,2.2626,0.1308,LOCK,2,misalignment
118,4799081,1363,1376,0.16770,-0.08190,-0.64350,0.67002,1003.94,1000,-3.94,50.25,202,2.2541,0.0020,LOCK,2,misalignment
119,4799090,1372,1385,-0.19890,0.08580,-0.79950,0.82833,1003.96,1000,-3.96,50.25,202,2.2269,-0.4107,LOCK,2,misalignment
120,4799098,1380,1393,-0.35490,0.02340,-0.65520,0.74551,1003.97,1000,-3.97,50.25,202,2.2452,-0.1329,LOCK,2,misalignment
121,4799111,1393,1406,-0.06240,-0.04290,-0.79950,0.80308,1003.98,1000,-3.98,50.25,202,2.2465,-0.1137,LOCK,2,misalignment
122,4799124,1406,1419,-0.09750,-0.07020,-0.72930,0.73913,1004.00,1000,-4.00,50.25,202,2.2665,0.1901,LOCK,2,misalignment
123,4799133,1415,1428,0.07410,0.02340,-0.86190,0.86540,1004.01,1000,-4.01,50.25,202,2.2401,-0.2107,LOCK,2,misalignment
124,4799141,1423,1436,0.08190,-0.00390,-0.77220,0.77654,1004.02,1000,-4.02,50.25,202,2.2438,-0.1549,LOCK,2,misalignment
125,4799150,1432,1445,-0.16380,0.26910,-0.83850,0.89573,1004.04,1000,-4.04,50.25,202,2.2531,-0.0129,LOCK,2,misalignment
126,4799158,1440,1453,-0.37440,-0.01560,-0.86190,0.93984,1004.05,1000,-4.05,50.25,202,2.2491,-0.0740,LOCK,2,misalignment
127,4799166,1448,1461,0.03510,0.01950,-0.78000,0.78103,1004.07,1000,-4.07,50.25,202,2.2610,0.1067,LOCK,2,misalignment
128,4799175,1457,1470,0.03510,0.01950,-0.78000,0.78103,1004.08,1000,-4.08,50.25,202,2.2638,0.1485,LOCK,2,misalignment
129,4799183,1465,1478,0.01170,-0.07800,-0.85410,0.85773,1004.09,1000,-4.09,50.25,202,2.2417,-0.1869,LOCK,2,misalignment
130,4799192,1474,1487,0.08580,0.14430,-0.82290,0.83985,1004.10,1000,-4.10,50.25,202,2.2413,-0.1930,LOCK,2,misalignment
131,4799200,1482,1495,0.00390,0.01170,-0.72150,0.72161,1004.11,1000,-4.11,50.25,202,2.2332,-0.3154,LOCK,2,misalignment
132,4799213,1495,1508,-0.28860,0.00780,-0.76440,0.81710,1004.12,1000,-4.12,50.25,202,2.2523,-0.0264,LOCK,2,misalignment
133,4799223,1505,1518,-0.22620,-0.10530,-0.70590,0.74870,1004.13,1000,-4.13,50.25,202,2.2691,0.2294,LOCK,2,misalignment
134,4799232,1514,1527,0.00780,-0.04680,-0.76830,0.76976,1004.14,1000,-4.14,50.25,202,2.2626,0.1305,LOCK,2,misalignment
135,4799240,1522,1535,-0.07410,-0.01560,-0.80340,0.80696,1004.15,1000,-4.15,50.25,202,2.2581,0.0625,LOCK,2,misalignment
136,4799249,1531,1544,0.10530,-0.03120,-0.72540,0.73367,1004.15,1000,-4.15,50.25,202,2.2326,-0.3249,LOCK,2,misalignment
137,4799257,1539,1552,0.10530,-0.03120,-0.72540,0.73367,1004.17,1000,-4.17,50.25,202,2.2573,0.0499,LOCK,2,misalignment
138,4799325,1607,1620,-0.00390,0.12870,-0.79950,0.80980,1004.20,1000,-4.20,50.25,202,2.2624,0.1278,LOCK,2,misalignment
139,4799333,1615,1628,-0.29640,0.11700,-0.74100,0.80661,1004.22,1000,-4.22,50.25,202,2.2341,-0.3008,LOCK,2,misalignment
140,4799342,1624,1637,-0.11310,-0.08190,-0.85800,0.86929,1004.25,1000,-4.25,50.25,202,2.2603,0.0948,LOCK,2,misalignment
141,4799350,1632,1645,-0.11310,-0.08190,-0.85800,0.86929,1004.27,1000,-4.27,50.25,202,2.2486,-0.0822,LOCK,2,misalignment
142,4799359,1641,1654,0.00000,-0.16380,-0.71370,0.73226,1004.29,1000,-4.29,50.25,202,2.2511,-0.0435,LOCK,2,misalignment
143,4799370,1652,1665,0.09360,0.06630,-0.85020,0.85790,1004.30,1000,-4.30,50.25,202,2.2612,0.1092,LOCK,2,misalignment
144,4799379,1661,1674,0.02730,0.00780,-0.78390,0.78441,1004.32,1000,-4.32,50.25,202,2.2560,0.0307,LOCK,2,misalignment
145,4799387,1669,1682,-0.02730,0.05850,-0.70590,0.70885,1004.33,1000,-4.33,50.25,202,2.2350,-0.2883,LOCK,2,misalignment
146,4799396,1678,1691,-0.32370,-0.01560,-0.69810,0.76965,1004.34,1000,-4.34,50.25,202,2.2508,-0.0486,LOCK,2,misalignment
147,4799404,1686,1699,-0.10920,-0.05460,-0.74100,0.75099,1004.35,1000,-4.35,50.25,202,2.2498,-0.0636,LOCK,2,misalignment
148,4799471,1753,1766,-0.08190,0.01170,-0.90480,0.90857,1004.37,1000,-4.37,50.25,202,2.2589,0.0750,LOCK,2,misalignment
149,4799479,1761,1774,0.02730,0.03120,-0.82680,0.82784,1004.38,1000,-4.38,50.25,202,2.2697,0.2377,LOCK,2,misalignment
150,4799488,1770,1783,0.11700,0.13260,-0.92430,0.94106,1004.39,1000,-4.39,50.25,202,2.2390,-0.2269,LOCK,2,misalignment
151,4799496,1778,1791,-0.04680,0.00390,-0.76440,0.76584,1004.40,1000,-4.40,50.25,202,2.2600,0.0912,LOCK,2,misalignment
152,4799505,1787,1800,-0.17550,0.18720,-0.75270,0.79524,1004.42,1000,-4.42,50.25,202,2.2464,-0.1152,LOCK,2,misalignment
153,4799513,1795,1808,-0.17550,0.18720,-0.75270,0.79524,1004.43,1000,-4.43,50.25,202,2.2433,-0.1616,LOCK,2,misalignment
154,4799533,1815,1828,0.05460,-0.09750,-0.76830,0.77638,1004.44,1000,-4.44,50.25,202,2.2621,0.1223,LOCK,2,misalignment
155,4799541,1823,1836,-0.06240,0.01560,-0.86580,0.86819,1004.45,1000,-4.45,50.25,202,2.2315,-0.3414,LOCK,2,misalignment
156,4799550,1832,1845,0.13260,0.19500,-0.79950,0.83355,1004.46,1000,-4.46,50.25,202,2.2439,-0.1530,LOCK,2,misalignment
157,4799558,1840,1853,-0.03900,0.17550,-0.77220,0.79285,1004.48,1000,-4.48,50.25,202,2.2546,0.0090,LOCK,2,misalignment
158,4799567,1849,1862,-0.35880,0.12090,-0.78000,0.86704,1004.50,1000,-4.50,50.25,202,2.2523,-0.0261,LOCK,2,misalignment
159,4799627,1909,1922,0.09750,0.14820,-0.78000,0.79992,1004.50,1000,-4.50,50.25,202,2.2679,0.2105,LOCK,2,misalignment
160,4799636,1918,1931,-0.19110,0.12480,-0.77220,0.80522,1004.50,1000,-4.50,50.25,202,2.2627,0.1315,LOCK,2,misalignment
161,4799644,1926,1939,-0.21840,-0.07800,-0.82680,0.85871,1004.51,1000,-4.51,50.25,202,2.2383,-0.2385,LOCK,2,misalignment
162,4799653,1935,1948,0.07410,-0.08970,-0.72150,0.73082,1004.51,1000,-4.51,50.25,202,2.2399,-0.2138,LOCK,2,misalignment
163,4799661,1943,1956,0.05460,0.00000,-0.89700,0.89866,1004.51,1000,-4.51,50.25,202,2.2420,-0.1817,LOCK,2,misalignment
164,4799669,1951,1964,0.15600,0.13260,-0.73320,0.76125,1004.51,1000,-4.51,50.25,202,2.2533,-0.0102,LOCK,2,misalignment
165,4799678,1960,1973,0.15600,0.13260,-0.73320,0.76125,1004.52,1000,-4.52,50.25,202,2.2596,0.0851,LOCK,2,misalignment
166,4799686,1968,1981,-0.04680,0.00780,-0.75660,0.75809,1004.53,1000,-4.53,50.25,202,2.2627,0.1311,LOCK,2,misalignment
167,4799695,1977,1990,-0.29250,0.03510,-0.70200,0.76131,1004.54,1000,-4.54,50.25,202,2.2356,-0.2785,LOCK,2,misalignment
168,4799703,1985,1998,-0.10920,-0.15210,-0.86970,0.88963,1004.55,1000,-4.55,50.25,202,2.2468,-0.1091,LOCK,2,misalignment
169,4799712,1994,2007,-0.02730,-0.15990,-0.70590,0.72430,1004.55,1000,-4.55,50.25,202,2.2285,-0.3866,LOCK,2,misalignment
170,4799720,2002,2015,0.05070,0.03510,-0.81510,0.81743,1004.56,1000,-4.56,50.25,202,2.2587,0.0713,LOCK,2,misalignment
171,4799786,2068,2081,0.04680,0.10140,-0.80340,0.81112,1004.58,1000,-4.58,50.25,202,2.2681,0.2130,LOCK,2,misalignment
172,4799795,2077,2090,0.12090,-0.15600,-0.61230,0.64332,1004.60,1000,-4.60,50.25,202,2.2434,-0.1601,LOCK,2,misalignment
173,4799803,2085,2098,-0.15600,0.11700,-0.86580,0.88749,1004.63,1000,-4.63,50.25,202,2.2578,0.0573,LOCK,2,misalignment
174,4799811,2093,2106,-0.15600,0.11700,-0.86580,0.88749,1004.65,1000,-4.65,50.25,202,2.2460,-0.1207,LOCK,2,misalignment
175,4799820,2102,2115,-0.39000,0.00000,-0.71760,0.81673,1004.67,1000,-4.67,50.25,202,2.2484,-0.0847,LOCK,2,misalignment
176,4799833,2115,2128,-0.02340,-0.07410,-0.88140,0.88482,1004.69,1000,-4.69,50.25,202,2.2670,0.1974,LOCK,2,misalignment
177,4799842,2124,2137,-0.01170,-0.12870,-0.76830,0.77909,1004.71,1000,-4.71,50.25,202,2.2668,0.1940,LOCK,2,misalignment
178,4799850,2132,2145,0.09360,0.00390,-0.86580,0.87085,1004.72,1000,-4.72,50.25,202,2.2398,-0.2147,LOCK,2,misalignment
179,4799858,2140,2153,0.03120,0.17160,-0.85020,0.86791,1004.73,1000,-4.73,50.25,202,2.2459,-0.1222,LOCK,2,misalignment
180,4799867,2149,2162,-0.26130,0.04680,-0.75270,0.79814,1004.73,1000,-4.73,50.25,202,2.2562,0.0341,LOCK,2,misalignment
181,4799875,2157,2170,-0.35490,-0.19110,-0.83070,0.92333,1004.74,1000,-4.74,50.25,202,2.2314,-0.3417,LOCK,2,misalignment
182,4799936,2218,2231,-0.19500,-0.07800,-0.82290,0.84928,1004.77,1000,-4.77,50.25,202,2.2670,0.1977,LOCK,2,misalignment
183,4799945,2227,2240,-0.19500,-0.07800,-0.82290,0.84928,1004.80,1000,-4.80,50.25,202,2.2645,0.1595,LOCK,2,misalignment
184,4799953,2235,2248,0.03120,-0.00390,-0.78000,0.78063,1004.82,1000,-4.82,50.25,202,2.2463,-0.1161,LOCK,2,misalignment
185,4799962,2244,2257,0.06240,0.14820,-0.90480,0.91898,1004.84,1000,-4.84,50.25,202,2.2464,-0.1146,LOCK,2,misalignment
186,4799970,2252,2265,0.12480,-0.01950,-0.74880,0.75938,1004.86,1000,-4.86,50.25,202,2.2568,0.0426,LOCK,2,misalignment
187,4799986,2268,2281,0.12090,0.06630,-0.70200,0.71541,1004.88,1000,-4.88,50.25,202,2.2629,0.1345,LOCK,2,misalignment
188,4799994,2276,2289,-0.35880,0.07020,-0.74490,0.82978,1004.91,1000,-4.91,50.25,202,2.2715,0.2655,LOCK,2,misalignment
189,4800003,2285,2298,-0.21840,0.01560,-0.78780,0.81766,1004.92,1000,-4.92,50.25,202,2.2194,-0.5248,LOCK,2,misalignment
190,4800011,2293,2306,-0.00780,-0.19890,-0.68250,0.71093,1004.94,1000,-4.94,50.25,202,2.2517,-0.0355,LOCK,2,misalignment
191,4800019,2301,2314,-0.06630,0.01560,-0.86190,0.86459,1004.95,1000,-4.95,50.25,202,2.2462,-0.1189,LOCK,2,misalignment
192,4800033,2315,2328,0.10920,0.11310,-0.68250,0.70037,1004.98,1000,-4.98,50.25,202,2.2464,-0.1146,LOCK,2,misalignment
193,4800041,2323,2336,-0.12870,0.05460,-0.83460,0.84623,1005.00,1000,-5.00,50.25,202,2.2510,-0.0462,LOCK,2,misalignment
194,4800050,2332,2345,-0.34710,0.15600,-0.67860,0.77802,1005.02,1000,-5.02,50.25,202,2.2553,0.0200,LOCK,2,misalignment
195,4800058,2340,2353,-0.34710,0.15600,-0.67860,0.77802,1005.04,1000,-5.04,50.25,202,2.2635,0.1443,LOCK,2,misalignment
196,4800089,2371,2384,0.10140,0.09750,-0.94770,0.95808,1005.06,1000,-5.06,50.25,202,2.2695,0.2346,LOCK,2,misalignment
197,4800097,2379,2392,0.12480,-0.06630,-0.69420,0.70844,1005.08,1000,-5.08,50.25,202,2.2642,0.1547,LOCK,2,misalignment
198,4800106,2388,2401,-0.11700,0.31980,-0.86190,0.92673,1005.10,1000,-5.10,50.25,202,2.2260,-0.4235,LOCK,2,misalignment
199,4800114,2396,2409,-0.43290,-0.17160,-0.80340,0.92860,1005.12,1000,-5.12,50.25,202,2.2507,-0.0496,LOCK,2,misalignment
200,4800122,2404,2417,0.09360,0.00000,-0.74880,0.75463,1005.14,1000,-5.14,50.25,202,2.2439,-0.1527,LOCK,2,misalignment
201,4800134,2416,2429,0.02730,-0.07800,-0.81510,0.81928,1005.16,1000,-5.16,50.25,202,2.2558,0.0280,LOCK,2,misalignment
202,4800144,2426,2439,0.06240,0.04680,-0.78780,0.79165,1005.17,1000,-5.17,50.25,202,2.2626,0.1302,LOCK,2,misalignment
203,4800152,2434,2447,0.03510,0.06630,-0.67080,0.67498,1005.20,1000,-5.20,50.25,202,2.2696,0.2362,LOCK,2,misalignment
204,4800161,2443,2456,0.03510,0.06630,-0.67080,0.67498,1005.23,1000,-5.23,50.25,202,2.2654,0.1733,LOCK,2,misalignment
205,4800169,2451,2464,-0.23790,0.01950,-0.73320,0.77108,1005.25,1000,-5.25,50.25,202,2.2443,-0.1475,LOCK,2,misalignment
206,4800177,2459,2472,-0.23010,-0.09360,-0.70590,0.74833,1005.27,1000,-5.27,50.25,202,2.2537,-0.0047,LOCK,2,misalignment
207,4800191,2473,2486,-0.03120,-0.15210,-0.73320,0.74946,1005.29,1000,-5.29,50.25,202,2.2522,-0.0276,LOCK,2,misalignment
208,4800199,2481,2494,-0.03510,-0.09360,-0.74490,0.75158,1005.30,1000,-5.30,50.25,202,2.2444,-0.1457,LOCK,2,misalignment
209,4800242,2524,2537,-0.26520,-0.01170,-0.89700,0.93546,1005.33,1000,-5.33,50.25,202,2.2638,0.1492,LOCK,2,misalignment
210,4800251,2533,2546,0.06240,-0.03120,-0.81510,0.81808,1005.36,1000,-5.36,50.25,202,2.2680,0.2120,LOCK,2,misalignment
211,4800259,2541,2554,-0.12870,0.15990,-0.94770,0.96967,1005.39,1000,-5.39,50.25,202,2.2385,-0.2348,LOCK,2,misalignment
212,4800267,2549,2562,0.17550,0.17940,-0.72930,0.77127,1005.41,1000,-5.41,50.25,202,2.2496,-0.0667,LOCK,2,misalignment
213,4800276,2558,2571,0.01560,0.13260,-0.81900,0.82981,1005.43,1000,-5.43,50.25,202,2.2447,-0.1408,LOCK,2,misalignment
214,4800284,2566,2579,0.01560,0.13260,-0.81900,0.82981,1005.45,1000,-5.45,50.25,202,2.2523,-0.0254,LOCK,2,misalignment
215,4800293,2575,2588,-0.21840,0.12480,-0.74490,0.78622,1005.47,1000,-5.47,50.25,202,2.2652,0.1696,LOCK,2,misalignment
216,4800301,2583,2596,-0.17160,-0.08190,-0.88920,0.90930,1005.49,1000,-5.49,50.25,202,2.2637,0.1470,LOCK,2,misalignment
217,4800310,2592,2605,-0.00390,-0.05850,-0.71370,0.71610,1005.50,1000,-5.50,50.25,202,2.2521,-0.0285,LOCK,2,misalignment
218,4800318,2600,2613,0.11310,0.12090,-0.88140,0.89681,1005.52,1000,-5.52,50.25,202,2.2435,-0.1585,LOCK,2,misalignment
219,4800327,2609,2622,0.05070,0.07020,-0.75270,0.75766,1005.53,1000,-5.53,50.25,202,2.2440,-0.1512,LOCK,2,misalignment
220,4800339,2621,2634,-0.03120,0.09360,-0.68250,0.68959,1005.56,1000,-5.56,50.25,202,2.2679,0.2111,LOCK,2,misalignment
221,4800397,2679,2692,-0.18330,0.16380,-0.91260,0.94513,1005.61,1000,-5.61,50.25,202,2.2616,0.1147,LOCK,2,misalignment
222,4800406,2688,2701,-0.18330,0.16380,-0.91260,0.94513,1005.64,1000,-5.64,50.25,202,2.2654,0.1730,LOCK,2,misalignment
223,4800414,2696,2709,-0.28470,0.03900,-0.71760,0.77300,1005.68,1000,-5.68,50.25,202,2.2478,-0.0932,LOCK,2,misalignment
224,4800423,2705,2718,-0.06240,-0.06630,-0.89310,0.89773,1005.71,1000,-5.71,50.25,202,2.2382,-0.2394,LOCK,2,misalignment
225,4800431,2713,2726,0.02340,-0.05850,-0.77610,0.77865,1005.74,1000,-5.74,50.25,202,2.2320,-0.3341,LOCK,2,misalignment
226,4800442,2724,2737,0.08580,0.08970,-0.87750,0.88624,1005.76,1000,-5.76,50.25,202,2.2509,-0.0474,LOCK,2,misalignment
227,4800450,2732,2745,0.03120,-0.03510,-0.72540,0.72692,1005.78,1000,-5.78,50.25,202,2.2612,0.1086,LOCK,2,misalignment
228,4800459,2741,2754,0.03120,-0.03510,-0.72540,0.72692,1005.80,1000,-5.80,50.25,202,2.2344,-0.2968,LOCK,2,misalignment
229,4800467,2749,2762,-0.14820,0.10140,-0.76440,0.78521,1005.82,1000,-5.82,50.25,202,2.2558,0.0280,LOCK,2,misalignment
230,4800476,2758,2771,-0.34710,-0.11700,-0.83460,0.91144,1005.83,1000,-5.83,50.25,202,2.2376,-0.2489,LOCK,2,misalignment
231,4800484,2766,2779,0.05460,-0.08580,-0.75270,0.75954,1005.84,1000,-5.84,50.25,202,2.2639,0.1507,LOCK,2,misalignment
232,4800550,2832,2845,-0.05070,0.04680,-0.84240,0.84522,1005.87,1000,-5.87,50.25,202,2.2670,0.1974,LOCK,2,misalignment
233,4800558,2840,2853,-0.03120,0.09360,-0.89700,0.90241,1005.89,1000,-5.89,50.25,202,2.2476,-0.0972,LOCK,2,misalignment
234,4800566,2848,2861,0.12090,0.00000,-0.81510,0.82402,1005.91,1000,-5.91,50.25,202,2.2457,-0.1265,LOCK,2,misalignment
235,4800575,2857,2870,0.10920,0.12090,-0.73320,0.75108,1005.95,1000,-5.95,50.25,202,2.2523,-0.0251,LOCK,2,misalignment
236,4800604,2886,2899,0.06630,-0.11310,-0.68640,0.69881,1005.98,1000,-5.98,50.25,202,2.2680,0.2117,LOCK,2,misalignment
237,4800613,2895,2908,0.06630,-0.11310,-0.68640,0.69881,1006.02,1000,-6.02,50.25,202,2.2395,-0.2199,LOCK,2,misalignment
238,4800621,2903,2916,0.01560,0.05460,-0.88920,0.89101,1006.04,1000,-6.04,50.25,202,2.2703,0.2462,LOCK,2,misalignment
239,4800629,2911,2924,0.09750,0.05850,-0.70200,0.71115,1006.07,1000,-6.07,50.25,202,2.2327,-0.3222,LOCK,2,misalignment
240,4800638,2920,2933,-0.12870,0.03120,-0.81900,0.82964,1006.09,1000,-6.09,50.25,202,2.2508,-0.0490,LOCK,2,misalignment
241,4800703,2985,2998,-0.15210,0.25350,-0.82680,0.87806,1006.11,1000,-6.11,50.25,202,2.2663,0.1864,LOCK,2,misalignment
242,4800712,2994,3007,-0.41730,-0.05850,-0.76440,0.87285,1006.12,1000,-6.12,50.25,202,2.2624,0.1272,LOCK,2,misalignment
243,4800720,3002,3015,0.04680,-0.03510,-0.76050,0.76275,1006.14,1000,-6.14,50.25,202,2.2530,-0.0151,LOCK,2,misalignment
244,4800729,3011,3024,-0.00780,-0.08580,-0.77610,0.78087,1006.15,1000,-6.15,50.25,202,2.2421,-0.1808,LOCK,2,misalignment
245,4800748,3030,3043,0.12480,-0.13650,-0.66690,0.69207,1006.18,1000,-6.18,50.25,202,2.2678,0.2090,LOCK,2,misalignment
246,4800758,3040,3053,-0.15600,0.07410,-0.84630,0.86374,1006.21,1000,-6.21,50.25,202,2.2694,0.2337,LOCK,2,misalignment
247,4800767,3049,3062,-0.34710,-0.00780,-0.73320,0.81125,1006.23,1000,-6.23,50.25,202,2.2641,0.1531,LOCK,2,misalignment
248,4800775,3057,3070,-0.34710,-0.00780,-0.73320,0.81125,1006.25,1000,-6.25,50.25,202,2.2497,-0.0648,LOCK,2,misalignment
249,4800784,3066,3079,-0.02730,-0.08970,-0.85800,0.86311,1006.27,1000,-6.27,50.25,202,2.2423,-0.1772,LOCK,2,misalignment
250,4800856,3138,3151,-0.09750,-0.08580,-0.89700,0.90635,1006.30,1000,-6.30,50.25,202,2.2653,0.1711,LOCK,2,misalignment
251,4800868,3150,3163,0.17550,0.08970,-0.78390,0.80830,1006.32,1000,-6.32,50.25,202,2.2383,-0.2376,LOCK,2,misalignment
252,4800877,3159,3172,0.01560,0.03510,-0.86580,0.86665,1006.35,1000,-6.35,50.25,202,2.2588,0.0735,LOCK,2,misalignment
253,4800885,3167,3180,-0.25350,0.19890,-0.81900,0.88010,1006.37,1000,-6.37,50.25,202,2.2445,-0.1439,LOCK,2,misalignment
254,4800894,3176,3189,-0.27300,-0.07800,-0.87360,0.91858,1006.38,1000,-6.38,50.25,202,2.2595,0.0832,LOCK,2,misalignment
255,4800908,3190,3203,-0.03120,0.02730,-0.76050,0.76163,1006.40,1000,-6.40,50.25,202,2.2697,0.2374,LOCK,2,misalignment
256,4800916,3198,3211,0.06240,0.19890,-0.88530,0.90951,1006.42,1000,-6.42,50.25,202,2.2646,0.1604,LOCK,2,misalignment
257,4800925,3207,3220,0.05460,0.12480,-0.71760,0.73041,1006.43,1000,-6.43,50.25,202,2.2438,-0.1549,LOCK,2,misalignment
258,4800933,3215,3228,0.01950,0.14820,-0.70980,0.72537,1006.43,1000,-6.43,50.25,202,2.2533,-0.0105,LOCK,2,misalignment
259,4800941,3223,3236,-0.34710,-0.03510,-0.72930,0.80845,1006.44,1000,-6.44,50.25,202,2.2656,0.1757,LOCK,2,misalignment
260,4800958,3240,3253,-0.14430,0.06630,-0.81900,0.83425,1006.44,1000,-6.44,50.25,202,2.2627,0.1321,LOCK,2,misalignment
261,4800967,3249,3262,0.04680,-0.16380,-0.72150,0.74134,1006.45,1000,-6.45,50.25,202,2.2641,0.1531,LOCK,2,misalignment
262,4800976,3258,3271,0.01950,0.01170,-0.87360,0.87390,1006.45,1000,-6.45,50.25,202,2.2516,-0.0370,LOCK,2,misalignment
263,4800984,3266,3279,0.12480,0.09360,-0.70200,0.71912,1006.46,1000,-6.46,50.25,202,2.2460,-0.1213,LOCK,2,misalignment
264,4800992,3274,3287,0.12480,0.09360,-0.70200,0.71912,1006.48,1000,-6.48,50.25,202,2.2453,-0.1320,LOCK,2,misalignment
265,4801001,3283,3296,-0.19110,-0.01170,-0.79950,0.82210,1006.51,1000,-6.51,50.25,202,2.2522,-0.0267,LOCK,2,misalignment
266,4801009,3291,3304,-0.30420,0.06630,-0.67080,0.73953,1006.53,1000,-6.53,50.25,202,2.2615,0.1137,LOCK,2,misalignment
267,4801018,3300,3313,-0.07410,-0.08190,-0.85800,0.86508,1006.56,1000,-6.56,50.25,202,2.2584,0.0670,LOCK,2,misalignment
268,4801026,3308,3321,-0.00390,-0.10140,-0.73320,0.74019,1006.58,1000,-6.58,50.25,202,2.2523,-0.0264,LOCK,2,misalignment
269,4801035,3317,3330,0.09360,0.13650,-0.90480,0.91981,1006.59,1000,-6.59,50.25,202,2.2489,-0.0773,LOCK,2,misalignment
270,4801043,3325,3338,0.09360,0.13650,-0.90480,0.91981,1006.61,1000,-6.61,50.25,202,2.2703,0.2465,LOCK,2,misalignment
271,4801067,3349,3362,-0.42510,0.02730,-0.86580,0.96492,1006.63,1000,-6.63,50.25,202,2.2751,0.3192,LOCK,2,misalignment
272,4801075,3357,3370,0.06240,-0.08580,-0.81900,0.82584,1006.64,1000,-6.64,50.25,202,2.2395,-0.2193,LOCK,2,misalignment
273,4801084,3366,3379,0.06240,-0.08580,-0.81900,0.82584,1006.66,1000,-6.66,50.25,202,2.2456,-0.1280,LOCK,2,misalignment
274,4801092,3374,3387,-0.01950,-0.07410,-0.82290,0.82646,1006.67,1000,-6.67,50.25,202,2.2358,-0.2751,LOCK,2,misalignment
275,4801101,3383,3396,0.12870,0.15990,-0.85020,0.87463,1006.68,1000,-6.68,50.25,202,2.2598,0.0884,LOCK,2,misalignment
276,4801114,3396,3409,-0.00390,0.08580,-0.85410,0.85841,1006.70,1000,-6.70,50.25,202,2.2676,0.2059,LOCK,2,misalignment
277,4801122,3404,3417,-0.16770,0.05070,-0.76050,0.78042,1006.72,1000,-6.72,50.25,202,2.2617,0.1174,LOCK,2,misalignment
278,4801131,3413,3426,-0.27300,-0.07020,-0.85020,0.89571,1006.73,1000,-6.73,50.25,202,2.2543,0.0042,LOCK,2,misalignment
279,4801139,3421,3434,-0.03120,0.12090,-0.81510,0.82461,1006.74,1000,-6.74,50.25,202,2.2436,-0.1582,LOCK,2,misalignment
280,4801148,3430,3443,0.00780,0.01170,-0.90480,0.90491,1006.75,1000,-6.75,50.25,202,2.2520,-0.0306,LOCK,2,misalignment
281,4801159,3441,3454,0.14820,-0.02730,-0.81120,0.82508,1006.76,1000,-6.76,50.25,202,2.2558,0.0267,LOCK,2,misalignment
282,4801168,3450,3463,0.08970,0.17550,-0.77610,0.80074,1006.78,1000,-6.78,50.25,202,2.2659,0.1800,LOCK,2,misalignment
283,4801177,3459,3472,0.08970,0.17550,-0.77610,0.80074,1006.79,1000,-6.79,50.25,202,2.2473,-0.1021,LOCK,2,misalignment
284,4801185,3467,3480,-0.31980,0.21060,-0.86190,0.94313,1006.80,1000,-6.80,50.25,202,2.2702,0.2456,LOCK,2,misalignment
285,4801193,3475,3488,-0.27300,0.08190,-0.83070,0.87824,1006.82,1000,-6.82,50.25,202,2.2418,-0.1842,LOCK,2,misalignment
286,4801202,3484,3497,0.11700,-0.04680,-0.80340,0.81322,1006.83,1000,-6.83,50.25,202,2.2682,0.2151,LOCK,2,misalignment
287,4801212,3494,3507,0.03510,0.16380,-0.98670,1.00082,1006.83,1000,-6.83,50.25,202,2.2623,0.1253,LOCK,2,misalignment
288,4801221,3503,3516,0.09750,0.08970,-0.72930,0.74124,1006.84,1000,-6.84,50.25,202,2.2670,0.1974,LOCK,2,misalignment
289,4801229,3511,3524,-0.07410,0.06630,-0.80340,0.80953,1006.86,1000,-6.86,50.25,202,2.2665,0.1894,LOCK,2,misalignment
290,4801238,3520,3533,-0.07410,0.06630,-0.80340,0.80953,1006.87,1000,-6.87,50.25,202,2.2338,-0.3060,LOCK,2,misalignment
291,4801246,3528,3541,-0.21450,0.14040,-0.64350,0.69269,1006.88,1000,-6.88,50.25,202,2.2405,-0.2046,LOCK,2,misalignment
292,4801255,3537,3550,-0.18330,-0.14430,-0.82290,0.85533,1006.89,1000,-6.89,50.25,202,2.2551,0.0167,LOCK,2,misalignment
293,4801276,3558,3571,0.04290,0.09360,-0.84240,0.84867,1006.90,1000,-6.90,50.25,202,2.2658,0.1788,LOCK,2,misalignment
294,4801284,3566,3579,0.05070,0.01950,-0.67470,0.67688,1006.92,1000,-6.92,50.25,202,2.2470,-0.1063,LOCK,2,misalignment
295,4801292,3574,3587,-0.07020,0.14430,-0.76050,0.77725,1006.93,1000,-6.93,50.25,202,2.2489,-0.0776,LOCK,2,misalignment
296,4801301,3583,3596,-0.34320,-0.07410,-0.79170,0.86606,1006.95,1000,-6.95,50.25,202,2.2198,-0.5184,LOCK,2,misalignment
297,4801309,3591,3604,-0.34320,-0.07410,-0.79170,0.86606,1006.96,1000,-6.96,50.25,202,2.2485,-0.0828,LOCK,2,misalignment
298,4801318,3600,3613,0.01950,-0.15600,-0.72930,0.74605,1006.97,1000,-6.97,50.25,202,2.2684,0.2184,LOCK,2,misalignment
299,4801326,3608,3621,-0.01170,-0.16770,-0.76440,0.78267,1006.98,1000,-6.98,50.25,202,2.2388,-0.2297,LOCK,2,misalignment
300,4801335,3617,3630,0.08190,0.06240,-0.85410,0.86028,1006.99,1000,-6.99,50.25,202,2.2515,-0.0377,LOCK,2,misalignment
301,4801343,3625,3638,0.13260,0.03900,-0.75660,0.76912,1006.99,1000,-6.99,50.25,202,2.2492,-0.0734,LOCK,2,misalignment
302,4801352,3634,3647,-0.09750,0.25350,-0.90090,0.94095,1006.99,1000,-6.99,50.25,202,2.2423,-0.1772,LOCK,2,misalignment
303,4801370,3652,3665,-0.37830,0.01170,-0.79950,0.88456,1007.00,1000,-7.00,50.25,202,2.2573,0.0503,LOCK,2,misalignment
304,4801378,3660,3673,-0.08970,0.02340,-0.85020,0.85524,1007.00,1000,-7.00,50.25,202,2.2676,0.2053,LOCK,2,misalignment
305,4801387,3669,3682,0.06240,-0.12480,-0.71760,0.73104,1007.00,1000,-7.00,50.25,202,2.2535,-0.0077,LOCK,2,misalignment
306,4801395,3677,3690,0.05070,0.12090,-0.86580,0.87567,1007.00,1000,-7.00,50.25,202,2.2492,-0.0725,LOCK,2,misalignment
307,4801403,3685,3698,0.06630,0.10530,-0.67080,0.68224,1007.03,1000,-7.03,50.25,202,2.2525,-0.0224,LOCK,2,misalignment
308,4801417,3699,3712,-0.30420,-0.00780,-0.70590,0.76870,1007.05,1000,-7.05,50.25,202,2.2629,0.1354,LOCK,2,misalignment
309,4801425,3707,3720,-0.23790,-0.12870,-0.73710,0.78516,1007.08,1000,-7.08,50.25,202,2.2651,0.1675,LOCK,2,misalignment
310,4801434,3716,3729,-0.23790,-0.12870,-0.73710,0.78516,1007.10,1000,-7.10,50.25,202,2.2305,-0.3566,LOCK,2,misalignment
311,4801442,3724,3737,0.08580,-0.01170,-0.81510,0.81969,1007.11,1000,-7.11,50.25,202,2.2382,-0.2400,LOCK,2,misalignment
312,4801450,3732,3745,-0.04680,0.00780,-0.85800,0.85931,1007.13,1000,-7.13,50.25,202,2.2490,-0.0764,LOCK,2,misalignment
313,4801469,3751,3764,-0.01170,0.10920,-0.79170,0.79928,1007.13,1000,-7.13,50.25,202,2.2662,0.1849,LOCK,2,misalignment
314,4801483,3765,3778,-0.23790,0.16770,-0.71760,0.77438,1007.13,1000,-7.13,50.25,202,2.2645,0.1592,LOCK,2,misalignment
315,4801491,3773,3786,-0.28470,-0.09750,-0.80340,0.85791,1007.13,1000,-7.13,50.25,202,2.2587,0.0707,LOCK,2,misalignment
316,4801500,3782,3795,0.04680,0.01560,-0.75270,0.75431,1007.13,1000,-7.13,50.25,202,2.2516,-0.0364,LOCK,2,misalignment
317,4801508,3790,3803,-0.03120,0.18720,-0.94380,0.96269,1007.12,1000,-7.12,50.25,202,2.2446,-0.1417,LOCK,2,misalignment
318,4801517,3799,3812,0.07020,0.17160,-0.75270,0.77520,1007.12,1000,-7.12,50.25,202,2.2598,0.0884,LOCK,2,misalignment
319,4801525,3807,3820,0.07020,0.17160,-0.75270,0.77520,1007.13,1000,-7.13,50.25,202,2.2633,0.1403,LOCK,2,misalignment
320,4801534,3816,3829,0.10140,0.23010,-0.80730,0.84555,1007.14,1000,-7.14,50.25,202,2.2654,0.1730,LOCK,2,misalignment
321,4801542,3824,3837,-0.35100,0.04680,-0.85020,0.92099,1007.15,1000,-7.15,50.25,202,2.2610,0.1061,LOCK,2,misalignment
322,4801551,3833,3846,-0.13260,0.05850,-0.88140,0.89324,1007.16,1000,-7.16,50.25,202,2.2462,-0.1182,LOCK,2,misalignment
323,4801568,3850,3863,0.03510,0.10920,-0.86970,0.87723,1007.16,1000,-7.16,50.25,202,2.2562,0.0332,LOCK,2,misalignment
324,4801577,3859,3872,0.03510,0.10920,-0.86970,0.87723,1007.17,1000,-7.17,50.25,202,2.2615,0.1137,LOCK,2,misalignment
325,4801585,3867,3880,0.03120,0.03510,-0.72150,0.72303,1007.18,1000,-7.18,50.25,202,2.2390,-0.2278,LOCK,2,misalignment
326,4801594,3876,3889,-0.11310,0.16770,-0.75660,0.78317,1007.19,1000,-7.19,50.25,202,2.2587,0.0716,LOCK,2,misalignment
327,4801602,3884,3897,-0.29640,-0.01170,-0.66300,0.72633,1007.20,1000,-7.20,50.25,202,2.2459,-0.1228,LOCK,2,misalignment
328,4801611,3893,3906,-0.14430,-0.12090,-0.84240,0.86318,1007.21,1000,-7.21,50.25,202,2.2579,0.0588,LOCK,2,misalignment
329,4801624,3906,3919,0.06240,-0.21060,-0.67080,0.70585,1007.21,1000,-7.21,50.25,202,2.2615,0.1141,LOCK,2,misalignment
330,4801632,3914,3927,0.13260,0.03510,-0.88920,0.89972,1007.22,1000,-7.22,50.25,202,2.2686,0.2206,LOCK,2,misalignment
331,4801641,3923,3936,0.20280,-0.01950,-0.65520,0.68615,1007.25,1000,-7.25,50.25,202,2.2556,0.0249,LOCK,2,misalignment
332,4801649,3931,3944,-0.17160,0.14820,-0.83850,0.86861,1007.27,1000,-7.27,50.25,202,2.2476,-0.0963,LOCK,2,misalignment
333,4801658,3940,3953,-0.17160,0.14820,-0.83850,0.86861,1007.29,1000,-7.29,50.25,202,2.2529,-0.0166,LOCK,2,misalignment
334,4801670,3952,3965,0.03900,-0.09360,-0.85410,0.86010,1007.30,1000,-7.30,50.25,202,2.2516,-0.0361,LOCK,2,misalignment
335,4801683,3965,3978,-0.00780,-0.12480,-0.82680,0.83620,1007.32,1000,-7.32,50.25,202,2.2657,0.1778,LOCK,2,misalignment
336,4801692,3974,3987,0.11700,0.03120,-0.84240,0.85106,1007.33,1000,-7.33,50.25,202,2.2423,-0.1775,LOCK,2,misalignment
337,4801700,3982,3995,0.11700,0.03120,-0.84240,0.85106,1007.33,1000,-7.33,50.25,202,2.2407,-0.2016,LOCK,2,misalignment
338,4801708,3990,4003,-0.01560,0.05460,-0.81120,0.81319,1007.32,1000,-7.32,50.25,202,2.2365,-0.2654,LOCK,2,misalignment
339,4801717,3999,4012,-0.14820,0.08190,-0.67470,0.69562,1007.32,1000,-7.32,50.25,202,2.2438,-0.1552,LOCK,2,misalignment
340,4801726,4008,4021,-0.33540,-0.10920,-0.79170,0.86672,1007.31,1000,-7.31,50.25,202,2.2638,0.1488,LOCK,2,misalignment
341,4801734,4016,4029,-0.02340,-0.01950,-0.72150,0.72214,1007.31,1000,-7.31,50.25,202,2.2640,0.1516,LOCK,2,misalignment
342,4801743,4025,4038,-0.08580,-0.03900,-0.81900,0.82441,1007.31,1000,-7.31,50.25,202,2.2516,-0.0370,LOCK,2,misalignment
343,4801751,4033,4046,-0.08580,-0.03900,-0.81900,0.82441,1007.30,1000,-7.30,50.25,202,2.2518,-0.0334,LOCK,2,misalignment
344,4801759,4041,4054,0.08580,0.08580,-0.79560,0.80480,1007.32,1000,-7.32,50.25,202,2.2660,0.1821,LOCK,2,misalignment
345,4801772,4054,4067,-0.31200,0.03120,-0.79560,0.85516,1007.33,1000,-7.33,50.25,202,2.2533,-0.0102,LOCK,2,misalignment
346,4801781,4063,4076,-0.31200,0.03120,-0.79560,0.85516,1007.34,1000,-7.34,50.25,202,2.2595,0.0838,LOCK,2,misalignment
347,4801789,4071,4084,-0.16770,-0.05070,-0.71760,0.73868,1007.36,1000,-7.36,50.25,202,2.2661,0.1827,LOCK,2,misalignment
348,4801798,4080,4093,0.06240,-0.04680,-0.79560,0.79941,1007.37,1000,-7.37,50.25,202,2.2625,0.1281,LOCK,2,misalignment
349,4801806,4088,4101,-0.05460,0.11700,-0.88530,0.89467,1007.37,1000,-7.37,50.25,202,2.2543,0.0042,LOCK,2,misalignment
350,4801815,4097,4110,0.11700,0.08970,-0.69810,0.71350,1007.38,1000,-7.38,50.25,202,2.2586,0.0698,LOCK,2,misalignment
351,4801826,4108,4121,0.00780,0.14820,-0.81900,0.83234,1007.39,1000,-7.39,50.25,202,2.2657,0.1775,LOCK,2,misalignment
352,4801876,4158,4171,0.09360,0.19110,-0.75660,0.78595,1007.39,1000,-7.39,50.25,202,2.2592,0.0780,LOCK,2,misalignment
353,4801889,4171,4184,-0.07800,0.11310,-0.83460,0.84583,1007.40,1000,-7.40,50.25,202,2.2616,0.1150,LOCK,2,misalignment
354,4801897,4179,4192,-0.33540,0.03510,-0.80730,0.87490,1007.41,1000,-7.41,50.25,202,2.2351,-0.2861,LOCK,2,misalignment
355,4801906,4188,4201,-0.03900,-0.08970,-0.85020,0.85581,1007.42,1000,-7.42,50.25,202,2.2485,-0.0828,LOCK,2,misalignment
356,4801914,4196,4209,-0.03900,-0.08970,-0.85020,0.85581,1007.43,1000,-7.43,50.25,202,2.2582,0.0637,LOCK,2,misalignment
357,4801923,4205,4218,-0.05460,-0.20280,-0.77220,0.80025,1007.43,1000,-7.43,50.25,202,2.2485,-0.0831,LOCK,2,misalignment
358,4801931,4213,4226,0.03510,0.06630,-0.78390,0.78748,1007.44,1000,-7.44,50.25,202,2.2574,0.0509,LOCK,2,misalignment
359,4801940,4222,4235,0.07020,0.01170,-0.70590,0.70948,1007.44,1000,-7.44,50.25,202,2.2642,0.1547,LOCK,2,misalignment
360,4801948,4230,4243,-0.10140,0.19890,-0.73320,0.76644,1007.45,1000,-7.45,50.25,202,2.2491,-0.0737,LOCK,2,misalignment
361,4801957,4239,4252,-0.10140,0.19890,-0.73320,0.76644,1007.45,1000,-7.45,50.25,202,2.2540,-0.0007,LOCK,2,misalignment
362,4801965,4247,4260,-0.39000,-0.02340,-0.76830,0.86194,1007.45,1000,-7.45,50.25,202,2.2437,-0.1561,LOCK,2,misalignment
363,4801978,4260,4273,0.08190,-0.08580,-0.78780,0.79668,1007.45,1000,-7.45,50.25,202,2.2517,-0.0355,LOCK,2,misalignment
364,4801986,4268,4281,0.08190,-0.08580,-0.78780,0.79668,1007.46,1000,-7.46,50.25,202,2.2693,0.2319,LOCK,2,misalignment
365,4801995,4277,4290,0.07800,0.20280,-0.90480,0.93052,1007.46,1000,-7.46,50.25,202,2.2436,-0.1573,LOCK,2,misalignment
366,4802003,4285,4298,0.11700,0.01560,-0.67470,0.68495,1007.45,1000,-7.45,50.25,202,2.2599,0.0890,LOCK,2,misalignment
367,4802012,4294,4307,-0.28080,0.00780,-0.79560,0.84374,1007.45,1000,-7.45,50.25,202,2.2419,-0.1833,LOCK,2,misalignment
368,4802020,4302,4315,-0.31590,0.06630,-0.78390,0.84775,1007.44,1000,-7.44,50.25,202,2.2559,0.0295,LOCK,2,misalignment
369,4802032,4314,4327,0.06240,-0.03510,-0.86970,0.87264,1007.44,1000,-7.44,50.25,202,2.2638,0.1479,LOCK,2,misalignment
370,4802041,4323,4336,-0.08190,0.08190,-0.83850,0.84646,1007.43,1000,-7.43,50.25,202,2.2681,0.2139,LOCK,2,misalignment
371,4802049,4331,4344,-0.08190,0.08190,-0.83850,0.84646,1007.43,1000,-7.43,50.25,202,2.2382,-0.2391,LOCK,2,misalignment
372,4802058,4340,4353,0.12090,0.14040,-0.80340,0.82449,1007.45,1000,-7.45,50.25,202,2.2594,0.0817,LOCK,2,misalignment
373,4802066,4348,4361,-0.08580,0.09360,-0.79560,0.80567,1007.47,1000,-7.47,50.25,202,2.2575,0.0527,LOCK,2,misalignment
374,4802074,4356,4369,-0.24180,0.09360,-0.72540,0.77035,1007.49,1000,-7.49,50.25,202,2.2478,-0.0944,LOCK,2,misalignment
375,4802093,4375,4388,0.05070,0.01170,-0.75270,0.75450,1007.50,1000,-7.50,50.25,202,2.2631,0.1376,LOCK,2,misalignment
376,4802102,4384,4397,-0.09360,0.04680,-0.90870,0.91471,1007.52,1000,-7.52,50.25,202,2.2448,-0.1399,LOCK,2,misalignment
377,4802110,4392,4405,-0.09360,0.04680,-0.90870,0.91471,1007.53,1000,-7.53,50.25,202,2.2413,-0.1930,LOCK,2,misalignment
378,4802119,4401,4414,0.12480,-0.03900,-0.68640,0.69874,1007.54,1000,-7.54,50.25,202,2.2377,-0.2464,LOCK,2,misalignment
379,4802127,4409,4422,0.12480,0.12870,-0.75270,0.77375,1007.54,1000,-7.54,50.25,202,2.2492,-0.0734,LOCK,2,misalignment
380,4802136,4418,4431,-0.34710,0.14820,-0.79950,0.88411,1007.55,1000,-7.55,50.25,202,2.2566,0.0399,LOCK,2,misalignment
381,4802144,4426,4439,-0.18720,-0.02730,-0.84240,0.86338,1007.56,1000,-7.56,50.25,202,2.2641,0.1528,LOCK,2,misalignment
382,4802153,4435,4448,0.00390,-0.14040,-0.78000,0.79254,1007.56,1000,-7.56,50.25,202,2.2397,-0.2168,LOCK,2,misalignment
383,4802161,4443,4456,0.00390,-0.14040,-0.78000,0.79254,1007.56,1000,-7.56,50.25,202,2.2479,-0.0929,LOCK,2,misalignment
384,4802170,4452,4465,0.05850,0.08190,-0.87750,0.88325,1007.57,1000,-7.57,50.25,202,2.2376,-0.2480,LOCK,2,misalignment
385,4802178,4460,4473,0.04680,0.01560,-0.78390,0.78545,1007.59,1000,-7.59,50.25,202,2.2632,0.1397,LOCK,2,misalignment
386,4802190,4472,4485,-0.03900,0.10530,-0.78390,0.79190,1007.60,1000,-7.60,50.25,202,2.2671,0.1992,LOCK,2,misalignment
387,4802199,4481,4494,-0.29250,0.02340,-0.69030,0.75008,1007.62,1000,-7.62,50.25,202,2.2646,0.1604,LOCK,2,misalignment
388,4802207,4489,4502,-0.17940,0.03120,-0.79170,0.81237,1007.63,1000,-7.63,50.25,202,2.2518,-0.0340,LOCK,2,misalignment
389,4802216,4498,4511,0.01950,-0.16770,-0.65910,0.68038,1007.64,1000,-7.64,50.25,202,2.2327,-0.3234,LOCK,2,misalignment
390,4802224,4506,4519,-0.04290,-0.00780,-0.85020,0.85132,1007.65,1000,-7.65,50.25,202,2.2599,0.0899,LOCK,2,misalignment
391,4802234,4516,4529,-0.04290,-0.00780,-0.85020,0.85132,1007.66,1000,-7.66,50.25,202,2.2635,0.1443,LOCK,2,misalignment
392,4802242,4524,4537,0.19110,-0.05070,-0.63180,0.66201,1007.67,1000,-7.67,50.25,202,2.2623,0.1250,LOCK,2,misalignment
393,4802251,4533,4546,-0.16770,0.09750,-0.82290,0.84545,1007.68,1000,-7.68,50.25,202,2.2458,-0.1243,LOCK,2,misalignment
394,4802259,4541,4554,-0.37830,-0.05460,-0.72930,0.82339,1007.68,1000,-7.68,50.25,202,2.2558,0.0267,LOCK,2,misalignment
395,4802268,4550,4563,0.03120,-0.07020,-0.85410,0.85755,1007.69,1000,-7.69,50.25,202,2.2439,-0.1536,LOCK,2,misalignment
396,4802276,4558,4571,0.00000,0.00390,-0.79560,0.79561,1007.69,1000,-7.69,50.25,202,2.2421,-0.1802,LOCK,2,misalignment
397,4802299,4581,4594,0.02730,0.10140,-0.76830,0.77544,1007.70,1000,-7.70,50.25,202,2.2639,0.1507,LOCK,2,misalignment
398,4802308,4590,4603,-0.19500,0.21060,-0.78000,0.83113,1007.70,1000,-7.70,50.25,202,2.2438,-0.1546,LOCK,2,misalignment
399,4802316,4598,4611,-0.31590,-0.03900,-0.87360,0.92978,1007.71,1000,-7.71,50.25,202,2.2282,-0.3902,LOCK,2,misalignment
400,4802325,4607,4620,-0.31590,-0.03900,-0.87360,0.92978,1007.71,1000,-7.71,50.25,202,2.2515,-0.0383,LOCK,2,misalignment
401,4802333,4615,4628,-0.01560,-0.03510,-0.81900,0.81990,1007.72,1000,-7.72,50.25,202,2.2505,-0.0523,LOCK,2,misalignment
402,4802342,4624,4637,-0.05850,-0.00390,-0.89310,0.89502,1007.72,1000,-7.72,50.25,202,2.2672,0.1998,LOCK,2,misalignment
403,4802350,4632,4645,0.00000,0.23400,-0.81510,0.84802,1007.73,1000,-7.73,50.25,202,2.2340,-0.3029,LOCK,2,misalignment
404,4802359,4641,4654,-0.03510,0.03900,-0.70590,0.70785,1007.73,1000,-7.73,50.25,202,2.2437,-0.1555,LOCK,2,misalignment
405,4802367,4649,4662,-0.03510,0.03900,-0.70590,0.70785,1007.74,1000,-7.74,50.25,202,2.2529,-0.0169,LOCK,2,misalignment
406,4802376,4658,4671,-0.32370,0.07020,-0.78000,0.84741,1007.74,1000,-7.74,50.25,202,2.2338,-0.3054,LOCK,2,misalignment
407,4802393,4675,4688,-0.00390,-0.06240,-0.74490,0.74752,1007.75,1000,-7.75,50.25,202,2.2732,0.2911,LOCK,2,misalignment
408,4802401,4683,4696,-0.06630,0.04290,-0.83070,0.83445,1007.75,1000,-7.75,50.25,202,2.2648,0.1641,LOCK,2,misalignment
409,4802410,4692,4705,0.08190,-0.02730,-0.65910,0.66473,1007.76,1000,-7.76,50.25,202,2.2373,-0.2535,LOCK,2,misalignment
410,4802418,4700,4713,0.08190,-0.02730,-0.65910,0.66473,1007.78,1000,-7.78,50.25,202,2.2495,-0.0679,LOCK,2,misalignment
411,4802426,4708,4721,0.05460,0.11700,-0.75660,0.76754,1007.80,1000,-7.80,50.25,202,2.2462,-0.1189,LOCK,2,misalignment
412,4802435,4717,4730,-0.23010,0.07020,-0.72930,0.76795,1007.82,1000,-7.82,50.25,202,2.2538,-0.0032,LOCK,2,misalignment
413,4802443,4725,4738,-0.20280,-0.02730,-0.86580,0.88965,1007.83,1000,-7.83,50.25,202,2.2621,0.1226,LOCK,2,misalignment
414,4802452,4734,4747,0.05850,-0.14040,-0.69030,0.70686,1007.85,1000,-7.85,50.25,202,2.2642,0.1547,LOCK,2,misalignment
415,4802460,4742,4755,0.08970,0.07800,-0.90480,0.91258,1007.86,1000,-7.86,50.25,202,2.2488,-0.0786,LOCK,2,misalignment
416,4802469,4751,4764,0.08970,0.07800,-0.90480,0.91258,1007.87,1000,-7.87,50.25,202,2.2405,-0.2040,LOCK,2,misalignment
417,4802477,4759,4772,0.13650,0.03900,-0.66300,0.67803,1007.87,1000,-7.87,50.25,202,2.2432,-0.1640,LOCK,2,misalignment
418,4802486,4768,4781,-0.08190,0.10530,-0.81120,0.82210,1007.87,1000,-7.87,50.25,202,2.2542,0.0036,LOCK,2,misalignment
419,4802503,4785,4798,-0.08190,-0.02730,-0.92430,0.92832,1007.87,1000,-7.87,50.25,202,2.2692,0.2310,LOCK,2,misalignment
420,4802511,4793,4806,-0.08190,-0.14040,-0.78780,0.80439,1007.87,1000,-7.87,50.25,202,2.2548,0.0121,LOCK,2,misalignment
421,4802520,4802,4815,-0.08190,-0.14040,-0.78780,0.80439,1007.87,1000,-7.87,50.25,202,2.2313,-0.3441,LOCK,2,misalignment
422,4802528,4810,4823,0.03120,0.06240,-0.90870,0.91137,1007.87,1000,-7.87,50.25,202,2.2502,-0.0572,LOCK,2,misalignment
423,4802537,4819,4832,0.08580,-0.07020,-0.74880,0.75696,1007.88,1000,-7.88,50.25,202,2.2519,-0.0322,LOCK,2,misalignment
424,4802545,4827,4840,-0.08970,0.19500,-0.76050,0.79021,1007.89,1000,-7.89,50.25,202,2.2663,0.1870,LOCK,2,misalignment
425,4802554,4836,4849,-0.46800,-0.18720,-0.67080,0.83907,1007.91,1000,-7.91,50.25,202,2.2679,0.2105,LOCK,2,misalignment
426,4802562,4844,4857,-0.46800,-0.18720,-0.67080,0.83907,1007.92,1000,-7.92,50.25,202,2.2248,-0.4418,LOCK,2,misalignment
427,4802571,4853,4866,-0.01950,-0.01560,-0.74100,0.74142,1007.93,1000,-7.93,50.25,202,2.2541,0.0017,LOCK,2,misalignment
428,4802579,4861,4874,0.03120,-0.19890,-0.74100,0.76786,1007.93,1000,-7.93,50.25,202,2.2447,-0.1402,LOCK,2,misalignment
429,4802587,4869,4882,0.08970,-0.08580,-0.85800,0.86693,1007.94,1000,-7.94,50.25,202,2.2538,-0.0026,LOCK,2,misalignment
430,4802606,4888,4901,-0.25740,0.05460,-0.81900,0.86023,1007.95,1000,-7.95,50.25,202,2.2575,0.0536,LOCK,2,misalignment
431,4802615,4897,4910,-0.28470,0.07410,-0.75660,0.81178,1007.96,1000,-7.96,50.25,202,2.2406,-0.2025,LOCK,2,misalignment
432,4802623,4905,4918,-0.28470,0.07410,-0.75660,0.81178,1007.96,1000,-7.96,50.25,202,2.2552,0.0176,LOCK,2,misalignment
433,4802631,4913,4926,0.03120,-0.03120,-0.83850,0.83966,1007.97,1000,-7.97,50.25,202,2.2525,-0.0227,LOCK,2,misalignment
434,4802640,4922,4935,-0.03510,-0.04290,-0.79560,0.79753,1007.97,1000,-7.97,50.25,202,2.2496,-0.0667,LOCK,2,misalignment
435,4802648,4930,4943,0.02730,0.21840,-0.81510,0.84429,1007.98,1000,-7.98,50.25,202,2.2649,0.1644,LOCK,2,misalignment
436,4802657,4939,4952,-0.06240,0.09750,-0.77220,0.78083,1007.99,1000,-7.99,50.25,202,2.2661,0.1830,LOCK,2,misalignment
437,4802665,4947,4960,-0.26910,0.15600,-0.78390,0.84336,1008.01,1000,-8.01,50.25,202,2.2368,-0.2605,LOCK,2,misalignment
438,4802674,4956,4969,-0.26910,0.15600,-0.78390,0.84336,1008.02,1000,-8.02,50.25,202,2.2526,-0.0212,LOCK,2,misalignment
439,4802682,4964,4977,-0.25350,-0.09360,-0.88530,0.92562,1008.03,1000,-8.03,50.25,202,2.2495,-0.0679,LOCK,2,misalignment
440,4802695,4977,4990,0.07410,-0.03120,-0.76050,0.76474,1008.04,1000,-8.04,50.25,202,2.2552,0.0182,LOCK,2,misalignment
441,4802710,4992,5005,0.12480,0.07020,-0.73320,0.74705,1008.05,1000,-8.05,50.25,202,2.2656,0.1751,LOCK,2,misalignment
442,4802719,5001,5014,0.01950,0.10920,-0.78000,0.78785,1008.08,1000,-8.08,50.25,202,2.2438,-0.1543,LOCK,2,misalignment
443,4802727,5009,5022,-0.33540,0.08970,-0.78000,0.85378,1008.10,1000,-8.10,50.25,202,2.2513,-0.0416,LOCK,2,misalignment
444,4802735,5017,5030,-0.33540,0.08970,-0.78000,0.85378,1008.12,1000,-8.12,50.25,202,2.2506,-0.0508,LOCK,2,misalignment
445,4802744,5026,5039,-0.16770,-0.16770,-0.77610,0.81153,1008.14,1000,-8.14,50.25,202,2.2517,-0.0349,LOCK,2,misalignment
446,4802752,5034,5047,-0.05070,-0.14820,-0.71370,0.73069,1008.16,1000,-8.16,50.25,202,2.2667,0.1922,LOCK,2,misalignment
447,4802761,5043,5056,0.05460,0.10140,-0.83070,0.83865,1008.17,1000,-8.17,50.25,202,2.2618,0.1189,LOCK,2,misalignment
448,4802769,5051,5064,0.01170,0.03900,-0.73710,0.73822,1008.19,1000,-8.19,50.25,202,2.2455,-0.1289,LOCK,2,misalignment
449,4802778,5060,5073,-0.02730,0.14040,-0.71760,0.73172,1008.18,1000,-8.18,50.25,202,2.2318,-0.3362,LOCK,2,misalignment
450,4802786,5068,5081,-0.02730,0.14040,-0.71760,0.73172,1008.17,1000,-8.17,50.25,202,2.2372,-0.2547,LOCK,2,misalignment
451,4802797,5079,5092,-0.37830,0.13260,-0.70590,0.81178,1008.16,1000,-8.16,50.25,202,2.2598,0.0878,LOCK,2,misalignment
452,4802806,5088,5101,-0.15210,0.08190,-0.76830,0.78748,1008.16,1000,-8.16,50.25,202,2.2598,0.0875,LOCK,2,misalignment
453,4802814,5096,5109,-0.03120,-0.20280,-0.67860,0.70894,1008.15,1000,-8.15,50.25,202,2.2347,-0.2932,LOCK,2,misalignment
454,4802823,5105,5118,-0.03900,-0.03900,-0.82290,0.82475,1008.15,1000,-8.15,50.25,202,2.2599,0.0893,LOCK,2,misalignment
455,4802831,5113,5126,0.15990,-0.08580,-0.58500,0.61250,1008.16,1000,-8.16,50.25,202,2.2493,-0.0706,LOCK,2,misalignment
456,4802840,5122,5135,-0.20670,0.12870,-0.82680,0.86191,1008.17,1000,-8.17,50.25,202,2.2501,-0.0593,LOCK,2,misalignment
457,4802851,5133,5146,-0.33150,-0.07410,-0.65910,0.74148,1008.18,1000,-8.18,50.25,202,2.2588,0.0735,LOCK,2,misalignment
458,4802860,5142,5155,-0.33150,-0.07410,-0.65910,0.74148,1008.19,1000,-8.19,50.25,202,2.2631,0.1372,LOCK,2,misalignment
459,4802868,5150,5163,-0.06240,-0.05070,-0.79950,0.80353,1008.20,1000,-8.20,50.25,202,2.2420,-0.1823,LOCK,2,misalignment
460,4802876,5158,5171,-0.04680,-0.05850,-0.70980,0.71374,1008.20,1000,-8.20,50.25,202,2.2553,0.0197,LOCK,2,misalignment
461,4802885,5167,5180,0.14040,-0.05460,-0.79950,0.81357,1008.21,1000,-8.21,50.25,202,2.2510,-0.0456,LOCK,2,misalignment
462,4802893,5175,5188,-0.03120,-0.02340,-0.67470,0.67583,1008.22,1000,-8.22,50.25,202,2.2516,-0.0370,LOCK,2,misalignment
463,4802915,5197,5210,-0.35880,-0.24180,-0.80730,0.91594,1008.23,1000,-8.23,50.25,202,2.2641,0.1537,LOCK,2,misalignment
464,4802923,5205,5218,0.08970,-0.04680,-0.73320,0.74015,1008.23,1000,-8.23,50.25,202,2.2469,-0.1079,LOCK,2,misalignment
465,4802931,5213,5226,0.08970,-0.04680,-0.73320,0.74015,1008.24,1000,-8.24,50.25,202,2.2383,-0.2385,LOCK,2,misalignment
466,4802940,5222,5235,-0.03510,-0.04290,-0.83070,0.83255,1008.25,1000,-8.25,50.25,202,2.2677,0.2075,LOCK,2,misalignment
467,4802948,5230,5243,0.12870,0.04680,-0.74100,0.75355,1008.25,1000,-8.25,50.25,202,2.2475,-0.0984,LOCK,2,misalignment
468,4802957,5239,5252,-0.00780,0.10530,-0.71760,0.72533,1008.26,1000,-8.26,50.25,202,2.2606,0.0994,LOCK,2,misalignment
469,4802965,5247,5260,-0.29250,0.10530,-0.76830,0.82881,1008.27,1000,-8.27,50.25,202,2.2625,0.1293,LOCK,2,misalignment
470,4802974,5256,5269,-0.19500,-0.04290,-0.76050,0.78627,1008.28,1000,-8.28,50.25,202,2.2377,-0.2477,LOCK,2,misalignment
471,4802982,5264,5277,-0.19500,-0.04290,-0.76050,0.78627,1008.28,1000,-8.28,50.25,202,2.2364,-0.2669,LOCK,2,misalignment
472,4802991,5273,5286,0.02730,-0.15600,-0.76440,0.78063,1008.29,1000,-8.29,50.25,202,2.2443,-0.1466,LOCK,2,misalignment
473,4803007,5289,5302,0.12480,0.03900,-0.75660,0.76781,1008.30,1000,-8.30,50.25,202,2.2677,0.2078,LOCK,2,misalignment
474,4803016,5298,5311,0.10920,0.13260,-0.75660,0.77585,1008.30,1000,-8.30,50.25,202,2.2686,0.2212,LOCK,2,misalignment
475,4803024,5306,5319,-0.22230,0.03510,-0.74880,0.78189,1008.30,1000,-8.30,50.25,202,2.2360,-0.2730,LOCK,2,misalignment
476,4803033,5315,5328,-0.22230,0.03510,-0.74880,0.78189,1008.30,1000,-8.30,50.25,202,2.2544,0.0060,LOCK,2,misalignment
477,4803041,5323,5336,-0.21450,-0.07410,-0.83070,0.86114,1008.30,1000,-8.30,50.25,202,2.2489,-0.0770,LOCK,2,misalignment
478,4803049,5331,5344,0.07020,-0.15210,-0.69420,0.71413,1008.31,1000,-8.31,50.25,202,2.2451,-0.1344,LOCK,2,misalignment
479,4803058,5340,5353,0.03120,0.05070,-0.89700,0.89897,1008.31,1000,-8.31,50.25,202,2.2600,0.0915,LOCK,2,misalignment
480,4803066,5348,5361,0.12870,0.11310,-0.70980,0.73019,1008.31,1000,-8.31,50.25,202,2.2677,0.2072,LOCK,2,misalignment
481,4803075,5357,5370,0.12870,0.11310,-0.70980,0.73019,1008.31,1000,-8.31,50.25,202,2.2405,-0.2043,LOCK,2,misalignment
482,4803083,5365,5378,-0.09750,0.08970,-0.79560,0.80656,1008.31,1000,-8.31,50.25,202,2.2564,0.0356,LOCK,2,misalignment
483,4803092,5374,5387,-0.33930,0.07410,-0.66300,0.74845,1008.31,1000,-8.31,50.25,202,2.2473,-0.1011,LOCK,2,misalignment
484,4803117,5399,5412,0.04680,0.01950,-0.83070,0.83225,1008.32,1000,-8.32,50.25,202,2.2679,0.2105,LOCK,2,misalignment
485,4803125,5407,5420,0.04680,0.01950,-0.83070,0.83225,1008.32,1000,-8.32,50.25,202,2.2446,-0.1417,LOCK,2,misalignment
486,4803134,5416,5429,0.09360,0.08580,-0.70980,0.72107,1008.31,1000,-8.31,50.25,202,2.2406,-0.2028,LOCK,2,misalignment
487,4803142,5424,5437,-0.10530,0.28470,-0.78780,0.84426,1008.31,1000,-8.31,50.25,202,2.2470,-0.1057,LOCK,2,misalignment
488,4803151,5433,5446,-0.35880,-0.09750,-0.74880,0.83603,1008.31,1000,-8.31,50.25,202,2.2481,-0.0892,LOCK,2,misalignment
489,4803159,5441,5454,-0.04680,0.01170,-0.76440,0.76592,1008.31,1000,-8.31,50.25,202,2.2591,0.0777,LOCK,2,misalignment
490,4803168,5450,5463,0.05070,-0.15210,-0.78780,0.80395,1008.31,1000,-8.31,50.25,202,2.2664,0.1882,LOCK,2,misalignment
491,4803176,5458,5471,0.05070,-0.15210,-0.78780,0.80395,1008.31,1000,-8.31,50.25,202,2.2510,-0.0462,LOCK,2,misalignment
492,4803185,5467,5480,0.11700,0.00000,-0.82680,0.83504,1008.30,1000,-8.30,50.25,202,2.2364,-0.2666,LOCK,2,misalignment
493,4803193,5475,5488,0.09360,0.04290,-0.65910,0.66709,1008.30,1000,-8.30,50.25,202,2.2454,-0.1308,LOCK,2,misalignment
494,4803207,5489,5502,-0.24570,0.03120,-0.78390,0.82210,1008.30,1000,-8.30,50.25,202,2.2655,0.1742,LOCK,2,misalignment
495,4803221,5503,5516,-0.00780,-0.06630,-0.77220,0.77508,1008.29,1000,-8.29,50.25,202,2.2669,0.1962,LOCK,2,misalignment
496,4803229,5511,5524,-0.11310,-0.12480,-0.70980,0.72951,1008.29,1000,-8.29,50.25,202,2.2539,-0.0022,LOCK,2,misalignment
497,4803238,5520,5533,-0.11310,-0.12480,-0.70980,0.72951,1008.29,1000,-8.29,50.25,202,2.2549,0.0130,LOCK,2,misalignment
498,4803246,5528,5541,0.07800,0.05070,-0.74100,0.74682,1008.28,1000,-8.28,50.25,202,2.2499,-0.0624,LOCK,2,misalignment
499,4803255,5537,5550,-0.10140,0.22230,-0.74100,0.78024,1008.28,1000,-8.28,50.25,202,2.2606,0.1003,LOCK,2,misalignment
500,4803266,5548,5561,-0.33540,0.11310,-0.72930,0.81066,1008.27,1000,-8.27,50.25,202,2.2615,0.1144,LOCK,2,misalignment
501,4803274,5556,5569,-0.32760,-0.08970,-0.87360,0.93731,1008.27,1000,-8.27,50.25,202,2.2337,-0.3078,LOCK,2,misalignment
502,4803283,5565,5578,0.05460,-0.03510,-0.78390,0.78658,1008.26,1000,-8.26,50.25,202,2.2496,-0.0667,LOCK,2,misalignment
503,4803291,5573,5586,-0.10140,0.13260,-0.95940,0.97381,1008.26,1000,-8.26,50.25,202,2.2432,-0.1637,LOCK,2,misalignment
504,4803300,5582,5595,-0.10140,0.13260,-0.95940,0.97381,1008.26,1000,-8.26,50.25,202,2.2338,-0.3063,LOCK,2,misalignment
505,4803319,5601,5614,0.03120,0.22230,-0.83070,0.86050,1008.25,1000,-8.25,50.25,202,2.2679,0.2105,LOCK,2,misalignment
506,4803328,5610,5623,-0.24180,0.13260,-0.76830,0.81629,1008.24,1000,-8.24,50.25,202,2.2454,-0.1298,LOCK,2,misalignment
507,4803336,5618,5631,-0.18330,-0.08580,-0.85410,0.87775,1008.23,1000,-8.23,50.25,202,2.2580,0.0606,LOCK,2,misalignment
508,4803344,5626,5639,-0.02730,-0.12870,-0.72150,0.73340,1008.22,1000,-8.22,50.25,202,2.2473,-0.1015,LOCK,2,misalignment
509,4803353,5635,5648,0.13650,0.10530,-0.91260,0.92874,1008.22,1000,-8.22,50.25,202,2.2513,-0.0416,LOCK,2,misalignment
510,4803364,5646,5659,0.03510,0.15210,-0.81120,0.82608,1008.21,1000,-8.21,50.25,202,2.2616,0.1147,LOCK,2,misalignment
511,4803372,5654,5667,0.03510,0.15210,-0.81120,0.82608,1008.19,1000,-8.19,50.25,202,2.2625,0.1281,LOCK,2,misalignment
512,4803381,5663,5676,0.00390,0.07800,-0.73320,0.73735,1008.18,1000,-8.18,50.25,202,2.2424,-0.1759,LOCK,2,misalignment
513,4803389,5671,5684,-0.36270,-0.02340,-0.76440,0.84641,1008.17,1000,-8.17,50.25,202,2.2354,-0.2819,LOCK,2,misalignment
514,4803398,5680,5693,-0.09360,-0.04290,-0.81120,0.81771,1008.16,1000,-8.16,50.25,202,2.2340,-0.3035,LOCK,2,misalignment
515,4803406,5688,5701,0.04290,-0.26520,-0.70980,0.75894,1008.15,1000,-8.15,50.25,202,2.2553,0.0203,LOCK,2,misalignment
516,4803419,5701,5714,0.01560,-0.00780,-0.87750,0.87767,1008.14,1000,-8.14,50.25,202,2.2622,0.1244,LOCK,2,misalignment
517,4803428,5710,5723,0.16380,0.00390,-0.67080,0.69052,1008.12,1000,-8.12,50.25,202,2.2637,0.1473,LOCK,2,misalignment
518,4803436,5718,5731,-0.17160,0.09360,-0.85800,0.87998,1008.11,1000,-8.11,50.25,202,2.2523,-0.0264,LOCK,2,misalignment
519,4803445,5727,5740,-0.35100,0.03900,-0.63570,0.72721,1008.09,1000,-8.09,50.25,202,2.2491,-0.0749,LOCK,2,misalignment
520,4803453,5735,5748,-0.35100,0.03900,-0.63570,0.72721,1008.08,1000,-8.08,50.25,202,2.2516,-0.0361,LOCK,2,misalignment
521,4803464,5746,5759,-0.07020,-0.10530,-0.81510,0.82487,1008.07,1000,-8.07,50.25,202,2.2647,0.1623,LOCK,2,misalignment
522,4803472,5754,5767,0.00000,-0.12090,-0.66300,0.67393,1008.06,1000,-8.06,50.25,202,2.2636,0.1458,LOCK,2,misalignment
523,4803481,5763,5776,0.05460,0.06240,-0.80730,0.81155,1008.05,1000,-8.05,50.25,202,2.2398,-0.2156,LOCK,2,misalignment
524,4803489,5771,5784,-0.03120,-0.05460,-0.67470,0.67762,1008.04,1000,-8.04,50.25,202,2.2565,0.0383,LOCK,2,misalignment
525,4803498,5780,5793,-0.19500,0.15210,-0.75660,0.79599,1008.03,1000,-8.03,50.25,202,2.2411,-0.1958,LOCK,2,misalignment
526,4803506,5788,5801,-0.41730,-0.05850,-0.88530,0.98047,1008.02,1000,-8.02,50.25,202,2.2462,-0.1185,LOCK,2,misalignment
527,4803528,5810,5823,-0.12090,0.06240,-0.92040,0.93040,1008.01,1000,-8.01,50.25,202,2.2641,0.1528,LOCK,2,misalignment
528,4803537,5819,5832,-0.12090,0.06240,-0.92040,0.93040,1008.00,1000,-8.00,50.25,202,2.2528,-0.0175,LOCK,2,misalignment
529,4803545,5827,5840,0.13650,0.18720,-0.82680,0.85865,1007.99,1000,-7.99,50.25,202,2.2575,0.0524,LOCK,2,misalignment
530,4803554,5836,5849,-0.04290,0.14040,-0.78780,0.80136,1007.97,1000,-7.97,50.25,202,2.2598,0.0872,LOCK,2,misalignment
531,4803562,5844,5857,-0.33540,0.07020,-0.77220,0.84482,1007.96,1000,-7.96,50.25,202,2.2492,-0.0725,LOCK,2,misalignment
532,4803571,5853,5866,-0.21450,-0.08970,-0.77220,0.80644,1007.95,1000,-7.95,50.25,202,2.2608,0.1025,LOCK,2,misalignment
533,4803579,5861,5874,-0.01560,-0.03120,-0.80730,0.80805,1007.94,1000,-7.94,50.25,202,2.2626,0.1308,LOCK,2,misalignment
534,4803587,5869,5882,-0.01560,-0.03120,-0.80730,0.80805,1007.93,1000,-7.93,50.25,202,2.2327,-0.3222,LOCK,2,misalignment
535,4803596,5878,5891,-0.02340,0.02730,-0.86970,0.87044,1007.92,1000,-7.92,50.25,202,2.2515,-0.0383,LOCK,2,misalignment
536,4803604,5886,5899,0.14820,-0.02730,-0.77220,0.78677,1007.89,1000,-7.89,50.25,202,2.2481,-0.0899,LOCK,2,misalignment
537,4803617,5899,5912,0.10920,0.07020,-0.71370,0.72541,1007.87,1000,-7.87,50.25,202,2.2555,0.0222,LOCK,2,misalignment
538,4803629,5911,5924,-0.28860,0.15990,-0.75270,0.82184,1007.85,1000,-7.85,50.25,202,2.2633,0.1409,LOCK,2,misalignment
539,4803638,5920,5933,-0.24960,-0.01950,-0.75270,0.79325,1007.83,1000,-7.83,50.25,202,2.2388,-0.2303,LOCK,2,misalignment
540,4803646,5928,5941,0.03510,-0.09360,-0.70590,0.71294,1007.81,1000,-7.81,50.25,202,2.2476,-0.0963,LOCK,2,misalignment
541,4803654,5936,5949,-0.00780,0.00780,-0.88530,0.88537,1007.79,1000,-7.79,50.25,202,2.2547,0.0109,LOCK,2,misalignment
542,4803663,5945,5958,0.12480,0.10530,-0.75270,0.77021,1007.78,1000,-7.78,50.25,202,2.2606,0.1006,LOCK,2,misalignment
543,4803671,5953,5966,-0.10920,0.06630,-0.86190,0.87132,1007.77,1000,-7.77,50.25,202,2.2614,0.1122,LOCK,2,misalignment
544,4803680,5962,5975,-0.10920,0.06630,-0.86190,0.87132,1007.76,1000,-7.76,50.25,202,2.2612,0.1095,LOCK,2,misalignment
545,4803688,5970,5983,-0.28860,0.09360,-0.70980,0.77192,1007.75,1000,-7.75,50.25,202,2.2431,-0.1652,LOCK,2,misalignment
546,4803697,5979,5992,-0.14820,-0.11700,-0.89310,0.91284,1007.74,1000,-7.74,50.25,202,2.2464,-0.1158,LOCK,2,misalignment
547,4803705,5987,6000,-0.00390,-0.09360,-0.68640,0.69276,1007.73,1000,-7.73,50.25,202,2.2500,-0.0609,LOCK,2,misalignment
548,4803728,6010,6023,0.08190,-0.00390,-0.67860,0.68354,1007.72,1000,-7.72,50.25,202,2.2643,0.1568,LOCK,2,misalignment
549,4803736,6018,6031,-0.15990,0.18330,-0.76830,0.80589,1007.71,1000,-7.71,50.25,202,2.2446,-0.1430,LOCK,2,misalignment
550,4803745,6027,6040,-0.47970,-0.11310,-0.74490,0.89319,1007.70,1000,-7.70,50.25,202,2.2616,0.1156,LOCK,2,misalignment
551,4803753,6035,6048,0.01950,-0.08970,-0.66690,0.67319,1007.69,1000,-7.69,50.25,202,2.2555,0.0228,LOCK,2,misalignment
552,4803762,6044,6057,0.01950,-0.08970,-0.66690,0.67319,1007.68,1000,-7.68,50.25,202,2.2532,-0.0117,LOCK,2,misalignment
553,4803774,6056,6069,0.05460,0.12090,-0.83460,0.84508,1007.68,1000,-7.68,50.25,202,2.2658,0.1791,LOCK,2,misalignment
554,4803782,6064,6077,0.05460,0.12090,-0.83460,0.84508,1007.67,1000,-7.67,50.25,202,2.2609,0.1052,LOCK,2,misalignment
555,4803791,6073,6086,0.07800,-0.15210,-0.70980,0.73009,1007.65,1000,-7.65,50.25,202,2.2373,-0.2535,LOCK,2,misalignment
556,4803799,6081,6094,-0.17550,0.07020,-0.87750,0.89763,1007.64,1000,-7.64,50.25,202,2.2423,-0.1772,LOCK,2,misalignment
557,4803808,6090,6103,-0.32370,0.03900,-0.78780,0.85260,1007.63,1000,-7.63,50.25,202,2.2434,-0.1610,LOCK,2,misalignment
558,4803816,6098,6111,0.00000,-0.09750,-0.84240,0.84802,1007.62,1000,-7.62,50.25,202,2.2643,0.1562,LOCK,2,misalignment
559,4803827,6109,6122,0.02340,-0.13650,-0.75270,0.76533,1007.61,1000,-7.61,50.25,202,2.2629,0.1348,LOCK,2,misalignment
560,4803835,6117,6130,0.15600,-0.01950,-0.82680,0.84161,1007.60,1000,-7.60,50.25,202,2.2688,0.2239,LOCK,2,misalignment
561,4803844,6126,6139,0.15600,-0.01950,-0.82680,0.84161,1007.58,1000,-7.58,50.25,202,2.2310,-0.3484,LOCK,2,misalignment
562,4803852,6134,6147,0.05850,0.14040,-0.77610,0.79086,1007.57,1000,-7.57,50.25,202,2.2482,-0.0886,LOCK,2,misalignment
563,4803861,6143,6156,-0.24180,-0.05460,-0.71370,0.75552,1007.56,1000,-7.56,50.25,202,2.2502,-0.0572,LOCK,2,misalignment
564,4803873,6155,6168,-0.27690,-0.19500,-0.78390,0.85393,1007.55,1000,-7.55,50.25,202,2.2624,0.1272,LOCK,2,misalignment
565,4803881,6163,6176,0.06240,-0.00390,-0.74880,0.75141,1007.53,1000,-7.53,50.25,202,2.2684,0.2188,LOCK,2,misalignment
566,4803890,6172,6185,-0.13650,-0.09360,-0.86580,0.88148,1007.53,1000,-7.53,50.25,202,2.2346,-0.2938,LOCK,2,misalignment
567,4803898,6180,6193,0.13650,0.10140,-0.68640,0.70715,1007.52,1000,-7.52,50.25,202,2.2582,0.0640,LOCK,2,misalignment
568,4803907,6189,6202,0.00000,0.03120,-0.73320,0.73386,1007.50,1000,-7.50,50.25,202,2.2388,-0.2303,LOCK,2,misalignment
569,4803915,6197,6210,0.00000,0.03120,-0.73320,0.73386,1007.49,1000,-7.49,50.25,202,2.2402,-0.2098,LOCK,2,misalignment
570,4803936,6218,6231,-0.28470,-0.10140,-0.87360,0.92440,1007.48,1000,-7.48,50.25,202,2.2709,0.2554,LOCK,2,misalignment
571,4803944,6226,6239,0.01170,0.01170,-0.80340,0.80357,1007.47,1000,-7.47,50.25,202,2.2447,-0.1402,LOCK,2,misalignment
572,4803953,6235,6248,0.10920,0.17160,-0.95160,0.97309,1007.46,1000,-7.46,50.25,202,2.2426,-0.1726,LOCK,2,misalignment
573,4803961,6243,6256,0.05070,0.09750,-0.79560,0.80315,1007.45,1000,-7.45,50.25,202,2.2447,-0.1414,LOCK,2,misalignment
574,4803970,6252,6265,0.00000,0.13260,-0.74880,0.76045,1007.43,1000,-7.43,50.25,202,2.2418,-0.1842,LOCK,2,misalignment
575,4803979,6261,6274,-0.37050,0.01170,-0.77610,0.86008,1007.42,1000,-7.42,50.25,202,2.2637,0.1464,LOCK,2,misalignment
576,4803987,6269,6282,-0.37050,0.01170,-0.77610,0.86008,1007.40,1000,-7.40,50.25,202,2.2628,0.1339,LOCK,2,misalignment
577,4803996,6278,6291,-0.14430,0.11310,-0.86190,0.88118,1007.39,1000,-7.39,50.25,202,2.2451,-0.1344,LOCK,2,misalignment
578,4804004,6286,6299,0.03120,-0.22620,-0.70590,0.74191,1007.37,1000,-7.37,50.25,202,2.2625,0.1287,LOCK,2,misalignment
579,4804013,6295,6308,-0.01950,-0.01560,-0.86190,0.86226,1007.36,1000,-7.36,50.25,202,2.2404,-0.2062,LOCK,2,misalignment
580,4804031,6313,6326,-0.22230,0.08580,-0.79950,0.83425,1007.34,1000,-7.34,50.25,202,2.2562,0.0338,LOCK,2,misalignment
581,4804039,6321,6334,-0.22230,0.08580,-0.79950,0.83425,1007.32,1000,-7.32,50.25,202,2.2618,0.1186,LOCK,2,misalignment
582,4804048,6330,6343,-0.34320,0.06240,-0.67860,0.76301,1007.31,1000,-7.31,50.25,202,2.2316,-0.3396,LOCK,2,misalignment
583,4804056,6338,6351,-0.06240,-0.16380,-0.83850,0.85662,1007.29,1000,-7.29,50.25,202,2.2442,-0.1485,LOCK,2,misalignment
584,4804064,6346,6359,0.00780,-0.10920,-0.76440,0.77220,1007.28,1000,-7.28,50.25,202,2.2413,-0.1918,LOCK,2,misalignment
585,4804073,6355,6368,0.07410,0.12090,-0.88530,0.89658,1007.27,1000,-7.27,50.25,202,2.2537,-0.0050,LOCK,2,misalignment
586,4804081,6363,6376,0.10920,0.01560,-0.72930,0.73760,1007.26,1000,-7.26,50.25,202,2.2649,0.1644,LOCK,2,misalignment
587,4804090,6372,6385,0.10920,0.01560,-0.72930,0.73760,1007.25,1000,-7.25,50.25,202,2.2611,0.1073,LOCK,2,misalignment
588,4804098,6380,6393,-0.16380,0.18720,-0.78780,0.82614,1007.25,1000,-7.25,50.25,202,2.2499,-0.0618,LOCK,2,misalignment
589,4804107,6389,6402,-0.35880,-0.01170,-0.84240,0.91570,1007.24,1000,-7.24,50.25,202,2.2546,0.0087,LOCK,2,misalignment
590,4804115,6397,6410,0.04290,-0.12480,-0.75270,0.76418,1007.24,1000,-7.24,50.25,202,2.2475,-0.0990,LOCK,2,misalignment
591,4804139,6421,6434,0.11700,0.19890,-0.80340,0.83588,1007.24,1000,-7.24,50.25,202,2.2706,0.2511,LOCK,2,misalignment
592,4804148,6430,6443,-0.06630,0.05460,-0.84630,0.85065,1007.23,1000,-7.23,50.25,202,2.2320,-0.3334,LOCK,2,misalignment
593,4804156,6438,6451,-0.20280,0.02340,-0.79560,0.82137,1007.22,1000,-7.22,50.25,202,2.2448,-0.1387,LOCK,2,misalignment
594,4804164,6446,6459,-0.28860,-0.05850,-0.81900,0.87033,1007.21,1000,-7.21,50.25,202,2.2446,-0.1424,LOCK,2,misalignment
595,4804173,6455,6468,-0.28860,-0.05850,-0.81900,0.87033,1007.20,1000,-7.20,50.25,202,2.2520,-0.0297,LOCK,2,misalignment
596,4804183,6465,6478,-0.04290,0.02730,-0.80730,0.80890,1007.20,1000,-7.20,50.25,202,2.2644,0.1571,LOCK,2,misalignment
597,4804191,6473,6486,0.00390,-0.00780,-0.84630,0.84634,1007.19,1000,-7.19,50.25,202,2.2651,0.1678,LOCK,2,misalignment
598,4804200,6482,6495,0.14430,-0.05460,-0.74490,0.76071,1007.19,1000,-7.19,50.25,202,2.2428,-0.1704,LOCK,2,misalignment
599,4804208,6490,6503,0.10920,0.10140,-0.74490,0.75966,1007.19,1000,-7.19,50.25,202,2.2408,-0.2007,LOCK,2,misalignment
600,4804217,6499,6512,-0.31200,0.11700,-0.76830,0.83745,1007.18,1000,-7.18,50.25,202,2.2425,-0.1747,LOCK,2,misalignment
601,4804225,6507,6520,-0.23790,-0.03510,-0.77220,0.80878,1007.18,1000,-7.18,50.25,202,2.2581,0.0622,LOCK,2,misalignment
602,4804238,6520,6533,0.10140,-0.08190,-0.70980,0.72167,1007.18,1000,-7.18,50.25,202,2.2672,0.1998,LOCK,2,misalignment
603,4804246,6528,6541,-0.03510,0.14040,-0.88140,0.89320,1007.18,1000,-7.18,50.25,202,2.2612,0.1092,LOCK,2,misalignment
604,4804255,6537,6550,-0.03510,0.14040,-0.88140,0.89320,1007.18,1000,-7.18,50.25,202,2.2529,-0.0163,LOCK,2,misalignment
605,4804263,6545,6558,0.11310,0.01950,-0.67470,0.68439,1007.16,1000,-7.16,50.25,202,2.2465,-0.1140,LOCK,2,misalignment
606,4804272,6554,6567,-0.10530,0.07800,-0.82290,0.83327,1007.14,1000,-7.14,50.25,202,2.2483,-0.0868,LOCK,2,misalignment
607,4804282,6564,6577,-0.24180,0.19110,-0.76050,0.82058,1007.13,1000,-7.13,50.25,202,2.2652,0.1690,LOCK,2,misalignment
608,4804290,6572,6585,-0.16380,-0.06630,-0.93210,0.94870,1007.11,1000,-7.11,50.25,202,2.2696,0.2368,LOCK,2,misalignment
609,4804299,6581,6594,0.02730,-0.06240,-0.71760,0.72083,1007.10,1000,-7.10,50.25,202,2.2583,0.0658,LOCK,2,misalignment
610,4804307,6589,6602,0.08580,0.07020,-0.88140,0.88834,1007.09,1000,-7.09,50.25,202,2.2503,-0.0563,LOCK,2,misalignment
611,4804316,6598,6611,0.08580,0.07020,-0.88140,0.88834,1007.08,1000,-7.08,50.25,202,2.2367,-0.2623,LOCK,2,misalignment
612,4804324,6606,6619,0.05850,-0.02730,-0.67860,0.68166,1007.07,1000,-7.07,50.25,202,2.2490,-0.0764,LOCK,2,misalignment
613,4804333,6615,6628,-0.08970,0.19110,-0.75270,0.78174,1007.06,1000,-7.06,50.25,202,2.2536,-0.0059,LOCK,2,misalignment
614,4804347,6629,6642,-0.35880,-0.10530,-0.75270,0.84047,1007.06,1000,-7.06,50.25,202,2.2657,0.1769,LOCK,2,misalignment
615,4804355,6637,6650,0.03120,-0.06630,-0.74490,0.74850,1007.05,1000,-7.05,50.25,202,2.2393,-0.2232,LOCK,2,misalignment
616,4804363,6645,6658,-0.02730,-0.17160,-0.80730,0.82579,1007.05,1000,-7.05,50.25,202,2.2418,-0.1845,LOCK,2,misalignment
617,4804372,6654,6667,0.07020,0.10530,-0.85410,0.86343,1007.04,1000,-7.04,50.25,202,2.2427,-0.1717,LOCK,2,misalignment
618,4804380,6662,6675,0.13650,0.05070,-0.72540,0.73987,1007.02,1000,-7.02,50.25,202,2.2562,0.0338,LOCK,2,misalignment
619,4804389,6671,6684,-0.10530,0.15210,-0.86970,0.88916,1007.01,1000,-7.01,50.25,202,2.2600,0.0902,LOCK,2,misalignment
620,4804397,6679,6692,-0.10530,0.15210,-0.86970,0.88916,1006.99,1000,-6.99,50.25,202,2.2579,0.0594,LOCK,2,misalignment
621,4804406,6688,6701,-0.31980,-0.03120,-0.70980,0.77914,1006.98,1000,-6.98,50.25,202,2.2361,-0.2706,LOCK,2,misalignment
622,4804414,6696,6709,-0.07800,-0.05460,-0.83070,0.83614,1006.96,1000,-6.96,50.25,202,2.2567,0.0408,LOCK,2,misalignment
623,4804423,6705,6718,0.01560,-0.16380,-0.67860,0.69826,1006.95,1000,-6.95,50.25,202,2.2520,-0.0297,LOCK,2,misalignment
624,4804436,6718,6731,0.07410,0.08970,-0.85020,0.85812,1006.94,1000,-6.94,50.25,202,2.2634,0.1424,LOCK,2,misalignment
625,4804444,6726,6739,0.06630,0.11310,-0.78000,0.79094,1006.92,1000,-6.92,50.25,202,2.2553,0.0194,LOCK,2,misalignment
626,4804453,6735,6748,-0.27300,0.03900,-0.78390,0.83099,1006.91,1000,-6.91,50.25,202,2.2313,-0.3432,LOCK,2,misalignment
627,4804461,6743,6756,-0.35490,-0.04290,-0.82680,0.90077,1006.89,1000,-6.89,50.25,202,2.2588,0.0731,LOCK,2,misalignment
628,4804469,6751,6764,-0.35490,-0.04290,-0.82680,0.90077,1006.88,1000,-6.88,50.25,202,2.2487,-0.0804,LOCK,2,misalignment
629,4804478,6760,6773,0.09360,0.02730,-0.79950,0.80542,1006.87,1000,-6.87,50.25,202,2.2615,0.1137,LOCK,2,misalignment
630,4804490,6772,6785,-0.01560,-0.01170,-0.90870,0.90891,1006.86,1000,-6.86,50.25,202,2.2667,0.1928,LOCK,2,misalignment
631,4804499,6781,6794,0.17160,0.15990,-0.72540,0.76238,1006.84,1000,-6.84,50.25,202,2.2611,0.1076,LOCK,2,misalignment
632,4804507,6789,6802,-0.05850,0.16770,-0.77220,0.79236,1006.83,1000,-6.83,50.25,202,2.2268,-0.4128,LOCK,2,misalignment
633,4804515,6797,6810,-0.26910,0.21060,-0.72150,0.79833,1006.82,1000,-6.82,50.25,202,2.2506,-0.0520,LOCK,2,misalignment
634,4804524,6806,6819,-0.28860,-0.02730,-0.86970,0.91674,1006.80,1000,-6.80,50.25,202,2.2421,-0.1805,LOCK,2,misalignment
635,4804532,6814,6827,-0.00780,0.08580,-0.78390,0.78862,1006.79,1000,-6.79,50.25,202,2.2581,0.0625,LOCK,2,misalignment
636,4804551,6833,6846,-0.05460,0.16380,-0.94770,0.96330,1006.78,1000,-6.78,50.25,202,2.2660,0.1815,LOCK,2,misalignment
637,4804559,6841,6854,0.08580,0.14040,-0.78780,0.80480,1006.77,1000,-6.77,50.25,202,2.2398,-0.2150,LOCK,2,misalignment
638,4804568,6850,6863,0.09750,0.19500,-0.76830,0.79863,1006.75,1000,-6.75,50.25,202,2.2393,-0.2226,LOCK,2,misalignment
639,4804576,6858,6871,-0.33930,0.02730,-0.78000,0.85104,1006.74,1000,-6.74,50.25,202,2.2429,-0.1680,LOCK,2,misalignment
640,4804585,6867,6880,-0.16770,0.03120,-0.81900,0.83657,1006.73,1000,-6.73,50.25,202,2.2430,-0.1668,LOCK,2,misalignment
641,4804593,6875,6888,-0.16770,0.03120,-0.81900,0.83657,1006.72,1000,-6.72,50.25,202,2.2662,0.1846,LOCK,2,misalignment
642,4804601,6883,6896,0.01560,-0.15600,-0.73710,0.75359,1006.71,1000,-6.71,50.25,202,2.2614,0.1119,LOCK,2,misalignment
643,4804610,6892,6905,0.04290,0.06630,-0.86190,0.86551,1006.70,1000,-6.70,50.25,202,2.2367,-0.2626,LOCK,2,misalignment
644,4804618,6900,6913,0.10530,0.07410,-0.72540,0.73674,1006.69,1000,-6.69,50.25,202,2.2352,-0.2852,LOCK,2,misalignment
645,4804627,6909,6922,-0.09750,0.09750,-0.78000,0.79209,1006.67,1000,-6.67,50.25,202,2.2433,-0.1625,LOCK,2,misalignment
646,4804635,6917,6930,-0.29250,-0.03120,-0.63960,0.70400,1006.66,1000,-6.66,50.25,202,2.2607,0.1012,LOCK,2,misalignment
647,4804655,6937,6950,-0.14040,-0.28080,-0.79170,0.85167,1006.65,1000,-6.65,50.25,202,2.2484,-0.0847,LOCK,2,misalignment
648,4804663,6945,6958,0.00000,-0.26520,-0.60840,0.66369,1006.64,1000,-6.64,50.25,202,2.2454,-0.1301,LOCK,2,misalignment
649,4804672,6954,6967,-0.01950,0.05460,-0.80730,0.80938,1006.63,1000,-6.63,50.25,202,2.2536,-0.0059,LOCK,2,misalignment
650,4804680,6962,6975,0.08970,-0.00780,-0.63960,0.64591,1006.62,1000,-6.62,50.25,202,2.2557,0.0264,LOCK,2,misalignment
651,4804695,6977,6990,-0.15210,0.14820,-0.76830,0.79711,1006.61,1000,-6.61,50.25,202,2.2545,0.0075,LOCK,2,misalignment
652,4804704,6986,6999,-0.46410,-0.01950,-0.75660,0.88781,1006.60,1000,-6.60,50.25,202,2.2675,0.2047,LOCK,2,misalignment
653,4804712,6994,7007,0.03120,-0.07020,-0.76050,0.76437,1006.59,1000,-6.59,50.25,202,2.2345,-0.2950,LOCK,2,misalignment
654,4804721,7003,7016,-0.00390,-0.17940,-0.77610,0.79657,1006.58,1000,-6.58,50.25,202,2.2370,-0.2580,LOCK,2,misalignment
655,4804729,7011,7024,0.10140,0.08970,-0.86580,0.87632,1006.57,1000,-6.57,50.25,202,2.2573,0.0496,LOCK,2,misalignment
656,4804743,7025,7038,0.05850,-0.05070,-0.80340,0.80712,1006.56,1000,-6.56,50.25,202,2.2651,0.1675,LOCK,2,misalignment
657,4804756,7038,7051,-0.05850,0.13260,-0.83460,0.84709,1006.55,1000,-6.55,50.25,202,2.2669,0.1956,LOCK,2,misalignment
658,4804765,7047,7060,-0.30030,-0.01170,-0.87360,0.92385,1006.55,1000,-6.55,50.25,202,2.2391,-0.2257,LOCK,2,misalignment
659,4804773,7055,7068,-0.03510,0.02340,-0.81510,0.81619,1006.54,1000,-6.54,50.25,202,2.2490,-0.0755,LOCK,2,misalignment
660,4804781,7063,7076,-0.03900,0.00000,-0.85410,0.85499,1006.54,1000,-6.54,50.25,202,2.2382,-0.2394,LOCK,2,misalignment
661,4804790,7072,7085,0.10140,0.09750,-0.86970,0.88100,1006.53,1000,-6.53,50.25,202,2.2478,-0.0944,LOCK,2,misalignment
662,4804798,7080,7093,0.10140,0.09750,-0.86970,0.88100,1006.51,1000,-6.51,50.25,202,2.2726,0.2819,LOCK,2,misalignment
663,4804807,7089,7102,0.02340,0.12480,-0.73710,0.74796,1006.50,1000,-6.50,50.25,202,2.2582,0.0631,LOCK,2,misalignment
664,4804815,7097,7110,-0.32760,0.01560,-0.77220,0.83896,1006.48,1000,-6.48,50.25,202,2.2503,-0.0566,LOCK,2,misalignment
665,4804824,7106,7119,-0.22620,-0.07800,-0.78390,0.81960,1006.47,1000,-6.47,50.25,202,2.2550,0.0158,LOCK,2,misalignment
666,4804832,7114,7127,0.06240,-0.07020,-0.77220,0.77789,1006.46,1000,-6.46,50.25,202,2.2444,-0.1448,LOCK,2,misalignment
667,4804854,7136,7149,0.10530,0.16380,-0.73320,0.75862,1006.45,1000,-6.45,50.25,202,2.2625,0.1281,LOCK,2,misalignment
668,4804863,7145,7158,-0.01560,0.04290,-0.73320,0.73462,1006.43,1000,-6.43,50.25,202,2.2284,-0.3878,LOCK,2,misalignment
669,4804871,7153,7166,-0.19890,0.18720,-0.67470,0.72789,1006.42,1000,-6.42,50.25,202,2.2554,0.0210,LOCK,2,misalignment
670,4804880,7162,7175,-0.19890,0.18720,-0.67470,0.72789,1006.41,1000,-6.41,50.25,202,2.2251,-0.4372,LOCK,2,misalignment
671,4804888,7170,7183,-0.25740,-0.23400,-0.86580,0.93307,1006.40,1000,-6.40,50.25,202,2.2512,-0.0432,LOCK,2,misalignment
672,4804900,7182,7195,0.03510,-0.09360,-0.74880,0.75544,1006.39,1000,-6.39,50.25,202,2.2692,0.2301,LOCK,2,misalignment
673,4804909,7191,7204,0.08190,0.14820,-0.95550,0.97039,1006.38,1000,-6.38,50.25,202,2.2642,0.1540,LOCK,2,misalignment
674,4804917,7199,7212,0.05070,0.08970,-0.77220,0.77904,1006.36,1000,-6.36,50.25,202,2.2404,-0.2065,LOCK,2,misalignment
675,4804926,7208,7221,-0.00780,0.14430,-0.79170,0.80478,1006.35,1000,-6.35,50.25,202,2.2470,-0.1057,LOCK,2,misalignment
676,4804934,7216,7229,-0.35880,0.02730,-0.80730,0.88386,1006.34,1000,-6.34,50.25,202,2.2490,-0.0752,LOCK,2,misalignment
677,4804942,7224,7237,-0.35880,0.02730,-0.80730,0.88386,1006.33,1000,-6.33,50.25,202,2.2667,0.1919,LOCK,2,misalignment
678,4804960,7242,7255,0.01950,-0.20670,-0.72930,0.75828,1006.31,1000,-6.31,50.25,202,2.2580,0.0606,LOCK,2,misalignment
679,4804969,7251,7264,0.01560,0.03900,-0.77220,0.77334,1006.31,1000,-6.31,50.25,202,2.2525,-0.0233,LOCK,2,misalignment
680,4804977,7259,7272,0.08580,-0.02340,-0.69420,0.69987,1006.29,1000,-6.29,50.25,202,2.2259,-0.4259,LOCK,2,misalignment
681,4804985,7267,7280,-0.15210,0.18720,-0.78000,0.81644,1006.28,1000,-6.28,50.25,202,2.2465,-0.1131,LOCK,2,misalignment
682,4804994,7276,7289,-0.15210,0.18720,-0.78000,0.81644,1006.27,1000,-6.27,50.25,202,2.2499,-0.0615,LOCK,2,misalignment
683,4805002,7284,7297,-0.36660,-0.00390,-0.71760,0.80583,1006.27,1000,-6.27,50.25,202,2.2642,0.1553,LOCK,2,misalignment
684,4805011,7293,7306,-0.13260,0.07020,-0.81900,0.83263,1006.26,1000,-6.26,50.25,202,2.2643,0.1562,LOCK,2,misalignment
685,4805019,7301,7314,0.04680,-0.15210,-0.77610,0.79225,1006.25,1000,-6.25,50.25,202,2.2379,-0.2437,LOCK,2,misalignment
686,4805028,7310,7323,0.07800,0.08970,-0.92820,0.93578,1006.25,1000,-6.25,50.25,202,2.2541,0.0008,LOCK,2,misalignment
687,4805036,7318,7331,0.15600,0.03510,-0.72150,0.73901,1006.24,1000,-6.24,50.25,202,2.2451,-0.1341,LOCK,2,misalignment
688,4805045,7327,7340,0.15600,0.03510,-0.72150,0.73901,1006.23,1000,-6.23,50.25,202,2.2506,-0.0520,LOCK,2,misalignment
689,4805057,7339,7352,-0.36660,0.03900,-0.79560,0.87687,1006.23,1000,-6.23,50.25,202,2.2703,0.2474,LOCK,2,misalignment
690,4805066,7348,7361,0.02340,-0.05070,-0.85800,0.85982,1006.22,1000,-6.22,50.25,202,2.2606,0.0997,LOCK,2,misalignment
691,4805074,7356,7369,0.02340,-0.05070,-0.85800,0.85982,1006.22,1000,-6.22,50.25,202,2.2460,-0.1207,LOCK,2,misalignment
692,4805083,7365,7378,-0.02340,0.01170,-0.83070,0.83111,1006.22,1000,-6.22,50.25,202,2.2571,0.0472,LOCK,2,misalignment
693,4805091,7373,7386,0.19110,0.01560,-0.80340,0.82596,1006.21,1000,-6.21,50.25,202,2.2544,0.0057,LOCK,2,misalignment
694,4805101,7383,7396,-0.03900,0.03120,-0.77220,0.77381,1006.19,1000,-6.19,50.25,202,2.2649,0.1653,LOCK,2,misalignment
695,4805109,7391,7404,-0.17550,0.03510,-0.68640,0.70935,1006.17,1000,-6.17,50.25,202,2.2600,0.0912,LOCK,2,misalignment
696,4805118,7400,7413,-0.31980,-0.24960,-0.76050,0.86194,1006.15,1000,-6.15,50.25,202,2.2672,0.2004,LOCK,2,misalignment
697,4805126,7408,7421,-0.31980,-0.24960,-0.76050,0.86194,1006.14,1000,-6.14,50.25,202,2.2429,-0.1683,LOCK,2,misalignment
698,4805135,7417,7430,-0.02730,0.00780,-0.70200,0.70257,1006.12,1000,-6.12,50.25,202,2.2487,-0.0807,LOCK,2,misalignment
699,4805143,7425,7438,-0.07410,-0.06630,-0.84630,0.85212,1006.11,1000,-6.11,50.25,202,2.2519,-0.0312,LOCK,2,misalignment
700,4805152,7434,7447,0.09360,0.03510,-0.72540,0.73226,1006.10,1000,-6.10,50.25,202,2.2609,0.1043,LOCK,2,misalignment
701,4805173,7455,7468,-0.31200,0.08580,-0.85410,0.91334,1006.09,1000,-6.09,50.25,202,2.2679,0.2111,LOCK,2,misalignment
702,4805181,7463,7476,-0.18720,0.05850,-0.81510,0.83836,1006.08,1000,-6.08,50.25,202,2.2269,-0.4110,LOCK,2,misalignment
703,4805190,7472,7485,0.07800,0.01170,-0.78390,0.78786,1006.08,1000,-6.08,50.25,202,2.2439,-0.1533,LOCK,2,misalignment
704,4805198,7480,7493,0.07800,0.01170,-0.78390,0.78786,1006.07,1000,-6.07,50.25,202,2.2447,-0.1405,LOCK,2,misalignment
705,4805207,7489,7502,0.02340,0.15990,-0.86970,0.88459,1006.07,1000,-6.07,50.25,202,2.2679,0.2111,LOCK,2,misalignment
706,4805216,7498,7511,0.05850,-0.01170,-0.68250,0.68510,1006.06,1000,-6.06,50.25,202,2.2427,-0.1717,LOCK,2,misalignment
707,4805224,7506,7519,-0.04290,0.07800,-0.81900,0.82382,1006.06,1000,-6.06,50.25,202,2.2333,-0.3133,LOCK,2,misalignment
708,4805233,7515,7528,-0.25740,0.03510,-0.67860,0.72663,1006.06,1000,-6.06,50.25,202,2.2595,0.0829,LOCK,2,misalignment
709,4805241,7523,7536,-0.21840,-0.08190,-0.83850,0.87034,1006.06,1000,-6.06,50.25,202,2.2426,-0.1726,LOCK,2,misalignment
710,4805268,7550,7563,0.01950,0.00780,-0.86970,0.86995,1006.05,1000,-6.05,50.25,202,2.2641,0.1537,LOCK,2,misalignment
711,4805276,7558,7571,0.12870,0.15210,-0.74490,0.77109,1006.05,1000,-6.05,50.25,202,2.2305,-0.3560,LOCK,2,misalignment
712,4805285,7567,7580,-0.12870,0.07410,-0.81510,0.82852,1006.04,1000,-6.04,50.25,202,2.2475,-0.0978,LOCK,2,misalignment
713,4805293,7575,7588,-0.40560,0.09750,-0.80340,0.90525,1006.04,1000,-6.04,50.25,202,2.2314,-0.3420,LOCK,2,misalignment
714,4805306,7588,7601,0.02340,-0.10140,-0.83070,0.83719,1006.03,1000,-6.03,50.25,202,2.2640,0.1522,LOCK,2,misalignment
715,4805315,7597,7610,-0.05070,-0.12090,-0.76440,0.77556,1006.03,1000,-6.03,50.25,202,2.2670,0.1965,LOCK,2,misalignment
716,4805323,7605,7618,0.13260,0.00780,-0.83070,0.84125,1006.03,1000,-6.03,50.25,202,2.2383,-0.2379,LOCK,2,misalignment
717,4805332,7614,7627,0.13260,0.00780,-0.83070,0.84125,1006.02,1000,-6.02,50.25,202,2.2562,0.0332,LOCK,2,misalignment
718,4805340,7622,7635,0.14040,-0.13650,-0.72930,0.75513,1006.02,1000,-6.02,50.25,202,2.2501,-0.0584,LOCK,2,misalignment
719,4805349,7631,7644,-0.05460,0.23790,-0.74880,0.78758,1006.02,1000,-6.02,50.25,202,2.2498,-0.0630,LOCK,2,misalignment
720,4805376,7658,7671,0.00000,-0.05070,-0.76050,0.76219,1006.02,1000,-6.02,50.25,202,2.2686,0.2209,LOCK,2,misalignment
721,4805385,7667,7680,0.08580,-0.01560,-0.85020,0.85466,1006.02,1000,-6.02,50.25,202,2.2444,-0.1454,LOCK,2,misalignment
722,4805393,7675,7688,0.08580,-0.01560,-0.85020,0.85466,1006.01,1000,-6.01,50.25,202,2.2576,0.0539,LOCK,2,misalignment
723,4805402,7684,7697,0.04290,0.10530,-0.74100,0.74967,1006.01,1000,-6.01,50.25,202,2.2474,-0.1005,LOCK,2,misalignment
724,4805410,7692,7705,-0.30810,-0.02340,-0.81120,0.86805,1006.00,1000,-6.00,50.25,202,2.2602,0.0936,LOCK,2,misalignment
725,4805419,7701,7714,-0.25350,-0.05850,-0.79170,0.83335,1006.00,1000,-6.00,50.25,202,2.2625,0.1290,LOCK,2,misalignment
726,4805427,7709,7722,0.02730,-0.02340,-0.84240,0.84317,1006.00,1000,-6.00,50.25,202,2.2402,-0.2092,LOCK,2,misalignment
727,4805436,7718,7731,-0.09360,0.00000,-0.81900,0.82433,1005.99,1000,-5.99,50.25,202,2.2537,-0.0041,LOCK,2,misalignment
728,4805444,7726,7739,-0.09360,0.00000,-0.81900,0.82433,1005.99,1000,-5.99,50.25,202,2.2494,-0.0694,LOCK,2,misalignment
729,4805453,7735,7748,0.12090,0.06240,-0.76440,0.77641,1005.98,1000,-5.98,50.25,202,2.2434,-0.1601,LOCK,2,misalignment
730,4805511,7793,7806,0.14040,0.12480,-0.70980,0.73424,1005.97,1000,-5.97,50.25,202,2.2620,0.1208,LOCK,2,misalignment
731,4805519,7801,7814,0.07410,0.09750,-0.74490,0.75490,1005.96,1000,-5.96,50.25,202,2.2655,0.1736,LOCK,2,misalignment
732,4805528,7810,7823,-0.30030,0.06240,-0.77220,0.83088,1005.96,1000,-5.96,50.25,202,2.2266,-0.4149,LOCK,2,misalignment
733,4805536,7818,7831,-0.30030,0.06240,-0.77220,0.83088,1005.96,1000,-5.96,50.25,202,2.2378,-0.2458,LOCK,2,misalignment
734,4805544,7826,7839,-0.13260,-0.11310,-0.79170,0.81066,1005.96,1000,-5.96,50.25,202,2.2380,-0.2428,LOCK,2,misalignment
735,4805553,7835,7848,0.01560,-0.16770,-0.69030,0.71055,1005.95,1000,-5.95,50.25,202,2.2387,-0.2312,LOCK,2,misalignment
736,4805568,7850,7863,0.09750,0.09750,-0.85020,0.86131,1005.95,1000,-5.95,50.25,202,2.2625,0.1290,LOCK,2,misalignment
737,4805581,7863,7876,-0.03510,0.09360,-0.73710,0.74385,1005.95,1000,-5.95,50.25,202,2.2666,0.1904,LOCK,2,misalignment
738,4805590,7872,7885,-0.28470,0.00780,-0.71760,0.77205,1005.94,1000,-5.94,50.25,202,2.2505,-0.0535,LOCK,2,misalignment
739,4805598,7880,7893,-0.28470,0.00780,-0.71760,0.77205,1005.94,1000,-5.94,50.25,202,2.2374,-0.2510,LOCK,2,misalignment
740,4805607,7889,7902,-0.12090,0.03900,-0.78390,0.79413,1005.94,1000,-5.94,50.25,202,2.2549,0.0136,LOCK,2,misalignment
741,4805615,7897,7910,0.02730,-0.22620,-0.67470,0.71213,1005.93,1000,-5.93,50.25,202,2.2664,0.1882,LOCK,2,misalignment
742,4805624,7906,7919,0.02340,-0.05070,-0.85410,0.85592,1005.93,1000,-5.93,50.25,202,2.2638,0.1492,LOCK,2,misalignment
743,4805632,7914,7927,0.21450,-0.02730,-0.66300,0.69737,1005.93,1000,-5.93,50.25,202,2.2379,-0.2443,LOCK,2,misalignment
744,4805641,7923,7936,-0.19500,0.09750,-0.81900,0.84752,1005.92,1000,-5.92,50.25,202,2.2491,-0.0740,LOCK,2,misalignment
745,4805649,7931,7944,-0.19500,0.09750,-0.81900,0.84752,1005.92,1000,-5.92,50.25,202,2.2373,-0.2526,LOCK,2,misalignment
746,4805658,7940,7953,-0.34320,0.03120,-0.68640,0.76805,1005.92,1000,-5.92,50.25,202,2.2498,-0.0642,LOCK,2,misalignment
747,4805678,7960,7973,-0.06240,-0.12480,-0.70590,0.71956,1005.92,1000,-5.92,50.25,202,2.2685,0.2197,LOCK,2,misalignment
748,4805687,7969,7982,0.11700,-0.04680,-0.77610,0.78626,1005.91,1000,-5.91,50.25,202,2.2398,-0.2156,LOCK,2,misalignment
749,4805695,7977,7990,-0.02340,-0.01170,-0.69030,0.69080,1005.91,1000,-5.91,50.25,202,2.2432,-0.1634,LOCK,2,misalignment
750,4805704,7986,7999,-0.15990,0.15990,-0.69420,0.73010,1005.90,1000,-5.90,50.25,202,2.2574,0.0515,LOCK,2,misalignment
751,4805712,7994,8007,-0.40560,-0.12480,-0.78000,0.88797,1005.90,1000,-5.90,50.25,202,2.2544,0.0057,LOCK,2,misalignment
752,4805721,8003,8016,-0.40560,-0.12480,-0.78000,0.88797,1005.89,1000,-5.89,50.25,202,2.2621,0.1220,LOCK,2,misalignment
753,4805729,8011,8024,-0.01170,-0.04680,-0.73710,0.73868,1005.89,1000,-5.89,50.25,202,2.2580,0.0603,LOCK,2,misalignment
754,4805738,8020,8033,-0.05460,-0.05850,-0.82680,0.83066,1005.89,1000,-5.89,50.25,202,2.2457,-0.1259,LOCK,2,misalignment
755,4805746,8028,8041,0.03900,0.08970,-0.78000,0.78611,1005.88,1000,-5.88,50.25,202,2.2414,-0.1906,LOCK,2,misalignment
756,4805754,8036,8049,-0.05460,0.26520,-0.78390,0.82934,1005.88,1000,-5.88,50.25,202,2.2509,-0.0468,LOCK,2,misalignment
757,4805767,8049,8062,-0.35490,0.07800,-0.86970,0.94256,1005.87,1000,-5.87,50.25,202,2.2521,-0.0282,LOCK,2,misalignment
758,4805775,8057,8070,-0.21840,0.01950,-0.79560,0.82526,1005.86,1000,-5.86,50.25,202,2.2586,0.0695,LOCK,2,misalignment
759,4805789,8071,8084,0.04290,-0.02340,-0.84240,0.84382,1005.86,1000,-5.86,50.25,202,2.2393,-0.2226,LOCK,2,misalignment
760,4805797,8079,8092,-0.07410,0.07800,-0.88140,0.88794,1005.85,1000,-5.85,50.25,202,2.2606,0.1003,LOCK,2,misalignment
761,4805806,8088,8101,0.11700,0.08580,-0.78780,0.80105,1005.85,1000,-5.85,50.25,202,2.2389,-0.2287,LOCK,2,misalignment
762,4805814,8096,8109,0.11700,0.08580,-0.78780,0.80105,1005.86,1000,-5.86,50.25,202,2.2581,0.0619,LOCK,2,misalignment
763,4805823,8105,8118,0.04680,0.17160,-0.80730,0.82666,1005.88,1000,-5.88,50.25,202,2.2677,0.2072,LOCK,2,misalignment
764,4805831,8113,8126,-0.20670,0.15600,-0.79170,0.83298,1005.89,1000,-5.89,50.25,202,2.2674,0.2035,LOCK,2,misalignment
765,4805839,8121,8134,-0.24570,-0.09750,-0.88530,0.92392,1005.90,1000,-5.90,50.25,202,2.2308,-0.3518,LOCK,2,misalignment
766,4805848,8130,8143,0.07800,-0.06630,-0.72930,0.73645,1005.91,1000,-5.91,50.25,202,2.2495,-0.0682,LOCK,2,misalignment
767,4805856,8138,8151,0.14430,0.13260,-0.95160,0.97157,1005.92,1000,-5.92,50.25,202,2.2524,-0.0248,LOCK,2,misalignment
768,4805868,8150,8163,0.10530,0.16770,-0.74490,0.77077,1005.93,1000,-5.93,50.25,202,2.2693,0.2316,LOCK,2,misalignment
769,4805877,8159,8172,-0.07020,0.05460,-0.78390,0.78893,1005.92,1000,-5.92,50.25,202,2.2555,0.0231,LOCK,2,misalignment
770,4805885,8167,8180,-0.07020,0.05460,-0.78390,0.78893,1005.92,1000,-5.92,50.25,202,2.2339,-0.3048,LOCK,2,misalignment
771,4805894,8176,8189,-0.32760,0.00000,-0.70980,0.78175,1005.91,1000,-5.91,50.25,202,2.2614,0.1125,LOCK,2,misalignment
772,4805902,8184,8197,-0.07020,-0.14430,-0.83460,0.84989,1005.90,1000,-5.90,50.25,202,2.2433,-0.1625,LOCK,2,misalignment
773,4805911,8193,8206,-0.00390,-0.17550,-0.69420,0.71605,1005.90,1000,-5.90,50.25,202,2.2555,0.0234,LOCK,2,misalignment
774,4805925,8207,8220,0.02730,-0.01560,-0.78390,0.78453,1005.89,1000,-5.89,50.25,202,2.2655,0.1742,LOCK,2,misalignment
775,4805933,8215,8228,0.05070,0.02730,-0.72540,0.72768,1005.88,1000,-5.88,50.25,202,2.2694,0.2340,LOCK,2,misalignment
776,4805942,8224,8237,-0.12480,0.22620,-0.75270,0.79580,1005.87,1000,-5.87,50.25,202,2.2425,-0.1738,LOCK,2,misalignment
777,4805950,8232,8245,-0.38610,-0.07800,-0.70590,0.80836,1005.86,1000,-5.86,50.25,202,2.2471,-0.1039,LOCK,2,misalignment
778,4805958,8240,8253,-0.11700,0.02340,-0.78000,0.78907,1005.84,1000,-5.84,50.25,202,2.2528,-0.0175,LOCK,2,misalignment
779,4805971,8253,8266,-0.01170,-0.15210,-0.76440,0.77947,1005.84,1000,-5.84,50.25,202,2.2572,0.0484,LOCK,2,misalignment
780,4805981,8263,8276,0.07410,0.07020,-0.91260,0.91829,1005.83,1000,-5.83,50.25,202,2.2589,0.0747,LOCK,2,misalignment
781,4805995,8277,8290,0.14820,-0.06240,-0.71760,0.73540,1005.82,1000,-5.82,50.25,202,2.2632,0.1394,LOCK,2,misalignment
782,4806003,8285,8298,-0.21060,0.07800,-0.89700,0.92469,1005.82,1000,-5.82,50.25,202,2.2439,-0.1536,LOCK,2,misalignment
783,4806012,8294,8307,-0.33930,0.05070,-0.78000,0.85211,1005.81,1000,-5.81,50.25,202,2.2504,-0.0538,LOCK,2,misalignment
784,4806020,8302,8315,-0.02340,-0.07020,-0.87750,0.88061,1005.81,1000,-5.81,50.25,202,2.2512,-0.0422,LOCK,2,misalignment
785,4806029,8311,8324,-0.02340,-0.07020,-0.87750,0.88061,1005.81,1000,-5.81,50.25,202,2.2678,0.2093,LOCK,2,misalignment
786,4806037,8319,8332,-0.04290,0.03510,-0.81510,0.81698,1005.81,1000,-5.81,50.25,202,2.2661,0.1837,LOCK,2,misalignment
787,4806045,8327,8340,0.12870,0.08970,-0.85020,0.86455,1005.80,1000,-5.80,50.25,202,2.2505,-0.0535,LOCK,2,misalignment
788,4806054,8336,8349,-0.08970,0.14040,-0.77610,0.79378,1005.80,1000,-5.80,50.25,202,2.2434,-0.1607,LOCK,2,misalignment
789,4806062,8344,8357,-0.20670,0.06240,-0.72540,0.75685,1005.79,1000,-5.79,50.25,202,2.2479,-0.0926,LOCK,2,misalignment
790,4806079,8361,8374,-0.31200,-0.24570,-0.82680,0.91723,1005.79,1000,-5.79,50.25,202,2.2654,0.1721,LOCK,2,misalignment
791,4806087,8369,8382,0.10530,-0.04680,-0.74490,0.75376,1005.78,1000,-5.78,50.25,202,2.2630,0.1369,LOCK,2,misalignment
792,4806096,8378,8391,-0.05460,-0.05460,-0.83850,0.84205,1005.78,1000,-5.78,50.25,202,2.2438,-0.1543,LOCK,2,misalignment
793,4806104,8386,8399,0.19890,0.05850,-0.70980,0.73946,1005.77,1000,-5.77,50.25,202,2.2486,-0.0825,LOCK,2,misalignment
794,4806112,8394,8407,0.05070,0.09750,-0.72150,0.72982,1005.77,1000,-5.77,50.25,202,2.2472,-0.1033,LOCK,2,misalignment
795,4806121,8403,8416,0.05070,0.09750,-0.72150,0.72982,1005.77,1000,-5.77,50.25,202,2.2474,-0.0999,LOCK,2,misalignment
796,4806129,8411,8424,-0.27300,0.15600,-0.76050,0.82294,1005.76,1000,-5.76,50.25,202,2.2625,0.1290,LOCK,2,misalignment
797,4806138,8420,8433,-0.21840,-0.06240,-0.74880,0.78249,1005.76,1000,-5.76,50.25,202,2.2623,0.1257,LOCK,2,misalignment
798,4806146,8428,8441,0.01950,-0.10530,-0.70590,0.71398,1005.76,1000,-5.76,50.25,202,2.2389,-0.2281,LOCK,2,misalignment
799,4806155,8437,8450,-0.00780,0.11700,-0.85800,0.86598,1005.76,1000,-5.76,50.25,202,2.2543,0.0048,LOCK,2,misalignment
800,4806163,8445,8458,-0.00780,0.11700,-0.85800,0.86598,1005.75,1000,-5.75,50.25,202,2.2383,-0.2382,LOCK,2,misalignment
801,4806175,8457,8470,0.04290,0.05070,-0.69810,0.70125,1005.76,1000,-5.76,50.25,202,2.2516,-0.0370,LOCK,2,misalignment
802,4806184,8466,8479,0.04290,0.05070,-0.69810,0.70125,1005.77,1000,-5.77,50.25,202,2.2673,0.2011,LOCK,2,misalignment
803,4806197,8479,8492,-0.22620,-0.02730,-0.80730,0.83884,1005.78,1000,-5.78,50.25,202,2.2593,0.0805,LOCK,2,misalignment
804,4806206,8488,8501,0.02730,-0.16770,-0.69030,0.71090,1005.79,1000,-5.79,50.25,202,2.2368,-0.2608,LOCK,2,misalignment
805,4806214,8496,8509,0.02730,-0.16770,-0.69030,0.71090,1005.79,1000,-5.79,50.25,202,2.2331,-0.3163,LOCK,2,misalignment
806,4806223,8505,8518,-0.04290,0.00000,-0.89700,0.89803,1005.80,1000,-5.80,50.25,202,2.2469,-0.1079,LOCK,2,misalignment
807,4806232,8514,8527,0.13650,0.10140,-0.69420,0.71472,1005.79,1000,-5.79,50.25,202,2.2611,0.1083,LOCK,2,misalignment
808,4806240,8522,8535,-0.12090,0.12870,-0.87750,0.89509,1005.78,1000,-5.78,50.25,202,2.2574,0.0518,LOCK,2,misalignment
809,4806249,8531,8544,-0.35490,0.15210,-0.72930,0.82521,1005.78,1000,-5.78,50.25,202,2.2531,-0.0132,LOCK,2,misalignment
810,4806257,8539,8552,-0.08190,-0.03120,-0.93210,0.93621,1005.77,1000,-5.77,50.25,202,2.2440,-0.1509,LOCK,2,misalignment
811,4806266,8548,8561,-0.08190,-0.03120,-0.93210,0.93621,1005.76,1000,-5.76,50.25,202,2.2398,-0.2153,LOCK,2,misalignment
812,4806288,8570,8583,0.13260,-0.11310,-0.72150,0.74225,1005.76,1000,-5.76,50.25,202,2.2655,0.1736,LOCK,2,misalignment
813,4806297,8579,8592,0.13260,-0.11310,-0.72150,0.74225,1005.75,1000,-5.75,50.25,202,2.2311,-0.3472,LOCK,2,misalignment
814,4806305,8587,8600,-0.12090,0.28080,-0.83070,0.88517,1005.75,1000,-5.75,50.25,202,2.2642,0.1540,LOCK,2,misalignment
815,4806313,8595,8608,-0.39390,-0.07020,-0.79560,0.89054,1005.74,1000,-5.74,50.25,202,2.2348,-0.2916,LOCK,2,misalignment
816,4806322,8604,8617,0.04680,0.01560,-0.77220,0.77377,1005.74,1000,-5.74,50.25,202,2.2505,-0.0529,LOCK,2,misalignment
817,4806332,8614,8627,0.02730,-0.07020,-0.81120,0.81469,1005.73,1000,-5.73,50.25,202,2.2648,0.1632,LOCK,2,misalignment
818,4806341,8623,8636,0.09750,0.06630,-0.86190,0.86993,1005.73,1000,-5.73,50.25,202,2.2673,0.2017,LOCK,2,misalignment
819,4806349,8631,8644,0.06630,0.03900,-0.70980,0.71396,1005.73,1000,-5.73,50.25,202,2.2307,-0.3536,LOCK,2,misalignment
820,4806358,8640,8653,0.06630,0.03900,-0.70980,0.71396,1005.73,1000,-5.73,50.25,202,2.2350,-0.2873,LOCK,2,misalignment
821,4806366,8648,8661,-0.22620,0.02730,-0.78390,0.81634,1005.73,1000,-5.73,50.25,202,2.2499,-0.0615,LOCK,2,misalignment
822,4806385,8667,8680,0.03900,-0.06240,-0.81120,0.81453,1005.73,1000,-5.73,50.25,202,2.2558,0.0274,LOCK,2,misalignment
823,4806398,8680,8693,0.01170,-0.07020,-0.78000,0.78324,1005.73,1000,-5.73,50.25,202,2.2664,0.1882,LOCK,2,misalignment
824,4806406,8688,8701,0.10530,0.01560,-0.75660,0.76405,1005.74,1000,-5.74,50.25,202,2.2538,-0.0026,LOCK,2,misalignment
825,4806415,8697,8710,-0.00780,0.25740,-0.76830,0.81031,1005.74,1000,-5.74,50.25,202,2.2401,-0.2113,LOCK,2,misalignment
826,4806423,8705,8718,-0.27300,0.07020,-0.71370,0.76735,1005.74,1000,-5.74,50.25,202,2.2521,-0.0291,LOCK,2,misalignment
827,4806432,8714,8727,-0.28860,-0.06630,-0.83070,0.88190,1005.74,1000,-5.74,50.25,202,2.2615,0.1144,LOCK,2,misalignment
828,4806440,8722,8735,-0.28860,-0.06630,-0.83070,0.88190,1005.74,1000,-5.74,50.25,202,2.2662,0.1846,LOCK,2,misalignment
829,4806449,8731,8744,0.07800,-0.03120,-0.72930,0.73412,1005.75,1000,-5.75,50.25,202,2.2296,-0.3704,LOCK,2,misalignment
830,4806457,8739,8752,-0.09750,0.14430,-0.90480,0.92141,1005.75,1000,-5.75,50.25,202,2.2362,-0.2693,LOCK,2,misalignment
831,4806466,8748,8761,0.15210,0.17160,-0.67860,0.71630,1005.75,1000,-5.75,50.25,202,2.2576,0.0539,LOCK,2,misalignment
832,4806474,8756,8769,0.00000,0.08190,-0.72930,0.73388,1005.76,1000,-5.76,50.25,202,2.2446,-0.1421,LOCK,2,misalignment
833,4806491,8773,8786,-0.28470,0.11310,-0.67860,0.74454,1005.77,1000,-5.77,50.25,202,2.2608,0.1031,LOCK,2,misalignment
834,4806500,8782,8795,-0.18720,-0.12090,-0.80340,0.83373,1005.77,1000,-5.77,50.25,202,2.2621,0.1229,LOCK,2,misalignment
835,4806508,8790,8803,-0.09360,-0.14430,-0.69030,0.71141,1005.78,1000,-5.78,50.25,202,2.2398,-0.2147,LOCK,2,misalignment
836,4806517,8799,8812,0.09750,0.10140,-0.93210,0.94266,1005.79,1000,-5.79,50.25,202,2.2385,-0.2342,LOCK,2,misalignment
837,4806525,8807,8820,0.00000,0.03900,-0.83460,0.83551,1005.79,1000,-5.79,50.25,202,2.2592,0.0780,LOCK,2,misalignment
838,4806535,8817,8830,-0.01950,0.06240,-0.78390,0.78662,1005.80,1000,-5.80,50.25,202,2.2615,0.1134,LOCK,2,misalignment
839,4806543,8825,8838,-0.01950,0.06240,-0.78390,0.78662,1005.80,1000,-5.80,50.25,202,2.2634,0.1427,LOCK,2,misalignment
840,4806552,8834,8847,-0.34710,0.00000,-0.79950,0.87160,1005.80,1000,-5.80,50.25,202,2.2556,0.0246,LOCK,2,misalignment
841,4806560,8842,8855,-0.07800,0.03120,-0.87360,0.87763,1005.80,1000,-5.80,50.25,202,2.2402,-0.2092,LOCK,2,misalignment
842,4806568,8850,8863,0.01560,-0.19110,-0.76830,0.79186,1005.80,1000,-5.80,50.25,202,2.2483,-0.0871,LOCK,2,misalignment
843,4806577,8859,8872,-0.02340,-0.01560,-0.89310,0.89354,1005.80,1000,-5.80,50.25,202,2.2305,-0.3566,LOCK,2,misalignment
844,4806600,8882,8895,-0.19110,0.15990,-0.89700,0.93097,1005.82,1000,-5.82,50.25,202,2.2670,0.1965,LOCK,2,misalignment
845,4806608,8890,8903,-0.30420,0.08580,-0.70590,0.77343,1005.83,1000,-5.83,50.25,202,2.2432,-0.1640,LOCK,2,misalignment
846,4806617,8899,8912,-0.07800,-0.06240,-0.86580,0.87154,1005.84,1000,-5.84,50.25,202,2.2401,-0.2104,LOCK,2,misalignment
847,4806625,8907,8920,-0.07800,-0.06240,-0.86580,0.87154,1005.85,1000,-5.85,50.25,202,2.2621,0.1232,LOCK,2,misalignment
848,4806634,8916,8929,0.04680,0.01950,-0.78000,0.78165,1005.86,1000,-5.86,50.25,202,2.2567,0.0405,LOCK,2,misalignment
849,4806642,8924,8937,0.13260,0.09360,-0.85800,0.87322,1005.87,1000,-5.87,50.25,202,2.2595,0.0826,LOCK,2,misalignment
850,4806651,8933,8946,-0.03120,-0.10530,-0.70590,0.71439,1005.89,1000,-5.89,50.25,202,2.2626,0.1305,LOCK,2,misalignment
851,4806659,8941,8954,-0.22620,0.14040,-0.72540,0.77271,1005.90,1000,-5.90,50.25,202,2.2294,-0.3728,LOCK,2,misalignment
852,4806668,8950,8963,-0.43290,-0.09750,-0.81510,0.92806,1005.92,1000,-5.92,50.25,202,2.2334,-0.3118,LOCK,2,misalignment
853,4806676,8958,8971,-0.43290,-0.09750,-0.81510,0.92806,1005.93,1000,-5.93,50.25,202,2.2397,-0.2159,LOCK,2,misalignment
854,4806693,8975,8988,-0.12480,0.06240,-0.83070,0.84234,1005.94,1000,-5.94,50.25,202,2.2666,0.1910,LOCK,2,misalignment
855,4806702,8984,8997,0.04290,0.16380,-0.74880,0.76771,1005.95,1000,-5.95,50.25,202,2.2630,0.1363,LOCK,2,misalignment
856,4806710,8992,9005,-0.04290,0.15600,-0.76440,0.78133,1005.96,1000,-5.96,50.25,202,2.2403,-0.2074,LOCK,2,misalignment
857,4806718,9000,9013,-0.33930,0.08970,-0.83070,0.90179,1005.97,1000,-5.97,50.25,202,2.2543,0.0051,LOCK,2,misalignment
858,4806727,9009,9022,-0.33930,0.08970,-0.83070,0.90179,1005.99,1000,-5.99,50.25,202,2.2525,-0.0221,LOCK,2,misalignment
859,4806735,9017,9030,-0.22620,-0.00390,-0.81120,0.84216,1006.00,1000,-6.00,50.25,202,2.2350,-0.2886,LOCK,2,misalignment
860,4806744,9026,9039,0.00390,-0.07410,-0.81120,0.81459,1006.00,1000,-6.00,50.25,202,2.2632,0.1397,LOCK,2,misalignment
861,4806752,9034,9047,-0.04680,0.06240,-0.86580,0.86931,1006.01,1000,-6.01,50.25,202,2.2627,0.1324,LOCK,2,misalignment
862,4806761,9043,9056,0.14040,0.01950,-0.76830,0.78127,1006.02,1000,-6.02,50.25,202,2.2323,-0.3289,LOCK,2,misalignment
863,4806769,9051,9064,0.10140,0.16770,-0.78000,0.80424,1006.03,1000,-6.03,50.25,202,2.2355,-0.2809,LOCK,2,misalignment
864,4806778,9060,9073,0.10140,0.16770,-0.78000,0.80424,1006.05,1000,-6.05,50.25,202,2.2503,-0.0566,LOCK,2,misalignment
865,4806790,9072,9085,-0.21840,-0.03510,-0.79170,0.82202,1006.06,1000,-6.06,50.25,202,2.2563,0.0350,LOCK,2,misalignment
866,4806804,9086,9099,0.07410,-0.10920,-0.68250,0.69514,1006.07,1000,-6.07,50.25,202,2.2636,0.1449,LOCK,2,misalignment
867,4806812,9094,9107,0.01950,0.02340,-0.87360,0.87413,1006.08,1000,-6.08,50.25,202,2.2381,-0.2410,LOCK,2,misalignment
868,4806820,9102,9115,0.10530,0.12090,-0.73710,0.75434,1006.09,1000,-6.09,50.25,202,2.2582,0.0631,LOCK,2,misalignment
869,4806829,9111,9124,0.10530,0.12090,-0.73710,0.75434,1006.11,1000,-6.11,50.25,202,2.2476,-0.0975,LOCK,2,misalignment
870,4806837,9119,9132,-0.10920,0.02340,-0.82680,0.83431,1006.12,1000,-6.12,50.25,202,2.2548,0.0121,LOCK,2,misalignment
871,4806846,9128,9141,-0.29640,0.04680,-0.75660,0.81393,1006.14,1000,-6.14,50.25,202,2.2617,0.1165,LOCK,2,misalignment
872,4806855,9137,9150,-0.09750,-0.06630,-0.93600,0.94340,1006.15,1000,-6.15,50.25,202,2.2665,0.1894,LOCK,2,misalignment
873,4806863,9145,9158,-0.00780,-0.12090,-0.76050,0.77009,1006.16,1000,-6.16,50.25,202,2.2489,-0.0770,LOCK,2,misalignment
874,4806872,9154,9167,0.05850,0.01560,-0.86970,0.87180,1006.17,1000,-6.17,50.25,202,2.2591,0.0771,LOCK,2,misalignment
875,4806880,9162,9175,0.05850,0.01560,-0.86970,0.87180,1006.18,1000,-6.18,50.25,202,2.2419,-0.1833,LOCK,2,misalignment
876,4806893,9175,9188,-0.12480,0.24570,-0.81120,0.85673,1006.20,1000,-6.20,50.25,202,2.2608,0.1037,LOCK,2,misalignment
877,4806902,9184,9197,-0.12480,0.24570,-0.81120,0.85673,1006.21,1000,-6.21,50.25,202,2.2574,0.0521,LOCK,2,misalignment
878,4806910,9192,9205,-0.35880,-0.05070,-0.74100,0.82486,1006.22,1000,-6.22,50.25,202,2.2385,-0.2348,LOCK,2,misalignment
879,4806919,9201,9214,-0.03120,-0.01950,-0.77220,0.77308,1006.23,1000,-6.23,50.25,202,2.2533,-0.0111,LOCK,2,misalignment
880,4806927,9209,9222,0.05070,-0.14820,-0.73320,0.74974,1006.24,1000,-6.24,50.25,202,2.2515,-0.0377,LOCK,2,misalignment
881,4806936,9218,9231,0.05850,0.13260,-0.85410,0.86631,1006.25,1000,-6.25,50.25,202,2.2391,-0.2251,LOCK,2,misalignment
882,4806996,9278,9291,0.10530,0.10530,-0.85020,0.86314,1006.27,1000,-6.27,50.25,202,2.2585,0.0689,LOCK,2,misalignment
883,4807009,9291,9304,-0.04290,0.17550,-0.79950,0.81966,1006.29,1000,-6.29,50.25,202,2.2580,0.0606,LOCK,2,misalignment
884,4807018,9300,9313,-0.19890,0.04290,-0.73710,0.76467,1006.31,1000,-6.31,50.25,202,2.2405,-0.2052,LOCK,2,misalignment
885,4807026,9308,9321,-0.29250,-0.20280,-0.83070,0.90374,1006.32,1000,-6.32,50.25,202,2.2435,-0.1598,LOCK,2,misalignment
886,4807035,9317,9330,-0.29250,-0.20280,-0.83070,0.90374,1006.34,1000,-6.34,50.25,202,2.2456,-0.1277,LOCK,2,misalignment
887,4807043,9325,9338,0.09750,-0.08970,-0.76050,0.77195,1006.35,1000,-6.35,50.25,202,2.2553,0.0203,LOCK,2,misalignment
888,4807051,9333,9346,-0.07800,-0.10530,-0.86190,0.87180,1006.36,1000,-6.36,50.25,202,2.2676,0.2062,LOCK,2,misalignment
889,4807060,9342,9355,0.17940,0.08580,-0.67470,0.70340,1006.37,1000,-6.37,50.25,202,2.2669,0.1949,LOCK,2,misalignment
890,4807068,9350,9363,0.02340,0.08190,-0.70980,0.71489,1006.39,1000,-6.39,50.25,202,2.2437,-0.1567,LOCK,2,misalignment
891,4807077,9359,9372,0.02340,0.08190,-0.70980,0.71489,1006.40,1000,-6.40,50.25,202,2.2435,-0.1585,LOCK,2,misalignment
892,4807085,9367,9380,-0.29250,0.18330,-0.74100,0.81746,1006.41,1000,-6.41,50.25,202,2.2566,0.0393,LOCK,2,misalignment
893,4807139,9421,9434,-0.38610,0.10140,-0.78390,0.87969,1006.42,1000,-6.42,50.25,202,2.2703,0.2468,LOCK,2,misalignment
894,4807147,9429,9442,-0.38610,0.10140,-0.78390,0.87969,1006.43,1000,-6.43,50.25,202,2.2599,0.0896,LOCK,2,misalignment
895,4807156,9438,9451,-0.17940,0.00390,-0.91650,0.93390,1006.44,1000,-6.44,50.25,202,2.2625,0.1281,LOCK,2,misalignment
896,4807164,9446,9459,0.02340,-0.15210,-0.76050,0.77591,1006.45,1000,-6.45,50.25,202,2.2557,0.0264,LOCK,2,misalignment
897,4807173,9455,9468,-0.02730,0.00390,-0.93210,0.93251,1006.46,1000,-6.46,50.25,202,2.2549,0.0139,LOCK,2,misalignment
898,4807181,9463,9476,0.15990,0.04290,-0.71370,0.73265,1006.47,1000,-6.47,50.25,202,2.2623,0.1263,LOCK,2,misalignment
899,4807189,9471,9484,0.15990,0.04290,-0.71370,0.73265,1006.47,1000,-6.47,50.25,202,2.2489,-0.0770,LOCK,2,misalignment
900,4807213,9495,9508,-0.08190,0.00390,-0.87360,0.87744,1006.48,1000,-6.48,50.25,202,2.2689,0.2264,LOCK,2,misalignment
901,4807221,9503,9516,-0.04290,-0.04680,-0.76050,0.76315,1006.49,1000,-6.49,50.25,202,2.2635,0.1434,LOCK,2,misalignment
902,4807230,9512,9525,-0.04290,-0.04680,-0.76050,0.76315,1006.49,1000,-6.49,50.25,202,2.2671,0.1980,LOCK,2,misalignment
903,4807238,9520,9533,0.10140,0.08580,-0.87360,0.88364,1006.50,1000,-6.50,50.25,202,2.2390,-0.2266,LOCK,2,misalignment
904,4807247,9529,9542,0.12480,-0.02340,-0.69420,0.70572,1006.50,1000,-6.50,50.25,202,2.2457,-0.1253,LOCK,2,misalignment
905,4807255,9537,9550,-0.12090,0.28860,-0.82290,0.88038,1006.50,1000,-6.50,50.25,202,2.2358,-0.2754,LOCK,2,misalignment
906,4807265,9547,9560,-0.39780,-0.12870,-0.82290,0.92302,1006.50,1000,-6.50,50.25,202,2.2497,-0.0657,LOCK,2,misalignment
907,4807302,9584,9597,0.08580,0.07020,-0.79170,0.79942,1006.51,1000,-6.51,50.25,202,2.2575,0.0530,LOCK,2,misalignment
908,4807311,9593,9606,0.01170,-0.01170,-0.69030,0.69050,1006.51,1000,-6.51,50.25,202,2.2658,0.1791,LOCK,2,misalignment
909,4807319,9601,9614,-0.27690,0.00780,-0.73710,0.78743,1006.52,1000,-6.52,50.25,202,2.2668,0.1946,LOCK,2,misalignment
910,4807328,9610,9623,-0.23010,-0.09750,-0.71370,0.75619,1006.52,1000,-6.52,50.25,202,2.2471,-0.1039,LOCK,2,misalignment
911,4807336,9618,9631,-0.02730,-0.05070,-0.76440,0.76657,1006.52,1000,-6.52,50.25,202,2.2529,-0.0169,LOCK,2,misalignment
912,4807345,9627,9640,-0.03120,0.03120,-0.78780,0.78903,1006.53,1000,-6.53,50.25,202,2.2577,0.0554,LOCK,2,misalignment
913,4807354,9636,9649,-0.03120,0.03120,-0.78780,0.78903,1006.53,1000,-6.53,50.25,202,2.2625,0.1287,LOCK,2,misalignment
914,4807362,9644,9657,0.10920,-0.01950,-0.74100,0.74926,1006.53,1000,-6.53,50.25,202,2.2530,-0.0148,LOCK,2,misalignment
915,4807371,9653,9666,0.03120,0.23400,-0.81510,0.84860,1006.54,1000,-6.54,50.25,202,2.2501,-0.0596,LOCK,2,misalignment
916,4807379,9661,9674,-0.27300,0.11310,-0.81120,0.86335,1006.54,1000,-6.54,50.25,202,2.2436,-0.1576,LOCK,2,misalignment
917,4807387,9669,9682,-0.27690,0.01170,-0.83850,0.88312,1006.55,1000,-6.55,50.25,202,2.2437,-0.1567,LOCK,2,misalignment
918,4807419,9701,9714,0.16380,0.13260,-0.72930,0.75914,1006.55,1000,-6.55,50.25,202,2.2658,0.1788,LOCK,2,misalignment
919,4807427,9709,9722,-0.03510,0.01950,-0.80340,0.80440,1006.55,1000,-6.55,50.25,202,2.2344,-0.2971,LOCK,2,misalignment
920,4807436,9718,9731,-0.03510,0.01950,-0.80340,0.80440,1006.55,1000,-6.55,50.25,202,2.2574,0.0515,LOCK,2,misalignment
921,4807444,9726,9739,-0.24180,0.19500,-0.78000,0.83958,1006.55,1000,-6.55,50.25,202,2.2547,0.0100,LOCK,2,misalignment
922,4807453,9735,9748,-0.15210,-0.04290,-0.89310,0.90697,1006.55,1000,-6.55,50.25,202,2.2462,-0.1176,LOCK,2,misalignment
923,4807461,9743,9756,0.01170,-0.07410,-0.72150,0.72539,1006.55,1000,-6.55,50.25,202,2.2653,0.1714,LOCK,2,misalignment
924,4807470,9752,9765,0.14430,0.07410,-0.88140,0.89620,1006.55,1000,-6.55,50.25,202,2.2518,-0.0328,LOCK,2,misalignment
925,4807478,9760,9773,0.03510,0.01950,-0.74880,0.74988,1006.55,1000,-6.55,50.25,202,2.2421,-0.1802,LOCK,2,misalignment
926,4807487,9769,9782,0.03510,0.01950,-0.74880,0.74988,1006.55,1000,-6.55,50.25,202,2.2636,0.1461,LOCK,2,misalignment
927,4807495,9777,9790,-0.03510,0.09750,-0.74490,0.75207,1006.55,1000,-6.55,50.25,202,2.2530,-0.0145,LOCK,2,misalignment
928,4807515,9797,9810,-0.09750,-0.08580,-0.72930,0.74077,1006.55,1000,-6.55,50.25,202,2.2644,0.1580,LOCK,2,misalignment
929,4807523,9805,9818,0.01560,-0.26130,-0.70200,0.74922,1006.54,1000,-6.54,50.25,202,2.2390,-0.2278,LOCK,2,misalignment
930,4807532,9814,9827,0.04680,0.01170,-0.93600,0.93724,1006.54,1000,-6.54,50.25,202,2.2623,0.1263,LOCK,2,misalignment
931,4807540,9822,9835,0.18330,0.05460,-0.75270,0.77662,1006.53,1000,-6.53,50.25,202,2.2561,0.0319,LOCK,2,misalignment
932,4807568,9850,9863,-0.36270,0.03510,-0.68250,0.77369,1006.51,1000,-6.51,50.25,202,2.2673,0.2020,LOCK,2,misalignment
933,4807577,9859,9872,-0.03510,-0.05070,-0.85020,0.85243,1006.50,1000,-6.50,50.25,202,2.2419,-0.1836,LOCK,2,misalignment
934,4807585,9867,9880,0.06630,-0.01170,-0.72930,0.73240,1006.49,1000,-6.49,50.25,202,2.2490,-0.0764,LOCK,2,misalignment
935,4807594,9876,9889,0.08970,0.24570,-0.85800,0.89698,1006.47,1000,-6.47,50.25,202,2.2356,-0.2791,LOCK,2,misalignment
936,4807665,9947,9960,-0.04290,0.15210,-0.76440,0.78057,1006.47,1000,-6.47,50.25,202,2.2669,0.1952,LOCK,2,misalignment
937,4807673,9955,9968,-0.33150,0.10920,-0.79170,0.86522,1006.46,1000,-6.46,50.25,202,2.2630,0.1369,LOCK,2,misalignment
938,4807682,9964,9977,-0.33150,0.10920,-0.79170,0.86522,1006.45,1000,-6.45,50.25,202,2.2397,-0.2162,LOCK,2,misalignment
939,4807690,9972,9985,-0.19890,-0.09750,-0.77220,0.80334,1006.45,1000,-6.45,50.25,202,2.2531,-0.0138,LOCK,2,misalignment
940,4807699,9981,9994,0.01170,-0.02730,-0.79170,0.79226,1006.44,1000,-6.44,50.25,202,2.2520,-0.0300,LOCK,2,misalignment
