sample_index,time_ms_raw,time_ms_zero,elapsed_ms,ax_g,ay_g,az_g,total_g,rpm,target_rpm,rpm_error,pwm_eq,duty_10bit,acs_v,current_a,control_mode,state,fault_type
0,4895533,0,13,-0.03510,0.15210,-0.74490,0.76108,1010.94,1000,-10.94,50.25,202,2.2596,0.0844,LOCK,2,misalignment
1,4895541,8,21,-0.30810,-0.08190,-0.74100,0.80667,1010.95,1000,-10.95,50.25,202,2.2438,-0.1540,LOCK,2,misalignment
2,4895551,18,31,-0.10530,-0.12090,-0.81900,0.83455,1010.99,1000,-10.99,50.25,202,2.2456,-0.1271,LOCK,2,misalignment
3,4895561,28,41,-0.10530,-0.12090,-0.81900,0.83455,1011.02,1000,-11.02,50.25,202,2.2397,-0.2165,LOCK,2,misalignment
4,4895571,38,51,0.05070,0.05070,-0.85800,0.86099,1011.02,1000,-11.02,50.25,202,2.2547,0.0109,LOCK,2,misalignment
5,4895581,48,61,0.05070,0.05070,-0.85800,0.86099,1011.03,1000,-11.03,50.25,202,2.2567,0.0402,LOCK,2,misalignment
6,4895591,58,71,0.14040,0.04680,-0.74490,0.75946,1011.14,1000,-11.14,50.25,202,2.2424,-0.1753,LOCK,2,misalignment
7,4895601,68,81,-0.17940,0.18330,-0.85410,0.89178,1011.17,1000,-11.17,50.25,202,2.2520,-0.0303,LOCK,2,misalignment
8,4895611,78,91,-0.32760,-0.00390,-0.73710,0.80663,1011.18,1000,-11.18,50.25,202,2.2423,-0.1765,LOCK,2,misalignment
9,4895621,88,101,0.00000,-0.08190,-0.84630,0.85025,1011.18,1000,-11.18,50.25,202,2.2637,0.1473,LOCK,2,misalignment
10,4895633,100,113,0.13260,-0.05070,-0.78000,0.79281,1011.18,1000,-11.18,50.25,202,2.2654,0.1730,LOCK,2,misalignment
11,4895642,109,122,0.13260,-0.05070,-0.78000,0.79281,1011.19,1000,-11.19,50.25,202,2.2456,-0.1280,LOCK,2,misalignment
12,4895651,118,131,-0.05460,0.07020,-0.69420,0.69987,1011.25,1000,-11.25,50.25,202,2.2501,-0.0593,LOCK,2,misalignment
13,4895661,128,141,-0.17160,0.06240,-0.69420,0.71781,1011.31,1000,-11.31,50.25,202,2.2410,-0.1970,LOCK,2,misalignment
14,4895674,141,154,0.01950,0.01950,-0.73320,0.73372,1011.31,1000,-11.31,50.25,202,2.2429,-0.1677,LOCK,2,misalignment
15,4895683,150,163,0.01950,0.01950,-0.73320,0.73372,1011.31,1000,-11.31,50.25,202,2.2623,0.1260,LOCK,2,misalignment
16,4895691,158,171,-0.14820,0.05460,-0.84240,0.85708,1011.31,1000,-11.31,50.25,202,2.2357,-0.2779,LOCK,2,misalignment
17,4895701,168,181,0.12870,0.20670,-0.73710,0.77628,1011.38,1000,-11.38,50.25,202,2.2520,-0.0297,LOCK,2,misalignment
18,4895711,178,191,-0.00780,0.16770,-0.80340,0.82075,1011.42,1000,-11.42,50.25,202,2.2504,-0.0551,LOCK,2,misalignment
19,4895721,188,201,-0.29640,0.10920,-0.75270,0.81629,1011.43,1000,-11.43,50.25,202,2.2473,-0.1018,LOCK,2,misalignment
20,4895731,198,211,-0.26520,-0.15600,-0.85410,0.90783,1011.44,1000,-11.44,50.25,202,2.2609,0.1043,LOCK,2,misalignment
21,4895741,208,221,0.00780,0.05460,-0.83850,0.84031,1011.44,1000,-11.44,50.25,202,2.2622,0.1247,LOCK,2,misalignment
22,4895751,218,231,0.07800,0.10530,-0.85410,0.86409,1011.44,1000,-11.44,50.25,202,2.2501,-0.0593,LOCK,2,misalignment
23,4895761,228,241,-0.01170,0.12870,-0.85800,0.86768,1011.54,1000,-11.54,50.25,202,2.2448,-0.1393,LOCK,2,misalignment
24,4895771,238,251,-0.05850,0.20280,-0.76830,0.79677,1011.57,1000,-11.57,50.25,202,2.2431,-0.1652,LOCK,2,misalignment
25,4895781,248,261,-0.23010,0.04290,-0.78390,0.81810,1011.58,1000,-11.58,50.25,202,2.2675,0.2044,LOCK,2,misalignment
26,4895791,258,271,-0.19110,0.08190,-0.87360,0.89800,1011.58,1000,-11.58,50.25,202,2.2614,0.1125,LOCK,2,misalignment
27,4895801,268,281,0.07410,-0.22620,-0.73710,0.77458,1011.58,1000,-11.58,50.25,202,2.2484,-0.0856,LOCK,2,misalignment
28,4895811,278,291,-0.05070,0.03120,-0.85800,0.86006,1011.58,1000,-11.58,50.25,202,2.2315,-0.3405,LOCK,2,misalignment
29,4895821,288,301,0.15600,-0.07800,-0.67470,0.69688,1011.68,1000,-11.68,50.25,202,2.2560,0.0310,LOCK,2,misalignment
30,4895831,298,311,-0.12870,0.08580,-0.80730,0.82198,1011.70,1000,-11.70,50.25,202,2.2593,0.0802,LOCK,2,misalignment
31,4895841,308,321,-0.26910,-0.03120,-0.70980,0.75974,1011.71,1000,-11.71,50.25,202,2.2621,0.1229,LOCK,2,misalignment
32,4895851,318,331,-0.06630,-0.01170,-0.81120,0.81399,1011.71,1000,-11.71,50.25,202,2.2391,-0.2254,LOCK,2,misalignment
33,4895861,328,341,0.00000,-0.04680,-0.70200,0.70356,1011.71,1000,-11.71,50.25,202,2.2455,-0.1292,LOCK,2,misalignment
34,4895875,342,355,0.03900,-0.03510,-0.79560,0.79733,1011.71,1000,-11.71,50.25,202,2.2490,-0.0758,LOCK,2,misalignment
35,4895883,350,363,-0.04680,0.04680,-0.76050,0.76337,1011.71,1000,-11.71,50.25,202,2.2632,0.1388,LOCK,2,misalignment
36,4895892,359,372,-0.15600,0.16380,-0.83460,0.86471,1011.71,1000,-11.71,50.25,202,2.2630,0.1363,LOCK,2,misalignment
37,4895901,368,381,-0.32760,-0.05070,-0.89700,0.95630,1011.71,1000,-11.71,50.25,202,2.2458,-0.1243,LOCK,2,misalignment
38,4895911,378,391,0.04290,0.08190,-0.81900,0.82420,1011.72,1000,-11.72,50.25,202,2.2364,-0.2663,LOCK,2,misalignment
39,4895921,388,401,-0.10920,-0.10530,-0.79170,0.80610,1011.72,1000,-11.72,50.25,202,2.2465,-0.1131,LOCK,2,misalignment
40,4895931,398,411,0.17160,0.10920,-0.77610,0.80231,1011.72,1000,-11.72,50.25,202,2.2598,0.0878,LOCK,2,misalignment
41,4895941,408,421,-0.02340,0.08190,-0.79170,0.79627,1011.90,1000,-11.90,50.25,202,2.2637,0.1476,LOCK,2,misalignment
42,4895951,418,431,-0.02340,0.08190,-0.79170,0.79627,1011.96,1000,-11.96,50.25,202,2.2411,-0.1958,LOCK,2,misalignment
43,4895961,428,441,-0.21450,0.01950,-0.73320,0.76418,1011.98,1000,-11.98,50.25,202,2.2490,-0.0761,LOCK,2,misalignment
44,4895971,438,451,-0.22620,-0.21840,-0.74880,0.81214,1011.98,1000,-11.98,50.25,202,2.2417,-0.1869,LOCK,2,misalignment
45,4895981,448,461,-0.07020,-0.04680,-0.77220,0.77680,1011.98,1000,-11.98,50.25,202,2.2519,-0.0322,LOCK,2,misalignment
46,4895991,458,471,0.08190,-0.02730,-0.79560,0.80027,1011.98,1000,-11.98,50.25,202,2.2593,0.0808,LOCK,2,misalignment
47,4896001,468,481,0.05460,-0.05070,-0.76440,0.76802,1012.05,1000,-12.05,50.25,202,2.2496,-0.0663,LOCK,2,misalignment
48,4896011,478,491,-0.03510,0.12480,-0.74100,0.75226,1012.06,1000,-12.06,50.25,202,2.2380,-0.2428,LOCK,2,misalignment
49,4896021,488,501,-0.35490,0.05850,-0.79560,0.87313,1012.07,1000,-12.07,50.25,202,2.2441,-0.1500,LOCK,2,misalignment
50,4896031,498,511,-0.30030,0.07020,-0.88530,0.93748,1012.07,1000,-12.07,50.25,202,2.2597,0.0866,LOCK,2,misalignment
51,4896041,508,521,0.10530,-0.09750,-0.78780,0.80076,1012.07,1000,-12.07,50.25,202,2.2615,0.1134,LOCK,2,misalignment
52,4896051,518,531,0.01560,0.00000,-0.80340,0.80355,1012.07,1000,-12.07,50.25,202,2.2612,0.1092,LOCK,2,misalignment
53,4896061,528,541,0.10140,0.00780,-0.72540,0.73249,1012.17,1000,-12.17,50.25,202,2.2342,-0.2996,LOCK,2,misalignment
54,4896075,542,555,-0.20670,0.07020,-0.65130,0.68691,1012.18,1000,-12.18,50.25,202,2.2422,-0.1787,LOCK,2,misalignment
55,4896083,550,563,-0.20670,0.07020,-0.65130,0.68691,1012.18,1000,-12.18,50.25,202,2.2488,-0.0792,LOCK,2,misalignment
56,4896092,559,572,-0.08190,-0.07020,-0.82680,0.83381,1012.18,1000,-12.18,50.25,202,2.2601,0.0918,LOCK,2,misalignment
57,4896101,568,581,-0.02340,-0.07410,-0.66300,0.66754,1012.19,1000,-12.19,50.25,202,2.2693,0.2319,LOCK,2,misalignment
58,4896111,578,591,0.05070,0.03900,-0.81900,0.82149,1012.20,1000,-12.20,50.25,202,2.2474,-0.1002,LOCK,2,misalignment
59,4896121,588,601,0.01950,0.03510,-0.74100,0.74209,1012.27,1000,-12.27,50.25,202,2.2424,-0.1750,LOCK,2,misalignment
60,4896131,598,611,-0.10140,0.21060,-0.82680,0.85920,1012.28,1000,-12.28,50.25,202,2.2419,-0.1839,LOCK,2,misalignment
61,4896141,608,621,-0.35490,-0.18330,-0.86580,0.95350,1012.29,1000,-12.29,50.25,202,2.2663,0.1858,LOCK,2,misalignment
62,4896151,618,631,-0.02340,0.04290,-0.82680,0.82824,1012.29,1000,-12.29,50.25,202,2.2651,0.1678,LOCK,2,misalignment
63,4896161,628,641,-0.00780,-0.10530,-0.80730,0.81418,1012.29,1000,-12.29,50.25,202,2.2478,-0.0944,LOCK,2,misalignment
64,4896171,638,651,0.06630,0.12480,-0.78000,0.79270,1012.29,1000,-12.29,50.25,202,2.2369,-0.2583,LOCK,2,misalignment
65,4896181,648,661,0.00390,0.10920,-0.80730,0.81466,1012.33,1000,-12.33,50.25,202,2.2484,-0.0844,LOCK,2,misalignment
66,4896191,658,671,-0.15600,0.04290,-0.75270,0.76989,1012.34,1000,-12.34,50.25,202,2.2526,-0.0206,LOCK,2,misalignment
67,4896201,668,681,-0.23400,-0.09360,-0.76440,0.80488,1012.34,1000,-12.34,50.25,202,2.2651,0.1675,LOCK,2,misalignment
68,4896211,678,691,-0.07800,-0.02730,-0.80730,0.81152,1012.34,1000,-12.34,50.25,202,2.2332,-0.3148,LOCK,2,misalignment
69,4896221,688,701,-0.12090,0.12480,-0.78390,0.80293,1012.34,1000,-12.34,50.25,202,2.2364,-0.2666,LOCK,2,misalignment
70,4896231,698,711,0.13260,0.23400,-0.87750,0.91779,1012.34,1000,-12.34,50.25,202,2.2438,-0.1549,LOCK,2,misalignment
71,4896241,708,721,0.08580,0.19890,-0.76440,0.79450,1012.40,1000,-12.40,50.25,202,2.2647,0.1614,LOCK,2,misalignment
72,4896251,718,731,-0.26520,0.08190,-0.81900,0.86475,1012.42,1000,-12.42,50.25,202,2.2636,0.1455,LOCK,2,misalignment
73,4896261,728,741,-0.29640,-0.12870,-0.88530,0.94243,1012.43,1000,-12.43,50.25,202,2.2396,-0.2187,LOCK,2,misalignment
74,4896275,742,755,0.00000,-0.03900,-0.84630,0.84720,1012.43,1000,-12.43,50.25,202,2.2413,-0.1930,LOCK,2,misalignment
75,4896283,750,763,0.02340,-0.01560,-0.85410,0.85456,1012.43,1000,-12.43,50.25,202,2.2488,-0.0789,LOCK,2,misalignment
76,4896291,758,771,0.03510,0.14820,-0.74880,0.76413,1012.43,1000,-12.43,50.25,202,2.2598,0.0872,LOCK,2,misalignment
77,4896301,768,781,-0.08190,0.25740,-0.84630,0.88836,1012.45,1000,-12.45,50.25,202,2.2610,0.1064,LOCK,2,misalignment
78,4896311,778,791,-0.24570,0.08190,-0.69030,0.73729,1012.47,1000,-12.47,50.25,202,2.2501,-0.0587,LOCK,2,misalignment
79,4896321,788,801,-0.10140,-0.08970,-0.79560,0.80704,1012.47,1000,-12.47,50.25,202,2.2381,-0.2416,LOCK,2,misalignment
80,4896331,798,811,-0.00390,-0.17550,-0.66300,0.68585,1012.48,1000,-12.48,50.25,202,2.2452,-0.1332,LOCK,2,misalignment
81,4896341,808,821,0.04290,-0.06240,-0.85800,0.86134,1012.48,1000,-12.48,50.25,202,2.2677,0.2068,LOCK,2,misalignment
82,4896351,818,831,0.04290,-0.06240,-0.85800,0.86134,1012.48,1000,-12.48,50.25,202,2.2700,0.2432,LOCK,2,misalignment
83,4896361,828,841,0.06240,0.04680,-0.76440,0.76837,1012.50,1000,-12.50,50.25,202,2.2277,-0.3991,LOCK,2,misalignment
84,4896371,838,851,-0.12480,0.26130,-0.83070,0.87972,1012.50,1000,-12.50,50.25,202,2.2366,-0.2638,LOCK,2,misalignment
85,4896381,848,861,-0.35100,-0.07020,-0.81900,0.89381,1012.50,1000,-12.50,50.25,202,2.2458,-0.1237,LOCK,2,misalignment
86,4896391,858,871,-0.02730,-0.05850,-0.76050,0.76324,1012.50,1000,-12.50,50.25,202,2.2563,0.0344,LOCK,2,misalignment
87,4896401,868,881,-0.02730,-0.19110,-0.69810,0.72430,1012.50,1000,-12.50,50.25,202,2.2587,0.0713,LOCK,2,misalignment
88,4896411,878,891,0.07020,0.13260,-0.80730,0.82112,1012.50,1000,-12.50,50.25,202,2.2457,-0.1259,LOCK,2,misalignment
89,4896421,888,901,-0.03510,0.05460,-0.83070,0.83323,1012.57,1000,-12.57,50.25,202,2.2537,-0.0050,LOCK,2,misalignment
90,4896431,898,911,-0.16380,0.08580,-0.76830,0.79024,1012.59,1000,-12.59,50.25,202,2.2433,-0.1625,LOCK,2,misalignment
91,4896441,908,921,-0.28080,-0.09360,-0.78780,0.84157,1012.59,1000,-12.59,50.25,202,2.2607,0.1021,LOCK,2,misalignment
92,4896451,918,931,-0.04290,-0.03120,-0.83460,0.83628,1012.59,1000,-12.59,50.25,202,2.2655,0.1739,LOCK,2,misalignment
93,4896461,928,941,-0.08970,0.07410,-0.79950,0.80792,1012.59,1000,-12.59,50.25,202,2.2636,0.1458,LOCK,2,misalignment
94,4896474,941,954,-0.00390,0.23400,-0.69030,0.72889,1012.59,1000,-12.59,50.25,202,2.2432,-0.1640,LOCK,2,misalignment
95,4896483,950,963,-0.00390,0.23400,-0.69030,0.72889,1012.58,1000,-12.58,50.25,202,2.2362,-0.2703,LOCK,2,misalignment
96,4896491,958,971,-0.34320,0.17160,-0.74490,0.83792,1012.56,1000,-12.56,50.25,202,2.2613,0.1104,LOCK,2,misalignment
97,4896501,968,981,-0.33150,-0.03900,-0.83460,0.89887,1012.52,1000,-12.52,50.25,202,2.2461,-0.1204,LOCK,2,misalignment
98,4896511,978,991,0.01950,-0.00780,-0.83460,0.83486,1012.47,1000,-12.47,50.25,202,2.2690,0.2279,LOCK,2,misalignment
99,4896521,988,1001,-0.03510,0.08580,-0.88530,0.89014,1012.45,1000,-12.45,50.25,202,2.2575,0.0527,LOCK,2,misalignment
100,4896531,998,1011,0.12480,0.04290,-0.75270,0.76418,1012.57,1000,-12.57,50.25,202,2.2462,-0.1182,LOCK,2,misalignment
101,4896541,1008,1021,-0.14040,0.11310,-0.77220,0.79297,1012.61,1000,-12.61,50.25,202,2.2467,-0.1112,LOCK,2,misalignment
102,4896551,1018,1031,-0.19500,0.09360,-0.67470,0.70852,1012.62,1000,-12.62,50.25,202,2.2628,0.1330,LOCK,2,misalignment
103,4896561,1028,1041,-0.20280,-0.10530,-0.83070,0.86156,1012.63,1000,-12.63,50.25,202,2.2300,-0.3640,LOCK,2,misalignment
104,4896571,1038,1051,0.01560,-0.13650,-0.74100,0.75363,1012.63,1000,-12.63,50.25,202,2.2484,-0.0856,LOCK,2,misalignment
105,4896581,1048,1061,0.00390,0.02730,-0.90480,0.90522,1012.63,1000,-12.63,50.25,202,2.2427,-0.1720,LOCK,2,misalignment
106,4896591,1058,1071,0.04290,0.00390,-0.76440,0.76561,1012.72,1000,-12.72,50.25,202,2.2658,0.1782,LOCK,2,misalignment
107,4896609,1076,1089,-0.28080,-0.19110,-0.78390,0.85432,1012.73,1000,-12.73,50.25,202,2.2634,0.1421,LOCK,2,misalignment
108,4896617,1084,1097,-0.28080,-0.19110,-0.78390,0.85432,1012.73,1000,-12.73,50.25,202,2.2487,-0.0810,LOCK,2,misalignment
109,4896626,1093,1106,0.05070,0.13260,-0.79560,0.80817,1012.73,1000,-12.73,50.25,202,2.2603,0.0960,LOCK,2,misalignment
110,4896634,1101,1114,-0.00780,-0.18330,-0.67080,0.69544,1012.73,1000,-12.73,50.25,202,2.2436,-0.1576,LOCK,2,misalignment
111,4896643,1110,1123,0.05460,0.14430,-0.82290,0.83724,1012.74,1000,-12.74,50.25,202,2.2523,-0.0258,LOCK,2,misalignment
112,4896651,1118,1131,0.03120,0.07020,-0.78780,0.79154,1012.73,1000,-12.73,50.25,202,2.2635,0.1440,LOCK,2,misalignment
113,4896661,1128,1141,-0.15600,0.17940,-0.81120,0.84532,1012.71,1000,-12.71,50.25,202,2.2656,0.1757,LOCK,2,misalignment
114,4896675,1142,1155,-0.24960,-0.01950,-0.74490,0.78585,1012.70,1000,-12.70,50.25,202,2.2418,-0.1854,LOCK,2,misalignment
115,4896683,1150,1163,-0.07020,0.04680,-0.82290,0.82721,1012.70,1000,-12.70,50.25,202,2.2488,-0.0783,LOCK,2,misalignment
116,4896691,1158,1171,0.03120,-0.03120,-0.73710,0.73842,1012.70,1000,-12.70,50.25,202,2.2581,0.0625,LOCK,2,misalignment
117,4896701,1168,1181,0.04680,0.02730,-0.89310,0.89474,1012.69,1000,-12.69,50.25,202,2.2712,0.2603,LOCK,2,misalignment
118,4896715,1182,1195,0.00390,0.15210,-0.76050,0.77557,1012.70,1000,-12.70,50.25,202,2.2669,0.1952,LOCK,2,misalignment
119,4896723,1190,1203,-0.24960,0.17550,-0.78000,0.83756,1012.71,1000,-12.71,50.25,202,2.2442,-0.1485,LOCK,2,misalignment
120,4896732,1199,1212,-0.29640,-0.01950,-0.76830,0.82372,1012.72,1000,-12.72,50.25,202,2.2445,-0.1445,LOCK,2,misalignment
121,4896741,1208,1221,-0.29640,-0.01950,-0.76830,0.82372,1012.74,1000,-12.74,50.25,202,2.2594,0.0811,LOCK,2,misalignment
122,4896751,1218,1231,0.00780,0.04680,-0.81120,0.81259,1012.76,1000,-12.76,50.25,202,2.2629,0.1354,LOCK,2,misalignment
123,4896810,1277,1290,0.04680,-0.02340,-0.67860,0.68061,1012.76,1000,-12.76,50.25,202,2.2670,0.1971,LOCK,2,misalignment
124,4896818,1285,1298,0.08970,0.00780,-0.84240,0.84720,1012.76,1000,-12.76,50.25,202,2.2328,-0.3212,LOCK,2,misalignment
125,4896827,1294,1307,-0.01560,0.08970,-0.77220,0.77755,1012.77,1000,-12.77,50.25,202,2.2478,-0.0944,LOCK,2,misalignment
126,4896835,1302,1315,-0.04680,0.21060,-0.78390,0.81304,1012.77,1000,-12.77,50.25,202,2.2436,-0.1582,LOCK,2,misalignment
127,4896843,1310,1323,-0.25350,0.00780,-0.81120,0.84992,1012.77,1000,-12.77,50.25,202,2.2607,0.1021,LOCK,2,misalignment
128,4896857,1324,1337,-0.01170,-0.03120,-0.76830,0.76902,1012.77,1000,-12.77,50.25,202,2.2601,0.0918,LOCK,2,misalignment
129,4896865,1332,1345,-0.03120,-0.29640,-0.67080,0.73403,1012.77,1000,-12.77,50.25,202,2.2478,-0.0941,LOCK,2,misalignment
130,4896879,1346,1359,0.02340,0.12480,-0.88530,0.89436,1012.77,1000,-12.77,50.25,202,2.2355,-0.2797,LOCK,2,misalignment
131,4896887,1354,1367,0.16770,-0.09750,-0.77610,0.79998,1012.78,1000,-12.78,50.25,202,2.2520,-0.0306,LOCK,2,misalignment
132,4896896,1363,1376,-0.09360,0.11700,-0.78780,0.80192,1012.78,1000,-12.78,50.25,202,2.2537,-0.0047,LOCK,2,misalignment
133,4896911,1378,1391,-0.31200,0.01170,-0.77220,0.83293,1012.79,1000,-12.79,50.25,202,2.2571,0.0469,LOCK,2,misalignment
134,4896919,1386,1399,-0.12870,0.01170,-0.80340,0.81373,1012.79,1000,-12.79,50.25,202,2.2680,0.2120,LOCK,2,misalignment
135,4896928,1395,1408,0.04680,0.00390,-0.76050,0.76195,1012.79,1000,-12.79,50.25,202,2.2397,-0.2168,LOCK,2,misalignment
136,4896936,1403,1416,0.12480,-0.03900,-0.92040,0.92964,1012.80,1000,-12.80,50.25,202,2.2520,-0.0306,LOCK,2,misalignment
137,4896944,1411,1424,0.12480,-0.03900,-0.92040,0.92964,1012.81,1000,-12.81,50.25,202,2.2475,-0.0984,LOCK,2,misalignment
138,4896953,1420,1433,0.03120,0.12090,-0.78000,0.78993,1012.81,1000,-12.81,50.25,202,2.2595,0.0832,LOCK,2,misalignment
139,4896961,1428,1441,-0.17550,0.11310,-0.76050,0.78864,1012.82,1000,-12.82,50.25,202,2.2651,0.1678,LOCK,2,misalignment
140,4896970,1437,1450,-0.34710,0.04680,-0.76830,0.84437,1012.83,1000,-12.83,50.25,202,2.2611,0.1073,LOCK,2,misalignment
141,4896978,1445,1458,0.08970,-0.08190,-0.80730,0.81639,1012.84,1000,-12.84,50.25,202,2.2418,-0.1851,LOCK,2,misalignment
142,4896987,1454,1467,0.08970,-0.08190,-0.80730,0.81639,1012.84,1000,-12.84,50.25,202,2.2432,-0.1634,LOCK,2,misalignment
143,4896995,1462,1475,-0.12090,-0.01170,-0.78390,0.79325,1012.85,1000,-12.85,50.25,202,2.2286,-0.3844,LOCK,2,misalignment
144,4897014,1481,1494,-0.00780,0.12870,-0.81120,0.82138,1012.84,1000,-12.84,50.25,202,2.2643,0.1556,LOCK,2,misalignment
145,4897023,1490,1503,-0.18330,0.17940,-0.77610,0.81738,1012.83,1000,-12.83,50.25,202,2.2433,-0.1625,LOCK,2,misalignment
146,4897031,1498,1511,-0.23010,-0.22230,-0.84630,0.90476,1012.82,1000,-12.82,50.25,202,2.2575,0.0530,LOCK,2,misalignment
147,4897040,1507,1520,0.03510,0.02730,-0.75270,0.75401,1012.81,1000,-12.81,50.25,202,2.2423,-0.1775,LOCK,2,misalignment
148,4897048,1515,1528,0.03510,0.02730,-0.75270,0.75401,1012.80,1000,-12.80,50.25,202,2.2487,-0.0810,LOCK,2,misalignment
149,4897059,1526,1539,-0.00780,0.07410,-0.65910,0.66330,1012.80,1000,-12.80,50.25,202,2.2660,0.1824,LOCK,2,misalignment
150,4897068,1535,1548,-0.00780,0.07410,-0.65910,0.66330,1012.80,1000,-12.80,50.25,202,2.2652,0.1690,LOCK,2,misalignment
151,4897081,1548,1561,-0.33150,-0.00780,-0.83460,0.89806,1012.81,1000,-12.81,50.25,202,2.2436,-0.1582,LOCK,2,misalignment
152,4897090,1557,1570,-0.07020,-0.07800,-0.80730,0.81409,1012.81,1000,-12.81,50.25,202,2.2347,-0.2922,LOCK,2,misalignment
153,4897098,1565,1578,-0.07020,-0.07800,-0.80730,0.81409,1012.81,1000,-12.81,50.25,202,2.2630,0.1369,LOCK,2,misalignment
154,4897107,1574,1587,0.07800,-0.33540,-0.72930,0.80651,1012.82,1000,-12.82,50.25,202,2.2600,0.0909,LOCK,2,misalignment
155,4897116,1583,1596,0.03120,0.07020,-0.79170,0.79542,1012.82,1000,-12.82,50.25,202,2.2626,0.1296,LOCK,2,misalignment
156,4897125,1592,1605,0.11700,0.06630,-0.77220,0.78382,1012.82,1000,-12.82,50.25,202,2.2639,0.1495,LOCK,2,misalignment
157,4897133,1600,1613,-0.11310,0.27690,-0.74100,0.79909,1012.82,1000,-12.82,50.25,202,2.2661,0.1833,LOCK,2,misalignment
158,4897142,1609,1622,-0.29250,0.05460,-0.76440,0.82027,1012.82,1000,-12.82,50.25,202,2.2546,0.0094,LOCK,2,misalignment
159,4897150,1617,1630,-0.29250,0.05460,-0.76440,0.82027,1012.83,1000,-12.83,50.25,202,2.2635,0.1437,LOCK,2,misalignment
160,4897159,1626,1639,-0.09360,0.07410,-0.88530,0.89331,1012.83,1000,-12.83,50.25,202,2.2614,0.1119,LOCK,2,misalignment
161,4897167,1634,1647,0.01560,0.01950,-0.76830,0.76871,1012.83,1000,-12.83,50.25,202,2.2539,-0.0010,LOCK,2,misalignment
162,4897176,1643,1656,0.05460,-0.05460,-0.86190,0.86535,1012.83,1000,-12.83,50.25,202,2.2591,0.0768,LOCK,2,misalignment
163,4897184,1651,1664,0.05850,-0.10140,-0.62400,0.63489,1012.84,1000,-12.84,50.25,202,2.2455,-0.1292,LOCK,2,misalignment
164,4897193,1660,1673,-0.17550,0.15600,-0.75660,0.79220,1012.85,1000,-12.85,50.25,202,2.2389,-0.2290,LOCK,2,misalignment
165,4897218,1685,1698,0.00780,0.05070,-0.90480,0.90625,1012.86,1000,-12.86,50.25,202,2.2623,0.1260,LOCK,2,misalignment
166,4897226,1693,1706,-0.16380,0.07020,-0.80340,0.82293,1012.87,1000,-12.87,50.25,202,2.2676,0.2062,LOCK,2,misalignment
167,4897235,1702,1715,0.19500,0.08970,-0.85410,0.88066,1012.87,1000,-12.87,50.25,202,2.2411,-0.1949,LOCK,2,misalignment
168,4897243,1710,1723,0.19500,0.08970,-0.85410,0.88066,1012.87,1000,-12.87,50.25,202,2.2361,-0.2718,LOCK,2,misalignment
169,4897252,1719,1732,-0.04290,0.08190,-0.78780,0.79321,1012.86,1000,-12.86,50.25,202,2.2483,-0.0859,LOCK,2,misalignment
170,4897261,1728,1741,-0.23400,0.16770,-0.68250,0.74073,1012.86,1000,-12.86,50.25,202,2.2620,0.1217,LOCK,2,misalignment
171,4897270,1737,1750,-0.27300,-0.10140,-0.80340,0.85455,1012.85,1000,-12.85,50.25,202,2.2618,0.1189,LOCK,2,misalignment
172,4897283,1750,1763,-0.01560,0.02730,-0.79560,0.79622,1012.85,1000,-12.85,50.25,202,2.2625,0.1293,LOCK,2,misalignment
173,4897292,1759,1772,-0.05850,0.09360,-0.88140,0.88828,1012.85,1000,-12.85,50.25,202,2.2419,-0.1830,LOCK,2,misalignment
174,4897300,1767,1780,0.09750,0.19500,-0.78000,0.80990,1012.84,1000,-12.84,50.25,202,2.2545,0.0075,LOCK,2,misalignment
175,4897309,1776,1789,-0.00780,0.10920,-0.75660,0.76448,1012.84,1000,-12.84,50.25,202,2.2504,-0.0538,LOCK,2,misalignment
176,4897317,1784,1797,-0.32370,0.00000,-0.72150,0.79079,1012.83,1000,-12.83,50.25,202,2.2494,-0.0694,LOCK,2,misalignment
177,4897376,1843,1856,0.00390,0.16770,-0.72930,0.74834,1012.83,1000,-12.83,50.25,202,2.2616,0.1147,LOCK,2,misalignment
178,4897385,1852,1865,-0.25350,0.01560,-0.71370,0.75754,1012.82,1000,-12.82,50.25,202,2.2653,0.1708,LOCK,2,misalignment
179,4897393,1860,1873,-0.13650,-0.12090,-0.80730,0.82764,1012.81,1000,-12.81,50.25,202,2.2655,0.1745,LOCK,2,misalignment
180,4897402,1869,1882,0.05070,-0.17940,-0.76830,0.79059,1012.81,1000,-12.81,50.25,202,2.2443,-0.1472,LOCK,2,misalignment
181,4897423,1890,1903,0.18330,-0.07410,-0.65910,0.68812,1012.80,1000,-12.80,50.25,202,2.2579,0.0591,LOCK,2,misalignment
182,4897432,1899,1912,-0.17160,0.14430,-0.79560,0.82659,1012.80,1000,-12.80,50.25,202,2.2588,0.0725,LOCK,2,misalignment
183,4897440,1907,1920,-0.35490,0.08580,-0.70200,0.79128,1012.79,1000,-12.79,50.25,202,2.2494,-0.0694,LOCK,2,misalignment
184,4897449,1916,1929,-0.35490,0.08580,-0.70200,0.79128,1012.79,1000,-12.79,50.25,202,2.2564,0.0356,LOCK,2,misalignment
185,4897466,1933,1946,0.06630,0.01950,-0.84240,0.84523,1012.78,1000,-12.78,50.25,202,2.2660,0.1821,LOCK,2,misalignment
186,4897474,1941,1954,0.12090,-0.03120,-0.81510,0.82461,1012.78,1000,-12.78,50.25,202,2.2490,-0.0758,LOCK,2,misalignment
187,4897487,1954,1967,-0.01560,0.07800,-0.77610,0.78017,1012.77,1000,-12.77,50.25,202,2.2502,-0.0578,LOCK,2,misalignment
188,4897496,1963,1976,-0.12870,0.12480,-0.72930,0.75101,1012.77,1000,-12.77,50.25,202,2.2586,0.0698,LOCK,2,misalignment
189,4897504,1971,1984,-0.29250,-0.25350,-0.74880,0.84292,1012.76,1000,-12.76,50.25,202,2.2529,-0.0166,LOCK,2,misalignment
190,4897569,2036,2049,-0.25350,-0.27300,-0.69810,0.79129,1012.76,1000,-12.76,50.25,202,2.2570,0.0457,LOCK,2,misalignment
191,4897577,2044,2057,0.03120,-0.12480,-0.77220,0.78284,1012.76,1000,-12.76,50.25,202,2.2574,0.0512,LOCK,2,misalignment
192,4897586,2053,2066,0.05460,0.08190,-0.83070,0.83651,1012.75,1000,-12.75,50.25,202,2.2661,0.1837,LOCK,2,misalignment
193,4897594,2061,2074,-0.01170,0.10140,-0.79560,0.80212,1012.75,1000,-12.75,50.25,202,2.2225,-0.4775,LOCK,2,misalignment
194,4897603,2070,2083,-0.01170,0.10140,-0.79560,0.80212,1012.75,1000,-12.75,50.25,202,2.2589,0.0750,LOCK,2,misalignment
195,4897611,2078,2091,-0.04290,0.23010,-0.77610,0.81063,1012.74,1000,-12.74,50.25,202,2.2541,0.0014,LOCK,2,misalignment
196,4897689,2156,2169,-0.09360,0.01560,-0.82290,0.82835,1012.73,1000,-12.73,50.25,202,2.2650,0.1666,LOCK,2,misalignment
197,4897697,2164,2177,-0.02730,-0.05460,-0.74880,0.75128,1012.72,1000,-12.72,50.25,202,2.2419,-0.1836,LOCK,2,misalignment
198,4897706,2173,2186,0.12870,-0.00390,-0.86970,0.87918,1012.72,1000,-12.72,50.25,202,2.2497,-0.0645,LOCK,2,misalignment
199,4897714,2181,2194,0.12870,-0.00390,-0.86970,0.87918,1012.72,1000,-12.72,50.25,202,2.2382,-0.2400,LOCK,2,misalignment
200,4897723,2190,2203,-0.04290,0.10530,-0.76830,0.77667,1012.73,1000,-12.73,50.25,202,2.2502,-0.0572,LOCK,2,misalignment
201,4897731,2198,2211,-0.07800,0.16380,-0.75660,0.77805,1012.74,1000,-12.74,50.25,202,2.2653,0.1717,LOCK,2,misalignment
202,4897740,2207,2220,-0.35490,-0.11700,-0.77610,0.86138,1012.74,1000,-12.74,50.25,202,2.2428,-0.1704,LOCK,2,misalignment
203,4897748,2215,2228,-0.04290,-0.01170,-0.73710,0.73844,1012.75,1000,-12.75,50.25,202,2.2455,-0.1295,LOCK,2,misalignment
204,4897757,2224,2237,-0.04290,-0.01170,-0.73710,0.73844,1012.75,1000,-12.75,50.25,202,2.2395,-0.2196,LOCK,2,misalignment
205,4897775,2242,2255,0.08190,0.15990,-0.83070,0.84990,1012.75,1000,-12.75,50.25,202,2.2496,-0.0663,LOCK,2,misalignment
206,4897832,2299,2312,0.04680,-0.01170,-0.72150,0.72311,1012.75,1000,-12.75,50.25,202,2.2699,0.2404,LOCK,2,misalignment
207,4897841,2308,2321,-0.05850,0.14430,-0.68250,0.70004,1012.74,1000,-12.74,50.25,202,2.2657,0.1775,LOCK,2,misalignment
208,4897849,2316,2329,-0.29640,0.10920,-0.80340,0.86327,1012.73,1000,-12.73,50.25,202,2.2743,0.3070,LOCK,2,misalignment
209,4897858,2325,2338,-0.29640,0.10920,-0.80340,0.86327,1012.72,1000,-12.72,50.25,202,2.2624,0.1278,LOCK,2,misalignment
210,4897866,2333,2346,-0.23790,-0.01950,-0.90090,0.93199,1012.72,1000,-12.72,50.25,202,2.2609,0.1040,LOCK,2,misalignment
211,4897875,2342,2355,0.12870,-0.11700,-0.75270,0.77253,1012.71,1000,-12.71,50.25,202,2.2709,0.2554,LOCK,2,misalignment
212,4897883,2350,2363,-0.03120,0.01560,-0.83460,0.83533,1012.71,1000,-12.71,50.25,202,2.2569,0.0442,LOCK,2,misalignment
213,4897896,2363,2376,0.12870,-0.01170,-0.68250,0.69463,1012.70,1000,-12.70,50.25,202,2.2704,0.2487,LOCK,2,misalignment
214,4897905,2372,2385,-0.09750,0.14430,-0.81510,0.83350,1012.71,1000,-12.71,50.25,202,2.2344,-0.2968,LOCK,2,misalignment
215,4897913,2380,2393,-0.25740,0.05850,-0.63960,0.69193,1012.71,1000,-12.71,50.25,202,2.2321,-0.3316,LOCK,2,misalignment
216,4897922,2389,2402,-0.10920,0.09360,-0.92430,0.93542,1012.71,1000,-12.71,50.25,202,2.2489,-0.0767,LOCK,2,misalignment
217,4897934,2401,2414,-0.04680,-0.03510,-0.74490,0.74719,1012.71,1000,-12.71,50.25,202,2.2654,0.1727,LOCK,2,misalignment
218,4897942,2409,2422,0.12480,-0.03510,-0.83070,0.84076,1012.72,1000,-12.72,50.25,202,2.2677,0.2081,LOCK,2,misalignment
219,4897951,2418,2431,0.12480,-0.03510,-0.83070,0.84076,1012.72,1000,-12.72,50.25,202,2.2587,0.0716,LOCK,2,misalignment
220,4897959,2426,2439,0.02730,-0.10920,-0.69420,0.70327,1012.72,1000,-12.72,50.25,202,2.2469,-0.1069,LOCK,2,misalignment
221,4897967,2434,2447,-0.12870,0.21450,-0.74100,0.78208,1012.71,1000,-12.71,50.25,202,2.2589,0.0750,LOCK,2,misalignment
222,4897982,2449,2462,-0.40950,-0.11700,-0.78780,0.89555,1012.71,1000,-12.71,50.25,202,2.2663,0.1867,LOCK,2,misalignment
223,4897990,2457,2470,-0.06630,-0.07800,-0.79170,0.79829,1012.71,1000,-12.71,50.25,202,2.2576,0.0542,LOCK,2,misalignment
224,4897999,2466,2479,0.04680,0.00390,-0.88920,0.89044,1012.71,1000,-12.71,50.25,202,2.2432,-0.1631,LOCK,2,misalignment
225,4898007,2474,2487,0.05070,0.15210,-0.80730,0.82307,1012.71,1000,-12.71,50.25,202,2.2355,-0.2806,LOCK,2,misalignment
226,4898016,2483,2496,-0.02730,0.21450,-0.79560,0.82446,1012.70,1000,-12.70,50.25,202,2.2549,0.0136,LOCK,2,misalignment
227,4898024,2491,2504,-0.24960,0.05850,-0.72930,0.77305,1012.69,1000,-12.69,50.25,202,2.2599,0.0893,LOCK,2,misalignment
228,4898058,2525,2538,-0.07800,0.14430,-0.85410,0.86971,1012.68,1000,-12.68,50.25,202,2.2703,0.2462,LOCK,2,misalignment
229,4898066,2533,2546,0.07800,0.21060,-0.90090,0.92847,1012.67,1000,-12.67,50.25,202,2.2726,0.2813,LOCK,2,misalignment
230,4898075,2542,2555,-0.01560,0.20670,-0.79950,0.82593,1012.68,1000,-12.68,50.25,202,2.2625,0.1284,LOCK,2,misalignment
231,4898083,2550,2563,-0.01560,0.20670,-0.79950,0.82593,1012.68,1000,-12.68,50.25,202,2.2602,0.0939,LOCK,2,misalignment
232,4898097,2564,2577,-0.20670,-0.01170,-0.83850,0.86368,1012.68,1000,-12.68,50.25,202,2.2680,0.2114,LOCK,2,misalignment
233,4898105,2572,2585,-0.20670,-0.01170,-0.83850,0.86368,1012.69,1000,-12.69,50.25,202,2.2364,-0.2666,LOCK,2,misalignment
234,4898114,2581,2594,0.09360,-0.13650,-0.71760,0.73644,1012.69,1000,-12.69,50.25,202,2.2357,-0.2770,LOCK,2,misalignment
235,4898122,2589,2602,0.05850,-0.15210,-0.82680,0.84271,1012.69,1000,-12.69,50.25,202,2.2715,0.2648,LOCK,2,misalignment
236,4898131,2598,2611,0.08190,0.01170,-0.68250,0.68750,1012.70,1000,-12.70,50.25,202,2.2658,0.1791,LOCK,2,misalignment
237,4898140,2607,2620,-0.07410,0.19500,-0.86190,0.88678,1012.70,1000,-12.70,50.25,202,2.2614,0.1125,LOCK,2,misalignment
238,4898148,2615,2628,-0.24960,0.07020,-0.69810,0.74470,1012.70,1000,-12.70,50.25,202,2.2431,-0.1649,LOCK,2,misalignment
239,4898157,2624,2637,-0.24960,0.07020,-0.69810,0.74470,1012.70,1000,-12.70,50.25,202,2.2497,-0.0657,LOCK,2,misalignment
240,4898165,2632,2645,-0.08970,-0.12480,-0.87750,0.89086,1012.70,1000,-12.70,50.25,202,2.2678,0.2093,LOCK,2,misalignment
241,4898174,2641,2654,-0.02340,-0.19110,-0.66690,0.69413,1012.71,1000,-12.71,50.25,202,2.2600,0.0915,LOCK,2,misalignment
242,4898182,2649,2662,0.00000,0.00780,-0.77610,0.77614,1012.71,1000,-12.71,50.25,202,2.2606,0.0997,LOCK,2,misalignment
243,4898191,2658,2671,0.10920,-0.04680,-0.77220,0.78129,1012.71,1000,-12.71,50.25,202,2.2627,0.1324,LOCK,2,misalignment
244,4898199,2666,2679,-0.17160,0.14040,-0.81900,0.84848,1012.71,1000,-12.71,50.25,202,2.2525,-0.0227,LOCK,2,misalignment
245,4898218,2685,2698,-0.37830,-0.10920,-0.80340,0.89470,1012.72,1000,-12.72,50.25,202,2.2479,-0.0926,LOCK,2,misalignment
246,4898226,2693,2706,0.01170,-0.00390,-0.75660,0.75670,1012.72,1000,-12.72,50.25,202,2.2348,-0.2907,LOCK,2,misalignment
247,4898234,2701,2714,0.02730,-0.01560,-0.74880,0.74946,1012.72,1000,-12.72,50.25,202,2.2574,0.0512,LOCK,2,misalignment
248,4898247,2714,2727,0.05070,0.10920,-0.82290,0.83166,1012.73,1000,-12.73,50.25,202,2.2581,0.0628,LOCK,2,misalignment
249,4898256,2723,2736,0.02340,0.06240,-0.79170,0.79450,1012.73,1000,-12.73,50.25,202,2.2453,-0.1323,LOCK,2,misalignment
250,4898264,2731,2744,-0.18720,0.05070,-0.79170,0.81511,1012.74,1000,-12.74,50.25,202,2.2400,-0.2129,LOCK,2,misalignment
251,4898272,2739,2752,-0.28470,-0.13260,-0.69810,0.76549,1012.74,1000,-12.74,50.25,202,2.2379,-0.2443,LOCK,2,misalignment
252,4898281,2748,2761,-0.02340,-0.02340,-0.82680,0.82746,1012.75,1000,-12.75,50.25,202,2.2451,-0.1353,LOCK,2,misalignment
253,4898349,2816,2829,0.05070,0.02340,-0.79560,0.79756,1012.76,1000,-12.76,50.25,202,2.2708,0.2548,LOCK,2,misalignment
254,4898358,2825,2838,0.01560,-0.03900,-0.92820,0.92915,1012.76,1000,-12.76,50.25,202,2.2753,0.3225,LOCK,2,misalignment
255,4898366,2833,2846,0.08580,0.22620,-0.79560,0.83157,1012.77,1000,-12.77,50.25,202,2.2677,0.2075,LOCK,2,misalignment
256,4898375,2842,2855,-0.10140,0.25350,-0.85800,0.90039,1012.78,1000,-12.78,50.25,202,2.2548,0.0127,LOCK,2,misalignment
257,4898383,2850,2863,-0.26910,0.09750,-0.69420,0.75089,1012.79,1000,-12.79,50.25,202,2.2711,0.2590,LOCK,2,misalignment
258,4898392,2859,2872,-0.26910,0.09750,-0.69420,0.75089,1012.80,1000,-12.80,50.25,202,2.2639,0.1495,LOCK,2,misalignment
259,4898400,2867,2880,-0.13260,-0.10920,-0.82290,0.84064,1012.81,1000,-12.81,50.25,202,2.2678,0.2093,LOCK,2,misalignment
260,4898409,2876,2889,0.01560,-0.17160,-0.68640,0.70770,1012.81,1000,-12.81,50.25,202,2.2464,-0.1152,LOCK,2,misalignment
261,4898417,2884,2897,-0.01170,0.00390,-0.86970,0.86979,1012.82,1000,-12.82,50.25,202,2.2337,-0.3072,LOCK,2,misalignment
262,4898426,2893,2906,0.07020,0.12090,-0.81510,0.82700,1012.83,1000,-12.83,50.25,202,2.2539,-0.0013,LOCK,2,misalignment
263,4898439,2906,2919,-0.04680,0.19500,-0.80730,0.83183,1012.83,1000,-12.83,50.25,202,2.2502,-0.0569,LOCK,2,misalignment
264,4898448,2915,2928,-0.36270,-0.22230,-0.78000,0.88846,1012.84,1000,-12.84,50.25,202,2.2656,0.1754,LOCK,2,misalignment
265,4898456,2923,2936,0.00000,0.14040,-0.79170,0.80405,1012.84,1000,-12.84,50.25,202,2.2618,0.1177,LOCK,2,misalignment
266,4898465,2932,2945,-0.03120,-0.17550,-0.73710,0.75835,1012.85,1000,-12.85,50.25,202,2.2635,0.1443,LOCK,2,misalignment
267,4898473,2940,2953,-0.03120,-0.17550,-0.73710,0.75835,1012.85,1000,-12.85,50.25,202,2.2675,0.2044,LOCK,2,misalignment
268,4898482,2949,2962,0.03510,0.15600,-0.87360,0.88811,1012.85,1000,-12.85,50.25,202,2.2649,0.1647,LOCK,2,misalignment
269,4898490,2957,2970,0.01560,-0.02730,-0.71760,0.71829,1012.87,1000,-12.87,50.25,202,2.2651,0.1687,LOCK,2,misalignment
270,4898499,2966,2979,-0.19890,0.05850,-0.75660,0.78449,1012.88,1000,-12.88,50.25,202,2.2564,0.0356,LOCK,2,misalignment
271,4898507,2974,2987,-0.25350,-0.03120,-0.70200,0.74702,1012.89,1000,-12.89,50.25,202,2.2369,-0.2593,LOCK,2,misalignment
272,4898516,2983,2996,-0.25350,-0.03120,-0.70200,0.74702,1012.90,1000,-12.90,50.25,202,2.2543,0.0045,LOCK,2,misalignment
273,4898524,2991,3004,-0.08190,0.03120,-0.88140,0.88575,1012.91,1000,-12.91,50.25,202,2.2444,-0.1460,LOCK,2,misalignment
274,4898543,3010,3023,0.13260,0.23010,-0.90090,0.93923,1012.91,1000,-12.91,50.25,202,2.2553,0.0194,LOCK,2,misalignment
275,4898604,3071,3084,0.11700,0.07800,-0.72930,0.74273,1012.93,1000,-12.93,50.25,202,2.2621,0.1226,LOCK,2,misalignment
276,4898613,3080,3093,-0.11310,0.14430,-0.81900,0.83927,1012.95,1000,-12.95,50.25,202,2.2401,-0.2107,LOCK,2,misalignment
277,4898621,3088,3101,-0.19110,0.11310,-0.73710,0.76982,1012.97,1000,-12.97,50.25,202,2.2492,-0.0722,LOCK,2,misalignment
278,4898630,3097,3110,-0.21450,-0.12870,-0.83070,0.86755,1012.99,1000,-12.99,50.25,202,2.2452,-0.1326,LOCK,2,misalignment
279,4898638,3105,3118,-0.21450,-0.12870,-0.83070,0.86755,1013.00,1000,-13.00,50.25,202,2.2395,-0.2202,LOCK,2,misalignment
280,4898653,3120,3133,0.05070,0.06240,-0.86970,0.87341,1013.01,1000,-13.01,50.25,202,2.2598,0.0875,LOCK,2,misalignment
281,4898662,3129,3142,0.01950,-0.02340,-0.77610,0.77670,1013.02,1000,-13.02,50.25,202,2.2391,-0.2260,LOCK,2,misalignment
282,4898670,3137,3150,-0.05850,0.13650,-0.78780,0.80168,1013.03,1000,-13.03,50.25,202,2.2530,-0.0151,LOCK,2,misalignment
283,4898679,3146,3159,-0.05850,0.13650,-0.78780,0.80168,1013.04,1000,-13.04,50.25,202,2.2496,-0.0663,LOCK,2,misalignment
284,4898702,3169,3182,0.00390,-0.17550,-0.79170,0.81093,1013.04,1000,-13.04,50.25,202,2.2625,0.1287,LOCK,2,misalignment
285,4898711,3178,3191,0.00390,-0.17550,-0.79170,0.81093,1013.05,1000,-13.05,50.25,202,2.2619,0.1195,LOCK,2,misalignment
286,4898719,3186,3199,0.05460,0.03900,-0.86970,0.87228,1013.05,1000,-13.05,50.25,202,2.2453,-0.1311,LOCK,2,misalignment
287,4898728,3195,3208,0.12480,-0.12870,-0.65130,0.67552,1013.08,1000,-13.08,50.25,202,2.2477,-0.0950,LOCK,2,misalignment
288,4898736,3203,3216,-0.15990,0.20280,-0.78390,0.82535,1013.11,1000,-13.11,50.25,202,2.2479,-0.0917,LOCK,2,misalignment
289,4898747,3214,3227,-0.27300,-0.01170,-0.75270,0.80076,1013.14,1000,-13.14,50.25,202,2.2588,0.0725,LOCK,2,misalignment
290,4898755,3222,3235,-0.05460,-0.03120,-0.90090,0.90309,1013.16,1000,-13.16,50.25,202,2.2600,0.0902,LOCK,2,misalignment
291,4898764,3231,3244,0.10530,-0.09750,-0.76440,0.77775,1013.18,1000,-13.18,50.25,202,2.2598,0.0878,LOCK,2,misalignment
292,4898773,3240,3253,0.10530,-0.09750,-0.76440,0.77775,1013.20,1000,-13.20,50.25,202,2.2661,0.1833,LOCK,2,misalignment
293,4898781,3248,3261,0.06630,-0.14040,-0.76050,0.77619,1013.22,1000,-13.22,50.25,202,2.2673,0.2011,LOCK,2,misalignment
294,4898790,3257,3270,-0.00780,0.09750,-0.78390,0.78998,1013.23,1000,-13.23,50.25,202,2.2663,0.1861,LOCK,2,misalignment
295,4898798,3265,3278,-0.25740,0.04290,-0.79950,0.84101,1013.24,1000,-13.24,50.25,202,2.2315,-0.3408,LOCK,2,misalignment
296,4898811,3278,3291,-0.21840,-0.05460,-0.76830,0.80060,1013.25,1000,-13.25,50.25,202,2.2559,0.0292,LOCK,2,misalignment
297,4898820,3287,3300,0.06240,-0.11310,-0.76830,0.77908,1013.26,1000,-13.26,50.25,202,2.2449,-0.1384,LOCK,2,misalignment
298,4898828,3295,3308,-0.08580,-0.08580,-0.84630,0.85495,1013.27,1000,-13.27,50.25,202,2.2451,-0.1347,LOCK,2,misalignment
299,4898858,3325,3338,-0.33930,0.18330,-0.74100,0.83535,1013.27,1000,-13.27,50.25,202,2.2641,0.1528,LOCK,2,misalignment
300,4898866,3333,3346,-0.23010,-0.16770,-0.85410,0.90031,1013.27,1000,-13.27,50.25,202,2.2346,-0.2944,LOCK,2,misalignment
301,4898875,3342,3355,-0.23010,-0.16770,-0.85410,0.90031,1013.27,1000,-13.27,50.25,202,2.2497,-0.0654,LOCK,2,misalignment
302,4898883,3350,3363,0.01170,-0.07800,-0.69810,0.70254,1013.27,1000,-13.27,50.25,202,2.2496,-0.0660,LOCK,2,misalignment
303,4898891,3358,3371,0.14820,0.00780,-0.87750,0.88996,1013.27,1000,-13.27,50.25,202,2.2525,-0.0227,LOCK,2,misalignment
304,4898905,3372,3385,-0.01950,0.08970,-0.79560,0.80088,1013.29,1000,-13.29,50.25,202,2.2585,0.0689,LOCK,2,misalignment
305,4898913,3380,3393,-0.08190,0.23400,-0.79170,0.82961,1013.30,1000,-13.30,50.25,202,2.2823,0.4291,LOCK,2,misalignment
306,4898922,3389,3402,-0.24180,-0.07410,-0.78390,0.82369,1013.31,1000,-13.31,50.25,202,2.2394,-0.2217,LOCK,2,misalignment
307,4898930,3397,3410,-0.02340,-0.10530,-0.73320,0.74109,1013.32,1000,-13.32,50.25,202,2.2335,-0.3099,LOCK,2,misalignment
308,4898938,3405,3418,0.00000,-0.12870,-0.67080,0.68303,1013.33,1000,-13.33,50.25,202,2.2332,-0.3154,LOCK,2,misalignment
309,4898951,3418,3431,-0.07020,0.15210,-0.90090,0.91634,1013.34,1000,-13.34,50.25,202,2.2557,0.0255,LOCK,2,misalignment
310,4898961,3428,3441,0.13260,-0.01560,-0.70590,0.71842,1013.35,1000,-13.35,50.25,202,2.2644,0.1580,LOCK,2,misalignment
311,4898970,3437,3450,-0.15600,0.06630,-0.80340,0.82109,1013.35,1000,-13.35,50.25,202,2.2648,0.1641,LOCK,2,misalignment
312,4898978,3445,3458,-0.25740,-0.08580,-0.73710,0.78545,1013.36,1000,-13.36,50.25,202,2.2585,0.0686,LOCK,2,misalignment
313,4898987,3454,3467,-0.25740,-0.08580,-0.73710,0.78545,1013.37,1000,-13.37,50.25,202,2.2560,0.0307,LOCK,2,misalignment
314,4898995,3462,3475,-0.13260,-0.01170,-0.84240,0.85285,1013.37,1000,-13.37,50.25,202,2.2624,0.1269,LOCK,2,misalignment
315,4899004,3471,3484,0.05850,-0.02730,-0.70980,0.71273,1013.38,1000,-13.38,50.25,202,2.2698,0.2398,LOCK,2,misalignment
316,4899017,3484,3497,0.10920,-0.01950,-0.88140,0.88835,1013.38,1000,-13.38,50.25,202,2.2679,0.2099,LOCK,2,misalignment
317,4899026,3493,3506,0.01950,0.09360,-0.78000,0.78584,1013.39,1000,-13.39,50.25,202,2.2453,-0.1323,LOCK,2,misalignment
318,4899034,3501,3514,-0.20280,0.14820,-0.78000,0.81945,1013.40,1000,-13.40,50.25,202,2.2468,-0.1085,LOCK,2,misalignment
319,4899043,3510,3523,-0.30030,-0.01950,-0.76830,0.82513,1013.41,1000,-13.41,50.25,202,2.2479,-0.0917,LOCK,2,misalignment
320,4899051,3518,3531,0.11700,-0.05070,-0.81510,0.82501,1013.42,1000,-13.42,50.25,202,2.2693,0.2325,LOCK,2,misalignment
321,4899066,3533,3546,-0.18720,-0.02340,-0.81900,0.84045,1013.43,1000,-13.43,50.25,202,2.2611,0.1070,LOCK,2,misalignment
322,4899075,3542,3555,0.18720,0.06240,-0.77610,0.80079,1013.44,1000,-13.44,50.25,202,2.2679,0.2105,LOCK,2,misalignment
323,4899083,3550,3563,-0.03120,0.12870,-0.87750,0.88744,1013.44,1000,-13.44,50.25,202,2.2620,0.1214,LOCK,2,misalignment
324,4899092,3559,3572,-0.18720,0.09360,-0.78000,0.80759,1013.45,1000,-13.45,50.25,202,2.2630,0.1357,LOCK,2,misalignment
325,4899100,3567,3580,-0.18720,0.09360,-0.78000,0.80759,1013.46,1000,-13.46,50.25,202,2.2650,0.1669,LOCK,2,misalignment
326,4899109,3576,3589,-0.22230,-0.28080,-0.80340,0.87961,1013.46,1000,-13.46,50.25,202,2.2589,0.0738,LOCK,2,misalignment
327,4899117,3584,3597,0.00390,0.02730,-0.74100,0.74151,1013.47,1000,-13.47,50.25,202,2.2668,0.1943,LOCK,2,misalignment
328,4899125,3592,3605,0.04680,-0.10530,-0.84630,0.85411,1013.47,1000,-13.47,50.25,202,2.2308,-0.3518,LOCK,2,misalignment
329,4899134,3601,3614,0.02730,0.06240,-0.66300,0.66649,1013.48,1000,-13.48,50.25,202,2.2606,0.0997,LOCK,2,misalignment
330,4899142,3609,3622,-0.08190,0.13260,-0.72540,0.74195,1013.48,1000,-13.48,50.25,202,2.2455,-0.1289,LOCK,2,misalignment
331,4899151,3618,3631,-0.08190,0.13260,-0.72540,0.74195,1013.48,1000,-13.48,50.25,202,2.2528,-0.0178,LOCK,2,misalignment
332,4899171,3638,3651,-0.07020,-0.10530,-0.80340,0.81331,1013.49,1000,-13.49,50.25,202,2.2671,0.1992,LOCK,2,misalignment
333,4899179,3646,3659,0.05070,-0.24180,-0.76050,0.79962,1013.49,1000,-13.49,50.25,202,2.2197,-0.5196,LOCK,2,misalignment
334,4899188,3655,3668,0.01950,0.02730,-0.78000,0.78072,1013.49,1000,-13.49,50.25,202,2.2542,0.0036,LOCK,2,misalignment
335,4899196,3663,3676,0.09360,0.06630,-0.76440,0.77296,1013.49,1000,-13.49,50.25,202,2.2628,0.1339,LOCK,2,misalignment
336,4899204,3671,3684,-0.09360,0.25740,-0.80730,0.85250,1013.49,1000,-13.49,50.25,202,2.2409,-0.1985,LOCK,2,misalignment
337,4899218,3685,3698,-0.29640,0.00780,-0.68640,0.74770,1013.49,1000,-13.49,50.25,202,2.2567,0.0408,LOCK,2,misalignment
338,4899226,3693,3706,-0.15600,0.00000,-0.89700,0.91046,1013.49,1000,-13.49,50.25,202,2.2455,-0.1289,LOCK,2,misalignment
339,4899235,3702,3715,0.02730,-0.10920,-0.81900,0.82670,1013.48,1000,-13.48,50.25,202,2.2389,-0.2294,LOCK,2,misalignment
340,4899243,3710,3723,0.02730,-0.10920,-0.81900,0.82670,1013.48,1000,-13.48,50.25,202,2.2444,-0.1451,LOCK,2,misalignment
341,4899252,3719,3732,0.07410,0.00390,-0.90480,0.90784,1013.48,1000,-13.48,50.25,202,2.2494,-0.0703,LOCK,2,misalignment
342,4899269,3736,3749,-0.15210,0.16770,-0.79560,0.82719,1013.47,1000,-13.47,50.25,202,2.2617,0.1174,LOCK,2,misalignment
343,4899277,3744,3757,-0.27690,-0.04290,-0.76440,0.81414,1013.47,1000,-13.47,50.25,202,2.2620,0.1208,LOCK,2,misalignment
344,4899286,3753,3766,0.01950,-0.07020,-0.79170,0.79505,1013.46,1000,-13.46,50.25,202,2.2472,-0.1027,LOCK,2,misalignment
345,4899294,3761,3774,0.01950,-0.07020,-0.79170,0.79505,1013.46,1000,-13.46,50.25,202,2.2482,-0.0883,LOCK,2,misalignment
346,4899303,3770,3783,-0.19890,-0.00390,-0.77220,0.79741,1013.45,1000,-13.45,50.25,202,2.2455,-0.1283,LOCK,2,misalignment
347,4899311,3778,3791,0.05460,-0.01560,-0.73320,0.73540,1013.45,1000,-13.45,50.25,202,2.2388,-0.2297,LOCK,2,misalignment
348,4899368,3835,3848,0.03120,0.20670,-0.79170,0.81883,1013.45,1000,-13.45,50.25,202,2.2589,0.0738,LOCK,2,misalignment
349,4899377,3844,3857,0.03120,0.20670,-0.79170,0.81883,1013.45,1000,-13.45,50.25,202,2.2636,0.1458,LOCK,2,misalignment
350,4899385,3852,3865,0.03120,0.17940,-0.74880,0.77062,1013.45,1000,-13.45,50.25,202,2.2603,0.0960,LOCK,2,misalignment
351,4899394,3861,3874,-0.26910,-0.03510,-0.79170,0.83692,1013.46,1000,-13.46,50.25,202,2.2663,0.1870,LOCK,2,misalignment
352,4899403,3870,3883,-0.12090,-0.15600,-0.72540,0.75177,1013.46,1000,-13.46,50.25,202,2.2688,0.2249,LOCK,2,misalignment
353,4899411,3878,3891,0.01950,-0.10920,-0.69420,0.70301,1013.46,1000,-13.46,50.25,202,2.2610,0.1064,LOCK,2,misalignment
354,4899425,3892,3905,-0.05460,0.10530,-0.79950,0.80825,1013.46,1000,-13.46,50.25,202,2.2643,0.1559,LOCK,2,misalignment
355,4899433,3900,3913,0.01950,-0.00780,-0.74100,0.74130,1013.45,1000,-13.45,50.25,202,2.2298,-0.3661,LOCK,2,misalignment
356,4899442,3909,3922,-0.06630,0.21060,-0.83850,0.86708,1013.44,1000,-13.44,50.25,202,2.2408,-0.1997,LOCK,2,misalignment
357,4899450,3917,3930,-0.23010,0.06240,-0.75270,0.78955,1013.42,1000,-13.42,50.25,202,2.2447,-0.1405,LOCK,2,misalignment
358,4899470,3937,3950,-0.08970,-0.07020,-0.87360,0.88099,1013.41,1000,-13.41,50.25,202,2.2598,0.0881,LOCK,2,misalignment
359,4899478,3945,3958,0.08190,-0.17940,-0.70590,0.73293,1013.40,1000,-13.40,50.25,202,2.2725,0.2804,LOCK,2,misalignment
360,4899487,3954,3967,0.02340,0.00000,-0.83460,0.83493,1013.40,1000,-13.40,50.25,202,2.2423,-0.1772,LOCK,2,misalignment
361,4899495,3962,3975,0.12870,-0.00780,-0.63570,0.64864,1013.37,1000,-13.38,50.25,202,2.2429,-0.1680,LOCK,2,misalignment
362,4899504,3971,3984,-0.14820,0.20280,-0.80340,0.84175,1013.36,1000,-13.36,50.25,202,2.2654,0.1724,LOCK,2,misalignment
363,4899512,3979,3992,-0.36660,0.06240,-0.77220,0.85708,1013.34,1000,-13.34,50.25,202,2.2553,0.0197,LOCK,2,misalignment
364,4899521,3988,4001,-0.36660,0.06240,-0.77220,0.85708,1013.32,1000,-13.32,50.25,202,2.2672,0.2004,LOCK,2,misalignment
365,4899529,3996,4009,-0.01950,0.07410,-0.90480,0.90804,1013.31,1000,-13.31,50.25,202,2.2611,0.1070,LOCK,2,misalignment
366,4899538,4005,4018,0.05850,-0.00390,-0.81900,0.82110,1013.30,1000,-13.30,50.25,202,2.2426,-0.1732,LOCK,2,misalignment
367,4899546,4013,4026,0.16380,-0.05070,-0.79170,0.81006,1013.29,1000,-13.29,50.25,202,2.2384,-0.2364,LOCK,2,misalignment
368,4899565,4032,4045,-0.12090,0.10140,-0.69030,0.70811,1013.29,1000,-13.29,50.25,202,2.2621,0.1232,LOCK,2,misalignment
369,4899573,4040,4053,-0.25740,-0.21840,-0.81510,0.88224,1013.30,1000,-13.30,50.25,202,2.2374,-0.2519,LOCK,2,misalignment
370,4899619,4086,4099,0.03510,0.21060,-0.75270,0.78239,1013.27,1000,-13.27,50.25,202,2.2647,0.1623,LOCK,2,misalignment
371,4899632,4099,4112,-0.39000,0.04680,-0.86580,0.95074,1013.25,1000,-13.25,50.25,202,2.2674,0.2032,LOCK,2,misalignment
372,4899641,4108,4121,-0.21840,-0.18330,-0.74880,0.80125,1013.24,1000,-13.24,50.25,202,2.2446,-0.1417,LOCK,2,misalignment
373,4899649,4116,4129,0.05850,-0.10530,-0.76440,0.77383,1013.22,1000,-13.22,50.25,202,2.2362,-0.2690,LOCK,2,misalignment
374,4899658,4125,4138,0.05070,0.08970,-0.78390,0.79064,1013.20,1000,-13.20,50.25,202,2.2556,0.0243,LOCK,2,misalignment
375,4899667,4134,4147,0.00390,0.13260,-0.83850,0.84893,1013.19,1000,-13.19,50.25,202,2.2591,0.0771,LOCK,2,misalignment
376,4899680,4147,4160,-0.06630,0.21840,-0.83070,0.86149,1013.19,1000,-13.19,50.25,202,2.2605,0.0982,LOCK,2,misalignment
377,4899688,4155,4168,-0.19890,0.10140,-0.76050,0.79259,1013.18,1000,-13.18,50.25,202,2.2686,0.2209,LOCK,2,misalignment
378,4899697,4164,4177,-0.10140,0.00390,-0.89310,0.89885,1013.18,1000,-13.18,50.25,202,2.2613,0.1104,LOCK,2,misalignment
379,4899705,4172,4185,-0.10140,0.00390,-0.89310,0.89885,1013.17,1000,-13.17,50.25,202,2.2650,0.1659,LOCK,2,misalignment
380,4899714,4181,4194,0.05460,-0.13650,-0.65520,0.67149,1013.17,1000,-13.17,50.25,202,2.2691,0.2288,LOCK,2,misalignment
381,4899722,4189,4202,-0.01170,0.08190,-0.90090,0.90469,1013.17,1000,-13.17,50.25,202,2.2671,0.1983,LOCK,2,misalignment
382,4899731,4198,4211,0.16380,0.12480,-0.72150,0.75031,1013.16,1000,-13.16,50.25,202,2.2593,0.0802,LOCK,2,misalignment
383,4899740,4207,4220,-0.09360,0.12090,-0.82680,0.84082,1013.15,1000,-13.15,50.25,202,2.2483,-0.0859,LOCK,2,misalignment
384,4899748,4215,4228,-0.33930,-0.06630,-0.69030,0.77203,1013.14,1000,-13.14,50.25,202,2.2373,-0.2535,LOCK,2,misalignment
385,4899756,4223,4236,-0.33930,-0.06630,-0.69030,0.77203,1013.14,1000,-13.14,50.25,202,2.2528,-0.0181,LOCK,2,misalignment
386,4899765,4232,4245,-0.06630,0.06630,-0.89310,0.89801,1013.13,1000,-13.13,50.25,202,2.2674,0.2035,LOCK,2,misalignment
387,4899778,4245,4258,-0.01170,0.03900,-0.83850,0.83949,1013.12,1000,-13.12,50.25,202,2.2578,0.0579,LOCK,2,misalignment
388,4899786,4253,4266,0.15600,-0.02340,-0.83070,0.84554,1013.12,1000,-13.12,50.25,202,2.2606,0.1006,LOCK,2,misalignment
389,4899795,4262,4275,-0.03510,0.10140,-0.78000,0.78735,1013.11,1000,-13.11,50.25,202,2.2453,-0.1314,LOCK,2,misalignment
390,4899803,4270,4283,-0.10920,0.11700,-0.69810,0.71621,1013.10,1000,-13.10,50.25,202,2.2381,-0.2416,LOCK,2,misalignment
391,4899811,4278,4291,-0.34320,-0.14040,-0.84630,0.92397,1013.10,1000,-13.10,50.25,202,2.2406,-0.2028,LOCK,2,misalignment
392,4899820,4287,4300,0.02730,0.01170,-0.80340,0.80395,1013.09,1000,-13.09,50.25,202,2.2582,0.0637,LOCK,2,misalignment
393,4899833,4300,4313,-0.04290,-0.17550,-0.79170,0.81205,1013.08,1000,-13.08,50.25,202,2.2681,0.2133,LOCK,2,misalignment
394,4899842,4309,4322,0.07020,0.15600,-0.77220,0.79092,1013.08,1000,-13.08,50.25,202,2.2429,-0.1677,LOCK,2,misalignment
395,4899850,4317,4330,-0.02340,0.10530,-0.75270,0.76039,1013.08,1000,-13.08,50.25,202,2.2437,-0.1561,LOCK,2,misalignment
396,4899859,4326,4339,-0.02340,0.10530,-0.75270,0.76039,1013.07,1000,-13.07,50.25,202,2.2513,-0.0416,LOCK,2,misalignment
397,4899867,4334,4347,-0.29640,0.04680,-0.85410,0.90528,1013.07,1000,-13.07,50.25,202,2.2649,0.1653,LOCK,2,misalignment
398,4899889,4356,4369,0.03900,-0.15600,-0.77610,0.79258,1013.07,1000,-13.07,50.25,202,2.2678,0.2096,LOCK,2,misalignment
399,4899898,4365,4378,0.03120,0.03120,-0.76440,0.76567,1013.06,1000,-13.06,50.25,202,2.2545,0.0075,LOCK,2,misalignment
400,4899906,4373,4386,0.03510,0.06240,-0.76440,0.76775,1013.06,1000,-13.06,50.25,202,2.2397,-0.2171,LOCK,2,misalignment
401,4899915,4382,4395,-0.06630,0.15990,-0.77610,0.79517,1013.06,1000,-13.06,50.25,202,2.2544,0.0057,LOCK,2,misalignment
402,4899923,4390,4403,-0.20670,0.02340,-0.70980,0.73965,1013.05,1000,-13.05,50.25,202,2.2400,-0.2126,LOCK,2,misalignment
403,4899932,4399,4412,-0.20670,0.02340,-0.70980,0.73965,1013.05,1000,-13.05,50.25,202,2.2443,-0.1466,LOCK,2,misalignment
404,4899982,4449,4462,-0.14040,0.21450,-0.80340,0.84331,1013.04,1000,-13.04,50.25,202,2.2661,0.1837,LOCK,2,misalignment
405,4899990,4457,4470,-0.30030,0.08970,-0.74100,0.80455,1013.03,1000,-13.03,50.25,202,2.2694,0.2337,LOCK,2,misalignment
406,4899999,4466,4479,-0.06630,0.02730,-0.89310,0.89597,1013.02,1000,-13.02,50.25,202,2.2663,0.1864,LOCK,2,misalignment
407,4900007,4474,4487,-0.02730,-0.06240,-0.74100,0.74412,1013.01,1000,-13.01,50.25,202,2.2607,0.1012,LOCK,2,misalignment
408,4900015,4482,4495,0.07020,-0.03120,-0.76050,0.76437,1013.00,1000,-13.00,50.25,202,2.2586,0.0698,LOCK,2,misalignment
409,4900024,4491,4504,0.07020,-0.03120,-0.76050,0.76437,1013.01,1000,-13.01,50.25,202,2.2572,0.0481,LOCK,2,misalignment
410,4900037,4504,4517,-0.08190,0.23400,-0.81900,0.85570,1013.01,1000,-13.01,50.25,202,2.2679,0.2105,LOCK,2,misalignment
411,4900046,4513,4526,-0.33150,-0.14040,-0.79560,0.87326,1013.01,1000,-13.01,50.25,202,2.2368,-0.2608,LOCK,2,misalignment
412,4900054,4521,4534,-0.33150,-0.14040,-0.79560,0.87326,1013.02,1000,-13.02,50.25,202,2.2471,-0.1051,LOCK,2,misalignment
413,4900063,4530,4543,-0.07020,-0.03120,-0.79170,0.79542,1013.02,1000,-13.02,50.25,202,2.2423,-0.1765,LOCK,2,misalignment
414,4900071,4538,4551,0.03900,-0.01170,-0.79950,0.80054,1013.02,1000,-13.02,50.25,202,2.2416,-0.1875,LOCK,2,misalignment
415,4900087,4554,4567,-0.06240,0.24180,-0.84630,0.88237,1013.03,1000,-13.03,50.25,202,2.2653,0.1714,LOCK,2,misalignment
416,4900095,4562,4575,-0.06240,0.24180,-0.84630,0.88237,1013.03,1000,-13.03,50.25,202,2.2384,-0.2364,LOCK,2,misalignment
417,4900103,4570,4583,-0.33540,0.05460,-0.78780,0.85796,1013.04,1000,-13.04,50.25,202,2.2578,0.0582,LOCK,2,misalignment
418,4900112,4579,4592,-0.19500,-0.11700,-0.76050,0.79377,1013.04,1000,-13.04,50.25,202,2.2478,-0.0944,LOCK,2,misalignment
419,4900120,4587,4600,0.01560,-0.13650,-0.82680,0.83814,1013.05,1000,-13.05,50.25,202,2.2584,0.0670,LOCK,2,misalignment
420,4900131,4598,4611,-0.06240,0.00780,-0.76830,0.77087,1013.05,1000,-13.05,50.25,202,2.2625,0.1287,LOCK,2,misalignment
421,4900139,4606,4619,0.00390,0.14040,-0.78000,0.79254,1013.06,1000,-13.06,50.25,202,2.2618,0.1180,LOCK,2,misalignment
422,4900148,4615,4628,-0.04680,0.21840,-0.83850,0.86774,1013.07,1000,-13.07,50.25,202,2.2433,-0.1628,LOCK,2,misalignment
423,4900156,4623,4636,-0.04680,0.21840,-0.83850,0.86774,1013.07,1000,-13.07,50.25,202,2.2444,-0.1454,LOCK,2,misalignment
424,4900165,4632,4645,-0.25740,0.10920,-0.77220,0.82126,1013.08,1000,-13.08,50.25,202,2.2521,-0.0282,LOCK,2,misalignment
425,4900173,4640,4653,-0.23400,-0.04680,-0.90480,0.93574,1013.09,1000,-13.09,50.25,202,2.2449,-0.1384,LOCK,2,misalignment
426,4900240,4707,4720,-0.01170,-0.12090,-0.74490,0.75474,1013.11,1000,-13.11,50.25,202,2.2631,0.1372,LOCK,2,misalignment
427,4900249,4716,4729,-0.01170,-0.12090,-0.74490,0.75474,1013.12,1000,-13.12,50.25,202,2.2276,-0.4003,LOCK,2,misalignment
428,4900257,4724,4737,-0.00780,0.00000,-0.74100,0.74104,1013.14,1000,-13.14,50.25,202,2.2471,-0.1042,LOCK,2,misalignment
429,4900266,4733,4746,0.08580,0.01950,-0.76050,0.76557,1013.14,1000,-13.14,50.25,202,2.2487,-0.0804,LOCK,2,misalignment
430,4900274,4741,4754,-0.13260,0.17550,-0.79560,0.82545,1013.15,1000,-13.15,50.25,202,2.2384,-0.2358,LOCK,2,misalignment
431,4900294,4761,4774,0.00000,0.08580,-0.78780,0.79246,1013.15,1000,-13.15,50.25,202,2.2636,0.1455,LOCK,2,misalignment
432,4900303,4770,4783,0.06240,-0.03120,-0.78000,0.78311,1013.16,1000,-13.16,50.25,202,2.2427,-0.1720,LOCK,2,misalignment
433,4900311,4778,4791,0.06240,-0.03120,-0.78000,0.78311,1013.16,1000,-13.16,50.25,202,2.2478,-0.0944,LOCK,2,misalignment
434,4900319,4786,4799,0.05460,0.10530,-0.76830,0.77740,1013.16,1000,-13.16,50.25,202,2.2576,0.0542,LOCK,2,misalignment
435,4900328,4795,4808,-0.02730,0.15600,-0.77610,0.79209,1013.19,1000,-13.19,50.25,202,2.2404,-0.2065,LOCK,2,misalignment
436,4900347,4814,4827,-0.25740,-0.08970,-0.76830,0.81522,1013.21,1000,-13.21,50.25,202,2.2565,0.0374,LOCK,2,misalignment
437,4900356,4823,4836,0.05070,-0.02730,-0.83850,0.84047,1013.23,1000,-13.23,50.25,202,2.2451,-0.1347,LOCK,2,misalignment
438,4900364,4831,4844,-0.10140,0.10530,-0.80730,0.82043,1013.25,1000,-13.25,50.25,202,2.2500,-0.0602,LOCK,2,misalignment
439,4900373,4840,4853,-0.10140,0.10530,-0.80730,0.82043,1013.27,1000,-13.27,50.25,202,2.2412,-0.1939,LOCK,2,misalignment
440,4900385,4852,4865,0.02730,0.20670,-0.77220,0.79985,1013.29,1000,-13.29,50.25,202,2.2601,0.0927,LOCK,2,misalignment
441,4900394,4861,4874,0.02730,0.20670,-0.77220,0.79985,1013.30,1000,-13.30,50.25,202,2.2587,0.0707,LOCK,2,misalignment
442,4900402,4869,4882,-0.26130,0.07410,-0.79560,0.84068,1013.31,1000,-13.31,50.25,202,2.2558,0.0277,LOCK,2,misalignment
443,4900410,4877,4890,-0.20670,-0.05070,-0.87750,0.90294,1013.32,1000,-13.32,50.25,202,2.2585,0.0677,LOCK,2,misalignment
444,4900419,4886,4899,0.09360,-0.04680,-0.75270,0.75994,1013.33,1000,-13.33,50.25,202,2.2319,-0.3344,LOCK,2,misalignment
445,4900427,4894,4907,0.05850,-0.00780,-0.88140,0.88337,1013.34,1000,-13.34,50.25,202,2.2523,-0.0258,LOCK,2,misalignment
446,4900445,4912,4925,-0.08970,0.26910,-0.85800,0.90367,1013.36,1000,-13.36,50.25,202,2.2690,0.2279,LOCK,2,misalignment
447,4900454,4921,4934,-0.08970,0.26910,-0.85800,0.90367,1013.38,1000,-13.38,50.25,202,2.2503,-0.0566,LOCK,2,misalignment
448,4900462,4929,4942,-0.31590,0.14430,-0.76440,0.83960,1013.39,1000,-13.39,50.25,202,2.2485,-0.0828,LOCK,2,misalignment
449,4900471,4938,4951,-0.07800,0.05070,-0.96330,0.96778,1013.41,1000,-13.41,50.25,202,2.2440,-0.1509,LOCK,2,misalignment
450,4900479,4946,4959,0.01950,-0.17550,-0.71370,0.73522,1013.42,1000,-13.42,50.25,202,2.2412,-0.1936,LOCK,2,misalignment
451,4900499,4966,4979,0.14430,-0.01170,-0.74100,0.75501,1013.44,1000,-13.44,50.25,202,2.2699,0.2416,LOCK,2,misalignment
452,4900507,4974,4987,-0.08580,0.15210,-0.74100,0.76130,1013.46,1000,-13.46,50.25,202,2.2211,-0.4980,LOCK,2,misalignment
453,4900516,4983,4996,-0.08580,0.15210,-0.74100,0.76130,1013.48,1000,-13.48,50.25,202,2.2490,-0.0761,LOCK,2,misalignment
454,4900524,4991,5004,-0.35880,-0.15210,-0.78780,0.87892,1013.50,1000,-13.50,50.25,202,2.2401,-0.2101,LOCK,2,misalignment
455,4900533,5000,5013,-0.03120,0.09750,-0.83850,0.84473,1013.51,1000,-13.51,50.25,202,2.2507,-0.0493,LOCK,2,misalignment
456,4900595,5062,5075,0.05460,-0.10530,-0.86190,0.87002,1013.54,1000,-13.54,50.25,202,2.2691,0.2282,LOCK,2,misalignment
457,4900604,5071,5084,-0.07800,-0.05460,-0.79170,0.79740,1013.56,1000,-13.56,50.25,202,2.2426,-0.1723,LOCK,2,misalignment
458,4900612,5079,5092,0.11700,0.30810,-0.86970,0.93005,1013.59,1000,-13.59,50.25,202,2.2641,0.1534,LOCK,2,misalignment
459,4900620,5087,5100,-0.00780,0.23010,-0.71370,0.74992,1013.62,1000,-13.62,50.25,202,2.2487,-0.0807,LOCK,2,misalignment
460,4900629,5096,5109,-0.00780,0.23010,-0.71370,0.74992,1013.64,1000,-13.64,50.25,202,2.2456,-0.1277,LOCK,2,misalignment
461,4900649,5116,5129,-0.27300,0.00000,-0.90870,0.94882,1013.67,1000,-13.67,50.25,202,2.2675,0.2044,LOCK,2,misalignment
462,4900658,5125,5138,0.07410,0.03120,-0.79950,0.80353,1013.69,1000,-13.69,50.25,202,2.2433,-0.1628,LOCK,2,misalignment
463,4900666,5133,5146,-0.01560,0.06240,-0.85410,0.85652,1013.71,1000,-13.71,50.25,202,2.2693,0.2313,LOCK,2,misalignment
464,4900674,5141,5154,0.10530,0.11310,-0.70590,0.72262,1013.73,1000,-13.73,50.25,202,2.2394,-0.2205,LOCK,2,misalignment
465,4900683,5150,5163,-0.08970,0.09750,-0.74490,0.75659,1013.75,1000,-13.75,50.25,202,2.2440,-0.1518,LOCK,2,misalignment
466,4900703,5170,5183,-0.13260,-0.03510,-0.94380,0.95372,1013.78,1000,-13.78,50.25,202,2.2633,0.1409,LOCK,2,misalignment
467,4900711,5178,5191,-0.13260,-0.03510,-0.94380,0.95372,1013.80,1000,-13.80,50.25,202,2.2538,-0.0026,LOCK,2,misalignment
468,4900720,5187,5200,0.01950,-0.13650,-0.73710,0.74989,1013.82,1000,-13.82,50.25,202,2.2614,0.1125,LOCK,2,misalignment
469,4900728,5195,5208,0.05460,0.03120,-0.81120,0.81363,1013.84,1000,-13.84,50.25,202,2.2557,0.0264,LOCK,2,misalignment
470,4900751,5218,5231,-0.12870,0.13260,-0.72540,0.74857,1013.87,1000,-13.87,50.25,202,2.2669,0.1949,LOCK,2,misalignment
471,4900759,5226,5239,-0.40170,-0.18330,-0.76440,0.88276,1013.89,1000,-13.89,50.25,202,2.2659,0.1797,LOCK,2,misalignment
472,4900768,5235,5248,-0.02730,0.03510,-0.80730,0.80852,1013.92,1000,-13.92,50.25,202,2.2270,-0.4091,LOCK,2,misalignment
473,4900776,5243,5256,0.03120,-0.12090,-0.78000,0.78993,1013.94,1000,-13.94,50.25,202,2.2372,-0.2550,LOCK,2,misalignment
474,4900794,5261,5274,0.10530,-0.00780,-0.84240,0.84899,1013.97,1000,-13.97,50.25,202,2.2604,0.0976,LOCK,2,misalignment
475,4900803,5270,5283,0.04290,-0.10920,-0.63570,0.64644,1013.99,1000,-13.99,50.25,202,2.2399,-0.2132,LOCK,2,misalignment
476,4900811,5278,5291,-0.21060,0.12870,-0.79170,0.82928,1014.01,1000,-14.01,50.25,202,2.2434,-0.1604,LOCK,2,misalignment
477,4900820,5287,5300,-0.30420,0.00000,-0.76440,0.82271,1014.03,1000,-14.03,50.25,202,2.2635,0.1437,LOCK,2,misalignment
478,4900828,5295,5308,0.05070,0.03120,-0.85020,0.85228,1014.05,1000,-14.05,50.25,202,2.2482,-0.0877,LOCK,2,misalignment
479,4900858,5325,5338,-0.04290,0.22230,-0.78000,0.81219,1014.08,1000,-14.08,50.25,202,2.2630,0.1363,LOCK,2,misalignment
480,4900867,5334,5347,-0.24570,0.03510,-0.81510,0.85205,1014.10,1000,-14.10,50.25,202,2.2488,-0.0789,LOCK,2,misalignment
481,4900875,5342,5355,-0.24570,0.03510,-0.81510,0.85205,1014.12,1000,-14.12,50.25,202,2.2414,-0.1909,LOCK,2,misalignment
482,4900884,5351,5364,-0.19500,-0.06630,-0.81510,0.84072,1014.14,1000,-14.14,50.25,202,2.2356,-0.2785,LOCK,2,misalignment
483,4900892,5359,5372,0.05850,0.00780,-0.78780,0.79001,1014.15,1000,-14.15,50.25,202,2.2535,-0.0074,LOCK,2,misalignment
484,4900905,5372,5385,-0.00390,-0.03120,-0.85800,0.85858,1014.17,1000,-14.17,50.25,202,2.2632,0.1394,LOCK,2,misalignment
485,4900914,5381,5394,0.08580,0.08970,-0.69810,0.70905,1014.19,1000,-14.19,50.25,202,2.2676,0.2053,LOCK,2,misalignment
486,4900922,5389,5402,-0.06630,0.18330,-0.84630,0.86846,1014.21,1000,-14.21,50.25,202,2.2509,-0.0468,LOCK,2,misalignment
487,4900931,5398,5411,-0.30420,0.15210,-0.72540,0.80117,1014.23,1000,-14.23,50.25,202,2.2595,0.0835,LOCK,2,misalignment
488,4900939,5406,5419,-0.12090,-0.09750,-0.88140,0.89498,1014.25,1000,-14.25,50.25,202,2.2666,0.1907,LOCK,2,misalignment
489,4900948,5415,5428,-0.12090,-0.09750,-0.88140,0.89498,1014.27,1000,-14.27,50.25,202,2.2680,0.2120,LOCK,2,misalignment
490,4900956,5423,5436,0.03900,-0.21450,-0.67080,0.70534,1014.28,1000,-14.28,50.25,202,2.2638,0.1482,LOCK,2,misalignment
491,4900965,5432,5445,0.06630,0.04680,-0.76050,0.76482,1014.29,1000,-14.29,50.25,202,2.2643,0.1562,LOCK,2,misalignment
492,4900973,5440,5453,0.05070,0.06240,-0.81510,0.81906,1014.32,1000,-14.32,50.25,202,2.2478,-0.0944,LOCK,2,misalignment
493,4900982,5449,5462,-0.07800,0.17940,-0.81900,0.84204,1014.35,1000,-14.35,50.25,202,2.2369,-0.2587,LOCK,2,misalignment
494,4900990,5457,5470,-0.30030,-0.20280,-0.74490,0.82836,1014.38,1000,-14.38,50.25,202,2.2306,-0.3548,LOCK,2,misalignment
495,4901009,5476,5489,0.00390,-0.01950,-0.76830,0.76856,1014.40,1000,-14.40,50.25,202,2.2658,0.1788,LOCK,2,misalignment
496,4901017,5484,5497,0.00780,-0.17550,-0.70590,0.72743,1014.42,1000,-14.42,50.25,202,2.2385,-0.2342,LOCK,2,misalignment
497,4901025,5492,5505,-0.01170,0.05850,-0.84240,0.84451,1014.44,1000,-14.44,50.25,202,2.2459,-0.1222,LOCK,2,misalignment
498,4901034,5501,5514,0.10140,0.02340,-0.74490,0.75213,1014.46,1000,-14.46,50.25,202,2.2428,-0.1698,LOCK,2,misalignment
499,4901042,5509,5522,-0.18330,0.07020,-0.77610,0.80054,1014.48,1000,-14.48,50.25,202,2.2606,0.1006,LOCK,2,misalignment
500,4901058,5525,5538,-0.22230,-0.00390,-0.72540,0.75871,1014.49,1000,-14.49,50.25,202,2.2660,0.1818,LOCK,2,misalignment
501,4901067,5534,5547,0.02340,-0.08970,-0.80730,0.81261,1014.51,1000,-14.51,50.25,202,2.2681,0.2136,LOCK,2,misalignment
502,4901075,5542,5555,-0.08190,-0.06240,-0.70590,0.71337,1014.52,1000,-14.52,50.25,202,2.2556,0.0237,LOCK,2,misalignment
503,4901083,5550,5563,0.11310,0.15990,-0.90480,0.92576,1014.54,1000,-14.54,50.25,202,2.2419,-0.1830,LOCK,2,misalignment
504,4901092,5559,5572,-0.04680,0.28470,-0.81510,0.86466,1014.56,1000,-14.56,50.25,202,2.2499,-0.0618,LOCK,2,misalignment
505,4901102,5569,5582,-0.04680,0.28470,-0.81510,0.86466,1014.58,1000,-14.58,50.25,202,2.2576,0.0545,LOCK,2,misalignment
506,4901110,5577,5590,-0.24180,0.10920,-0.72540,0.77240,1014.60,1000,-14.60,50.25,202,2.2632,0.1400,LOCK,2,misalignment
507,4901119,5586,5599,-0.24180,-0.00780,-0.79560,0.83157,1014.62,1000,-14.62,50.25,202,2.2632,0.1391,LOCK,2,misalignment
508,4901127,5594,5607,0.05070,0.05460,-0.74880,0.75250,1014.64,1000,-14.64,50.25,202,2.2683,0.2160,LOCK,2,misalignment
509,4901136,5603,5616,-0.10920,0.15600,-0.93210,0.95135,1014.65,1000,-14.65,50.25,202,2.2514,-0.0389,LOCK,2,misalignment
510,4901144,5611,5624,0.11700,0.17160,-0.77610,0.80341,1014.66,1000,-14.66,50.25,202,2.2559,0.0283,LOCK,2,misalignment
511,4901153,5620,5633,0.11700,0.17160,-0.77610,0.80341,1014.69,1000,-14.69,50.25,202,2.2411,-0.1952,LOCK,2,misalignment
512,4901161,5628,5641,-0.03120,0.09750,-0.79560,0.80216,1014.71,1000,-14.71,50.25,202,2.2439,-0.1533,LOCK,2,misalignment
513,4901213,5680,5693,0.04290,-0.02340,-0.78780,0.78931,1014.74,1000,-14.74,50.25,202,2.2690,0.2276,LOCK,2,misalignment
514,4901221,5688,5701,-0.05850,0.15600,-0.77610,0.79378,1014.76,1000,-14.76,50.25,202,2.2718,0.2694,LOCK,2,misalignment
515,4901230,5697,5710,-0.37050,-0.18720,-0.70200,0.81555,1014.79,1000,-14.79,50.25,202,2.2747,0.3134,LOCK,2,misalignment
516,4901239,5706,5719,-0.03120,0.03120,-0.77220,0.77346,1014.81,1000,-14.81,50.25,202,2.2619,0.1199,LOCK,2,misalignment
517,4901247,5714,5727,0.01170,-0.20280,-0.78000,0.80602,1014.83,1000,-14.83,50.25,202,2.2622,0.1235,LOCK,2,misalignment
518,4901260,5727,5740,0.07410,-0.01950,-0.86970,0.87307,1014.85,1000,-14.85,50.25,202,2.2689,0.2255,LOCK,2,misalignment
519,4901269,5736,5749,0.14820,-0.10920,-0.67470,0.69936,1014.87,1000,-14.87,50.25,202,2.2450,-0.1366,LOCK,2,misalignment
520,4901277,5744,5757,-0.15600,0.17940,-0.78000,0.81543,1014.90,1000,-14.90,50.25,202,2.2391,-0.2254,LOCK,2,misalignment
521,4901286,5753,5766,-0.15600,0.17940,-0.78000,0.81543,1014.92,1000,-14.92,50.25,202,2.2492,-0.0728,LOCK,2,misalignment
522,4901294,5761,5774,-0.28470,0.02340,-0.70980,0.76513,1014.94,1000,-14.94,50.25,202,2.2431,-0.1646,LOCK,2,misalignment
523,4901315,5782,5795,0.07410,-0.07410,-0.79170,0.79861,1014.96,1000,-14.96,50.25,202,2.2690,0.2267,LOCK,2,misalignment
524,4901323,5790,5803,0.20670,-0.08190,-0.81900,0.84864,1014.98,1000,-14.98,50.25,202,2.2397,-0.2162,LOCK,2,misalignment
525,4901332,5799,5812,-0.05850,0.17160,-0.72930,0.75150,1015.00,1000,-15.00,50.25,202,2.2447,-0.1405,LOCK,2,misalignment
526,4901340,5807,5820,-0.25350,0.01560,-0.76440,0.80549,1015.03,1000,-15.03,50.25,202,2.2552,0.0188,LOCK,2,misalignment
527,4901349,5816,5829,-0.22620,-0.06240,-0.80340,0.83697,1015.05,1000,-15.05,50.25,202,2.2490,-0.0755,LOCK,2,misalignment
528,4901360,5827,5840,0.02340,-0.06240,-0.80340,0.80616,1015.08,1000,-15.08,50.25,202,2.2618,0.1189,LOCK,2,misalignment
529,4901369,5836,5849,-0.03510,-0.06240,-0.85800,0.86098,1015.10,1000,-15.10,50.25,202,2.2649,0.1656,LOCK,2,misalignment
530,4901377,5844,5857,-0.03510,-0.06240,-0.85800,0.86098,1015.11,1000,-15.11,50.25,202,2.2385,-0.2355,LOCK,2,misalignment
531,4901386,5853,5866,0.11700,0.15210,-0.72930,0.75412,1015.15,1000,-15.15,50.25,202,2.2451,-0.1341,LOCK,2,misalignment
532,4901394,5861,5874,-0.05460,0.12870,-0.76440,0.77708,1015.19,1000,-15.19,50.25,202,2.2400,-0.2129,LOCK,2,misalignment
533,4901408,5875,5888,-0.33540,0.16380,-0.77610,0.86119,1015.22,1000,-15.22,50.25,202,2.2553,0.0203,LOCK,2,misalignment
534,4901418,5885,5898,-0.22620,-0.01170,-0.87360,0.90249,1015.25,1000,-15.25,50.25,202,2.2378,-0.2455,LOCK,2,misalignment
535,4901426,5893,5906,0.07020,-0.16770,-0.72540,0.74783,1015.27,1000,-15.27,50.25,202,2.2524,-0.0248,LOCK,2,misalignment
536,4901435,5902,5915,0.15210,0.05070,-0.78780,0.80395,1015.30,1000,-15.30,50.25,202,2.2584,0.0667,LOCK,2,misalignment
537,4901443,5910,5923,-0.03900,0.08970,-0.72540,0.73196,1015.31,1000,-15.31,50.25,202,2.2493,-0.0712,LOCK,2,misalignment
538,4901471,5938,5951,-0.27690,-0.08580,-0.82680,0.87615,1015.33,1000,-15.33,50.25,202,2.2688,0.2246,LOCK,2,misalignment
539,4901479,5946,5959,-0.01560,-0.00390,-0.77220,0.77237,1015.34,1000,-15.34,50.25,202,2.2430,-0.1671,LOCK,2,misalignment
540,4901487,5954,5967,0.04680,-0.10920,-0.77220,0.78129,1015.36,1000,-15.36,50.25,202,2.2320,-0.3334,LOCK,2,misalignment
541,4901496,5963,5976,-0.01170,0.13650,-0.80730,0.81884,1015.37,1000,-15.37,50.25,202,2.2433,-0.1616,LOCK,2,misalignment
542,4901504,5971,5984,0.09750,-0.08190,-0.62400,0.63686,1015.39,1000,-15.39,50.25,202,2.2557,0.0255,LOCK,2,misalignment
543,4901520,5987,6000,-0.19110,0.08190,-0.83460,0.86011,1015.41,1000,-15.41,50.25,202,2.2594,0.0823,LOCK,2,misalignment
544,4901529,5996,6009,-0.26520,-0.02340,-0.74100,0.78738,1015.43,1000,-15.43,50.25,202,2.2588,0.0725,LOCK,2,misalignment
545,4901537,6004,6017,-0.06240,-0.03900,-0.86580,0.86892,1015.45,1000,-15.45,50.25,202,2.2595,0.0829,LOCK,2,misalignment
546,4901546,6013,6026,0.00780,0.01560,-0.71760,0.71781,1015.46,1000,-15.46,50.25,202,2.2677,0.2078,LOCK,2,misalignment
547,4901554,6021,6034,0.10530,0.20670,-0.84630,0.87752,1015.48,1000,-15.48,50.25,202,2.2664,0.1876,LOCK,2,misalignment
548,4901563,6030,6043,0.10530,0.20670,-0.84630,0.87752,1015.50,1000,-15.50,50.25,202,2.2640,0.1516,LOCK,2,misalignment
549,4901571,6038,6051,-0.04680,0.21450,-0.80340,0.83286,1015.52,1000,-15.52,50.25,202,2.2734,0.2945,LOCK,2,misalignment
550,4901580,6047,6060,-0.28080,0.10140,-0.76440,0.82063,1015.54,1000,-15.54,50.25,202,2.2323,-0.3289,LOCK,2,misalignment
551,4901588,6055,6068,-0.23010,-0.01950,-0.78390,0.81721,1015.56,1000,-15.56,50.25,202,2.2497,-0.0654,LOCK,2,misalignment
552,4901597,6064,6077,0.03120,-0.02730,-0.76440,0.76552,1015.57,1000,-15.57,50.25,202,2.2515,-0.0383,LOCK,2,misalignment
553,4901605,6072,6085,-0.18330,0.12090,-0.86970,0.89699,1015.59,1000,-15.59,50.25,202,2.2479,-0.0917,LOCK,2,misalignment
554,4901624,6091,6104,0.15990,0.10920,-0.80340,0.82640,1015.61,1000,-15.61,50.25,202,2.2634,0.1418,LOCK,2,misalignment
555,4901632,6099,6112,-0.05070,0.15210,-0.80730,0.82307,1015.63,1000,-15.63,50.25,202,2.2370,-0.2571,LOCK,2,misalignment
556,4901640,6107,6120,-0.20670,0.09750,-0.70590,0.74197,1015.65,1000,-15.65,50.25,202,2.2620,0.1205,LOCK,2,misalignment
557,4901649,6116,6129,-0.24180,-0.08580,-0.87750,0.91424,1015.66,1000,-15.66,50.25,202,2.2475,-0.0990,LOCK,2,misalignment
558,4901657,6124,6137,0.02730,-0.11700,-0.75270,0.76223,1015.68,1000,-15.68,50.25,202,2.2504,-0.0551,LOCK,2,misalignment
559,4901672,6139,6152,0.08190,0.07020,-0.83850,0.84541,1015.69,1000,-15.69,50.25,202,2.2713,0.2615,LOCK,2,misalignment
560,4901681,6148,6161,0.01950,0.01950,-0.76440,0.76490,1015.71,1000,-15.71,50.25,202,2.2596,0.0854,LOCK,2,misalignment
561,4901689,6156,6169,-0.08970,0.18330,-0.74490,0.77235,1015.73,1000,-15.73,50.25,202,2.2364,-0.2663,LOCK,2,misalignment
562,4901698,6165,6178,-0.37830,-0.08190,-0.79950,0.88827,1015.74,1000,-15.74,50.25,202,2.2429,-0.1680,LOCK,2,misalignment
563,4901706,6173,6186,-0.37830,-0.08190,-0.79950,0.88827,1015.76,1000,-15.76,50.25,202,2.2417,-0.1869,LOCK,2,misalignment
564,4901716,6183,6196,0.02340,0.06630,-0.79560,0.79870,1015.77,1000,-15.77,50.25,202,2.2527,-0.0203,LOCK,2,misalignment
565,4901725,6192,6205,0.05070,-0.16770,-0.77220,0.79182,1015.78,1000,-15.78,50.25,202,2.2554,0.0216,LOCK,2,misalignment
566,4901733,6200,6213,0.06240,0.00000,-0.86190,0.86416,1015.79,1000,-15.79,50.25,202,2.2613,0.1113,LOCK,2,misalignment
567,4901742,6209,6222,0.10530,-0.10530,-0.63180,0.64911,1015.81,1000,-15.81,50.25,202,2.2647,0.1626,LOCK,2,misalignment
568,4901750,6217,6230,-0.14430,0.18720,-0.82290,0.85617,1015.83,1000,-15.83,50.25,202,2.2347,-0.2919,LOCK,2,misalignment
569,4901759,6226,6239,-0.14430,0.18720,-0.82290,0.85617,1015.85,1000,-15.85,50.25,202,2.2483,-0.0859,LOCK,2,misalignment
570,4901767,6234,6247,-0.29640,0.03120,-0.77610,0.83136,1015.86,1000,-15.86,50.25,202,2.2462,-0.1189,LOCK,2,misalignment
571,4901775,6242,6255,-0.07020,-0.03510,-0.88140,0.88489,1015.87,1000,-15.87,50.25,202,2.2467,-0.1112,LOCK,2,misalignment
572,4901829,6296,6309,-0.26130,-0.05070,-0.78000,0.82417,1015.89,1000,-15.89,50.25,202,2.2615,0.1144,LOCK,2,misalignment
573,4901838,6305,6318,0.07020,-0.06240,-0.78000,0.78563,1015.90,1000,-15.90,50.25,202,2.2642,0.1540,LOCK,2,misalignment
574,4901846,6313,6326,-0.08970,-0.05460,-0.85410,0.86053,1015.91,1000,-15.91,50.25,202,2.2654,0.1727,LOCK,2,misalignment
575,4901855,6322,6335,0.18330,0.19500,-0.76440,0.80990,1015.92,1000,-15.92,50.25,202,2.2636,0.1455,LOCK,2,misalignment
576,4901863,6330,6343,-0.06630,0.13650,-0.82680,0.84061,1015.93,1000,-15.93,50.25,202,2.2586,0.0698,LOCK,2,misalignment
577,4901877,6344,6357,-0.35490,0.19500,-0.77610,0.87539,1015.95,1000,-15.95,50.25,202,2.2631,0.1382,LOCK,2,misalignment
578,4901885,6352,6365,-0.21060,-0.05460,-0.87750,0.90407,1015.96,1000,-15.96,50.25,202,2.2665,0.1901,LOCK,2,misalignment
579,4901894,6361,6374,0.04290,-0.08190,-0.72540,0.73127,1015.97,1000,-15.97,50.25,202,2.2395,-0.2202,LOCK,2,misalignment
580,4901902,6369,6382,0.04290,-0.08190,-0.72540,0.73127,1015.98,1000,-15.98,50.25,202,2.2480,-0.0902,LOCK,2,misalignment
581,4901911,6378,6391,0.13260,-0.00390,-0.79950,0.81043,1015.99,1000,-15.99,50.25,202,2.2339,-0.3048,LOCK,2,misalignment
582,4901921,6388,6401,-0.02730,0.08190,-0.74490,0.74989,1016.00,1000,-16.00,50.25,202,2.2564,0.0365,LOCK,2,misalignment
583,4901930,6397,6410,-0.07800,0.24960,-0.83070,0.87089,1016.00,1000,-16.00,50.25,202,2.2562,0.0341,LOCK,2,misalignment
584,4901938,6405,6418,-0.27690,0.00000,-0.83460,0.87934,1016.01,1000,-16.01,50.25,202,2.2325,-0.3255,LOCK,2,misalignment
585,4901947,6414,6427,0.00390,-0.06630,-0.77220,0.77505,1016.02,1000,-16.02,50.25,202,2.2537,-0.0041,LOCK,2,misalignment
586,4901955,6422,6435,0.04290,-0.14430,-0.74490,0.75996,1016.03,1000,-16.03,50.25,202,2.2376,-0.2486,LOCK,2,misalignment
587,4901964,6431,6444,0.04290,-0.14430,-0.74490,0.75996,1016.03,1000,-16.03,50.25,202,2.2565,0.0377,LOCK,2,misalignment
588,4901975,6442,6455,0.10530,-0.08970,-0.69030,0.70402,1016.04,1000,-16.04,50.25,202,2.2535,-0.0068,LOCK,2,misalignment
589,4901984,6451,6464,0.10530,-0.08970,-0.69030,0.70402,1016.04,1000,-16.04,50.25,202,2.2663,0.1867,LOCK,2,misalignment
590,4901992,6459,6472,-0.15990,0.08970,-0.85020,0.86974,1016.05,1000,-16.05,50.25,202,2.2336,-0.3093,LOCK,2,misalignment
591,4902001,6468,6481,-0.33540,-0.02340,-0.71760,0.79246,1016.05,1000,-16.05,50.25,202,2.2462,-0.1185,LOCK,2,misalignment
592,4902009,6476,6489,-0.08970,0.07800,-0.90090,0.90871,1016.06,1000,-16.06,50.25,202,2.2536,-0.0059,LOCK,2,misalignment
593,4902017,6484,6497,0.08580,-0.00780,-0.72930,0.73437,1016.06,1000,-16.06,50.25,202,2.2426,-0.1729,LOCK,2,misalignment
594,4902032,6499,6512,0.14040,-0.04290,-0.81120,0.82438,1016.06,1000,-16.06,50.25,202,2.2297,-0.3685,LOCK,2,misalignment
595,4902040,6507,6520,-0.01170,0.17160,-0.77610,0.79493,1016.05,1000,-16.05,50.25,202,2.2313,-0.3444,LOCK,2,misalignment
596,4902048,6515,6528,-0.29640,0.07410,-0.80340,0.85953,1016.04,1000,-16.04,50.25,202,2.2564,0.0365,LOCK,2,misalignment
597,4902057,6524,6537,-0.30420,-0.08190,-0.79560,0.85570,1016.03,1000,-16.03,50.25,202,2.2492,-0.0731,LOCK,2,misalignment
598,4902086,6553,6566,-0.12480,0.02340,-0.85800,0.86734,1016.03,1000,-16.03,50.25,202,2.2690,0.2279,LOCK,2,misalignment
599,4902095,6562,6575,0.16380,0.07800,-0.72540,0.74774,1016.03,1000,-16.03,50.25,202,2.2374,-0.2510,LOCK,2,misalignment
600,4902103,6570,6583,-0.03120,0.15210,-0.86970,0.88345,1016.03,1000,-16.03,50.25,202,2.2512,-0.0432,LOCK,2,misalignment
601,4902111,6578,6591,-0.25740,0.21060,-0.78000,0.84794,1016.03,1000,-16.03,50.25,202,2.2485,-0.0838,LOCK,2,misalignment
602,4902120,6587,6600,-0.24570,-0.10920,-0.86970,0.91031,1016.03,1000,-16.03,50.25,202,2.2545,0.0081,LOCK,2,misalignment
603,4902136,6603,6616,0.05070,-0.17940,-0.70980,0.73387,1016.03,1000,-16.03,50.25,202,2.2527,-0.0193,LOCK,2,misalignment
604,4902145,6612,6625,0.03900,-0.06240,-0.79170,0.79511,1016.03,1000,-16.03,50.25,202,2.2615,0.1131,LOCK,2,misalignment
605,4902153,6620,6633,-0.00780,0.01170,-0.72930,0.72944,1016.03,1000,-16.03,50.25,202,2.2669,0.1959,LOCK,2,misalignment
606,4902162,6629,6642,-0.05850,0.16380,-0.79560,0.81439,1016.03,1000,-16.03,50.25,202,2.2632,0.1397,LOCK,2,misalignment
607,4902170,6637,6650,-0.31200,-0.07020,-0.81510,0.87559,1016.03,1000,-16.03,50.25,202,2.2554,0.0213,LOCK,2,misalignment
608,4902179,6646,6659,-0.31200,-0.07020,-0.81510,0.87559,1016.03,1000,-16.03,50.25,202,2.2580,0.0603,LOCK,2,misalignment
609,4902187,6654,6667,0.00000,0.04680,-0.81900,0.82034,1016.04,1000,-16.04,50.25,202,2.2661,0.1830,LOCK,2,misalignment
610,4902196,6663,6676,0.01560,-0.24570,-0.74880,0.78823,1016.04,1000,-16.04,50.25,202,2.2490,-0.0758,LOCK,2,misalignment
611,4902204,6671,6684,0.03120,-0.01950,-0.78390,0.78476,1016.04,1000,-16.04,50.25,202,2.2452,-0.1332,LOCK,2,misalignment
612,4902213,6680,6693,0.08190,0.00780,-0.67470,0.67970,1016.03,1000,-16.03,50.25,202,2.2455,-0.1295,LOCK,2,misalignment
613,4902221,6688,6701,-0.15210,0.20280,-0.79560,0.83501,1016.03,1000,-16.03,50.25,202,2.2616,0.1147,LOCK,2,misalignment
614,4902237,6704,6717,-0.33150,0.06630,-0.78390,0.85369,1016.03,1000,-16.03,50.25,202,2.2640,0.1510,LOCK,2,misalignment
615,4902245,6712,6725,-0.10140,0.03120,-0.90090,0.90713,1016.02,1000,-16.02,50.25,202,2.2374,-0.2516,LOCK,2,misalignment
616,4902254,6721,6734,0.11700,-0.03510,-0.76440,0.77410,1016.02,1000,-16.02,50.25,202,2.2567,0.0405,LOCK,2,misalignment
617,4902262,6729,6742,0.15990,0.21450,-0.89700,0.93605,1016.02,1000,-16.02,50.25,202,2.2432,-0.1640,LOCK,2,misalignment
618,4902271,6738,6751,0.15990,0.21450,-0.89700,0.93605,1016.00,1000,-16.00,50.25,202,2.2537,-0.0047,LOCK,2,misalignment
619,4902289,6756,6769,-0.30420,0.08190,-0.72150,0.78728,1015.99,1000,-15.99,50.25,202,2.2690,0.2270,LOCK,2,misalignment
620,4902297,6764,6777,-0.34320,-0.06630,-0.79560,0.86900,1015.98,1000,-15.98,50.25,202,2.2310,-0.3490,LOCK,2,misalignment
621,4902305,6772,6785,0.07800,-0.03900,-0.86970,0.87406,1015.96,1000,-15.96,50.25,202,2.2423,-0.1765,LOCK,2,misalignment
622,4902314,6781,6794,-0.21060,0.21060,-0.88530,0.93406,1015.95,1000,-15.95,50.25,202,2.2562,0.0335,LOCK,2,misalignment
623,4902322,6789,6802,-0.21060,0.21060,-0.88530,0.93406,1015.94,1000,-15.94,50.25,202,2.2549,0.0136,LOCK,2,misalignment
624,4902339,6806,6819,0.00390,0.08970,-0.74880,0.75416,1015.94,1000,-15.94,50.25,202,2.2697,0.2380,LOCK,2,misalignment
625,4902347,6814,6827,-0.30810,0.02730,-0.64350,0.71398,1015.94,1000,-15.94,50.25,202,2.2646,0.1611,LOCK,2,misalignment
626,4902356,6823,6836,-0.24960,-0.25740,-0.83850,0.91194,1015.94,1000,-15.94,50.25,202,2.2640,0.1522,LOCK,2,misalignment
627,4902364,6831,6844,0.05460,-0.03120,-0.78000,0.78253,1015.94,1000,-15.94,50.25,202,2.2505,-0.0523,LOCK,2,misalignment
628,4902373,6840,6853,0.05460,-0.03120,-0.78000,0.78253,1015.94,1000,-15.94,50.25,202,2.2524,-0.0245,LOCK,2,misalignment
629,4902381,6848,6861,0.09360,0.06240,-0.89310,0.90016,1015.94,1000,-15.94,50.25,202,2.2406,-0.2028,LOCK,2,misalignment
630,4902390,6857,6870,0.04290,0.06240,-0.71760,0.72158,1015.93,1000,-15.93,50.25,202,2.2487,-0.0798,LOCK,2,misalignment
631,4902438,6905,6918,0.00780,0.08580,-0.87360,0.87784,1015.93,1000,-15.93,50.25,202,2.2629,0.1342,LOCK,2,misalignment
632,4902446,6913,6926,0.18720,-0.02340,-0.76050,0.78355,1015.92,1000,-15.92,50.25,202,2.2682,0.2154,LOCK,2,misalignment
633,4902455,6922,6935,0.18720,-0.02340,-0.76050,0.78355,1015.91,1000,-15.91,50.25,202,2.2566,0.0399,LOCK,2,misalignment
634,4902463,6930,6943,-0.05070,0.14430,-0.78780,0.80251,1015.91,1000,-15.91,50.25,202,2.2700,0.2423,LOCK,2,misalignment
635,4902472,6939,6952,-0.31590,-0.05850,-0.74100,0.80765,1015.90,1000,-15.90,50.25,202,2.2656,0.1763,LOCK,2,misalignment
636,4902480,6947,6960,-0.09750,0.04290,-0.78390,0.79110,1015.89,1000,-15.89,50.25,202,2.2647,0.1617,LOCK,2,misalignment
637,4902494,6961,6974,0.01560,-0.03510,-0.75270,0.75368,1015.89,1000,-15.89,50.25,202,2.2645,0.1598,LOCK,2,misalignment
638,4902502,6969,6982,0.10920,-0.04290,-0.95550,0.96268,1015.88,1000,-15.88,50.25,202,2.2415,-0.1891,LOCK,2,misalignment
639,4902510,6977,6990,0.05070,0.08190,-0.77220,0.77818,1015.87,1000,-15.87,50.25,202,2.2425,-0.1735,LOCK,2,misalignment
640,4902519,6986,6999,-0.21060,0.03510,-0.74880,0.77864,1015.85,1000,-15.85,50.25,202,2.2478,-0.0935,LOCK,2,misalignment
641,4902527,6994,7007,-0.21060,0.03510,-0.74880,0.77864,1015.84,1000,-15.84,50.25,202,2.2411,-0.1961,LOCK,2,misalignment
642,4902547,7014,7027,0.07020,-0.08190,-0.79170,0.79901,1015.83,1000,-15.83,50.25,202,2.2634,0.1427,LOCK,2,misalignment
643,4902556,7023,7036,-0.14820,-0.00780,-0.79170,0.80549,1015.82,1000,-15.82,50.25,202,2.2459,-0.1228,LOCK,2,misalignment
644,4902564,7031,7044,0.15990,0.39780,-0.88920,0.98716,1015.81,1000,-15.81,50.25,202,2.2494,-0.0703,LOCK,2,misalignment
645,4902573,7040,7053,-0.07800,0.09360,-0.79170,0.80102,1015.80,1000,-15.80,50.25,202,2.2481,-0.0892,LOCK,2,misalignment
646,4902581,7048,7061,-0.24960,0.18330,-0.72540,0.78874,1015.79,1000,-15.79,50.25,202,2.2481,-0.0889,LOCK,2,misalignment
647,4902590,7057,7070,-0.24960,0.18330,-0.72540,0.78874,1015.78,1000,-15.78,50.25,202,2.2574,0.0509,LOCK,2,misalignment
648,4902598,7065,7078,-0.24960,-0.28470,-0.85410,0.93426,1015.77,1000,-15.77,50.25,202,2.2670,0.1965,LOCK,2,misalignment
649,4902607,7074,7087,0.04290,-0.00780,-0.70200,0.70335,1015.76,1000,-15.76,50.25,202,2.2422,-0.1790,LOCK,2,misalignment
650,4902615,7082,7095,0.08190,0.01170,-0.81510,0.81929,1015.75,1000,-15.75,50.25,202,2.2560,0.0301,LOCK,2,misalignment
651,4902624,7091,7104,0.03120,0.02340,-0.70200,0.70308,1015.75,1000,-15.75,50.25,202,2.2579,0.0588,LOCK,2,misalignment
652,4902642,7109,7122,-0.31590,0.02730,-0.79560,0.85646,1015.73,1000,-15.73,50.25,202,2.2658,0.1794,LOCK,2,misalignment
653,4902698,7165,7178,-0.14040,0.16770,-0.74100,0.77260,1015.71,1000,-15.71,50.25,202,2.2682,0.2151,LOCK,2,misalignment
654,4902706,7173,7186,-0.37440,0.00390,-0.79560,0.87930,1015.70,1000,-15.70,50.25,202,2.2437,-0.1567,LOCK,2,misalignment
655,4902715,7182,7195,-0.10530,0.02730,-0.81900,0.82619,1015.68,1000,-15.68,50.25,202,2.2506,-0.0517,LOCK,2,misalignment
656,4902723,7190,7203,-0.10530,0.02730,-0.81900,0.82619,1015.67,1000,-15.67,50.25,202,2.2467,-0.1109,LOCK,2,misalignment
657,4902731,7198,7211,0.03120,-0.04290,-0.76440,0.76624,1015.65,1000,-15.65,50.25,202,2.2364,-0.2660,LOCK,2,misalignment
658,4902748,7215,7228,0.03510,-0.01560,-0.61620,0.61740,1015.65,1000,-15.65,50.25,202,2.2558,0.0271,LOCK,2,misalignment
659,4902757,7224,7237,-0.28860,0.03120,-0.77220,0.82496,1015.64,1000,-15.64,50.25,202,2.2601,0.0930,LOCK,2,misalignment
660,4902765,7232,7245,-0.28080,0.00000,-0.81510,0.86211,1015.64,1000,-15.64,50.25,202,2.2584,0.0673,LOCK,2,misalignment
661,4902774,7241,7254,-0.28080,0.00000,-0.81510,0.86211,1015.63,1000,-15.63,50.25,202,2.2662,0.1846,LOCK,2,misalignment
662,4902782,7249,7262,0.08190,0.03510,-0.88140,0.88589,1015.63,1000,-15.63,50.25,202,2.2697,0.2374,LOCK,2,misalignment
663,4902791,7258,7271,-0.12480,0.05070,-0.81510,0.82616,1015.62,1000,-15.62,50.25,202,2.2653,0.1708,LOCK,2,misalignment
664,4902799,7266,7279,0.15990,0.10530,-0.79170,0.81452,1015.62,1000,-15.62,50.25,202,2.2635,0.1446,LOCK,2,misalignment
665,4902808,7275,7288,-0.10920,0.16770,-0.72930,0.75626,1015.60,1000,-15.60,50.25,202,2.2634,0.1421,LOCK,2,misalignment
666,4902816,7283,7296,-0.24960,0.11700,-0.78390,0.83096,1015.57,1000,-15.57,50.25,202,2.2426,-0.1732,LOCK,2,misalignment
667,4902825,7292,7305,-0.24960,0.11700,-0.78390,0.83096,1015.55,1000,-15.55,50.25,202,2.2417,-0.1869,LOCK,2,misalignment
668,4902833,7300,7313,-0.30810,-0.19110,-0.85410,0.92786,1015.54,1000,-15.54,50.25,202,2.2312,-0.3447,LOCK,2,misalignment
669,4902852,7319,7332,0.08580,0.15210,-0.88920,0.90619,1015.52,1000,-15.52,50.25,202,2.2614,0.1122,LOCK,2,misalignment
670,4902860,7327,7340,0.08970,0.05850,-0.67080,0.67929,1015.51,1000,-15.51,50.25,202,2.2469,-0.1076,LOCK,2,misalignment
671,4902869,7336,7349,-0.05070,0.08970,-0.81900,0.82546,1015.49,1000,-15.49,50.25,202,2.2564,0.0365,LOCK,2,misalignment
672,4902877,7344,7357,-0.05070,0.08970,-0.81900,0.82546,1015.48,1000,-15.48,50.25,202,2.2477,-0.0957,LOCK,2,misalignment
673,4902885,7352,7365,-0.36270,0.12480,-0.77610,0.86571,1015.46,1000,-15.46,50.25,202,2.2500,-0.0602,LOCK,2,misalignment
674,4902903,7370,7383,0.03510,-0.32760,-0.73320,0.80383,1015.45,1000,-15.45,50.25,202,2.2649,0.1656,LOCK,2,misalignment
675,4902912,7379,7392,0.01950,-0.00780,-0.78390,0.78418,1015.44,1000,-15.44,50.25,202,2.2421,-0.1808,LOCK,2,misalignment
676,4902920,7387,7400,0.12480,-0.08580,-0.72540,0.74104,1015.43,1000,-15.43,50.25,202,2.2581,0.0615,LOCK,2,misalignment
677,4902928,7395,7408,0.12480,-0.08580,-0.72540,0.74104,1015.42,1000,-15.42,50.25,202,2.2474,-0.0999,LOCK,2,misalignment
678,4902937,7404,7417,0.00000,0.08190,-0.81900,0.82308,1015.41,1000,-15.41,50.25,202,2.2564,0.0359,LOCK,2,misalignment
679,4902958,7425,7438,-0.07800,-0.03510,-0.81120,0.81570,1015.40,1000,-15.40,50.25,202,2.2641,0.1534,LOCK,2,misalignment
680,4902966,7433,7446,0.03900,-0.21840,-0.74490,0.77724,1015.39,1000,-15.39,50.25,202,2.2598,0.0875,LOCK,2,misalignment
681,4902975,7442,7455,0.03120,-0.04290,-0.82680,0.82850,1015.38,1000,-15.38,50.25,202,2.2463,-0.1167,LOCK,2,misalignment
682,4902983,7450,7463,0.02730,0.07800,-0.66300,0.66813,1015.38,1000,-15.38,50.25,202,2.2488,-0.0789,LOCK,2,misalignment
683,4902991,7458,7471,-0.24570,0.02730,-0.80730,0.84430,1015.38,1000,-15.38,50.25,202,2.2489,-0.0770,LOCK,2,misalignment
684,4903000,7467,7480,-0.24570,0.02730,-0.80730,0.84430,1015.38,1000,-15.38,50.25,202,2.2501,-0.0590,LOCK,2,misalignment
685,4903056,7523,7536,-0.26910,0.16770,-0.75270,0.81676,1015.38,1000,-15.38,50.25,202,2.2667,0.1931,LOCK,2,misalignment
686,4903065,7532,7545,-0.28080,-0.08190,-0.90480,0.95090,1015.37,1000,-15.37,50.25,202,2.2677,0.2075,LOCK,2,misalignment
687,4903073,7540,7553,0.04680,0.03510,-0.77220,0.77441,1015.36,1000,-15.36,50.25,202,2.2555,0.0234,LOCK,2,misalignment
688,4903081,7548,7561,0.04680,0.03510,-0.77220,0.77441,1015.36,1000,-15.36,50.25,202,2.2701,0.2438,LOCK,2,misalignment
689,4903090,7557,7570,-0.07410,0.24960,-0.89310,0.93028,1015.35,1000,-15.35,50.25,202,2.2690,0.2270,LOCK,2,misalignment
690,4903103,7570,7583,-0.07410,0.11310,-0.70980,0.72256,1015.34,1000,-15.34,50.25,202,2.2703,0.2468,LOCK,2,misalignment
691,4903112,7579,7592,-0.07410,0.11310,-0.70980,0.72256,1015.33,1000,-15.33,50.25,202,2.2554,0.0213,LOCK,2,misalignment
692,4903120,7587,7600,-0.29640,0.05070,-0.72540,0.78526,1015.32,1000,-15.32,50.25,202,2.2356,-0.2794,LOCK,2,misalignment
693,4903129,7596,7609,-0.13260,-0.08190,-0.89700,0.91044,1015.31,1000,-15.31,50.25,202,2.2502,-0.0581,LOCK,2,misalignment
694,4903137,7604,7617,0.00000,-0.09360,-0.78390,0.78947,1015.30,1000,-15.30,50.25,202,2.2294,-0.3725,LOCK,2,misalignment
695,4903150,7617,7630,0.06630,0.08970,-0.81900,0.82656,1015.29,1000,-15.29,50.25,202,2.2624,0.1272,LOCK,2,misalignment
696,4903162,7629,7642,0.09360,-0.03120,-0.80730,0.81331,1015.28,1000,-15.28,50.25,202,2.2663,0.1867,LOCK,2,misalignment
697,4903171,7638,7651,-0.05070,0.10140,-0.71370,0.72265,1015.27,1000,-15.27,50.25,202,2.2472,-0.1036,LOCK,2,misalignment
698,4903179,7646,7659,-0.35880,-0.12870,-0.70200,0.79881,1015.26,1000,-15.26,50.25,202,2.2465,-0.1137,LOCK,2,misalignment
699,4903188,7655,7668,-0.06240,0.07410,-0.82680,0.83246,1015.25,1000,-15.25,50.25,202,2.2522,-0.0270,LOCK,2,misalignment
700,4903196,7663,7676,-0.01560,-0.18720,-0.79560,0.81748,1015.24,1000,-15.24,50.25,202,2.2438,-0.1549,LOCK,2,misalignment
701,4903205,7672,7685,-0.01560,-0.18720,-0.79560,0.81748,1015.24,1000,-15.24,50.25,202,2.2562,0.0338,LOCK,2,misalignment
702,4903214,7681,7694,0.07020,-0.02730,-0.92820,0.93125,1015.23,1000,-15.23,50.25,202,2.2510,-0.0459,LOCK,2,misalignment
703,4903222,7689,7702,0.14820,-0.04680,-0.69810,0.71519,1015.23,1000,-15.23,50.25,202,2.2482,-0.0886,LOCK,2,misalignment
704,4903231,7698,7711,-0.15600,0.12870,-0.82290,0.84739,1015.24,1000,-15.24,50.25,202,2.2442,-0.1479,LOCK,2,misalignment
705,4903239,7706,7719,-0.27690,0.04680,-0.68250,0.73802,1015.24,1000,-15.24,50.25,202,2.2479,-0.0926,LOCK,2,misalignment
706,4903260,7727,7740,-0.01950,-0.06240,-0.78000,0.78273,1015.24,1000,-15.24,50.25,202,2.2274,-0.4036,LOCK,2,misalignment
707,4903268,7735,7748,0.17940,0.08580,-0.85800,0.88074,1015.24,1000,-15.24,50.25,202,2.2551,0.0173,LOCK,2,misalignment
708,4903277,7744,7757,0.17940,0.08580,-0.85800,0.88074,1015.24,1000,-15.24,50.25,202,2.2425,-0.1747,LOCK,2,misalignment
709,4903285,7752,7765,-0.08580,0.12090,-0.78000,0.79396,1015.24,1000,-15.24,50.25,202,2.2535,-0.0071,LOCK,2,misalignment
710,4903317,7784,7797,0.03120,-0.08970,-0.73710,0.74319,1015.24,1000,-15.24,50.25,202,2.2591,0.0777,LOCK,2,misalignment
711,4903325,7792,7805,-0.07020,0.07020,-0.86190,0.86760,1015.24,1000,-15.24,50.25,202,2.2473,-0.1015,LOCK,2,misalignment
712,4903334,7801,7814,0.10530,0.14430,-0.70590,0.72815,1015.25,1000,-15.25,50.25,202,2.2498,-0.0636,LOCK,2,misalignment
713,4903342,7809,7822,-0.05070,0.19110,-0.82290,0.84632,1015.25,1000,-15.25,50.25,202,2.2496,-0.0660,LOCK,2,misalignment
714,4903351,7818,7831,-0.36270,0.14820,-0.79950,0.89035,1015.26,1000,-15.26,50.25,202,2.2565,0.0371,LOCK,2,misalignment
715,4903362,7829,7842,-0.15990,-0.14430,-0.82680,0.85439,1015.26,1000,-15.26,50.25,202,2.2670,0.1977,LOCK,2,misalignment
716,4903371,7838,7851,0.03900,-0.21450,-0.69030,0.72391,1015.26,1000,-15.26,50.25,202,2.2656,0.1763,LOCK,2,misalignment
717,4903379,7846,7859,0.03900,-0.21450,-0.69030,0.72391,1015.26,1000,-15.26,50.25,202,2.2629,0.1354,LOCK,2,misalignment
718,4903388,7855,7868,0.12090,0.06630,-0.81120,0.82284,1015.27,1000,-15.27,50.25,202,2.2750,0.3177,LOCK,2,misalignment
719,4903396,7863,7876,0.03510,0.04290,-0.79560,0.79753,1015.27,1000,-15.27,50.25,202,2.2631,0.1376,LOCK,2,misalignment
720,4903405,7872,7885,-0.05460,0.20280,-0.78780,0.81531,1015.28,1000,-15.28,50.25,202,2.2644,0.1580,LOCK,2,misalignment
721,4903413,7880,7893,-0.28470,-0.08970,-0.71370,0.77361,1015.29,1000,-15.29,50.25,202,2.2620,0.1217,LOCK,2,misalignment
722,4903421,7888,7901,-0.09750,-0.04680,-0.77220,0.77974,1015.29,1000,-15.29,50.25,202,2.2630,0.1369,LOCK,2,misalignment
723,4903430,7897,7910,-0.09750,-0.04680,-0.77220,0.77974,1015.29,1000,-15.29,50.25,202,2.2439,-0.1533,LOCK,2,misalignment
724,4903438,7905,7918,-0.01170,-0.19890,-0.73320,0.75979,1015.30,1000,-15.30,50.25,202,2.2373,-0.2532,LOCK,2,misalignment
725,4903447,7914,7927,0.01560,0.00780,-0.93210,0.93226,1015.30,1000,-15.30,50.25,202,2.2499,-0.0627,LOCK,2,misalignment
726,4903457,7924,7937,0.10920,-0.05850,-0.71760,0.72821,1015.32,1000,-15.32,50.25,202,2.2547,0.0100,LOCK,2,misalignment
727,4903471,7938,7951,-0.16380,0.10140,-0.82680,0.84895,1015.33,1000,-15.33,50.25,202,2.2642,0.1540,LOCK,2,misalignment
728,4903479,7946,7959,-0.29640,-0.02340,-0.66300,0.72662,1015.34,1000,-15.34,50.25,202,2.2497,-0.0654,LOCK,2,misalignment
729,4903488,7955,7968,-0.01560,-0.01170,-0.83460,0.83483,1015.35,1000,-15.35,50.25,202,2.2407,-0.2013,LOCK,2,misalignment
730,4903496,7963,7976,-0.04680,0.00390,-0.78780,0.78920,1015.36,1000,-15.36,50.25,202,2.2626,0.1299,LOCK,2,misalignment
731,4903505,7972,7985,0.13260,0.17940,-0.91260,0.93947,1015.37,1000,-15.37,50.25,202,2.2522,-0.0270,LOCK,2,misalignment
732,4903518,7985,7998,-0.07800,0.20280,-0.81120,0.83980,1015.39,1000,-15.39,50.25,202,2.2642,0.1543,LOCK,2,misalignment
733,4903526,7993,8006,-0.24570,0.07800,-0.71760,0.76250,1015.41,1000,-15.41,50.25,202,2.2348,-0.2913,LOCK,2,misalignment
734,4903535,8002,8015,-0.27690,-0.03900,-0.78390,0.83228,1015.43,1000,-15.43,50.25,202,2.2506,-0.0517,LOCK,2,misalignment
735,4903543,8010,8023,-0.27690,-0.03900,-0.78390,0.83228,1015.44,1000,-15.44,50.25,202,2.2505,-0.0526,LOCK,2,misalignment
736,4903552,8019,8032,0.03120,0.03510,-0.79950,0.80088,1015.46,1000,-15.46,50.25,202,2.2373,-0.2538,LOCK,2,misalignment
737,4903568,8035,8048,0.15210,0.22230,-0.77220,0.81783,1015.47,1000,-15.47,50.25,202,2.2566,0.0387,LOCK,2,misalignment
738,4903576,8043,8056,-0.01560,0.25350,-0.82680,0.86493,1015.50,1000,-15.50,50.25,202,2.2646,0.1601,LOCK,2,misalignment
739,4903585,8052,8065,-0.01560,0.25350,-0.82680,0.86493,1015.52,1000,-15.52,50.25,202,2.2667,0.1928,LOCK,2,misalignment
740,4903593,8060,8073,-0.26910,0.06240,-0.70200,0.75440,1015.54,1000,-15.54,50.25,202,2.2353,-0.2837,LOCK,2,misalignment
741,4903602,8069,8082,-0.21840,-0.10140,-0.83070,0.86489,1015.56,1000,-15.56,50.25,202,2.2659,0.1806,LOCK,2,misalignment
742,4903610,8077,8090,0.01560,-0.15600,-0.72930,0.74596,1015.58,1000,-15.58,50.25,202,2.2389,-0.2287,LOCK,2,misalignment
743,4903619,8086,8099,0.08970,0.11700,-0.88530,0.89749,1015.60,1000,-15.60,50.25,202,2.2540,-0.0004,LOCK,2,misalignment
744,4903669,8136,8149,-0.00780,-0.21450,-0.72150,0.75275,1015.62,1000,-15.62,50.25,202,2.2628,0.1339,LOCK,2,misalignment
745,4903678,8145,8158,-0.00780,-0.21450,-0.72150,0.75275,1015.64,1000,-15.64,50.25,202,2.2656,0.1757,LOCK,2,misalignment
746,4903686,8153,8166,0.06630,-0.10140,-0.85410,0.86265,1015.66,1000,-15.66,50.25,202,2.2702,0.2456,LOCK,2,misalignment
747,4903695,8162,8175,0.09360,0.03510,-0.77610,0.78251,1015.70,1000,-15.70,50.25,202,2.2633,0.1403,LOCK,2,misalignment
748,4903703,8170,8183,-0.14820,0.15210,-0.84240,0.86876,1015.73,1000,-15.73,50.25,202,2.2680,0.2117,LOCK,2,misalignment
749,4903711,8178,8191,-0.30420,0.04680,-0.74490,0.80598,1015.76,1000,-15.76,50.25,202,2.2653,0.1717,LOCK,2,misalignment
750,4903725,8192,8205,0.01560,-0.11310,-0.82680,0.83465,1015.79,1000,-15.79,50.25,202,2.2701,0.2441,LOCK,2,misalignment
751,4903733,8200,8213,-0.01170,-0.11700,-0.70200,0.71178,1015.81,1000,-15.81,50.25,202,2.2474,-0.0993,LOCK,2,misalignment
752,4903742,8209,8222,0.13260,0.09360,-0.84630,0.86172,1015.83,1000,-15.83,50.25,202,2.2543,0.0051,LOCK,2,misalignment
753,4903750,8217,8230,-0.04680,0.23010,-0.83070,0.86325,1015.87,1000,-15.87,50.25,202,2.2546,0.0097,LOCK,2,misalignment
754,4903759,8226,8239,-0.04680,0.23010,-0.83070,0.86325,1015.90,1000,-15.90,50.25,202,2.2658,0.1782,LOCK,2,misalignment
755,4903773,8240,8253,-0.19890,-0.09360,-0.82290,0.85176,1015.93,1000,-15.93,50.25,202,2.2595,0.0832,LOCK,2,misalignment
756,4903782,8249,8262,0.06630,0.00780,-0.74100,0.74400,1015.95,1000,-15.95,50.25,202,2.2394,-0.2217,LOCK,2,misalignment
757,4903790,8257,8270,0.06630,0.00780,-0.74100,0.74400,1015.97,1000,-15.97,50.25,202,2.2532,-0.0123,LOCK,2,misalignment
758,4903799,8266,8279,-0.00780,0.03900,-0.91650,0.91736,1015.99,1000,-15.99,50.25,202,2.2633,0.1403,LOCK,2,misalignment
759,4903807,8274,8287,0.12480,0.08580,-0.71370,0.72959,1016.04,1000,-16.04,50.25,202,2.2541,0.0014,LOCK,2,misalignment
760,4903818,8285,8298,-0.02730,0.11310,-0.79560,0.80406,1016.08,1000,-16.08,50.25,202,2.2667,0.1931,LOCK,2,misalignment
761,4903827,8294,8307,-0.25350,0.07800,-0.70200,0.75043,1016.11,1000,-16.11,50.25,202,2.2630,0.1363,LOCK,2,misalignment
762,4903836,8303,8316,-0.19110,-0.12870,-0.81120,0.84328,1016.14,1000,-16.14,50.25,202,2.2355,-0.2803,LOCK,2,misalignment
763,4903844,8311,8324,0.03900,-0.11310,-0.78000,0.78912,1016.17,1000,-16.17,50.25,202,2.2397,-0.2162,LOCK,2,misalignment
764,4903852,8319,8332,0.07800,0.10140,-0.85800,0.86748,1016.20,1000,-16.20,50.25,202,2.2566,0.0387,LOCK,2,misalignment
765,4903861,8328,8341,0.07800,0.10140,-0.85800,0.86748,1016.22,1000,-16.22,50.25,202,2.2476,-0.0969,LOCK,2,misalignment
766,4903874,8341,8354,-0.06630,0.22230,-0.78390,0.81750,1016.26,1000,-16.26,50.25,202,2.2625,0.1284,LOCK,2,misalignment
767,4903882,8349,8362,-0.06630,0.22230,-0.78390,0.81750,1016.30,1000,-16.30,50.25,202,2.2394,-0.2211,LOCK,2,misalignment
768,4903891,8358,8371,-0.30420,-0.09750,-0.74880,0.81409,1016.34,1000,-16.34,50.25,202,2.2572,0.0481,LOCK,2,misalignment
769,4903899,8366,8379,-0.00390,-0.10140,-0.72150,0.72860,1016.37,1000,-16.37,50.25,202,2.2411,-0.1955,LOCK,2,misalignment
770,4903929,8396,8409,0.08190,-0.13650,-0.65520,0.67426,1016.42,1000,-16.42,50.25,202,2.2601,0.0921,LOCK,2,misalignment
771,4903937,8404,8417,-0.14820,0.16380,-0.87360,0.90109,1016.47,1000,-16.47,50.25,202,2.2409,-0.1985,LOCK,2,misalignment
772,4903945,8412,8425,-0.32370,0.00780,-0.74880,0.81581,1016.52,1000,-16.52,50.25,202,2.2430,-0.1668,LOCK,2,misalignment
773,4903954,8421,8434,-0.32370,0.00780,-0.74880,0.81581,1016.56,1000,-16.56,50.25,202,2.2458,-0.1240,LOCK,2,misalignment
774,4903962,8429,8442,0.01950,0.00390,-0.86970,0.86993,1016.59,1000,-16.59,50.25,202,2.2456,-0.1280,LOCK,2,misalignment
775,4903977,8444,8457,0.13260,0.01170,-0.83460,0.84515,1016.62,1000,-16.62,50.25,202,2.2622,0.1238,LOCK,2,misalignment
776,4903986,8453,8466,-0.03120,0.24180,-0.74490,0.78378,1016.68,1000,-16.68,50.25,202,2.2656,0.1760,LOCK,2,misalignment
777,4903994,8461,8474,-0.03120,0.24180,-0.74490,0.78378,1016.73,1000,-16.73,50.25,202,2.2635,0.1446,LOCK,2,misalignment
778,4904003,8470,8483,-0.28080,0.05850,-0.68640,0.74392,1016.77,1000,-16.77,50.25,202,2.2609,0.1040,LOCK,2,misalignment
779,4904011,8478,8491,-0.25350,-0.16380,-0.76440,0.82183,1016.81,1000,-16.81,50.25,202,2.2528,-0.0187,LOCK,2,misalignment
780,4904020,8487,8500,0.07410,0.02730,-0.81510,0.81892,1016.85,1000,-16.85,50.25,202,2.2682,0.2151,LOCK,2,misalignment
781,4904028,8495,8508,-0.01560,0.05070,-0.92820,0.92971,1016.88,1000,-16.88,50.25,202,2.2609,0.1046,LOCK,2,misalignment
782,4904036,8503,8516,-0.01560,0.05070,-0.92820,0.92971,1016.91,1000,-16.91,50.25,202,2.2589,0.0747,LOCK,2,misalignment
783,4904045,8512,8525,0.13650,0.21450,-0.74880,0.79079,1016.96,1000,-16.96,50.25,202,2.2519,-0.0312,LOCK,2,misalignment
784,4904053,8520,8533,-0.07800,0.15600,-0.82680,0.84500,1017.01,1000,-17.01,50.25,202,2.2459,-0.1234,LOCK,2,misalignment
785,4904062,8529,8542,-0.23790,0.10530,-0.69420,0.74135,1017.05,1000,-17.05,50.25,202,2.2561,0.0326,LOCK,2,misalignment
786,4904080,8547,8560,-0.02730,-0.18330,-0.73710,0.76004,1017.09,1000,-17.09,50.25,202,2.2597,0.0863,LOCK,2,misalignment
787,4904089,8556,8569,0.01560,0.06630,-0.84630,0.84904,1017.12,1000,-17.12,50.25,202,2.2480,-0.0905,LOCK,2,misalignment
788,4904097,8564,8577,0.01560,0.06630,-0.84630,0.84904,1017.16,1000,-17.16,50.25,202,2.2669,0.1962,LOCK,2,misalignment
789,4904106,8573,8586,0.09750,0.05850,-0.79560,0.80368,1017.21,1000,-17.21,50.25,202,2.2445,-0.1442,LOCK,2,misalignment
790,4904114,8581,8594,-0.03900,0.12480,-0.78390,0.79473,1017.26,1000,-17.26,50.25,202,2.2434,-0.1613,LOCK,2,misalignment
791,4904129,8596,8609,-0.39780,-0.24960,-0.72930,0.86742,1017.30,1000,-17.30,50.25,202,2.2690,0.2279,LOCK,2,misalignment
792,4904138,8605,8618,-0.01560,0.12090,-0.76440,0.77406,1017.34,1000,-17.34,50.25,202,2.2533,-0.0102,LOCK,2,misalignment
793,4904146,8613,8626,-0.02340,-0.20280,-0.76830,0.79496,1017.38,1000,-17.38,50.25,202,2.2612,0.1098,LOCK,2,misalignment
794,4904154,8621,8634,0.15210,0.08190,-0.87750,0.89434,1017.41,1000,-17.41,50.25,202,2.2605,0.0982,LOCK,2,misalignment
795,4904163,8630,8643,0.03900,0.03120,-0.78390,0.78549,1017.46,1000,-17.46,50.25,202,2.2470,-0.1057,LOCK,2,misalignment
796,4904174,8641,8654,-0.22230,0.04290,-0.77610,0.80845,1017.51,1000,-17.51,50.25,202,2.2603,0.0954,LOCK,2,misalignment
797,4904188,8655,8668,-0.25350,-0.05070,-0.74100,0.78480,1017.55,1000,-17.55,50.25,202,2.2602,0.0933,LOCK,2,misalignment
798,4904197,8664,8677,-0.02730,-0.12480,-0.84630,0.85589,1017.59,1000,-17.59,50.25,202,2.2386,-0.2330,LOCK,2,misalignment
799,4904205,8672,8685,-0.05070,-0.17550,-0.75270,0.77455,1017.63,1000,-17.63,50.25,202,2.2585,0.0677,LOCK,2,misalignment
800,4904214,8681,8694,0.11700,0.16380,-0.84630,0.86991,1017.66,1000,-17.66,50.25,202,2.2512,-0.0428,LOCK,2,misalignment
801,4904222,8689,8702,0.03510,0.25350,-0.73710,0.78026,1017.71,1000,-17.71,50.25,202,2.2384,-0.2358,LOCK,2,misalignment
802,4904283,8750,8763,0.12090,0.09750,-0.72540,0.74184,1017.78,1000,-17.78,50.25,202,2.2549,0.0139,LOCK,2,misalignment
803,4904292,8759,8772,-0.16380,0.14040,-0.82290,0.85071,1017.84,1000,-17.84,50.25,202,2.2624,0.1278,LOCK,2,misalignment
804,4904300,8767,8780,-0.19890,0.05460,-0.70200,0.73167,1017.90,1000,-17.90,50.25,202,2.2434,-0.1607,LOCK,2,misalignment
805,4904308,8775,8788,-0.11700,-0.05850,-0.89700,0.90649,1017.95,1000,-17.95,50.25,202,2.2603,0.0951,LOCK,2,misalignment
806,4904317,8784,8797,-0.01170,-0.20280,-0.64740,0.67852,1018.00,1000,-18.00,50.25,202,2.2629,0.1348,LOCK,2,misalignment
807,4904332,8799,8812,0.01950,-0.02730,-0.78000,0.78072,1018.04,1000,-18.04,50.25,202,2.2700,0.2420,LOCK,2,misalignment
808,4904340,8807,8820,0.05850,0.06630,-0.72540,0.73077,1018.10,1000,-18.10,50.25,202,2.2667,0.1919,LOCK,2,misalignment
809,4904349,8816,8829,-0.11310,0.23010,-0.84630,0.88429,1018.16,1000,-18.16,50.25,202,2.2472,-0.1027,LOCK,2,misalignment
810,4904357,8824,8837,-0.40950,-0.16770,-0.83460,0.94465,1018.21,1000,-18.21,50.25,202,2.2463,-0.1167,LOCK,2,misalignment
811,4904366,8833,8846,0.01950,0.03510,-0.79950,0.80051,1018.26,1000,-18.26,50.25,202,2.2521,-0.0294,LOCK,2,misalignment
812,4904378,8845,8858,-0.01560,-0.06630,-0.77220,0.77520,1018.30,1000,-18.30,50.25,202,2.2558,0.0280,LOCK,2,misalignment
813,4904390,8857,8870,0.09360,0.09360,-0.74880,0.76041,1018.33,1000,-18.33,50.25,202,2.2714,0.2630,LOCK,2,misalignment
814,4904399,8866,8879,-0.01560,-0.01170,-0.73320,0.73346,1018.39,1000,-18.39,50.25,202,2.2428,-0.1692,LOCK,2,misalignment
815,4904407,8874,8887,-0.22620,0.09360,-0.83070,0.86602,1018.43,1000,-18.43,50.25,202,2.2402,-0.2086,LOCK,2,misalignment
816,4904416,8883,8896,-0.22620,0.09360,-0.83070,0.86602,1018.47,1000,-18.47,50.25,202,2.2639,0.1504,LOCK,2,misalignment
817,4904424,8891,8904,-0.24570,0.01170,-0.81900,0.85514,1018.51,1000,-18.51,50.25,202,2.2411,-0.1949,LOCK,2,misalignment
818,4904433,8900,8913,-0.05460,0.06240,-0.85410,0.85812,1018.55,1000,-18.55,50.25,202,2.2640,0.1522,LOCK,2,misalignment
819,4904442,8909,8922,-0.05460,0.00390,-0.80730,0.80915,1018.58,1000,-18.58,50.25,202,2.2627,0.1318,LOCK,2,misalignment
820,4904450,8917,8930,0.15210,0.16380,-0.86190,0.89041,1018.60,1000,-18.60,50.25,202,2.2498,-0.0642,LOCK,2,misalignment
821,4904458,8925,8938,0.07410,0.20280,-0.68250,0.71584,1018.65,1000,-18.65,50.25,202,2.2311,-0.3475,LOCK,2,misalignment
822,4904467,8934,8947,0.07410,0.20280,-0.68250,0.71584,1018.69,1000,-18.69,50.25,202,2.2448,-0.1390,LOCK,2,misalignment
823,4904475,8942,8955,-0.31200,0.07410,-0.76050,0.82535,1018.72,1000,-18.72,50.25,202,2.2602,0.0936,LOCK,2,misalignment
824,4904543,9010,9023,-0.02730,-0.20670,-0.78390,0.81115,1018.77,1000,-18.77,50.25,202,2.2649,0.1650,LOCK,2,misalignment
825,4904551,9018,9031,0.01950,-0.23400,-0.62010,0.66307,1018.81,1000,-18.81,50.25,202,2.2357,-0.2776,LOCK,2,misalignment
826,4904560,9027,9040,0.01950,-0.23400,-0.62010,0.66307,1018.85,1000,-18.85,50.25,202,2.2651,0.1675,LOCK,2,misalignment
827,4904568,9035,9048,-0.05070,0.01170,-0.80730,0.80898,1018.89,1000,-18.89,50.25,202,2.2554,0.0219,LOCK,2,misalignment
828,4904576,9043,9056,0.10530,0.05070,-0.72930,0.73860,1018.93,1000,-18.93,50.25,202,2.2519,-0.0322,LOCK,2,misalignment
829,4904592,9059,9072,-0.39780,0.01170,-0.83850,0.92815,1018.97,1000,-18.97,50.25,202,2.2659,0.1803,LOCK,2,misalignment
830,4904601,9068,9081,-0.39780,0.01170,-0.83850,0.92815,1019.01,1000,-19.01,50.25,202,2.2388,-0.2306,LOCK,2,misalignment
831,4904609,9076,9089,0.06240,-0.04290,-0.81120,0.81473,1019.05,1000,-19.05,50.25,202,2.2440,-0.1509,LOCK,2,misalignment
832,4904618,9085,9098,0.03900,-0.13260,-0.76440,0.77680,1019.08,1000,-19.08,50.25,202,2.2523,-0.0261,LOCK,2,misalignment
833,4904626,9093,9106,0.19500,0.17550,-0.73710,0.78239,1019.10,1000,-19.10,50.25,202,2.2450,-0.1362,LOCK,2,misalignment
834,4904637,9104,9117,-0.07410,0.07020,-0.85020,0.85631,1019.14,1000,-19.14,50.25,202,2.2574,0.0509,LOCK,2,misalignment
835,4904645,9112,9125,-0.17940,0.01950,-0.80340,0.82342,1019.16,1000,-19.16,50.25,202,2.2693,0.2325,LOCK,2,misalignment
836,4904654,9121,9134,-0.24180,-0.08970,-0.83070,0.86981,1019.19,1000,-19.19,50.25,202,2.2549,0.0133,LOCK,2,misalignment
837,4904662,9129,9142,-0.24180,-0.08970,-0.83070,0.86981,1019.21,1000,-19.21,50.25,202,2.2370,-0.2577,LOCK,2,misalignment
838,4904671,9138,9151,-0.06630,0.01560,-0.79950,0.80240,1019.23,1000,-19.23,50.25,202,2.2495,-0.0679,LOCK,2,misalignment
839,4904679,9146,9159,0.00000,0.05070,-0.88140,0.88286,1019.25,1000,-19.25,50.25,202,2.2520,-0.0306,LOCK,2,misalignment
840,4904699,9166,9179,0.07020,0.13260,-0.68250,0.69880,1019.27,1000,-19.27,50.25,202,2.2638,0.1479,LOCK,2,misalignment
841,4904707,9174,9187,-0.35100,-0.00390,-0.71760,0.79885,1019.30,1000,-19.30,50.25,202,2.2683,0.2166,LOCK,2,misalignment
842,4904716,9183,9196,-0.26520,-0.07800,-0.83070,0.87549,1019.31,1000,-19.31,50.25,202,2.2627,0.1318,LOCK,2,misalignment
843,4904724,9191,9204,-0.26520,-0.07800,-0.83070,0.87549,1019.33,1000,-19.33,50.25,202,2.2526,-0.0218,LOCK,2,misalignment
844,4904732,9199,9212,0.10920,-0.15210,-0.78390,0.80595,1019.35,1000,-19.35,50.25,202,2.2393,-0.2226,LOCK,2,misalignment
845,4904748,9215,9228,0.10920,0.07800,-0.74100,0.75305,1019.36,1000,-19.36,50.25,202,2.2634,0.1424,LOCK,2,misalignment
846,4904757,9224,9237,-0.11310,0.17160,-0.80730,0.83305,1019.38,1000,-19.38,50.25,202,2.2432,-0.1634,LOCK,2,misalignment
847,4904765,9232,9245,-0.11310,0.17160,-0.80730,0.83305,1019.39,1000,-19.39,50.25,202,2.2504,-0.0551,LOCK,2,misalignment
848,4904774,9241,9254,-0.27300,0.11700,-0.62400,0.69108,1019.41,1000,-19.41,50.25,202,2.2536,-0.0065,LOCK,2,misalignment
849,4904782,9249,9262,-0.13260,-0.14040,-0.90870,0.92899,1019.42,1000,-19.42,50.25,202,2.2675,0.2050,LOCK,2,misalignment
850,4904796,9263,9276,-0.01560,-0.06240,-0.72930,0.73213,1019.43,1000,-19.43,50.25,202,2.2618,0.1186,LOCK,2,misalignment
851,4904804,9271,9284,0.07410,0.05070,-0.88920,0.89372,1019.44,1000,-19.44,50.25,202,2.2680,0.2117,LOCK,2,misalignment
852,4904813,9280,9293,0.10530,-0.08580,-0.61620,0.63099,1019.46,1000,-19.46,50.25,202,2.2397,-0.2171,LOCK,2,misalignment
853,4904821,9288,9301,-0.07020,0.21840,-0.84240,0.87308,1019.47,1000,-19.47,50.25,202,2.2531,-0.0135,LOCK,2,misalignment
854,4904830,9297,9310,-0.38610,0.06630,-0.82290,0.91139,1019.48,1000,-19.48,50.25,202,2.2517,-0.0343,LOCK,2,misalignment
855,4904891,9358,9371,-0.24180,-0.10530,-0.80340,0.84558,1019.48,1000,-19.48,50.25,202,2.2590,0.0759,LOCK,2,misalignment
856,4904899,9366,9379,-0.06240,0.06240,-0.74100,0.74624,1019.48,1000,-19.48,50.25,202,2.2663,0.1870,LOCK,2,misalignment
857,4904908,9375,9388,-0.06240,0.06240,-0.74100,0.74624,1019.48,1000,-19.48,50.25,202,2.2260,-0.4247,LOCK,2,misalignment
858,4904916,9383,9396,-0.07020,0.17160,-0.86580,0.88543,1019.48,1000,-19.48,50.25,202,2.2513,-0.0413,LOCK,2,misalignment
859,4904925,9392,9405,0.09750,0.11700,-0.81120,0.82537,1019.48,1000,-19.48,50.25,202,2.2641,0.1525,LOCK,2,misalignment
860,4904933,9400,9413,-0.00780,0.16770,-0.75660,0.77500,1019.48,1000,-19.48,50.25,202,2.2382,-0.2388,LOCK,2,misalignment
861,4904949,9416,9429,-0.33150,-0.03120,-0.78390,0.85168,1019.48,1000,-19.48,50.25,202,2.2676,0.2065,LOCK,2,misalignment
862,4904957,9424,9437,-0.10140,-0.13650,-0.77220,0.79070,1019.49,1000,-19.49,50.25,202,2.2663,0.1867,LOCK,2,misalignment
863,4904966,9433,9446,0.08190,-0.23400,-0.69030,0.73347,1019.49,1000,-19.49,50.25,202,2.2404,-0.2055,LOCK,2,misalignment
864,4904974,9441,9454,-0.03120,0.03510,-0.85020,0.85150,1019.49,1000,-19.49,50.25,202,2.2386,-0.2336,LOCK,2,misalignment
865,4904983,9450,9463,0.11700,0.01950,-0.72930,0.73888,1019.50,1000,-19.50,50.25,202,2.2526,-0.0212,LOCK,2,misalignment
866,4904994,9461,9474,-0.11310,0.16380,-0.84630,0.86939,1019.50,1000,-19.50,50.25,202,2.2516,-0.0358,LOCK,2,misalignment
867,4905002,9469,9482,-0.28860,-0.07800,-0.63960,0.70602,1019.51,1000,-19.51,50.25,202,2.2639,0.1501,LOCK,2,misalignment
868,4905011,9478,9491,-0.28860,-0.07800,-0.63960,0.70602,1019.52,1000,-19.52,50.25,202,2.2345,-0.2953,LOCK,2,misalignment
869,4905019,9486,9499,-0.08970,-0.08580,-0.85410,0.86307,1019.52,1000,-19.52,50.25,202,2.2691,0.2294,LOCK,2,misalignment
870,4905028,9495,9508,-0.01170,-0.19500,-0.74100,0.76632,1019.53,1000,-19.53,50.25,202,2.2441,-0.1497,LOCK,2,misalignment
871,4905036,9503,9516,0.12480,-0.10140,-0.85020,0.86527,1019.53,1000,-19.53,50.25,202,2.2475,-0.0987,LOCK,2,misalignment
872,4905046,9513,9526,0.05850,-0.00390,-0.66300,0.66559,1019.54,1000,-19.54,50.25,202,2.2638,0.1479,LOCK,2,misalignment
873,4905054,9521,9534,-0.16380,0.07020,-0.74100,0.76213,1019.55,1000,-19.55,50.25,202,2.2670,0.1968,LOCK,2,misalignment
874,4905063,9530,9543,-0.16380,0.07020,-0.74100,0.76213,1019.55,1000,-19.55,50.25,202,2.2459,-0.1225,LOCK,2,misalignment
875,4905071,9538,9551,-0.33930,-0.08970,-0.81120,0.88386,1019.56,1000,-19.56,50.25,202,2.2496,-0.0667,LOCK,2,misalignment
876,4905080,9547,9560,0.07020,0.03510,-0.80340,0.80722,1019.56,1000,-19.56,50.25,202,2.2477,-0.0947,LOCK,2,misalignment
877,4905088,9555,9568,-0.05850,-0.20670,-0.83070,0.85803,1019.57,1000,-19.57,50.25,202,2.2541,0.0017,LOCK,2,misalignment
878,4905102,9569,9582,0.14430,0.20670,-0.73710,0.77901,1019.58,1000,-19.58,50.25,202,2.2416,-0.1875,LOCK,2,misalignment
879,4905111,9578,9591,-0.07410,0.12480,-0.85800,0.87019,1019.59,1000,-19.59,50.25,202,2.2417,-0.1857,LOCK,2,misalignment
880,4905119,9586,9599,-0.25740,0.20280,-0.77610,0.84245,1019.60,1000,-19.60,50.25,202,2.2555,0.0234,LOCK,2,misalignment
881,4905128,9595,9608,-0.25350,-0.01170,-0.84630,0.88353,1019.61,1000,-19.61,50.25,202,2.2512,-0.0425,LOCK,2,misalignment
882,4905157,9624,9637,0.02730,0.14040,-0.80340,0.81603,1019.62,1000,-19.62,50.25,202,2.2673,0.2017,LOCK,2,misalignment
883,4905166,9633,9646,-0.05070,0.20280,-0.75270,0.78119,1019.62,1000,-19.62,50.25,202,2.2485,-0.0831,LOCK,2,misalignment
884,4905174,9641,9654,-0.05070,0.20280,-0.75270,0.78119,1019.63,1000,-19.63,50.25,202,2.2429,-0.1686,LOCK,2,misalignment
885,4905183,9650,9663,-0.32370,-0.04290,-0.77220,0.83840,1019.63,1000,-19.63,50.25,202,2.2460,-0.1210,LOCK,2,misalignment
886,4905191,9658,9671,-0.10140,0.01560,-0.77220,0.77899,1019.63,1000,-19.63,50.25,202,2.2417,-0.1866,LOCK,2,misalignment
887,4905205,9672,9685,-0.01560,-0.16770,-0.78780,0.80560,1019.63,1000,-19.63,50.25,202,2.2588,0.0731,LOCK,2,misalignment
888,4905213,9680,9693,-0.01560,0.13260,-0.85800,0.86833,1019.64,1000,-19.64,50.25,202,2.2613,0.1113,LOCK,2,misalignment
889,4905222,9689,9702,0.11700,-0.04680,-0.68250,0.69404,1019.64,1000,-19.64,50.25,202,2.2507,-0.0496,LOCK,2,misalignment
890,4905230,9697,9710,-0.19110,0.01560,-0.80340,0.82596,1019.65,1000,-19.65,50.25,202,2.2463,-0.1164,LOCK,2,misalignment
891,4905239,9706,9719,-0.27300,-0.10920,-0.68640,0.74673,1019.66,1000,-19.66,50.25,202,2.2424,-0.1753,LOCK,2,misalignment
892,4905247,9714,9727,-0.27300,-0.10920,-0.68640,0.74673,1019.66,1000,-19.66,50.25,202,2.2572,0.0487,LOCK,2,misalignment
893,4905256,9723,9736,-0.11310,-0.02340,-0.93210,0.93923,1019.67,1000,-19.67,50.25,202,2.2603,0.0957,LOCK,2,misalignment
894,4905264,9731,9744,0.05070,-0.03120,-0.75660,0.75894,1019.67,1000,-19.67,50.25,202,2.2697,0.2380,LOCK,2,misalignment
895,4905273,9740,9753,0.18720,0.00390,-0.86970,0.88963,1019.67,1000,-19.67,50.25,202,2.2354,-0.2819,LOCK,2,misalignment
896,4905291,9758,9771,-0.31200,0.08580,-0.79170,0.85527,1019.68,1000,-19.68,50.25,202,2.2663,0.1861,LOCK,2,misalignment
897,4905300,9767,9780,-0.34320,0.01170,-0.79560,0.86655,1019.69,1000,-19.69,50.25,202,2.2657,0.1772,LOCK,2,misalignment
898,4905308,9775,9788,-0.34320,0.01170,-0.79560,0.86655,1019.70,1000,-19.70,50.25,202,2.2531,-0.0129,LOCK,2,misalignment
899,4905317,9784,9797,0.08580,0.05850,-0.85020,0.85652,1019.71,1000,-19.71,50.25,202,2.2701,0.2441,LOCK,2,misalignment
900,4905325,9792,9805,-0.18330,0.01560,-0.83460,0.85463,1019.71,1000,-19.71,50.25,202,2.2474,-0.1002,LOCK,2,misalignment
901,4905334,9801,9814,0.18330,0.12480,-0.75660,0.78843,1019.72,1000,-19.72,50.25,202,2.2513,-0.0410,LOCK,2,misalignment
902,4905342,9809,9822,-0.02730,0.13260,-0.82680,0.83781,1019.74,1000,-19.74,50.25,202,2.2621,0.1226,LOCK,2,misalignment
903,4905351,9818,9831,-0.20670,0.11310,-0.73320,0.77013,1019.75,1000,-19.75,50.25,202,2.2701,0.2441,LOCK,2,misalignment
904,4905365,9832,9845,-0.22620,-0.27690,-0.83460,0.90796,1019.76,1000,-19.76,50.25,202,2.2651,0.1675,LOCK,2,misalignment
905,4905373,9840,9853,0.03120,-0.12870,-0.67860,0.69140,1019.78,1000,-19.78,50.25,202,2.2482,-0.0874,LOCK,2,misalignment
906,4905381,9848,9861,0.07410,0.04290,-0.90870,0.91272,1019.79,1000,-19.79,50.25,202,2.2375,-0.2504,LOCK,2,misalignment
907,4905390,9857,9870,0.07410,0.04290,-0.90870,0.91272,1019.80,1000,-19.80,50.25,202,2.2411,-0.1949,LOCK,2,misalignment
908,4905398,9865,9878,0.01170,0.11700,-0.75660,0.76568,1019.81,1000,-19.81,50.25,202,2.2603,0.0951,LOCK,2,misalignment
909,4905412,9879,9892,-0.07020,0.10920,-0.73710,0.74844,1019.83,1000,-19.83,50.25,202,2.2721,0.2737,LOCK,2,misalignment
910,4905420,9887,9900,-0.34320,-0.03900,-0.75270,0.82817,1019.84,1000,-19.84,50.25,202,2.2479,-0.0929,LOCK,2,misalignment
911,4905428,9895,9908,0.01950,0.05070,-0.86580,0.86750,1019.86,1000,-19.86,50.25,202,2.2624,0.1278,LOCK,2,misalignment
912,4905437,9904,9917,0.00780,-0.23790,-0.77220,0.80805,1019.87,1000,-19.87,50.25,202,2.2549,0.0130,LOCK,2,misalignment
913,4905445,9912,9925,0.01170,-0.06240,-0.80730,0.80979,1019.88,1000,-19.88,50.25,202,2.2501,-0.0587,LOCK,2,misalignment
914,4905512,9979,9992,0.08970,0.22230,-0.83070,0.86460,1019.90,1000,-19.90,50.25,202,2.2489,-0.0773,LOCK,2,misalignment
