sample_index,time_ms_raw,time_ms_zero,elapsed_ms,ax_g,ay_g,az_g,total_g,rpm,target_rpm,rpm_error,pwm_eq,duty_10bit,acs_v,current_a,control_mode,state,fault_type
0,7133727,0,13,-0.03900,0.18330,-0.69810,0.72282,1018.76,1000,-18.76,50.50,203,2.2882,0.5188,LOCK,2,misalignment
1,7133736,9,22,-0.03900,0.18330,-0.69810,0.72282,1018.77,1000,-18.77,50.50,203,2.2862,0.4883,LOCK,2,misalignment
2,7133745,18,31,0.15210,-0.03900,-0.79170,0.80712,1018.78,1000,-18.78,50.50,203,2.2943,0.6104,LOCK,2,misalignment
3,7133755,28,41,-0.02340,0.11700,-0.82680,0.83537,1018.82,1000,-18.82,50.50,203,2.2909,0.5591,LOCK,2,misalignment
4,7133768,41,54,-0.00390,0.00390,-0.79560,0.79562,1018.82,1000,-18.82,50.50,203,2.2871,0.5008,LOCK,2,misalignment
5,7133776,49,62,-0.00390,0.00390,-0.79560,0.79562,1018.82,1000,-18.82,50.50,203,2.2824,0.4300,LOCK,2,misalignment
6,7133785,58,71,0.08580,-0.14040,-0.82680,0.84301,1018.82,1000,-18.82,50.50,203,2.2731,0.2893,LOCK,2,misalignment
7,7133795,68,81,0.03120,0.09360,-0.82290,0.82879,1018.74,1000,-18.74,50.50,203,2.2705,0.2499,LOCK,2,misalignment
8,7133805,78,91,-0.12090,0.03510,-0.87360,0.88262,1018.71,1000,-18.71,50.50,203,2.2715,0.2652,LOCK,2,misalignment
9,7133815,88,101,-0.09750,-0.05070,-0.79170,0.79929,1018.71,1000,-18.71,50.50,203,2.2730,0.2884,LOCK,2,misalignment
10,7133825,98,111,-0.02340,0.17160,-0.81510,0.83330,1018.70,1000,-18.70,50.50,203,2.2953,0.6250,LOCK,2,misalignment
11,7133835,108,121,0.00390,0.03900,-0.81120,0.81215,1018.70,1000,-18.70,50.50,203,2.2823,0.4282,LOCK,2,misalignment
12,7133845,118,131,-0.08190,0.19110,-0.74100,0.76962,1018.70,1000,-18.70,50.50,203,2.2864,0.4916,LOCK,2,misalignment
13,7133855,128,141,-0.05070,-0.04290,-0.76830,0.77117,1018.73,1000,-18.73,50.50,203,2.2875,0.5069,LOCK,2,misalignment
14,7133865,138,151,0.01950,0.12090,-0.77610,0.78570,1018.74,1000,-18.74,50.50,203,2.2899,0.5445,LOCK,2,misalignment
15,7133875,148,161,-0.02730,-0.10140,-0.85800,0.86440,1018.74,1000,-18.74,50.50,203,2.2813,0.4129,LOCK,2,misalignment
16,7133885,158,171,-0.01950,0.10530,-0.74490,0.75256,1018.74,1000,-18.74,50.50,203,2.3062,0.7911,LOCK,2,misalignment
17,7133895,168,181,0.07410,0.01560,-0.73320,0.73710,1018.74,1000,-18.74,50.50,203,2.2756,0.3268,LOCK,2,misalignment
18,7133905,178,191,-0.05460,0.33540,-0.80730,0.87590,1018.74,1000,-18.74,50.50,203,2.2750,0.3180,LOCK,2,misalignment
19,7133915,188,201,-0.00390,0.04290,-0.74100,0.74225,1018.80,1000,-18.80,50.50,203,2.2726,0.2822,LOCK,2,misalignment
20,7133925,198,211,0.07800,0.00780,-0.83460,0.83827,1018.81,1000,-18.81,50.50,203,2.3003,0.7010,LOCK,2,misalignment
21,7133935,208,221,-0.01560,-0.07800,-0.80730,0.81121,1018.82,1000,-18.82,50.50,203,2.2897,0.5414,LOCK,2,misalignment
22,7133945,218,231,0.00780,-0.03510,-0.87360,0.87434,1018.82,1000,-18.82,50.50,203,2.2953,0.6253,LOCK,2,misalignment
23,7133955,228,241,0.05850,-0.12090,-0.75660,0.76843,1018.82,1000,-18.82,50.50,203,2.2945,0.6141,LOCK,2,misalignment
24,7133968,241,254,-0.02340,0.17940,-0.75660,0.77793,1018.82,1000,-18.82,50.50,203,2.2944,0.6116,LOCK,2,misalignment
25,7133977,250,263,0.15210,-0.03120,-0.75270,0.76855,1018.82,1000,-18.82,50.50,203,2.2896,0.5399,LOCK,2,misalignment
26,7133985,258,271,0.03510,0.06240,-0.88920,0.89208,1018.82,1000,-18.82,50.50,203,2.2808,0.4062,LOCK,2,misalignment
27,7133995,268,281,-0.12870,0.01170,-0.74490,0.75603,1018.83,1000,-18.83,50.50,203,2.2735,0.2948,LOCK,2,misalignment
28,7134005,278,291,0.08580,0.07020,-0.81510,0.82260,1018.84,1000,-18.84,50.50,203,2.2587,0.0707,LOCK,2,misalignment
29,7134015,288,301,0.08190,-0.08580,-0.83850,0.84685,1018.84,1000,-18.84,50.50,203,2.2748,0.3158,LOCK,2,misalignment
30,7134025,298,311,0.04680,0.14820,-0.76050,0.77622,1018.83,1000,-18.83,50.50,203,2.2919,0.5741,LOCK,2,misalignment
31,7134035,308,321,-0.12870,0.01950,-0.81120,0.82158,1018.83,1000,-18.83,50.50,203,2.2961,0.6379,LOCK,2,misalignment
32,7134045,318,331,-0.01950,-0.01560,-0.78390,0.78430,1018.83,1000,-18.83,50.50,203,2.2961,0.6372,LOCK,2,misalignment
33,7134055,328,341,-0.08970,0.17160,-0.83460,0.85677,1018.83,1000,-18.83,50.50,203,2.2886,0.5240,LOCK,2,misalignment
34,7134065,338,351,0.03120,0.12480,-0.76830,0.77900,1018.83,1000,-18.83,50.50,203,2.2842,0.4575,LOCK,2,misalignment
35,7134075,348,361,-0.04290,0.21840,-0.74100,0.77371,1018.83,1000,-18.83,50.50,203,2.2846,0.4633,LOCK,2,misalignment
36,7134085,358,371,-0.04290,0.21840,-0.74100,0.77371,1018.82,1000,-18.82,50.50,203,2.2895,0.5371,LOCK,2,misalignment
37,7134095,368,381,-0.07020,0.08190,-0.79560,0.80288,1018.81,1000,-18.81,50.50,203,2.2683,0.2166,LOCK,2,misalignment
38,7134105,378,391,-0.12090,0.11310,-0.77220,0.78975,1018.81,1000,-18.81,50.50,203,2.2623,0.1250,LOCK,2,misalignment
39,7134115,388,401,-0.03900,-0.14430,-0.83850,0.85172,1018.81,1000,-18.81,50.50,203,2.2609,0.1040,LOCK,2,misalignment
40,7134125,398,411,-0.01560,0.01950,-0.78390,0.78430,1018.81,1000,-18.81,50.50,203,2.2881,0.5173,LOCK,2,misalignment
41,7134135,408,421,0.00390,-0.10140,-0.79170,0.79818,1018.81,1000,-18.81,50.50,203,2.2861,0.4865,LOCK,2,misalignment
42,7134145,418,431,0.01560,0.33150,-0.75270,0.82261,1018.75,1000,-18.75,50.50,203,2.2832,0.4431,LOCK,2,misalignment
43,7134155,428,441,-0.07410,0.00000,-0.79950,0.80293,1018.74,1000,-18.74,50.50,203,2.2937,0.6018,LOCK,2,misalignment
44,7134168,441,454,0.05850,0.03120,-0.83460,0.83723,1018.74,1000,-18.74,50.50,203,2.2957,0.6311,LOCK,2,misalignment
45,7134177,450,463,0.05850,0.03120,-0.83460,0.83723,1018.73,1000,-18.73,50.50,203,2.2895,0.5380,LOCK,2,misalignment
46,7134185,458,471,0.04680,-0.03900,-0.84630,0.84849,1018.73,1000,-18.73,50.50,203,2.2895,0.5380,LOCK,2,misalignment
47,7134195,468,481,0.04680,-0.17940,-0.78000,0.80173,1018.73,1000,-18.73,50.50,203,2.2941,0.6073,LOCK,2,misalignment
48,7134205,478,491,-0.00390,0.07800,-0.80730,0.81107,1018.74,1000,-18.74,50.50,203,2.2681,0.2130,LOCK,2,misalignment
49,7134215,488,501,0.12870,0.04680,-0.74490,0.75738,1018.74,1000,-18.74,50.50,203,2.2660,0.1821,LOCK,2,misalignment
50,7134225,498,511,0.07020,0.15600,-0.81510,0.83286,1018.74,1000,-18.74,50.50,203,2.2687,0.2230,LOCK,2,misalignment
51,7134235,508,521,-0.13260,0.07800,-0.78390,0.79885,1018.74,1000,-18.74,50.50,203,2.2886,0.5249,LOCK,2,misalignment
52,7134245,518,531,0.11310,0.12090,-0.84240,0.85851,1018.74,1000,-18.74,50.50,203,2.2904,0.5509,LOCK,2,misalignment
53,7134255,528,541,0.09360,-0.01560,-0.85800,0.86323,1018.74,1000,-18.74,50.50,203,2.2919,0.5738,LOCK,2,misalignment
54,7134265,538,551,0.09750,0.23010,-0.67470,0.71949,1018.67,1000,-18.67,50.50,203,2.2891,0.5319,LOCK,2,misalignment
55,7134275,548,561,-0.03510,0.01170,-0.88920,0.88997,1018.65,1000,-18.65,50.50,203,2.2850,0.4697,LOCK,2,misalignment
56,7134285,558,571,-0.02340,-0.06240,-0.82290,0.82559,1018.64,1000,-18.64,50.50,203,2.2908,0.5582,LOCK,2,misalignment
57,7134295,568,581,-0.12480,0.06240,-0.81120,0.82311,1018.64,1000,-18.64,50.50,203,2.2899,0.5432,LOCK,2,misalignment
58,7134305,578,591,0.10140,0.15600,-0.71760,0.74133,1018.64,1000,-18.64,50.50,203,2.2553,0.0191,LOCK,2,misalignment
59,7134315,588,601,-0.05850,0.26130,-0.79950,0.84315,1018.64,1000,-18.64,50.50,203,2.2725,0.2810,LOCK,2,misalignment
60,7134325,598,611,-0.07410,0.06630,-0.83070,0.83663,1018.63,1000,-18.63,50.50,203,2.2741,0.3045,LOCK,2,misalignment
61,7134335,608,621,-0.18720,0.06630,-0.76440,0.78978,1018.63,1000,-18.63,50.50,203,2.2838,0.4520,LOCK,2,misalignment
62,7134345,618,631,0.00000,-0.17160,-0.86970,0.88647,1018.63,1000,-18.63,50.50,203,2.2874,0.5063,LOCK,2,misalignment
63,7134355,628,641,-0.01170,0.04680,-0.79560,0.79706,1018.63,1000,-18.63,50.50,203,2.2865,0.4926,LOCK,2,misalignment
64,7134368,641,654,-0.00780,-0.05460,-0.79950,0.80140,1018.63,1000,-18.63,50.50,203,2.2900,0.5460,LOCK,2,misalignment
65,7134377,650,663,0.01950,0.28080,-0.64350,0.70237,1018.63,1000,-18.63,50.50,203,2.2933,0.5954,LOCK,2,misalignment
66,7134385,658,671,0.01170,0.05070,-0.85410,0.85568,1018.62,1000,-18.62,50.50,203,2.2841,0.4559,LOCK,2,misalignment
67,7134395,668,681,-0.00780,0.11310,-0.79560,0.80364,1018.59,1000,-18.59,50.50,203,2.2924,0.5823,LOCK,2,misalignment
68,7134405,678,691,-0.03120,-0.01950,-0.81120,0.81203,1018.58,1000,-18.58,50.50,203,2.2721,0.2740,LOCK,2,misalignment
69,7134415,688,701,0.06630,-0.06240,-0.83070,0.83567,1018.57,1000,-18.57,50.50,203,2.2764,0.3387,LOCK,2,misalignment
70,7134425,698,711,0.00390,-0.14430,-0.80340,0.81627,1018.57,1000,-18.57,50.50,203,2.2645,0.1598,LOCK,2,misalignment
71,7134435,708,721,-0.07020,0.14430,-0.75660,0.77343,1018.57,1000,-18.57,50.50,203,2.2854,0.4752,LOCK,2,misalignment
72,7134445,718,731,0.16380,0.05460,-0.73320,0.75326,1018.57,1000,-18.57,50.50,203,2.2974,0.6577,LOCK,2,misalignment
73,7134455,728,741,0.08190,0.08190,-0.79560,0.80399,1018.57,1000,-18.57,50.50,203,2.2900,0.5451,LOCK,2,misalignment
74,7134465,738,751,-0.13650,0.06630,-0.82290,0.83677,1018.57,1000,-18.57,50.50,203,2.2876,0.5094,LOCK,2,misalignment
75,7134475,748,761,0.10920,0.15210,-0.81510,0.83633,1018.57,1000,-18.57,50.50,203,2.2885,0.5225,LOCK,2,misalignment
76,7134485,758,771,0.10920,0.15210,-0.81510,0.83633,1018.57,1000,-18.57,50.50,203,2.2863,0.4889,LOCK,2,misalignment
77,7134495,768,781,0.06240,-0.03120,-0.80340,0.80642,1018.60,1000,-18.60,50.50,203,2.2935,0.5988,LOCK,2,misalignment
78,7134505,778,791,0.14040,0.26910,-0.69810,0.76123,1018.64,1000,-18.64,50.50,203,2.2655,0.1748,LOCK,2,misalignment
79,7134515,788,801,-0.01950,0.01560,-0.89700,0.89735,1018.65,1000,-18.65,50.50,203,2.2818,0.4205,LOCK,2,misalignment
80,7134525,798,811,-0.02730,-0.10920,-0.77220,0.78036,1018.65,1000,-18.65,50.50,203,2.2646,0.1608,LOCK,2,misalignment
81,7134535,808,821,-0.07800,0.05850,-0.79560,0.80155,1018.66,1000,-18.66,50.50,203,2.2870,0.4999,LOCK,2,misalignment
82,7134545,818,831,0.13260,0.15990,-0.75270,0.78084,1018.66,1000,-18.66,50.50,203,2.2862,0.4874,LOCK,2,misalignment
83,7134555,828,841,-0.02340,0.18330,-0.81900,0.83959,1018.64,1000,-18.64,50.50,203,2.2866,0.4938,LOCK,2,misalignment
84,7134568,841,854,-0.11700,0.05460,-0.80340,0.81371,1018.64,1000,-18.64,50.50,203,2.2906,0.5539,LOCK,2,misalignment
85,7134577,850,863,-0.11700,0.05460,-0.80340,0.81371,1018.64,1000,-18.64,50.50,203,2.2931,0.5924,LOCK,2,misalignment
86,7134585,858,871,-0.01560,-0.08970,-0.86970,0.87445,1018.64,1000,-18.64,50.50,203,2.2916,0.5704,LOCK,2,misalignment
87,7134595,868,881,-0.01170,0.05070,-0.78780,0.78952,1018.63,1000,-18.63,50.50,203,2.2849,0.4681,LOCK,2,misalignment
88,7134605,878,891,0.08190,-0.13260,-0.75660,0.77249,1018.63,1000,-18.63,50.50,203,2.2918,0.5732,LOCK,2,misalignment
89,7134615,888,901,-0.01950,0.18330,-0.67080,0.69567,1018.58,1000,-18.58,50.50,203,2.2615,0.1131,LOCK,2,misalignment
90,7134625,898,911,0.00390,0.05460,-0.91650,0.91813,1018.56,1000,-18.56,50.50,203,2.2554,0.0206,LOCK,2,misalignment
91,7134635,908,921,-0.08970,0.13650,-0.78390,0.80074,1018.56,1000,-18.56,50.50,203,2.2839,0.4526,LOCK,2,misalignment
92,7134645,918,931,-0.01560,0.04680,-0.79560,0.79713,1018.56,1000,-18.56,50.50,203,2.2850,0.4694,LOCK,2,misalignment
93,7134655,928,941,0.08580,-0.08190,-0.80730,0.81597,1018.56,1000,-18.56,50.50,203,2.2815,0.4166,LOCK,2,misalignment
94,7134665,938,951,0.01950,-0.19110,-0.81120,0.83363,1018.56,1000,-18.56,50.50,203,2.2900,0.5457,LOCK,2,misalignment
95,7134675,948,961,-0.13260,0.09750,-0.78390,0.80099,1018.58,1000,-18.58,50.50,203,2.2874,0.5054,LOCK,2,misalignment
96,7134685,958,971,0.10920,-0.00780,-0.68640,0.69508,1018.59,1000,-18.59,50.50,203,2.2895,0.5374,LOCK,2,misalignment
97,7134695,968,981,0.10140,-0.10530,-0.81510,0.82811,1018.60,1000,-18.60,50.50,203,2.2845,0.4620,LOCK,2,misalignment
98,7134705,978,991,-0.10530,0.11700,-0.81120,0.82633,1018.60,1000,-18.60,50.50,203,2.2880,0.5155,LOCK,2,misalignment
99,7134715,988,1001,0.04290,0.17940,-0.81900,0.83952,1018.60,1000,-18.60,50.50,203,2.2539,-0.0016,LOCK,2,misalignment
100,7134725,998,1011,-0.02340,0.10530,-0.81120,0.81834,1018.60,1000,-18.60,50.50,203,2.2660,0.1821,LOCK,2,misalignment
101,7134735,1008,1021,0.11310,0.17160,-0.67080,0.70158,1018.51,1000,-18.51,50.50,203,2.2744,0.3091,LOCK,2,misalignment
102,7134745,1018,1031,0.08970,0.02730,-0.86580,0.87086,1018.48,1000,-18.48,50.50,203,2.2894,0.5359,LOCK,2,misalignment
103,7134755,1028,1041,0.04680,-0.05460,-0.81120,0.81438,1018.47,1000,-18.47,50.50,203,2.2851,0.4712,LOCK,2,misalignment
104,7134768,1041,1054,-0.03900,0.03900,-0.79170,0.79362,1018.47,1000,-18.47,50.50,203,2.2866,0.4941,LOCK,2,misalignment
105,7134777,1050,1063,0.15990,0.19110,-0.72150,0.76331,1018.47,1000,-18.47,50.50,203,2.2971,0.6528,LOCK,2,misalignment
106,7134785,1058,1071,0.01560,0.20280,-0.83850,0.86282,1018.47,1000,-18.47,50.50,203,2.3040,0.7575,LOCK,2,misalignment
107,7134795,1068,1081,0.00780,0.03510,-0.76440,0.76525,1018.63,1000,-18.63,50.50,203,2.2823,0.4294,LOCK,2,misalignment
108,7134805,1078,1091,-0.04290,0.12870,-0.81120,0.82247,1018.69,1000,-18.69,50.50,203,2.2858,0.4816,LOCK,2,misalignment
109,7134815,1088,1101,-0.05070,-0.04680,-0.80730,0.81024,1018.72,1000,-18.72,50.50,203,2.2744,0.3094,LOCK,2,misalignment
110,7134825,1098,1111,-0.01170,0.04680,-0.84630,0.84767,1018.73,1000,-18.73,50.50,203,2.2644,0.1571,LOCK,2,misalignment
111,7134835,1108,1121,0.11310,-0.14040,-0.76440,0.78537,1018.73,1000,-18.73,50.50,203,2.2829,0.4382,LOCK,2,misalignment
112,7134845,1118,1131,-0.05460,0.05070,-0.62010,0.62456,1018.73,1000,-18.73,50.50,203,2.2855,0.4770,LOCK,2,misalignment
113,7134855,1128,1141,0.01560,-0.08190,-0.83460,0.83875,1018.78,1000,-18.78,50.50,203,2.2950,0.6214,LOCK,2,misalignment
114,7134865,1138,1151,-0.12090,0.05460,-0.76440,0.77583,1018.80,1000,-18.80,50.50,203,2.2887,0.5264,LOCK,2,misalignment
115,7134875,1148,1161,-0.04290,0.05460,-0.85410,0.85692,1018.81,1000,-18.81,50.50,203,2.2900,0.5457,LOCK,2,misalignment
116,7134885,1158,1171,-0.04290,0.05460,-0.85410,0.85692,1018.81,1000,-18.81,50.50,203,2.2990,0.6812,LOCK,2,misalignment
117,7134895,1168,1181,0.04290,-0.05460,-0.79170,0.79474,1018.81,1000,-18.81,50.50,203,2.2917,0.5707,LOCK,2,misalignment
118,7134905,1178,1191,-0.01950,-0.22230,-0.83460,0.86392,1018.81,1000,-18.81,50.50,203,2.2877,0.5109,LOCK,2,misalignment
119,7134915,1188,1201,-0.10920,0.13260,-0.78780,0.80631,1018.80,1000,-18.80,50.50,203,2.2677,0.2078,LOCK,2,misalignment
120,7134925,1198,1211,-0.03510,0.07800,-0.75660,0.76142,1018.79,1000,-18.79,50.50,203,2.2775,0.3567,LOCK,2,misalignment
121,7134935,1208,1221,-0.03900,-0.11700,-0.89700,0.90544,1018.79,1000,-18.79,50.50,203,2.2759,0.3317,LOCK,2,misalignment
122,7134945,1218,1231,-0.06240,0.08580,-0.73710,0.74470,1018.79,1000,-18.79,50.50,203,2.2736,0.2969,LOCK,2,misalignment
123,7134955,1228,1241,0.00390,0.16770,-0.78000,0.79783,1018.79,1000,-18.79,50.50,203,2.2857,0.4807,LOCK,2,misalignment
124,7134968,1241,1254,0.00000,-0.01560,-0.71760,0.71777,1018.79,1000,-18.79,50.50,203,2.2824,0.4297,LOCK,2,misalignment
125,7134976,1249,1262,0.00000,-0.01560,-0.71760,0.71777,1018.80,1000,-18.80,50.50,203,2.2811,0.4108,LOCK,2,misalignment
126,7134985,1258,1271,0.11310,0.00390,-0.83070,0.83837,1018.81,1000,-18.81,50.50,203,2.2928,0.5881,LOCK,2,misalignment
127,7134995,1268,1281,-0.01170,0.00390,-0.78390,0.78400,1018.85,1000,-18.85,50.50,203,2.2826,0.4327,LOCK,2,misalignment
128,7135005,1278,1291,-0.03120,-0.02730,-0.83070,0.83173,1018.87,1000,-18.87,50.50,203,2.2865,0.4920,LOCK,2,misalignment
129,7135015,1288,1301,0.13650,0.19110,-0.74490,0.78104,1018.87,1000,-18.87,50.50,203,2.2572,0.0484,LOCK,2,misalignment
130,7135025,1298,1311,-0.01950,0.23010,-0.77610,0.80973,1018.82,1000,-18.82,50.50,203,2.2781,0.3656,LOCK,2,misalignment
131,7135035,1308,1321,0.08970,0.00000,-0.74100,0.74641,1018.75,1000,-18.75,50.50,203,2.2644,0.1580,LOCK,2,misalignment
132,7135045,1318,1331,0.09360,0.14430,-0.85020,0.86742,1018.74,1000,-18.74,50.50,203,2.2904,0.5512,LOCK,2,misalignment
133,7135055,1328,1341,-0.08580,-0.01560,-0.79560,0.80037,1018.74,1000,-18.74,50.50,203,2.2878,0.5115,LOCK,2,misalignment
134,7135065,1338,1351,0.00780,0.00780,-0.80340,0.80348,1018.73,1000,-18.73,50.50,203,2.2884,0.5219,LOCK,2,misalignment
135,7135075,1348,1361,0.09360,-0.09750,-0.77610,0.78778,1018.73,1000,-18.73,50.50,203,2.2873,0.5042,LOCK,2,misalignment
136,7135085,1358,1371,-0.02340,0.03510,-0.71760,0.71884,1018.91,1000,-18.91,50.50,203,2.2927,0.5863,LOCK,2,misalignment
137,7135095,1368,1381,0.06630,-0.08190,-0.81900,0.82575,1018.96,1000,-18.96,50.50,203,2.2935,0.5988,LOCK,2,misalignment
138,7135105,1378,1391,-0.07410,0.07410,-0.78390,0.79087,1018.98,1000,-18.98,50.50,203,2.2846,0.4639,LOCK,2,misalignment
139,7135115,1388,1401,-0.07410,0.03900,-0.87360,0.87760,1018.98,1000,-18.98,50.50,203,2.2926,0.5844,LOCK,2,misalignment
140,7135125,1398,1411,0.06630,0.05850,-0.74100,0.74626,1018.98,1000,-18.98,50.50,203,2.2653,0.1711,LOCK,2,misalignment
141,7135135,1408,1421,0.10530,-0.11700,-0.85410,0.86848,1018.98,1000,-18.98,50.50,203,2.2801,0.3949,LOCK,2,misalignment
142,7135145,1418,1431,-0.10140,0.13650,-0.80730,0.82501,1018.86,1000,-18.86,50.50,203,2.2589,0.0744,LOCK,2,misalignment
143,7135155,1428,1441,-0.15990,0.01170,-0.76050,0.77722,1018.83,1000,-18.83,50.50,203,2.2904,0.5515,LOCK,2,misalignment
144,7135168,1441,1454,-0.09750,-0.14040,-0.83850,0.85575,1018.83,1000,-18.83,50.50,203,2.2928,0.5872,LOCK,2,misalignment
145,7135177,1450,1463,-0.06240,0.09360,-0.79170,0.79965,1018.82,1000,-18.82,50.50,203,2.2845,0.4620,LOCK,2,misalignment
146,7135185,1458,1471,-0.04680,0.10140,-0.81510,0.82272,1018.82,1000,-18.82,50.50,203,2.2855,0.4779,LOCK,2,misalignment
147,7135195,1468,1481,-0.09750,0.21450,-0.72930,0.76642,1018.82,1000,-18.82,50.50,203,2.2826,0.4330,LOCK,2,misalignment
148,7135205,1478,1491,-0.06630,-0.01170,-0.71760,0.72075,1018.98,1000,-18.98,50.50,203,2.2912,0.5640,LOCK,2,misalignment
149,7135215,1488,1501,0.08190,0.03510,-0.83850,0.84322,1019.03,1000,-19.03,50.50,203,2.2874,0.5060,LOCK,2,misalignment
150,7135225,1498,1511,-0.03900,-0.05460,-0.76050,0.76345,1019.04,1000,-19.04,50.50,203,2.2676,0.2053,LOCK,2,misalignment
151,7135235,1508,1521,-0.01560,-0.03900,-0.81510,0.81618,1019.05,1000,-19.05,50.50,203,2.2632,0.1391,LOCK,2,misalignment
152,7135245,1518,1531,0.08580,0.12090,-0.72930,0.74422,1019.05,1000,-19.05,50.50,203,2.2666,0.1916,LOCK,2,misalignment
153,7135255,1528,1541,-0.02340,0.19890,-0.79170,0.81664,1019.05,1000,-19.05,50.50,203,2.2896,0.5390,LOCK,2,misalignment
154,7135265,1538,1551,0.09360,0.00000,-0.69420,0.70048,1019.03,1000,-19.03,50.50,203,2.2833,0.4446,LOCK,2,misalignment
155,7135275,1548,1561,0.13260,0.14820,-0.82680,0.85038,1019.03,1000,-19.03,50.50,203,2.2890,0.5298,LOCK,2,misalignment
156,7135285,1558,1571,0.13260,0.14820,-0.82680,0.85038,1019.03,1000,-19.03,50.50,203,2.2954,0.6272,LOCK,2,misalignment
157,7135295,1568,1581,-0.05070,-0.01950,-0.82290,0.82469,1019.03,1000,-19.03,50.50,203,2.2871,0.5017,LOCK,2,misalignment
158,7135305,1578,1591,0.00390,0.05070,-0.82680,0.82836,1019.03,1000,-19.03,50.50,203,2.2852,0.4724,LOCK,2,misalignment
159,7135315,1588,1601,0.10530,-0.17160,-0.77220,0.79801,1019.03,1000,-19.03,50.50,203,2.2918,0.5728,LOCK,2,misalignment
160,7135325,1598,1611,-0.03510,0.10920,-0.69420,0.70361,1019.06,1000,-19.06,50.50,203,2.2560,0.0310,LOCK,2,misalignment
161,7135335,1608,1621,0.10140,-0.01950,-0.88920,0.89518,1019.07,1000,-19.07,50.50,203,2.2510,-0.0456,LOCK,2,misalignment
162,7135345,1618,1631,-0.01170,0.02340,-0.72540,0.72587,1019.07,1000,-19.07,50.50,203,2.2592,0.0786,LOCK,2,misalignment
163,7135355,1628,1641,-0.08190,-0.07800,-0.80340,0.81132,1019.07,1000,-19.07,50.50,203,2.2915,0.5677,LOCK,2,misalignment
164,7135368,1641,1654,0.09750,0.00780,-0.89700,0.90232,1019.07,1000,-19.07,50.50,203,2.2894,0.5368,LOCK,2,misalignment
165,7135376,1649,1662,0.09750,0.00780,-0.89700,0.90232,1019.07,1000,-19.07,50.50,203,2.2828,0.4364,LOCK,2,misalignment
166,7135385,1658,1671,-0.04290,0.08190,-0.72150,0.72740,1019.07,1000,-19.07,50.50,203,2.2941,0.6073,LOCK,2,misalignment
167,7135395,1668,1681,-0.07800,0.09360,-0.83460,0.84345,1019.09,1000,-19.09,50.50,203,2.2878,0.5118,LOCK,2,misalignment
168,7135405,1678,1691,-0.08970,-0.08580,-0.86970,0.87851,1019.10,1000,-19.10,50.50,203,2.2858,0.4822,LOCK,2,misalignment
169,7135415,1688,1701,-0.07410,0.07800,-0.77220,0.77966,1019.10,1000,-19.10,50.50,203,2.2874,0.5054,LOCK,2,misalignment
170,7135425,1698,1711,0.01560,0.09360,-0.76050,0.76640,1019.10,1000,-19.10,50.50,203,2.2730,0.2884,LOCK,2,misalignment
171,7135435,1708,1721,-0.09360,0.21840,-0.76440,0.80048,1019.10,1000,-19.10,50.50,203,2.2693,0.2313,LOCK,2,misalignment
172,7135445,1718,1731,-0.07410,0.06630,-0.76440,0.77084,1019.22,1000,-19.22,50.50,203,2.2708,0.2539,LOCK,2,misalignment
173,7135455,1728,1741,-0.00390,0.09360,-0.78780,0.79335,1019.26,1000,-19.26,50.50,203,2.2807,0.4050,LOCK,2,misalignment
174,7135465,1738,1751,-0.03900,-0.06630,-0.83850,0.84202,1019.27,1000,-19.27,50.50,203,2.2893,0.5350,LOCK,2,misalignment
175,7135475,1748,1761,-0.02730,0.12090,-0.83070,0.83990,1019.27,1000,-19.27,50.50,203,2.2899,0.5442,LOCK,2,misalignment
176,7135485,1758,1771,0.01170,-0.06240,-0.72930,0.73206,1019.27,1000,-19.27,50.50,203,2.2953,0.6263,LOCK,2,misalignment
177,7135495,1768,1781,-0.08970,0.25740,-0.79170,0.83731,1019.27,1000,-19.27,50.50,203,2.2873,0.5042,LOCK,2,misalignment
178,7135505,1778,1791,0.10140,0.05850,-0.79170,0.80031,1019.19,1000,-19.19,50.50,203,2.2856,0.4794,LOCK,2,misalignment
179,7135515,1788,1801,0.14040,0.08190,-0.78390,0.80057,1019.16,1000,-19.16,50.50,203,2.2908,0.5576,LOCK,2,misalignment
180,7135525,1798,1811,-0.07020,-0.09750,-0.78780,0.79691,1019.16,1000,-19.16,50.50,203,2.2905,0.5530,LOCK,2,misalignment
181,7135535,1808,1821,0.06240,0.01170,-0.89700,0.89924,1019.15,1000,-19.15,50.50,203,2.2558,0.0271,LOCK,2,misalignment
182,7135545,1818,1831,0.00390,-0.14430,-0.76050,0.77408,1019.15,1000,-19.15,50.50,203,2.2768,0.3454,LOCK,2,misalignment
183,7135555,1828,1841,0.01950,0.18330,-0.72930,0.75224,1019.05,1000,-19.05,50.50,203,2.2830,0.4398,LOCK,2,misalignment
184,7135568,1841,1854,0.17160,0.01560,-0.85410,0.87131,1019.05,1000,-19.05,50.50,203,2.2927,0.5866,LOCK,2,misalignment
185,7135576,1849,1862,0.08190,0.15210,-0.75660,0.77607,1019.04,1000,-19.04,50.50,203,2.2889,0.5292,LOCK,2,misalignment
186,7135585,1858,1871,-0.06630,-0.07020,-0.84630,0.85179,1019.03,1000,-19.03,50.50,203,2.2912,0.5637,LOCK,2,misalignment
187,7135595,1868,1881,0.06630,0.06630,-0.81510,0.82048,1018.99,1000,-18.99,50.50,203,2.2879,0.5136,LOCK,2,misalignment
188,7135605,1878,1891,0.14040,0.14430,-0.85020,0.87371,1018.97,1000,-18.97,50.50,203,2.2926,0.5848,LOCK,2,misalignment
189,7135615,1888,1901,0.01170,0.05460,-0.74100,0.74310,1019.15,1000,-19.15,50.50,203,2.2857,0.4797,LOCK,2,misalignment
190,7135625,1898,1911,-0.04680,0.04290,-0.85410,0.85646,1019.20,1000,-19.20,50.50,203,2.2908,0.5570,LOCK,2,misalignment
191,7135635,1908,1921,-0.09750,-0.09750,-0.84630,0.85746,1019.22,1000,-19.22,50.50,203,2.2665,0.1891,LOCK,2,misalignment
192,7135645,1918,1931,-0.11310,0.10920,-0.79170,0.80716,1019.22,1000,-19.22,50.50,203,2.2893,0.5353,LOCK,2,misalignment
193,7135655,1928,1941,0.01950,0.08190,-0.76440,0.76902,1019.22,1000,-19.22,50.50,203,2.2678,0.2090,LOCK,2,misalignment
194,7135665,1938,1951,-0.01950,0.21840,-0.77610,0.80648,1019.22,1000,-19.22,50.50,203,2.2885,0.5228,LOCK,2,misalignment
195,7135675,1948,1961,-0.11310,0.10920,-0.84630,0.86078,1019.23,1000,-19.23,50.50,203,2.2825,0.4324,LOCK,2,misalignment
196,7135685,1958,1971,-0.11310,0.10920,-0.84630,0.86078,1019.24,1000,-19.24,50.50,203,2.2821,0.4251,LOCK,2,misalignment
197,7135695,1968,1981,-0.14040,0.12090,-0.76440,0.78653,1019.24,1000,-19.24,50.50,203,2.2853,0.4746,LOCK,2,misalignment
198,7135705,1978,1991,-0.01560,-0.06630,-0.88140,0.88403,1019.24,1000,-19.24,50.50,203,2.2868,0.4971,LOCK,2,misalignment
199,7135715,1988,2001,-0.02340,0.12090,-0.79950,0.80893,1019.24,1000,-19.24,50.50,203,2.2846,0.4633,LOCK,2,misalignment
200,7135725,1998,2011,-0.00390,-0.07410,-0.72930,0.73307,1019.24,1000,-19.24,50.50,203,2.2935,0.5979,LOCK,2,misalignment
201,7135735,2008,2021,-0.07800,0.28860,-0.78780,0.84262,1019.39,1000,-19.39,50.50,203,2.2708,0.2551,LOCK,2,misalignment
202,7135745,2018,2031,0.07020,0.05460,-0.76830,0.77343,1019.45,1000,-19.45,50.50,203,2.2716,0.2667,LOCK,2,misalignment
203,7135755,2028,2041,0.03900,0.05850,-0.80340,0.80647,1019.46,1000,-19.46,50.50,203,2.2787,0.3738,LOCK,2,misalignment
204,7135768,2041,2054,0.04680,-0.05850,-0.89310,0.89624,1019.46,1000,-19.46,50.50,203,2.2900,0.5460,LOCK,2,misalignment
205,7135776,2049,2062,0.04680,-0.05850,-0.89310,0.89624,1019.46,1000,-19.46,50.50,203,2.2828,0.4367,LOCK,2,misalignment
206,7135785,2058,2071,-0.01170,-0.09360,-0.76830,0.77407,1019.46,1000,-19.46,50.50,203,2.2940,0.6067,LOCK,2,misalignment
207,7135795,2068,2081,-0.04680,0.18330,-0.70200,0.72704,1019.35,1000,-19.35,50.50,203,2.2867,0.4956,LOCK,2,misalignment
208,7135805,2078,2091,0.14430,0.03120,-0.82680,0.83988,1019.30,1000,-19.30,50.50,203,2.2932,0.5939,LOCK,2,misalignment
209,7135815,2088,2101,0.12090,0.01950,-0.75660,0.76645,1019.28,1000,-19.28,50.50,203,2.2844,0.4602,LOCK,2,misalignment
210,7135825,2098,2111,-0.09750,0.04680,-0.86580,0.87253,1019.28,1000,-19.28,50.50,203,2.2948,0.6177,LOCK,2,misalignment
211,7135835,2108,2121,0.10530,0.16770,-0.81120,0.83502,1019.28,1000,-19.28,50.50,203,2.2692,0.2304,LOCK,2,misalignment
212,7135845,2118,2131,0.06240,0.11700,-0.79170,0.80273,1019.28,1000,-19.28,50.50,203,2.2716,0.2670,LOCK,2,misalignment
213,7135855,2128,2141,0.07800,0.10140,-0.79560,0.80582,1019.42,1000,-19.42,50.50,203,2.2743,0.3073,LOCK,2,misalignment
214,7135865,2138,2151,-0.02730,0.03900,-0.83850,0.83985,1019.46,1000,-19.46,50.50,203,2.2820,0.4239,LOCK,2,misalignment
215,7135875,2148,2161,-0.00780,-0.05460,-0.78780,0.78973,1019.47,1000,-19.47,50.50,203,2.2836,0.4480,LOCK,2,misalignment
216,7135885,2158,2171,-0.03900,0.24960,-0.84240,0.87947,1019.47,1000,-19.47,50.50,203,2.2925,0.5829,LOCK,2,misalignment
217,7135895,2168,2181,0.04290,0.14430,-0.76050,0.77526,1019.47,1000,-19.47,50.50,203,2.2915,0.5686,LOCK,2,misalignment
218,7135905,2178,2191,0.00390,0.20280,-0.74880,0.77579,1019.47,1000,-19.47,50.50,203,2.2899,0.5442,LOCK,2,misalignment
219,7135915,2188,2201,-0.04680,0.10530,-0.83070,0.83865,1019.31,1000,-19.31,50.50,203,2.2838,0.4511,LOCK,2,misalignment
220,7135925,2198,2211,-0.16380,0.06630,-0.78780,0.80738,1019.26,1000,-19.26,50.50,203,2.2892,0.5335,LOCK,2,misalignment
221,7135935,2208,2221,-0.02730,-0.08190,-0.79950,0.80415,1019.25,1000,-19.25,50.50,203,2.2923,0.5805,LOCK,2,misalignment
222,7135945,2218,2231,-0.02340,0.09360,-0.74490,0.75112,1019.24,1000,-19.24,50.50,203,2.2691,0.2285,LOCK,2,misalignment
223,7135955,2228,2241,0.07020,-0.07800,-0.81900,0.82570,1019.24,1000,-19.24,50.50,203,2.2640,0.1519,LOCK,2,misalignment
224,7135968,2241,2254,-0.05070,0.25350,-0.72540,0.77009,1019.24,1000,-19.24,50.50,203,2.2845,0.4620,LOCK,2,misalignment
225,7135976,2249,2262,-0.00780,0.00390,-0.78390,0.78395,1019.24,1000,-19.24,50.50,203,2.2927,0.5860,LOCK,2,misalignment
226,7136003,2276,2289,0.04680,-0.07410,-0.83460,0.83919,1019.24,1000,-19.24,50.50,203,2.2861,0.4871,LOCK,2,misalignment
227,7136012,2285,2298,0.04680,-0.07410,-0.83460,0.83919,1019.24,1000,-19.24,50.50,203,2.2900,0.5448,LOCK,2,misalignment
228,7136020,2293,2306,-0.00780,-0.05460,-0.85020,0.85199,1019.24,1000,-19.24,50.50,203,2.2863,0.4889,LOCK,2,misalignment
229,7136029,2302,2315,-0.14040,0.12870,-0.67860,0.70482,1019.23,1000,-19.23,50.50,203,2.2881,0.5164,LOCK,2,misalignment
230,7136037,2310,2323,0.11310,-0.03510,-0.82290,0.83138,1019.23,1000,-19.23,50.50,203,2.2673,0.2020,LOCK,2,misalignment
231,7136046,2319,2332,0.07020,0.01950,-0.85410,0.85720,1019.23,1000,-19.23,50.50,203,2.2644,0.1583,LOCK,2,misalignment
232,7136054,2327,2340,-0.09750,0.02730,-0.79950,0.80589,1019.22,1000,-19.22,50.50,203,2.2719,0.2713,LOCK,2,misalignment
233,7136063,2336,2349,-0.09750,0.02730,-0.79950,0.80589,1019.22,1000,-19.22,50.50,203,2.2784,0.3692,LOCK,2,misalignment
234,7136073,2346,2359,0.07410,0.17940,-0.79950,0.82272,1019.22,1000,-19.22,50.50,203,2.2923,0.5796,LOCK,2,misalignment
235,7136082,2355,2368,-0.03510,0.15600,-0.80340,0.81916,1019.22,1000,-19.22,50.50,203,2.2875,0.5075,LOCK,2,misalignment
236,7136090,2363,2376,0.07410,0.03900,-0.70980,0.71472,1019.21,1000,-19.21,50.50,203,2.2863,0.4892,LOCK,2,misalignment
237,7136099,2372,2385,0.03900,0.05460,-0.83070,0.83341,1019.21,1000,-19.21,50.50,203,2.2837,0.4501,LOCK,2,misalignment
238,7136107,2380,2393,-0.06630,-0.05460,-0.81120,0.81573,1019.20,1000,-19.20,50.50,203,2.2884,0.5216,LOCK,2,misalignment
239,7136116,2389,2402,-0.04680,0.15990,-0.80340,0.82049,1019.20,1000,-19.20,50.50,203,2.2817,0.4199,LOCK,2,misalignment
240,7136125,2398,2411,-0.04680,0.15990,-0.80340,0.82049,1019.19,1000,-19.19,50.50,203,2.2949,0.6202,LOCK,2,misalignment
241,7136135,2408,2421,0.14820,0.14820,-0.73710,0.76632,1019.17,1000,-19.17,50.50,203,2.2898,0.5417,LOCK,2,misalignment
242,7136145,2418,2431,0.01560,0.25350,-0.78000,0.82031,1019.12,1000,-19.12,50.50,203,2.2630,0.1363,LOCK,2,misalignment
243,7136155,2428,2441,0.00780,0.05460,-0.74100,0.74305,1019.11,1000,-19.11,50.50,203,2.2642,0.1547,LOCK,2,misalignment
244,7136168,2441,2454,-0.02340,-0.09750,-0.92430,0.92972,1019.11,1000,-19.11,50.50,203,2.2751,0.3198,LOCK,2,misalignment
245,7136176,2449,2462,-0.02340,-0.09750,-0.92430,0.92972,1019.11,1000,-19.11,50.50,203,2.2854,0.4761,LOCK,2,misalignment
246,7136185,2458,2471,-0.01950,0.04290,-0.75660,0.75807,1019.11,1000,-19.11,50.50,203,2.2902,0.5487,LOCK,2,misalignment
247,7136195,2468,2481,0.12480,-0.08970,-0.78000,0.79500,1019.10,1000,-19.10,50.50,203,2.2920,0.5765,LOCK,2,misalignment
248,7136205,2478,2491,-0.00780,0.35100,-0.77610,0.85182,1019.11,1000,-19.11,50.50,203,2.2856,0.4788,LOCK,2,misalignment
249,7136215,2488,2501,-0.01950,0.08580,-0.76050,0.76557,1019.11,1000,-19.11,50.50,203,2.2875,0.5069,LOCK,2,misalignment
250,7136225,2498,2511,-0.07410,0.03900,-0.84630,0.85043,1019.11,1000,-19.11,50.50,203,2.2946,0.6156,LOCK,2,misalignment
251,7136235,2508,2521,0.02340,-0.02340,-0.83070,0.83136,1019.11,1000,-19.11,50.50,203,2.2895,0.5377,LOCK,2,misalignment
252,7136245,2518,2531,0.06630,-0.03510,-0.79560,0.79913,1019.11,1000,-19.11,50.50,203,2.2593,0.0805,LOCK,2,misalignment
253,7136255,2528,2541,0.02730,-0.12870,-0.80730,0.81795,1019.11,1000,-19.11,50.50,203,2.2769,0.3470,LOCK,2,misalignment
254,7136265,2538,2551,-0.09360,0.12870,-0.78780,0.80371,1019.21,1000,-19.21,50.50,203,2.2764,0.3393,LOCK,2,misalignment
255,7136275,2548,2561,0.04680,-0.03900,-0.74490,0.74739,1019.24,1000,-19.24,50.50,203,2.2927,0.5863,LOCK,2,misalignment
256,7136285,2558,2571,0.03120,0.05070,-0.83070,0.83283,1019.24,1000,-19.24,50.50,203,2.2931,0.5924,LOCK,2,misalignment
257,7136295,2568,2581,-0.15210,0.14040,-0.79950,0.82586,1019.24,1000,-19.24,50.50,203,2.2923,0.5796,LOCK,2,misalignment
258,7136305,2578,2591,-0.01950,0.15210,-0.74100,0.75670,1019.25,1000,-19.25,50.50,203,2.2867,0.4947,LOCK,2,misalignment
259,7136315,2588,2601,0.01950,0.09750,-0.78000,0.78631,1019.25,1000,-19.25,50.50,203,2.2868,0.4971,LOCK,2,misalignment
260,7136325,2598,2611,0.10920,0.02730,-0.70590,0.71482,1019.13,1000,-19.13,50.50,203,2.2861,0.4862,LOCK,2,misalignment
261,7136335,2608,2621,0.08190,0.00390,-0.81510,0.81921,1019.09,1000,-19.09,50.50,203,2.2919,0.5747,LOCK,2,misalignment
262,7136345,2618,2631,-0.01170,0.01560,-0.77610,0.77634,1019.08,1000,-19.08,50.50,203,2.2838,0.4523,LOCK,2,misalignment
263,7136355,2628,2641,-0.06630,0.12090,-0.86970,0.88056,1019.07,1000,-19.07,50.50,203,2.2637,0.1464,LOCK,2,misalignment
264,7136368,2641,2654,0.09360,0.10530,-0.67860,0.69307,1019.07,1000,-19.07,50.50,203,2.2661,0.1833,LOCK,2,misalignment
265,7136376,2649,2662,0.02340,0.19890,-0.76830,0.79397,1019.07,1000,-19.07,50.50,203,2.2848,0.4663,LOCK,2,misalignment
266,7136385,2658,2671,-0.00780,-0.01950,-0.80340,0.80367,1019.07,1000,-19.07,50.50,203,2.2847,0.4654,LOCK,2,misalignment
267,7136395,2668,2681,0.00390,0.08970,-0.77610,0.78128,1019.05,1000,-19.05,50.50,203,2.2923,0.5802,LOCK,2,misalignment
268,7136405,2678,2691,-0.05850,-0.20280,-0.89310,0.91770,1019.04,1000,-19.04,50.50,203,2.2890,0.5304,LOCK,2,misalignment
269,7136415,2688,2701,-0.01560,-0.05070,-0.82680,0.82850,1019.04,1000,-19.04,50.50,203,2.2955,0.6281,LOCK,2,misalignment
270,7136425,2698,2711,0.12090,-0.21060,-0.76440,0.80205,1019.04,1000,-19.04,50.50,203,2.2878,0.5121,LOCK,2,misalignment
271,7136435,2708,2721,-0.05850,0.17550,-0.64740,0.67331,1019.04,1000,-19.04,50.50,203,2.2868,0.4968,LOCK,2,misalignment
272,7136445,2718,2731,0.04680,0.09750,-0.87360,0.88027,1019.01,1000,-19.01,50.50,203,2.2836,0.4492,LOCK,2,misalignment
273,7136455,2728,2741,-0.02340,0.08190,-0.76050,0.76526,1019.00,1000,-19.00,50.50,203,2.2583,0.0652,LOCK,2,misalignment
274,7136465,2738,2751,0.00390,-0.03510,-0.82290,0.82366,1019.00,1000,-19.00,50.50,203,2.2655,0.1736,LOCK,2,misalignment
275,7136475,2748,2761,0.00390,-0.03510,-0.82290,0.82366,1019.00,1000,-19.00,50.50,203,2.2601,0.0930,LOCK,2,misalignment
276,7136485,2758,2771,0.07800,-0.03120,-0.83850,0.84270,1019.00,1000,-19.00,50.50,203,2.2911,0.5622,LOCK,2,misalignment
277,7136495,2768,2781,0.03120,-0.09360,-0.81510,0.82105,1019.00,1000,-19.00,50.50,203,2.2862,0.4877,LOCK,2,misalignment
278,7136505,2778,2791,-0.09750,0.10920,-0.76050,0.77446,1018.98,1000,-18.98,50.50,203,2.2917,0.5713,LOCK,2,misalignment
279,7136515,2788,2801,-0.04290,0.04680,-0.76440,0.76703,1018.97,1000,-18.97,50.50,203,2.2911,0.5628,LOCK,2,misalignment
280,7136525,2798,2811,0.01560,0.06630,-0.82680,0.82960,1018.97,1000,-18.97,50.50,203,2.2833,0.4440,LOCK,2,misalignment
281,7136535,2808,2821,-0.13260,0.07410,-0.73320,0.74877,1018.97,1000,-18.97,50.50,203,2.2898,0.5420,LOCK,2,misalignment
282,7136545,2818,2831,-0.01170,0.11700,-0.74880,0.75798,1018.97,1000,-18.97,50.50,203,2.2920,0.5762,LOCK,2,misalignment
283,7136555,2828,2841,-0.05460,0.08970,-0.83460,0.84118,1018.97,1000,-18.97,50.50,203,2.2620,0.1205,LOCK,2,misalignment
284,7136568,2841,2854,0.10530,-0.01950,-0.82290,0.82984,1018.96,1000,-18.96,50.50,203,2.2641,0.1528,LOCK,2,misalignment
285,7136576,2849,2862,0.10530,-0.01950,-0.82290,0.82984,1018.96,1000,-18.96,50.50,203,2.2595,0.0826,LOCK,2,misalignment
286,7136585,2858,2871,0.00000,-0.06630,-0.77220,0.77504,1018.96,1000,-18.96,50.50,203,2.2947,0.6168,LOCK,2,misalignment
287,7136595,2868,2881,-0.05070,0.12090,-0.82680,0.83713,1018.95,1000,-18.95,50.50,203,2.2838,0.4520,LOCK,2,misalignment
288,7136605,2878,2891,0.03900,0.02730,-0.73710,0.73864,1018.94,1000,-18.94,50.50,203,2.2910,0.5612,LOCK,2,misalignment
289,7136615,2888,2901,-0.00390,0.21060,-0.70200,0.73292,1018.94,1000,-18.94,50.50,203,2.2948,0.6177,LOCK,2,misalignment
290,7136625,2898,2911,0.03900,-0.03120,-0.76440,0.76603,1018.94,1000,-18.94,50.50,203,2.2971,0.6537,LOCK,2,misalignment
291,7136635,2908,2921,0.03900,0.12870,-0.84630,0.85692,1018.94,1000,-18.94,50.50,203,2.2890,0.5301,LOCK,2,misalignment
292,7136645,2918,2931,-0.01170,-0.04290,-0.87360,0.87473,1018.94,1000,-18.94,50.50,203,2.2892,0.5332,LOCK,2,misalignment
293,7136655,2928,2941,0.01560,-0.00390,-0.79560,0.79576,1018.94,1000,-18.94,50.50,203,2.2708,0.2551,LOCK,2,misalignment
294,7136665,2938,2951,0.13260,-0.23400,-0.77220,0.81770,1018.94,1000,-18.94,50.50,203,2.2691,0.2291,LOCK,2,misalignment
295,7136675,2948,2961,0.05850,0.14430,-0.69030,0.70764,1018.88,1000,-18.88,50.50,203,2.2645,0.1586,LOCK,2,misalignment
296,7136685,2958,2971,0.06240,0.02340,-0.87750,0.88003,1018.87,1000,-18.87,50.50,203,2.2918,0.5735,LOCK,2,misalignment
297,7136695,2968,2981,-0.05070,0.05070,-0.71370,0.71729,1018.87,1000,-18.87,50.50,203,2.2910,0.5600,LOCK,2,misalignment
298,7136705,2978,2991,-0.03120,0.01560,-0.85020,0.85092,1018.87,1000,-18.87,50.50,203,2.2815,0.4162,LOCK,2,misalignment
299,7136715,2988,3001,0.09360,-0.05460,-0.80340,0.81067,1018.87,1000,-18.87,50.50,203,2.2897,0.5402,LOCK,2,misalignment
300,7136725,2998,3011,0.11700,-0.07410,-0.85020,0.86141,1018.87,1000,-18.87,50.50,203,2.2880,0.5155,LOCK,2,misalignment
301,7136735,3008,3021,-0.07020,0.16380,-0.73710,0.75834,1018.80,1000,-18.80,50.50,203,2.2925,0.5835,LOCK,2,misalignment
302,7136745,3018,3031,-0.12090,0.11310,-0.79170,0.80882,1018.78,1000,-18.78,50.50,203,2.2890,0.5301,LOCK,2,misalignment
303,7136755,3028,3041,-0.02340,-0.09750,-0.86580,0.87159,1018.78,1000,-18.78,50.50,203,2.2921,0.5774,LOCK,2,misalignment
304,7136768,3041,3054,-0.11310,0.13260,-0.76440,0.78402,1018.78,1000,-18.78,50.50,203,2.2642,0.1550,LOCK,2,misalignment
305,7136777,3050,3063,0.01560,0.15990,-0.78780,0.80402,1018.78,1000,-18.78,50.50,203,2.2668,0.1946,LOCK,2,misalignment
306,7136785,3058,3071,-0.07800,0.17550,-0.84240,0.86402,1018.78,1000,-18.78,50.50,203,2.2823,0.4282,LOCK,2,misalignment
307,7136795,3068,3081,-0.11700,0.04290,-0.68250,0.69378,1018.73,1000,-18.73,50.50,203,2.2838,0.4514,LOCK,2,misalignment
308,7136805,3078,3091,0.07800,-0.00390,-0.80730,0.81107,1018.71,1000,-18.71,50.50,203,2.2904,0.5518,LOCK,2,misalignment
309,7136815,3088,3101,0.01950,-0.07800,-0.81510,0.81906,1018.71,1000,-18.71,50.50,203,2.2899,0.5435,LOCK,2,misalignment
310,7136825,3098,3111,-0.00780,0.07410,-0.85020,0.85346,1018.71,1000,-18.71,50.50,203,2.2946,0.6147,LOCK,2,misalignment
311,7136835,3108,3121,0.01560,0.05460,-0.70980,0.71207,1018.70,1000,-18.70,50.50,203,2.2942,0.6098,LOCK,2,misalignment
312,7136845,3118,3131,-0.04290,0.19890,-0.74490,0.77219,1018.70,1000,-18.70,50.50,203,2.2865,0.4932,LOCK,2,misalignment
313,7136855,3128,3141,0.10530,-0.01170,-0.79560,0.80262,1018.67,1000,-18.67,50.50,203,2.2817,0.4202,LOCK,2,misalignment
314,7136865,3138,3151,0.09750,0.16380,-0.85020,0.87131,1018.67,1000,-18.67,50.50,203,2.2810,0.4089,LOCK,2,misalignment
315,7136875,3148,3161,0.09750,0.16380,-0.85020,0.87131,1018.66,1000,-18.66,50.50,203,2.2731,0.2899,LOCK,2,misalignment
316,7136885,3158,3171,-0.09750,-0.01560,-0.76830,0.77462,1018.66,1000,-18.66,50.50,203,2.2676,0.2059,LOCK,2,misalignment
317,7136895,3168,3181,0.01560,0.03510,-0.84630,0.84717,1018.66,1000,-18.66,50.50,203,2.2936,0.5994,LOCK,2,misalignment
318,7136905,3178,3191,0.05850,-0.19890,-0.79950,0.82594,1018.66,1000,-18.66,50.50,203,2.2895,0.5380,LOCK,2,misalignment
319,7136915,3188,3201,-0.02340,0.06240,-0.69810,0.70127,1018.57,1000,-18.57,50.50,203,2.2903,0.5493,LOCK,2,misalignment
320,7136925,3198,3211,0.13260,-0.01170,-0.82680,0.83745,1018.54,1000,-18.54,50.50,203,2.2860,0.4849,LOCK,2,misalignment
321,7136935,3208,3221,-0.01560,-0.01560,-0.75270,0.75302,1018.53,1000,-18.53,50.50,203,2.2940,0.6055,LOCK,2,misalignment
322,7136945,3218,3231,-0.04680,0.12480,-0.84630,0.85673,1018.53,1000,-18.53,50.50,203,2.2835,0.4474,LOCK,2,misalignment
323,7136955,3228,3241,0.07800,0.03900,-0.76440,0.76936,1018.53,1000,-18.53,50.50,203,2.2874,0.5057,LOCK,2,misalignment
324,7136968,3241,3254,-0.01950,0.10920,-0.79170,0.79943,1018.53,1000,-18.53,50.50,203,2.2709,0.2557,LOCK,2,misalignment
325,7136976,3249,3262,-0.01950,0.10920,-0.79170,0.79943,1018.52,1000,-18.52,50.50,203,2.2751,0.3192,LOCK,2,misalignment
326,7136985,3258,3271,-0.14820,0.14040,-0.83070,0.85542,1018.51,1000,-18.51,50.50,203,2.2783,0.3689,LOCK,2,misalignment
327,7136995,3268,3281,-0.06240,-0.11700,-0.77220,0.78350,1018.48,1000,-18.48,50.50,203,2.2872,0.5023,LOCK,2,misalignment
328,7137005,3278,3291,-0.01170,0.11700,-0.79950,0.80810,1018.45,1000,-18.45,50.50,203,2.2916,0.5695,LOCK,2,misalignment
329,7137015,3288,3301,-0.00390,0.15990,-0.81900,0.83447,1018.45,1000,-18.45,50.50,203,2.2918,0.5725,LOCK,2,misalignment
330,7137025,3298,3311,-0.09750,0.17550,-0.80730,0.83189,1018.44,1000,-18.44,50.50,203,2.2941,0.6079,LOCK,2,misalignment
331,7137035,3308,3321,-0.08190,0.05460,-0.69420,0.70114,1018.38,1000,-18.38,50.50,203,2.2950,0.6217,LOCK,2,misalignment
332,7137045,3318,3331,0.02340,0.07020,-0.85410,0.85730,1018.36,1000,-18.36,50.50,203,2.2928,0.5881,LOCK,2,misalignment
333,7137055,3328,3341,-0.07800,-0.00390,-0.83460,0.83825,1018.36,1000,-18.36,50.50,203,2.2862,0.4880,LOCK,2,misalignment
334,7137065,3338,3351,-0.06630,-0.03900,-0.79950,0.80319,1018.35,1000,-18.35,50.50,203,2.2571,0.0472,LOCK,2,misalignment
335,7137075,3348,3361,0.09750,0.08970,-0.74100,0.75275,1018.35,1000,-18.35,50.50,203,2.2851,0.4709,LOCK,2,misalignment
336,7137085,3358,3371,-0.07410,0.12090,-0.80730,0.81966,1018.35,1000,-18.35,50.50,203,2.2801,0.3961,LOCK,2,misalignment
337,7137095,3368,3381,0.09750,-0.02340,-0.75270,0.75935,1018.29,1000,-18.29,50.50,203,2.2848,0.4672,LOCK,2,misalignment
338,7137105,3378,3391,0.05850,0.01170,-0.82680,0.82895,1018.27,1000,-18.27,50.50,203,2.2857,0.4810,LOCK,2,misalignment
339,7137115,3388,3401,-0.11310,-0.03900,-0.80730,0.81612,1018.26,1000,-18.26,50.50,203,2.2839,0.4532,LOCK,2,misalignment
340,7137125,3398,3411,0.03120,0.08580,-0.86190,0.86672,1018.26,1000,-18.26,50.50,203,2.2914,0.5664,LOCK,2,misalignment
341,7137135,3408,3421,0.08580,-0.16380,-0.75270,0.77508,1018.26,1000,-18.26,50.50,203,2.2894,0.5362,LOCK,2,misalignment
342,7137145,3418,3431,0.00780,0.09360,-0.68250,0.68893,1018.22,1000,-18.22,50.50,203,2.2843,0.4587,LOCK,2,misalignment
343,7137155,3428,3441,0.12090,-0.03900,-0.90480,0.91367,1018.18,1000,-18.18,50.50,203,2.2867,0.4950,LOCK,2,misalignment
344,7137168,3441,3454,-0.00390,0.07800,-0.77220,0.77614,1018.18,1000,-18.18,50.50,203,2.2775,0.3567,LOCK,2,misalignment
345,7137176,3449,3462,-0.03900,0.08970,-0.79560,0.80159,1018.18,1000,-18.18,50.50,203,2.2749,0.3161,LOCK,2,misalignment
346,7137185,3458,3471,0.10920,0.08970,-0.76440,0.77735,1018.18,1000,-18.18,50.50,203,2.2665,0.1898,LOCK,2,misalignment
347,7137195,3468,3481,0.09750,0.07800,-0.88530,0.89406,1018.17,1000,-18.17,50.50,203,2.2725,0.2810,LOCK,2,misalignment
348,7137205,3478,3491,-0.10920,0.00000,-0.74880,0.75672,1018.10,1000,-18.10,50.50,203,2.2897,0.5402,LOCK,2,misalignment
349,7137215,3488,3501,-0.09750,0.10920,-0.79170,0.80512,1018.08,1000,-18.08,50.50,203,2.2885,0.5228,LOCK,2,misalignment
350,7137225,3498,3511,-0.01560,-0.04680,-0.88140,0.88278,1018.07,1000,-18.07,50.50,203,2.2881,0.5161,LOCK,2,misalignment
351,7137235,3508,3521,-0.03120,0.17550,-0.84240,0.86105,1018.07,1000,-18.07,50.50,203,2.2820,0.4239,LOCK,2,misalignment
352,7137245,3518,3531,-0.01170,0.12480,-0.80340,0.81312,1018.07,1000,-18.07,50.50,203,2.2869,0.4981,LOCK,2,misalignment
353,7137255,3528,3541,-0.07410,0.21450,-0.72540,0.76007,1018.07,1000,-18.07,50.50,203,2.2912,0.5631,LOCK,2,misalignment
354,7137265,3538,3551,-0.11310,0.00780,-0.72540,0.73421,1018.00,1000,-18.00,50.50,203,2.2872,0.5036,LOCK,2,misalignment
355,7137275,3548,3561,-0.11310,0.00780,-0.72540,0.73421,1017.98,1000,-17.98,50.50,203,2.2643,0.1556,LOCK,2,misalignment
356,7137285,3558,3571,0.03120,0.05070,-0.83070,0.83283,1017.97,1000,-17.97,50.50,203,2.2799,0.3924,LOCK,2,misalignment
357,7137295,3568,3581,-0.03900,-0.10920,-0.84240,0.85034,1017.97,1000,-17.97,50.50,203,2.2718,0.2694,LOCK,2,misalignment
358,7137305,3578,3591,0.02340,-0.00390,-0.82680,0.82714,1017.97,1000,-17.97,50.50,203,2.2894,0.5359,LOCK,2,misalignment
359,7137315,3588,3601,0.03510,-0.00780,-0.72540,0.72629,1017.97,1000,-17.97,50.50,203,2.2953,0.6250,LOCK,2,misalignment
360,7137325,3598,3611,-0.03510,0.14040,-0.79170,0.80482,1017.93,1000,-17.93,50.50,203,2.2854,0.4758,LOCK,2,misalignment
361,7137335,3608,3621,0.05460,0.02730,-0.71370,0.71631,1017.92,1000,-17.92,50.50,203,2.2882,0.5188,LOCK,2,misalignment
362,7137345,3618,3631,0.06240,0.04290,-0.75270,0.75650,1017.92,1000,-17.92,50.50,203,2.2830,0.4388,LOCK,2,misalignment
363,7137355,3628,3641,-0.11310,-0.08190,-0.79560,0.80776,1017.92,1000,-17.92,50.50,203,2.2894,0.5359,LOCK,2,misalignment
364,7137368,3641,3654,0.07800,-0.16380,-0.80730,0.82743,1017.92,1000,-17.92,50.50,203,2.2823,0.4282,LOCK,2,misalignment
365,7137376,3649,3662,0.07800,-0.16380,-0.80730,0.82743,1017.92,1000,-17.92,50.50,203,2.2813,0.4138,LOCK,2,misalignment
366,7137385,3658,3671,0.00780,0.13260,-0.68640,0.69913,1017.91,1000,-17.91,50.50,203,2.2846,0.4642,LOCK,2,misalignment
367,7137395,3668,3681,0.12870,-0.07800,-0.83070,0.84422,1017.86,1000,-17.86,50.50,203,2.2754,0.3241,LOCK,2,misalignment
368,7137405,3678,3691,-0.00780,0.06240,-0.77220,0.77476,1017.85,1000,-17.85,50.50,203,2.2857,0.4807,LOCK,2,misalignment
369,7137415,3688,3701,-0.07020,0.01170,-0.82680,0.82986,1017.84,1000,-17.84,50.50,203,2.2846,0.4639,LOCK,2,misalignment
370,7137425,3698,3711,0.02340,0.10530,-0.77220,0.77970,1017.84,1000,-17.84,50.50,203,2.2864,0.4907,LOCK,2,misalignment
371,7137435,3708,3721,0.06630,0.06630,-0.77610,0.78174,1017.84,1000,-17.84,50.50,203,2.2878,0.5115,LOCK,2,misalignment
372,7137445,3718,3731,-0.05460,-0.03120,-0.72150,0.72424,1017.84,1000,-17.84,50.50,203,2.2895,0.5380,LOCK,2,misalignment
373,7137455,3728,3741,-0.06630,0.04290,-0.80340,0.80727,1017.84,1000,-17.84,50.50,203,2.2908,0.5582,LOCK,2,misalignment
374,7137465,3738,3751,-0.03510,0.00000,-0.86970,0.87041,1017.84,1000,-17.84,50.50,203,2.2956,0.6308,LOCK,2,misalignment
375,7137475,3748,3761,-0.07800,0.10920,-0.82680,0.83762,1017.84,1000,-17.84,50.50,203,2.2887,0.5252,LOCK,2,misalignment
376,7137485,3758,3771,0.00390,0.11700,-0.76050,0.76946,1017.84,1000,-17.84,50.50,203,2.2596,0.0848,LOCK,2,misalignment
377,7137495,3768,3781,-0.04680,0.21060,-0.76050,0.79051,1017.84,1000,-17.84,50.50,203,2.2724,0.2795,LOCK,2,misalignment
378,7137505,3778,3791,-0.10140,0.08190,-0.78000,0.79082,1017.75,1000,-17.75,50.50,203,2.2854,0.4764,LOCK,2,misalignment
379,7137515,3788,3801,0.03120,0.05850,-0.79560,0.79836,1017.72,1000,-17.72,50.50,203,2.2870,0.4999,LOCK,2,misalignment
380,7137525,3798,3811,-0.01170,-0.03900,-0.80730,0.80833,1017.71,1000,-17.71,50.50,203,2.2838,0.4514,LOCK,2,misalignment
381,7137535,3808,3821,0.02730,0.10140,-0.78000,0.78704,1017.71,1000,-17.71,50.50,203,2.2872,0.5026,LOCK,2,misalignment
382,7137545,3818,3831,0.09750,0.12480,-0.76830,0.78445,1017.71,1000,-17.71,50.50,203,2.2872,0.5036,LOCK,2,misalignment
383,7137555,3828,3841,-0.08970,0.17160,-0.83460,0.85677,1017.71,1000,-17.71,50.50,203,2.2934,0.5963,LOCK,2,misalignment
384,7137568,3841,3854,0.07800,0.09750,-0.69810,0.70918,1017.71,1000,-17.71,50.50,203,2.2872,0.5026,LOCK,2,misalignment
385,7137576,3849,3862,0.12090,0.05460,-0.81900,0.82967,1017.70,1000,-17.70,50.50,203,2.2840,0.4550,LOCK,2,misalignment
386,7137585,3858,3871,-0.09360,-0.14430,-0.78390,0.80255,1017.70,1000,-17.70,50.50,203,2.2668,0.1946,LOCK,2,misalignment
387,7137595,3868,3881,0.02340,0.05070,-0.85020,0.85203,1017.69,1000,-17.69,50.50,203,2.2621,0.1226,LOCK,2,misalignment
388,7137605,3878,3891,0.06630,-0.09750,-0.78780,0.79657,1017.68,1000,-17.68,50.50,203,2.2830,0.4401,LOCK,2,misalignment
389,7137615,3888,3901,0.03510,0.16770,-0.69420,0.71503,1017.68,1000,-17.68,50.50,203,2.2892,0.5329,LOCK,2,misalignment
390,7137625,3898,3911,0.14430,-0.03510,-0.82680,0.84003,1017.63,1000,-17.63,50.50,203,2.2907,0.5554,LOCK,2,misalignment
391,7137635,3908,3921,-0.02730,0.17160,-0.82680,0.84486,1017.61,1000,-17.61,50.50,203,2.2977,0.6623,LOCK,2,misalignment
392,7137645,3918,3931,-0.12870,-0.05850,-0.85800,0.86957,1017.60,1000,-17.60,50.50,203,2.2859,0.4834,LOCK,2,misalignment
393,7137655,3928,3941,-0.01170,0.01560,-0.76050,0.76075,1017.60,1000,-17.60,50.50,203,2.2854,0.4764,LOCK,2,misalignment
394,7137665,3938,3951,0.09360,-0.07410,-0.85410,0.86240,1017.60,1000,-17.60,50.50,203,2.2833,0.4437,LOCK,2,misalignment
395,7137675,3948,3961,0.09360,-0.07410,-0.85410,0.86240,1017.60,1000,-17.60,50.50,203,2.2796,0.3885,LOCK,2,misalignment
396,7137685,3958,3971,0.03900,0.06240,-0.77610,0.77958,1017.60,1000,-17.60,50.50,203,2.2624,0.1278,LOCK,2,misalignment
397,7137695,3968,3981,-0.11310,0.01950,-0.79950,0.80770,1017.60,1000,-17.60,50.50,203,2.2691,0.2294,LOCK,2,misalignment
398,7137705,3978,3991,-0.05460,-0.03120,-0.81120,0.81363,1017.59,1000,-17.59,50.50,203,2.2782,0.3671,LOCK,2,misalignment
399,7137715,3988,4001,-0.04680,0.15210,-0.82290,0.83815,1017.59,1000,-17.59,50.50,203,2.2895,0.5374,LOCK,2,misalignment
400,7137725,3998,4011,-0.03510,0.00390,-0.83460,0.83535,1017.59,1000,-17.59,50.50,203,2.2851,0.4715,LOCK,2,misalignment
401,7137735,4008,4021,-0.07800,0.19110,-0.71760,0.74669,1017.55,1000,-17.55,50.50,203,2.2889,0.5292,LOCK,2,misalignment
402,7137745,4018,4031,-0.07020,0.01950,-0.76830,0.77175,1017.52,1000,-17.52,50.50,203,2.2867,0.4950,LOCK,2,misalignment
403,7137755,4028,4041,0.01560,0.07020,-0.78780,0.79108,1017.51,1000,-17.51,50.50,203,2.2891,0.5326,LOCK,2,misalignment
404,7137768,4041,4054,-0.01950,0.15600,-0.81120,0.82629,1017.51,1000,-17.51,50.50,203,2.2840,0.4544,LOCK,2,misalignment
405,7137776,4049,4062,-0.01950,0.15600,-0.81120,0.82629,1017.51,1000,-17.51,50.50,203,2.2825,0.4315,LOCK,2,misalignment
406,7137785,4058,4071,0.10920,0.11310,-0.74490,0.76131,1017.51,1000,-17.51,50.50,203,2.2534,-0.0093,LOCK,2,misalignment
407,7137795,4068,4081,-0.04680,0.23010,-0.77610,0.81084,1017.48,1000,-17.48,50.50,203,2.2764,0.3393,LOCK,2,misalignment
408,7137805,4078,4091,0.09360,0.01170,-0.68640,0.69285,1017.46,1000,-17.46,50.50,203,2.2649,0.1656,LOCK,2,misalignment
409,7137815,4088,4101,0.16380,0.02730,-0.86970,0.88541,1017.46,1000,-17.46,50.50,203,2.2964,0.6431,LOCK,2,misalignment
410,7137825,4098,4111,-0.05070,-0.05460,-0.81900,0.82238,1017.46,1000,-17.46,50.50,203,2.2926,0.5844,LOCK,2,misalignment
411,7137835,4108,4121,-0.05460,0.00000,-0.85410,0.85584,1017.46,1000,-17.46,50.50,203,2.2874,0.5066,LOCK,2,misalignment
412,7137845,4118,4131,0.08580,-0.03510,-0.78000,0.78549,1017.46,1000,-17.46,50.50,203,2.2831,0.4407,LOCK,2,misalignment
413,7137855,4128,4141,0.00780,0.16380,-0.72930,0.74751,1017.38,1000,-17.38,50.50,203,2.2913,0.5652,LOCK,2,misalignment
414,7137865,4138,4151,0.11310,0.02340,-0.82290,0.83097,1017.36,1000,-17.36,50.50,203,2.2975,0.6592,LOCK,2,misalignment
415,7137875,4148,4161,-0.06240,0.12090,-0.83460,0.84562,1017.35,1000,-17.35,50.50,203,2.2812,0.4117,LOCK,2,misalignment
416,7137885,4158,4171,-0.10530,-0.05070,-0.78000,0.78871,1017.35,1000,-17.35,50.50,203,2.2647,0.1623,LOCK,2,misalignment
417,7137895,4168,4181,0.01950,-0.01170,-0.79170,0.79203,1017.35,1000,-17.35,50.50,203,2.2643,0.1562,LOCK,2,misalignment
418,7137905,4178,4191,0.04680,-0.14820,-0.85800,0.87196,1017.35,1000,-17.35,50.50,203,2.2693,0.2319,LOCK,2,misalignment
419,7137915,4188,4201,-0.02340,0.07020,-0.80340,0.80680,1017.39,1000,-17.39,50.50,203,2.2923,0.5799,LOCK,2,misalignment
420,7137925,4198,4211,-0.13260,0.04680,-0.83460,0.84636,1017.40,1000,-17.40,50.50,203,2.2849,0.4681,LOCK,2,misalignment
421,7137935,4208,4221,-0.09360,-0.06630,-0.76830,0.77681,1017.41,1000,-17.41,50.50,203,2.2911,0.5625,LOCK,2,misalignment
422,7137945,4218,4231,-0.05460,0.17160,-0.84240,0.86143,1017.41,1000,-17.41,50.50,203,2.2889,0.5289,LOCK,2,misalignment
423,7137955,4228,4241,-0.05460,0.05460,-0.82680,0.83040,1017.41,1000,-17.41,50.50,203,2.2896,0.5396,LOCK,2,misalignment
424,7137968,4241,4254,-0.05460,0.24570,-0.74880,0.78997,1017.41,1000,-17.41,50.50,203,2.2903,0.5496,LOCK,2,misalignment
425,7137976,4249,4262,-0.05460,-0.07020,-0.74880,0.75406,1017.40,1000,-17.40,50.50,203,2.2805,0.4019,LOCK,2,misalignment
426,7137985,4258,4271,0.08970,0.09750,-0.77220,0.78348,1017.39,1000,-17.39,50.50,203,2.2689,0.2261,LOCK,2,misalignment
427,7137995,4268,4281,-0.05850,-0.03510,-0.83460,0.83738,1017.33,1000,-17.33,50.50,203,2.2756,0.3277,LOCK,2,misalignment
428,7138005,4278,4291,-0.00780,0.11700,-0.78000,0.78876,1017.31,1000,-17.31,50.50,203,2.2585,0.0683,LOCK,2,misalignment
429,7138015,4288,4301,0.09750,0.08970,-0.68640,0.69907,1017.30,1000,-17.30,50.50,203,2.2827,0.4352,LOCK,2,misalignment
430,7138025,4298,4311,-0.03900,0.25350,-0.77610,0.81738,1017.30,1000,-17.30,50.50,203,2.2914,0.5667,LOCK,2,misalignment
431,7138035,4308,4321,0.09360,0.08580,-0.72930,0.74027,1017.28,1000,-17.28,50.50,203,2.2864,0.4910,LOCK,2,misalignment
432,7138045,4318,4331,0.16770,0.07020,-0.90090,0.91906,1017.27,1000,-17.27,50.50,203,2.2889,0.5286,LOCK,2,misalignment
433,7138055,4328,4341,-0.05460,-0.04290,-0.75270,0.75590,1017.27,1000,-17.27,50.50,203,2.2892,0.5341,LOCK,2,misalignment
434,7138065,4338,4351,-0.03510,-0.04680,-0.83460,0.83665,1017.27,1000,-17.27,50.50,203,2.2857,0.4800,LOCK,2,misalignment
435,7138075,4348,4361,-0.03510,-0.04680,-0.83460,0.83665,1017.27,1000,-17.27,50.50,203,2.2896,0.5387,LOCK,2,misalignment
436,7138085,4358,4371,0.13260,0.01170,-0.78780,0.79897,1017.27,1000,-17.27,50.50,203,2.2852,0.4730,LOCK,2,misalignment
437,7138095,4368,4381,-0.01560,0.17550,-0.75270,0.77305,1017.21,1000,-17.21,50.50,203,2.2843,0.4596,LOCK,2,misalignment
438,7138105,4378,4391,0.06240,-0.03510,-0.71760,0.72116,1017.20,1000,-17.20,50.50,203,2.2623,0.1257,LOCK,2,misalignment
439,7138115,4388,4401,-0.01170,0.05070,-0.82290,0.82454,1017.19,1000,-17.19,50.50,203,2.2791,0.3796,LOCK,2,misalignment
440,7138125,4398,4411,-0.07800,-0.06240,-0.83850,0.84443,1017.19,1000,-17.19,50.50,203,2.2931,0.5924,LOCK,2,misalignment
441,7138135,4408,4421,0.00390,0.08580,-0.82290,0.82737,1017.19,1000,-17.19,50.50,203,2.2897,0.5414,LOCK,2,misalignment
442,7138145,4418,4431,0.09750,-0.17550,-0.85020,0.87358,1017.19,1000,-17.19,50.50,203,2.2879,0.5136,LOCK,2,misalignment
443,7138155,4428,4441,0.01170,0.14430,-0.82680,0.83938,1017.16,1000,-17.16,50.50,203,2.2899,0.5442,LOCK,2,misalignment
444,7138168,4441,4454,-0.07800,0.00390,-0.76050,0.76450,1017.15,1000,-17.15,50.50,203,2.2806,0.4037,LOCK,2,misalignment
445,7138177,4450,4463,-0.07800,0.00390,-0.76050,0.76450,1017.15,1000,-17.15,50.50,203,2.2888,0.5267,LOCK,2,misalignment
446,7138185,4458,4471,-0.08580,0.13260,-0.82290,0.83792,1017.15,1000,-17.15,50.50,203,2.2912,0.5634,LOCK,2,misalignment
447,7138195,4468,4481,-0.01560,0.08190,-0.83460,0.83875,1017.15,1000,-17.15,50.50,203,2.2673,0.2023,LOCK,2,misalignment
448,7138205,4478,4491,-0.11310,0.18330,-0.72930,0.76044,1017.14,1000,-17.14,50.50,203,2.2811,0.4108,LOCK,2,misalignment
449,7138215,4488,4501,-0.05850,0.02340,-0.79560,0.79809,1017.16,1000,-17.16,50.50,203,2.2589,0.0744,LOCK,2,misalignment
450,7138225,4498,4511,0.08190,0.06240,-0.74490,0.75198,1017.16,1000,-17.16,50.50,203,2.2923,0.5799,LOCK,2,misalignment
451,7138235,4508,4521,-0.09360,-0.15600,-0.88530,0.90380,1017.16,1000,-17.16,50.50,203,2.2879,0.5133,LOCK,2,misalignment
452,7138245,4518,4531,0.00000,0.05850,-0.81510,0.81720,1017.16,1000,-17.16,50.50,203,2.2979,0.6650,LOCK,2,misalignment
453,7138255,4528,4541,0.05460,-0.02340,-0.71370,0.71617,1017.16,1000,-17.16,50.50,203,2.2887,0.5264,LOCK,2,misalignment
454,7138265,4538,4551,0.04290,0.32370,-0.77220,0.83840,1017.16,1000,-17.16,50.50,203,2.2914,0.5670,LOCK,2,misalignment
455,7138275,4548,4561,0.00000,-0.00780,-0.75660,0.75664,1017.11,1000,-17.11,50.50,203,2.2836,0.4480,LOCK,2,misalignment
456,7138285,4558,4571,0.12480,0.05460,-0.88530,0.89572,1017.09,1000,-17.09,50.50,203,2.2965,0.6434,LOCK,2,misalignment
457,7138295,4568,4581,0.01560,-0.02730,-0.78780,0.78843,1017.09,1000,-17.09,50.50,203,2.2703,0.2468,LOCK,2,misalignment
458,7138305,4578,4591,-0.01950,-0.03120,-0.83850,0.83931,1017.09,1000,-17.09,50.50,203,2.2665,0.1901,LOCK,2,misalignment
459,7138315,4588,4601,0.14820,-0.02730,-0.78780,0.80208,1017.09,1000,-17.09,50.50,203,2.2583,0.0649,LOCK,2,misalignment
460,7138325,4598,4611,-0.05460,0.20670,-0.70980,0.74130,1017.10,1000,-17.10,50.50,203,2.2824,0.4297,LOCK,2,misalignment
461,7138335,4608,4621,0.10530,-0.02730,-0.79170,0.79914,1017.10,1000,-17.10,50.50,203,2.2874,0.5057,LOCK,2,misalignment
462,7138345,4618,4631,-0.01170,0.08190,-0.79950,0.80377,1017.10,1000,-17.10,50.50,203,2.2906,0.5545,LOCK,2,misalignment
463,7138355,4628,4641,-0.07410,-0.03510,-0.79560,0.79981,1017.11,1000,-17.11,50.50,203,2.2891,0.5316,LOCK,2,misalignment
464,7138368,4641,4654,0.00780,0.05070,-0.75270,0.75445,1017.11,1000,-17.11,50.50,203,2.2939,0.6043,LOCK,2,misalignment
465,7138377,4650,4663,0.03900,-0.13260,-0.86190,0.87291,1017.11,1000,-17.11,50.50,203,2.2832,0.4425,LOCK,2,misalignment
466,7138385,4658,4671,-0.01560,0.05070,-0.80340,0.80515,1017.10,1000,-17.10,50.50,203,2.2854,0.4752,LOCK,2,misalignment
467,7138395,4668,4681,-0.21840,0.04680,-0.83850,0.86774,1017.07,1000,-17.07,50.50,203,2.2689,0.2264,LOCK,2,misalignment
468,7138405,4678,4691,-0.08190,-0.06630,-0.74880,0.75618,1017.05,1000,-17.05,50.50,203,2.2716,0.2664,LOCK,2,misalignment
469,7138415,4688,4701,-0.10140,0.09360,-0.83460,0.84593,1017.04,1000,-17.04,50.50,203,2.2681,0.2139,LOCK,2,misalignment
470,7138425,4698,4711,-0.03900,0.15600,-0.79560,0.81169,1017.04,1000,-17.04,50.50,203,2.2872,0.5026,LOCK,2,misalignment
471,7138435,4708,4721,-0.08580,0.17550,-0.80340,0.82681,1017.04,1000,-17.04,50.50,203,2.2916,0.5698,LOCK,2,misalignment
472,7138445,4718,4731,-0.07410,0.01950,-0.73320,0.73719,1017.01,1000,-17.01,50.50,203,2.2925,0.5838,LOCK,2,misalignment
473,7138455,4728,4741,0.08190,0.07410,-0.75660,0.76462,1016.99,1000,-16.99,50.50,203,2.2806,0.4028,LOCK,2,misalignment
474,7138465,4738,4751,-0.06630,-0.17160,-0.86970,0.88894,1016.99,1000,-16.99,50.50,203,2.2875,0.5075,LOCK,2,misalignment
475,7138475,4748,4761,-0.06630,-0.17160,-0.86970,0.88894,1016.99,1000,-16.99,50.50,203,2.2835,0.4474,LOCK,2,misalignment
476,7138485,4758,4771,-0.00390,0.08190,-0.84240,0.84638,1016.99,1000,-16.99,50.50,203,2.2953,0.6260,LOCK,2,misalignment
477,7138495,4768,4781,0.07410,-0.04680,-0.72930,0.73455,1016.99,1000,-16.99,50.50,203,2.2928,0.5872,LOCK,2,misalignment
478,7138505,4778,4791,0.02340,0.30810,-0.74880,0.81005,1016.97,1000,-16.97,50.50,203,2.2535,-0.0077,LOCK,2,misalignment
479,7138515,4788,4801,-0.00390,0.00390,-0.76050,0.76052,1016.97,1000,-16.97,50.50,203,2.2653,0.1708,LOCK,2,misalignment
480,7138525,4798,4811,0.09360,0.04680,-0.88920,0.89534,1016.97,1000,-16.97,50.50,203,2.2591,0.0774,LOCK,2,misalignment
481,7138535,4808,4821,0.01950,0.03510,-0.78390,0.78493,1016.97,1000,-16.97,50.50,203,2.2877,0.5112,LOCK,2,misalignment
482,7138545,4818,4831,-0.02340,-0.03510,-0.84240,0.84346,1016.97,1000,-16.97,50.50,203,2.2876,0.5094,LOCK,2,misalignment
483,7138555,4828,4841,0.14040,-0.05850,-0.76440,0.77939,1016.97,1000,-16.97,50.50,203,2.2858,0.4825,LOCK,2,misalignment
484,7138568,4841,4854,0.04290,-0.01170,-0.78390,0.78516,1016.97,1000,-16.97,50.50,203,2.2911,0.5619,LOCK,2,misalignment
485,7138577,4850,4863,0.04290,-0.01170,-0.78390,0.78516,1016.97,1000,-16.97,50.50,203,2.2854,0.4752,LOCK,2,misalignment
486,7138585,4858,4871,-0.02730,0.16380,-0.79950,0.81656,1016.97,1000,-16.97,50.50,203,2.2931,0.5921,LOCK,2,misalignment
487,7138595,4868,4881,-0.03510,0.03510,-0.77220,0.77379,1016.97,1000,-16.97,50.50,203,2.2817,0.4193,LOCK,2,misalignment
488,7138605,4878,4891,0.07020,0.10920,-0.84240,0.85234,1016.97,1000,-16.97,50.50,203,2.2767,0.3433,LOCK,2,misalignment
489,7138615,4888,4901,0.05070,-0.08580,-0.85800,0.86377,1016.97,1000,-16.97,50.50,203,2.2762,0.3369,LOCK,2,misalignment
490,7138625,4898,4911,-0.05460,0.09360,-0.69810,0.70646,1016.81,1000,-16.81,50.50,203,2.2699,0.2416,LOCK,2,misalignment
491,7138635,4908,4921,-0.20670,0.04680,-0.85410,0.88000,1016.77,1000,-16.77,50.50,203,2.2972,0.6540,LOCK,2,misalignment
492,7138645,4918,4931,-0.05460,-0.03120,-0.77610,0.77864,1016.75,1000,-16.75,50.50,203,2.2940,0.6064,LOCK,2,misalignment
493,7138655,4928,4941,-0.11700,0.16380,-0.83850,0.86232,1016.75,1000,-16.75,50.50,203,2.2894,0.5362,LOCK,2,misalignment
494,7138665,4938,4951,-0.04290,0.08190,-0.72540,0.73127,1016.74,1000,-16.74,50.50,203,2.2873,0.5042,LOCK,2,misalignment
495,7138675,4948,4961,-0.06630,0.12480,-0.79170,0.80421,1016.74,1000,-16.74,50.50,203,2.2939,0.6049,LOCK,2,misalignment
496,7138685,4958,4971,-0.07410,0.04680,-0.80730,0.81204,1016.92,1000,-16.92,50.50,203,2.2868,0.4974,LOCK,2,misalignment
497,7138695,4968,4981,0.03510,0.13650,-0.79560,0.80799,1016.97,1000,-16.97,50.50,203,2.2832,0.4419,LOCK,2,misalignment
498,7138705,4978,4991,-0.05850,-0.11700,-0.84630,0.85635,1016.99,1000,-16.99,50.50,203,2.2725,0.2807,LOCK,2,misalignment
499,7138715,4988,5001,0.01950,0.06240,-0.78780,0.79051,1016.99,1000,-16.99,50.50,203,2.2716,0.2664,LOCK,2,misalignment
500,7138725,4998,5011,0.05460,-0.07800,-0.79950,0.80515,1016.99,1000,-16.99,50.50,203,2.2702,0.2456,LOCK,2,misalignment
501,7138735,5008,5021,0.01950,0.25740,-0.66690,0.71512,1016.99,1000,-16.99,50.50,203,2.2906,0.5539,LOCK,2,misalignment
502,7138745,5018,5031,0.05460,-0.10530,-0.77220,0.78126,1016.97,1000,-16.97,50.50,203,2.2877,0.5100,LOCK,2,misalignment
503,7138755,5028,5041,0.09360,0.09360,-0.82290,0.83348,1016.96,1000,-16.96,50.50,203,2.2901,0.5463,LOCK,2,misalignment
504,7138768,5041,5054,-0.03120,-0.02340,-0.85020,0.85109,1016.96,1000,-16.96,50.50,203,2.2855,0.4767,LOCK,2,misalignment
505,7138777,5050,5063,0.01560,-0.01170,-0.82290,0.82313,1016.96,1000,-16.96,50.50,203,2.2942,0.6089,LOCK,2,misalignment
506,7138785,5058,5071,0.12870,-0.18330,-0.78390,0.81527,1016.96,1000,-16.96,50.50,203,2.2875,0.5081,LOCK,2,misalignment
507,7138795,5068,5081,-0.02730,0.19500,-0.76440,0.78935,1016.96,1000,-16.96,50.50,203,2.2875,0.5069,LOCK,2,misalignment
508,7138805,5078,5091,0.11310,0.01950,-0.79950,0.80770,1016.96,1000,-16.96,50.50,203,2.2747,0.3134,LOCK,2,misalignment
509,7138815,5088,5101,-0.02730,0.02340,-0.76440,0.76525,1016.96,1000,-16.96,50.50,203,2.2671,0.1986,LOCK,2,misalignment
510,7138825,5098,5111,-0.07410,0.00390,-0.78780,0.79129,1016.96,1000,-16.96,50.50,203,2.2738,0.2993,LOCK,2,misalignment
511,7138835,5108,5121,0.07410,0.03120,-0.84240,0.84623,1016.96,1000,-16.96,50.50,203,2.2913,0.5652,LOCK,2,misalignment
512,7138845,5118,5131,0.04680,-0.04680,-0.85800,0.86055,1016.96,1000,-16.96,50.50,203,2.2886,0.5249,LOCK,2,misalignment
513,7138855,5128,5141,-0.05460,0.10140,-0.75270,0.76146,1016.97,1000,-16.97,50.50,203,2.2861,0.4862,LOCK,2,misalignment
514,7138865,5138,5151,-0.19110,0.02340,-0.82680,0.84892,1017.00,1000,-17.00,50.50,203,2.2862,0.4877,LOCK,2,misalignment
515,7138875,5148,5161,-0.02730,-0.01170,-0.79560,0.79615,1017.01,1000,-17.01,50.50,203,2.2982,0.6702,LOCK,2,misalignment
516,7138885,5158,5171,-0.02730,-0.01170,-0.79560,0.79615,1017.01,1000,-17.01,50.50,203,2.2851,0.4709,LOCK,2,misalignment
517,7138895,5168,5181,-0.14820,0.01170,-0.76050,0.77489,1017.01,1000,-17.01,50.50,203,2.2877,0.5109,LOCK,2,misalignment
518,7138905,5178,5191,0.00390,0.21060,-0.75660,0.78537,1017.01,1000,-17.01,50.50,203,2.2845,0.4626,LOCK,2,misalignment
519,7138915,5188,5201,-0.08190,0.18330,-0.81120,0.83567,1016.93,1000,-16.93,50.50,203,2.2712,0.2606,LOCK,2,misalignment
520,7138925,5198,5211,-0.10530,-0.00780,-0.70980,0.71761,1016.89,1000,-16.89,50.50,203,2.2677,0.2072,LOCK,2,misalignment
521,7138935,5208,5221,0.14820,0.05070,-0.80340,0.81853,1016.88,1000,-16.88,50.50,203,2.2656,0.1751,LOCK,2,misalignment
522,7138945,5218,5231,-0.06630,-0.05070,-0.80340,0.80772,1016.88,1000,-16.88,50.50,203,2.2874,0.5060,LOCK,2,misalignment
523,7138955,5228,5241,-0.01170,0.12870,-0.83070,0.84069,1016.88,1000,-16.88,50.50,203,2.2940,0.6061,LOCK,2,misalignment
524,7138968,5241,5254,0.04680,0.21840,-0.70590,0.74039,1016.88,1000,-16.88,50.50,203,2.2846,0.4639,LOCK,2,misalignment
525,7138976,5249,5262,0.04680,0.21840,-0.70590,0.74039,1016.89,1000,-16.89,50.50,203,2.3015,0.7194,LOCK,2,misalignment
526,7138985,5258,5271,0.09750,0.00000,-0.84630,0.85190,1016.91,1000,-16.91,50.50,203,2.2873,0.5042,LOCK,2,misalignment
527,7138995,5268,5281,0.08190,0.10140,-0.75270,0.76390,1017.00,1000,-17.00,50.50,203,2.2906,0.5551,LOCK,2,misalignment
528,7139005,5278,5291,-0.02730,0.03120,-0.83850,0.83952,1017.03,1000,-17.03,50.50,203,2.2870,0.5005,LOCK,2,misalignment
529,7139015,5288,5301,0.00390,0.01560,-0.83460,0.83475,1017.04,1000,-17.04,50.50,203,2.2878,0.5124,LOCK,2,misalignment
530,7139025,5298,5311,0.10920,-0.25350,-0.77220,0.82005,1017.04,1000,-17.04,50.50,203,2.2597,0.0857,LOCK,2,misalignment
531,7139035,5308,5321,-0.00390,0.14040,-0.74100,0.75419,1016.88,1000,-16.88,50.50,203,2.2603,0.0948,LOCK,2,misalignment
532,7139045,5318,5331,0.13650,0.01170,-0.80730,0.81884,1016.83,1000,-16.83,50.50,203,2.2561,0.0326,LOCK,2,misalignment
533,7139055,5328,5341,-0.07800,0.00390,-0.85410,0.85766,1016.82,1000,-16.82,50.50,203,2.2662,0.1846,LOCK,2,misalignment
534,7139094,5367,5380,-0.04290,0.09360,-0.72540,0.73267,1016.84,1000,-16.84,50.50,203,2.2976,0.6611,LOCK,2,misalignment
535,7139103,5376,5389,-0.16770,0.06240,-0.84240,0.86119,1016.87,1000,-16.87,50.50,203,2.2920,0.5759,LOCK,2,misalignment
536,7139111,5384,5397,0.02730,0.04680,-0.80730,0.80912,1016.88,1000,-16.88,50.50,203,2.2672,0.1998,LOCK,2,misalignment
537,7139120,5393,5406,0.02730,0.04680,-0.80730,0.80912,1016.90,1000,-16.90,50.50,203,2.2706,0.2511,LOCK,2,misalignment
538,7139128,5401,5414,-0.12870,-0.05070,-0.89310,0.90375,1016.92,1000,-16.92,50.50,203,2.2694,0.2334,LOCK,2,misalignment
539,7139145,5418,5431,-0.14820,0.16770,-0.77610,0.80772,1016.93,1000,-16.93,50.50,203,2.2940,0.6067,LOCK,2,misalignment
540,7139154,5427,5440,-0.07800,-0.00390,-0.72930,0.73347,1016.95,1000,-16.95,50.50,203,2.2890,0.5298,LOCK,2,misalignment
541,7139162,5435,5448,0.08970,0.10530,-0.84630,0.85753,1016.97,1000,-16.97,50.50,203,2.2659,0.1797,LOCK,2,misalignment
542,7139176,5449,5462,-0.12480,0.02340,-0.80340,0.81337,1016.98,1000,-16.98,50.50,203,2.2625,0.1284,LOCK,2,misalignment
543,7139184,5457,5470,-0.03900,0.11700,-0.74880,0.75889,1017.00,1000,-17.00,50.50,203,2.2704,0.2487,LOCK,2,misalignment
544,7139196,5469,5482,0.05070,0.01950,-0.75660,0.75855,1017.01,1000,-17.01,50.50,203,2.2880,0.5158,LOCK,2,misalignment
545,7139204,5477,5490,0.03510,0.16380,-0.74100,0.75970,1017.02,1000,-17.02,50.50,203,2.2920,0.5759,LOCK,2,misalignment
546,7139213,5486,5499,0.03510,0.16380,-0.74100,0.75970,1017.03,1000,-17.03,50.50,203,2.2834,0.4462,LOCK,2,misalignment
547,7139221,5494,5507,0.06240,-0.01170,-0.83460,0.83701,1017.04,1000,-17.04,50.50,203,2.2911,0.5628,LOCK,2,misalignment
548,7139230,5503,5516,0.03120,-0.01560,-0.78390,0.78468,1017.05,1000,-17.05,50.50,203,2.2856,0.4782,LOCK,2,misalignment
549,7139238,5511,5524,-0.07800,-0.07020,-0.79170,0.79862,1017.06,1000,-17.06,50.50,203,2.2894,0.5368,LOCK,2,misalignment
550,7139247,5520,5533,0.02340,0.09360,-0.77220,0.77820,1017.07,1000,-17.07,50.50,203,2.2849,0.4688,LOCK,2,misalignment
551,7139255,5528,5541,0.12870,-0.21840,-0.79170,0.83129,1017.07,1000,-17.07,50.50,203,2.2868,0.4962,LOCK,2,misalignment
552,7139264,5537,5550,0.12870,-0.21840,-0.79170,0.83129,1017.08,1000,-17.08,50.50,203,2.2733,0.2920,LOCK,2,misalignment
553,7139272,5545,5558,-0.04680,0.21060,-0.75660,0.78676,1017.08,1000,-17.08,50.50,203,2.2600,0.0915,LOCK,2,misalignment
554,7139281,5554,5567,0.06630,0.01950,-0.81900,0.82191,1017.07,1000,-17.07,50.50,203,2.2694,0.2340,LOCK,2,misalignment
555,7139298,5571,5584,0.03120,0.05070,-0.77610,0.77838,1017.07,1000,-17.07,50.50,203,2.2698,0.2401,LOCK,2,misalignment
556,7139307,5580,5593,0.12480,-0.03510,-0.80730,0.81764,1017.07,1000,-17.07,50.50,203,2.2721,0.2743,LOCK,2,misalignment
557,7139315,5588,5601,0.12480,-0.03510,-0.80730,0.81764,1017.07,1000,-17.07,50.50,203,2.2928,0.5884,LOCK,2,misalignment
558,7139324,5597,5610,0.07020,0.00390,-0.87360,0.87642,1017.06,1000,-17.06,50.50,203,2.2931,0.5930,LOCK,2,misalignment
559,7139332,5605,5618,-0.05070,0.08580,-0.75270,0.75927,1017.09,1000,-17.09,50.50,203,2.2825,0.4315,LOCK,2,misalignment
560,7139341,5614,5627,-0.16770,0.10140,-0.79170,0.81559,1017.11,1000,-17.11,50.50,203,2.2920,0.5759,LOCK,2,misalignment
561,7139349,5622,5635,-0.00780,0.03900,-0.77610,0.77712,1017.13,1000,-17.13,50.50,203,2.2915,0.5683,LOCK,2,misalignment
562,7139358,5631,5644,-0.12090,-0.00780,-0.87360,0.88196,1017.15,1000,-17.15,50.50,203,2.2962,0.6400,LOCK,2,misalignment
563,7139366,5639,5652,-0.12090,-0.00780,-0.87360,0.88196,1017.17,1000,-17.17,50.50,203,2.2584,0.0670,LOCK,2,misalignment
564,7139380,5653,5666,-0.10920,0.20670,-0.77220,0.80681,1017.19,1000,-17.19,50.50,203,2.2624,0.1278,LOCK,2,misalignment
565,7139388,5661,5674,-0.01950,0.01170,-0.68250,0.68288,1017.18,1000,-17.18,50.50,203,2.2745,0.3100,LOCK,2,misalignment
566,7139402,5675,5688,0.09360,0.06240,-0.83460,0.84215,1017.18,1000,-17.18,50.50,203,2.2916,0.5701,LOCK,2,misalignment
567,7139410,5683,5696,-0.07800,-0.07020,-0.82680,0.83343,1017.18,1000,-17.18,50.50,203,2.2865,0.4929,LOCK,2,misalignment
568,7139419,5692,5705,-0.04290,0.12870,-0.80730,0.81862,1017.18,1000,-17.18,50.50,203,2.2656,0.1751,LOCK,2,misalignment
569,7139427,5700,5713,-0.04290,0.12870,-0.80730,0.81862,1017.17,1000,-17.17,50.50,203,2.2661,0.1827,LOCK,2,misalignment
570,7139436,5709,5722,0.03900,0.00000,-0.70980,0.71087,1017.17,1000,-17.17,50.50,203,2.2722,0.2764,LOCK,2,misalignment
571,7139467,5740,5753,0.05850,-0.01950,-0.75270,0.75522,1017.17,1000,-17.17,50.50,203,2.2869,0.4987,LOCK,2,misalignment
572,7139476,5749,5762,-0.07020,-0.16380,-0.81900,0.83816,1017.17,1000,-17.17,50.50,203,2.2981,0.6675,LOCK,2,misalignment
573,7139484,5757,5770,0.00000,0.06240,-0.77220,0.77472,1017.17,1000,-17.17,50.50,203,2.2844,0.4611,LOCK,2,misalignment
574,7139493,5766,5779,0.12870,-0.23790,-0.82290,0.86621,1017.17,1000,-17.17,50.50,203,2.2882,0.5185,LOCK,2,misalignment
575,7139502,5775,5788,-0.03120,0.27300,-0.71760,0.76841,1017.17,1000,-17.17,50.50,203,2.2952,0.6247,LOCK,2,misalignment
576,7139510,5783,5796,-0.03120,0.27300,-0.71760,0.76841,1017.19,1000,-17.19,50.50,203,2.2830,0.4398,LOCK,2,misalignment
577,7139519,5792,5805,0.07410,0.00780,-0.78390,0.78743,1017.20,1000,-17.20,50.50,203,2.2893,0.5347,LOCK,2,misalignment
578,7139527,5800,5813,-0.05070,0.08580,-0.84630,0.85215,1017.21,1000,-17.21,50.50,203,2.2817,0.4196,LOCK,2,misalignment
579,7139536,5809,5822,0.01170,0.06630,-0.82290,0.82565,1017.22,1000,-17.22,50.50,203,2.2894,0.5365,LOCK,2,misalignment
580,7139544,5817,5830,0.03510,-0.02730,-0.76440,0.76569,1017.23,1000,-17.23,50.50,203,2.2895,0.5371,LOCK,2,misalignment
581,7139553,5826,5839,0.07410,-0.07800,-0.83460,0.84151,1017.24,1000,-17.24,50.50,203,2.2890,0.5304,LOCK,2,misalignment
582,7139561,5834,5847,0.07410,-0.07800,-0.83460,0.84151,1017.24,1000,-17.24,50.50,203,2.2655,0.1745,LOCK,2,misalignment
583,7139570,5843,5856,-0.04290,0.09750,-0.75270,0.76020,1017.23,1000,-17.23,50.50,203,2.2682,0.2145,LOCK,2,misalignment
584,7139583,5856,5869,-0.01950,-0.00390,-0.78000,0.78025,1017.21,1000,-17.21,50.50,203,2.2692,0.2310,LOCK,2,misalignment
585,7139591,5864,5877,-0.01950,-0.00390,-0.78000,0.78025,1017.20,1000,-17.20,50.50,203,2.2842,0.4581,LOCK,2,misalignment
586,7139606,5879,5892,0.00780,0.18720,-0.82290,0.84396,1017.19,1000,-17.19,50.50,203,2.2896,0.5387,LOCK,2,misalignment
587,7139615,5888,5901,-0.13650,0.15600,-0.77220,0.79954,1017.18,1000,-17.18,50.50,203,2.2907,0.5564,LOCK,2,misalignment
588,7139623,5896,5909,-0.13650,0.15600,-0.77220,0.79954,1017.20,1000,-17.20,50.50,203,2.2801,0.3955,LOCK,2,misalignment
589,7139632,5905,5918,0.02340,0.05070,-0.66300,0.66535,1017.22,1000,-17.22,50.50,203,2.2830,0.4388,LOCK,2,misalignment
590,7139640,5913,5926,0.05460,0.09750,-0.84630,0.85365,1017.24,1000,-17.24,50.50,203,2.2775,0.3555,LOCK,2,misalignment
591,7139649,5922,5935,-0.03120,-0.03900,-0.80340,0.80495,1017.26,1000,-17.26,50.50,203,2.2939,0.6043,LOCK,2,misalignment
592,7139658,5931,5944,-0.03900,0.16770,-0.79170,0.81021,1017.28,1000,-17.28,50.50,203,2.2803,0.3982,LOCK,2,misalignment
593,7139666,5939,5952,0.06630,0.04290,-0.70980,0.71418,1017.29,1000,-17.29,50.50,203,2.2959,0.6345,LOCK,2,misalignment
594,7139675,5948,5961,0.06630,0.04290,-0.70980,0.71418,1017.31,1000,-17.31,50.50,203,2.2500,-0.0599,LOCK,2,misalignment
595,7139683,5956,5969,0.00780,0.19110,-0.77220,0.79553,1017.30,1000,-17.30,50.50,203,2.2701,0.2441,LOCK,2,misalignment
596,7139692,5965,5978,0.01950,0.04290,-0.81120,0.81257,1017.30,1000,-17.30,50.50,203,2.2723,0.2780,LOCK,2,misalignment
597,7139700,5973,5986,0.06240,0.05460,-0.77610,0.78052,1017.29,1000,-17.29,50.50,203,2.2960,0.6369,LOCK,2,misalignment
598,7139709,5982,5995,-0.06240,-0.16380,-0.85800,0.87572,1017.29,1000,-17.29,50.50,203,2.2662,0.1849,LOCK,2,misalignment
599,7139717,5990,6003,-0.01950,0.01560,-0.79950,0.79989,1017.28,1000,-17.28,50.50,203,2.2655,0.1742,LOCK,2,misalignment
600,7139726,5999,6012,-0.01950,0.01560,-0.79950,0.79989,1017.28,1000,-17.28,50.50,203,2.2617,0.1168,LOCK,2,misalignment
601,7139735,6008,6021,0.12870,-0.15990,-0.80340,0.82921,1017.27,1000,-17.27,50.50,203,2.2738,0.3003,LOCK,2,misalignment
602,7139761,6034,6047,-0.06630,0.10140,-0.85800,0.86651,1017.29,1000,-17.29,50.50,203,2.2870,0.4996,LOCK,2,misalignment
603,7139769,6042,6055,-0.00390,0.07800,-0.77610,0.78002,1017.31,1000,-17.31,50.50,203,2.2885,0.5234,LOCK,2,misalignment
604,7139783,6056,6069,0.09360,-0.07410,-0.80730,0.81608,1017.32,1000,-17.32,50.50,203,2.2839,0.4535,LOCK,2,misalignment
605,7139791,6064,6077,0.07410,-0.07410,-0.81120,0.81794,1017.34,1000,-17.34,50.50,203,2.2793,0.3830,LOCK,2,misalignment
606,7139800,6073,6086,-0.03900,0.07410,-0.80730,0.81163,1017.33,1000,-17.33,50.50,203,2.2862,0.4874,LOCK,2,misalignment
607,7139808,6081,6094,-0.03900,0.07410,-0.80730,0.81163,1017.32,1000,-17.32,50.50,203,2.2733,0.2920,LOCK,2,misalignment
608,7139817,6090,6103,-0.17940,0.03510,-0.76050,0.78216,1017.32,1000,-17.32,50.50,203,2.2858,0.4816,LOCK,2,misalignment
609,7139825,6098,6111,-0.03120,-0.06630,-0.81900,0.82227,1017.31,1000,-17.31,50.50,203,2.2711,0.2594,LOCK,2,misalignment
610,7139834,6107,6120,-0.07410,0.15210,-0.79560,0.81339,1017.30,1000,-17.30,50.50,203,2.2624,0.1275,LOCK,2,misalignment
611,7139842,6115,6128,-0.02730,0.19500,-0.77610,0.80069,1017.30,1000,-17.30,50.50,203,2.2664,0.1873,LOCK,2,misalignment
612,7139851,6124,6137,-0.08970,0.09750,-0.77610,0.78733,1017.29,1000,-17.29,50.50,203,2.2843,0.4587,LOCK,2,misalignment
613,7139859,6132,6145,-0.08970,0.09750,-0.77610,0.78733,1017.29,1000,-17.29,50.50,203,2.2891,0.5313,LOCK,2,misalignment
614,7139868,6141,6154,-0.02340,0.05070,-0.63570,0.63815,1017.29,1000,-17.29,50.50,203,2.2786,0.3732,LOCK,2,misalignment
615,7139876,6149,6162,0.04290,0.01950,-0.90090,0.90213,1017.29,1000,-17.29,50.50,203,2.2887,0.5258,LOCK,2,misalignment
616,7139885,6158,6171,-0.00780,-0.05070,-0.76050,0.76223,1017.29,1000,-17.29,50.50,203,2.2642,0.1543,LOCK,2,misalignment
617,7139903,6176,6189,0.07020,0.11310,-0.70200,0.71451,1017.29,1000,-17.29,50.50,203,2.2858,0.4825,LOCK,2,misalignment
618,7139913,6186,6199,-0.01170,0.14820,-0.75270,0.76724,1017.29,1000,-17.29,50.50,203,2.2917,0.5716,LOCK,2,misalignment
619,7139921,6194,6207,-0.01170,0.14820,-0.75270,0.76724,1017.29,1000,-17.29,50.50,203,2.2873,0.5039,LOCK,2,misalignment
620,7139929,6202,6215,0.00000,0.00000,-0.80730,0.80730,1017.29,1000,-17.29,50.50,203,2.2841,0.4559,LOCK,2,misalignment
621,7139938,6211,6224,0.10530,0.18720,-0.79170,0.82032,1017.29,1000,-17.29,50.50,203,2.2856,0.4791,LOCK,2,misalignment
622,7139946,6219,6232,-0.03900,-0.12480,-0.83460,0.84478,1017.29,1000,-17.29,50.50,203,2.2906,0.5551,LOCK,2,misalignment
623,7139955,6228,6241,0.00390,-0.02340,-0.83460,0.83494,1017.29,1000,-17.29,50.50,203,2.2621,0.1229,LOCK,2,misalignment
624,7139965,6238,6251,0.06630,-0.15990,-0.75270,0.77235,1017.29,1000,-17.29,50.50,203,2.2899,0.5432,LOCK,2,misalignment
625,7139975,6248,6261,-0.06240,0.03900,-0.63960,0.64382,1017.29,1000,-17.29,50.50,203,2.3006,0.7059,LOCK,2,misalignment
626,7139988,6261,6274,0.11310,0.00390,-0.88140,0.88864,1017.32,1000,-17.32,50.50,203,2.2741,0.3039,LOCK,2,misalignment
627,7139996,6269,6282,-0.07020,0.11310,-0.76050,0.77206,1017.34,1000,-17.34,50.50,203,2.2625,0.1284,LOCK,2,misalignment
628,7140005,6278,6291,-0.03120,0.05070,-0.80340,0.80560,1017.36,1000,-17.36,50.50,203,2.2757,0.3280,LOCK,2,misalignment
629,7140015,6288,6301,0.06630,-0.10140,-0.83070,0.83949,1017.47,1000,-17.47,50.50,203,2.2840,0.4541,LOCK,2,misalignment
630,7140025,6298,6311,0.08190,-0.10920,-0.79170,0.80338,1017.52,1000,-17.52,50.50,203,2.2837,0.4495,LOCK,2,misalignment
631,7140035,6308,6321,-0.02340,0.08970,-0.79170,0.79711,1017.49,1000,-17.49,50.50,203,2.2539,-0.0022,LOCK,2,misalignment
632,7140045,6318,6331,-0.17160,0.05070,-0.78780,0.80786,1017.43,1000,-17.43,50.50,203,2.2716,0.2670,LOCK,2,misalignment
633,7140055,6328,6341,-0.07410,-0.10530,-0.81510,0.82521,1017.41,1000,-17.41,50.50,203,2.2477,-0.0953,LOCK,2,misalignment
634,7140065,6338,6351,-0.07410,-0.10530,-0.81510,0.82521,1017.41,1000,-17.41,50.50,203,2.2798,0.3915,LOCK,2,misalignment
635,7140082,6355,6368,0.03120,0.23790,-0.78000,0.81607,1017.41,1000,-17.41,50.50,203,2.2955,0.6293,LOCK,2,misalignment
636,7140091,6364,6377,-0.09750,0.17550,-0.86580,0.88877,1017.41,1000,-17.41,50.50,203,2.2807,0.4040,LOCK,2,misalignment
637,7140099,6372,6385,-0.08970,-0.06630,-0.61620,0.62621,1017.41,1000,-17.41,50.50,203,2.2904,0.5518,LOCK,2,misalignment
638,7140108,6381,6394,0.09360,-0.01170,-0.85410,0.85929,1017.42,1000,-17.42,50.50,203,2.2881,0.5170,LOCK,2,misalignment
639,7140117,6390,6403,0.01560,-0.05070,-0.80340,0.80515,1017.42,1000,-17.42,50.50,203,2.2815,0.4166,LOCK,2,misalignment
640,7140125,6398,6411,0.01560,-0.05070,-0.80340,0.80515,1017.43,1000,-17.43,50.50,203,2.2841,0.4559,LOCK,2,misalignment
641,7140135,6408,6421,-0.03900,0.01560,-0.82290,0.82397,1017.45,1000,-17.45,50.50,203,2.2809,0.4080,LOCK,2,misalignment
642,7140145,6418,6431,0.07410,0.07410,-0.71760,0.72521,1017.46,1000,-17.46,50.50,203,2.2875,0.5072,LOCK,2,misalignment
643,7140155,6428,6441,0.02340,0.19890,-0.77610,0.80152,1017.52,1000,-17.52,50.50,203,2.2881,0.5164,LOCK,2,misalignment
644,7140165,6438,6451,-0.01170,-0.02730,-0.79560,0.79615,1017.53,1000,-17.53,50.50,203,2.2942,0.6086,LOCK,2,misalignment
645,7140175,6448,6461,0.17550,0.19500,-0.76830,0.81186,1017.54,1000,-17.54,50.50,203,2.2858,0.4825,LOCK,2,misalignment
646,7140188,6461,6474,0.02730,-0.00390,-0.86190,0.86234,1017.54,1000,-17.54,50.50,203,2.2691,0.2282,LOCK,2,misalignment
647,7140196,6469,6482,0.02730,-0.00390,-0.86190,0.86234,1017.54,1000,-17.54,50.50,203,2.2625,0.1281,LOCK,2,misalignment
648,7140205,6478,6491,0.08190,-0.17160,-0.76050,0.78391,1017.54,1000,-17.54,50.50,203,2.2652,0.1690,LOCK,2,misalignment
649,7140215,6488,6501,-0.01950,0.01950,-0.66300,0.66357,1017.55,1000,-17.55,50.50,203,2.2818,0.4211,LOCK,2,misalignment
650,7140225,6498,6511,0.14820,-0.05070,-0.82290,0.83767,1017.56,1000,-17.56,50.50,203,2.2871,0.5014,LOCK,2,misalignment
651,7140235,6508,6521,-0.05850,0.10140,-0.85410,0.86209,1017.56,1000,-17.56,50.50,203,2.2918,0.5732,LOCK,2,misalignment
652,7140245,6518,6531,-0.09360,0.06240,-0.77610,0.78421,1017.56,1000,-17.56,50.50,203,2.2883,0.5203,LOCK,2,misalignment
653,7140255,6528,6541,0.10530,-0.00390,-0.81900,0.82575,1017.56,1000,-17.56,50.50,203,2.2947,0.6165,LOCK,2,misalignment
654,7140265,6538,6551,0.14430,-0.09750,-0.84240,0.86021,1017.56,1000,-17.56,50.50,203,2.2939,0.6043,LOCK,2,misalignment
655,7140275,6548,6561,-0.04680,0.18720,-0.81120,0.83383,1017.74,1000,-17.74,50.50,203,2.2788,0.3757,LOCK,2,misalignment
656,7140285,6558,6571,-0.14040,0.05070,-0.75660,0.77118,1017.80,1000,-17.80,50.50,203,2.2963,0.6412,LOCK,2,misalignment
657,7140295,6568,6581,-0.08190,-0.06240,-0.81510,0.82158,1017.82,1000,-17.82,50.50,203,2.2706,0.2508,LOCK,2,misalignment
658,7140305,6578,6591,-0.10140,0.17160,-0.82680,0.85049,1017.82,1000,-17.82,50.50,203,2.2661,0.1827,LOCK,2,misalignment
659,7140315,6588,6601,-0.00390,0.19500,-0.74490,0.77001,1017.83,1000,-17.83,50.50,203,2.2836,0.4486,LOCK,2,misalignment
660,7140325,6598,6611,-0.12480,0.16770,-0.80730,0.83393,1017.83,1000,-17.83,50.50,203,2.2826,0.4327,LOCK,2,misalignment
661,7140335,6608,6621,-0.06240,0.05850,-0.70980,0.71494,1017.74,1000,-17.74,50.50,203,2.2920,0.5756,LOCK,2,misalignment
662,7140345,6618,6631,0.05850,0.01170,-0.85410,0.85618,1017.71,1000,-17.71,50.50,203,2.2762,0.3366,LOCK,2,misalignment
663,7140355,6628,6641,-0.02730,-0.07020,-0.74490,0.74870,1017.70,1000,-17.70,50.50,203,2.2625,0.1290,LOCK,2,misalignment
664,7140365,6638,6651,-0.04680,0.01950,-0.81510,0.81668,1017.70,1000,-17.70,50.50,203,2.2669,0.1952,LOCK,2,misalignment
665,7140375,6648,6661,-0.02730,-0.02340,-0.73710,0.73798,1017.70,1000,-17.70,50.50,203,2.2846,0.4639,LOCK,2,misalignment
666,7140388,6661,6674,-0.01170,0.28470,-0.74100,0.79390,1017.70,1000,-17.70,50.50,203,2.2926,0.5844,LOCK,2,misalignment
667,7140397,6670,6683,0.04680,-0.00390,-0.77220,0.77363,1017.71,1000,-17.71,50.50,203,2.2855,0.4779,LOCK,2,misalignment
668,7140405,6678,6691,0.15600,0.07800,-0.84630,0.86409,1017.72,1000,-17.72,50.50,203,2.2893,0.5356,LOCK,2,misalignment
669,7140415,6688,6701,-0.08580,-0.08970,-0.83070,0.83992,1017.75,1000,-17.75,50.50,203,2.2834,0.4449,LOCK,2,misalignment
670,7140425,6698,6711,0.03510,0.00780,-0.83070,0.83148,1017.77,1000,-17.77,50.50,203,2.2874,0.5063,LOCK,2,misalignment
671,7140435,6708,6721,0.04290,-0.16380,-0.81510,0.83250,1017.78,1000,-17.78,50.50,203,2.2575,0.0527,LOCK,2,misalignment
672,7140445,6718,6731,-0.01950,0.05460,-0.71370,0.71605,1017.78,1000,-17.78,50.50,203,2.2768,0.3460,LOCK,2,misalignment
673,7140455,6728,6741,0.08190,-0.00780,-0.79950,0.80372,1017.82,1000,-17.82,50.50,203,2.2819,0.4224,LOCK,2,misalignment
674,7140465,6738,6751,0.03120,0.02340,-0.74880,0.74981,1017.83,1000,-17.83,50.50,203,2.2954,0.6278,LOCK,2,misalignment
675,7140475,6748,6761,0.03120,0.02340,-0.74880,0.74981,1017.84,1000,-17.84,50.50,203,2.2831,0.4413,LOCK,2,misalignment
676,7140485,6758,6771,-0.05460,0.05070,-0.85410,0.85734,1017.84,1000,-17.84,50.50,203,2.2935,0.5988,LOCK,2,misalignment
677,7140495,6768,6781,0.04680,-0.00390,-0.79170,0.79309,1017.84,1000,-17.84,50.50,203,2.2608,0.1028,LOCK,2,misalignment
678,7140505,6778,6791,0.12870,-0.05850,-0.80340,0.81574,1017.84,1000,-17.84,50.50,203,2.2699,0.2416,LOCK,2,misalignment
679,7140515,6788,6801,-0.03900,0.17160,-0.76440,0.78439,1017.89,1000,-17.89,50.50,203,2.2640,0.1510,LOCK,2,misalignment
680,7140525,6798,6811,-0.11310,0.08190,-0.81510,0.82697,1017.90,1000,-17.90,50.50,203,2.2911,0.5628,LOCK,2,misalignment
681,7140535,6808,6821,-0.13650,-0.15210,-0.86190,0.88580,1017.91,1000,-17.91,50.50,203,2.2942,0.6086,LOCK,2,misalignment
682,7140545,6818,6831,-0.10920,0.07020,-0.75660,0.76766,1017.91,1000,-17.91,50.50,203,2.2950,0.6211,LOCK,2,misalignment
683,7140555,6828,6841,0.00000,0.10140,-0.76830,0.77496,1017.91,1000,-17.91,50.50,203,2.2660,0.1812,LOCK,2,misalignment
684,7140565,6838,6851,-0.08580,0.27300,-0.84240,0.88968,1017.91,1000,-17.91,50.50,203,2.2640,0.1522,LOCK,2,misalignment
685,7140575,6848,6861,-0.10920,0.07020,-0.71760,0.72925,1017.95,1000,-17.95,50.50,203,2.2713,0.2618,LOCK,2,misalignment
686,7140588,6861,6874,-0.02730,-0.07800,-0.78780,0.79212,1017.95,1000,-17.95,50.50,203,2.2645,0.1586,LOCK,2,misalignment
687,7140630,6903,6916,0.09360,0.03120,-0.81120,0.81718,1017.96,1000,-17.96,50.50,203,2.2940,0.6058,LOCK,2,misalignment
688,7140639,6912,6925,0.09360,0.03120,-0.81120,0.81718,1017.97,1000,-17.97,50.50,203,2.2814,0.4156,LOCK,2,misalignment
689,7140647,6920,6933,0.16770,0.19110,-0.80340,0.84267,1017.97,1000,-17.97,50.50,203,2.2666,0.1910,LOCK,2,misalignment
690,7140656,6929,6942,-0.02730,-0.01950,-0.83070,0.83138,1017.98,1000,-17.98,50.50,203,2.2767,0.3433,LOCK,2,misalignment
691,7140664,6937,6950,0.05850,0.00390,-0.79170,0.79387,1017.98,1000,-17.98,50.50,203,2.2739,0.3018,LOCK,2,misalignment
692,7140673,6946,6959,0.06630,-0.19110,-0.79950,0.82469,1017.99,1000,-17.99,50.50,203,2.2753,0.3232,LOCK,2,misalignment
693,7140683,6956,6969,0.04290,0.10140,-0.70200,0.71058,1018.00,1000,-18.00,50.50,203,2.2894,0.5359,LOCK,2,misalignment
694,7140692,6965,6978,0.16770,0.01950,-0.90870,0.92425,1018.01,1000,-18.01,50.50,203,2.2895,0.5380,LOCK,2,misalignment
695,7140700,6973,6986,0.16770,0.01950,-0.90870,0.92425,1018.01,1000,-18.01,50.50,203,2.2922,0.5789,LOCK,2,misalignment
696,7140709,6982,6995,0.07800,0.16380,-0.71760,0.74018,1018.02,1000,-18.02,50.50,203,2.2832,0.4428,LOCK,2,misalignment
697,7140717,6990,7003,-0.02730,0.06240,-0.83850,0.84126,1018.03,1000,-18.03,50.50,203,2.2831,0.4413,LOCK,2,misalignment
698,7140726,6999,7012,0.08970,0.06630,-0.78390,0.79180,1018.03,1000,-18.03,50.50,203,2.2795,0.3863,LOCK,2,misalignment
699,7140734,7007,7020,0.12480,0.01950,-0.85020,0.85953,1018.04,1000,-18.04,50.50,203,2.2874,0.5063,LOCK,2,misalignment
700,7140743,7016,7029,0.00000,0.12870,-0.74100,0.75209,1018.05,1000,-18.05,50.50,203,2.2855,0.4776,LOCK,2,misalignment
701,7140751,7024,7037,0.00000,0.12870,-0.74100,0.75209,1018.06,1000,-18.06,50.50,203,2.2884,0.5206,LOCK,2,misalignment
702,7140760,7033,7046,-0.07410,0.10140,-0.80340,0.81316,1018.07,1000,-18.07,50.50,203,2.2891,0.5322,LOCK,2,misalignment
703,7140768,7041,7054,-0.10140,-0.15990,-0.86970,0.89007,1018.08,1000,-18.08,50.50,203,2.2887,0.5261,LOCK,2,misalignment
704,7140777,7050,7063,-0.02730,0.12480,-0.84240,0.85203,1018.08,1000,-18.08,50.50,203,2.2905,0.5524,LOCK,2,misalignment
705,7140790,7063,7076,-0.01170,0.09750,-0.74100,0.74748,1018.09,1000,-18.09,50.50,203,2.2919,0.5738,LOCK,2,misalignment
706,7140799,7072,7085,-0.03900,0.19500,-0.76050,0.78607,1018.10,1000,-18.10,50.50,203,2.2770,0.3482,LOCK,2,misalignment
707,7140807,7080,7093,-0.10140,0.10140,-0.76050,0.77390,1018.11,1000,-18.11,50.50,203,2.2693,0.2325,LOCK,2,misalignment
708,7140816,7089,7102,-0.08580,0.12870,-0.81510,0.82965,1018.13,1000,-18.13,50.50,203,2.2639,0.1495,LOCK,2,misalignment
709,7140824,7097,7110,-0.04680,-0.03510,-0.86970,0.87167,1018.15,1000,-18.15,50.50,203,2.2747,0.3143,LOCK,2,misalignment
710,7140836,7109,7122,-0.02730,0.04290,-0.78000,0.78166,1018.16,1000,-18.16,50.50,203,2.2883,0.5197,LOCK,2,misalignment
711,7140845,7118,7131,0.00390,-0.02340,-0.76830,0.76867,1018.17,1000,-18.17,50.50,203,2.2649,0.1644,LOCK,2,misalignment
712,7140853,7126,7139,0.00390,-0.02340,-0.76830,0.76867,1018.18,1000,-18.18,50.50,203,2.2749,0.3173,LOCK,2,misalignment
713,7140862,7135,7148,-0.12480,0.16380,-0.77610,0.80295,1018.20,1000,-18.20,50.50,203,2.2719,0.2706,LOCK,2,misalignment
714,7140887,7160,7173,-0.03120,-0.07410,-0.76440,0.76862,1018.21,1000,-18.21,50.50,203,2.2875,0.5078,LOCK,2,misalignment
715,7140895,7168,7181,-0.03120,-0.07410,-0.76440,0.76862,1018.22,1000,-18.22,50.50,203,2.2962,0.6394,LOCK,2,misalignment
716,7140904,7177,7190,0.07410,-0.00390,-0.84240,0.84566,1018.23,1000,-18.23,50.50,203,2.2721,0.2737,LOCK,2,misalignment
717,7140912,7185,7198,0.02340,-0.08970,-0.81120,0.81648,1018.24,1000,-18.24,50.50,203,2.2711,0.2590,LOCK,2,misalignment
718,7140921,7194,7207,-0.01950,0.12090,-0.67860,0.68956,1018.25,1000,-18.25,50.50,203,2.2737,0.2978,LOCK,2,misalignment
719,7140929,7202,7215,0.14820,-0.07020,-0.81510,0.83143,1018.27,1000,-18.27,50.50,203,2.2837,0.4495,LOCK,2,misalignment
720,7140938,7211,7224,0.12090,0.00000,-0.78000,0.78931,1018.28,1000,-18.28,50.50,203,2.2906,0.5548,LOCK,2,misalignment
721,7140946,7219,7232,0.12090,0.00000,-0.78000,0.78931,1018.29,1000,-18.29,50.50,203,2.2861,0.4868,LOCK,2,misalignment
722,7140955,7228,7241,-0.05850,0.03510,-0.84240,0.84516,1018.30,1000,-18.30,50.50,203,2.2617,0.1162,LOCK,2,misalignment
723,7140963,7236,7249,0.08970,0.09360,-0.79170,0.80224,1018.31,1000,-18.31,50.50,203,2.2730,0.2871,LOCK,2,misalignment
724,7140972,7245,7258,0.13260,0.14430,-0.72150,0.74764,1018.31,1000,-18.31,50.50,203,2.2609,0.1043,LOCK,2,misalignment
725,7140980,7253,7266,0.03900,-0.02340,-0.74490,0.74629,1018.33,1000,-18.33,50.50,203,2.2718,0.2703,LOCK,2,misalignment
726,7140995,7268,7281,0.03120,0.05070,-0.85410,0.85617,1018.34,1000,-18.34,50.50,203,2.2942,0.6092,LOCK,2,misalignment
727,7141004,7277,7290,-0.03120,-0.05850,-0.86970,0.87222,1018.36,1000,-18.36,50.50,203,2.2912,0.5634,LOCK,2,misalignment
728,7141012,7285,7298,-0.02730,0.13650,-0.77220,0.78465,1018.37,1000,-18.37,50.50,203,2.2896,0.5396,LOCK,2,misalignment
729,7141021,7294,7307,0.07410,0.12090,-0.76440,0.77744,1018.38,1000,-18.38,50.50,203,2.2854,0.4764,LOCK,2,misalignment
730,7141030,7303,7316,0.04680,0.26910,-0.78390,0.83012,1018.39,1000,-18.39,50.50,203,2.2916,0.5704,LOCK,2,misalignment
731,7141038,7311,7324,0.04680,0.26910,-0.78390,0.83012,1018.40,1000,-18.40,50.50,203,2.2849,0.4678,LOCK,2,misalignment
732,7141047,7320,7333,-0.05070,0.14430,-0.82290,0.83699,1018.42,1000,-18.42,50.50,203,2.2836,0.4492,LOCK,2,misalignment
733,7141055,7328,7341,-0.17940,0.17160,-0.79170,0.82971,1018.43,1000,-18.43,50.50,203,2.2791,0.3808,LOCK,2,misalignment
734,7141065,7338,7351,-0.02730,0.00000,-0.81900,0.81945,1018.50,1000,-18.50,50.50,203,2.2972,0.6547,LOCK,2,misalignment
735,7141075,7348,7361,-0.02340,0.03510,-0.79170,0.79282,1018.54,1000,-18.54,50.50,203,2.2858,0.4825,LOCK,2,misalignment
736,7141085,7358,7371,0.02340,-0.13650,-0.77610,0.78836,1018.54,1000,-18.54,50.50,203,2.2981,0.6675,LOCK,2,misalignment
737,7141095,7368,7381,-0.14430,0.23010,-0.73710,0.78555,1018.56,1000,-18.56,50.50,203,2.2944,0.6122,LOCK,2,misalignment
738,7141105,7378,7391,0.07800,0.10140,-0.76440,0.77503,1018.64,1000,-18.64,50.50,203,2.2912,0.5637,LOCK,2,misalignment
739,7141115,7388,7401,-0.03120,0.09750,-0.80730,0.81376,1018.67,1000,-18.67,50.50,203,2.2465,-0.1143,LOCK,2,misalignment
740,7141125,7398,7411,-0.10920,-0.13260,-0.83070,0.84827,1018.68,1000,-18.68,50.50,203,2.2625,0.1284,LOCK,2,misalignment
741,7141135,7408,7421,0.05850,0.04680,-0.83460,0.83796,1018.68,1000,-18.68,50.50,203,2.2885,0.5228,LOCK,2,misalignment
742,7141145,7418,7431,-0.06630,-0.12870,-0.83850,0.85091,1018.68,1000,-18.68,50.50,203,2.2871,0.5008,LOCK,2,misalignment
743,7141155,7428,7441,-0.09750,0.17550,-0.70980,0.73765,1018.70,1000,-18.70,50.50,203,2.2908,0.5579,LOCK,2,misalignment
744,7141165,7438,7451,0.10140,-0.04290,-0.86580,0.87277,1018.72,1000,-18.72,50.50,203,2.2856,0.4794,LOCK,2,misalignment
745,7141175,7448,7461,0.08190,-0.00780,-0.71370,0.71843,1018.72,1000,-18.72,50.50,203,2.2825,0.4312,LOCK,2,misalignment
746,7141185,7458,7471,-0.12090,-0.11700,-0.83460,0.85139,1018.72,1000,-18.72,50.50,203,2.2980,0.6659,LOCK,2,misalignment
747,7141198,7471,7484,0.08970,0.21450,-0.80730,0.84011,1018.72,1000,-18.72,50.50,203,2.2860,0.4846,LOCK,2,misalignment
748,7141207,7480,7493,0.10530,0.10140,-0.78390,0.79741,1018.72,1000,-18.72,50.50,203,2.2864,0.4910,LOCK,2,misalignment
749,7141215,7488,7501,0.08580,-0.01170,-0.73320,0.73830,1018.73,1000,-18.73,50.50,203,2.2760,0.3338,LOCK,2,misalignment
750,7141225,7498,7511,0.10530,0.05850,-0.83460,0.84325,1018.80,1000,-18.80,50.50,203,2.2710,0.2572,LOCK,2,misalignment
751,7141235,7508,7521,-0.01560,0.11310,-0.79170,0.79989,1018.82,1000,-18.82,50.50,203,2.2908,0.5582,LOCK,2,misalignment
752,7141245,7518,7531,-0.03510,0.17160,-0.84630,0.86424,1018.83,1000,-18.83,50.50,203,2.2878,0.5127,LOCK,2,misalignment
753,7141255,7528,7541,0.08190,0.07410,-0.73320,0.74147,1018.83,1000,-18.83,50.50,203,2.2866,0.4935,LOCK,2,misalignment
754,7141265,7538,7551,0.08190,0.07410,-0.73320,0.74147,1018.84,1000,-18.84,50.50,203,2.2548,0.0121,LOCK,2,misalignment
755,7141275,7548,7561,0.06630,0.25740,-0.74490,0.79090,1018.83,1000,-18.83,50.50,203,2.2665,0.1891,LOCK,2,misalignment
756,7141285,7558,7571,0.00000,0.03900,-0.80730,0.80824,1018.83,1000,-18.83,50.50,203,2.2724,0.2786,LOCK,2,misalignment
757,7141295,7568,7581,-0.10530,0.12870,-0.81510,0.83189,1018.83,1000,-18.83,50.50,203,2.2787,0.3741,LOCK,2,misalignment
758,7141333,7606,7619,-0.03900,0.31590,-0.79950,0.86053,1018.84,1000,-18.84,50.50,203,2.2892,0.5338,LOCK,2,misalignment
759,7141342,7615,7628,-0.01560,0.06240,-0.72540,0.72825,1018.84,1000,-18.84,50.50,203,2.2932,0.5945,LOCK,2,misalignment
760,7141350,7623,7636,-0.01560,0.03120,-0.81900,0.81974,1018.85,1000,-18.85,50.50,203,2.2876,0.5087,LOCK,2,misalignment
761,7141359,7632,7645,0.00000,-0.05460,-0.82290,0.82471,1018.85,1000,-18.85,50.50,203,2.2884,0.5206,LOCK,2,misalignment
762,7141367,7640,7653,0.05070,-0.01950,-0.86580,0.86750,1018.86,1000,-18.86,50.50,203,2.2822,0.4272,LOCK,2,misalignment
763,7141376,7649,7662,0.05070,-0.01950,-0.86580,0.86750,1018.86,1000,-18.86,50.50,203,2.2955,0.6290,LOCK,2,misalignment
764,7141384,7657,7670,-0.02730,-0.03510,-0.81510,0.81631,1018.86,1000,-18.86,50.50,203,2.2930,0.5912,LOCK,2,misalignment
765,7141398,7671,7684,-0.14430,0.12480,-0.75270,0.77650,1018.86,1000,-18.86,50.50,203,2.2937,0.6018,LOCK,2,misalignment
766,7141406,7679,7692,0.08970,-0.06630,-0.79950,0.80724,1018.86,1000,-18.86,50.50,203,2.2850,0.4697,LOCK,2,misalignment
767,7141415,7688,7701,0.11700,0.08970,-0.78000,0.79381,1018.86,1000,-18.86,50.50,203,2.2723,0.2768,LOCK,2,misalignment
768,7141423,7696,7709,-0.08970,0.09360,-0.84240,0.85232,1018.86,1000,-18.86,50.50,203,2.2693,0.2313,LOCK,2,misalignment
769,7141432,7705,7718,0.06630,0.13260,-0.78390,0.79780,1018.86,1000,-18.86,50.50,203,2.2701,0.2444,LOCK,2,misalignment
770,7141440,7713,7726,0.04290,0.11700,-0.78000,0.78989,1018.86,1000,-18.86,50.50,203,2.2839,0.4532,LOCK,2,misalignment
771,7141452,7725,7738,0.08580,0.10140,-0.78390,0.79507,1018.87,1000,-18.87,50.50,203,2.2853,0.4746,LOCK,2,misalignment
772,7141461,7734,7747,0.07020,0.04290,-0.79950,0.80372,1018.88,1000,-18.88,50.50,203,2.2915,0.5689,LOCK,2,misalignment
773,7141469,7742,7755,0.07020,0.04290,-0.79950,0.80372,1018.88,1000,-18.88,50.50,203,2.2873,0.5045,LOCK,2,misalignment
774,7141478,7751,7764,-0.04290,-0.02730,-0.77610,0.77776,1018.89,1000,-18.89,50.50,203,2.2879,0.5130,LOCK,2,misalignment
775,7141486,7759,7772,-0.05850,0.13650,-0.84630,0.85923,1018.90,1000,-18.90,50.50,203,2.2927,0.5863,LOCK,2,misalignment
776,7141495,7768,7781,0.08970,0.08190,-0.76440,0.77399,1018.90,1000,-18.90,50.50,203,2.2902,0.5484,LOCK,2,misalignment
777,7141504,7777,7790,0.06240,0.26520,-0.72150,0.77122,1018.91,1000,-18.91,50.50,203,2.2911,0.5622,LOCK,2,misalignment
778,7141512,7785,7798,0.00390,-0.02730,-0.77220,0.77269,1018.90,1000,-18.90,50.50,203,2.2884,0.5216,LOCK,2,misalignment
779,7141521,7794,7807,0.00390,-0.02730,-0.77220,0.77269,1018.90,1000,-18.90,50.50,203,2.2614,0.1125,LOCK,2,misalignment
780,7141529,7802,7815,-0.10920,0.09750,-0.80730,0.82047,1018.89,1000,-18.89,50.50,203,2.2849,0.4681,LOCK,2,misalignment
781,7141537,7810,7823,0.00780,-0.15210,-0.83850,0.85222,1018.89,1000,-18.89,50.50,203,2.2617,0.1171,LOCK,2,misalignment
782,7141546,7819,7832,-0.00780,0.06630,-0.81120,0.81394,1018.89,1000,-18.89,50.50,203,2.2750,0.3177,LOCK,2,misalignment
783,7141555,7828,7841,0.05070,-0.12870,-0.79170,0.80369,1018.88,1000,-18.88,50.50,203,2.2851,0.4706,LOCK,2,misalignment
784,7141565,7838,7851,-0.01170,0.22620,-0.68640,0.72281,1018.86,1000,-18.86,50.50,203,2.2919,0.5747,LOCK,2,misalignment
785,7141575,7848,7861,0.02340,0.07410,-0.83850,0.84209,1018.87,1000,-18.87,50.50,203,2.2563,0.0347,LOCK,2,misalignment
786,7141585,7858,7871,-0.07020,0.06240,-0.86580,0.87088,1018.87,1000,-18.87,50.50,203,2.2769,0.3476,LOCK,2,misalignment
787,7141598,7871,7884,-0.02730,-0.03510,-0.78000,0.78127,1018.87,1000,-18.87,50.50,203,2.2844,0.4611,LOCK,2,misalignment
788,7141606,7879,7892,0.11310,-0.05850,-0.81120,0.82113,1018.87,1000,-18.87,50.50,203,2.2895,0.5380,LOCK,2,misalignment
789,7141615,7888,7901,0.06240,-0.01950,-0.81120,0.81383,1018.87,1000,-18.87,50.50,203,2.2873,0.5042,LOCK,2,misalignment
790,7141625,7898,7911,-0.11310,0.10530,-0.76830,0.78369,1018.87,1000,-18.87,50.50,203,2.2891,0.5316,LOCK,2,misalignment
791,7141635,7908,7921,-0.00390,-0.02340,-0.77220,0.77256,1018.86,1000,-18.86,50.50,203,2.2860,0.4846,LOCK,2,misalignment
792,7141645,7918,7931,0.03120,0.05460,-0.84240,0.84474,1018.86,1000,-18.86,50.50,203,2.2900,0.5451,LOCK,2,misalignment
793,7141655,7928,7941,-0.15210,0.05850,-0.80340,0.81976,1018.86,1000,-18.86,50.50,203,2.2914,0.5661,LOCK,2,misalignment
794,7141665,7938,7951,-0.15210,0.05850,-0.80340,0.81976,1018.86,1000,-18.86,50.50,203,2.2959,0.6342,LOCK,2,misalignment
795,7141675,7948,7961,-0.01950,0.21450,-0.76830,0.79792,1018.86,1000,-18.86,50.50,203,2.3005,0.7050,LOCK,2,misalignment
796,7141685,7958,7971,0.02340,0.00780,-0.77610,0.77649,1018.87,1000,-18.87,50.50,203,2.2914,0.5661,LOCK,2,misalignment
797,7141695,7968,7981,0.10140,0.07800,-0.67470,0.68672,1018.87,1000,-18.87,50.50,203,2.2867,0.4959,LOCK,2,misalignment
798,7141705,7978,7991,0.12870,-0.02340,-0.84630,0.85635,1018.87,1000,-18.87,50.50,203,2.2922,0.5786,LOCK,2,misalignment
799,7141715,7988,8001,0.00390,-0.08580,-0.75660,0.76146,1018.87,1000,-18.87,50.50,203,2.2828,0.4370,LOCK,2,misalignment
800,7141725,7998,8011,0.01170,0.15210,-0.81900,0.83309,1018.87,1000,-18.87,50.50,203,2.2675,0.2050,LOCK,2,misalignment
801,7141735,8008,8021,0.05460,0.12480,-0.75660,0.76877,1018.87,1000,-18.87,50.50,203,2.2713,0.2621,LOCK,2,misalignment
802,7141745,8018,8031,0.00000,0.20670,-0.70590,0.73554,1018.77,1000,-18.77,50.50,203,2.2754,0.3241,LOCK,2,misalignment
803,7141755,8028,8041,0.01170,-0.03900,-0.77220,0.77327,1018.74,1000,-18.74,50.50,203,2.2888,0.5274,LOCK,2,misalignment
804,7141765,8038,8051,0.01950,0.12480,-0.82680,0.83639,1018.74,1000,-18.74,50.50,203,2.2863,0.4895,LOCK,2,misalignment
805,7141775,8048,8061,-0.03510,-0.04290,-0.88920,0.89093,1018.73,1000,-18.73,50.50,203,2.2808,0.4056,LOCK,2,misalignment
806,7141785,8058,8071,-0.00390,0.00000,-0.77610,0.77611,1018.73,1000,-18.73,50.50,203,2.2883,0.5191,LOCK,2,misalignment
807,7141798,8071,8084,0.15210,-0.18330,-0.78000,0.81556,1018.73,1000,-18.73,50.50,203,2.2960,0.6360,LOCK,2,misalignment
808,7141806,8079,8092,-0.00390,0.07410,-0.67080,0.67489,1018.75,1000,-18.75,50.50,203,2.2875,0.5078,LOCK,2,misalignment
809,7141815,8088,8101,0.05070,0.00000,-0.81510,0.81668,1018.77,1000,-18.77,50.50,203,2.2933,0.5960,LOCK,2,misalignment
810,7141825,8098,8111,-0.05070,0.08190,-0.81510,0.82077,1018.87,1000,-18.87,50.50,203,2.2641,0.1534,LOCK,2,misalignment
811,7141835,8108,8121,-0.02340,0.10530,-0.85020,0.85702,1018.91,1000,-18.91,50.50,203,2.2539,-0.0019,LOCK,2,misalignment
812,7141845,8118,8131,0.07410,-0.04290,-0.85800,0.86226,1018.92,1000,-18.92,50.50,203,2.2516,-0.0370,LOCK,2,misalignment
813,7141855,8128,8141,0.03510,-0.08970,-0.79950,0.80528,1018.92,1000,-18.92,50.50,203,2.2845,0.4620,LOCK,2,misalignment
814,7141865,8138,8151,-0.05850,0.15600,-0.79560,0.81286,1018.96,1000,-18.96,50.50,203,2.2886,0.5240,LOCK,2,misalignment
815,7141875,8148,8161,-0.10530,0.14430,-0.78390,0.80400,1018.97,1000,-18.97,50.50,203,2.2962,0.6394,LOCK,2,misalignment
816,7141885,8158,8171,0.06240,0.07020,-0.85020,0.85537,1018.98,1000,-18.98,50.50,203,2.2663,0.1864,LOCK,2,misalignment
817,7141895,8168,8181,-0.09360,0.14820,-0.78000,0.79945,1018.98,1000,-18.98,50.50,203,2.2690,0.2279,LOCK,2,misalignment
818,7141905,8178,8191,-0.01560,0.16770,-0.76440,0.78273,1018.98,1000,-18.98,50.50,203,2.2680,0.2117,LOCK,2,misalignment
819,7141915,8188,8201,-0.08970,0.21450,-0.81900,0.85136,1018.98,1000,-18.98,50.50,203,2.2886,0.5240,LOCK,2,misalignment
820,7141925,8198,8211,-0.10920,0.06240,-0.71760,0.72854,1018.96,1000,-18.96,50.50,203,2.2851,0.4712,LOCK,2,misalignment
821,7141935,8208,8221,0.04290,0.02730,-0.84240,0.84393,1018.95,1000,-18.95,50.50,203,2.2871,0.5008,LOCK,2,misalignment
822,7141945,8218,8231,-0.07410,-0.06630,-0.77220,0.77858,1018.95,1000,-18.95,50.50,203,2.2893,0.5347,LOCK,2,misalignment
823,7141955,8228,8241,-0.03120,0.04290,-0.78780,0.78958,1018.95,1000,-18.95,50.50,203,2.2889,0.5295,LOCK,2,misalignment
824,7141965,8238,8251,0.04290,0.12870,-0.76830,0.78019,1018.95,1000,-18.95,50.50,203,2.2717,0.2676,LOCK,2,misalignment
825,7141975,8248,8261,0.00390,0.15210,-0.74490,0.76028,1018.95,1000,-18.95,50.50,203,2.2637,0.1476,LOCK,2,misalignment
826,7141985,8258,8271,0.10530,-0.01950,-0.76050,0.76800,1019.01,1000,-19.01,50.50,203,2.2739,0.3018,LOCK,2,misalignment
827,7141998,8271,8284,0.06630,-0.01560,-0.83070,0.83349,1019.01,1000,-19.01,50.50,203,2.2677,0.2072,LOCK,2,misalignment
828,7142010,8283,8296,-0.10140,-0.10140,-0.80340,0.81610,1019.01,1000,-19.01,50.50,203,2.2897,0.5414,LOCK,2,misalignment
829,7142019,8292,8305,0.00780,0.05460,-0.82290,0.82475,1019.01,1000,-19.01,50.50,203,2.2879,0.5133,LOCK,2,misalignment
830,7142027,8300,8313,0.05850,-0.24960,-0.76830,0.80994,1019.01,1000,-19.01,50.50,203,2.2568,0.0417,LOCK,2,misalignment
831,7142036,8309,8322,0.03120,0.07020,-0.67860,0.68293,1019.01,1000,-19.01,50.50,203,2.2736,0.2969,LOCK,2,misalignment
832,7142045,8318,8331,0.17940,-0.05460,-0.89310,0.91257,1019.00,1000,-19.00,50.50,203,2.2663,0.1864,LOCK,2,misalignment
833,7142055,8328,8341,0.17940,-0.05460,-0.89310,0.91257,1018.98,1000,-18.98,50.50,203,2.2752,0.3216,LOCK,2,misalignment
834,7142065,8338,8351,0.00000,0.07020,-0.72930,0.73267,1018.98,1000,-18.98,50.50,203,2.2897,0.5402,LOCK,2,misalignment
835,7142075,8348,8361,-0.05460,0.07020,-0.81510,0.81994,1018.97,1000,-18.97,50.50,203,2.2972,0.6553,LOCK,2,misalignment
836,7142085,8358,8371,0.07020,0.08970,-0.76440,0.77284,1018.97,1000,-18.97,50.50,203,2.2883,0.5200,LOCK,2,misalignment
837,7142095,8368,8381,0.10140,0.04680,-0.88140,0.88845,1018.97,1000,-18.97,50.50,203,2.2925,0.5835,LOCK,2,misalignment
838,7142105,8378,8391,-0.05850,-0.00780,-0.71760,0.72002,1019.06,1000,-19.06,50.50,203,2.2648,0.1632,LOCK,2,misalignment
839,7142115,8388,8401,-0.12480,0.09750,-0.77220,0.78827,1019.09,1000,-19.09,50.50,203,2.2616,0.1150,LOCK,2,misalignment
840,7142125,8398,8411,-0.05460,-0.13260,-0.85410,0.86605,1019.10,1000,-19.10,50.50,203,2.2720,0.2734,LOCK,2,misalignment
841,7142135,8408,8421,-0.02730,0.07020,-0.84240,0.84576,1019.10,1000,-19.10,50.50,203,2.2659,0.1803,LOCK,2,misalignment
842,7142166,8439,8452,-0.12480,0.15210,-0.73320,0.75914,1019.08,1000,-19.08,50.50,203,2.2850,0.4703,LOCK,2,misalignment
843,7142174,8447,8460,-0.01170,0.08580,-0.85800,0.86236,1019.07,1000,-19.07,50.50,203,2.2903,0.5506,LOCK,2,misalignment
844,7142183,8456,8469,-0.01560,-0.12480,-0.79170,0.80163,1019.05,1000,-19.05,50.50,203,2.2728,0.2853,LOCK,2,misalignment
845,7142191,8464,8477,0.00780,-0.05460,-0.82290,0.82475,1019.04,1000,-19.04,50.50,203,2.2780,0.3644,LOCK,2,misalignment
846,7142205,8478,8491,0.06240,0.07800,-0.76830,0.77477,1019.02,1000,-19.02,50.50,203,2.2768,0.3454,LOCK,2,misalignment
847,7142217,8490,8503,-0.07410,0.10920,-0.74880,0.76034,1019.04,1000,-19.04,50.50,203,2.2905,0.5536,LOCK,2,misalignment
848,7142225,8498,8511,0.16380,-0.01950,-0.70590,0.72492,1019.05,1000,-19.05,50.50,203,2.2863,0.4895,LOCK,2,misalignment
849,7142234,8507,8520,0.16380,0.24180,-0.83070,0.88055,1019.07,1000,-19.07,50.50,203,2.2900,0.5454,LOCK,2,misalignment
850,7142242,8515,8528,-0.11310,-0.06240,-0.86190,0.87153,1019.08,1000,-19.08,50.50,203,2.2897,0.5411,LOCK,2,misalignment
851,7142251,8524,8537,0.02730,0.03510,-0.84240,0.84357,1019.09,1000,-19.09,50.50,203,2.2916,0.5701,LOCK,2,misalignment
852,7142259,8532,8545,0.02730,0.03510,-0.84240,0.84357,1019.10,1000,-19.10,50.50,203,2.2908,0.5582,LOCK,2,misalignment
853,7142268,8541,8554,0.01950,-0.20670,-0.77220,0.79962,1019.10,1000,-19.10,50.50,203,2.2920,0.5756,LOCK,2,misalignment
854,7142277,8550,8563,0.06240,0.12480,-0.73320,0.74636,1019.11,1000,-19.11,50.50,203,2.2875,0.5078,LOCK,2,misalignment
855,7142285,8558,8571,0.17940,-0.05460,-0.87360,0.89350,1019.12,1000,-19.12,50.50,203,2.2896,0.5396,LOCK,2,misalignment
856,7142294,8567,8580,0.04290,-0.02730,-0.81120,0.81279,1019.13,1000,-19.13,50.50,203,2.2868,0.4971,LOCK,2,misalignment
857,7142302,8575,8588,-0.11310,0.01950,-0.74100,0.74984,1019.13,1000,-19.13,50.50,203,2.2890,0.5304,LOCK,2,misalignment
858,7142311,8584,8597,-0.11310,0.01950,-0.74100,0.74984,1019.14,1000,-19.14,50.50,203,2.2893,0.5353,LOCK,2,misalignment
859,7142319,8592,8605,-0.01170,0.05070,-0.76830,0.77006,1019.14,1000,-19.14,50.50,203,2.2878,0.5124,LOCK,2,misalignment
860,7142328,8601,8614,0.10140,0.07020,-0.82290,0.83209,1019.15,1000,-19.15,50.50,203,2.2962,0.6400,LOCK,2,misalignment
861,7142336,8609,8622,0.02340,0.01560,-0.78000,0.78051,1019.16,1000,-19.16,50.50,203,2.2730,0.2884,LOCK,2,misalignment
862,7142345,8618,8631,-0.01950,0.05460,-0.81510,0.81716,1019.17,1000,-19.17,50.50,203,2.2628,0.1333,LOCK,2,misalignment
863,7142363,8636,8649,-0.01560,0.10920,-0.81510,0.82253,1019.18,1000,-19.18,50.50,203,2.2863,0.4892,LOCK,2,misalignment
864,7142375,8648,8661,-0.00390,0.10920,-0.80730,0.81466,1019.19,1000,-19.19,50.50,203,2.2940,0.6067,LOCK,2,misalignment
865,7142384,8657,8670,0.03120,0.28080,-0.78390,0.83326,1019.20,1000,-19.20,50.50,203,2.2871,0.5008,LOCK,2,misalignment
866,7142392,8665,8678,0.03120,0.28080,-0.78390,0.83326,1019.20,1000,-19.20,50.50,203,2.2870,0.4996,LOCK,2,misalignment
867,7142406,8679,8692,-0.11310,0.12870,-0.79950,0.81765,1019.20,1000,-19.20,50.50,203,2.2911,0.5625,LOCK,2,misalignment
868,7142414,8687,8700,0.05070,-0.00390,-0.82680,0.82836,1019.21,1000,-19.21,50.50,203,2.2836,0.4480,LOCK,2,misalignment
869,7142423,8696,8709,0.05070,-0.00390,-0.82680,0.82836,1019.21,1000,-19.21,50.50,203,2.2830,0.4401,LOCK,2,misalignment
870,7142431,8704,8717,-0.04290,0.09360,-0.84240,0.84867,1019.21,1000,-19.21,50.50,203,2.2862,0.4886,LOCK,2,misalignment
871,7142440,8713,8726,0.05070,-0.03510,-0.70980,0.71247,1019.21,1000,-19.21,50.50,203,2.2766,0.3418,LOCK,2,misalignment
872,7142448,8721,8734,-0.08190,0.23400,-0.79560,0.83333,1019.22,1000,-19.22,50.50,203,2.2693,0.2322,LOCK,2,misalignment
873,7142457,8730,8743,0.08580,0.09750,-0.79950,0.80998,1019.24,1000,-19.24,50.50,203,2.2627,0.1311,LOCK,2,misalignment
874,7142465,8738,8751,-0.00780,0.01170,-0.80730,0.80742,1019.26,1000,-19.26,50.50,203,2.2790,0.3790,LOCK,2,misalignment
875,7142475,8748,8761,-0.00780,0.01170,-0.80730,0.80742,1019.28,1000,-19.28,50.50,203,2.2904,0.5521,LOCK,2,misalignment
876,7142485,8758,8771,-0.07020,-0.11700,-0.75660,0.76880,1019.37,1000,-19.37,50.50,203,2.2874,0.5063,LOCK,2,misalignment
877,7142495,8768,8781,0.06240,0.00000,-0.85020,0.85249,1019.43,1000,-19.43,50.50,203,2.2654,0.1721,LOCK,2,misalignment
878,7142505,8778,8791,-0.02340,-0.03900,-0.84240,0.84363,1019.44,1000,-19.44,50.50,203,2.2594,0.0820,LOCK,2,misalignment
879,7142515,8788,8801,-0.07800,0.14820,-0.72150,0.74068,1019.28,1000,-19.28,50.50,203,2.2596,0.0844,LOCK,2,misalignment
880,7142525,8798,8811,0.12090,-0.03120,-0.79560,0.80534,1019.23,1000,-19.23,50.50,203,2.2894,0.5365,LOCK,2,misalignment
881,7142535,8808,8821,0.08970,0.04680,-0.79170,0.79814,1019.22,1000,-19.22,50.50,203,2.2994,0.6882,LOCK,2,misalignment
882,7142545,8818,8831,-0.09360,-0.07020,-0.86970,0.87753,1019.22,1000,-19.22,50.50,203,2.2905,0.5527,LOCK,2,misalignment
883,7142555,8828,8841,0.07020,0.06630,-0.79560,0.80144,1019.22,1000,-19.22,50.50,203,2.2837,0.4507,LOCK,2,misalignment
884,7142565,8838,8851,0.09360,0.11700,-0.79170,0.80575,1019.22,1000,-19.22,50.50,203,2.2861,0.4862,LOCK,2,misalignment
885,7142575,8848,8861,0.06240,0.06240,-0.79560,0.80048,1019.26,1000,-19.26,50.50,203,2.2891,0.5326,LOCK,2,misalignment
886,7142585,8858,8871,0.05460,0.06240,-0.88530,0.88917,1019.28,1000,-19.28,50.50,203,2.2840,0.4544,LOCK,2,misalignment
887,7142595,8868,8881,-0.02730,0.00000,-0.76440,0.76489,1019.28,1000,-19.28,50.50,203,2.2752,0.3216,LOCK,2,misalignment
888,7142608,8881,8894,-0.02730,0.17940,-0.79950,0.81984,1019.28,1000,-19.28,50.50,203,2.2444,-0.1454,LOCK,2,misalignment
889,7142616,8889,8902,0.07410,0.00780,-0.82290,0.82627,1019.28,1000,-19.28,50.50,203,2.2724,0.2795,LOCK,2,misalignment
890,7142625,8898,8911,-0.00780,0.22620,-0.70980,0.74501,1019.28,1000,-19.28,50.50,203,2.2776,0.3576,LOCK,2,misalignment
891,7142654,8927,8940,-0.00390,-0.01950,-0.82680,0.82704,1019.27,1000,-19.27,50.50,203,2.2931,0.5930,LOCK,2,misalignment
892,7142662,8935,8948,-0.07020,0.13260,-0.78000,0.79430,1019.25,1000,-19.25,50.50,203,2.2929,0.5890,LOCK,2,misalignment
893,7142671,8944,8957,0.03510,-0.15600,-0.78780,0.80386,1019.24,1000,-19.24,50.50,203,2.2882,0.5185,LOCK,2,misalignment
894,7142679,8952,8965,0.03510,-0.15600,-0.78780,0.80386,1019.23,1000,-19.23,50.50,203,2.2938,0.6028,LOCK,2,misalignment
895,7142688,8961,8974,-0.04290,0.26130,-0.75660,0.80160,1019.24,1000,-19.24,50.50,203,2.2818,0.4211,LOCK,2,misalignment
896,7142697,8970,8983,-0.00390,0.06630,-0.74100,0.74397,1019.25,1000,-19.25,50.50,203,2.2722,0.2764,LOCK,2,misalignment
897,7142705,8978,8991,-0.08190,-0.03900,-0.88530,0.88994,1019.25,1000,-19.25,50.50,203,2.2746,0.3122,LOCK,2,misalignment
898,7142713,8986,8999,-0.06630,-0.08580,-0.75660,0.76433,1019.26,1000,-19.26,50.50,203,2.2802,0.3973,LOCK,2,misalignment
899,7142722,8995,9008,0.05850,-0.07410,-0.84630,0.85155,1019.27,1000,-19.27,50.50,203,2.2829,0.4376,LOCK,2,misalignment
900,7142730,9003,9016,0.05850,-0.07410,-0.84630,0.85155,1019.27,1000,-19.27,50.50,203,2.2889,0.5292,LOCK,2,misalignment
901,7142739,9012,9025,-0.05070,-0.00390,-0.84630,0.84783,1019.28,1000,-19.28,50.50,203,2.2860,0.4849,LOCK,2,misalignment
902,7142748,9021,9034,-0.11700,0.15600,-0.69810,0.72482,1019.29,1000,-19.29,50.50,203,2.2857,0.4797,LOCK,2,misalignment
903,7142756,9029,9042,0.07020,-0.01170,-0.77610,0.77936,1019.30,1000,-19.30,50.50,203,2.2804,0.3998,LOCK,2,misalignment
904,7142775,9048,9061,-0.14430,-0.03120,-0.87360,0.88599,1019.30,1000,-19.30,50.50,203,2.2849,0.4684,LOCK,2,misalignment
905,7142783,9056,9069,0.03510,0.14430,-0.76830,0.78252,1019.31,1000,-19.31,50.50,203,2.2857,0.4810,LOCK,2,misalignment
906,7142792,9065,9078,0.03510,0.14430,-0.76830,0.78252,1019.32,1000,-19.32,50.50,203,2.2931,0.5924,LOCK,2,misalignment
907,7142800,9073,9086,0.05070,0.10920,-0.80340,0.81237,1019.32,1000,-19.32,50.50,203,2.2535,-0.0077,LOCK,2,misalignment
908,7142814,9087,9100,0.05460,0.04680,-0.77220,0.77554,1019.33,1000,-19.33,50.50,203,2.2669,0.1949,LOCK,2,misalignment
909,7142822,9095,9108,0.07800,0.07800,-0.83460,0.84186,1019.33,1000,-19.33,50.50,203,2.2668,0.1946,LOCK,2,misalignment
910,7142830,9103,9116,-0.05070,0.01560,-0.79560,0.79737,1019.34,1000,-19.34,50.50,203,2.2843,0.4584,LOCK,2,misalignment
911,7142839,9112,9125,-0.05460,0.11700,-0.80730,0.81756,1019.34,1000,-19.34,50.50,203,2.2891,0.5319,LOCK,2,misalignment
912,7142847,9120,9133,0.05850,0.15210,-0.78390,0.80066,1019.34,1000,-19.34,50.50,203,2.2819,0.4224,LOCK,2,misalignment
913,7142856,9129,9142,0.01560,0.13260,-0.72540,0.73758,1019.35,1000,-19.35,50.50,203,2.2959,0.6342,LOCK,2,misalignment
914,7142865,9138,9151,0.01560,0.13260,-0.72540,0.73758,1019.36,1000,-19.36,50.50,203,2.2909,0.5594,LOCK,2,misalignment
915,7142875,9148,9161,0.02730,0.01950,-0.80730,0.80800,1019.41,1000,-19.41,50.50,203,2.2957,0.6321,LOCK,2,misalignment
916,7142885,9158,9171,-0.08190,0.10920,-0.79950,0.81107,1019.42,1000,-19.42,50.50,203,2.2861,0.4865,LOCK,2,misalignment
917,7142895,9168,9181,-0.01950,-0.08970,-0.78000,0.78538,1019.42,1000,-19.42,50.50,203,2.2720,0.2728,LOCK,2,misalignment
918,7142905,9178,9191,-0.00780,0.07800,-0.76440,0.76841,1019.42,1000,-19.42,50.50,203,2.2672,0.2004,LOCK,2,misalignment
919,7142915,9188,9201,0.11700,-0.13650,-0.78780,0.80805,1019.42,1000,-19.42,50.50,203,2.2605,0.0985,LOCK,2,misalignment
920,7142933,9206,9219,-0.07410,0.03120,-0.73710,0.74147,1019.41,1000,-19.41,50.50,203,2.2870,0.5002,LOCK,2,misalignment
921,7142942,9215,9228,-0.12090,0.00000,-0.85410,0.86261,1019.40,1000,-19.40,50.50,203,2.2885,0.5225,LOCK,2,misalignment
922,7142950,9223,9236,0.03900,0.06630,-0.81120,0.81484,1019.39,1000,-19.39,50.50,203,2.2882,0.5188,LOCK,2,misalignment
923,7142959,9232,9245,0.06630,-0.05850,-0.85800,0.86254,1019.38,1000,-19.38,50.50,203,2.2875,0.5078,LOCK,2,misalignment
924,7142967,9240,9253,0.06630,-0.05850,-0.85800,0.86254,1019.38,1000,-19.38,50.50,203,2.2883,0.5197,LOCK,2,misalignment
925,7142976,9249,9262,0.01560,-0.06240,-0.76830,0.77099,1019.37,1000,-19.37,50.50,203,2.2933,0.5951,LOCK,2,misalignment
926,7142985,9258,9271,-0.14430,0.02730,-0.74880,0.76307,1019.33,1000,-19.33,50.50,203,2.2691,0.2291,LOCK,2,misalignment
927,7142995,9268,9281,0.01560,0.01170,-0.75660,0.75685,1019.28,1000,-19.28,50.50,203,2.2899,0.5432,LOCK,2,misalignment
928,7143005,9278,9291,0.05850,0.11310,-0.84630,0.85583,1019.26,1000,-19.26,50.50,203,2.2846,0.4633,LOCK,2,misalignment
929,7143018,9291,9304,-0.16380,0.08190,-0.76050,0.78224,1019.26,1000,-19.26,50.50,203,2.2728,0.2844,LOCK,2,misalignment
930,7143026,9299,9312,0.03510,0.21450,-0.76050,0.79095,1019.26,1000,-19.26,50.50,203,2.2702,0.2450,LOCK,2,misalignment
931,7143035,9308,9321,-0.04290,0.05850,-0.80730,0.81055,1019.26,1000,-19.26,50.50,203,2.2844,0.4599,LOCK,2,misalignment
932,7143045,9318,9331,0.03120,0.12090,-0.72540,0.73607,1019.19,1000,-19.19,50.50,203,2.2882,0.5176,LOCK,2,misalignment
933,7143055,9328,9341,0.05070,-0.03510,-0.79560,0.79799,1019.17,1000,-19.17,50.50,203,2.2907,0.5554,LOCK,2,misalignment
934,7143065,9338,9351,-0.00780,-0.12090,-0.76050,0.77009,1019.16,1000,-19.16,50.50,203,2.2879,0.5142,LOCK,2,misalignment
935,7143075,9348,9361,-0.04290,0.08580,-0.83850,0.84397,1019.16,1000,-19.16,50.50,203,2.2901,0.5475,LOCK,2,misalignment
936,7143085,9358,9371,0.00000,0.08190,-0.73320,0.73776,1019.16,1000,-19.16,50.50,203,2.2923,0.5799,LOCK,2,misalignment
937,7143095,9368,9381,-0.00780,0.16380,-0.72540,0.74370,1019.16,1000,-19.16,50.50,203,2.2893,0.5356,LOCK,2,misalignment
938,7143105,9378,9391,0.03510,0.05070,-0.76830,0.77077,1019.12,1000,-19.12,50.50,203,2.2652,0.1693,LOCK,2,misalignment
939,7143115,9388,9401,-0.03900,-0.01170,-0.79560,0.79664,1019.11,1000,-19.11,50.50,203,2.2651,0.1678,LOCK,2,misalignment
940,7143125,9398,9411,-0.06630,-0.23400,-0.87750,0.91058,1019.11,1000,-19.11,50.50,203,2.2712,0.2609,LOCK,2,misalignment
941,7143135,9408,9421,-0.04680,-0.01560,-0.81900,0.82048,1019.11,1000,-19.11,50.50,203,2.2725,0.2810,LOCK,2,misalignment
942,7143145,9418,9431,0.10530,-0.19500,-0.76440,0.79588,1019.11,1000,-19.11,50.50,203,2.2880,0.5158,LOCK,2,misalignment
943,7143155,9428,9441,-0.03120,0.15600,-0.64350,0.66287,1019.11,1000,-19.11,50.50,203,2.2940,0.6067,LOCK,2,misalignment
944,7143165,9438,9451,0.07020,-0.05070,-0.84630,0.85072,1019.08,1000,-19.08,50.50,203,2.2901,0.5475,LOCK,2,misalignment
945,7143175,9448,9461,-0.06630,0.05070,-0.83850,0.84264,1019.07,1000,-19.07,50.50,203,2.2938,0.6034,LOCK,2,misalignment
946,7143185,9458,9471,-0.00390,0.03900,-0.81510,0.81604,1019.07,1000,-19.07,50.50,203,2.2812,0.4114,LOCK,2,misalignment
947,7143195,9468,9481,0.05850,-0.01170,-0.78780,0.79006,1019.07,1000,-19.07,50.50,203,2.2912,0.5637,LOCK,2,misalignment
948,7143205,9478,9491,0.08580,-0.04290,-0.78780,0.79362,1019.07,1000,-19.07,50.50,203,2.2925,0.5829,LOCK,2,misalignment
949,7143218,9491,9504,-0.09360,0.09360,-0.78390,0.79500,1019.07,1000,-19.07,50.50,203,2.2718,0.2694,LOCK,2,misalignment
950,7143227,9500,9513,-0.08970,0.06630,-0.82290,0.83043,1019.08,1000,-19.08,50.50,203,2.2659,0.1806,LOCK,2,misalignment
951,7143235,9508,9521,-0.03900,-0.07410,-0.77220,0.77673,1019.09,1000,-19.09,50.50,203,2.2503,-0.0557,LOCK,2,misalignment
952,7143245,9518,9531,-0.11700,0.14430,-0.78000,0.80182,1019.13,1000,-19.13,50.50,203,2.2743,0.3070,LOCK,2,misalignment
953,7143292,9565,9578,0.04290,-0.01560,-0.85020,0.85142,1019.10,1000,-19.10,50.50,203,2.2913,0.5652,LOCK,2,misalignment
954,7143300,9573,9586,0.05460,-0.06240,-0.78000,0.78439,1019.07,1000,-19.07,50.50,203,2.2931,0.5918,LOCK,2,misalignment
955,7143309,9582,9595,-0.02340,0.07020,-0.86970,0.87284,1019.05,1000,-19.05,50.50,203,2.2795,0.3857,LOCK,2,misalignment
956,7143317,9590,9603,0.00780,0.09750,-0.68250,0.68947,1019.02,1000,-19.02,50.50,203,2.2965,0.6440,LOCK,2,misalignment
957,7143326,9599,9612,0.00780,0.09750,-0.68250,0.68947,1019.00,1000,-19.00,50.50,203,2.2880,0.5155,LOCK,2,misalignment
958,7143334,9607,9620,0.02730,0.15600,-0.75270,0.76918,1019.01,1000,-19.01,50.50,203,2.2966,0.6449,LOCK,2,misalignment
959,7143343,9616,9629,0.05850,0.07410,-0.77610,0.78182,1019.02,1000,-19.02,50.50,203,2.2905,0.5536,LOCK,2,misalignment
960,7143351,9624,9637,0.07800,0.04290,-0.82680,0.83158,1019.03,1000,-19.03,50.50,203,2.2906,0.5542,LOCK,2,misalignment
961,7143360,9633,9646,-0.06240,-0.13260,-0.83850,0.85121,1019.04,1000,-19.04,50.50,203,2.2697,0.2374,LOCK,2,misalignment
962,7143368,9641,9654,0.01170,-0.01950,-0.78390,0.78423,1019.05,1000,-19.05,50.50,203,2.2698,0.2398,LOCK,2,misalignment
963,7143377,9650,9663,0.01170,-0.01950,-0.78390,0.78423,1019.05,1000,-19.05,50.50,203,2.2773,0.3525,LOCK,2,misalignment
964,7143398,9671,9684,-0.05460,0.04680,-0.65520,0.65913,1019.04,1000,-19.04,50.50,203,2.2893,0.5344,LOCK,2,misalignment
965,7143406,9679,9692,0.11310,-0.05850,-0.88140,0.89055,1019.02,1000,-19.02,50.50,203,2.2852,0.4724,LOCK,2,misalignment
966,7143420,9693,9706,-0.01170,0.11310,-0.80730,0.81527,1019.00,1000,-19.00,50.50,203,2.2736,0.2963,LOCK,2,misalignment
967,7143428,9701,9714,-0.01170,0.11310,-0.80730,0.81527,1018.99,1000,-18.99,50.50,203,2.2636,0.1455,LOCK,2,misalignment
968,7143436,9709,9722,0.07410,-0.01950,-0.81900,0.82258,1018.98,1000,-18.98,50.50,203,2.2655,0.1742,LOCK,2,misalignment
969,7143445,9718,9731,0.09750,-0.03120,-0.84240,0.84860,1018.97,1000,-18.97,50.50,203,2.2938,0.6037,LOCK,2,misalignment
970,7143454,9727,9740,-0.01950,0.07020,-0.74490,0.74845,1018.96,1000,-18.96,50.50,203,2.2911,0.5615,LOCK,2,misalignment
971,7143462,9735,9748,-0.13650,0.05070,-0.78390,0.79731,1018.95,1000,-18.95,50.50,203,2.2920,0.5756,LOCK,2,misalignment
972,7143471,9744,9757,-0.05070,0.01170,-0.85800,0.85958,1018.95,1000,-18.95,50.50,203,2.2903,0.5496,LOCK,2,misalignment
973,7143479,9752,9765,-0.05070,0.01170,-0.85800,0.85958,1018.94,1000,-18.94,50.50,203,2.2791,0.3805,LOCK,2,misalignment
974,7143488,9761,9774,-0.10530,0.13650,-0.78780,0.80644,1018.93,1000,-18.93,50.50,203,2.2928,0.5872,LOCK,2,misalignment
975,7143496,9769,9782,0.02340,0.16380,-0.72930,0.74783,1018.93,1000,-18.93,50.50,203,2.2832,0.4422,LOCK,2,misalignment
976,7143505,9778,9791,-0.06630,0.11700,-0.79560,0.80689,1018.92,1000,-18.92,50.50,203,2.2678,0.2087,LOCK,2,misalignment
977,7143513,9786,9799,-0.10140,-0.01950,-0.67860,0.68641,1018.90,1000,-18.90,50.50,203,2.2639,0.1507,LOCK,2,misalignment
978,7143522,9795,9808,0.01950,-0.01560,-0.87750,0.87786,1018.88,1000,-18.88,50.50,203,2.2720,0.2728,LOCK,2,misalignment
979,7143547,9820,9833,-0.03900,0.01560,-0.80730,0.80839,1018.86,1000,-18.86,50.50,203,2.2883,0.5200,LOCK,2,misalignment
980,7143556,9829,9842,0.05850,0.08970,-0.75270,0.76028,1018.85,1000,-18.85,50.50,203,2.2833,0.4446,LOCK,2,misalignment
981,7143564,9837,9850,-0.02340,0.19110,-0.78780,0.81098,1018.83,1000,-18.83,50.50,203,2.2926,0.5841,LOCK,2,misalignment
982,7143573,9846,9859,0.00000,-0.01170,-0.70200,0.70210,1018.83,1000,-18.83,50.50,203,2.2839,0.4535,LOCK,2,misalignment
983,7143581,9854,9867,0.00000,-0.01170,-0.70200,0.70210,1018.83,1000,-18.83,50.50,203,2.2889,0.5286,LOCK,2,misalignment
984,7143590,9863,9876,0.19500,0.16770,-0.81510,0.85471,1018.83,1000,-18.83,50.50,203,2.2817,0.4199,LOCK,2,misalignment
985,7143598,9871,9884,-0.07410,-0.10530,-0.85020,0.85989,1018.82,1000,-18.82,50.50,203,2.2838,0.4511,LOCK,2,misalignment
986,7143607,9880,9893,0.02340,0.00780,-0.84630,0.84666,1018.82,1000,-18.82,50.50,203,2.2851,0.4712,LOCK,2,misalignment
987,7143620,9893,9906,0.05460,-0.19110,-0.72930,0.75590,1018.82,1000,-18.82,50.50,203,2.2682,0.2151,LOCK,2,misalignment
988,7143629,9902,9915,0.03120,0.06240,-0.67860,0.68218,1018.80,1000,-18.80,50.50,203,2.2742,0.3061,LOCK,2,misalignment
989,7143637,9910,9923,0.15990,-0.01560,-0.85020,0.86525,1018.79,1000,-18.79,50.50,203,2.2656,0.1763,LOCK,2,misalignment
990,7143646,9919,9932,-0.03510,0.08190,-0.80730,0.81220,1018.77,1000,-18.77,50.50,203,2.2811,0.4111,LOCK,2,misalignment
991,7143654,9927,9940,-0.03510,0.08190,-0.80730,0.81220,1018.76,1000,-18.76,50.50,203,2.2881,0.5164,LOCK,2,misalignment
992,7143663,9936,9949,-0.09360,0.04680,-0.78000,0.78699,1018.75,1000,-18.75,50.50,203,2.2877,0.5100,LOCK,2,misalignment
993,7143671,9944,9957,0.05850,-0.01950,-0.79170,0.79410,1018.74,1000,-18.74,50.50,203,2.2824,0.4300,LOCK,2,misalignment
994,7143680,9953,9966,0.12480,-0.10920,-0.83850,0.85474,1018.73,1000,-18.73,50.50,203,2.2925,0.5826,LOCK,2,misalignment
995,7143688,9961,9974,-0.03510,0.15600,-0.76440,0.78095,1018.72,1000,-18.72,50.50,203,2.2911,0.5628,LOCK,2,misalignment
996,7143697,9970,9983,-0.07800,0.07410,-0.76830,0.77580,1018.71,1000,-18.71,50.50,203,2.2811,0.4111,LOCK,2,misalignment
997,7143705,9978,9991,-0.07800,0.07410,-0.76830,0.77580,1018.70,1000,-18.70,50.50,203,2.2898,0.5417,LOCK,2,misalignment
