sample_index,time_ms_raw,time_ms_zero,elapsed_ms,ax_g,ay_g,az_g,total_g,rpm,target_rpm,rpm_error,pwm_eq,duty_10bit,acs_v,current_a,control_mode,state,fault_type
0,3097326,0,13,-0.37830,-0.31200,-0.84240,0.97473,1000.03,1000,-0.03,50.25,202,2.2591,0.0774,LOCK,2,misalignment
1,3097334,8,21,0.03510,0.00000,-0.70980,0.71067,1000.03,1000,-0.03,50.25,202,2.2464,-0.1146,LOCK,2,misalignment
2,3097344,18,31,0.03510,0.00000,-0.70980,0.71067,1000.03,1000,-0.03,50.25,202,2.2515,-0.0383,LOCK,2,misalignment
3,3097354,28,41,0.04680,-0.10140,-0.88920,0.89619,1000.03,1000,-0.03,50.25,202,2.2340,-0.3023,LOCK,2,misalignment
4,3097364,38,51,0.19110,0.03510,-0.72930,0.75474,1000.01,1000,-0.01,50.25,202,2.2504,-0.0544,LOCK,2,misalignment
5,3097374,48,61,-0.00780,-0.08970,-0.64740,0.65363,1000.00,1000,-0.00,50.25,202,2.2660,0.1824,LOCK,2,misalignment
6,3097384,58,71,-0.26910,0.18330,-0.85020,0.91041,1000.00,1000,0.00,50.25,202,2.2495,-0.0688,LOCK,2,misalignment
7,3097394,68,81,-0.34320,-0.10530,-0.79950,0.87640,1000.00,1000,0.00,50.25,202,2.2537,-0.0041,LOCK,2,misalignment
8,3097404,78,91,-0.09360,-0.15210,-0.90480,0.92226,1000.00,1000,0.00,50.25,202,2.2493,-0.0718,LOCK,2,misalignment
9,3097414,88,101,0.08580,0.26520,-0.87360,0.91699,1000.00,1000,0.00,50.25,202,2.2584,0.0670,LOCK,2,misalignment
10,3097424,98,111,0.17940,0.19110,-0.88920,0.92703,999.98,1000,0.02,50.25,202,2.2637,0.1470,LOCK,2,misalignment
11,3097439,113,126,-0.15990,0.22620,-0.73320,0.78378,999.96,1000,0.04,50.25,202,2.2411,-0.1952,LOCK,2,misalignment
12,3097447,121,134,-0.33930,0.03510,-0.88920,0.95238,999.96,1000,0.04,50.25,202,2.2521,-0.0294,LOCK,2,misalignment
13,3097455,129,142,-0.33930,0.03510,-0.88920,0.95238,999.95,1000,0.05,50.25,202,2.2505,-0.0532,LOCK,2,misalignment
14,3097464,138,151,0.04290,0.03900,-0.75270,0.75493,999.95,1000,0.05,50.25,202,2.2734,0.2942,LOCK,2,misalignment
15,3097474,148,161,0.29250,0.31980,-0.90870,1.00676,999.95,1000,0.05,50.25,202,2.2647,0.1614,LOCK,2,misalignment
16,3097484,158,171,0.23790,0.03120,-0.63570,0.67947,999.92,1000,0.08,50.25,202,2.2313,-0.3438,LOCK,2,misalignment
17,3097494,168,181,-0.22230,0.27690,-0.74490,0.82521,999.91,1000,0.09,50.25,202,2.2312,-0.3457,LOCK,2,misalignment
18,3097504,178,191,-0.22620,0.21060,-0.70980,0.77417,999.91,1000,0.09,50.25,202,2.2507,-0.0505,LOCK,2,misalignment
19,3097514,188,201,-0.18330,-0.03120,-0.78780,0.80944,999.91,1000,0.09,50.25,202,2.2504,-0.0548,LOCK,2,misalignment
20,3097527,201,214,0.05070,-0.09750,-0.76830,0.77612,999.91,1000,0.09,50.25,202,2.2618,0.1180,LOCK,2,misalignment
21,3097535,209,222,-0.02730,0.43680,-0.74100,0.86059,999.91,1000,0.09,50.25,202,2.2404,-0.2068,LOCK,2,misalignment
22,3097544,218,231,0.05850,-0.05850,-0.67860,0.68362,999.91,1000,0.09,50.25,202,2.2387,-0.2321,LOCK,2,misalignment
23,3097554,228,241,-0.12870,0.15990,-0.62790,0.66060,999.89,1000,0.11,50.25,202,2.2431,-0.1652,LOCK,2,misalignment
24,3097564,238,251,-0.35100,0.00390,-0.72540,0.80587,999.88,1000,0.12,50.25,202,2.2452,-0.1332,LOCK,2,misalignment
25,3097575,249,262,-0.13650,0.09750,-0.73320,0.75214,999.88,1000,0.12,50.25,202,2.2567,0.0405,LOCK,2,misalignment
26,3097584,258,271,0.08580,-0.07020,-0.84240,0.84966,999.88,1000,0.12,50.25,202,2.2657,0.1772,LOCK,2,misalignment
27,3097594,268,281,0.13260,0.09360,-0.74490,0.76238,999.88,1000,0.12,50.25,202,2.2471,-0.1042,LOCK,2,misalignment
28,3097604,278,291,0.05070,-0.03900,-0.66690,0.66996,999.77,1000,0.23,50.25,202,2.2530,-0.0151,LOCK,2,misalignment
29,3097614,288,301,-0.13260,0.26130,-0.85410,0.90297,999.74,1000,0.26,50.25,202,2.2446,-0.1430,LOCK,2,misalignment
30,3097624,298,311,-0.28470,0.04290,-0.73320,0.78770,999.73,1000,0.27,50.25,202,2.2636,0.1452,LOCK,2,misalignment
31,3097639,313,326,-0.16380,-0.16380,-0.89310,0.92265,999.73,1000,0.27,50.25,202,2.2653,0.1708,LOCK,2,misalignment
32,3097647,321,334,0.01170,-0.06240,-0.86580,0.86812,999.73,1000,0.27,50.25,202,2.2485,-0.0828,LOCK,2,misalignment
33,3097655,329,342,0.04680,0.05460,-0.95160,0.95431,999.73,1000,0.27,50.25,202,2.2571,0.0469,LOCK,2,misalignment
34,3097664,338,351,-0.05070,-0.21840,-0.74880,0.78165,999.74,1000,0.26,50.25,202,2.2404,-0.2065,LOCK,2,misalignment
35,3097674,348,361,-0.14040,0.23790,-0.80340,0.84956,999.78,1000,0.22,50.25,202,2.2599,0.0890,LOCK,2,misalignment
36,3097684,358,371,-0.29250,-0.33540,-0.86970,0.97695,999.79,1000,0.21,50.25,202,2.2641,0.1537,LOCK,2,misalignment
37,3097694,368,381,-0.07800,-0.03900,-0.76440,0.76936,999.80,1000,0.20,50.25,202,2.2428,-0.1695,LOCK,2,misalignment
38,3097704,378,391,0.01950,-0.07800,-0.90480,0.90837,999.80,1000,0.20,50.25,202,2.2487,-0.0810,LOCK,2,misalignment
39,3097714,388,401,0.28860,0.00390,-0.83070,0.87941,999.80,1000,0.20,50.25,202,2.2421,-0.1805,LOCK,2,misalignment
40,3097724,398,411,-0.08970,-0.08190,-0.68640,0.69706,999.79,1000,0.21,50.25,202,2.2573,0.0496,LOCK,2,misalignment
41,3097734,408,421,-0.17940,0.15210,-0.83460,0.86711,999.78,1000,0.22,50.25,202,2.2671,0.1986,LOCK,2,misalignment
42,3097744,418,431,-0.17940,0.15210,-0.83460,0.86711,999.78,1000,0.22,50.25,202,2.2443,-0.1475,LOCK,2,misalignment
43,3097754,428,441,-0.34320,-0.09360,-0.76830,0.84666,999.78,1000,0.22,50.25,202,2.2496,-0.0673,LOCK,2,misalignment
44,3097764,438,451,-0.03120,-0.19110,-0.85800,0.87958,999.78,1000,0.22,50.25,202,2.2608,0.1025,LOCK,2,misalignment
45,3097774,448,461,0.07410,-0.00390,-0.81120,0.81459,999.78,1000,0.22,50.25,202,2.2595,0.0826,LOCK,2,misalignment
46,3097784,458,471,0.07020,0.08190,-0.81900,0.82607,999.80,1000,0.20,50.25,202,2.2636,0.1458,LOCK,2,misalignment
47,3097794,468,481,0.09360,0.05070,-0.60450,0.61380,999.80,1000,0.20,50.25,202,2.2420,-0.1823,LOCK,2,misalignment
48,3097804,478,491,-0.21060,0.34320,-0.73710,0.83991,999.80,1000,0.20,50.25,202,2.2451,-0.1344,LOCK,2,misalignment
49,3097814,488,501,-0.32760,0.00000,-0.86970,0.92935,999.80,1000,0.20,50.25,202,2.2441,-0.1497,LOCK,2,misalignment
50,3097824,498,511,-0.13260,-0.08580,-0.75660,0.77291,999.80,1000,0.20,50.25,202,2.2601,0.0924,LOCK,2,misalignment
51,3097843,517,530,0.18330,0.12480,-0.72930,0.76227,999.80,1000,0.20,50.25,202,2.2659,0.1800,LOCK,2,misalignment
52,3097852,526,539,-0.17940,0.20280,-0.76050,0.80726,999.81,1000,0.19,50.25,202,2.2544,0.0054,LOCK,2,misalignment
53,3097860,534,547,-0.12870,0.21450,-0.74100,0.78208,999.81,1000,0.19,50.25,202,2.2409,-0.1988,LOCK,2,misalignment
54,3097868,542,555,-0.31200,-0.07020,-0.88140,0.93762,999.82,1000,0.18,50.25,202,2.2492,-0.0728,LOCK,2,misalignment
55,3097877,551,564,-0.31200,-0.07020,-0.88140,0.93762,999.82,1000,0.18,50.25,202,2.2676,0.2065,LOCK,2,misalignment
56,3097885,559,572,0.00390,-0.01560,-0.78390,0.78406,999.82,1000,0.18,50.25,202,2.2597,0.0857,LOCK,2,misalignment
57,3097894,568,581,-0.01950,0.19890,-0.81900,0.84303,999.83,1000,0.17,50.25,202,2.2376,-0.2480,LOCK,2,misalignment
58,3097904,578,591,0.14040,0.07020,-0.76440,0.78035,999.87,1000,0.13,50.25,202,2.2463,-0.1167,LOCK,2,misalignment
59,3097914,588,601,-0.11700,0.15990,-0.63180,0.66214,999.88,1000,0.12,50.25,202,2.2527,-0.0190,LOCK,2,misalignment
60,3097924,598,611,-0.37050,0.19890,-0.78780,0.89301,999.89,1000,0.11,50.25,202,2.2568,0.0420,LOCK,2,misalignment
61,3097936,610,623,-0.21840,0.16380,-0.76050,0.80802,999.89,1000,0.11,50.25,202,2.2665,0.1901,LOCK,2,misalignment
62,3097944,618,631,0.00000,-0.01170,-0.88140,0.88148,999.89,1000,0.11,50.25,202,2.2465,-0.1140,LOCK,2,misalignment
63,3097954,628,641,0.12090,0.21840,-0.72930,0.77084,999.89,1000,0.11,50.25,202,2.2449,-0.1381,LOCK,2,misalignment
64,3097964,638,651,0.06240,-0.14820,-0.68640,0.70498,999.87,1000,0.13,50.25,202,2.2537,-0.0053,LOCK,2,misalignment
65,3097974,648,661,-0.17940,0.21450,-0.82290,0.86911,999.86,1000,0.14,50.25,202,2.2559,0.0292,LOCK,2,misalignment
66,3097984,658,671,-0.23010,0.04290,-0.66690,0.70678,999.86,1000,0.14,50.25,202,2.2615,0.1144,LOCK,2,misalignment
67,3097994,668,681,-0.14040,-0.13650,-0.83460,0.85726,999.86,1000,0.14,50.25,202,2.2507,-0.0493,LOCK,2,misalignment
68,3098004,678,691,-0.06240,-0.06630,-0.76440,0.76980,999.86,1000,0.14,50.25,202,2.2403,-0.2071,LOCK,2,misalignment
69,3098014,688,701,0.03510,-0.06240,-0.76830,0.77163,999.86,1000,0.14,50.25,202,2.2342,-0.3005,LOCK,2,misalignment
70,3098024,698,711,-0.03900,-0.20670,-0.66690,0.69929,999.91,1000,0.09,50.25,202,2.2596,0.0851,LOCK,2,misalignment
71,3098043,717,730,-0.37830,-0.26520,-0.77220,0.89985,999.92,1000,0.08,50.25,202,2.2634,0.1424,LOCK,2,misalignment
72,3098051,725,738,-0.37830,-0.26520,-0.77220,0.89985,999.92,1000,0.08,50.25,202,2.2402,-0.2098,LOCK,2,misalignment
73,3098059,733,746,-0.20280,-0.01560,-0.68250,0.71216,999.92,1000,0.08,50.25,202,2.2541,0.0011,LOCK,2,misalignment
74,3098068,742,755,0.02340,-0.07410,-0.87360,0.87705,999.92,1000,0.08,50.25,202,2.2585,0.0689,LOCK,2,misalignment
75,3098076,750,763,0.17160,0.03510,-0.84240,0.86042,999.92,1000,0.08,50.25,202,2.2396,-0.2175,LOCK,2,misalignment
76,3098085,759,772,-0.06240,-0.13260,-0.73320,0.74770,999.92,1000,0.08,50.25,202,2.2640,0.1510,LOCK,2,misalignment
77,3098094,768,781,-0.12480,0.17940,-0.86970,0.89674,999.93,1000,0.07,50.25,202,2.2656,0.1757,LOCK,2,misalignment
78,3098104,778,791,-0.24570,-0.14820,-0.80730,0.85678,999.94,1000,0.06,50.25,202,2.2495,-0.0682,LOCK,2,misalignment
79,3098114,788,801,0.00780,-0.03900,-0.93600,0.93684,999.94,1000,0.06,50.25,202,2.2402,-0.2098,LOCK,2,misalignment
80,3098124,798,811,-0.01950,-0.14040,-0.86190,0.87348,999.94,1000,0.06,50.25,202,2.2282,-0.3914,LOCK,2,misalignment
81,3098134,808,821,-0.01950,-0.14040,-0.86190,0.87348,999.94,1000,0.06,50.25,202,2.2552,0.0188,LOCK,2,misalignment
82,3098144,818,831,0.22620,0.25740,-0.90870,0.97116,999.98,1000,0.02,50.25,202,2.2623,0.1260,LOCK,2,misalignment
83,3098154,828,841,0.14040,0.01560,-0.65910,0.67407,1000.02,1000,-0.02,50.25,202,2.2410,-0.1967,LOCK,2,misalignment
84,3098164,838,851,-0.24180,0.23400,-0.76440,0.83518,1000.03,1000,-0.03,50.25,202,2.2464,-0.1158,LOCK,2,misalignment
85,3098174,848,861,-0.36660,-0.14430,-0.83460,0.92292,1000.04,1000,-0.04,50.25,202,2.2486,-0.0825,LOCK,2,misalignment
86,3098184,858,871,-0.09750,-0.08970,-0.75660,0.76811,1000.04,1000,-0.04,50.25,202,2.2605,0.0988,LOCK,2,misalignment
87,3098194,868,881,0.05460,0.32370,-0.94380,0.99926,1000.04,1000,-0.04,50.25,202,2.2661,0.1840,LOCK,2,misalignment
88,3098204,878,891,0.12090,0.14040,-0.69030,0.71473,1000.08,1000,-0.08,50.25,202,2.2434,-0.1613,LOCK,2,misalignment
89,3098214,888,901,-0.08970,0.21060,-0.72150,0.75694,1000.10,1000,-0.10,50.25,202,2.2533,-0.0105,LOCK,2,misalignment
90,3098224,898,911,-0.09750,0.27690,-0.68250,0.74296,1000.10,1000,-0.10,50.25,202,2.2588,0.0731,LOCK,2,misalignment
91,3098234,908,921,-0.35490,-0.01950,-0.91650,0.98301,1000.10,1000,-0.10,50.25,202,2.2580,0.0600,LOCK,2,misalignment
92,3098247,921,934,0.17550,0.33930,-0.87360,0.95347,1000.10,1000,-0.10,50.25,202,2.2635,0.1440,LOCK,2,misalignment
93,3098256,930,943,0.17550,0.33930,-0.87360,0.95347,1000.10,1000,-0.10,50.25,202,2.2291,-0.3774,LOCK,2,misalignment
94,3098264,938,951,0.19500,0.02730,-0.74100,0.76671,1000.10,1000,-0.10,50.25,202,2.2674,0.2032,LOCK,2,misalignment
95,3098274,948,961,-0.15210,0.16380,-0.66690,0.70336,1000.07,1000,-0.07,50.25,202,2.2420,-0.1814,LOCK,2,misalignment
96,3098284,958,971,-0.31980,0.13260,-0.81900,0.88917,1000.06,1000,-0.06,50.25,202,2.2577,0.0564,LOCK,2,misalignment
97,3098301,975,988,0.02340,-0.10530,-0.84240,0.84928,1000.06,1000,-0.06,50.25,202,2.2420,-0.1823,LOCK,2,misalignment
98,3098309,983,996,0.01560,0.33150,-0.74100,0.81192,1000.05,1000,-0.05,50.25,202,2.2480,-0.0902,LOCK,2,misalignment
99,3098318,992,1005,0.01560,0.33150,-0.74100,0.81192,1000.05,1000,-0.05,50.25,202,2.2468,-0.1094,LOCK,2,misalignment
100,3098326,1000,1013,0.03120,-0.09750,-0.64350,0.65159,1000.08,1000,-0.08,50.25,202,2.2484,-0.0853,LOCK,2,misalignment
101,3098335,1009,1022,-0.23790,0.17160,-0.71370,0.77163,1000.10,1000,-0.10,50.25,202,2.2571,0.0466,LOCK,2,misalignment
102,3098344,1018,1031,-0.31980,0.10140,-0.71760,0.79215,1000.11,1000,-0.11,50.25,202,2.2650,0.1672,LOCK,2,misalignment
103,3098354,1028,1041,-0.19110,-0.11700,-0.93990,0.96624,1000.21,1000,-0.21,50.25,202,2.2702,0.2459,LOCK,2,misalignment
104,3098364,1038,1051,-0.03120,-0.12870,-0.82680,0.83734,1000.26,1000,-0.26,50.25,202,2.2546,0.0094,LOCK,2,misalignment
105,3098374,1048,1061,0.07410,0.02730,-0.78000,0.78399,1000.27,1000,-0.27,50.25,202,2.2489,-0.0779,LOCK,2,misalignment
106,3098384,1058,1071,0.02730,-0.02340,-0.70200,0.70292,1000.31,1000,-0.31,50.25,202,2.2505,-0.0526,LOCK,2,misalignment
107,3098394,1068,1081,-0.11700,0.26520,-0.79170,0.84309,1000.33,1000,-0.33,50.25,202,2.2649,0.1644,LOCK,2,misalignment
108,3098404,1078,1091,-0.31200,-0.17160,-0.80730,0.88234,1000.33,1000,-0.33,50.25,202,2.2694,0.2328,LOCK,2,misalignment
109,3098414,1088,1101,-0.15990,-0.04290,-0.73320,0.75166,1000.33,1000,-0.33,50.25,202,2.2558,0.0280,LOCK,2,misalignment
110,3098424,1098,1111,0.11700,-0.23400,-0.84240,0.88209,1000.33,1000,-0.33,50.25,202,2.2604,0.0967,LOCK,2,misalignment
111,3098434,1108,1121,0.07020,0.24570,-0.79950,0.83934,1000.33,1000,-0.33,50.25,202,2.2462,-0.1176,LOCK,2,misalignment
112,3098447,1121,1134,-0.08190,-0.15600,-0.74100,0.76166,1000.34,1000,-0.34,50.25,202,2.2638,0.1485,LOCK,2,misalignment
113,3098456,1130,1143,-0.10140,0.28080,-0.76830,0.82427,1000.34,1000,-0.34,50.25,202,2.2636,0.1452,LOCK,2,misalignment
114,3098464,1138,1151,-0.30420,-0.12480,-0.82290,0.88616,1000.35,1000,-0.35,50.25,202,2.2530,-0.0145,LOCK,2,misalignment
115,3098474,1148,1161,-0.05460,0.03900,-0.88140,0.88395,1000.38,1000,-0.38,50.25,202,2.2456,-0.1274,LOCK,2,misalignment
116,3098484,1158,1171,0.03510,-0.08580,-0.82680,0.83198,1000.40,1000,-0.40,50.25,202,2.2484,-0.0856,LOCK,2,misalignment
117,3098494,1168,1181,0.30030,0.01950,-0.90090,0.94983,1000.40,1000,-0.40,50.25,202,2.2648,0.1638,LOCK,2,misalignment
118,3098504,1178,1191,0.04680,0.07800,-0.64740,0.65376,1000.43,1000,-0.43,50.25,202,2.2698,0.2392,LOCK,2,misalignment
119,3098514,1188,1201,-0.20280,0.32370,-0.78780,0.87552,1000.43,1000,-0.43,50.25,202,2.2444,-0.1448,LOCK,2,misalignment
120,3098524,1198,1211,-0.20280,0.32370,-0.78780,0.87552,1000.44,1000,-0.44,50.25,202,2.2551,0.0170,LOCK,2,misalignment
121,3098534,1208,1221,-0.35490,-0.10920,-0.80340,0.88506,1000.44,1000,-0.44,50.25,202,2.2505,-0.0535,LOCK,2,misalignment
122,3098544,1218,1231,-0.07020,-0.12480,-0.77610,0.78920,1000.44,1000,-0.44,50.25,202,2.2513,-0.0410,LOCK,2,misalignment
123,3098554,1228,1241,0.07410,-0.01170,-0.93990,0.94289,1000.44,1000,-0.44,50.25,202,2.2634,0.1431,LOCK,2,misalignment
124,3098564,1238,1251,0.10140,0.05460,-0.72930,0.73834,1000.47,1000,-0.47,50.25,202,2.2527,-0.0203,LOCK,2,misalignment
125,3098574,1248,1261,0.05070,0.02340,-0.78390,0.78589,1000.48,1000,-0.48,50.25,202,2.2497,-0.0651,LOCK,2,misalignment
126,3098584,1258,1271,-0.19500,0.17940,-0.71370,0.76130,1000.48,1000,-0.48,50.25,202,2.2508,-0.0490,LOCK,2,misalignment
127,3098594,1268,1281,-0.33150,-0.23790,-0.89700,0.98544,1000.48,1000,-0.48,50.25,202,2.2717,0.2676,LOCK,2,misalignment
128,3098604,1278,1291,-0.05070,0.05460,-0.73320,0.73698,1000.48,1000,-0.48,50.25,202,2.2675,0.2047,LOCK,2,misalignment
129,3098614,1288,1301,0.14430,0.23010,-0.88140,0.92230,1000.48,1000,-0.48,50.25,202,2.2524,-0.0245,LOCK,2,misalignment
130,3098624,1298,1311,0.15990,-0.12090,-0.73710,0.76387,1000.49,1000,-0.49,50.25,202,2.2424,-0.1759,LOCK,2,misalignment
131,3098634,1308,1321,-0.17160,0.07410,-0.63180,0.65887,1000.50,1000,-0.50,50.25,202,2.2381,-0.2403,LOCK,2,misalignment
132,3098647,1321,1334,-0.21450,0.07800,-0.70590,0.74188,1000.50,1000,-0.50,50.25,202,2.2627,0.1318,LOCK,2,misalignment
133,3098656,1330,1343,-0.21450,0.07800,-0.70590,0.74188,1000.50,1000,-0.50,50.25,202,2.2661,0.1830,LOCK,2,misalignment
134,3098664,1338,1351,-0.06240,-0.15210,-0.81510,0.83151,1000.50,1000,-0.50,50.25,202,2.2488,-0.0792,LOCK,2,misalignment
135,3098674,1348,1361,-0.10140,0.04680,-0.68250,0.69158,1000.50,1000,-0.50,50.25,202,2.2501,-0.0590,LOCK,2,misalignment
136,3098684,1358,1371,0.10530,-0.02730,-0.65520,0.66417,1000.46,1000,-0.46,50.25,202,2.2526,-0.0209,LOCK,2,misalignment
137,3098694,1368,1381,-0.22230,0.14040,-0.73320,0.77892,1000.46,1000,-0.46,50.25,202,2.2533,-0.0111,LOCK,2,misalignment
138,3098704,1378,1391,-0.26910,0.08970,-0.75660,0.80803,1000.45,1000,-0.45,50.25,202,2.2644,0.1571,LOCK,2,misalignment
139,3098714,1388,1401,-0.25740,-0.10530,-0.97110,1.01014,1000.45,1000,-0.45,50.25,202,2.2394,-0.2205,LOCK,2,misalignment
140,3098724,1398,1411,0.02730,-0.01170,-0.79170,0.79226,1000.45,1000,-0.45,50.25,202,2.2448,-0.1396,LOCK,2,misalignment
141,3098734,1408,1421,0.03900,0.16770,-0.82290,0.84072,1000.45,1000,-0.45,50.25,202,2.2465,-0.1140,LOCK,2,misalignment
142,3098744,1418,1431,0.01950,-0.17550,-0.70590,0.72765,1000.48,1000,-0.48,50.25,202,2.2621,0.1226,LOCK,2,misalignment
143,3098754,1428,1441,-0.15600,0.27300,-0.78390,0.84461,1000.48,1000,-0.48,50.25,202,2.2639,0.1507,LOCK,2,misalignment
144,3098764,1438,1451,-0.30810,-0.04680,-0.83070,0.88723,1000.49,1000,-0.49,50.25,202,2.2632,0.1391,LOCK,2,misalignment
145,3098774,1448,1461,-0.08970,0.04290,-0.75660,0.76311,1000.49,1000,-0.49,50.25,202,2.2600,0.0915,LOCK,2,misalignment
146,3098784,1458,1471,-0.03900,-0.21450,-0.91650,0.94207,1000.49,1000,-0.49,50.25,202,2.2429,-0.1689,LOCK,2,misalignment
147,3098794,1468,1481,0.06240,0.10140,-0.82290,0.83147,1000.49,1000,-0.49,50.25,202,2.2547,0.0112,LOCK,2,misalignment
148,3098804,1478,1491,0.05070,-0.09750,-0.76830,0.77612,1000.61,1000,-0.61,50.25,202,2.2634,0.1418,LOCK,2,misalignment
149,3098814,1488,1501,-0.06630,0.25350,-0.73710,0.78229,1000.65,1000,-0.65,50.25,202,2.2581,0.0628,LOCK,2,misalignment
150,3098824,1498,1511,-0.25350,-0.03510,-0.79560,0.83575,1000.66,1000,-0.66,50.25,202,2.2470,-0.1054,LOCK,2,misalignment
151,3098834,1508,1521,-0.12870,-0.03900,-0.81900,0.82997,1000.66,1000,-0.66,50.25,202,2.2531,-0.0129,LOCK,2,misalignment
152,3098847,1521,1534,0.19110,-0.10530,-0.83460,0.86265,1000.66,1000,-0.66,50.25,202,2.2587,0.0719,LOCK,2,misalignment
153,3098856,1530,1543,0.21060,0.06240,-0.90090,0.92729,1000.66,1000,-0.66,50.25,202,2.2662,0.1846,LOCK,2,misalignment
154,3098864,1538,1551,0.02730,-0.03120,-0.67470,0.67597,1000.66,1000,-0.66,50.25,202,2.2592,0.0780,LOCK,2,misalignment
155,3098874,1548,1561,-0.16380,0.19890,-0.81900,0.85858,1000.66,1000,-0.66,50.25,202,2.2417,-0.1869,LOCK,2,misalignment
156,3098884,1558,1571,-0.31590,-0.24570,-0.77220,0.86974,1000.66,1000,-0.66,50.25,202,2.2589,0.0744,LOCK,2,misalignment
157,3098894,1568,1581,0.03510,-0.02340,-0.82680,0.82788,1000.66,1000,-0.66,50.25,202,2.2534,-0.0093,LOCK,2,misalignment
158,3098904,1578,1591,0.00780,-0.04290,-0.90870,0.90975,1000.66,1000,-0.66,50.25,202,2.2701,0.2444,LOCK,2,misalignment
159,3098914,1588,1601,0.07020,0.12870,-0.78000,0.79366,1000.66,1000,-0.66,50.25,202,2.2742,0.3061,LOCK,2,misalignment
160,3098924,1598,1611,0.07020,0.12870,-0.78000,0.79366,1000.67,1000,-0.67,50.25,202,2.2264,-0.4183,LOCK,2,misalignment
161,3098934,1608,1621,0.04290,0.03900,-0.68640,0.68884,1000.67,1000,-0.67,50.25,202,2.2473,-0.1011,LOCK,2,misalignment
162,3098944,1618,1631,-0.27690,0.24570,-0.68250,0.77643,1000.67,1000,-0.67,50.25,202,2.2457,-0.1253,LOCK,2,misalignment
163,3098954,1628,1641,-0.30030,-0.16770,-0.92430,0.98622,1000.67,1000,-0.67,50.25,202,2.2601,0.0921,LOCK,2,misalignment
164,3098964,1638,1651,-0.12870,-0.03900,-0.77610,0.78766,1000.67,1000,-0.67,50.25,202,2.2670,0.1971,LOCK,2,misalignment
165,3098974,1648,1661,0.12870,0.21060,-1.01010,1.03982,1000.67,1000,-0.67,50.25,202,2.2510,-0.0462,LOCK,2,misalignment
166,3098984,1658,1671,0.12870,0.10140,-0.77220,0.78939,1000.78,1000,-0.78,50.25,202,2.2418,-0.1848,LOCK,2,misalignment
167,3098994,1668,1681,-0.12870,0.08580,-0.65910,0.67701,1000.81,1000,-0.81,50.25,202,2.2598,0.0872,LOCK,2,misalignment
168,3099004,1678,1691,-0.20280,0.18720,-0.83850,0.88275,1000.81,1000,-0.81,50.25,202,2.2592,0.0793,LOCK,2,misalignment
169,3099014,1688,1701,-0.25740,0.05070,-0.74880,0.79343,1000.82,1000,-0.82,50.25,202,2.2644,0.1577,LOCK,2,misalignment
170,3099024,1698,1711,0.01170,-0.10920,-0.86580,0.87274,1000.82,1000,-0.82,50.25,202,2.2526,-0.0209,LOCK,2,misalignment
171,3099034,1708,1721,-0.11310,0.14820,-0.70590,0.73010,1000.82,1000,-0.82,50.25,202,2.2443,-0.1472,LOCK,2,misalignment
172,3099047,1721,1734,-0.20670,0.15210,-0.65520,0.70367,1000.82,1000,-0.82,50.25,202,2.2549,0.0142,LOCK,2,misalignment
173,3099055,1729,1742,-0.20670,0.15210,-0.65520,0.70367,1000.82,1000,-0.82,50.25,202,2.2559,0.0286,LOCK,2,misalignment
174,3099064,1738,1751,-0.28080,0.15990,-0.68640,0.75866,1000.82,1000,-0.82,50.25,202,2.2631,0.1385,LOCK,2,misalignment
175,3099074,1748,1761,-0.29250,-0.07410,-0.85020,0.90216,1000.83,1000,-0.83,50.25,202,2.2459,-0.1231,LOCK,2,misalignment
176,3099084,1758,1771,-0.04680,0.00390,-0.74880,0.75027,1000.83,1000,-0.83,50.25,202,2.2597,0.0866,LOCK,2,misalignment
177,3099094,1768,1781,0.05070,0.13650,-0.85410,0.86642,1000.84,1000,-0.84,50.25,202,2.2549,0.0133,LOCK,2,misalignment
178,3099104,1778,1791,0.05460,-0.03900,-0.69030,0.69355,1000.77,1000,-0.77,50.25,202,2.2606,0.0997,LOCK,2,misalignment
179,3099114,1788,1801,-0.24570,0.28470,-0.81900,0.90121,1000.75,1000,-0.75,50.25,202,2.2649,0.1647,LOCK,2,misalignment
180,3099124,1798,1811,-0.30030,0.05460,-0.80730,0.86307,1000.74,1000,-0.74,50.25,202,2.2351,-0.2870,LOCK,2,misalignment
181,3099134,1808,1821,-0.08190,-0.00780,-0.78000,0.78433,1000.74,1000,-0.74,50.25,202,2.2585,0.0683,LOCK,2,misalignment
182,3099144,1818,1831,0.00000,-0.19890,-0.86190,0.88455,1000.74,1000,-0.74,50.25,202,2.2470,-0.1057,LOCK,2,misalignment
183,3099154,1828,1841,0.04290,0.02340,-0.79950,0.80099,1000.74,1000,-0.74,50.25,202,2.2594,0.0823,LOCK,2,misalignment
184,3099164,1838,1851,0.08190,-0.00390,-0.81510,0.81921,1000.74,1000,-0.74,50.25,202,2.2629,0.1348,LOCK,2,misalignment
185,3099174,1848,1861,-0.05850,0.39000,-0.78000,0.87403,1000.73,1000,-0.73,50.25,202,2.2614,0.1116,LOCK,2,misalignment
186,3099184,1858,1871,-0.32370,0.07410,-0.78390,0.85134,1000.73,1000,-0.73,50.25,202,2.2530,-0.0148,LOCK,2,misalignment
187,3099194,1868,1881,-0.16380,0.04290,-0.78780,0.80579,1000.73,1000,-0.73,50.25,202,2.2485,-0.0828,LOCK,2,misalignment
188,3099204,1878,1891,0.10920,-0.05850,-0.84630,0.85532,1000.73,1000,-0.73,50.25,202,2.2406,-0.2034,LOCK,2,misalignment
189,3099214,1888,1901,0.15210,0.09750,-0.92040,0.93796,1000.73,1000,-0.73,50.25,202,2.2629,0.1351,LOCK,2,misalignment
190,3099224,1898,1911,0.01950,0.02340,-0.66690,0.66760,1000.77,1000,-0.77,50.25,202,2.2659,0.1806,LOCK,2,misalignment
191,3099234,1908,1921,-0.12870,0.27300,-0.84240,0.89484,1000.79,1000,-0.79,50.25,202,2.2413,-0.1918,LOCK,2,misalignment
192,3099247,1921,1934,-0.26130,-0.11700,-0.76050,0.81261,1000.79,1000,-0.79,50.25,202,2.2429,-0.1686,LOCK,2,misalignment
193,3099255,1929,1942,0.00390,-0.05070,-0.84240,0.84393,1000.79,1000,-0.79,50.25,202,2.2573,0.0503,LOCK,2,misalignment
194,3099264,1938,1951,0.07020,-0.07410,-0.87750,0.88342,1000.79,1000,-0.79,50.25,202,2.2650,0.1659,LOCK,2,misalignment
195,3099274,1948,1961,0.17550,0.13650,-0.79170,0.82233,1000.79,1000,-0.79,50.25,202,2.2628,0.1330,LOCK,2,misalignment
196,3099284,1958,1971,0.02340,-0.03120,-0.74880,0.74981,1000.79,1000,-0.79,50.25,202,2.2531,-0.0135,LOCK,2,misalignment
197,3099294,1968,1981,-0.19110,0.25350,-0.69810,0.76689,1000.79,1000,-0.79,50.25,202,2.2364,-0.2660,LOCK,2,misalignment
198,3099304,1978,1991,-0.35490,-0.34320,-0.90870,1.03415,1000.79,1000,-0.79,50.25,202,2.2485,-0.0828,LOCK,2,misalignment
199,3099314,1988,2001,-0.35490,-0.34320,-0.90870,1.03415,1000.79,1000,-0.79,50.25,202,2.2634,0.1427,LOCK,2,misalignment
200,3099324,1998,2011,-0.13260,-0.05850,-0.73320,0.74739,1000.79,1000,-0.79,50.25,202,2.2606,0.0997,LOCK,2,misalignment
201,3099334,2008,2021,-0.02730,0.10140,-0.99060,0.99615,1000.79,1000,-0.79,50.25,202,2.2529,-0.0163,LOCK,2,misalignment
202,3099344,2018,2031,0.08190,0.03900,-0.83070,0.83564,1000.82,1000,-0.82,50.25,202,2.2492,-0.0728,LOCK,2,misalignment
203,3099354,2028,2041,-0.07020,0.05850,-0.67080,0.67700,1000.82,1000,-0.82,50.25,202,2.2585,0.0683,LOCK,2,misalignment
204,3099364,2038,2051,-0.24960,0.15990,-0.86580,0.91514,1000.83,1000,-0.83,50.25,202,2.2466,-0.1124,LOCK,2,misalignment
205,3099374,2048,2061,-0.32370,0.08190,-0.76830,0.83772,1000.83,1000,-0.83,50.25,202,2.2726,0.2819,LOCK,2,misalignment
206,3099384,2058,2071,0.03900,0.00780,-0.90090,0.90178,1000.83,1000,-0.83,50.25,202,2.2554,0.0210,LOCK,2,misalignment
207,3099394,2068,2081,0.17550,0.34710,-0.79170,0.88208,1000.83,1000,-0.83,50.25,202,2.2458,-0.1246,LOCK,2,misalignment
208,3099404,2078,2091,0.13650,0.14820,-0.75270,0.77920,1000.92,1000,-0.92,50.25,202,2.2378,-0.2452,LOCK,2,misalignment
209,3099414,2088,2101,-0.18330,0.12870,-0.69810,0.73315,1000.94,1000,-0.94,50.25,202,2.2693,0.2316,LOCK,2,misalignment
210,3099424,2098,2111,-0.19110,0.25350,-0.77220,0.83491,1000.94,1000,-0.94,50.25,202,2.2695,0.2346,LOCK,2,misalignment
211,3099434,2108,2121,-0.30810,-0.08970,-0.88530,0.94166,1000.94,1000,-0.94,50.25,202,2.2484,-0.0847,LOCK,2,misalignment
212,3099447,2121,2134,0.01950,-0.09750,-0.76440,0.77084,1000.94,1000,-0.94,50.25,202,2.2502,-0.0581,LOCK,2,misalignment
213,3099455,2129,2142,0.05850,0.42900,-0.89700,0.99603,1000.94,1000,-0.94,50.25,202,2.2368,-0.2608,LOCK,2,misalignment
214,3099464,2138,2151,0.12090,-0.02340,-0.67080,0.68201,1000.94,1000,-0.94,50.25,202,2.2594,0.0814,LOCK,2,misalignment
215,3099474,2148,2161,-0.19110,0.22230,-0.76440,0.81868,1000.93,1000,-0.93,50.25,202,2.2603,0.0954,LOCK,2,misalignment
216,3099484,2158,2171,-0.32760,0.03510,-0.75660,0.82523,1000.92,1000,-0.92,50.25,202,2.2443,-0.1463,LOCK,2,misalignment
217,3099494,2168,2181,-0.15600,0.03120,-0.79560,0.81135,1000.92,1000,-0.92,50.25,202,2.2592,0.0783,LOCK,2,misalignment
218,3099504,2178,2191,0.03900,-0.13260,-0.83070,0.84212,1000.92,1000,-0.92,50.25,202,2.2460,-0.1219,LOCK,2,misalignment
219,3099514,2188,2201,0.08970,0.09750,-0.70980,0.72206,1000.92,1000,-0.92,50.25,202,2.2588,0.0728,LOCK,2,misalignment
220,3099524,2198,2211,0.07800,-0.08190,-0.74490,0.75344,1000.82,1000,-0.82,50.25,202,2.2696,0.2358,LOCK,2,misalignment
221,3099534,2208,2221,-0.06630,0.26520,-0.72150,0.77155,1000.79,1000,-0.79,50.25,202,2.2449,-0.1378,LOCK,2,misalignment
222,3099544,2218,2231,-0.25350,0.01950,-0.75270,0.79448,1000.78,1000,-0.78,50.25,202,2.2273,-0.4043,LOCK,2,misalignment
223,3099554,2228,2241,-0.12870,0.06240,-0.77220,0.78533,1000.78,1000,-0.78,50.25,202,2.2432,-0.1640,LOCK,2,misalignment
224,3099564,2238,2251,-0.07020,-0.09750,-0.81510,0.82391,1000.78,1000,-0.78,50.25,202,2.2549,0.0130,LOCK,2,misalignment
225,3099574,2248,2261,0.10530,0.14430,-0.83850,0.85732,1000.78,1000,-0.78,50.25,202,2.2660,0.1818,LOCK,2,misalignment
226,3099584,2258,2271,0.01170,-0.16770,-0.66300,0.68398,1000.78,1000,-0.78,50.25,202,2.2470,-0.1060,LOCK,2,misalignment
227,3099594,2268,2281,-0.08580,0.23400,-0.88920,0.92347,1000.78,1000,-0.78,50.25,202,2.2506,-0.0508,LOCK,2,misalignment
228,3099604,2278,2291,-0.17160,-0.13260,-0.78780,0.81710,1000.78,1000,-0.78,50.25,202,2.2507,-0.0496,LOCK,2,misalignment
229,3099614,2288,2301,-0.12870,-0.02340,-0.93210,0.94123,1000.78,1000,-0.78,50.25,202,2.2662,0.1849,LOCK,2,misalignment
230,3099625,2299,2312,0.05070,0.01170,-0.91260,0.91408,1000.78,1000,-0.78,50.25,202,2.2682,0.2157,LOCK,2,misalignment
231,3099634,2308,2321,0.23400,-0.10140,-0.89310,0.92880,1000.78,1000,-0.78,50.25,202,2.2387,-0.2318,LOCK,2,misalignment
232,3099647,2321,2334,-0.03900,0.01170,-0.80730,0.80833,1000.78,1000,-0.78,50.25,202,2.2439,-0.1530,LOCK,2,misalignment
233,3099655,2329,2342,-0.19110,0.24960,-0.74490,0.80851,1000.77,1000,-0.77,50.25,202,2.2574,0.0509,LOCK,2,misalignment
234,3099664,2338,2351,-0.39000,-0.28080,-0.91260,1.03140,1000.77,1000,-0.77,50.25,202,2.2518,-0.0328,LOCK,2,misalignment
235,3099683,2357,2370,0.00390,-0.01950,-0.73320,0.73347,1000.77,1000,-0.77,50.25,202,2.2627,0.1324,LOCK,2,misalignment
236,3099691,2365,2378,0.01950,-0.05850,-0.91650,0.91857,1000.77,1000,-0.77,50.25,202,2.2504,-0.0544,LOCK,2,misalignment
237,3099700,2374,2387,0.16380,0.12870,-0.75270,0.78099,1000.76,1000,-0.76,50.25,202,2.2569,0.0445,LOCK,2,misalignment
238,3099708,2382,2395,-0.02730,-0.15210,-0.56940,0.59000,1000.76,1000,-0.76,50.25,202,2.2549,0.0130,LOCK,2,misalignment
239,3099719,2393,2406,-0.26520,0.22230,-0.83460,0.90350,1000.76,1000,-0.76,50.25,202,2.2638,0.1485,LOCK,2,misalignment
240,3099728,2402,2415,-0.35880,-0.03510,-0.74880,0.83107,1000.76,1000,-0.76,50.25,202,2.2592,0.0783,LOCK,2,misalignment
241,3099736,2410,2423,-0.08970,-0.15210,-0.87360,0.89127,1000.76,1000,-0.76,50.25,202,2.2446,-0.1417,LOCK,2,misalignment
242,3099744,2418,2431,-0.08970,-0.15210,-0.87360,0.89127,1000.76,1000,-0.76,50.25,202,2.2522,-0.0279,LOCK,2,misalignment
243,3099754,2428,2441,0.17940,0.38220,-0.81510,0.91796,1000.75,1000,-0.75,50.25,202,2.2509,-0.0465,LOCK,2,misalignment
244,3099764,2438,2451,0.18330,0.10140,-0.84240,0.86805,1000.71,1000,-0.71,50.25,202,2.2374,-0.2510,LOCK,2,misalignment
245,3099782,2456,2469,-0.15600,0.26520,-0.74880,0.80955,1000.71,1000,-0.71,50.25,202,2.2611,0.1076,LOCK,2,misalignment
246,3099791,2465,2478,-0.32370,0.04680,-0.88530,0.94378,1000.71,1000,-0.71,50.25,202,2.2550,0.0148,LOCK,2,misalignment
247,3099799,2473,2486,-0.03510,-0.05070,-0.75660,0.75911,1000.70,1000,-0.70,50.25,202,2.2543,0.0042,LOCK,2,misalignment
248,3099808,2482,2495,0.04290,0.21840,-0.92820,0.95451,1000.70,1000,-0.70,50.25,202,2.2531,-0.0138,LOCK,2,misalignment
249,3099816,2490,2503,0.04290,0.21840,-0.92820,0.95451,1000.70,1000,-0.70,50.25,202,2.2506,-0.0508,LOCK,2,misalignment
250,3099837,2511,2524,-0.26130,0.19500,-0.72540,0.79530,1000.70,1000,-0.70,50.25,202,2.2516,-0.0361,LOCK,2,misalignment
251,3099850,2524,2537,-0.17160,0.00000,-0.84630,0.86352,1000.70,1000,-0.70,50.25,202,2.2411,-0.1961,LOCK,2,misalignment
252,3099859,2533,2546,0.02730,-0.01950,-0.78390,0.78462,1000.70,1000,-0.70,50.25,202,2.2414,-0.1909,LOCK,2,misalignment
253,3099867,2541,2554,0.02730,-0.01950,-0.78390,0.78462,1000.70,1000,-0.70,50.25,202,2.2474,-0.0996,LOCK,2,misalignment
254,3099883,2557,2570,0.05460,-0.08970,-0.72930,0.73682,1000.70,1000,-0.70,50.25,202,2.2667,0.1931,LOCK,2,misalignment
255,3099891,2565,2578,-0.14820,0.26520,-0.75270,0.81170,1000.70,1000,-0.70,50.25,202,2.2390,-0.2269,LOCK,2,misalignment
256,3099899,2573,2586,-0.29640,-0.08580,-0.75270,0.81349,1000.70,1000,-0.70,50.25,202,2.2477,-0.0957,LOCK,2,misalignment
257,3099908,2582,2595,-0.29640,-0.08580,-0.75270,0.81349,1000.70,1000,-0.70,50.25,202,2.2359,-0.2739,LOCK,2,misalignment
258,3099916,2590,2603,-0.08580,0.06630,-0.78000,0.78750,1000.70,1000,-0.70,50.25,202,2.2483,-0.0865,LOCK,2,misalignment
259,3099929,2603,2616,0.05850,-0.15210,-0.86970,0.88484,1000.70,1000,-0.70,50.25,202,2.2587,0.0719,LOCK,2,misalignment
260,3099938,2612,2625,0.07020,-0.01560,-0.78780,0.79108,1000.70,1000,-0.70,50.25,202,2.2653,0.1717,LOCK,2,misalignment
261,3099946,2620,2633,0.05460,-0.11700,-0.63180,0.64486,1000.69,1000,-0.69,50.25,202,2.2417,-0.1863,LOCK,2,misalignment
262,3099954,2628,2641,-0.09360,0.22230,-0.80730,0.84256,1000.69,1000,-0.69,50.25,202,2.2462,-0.1185,LOCK,2,misalignment
263,3099963,2637,2650,-0.29250,-0.04290,-0.68250,0.74378,1000.69,1000,-0.69,50.25,202,2.2543,0.0048,LOCK,2,misalignment
264,3099971,2645,2658,-0.19890,-0.13650,-0.87360,0.90629,1000.68,1000,-0.68,50.25,202,2.2511,-0.0447,LOCK,2,misalignment
265,3099984,2658,2671,0.03510,0.05460,-0.87360,0.87601,1000.68,1000,-0.68,50.25,202,2.2631,0.1385,LOCK,2,misalignment
266,3099993,2667,2680,0.21840,0.08970,-0.95940,0.98802,1000.68,1000,-0.68,50.25,202,2.2446,-0.1430,LOCK,2,misalignment
267,3100001,2675,2688,-0.10140,-0.23790,-0.76830,0.81066,1000.67,1000,-0.67,50.25,202,2.2417,-0.1857,LOCK,2,misalignment
268,3100010,2684,2697,-0.10140,-0.23790,-0.76830,0.81066,1000.66,1000,-0.66,50.25,202,2.2494,-0.0694,LOCK,2,misalignment
269,3100018,2692,2705,-0.13260,0.29250,-0.80340,0.86521,1000.66,1000,-0.66,50.25,202,2.2464,-0.1155,LOCK,2,misalignment
270,3100031,2705,2718,-0.30030,-0.30030,-0.94770,1.03851,1000.65,1000,-0.65,50.25,202,2.2656,0.1763,LOCK,2,misalignment
271,3100039,2713,2726,-0.01950,-0.06240,-0.73320,0.73611,1000.64,1000,-0.64,50.25,202,2.2691,0.2288,LOCK,2,misalignment
272,3100052,2726,2739,0.23400,0.11700,-0.79950,0.84122,1000.64,1000,-0.64,50.25,202,2.2486,-0.0822,LOCK,2,misalignment
273,3100061,2735,2748,0.23400,0.11700,-0.79950,0.84122,1000.64,1000,-0.64,50.25,202,2.2467,-0.1112,LOCK,2,misalignment
274,3100069,2743,2756,-0.00390,-0.02340,-0.67860,0.67901,1000.65,1000,-0.65,50.25,202,2.2394,-0.2208,LOCK,2,misalignment
275,3100078,2752,2765,-0.29250,0.09360,-0.77610,0.83465,1000.65,1000,-0.65,50.25,202,2.2573,0.0496,LOCK,2,misalignment
276,3100086,2760,2773,-0.32760,-0.10920,-0.76830,0.84234,1000.66,1000,-0.66,50.25,202,2.2647,0.1614,LOCK,2,misalignment
277,3100095,2769,2782,-0.07800,-0.07020,-0.88140,0.88762,1000.66,1000,-0.66,50.25,202,2.2651,0.1681,LOCK,2,misalignment
278,3100104,2778,2791,-0.07800,-0.07020,-0.88140,0.88762,1000.67,1000,-0.67,50.25,202,2.2494,-0.0691,LOCK,2,misalignment
279,3100114,2788,2801,0.10920,0.14820,-0.81900,0.83943,1000.69,1000,-0.69,50.25,202,2.2410,-0.1967,LOCK,2,misalignment
280,3100124,2798,2811,0.18330,0.26130,-0.81900,0.87900,1000.62,1000,-0.62,50.25,202,2.2504,-0.0541,LOCK,2,misalignment
281,3100134,2808,2821,0.01560,0.05460,-0.53820,0.54119,1000.61,1000,-0.61,50.25,202,2.2631,0.1382,LOCK,2,misalignment
282,3100144,2818,2831,-0.16380,0.32760,-0.74880,0.83358,1000.60,1000,-0.60,50.25,202,2.2636,0.1455,LOCK,2,misalignment
283,3100154,2828,2841,-0.33150,0.02730,-0.76830,0.83721,1000.60,1000,-0.60,50.25,202,2.2533,-0.0111,LOCK,2,misalignment
284,3100164,2838,2851,-0.05460,-0.11310,-0.74490,0.75541,1000.60,1000,-0.60,50.25,202,2.2343,-0.2980,LOCK,2,misalignment
285,3100174,2848,2861,0.16380,0.43290,-0.86580,0.98175,1000.60,1000,-0.60,50.25,202,2.2433,-0.1628,LOCK,2,misalignment
286,3100184,2858,2871,0.14040,0.01560,-0.59280,0.60940,1000.73,1000,-0.73,50.25,202,2.2512,-0.0422,LOCK,2,misalignment
287,3100194,2868,2881,-0.18720,0.21840,-0.70980,0.76587,1000.77,1000,-0.77,50.25,202,2.2663,0.1858,LOCK,2,misalignment
288,3100204,2878,2891,-0.22230,0.19500,-0.64350,0.70819,1000.78,1000,-0.78,50.25,202,2.2521,-0.0291,LOCK,2,misalignment
289,3100214,2888,2901,-0.24570,-0.07020,-0.81900,0.85794,1000.78,1000,-0.78,50.25,202,2.2403,-0.2080,LOCK,2,misalignment
290,3100224,2898,2911,-0.00390,0.03510,-0.71370,0.71457,1000.78,1000,-0.78,50.25,202,2.2487,-0.0798,LOCK,2,misalignment
291,3100234,2908,2921,0.04680,0.32760,-0.76830,0.83654,1000.78,1000,-0.78,50.25,202,2.2679,0.2111,LOCK,2,misalignment
292,3100244,2918,2931,0.10920,-0.10140,-0.68640,0.70239,1000.81,1000,-0.81,50.25,202,2.2625,0.1293,LOCK,2,misalignment
293,3100257,2931,2944,-0.10920,0.31980,-0.69030,0.76858,1000.81,1000,-0.81,50.25,202,2.2406,-0.2025,LOCK,2,misalignment
294,3100265,2939,2952,-0.34710,0.05460,-0.71760,0.79901,1000.81,1000,-0.81,50.25,202,2.2512,-0.0419,LOCK,2,misalignment
295,3100274,2948,2961,-0.13260,0.06240,-0.72930,0.74388,1000.81,1000,-0.81,50.25,202,2.2491,-0.0749,LOCK,2,misalignment
296,3100284,2958,2971,0.00390,-0.15600,-0.85020,0.86440,1000.82,1000,-0.82,50.25,202,2.2529,-0.0169,LOCK,2,misalignment
297,3100294,2968,2981,0.09360,-0.09750,-0.71760,0.73022,1000.82,1000,-0.82,50.25,202,2.2618,0.1183,LOCK,2,misalignment
298,3100304,2978,2991,0.08970,-0.10920,-0.66690,0.68171,1000.85,1000,-0.85,50.25,202,2.2552,0.0179,LOCK,2,misalignment
299,3100314,2988,3001,-0.14040,0.14820,-0.78780,0.81382,1000.85,1000,-0.85,50.25,202,2.2482,-0.0877,LOCK,2,misalignment
300,3100324,2998,3011,-0.29640,-0.04290,-0.66300,0.72750,1000.86,1000,-0.86,50.25,202,2.2417,-0.1863,LOCK,2,misalignment
301,3100334,3008,3021,-0.21840,-0.20670,-0.86190,0.91285,1000.86,1000,-0.86,50.25,202,2.2675,0.2041,LOCK,2,misalignment
302,3100344,3018,3031,0.09750,-0.07020,-0.78000,0.78920,1000.86,1000,-0.86,50.25,202,2.2673,0.2017,LOCK,2,misalignment
303,3100354,3028,3041,0.06630,0.13650,-0.88140,0.89437,1000.86,1000,-0.86,50.25,202,2.2539,-0.0019,LOCK,2,misalignment
304,3100364,3038,3051,-0.07020,-0.11700,-0.72540,0.73812,1000.89,1000,-0.89,50.25,202,2.2319,-0.3356,LOCK,2,misalignment
305,3100374,3048,3061,-0.10140,0.29250,-0.74490,0.80667,1000.89,1000,-0.89,50.25,202,2.2476,-0.0969,LOCK,2,misalignment
306,3100384,3058,3071,-0.33150,-0.26910,-0.84240,0.94443,1000.90,1000,-0.90,50.25,202,2.2539,-0.0010,LOCK,2,misalignment
307,3100394,3068,3081,-0.03120,-0.03510,-0.69810,0.69968,1000.90,1000,-0.90,50.25,202,2.2692,0.2310,LOCK,2,misalignment
308,3100404,3078,3091,0.02730,-0.17550,-0.87360,0.89147,1000.90,1000,-0.90,50.25,202,2.2668,0.1940,LOCK,2,misalignment
309,3100414,3088,3101,0.23400,0.17940,-0.80730,0.85946,1000.90,1000,-0.90,50.25,202,2.2468,-0.1085,LOCK,2,misalignment
310,3100424,3098,3111,-0.03510,0.01950,-0.72540,0.72651,1000.94,1000,-0.94,50.25,202,2.2478,-0.0941,LOCK,2,misalignment
311,3100436,3110,3123,-0.22230,0.22230,-0.85410,0.91012,1000.94,1000,-0.94,50.25,202,2.2652,0.1693,LOCK,2,misalignment
312,3100445,3119,3132,-0.33540,-0.08190,-0.85410,0.92124,1000.94,1000,-0.94,50.25,202,2.2597,0.0869,LOCK,2,misalignment
313,3100458,3132,3145,-0.07410,-0.09360,-0.88140,0.88945,1000.94,1000,-0.94,50.25,202,2.2618,0.1183,LOCK,2,misalignment
314,3100467,3141,3154,0.05460,0.14820,-0.91260,0.92617,1000.94,1000,-0.94,50.25,202,2.2369,-0.2583,LOCK,2,misalignment
315,3100475,3149,3162,0.18330,0.16380,-0.88530,0.91880,1000.94,1000,-0.94,50.25,202,2.2457,-0.1259,LOCK,2,misalignment
316,3100484,3158,3171,0.09360,0.05070,-0.62790,0.63686,1000.95,1000,-0.95,50.25,202,2.2513,-0.0416,LOCK,2,misalignment
317,3100494,3168,3181,-0.24180,0.22230,-0.77610,0.84274,1000.95,1000,-0.95,50.25,202,2.2744,0.3094,LOCK,2,misalignment
318,3100504,3178,3191,-0.24180,0.22230,-0.77610,0.84274,1000.97,1000,-0.97,50.25,202,2.2675,0.2050,LOCK,2,misalignment
319,3100514,3188,3201,-0.32760,-0.10140,-0.83460,0.90231,1000.98,1000,-0.98,50.25,202,2.2619,0.1195,LOCK,2,misalignment
320,3100524,3198,3211,-0.01950,0.00000,-0.79560,0.79584,1000.98,1000,-0.98,50.25,202,2.2425,-0.1735,LOCK,2,misalignment
321,3100534,3208,3221,0.24570,0.49140,-0.92820,1.07861,1000.98,1000,-0.98,50.25,202,2.2458,-0.1240,LOCK,2,misalignment
322,3100544,3218,3231,0.19110,0.05070,-0.65130,0.68065,1000.99,1000,-0.99,50.25,202,2.2687,0.2233,LOCK,2,misalignment
323,3100554,3228,3241,-0.18720,0.27300,-0.69810,0.77260,1001.00,1000,-1.00,50.25,202,2.2655,0.1739,LOCK,2,misalignment
324,3100564,3238,3251,-0.24570,0.17550,-0.63960,0.70729,1001.00,1000,-1.00,50.25,202,2.2605,0.0979,LOCK,2,misalignment
325,3100574,3248,3261,-0.30810,0.00780,-0.81120,0.86777,1001.00,1000,-1.00,50.25,202,2.2683,0.2163,LOCK,2,misalignment
326,3100584,3258,3271,-0.00780,-0.07800,-0.74100,0.74513,1001.00,1000,-1.00,50.25,202,2.2615,0.1131,LOCK,2,misalignment
327,3100594,3268,3281,-0.07800,0.31590,-0.79950,0.86318,1001.00,1000,-1.00,50.25,202,2.2681,0.2133,LOCK,2,misalignment
328,3100604,3278,3291,0.12480,-0.03120,-0.71760,0.72904,1001.04,1000,-1.04,50.25,202,2.2690,0.2279,LOCK,2,misalignment
329,3100614,3288,3301,-0.16380,0.10530,-0.69030,0.71724,1001.05,1000,-1.05,50.25,202,2.2623,0.1253,LOCK,2,misalignment
330,3100624,3298,3311,-0.33930,0.08190,-0.83850,0.90825,1001.06,1000,-1.06,50.25,202,2.2649,0.1650,LOCK,2,misalignment
331,3100634,3308,3321,-0.17160,0.08190,-0.80340,0.82559,1001.06,1000,-1.06,50.25,202,2.2651,0.1684,LOCK,2,misalignment
332,3100644,3318,3331,0.01560,-0.01950,-0.87750,0.87786,1001.06,1000,-1.06,50.25,202,2.2639,0.1495,LOCK,2,misalignment
333,3100657,3331,3344,0.12870,-0.02730,-0.73320,0.74491,1001.06,1000,-1.06,50.25,202,2.2651,0.1687,LOCK,2,misalignment
334,3100666,3340,3353,0.02730,-0.15990,-0.71370,0.73190,1001.06,1000,-1.06,50.25,202,2.2233,-0.4653,LOCK,2,misalignment
335,3100674,3348,3361,-0.16380,0.25740,-0.83460,0.88862,1001.06,1000,-1.06,50.25,202,2.2446,-0.1421,LOCK,2,misalignment
336,3100684,3358,3371,-0.24180,0.00390,-0.71370,0.75356,1001.07,1000,-1.07,50.25,202,2.2475,-0.0978,LOCK,2,misalignment
337,3100694,3368,3381,-0.20280,-0.23790,-0.90480,0.95728,1001.08,1000,-1.08,50.25,202,2.2611,0.1073,LOCK,2,misalignment
338,3100704,3378,3391,0.04680,-0.12870,-0.81120,0.82268,1001.08,1000,-1.08,50.25,202,2.2664,0.1879,LOCK,2,misalignment
339,3100714,3388,3401,0.02340,-0.04680,-0.88140,0.88295,1001.08,1000,-1.08,50.25,202,2.2654,0.1727,LOCK,2,misalignment
340,3100724,3398,3411,-0.00390,-0.08970,-0.69030,0.69611,1001.11,1000,-1.11,50.25,202,2.2634,0.1424,LOCK,2,misalignment
341,3100734,3408,3421,-0.10920,0.21840,-0.75660,0.79503,1001.12,1000,-1.12,50.25,202,2.2597,0.0860,LOCK,2,misalignment
342,3100744,3418,3431,-0.31980,-0.24960,-0.85410,0.94555,1001.12,1000,-1.12,50.25,202,2.2634,0.1427,LOCK,2,misalignment
343,3100754,3428,3441,-0.12870,-0.12480,-0.71370,0.73587,1001.12,1000,-1.12,50.25,202,2.2680,0.2123,LOCK,2,misalignment
344,3100764,3438,3451,0.03900,-0.15600,-0.84630,0.86144,1001.12,1000,-1.12,50.25,202,2.2667,0.1919,LOCK,2,misalignment
345,3100774,3448,3461,0.25740,0.00780,-0.76830,0.81031,1001.12,1000,-1.12,50.25,202,2.2463,-0.1167,LOCK,2,misalignment
346,3100784,3458,3471,-0.10530,-0.06240,-0.74490,0.75489,1001.04,1000,-1.04,50.25,202,2.2432,-0.1643,LOCK,2,misalignment
347,3100794,3468,3481,-0.16770,0.20280,-0.78390,0.82689,1001.01,1000,-1.01,50.25,202,2.2608,0.1031,LOCK,2,misalignment
348,3100804,3478,3491,-0.30420,-0.14430,-0.86580,0.92896,1001.00,1000,-1.00,50.25,202,2.2668,0.1934,LOCK,2,misalignment
349,3100814,3488,3501,-0.02340,-0.03120,-0.86190,0.86278,1001.00,1000,-1.00,50.25,202,2.2684,0.2178,LOCK,2,misalignment
350,3100824,3498,3511,0.00000,-0.03120,-0.90090,0.90144,1001.00,1000,-1.00,50.25,202,2.2506,-0.0517,LOCK,2,misalignment
351,3100834,3508,3521,0.12480,0.21840,-0.92820,0.96168,1001.00,1000,-1.00,50.25,202,2.2373,-0.2529,LOCK,2,misalignment
352,3100844,3518,3531,0.11310,0.08580,-0.60450,0.62095,1000.99,1000,-0.99,50.25,202,2.2431,-0.1656,LOCK,2,misalignment
353,3100857,3531,3544,-0.29250,0.33540,-0.81120,0.92525,1000.99,1000,-0.99,50.25,202,2.2694,0.2331,LOCK,2,misalignment
354,3100866,3540,3553,-0.36660,-0.05070,-0.81120,0.89163,1000.99,1000,-0.99,50.25,202,2.2659,0.1806,LOCK,2,misalignment
355,3100874,3548,3561,-0.05850,-0.03900,-0.83070,0.83367,1000.99,1000,-0.99,50.25,202,2.2610,0.1064,LOCK,2,misalignment
356,3100884,3558,3571,0.25740,0.41340,-0.95160,1.06897,1000.99,1000,-0.99,50.25,202,2.2624,0.1266,LOCK,2,misalignment
357,3100894,3568,3581,0.25740,0.41340,-0.95160,1.06897,1000.99,1000,-0.99,50.25,202,2.2685,0.2203,LOCK,2,misalignment
358,3100904,3578,3591,0.21060,0.05850,-0.65130,0.68700,1000.97,1000,-0.97,50.25,202,2.2557,0.0264,LOCK,2,misalignment
359,3100914,3588,3601,-0.14430,0.07410,-0.71760,0.73571,1000.97,1000,-0.97,50.25,202,2.2604,0.0973,LOCK,2,misalignment
360,3100924,3598,3611,-0.15600,0.13260,-0.63960,0.67157,1000.97,1000,-0.97,50.25,202,2.2450,-0.1369,LOCK,2,misalignment
361,3100934,3608,3621,-0.34320,-0.23010,-0.82680,0.92430,1000.97,1000,-0.97,50.25,202,2.2573,0.0496,LOCK,2,misalignment
362,3100968,3642,3655,-0.15210,0.24960,-0.68250,0.74246,1000.96,1000,-0.96,50.25,202,2.2588,0.0735,LOCK,2,misalignment
363,3100977,3651,3664,-0.34320,0.12870,-0.79170,0.87243,1000.96,1000,-0.96,50.25,202,2.2609,0.1043,LOCK,2,misalignment
364,3100985,3659,3672,-0.34320,0.12870,-0.79170,0.87243,1000.96,1000,-0.96,50.25,202,2.2622,0.1247,LOCK,2,misalignment
365,3100994,3668,3681,-0.17940,0.12870,-0.73320,0.76572,1000.96,1000,-0.96,50.25,202,2.2628,0.1330,LOCK,2,misalignment
366,3101002,3676,3689,0.03120,-0.05850,-0.86970,0.87222,1000.96,1000,-0.96,50.25,202,2.2681,0.2130,LOCK,2,misalignment
367,3101011,3685,3698,0.19110,0.11700,-0.70590,0.74061,1000.96,1000,-0.96,50.25,202,2.2590,0.0759,LOCK,2,misalignment
368,3101019,3693,3706,-0.03510,-0.15210,-0.63570,0.65458,1000.95,1000,-0.95,50.25,202,2.2632,0.1397,LOCK,2,misalignment
369,3101028,3702,3715,-0.28860,0.10920,-0.73710,0.79908,1000.95,1000,-0.95,50.25,202,2.2640,0.1510,LOCK,2,misalignment
370,3101036,3710,3723,-0.28860,0.10920,-0.73710,0.79908,1000.94,1000,-0.94,50.25,202,2.2670,0.1968,LOCK,2,misalignment
371,3101044,3718,3731,-0.28470,0.10140,-0.70980,0.77146,1000.93,1000,-0.93,50.25,202,2.2577,0.0564,LOCK,2,misalignment
372,3101058,3732,3745,-0.21450,-0.16770,-0.96720,1.00479,1000.93,1000,-0.93,50.25,202,2.2634,0.1431,LOCK,2,misalignment
373,3101066,3740,3753,-0.04290,-0.09750,-0.80340,0.81043,1000.92,1000,-0.92,50.25,202,2.2605,0.0991,LOCK,2,misalignment
374,3101075,3749,3762,0.03510,0.07800,-0.87360,0.87778,1000.92,1000,-0.92,50.25,202,2.2625,0.1293,LOCK,2,misalignment
375,3101083,3757,3770,0.02340,-0.05460,-0.76830,0.77059,1000.92,1000,-0.92,50.25,202,2.2677,0.2068,LOCK,2,misalignment
376,3101092,3766,3779,-0.08970,0.22230,-0.78390,0.81973,1000.91,1000,-0.91,50.25,202,2.2609,0.1052,LOCK,2,misalignment
377,3101100,3774,3787,-0.29250,-0.23010,-0.85410,0.93166,1000.91,1000,-0.91,50.25,202,2.2652,0.1690,LOCK,2,misalignment
378,3101109,3783,3796,-0.29250,-0.23010,-0.85410,0.93166,1000.91,1000,-0.91,50.25,202,2.2667,0.1925,LOCK,2,misalignment
379,3101117,3791,3804,-0.12480,-0.05460,-0.76050,0.77260,1000.90,1000,-0.90,50.25,202,2.2680,0.2120,LOCK,2,misalignment
380,3101126,3800,3813,0.08970,-0.13260,-0.88530,0.89966,1000.90,1000,-0.90,50.25,202,2.2503,-0.0554,LOCK,2,misalignment
381,3101134,3808,3821,0.26130,0.10140,-0.83460,0.88041,1000.90,1000,-0.90,50.25,202,2.2390,-0.2266,LOCK,2,misalignment
382,3101144,3818,3831,-0.07020,0.00390,-0.73710,0.74045,1000.86,1000,-0.86,50.25,202,2.2579,0.0585,LOCK,2,misalignment
383,3101154,3828,3841,-0.12090,0.19500,-0.72540,0.76082,1000.84,1000,-0.84,50.25,202,2.2621,0.1232,LOCK,2,misalignment
384,3101164,3838,3851,-0.31200,-0.12090,-0.77610,0.84516,1000.83,1000,-0.83,50.25,202,2.2681,0.2133,LOCK,2,misalignment
385,3101174,3848,3861,0.05070,0.00390,-0.82680,0.82836,1000.83,1000,-0.83,50.25,202,2.2677,0.2078,LOCK,2,misalignment
386,3101184,3858,3871,0.02730,-0.12870,-0.91260,0.92203,1000.83,1000,-0.83,50.25,202,2.2641,0.1537,LOCK,2,misalignment
387,3101194,3868,3881,0.19500,0.25350,-0.93210,0.98544,1000.83,1000,-0.83,50.25,202,2.2636,0.1455,LOCK,2,misalignment
388,3101204,3878,3891,0.12090,-0.07020,-0.64740,0.66232,1000.82,1000,-0.82,50.25,202,2.2648,0.1629,LOCK,2,misalignment
389,3101214,3888,3901,-0.25740,0.31590,-0.83070,0.92526,1000.81,1000,-0.81,50.25,202,2.2650,0.1666,LOCK,2,misalignment
390,3101224,3898,3911,-0.26130,-0.20280,-0.81510,0.87966,1000.81,1000,-0.81,50.25,202,2.2659,0.1809,LOCK,2,misalignment
391,3101234,3908,3921,-0.10530,-0.10920,-0.83850,0.85211,1000.81,1000,-0.81,50.25,202,2.2428,-0.1692,LOCK,2,misalignment
392,3101244,3918,3931,0.19500,0.62010,-0.99060,1.18484,1000.81,1000,-0.81,50.25,202,2.2527,-0.0200,LOCK,2,misalignment
393,3101257,3931,3944,0.21840,0.08970,-0.75660,0.79258,1000.81,1000,-0.81,50.25,202,2.2581,0.0622,LOCK,2,misalignment
394,3101266,3940,3953,-0.08580,0.16380,-0.69420,0.71840,1000.81,1000,-0.81,50.25,202,2.2625,0.1293,LOCK,2,misalignment
395,3101274,3948,3961,-0.13650,0.21840,-0.66300,0.71127,1000.80,1000,-0.80,50.25,202,2.2637,0.1476,LOCK,2,misalignment
396,3101284,3958,3971,-0.13650,0.21840,-0.66300,0.71127,1000.79,1000,-0.79,50.25,202,2.2683,0.2160,LOCK,2,misalignment
397,3101294,3968,3981,-0.33930,-0.08580,-0.86190,0.93025,1000.78,1000,-0.78,50.25,202,2.2632,0.1400,LOCK,2,misalignment
398,3101304,3978,3991,-0.03900,0.00390,-0.70980,0.71088,1000.78,1000,-0.78,50.25,202,2.2612,0.1092,LOCK,2,misalignment
399,3101314,3988,4001,0.14430,0.27690,-0.87750,0.93140,1000.78,1000,-0.78,50.25,202,2.2597,0.0866,LOCK,2,misalignment
400,3101324,3998,4011,0.08190,0.04680,-0.74100,0.74698,1000.73,1000,-0.73,50.25,202,2.2666,0.1916,LOCK,2,misalignment
401,3101334,4008,4021,-0.15210,0.12480,-0.70590,0.73281,1000.71,1000,-0.71,50.25,202,2.2374,-0.2516,LOCK,2,misalignment
402,3101344,4018,4031,-0.30810,0.13260,-0.85020,0.91397,1000.71,1000,-0.71,50.25,202,2.2497,-0.0651,LOCK,2,misalignment
403,3101354,4028,4041,-0.20670,0.06630,-0.78000,0.80964,1000.71,1000,-0.71,50.25,202,2.2450,-0.1359,LOCK,2,misalignment
404,3101364,4038,4051,-0.06630,-0.12480,-0.89700,0.90806,1000.71,1000,-0.71,50.25,202,2.2691,0.2288,LOCK,2,misalignment
405,3101374,4048,4061,0.03900,0.27690,-0.75270,0.80296,1000.71,1000,-0.71,50.25,202,2.2664,0.1879,LOCK,2,misalignment
406,3101384,4058,4071,-0.00780,-0.12480,-0.70590,0.71689,1000.72,1000,-0.72,50.25,202,2.2667,0.1922,LOCK,2,misalignment
407,3101394,4068,4081,-0.26910,0.14430,-0.72540,0.78705,1000.73,1000,-0.73,50.25,202,2.2654,0.1733,LOCK,2,misalignment
408,3101404,4078,4091,-0.28470,0.08580,-0.71760,0.77677,1000.73,1000,-0.73,50.25,202,2.2662,0.1846,LOCK,2,misalignment
409,3101414,4088,4101,-0.19110,-0.01560,-0.90870,0.92871,1000.73,1000,-0.73,50.25,202,2.2653,0.1714,LOCK,2,misalignment
410,3101424,4098,4111,-0.04680,-0.09360,-0.78000,0.78699,1000.73,1000,-0.73,50.25,202,2.2665,0.1898,LOCK,2,misalignment
411,3101434,4108,4121,0.10140,-0.08970,-0.76440,0.77630,1000.73,1000,-0.73,50.25,202,2.2316,-0.3399,LOCK,2,misalignment
412,3101444,4118,4131,0.05460,-0.01560,-0.69810,0.70041,1000.74,1000,-0.74,50.25,202,2.2414,-0.1903,LOCK,2,misalignment
413,3101458,4132,4145,-0.09750,0.21060,-0.80340,0.83625,1000.74,1000,-0.74,50.25,202,2.2397,-0.2159,LOCK,2,misalignment
414,3101466,4140,4153,-0.24570,-0.11310,-0.78390,0.82925,1000.74,1000,-0.74,50.25,202,2.2543,0.0045,LOCK,2,misalignment
415,3101474,4148,4161,-0.11700,-0.07020,-0.78390,0.79569,1000.74,1000,-0.74,50.25,202,2.2646,0.1604,LOCK,2,misalignment
416,3101484,4158,4171,-0.02340,-0.22620,-0.84630,0.87632,1000.75,1000,-0.75,50.25,202,2.2625,0.1284,LOCK,2,misalignment
417,3101494,4168,4181,0.14430,0.04680,-0.79170,0.80610,1000.75,1000,-0.75,50.25,202,2.2714,0.2633,LOCK,2,misalignment
418,3101504,4178,4191,-0.01950,-0.06240,-0.78000,0.78273,1000.75,1000,-0.75,50.25,202,2.2667,0.1925,LOCK,2,misalignment
419,3101514,4188,4201,-0.05850,0.28470,-0.70590,0.76339,1000.75,1000,-0.75,50.25,202,2.2624,0.1275,LOCK,2,misalignment
420,3101524,4198,4211,-0.33540,-0.07020,-0.76440,0.83769,1000.75,1000,-0.75,50.25,202,2.2646,0.1604,LOCK,2,misalignment
421,3101534,4208,4221,-0.02730,0.08970,-0.74880,0.75465,1000.75,1000,-0.75,50.25,202,2.2649,0.1656,LOCK,2,misalignment
422,3101544,4218,4231,0.00780,-0.08190,-0.81120,0.81536,1000.75,1000,-0.75,50.25,202,2.2386,-0.2336,LOCK,2,misalignment
423,3101554,4228,4241,0.24180,0.01560,-0.86190,0.89531,1000.75,1000,-0.75,50.25,202,2.2361,-0.2715,LOCK,2,misalignment
424,3101564,4238,4251,0.02340,0.03120,-0.63180,0.63300,1000.82,1000,-0.82,50.25,202,2.2557,0.0252,LOCK,2,misalignment
425,3101574,4248,4261,-0.28470,0.17160,-0.81120,0.87667,1000.83,1000,-0.83,50.25,202,2.2620,0.1217,LOCK,2,misalignment
426,3101584,4258,4271,-0.38610,-0.11310,-0.83850,0.93003,1000.84,1000,-0.84,50.25,202,2.2645,0.1595,LOCK,2,misalignment
427,3101594,4268,4281,-0.02730,-0.12480,-0.88920,0.89833,1000.84,1000,-0.84,50.25,202,2.2613,0.1104,LOCK,2,misalignment
428,3101604,4278,4291,0.15600,0.10140,-0.99450,1.01175,1000.84,1000,-0.84,50.25,202,2.2686,0.2206,LOCK,2,misalignment
429,3101614,4288,4301,0.12090,0.21060,-0.82290,0.85798,1000.84,1000,-0.84,50.25,202,2.2634,0.1427,LOCK,2,misalignment
430,3101624,4298,4311,0.02340,-0.05460,-0.74880,0.75115,1000.73,1000,-0.73,50.25,202,2.2652,0.1696,LOCK,2,misalignment
431,3101634,4308,4321,-0.17940,0.25740,-0.72150,0.78677,1000.69,1000,-0.69,50.25,202,2.2657,0.1772,LOCK,2,misalignment
432,3101644,4318,4331,-0.33150,-0.23010,-0.93210,1.01570,1000.69,1000,-0.69,50.25,202,2.2635,0.1446,LOCK,2,misalignment
433,3101658,4332,4345,-0.05460,-0.00390,-0.72930,0.73135,1000.68,1000,-0.68,50.25,202,2.2601,0.0918,LOCK,2,misalignment
434,3101666,4340,4353,0.22620,0.36660,-0.93990,1.03391,1000.68,1000,-0.68,50.25,202,2.2550,0.0155,LOCK,2,misalignment
435,3101674,4348,4361,0.17550,-0.07800,-0.70590,0.73156,1000.68,1000,-0.68,50.25,202,2.2631,0.1379,LOCK,2,misalignment
436,3101684,4358,4371,0.17550,-0.07800,-0.70590,0.73156,1000.66,1000,-0.66,50.25,202,2.2643,0.1556,LOCK,2,misalignment
437,3101694,4368,4381,-0.17940,0.07410,-0.64350,0.67214,1000.64,1000,-0.64,50.25,202,2.2715,0.2652,LOCK,2,misalignment
438,3101704,4378,4391,-0.21840,0.16380,-0.80340,0.84852,1000.64,1000,-0.64,50.25,202,2.2653,0.1705,LOCK,2,misalignment
439,3101714,4388,4401,-0.21060,0.04290,-0.72540,0.75657,1000.64,1000,-0.64,50.25,202,2.2595,0.0829,LOCK,2,misalignment
440,3101724,4398,4411,-0.05460,-0.13260,-0.83070,0.84299,1000.64,1000,-0.64,50.25,202,2.2685,0.2197,LOCK,2,misalignment
441,3101734,4408,4421,-0.03900,0.17550,-0.73710,0.75871,1000.64,1000,-0.64,50.25,202,2.2657,0.1772,LOCK,2,misalignment
442,3101744,4418,4431,0.08190,0.02340,-0.65910,0.66458,1000.70,1000,-0.70,50.25,202,2.2583,0.0658,LOCK,2,misalignment
443,3101754,4428,4441,-0.18330,0.07800,-0.68640,0.71472,1000.71,1000,-0.71,50.25,202,2.2512,-0.0425,LOCK,2,misalignment
444,3101764,4438,4451,-0.31200,0.09360,-0.69810,0.77036,1000.72,1000,-0.72,50.25,202,2.2400,-0.2123,LOCK,2,misalignment
445,3101774,4448,4461,-0.19110,-0.07800,-0.90480,0.92804,1000.72,1000,-0.72,50.25,202,2.2667,0.1928,LOCK,2,misalignment
446,3101784,4458,4471,0.00000,-0.05850,-0.73320,0.73553,1000.72,1000,-0.72,50.25,202,2.2646,0.1604,LOCK,2,misalignment
447,3101794,4468,4481,0.20280,0.10920,-0.71760,0.75366,1000.72,1000,-0.72,50.25,202,2.2587,0.0716,LOCK,2,misalignment
448,3101804,4478,4491,0.10140,-0.08970,-0.62790,0.64233,1000.73,1000,-0.73,50.25,202,2.2687,0.2233,LOCK,2,misalignment
449,3101814,4488,4501,-0.18720,0.26130,-0.75660,0.82205,1000.73,1000,-0.73,50.25,202,2.2623,0.1253,LOCK,2,misalignment
450,3101824,4498,4511,-0.31590,-0.07800,-0.74880,0.81644,1000.73,1000,-0.73,50.25,202,2.2670,0.1974,LOCK,2,misalignment
451,3101834,4508,4521,-0.10140,0.00780,-0.75270,0.75954,1000.73,1000,-0.73,50.25,202,2.2571,0.0466,LOCK,2,misalignment
452,3101844,4518,4531,-0.03510,-0.23790,-0.85800,0.89106,1000.73,1000,-0.73,50.25,202,2.2244,-0.4482,LOCK,2,misalignment
453,3101857,4531,4544,0.00780,0.00390,-0.79560,0.79565,1000.73,1000,-0.73,50.25,202,2.2472,-0.1024,LOCK,2,misalignment
454,3101866,4540,4553,-0.00390,-0.08190,-0.80340,0.80757,1000.73,1000,-0.73,50.25,202,2.2416,-0.1872,LOCK,2,misalignment
455,3101874,4548,4561,0.01560,0.39780,-0.75660,0.85495,1000.73,1000,-0.73,50.25,202,2.2683,0.2160,LOCK,2,misalignment
456,3101884,4558,4571,-0.26520,0.05460,-0.84240,0.88484,1000.74,1000,-0.74,50.25,202,2.2616,0.1153,LOCK,2,misalignment
457,3101894,4568,4581,-0.14040,0.05460,-0.86580,0.87881,1000.74,1000,-0.74,50.25,202,2.2714,0.2639,LOCK,2,misalignment
458,3101904,4578,4591,0.01560,-0.01950,-0.90870,0.90904,1000.74,1000,-0.74,50.25,202,2.2657,0.1769,LOCK,2,misalignment
459,3101914,4588,4601,0.26520,0.09360,-0.93990,0.98107,1000.74,1000,-0.74,50.25,202,2.2634,0.1418,LOCK,2,misalignment
460,3101924,4598,4611,0.01170,-0.00390,-0.70200,0.70211,1000.76,1000,-0.76,50.25,202,2.2648,0.1635,LOCK,2,misalignment
461,3101934,4608,4621,-0.23790,0.27300,-0.90870,0.97819,1000.76,1000,-0.76,50.25,202,2.2640,0.1516,LOCK,2,misalignment
462,3101944,4618,4631,-0.28080,-0.17550,-0.84630,0.90878,1000.77,1000,-0.77,50.25,202,2.2638,0.1488,LOCK,2,misalignment
463,3101954,4628,4641,0.02340,-0.05850,-0.91260,0.91477,1000.77,1000,-0.77,50.25,202,2.2701,0.2441,LOCK,2,misalignment
464,3101964,4638,4651,0.06630,0.01950,-0.99450,0.99690,1000.77,1000,-0.77,50.25,202,2.2594,0.0814,LOCK,2,misalignment
465,3101974,4648,4661,0.12870,0.13650,-0.90090,0.92023,1000.77,1000,-0.77,50.25,202,2.2645,0.1592,LOCK,2,misalignment
466,3101984,4658,4671,0.07800,0.01170,-0.78780,0.79174,1000.76,1000,-0.76,50.25,202,2.2637,0.1467,LOCK,2,misalignment
467,3101994,4668,4681,-0.26130,0.14820,-0.71370,0.77434,1000.76,1000,-0.76,50.25,202,2.2542,0.0036,LOCK,2,misalignment
468,3102004,4678,4691,-0.35490,-0.17550,-0.97110,1.04871,1000.76,1000,-0.76,50.25,202,2.2285,-0.3866,LOCK,2,misalignment
469,3102014,4688,4701,-0.09360,-0.02730,-0.75270,0.75899,1000.76,1000,-0.76,50.25,202,2.2376,-0.2483,LOCK,2,misalignment
470,3102024,4698,4711,0.08970,0.23010,-1.01790,1.04743,1000.76,1000,-0.76,50.25,202,2.2659,0.1806,LOCK,2,misalignment
471,3102034,4708,4721,0.13650,0.12090,-0.78000,0.80103,1000.76,1000,-0.76,50.25,202,2.2657,0.1766,LOCK,2,misalignment
472,3102044,4718,4731,-0.19500,0.03120,-0.67860,0.70675,1000.83,1000,-0.83,50.25,202,2.2517,-0.0352,LOCK,2,misalignment
473,3102058,4732,4745,-0.21450,0.26130,-0.84630,0.91132,1000.84,1000,-0.84,50.25,202,2.2459,-0.1225,LOCK,2,misalignment
474,3102066,4740,4753,-0.24570,0.07800,-0.72150,0.76617,1000.84,1000,-0.84,50.25,202,2.2465,-0.1137,LOCK,2,misalignment
475,3102075,4749,4762,-0.01560,-0.16380,-0.86190,0.87747,1000.84,1000,-0.84,50.25,202,2.2651,0.1684,LOCK,2,misalignment
476,3102084,4758,4771,-0.01560,-0.16380,-0.86190,0.87747,1000.85,1000,-0.85,50.25,202,2.2691,0.2285,LOCK,2,misalignment
477,3102094,4768,4781,-0.12480,0.13650,-0.68640,0.71088,1000.86,1000,-0.86,50.25,202,2.2517,-0.0352,LOCK,2,misalignment
478,3102104,4778,4791,0.05460,-0.02730,-0.65910,0.66192,1000.81,1000,-0.81,50.25,202,2.2388,-0.2306,LOCK,2,misalignment
479,3102114,4788,4801,-0.19500,0.10530,-0.62010,0.65851,1000.80,1000,-0.80,50.25,202,2.2485,-0.0838,LOCK,2,misalignment
480,3102124,4798,4811,-0.29640,0.12090,-0.69420,0.76445,1000.80,1000,-0.80,50.25,202,2.2524,-0.0239,LOCK,2,misalignment
481,3102134,4808,4821,-0.29640,-0.14820,-0.89310,0.95260,1000.80,1000,-0.80,50.25,202,2.2636,0.1461,LOCK,2,misalignment
482,3102144,4818,4831,0.01560,0.05070,-0.78000,0.78180,1000.80,1000,-0.80,50.25,202,2.2663,0.1870,LOCK,2,misalignment
483,3102154,4828,4841,0.09360,0.27690,-0.86580,0.91381,1000.80,1000,-0.80,50.25,202,2.2765,0.3409,LOCK,2,misalignment
484,3102164,4838,4851,0.08580,-0.07020,-0.67080,0.67990,1000.83,1000,-0.83,50.25,202,2.2583,0.0652,LOCK,2,misalignment
485,3102174,4848,4861,-0.20280,0.29640,-0.79170,0.86935,1000.84,1000,-0.84,50.25,202,2.2647,0.1614,LOCK,2,misalignment
486,3102184,4858,4871,-0.37050,0.03120,-0.76830,0.85354,1000.84,1000,-0.84,50.25,202,2.2617,0.1171,LOCK,2,misalignment
487,3102194,4868,4881,-0.10140,0.04290,-0.78000,0.78773,1000.84,1000,-0.84,50.25,202,2.2405,-0.2040,LOCK,2,misalignment
488,3102204,4878,4891,-0.01560,-0.21060,-0.82680,0.85334,1000.84,1000,-0.84,50.25,202,2.2510,-0.0456,LOCK,2,misalignment
489,3102214,4888,4901,0.01950,-0.01950,-0.76440,0.76490,1000.84,1000,-0.84,50.25,202,2.2465,-0.1143,LOCK,2,misalignment
490,3102224,4898,4911,0.10530,-0.05460,-0.79560,0.80439,1000.81,1000,-0.81,50.25,202,2.2601,0.0924,LOCK,2,misalignment
491,3102234,4908,4921,0.05070,0.26520,-0.69810,0.74850,1000.80,1000,-0.80,50.25,202,2.2641,0.1528,LOCK,2,misalignment
492,3102244,4918,4931,-0.24180,-0.01950,-0.81120,0.84670,1000.79,1000,-0.79,50.25,202,2.2617,0.1162,LOCK,2,misalignment
493,3102257,4931,4944,-0.15600,-0.05070,-0.79170,0.80851,1000.79,1000,-0.79,50.25,202,2.2685,0.2197,LOCK,2,misalignment
494,3102266,4940,4953,0.11310,-0.02730,-0.87360,0.88131,1000.79,1000,-0.79,50.25,202,2.2653,0.1708,LOCK,2,misalignment
495,3102274,4948,4961,0.20670,0.14040,-0.93210,0.96501,1000.79,1000,-0.79,50.25,202,2.2670,0.1977,LOCK,2,misalignment
496,3102284,4958,4971,0.01560,-0.07020,-0.69810,0.70179,1000.83,1000,-0.83,50.25,202,2.2661,0.1833,LOCK,2,misalignment
497,3102294,4968,4981,-0.13260,0.28470,-0.85410,0.91001,1000.86,1000,-0.86,50.25,202,2.2669,0.1959,LOCK,2,misalignment
498,3102304,4978,4991,-0.26520,-0.09360,-0.74880,0.79987,1000.87,1000,-0.87,50.25,202,2.2340,-0.3029,LOCK,2,misalignment
499,3102314,4988,5001,0.04680,-0.04290,-0.85020,0.85257,1000.87,1000,-0.87,50.25,202,2.2377,-0.2477,LOCK,2,misalignment
500,3102324,4998,5011,0.04680,-0.00780,-0.89700,0.89825,1000.87,1000,-0.87,50.25,202,2.2477,-0.0953,LOCK,2,misalignment
501,3102334,5008,5021,0.14430,0.05070,-0.80730,0.82166,1000.87,1000,-0.87,50.25,202,2.2666,0.1913,LOCK,2,misalignment
502,3102344,5018,5031,0.05460,0.02730,-0.77220,0.77461,1000.88,1000,-0.88,50.25,202,2.2551,0.0173,LOCK,2,misalignment
503,3102354,5028,5041,-0.23010,0.23010,-0.70200,0.77375,1000.89,1000,-0.89,50.25,202,2.2621,0.1232,LOCK,2,misalignment
504,3102364,5038,5051,-0.41730,-0.32760,-0.96720,1.10315,1000.89,1000,-0.89,50.25,202,2.2382,-0.2400,LOCK,2,misalignment
505,3102374,5048,5061,-0.11310,-0.08190,-0.75270,0.76554,1000.89,1000,-0.89,50.25,202,2.2574,0.0521,LOCK,2,misalignment
506,3102384,5058,5071,0.04680,0.15210,-0.99060,1.00330,1000.89,1000,-0.89,50.25,202,2.2429,-0.1683,LOCK,2,misalignment
507,3102394,5068,5081,0.14040,0.05460,-0.81510,0.82890,1000.89,1000,-0.89,50.25,202,2.2519,-0.0312,LOCK,2,misalignment
508,3102440,5114,5127,0.03900,-0.00390,-0.88530,0.88617,1000.89,1000,-0.89,50.25,202,2.2628,0.1330,LOCK,2,misalignment
509,3102449,5123,5136,-0.00390,0.26130,-0.76050,0.80415,1000.90,1000,-0.90,50.25,202,2.2652,0.1696,LOCK,2,misalignment
510,3102462,5136,5149,0.10140,0.09360,-0.72150,0.73458,1000.90,1000,-0.90,50.25,202,2.2626,0.1308,LOCK,2,misalignment
511,3102471,5145,5158,-0.21060,0.28080,-0.70200,0.78486,1000.90,1000,-0.90,50.25,202,2.2584,0.0661,LOCK,2,misalignment
512,3102479,5153,5166,-0.25350,0.19110,-0.72930,0.79540,1000.90,1000,-0.90,50.25,202,2.2755,0.3265,LOCK,2,misalignment
513,3102488,5162,5175,-0.29250,-0.08580,-0.87750,0.92894,1000.90,1000,-0.90,50.25,202,2.2666,0.1916,LOCK,2,misalignment
514,3102496,5170,5183,0.01950,-0.12090,-0.75660,0.76645,1000.90,1000,-0.90,50.25,202,2.2655,0.1736,LOCK,2,misalignment
515,3102504,5178,5191,0.01950,-0.12090,-0.75660,0.76645,1000.90,1000,-0.90,50.25,202,2.2404,-0.2065,LOCK,2,misalignment
516,3102513,5187,5200,0.07410,0.33150,-0.82290,0.89025,1000.90,1000,-0.90,50.25,202,2.2465,-0.1137,LOCK,2,misalignment
517,3102521,5195,5208,0.15210,-0.01950,-0.64350,0.66152,1000.90,1000,-0.90,50.25,202,2.2564,0.0356,LOCK,2,misalignment
518,3102530,5204,5217,-0.21060,0.23010,-0.74100,0.80398,1000.90,1000,-0.90,50.25,202,2.2478,-0.0944,LOCK,2,misalignment
519,3102542,5216,5229,-0.31200,0.01560,-0.72930,0.79339,1000.89,1000,-0.89,50.25,202,2.2657,0.1769,LOCK,2,misalignment
520,3102550,5224,5237,-0.12870,-0.03510,-0.77610,0.78748,1000.89,1000,-0.89,50.25,202,2.2582,0.0631,LOCK,2,misalignment
521,3102559,5233,5246,0.02730,-0.07020,-0.80340,0.80692,1000.89,1000,-0.89,50.25,202,2.2675,0.2041,LOCK,2,misalignment
522,3102567,5241,5254,0.02730,0.02730,-0.70980,0.71085,1000.89,1000,-0.89,50.25,202,2.2634,0.1418,LOCK,2,misalignment
523,3102576,5250,5263,0.02730,0.02730,-0.70980,0.71085,1000.89,1000,-0.89,50.25,202,2.2662,0.1852,LOCK,2,misalignment
524,3102584,5258,5271,0.05460,-0.13260,-0.73320,0.74709,1000.89,1000,-0.89,50.25,202,2.2655,0.1745,LOCK,2,misalignment
525,3102593,5267,5280,-0.06630,0.21840,-0.65130,0.69013,1000.89,1000,-0.89,50.25,202,2.2564,0.0368,LOCK,2,misalignment
526,3102601,5275,5288,-0.34320,0.04680,-0.74880,0.82503,1000.89,1000,-0.89,50.25,202,2.2661,0.1830,LOCK,2,misalignment
527,3102610,5284,5297,-0.19500,0.05070,-0.76050,0.78674,1000.89,1000,-0.89,50.25,202,2.2311,-0.3466,LOCK,2,misalignment
528,3102618,5292,5305,-0.04680,-0.10530,-0.82290,0.83093,1000.89,1000,-0.89,50.25,202,2.2444,-0.1451,LOCK,2,misalignment
529,3102627,5301,5314,-0.04680,-0.10530,-0.82290,0.83093,1000.89,1000,-0.89,50.25,202,2.2338,-0.3063,LOCK,2,misalignment
530,3102635,5309,5322,0.09360,0.03120,-0.84240,0.84816,1000.89,1000,-0.89,50.25,202,2.2539,-0.0019,LOCK,2,misalignment
531,3102656,5330,5343,-0.16380,0.22230,-0.83850,0.88280,1000.89,1000,-0.89,50.25,202,2.2650,0.1659,LOCK,2,misalignment
532,3102670,5344,5357,-0.07800,-0.04290,-0.89310,0.89753,1000.89,1000,-0.89,50.25,202,2.2606,0.0997,LOCK,2,misalignment
533,3102678,5352,5365,-0.07800,-0.04290,-0.89310,0.89753,1000.89,1000,-0.89,50.25,202,2.2469,-0.1069,LOCK,2,misalignment
534,3102687,5361,5374,0.03120,-0.03120,-0.90480,0.90588,1000.89,1000,-0.89,50.25,202,2.2492,-0.0728,LOCK,2,misalignment
535,3102695,5369,5382,0.22620,0.02340,-0.89310,0.92160,1000.89,1000,-0.89,50.25,202,2.2499,-0.0624,LOCK,2,misalignment
536,3102704,5378,5391,-0.02340,-0.12480,-0.79560,0.80567,1000.88,1000,-0.88,50.25,202,2.2624,0.1269,LOCK,2,misalignment
537,3102746,5420,5433,0.08580,0.00000,-1.00230,1.00597,1000.87,1000,-0.87,50.25,202,2.2673,0.2017,LOCK,2,misalignment
538,3102755,5429,5442,0.08580,0.07800,-0.81120,0.81945,1000.86,1000,-0.86,50.25,202,2.2602,0.0933,LOCK,2,misalignment
539,3102763,5437,5450,0.00390,-0.02340,-0.67080,0.67122,1000.87,1000,-0.87,50.25,202,2.2690,0.2267,LOCK,2,misalignment
540,3102772,5446,5459,-0.21450,0.25350,-0.86580,0.92730,1000.87,1000,-0.87,50.25,202,2.2613,0.1101,LOCK,2,misalignment
541,3102780,5454,5467,-0.21450,0.25350,-0.86580,0.92730,1000.88,1000,-0.88,50.25,202,2.2662,0.1843,LOCK,2,misalignment
542,3102789,5463,5476,-0.29250,0.02730,-0.76440,0.81891,1000.89,1000,-0.89,50.25,202,2.2669,0.1959,LOCK,2,misalignment
543,3102797,5471,5484,-0.05460,-0.09360,-0.92820,0.93450,1000.89,1000,-0.89,50.25,202,2.2645,0.1592,LOCK,2,misalignment
544,3102806,5480,5493,0.14430,0.34320,-0.81120,0.89255,1000.90,1000,-0.90,50.25,202,2.2501,-0.0584,LOCK,2,misalignment
545,3102814,5488,5501,0.14040,0.18720,-0.80730,0.84053,1000.90,1000,-0.90,50.25,202,2.2308,-0.3518,LOCK,2,misalignment
546,3102823,5497,5510,0.14040,0.18720,-0.80730,0.84053,1000.91,1000,-0.91,50.25,202,2.2453,-0.1314,LOCK,2,misalignment
547,3102831,5505,5518,-0.15600,0.14430,-0.70200,0.73346,1000.92,1000,-0.92,50.25,202,2.2457,-0.1265,LOCK,2,misalignment
548,3102839,5513,5526,-0.19500,0.17550,-0.75660,0.80079,1000.93,1000,-0.93,50.25,202,2.2551,0.0170,LOCK,2,misalignment
549,3102850,5524,5537,-0.30030,-0.13650,-0.88530,0.94476,1000.93,1000,-0.93,50.25,202,2.2611,0.1073,LOCK,2,misalignment
550,3102858,5532,5545,0.00780,-0.11700,-0.76050,0.76949,1000.94,1000,-0.94,50.25,202,2.2602,0.0942,LOCK,2,misalignment
551,3102871,5545,5558,0.08970,0.45240,-0.93600,1.04346,1000.95,1000,-0.95,50.25,202,2.2611,0.1079,LOCK,2,misalignment
552,3102880,5554,5567,0.16770,-0.01170,-0.66690,0.68776,1000.95,1000,-0.95,50.25,202,2.2698,0.2395,LOCK,2,misalignment
553,3102888,5562,5575,-0.17550,0.29640,-0.72540,0.80303,1000.94,1000,-0.94,50.25,202,2.2627,0.1315,LOCK,2,misalignment
554,3102897,5571,5584,-0.37050,0.11310,-0.73320,0.82924,1000.94,1000,-0.94,50.25,202,2.2639,0.1498,LOCK,2,misalignment
555,3102905,5579,5592,-0.14430,0.02730,-0.80730,0.82055,1000.94,1000,-0.94,50.25,202,2.2590,0.0762,LOCK,2,misalignment
556,3102914,5588,5601,-0.14430,0.02730,-0.80730,0.82055,1000.94,1000,-0.94,50.25,202,2.2600,0.0905,LOCK,2,misalignment
557,3102922,5596,5609,0.00390,-0.07800,-0.83460,0.83825,1000.94,1000,-0.94,50.25,202,2.2391,-0.2257,LOCK,2,misalignment
558,3102931,5605,5618,0.09360,0.01170,-0.67080,0.67740,1000.94,1000,-0.94,50.25,202,2.2528,-0.0181,LOCK,2,misalignment
559,3102939,5613,5626,0.10140,-0.03900,-0.73710,0.74506,1000.95,1000,-0.95,50.25,202,2.2337,-0.3081,LOCK,2,misalignment
560,3102953,5627,5640,-0.11700,0.23400,-0.72150,0.76747,1000.95,1000,-0.95,50.25,202,2.2695,0.2352,LOCK,2,misalignment
561,3102962,5636,5649,-0.26910,-0.02730,-0.76830,0.81452,1000.95,1000,-0.95,50.25,202,2.2667,0.1931,LOCK,2,misalignment
562,3102970,5644,5657,-0.15600,0.08190,-0.78000,0.79965,1000.96,1000,-0.96,50.25,202,2.2669,0.1952,LOCK,2,misalignment
563,3102978,5652,5665,-0.09750,-0.07800,-0.82680,0.83617,1000.96,1000,-0.96,50.25,202,2.2420,-0.1817,LOCK,2,misalignment
564,3102987,5661,5674,-0.09750,-0.07800,-0.82680,0.83617,1000.96,1000,-0.96,50.25,202,2.2529,-0.0169,LOCK,2,misalignment
565,3102995,5669,5682,0.06630,0.13260,-0.82290,0.83615,1000.97,1000,-0.97,50.25,202,2.2551,0.0170,LOCK,2,misalignment
566,3103004,5678,5691,0.00780,-0.19110,-0.63570,0.66385,1000.96,1000,-0.96,50.25,202,2.2584,0.0667,LOCK,2,misalignment
567,3103048,5722,5735,0.04680,-0.07020,-0.85800,0.86214,1000.96,1000,-0.96,50.25,202,2.2647,0.1620,LOCK,2,misalignment
568,3103056,5730,5743,0.17940,-0.01950,-0.95940,0.97622,1000.96,1000,-0.96,50.25,202,2.2627,0.1321,LOCK,2,misalignment
569,3103065,5739,5752,-0.08190,-0.08970,-0.76440,0.77399,1000.95,1000,-0.95,50.25,202,2.2694,0.2331,LOCK,2,misalignment
570,3103078,5752,5765,-0.17550,0.23790,-0.76830,0.82321,1000.94,1000,-0.94,50.25,202,2.2607,0.1015,LOCK,2,misalignment
571,3103087,5761,5774,-0.35100,-0.29250,-0.95160,1.05560,1000.93,1000,-0.93,50.25,202,2.2561,0.0316,LOCK,2,misalignment
572,3103095,5769,5782,0.01560,-0.05460,-0.73710,0.73928,1000.93,1000,-0.93,50.25,202,2.2619,0.1199,LOCK,2,misalignment
573,3103104,5778,5791,0.02730,-0.16770,-0.93600,0.95130,1000.92,1000,-0.92,50.25,202,2.2635,0.1434,LOCK,2,misalignment
574,3103112,5786,5799,0.14430,0.10920,-0.78000,0.80072,1000.92,1000,-0.92,50.25,202,2.2642,0.1553,LOCK,2,misalignment
575,3103121,5795,5808,0.02340,-0.11700,-0.65910,0.66981,1000.91,1000,-0.91,50.25,202,2.2624,0.1269,LOCK,2,misalignment
576,3103129,5803,5816,0.02340,-0.11700,-0.65910,0.66981,1000.91,1000,-0.91,50.25,202,2.2404,-0.2055,LOCK,2,misalignment
577,3103137,5811,5824,-0.30810,0.14040,-0.78000,0.85032,1000.90,1000,-0.90,50.25,202,2.2386,-0.2336,LOCK,2,misalignment
578,3103146,5820,5833,-0.28860,-0.15600,-0.75270,0.82109,1000.90,1000,-0.90,50.25,202,2.2651,0.1675,LOCK,2,misalignment
579,3103156,5830,5843,-0.07800,-0.08190,-0.85020,0.85769,1000.90,1000,-0.90,50.25,202,2.2632,0.1400,LOCK,2,misalignment
580,3103165,5839,5852,0.19890,0.35880,-0.78000,0.88131,1000.90,1000,-0.90,50.25,202,2.2577,0.0558,LOCK,2,misalignment
581,3103173,5847,5860,0.17940,0.19110,-0.80730,0.84879,1000.89,1000,-0.89,50.25,202,2.2649,0.1650,LOCK,2,misalignment
582,3103181,5855,5868,0.17940,0.19110,-0.80730,0.84879,1000.89,1000,-0.89,50.25,202,2.2599,0.0893,LOCK,2,misalignment
583,3103190,5864,5877,-0.07410,0.18330,-0.58500,0.61751,1000.89,1000,-0.89,50.25,202,2.2623,0.1257,LOCK,2,misalignment
584,3103198,5872,5885,-0.17550,0.27300,-0.72150,0.79113,1000.89,1000,-0.89,50.25,202,2.2667,0.1931,LOCK,2,misalignment
585,3103207,5881,5894,-0.34320,0.05460,-0.82680,0.89686,1000.89,1000,-0.89,50.25,202,2.2688,0.2239,LOCK,2,misalignment
586,3103215,5889,5902,-0.06240,-0.07410,-0.72930,0.73571,1000.89,1000,-0.89,50.25,202,2.2482,-0.0886,LOCK,2,misalignment
587,3103224,5898,5911,0.03510,0.28080,-0.90090,0.94430,1000.89,1000,-0.89,50.25,202,2.2435,-0.1598,LOCK,2,misalignment
588,3103232,5906,5919,0.03510,0.28080,-0.90090,0.94430,1000.89,1000,-0.89,50.25,202,2.2523,-0.0258,LOCK,2,misalignment
589,3103241,5915,5928,0.12480,0.06630,-0.62010,0.63600,1000.90,1000,-0.90,50.25,202,2.2360,-0.2724,LOCK,2,misalignment
590,3103259,5933,5946,-0.33930,0.15210,-0.69030,0.78407,1000.91,1000,-0.91,50.25,202,2.2625,0.1290,LOCK,2,misalignment
591,3103267,5941,5954,-0.23790,-0.05850,-0.82290,0.85859,1000.92,1000,-0.92,50.25,202,2.2561,0.0316,LOCK,2,misalignment
592,3103280,5954,5967,0.01170,-0.04680,-0.77220,0.77371,1000.92,1000,-0.92,50.25,202,2.2639,0.1501,LOCK,2,misalignment
593,3103289,5963,5976,0.10530,0.26130,-0.71370,0.76729,1000.93,1000,-0.93,50.25,202,2.2364,-0.2666,LOCK,2,misalignment
594,3103297,5971,5984,0.07020,-0.18330,-0.68250,0.71016,1000.93,1000,-0.93,50.25,202,2.2462,-0.1185,LOCK,2,misalignment
595,3103306,5980,5993,-0.16770,0.17940,-0.67080,0.71434,1000.93,1000,-0.93,50.25,202,2.2462,-0.1179,LOCK,2,misalignment
596,3103314,5988,6001,-0.16770,0.17940,-0.67080,0.71434,1000.92,1000,-0.92,50.25,202,2.2624,0.1272,LOCK,2,misalignment
597,3103355,6029,6042,0.08580,-0.12870,-0.78000,0.79519,1000.92,1000,-0.92,50.25,202,2.2539,-0.0022,LOCK,2,misalignment
598,3103364,6038,6051,0.02730,-0.11700,-0.73320,0.74298,1000.92,1000,-0.92,50.25,202,2.2572,0.0487,LOCK,2,misalignment
599,3103372,6046,6059,-0.08190,0.23010,-0.90870,0.94095,1000.92,1000,-0.92,50.25,202,2.2620,0.1208,LOCK,2,misalignment
600,3103381,6055,6068,-0.25350,-0.02340,-0.75270,0.79459,1000.92,1000,-0.92,50.25,202,2.2614,0.1128,LOCK,2,misalignment
601,3103389,6063,6076,-0.18720,-0.15990,-0.90090,0.93393,1000.92,1000,-0.92,50.25,202,2.2639,0.1495,LOCK,2,misalignment
602,3103398,6072,6085,0.04290,0.08580,-0.85800,0.86335,1000.92,1000,-0.92,50.25,202,2.2625,0.1290,LOCK,2,misalignment
603,3103406,6080,6093,0.04290,0.08580,-0.85800,0.86335,1000.92,1000,-0.92,50.25,202,2.2635,0.1440,LOCK,2,misalignment
604,3103415,6089,6102,0.11700,0.05460,-0.95940,0.96805,1000.92,1000,-0.92,50.25,202,2.2605,0.0979,LOCK,2,misalignment
605,3103423,6097,6110,-0.10530,-0.26520,-0.74100,0.79404,1000.93,1000,-0.93,50.25,202,2.2334,-0.3118,LOCK,2,misalignment
606,3103431,6105,6118,-0.14430,0.24960,-0.79560,0.84623,1000.94,1000,-0.94,50.25,202,2.2471,-0.1042,LOCK,2,misalignment
607,3103440,6114,6127,-0.30420,-0.43290,-0.86190,1.01134,1000.95,1000,-0.95,50.25,202,2.2375,-0.2507,LOCK,2,misalignment
608,3103448,6122,6135,-0.30420,-0.43290,-0.86190,1.01134,1000.96,1000,-0.96,50.25,202,2.2395,-0.2193,LOCK,2,misalignment
609,3103464,6138,6151,0.03120,-0.15210,-0.89310,0.90650,1000.97,1000,-0.97,50.25,202,2.2639,0.1501,LOCK,2,misalignment
610,3103472,6146,6159,0.22230,-0.03510,-0.77220,0.80433,1000.97,1000,-0.97,50.25,202,2.2651,0.1675,LOCK,2,misalignment
611,3103485,6159,6172,-0.05070,-0.03120,-0.64740,0.65013,1000.96,1000,-0.96,50.25,202,2.2636,0.1449,LOCK,2,misalignment
612,3103494,6168,6181,-0.26910,0.21450,-0.80730,0.87759,1000.95,1000,-0.95,50.25,202,2.2612,0.1086,LOCK,2,misalignment
613,3103502,6176,6189,-0.34320,-0.11700,-0.81510,0.89211,1000.94,1000,-0.94,50.25,202,2.2610,0.1067,LOCK,2,misalignment
614,3103511,6185,6198,-0.10140,-0.24960,-0.90090,0.94032,1000.93,1000,-0.93,50.25,202,2.2671,0.1992,LOCK,2,misalignment
615,3103519,6193,6206,-0.10140,-0.24960,-0.90090,0.94032,1000.92,1000,-0.92,50.25,202,2.2554,0.0219,LOCK,2,misalignment
616,3103528,6202,6215,0.09750,0.12480,-0.90480,0.91856,1000.92,1000,-0.92,50.25,202,2.2378,-0.2449,LOCK,2,misalignment
617,3103536,6210,6223,0.19500,0.19110,-0.89310,0.93390,1000.91,1000,-0.91,50.25,202,2.2420,-0.1811,LOCK,2,misalignment
618,3103545,6219,6232,0.07800,0.11700,-0.69420,0.70830,1000.88,1000,-0.88,50.25,202,2.2383,-0.2385,LOCK,2,misalignment
619,3103553,6227,6240,-0.22620,0.23400,-0.74880,0.81647,1000.86,1000,-0.86,50.25,202,2.2471,-0.1042,LOCK,2,misalignment
620,3103566,6240,6253,-0.33930,0.00000,-0.85800,0.92265,1000.84,1000,-0.84,50.25,202,2.2650,0.1669,LOCK,2,misalignment
621,3103574,6248,6261,-0.01560,-0.05460,-0.78390,0.78595,1000.83,1000,-0.83,50.25,202,2.2619,0.1199,LOCK,2,misalignment
622,3103583,6257,6270,0.21450,0.48750,-0.94770,1.08711,1000.81,1000,-0.81,50.25,202,2.2735,0.2948,LOCK,2,misalignment
623,3103591,6265,6278,0.21450,0.48750,-0.94770,1.08711,1000.80,1000,-0.80,50.25,202,2.2353,-0.2831,LOCK,2,misalignment
624,3103600,6274,6287,0.23400,0.07800,-0.67080,0.71471,1000.80,1000,-0.80,50.25,202,2.2453,-0.1320,LOCK,2,misalignment
625,3103608,6282,6295,-0.21060,0.18720,-0.68640,0.74198,1000.81,1000,-0.81,50.25,202,2.2468,-0.1094,LOCK,2,misalignment
626,3103617,6291,6304,-0.25740,0.23790,-0.64740,0.73619,1000.81,1000,-0.81,50.25,202,2.2457,-0.1259,LOCK,2,misalignment
627,3103669,6343,6356,-0.16380,0.15600,-0.70980,0.74497,1000.81,1000,-0.81,50.25,202,2.2634,0.1421,LOCK,2,misalignment
628,3103678,6352,6365,-0.25740,0.16380,-0.78390,0.84118,1000.81,1000,-0.81,50.25,202,2.2618,0.1189,LOCK,2,misalignment
629,3103691,6365,6378,-0.08970,0.10140,-0.78390,0.79550,1000.82,1000,-0.82,50.25,202,2.2653,0.1708,LOCK,2,misalignment
630,3103700,6374,6387,0.00780,-0.07800,-0.86190,0.86546,1000.82,1000,-0.82,50.25,202,2.2665,0.1888,LOCK,2,misalignment
631,3103708,6382,6395,0.10140,0.03900,-0.70980,0.71807,1000.82,1000,-0.82,50.25,202,2.2709,0.2563,LOCK,2,misalignment
632,3103717,6391,6404,0.06630,-0.16770,-0.66690,0.69085,1000.82,1000,-0.82,50.25,202,2.2633,0.1406,LOCK,2,misalignment
633,3103725,6399,6412,0.06630,-0.16770,-0.66690,0.69085,1000.82,1000,-0.82,50.25,202,2.2611,0.1079,LOCK,2,misalignment
634,3103734,6408,6421,-0.19500,0.14820,-0.78780,0.82500,1000.82,1000,-0.82,50.25,202,2.2487,-0.0804,LOCK,2,misalignment
635,3103742,6416,6429,-0.23400,-0.08580,-0.67080,0.71560,1000.82,1000,-0.82,50.25,202,2.2531,-0.0129,LOCK,2,misalignment
636,3103750,6424,6437,-0.19890,-0.14820,-0.82290,0.85947,1000.82,1000,-0.82,50.25,202,2.2413,-0.1930,LOCK,2,misalignment
637,3103759,6433,6446,0.04680,-0.05070,-0.83850,0.84133,1000.82,1000,-0.82,50.25,202,2.2555,0.0228,LOCK,2,misalignment
638,3103772,6446,6459,0.05070,0.00000,-0.89310,0.89454,1000.82,1000,-0.82,50.25,202,2.2614,0.1119,LOCK,2,misalignment
639,3103780,6454,6467,-0.08970,-0.12090,-0.76440,0.77908,1000.82,1000,-0.82,50.25,202,2.2670,0.1965,LOCK,2,misalignment
640,3103789,6463,6476,-0.09750,0.30030,-0.85800,0.91425,1000.83,1000,-0.83,50.25,202,2.2597,0.0857,LOCK,2,misalignment
641,3103797,6471,6484,-0.09750,0.30030,-0.85800,0.91425,1000.83,1000,-0.83,50.25,202,2.2642,0.1540,LOCK,2,misalignment
642,3103806,6480,6493,-0.31980,-0.21450,-0.87750,0.95827,1000.83,1000,-0.83,50.25,202,2.2611,0.1083,LOCK,2,misalignment
643,3103814,6488,6501,-0.08190,0.05850,-0.80730,0.81355,1000.84,1000,-0.84,50.25,202,2.2613,0.1104,LOCK,2,misalignment
644,3103823,6497,6510,0.08190,-0.12090,-0.92040,0.93191,1000.84,1000,-0.84,50.25,202,2.2603,0.0951,LOCK,2,misalignment
645,3103831,6505,6518,0.27300,0.11310,-0.84240,0.89273,1000.84,1000,-0.84,50.25,202,2.2447,-0.1414,LOCK,2,misalignment
646,3103840,6514,6527,-0.09360,-0.07800,-0.72150,0.73172,1000.84,1000,-0.84,50.25,202,2.2602,0.0945,LOCK,2,misalignment
647,3103848,6522,6535,-0.09360,-0.07800,-0.72150,0.73172,1000.84,1000,-0.84,50.25,202,2.2383,-0.2376,LOCK,2,misalignment
648,3103857,6531,6544,-0.13260,0.23790,-0.86190,0.90391,1000.84,1000,-0.84,50.25,202,2.2473,-0.1018,LOCK,2,misalignment
649,3103876,6550,6563,-0.01950,-0.09750,-0.87360,0.87924,1000.84,1000,-0.84,50.25,202,2.2706,0.2511,LOCK,2,misalignment
650,3103884,6558,6571,0.03120,-0.01170,-0.84240,0.84306,1000.84,1000,-0.84,50.25,202,2.2618,0.1183,LOCK,2,misalignment
651,3103898,6572,6585,0.16380,0.08190,-0.87750,0.89641,1000.84,1000,-0.84,50.25,202,2.2619,0.1192,LOCK,2,misalignment
652,3103906,6580,6593,0.11700,0.10530,-0.58500,0.60581,1000.83,1000,-0.83,50.25,202,2.2382,-0.2397,LOCK,2,misalignment
653,3103915,6589,6602,-0.28080,0.17940,-0.69030,0.76652,1000.83,1000,-0.83,50.25,202,2.2423,-0.1775,LOCK,2,misalignment
654,3103923,6597,6610,-0.39000,-0.05070,-0.82290,0.91205,1000.82,1000,-0.82,50.25,202,2.2411,-0.1961,LOCK,2,misalignment
655,3103932,6606,6619,-0.06630,-0.02340,-0.74100,0.74433,1000.82,1000,-0.82,50.25,202,2.2680,0.2120,LOCK,2,misalignment
656,3103970,6644,6657,-0.24960,0.12090,-0.72540,0.77661,1000.81,1000,-0.81,50.25,202,2.2662,0.1855,LOCK,2,misalignment
657,3103978,6652,6665,-0.13650,0.26130,-0.70200,0.76139,1000.79,1000,-0.79,50.25,202,2.2656,0.1754,LOCK,2,misalignment
658,3103987,6661,6674,-0.25350,-0.01560,-0.83070,0.86866,1000.78,1000,-0.78,50.25,202,2.2652,0.1696,LOCK,2,misalignment
659,3103995,6669,6682,-0.00390,-0.04290,-0.78390,0.78508,1000.77,1000,-0.77,50.25,202,2.2579,0.0588,LOCK,2,misalignment
660,3104003,6677,6690,-0.10530,0.39390,-0.84240,0.93589,1000.76,1000,-0.76,50.25,202,2.2535,-0.0077,LOCK,2,misalignment
661,3104012,6686,6699,-0.10530,0.39390,-0.84240,0.93589,1000.76,1000,-0.76,50.25,202,2.2478,-0.0935,LOCK,2,misalignment
662,3104020,6694,6707,0.14430,0.07410,-0.73710,0.75474,1000.75,1000,-0.75,50.25,202,2.2475,-0.0990,LOCK,2,misalignment
663,3104029,6703,6716,-0.11700,0.13260,-0.65910,0.68241,1000.74,1000,-0.74,50.25,202,2.2675,0.2041,LOCK,2,misalignment
664,3104072,6746,6759,0.18720,0.18330,-0.71370,0.76027,1000.74,1000,-0.74,50.25,202,2.2613,0.1110,LOCK,2,misalignment
665,3104080,6754,6767,0.09360,-0.11700,-0.64350,0.66071,1000.73,1000,-0.73,50.25,202,2.2664,0.1873,LOCK,2,misalignment
666,3104089,6763,6776,-0.21060,0.29640,-0.83070,0.90679,1000.72,1000,-0.72,50.25,202,2.2668,0.1937,LOCK,2,misalignment
667,3104102,6776,6789,-0.23400,0.07800,-0.69420,0.73672,1000.71,1000,-0.71,50.25,202,2.2615,0.1141,LOCK,2,misalignment
668,3104111,6785,6798,-0.12480,-0.13650,-0.88530,0.90441,1000.71,1000,-0.71,50.25,202,2.2585,0.0680,LOCK,2,misalignment
669,3104119,6793,6806,-0.03510,-0.19890,-0.75660,0.78309,1000.70,1000,-0.70,50.25,202,2.2427,-0.1720,LOCK,2,misalignment
670,3104128,6802,6815,-0.00390,0.15600,-0.82290,0.83757,1000.69,1000,-0.69,50.25,202,2.2641,0.1531,LOCK,2,misalignment
671,3104136,6810,6823,-0.04680,-0.28860,-0.69810,0.75685,1000.69,1000,-0.69,50.25,202,2.2621,0.1220,LOCK,2,misalignment
672,3104145,6819,6832,-0.04680,-0.28860,-0.69810,0.75685,1000.68,1000,-0.68,50.25,202,2.2571,0.0472,LOCK,2,misalignment
673,3104153,6827,6840,-0.09750,0.25350,-0.81900,0.86286,1000.66,1000,-0.66,50.25,202,2.2398,-0.2147,LOCK,2,misalignment
674,3104162,6836,6849,-0.28860,-0.26520,-0.88920,0.97175,1000.65,1000,-0.65,50.25,202,2.2466,-0.1128,LOCK,2,misalignment
675,3104170,6844,6857,-0.16770,-0.09750,-0.77220,0.79619,1000.64,1000,-0.64,50.25,202,2.2679,0.2105,LOCK,2,misalignment
676,3104182,6856,6869,0.13650,-0.08190,-0.88920,0.90334,1000.63,1000,-0.63,50.25,202,2.2678,0.2087,LOCK,2,misalignment
677,3104191,6865,6878,0.22230,0.24180,-0.88140,0.94061,1000.62,1000,-0.62,50.25,202,2.2650,0.1672,LOCK,2,misalignment
678,3104199,6873,6886,-0.13650,-0.11310,-0.70590,0.72782,1000.62,1000,-0.62,50.25,202,2.2666,0.1910,LOCK,2,misalignment
679,3104208,6882,6895,-0.13650,-0.11310,-0.70590,0.72782,1000.61,1000,-0.61,50.25,202,2.2454,-0.1305,LOCK,2,misalignment
680,3104216,6890,6903,-0.12090,0.25740,-0.76050,0.81193,1000.60,1000,-0.60,50.25,202,2.2535,-0.0068,LOCK,2,misalignment
681,3104225,6899,6912,-0.31980,-0.07020,-0.72930,0.79942,1000.59,1000,-0.59,50.25,202,2.2634,0.1431,LOCK,2,misalignment
682,3104234,6908,6921,-0.00780,-0.03120,-0.80730,0.80794,1000.59,1000,-0.59,50.25,202,2.2671,0.1983,LOCK,2,misalignment
683,3104242,6916,6929,-0.03120,-0.10140,-0.84240,0.84905,1000.58,1000,-0.58,50.25,202,2.2379,-0.2437,LOCK,2,misalignment
684,3104251,6925,6938,0.21060,0.08970,-0.87750,0.90687,1000.58,1000,-0.58,50.25,202,2.2516,-0.0370,LOCK,2,misalignment
685,3104259,6933,6946,0.21060,0.08970,-0.87750,0.90687,1000.58,1000,-0.58,50.25,202,2.2321,-0.3325,LOCK,2,misalignment
686,3104268,6942,6955,0.12480,0.15600,-0.70200,0.72987,1000.58,1000,-0.58,50.25,202,2.2607,0.1018,LOCK,2,misalignment
687,3104284,6958,6971,-0.33540,-0.10530,-0.88530,0.95254,1000.59,1000,-0.59,50.25,202,2.2654,0.1730,LOCK,2,misalignment
688,3104292,6966,6979,-0.13260,-0.11700,-0.83460,0.85313,1000.59,1000,-0.59,50.25,202,2.2622,0.1244,LOCK,2,misalignment
689,3104306,6980,6993,0.21060,0.17160,-1.00230,1.03846,1000.59,1000,-0.59,50.25,202,2.2643,0.1556,LOCK,2,misalignment
690,3104314,6988,7001,0.22620,0.09750,-0.72930,0.76977,1000.60,1000,-0.60,50.25,202,2.2513,-0.0410,LOCK,2,misalignment
691,3104323,6997,7010,-0.05070,0.12090,-0.77220,0.78325,1000.58,1000,-0.58,50.25,202,2.2507,-0.0496,LOCK,2,misalignment
692,3104331,7005,7018,-0.05070,0.12090,-0.77220,0.78325,1000.57,1000,-0.57,50.25,202,2.2627,0.1318,LOCK,2,misalignment
693,3104339,7013,7026,-0.15990,0.17550,-0.67080,0.71158,1000.56,1000,-0.56,50.25,202,2.2656,0.1751,LOCK,2,misalignment
694,3104348,7022,7035,-0.37830,-0.04290,-0.87750,0.95653,1000.55,1000,-0.55,50.25,202,2.2564,0.0362,LOCK,2,misalignment
695,3104356,7030,7043,-0.01950,0.00000,-0.73320,0.73346,1000.55,1000,-0.55,50.25,202,2.2468,-0.1091,LOCK,2,misalignment
696,3104365,7039,7052,0.08580,0.23790,-0.85410,0.89076,1000.54,1000,-0.54,50.25,202,2.2306,-0.3539,LOCK,2,misalignment
697,3104380,7054,7067,0.17940,0.10140,-0.74490,0.77288,1000.53,1000,-0.53,50.25,202,2.2596,0.0851,LOCK,2,misalignment
698,3104388,7062,7075,-0.15210,0.17940,-0.65520,0.69614,1000.52,1000,-0.52,50.25,202,2.2586,0.0692,LOCK,2,misalignment
699,3104397,7071,7084,-0.34710,0.17160,-0.76440,0.85687,1000.51,1000,-0.51,50.25,202,2.2344,-0.2965,LOCK,2,misalignment
700,3104405,7079,7092,-0.19890,0.05460,-0.72930,0.75791,1000.50,1000,-0.50,50.25,202,2.2560,0.0304,LOCK,2,misalignment
701,3104414,7088,7101,0.01170,-0.09750,-0.85800,0.86360,1000.49,1000,-0.49,50.25,202,2.2622,0.1247,LOCK,2,misalignment
702,3104422,7096,7109,0.01170,-0.09750,-0.85800,0.86360,1000.48,1000,-0.48,50.25,202,2.2490,-0.0764,LOCK,2,misalignment
703,3104436,7110,7123,0.08970,-0.03120,-0.63960,0.64661,1000.48,1000,-0.48,50.25,202,2.2698,0.2395,LOCK,2,misalignment
704,3104445,7119,7132,-0.24960,0.14040,-0.69810,0.75456,1000.47,1000,-0.47,50.25,202,2.2595,0.0838,LOCK,2,misalignment
705,3104453,7127,7140,-0.24960,0.14040,-0.69810,0.75456,1000.46,1000,-0.46,50.25,202,2.2394,-0.2205,LOCK,2,misalignment
706,3104462,7136,7149,-0.31200,0.06630,-0.66300,0.73574,1000.45,1000,-0.45,50.25,202,2.2347,-0.2922,LOCK,2,misalignment
707,3104470,7144,7157,-0.22620,-0.16380,-0.88140,0.92459,1000.44,1000,-0.44,50.25,202,2.2517,-0.0349,LOCK,2,misalignment
708,3104479,7153,7166,-0.06240,-0.05850,-0.77220,0.77692,1000.44,1000,-0.44,50.25,202,2.2684,0.2184,LOCK,2,misalignment
709,3104490,7164,7177,0.02730,-0.02340,-0.76050,0.76135,1000.43,1000,-0.43,50.25,202,2.2693,0.2316,LOCK,2,misalignment
710,3104498,7172,7185,-0.02730,-0.10920,-0.75270,0.76107,1000.42,1000,-0.42,50.25,202,2.2341,-0.3014,LOCK,2,misalignment
711,3104511,7185,7198,-0.13260,0.26130,-0.78780,0.84053,1000.42,1000,-0.42,50.25,202,2.2447,-0.1411,LOCK,2,misalignment
712,3104520,7194,7207,-0.34320,-0.14040,-0.86190,0.93828,1000.41,1000,-0.41,50.25,202,2.2312,-0.3453,LOCK,2,misalignment
713,3104528,7202,7215,-0.12090,-0.01170,-0.75270,0.76244,1000.41,1000,-0.41,50.25,202,2.2513,-0.0407,LOCK,2,misalignment
714,3104538,7212,7225,0.04680,-0.17940,-0.88920,0.90832,1000.40,1000,-0.40,50.25,202,2.2665,0.1898,LOCK,2,misalignment
715,3104546,7220,7233,0.04680,-0.17940,-0.88920,0.90832,1000.40,1000,-0.40,50.25,202,2.2603,0.0948,LOCK,2,misalignment
716,3104555,7229,7242,0.14820,0.23010,-0.85800,0.90060,1000.40,1000,-0.40,50.25,202,2.2432,-0.1637,LOCK,2,misalignment
717,3104563,7237,7250,-0.07020,0.00000,-0.75270,0.75597,1000.39,1000,-0.39,50.25,202,2.2507,-0.0502,LOCK,2,misalignment
718,3104571,7245,7258,-0.07800,0.24180,-0.73710,0.77966,1000.39,1000,-0.39,50.25,202,2.2580,0.0612,LOCK,2,misalignment
719,3104580,7254,7267,-0.31200,-0.10530,-0.72930,0.80019,1000.39,1000,-0.39,50.25,202,2.2664,0.1876,LOCK,2,misalignment
720,3104591,7265,7278,-0.08970,-0.01170,-0.82680,0.83173,1000.38,1000,-0.38,50.25,202,2.2646,0.1611,LOCK,2,misalignment
721,3104599,7273,7286,0.06240,-0.11700,-0.85800,0.86819,1000.38,1000,-0.38,50.25,202,2.2687,0.2233,LOCK,2,misalignment
722,3104608,7282,7295,0.06240,-0.11700,-0.85800,0.86819,1000.38,1000,-0.38,50.25,202,2.2504,-0.0538,LOCK,2,misalignment
723,3104616,7290,7303,0.25740,-0.04290,-0.90480,0.94168,1000.38,1000,-0.38,50.25,202,2.2458,-0.1250,LOCK,2,misalignment
724,3104625,7299,7312,0.03510,-0.07410,-0.70980,0.71452,1000.37,1000,-0.37,50.25,202,2.2466,-0.1124,LOCK,2,misalignment
725,3104634,7308,7321,-0.21840,0.24960,-0.82290,0.88722,1000.37,1000,-0.37,50.25,202,2.2574,0.0512,LOCK,2,misalignment
726,3104643,7317,7330,-0.39000,-0.15990,-0.84630,0.94546,1000.37,1000,-0.37,50.25,202,2.2660,0.1824,LOCK,2,misalignment
727,3104651,7325,7338,-0.02340,-0.04680,-0.80340,0.80510,1000.37,1000,-0.37,50.25,202,2.2394,-0.2214,LOCK,2,misalignment
728,3104660,7334,7347,0.07020,-0.10920,-0.93600,0.94496,1000.37,1000,-0.37,50.25,202,2.2436,-0.1582,LOCK,2,misalignment
729,3104668,7342,7355,0.07020,-0.10920,-0.93600,0.94496,1000.36,1000,-0.36,50.25,202,2.2482,-0.0874,LOCK,2,misalignment
730,3104677,7351,7364,0.11310,0.08190,-0.74880,0.76171,1000.36,1000,-0.36,50.25,202,2.2361,-0.2706,LOCK,2,misalignment
731,3104693,7367,7380,-0.21060,0.25350,-0.66300,0.74039,1000.35,1000,-0.35,50.25,202,2.2609,0.1046,LOCK,2,misalignment
732,3104702,7376,7389,-0.37830,-0.03900,-0.88530,0.96353,1000.34,1000,-0.34,50.25,202,2.2608,0.1037,LOCK,2,misalignment
733,3104715,7389,7402,-0.11700,0.03900,-0.78000,0.78969,1000.33,1000,-0.33,50.25,202,2.2597,0.0857,LOCK,2,misalignment
734,3104724,7398,7411,0.19110,0.33150,-0.93990,1.01480,1000.32,1000,-0.32,50.25,202,2.2321,-0.3325,LOCK,2,misalignment
735,3104732,7406,7419,0.18720,0.05460,-0.76440,0.78888,1000.32,1000,-0.32,50.25,202,2.2499,-0.0621,LOCK,2,misalignment
736,3104741,7415,7428,0.18720,0.05460,-0.76440,0.78888,1000.32,1000,-0.32,50.25,202,2.2675,0.2041,LOCK,2,misalignment
737,3104790,7464,7477,-0.03510,0.18720,-0.75660,0.78020,1000.33,1000,-0.33,50.25,202,2.2563,0.0344,LOCK,2,misalignment
738,3104798,7472,7485,0.07800,-0.03900,-0.63570,0.64165,1000.34,1000,-0.34,50.25,202,2.2687,0.2233,LOCK,2,misalignment
739,3104807,7481,7494,-0.19500,0.23790,-0.68250,0.74862,1000.35,1000,-0.35,50.25,202,2.2423,-0.1775,LOCK,2,misalignment
740,3104816,7490,7503,-0.29640,0.10530,-0.61230,0.68837,1000.36,1000,-0.36,50.25,202,2.2478,-0.0935,LOCK,2,misalignment
741,3104824,7498,7511,-0.22230,-0.08970,-0.86970,0.90213,1000.37,1000,-0.37,50.25,202,2.2478,-0.0944,LOCK,2,misalignment
742,3104833,7507,7520,-0.22230,-0.08970,-0.86970,0.90213,1000.38,1000,-0.38,50.25,202,2.2489,-0.0776,LOCK,2,misalignment
743,3104844,7518,7531,-0.06240,0.01950,-0.75660,0.75942,1000.38,1000,-0.38,50.25,202,2.2653,0.1705,LOCK,2,misalignment
744,3104852,7526,7539,0.13650,0.10920,-0.73320,0.75375,1000.39,1000,-0.39,50.25,202,2.2588,0.0728,LOCK,2,misalignment
745,3104861,7535,7548,0.01950,-0.09360,-0.66690,0.67372,1000.40,1000,-0.40,50.25,202,2.2438,-0.1543,LOCK,2,misalignment
746,3104869,7543,7556,-0.21840,0.23400,-0.81510,0.87570,1000.42,1000,-0.42,50.25,202,2.2346,-0.2947,LOCK,2,misalignment
747,3104878,7552,7565,-0.30420,-0.04680,-0.84630,0.90053,1000.43,1000,-0.43,50.25,202,2.2429,-0.1686,LOCK,2,misalignment
748,3104886,7560,7573,-0.09750,-0.00780,-0.78000,0.78611,1000.44,1000,-0.44,50.25,202,2.2660,0.1815,LOCK,2,misalignment
749,3104898,7572,7585,-0.00390,-0.17550,-0.88920,0.90636,1000.44,1000,-0.44,50.25,202,2.2665,0.1894,LOCK,2,misalignment
750,3104906,7580,7593,0.04290,0.19500,-0.85020,0.87333,1000.45,1000,-0.45,50.25,202,2.2639,0.1501,LOCK,2,misalignment
751,3104920,7594,7607,-0.03510,-0.11310,-0.78000,0.78894,1000.46,1000,-0.46,50.25,202,2.2651,0.1678,LOCK,2,misalignment
752,3104928,7602,7615,-0.05850,0.20670,-0.75270,0.78275,1000.47,1000,-0.47,50.25,202,2.2650,0.1669,LOCK,2,misalignment
753,3104937,7611,7624,-0.24960,-0.17550,-0.78390,0.84119,1000.48,1000,-0.48,50.25,202,2.2650,0.1672,LOCK,2,misalignment
754,3104945,7619,7632,-0.24960,-0.17550,-0.78390,0.84119,1000.49,1000,-0.49,50.25,202,2.2319,-0.3353,LOCK,2,misalignment
755,3104953,7627,7640,-0.13260,-0.01170,-0.80340,0.81435,1000.50,1000,-0.50,50.25,202,2.2510,-0.0453,LOCK,2,misalignment
756,3104962,7636,7649,0.08580,-0.03510,-0.78390,0.78936,1000.51,1000,-0.51,50.25,202,2.2532,-0.0120,LOCK,2,misalignment
757,3104995,7669,7682,-0.18720,0.31200,-0.87750,0.94994,1000.52,1000,-0.52,50.25,202,2.2468,-0.1097,LOCK,2,misalignment
758,3105003,7677,7690,-0.33150,-0.07800,-0.85410,0.91949,1000.53,1000,-0.53,50.25,202,2.2637,0.1476,LOCK,2,misalignment
759,3105012,7686,7699,0.01950,-0.04680,-0.83070,0.83225,1000.54,1000,-0.54,50.25,202,2.2655,0.1745,LOCK,2,misalignment
760,3105020,7694,7707,0.08190,-0.24180,-0.95160,0.98525,1000.54,1000,-0.54,50.25,202,2.2662,0.1855,LOCK,2,misalignment
761,3105029,7703,7716,0.08190,-0.24180,-0.95160,0.98525,1000.55,1000,-0.55,50.25,202,2.2683,0.2169,LOCK,2,misalignment
762,3105037,7711,7724,0.15210,0.12870,-0.76050,0.78617,1000.56,1000,-0.56,50.25,202,2.2614,0.1125,LOCK,2,misalignment
763,3105046,7720,7733,0.06240,-0.04680,-0.74490,0.74897,1000.57,1000,-0.57,50.25,202,2.2635,0.1437,LOCK,2,misalignment
764,3105054,7728,7741,-0.19890,0.23010,-0.65910,0.72589,1000.57,1000,-0.57,50.25,202,2.2582,0.0637,LOCK,2,misalignment
765,3105063,7737,7750,-0.37050,-0.29250,-0.83070,0.95545,1000.58,1000,-0.58,50.25,202,2.2302,-0.3603,LOCK,2,misalignment
766,3105071,7745,7758,-0.09360,0.03120,-0.68640,0.69345,1000.58,1000,-0.58,50.25,202,2.2458,-0.1243,LOCK,2,misalignment
767,3105079,7753,7766,-0.09360,0.03120,-0.68640,0.69345,1000.59,1000,-0.59,50.25,202,2.2492,-0.0731,LOCK,2,misalignment
768,3105088,7762,7775,0.11700,0.24180,-0.90090,0.94009,1000.59,1000,-0.59,50.25,202,2.2457,-0.1265,LOCK,2,misalignment
769,3105102,7776,7789,-0.17550,0.02730,-0.58500,0.61137,1000.60,1000,-0.60,50.25,202,2.2616,0.1159,LOCK,2,misalignment
770,3105110,7784,7797,-0.17550,0.02730,-0.58500,0.61137,1000.61,1000,-0.61,50.25,202,2.2654,0.1721,LOCK,2,misalignment
771,3105124,7798,7811,-0.31200,0.03900,-0.79560,0.85548,1000.62,1000,-0.62,50.25,202,2.2507,-0.0502,LOCK,2,misalignment
772,3105132,7806,7819,-0.01170,-0.05460,-0.85800,0.85982,1000.63,1000,-0.63,50.25,202,2.2490,-0.0761,LOCK,2,misalignment
773,3105141,7815,7828,-0.01170,-0.05460,-0.85800,0.85982,1000.64,1000,-0.64,50.25,202,2.2449,-0.1381,LOCK,2,misalignment
774,3105149,7823,7836,-0.12480,0.31200,-0.83070,0.89609,1000.64,1000,-0.64,50.25,202,2.2633,0.1409,LOCK,2,misalignment
775,3105158,7832,7845,0.11310,0.08580,-0.74100,0.75448,1000.66,1000,-0.66,50.25,202,2.2599,0.0887,LOCK,2,misalignment
776,3105166,7840,7853,-0.22230,0.08970,-0.76830,0.80483,1000.67,1000,-0.67,50.25,202,2.2454,-0.1298,LOCK,2,misalignment
777,3105175,7849,7862,-0.23010,0.12480,-0.72150,0.76752,1000.68,1000,-0.68,50.25,202,2.2220,-0.4852,LOCK,2,misalignment
778,3105183,7857,7870,-0.29250,-0.21840,-0.95160,1.01921,1000.69,1000,-0.69,50.25,202,2.2684,0.2184,LOCK,2,misalignment
779,3105191,7865,7878,-0.29250,-0.21840,-0.95160,1.01921,1000.70,1000,-0.70,50.25,202,2.2416,-0.1875,LOCK,2,misalignment
780,3105252,7926,7939,-0.08190,0.03900,-0.72540,0.73105,1000.71,1000,-0.71,50.25,202,2.2581,0.0628,LOCK,2,misalignment
781,3105260,7934,7947,0.00000,-0.17160,-0.84240,0.85970,1000.72,1000,-0.72,50.25,202,2.2706,0.2514,LOCK,2,misalignment
782,3105269,7943,7956,0.05850,0.06240,-0.74880,0.75367,1000.73,1000,-0.73,50.25,202,2.2528,-0.0178,LOCK,2,misalignment
783,3105277,7951,7964,-0.01950,-0.03120,-0.75660,0.75749,1000.74,1000,-0.74,50.25,202,2.2425,-0.1744,LOCK,2,misalignment
784,3105285,7959,7972,-0.12480,0.30420,-0.71760,0.78934,1000.75,1000,-0.75,50.25,202,2.2423,-0.1778,LOCK,2,misalignment
785,3105294,7968,7981,-0.12480,0.30420,-0.71760,0.78934,1000.76,1000,-0.76,50.25,202,2.2473,-0.1021,LOCK,2,misalignment
786,3105307,7981,7994,-0.16770,0.03120,-0.82680,0.84421,1000.76,1000,-0.76,50.25,202,2.2625,0.1284,LOCK,2,misalignment
787,3105316,7990,8003,-0.16770,0.03120,-0.82680,0.84421,1000.77,1000,-0.77,50.25,202,2.2634,0.1427,LOCK,2,misalignment
788,3105329,8003,8016,0.18720,0.06630,-0.90480,0.92634,1000.77,1000,-0.77,50.25,202,2.2726,0.2813,LOCK,2,misalignment
789,3105338,8012,8025,0.00390,-0.02340,-0.72540,0.72579,1000.78,1000,-0.78,50.25,202,2.2605,0.0988,LOCK,2,misalignment
790,3105346,8020,8033,0.00390,-0.02340,-0.72540,0.72579,1000.79,1000,-0.79,50.25,202,2.2437,-0.1558,LOCK,2,misalignment
791,3105355,8029,8042,-0.19890,0.25740,-0.85410,0.91395,1000.80,1000,-0.80,50.25,202,2.2537,-0.0041,LOCK,2,misalignment
792,3105363,8037,8050,-0.27300,-0.29250,-0.82680,0.91852,1000.80,1000,-0.80,50.25,202,2.2577,0.0561,LOCK,2,misalignment
793,3105372,8046,8059,0.00390,-0.04680,-0.88920,0.89044,1000.81,1000,-0.81,50.25,202,2.2386,-0.2330,LOCK,2,misalignment
794,3105410,8084,8097,-0.20280,0.27690,-0.65910,0.74311,1000.83,1000,-0.83,50.25,202,2.2649,0.1650,LOCK,2,misalignment
795,3105419,8093,8106,-0.33150,-0.18330,-0.84630,0.92721,1000.84,1000,-0.84,50.25,202,2.2675,0.2047,LOCK,2,misalignment
796,3105427,8101,8114,-0.33150,-0.18330,-0.84630,0.92721,1000.86,1000,-0.86,50.25,202,2.2456,-0.1280,LOCK,2,misalignment
797,3105436,8110,8123,-0.13260,0.00780,-0.71370,0.72596,1000.87,1000,-0.87,50.25,202,2.2531,-0.0138,LOCK,2,misalignment
798,3105444,8118,8131,-0.03120,0.08970,-0.95160,0.95633,1000.88,1000,-0.88,50.25,202,2.2505,-0.0523,LOCK,2,misalignment
799,3105453,8127,8140,0.09360,0.10920,-0.75270,0.76632,1000.89,1000,-0.89,50.25,202,2.2702,0.2447,LOCK,2,misalignment
800,3105461,8135,8148,-0.08970,-0.07020,-0.60840,0.61897,1000.89,1000,-0.89,50.25,202,2.2588,0.0728,LOCK,2,misalignment
801,3105470,8144,8157,-0.08970,-0.07020,-0.60840,0.61897,1000.88,1000,-0.88,50.25,202,2.2711,0.2597,LOCK,2,misalignment
802,3105478,8152,8165,-0.23400,0.28080,-0.83070,0.90756,1000.88,1000,-0.88,50.25,202,2.2654,0.1730,LOCK,2,misalignment
803,3105486,8160,8173,-0.32370,0.07800,-0.78000,0.84810,1000.88,1000,-0.88,50.25,202,2.2548,0.0115,LOCK,2,misalignment
804,3105495,8169,8182,-0.01170,0.02340,-0.87360,0.87399,1000.88,1000,-0.88,50.25,202,2.2550,0.0155,LOCK,2,misalignment
805,3105505,8179,8192,0.03120,0.35880,-0.79170,0.86977,1000.88,1000,-0.88,50.25,202,2.2580,0.0606,LOCK,2,misalignment
806,3105514,8188,8201,0.10920,0.01170,-0.72150,0.72981,1000.88,1000,-0.88,50.25,202,2.2686,0.2218,LOCK,2,misalignment
807,3105522,8196,8209,-0.21060,0.09750,-0.76830,0.80259,1000.87,1000,-0.87,50.25,202,2.2694,0.2337,LOCK,2,misalignment
808,3105536,8210,8223,-0.19890,0.17940,-0.76050,0.80629,1000.87,1000,-0.87,50.25,202,2.2579,0.0597,LOCK,2,misalignment
809,3105544,8218,8231,-0.32370,-0.08190,-0.96720,1.02321,1000.87,1000,-0.87,50.25,202,2.2630,0.1363,LOCK,2,misalignment
810,3105553,8227,8240,-0.00390,-0.04290,-0.75660,0.75783,1000.87,1000,-0.87,50.25,202,2.2659,0.1800,LOCK,2,misalignment
811,3105561,8235,8248,-0.00390,-0.04290,-0.75660,0.75783,1000.87,1000,-0.87,50.25,202,2.2695,0.2343,LOCK,2,misalignment
812,3105569,8243,8256,-0.01560,0.21840,-0.88920,0.91576,1000.87,1000,-0.87,50.25,202,2.2707,0.2536,LOCK,2,misalignment
813,3105578,8252,8265,0.11700,0.01950,-0.69030,0.70042,1000.87,1000,-0.87,50.25,202,2.2436,-0.1570,LOCK,2,misalignment
814,3105586,8260,8273,-0.21060,0.26130,-0.73710,0.80991,1000.87,1000,-0.87,50.25,202,2.2439,-0.1536,LOCK,2,misalignment
815,3105595,8269,8282,-0.33540,0.08580,-0.81900,0.88917,1000.87,1000,-0.87,50.25,202,2.2418,-0.1851,LOCK,2,misalignment
816,3105603,8277,8290,-0.33540,0.08580,-0.81900,0.88917,1000.87,1000,-0.87,50.25,202,2.2640,0.1513,LOCK,2,misalignment
817,3105616,8290,8303,0.01560,-0.10530,-0.84630,0.85297,1000.87,1000,-0.87,50.25,202,2.2673,0.2011,LOCK,2,misalignment
818,3105624,8298,8311,0.07800,-0.00390,-0.69030,0.69470,1000.87,1000,-0.87,50.25,202,2.2639,0.1507,LOCK,2,misalignment
819,3105633,8307,8320,0.07800,-0.00390,-0.69030,0.69470,1000.86,1000,-0.86,50.25,202,2.2704,0.2484,LOCK,2,misalignment
820,3105641,8315,8328,0.08580,-0.07800,-0.78780,0.79629,1000.86,1000,-0.86,50.25,202,2.2646,0.1608,LOCK,2,misalignment
821,3105650,8324,8337,-0.04680,0.28860,-0.71370,0.77126,1000.86,1000,-0.86,50.25,202,2.2706,0.2514,LOCK,2,misalignment
822,3105658,8332,8345,-0.32760,0.03510,-0.74880,0.81808,1000.86,1000,-0.86,50.25,202,2.2660,0.1812,LOCK,2,misalignment
823,3105667,8341,8354,-0.17550,0.00780,-0.74100,0.76154,1000.85,1000,-0.85,50.25,202,2.2622,0.1247,LOCK,2,misalignment
824,3105675,8349,8362,-0.00780,-0.09360,-0.81120,0.81662,1000.85,1000,-0.85,50.25,202,2.2385,-0.2352,LOCK,2,misalignment
825,3105684,8358,8371,-0.00780,-0.09360,-0.81120,0.81662,1000.85,1000,-0.85,50.25,202,2.2459,-0.1225,LOCK,2,misalignment
826,3105692,8366,8379,0.10140,0.24960,-0.88920,0.92912,1000.85,1000,-0.85,50.25,202,2.2522,-0.0270,LOCK,2,misalignment
827,3105700,8374,8387,0.00390,-0.08190,-0.66300,0.66805,1000.84,1000,-0.84,50.25,202,2.2537,-0.0047,LOCK,2,misalignment
828,3105717,8391,8404,-0.29640,-0.07020,-0.79950,0.85556,1000.83,1000,-0.83,50.25,202,2.2668,0.1943,LOCK,2,misalignment
829,3105726,8400,8413,-0.29640,-0.07020,-0.79950,0.85556,1000.82,1000,-0.82,50.25,202,2.2650,0.1666,LOCK,2,misalignment
830,3105739,8413,8426,0.02340,-0.08970,-0.91260,0.91730,1000.81,1000,-0.81,50.25,202,2.2533,-0.0102,LOCK,2,misalignment
831,3105747,8421,8434,0.22620,-0.00390,-0.87360,0.90242,1000.80,1000,-0.80,50.25,202,2.2575,0.0530,LOCK,2,misalignment
832,3105756,8430,8443,0.22620,-0.00390,-0.87360,0.90242,1000.81,1000,-0.81,50.25,202,2.2545,0.0078,LOCK,2,misalignment
833,3105765,8439,8452,-0.01560,-0.02730,-0.81900,0.81960,1000.81,1000,-0.81,50.25,202,2.2709,0.2563,LOCK,2,misalignment
834,3105773,8447,8460,-0.19110,0.21060,-0.71370,0.76827,1000.81,1000,-0.81,50.25,202,2.2651,0.1681,LOCK,2,misalignment
835,3105781,8455,8468,-0.39390,-0.29640,-0.93600,1.05788,1000.81,1000,-0.81,50.25,202,2.2511,-0.0435,LOCK,2,misalignment
836,3105790,8464,8477,-0.06240,-0.07410,-0.77220,0.77825,1000.82,1000,-0.82,50.25,202,2.2354,-0.2822,LOCK,2,misalignment
837,3105798,8472,8485,-0.03120,-0.05850,-0.98670,0.98892,1000.82,1000,-0.82,50.25,202,2.2535,-0.0080,LOCK,2,misalignment
838,3105807,8481,8494,-0.03120,-0.05850,-0.98670,0.98892,1000.82,1000,-0.82,50.25,202,2.2544,0.0060,LOCK,2,misalignment
839,3105820,8494,8507,0.00000,0.03900,-0.69030,0.69140,1000.82,1000,-0.82,50.25,202,2.2718,0.2697,LOCK,2,misalignment
840,3105829,8503,8516,0.00000,0.03900,-0.69030,0.69140,1000.83,1000,-0.83,50.25,202,2.2665,0.1891,LOCK,2,misalignment
841,3105837,8511,8524,-0.32760,0.08190,-0.84240,0.90756,1000.83,1000,-0.83,50.25,202,2.2707,0.2523,LOCK,2,misalignment
842,3105845,8519,8532,-0.33540,0.04680,-0.78390,0.85392,1000.83,1000,-0.83,50.25,202,2.2556,0.0243,LOCK,2,misalignment
843,3105854,8528,8541,-0.02730,-0.02340,-0.90090,0.90162,1000.83,1000,-0.83,50.25,202,2.2542,0.0029,LOCK,2,misalignment
844,3105862,8536,8549,0.12870,0.41340,-0.85410,0.95758,1000.84,1000,-0.84,50.25,202,2.2478,-0.0941,LOCK,2,misalignment
845,3105871,8545,8558,0.14430,0.08580,-0.77220,0.79024,1000.84,1000,-0.84,50.25,202,2.2465,-0.1140,LOCK,2,misalignment
846,3105921,8595,8608,-0.06240,-0.12480,-0.73320,0.74636,1000.84,1000,-0.84,50.25,202,2.2680,0.2117,LOCK,2,misalignment
847,3105930,8604,8617,-0.02730,0.33930,-0.87750,0.94121,1000.83,1000,-0.83,50.25,202,2.2651,0.1678,LOCK,2,misalignment
848,3105943,8617,8630,-0.18720,0.14430,-0.67470,0.71490,1000.83,1000,-0.83,50.25,202,2.2704,0.2487,LOCK,2,misalignment
849,3105951,8625,8638,-0.18720,0.14430,-0.67470,0.71490,1000.83,1000,-0.83,50.25,202,2.2662,0.1846,LOCK,2,misalignment
850,3105960,8634,8647,-0.34320,0.08190,-0.74880,0.82777,1000.82,1000,-0.82,50.25,202,2.2610,0.1067,LOCK,2,misalignment
851,3105968,8642,8655,-0.14040,-0.06630,-0.75660,0.77237,1000.82,1000,-0.82,50.25,202,2.2632,0.1391,LOCK,2,misalignment
852,3105977,8651,8664,0.01560,0.00000,-0.83070,0.83085,1000.82,1000,-0.82,50.25,202,2.2655,0.1739,LOCK,2,misalignment
853,3105985,8659,8672,0.11700,0.13260,-0.67470,0.69749,1000.82,1000,-0.82,50.25,202,2.2446,-0.1424,LOCK,2,misalignment
854,3105994,8668,8681,0.09360,-0.07410,-0.74880,0.75826,1000.82,1000,-0.82,50.25,202,2.2447,-0.1402,LOCK,2,misalignment
855,3106002,8676,8689,0.09360,-0.07410,-0.74880,0.75826,1000.82,1000,-0.82,50.25,202,2.2473,-0.1021,LOCK,2,misalignment
856,3106011,8685,8698,-0.08580,0.33150,-0.70200,0.78106,1000.82,1000,-0.82,50.25,202,2.2429,-0.1677,LOCK,2,misalignment
857,3106026,8700,8713,-0.11700,0.06630,-0.77610,0.78766,1000.82,1000,-0.82,50.25,202,2.2629,0.1354,LOCK,2,misalignment
858,3106034,8708,8721,-0.01170,-0.18330,-0.79950,0.82033,1000.82,1000,-0.82,50.25,202,2.2717,0.2682,LOCK,2,misalignment
859,3106043,8717,8730,-0.01170,-0.18330,-0.79950,0.82033,1000.82,1000,-0.82,50.25,202,2.2365,-0.2654,LOCK,2,misalignment
860,3106051,8725,8738,0.09750,0.11310,-0.82680,0.84018,1000.82,1000,-0.82,50.25,202,2.2312,-0.3457,LOCK,2,misalignment
861,3106060,8734,8747,0.11700,-0.12870,-0.66300,0.68544,1000.82,1000,-0.82,50.25,202,2.2713,0.2624,LOCK,2,misalignment
862,3106069,8743,8756,-0.10530,0.27300,-0.84630,0.89546,1000.82,1000,-0.82,50.25,202,2.2588,0.0728,LOCK,2,misalignment
863,3106077,8751,8764,-0.24180,-0.13650,-0.70980,0.76218,1000.82,1000,-0.82,50.25,202,2.2701,0.2444,LOCK,2,misalignment
864,3106086,8760,8773,-0.24180,-0.13650,-0.70980,0.76218,1000.82,1000,-0.82,50.25,202,2.2720,0.2734,LOCK,2,misalignment
865,3106094,8768,8781,-0.18330,-0.11700,-0.83460,0.86246,1000.82,1000,-0.82,50.25,202,2.2662,0.1843,LOCK,2,misalignment
866,3106102,8776,8789,0.05460,-0.05460,-0.85020,0.85370,1000.82,1000,-0.82,50.25,202,2.2419,-0.1827,LOCK,2,misalignment
867,3106111,8785,8798,0.14040,0.12480,-0.87360,0.89357,1000.82,1000,-0.82,50.25,202,2.2469,-0.1073,LOCK,2,misalignment
868,3106127,8801,8814,-0.14820,0.24960,-0.73710,0.79220,1000.82,1000,-0.82,50.25,202,2.2662,0.1846,LOCK,2,misalignment
869,3106135,8809,8822,-0.14820,0.24960,-0.73710,0.79220,1000.82,1000,-0.82,50.25,202,2.2293,-0.3740,LOCK,2,misalignment
870,3106149,8823,8836,0.02730,0.07800,-0.76440,0.76885,1000.82,1000,-0.82,50.25,202,2.2625,0.1284,LOCK,2,misalignment
871,3106157,8831,8844,0.02730,0.07800,-0.76440,0.76885,1000.82,1000,-0.82,50.25,202,2.2568,0.0429,LOCK,2,misalignment
872,3106165,8839,8852,0.19500,-0.11310,-0.97500,1.00072,1000.82,1000,-0.82,50.25,202,2.2490,-0.0761,LOCK,2,misalignment
873,3106181,8855,8868,0.07020,0.05460,-0.69810,0.70374,1000.82,1000,-0.82,50.25,202,2.2692,0.2297,LOCK,2,misalignment
874,3106189,8863,8876,-0.26130,0.26130,-0.88140,0.95573,1000.82,1000,-0.82,50.25,202,2.2584,0.0667,LOCK,2,misalignment
875,3106198,8872,8885,-0.26130,0.26130,-0.88140,0.95573,1000.82,1000,-0.82,50.25,202,2.2552,0.0188,LOCK,2,misalignment
876,3106206,8880,8893,-0.32370,0.01170,-0.78390,0.84819,1000.82,1000,-0.82,50.25,202,2.2519,-0.0325,LOCK,2,misalignment
877,3106215,8889,8902,-0.10920,-0.15210,-0.92040,0.93925,1000.82,1000,-0.82,50.25,202,2.2359,-0.2736,LOCK,2,misalignment
878,3106230,8904,8917,0.18330,0.18330,-0.83850,0.87766,1000.82,1000,-0.82,50.25,202,2.2722,0.2755,LOCK,2,misalignment
879,3106238,8912,8925,0.18330,0.18330,-0.83850,0.87766,1000.82,1000,-0.82,50.25,202,2.2670,0.1971,LOCK,2,misalignment
880,3106247,8921,8934,-0.01950,0.10530,-0.64350,0.65235,1000.81,1000,-0.81,50.25,202,2.2674,0.2026,LOCK,2,misalignment
881,3106255,8929,8942,-0.17160,0.17940,-0.70980,0.75196,1000.81,1000,-0.81,50.25,202,2.2645,0.1586,LOCK,2,misalignment
882,3106264,8938,8951,-0.34320,-0.14820,-0.87750,0.95381,1000.81,1000,-0.81,50.25,202,2.2687,0.2227,LOCK,2,misalignment
883,3106272,8946,8959,-0.00390,-0.10920,-0.69420,0.70275,1000.81,1000,-0.81,50.25,202,2.2645,0.1589,LOCK,2,misalignment
884,3106281,8955,8968,0.10530,0.31590,-0.90870,0.96779,1000.81,1000,-0.81,50.25,202,2.2667,0.1928,LOCK,2,misalignment
885,3106289,8963,8976,0.10530,0.31590,-0.90870,0.96779,1000.81,1000,-0.81,50.25,202,2.2496,-0.0667,LOCK,2,misalignment
886,3106297,8971,8984,0.15600,0.01560,-0.61230,0.63205,1000.80,1000,-0.80,50.25,202,2.2603,0.0957,LOCK,2,misalignment
887,3106306,8980,8993,-0.21840,0.37440,-0.76440,0.87874,1000.79,1000,-0.79,50.25,202,2.2491,-0.0743,LOCK,2,misalignment
888,3106314,8988,9001,-0.34710,0.16770,-0.74490,0.83874,1000.78,1000,-0.78,50.25,202,2.2497,-0.0645,LOCK,2,misalignment
889,3106332,9006,9019,0.02340,-0.08580,-0.84240,0.84708,1000.77,1000,-0.77,50.25,202,2.2654,0.1721,LOCK,2,misalignment
890,3106341,9015,9028,0.02340,-0.08580,-0.84240,0.84708,1000.76,1000,-0.76,50.25,202,2.2665,0.1894,LOCK,2,misalignment
891,3106354,9028,9041,0.14820,0.00390,-0.71760,0.73275,1000.76,1000,-0.76,50.25,202,2.2477,-0.0950,LOCK,2,misalignment
892,3106363,9037,9050,0.14820,0.00390,-0.71760,0.73275,1000.76,1000,-0.76,50.25,202,2.2476,-0.0975,LOCK,2,misalignment
893,3106371,9045,9058,-0.12480,0.18720,-0.67860,0.71492,1000.76,1000,-0.76,50.25,202,2.2519,-0.0325,LOCK,2,misalignment
894,3106380,9054,9067,-0.31980,0.01560,-0.77220,0.83595,1000.76,1000,-0.76,50.25,202,2.2664,0.1873,LOCK,2,misalignment
895,3106388,9062,9075,-0.17940,0.05850,-0.77610,0.79871,1000.76,1000,-0.76,50.25,202,2.2617,0.1171,LOCK,2,misalignment
896,3106397,9071,9084,-0.03900,-0.01170,-0.81120,0.81222,1000.76,1000,-0.76,50.25,202,2.2607,0.1012,LOCK,2,misalignment
897,3106405,9079,9092,0.08970,0.03120,-0.72150,0.72772,1000.76,1000,-0.76,50.25,202,2.2584,0.0670,LOCK,2,misalignment
898,3106414,9088,9101,0.08970,0.03120,-0.72150,0.72772,1000.76,1000,-0.76,50.25,202,2.2420,-0.1820,LOCK,2,misalignment
899,3106422,9096,9109,0.05850,-0.09360,-0.66300,0.67213,1000.78,1000,-0.78,50.25,202,2.2628,0.1336,LOCK,2,misalignment
900,3106435,9109,9122,-0.24180,0.00780,-0.75660,0.79434,1000.79,1000,-0.79,50.25,202,2.2519,-0.0322,LOCK,2,misalignment
901,3106443,9117,9130,-0.24180,0.00780,-0.75660,0.79434,1000.81,1000,-0.81,50.25,202,2.2543,0.0048,LOCK,2,misalignment
902,3106451,9125,9138,-0.15210,0.00390,-0.90090,0.91366,1000.82,1000,-0.82,50.25,202,2.2545,0.0069,LOCK,2,misalignment
903,3106460,9134,9147,0.06630,-0.07800,-0.83850,0.84473,1000.83,1000,-0.83,50.25,202,2.2543,0.0051,LOCK,2,misalignment
904,3106471,9145,9158,0.07410,-0.03510,-0.90870,0.91239,1000.84,1000,-0.84,50.25,202,2.2654,0.1721,LOCK,2,misalignment
905,3106479,9153,9166,-0.09360,-0.08190,-0.76050,0.77060,1000.83,1000,-0.83,50.25,202,2.2658,0.1788,LOCK,2,misalignment
906,3106488,9162,9175,-0.10920,0.24960,-0.79560,0.84095,1000.82,1000,-0.82,50.25,202,2.2634,0.1421,LOCK,2,misalignment
907,3106496,9170,9183,-0.30810,-0.39390,-0.88920,1.02018,1000.81,1000,-0.81,50.25,202,2.2503,-0.0557,LOCK,2,misalignment
908,3106505,9179,9192,-0.30810,-0.39390,-0.88920,1.02018,1000.81,1000,-0.81,50.25,202,2.2465,-0.1140,LOCK,2,misalignment
909,3106513,9187,9200,0.00000,-0.02340,-0.72540,0.72578,1000.80,1000,-0.80,50.25,202,2.2407,-0.2016,LOCK,2,misalignment
910,3106522,9196,9209,0.01950,-0.14820,-0.88140,0.89399,1000.80,1000,-0.80,50.25,202,2.2535,-0.0068,LOCK,2,misalignment
911,3106536,9210,9223,0.20280,0.09750,-0.75270,0.78562,1000.79,1000,-0.79,50.25,202,2.2678,0.2084,LOCK,2,misalignment
912,3106544,9218,9231,-0.04680,-0.12480,-0.65130,0.66480,1000.78,1000,-0.78,50.25,202,2.2648,0.1629,LOCK,2,misalignment
913,3106558,9232,9245,-0.27300,0.15210,-0.79170,0.85115,1000.77,1000,-0.77,50.25,202,2.2657,0.1772,LOCK,2,misalignment
914,3106566,9240,9253,-0.34320,-0.17550,-0.74100,0.83526,1000.76,1000,-0.76,50.25,202,2.2337,-0.3078,LOCK,2,misalignment
915,3106574,9248,9261,-0.11700,-0.26130,-0.81900,0.86760,1000.76,1000,-0.76,50.25,202,2.2476,-0.0966,LOCK,2,misalignment
916,3106583,9257,9270,0.00780,0.10530,-0.85020,0.85673,1000.75,1000,-0.75,50.25,202,2.2475,-0.0981,LOCK,2,misalignment
917,3106591,9265,9278,0.12090,0.12870,-0.89310,0.91039,1000.75,1000,-0.75,50.25,202,2.2616,0.1156,LOCK,2,misalignment
918,3106642,9316,9329,0.22230,0.32370,-0.97110,1.04749,1000.73,1000,-0.73,50.25,202,2.2619,0.1202,LOCK,2,misalignment
919,3106650,9324,9337,0.19890,0.10920,-0.67080,0.70814,1000.71,1000,-0.71,50.25,202,2.2422,-0.1787,LOCK,2,misalignment
920,3106659,9333,9346,0.19890,0.10920,-0.67080,0.70814,1000.71,1000,-0.71,50.25,202,2.2585,0.0686,LOCK,2,misalignment
921,3106667,9341,9354,-0.23010,0.17160,-0.71760,0.77288,1000.71,1000,-0.71,50.25,202,2.2506,-0.0511,LOCK,2,misalignment
922,3106676,9350,9363,-0.23400,0.15600,-0.73320,0.78529,1000.71,1000,-0.71,50.25,202,2.2486,-0.0819,LOCK,2,misalignment
923,3106687,9361,9374,-0.23010,-0.12870,-0.83070,0.87153,1000.70,1000,-0.70,50.25,202,2.2762,0.3360,LOCK,2,misalignment
924,3106695,9369,9382,0.03900,-0.14820,-0.77610,0.79108,1000.70,1000,-0.70,50.25,202,2.2722,0.2761,LOCK,2,misalignment
925,3106704,9378,9391,0.04680,0.41340,-0.81900,0.91861,1000.70,1000,-0.70,50.25,202,2.2552,0.0182,LOCK,2,misalignment
926,3106712,9386,9399,0.15990,0.00390,-0.68250,0.70099,1000.70,1000,-0.70,50.25,202,2.2416,-0.1875,LOCK,2,misalignment
927,3106721,9395,9408,0.15990,0.00390,-0.68250,0.70099,1000.70,1000,-0.70,50.25,202,2.2531,-0.0135,LOCK,2,misalignment
928,3106729,9403,9416,-0.10140,0.10920,-0.56160,0.58103,1000.69,1000,-0.69,50.25,202,2.2507,-0.0496,LOCK,2,misalignment
929,3106741,9415,9428,-0.38610,0.12090,-0.73320,0.83742,1000.69,1000,-0.69,50.25,202,2.2490,-0.0764,LOCK,2,misalignment
930,3106749,9423,9436,-0.21060,0.16380,-0.74100,0.78757,1000.69,1000,-0.69,50.25,202,2.2557,0.0252,LOCK,2,misalignment
931,3106763,9437,9450,-0.03120,-0.03510,-0.84240,0.84371,1000.68,1000,-0.68,50.25,202,2.2608,0.1034,LOCK,2,misalignment
932,3106771,9445,9458,0.16770,0.01560,-0.71760,0.73710,1000.68,1000,-0.68,50.25,202,2.2484,-0.0856,LOCK,2,misalignment
933,3106791,9465,9478,-0.20670,0.17940,-0.86580,0.90803,1000.68,1000,-0.68,50.25,202,2.2761,0.3344,LOCK,2,misalignment
934,3106800,9474,9487,-0.23010,0.05850,-0.74490,0.78182,1000.67,1000,-0.67,50.25,202,2.2538,-0.0035,LOCK,2,misalignment
935,3106808,9482,9495,-0.15990,-0.16380,-0.91260,0.94087,1000.67,1000,-0.67,50.25,202,2.2342,-0.3002,LOCK,2,misalignment
936,3106817,9491,9504,-0.00780,-0.04680,-0.80340,0.80480,1000.66,1000,-0.66,50.25,202,2.2534,-0.0090,LOCK,2,misalignment
937,3106825,9499,9512,0.03510,0.04290,-0.90090,0.90260,1000.66,1000,-0.66,50.25,202,2.2485,-0.0838,LOCK,2,misalignment
938,3106845,9519,9532,-0.13650,0.18720,-0.77220,0.80621,1000.66,1000,-0.66,50.25,202,2.2621,0.1226,LOCK,2,misalignment
939,3106854,9528,9541,-0.13650,0.18720,-0.77220,0.80621,1000.65,1000,-0.65,50.25,202,2.2678,0.2093,LOCK,2,misalignment
940,3106862,9536,9549,-0.33930,-0.43290,-0.85800,1.01916,1000.65,1000,-0.65,50.25,202,2.2647,0.1614,LOCK,2,misalignment
941,3106871,9545,9558,-0.09750,0.03510,-0.76050,0.76753,1000.65,1000,-0.65,50.25,202,2.2313,-0.3441,LOCK,2,misalignment
942,3106879,9553,9566,0.07410,-0.13260,-0.86970,0.88287,1000.65,1000,-0.65,50.25,202,2.2507,-0.0493,LOCK,2,misalignment
943,3106888,9562,9575,0.26520,0.10530,-0.85410,0.90050,1000.64,1000,-0.64,50.25,202,2.2553,0.0191,LOCK,2,misalignment
944,3106896,9570,9583,0.26520,0.10530,-0.85410,0.90050,1000.64,1000,-0.64,50.25,202,2.2660,0.1818,LOCK,2,misalignment
945,3106946,9620,9633,-0.05460,-0.07020,-0.85020,0.85484,1000.64,1000,-0.64,50.25,202,2.2658,0.1785,LOCK,2,misalignment
946,3106954,9628,9641,0.18330,0.19890,-0.88140,0.92197,1000.64,1000,-0.64,50.25,202,2.2720,0.2728,LOCK,2,misalignment
947,3106968,9642,9655,0.08580,-0.03120,-0.70590,0.71178,1000.63,1000,-0.63,50.25,202,2.2554,0.0216,LOCK,2,misalignment
948,3106976,9650,9663,-0.23790,0.25740,-0.77220,0.84802,1000.63,1000,-0.63,50.25,202,2.2553,0.0191,LOCK,2,misalignment
949,3106985,9659,9672,-0.31980,-0.10530,-0.95940,1.01676,1000.63,1000,-0.63,50.25,202,2.2404,-0.2068,LOCK,2,misalignment
950,3106994,9668,9681,-0.12090,-0.05850,-0.79560,0.80686,1000.63,1000,-0.63,50.25,202,2.2718,0.2697,LOCK,2,misalignment
951,3107003,9677,9690,0.21840,0.30810,-1.01010,1.07839,1000.63,1000,-0.63,50.25,202,2.2678,0.2090,LOCK,2,misalignment
952,3107011,9685,9698,0.21450,0.07020,-0.73710,0.77088,1000.62,1000,-0.62,50.25,202,2.2540,-0.0007,LOCK,2,misalignment
953,3107020,9694,9707,-0.17550,0.23400,-0.75660,0.81117,1000.63,1000,-0.63,50.25,202,2.2517,-0.0343,LOCK,2,misalignment
954,3107028,9702,9715,-0.17550,0.23400,-0.75660,0.81117,1000.64,1000,-0.64,50.25,202,2.2544,0.0054,LOCK,2,misalignment
955,3107036,9710,9723,-0.12090,0.26130,-0.72540,0.78045,1000.65,1000,-0.65,50.25,202,2.2603,0.0954,LOCK,2,misalignment
956,3107048,9722,9735,-0.29640,0.01560,-0.86190,0.91157,1000.65,1000,-0.65,50.25,202,2.2378,-0.2458,LOCK,2,misalignment
957,3107056,9730,9743,-0.02730,0.02340,-0.80340,0.80420,1000.66,1000,-0.66,50.25,202,2.2570,0.0460,LOCK,2,misalignment
958,3107064,9738,9751,-0.05850,0.31590,-0.82290,0.88339,1000.66,1000,-0.66,50.25,202,2.2454,-0.1301,LOCK,2,misalignment
959,3107073,9747,9760,0.13650,0.18330,-0.78000,0.81279,1000.67,1000,-0.67,50.25,202,2.2423,-0.1775,LOCK,2,misalignment
960,3107099,9773,9786,-0.31980,0.21060,-0.81120,0.89703,1000.66,1000,-0.66,50.25,202,2.2630,0.1363,LOCK,2,misalignment
961,3107108,9782,9795,-0.21060,0.08190,-0.77220,0.80458,1000.66,1000,-0.66,50.25,202,2.2459,-0.1222,LOCK,2,misalignment
962,3107116,9790,9803,-0.01170,0.01950,-0.87750,0.87779,1000.66,1000,-0.66,50.25,202,2.2414,-0.1909,LOCK,2,misalignment
963,3107124,9798,9811,0.14430,0.20670,-0.71760,0.76059,1000.65,1000,-0.65,50.25,202,2.2525,-0.0233,LOCK,2,misalignment
964,3107133,9807,9820,0.07410,-0.12870,-0.65130,0.66802,1000.65,1000,-0.65,50.25,202,2.2462,-0.1179,LOCK,2,misalignment
965,3107152,9826,9839,-0.23400,0.28080,-0.81120,0.88975,1000.63,1000,-0.63,50.25,202,2.2625,0.1281,LOCK,2,misalignment
966,3107160,9834,9847,-0.19890,0.01170,-0.68640,0.71473,1000.62,1000,-0.62,50.25,202,2.2739,0.3009,LOCK,2,misalignment
967,3107173,9847,9860,-0.02340,-0.08580,-0.81900,0.82381,1000.60,1000,-0.60,50.25,202,2.2634,0.1431,LOCK,2,misalignment
968,3107182,9856,9869,-0.02340,-0.08580,-0.81900,0.82381,1000.59,1000,-0.59,50.25,202,2.2436,-0.1570,LOCK,2,misalignment
969,3107190,9864,9877,0.04290,-0.15990,-0.78000,0.79738,1000.58,1000,-0.58,50.25,202,2.2423,-0.1775,LOCK,2,misalignment
970,3107199,9873,9886,-0.02730,-0.21840,-0.67470,0.70969,1000.58,1000,-0.58,50.25,202,2.2576,0.0539,LOCK,2,misalignment
971,3107207,9881,9894,-0.07800,0.22230,-0.75270,0.78871,1000.59,1000,-0.59,50.25,202,2.2636,0.1452,LOCK,2,misalignment
972,3107252,9926,9939,0.15990,0.05850,-0.84630,0.86326,1000.59,1000,-0.59,50.25,202,2.2705,0.2496,LOCK,2,misalignment
973,3107261,9935,9948,-0.12090,-0.15210,-0.73320,0.75851,1000.60,1000,-0.60,50.25,202,2.2624,0.1275,LOCK,2,misalignment
974,3107269,9943,9956,-0.11700,0.19110,-0.88920,0.91700,1000.61,1000,-0.61,50.25,202,2.2393,-0.2232,LOCK,2,misalignment
975,3107278,9952,9965,-0.29640,-0.10920,-0.78780,0.84877,1000.62,1000,-0.62,50.25,202,2.2333,-0.3130,LOCK,2,misalignment
976,3107286,9960,9973,0.00780,-0.08190,-0.92040,0.92407,1000.63,1000,-0.63,50.25,202,2.2357,-0.2779,LOCK,2,misalignment
977,3107297,9971,9984,-0.02340,-0.10920,-0.83460,0.84204,1000.64,1000,-0.64,50.25,202,2.2673,0.2023,LOCK,2,misalignment
