sample_index,time_ms_raw,time_ms_zero,elapsed_ms,ax_g,ay_g,az_g,total_g,rpm,target_rpm,rpm_error,pwm_eq,duty_10bit,acs_v,current_a,control_mode,state,fault_type
0,164365,0,13,0.05460,0.07410,-0.32370,0.33653,999.42,1000,0.58,50.00,201,2.2282,-0.3902,LOCK,0,normal
1,164374,9,22,-0.09360,-0.22620,-0.81900,0.85480,999.43,1000,0.57,50.00,201,2.2041,-0.7562,LOCK,0,normal
2,164383,18,31,-0.09360,-0.22620,-0.81900,0.85480,999.44,1000,0.56,50.00,201,2.2158,-0.5789,LOCK,0,normal
3,164393,28,41,-0.25350,-0.08190,-0.77610,0.82055,999.45,1000,0.55,50.00,201,2.2029,-0.7745,LOCK,0,normal
4,164403,38,51,-0.17940,0.01170,-0.91650,0.93397,999.45,1000,0.55,50.00,201,2.2147,-0.5950,LOCK,0,normal
5,164416,51,64,-0.31200,-0.05460,-0.83850,0.89633,999.45,1000,0.55,50.00,201,2.2214,-0.4934,LOCK,0,normal
6,164424,59,72,-0.31200,-0.05460,-0.83850,0.89633,999.45,1000,0.55,50.00,201,2.1931,-0.9223,LOCK,0,normal
7,164433,68,81,0.08970,0.04290,-0.50700,0.51666,999.46,1000,0.54,50.00,201,2.2139,-0.6073,LOCK,0,normal
8,164443,78,91,0.01170,-0.18720,-0.71760,0.74171,999.48,1000,0.52,50.00,201,2.1992,-0.8310,LOCK,0,normal
9,164453,88,101,-0.17550,-0.15990,-0.77220,0.80787,999.48,1000,0.52,50.00,201,2.2184,-0.5401,LOCK,0,normal
10,164463,98,111,-0.01950,0.66690,-0.89700,1.11792,999.49,1000,0.51,50.00,201,2.2211,-0.4989,LOCK,0,normal
11,164473,108,121,0.03900,-0.03120,-1.11930,1.12041,999.49,1000,0.51,50.00,201,2.2095,-0.6747,LOCK,0,normal
12,164483,118,131,-0.29640,-0.33540,-0.80340,0.91967,999.41,1000,0.59,50.00,201,2.2214,-0.4946,LOCK,0,normal
13,164493,128,141,-0.10140,-0.09360,-0.55380,0.57073,999.39,1000,0.61,50.00,201,2.2046,-0.7486,LOCK,0,normal
14,164503,138,151,-0.01560,-0.24960,-0.77610,0.81540,999.39,1000,0.61,50.00,201,2.2147,-0.5947,LOCK,0,normal
15,164513,148,161,-0.16770,-0.01170,-0.91650,0.93179,999.39,1000,0.61,50.00,201,2.2254,-0.4333,LOCK,0,normal
16,164523,158,171,-0.20280,0.13650,-0.99060,1.02032,999.39,1000,0.61,50.00,201,2.2037,-0.7614,LOCK,0,normal
17,164533,168,181,-0.09750,0.53820,-0.74490,0.92414,999.39,1000,0.61,50.00,201,2.2089,-0.6836,LOCK,0,normal
18,164543,178,191,-0.23010,-0.27690,-0.52650,0.63783,999.44,1000,0.56,50.00,201,2.2142,-0.6030,LOCK,0,normal
19,164553,188,201,0.23790,-0.25740,-0.63180,0.72251,999.46,1000,0.54,50.00,201,2.2250,-0.4394,LOCK,0,normal
20,164571,206,219,-0.14820,0.23010,-0.81510,0.85982,999.46,1000,0.54,50.00,201,2.1778,-1.1546,LOCK,0,normal
21,164580,215,228,-0.18720,-0.12870,-0.90090,0.92910,999.46,1000,0.54,50.00,201,2.2152,-0.5877,LOCK,0,normal
22,164588,223,236,-0.18720,-0.12870,-0.90090,0.92910,999.46,1000,0.54,50.00,201,2.2164,-0.5694,LOCK,0,normal
23,164596,231,244,-0.24570,-0.06240,-0.62790,0.67714,999.46,1000,0.54,50.00,201,2.2116,-0.6430,LOCK,0,normal
24,164616,251,264,-0.01950,-0.41340,-0.78390,0.88644,999.44,1000,0.56,50.00,201,2.2244,-0.4491,LOCK,0,normal
25,164624,259,272,-0.07410,0.04290,-0.92040,0.92437,999.43,1000,0.57,50.00,201,2.2000,-0.8185,LOCK,0,normal
26,164633,268,281,-0.37050,-0.39780,-0.97500,1.11631,999.41,1000,0.59,50.00,201,2.2063,-0.7232,LOCK,0,normal
27,164641,276,289,-0.09750,0.31200,-0.56940,0.65656,999.40,1000,0.60,50.00,201,2.2185,-0.5380,LOCK,0,normal
28,164650,285,298,-0.09750,0.31200,-0.56940,0.65656,999.39,1000,0.61,50.00,201,2.2036,-0.7638,LOCK,0,normal
29,164712,347,360,-0.51480,-0.33930,-0.49920,0.79331,999.40,1000,0.60,50.00,201,2.2261,-0.4229,LOCK,0,normal
30,164721,356,369,-0.51480,-0.33930,-0.49920,0.79331,999.40,1000,0.60,50.00,201,2.2268,-0.4119,LOCK,0,normal
31,164729,364,377,-0.15210,-0.17550,-0.56160,0.60772,999.39,1000,0.61,50.00,201,2.2132,-0.6182,LOCK,0,normal
32,164738,373,386,-0.12090,0.03120,-0.96720,0.97523,999.39,1000,0.61,50.00,201,2.2086,-0.6878,LOCK,0,normal
33,164746,381,394,-0.31590,-0.21060,-0.65130,0.75388,999.39,1000,0.61,50.00,201,2.2056,-0.7330,LOCK,0,normal
34,164755,390,403,-0.00390,0.28860,-0.82680,0.87573,999.39,1000,0.61,50.00,201,2.2093,-0.6775,LOCK,0,normal
35,164763,398,411,-0.00390,0.28860,-0.82680,0.87573,999.39,1000,0.61,50.00,201,2.2231,-0.4674,LOCK,0,normal
36,164772,407,420,-0.03510,0.08970,-0.89310,0.89828,999.39,1000,0.61,50.00,201,2.2329,-0.3197,LOCK,0,normal
37,164780,415,428,-0.26130,-0.19890,-0.69810,0.77148,999.39,1000,0.61,50.00,201,2.2011,-0.8014,LOCK,0,normal
38,164788,423,436,0.15990,0.05850,-0.58110,0.60553,999.39,1000,0.61,50.00,201,2.2096,-0.6726,LOCK,0,normal
39,164797,432,445,-0.02340,0.23790,-1.00230,1.03041,999.39,1000,0.61,50.00,201,2.2128,-0.6243,LOCK,0,normal
40,164805,440,453,-0.36660,-0.24570,-0.64350,0.78029,999.39,1000,0.61,50.00,201,2.2198,-0.5175,LOCK,0,normal
41,164820,455,468,-0.07020,0.01170,-0.69420,0.69784,999.40,1000,0.60,50.00,201,2.2254,-0.4330,LOCK,0,normal
42,164828,463,476,-0.13650,-0.24960,-0.93990,0.98201,999.40,1000,0.60,50.00,201,2.2087,-0.6863,LOCK,0,normal
43,164836,471,484,-0.18720,-0.16770,-0.80340,0.84179,999.40,1000,0.60,50.00,201,2.2101,-0.6649,LOCK,0,normal
44,164845,480,493,-0.18720,-0.16770,-0.80340,0.84179,999.40,1000,0.60,50.00,201,2.2087,-0.6863,LOCK,0,normal
45,164853,488,501,0.11310,-0.49140,-0.39000,0.63747,999.40,1000,0.60,50.00,201,2.1997,-0.8225,LOCK,0,normal
46,164865,500,513,-0.02730,-0.06240,-0.87360,0.87625,999.40,1000,0.60,50.00,201,2.2283,-0.3893,LOCK,0,normal
47,164873,508,521,-0.12480,0.09360,-1.02180,1.03364,999.41,1000,0.59,50.00,201,2.2270,-0.4098,LOCK,0,normal
48,164882,517,530,-0.21450,0.03510,-0.57720,0.61677,999.41,1000,0.59,50.00,201,2.2156,-0.5822,LOCK,0,normal
49,164890,525,538,0.30810,-0.28080,-0.87750,0.97148,999.41,1000,0.59,50.00,201,2.2111,-0.6500,LOCK,0,normal
50,164898,533,546,-0.08970,0.25350,-0.90870,0.94765,999.41,1000,0.59,50.00,201,2.2114,-0.6451,LOCK,0,normal
51,164907,542,555,0.03120,-0.19500,-0.73710,0.76310,999.42,1000,0.58,50.00,201,2.2179,-0.5468,LOCK,0,normal
52,164917,552,565,-0.34320,-0.34320,-0.69420,0.84705,999.42,1000,0.58,50.00,201,2.1964,-0.8734,LOCK,0,normal
53,164926,561,574,-0.34320,-0.34320,-0.69420,0.84705,999.42,1000,0.58,50.00,201,2.2093,-0.6765,LOCK,0,normal
54,164934,569,582,-0.08190,0.15600,-0.70200,0.72377,999.43,1000,0.57,50.00,201,2.2103,-0.6619,LOCK,0,normal
55,164942,577,590,-0.13650,0.14430,-0.95940,0.97975,999.43,1000,0.57,50.00,201,2.2022,-0.7843,LOCK,0,normal
56,164969,604,617,-0.09360,-0.36270,-0.72540,0.81641,999.42,1000,0.58,50.00,201,2.2268,-0.4125,LOCK,0,normal
57,164978,613,626,-0.09360,-0.36270,-0.72540,0.81641,999.41,1000,0.59,50.00,201,2.2241,-0.4528,LOCK,0,normal
58,164986,621,634,0.00780,0.18720,-0.90480,0.92400,999.40,1000,0.60,50.00,201,2.2033,-0.7678,LOCK,0,normal
59,164994,629,642,-0.18720,0.00780,-1.01400,1.03116,999.39,1000,0.61,50.00,201,2.2277,-0.3991,LOCK,0,normal
60,165003,638,651,-0.12870,0.18330,-0.90870,0.93589,999.38,1000,0.62,50.00,201,2.2090,-0.6823,LOCK,0,normal
61,165024,659,672,0.03900,-0.11700,-0.58890,0.60168,999.38,1000,0.62,50.00,201,2.2247,-0.4446,LOCK,0,normal
62,165033,668,681,-0.04290,-0.08580,-0.80730,0.81298,999.39,1000,0.61,50.00,201,2.2191,-0.5294,LOCK,0,normal
63,165041,676,689,-0.17550,0.26130,-0.95940,1.00972,999.39,1000,0.61,50.00,201,2.2137,-0.6103,LOCK,0,normal
64,165050,685,698,-0.17550,0.26130,-0.95940,1.00972,999.40,1000,0.60,50.00,201,2.2058,-0.7297,LOCK,0,normal
65,165067,702,715,-0.16380,0.19890,-0.47190,0.53766,999.40,1000,0.60,50.00,201,2.2259,-0.4256,LOCK,0,normal
66,165075,710,723,-0.42900,-0.10530,-0.76830,0.88624,999.40,1000,0.60,50.00,201,2.2230,-0.4702,LOCK,0,normal
67,165084,719,732,-0.07410,0.00780,-0.68640,0.69043,999.41,1000,0.59,50.00,201,2.2016,-0.7938,LOCK,0,normal
68,165092,727,740,-0.10140,0.14430,-1.07640,1.09075,999.41,1000,0.59,50.00,201,2.2111,-0.6494,LOCK,0,normal
69,165101,736,749,-0.10140,0.14430,-1.07640,1.09075,999.42,1000,0.58,50.00,201,2.2205,-0.5074,LOCK,0,normal
70,165122,757,770,0.00780,-0.05070,-0.81120,0.81282,999.42,1000,0.58,50.00,201,2.2240,-0.4540,LOCK,0,normal
71,165131,766,779,0.00780,-0.05070,-0.81120,0.81282,999.42,1000,0.58,50.00,201,2.2283,-0.3887,LOCK,0,normal
72,165139,774,787,-0.14820,0.06240,-1.00230,1.01512,999.43,1000,0.57,50.00,201,2.1979,-0.8505,LOCK,0,normal
73,165148,783,796,-0.04290,-0.03510,-0.80340,0.80531,999.43,1000,0.57,50.00,201,2.2065,-0.7199,LOCK,0,normal
74,165156,791,804,-0.30420,-0.12870,-0.47580,0.57921,999.44,1000,0.56,50.00,201,2.2125,-0.6286,LOCK,0,normal
75,165169,804,817,-0.19890,0.05850,-0.76830,0.79578,999.44,1000,0.56,50.00,201,2.2270,-0.4085,LOCK,0,normal
76,165177,812,825,-0.03120,0.33540,-0.79170,0.86038,999.45,1000,0.55,50.00,201,2.2268,-0.4116,LOCK,0,normal
77,165186,821,834,-0.03510,0.31980,-0.86190,0.91999,999.45,1000,0.55,50.00,201,2.2035,-0.7645,LOCK,0,normal
78,165194,829,842,-0.05460,0.21840,-1.02960,1.05392,999.45,1000,0.55,50.00,201,2.2246,-0.4455,LOCK,0,normal
79,165203,838,851,-0.05460,0.21840,-1.02960,1.05392,999.47,1000,0.53,50.00,201,2.2144,-0.5993,LOCK,0,normal
80,165218,853,866,-0.22620,-0.31200,-0.64740,0.75342,999.49,1000,0.51,50.00,201,2.2200,-0.5154,LOCK,0,normal
81,165232,867,880,-0.11310,0.26130,-0.76830,0.81936,999.50,1000,0.50,50.00,201,2.2253,-0.4348,LOCK,0,normal
82,165241,876,889,-0.17160,0.01170,-0.85020,0.86742,999.52,1000,0.48,50.00,201,2.1951,-0.8924,LOCK,0,normal
83,165249,884,897,-0.12090,0.22620,-1.02180,1.05350,999.53,1000,0.47,50.00,201,2.2135,-0.6140,LOCK,0,normal
84,165258,893,906,-0.11310,0.14040,-0.76440,0.78537,999.54,1000,0.46,50.00,201,2.2159,-0.5767,LOCK,0,normal
85,165321,956,969,-0.10920,0.00780,-0.66300,0.67198,999.54,1000,0.46,50.00,201,2.2245,-0.4467,LOCK,0,normal
86,165329,964,977,-0.02340,-0.31590,-0.65910,0.73127,999.55,1000,0.45,50.00,201,2.2236,-0.4610,LOCK,0,normal
87,165338,973,986,-0.00780,0.00000,-0.77610,0.77614,999.55,1000,0.45,50.00,201,2.2200,-0.5154,LOCK,0,normal
88,165346,981,994,-0.00780,0.00000,-0.77610,0.77614,999.55,1000,0.45,50.00,201,2.2095,-0.6744,LOCK,0,normal
89,165355,990,1003,-0.22230,-0.00390,-0.86970,0.89767,999.55,1000,0.45,50.00,201,2.2137,-0.6106,LOCK,0,normal
90,165363,998,1011,-0.05460,0.44070,-0.94770,1.04658,999.55,1000,0.45,50.00,201,2.2140,-0.6060,LOCK,0,normal
91,165375,1010,1023,-0.13260,0.23010,-0.90090,0.93923,999.56,1000,0.44,50.00,201,2.2241,-0.4534,LOCK,0,normal
92,165384,1019,1032,-0.20280,-0.14040,-0.62400,0.67098,999.59,1000,0.41,50.00,201,2.2263,-0.4195,LOCK,0,normal
93,165392,1027,1040,0.10530,-0.01950,-0.56160,0.57172,999.61,1000,0.39,50.00,201,2.2094,-0.6759,LOCK,0,normal
94,165400,1035,1048,-0.14820,-0.34320,-0.84630,0.92519,999.64,1000,0.36,50.00,201,2.2064,-0.7208,LOCK,0,normal
95,165409,1044,1057,-0.14820,-0.34320,-0.84630,0.92519,999.66,1000,0.34,50.00,201,2.2065,-0.7196,LOCK,0,normal
96,165417,1052,1065,-0.14820,0.03900,-0.80730,0.82172,999.68,1000,0.32,50.00,201,2.2249,-0.4412,LOCK,0,normal
97,165436,1071,1084,-0.07020,0.21060,-0.95160,0.97715,999.70,1000,0.30,50.00,201,2.2243,-0.4507,LOCK,0,normal
98,165444,1079,1092,-0.15600,0.10140,-0.41340,0.45334,999.70,1000,0.30,50.00,201,2.2094,-0.6756,LOCK,0,normal
99,165453,1088,1101,-0.04290,-0.24570,-0.79170,0.83006,999.70,1000,0.30,50.00,201,2.2115,-0.6445,LOCK,0,normal
100,165461,1096,1109,-0.03900,-0.20280,-0.96330,0.98519,999.70,1000,0.30,50.00,201,2.2090,-0.6814,LOCK,0,normal
101,165469,1104,1117,-0.03900,-0.20280,-0.96330,0.98519,999.70,1000,0.30,50.00,201,2.2113,-0.6466,LOCK,0,normal
102,165478,1113,1126,-0.18330,-0.07410,-0.87750,0.89950,999.70,1000,0.30,50.00,201,2.2209,-0.5010,LOCK,0,normal
103,165487,1122,1135,-0.05850,-0.08190,-0.93210,0.93752,999.70,1000,0.30,50.00,201,2.2254,-0.4327,LOCK,0,normal
104,165495,1130,1143,-0.33930,-0.07800,-0.67080,0.75577,999.70,1000,0.30,50.00,201,2.2139,-0.6079,LOCK,0,normal
105,165504,1139,1152,-0.07410,0.05460,-0.32760,0.34028,999.69,1000,0.31,50.00,201,2.2089,-0.6836,LOCK,0,normal
106,165512,1147,1160,-0.14430,-0.33150,-0.72930,0.81400,999.69,1000,0.31,50.00,201,2.2013,-0.7990,LOCK,0,normal
107,165521,1156,1169,-0.14430,-0.33150,-0.72930,0.81400,999.68,1000,0.32,50.00,201,2.2194,-0.5242,LOCK,0,normal
108,165584,1219,1232,-0.27300,-0.24960,-0.96720,1.03552,999.69,1000,0.31,50.00,201,2.2277,-0.3979,LOCK,0,normal
109,165592,1227,1240,-0.21450,0.04680,-0.94770,0.97280,999.69,1000,0.31,50.00,201,2.2243,-0.4501,LOCK,0,normal
110,165601,1236,1249,-0.31980,-0.03900,-0.63180,0.70920,999.70,1000,0.30,50.00,201,2.2171,-0.5587,LOCK,0,normal
111,165609,1244,1257,0.03510,-0.05070,-0.65910,0.66198,999.70,1000,0.30,50.00,201,2.2203,-0.5105,LOCK,0,normal
112,165617,1252,1265,-0.18330,-0.04290,-0.92430,0.94328,999.70,1000,0.30,50.00,201,2.2119,-0.6375,LOCK,0,normal
113,165626,1261,1274,0.08190,0.15210,-0.84240,0.85993,999.69,1000,0.31,50.00,201,2.2162,-0.5728,LOCK,0,normal
114,165639,1274,1287,-0.15990,-0.15600,-0.63960,0.67749,999.68,1000,0.32,50.00,201,2.2242,-0.4516,LOCK,0,normal
115,165648,1283,1296,-0.33540,-0.12480,-0.63180,0.72611,999.67,1000,0.33,50.00,201,2.2207,-0.5047,LOCK,0,normal
116,165656,1291,1304,-0.13260,0.01560,-0.74490,0.75677,999.66,1000,0.34,50.00,201,2.2142,-0.6036,LOCK,0,normal
117,165665,1300,1313,-0.13260,0.01560,-0.74490,0.75677,999.65,1000,0.35,50.00,201,2.2102,-0.6643,LOCK,0,normal
118,165673,1308,1321,-0.09360,-0.15990,-0.85800,0.87778,999.64,1000,0.36,50.00,201,2.2074,-0.7055,LOCK,0,normal
119,165683,1318,1331,-0.21840,-0.44070,-0.80340,0.94200,999.64,1000,0.36,50.00,201,2.2252,-0.4360,LOCK,0,normal
120,165691,1326,1339,-0.15210,-0.18330,-0.48750,0.54258,999.65,1000,0.35,50.00,201,2.2249,-0.4403,LOCK,0,normal
121,165700,1335,1348,-0.01560,0.01170,-0.79560,0.79584,999.65,1000,0.35,50.00,201,2.2116,-0.6430,LOCK,0,normal
122,165708,1343,1356,-0.16380,0.01950,-0.94380,0.95811,999.65,1000,0.35,50.00,201,2.2120,-0.6369,LOCK,0,normal
123,165717,1352,1365,-0.16380,0.01950,-0.94380,0.95811,999.65,1000,0.35,50.00,201,2.2198,-0.5187,LOCK,0,normal
124,165725,1360,1373,-0.06240,0.48750,-0.89310,1.01940,999.65,1000,0.35,50.00,201,2.2134,-0.6146,LOCK,0,normal
125,165737,1372,1385,-0.10530,-0.04290,-0.57720,0.58829,999.66,1000,0.34,50.00,201,2.2252,-0.4357,LOCK,0,normal
126,165746,1381,1394,-0.19110,-0.36660,-0.69420,0.80798,999.67,1000,0.33,50.00,201,2.2241,-0.4534,LOCK,0,normal
127,165754,1389,1402,0.23010,0.01560,-0.70980,0.74633,999.69,1000,0.31,50.00,201,2.2056,-0.7327,LOCK,0,normal
128,165762,1397,1410,-0.28080,-0.05850,-1.01790,1.05754,999.70,1000,0.30,50.00,201,2.2074,-0.7059,LOCK,0,normal
129,165771,1406,1419,-0.25740,0.22620,-0.83460,0.90221,999.71,1000,0.29,50.00,201,2.2142,-0.6027,LOCK,0,normal
130,165779,1414,1427,-0.11700,0.16770,-0.53040,0.56845,999.72,1000,0.28,50.00,201,2.2219,-0.4861,LOCK,0,normal
131,165788,1423,1436,-0.11700,0.16770,-0.53040,0.56845,999.73,1000,0.27,50.00,201,2.2267,-0.4140,LOCK,0,normal
132,165796,1431,1444,-0.15600,-0.17940,-0.66690,0.70801,999.74,1000,0.26,50.00,201,2.2219,-0.4858,LOCK,0,normal
133,165805,1440,1453,-0.24960,0.21060,-0.69030,0.76365,999.73,1000,0.27,50.00,201,2.2063,-0.7229,LOCK,0,normal
134,165813,1448,1461,-0.09750,-0.45630,-0.87750,0.99384,999.72,1000,0.28,50.00,201,2.2209,-0.5016,LOCK,0,normal
135,165821,1456,1469,-0.24960,-0.10530,-0.95940,0.99691,999.71,1000,0.29,50.00,201,2.2011,-0.8014,LOCK,0,normal
136,165830,1465,1478,-0.38610,-0.05460,-0.57720,0.69657,999.71,1000,0.29,50.00,201,2.2270,-0.4095,LOCK,0,normal
137,165847,1482,1495,0.06240,0.14820,-0.78000,0.79640,999.70,1000,0.30,50.00,201,2.2278,-0.3969,LOCK,0,normal
138,165855,1490,1503,0.02730,-0.00390,-0.84630,0.84675,999.69,1000,0.31,50.00,201,2.2099,-0.6677,LOCK,0,normal
139,165864,1499,1512,-0.05460,-0.07020,-0.84630,0.85096,999.69,1000,0.31,50.00,201,2.2103,-0.6625,LOCK,0,normal
140,165872,1507,1520,-0.14040,-0.24570,-0.80730,0.85546,999.68,1000,0.32,50.00,201,2.2087,-0.6857,LOCK,0,normal
141,165880,1515,1528,-0.14040,-0.24570,-0.80730,0.85546,999.68,1000,0.32,50.00,201,2.2091,-0.6802,LOCK,0,normal
142,165941,1576,1589,-0.31200,-0.05460,-0.60060,0.67900,999.66,1000,0.34,50.00,201,2.2243,-0.4507,LOCK,0,normal
143,165949,1584,1597,-0.24960,-0.14820,-0.75660,0.81037,999.64,1000,0.36,50.00,201,2.2288,-0.3811,LOCK,0,normal
144,165958,1593,1606,-0.08190,0.15600,-0.87360,0.89119,999.63,1000,0.37,50.00,201,2.2055,-0.7352,LOCK,0,normal
145,165966,1601,1614,0.03510,0.14040,-0.78390,0.79715,999.61,1000,0.39,50.00,201,2.2083,-0.6927,LOCK,0,normal
146,165975,1610,1623,-0.12480,-0.20670,-0.99060,1.01960,999.60,1000,0.40,50.00,201,2.2094,-0.6759,LOCK,0,normal
147,165983,1618,1631,-0.12480,-0.20670,-0.99060,1.01960,999.58,1000,0.42,50.00,201,2.2173,-0.5566,LOCK,0,normal
148,165992,1627,1640,-0.07020,-0.14040,-0.71370,0.73076,999.57,1000,0.43,50.00,201,2.2255,-0.4320,LOCK,0,normal
149,166000,1635,1648,-0.21060,0.00390,-0.70980,0.74039,999.55,1000,0.45,50.00,201,2.2238,-0.4577,LOCK,0,normal
150,166009,1644,1657,-0.29250,-0.10140,-0.58500,0.66186,999.54,1000,0.46,50.00,201,2.2092,-0.6787,LOCK,0,normal
151,166017,1652,1665,-0.07800,0.10140,-0.67470,0.68672,999.53,1000,0.47,50.00,201,2.2130,-0.6219,LOCK,0,normal
152,166025,1660,1673,0.03120,-0.63960,-0.84240,1.05816,999.52,1000,0.48,50.00,201,2.2217,-0.4897,LOCK,0,normal
153,166034,1669,1682,0.03120,-0.63960,-0.84240,1.05816,999.51,1000,0.49,50.00,201,2.2207,-0.5050,LOCK,0,normal
154,166049,1684,1697,0.17550,-0.03900,-0.70980,0.73221,999.50,1000,0.50,50.00,201,2.2257,-0.4290,LOCK,0,normal
155,166057,1692,1705,-0.23400,-0.02340,-0.61230,0.65591,999.49,1000,0.51,50.00,201,2.2014,-0.7971,LOCK,0,normal
156,166066,1701,1714,-0.23400,-0.02340,-0.61230,0.65591,999.48,1000,0.52,50.00,201,2.2044,-0.7516,LOCK,0,normal
157,166074,1709,1722,-0.12090,0.00390,-0.63570,0.64711,999.48,1000,0.52,50.00,201,2.2052,-0.7394,LOCK,0,normal
158,166083,1718,1731,-0.05070,-0.05070,-0.77610,0.77940,999.47,1000,0.53,50.00,201,2.2197,-0.5200,LOCK,0,normal
159,166093,1728,1741,-0.43680,-0.22620,-0.85800,0.98900,999.46,1000,0.54,50.00,201,2.2257,-0.4290,LOCK,0,normal
160,166102,1737,1750,-0.32760,0.05460,-0.99840,1.05219,999.44,1000,0.56,50.00,201,2.2247,-0.4439,LOCK,0,normal
161,166110,1745,1758,-0.14040,-0.28860,-0.55770,0.64345,999.43,1000,0.57,50.00,201,2.2112,-0.6479,LOCK,0,normal
162,166119,1754,1767,-0.35880,-0.16770,-0.74880,0.84709,999.41,1000,0.59,50.00,201,2.2181,-0.5441,LOCK,0,normal
163,166127,1762,1775,-0.35880,-0.16770,-0.74880,0.84709,999.40,1000,0.60,50.00,201,2.2089,-0.6833,LOCK,0,normal
164,166136,1771,1784,-0.05460,-0.01950,-0.65130,0.65388,999.39,1000,0.61,50.00,201,2.2141,-0.6039,LOCK,0,normal
165,166146,1781,1794,-0.08970,0.21840,-0.90090,0.93132,999.37,1000,0.63,50.00,201,2.2324,-0.3273,LOCK,0,normal
166,166155,1790,1803,-0.17160,0.10140,-1.01400,1.03340,999.36,1000,0.64,50.00,201,2.2182,-0.5425,LOCK,0,normal
167,166163,1798,1811,-0.12870,0.03510,-0.72930,0.74140,999.36,1000,0.64,50.00,201,2.1972,-0.8600,LOCK,0,normal
168,166172,1807,1820,-0.11310,-0.26130,-0.63960,0.70011,999.36,1000,0.64,50.00,201,2.2021,-0.7858,LOCK,0,normal
169,166180,1815,1828,-0.19110,-0.12090,-0.80730,0.83837,999.35,1000,0.65,50.00,201,2.2040,-0.7577,LOCK,0,normal
170,166198,1833,1846,-0.20280,0.09360,-0.94770,0.97367,999.35,1000,0.65,50.00,201,2.2245,-0.4464,LOCK,0,normal
171,166206,1841,1854,-0.07410,0.42900,-0.95550,1.05001,999.35,1000,0.65,50.00,201,2.2287,-0.3832,LOCK,0,normal
172,166215,1850,1863,-0.53820,0.13260,-0.90480,1.06109,999.35,1000,0.65,50.00,201,2.2086,-0.6878,LOCK,0,normal
173,166223,1858,1871,-0.14430,0.10140,-0.50700,0.53680,999.34,1000,0.66,50.00,201,2.2242,-0.4513,LOCK,0,normal
174,166232,1867,1880,0.02340,-0.12870,-0.81900,0.82938,999.33,1000,0.67,50.00,201,2.2023,-0.7840,LOCK,0,normal
175,166240,1875,1888,-0.12870,0.23790,-0.90480,0.94436,999.32,1000,0.68,50.00,201,2.2161,-0.5740,LOCK,0,normal
176,166254,1889,1902,-0.29640,-0.05070,-0.90870,0.95716,999.32,1000,0.68,50.00,201,2.2262,-0.4220,LOCK,0,normal
177,166262,1897,1910,-0.22620,-0.01950,-0.81120,0.84237,999.31,1000,0.69,50.00,201,2.2102,-0.6637,LOCK,0,normal
178,166271,1906,1919,-0.22620,-0.01950,-0.81120,0.84237,999.30,1000,0.70,50.00,201,2.1901,-0.9674,LOCK,0,normal
179,166279,1914,1927,-0.42510,-0.00390,-0.59280,0.72948,999.30,1000,0.70,50.00,201,2.2186,-0.5370,LOCK,0,normal
180,166287,1922,1935,-0.08190,-0.20670,-0.51870,0.56434,999.30,1000,0.70,50.00,201,2.2192,-0.5279,LOCK,0,normal
181,166297,1932,1945,-0.01170,0.06240,-0.81510,0.81757,999.29,1000,0.71,50.00,201,2.2266,-0.4156,LOCK,0,normal
182,166306,1941,1954,-0.09360,-0.25350,-1.12320,1.15525,999.29,1000,0.71,50.00,201,2.2248,-0.4418,LOCK,0,normal
183,166314,1949,1962,-0.14040,0.07020,-0.80340,0.81859,999.29,1000,0.71,50.00,201,2.2174,-0.5547,LOCK,0,normal
184,166323,1958,1971,-0.08580,-0.39390,-0.60450,0.72659,999.29,1000,0.71,50.00,201,2.2075,-0.7046,LOCK,0,normal
185,166331,1966,1979,-0.08580,-0.39390,-0.60450,0.72659,999.29,1000,0.71,50.00,201,2.2141,-0.6051,LOCK,0,normal
186,166340,1975,1988,-0.25740,-0.13260,-0.77610,0.82835,999.29,1000,0.71,50.00,201,2.2167,-0.5657,LOCK,0,normal
187,166353,1988,2001,-0.16770,-0.30030,-0.95160,1.01185,999.30,1000,0.70,50.00,201,2.2255,-0.4314,LOCK,0,normal
188,166362,1997,2010,-0.16770,-0.30030,-0.95160,1.01185,999.31,1000,0.69,50.00,201,2.2253,-0.4348,LOCK,0,normal
189,166370,2005,2018,-0.31590,-0.08970,-0.90480,0.96255,999.32,1000,0.68,50.00,201,2.2094,-0.6762,LOCK,0,normal
190,166379,2014,2027,-0.41340,-0.21840,-0.55380,0.72477,999.33,1000,0.67,50.00,201,2.2019,-0.7901,LOCK,0,normal
191,166387,2022,2035,0.17550,-0.18720,-0.51480,0.57521,999.33,1000,0.67,50.00,201,2.2038,-0.7611,LOCK,0,normal
192,166396,2031,2044,-0.10920,0.20670,-0.87750,0.90811,999.34,1000,0.66,50.00,201,2.2244,-0.4479,LOCK,0,normal
193,166404,2039,2052,-0.10920,0.20670,-0.87750,0.90811,999.33,1000,0.67,50.00,201,2.2269,-0.4113,LOCK,0,normal
194,166413,2048,2061,0.04680,-0.11310,-0.79560,0.80496,999.31,1000,0.69,50.00,201,2.2123,-0.6317,LOCK,0,normal
195,166421,2056,2069,-0.28860,-0.17940,-0.70980,0.78695,999.30,1000,0.70,50.00,201,2.2092,-0.6787,LOCK,0,normal
196,166429,2064,2077,-0.14040,0.06240,-0.52650,0.54846,999.29,1000,0.71,50.00,201,2.2235,-0.4620,LOCK,0,normal
197,166438,2073,2086,-0.10530,-0.15600,-0.81120,0.83275,999.28,1000,0.72,50.00,201,2.2188,-0.5331,LOCK,0,normal
198,166458,2093,2106,-0.03900,0.04680,-0.93210,0.93409,999.27,1000,0.73,50.00,201,2.2240,-0.4549,LOCK,0,normal
199,166466,2101,2114,-0.02730,0.05460,-0.59280,0.59593,999.26,1000,0.74,50.00,201,2.2166,-0.5673,LOCK,0,normal
200,166475,2110,2123,-0.02730,0.05460,-0.59280,0.59593,999.26,1000,0.74,50.00,201,2.2325,-0.3255,LOCK,0,normal
201,166483,2118,2131,-0.15210,-0.18330,-0.65520,0.69715,999.26,1000,0.74,50.00,201,2.2159,-0.5767,LOCK,0,normal
202,166492,2127,2140,-0.14040,-0.07020,-0.74490,0.76126,999.25,1000,0.75,50.00,201,2.2031,-0.7718,LOCK,0,normal
203,166556,2191,2204,-0.10920,-0.21060,-0.84240,0.87517,999.26,1000,0.74,50.00,201,2.2278,-0.3966,LOCK,0,normal
204,166564,2199,2212,-0.11310,0.26130,-0.97110,1.01198,999.27,1000,0.73,50.00,201,2.2262,-0.4211,LOCK,0,normal
205,166573,2208,2221,0.13260,0.10530,-0.95160,0.96655,999.27,1000,0.73,50.00,201,2.2021,-0.7858,LOCK,0,normal
206,166581,2216,2229,-0.36270,-0.30810,-0.57330,0.74508,999.27,1000,0.73,50.00,201,2.2151,-0.5895,LOCK,0,normal
207,166590,2225,2238,0.07800,0.03510,-0.58500,0.59122,999.27,1000,0.73,50.00,201,2.2117,-0.6408,LOCK,0,normal
208,166598,2233,2246,0.07800,0.03510,-0.58500,0.59122,999.27,1000,0.73,50.00,201,2.2174,-0.5547,LOCK,0,normal
209,166607,2242,2255,-0.11310,-0.37440,-0.78390,0.87605,999.26,1000,0.74,50.00,201,2.2236,-0.4613,LOCK,0,normal
210,166615,2250,2263,-0.03900,0.32370,-0.90480,0.96175,999.26,1000,0.74,50.00,201,2.2227,-0.4739,LOCK,0,normal
211,166624,2259,2272,-0.16380,0.11700,-0.85800,0.88130,999.26,1000,0.74,50.00,201,2.2045,-0.7495,LOCK,0,normal
212,166632,2267,2280,-0.13650,0.18720,-0.64350,0.68394,999.26,1000,0.74,50.00,201,2.2137,-0.6103,LOCK,0,normal
213,166640,2275,2288,0.14820,-0.07410,-0.63180,0.65317,999.27,1000,0.73,50.00,201,2.2167,-0.5657,LOCK,0,normal
214,166649,2284,2297,0.14820,-0.07410,-0.63180,0.65317,999.28,1000,0.72,50.00,201,2.2264,-0.4183,LOCK,0,normal
215,166664,2299,2312,-0.18720,0.00390,-1.15830,1.17334,999.28,1000,0.72,50.00,201,2.2263,-0.4201,LOCK,0,normal
216,166673,2308,2321,-0.17940,0.20280,-0.46410,0.53731,999.29,1000,0.71,50.00,201,2.2152,-0.5883,LOCK,0,normal
217,166681,2316,2329,-0.17940,0.20280,-0.46410,0.53731,999.30,1000,0.70,50.00,201,2.2060,-0.7269,LOCK,0,normal
218,166690,2325,2338,0.03120,-0.18720,-0.75270,0.77626,999.30,1000,0.70,50.00,201,2.2123,-0.6320,LOCK,0,normal
219,166698,2333,2346,-0.21060,0.04680,-0.97500,0.99858,999.31,1000,0.69,50.00,201,2.2144,-0.6002,LOCK,0,normal
220,166707,2342,2355,-0.12480,0.10140,-0.67470,0.69360,999.31,1000,0.69,50.00,201,2.2195,-0.5233,LOCK,0,normal
221,166715,2350,2363,-0.22230,-0.33930,-0.46020,0.61345,999.31,1000,0.69,50.00,201,2.2259,-0.4253,LOCK,0,normal
222,166724,2359,2372,-0.04680,-0.06240,-0.84240,0.84600,999.32,1000,0.68,50.00,201,2.1929,-0.9259,LOCK,0,normal
223,166732,2367,2380,-0.04680,-0.06240,-0.84240,0.84600,999.32,1000,0.68,50.00,201,2.2218,-0.4876,LOCK,0,normal
224,166740,2375,2388,-0.30030,-0.22230,-0.93990,1.01144,999.32,1000,0.68,50.00,201,2.2109,-0.6524,LOCK,0,normal
225,166749,2384,2397,-0.08970,0.21450,-0.86580,0.89647,999.32,1000,0.68,50.00,201,2.2231,-0.4687,LOCK,0,normal
226,166811,2446,2459,0.12870,0.23790,-0.70200,0.75231,999.33,1000,0.67,50.00,201,2.2265,-0.4171,LOCK,0,normal
227,166819,2454,2467,-0.05070,-0.01560,-0.96720,0.96865,999.34,1000,0.66,50.00,201,2.2260,-0.4238,LOCK,0,normal
228,166828,2463,2476,0.01560,0.06630,-0.65520,0.65873,999.35,1000,0.65,50.00,201,2.2033,-0.7675,LOCK,0,normal
229,166836,2471,2484,-0.01560,-0.23010,-0.54990,0.59630,999.35,1000,0.65,50.00,201,2.2127,-0.6265,LOCK,0,normal
230,166844,2479,2492,-0.01560,-0.23010,-0.54990,0.59630,999.36,1000,0.64,50.00,201,2.2089,-0.6827,LOCK,0,normal
231,166853,2488,2501,-0.10140,0.10920,-0.80340,0.81710,999.36,1000,0.64,50.00,201,2.2114,-0.6451,LOCK,0,normal
232,166866,2501,2514,-0.19500,-0.30810,-0.78390,0.86455,999.37,1000,0.63,50.00,201,2.2248,-0.4421,LOCK,0,normal
233,166875,2510,2523,-0.19500,-0.30810,-0.78390,0.86455,999.37,1000,0.63,50.00,201,2.2278,-0.3969,LOCK,0,normal
234,166883,2518,2531,-0.01170,-0.12090,-0.77610,0.78555,999.36,1000,0.64,50.00,201,2.2056,-0.7330,LOCK,0,normal
235,166892,2527,2540,0.01950,-0.39780,-0.65130,0.76342,999.36,1000,0.64,50.00,201,2.2022,-0.7846,LOCK,0,normal
236,166900,2535,2548,-0.06630,0.09750,-0.93600,0.94340,999.35,1000,0.65,50.00,201,2.2084,-0.6906,LOCK,0,normal
237,166909,2544,2557,-0.25740,0.15210,-1.05690,1.09837,999.35,1000,0.65,50.00,201,2.2265,-0.4168,LOCK,0,normal
238,166917,2552,2565,-0.34320,0.03120,-0.50700,0.61303,999.35,1000,0.65,50.00,201,2.2250,-0.4388,LOCK,0,normal
239,166926,2561,2574,-0.34320,0.03120,-0.50700,0.61303,999.34,1000,0.66,50.00,201,2.2256,-0.4299,LOCK,0,normal
240,166934,2569,2582,-0.17550,0.26910,-0.92430,0.97854,999.34,1000,0.66,50.00,201,2.1962,-0.8753,LOCK,0,normal
241,166943,2578,2591,-0.25350,-0.47970,-0.80730,0.97268,999.34,1000,0.66,50.00,201,2.2139,-0.6073,LOCK,0,normal
242,166951,2586,2599,0.07020,-0.03510,-0.70980,0.71413,999.35,1000,0.65,50.00,201,2.2104,-0.6610,LOCK,0,normal
243,166960,2595,2608,-0.45630,-0.19500,-0.77610,0.92118,999.35,1000,0.65,50.00,201,2.2142,-0.6033,LOCK,0,normal
244,166968,2603,2616,-0.45630,-0.19500,-0.77610,0.92118,999.35,1000,0.65,50.00,201,2.2261,-0.4226,LOCK,0,normal
245,166977,2612,2625,-0.22620,-0.05070,-0.47190,0.52576,999.36,1000,0.64,50.00,201,2.2252,-0.4357,LOCK,0,normal
246,166985,2620,2633,0.02340,0.07800,-0.78000,0.78424,999.36,1000,0.64,50.00,201,2.1951,-0.8927,LOCK,0,normal
247,166993,2628,2641,-0.07410,0.14820,-0.96330,0.97745,999.36,1000,0.64,50.00,201,2.2101,-0.6653,LOCK,0,normal
248,167002,2637,2650,-0.23010,0.21840,-0.89700,0.95145,999.37,1000,0.63,50.00,201,2.2211,-0.4989,LOCK,0,normal
249,167011,2646,2659,-0.12480,-0.37830,-0.56940,0.69491,999.37,1000,0.63,50.00,201,2.2209,-0.5010,LOCK,0,normal
250,167020,2655,2668,-0.12480,-0.37830,-0.56940,0.69491,999.37,1000,0.63,50.00,201,2.2243,-0.4501,LOCK,0,normal
251,167028,2663,2676,-0.12870,-0.14430,-0.78000,0.80361,999.37,1000,0.63,50.00,201,2.2262,-0.4220,LOCK,0,normal
252,167037,2672,2685,-0.28080,0.07410,-0.76830,0.82136,999.37,1000,0.63,50.00,201,2.2042,-0.7550,LOCK,0,normal
253,167045,2680,2693,0.10140,0.63180,-0.92040,1.12098,999.37,1000,0.63,50.00,201,2.2039,-0.7596,LOCK,0,normal
254,167053,2688,2701,-0.35490,0.14430,-1.05690,1.12419,999.37,1000,0.63,50.00,201,2.2130,-0.6219,LOCK,0,normal
255,167067,2702,2715,-0.10920,0.12090,-0.48750,0.51400,999.37,1000,0.63,50.00,201,2.2252,-0.4366,LOCK,0,normal
256,167076,2711,2724,-0.10140,-0.37440,-0.80730,0.89565,999.37,1000,0.63,50.00,201,2.2270,-0.4088,LOCK,0,normal
257,167084,2719,2732,-0.14820,0.11700,-0.97890,0.99694,999.37,1000,0.63,50.00,201,2.2081,-0.6958,LOCK,0,normal
258,167093,2728,2741,-0.17940,-0.23010,-1.02570,1.06639,999.37,1000,0.63,50.00,201,2.2166,-0.5670,LOCK,0,normal
259,167101,2736,2749,-0.17940,-0.23010,-1.02570,1.06639,999.37,1000,0.63,50.00,201,2.2143,-0.6008,LOCK,0,normal
260,167109,2744,2757,-0.08190,0.34320,-0.63180,0.72365,999.37,1000,0.63,50.00,201,2.2156,-0.5822,LOCK,0,normal
261,167170,2805,2818,-0.06630,0.02730,-0.73710,0.74058,999.38,1000,0.62,50.00,201,2.2265,-0.4168,LOCK,0,normal
262,167179,2814,2827,-0.15990,-0.26520,-0.90480,0.95633,999.39,1000,0.61,50.00,201,2.2253,-0.4345,LOCK,0,normal
263,167187,2822,2835,0.19110,0.16770,-0.74100,0.78341,999.39,1000,0.61,50.00,201,2.2041,-0.7562,LOCK,0,normal
264,167196,2831,2844,-0.21060,-0.16770,-0.88530,0.92533,999.39,1000,0.61,50.00,201,2.2045,-0.7504,LOCK,0,normal
265,167204,2839,2852,-0.21060,-0.16770,-0.88530,0.92533,999.39,1000,0.61,50.00,201,2.2163,-0.5706,LOCK,0,normal
266,167212,2847,2860,-0.31980,-0.12090,-0.65520,0.73904,999.39,1000,0.61,50.00,201,2.2156,-0.5822,LOCK,0,normal
267,167221,2856,2869,-0.09750,0.05070,-0.68640,0.69514,999.39,1000,0.61,50.00,201,2.2268,-0.4122,LOCK,0,normal
268,167230,2865,2878,0.02340,-0.44460,-0.76440,0.88460,999.39,1000,0.61,50.00,201,2.2232,-0.4671,LOCK,0,normal
269,167238,2873,2886,0.01560,-0.04680,-1.00620,1.00741,999.39,1000,0.61,50.00,201,2.2024,-0.7825,LOCK,0,normal
270,167247,2882,2895,-0.06630,-0.05070,-0.47970,0.48691,999.38,1000,0.62,50.00,201,2.2229,-0.4714,LOCK,0,normal
271,167255,2890,2903,-0.06630,-0.05070,-0.47970,0.48691,999.36,1000,0.64,50.00,201,2.2057,-0.7318,LOCK,0,normal
272,167269,2904,2917,-0.17550,0.15990,-0.85800,0.89024,999.35,1000,0.65,50.00,201,2.2262,-0.4211,LOCK,0,normal
273,167277,2912,2925,-0.10140,0.24960,-1.00620,1.04164,999.34,1000,0.66,50.00,201,2.2250,-0.4391,LOCK,0,normal
274,167286,2921,2934,-0.10140,0.24960,-1.00620,1.04164,999.33,1000,0.67,50.00,201,2.1977,-0.8524,LOCK,0,normal
275,167294,2929,2942,-0.27300,-0.31590,-0.56550,0.70293,999.33,1000,0.67,50.00,201,2.2146,-0.5969,LOCK,0,normal
276,167302,2937,2950,-0.33540,-0.03120,-0.68250,0.76110,999.32,1000,0.68,50.00,201,2.2054,-0.7364,LOCK,0,normal
277,167311,2946,2959,-0.00780,-0.16380,-0.60060,0.62258,999.32,1000,0.68,50.00,201,2.2036,-0.7642,LOCK,0,normal
278,167321,2956,2969,-0.19500,-0.08580,-1.14270,1.16239,999.32,1000,0.68,50.00,201,2.2257,-0.4284,LOCK,0,normal
279,167329,2964,2977,-0.24570,0.06240,-0.66690,0.71345,999.32,1000,0.68,50.00,201,2.2279,-0.3954,LOCK,0,normal
280,167338,2973,2986,-0.24570,0.06240,-0.66690,0.71345,999.32,1000,0.68,50.00,201,2.2051,-0.7406,LOCK,0,normal
281,167346,2981,2994,-0.22230,-0.18720,-0.63960,0.70253,999.32,1000,0.68,50.00,201,2.2097,-0.6714,LOCK,0,normal
282,167354,2989,3002,0.01950,0.07020,-0.75660,0.76010,999.32,1000,0.68,50.00,201,2.2118,-0.6390,LOCK,0,normal
283,167363,2998,3011,-0.06630,0.14430,-0.93600,0.94938,999.31,1000,0.69,50.00,201,2.2183,-0.5410,LOCK,0,normal
284,167375,3010,3023,-0.07800,-0.42120,-0.83070,0.93464,999.31,1000,0.69,50.00,201,2.2205,-0.5074,LOCK,0,normal
285,167383,3018,3031,-0.04290,-0.06630,-0.64740,0.65220,999.31,1000,0.69,50.00,201,2.2111,-0.6506,LOCK,0,normal
286,167392,3027,3040,-0.13650,-0.30420,-0.80730,0.87344,999.31,1000,0.69,50.00,201,2.2104,-0.6613,LOCK,0,normal
287,167400,3035,3048,0.00390,0.78390,-0.99060,1.26325,999.30,1000,0.70,50.00,201,2.2126,-0.6271,LOCK,0,normal
288,167409,3044,3057,0.00390,0.78390,-0.99060,1.26325,999.30,1000,0.70,50.00,201,2.2165,-0.5676,LOCK,0,normal
289,167429,3064,3077,-0.28470,-0.13260,-0.56940,0.65027,999.29,1000,0.71,50.00,201,2.2246,-0.4455,LOCK,0,normal
290,167437,3072,3085,-0.10530,-0.29640,-0.76440,0.82659,999.29,1000,0.71,50.00,201,2.2275,-0.4021,LOCK,0,normal
291,167446,3081,3094,-0.08970,0.01170,-0.86580,0.87051,999.28,1000,0.72,50.00,201,2.2122,-0.6329,LOCK,0,normal
292,167454,3089,3102,-0.23790,0.06240,-0.98280,1.01311,999.27,1000,0.73,50.00,201,2.2121,-0.6353,LOCK,0,normal
293,167462,3097,3110,-0.29250,0.08580,-0.51090,0.59493,999.27,1000,0.73,50.00,201,2.2188,-0.5328,LOCK,0,normal
294,167476,3111,3124,-0.23010,0.20670,-0.65130,0.72101,999.26,1000,0.74,50.00,201,2.2271,-0.4070,LOCK,0,normal
295,167484,3119,3132,0.01560,0.21060,-0.76050,0.78928,999.25,1000,0.75,50.00,201,2.2266,-0.4156,LOCK,0,normal
296,167493,3128,3141,-0.02340,0.06240,-0.98280,0.98506,999.25,1000,0.75,50.00,201,2.2078,-0.6994,LOCK,0,normal
297,167501,3136,3149,-0.02340,0.06240,-0.98280,0.98506,999.24,1000,0.76,50.00,201,2.2164,-0.5700,LOCK,0,normal
298,167510,3145,3158,-0.34320,-0.24960,-0.94380,1.03482,999.23,1000,0.77,50.00,201,2.2097,-0.6717,LOCK,0,normal
299,167518,3153,3166,-0.25740,0.12090,-0.54600,0.61562,999.22,1000,0.78,50.00,201,2.2125,-0.6295,LOCK,0,normal
300,167526,3161,3174,-0.01950,-0.10140,-0.78390,0.79067,999.22,1000,0.78,50.00,201,2.2260,-0.4238,LOCK,0,normal
301,167535,3170,3183,-0.26130,-0.05460,-0.93210,0.96957,999.21,1000,0.79,50.00,201,2.2248,-0.4430,LOCK,0,normal
302,167543,3178,3191,-0.07020,0.13260,-0.66690,0.68357,999.21,1000,0.79,50.00,201,2.2005,-0.8106,LOCK,0,normal
303,167552,3187,3200,-0.07020,0.13260,-0.66690,0.68357,999.20,1000,0.80,50.00,201,2.2180,-0.5450,LOCK,0,normal
304,167560,3195,3208,-0.17940,-0.25740,-0.58890,0.66726,999.20,1000,0.80,50.00,201,2.1978,-0.8521,LOCK,0,normal
305,167569,3204,3217,-0.17940,0.03900,-0.85020,0.86980,999.19,1000,0.81,50.00,201,2.2080,-0.6973,LOCK,0,normal
306,167580,3215,3228,-0.25350,0.03900,-0.79950,0.83963,999.19,1000,0.81,50.00,201,2.2254,-0.4339,LOCK,0,normal
307,167588,3223,3236,-0.24960,0.36270,-0.80730,0.91956,999.18,1000,0.82,50.00,201,2.2269,-0.4104,LOCK,0,normal
308,167597,3232,3245,0.03510,-0.19110,-0.61230,0.64239,999.18,1000,0.82,50.00,201,2.2089,-0.6827,LOCK,0,normal
309,167605,3240,3253,0.04290,0.06240,-0.53430,0.53964,999.17,1000,0.83,50.00,201,2.2127,-0.6262,LOCK,0,normal
310,167614,3249,3262,0.04290,0.06240,-0.53430,0.53964,999.15,1000,0.85,50.00,201,2.2060,-0.7272,LOCK,0,normal
311,167622,3257,3270,-0.18330,-0.17940,-0.89310,0.92920,999.14,1000,0.86,50.00,201,2.2087,-0.6866,LOCK,0,normal
312,167631,3266,3279,-0.18720,0.11700,-0.99060,1.01490,999.13,1000,0.87,50.00,201,2.2243,-0.4494,LOCK,0,normal
313,167639,3274,3287,-0.28080,-0.21060,-0.65520,0.74330,999.13,1000,0.87,50.00,201,2.2253,-0.4345,LOCK,0,normal
314,167648,3283,3296,0.24180,-0.43290,-0.60450,0.78185,999.12,1000,0.88,50.00,201,2.1987,-0.8374,LOCK,0,normal
315,167656,3291,3304,-0.15210,0.33150,-0.95160,1.01910,999.11,1000,0.89,50.00,201,2.2230,-0.4693,LOCK,0,normal
316,167664,3299,3312,-0.15210,0.33150,-0.95160,1.01910,999.13,1000,0.87,50.00,201,2.2194,-0.5248,LOCK,0,normal
317,167678,3313,3326,-0.10920,-0.19110,-0.66300,0.69858,999.14,1000,0.86,50.00,201,2.2294,-0.3734,LOCK,0,normal
318,167686,3321,3334,-0.10920,-0.19110,-0.66300,0.69858,999.15,1000,0.85,50.00,201,2.2244,-0.4485,LOCK,0,normal
319,167695,3330,3343,0.05460,0.29250,-0.71760,0.77684,999.16,1000,0.84,50.00,201,2.2050,-0.7422,LOCK,0,normal
320,167703,3338,3351,-0.12090,0.16380,-0.98670,1.00748,999.17,1000,0.83,50.00,201,2.2040,-0.7574,LOCK,0,normal
321,167712,3347,3360,-0.11700,0.10140,-0.70200,0.71887,999.17,1000,0.83,50.00,201,2.2105,-0.6598,LOCK,0,normal
322,167720,3355,3368,-0.16380,-0.19500,-0.79560,0.83537,999.18,1000,0.82,50.00,201,2.2085,-0.6888,LOCK,0,normal
323,167784,3419,3432,-0.16770,-0.20280,-1.03350,1.06648,999.18,1000,0.82,50.00,201,2.2290,-0.3783,LOCK,0,normal
324,167793,3428,3441,-0.13650,-0.00390,-0.43290,0.45393,999.19,1000,0.81,50.00,201,2.2287,-0.3838,LOCK,0,normal
325,167801,3436,3449,-0.14820,0.05850,-0.86970,0.88417,999.19,1000,0.81,50.00,201,2.2114,-0.6448,LOCK,0,normal
326,167809,3444,3457,-0.14820,0.05850,-0.86970,0.88417,999.19,1000,0.81,50.00,201,2.2224,-0.4781,LOCK,0,normal
327,167818,3453,3466,-0.24960,0.02340,-1.06470,1.09382,999.19,1000,0.81,50.00,201,2.2076,-0.7034,LOCK,0,normal
328,167826,3461,3474,-0.05850,0.48360,-0.59670,0.77029,999.20,1000,0.80,50.00,201,2.2158,-0.5795,LOCK,0,normal
329,167835,3470,3483,-0.28860,0.19890,-0.70980,0.79162,999.20,1000,0.80,50.00,201,2.2267,-0.4137,LOCK,0,normal
330,167843,3478,3491,-0.10530,0.10530,-0.75270,0.76729,999.21,1000,0.79,50.00,201,2.2308,-0.3515,LOCK,0,normal
331,167852,3487,3500,-0.03510,-0.19110,-0.84630,0.86832,999.22,1000,0.78,50.00,201,2.2039,-0.7593,LOCK,0,normal
332,167860,3495,3508,-0.03510,-0.19110,-0.84630,0.86832,999.22,1000,0.78,50.00,201,2.2127,-0.6262,LOCK,0,normal
333,167869,3504,3517,-0.40170,-0.36660,-0.68250,0.87268,999.23,1000,0.77,50.00,201,2.2146,-0.5975,LOCK,0,normal
334,167882,3517,3530,-0.10530,0.05070,-0.85410,0.86206,999.24,1000,0.76,50.00,201,2.2235,-0.4629,LOCK,0,normal
335,167891,3526,3539,-0.10530,0.05070,-0.85410,0.86206,999.24,1000,0.76,50.00,201,2.2287,-0.3832,LOCK,0,normal
336,167899,3534,3547,-0.23010,0.18330,-1.05690,1.09708,999.25,1000,0.75,50.00,201,2.2025,-0.7797,LOCK,0,normal
337,167907,3542,3555,-0.22230,0.05460,-0.37830,0.44216,999.25,1000,0.75,50.00,201,2.2105,-0.6585,LOCK,0,normal
338,167916,3551,3564,0.05070,-0.46800,-0.74100,0.87788,999.26,1000,0.74,50.00,201,2.2216,-0.4903,LOCK,0,normal
339,167924,3559,3572,-0.24570,0.09750,-0.92820,0.96511,999.26,1000,0.74,50.00,201,2.2143,-0.6018,LOCK,0,normal
340,167935,3570,3583,-0.21060,-0.01170,-0.97500,0.99755,999.27,1000,0.73,50.00,201,2.2306,-0.3551,LOCK,0,normal
341,167943,3578,3591,-0.10920,0.44460,-0.55770,0.72154,999.27,1000,0.73,50.00,201,2.2252,-0.4360,LOCK,0,normal
342,167952,3587,3600,-0.10920,0.44460,-0.55770,0.72154,999.27,1000,0.73,50.00,201,2.2200,-0.5151,LOCK,0,normal
343,167960,3595,3608,-0.08580,-0.35880,-0.83460,0.91250,999.28,1000,0.72,50.00,201,2.2163,-0.5718,LOCK,0,normal
344,167969,3604,3617,0.06630,0.24960,-0.78000,0.82164,999.28,1000,0.72,50.00,201,2.2200,-0.5151,LOCK,0,normal
345,167977,3612,3625,-0.11700,-0.22620,-1.00620,1.03793,999.28,1000,0.72,50.00,201,2.2177,-0.5493,LOCK,0,normal
346,167990,3625,3638,-0.22230,0.07410,-0.64350,0.68484,999.29,1000,0.71,50.00,201,2.2266,-0.4149,LOCK,0,normal
347,167999,3634,3647,-0.06630,-0.17550,-0.82290,0.84401,999.29,1000,0.71,50.00,201,2.2123,-0.6320,LOCK,0,normal
348,168007,3642,3655,-0.14430,0.22620,-0.81900,0.86183,999.30,1000,0.70,50.00,201,2.2097,-0.6711,LOCK,0,normal
349,168015,3650,3663,-0.15210,-0.28470,-0.99450,1.04557,999.30,1000,0.70,50.00,201,2.2109,-0.6527,LOCK,0,normal
350,168024,3659,3672,-0.15210,-0.28470,-0.99450,1.04557,999.30,1000,0.70,50.00,201,2.2279,-0.3960,LOCK,0,normal
351,168042,3677,3690,0.07020,-0.06240,-0.78000,0.78563,999.30,1000,0.70,50.00,201,2.2243,-0.4501,LOCK,0,normal
352,168051,3686,3699,-0.24960,-0.15210,-0.90870,0.95455,999.30,1000,0.70,50.00,201,2.2262,-0.4220,LOCK,0,normal
353,168059,3694,3707,-0.20280,0.19500,-0.99840,1.03728,999.31,1000,0.69,50.00,201,2.2158,-0.5795,LOCK,0,normal
354,168067,3702,3715,-0.21060,0.04680,-0.60450,0.64184,999.31,1000,0.69,50.00,201,2.2247,-0.4439,LOCK,0,normal
355,168076,3711,3724,-0.21060,0.04680,-0.60450,0.64184,999.31,1000,0.69,50.00,201,2.2166,-0.5670,LOCK,0,normal
356,168091,3726,3739,0.01950,-0.08580,-0.65520,0.66108,999.30,1000,0.70,50.00,201,2.2239,-0.4562,LOCK,0,normal
357,168100,3735,3748,0.00780,0.22230,-1.01010,1.03430,999.30,1000,0.70,50.00,201,2.2261,-0.4232,LOCK,0,normal
358,168108,3743,3756,-0.37830,-0.02340,-0.91260,0.98818,999.29,1000,0.71,50.00,201,2.2124,-0.6308,LOCK,0,normal
359,168117,3752,3765,-0.37830,-0.02340,-0.91260,0.98818,999.29,1000,0.71,50.00,201,2.2171,-0.5596,LOCK,0,normal
360,168125,3760,3773,-0.15600,0.28080,-0.57330,0.65716,999.29,1000,0.71,50.00,201,2.2098,-0.6698,LOCK,0,normal
361,168134,3769,3782,-0.20670,-0.11700,-0.80730,0.84151,999.28,1000,0.72,50.00,201,2.2235,-0.4617,LOCK,0,normal
362,168144,3779,3792,-0.26910,-0.14040,-0.78780,0.84425,999.29,1000,0.71,50.00,201,2.2271,-0.4079,LOCK,0,normal
363,168152,3787,3800,0.04290,-0.24570,-0.78000,0.81891,999.29,1000,0.71,50.00,201,2.2269,-0.4107,LOCK,0,normal
364,168161,3796,3809,-0.30420,-0.34320,-0.56940,0.73112,999.30,1000,0.70,50.00,201,2.2205,-0.5071,LOCK,0,normal
365,168169,3804,3817,-0.06630,-0.11310,-0.61230,0.62618,999.30,1000,0.70,50.00,201,2.2213,-0.4958,LOCK,0,normal
366,168177,3812,3825,-0.06630,-0.11310,-0.61230,0.62618,999.30,1000,0.70,50.00,201,2.2269,-0.4101,LOCK,0,normal
367,168186,3821,3834,-0.06630,0.18720,-0.87750,0.89969,999.30,1000,0.70,50.00,201,2.2237,-0.4589,LOCK,0,normal
368,168195,3830,3843,-0.12480,0.21450,-1.02960,1.05909,999.31,1000,0.69,50.00,201,2.2234,-0.4638,LOCK,0,normal
369,168203,3838,3851,-0.25350,-0.20280,-0.59670,0.67929,999.32,1000,0.68,50.00,201,2.2239,-0.4558,LOCK,0,normal
370,168212,3847,3860,0.03900,-0.41730,-0.71760,0.83103,999.33,1000,0.67,50.00,201,2.2169,-0.5624,LOCK,0,normal
371,168220,3855,3868,-0.26520,-0.16380,-0.98280,1.03105,999.34,1000,0.66,50.00,201,2.2112,-0.6488,LOCK,0,normal
372,168229,3864,3877,-0.26520,-0.16380,-0.98280,1.03105,999.34,1000,0.66,50.00,201,2.2201,-0.5135,LOCK,0,normal
373,168237,3872,3885,-0.19890,0.35100,-0.85410,0.94459,999.35,1000,0.65,50.00,201,2.2173,-0.5560,LOCK,0,normal
374,168245,3880,3893,-0.21060,0.07410,-0.54210,0.58627,999.36,1000,0.64,50.00,201,2.2255,-0.4314,LOCK,0,normal
375,168254,3889,3902,-0.12090,-0.29250,-0.77610,0.83816,999.36,1000,0.64,50.00,201,2.2261,-0.4232,LOCK,0,normal
376,168262,3897,3910,0.00000,0.32370,-0.77220,0.83730,999.37,1000,0.63,50.00,201,2.2081,-0.6955,LOCK,0,normal
377,168271,3906,3919,0.00000,0.32370,-0.77220,0.83730,999.37,1000,0.63,50.00,201,2.2260,-0.4238,LOCK,0,normal
378,168279,3914,3927,-0.18330,-0.16770,-0.97890,1.00993,999.38,1000,0.62,50.00,201,2.2056,-0.7327,LOCK,0,normal
379,168293,3928,3941,-0.09360,-0.33150,-0.77610,0.84911,999.38,1000,0.62,50.00,201,2.2164,-0.5700,LOCK,0,normal
380,168301,3936,3949,-0.09360,-0.33150,-0.77610,0.84911,999.39,1000,0.61,50.00,201,2.2270,-0.4095,LOCK,0,normal
381,168310,3945,3958,-0.06240,0.45630,-0.84240,0.96007,999.39,1000,0.61,50.00,201,2.2011,-0.8008,LOCK,0,normal
382,168318,3953,3966,-0.71760,-0.30420,-0.95940,1.23610,999.40,1000,0.60,50.00,201,2.2131,-0.6204,LOCK,0,normal
383,168326,3961,3974,-0.19890,-0.15600,-0.55770,0.61231,999.39,1000,0.61,50.00,201,2.2081,-0.6952,LOCK,0,normal
384,168335,3970,3983,-0.17550,-0.19110,-0.69420,0.74110,999.39,1000,0.61,50.00,201,2.2173,-0.5557,LOCK,0,normal
385,168400,4035,4048,-0.08580,0.09750,-0.82680,0.83694,999.41,1000,0.59,50.00,201,2.2264,-0.4183,LOCK,0,normal
386,168409,4044,4057,-0.25740,-0.12480,-1.05690,1.09493,999.42,1000,0.58,50.00,201,2.2267,-0.4143,LOCK,0,normal
387,168417,4052,4065,-0.20670,0.34320,-0.53430,0.66782,999.43,1000,0.57,50.00,201,2.2160,-0.5755,LOCK,0,normal
388,168426,4061,4074,-0.24570,-0.18330,-0.69810,0.76244,999.45,1000,0.55,50.00,201,2.2260,-0.4247,LOCK,0,normal
389,168434,4069,4082,-0.24570,-0.18330,-0.69810,0.76244,999.46,1000,0.54,50.00,201,2.2114,-0.6454,LOCK,0,normal
390,168442,4077,4090,-0.11310,-0.14820,-0.88920,0.90853,999.45,1000,0.55,50.00,201,2.2236,-0.4613,LOCK,0,normal
391,168451,4086,4099,0.15210,0.02340,-0.84240,0.85634,999.45,1000,0.55,50.00,201,2.2249,-0.4409,LOCK,0,normal
392,168459,4094,4107,-0.22230,-0.04290,-0.51090,0.55882,999.44,1000,0.56,50.00,201,2.2266,-0.4159,LOCK,0,normal
393,168468,4103,4116,-0.13260,-0.08580,-0.68640,0.70434,999.44,1000,0.56,50.00,201,2.2129,-0.6222,LOCK,0,normal
394,168476,4111,4124,-0.13260,-0.08580,-0.68640,0.70434,999.44,1000,0.56,50.00,201,2.2261,-0.4223,LOCK,0,normal
395,168485,4120,4133,-0.24960,-0.01170,-0.79560,0.83392,999.43,1000,0.57,50.00,201,2.2062,-0.7248,LOCK,0,normal
396,168498,4133,4146,-0.08190,0.14430,-0.69810,0.71755,999.43,1000,0.57,50.00,201,2.2086,-0.6872,LOCK,0,normal
397,168507,4142,4155,-0.08190,0.14430,-0.69810,0.71755,999.41,1000,0.59,50.00,201,2.2241,-0.4528,LOCK,0,normal
398,168515,4150,4163,0.18330,-0.14820,-0.53820,0.58756,999.40,1000,0.60,50.00,201,2.2029,-0.7736,LOCK,0,normal
399,168523,4158,4171,-0.14040,-0.19500,-1.18950,1.21353,999.38,1000,0.62,50.00,201,2.2199,-0.5166,LOCK,0,normal
400,168532,4167,4180,-0.23010,0.15990,-0.52650,0.59642,999.37,1000,0.63,50.00,201,2.2173,-0.5566,LOCK,0,normal
401,168540,4175,4188,-0.11310,-0.22620,-0.75270,0.79405,999.36,1000,0.64,50.00,201,2.2128,-0.6240,LOCK,0,normal
402,168552,4187,4200,-0.06630,0.11310,-0.79170,0.80248,999.35,1000,0.65,50.00,201,2.2253,-0.4348,LOCK,0,normal
403,168560,4195,4208,-0.19110,-0.03510,-0.98280,1.00182,999.34,1000,0.66,50.00,201,2.2247,-0.4442,LOCK,0,normal
404,168569,4204,4217,0.01950,-0.08580,-0.55380,0.56075,999.32,1000,0.68,50.00,201,2.2175,-0.5532,LOCK,0,normal
405,168577,4212,4225,0.01950,-0.08580,-0.55380,0.56075,999.31,1000,0.69,50.00,201,2.2140,-0.6060,LOCK,0,normal
406,168586,4221,4234,0.07020,-0.01170,-0.85410,0.85706,999.30,1000,0.70,50.00,201,2.2296,-0.3692,LOCK,0,normal
407,168594,4229,4242,-0.18330,0.10140,-0.99840,1.02014,999.29,1000,0.71,50.00,201,2.2245,-0.4464,LOCK,0,normal
408,168606,4241,4254,-0.37050,0.21840,-0.61620,0.75145,999.28,1000,0.72,50.00,201,2.2083,-0.6918,LOCK,0,normal
409,168615,4250,4263,-0.19890,0.24180,-0.72930,0.79367,999.28,1000,0.72,50.00,201,2.2183,-0.5407,LOCK,0,normal
410,168623,4258,4271,-0.02730,0.50700,-0.90870,1.04093,999.26,1000,0.74,50.00,201,2.2050,-0.7425,LOCK,0,normal
411,168632,4267,4280,-0.14040,-0.28860,-0.92430,0.97843,999.25,1000,0.75,50.00,201,2.2147,-0.5960,LOCK,0,normal
412,168657,4292,4305,-0.07800,-0.05070,-0.83460,0.83977,999.24,1000,0.76,50.00,201,2.2258,-0.4278,LOCK,0,normal
413,168665,4300,4313,-0.00390,0.53430,-0.92040,1.06425,999.23,1000,0.77,50.00,201,2.2320,-0.3334,LOCK,0,normal
414,168674,4309,4322,-0.62400,-0.00780,-0.83850,1.04524,999.22,1000,0.78,50.00,201,2.2074,-0.7068,LOCK,0,normal
415,168682,4317,4330,-0.08970,-0.31200,-0.65520,0.73122,999.22,1000,0.78,50.00,201,2.2262,-0.4220,LOCK,0,normal
416,168691,4326,4339,-0.08970,-0.31200,-0.65520,0.73122,999.22,1000,0.78,50.00,201,2.2051,-0.7413,LOCK,0,normal
417,168704,4339,4352,-0.23790,-0.29250,-1.03740,1.10379,999.22,1000,0.78,50.00,201,2.2270,-0.4098,LOCK,0,normal
418,168713,4348,4361,-0.30420,0.15210,-0.62790,0.71409,999.21,1000,0.79,50.00,201,2.2259,-0.4253,LOCK,0,normal
419,168721,4356,4369,-0.30420,0.15210,-0.62790,0.71409,999.21,1000,0.79,50.00,201,2.2273,-0.4043,LOCK,0,normal
420,168730,4365,4378,-0.01950,-0.00390,-0.70590,0.70618,999.21,1000,0.79,50.00,201,2.2158,-0.5783,LOCK,0,normal
421,168738,4373,4386,-0.28860,0.14430,-0.92430,0.97900,999.21,1000,0.79,50.00,201,2.2174,-0.5547,LOCK,0,normal
422,168746,4381,4394,0.05070,0.10530,-0.90870,0.91618,999.21,1000,0.79,50.00,201,2.2005,-0.8112,LOCK,0,normal
423,168755,4390,4403,-0.31200,-0.27300,-0.63570,0.75894,999.22,1000,0.78,50.00,201,2.2201,-0.5135,LOCK,0,normal
424,168763,4398,4411,-0.31200,-0.27300,-0.63570,0.75894,999.22,1000,0.78,50.00,201,2.2248,-0.4418,LOCK,0,normal
425,168772,4407,4420,-0.13260,-0.22620,-0.86190,0.90090,999.22,1000,0.78,50.00,201,2.2197,-0.5193,LOCK,0,normal
426,168780,4415,4428,-0.16380,0.05460,-0.83070,0.84845,999.22,1000,0.78,50.00,201,2.2156,-0.5822,LOCK,0,normal
427,168789,4424,4437,-0.07800,0.01950,-0.91650,0.92002,999.23,1000,0.77,50.00,201,2.2217,-0.4897,LOCK,0,normal
428,168797,4432,4445,-0.28470,-0.23790,-0.53040,0.64728,999.23,1000,0.77,50.00,201,2.2138,-0.6097,LOCK,0,normal
429,168809,4444,4457,0.13650,-0.06630,-0.48360,0.50685,999.22,1000,0.78,50.00,201,2.2254,-0.4333,LOCK,0,normal
430,168817,4452,4465,-0.23400,0.00000,-0.87750,0.90816,999.22,1000,0.78,50.00,201,2.2251,-0.4372,LOCK,0,normal
431,168826,4461,4474,-0.15210,0.01170,-0.92430,0.93680,999.22,1000,0.78,50.00,201,2.2109,-0.6536,LOCK,0,normal
432,168834,4469,4482,-0.15210,0.01170,-0.92430,0.93680,999.21,1000,0.79,50.00,201,2.2095,-0.6741,LOCK,0,normal
433,168843,4478,4491,-0.08970,-0.07020,-0.67080,0.68040,999.21,1000,0.79,50.00,201,2.2150,-0.5911,LOCK,0,normal
434,168851,4486,4499,-0.01560,0.23400,-0.85020,0.88195,999.21,1000,0.79,50.00,201,2.2254,-0.4336,LOCK,0,normal
435,168861,4496,4509,-0.27300,-0.10530,-0.92430,0.96951,999.20,1000,0.80,50.00,201,2.2262,-0.4207,LOCK,0,normal
436,168870,4505,4518,0.10140,-0.24180,-0.57330,0.63041,999.20,1000,0.80,50.00,201,2.2266,-0.4146,LOCK,0,normal
437,168878,4513,4526,-0.17160,-0.22230,-0.63570,0.69497,999.19,1000,0.81,50.00,201,2.2089,-0.6833,LOCK,0,normal
438,168887,4522,4535,-0.11700,-0.05460,-0.68250,0.69461,999.19,1000,0.81,50.00,201,2.2180,-0.5456,LOCK,0,normal
439,168895,4530,4543,-0.11700,-0.05460,-0.68250,0.69461,999.19,1000,0.81,50.00,201,2.2029,-0.7736,LOCK,0,normal
440,168909,4544,4557,0.15990,0.19110,-0.93990,0.97237,999.18,1000,0.82,50.00,201,2.2276,-0.3997,LOCK,0,normal
441,168917,4552,4565,0.15990,0.19110,-0.93990,0.97237,999.18,1000,0.82,50.00,201,2.2263,-0.4192,LOCK,0,normal
442,168926,4561,4574,-0.19890,-0.04290,-0.76830,0.79479,999.17,1000,0.83,50.00,201,2.2122,-0.6332,LOCK,0,normal
443,168934,4569,4582,0.14040,0.01560,-0.47580,0.49633,999.17,1000,0.83,50.00,201,2.2056,-0.7333,LOCK,0,normal
444,168942,4577,4590,0.07020,0.11700,-0.76830,0.78032,999.17,1000,0.83,50.00,201,2.2105,-0.6588,LOCK,0,normal
445,168951,4586,4599,-0.16380,-0.07800,-0.92820,0.94576,999.17,1000,0.83,50.00,201,2.2047,-0.7477,LOCK,0,normal
446,169013,4648,4661,-0.23790,0.07800,-0.92820,0.96137,999.15,1000,0.85,50.00,201,2.2264,-0.4186,LOCK,0,normal
447,169022,4657,4670,-0.28470,0.15600,-0.64350,0.72075,999.14,1000,0.86,50.00,201,2.2289,-0.3808,LOCK,0,normal
448,169030,4665,4678,-0.43680,0.08970,-0.66690,0.80224,999.12,1000,0.88,50.00,201,2.2068,-0.7153,LOCK,0,normal
449,169039,4674,4687,-0.43680,0.08970,-0.66690,0.80224,999.11,1000,0.89,50.00,201,2.2087,-0.6863,LOCK,0,normal
450,169047,4682,4695,-0.13260,-0.23790,-0.73320,0.78215,999.10,1000,0.90,50.00,201,2.2089,-0.6830,LOCK,0,normal
451,169056,4691,4704,0.11310,-0.32760,-0.62400,0.71379,999.09,1000,0.91,50.00,201,2.2142,-0.6033,LOCK,0,normal
452,169064,4699,4712,-0.19500,-0.26130,-1.02960,1.07999,999.07,1000,0.93,50.00,201,2.2298,-0.3670,LOCK,0,normal
453,169072,4707,4720,-0.12090,0.33150,-0.93990,1.00395,999.06,1000,0.94,50.00,201,2.2290,-0.3789,LOCK,0,normal
454,169081,4716,4729,-0.12090,0.33150,-0.93990,1.00395,999.05,1000,0.95,50.00,201,2.2044,-0.7523,LOCK,0,normal
455,169089,4724,4737,-0.19500,0.08970,-0.60840,0.64515,999.04,1000,0.96,50.00,201,2.2104,-0.6610,LOCK,0,normal
456,169098,4733,4746,-0.03510,-0.17160,-0.75660,0.77661,999.04,1000,0.96,50.00,201,2.2036,-0.7642,LOCK,0,normal
457,169111,4746,4759,-0.23400,0.18330,-0.71370,0.77313,999.03,1000,0.97,50.00,201,2.2237,-0.4592,LOCK,0,normal
458,169120,4755,4768,-0.10530,-0.28080,-1.00620,1.04994,999.03,1000,0.97,50.00,201,2.2283,-0.3887,LOCK,0,normal
459,169128,4763,4776,-0.27690,0.07410,-0.72540,0.77998,999.02,1000,0.98,50.00,201,2.2099,-0.6689,LOCK,0,normal
460,169137,4772,4785,-0.04290,-0.19890,-0.78390,0.80988,999.02,1000,0.98,50.00,201,2.2096,-0.6726,LOCK,0,normal
461,169145,4780,4793,-0.10920,0.30030,-0.77610,0.83931,999.02,1000,0.98,50.00,201,2.1982,-0.8450,LOCK,0,normal
462,169153,4788,4801,-0.30030,0.06630,-0.98280,1.02979,999.01,1000,0.99,50.00,201,2.2160,-0.5758,LOCK,0,normal
463,169164,4799,4812,-0.13650,-0.11700,-0.57330,0.60083,999.02,1000,0.98,50.00,201,2.2270,-0.4098,LOCK,0,normal
464,169172,4807,4820,-0.13650,-0.11700,-0.57330,0.60083,999.02,1000,0.98,50.00,201,2.2255,-0.4323,LOCK,0,normal
465,169181,4816,4829,-0.19500,-0.29640,-0.69420,0.77961,999.02,1000,0.98,50.00,201,2.2114,-0.6451,LOCK,0,normal
466,169189,4824,4837,-0.12480,-0.10140,-0.77220,0.78876,999.02,1000,0.98,50.00,201,2.2162,-0.5728,LOCK,0,normal
467,169198,4833,4846,-0.13650,-0.12480,-0.93600,0.95410,999.03,1000,0.97,50.00,201,2.2069,-0.7132,LOCK,0,normal
468,169206,4841,4854,-0.06240,0.35880,-0.95160,1.01891,999.03,1000,0.97,50.00,201,2.2164,-0.5691,LOCK,0,normal
469,169271,4906,4919,-0.15600,-0.00390,-0.65130,0.66973,999.02,1000,0.98,50.00,201,2.2268,-0.4116,LOCK,0,normal
470,169279,4914,4927,0.08580,0.05850,-0.78390,0.79075,999.02,1000,0.98,50.00,201,2.2267,-0.4143,LOCK,0,normal
471,169287,4922,4935,0.13260,0.04290,-0.71370,0.72718,999.01,1000,0.99,50.00,201,2.2096,-0.6723,LOCK,0,normal
472,169296,4931,4944,0.13260,0.04290,-0.71370,0.72718,999.01,1000,0.99,50.00,201,2.2273,-0.4049,LOCK,0,normal
473,169304,4939,4952,-0.12480,0.00780,-0.97890,0.98685,999.00,1000,1.00,50.00,201,2.2149,-0.5929,LOCK,0,normal
474,169318,4953,4966,-0.10530,-0.06240,-0.67470,0.68571,999.00,1000,1.00,50.00,201,2.2251,-0.4378,LOCK,0,normal
475,169326,4961,4974,-0.10530,-0.06240,-0.67470,0.68571,998.99,1000,1.01,50.00,201,2.2237,-0.4595,LOCK,0,normal
476,169335,4970,4983,-0.14430,-0.04290,-0.79560,0.80972,998.99,1000,1.01,50.00,201,2.2009,-0.8041,LOCK,0,normal
477,169343,4978,4991,-0.30420,-0.22230,-0.67470,0.77277,998.98,1000,1.02,50.00,201,2.2044,-0.7510,LOCK,0,normal
478,169352,4987,5000,0.26130,-0.25740,-0.44850,0.57938,998.98,1000,1.02,50.00,201,2.2091,-0.6802,LOCK,0,normal
479,169360,4995,5008,-0.17160,-0.03900,-0.86970,0.88732,998.97,1000,1.03,50.00,201,2.2199,-0.5169,LOCK,0,normal
480,169369,5004,5017,-0.13650,0.23010,-1.00230,1.03739,998.97,1000,1.03,50.00,201,2.2173,-0.5566,LOCK,0,normal
481,169377,5012,5025,-0.13650,0.23010,-1.00230,1.03739,998.97,1000,1.03,50.00,201,2.2257,-0.4290,LOCK,0,normal
482,169386,5021,5034,-0.29640,0.09360,-0.69030,0.75705,998.96,1000,1.04,50.00,201,2.2058,-0.7309,LOCK,0,normal
483,169394,5029,5042,0.00000,-0.65910,-0.67860,0.94600,998.96,1000,1.04,50.00,201,2.2061,-0.7257,LOCK,0,normal
484,169403,5038,5051,-0.16380,-0.07800,-0.75270,0.77426,998.96,1000,1.04,50.00,201,2.2041,-0.7565,LOCK,0,normal
485,169411,5046,5059,0.19500,-0.33150,-0.81120,0.89775,998.95,1000,1.05,50.00,201,2.2213,-0.4952,LOCK,0,normal
486,169425,5060,5073,-0.18330,0.05850,-0.87360,0.89454,998.95,1000,1.05,50.00,201,2.2272,-0.4064,LOCK,0,normal
487,169434,5069,5082,-0.29250,0.00390,-0.44460,0.53220,998.94,1000,1.06,50.00,201,2.2242,-0.4513,LOCK,0,normal
488,169442,5077,5090,-0.01950,0.32370,-0.81120,0.87362,998.94,1000,1.06,50.00,201,2.2065,-0.7202,LOCK,0,normal
489,169451,5086,5099,-0.01950,0.32370,-0.81120,0.87362,998.94,1000,1.06,50.00,201,2.2104,-0.6601,LOCK,0,normal
490,169459,5094,5107,-0.14430,0.18330,-0.91650,0.94572,998.93,1000,1.07,50.00,201,2.2036,-0.7642,LOCK,0,normal
491,169468,5103,5116,-0.10920,0.06630,-0.79170,0.80194,998.93,1000,1.07,50.00,201,2.2276,-0.4000,LOCK,0,normal
492,169476,5111,5124,-0.10530,-0.27300,-0.63570,0.69981,998.92,1000,1.08,50.00,201,2.2265,-0.4171,LOCK,0,normal
493,169485,5120,5133,0.02730,-0.16380,-0.83850,0.85479,998.92,1000,1.08,50.00,201,2.2249,-0.4406,LOCK,0,normal
494,169493,5128,5141,-0.22620,-0.37830,-0.98280,1.07711,998.92,1000,1.08,50.00,201,2.2152,-0.5883,LOCK,0,normal
495,169502,5137,5150,-0.22620,-0.37830,-0.98280,1.07711,998.91,1000,1.09,50.00,201,2.2191,-0.5291,LOCK,0,normal
496,169510,5145,5158,-0.24180,0.28080,-0.64350,0.74257,998.91,1000,1.09,50.00,201,2.2051,-0.7403,LOCK,0,normal
497,169523,5158,5171,-0.10140,0.01560,-0.83070,0.83701,998.91,1000,1.09,50.00,201,2.2266,-0.4156,LOCK,0,normal
498,169532,5167,5180,-0.10140,0.01560,-0.83070,0.83701,998.92,1000,1.08,50.00,201,2.2252,-0.4360,LOCK,0,normal
499,169540,5175,5188,-0.05850,0.09360,-0.97890,0.98510,998.94,1000,1.06,50.00,201,2.2086,-0.6878,LOCK,0,normal
500,169549,5184,5197,-0.31590,0.20280,-0.75270,0.84112,998.95,1000,1.05,50.00,201,2.2063,-0.7226,LOCK,0,normal
501,169557,5192,5205,-0.04680,0.03900,-0.82680,0.82904,998.96,1000,1.04,50.00,201,2.2208,-0.5035,LOCK,0,normal
502,169566,5201,5214,-0.05850,0.09750,-0.76050,0.76895,998.97,1000,1.03,50.00,201,2.2299,-0.3646,LOCK,0,normal
503,169627,5262,5275,-0.19110,-0.14040,-0.57720,0.62401,998.97,1000,1.03,50.00,201,2.2269,-0.4110,LOCK,0,normal
504,169636,5271,5284,-0.04290,-0.29250,-0.85020,0.90013,998.96,1000,1.04,50.00,201,2.2247,-0.4446,LOCK,0,normal
505,169644,5279,5292,-0.04290,-0.29250,-0.85020,0.90013,998.96,1000,1.04,50.00,201,2.2035,-0.7651,LOCK,0,normal
506,169653,5288,5301,0.00780,0.20280,-0.62790,0.65988,998.97,1000,1.03,50.00,201,2.2035,-0.7648,LOCK,0,normal
507,169661,5296,5309,-0.21060,-0.22230,-0.95160,0.99966,998.97,1000,1.03,50.00,201,2.2149,-0.5929,LOCK,0,normal
508,169670,5305,5318,-0.31980,0.30030,-0.74100,0.86112,998.98,1000,1.02,50.00,201,2.2095,-0.6741,LOCK,0,normal
509,169678,5313,5326,-0.09750,-0.02730,-0.69810,0.70540,998.98,1000,1.02,50.00,201,2.2284,-0.3875,LOCK,0,normal
510,169687,5322,5335,-0.09750,-0.02730,-0.69810,0.70540,998.98,1000,1.02,50.00,201,2.2284,-0.3875,LOCK,0,normal
511,169695,5330,5343,0.26130,-0.35880,-0.56940,0.72196,998.98,1000,1.02,50.00,201,2.2080,-0.6967,LOCK,0,normal
512,169704,5339,5352,0.18330,0.33540,-1.12320,1.18645,999.00,1000,1.00,50.00,201,2.2233,-0.4650,LOCK,0,normal
513,169712,5347,5360,0.00780,-0.15600,-0.56550,0.58667,999.01,1000,0.99,50.00,201,2.2211,-0.4992,LOCK,0,normal
514,169725,5360,5373,-0.24180,-0.18330,-0.68250,0.74691,999.03,1000,0.97,50.00,201,2.2145,-0.5981,LOCK,0,normal
515,169734,5369,5382,-0.10530,0.00780,-0.70590,0.71375,999.04,1000,0.96,50.00,201,2.2270,-0.4095,LOCK,0,normal
516,169742,5377,5390,-0.14820,0.05460,-0.86970,0.88392,999.05,1000,0.95,50.00,201,2.2260,-0.4235,LOCK,0,normal
517,169751,5386,5399,0.00780,0.25740,-1.02960,1.06132,999.05,1000,0.95,50.00,201,2.2123,-0.6314,LOCK,0,normal
518,169759,5394,5407,-0.41340,-0.22230,-0.64350,0.79650,999.06,1000,0.94,50.00,201,2.2002,-0.8148,LOCK,0,normal
519,169767,5402,5415,-0.41340,-0.22230,-0.64350,0.79650,999.08,1000,0.92,50.00,201,2.2183,-0.5413,LOCK,0,normal
520,169778,5413,5426,0.06240,-0.03900,-0.53430,0.53934,999.09,1000,0.91,50.00,201,2.2266,-0.4149,LOCK,0,normal
521,169786,5421,5434,-0.03510,-0.06240,-0.83850,0.84155,999.10,1000,0.90,50.00,201,2.2275,-0.4012,LOCK,0,normal
522,169795,5430,5443,-0.21840,0.10920,-0.93210,0.96355,999.11,1000,0.89,50.00,201,2.2222,-0.4818,LOCK,0,normal
523,169803,5438,5451,-0.15990,0.35100,-1.01790,1.08853,999.12,1000,0.88,50.00,201,2.2006,-0.8093,LOCK,0,normal
524,169811,5446,5459,-0.40560,-0.01560,-0.56160,0.69293,999.12,1000,0.88,50.00,201,2.2151,-0.5895,LOCK,0,normal
525,169820,5455,5468,-0.40560,-0.01560,-0.56160,0.69293,999.13,1000,0.87,50.00,201,2.2052,-0.7394,LOCK,0,normal
526,169832,5467,5480,0.01560,-0.22620,-0.73710,0.77118,999.13,1000,0.87,50.00,201,2.2260,-0.4241,LOCK,0,normal
527,169841,5476,5489,-0.03900,0.19500,-1.02570,1.04480,999.13,1000,0.87,50.00,201,2.2241,-0.4531,LOCK,0,normal
528,169849,5484,5497,-0.03900,0.19500,-1.02570,1.04480,999.13,1000,0.87,50.00,201,2.2036,-0.7635,LOCK,0,normal
529,169858,5493,5506,-0.26910,-0.20670,-0.63960,0.72404,999.13,1000,0.87,50.00,201,2.2168,-0.5636,LOCK,0,normal
530,169866,5501,5514,0.07410,0.41340,-0.61620,0.74572,999.12,1000,0.88,50.00,201,2.2091,-0.6805,LOCK,0,normal
531,169875,5510,5523,-0.17160,0.49530,-0.90480,1.04567,999.12,1000,0.88,50.00,201,2.2180,-0.5456,LOCK,0,normal
532,169883,5518,5531,-0.10530,-0.05460,-0.90480,0.91254,999.13,1000,0.87,50.00,201,2.2251,-0.4375,LOCK,0,normal
533,169892,5527,5540,-0.10530,-0.05460,-0.90480,0.91254,999.13,1000,0.87,50.00,201,2.2219,-0.4858,LOCK,0,normal
534,169900,5535,5548,-0.11310,-0.04680,-0.78390,0.79340,999.13,1000,0.87,50.00,201,2.2058,-0.7303,LOCK,0,normal
535,169908,5543,5556,-0.33930,-0.39390,-0.61620,0.80622,999.13,1000,0.87,50.00,201,2.2141,-0.6048,LOCK,0,normal
536,169917,5552,5565,-0.12090,-0.01170,-0.75270,0.76244,999.13,1000,0.87,50.00,201,2.2050,-0.7419,LOCK,0,normal
537,169930,5565,5578,-0.00390,0.30810,-0.81120,0.86775,999.13,1000,0.87,50.00,201,2.2226,-0.4751,LOCK,0,normal
538,169939,5574,5587,-0.06240,-0.05850,-0.97110,0.97486,999.13,1000,0.87,50.00,201,2.2249,-0.4415,LOCK,0,normal
539,169947,5582,5595,-0.06240,0.08190,-0.44460,0.45637,999.14,1000,0.86,50.00,201,2.2050,-0.7422,LOCK,0,normal
540,169955,5590,5603,-0.02340,-0.35100,-0.74490,0.82379,999.15,1000,0.85,50.00,201,2.2025,-0.7800,LOCK,0,normal
541,169964,5599,5612,-0.25350,-0.12090,-0.93990,0.98096,999.16,1000,0.84,50.00,201,2.2116,-0.6430,LOCK,0,normal
542,169972,5607,5620,-0.25350,-0.12090,-0.93990,0.98096,999.16,1000,0.84,50.00,201,2.2102,-0.6634,LOCK,0,normal
543,169983,5618,5631,-0.06630,0.24570,-0.97110,1.00389,999.17,1000,0.83,50.00,201,2.2281,-0.3927,LOCK,0,normal
544,169991,5626,5639,-0.13260,0.20280,-0.58890,0.63680,999.17,1000,0.83,50.00,201,2.2245,-0.4467,LOCK,0,normal
545,170000,5635,5648,0.23010,-0.35490,-0.67080,0.79301,999.18,1000,0.82,50.00,201,2.2051,-0.7413,LOCK,0,normal
546,170008,5643,5656,0.01170,0.31200,-0.62790,0.70124,999.19,1000,0.81,50.00,201,2.2063,-0.7223,LOCK,0,normal
547,170016,5651,5664,-0.18720,-0.17550,-1.09980,1.12934,999.19,1000,0.81,50.00,201,2.2094,-0.6762,LOCK,0,normal
548,170025,5660,5673,-0.18720,-0.17550,-1.09980,1.12934,999.20,1000,0.80,50.00,201,2.2066,-0.7184,LOCK,0,normal
549,170037,5672,5685,-0.16770,-0.36270,-0.72930,0.83160,999.20,1000,0.80,50.00,201,2.2272,-0.4058,LOCK,0,normal
550,170045,5680,5693,-0.16770,-0.36270,-0.72930,0.83160,999.21,1000,0.79,50.00,201,2.2254,-0.4333,LOCK,0,normal
551,170054,5689,5702,0.06240,0.53430,-0.76440,0.93471,999.21,1000,0.79,50.00,201,2.1971,-0.8618,LOCK,0,normal
552,170062,5697,5710,-0.04680,-0.30810,-0.99060,1.03846,999.21,1000,0.79,50.00,201,2.2072,-0.7086,LOCK,0,normal
553,170071,5706,5719,-0.23790,-0.02340,-0.46800,0.52552,999.21,1000,0.79,50.00,201,2.2150,-0.5908,LOCK,0,normal
554,170079,5714,5727,-0.19890,-0.35880,-0.73710,0.84357,999.20,1000,0.80,50.00,201,2.2117,-0.6414,LOCK,0,normal
555,170088,5723,5736,-0.18720,0.20670,-0.79950,0.84674,999.20,1000,0.80,50.00,201,2.2281,-0.3930,LOCK,0,normal
556,170096,5731,5744,-0.18720,0.20670,-0.79950,0.84674,999.19,1000,0.81,50.00,201,2.2271,-0.4073,LOCK,0,normal
557,170105,5740,5753,-0.10140,-0.01950,-1.02960,1.03476,999.19,1000,0.81,50.00,201,2.2041,-0.7565,LOCK,0,normal
558,170113,5748,5761,-0.01170,0.22620,-0.67080,0.70801,999.18,1000,0.82,50.00,201,2.2150,-0.5911,LOCK,0,normal
559,170121,5756,5769,0.07800,0.07800,-0.72150,0.72988,999.18,1000,0.82,50.00,201,2.2063,-0.7223,LOCK,0,normal
560,170135,5770,5783,0.20670,-0.19500,-0.60060,0.66443,999.18,1000,0.82,50.00,201,2.2158,-0.5795,LOCK,0,normal
561,170143,5778,5791,-0.05070,0.01170,-0.89310,0.89461,999.17,1000,0.83,50.00,201,2.2250,-0.4388,LOCK,0,normal
562,170152,5787,5800,-0.20670,-0.15990,-1.01790,1.05091,999.17,1000,0.83,50.00,201,2.2055,-0.7355,LOCK,0,normal
563,170160,5795,5808,-0.30030,0.16770,-0.50700,0.61266,999.17,1000,0.83,50.00,201,2.2159,-0.5767,LOCK,0,normal
564,170168,5803,5816,-0.30030,0.16770,-0.50700,0.61266,999.17,1000,0.83,50.00,201,2.1991,-0.8325,LOCK,0,normal
565,170177,5812,5825,0.05460,-0.29640,-0.71760,0.77832,999.17,1000,0.83,50.00,201,2.2184,-0.5389,LOCK,0,normal
566,170188,5823,5836,-0.12090,-0.12480,-0.87360,0.89071,999.18,1000,0.82,50.00,201,2.2266,-0.4153,LOCK,0,normal
567,170197,5832,5845,0.11310,-0.09360,-0.80340,0.81670,999.19,1000,0.81,50.00,201,2.2255,-0.4323,LOCK,0,normal
568,170205,5840,5853,-0.15600,-0.19110,-0.59670,0.64568,999.20,1000,0.80,50.00,201,2.2152,-0.5883,LOCK,0,normal
569,170214,5849,5862,-0.21450,-0.32760,-0.63180,0.74331,999.21,1000,0.79,50.00,201,2.2139,-0.6076,LOCK,0,normal
570,170222,5857,5870,-0.11310,0.12090,-0.73710,0.75546,999.22,1000,0.78,50.00,201,2.2222,-0.4818,LOCK,0,normal
571,170231,5866,5879,-0.23400,-0.27300,-1.04910,1.10901,999.22,1000,0.78,50.00,201,2.2118,-0.6393,LOCK,0,normal
572,170242,5877,5890,-0.14820,-0.15990,-0.70590,0.73880,999.23,1000,0.77,50.00,201,2.2266,-0.4153,LOCK,0,normal
573,170250,5885,5898,-0.14820,-0.15990,-0.70590,0.73880,999.23,1000,0.77,50.00,201,2.2250,-0.4388,LOCK,0,normal
574,170259,5894,5907,0.07020,-0.10140,-0.43290,0.45012,999.22,1000,0.78,50.00,201,2.2100,-0.6662,LOCK,0,normal
575,170267,5902,5915,-0.06630,-0.33540,-0.91260,0.97454,999.22,1000,0.78,50.00,201,2.2104,-0.6613,LOCK,0,normal
576,170275,5910,5923,-0.19890,0.37440,-0.83460,0.93611,999.21,1000,0.79,50.00,201,2.2114,-0.6460,LOCK,0,normal
577,170284,5919,5932,-0.10140,0.15210,-0.91650,0.93455,999.21,1000,0.79,50.00,201,2.2050,-0.7431,LOCK,0,normal
578,170292,5927,5940,-0.16380,-0.00780,-0.53040,0.55517,999.20,1000,0.80,50.00,201,2.2271,-0.4082,LOCK,0,normal
579,170301,5936,5949,-0.16380,-0.00780,-0.53040,0.55517,999.20,1000,0.80,50.00,201,2.2254,-0.4336,LOCK,0,normal
580,170309,5944,5957,-0.00390,-0.02340,-0.68250,0.68291,999.22,1000,0.78,50.00,201,2.2147,-0.5957,LOCK,0,normal
581,170318,5953,5966,-0.12480,-0.29250,-0.81900,0.87857,999.24,1000,0.76,50.00,201,2.2204,-0.5093,LOCK,0,normal
582,170326,5961,5974,-0.14040,0.02340,-1.07250,1.08190,999.26,1000,0.74,50.00,201,2.2141,-0.6039,LOCK,0,normal
583,170339,5974,5987,-0.29250,-0.30810,-0.67470,0.79731,999.27,1000,0.73,50.00,201,2.2265,-0.4168,LOCK,0,normal
584,170348,5983,5996,0.12480,0.45630,-0.67080,0.82083,999.28,1000,0.72,50.00,201,2.2242,-0.4519,LOCK,0,normal
585,170356,5991,6004,-0.27690,-0.05460,-0.88530,0.92920,999.30,1000,0.70,50.00,201,2.2200,-0.5157,LOCK,0,normal
586,170365,6000,6013,-0.00390,0.39390,-0.86190,0.94765,999.29,1000,0.71,50.00,201,2.2058,-0.7297,LOCK,0,normal
587,170373,6008,6021,-0.00390,0.39390,-0.86190,0.94765,999.29,1000,0.71,50.00,201,2.2117,-0.6408,LOCK,0,normal
588,170382,6017,6030,-0.23790,-0.33540,-1.01400,1.09421,999.28,1000,0.72,50.00,201,2.2095,-0.6747,LOCK,0,normal
589,170392,6027,6040,-0.34710,0.05850,-0.69030,0.77486,999.28,1000,0.72,50.00,201,2.2269,-0.4101,LOCK,0,normal
590,170401,6036,6049,-0.09750,-0.21450,-0.83850,0.87098,999.27,1000,0.73,50.00,201,2.2299,-0.3649,LOCK,0,normal
591,170409,6044,6057,-0.17160,0.26520,-0.81510,0.87417,999.27,1000,0.73,50.00,201,2.1971,-0.8615,LOCK,0,normal
592,170417,6052,6065,-0.12480,-0.20670,-0.99060,1.01960,999.27,1000,0.73,50.00,201,2.2112,-0.6479,LOCK,0,normal
593,170426,6061,6074,-0.33930,-0.07020,-0.50700,0.61409,999.26,1000,0.74,50.00,201,2.2093,-0.6772,LOCK,0,normal
594,170434,6069,6082,-0.33930,-0.07020,-0.50700,0.61409,999.25,1000,0.75,50.00,201,2.2159,-0.5773,LOCK,0,normal
595,170447,6082,6095,-0.17940,-0.05070,-0.87360,0.89327,999.24,1000,0.76,50.00,201,2.2271,-0.4070,LOCK,0,normal
596,170455,6090,6103,-0.17940,-0.05070,-0.87360,0.89327,999.23,1000,0.77,50.00,201,2.2235,-0.4626,LOCK,0,normal
597,170464,6099,6112,-0.18330,0.12870,-0.86580,0.89430,999.22,1000,0.78,50.00,201,2.2127,-0.6253,LOCK,0,normal
598,170472,6107,6120,-0.14430,-0.01560,-0.66690,0.68251,999.21,1000,0.79,50.00,201,2.2050,-0.7431,LOCK,0,normal
599,170480,6115,6128,-0.19500,-0.14430,-0.69030,0.73168,999.21,1000,0.79,50.00,201,2.1992,-0.8304,LOCK,0,normal
600,170489,6124,6137,0.18330,-0.09750,-0.51480,0.55509,999.22,1000,0.78,50.00,201,2.2202,-0.5114,LOCK,0,normal
601,170497,6132,6145,-0.14430,-0.09360,-0.83460,0.85214,999.24,1000,0.76,50.00,201,2.2251,-0.4385,LOCK,0,normal
602,170506,6141,6154,-0.14430,-0.09360,-0.83460,0.85214,999.25,1000,0.75,50.00,201,2.2266,-0.4156,LOCK,0,normal
603,170514,6149,6162,-0.21060,-0.01560,-1.08420,1.10457,999.26,1000,0.74,50.00,201,2.2081,-0.6958,LOCK,0,normal
604,170523,6158,6171,-0.21840,0.08580,-0.81120,0.84446,999.27,1000,0.73,50.00,201,2.2187,-0.5346,LOCK,0,normal
605,170531,6166,6179,0.01560,-0.31980,-0.65910,0.73275,999.28,1000,0.72,50.00,201,2.2150,-0.5914,LOCK,0,normal
606,170544,6179,6192,-0.00390,-0.07020,-0.76050,0.76374,999.29,1000,0.71,50.00,201,2.2129,-0.6228,LOCK,0,normal
607,170553,6188,6201,0.15210,-0.22620,-0.62010,0.67737,999.29,1000,0.71,50.00,201,2.2249,-0.4409,LOCK,0,normal
608,170561,6196,6209,-0.12480,-0.02340,-0.97110,0.97937,999.30,1000,0.70,50.00,201,2.2249,-0.4412,LOCK,0,normal
609,170570,6205,6218,-0.21060,0.17160,-0.76830,0.81491,999.30,1000,0.70,50.00,201,2.1978,-0.8518,LOCK,0,normal
610,170578,6213,6226,-0.21060,0.17160,-0.76830,0.81491,999.31,1000,0.69,50.00,201,2.2034,-0.7666,LOCK,0,normal
611,170586,6221,6234,-0.15600,0.04680,-0.59670,0.61853,999.31,1000,0.69,50.00,201,2.2115,-0.6433,LOCK,0,normal
612,170595,6230,6243,-0.52260,-0.71760,-0.75660,1.16641,999.31,1000,0.69,50.00,201,2.2266,-0.4153,LOCK,0,normal
613,170604,6239,6252,-0.03900,0.15210,-0.77610,0.79182,999.31,1000,0.69,50.00,201,2.2249,-0.4403,LOCK,0,normal
614,170612,6247,6260,0.00000,-0.32370,-0.72150,0.79079,999.32,1000,0.68,50.00,201,2.2248,-0.4424,LOCK,0,normal
615,170621,6256,6269,-0.19500,-0.09750,-1.09590,1.11738,999.32,1000,0.68,50.00,201,2.2171,-0.5593,LOCK,0,normal
616,170629,6264,6277,-0.19500,-0.09750,-1.09590,1.11738,999.32,1000,0.68,50.00,201,2.2110,-0.6521,LOCK,0,normal
617,170638,6273,6286,-0.40170,-0.19890,-0.55770,0.71551,999.32,1000,0.68,50.00,201,2.2041,-0.7556,LOCK,0,normal
618,170646,6281,6294,-0.23790,0.02340,-0.59670,0.64280,999.32,1000,0.68,50.00,201,2.2223,-0.4797,LOCK,0,normal
619,170654,6289,6302,-0.05460,-0.11310,-0.71370,0.72467,999.33,1000,0.67,50.00,201,2.2246,-0.4455,LOCK,0,normal
620,170663,6298,6311,0.05070,0.06630,-0.77610,0.78057,999.33,1000,0.67,50.00,201,2.2282,-0.3911,LOCK,0,normal
621,170671,6306,6319,0.05070,0.06630,-0.77610,0.78057,999.34,1000,0.66,50.00,201,2.2094,-0.6759,LOCK,0,normal
622,170680,6315,6328,0.08190,-0.07020,-0.95940,0.96544,999.35,1000,0.65,50.00,201,2.2103,-0.6625,LOCK,0,normal
623,170688,6323,6336,-0.03900,-0.20670,-0.79950,0.82671,999.36,1000,0.64,50.00,201,2.2135,-0.6131,LOCK,0,normal
624,170697,6332,6345,-0.24180,-0.31590,-0.59280,0.71391,999.36,1000,0.64,50.00,201,2.2181,-0.5438,LOCK,0,normal
625,170705,6340,6353,0.11310,0.36660,-0.79950,0.88678,999.37,1000,0.63,50.00,201,2.2250,-0.4391,LOCK,0,normal
626,170714,6349,6362,-0.15990,0.12090,-0.75660,0.78271,999.38,1000,0.62,50.00,201,2.2246,-0.4452,LOCK,0,normal
627,170722,6357,6370,-0.15990,0.12090,-0.75660,0.78271,999.38,1000,0.62,50.00,201,2.2145,-0.5978,LOCK,0,normal
628,170730,6365,6378,-0.25740,-0.08970,-0.95160,0.98987,999.39,1000,0.61,50.00,201,2.2191,-0.5291,LOCK,0,normal
629,170744,6379,6392,-0.22620,0.03510,-0.58110,0.62456,999.41,1000,0.59,50.00,201,2.2054,-0.7361,LOCK,0,normal
630,170752,6387,6400,-0.22620,0.03510,-0.58110,0.62456,999.42,1000,0.58,50.00,201,2.2213,-0.4961,LOCK,0,normal
631,170761,6396,6409,-0.15210,-0.11700,-0.76050,0.78434,999.43,1000,0.57,50.00,201,2.2241,-0.4525,LOCK,0,normal
632,170769,6404,6417,-0.00390,0.59670,-0.72930,0.94231,999.43,1000,0.57,50.00,201,2.1881,-0.9983,LOCK,0,normal
633,170778,6413,6426,0.00390,0.45240,-0.85800,0.96997,999.44,1000,0.56,50.00,201,2.2022,-0.7846,LOCK,0,normal
634,170786,6421,6434,-0.19110,0.18720,-0.81120,0.85417,999.47,1000,0.53,50.00,201,2.2180,-0.5450,LOCK,0,normal
635,170795,6430,6443,-0.17550,0.02340,-0.62400,0.64863,999.49,1000,0.51,50.00,201,2.2177,-0.5496,LOCK,0,normal
636,170803,6438,6451,-0.17550,0.02340,-0.62400,0.64863,999.52,1000,0.48,50.00,201,2.2268,-0.4116,LOCK,0,normal
637,170812,6447,6460,-0.07020,-0.38610,-0.88140,0.96481,999.54,1000,0.46,50.00,201,2.2256,-0.4302,LOCK,0,normal
638,170820,6455,6468,-0.10920,0.33930,-0.83460,0.90753,999.56,1000,0.44,50.00,201,2.2096,-0.6726,LOCK,0,normal
639,170829,6464,6477,-0.03900,0.03900,-1.02960,1.03108,999.57,1000,0.43,50.00,201,2.2047,-0.7467,LOCK,0,normal
640,170837,6472,6485,-0.10530,-0.04290,-0.84630,0.85390,999.59,1000,0.41,50.00,201,2.2137,-0.6112,LOCK,0,normal
641,170845,6480,6493,-0.10530,-0.04290,-0.84630,0.85390,999.61,1000,0.39,50.00,201,2.2124,-0.6301,LOCK,0,normal
642,170856,6491,6504,-0.12870,-0.53820,-0.69420,0.88777,999.63,1000,0.37,50.00,201,2.2268,-0.4122,LOCK,0,normal
643,170865,6500,6513,-0.12870,-0.53820,-0.69420,0.88777,999.65,1000,0.35,50.00,201,2.2262,-0.4211,LOCK,0,normal
644,170873,6508,6521,-0.14430,0.12870,-0.82680,0.84911,999.67,1000,0.33,50.00,201,2.2044,-0.7513,LOCK,0,normal
645,170882,6517,6530,-0.35100,0.06240,-0.88530,0.95439,999.68,1000,0.32,50.00,201,2.2058,-0.7306,LOCK,0,normal
646,170890,6525,6538,0.21450,-0.42900,-0.61620,0.78087,999.69,1000,0.31,50.00,201,2.2104,-0.6601,LOCK,0,normal
647,170899,6534,6547,-0.12480,-0.09360,-0.74100,0.75724,999.71,1000,0.29,50.00,201,2.2152,-0.5874,LOCK,0,normal
648,170907,6542,6555,-0.12480,-0.09360,-0.74100,0.75724,999.71,1000,0.29,50.00,201,2.2279,-0.3954,LOCK,0,normal
649,170916,6551,6564,0.22620,-0.13260,-0.52260,0.58469,999.70,1000,0.30,50.00,201,2.2205,-0.5071,LOCK,0,normal
650,170924,6559,6572,-0.25350,0.09360,-1.06860,1.10224,999.70,1000,0.30,50.00,201,2.2036,-0.7638,LOCK,0,normal
651,170932,6567,6580,-0.08970,0.35880,-1.01400,1.07934,999.70,1000,0.30,50.00,201,2.2130,-0.6219,LOCK,0,normal
652,170946,6581,6594,-0.29250,-0.07410,-0.77220,0.82906,999.70,1000,0.30,50.00,201,2.2153,-0.5865,LOCK,0,normal
653,170954,6589,6602,-0.17550,0.42900,-0.72540,0.86084,999.70,1000,0.30,50.00,201,2.2181,-0.5435,LOCK,0,normal
654,170963,6598,6611,-0.04680,0.17160,-0.81510,0.83428,999.70,1000,0.30,50.00,201,2.2272,-0.4067,LOCK,0,normal
655,170971,6606,6619,0.02340,0.01560,-0.75270,0.75323,999.71,1000,0.29,50.00,201,2.2129,-0.6234,LOCK,0,normal
656,170980,6615,6628,-0.07410,-0.14430,-0.97890,0.99225,999.72,1000,0.28,50.00,201,2.2061,-0.7251,LOCK,0,normal
657,170988,6623,6636,-0.07410,-0.14430,-0.97890,0.99225,999.73,1000,0.27,50.00,201,2.2116,-0.6421,LOCK,0,normal
658,170997,6632,6645,-0.17940,0.14820,-0.90090,0.93047,999.74,1000,0.26,50.00,201,2.2020,-0.7880,LOCK,0,normal
659,171007,6642,6655,-0.35880,-0.00390,-0.55380,0.65988,999.75,1000,0.25,50.00,201,2.2252,-0.4357,LOCK,0,normal
660,171016,6651,6664,-0.13260,-0.17550,-0.68250,0.71707,999.76,1000,0.24,50.00,201,2.2263,-0.4198,LOCK,0,normal
661,171024,6659,6672,0.07020,0.42510,-0.87360,0.97407,999.77,1000,0.23,50.00,201,2.2184,-0.5398,LOCK,0,normal
662,171033,6668,6681,-0.05850,-0.13650,-0.78000,0.79401,999.77,1000,0.23,50.00,201,2.2158,-0.5786,LOCK,0,normal
663,171041,6676,6689,-0.04290,-0.01950,-0.93210,0.93329,999.78,1000,0.22,50.00,201,2.2101,-0.6653,LOCK,0,normal
664,171049,6684,6697,-0.04290,-0.01950,-0.93210,0.93329,999.78,1000,0.22,50.00,201,2.2122,-0.6332,LOCK,0,normal
665,171061,6696,6709,-0.32760,-0.02730,-0.63570,0.71567,999.79,1000,0.21,50.00,201,2.2258,-0.4272,LOCK,0,normal
666,171069,6704,6717,-0.14430,0.18330,-0.60060,0.64431,999.79,1000,0.21,50.00,201,2.2251,-0.4372,LOCK,0,normal
667,171078,6713,6726,-0.21060,-0.14820,-0.76830,0.81031,999.79,1000,0.21,50.00,201,2.1977,-0.8533,LOCK,0,normal
668,171086,6721,6734,-0.15990,-0.21840,-0.81120,0.85517,999.79,1000,0.21,50.00,201,2.2066,-0.7184,LOCK,0,normal
669,171095,6730,6743,0.03120,0.16770,-0.78780,0.80606,999.78,1000,0.22,50.00,201,2.2206,-0.5056,LOCK,0,normal
670,171103,6738,6751,-0.23010,-0.07020,-0.90480,0.93624,999.77,1000,0.23,50.00,201,2.2135,-0.6134,LOCK,0,normal
671,171113,6748,6761,-0.31980,0.02340,-0.60450,0.68428,999.77,1000,0.23,50.00,201,2.2255,-0.4323,LOCK,0,normal
672,171121,6756,6769,-0.31980,0.02340,-0.60450,0.68428,999.76,1000,0.24,50.00,201,2.2255,-0.4311,LOCK,0,normal
673,171130,6765,6778,-0.14820,0.09360,-0.51090,0.54013,999.76,1000,0.24,50.00,201,2.2113,-0.6475,LOCK,0,normal
674,171138,6773,6786,-0.09360,-0.19500,-0.69810,0.73084,999.75,1000,0.25,50.00,201,2.2169,-0.5621,LOCK,0,normal
675,171151,6786,6799,-0.16380,0.17940,-0.66690,0.70977,999.79,1000,0.21,50.00,201,2.2197,-0.5193,LOCK,0,normal
676,171160,6795,6808,-0.00780,-0.07410,-0.95550,0.95840,999.82,1000,0.18,50.00,201,2.2206,-0.5062,LOCK,0,normal
677,171168,6803,6816,-0.24180,-0.06240,-1.03740,1.06703,999.85,1000,0.15,50.00,201,2.2268,-0.4125,LOCK,0,normal
678,171177,6812,6825,-0.25740,0.17160,-0.59670,0.67213,999.88,1000,0.12,50.00,201,2.2087,-0.6863,LOCK,0,normal
679,171185,6820,6833,0.02340,0.06240,-0.63960,0.64306,999.90,1000,0.10,50.00,201,2.2087,-0.6866,LOCK,0,normal
680,171194,6829,6842,0.02340,0.06240,-0.63960,0.64306,999.92,1000,0.08,50.00,201,2.2078,-0.6997,LOCK,0,normal
681,171202,6837,6850,-0.08970,0.02340,-0.83850,0.84361,999.94,1000,0.06,50.00,201,2.2105,-0.6598,LOCK,0,normal
682,171211,6846,6859,0.00780,0.33930,-0.61230,0.70007,999.95,1000,0.05,50.00,201,2.2254,-0.4336,LOCK,0,normal
683,171220,6855,6868,-0.12870,-0.15210,-1.03350,1.05253,999.95,1000,0.05,50.00,201,2.2267,-0.4140,LOCK,0,normal
684,171229,6864,6877,-0.31590,0.05850,-0.78780,0.85079,999.95,1000,0.05,50.00,201,2.2172,-0.5581,LOCK,0,normal
685,171237,6872,6885,-0.27690,-0.16380,-0.69420,0.76513,999.96,1000,0.04,50.00,201,2.2256,-0.4308,LOCK,0,normal
686,171245,6880,6893,-0.27690,-0.16380,-0.69420,0.76513,999.96,1000,0.04,50.00,201,2.2132,-0.6185,LOCK,0,normal
687,171254,6889,6902,-0.11700,0.10140,-0.71370,0.73030,999.97,1000,0.03,50.00,201,2.2059,-0.7287,LOCK,0,normal
688,171267,6902,6915,0.06240,0.31200,-0.86970,0.92608,999.98,1000,0.02,50.00,201,2.2245,-0.4467,LOCK,0,normal
689,171275,6910,6923,0.06240,0.31200,-0.86970,0.92608,1000.00,1000,0.00,50.00,201,2.2260,-0.4235,LOCK,0,normal
690,171284,6919,6932,-0.15210,-0.24180,-1.02960,1.06849,1000.01,1000,-0.01,50.00,201,2.2098,-0.6698,LOCK,0,normal
691,171292,6927,6940,-0.36660,-0.01170,-0.56550,0.67403,1000.03,1000,-0.03,50.00,201,2.2173,-0.5566,LOCK,0,normal
692,171300,6935,6948,-0.10140,0.06630,-0.82290,0.83177,1000.04,1000,-0.04,50.00,201,2.2071,-0.7113,LOCK,0,normal
693,171309,6944,6957,0.03900,0.05460,-0.72540,0.72850,1000.05,1000,-0.05,50.00,201,2.2165,-0.5682,LOCK,0,normal
694,171317,6952,6965,0.03900,0.05460,-0.72540,0.72850,1000.06,1000,-0.06,50.00,201,2.2255,-0.4323,LOCK,0,normal
695,171326,6961,6974,-0.03900,-0.06240,-1.02570,1.02834,1000.07,1000,-0.07,50.00,201,2.2305,-0.3557,LOCK,0,normal
696,171334,6969,6982,0.06630,0.01950,-0.84630,0.84912,1000.08,1000,-0.08,50.00,201,2.2040,-0.7568,LOCK,0,normal
697,171343,6978,6991,-0.17940,-0.03510,-0.49530,0.52796,1000.09,1000,-0.09,50.00,201,2.2213,-0.4955,LOCK,0,normal
698,171356,6991,7004,-0.27690,-0.20670,-0.53430,0.63630,1000.10,1000,-0.10,50.00,201,2.2009,-0.8041,LOCK,0,normal
699,171364,6999,7012,0.01560,0.45630,-0.73710,0.86705,1000.11,1000,-0.11,50.00,201,2.2163,-0.5712,LOCK,0,normal
700,171373,7008,7021,0.18720,-0.30810,-0.80340,0.88058,1000.11,1000,-0.11,50.00,201,2.2255,-0.4317,LOCK,0,normal
701,171381,7016,7029,-0.23400,-0.08580,-0.92820,0.96108,1000.12,1000,-0.12,50.00,201,2.2084,-0.6903,LOCK,0,normal
702,171390,7025,7038,0.01170,0.07800,-0.87750,0.88104,1000.13,1000,-0.13,50.00,201,2.2125,-0.6292,LOCK,0,normal
703,171398,7033,7046,0.01170,0.07800,-0.87750,0.88104,1000.14,1000,-0.14,50.00,201,2.2196,-0.5218,LOCK,0,normal
704,171407,7042,7055,-0.09750,0.08580,-0.69030,0.70241,1000.14,1000,-0.14,50.00,201,2.2318,-0.3359,LOCK,0,normal
705,171418,7053,7066,-0.24180,-0.24180,-0.46020,0.57334,1000.15,1000,-0.15,50.00,201,2.2260,-0.4238,LOCK,0,normal
706,171427,7062,7075,-0.00780,0.23400,-0.63180,0.67379,1000.16,1000,-0.16,50.00,201,2.2257,-0.4281,LOCK,0,normal
707,171435,7070,7083,-0.32370,0.24570,-0.90870,0.99543,1000.16,1000,-0.16,50.00,201,2.2029,-0.7745,LOCK,0,normal
708,171444,7079,7092,-0.12480,-0.00780,-0.92430,0.93272,1000.16,1000,-0.16,50.00,201,2.2176,-0.5517,LOCK,0,normal
709,171453,7088,7101,0.05850,-0.15990,-0.72150,0.74132,1000.14,1000,-0.14,50.00,201,2.2113,-0.6472,LOCK,0,normal
710,171463,7098,7111,-0.34320,-0.34710,-1.00620,1.11835,1000.12,1000,-0.12,50.00,201,2.2170,-0.5599,LOCK,0,normal
711,171473,7108,7121,-0.20280,0.21450,-0.56940,0.64137,1000.11,1000,-0.11,50.00,201,2.2272,-0.4067,LOCK,0,normal
712,171483,7118,7131,-0.10920,-0.03510,-0.65520,0.66516,1000.11,1000,-0.11,50.00,201,2.2258,-0.4278,LOCK,0,normal
713,171493,7128,7141,0.16380,-0.01560,-0.82680,0.84301,1000.11,1000,-0.11,50.00,201,2.2032,-0.7690,LOCK,0,normal
714,171503,7138,7151,-0.35880,0.13260,-0.72150,0.81663,1000.11,1000,-0.11,50.00,201,2.2229,-0.4708,LOCK,0,normal
715,171513,7148,7161,-0.35880,0.13260,-0.72150,0.81663,1000.06,1000,-0.06,50.00,201,2.2135,-0.6143,LOCK,0,normal
716,171523,7158,7171,-0.03120,-0.24570,-0.89700,0.93056,1000.05,1000,-0.05,50.00,201,2.2242,-0.4510,LOCK,0,normal
717,171533,7168,7181,-0.26910,0.00390,-0.97890,1.01522,1000.04,1000,-0.04,50.00,201,2.2271,-0.4079,LOCK,0,normal
718,171543,7178,7191,-0.28470,0.08190,-0.62010,0.68723,1000.04,1000,-0.04,50.00,201,2.2154,-0.5856,LOCK,0,normal
719,171556,7191,7204,-0.04290,-0.03510,-0.73320,0.73529,1000.04,1000,-0.04,50.00,201,2.2064,-0.7205,LOCK,0,normal
720,171565,7200,7213,0.05850,0.04290,-0.58110,0.58561,1000.04,1000,-0.04,50.00,201,2.2227,-0.4736,LOCK,0,normal
721,171574,7209,7222,0.05850,0.04290,-0.58110,0.58561,1000.03,1000,-0.03,50.00,201,2.2266,-0.4149,LOCK,0,normal
722,171583,7218,7231,-0.13650,-0.33930,-0.88530,0.95787,1000.01,1000,-0.01,50.00,201,2.2253,-0.4345,LOCK,0,normal
723,171593,7228,7241,-0.10530,0.12870,-0.93210,0.94682,999.98,1000,0.02,50.00,201,2.2171,-0.5590,LOCK,0,normal
724,171603,7238,7251,-0.15990,-0.14430,-1.01790,1.04044,999.98,1000,0.02,50.00,201,2.2095,-0.6744,LOCK,0,normal
725,171613,7248,7261,-0.03900,0.30030,-0.83070,0.88417,999.98,1000,0.02,50.00,201,2.2076,-0.7028,LOCK,0,normal
726,171623,7258,7271,-0.58110,-0.33540,-0.63180,0.92160,999.98,1000,0.02,50.00,201,2.2263,-0.4198,LOCK,0,normal
727,171633,7268,7281,-0.25740,-0.13650,-0.36660,0.46828,999.96,1000,0.04,50.00,201,2.2237,-0.4598,LOCK,0,normal
728,171643,7278,7291,-0.07410,-0.19890,-0.76440,0.79332,999.96,1000,0.04,50.00,201,2.2073,-0.7083,LOCK,0,normal
729,171653,7288,7301,-0.11700,-0.30030,-0.86580,0.92384,999.96,1000,0.04,50.00,201,2.2228,-0.4729,LOCK,0,normal
730,171663,7298,7311,-0.19110,0.05460,-0.92820,0.94924,999.96,1000,0.04,50.00,201,2.2106,-0.6582,LOCK,0,normal
731,171673,7308,7321,0.00000,0.14040,-0.92040,0.93105,999.96,1000,0.04,50.00,201,2.2207,-0.5047,LOCK,0,normal
732,171683,7318,7331,-0.36660,-0.03510,-0.98670,1.05319,999.96,1000,0.04,50.00,201,2.2259,-0.4250,LOCK,0,normal
733,171693,7328,7341,-0.04290,-0.04680,-0.56940,0.57293,999.93,1000,0.07,50.00,201,2.2111,-0.6506,LOCK,0,normal
734,171703,7338,7351,-0.20670,-0.17940,-0.47970,0.55229,999.92,1000,0.08,50.00,201,2.2063,-0.7229,LOCK,0,normal
735,171713,7348,7361,-0.29640,-0.28860,-0.77220,0.87603,999.92,1000,0.08,50.00,201,2.2082,-0.6933,LOCK,0,normal
736,171723,7358,7371,-0.05460,0.33930,-0.72930,0.80622,999.92,1000,0.08,50.00,201,2.2275,-0.4009,LOCK,0,normal
737,171733,7368,7381,0.16380,-0.42510,-0.79170,0.91342,999.92,1000,0.08,50.00,201,2.2255,-0.4323,LOCK,0,normal
738,171743,7378,7391,-0.48750,-0.17940,-0.85800,1.00300,999.92,1000,0.08,50.00,201,2.2024,-0.7825,LOCK,0,normal
739,171756,7391,7404,0.08580,-0.12870,-0.67470,0.69220,999.90,1000,0.10,50.00,201,2.2223,-0.4803,LOCK,0,normal
740,171764,7399,7412,-0.22620,-0.01170,-1.06860,1.09234,999.89,1000,0.11,50.00,201,2.2081,-0.6961,LOCK,0,normal
741,171773,7408,7421,-0.24960,-0.12480,-0.78390,0.83209,999.87,1000,0.13,50.00,201,2.2182,-0.5425,LOCK,0,normal
742,171783,7418,7431,-0.28080,0.00780,-0.65520,0.71288,999.86,1000,0.14,50.00,201,2.2268,-0.4128,LOCK,0,normal
743,171793,7428,7441,-0.51090,-0.00390,-0.74100,0.90006,999.78,1000,0.22,50.00,201,2.2117,-0.6408,LOCK,0,normal
744,171803,7438,7451,-0.29640,0.08580,-0.68640,0.75257,999.75,1000,0.25,50.00,201,2.2047,-0.7474,LOCK,0,normal
745,171813,7448,7461,0.05070,-0.44460,-0.56940,0.72419,999.86,1000,0.14,50.00,201,2.2221,-0.4836,LOCK,0,normal
746,171823,7458,7471,-0.08190,-0.15600,-0.89700,0.91414,999.89,1000,0.11,50.00,201,2.2185,-0.5383,LOCK,0,normal
747,171833,7468,7481,-0.13260,0.07410,-0.67860,0.69539,999.90,1000,0.10,50.00,201,2.2257,-0.4284,LOCK,0,normal
748,171843,7478,7491,-0.06240,0.00390,-0.83850,0.84083,999.90,1000,0.10,50.00,201,2.2265,-0.4171,LOCK,0,normal
749,171853,7488,7501,-0.02340,0.09360,-0.90480,0.90993,999.90,1000,0.10,50.00,201,2.2151,-0.5889,LOCK,0,normal
750,171863,7498,7511,-0.06630,0.15600,-0.93990,0.95506,999.90,1000,0.10,50.00,201,2.2086,-0.6878,LOCK,0,normal
751,171873,7508,7521,-0.06630,-0.31200,-0.95550,1.00733,999.71,1000,0.29,50.00,201,2.2165,-0.5685,LOCK,0,normal
752,171883,7518,7531,-0.11310,-0.15990,-0.93600,0.95627,999.67,1000,0.33,50.00,201,2.2265,-0.4165,LOCK,0,normal
753,171893,7528,7541,-0.29250,-0.49530,-0.70200,0.90757,999.66,1000,0.34,50.00,201,2.2256,-0.4299,LOCK,0,normal
754,171903,7538,7551,-0.02730,0.62400,-0.57720,0.85046,999.65,1000,0.35,50.00,201,2.2051,-0.7416,LOCK,0,normal
755,171913,7548,7561,-0.02730,0.62400,-0.57720,0.85046,999.65,1000,0.35,50.00,201,2.2203,-0.5105,LOCK,0,normal
756,171923,7558,7571,-0.30030,-0.03510,-0.51480,0.59702,999.65,1000,0.35,50.00,201,2.2215,-0.4922,LOCK,0,normal
757,171933,7568,7581,-0.17550,-0.10920,-0.65520,0.68703,999.59,1000,0.41,50.00,201,2.2248,-0.4427,LOCK,0,normal
758,171943,7578,7591,-0.05070,-0.33540,-0.79560,0.86489,999.57,1000,0.43,50.00,201,2.2235,-0.4623,LOCK,0,normal
759,171956,7591,7604,-0.21450,-0.08580,-0.81120,0.84346,999.57,1000,0.43,50.00,201,2.2200,-0.5154,LOCK,0,normal
760,171965,7600,7613,-0.09360,0.27690,-0.85800,0.90642,999.57,1000,0.43,50.00,201,2.2112,-0.6485,LOCK,0,normal
761,171973,7608,7621,-0.09360,0.27690,-0.85800,0.90642,999.57,1000,0.43,50.00,201,2.2205,-0.5068,LOCK,0,normal
762,171983,7618,7631,-0.23790,0.31590,-1.04130,1.11386,999.56,1000,0.44,50.00,201,2.2259,-0.4253,LOCK,0,normal
763,171993,7628,7641,0.00780,-0.02730,-0.89700,0.89745,999.53,1000,0.47,50.00,201,2.2238,-0.4574,LOCK,0,normal
764,172003,7638,7651,-0.02730,0.14040,-0.66300,0.67825,999.52,1000,0.48,50.00,201,2.2099,-0.6677,LOCK,0,normal
765,172013,7648,7661,-0.19500,-0.25350,-0.81120,0.87197,999.51,1000,0.49,50.00,201,2.2152,-0.5880,LOCK,0,normal
766,172023,7658,7671,-0.08970,0.07410,-0.70590,0.71542,999.51,1000,0.49,50.00,201,2.2130,-0.6216,LOCK,0,normal
767,172033,7668,7681,-0.12480,-0.03900,-0.86580,0.87562,999.51,1000,0.49,50.00,201,2.2277,-0.3985,LOCK,0,normal
768,172043,7678,7691,-0.19110,-0.12870,-1.06470,1.08934,999.51,1000,0.49,50.00,201,2.2254,-0.4330,LOCK,0,normal
769,172053,7688,7701,-0.05460,0.15210,-0.60450,0.62573,999.51,1000,0.49,50.00,201,2.2104,-0.6604,LOCK,0,normal
770,172063,7698,7711,-0.16380,-0.12870,-0.52260,0.56259,999.51,1000,0.49,50.00,201,2.2206,-0.5065,LOCK,0,normal
771,172073,7708,7721,-0.24960,-0.01560,-0.69420,0.73787,999.51,1000,0.49,50.00,201,2.2184,-0.5392,LOCK,0,normal
772,172083,7718,7731,-0.05850,0.05850,-0.74490,0.74948,999.51,1000,0.49,50.00,201,2.2172,-0.5581,LOCK,0,normal
773,172093,7728,7741,-0.12090,-0.11310,-0.54600,0.57055,999.51,1000,0.49,50.00,201,2.2271,-0.4076,LOCK,0,normal
774,172103,7738,7751,-0.10920,-0.09360,-1.01400,1.02415,999.51,1000,0.49,50.00,201,2.2101,-0.6656,LOCK,0,normal
775,172113,7748,7761,0.03900,0.17160,-0.60840,0.63334,999.28,1000,0.72,50.00,201,2.2038,-0.7605,LOCK,0,normal
776,172123,7758,7771,-0.33150,-0.08580,-0.62790,0.71520,999.22,1000,0.78,50.00,201,2.2088,-0.6848,LOCK,0,normal
777,172133,7768,7781,-0.12090,0.15990,-0.67860,0.70759,999.21,1000,0.79,50.00,201,2.2288,-0.3814,LOCK,0,normal
778,172143,7778,7791,-0.11700,-0.14430,-0.77220,0.79423,999.21,1000,0.79,50.00,201,2.2249,-0.4406,LOCK,0,normal
779,172156,7791,7804,-0.29250,0.24180,-0.95550,1.02811,999.21,1000,0.79,50.00,201,2.1825,-1.0841,LOCK,0,normal
780,172164,7799,7812,-0.11310,-0.06240,-0.92820,0.93714,999.23,1000,0.77,50.00,201,2.2279,-0.3957,LOCK,0,normal
781,172173,7808,7821,-0.10140,-0.33930,-0.60840,0.70396,999.25,1000,0.75,50.00,201,2.2128,-0.6250,LOCK,0,normal
782,172183,7818,7831,-0.08580,-0.14430,-0.59280,0.61611,999.38,1000,0.62,50.00,201,2.2225,-0.4769,LOCK,0,normal
783,172193,7828,7841,-0.05460,0.05070,-0.67080,0.67493,999.42,1000,0.58,50.00,201,2.2259,-0.4256,LOCK,0,normal
784,172203,7838,7851,-0.10920,0.16770,-0.83460,0.85826,999.43,1000,0.57,50.00,201,2.2117,-0.6411,LOCK,0,normal
785,172213,7848,7861,-0.06630,0.31200,-0.87360,0.93001,999.43,1000,0.57,50.00,201,2.2149,-0.5920,LOCK,0,normal
786,172223,7858,7871,-0.23400,-0.24180,-1.00620,1.06097,999.44,1000,0.56,50.00,201,2.2056,-0.7339,LOCK,0,normal
787,172233,7868,7881,-0.25350,-0.20280,-0.53040,0.62186,999.45,1000,0.55,50.00,201,2.2190,-0.5309,LOCK,0,normal
788,172243,7878,7891,-0.14430,-0.10920,-0.61620,0.64222,999.45,1000,0.55,50.00,201,2.2220,-0.4845,LOCK,0,normal
789,172253,7888,7901,-0.15210,-0.28080,-0.83850,0.89725,999.45,1000,0.55,50.00,201,2.2092,-0.6790,LOCK,0,normal
790,172263,7898,7911,-0.08970,0.30420,-0.86190,0.91840,999.45,1000,0.55,50.00,201,2.2133,-0.6167,LOCK,0,normal
791,172273,7908,7921,-0.35880,0.15990,-1.04520,1.11658,999.45,1000,0.55,50.00,201,2.2042,-0.7547,LOCK,0,normal
792,172283,7918,7931,-0.14040,-0.26520,-0.81900,0.87224,999.45,1000,0.55,50.00,201,2.2303,-0.3597,LOCK,0,normal
793,172293,7928,7941,0.02730,0.01950,-0.50310,0.50422,999.45,1000,0.55,50.00,201,2.2250,-0.4397,LOCK,0,normal
794,172303,7938,7951,-0.15990,-0.20280,-0.78390,0.82535,999.45,1000,0.55,50.00,201,2.2111,-0.6500,LOCK,0,normal
795,172313,7948,7961,-0.15990,-0.20280,-0.78390,0.82535,999.45,1000,0.55,50.00,201,2.2131,-0.6201,LOCK,0,normal
796,172323,7958,7971,-0.18330,0.12090,-0.90090,0.92727,999.45,1000,0.55,50.00,201,2.2085,-0.6888,LOCK,0,normal
797,172333,7968,7981,-0.06240,0.40560,-0.95940,1.04348,999.45,1000,0.55,50.00,201,2.2207,-0.5041,LOCK,0,normal
798,172343,7978,7991,-0.26520,0.42120,-0.89700,1.02584,999.45,1000,0.55,50.00,201,2.2280,-0.3936,LOCK,0,normal
799,172356,7991,8004,0.10530,-0.08580,-0.69030,0.70354,999.44,1000,0.56,50.00,201,2.2277,-0.3985,LOCK,0,normal
800,172365,8000,8013,-0.17160,-0.01950,-0.96720,0.98250,999.43,1000,0.57,50.00,201,2.1992,-0.8304,LOCK,0,normal
801,172373,8008,8021,-0.17160,-0.01950,-0.96720,0.98250,999.42,1000,0.58,50.00,201,2.2060,-0.7275,LOCK,0,normal
802,172383,8018,8031,-0.11700,0.44070,-0.92040,1.02715,999.36,1000,0.64,50.00,201,2.2141,-0.6048,LOCK,0,normal
803,172393,8028,8041,-0.10530,0.08580,-0.72930,0.74184,999.34,1000,0.66,50.00,201,2.2296,-0.3695,LOCK,0,normal
804,172403,8038,8051,-0.23010,-0.19890,-0.65130,0.71882,999.33,1000,0.67,50.00,201,2.2266,-0.4146,LOCK,0,normal
805,172413,8048,8061,0.05850,-0.00390,-0.56550,0.56853,999.35,1000,0.65,50.00,201,2.2048,-0.7461,LOCK,0,normal
806,172423,8058,8071,-0.05460,-0.04680,-0.91650,0.91932,999.35,1000,0.65,50.00,201,2.2101,-0.6653,LOCK,0,normal
807,172433,8068,8081,-0.21450,0.12870,-1.01400,1.04440,999.35,1000,0.65,50.00,201,2.2104,-0.6610,LOCK,0,normal
808,172443,8078,8091,-0.31590,-0.02730,-0.61620,0.69299,999.35,1000,0.65,50.00,201,2.2278,-0.3975,LOCK,0,normal
809,172453,8088,8101,-0.01560,0.32760,-0.60840,0.69117,999.35,1000,0.65,50.00,201,2.2278,-0.3963,LOCK,0,normal
810,172463,8098,8111,0.04680,0.22230,-0.87360,0.90265,999.35,1000,0.65,50.00,201,2.2065,-0.7199,LOCK,0,normal
811,172473,8108,8121,-0.00780,0.24570,-0.71370,0.75485,999.23,1000,0.77,50.00,201,2.2190,-0.5297,LOCK,0,normal
812,172483,8118,8131,-0.20670,-0.35490,-1.16220,1.23263,999.20,1000,0.80,50.00,201,2.2018,-0.7913,LOCK,0,normal
813,172493,8128,8141,-0.25350,0.02730,-0.79170,0.83174,999.19,1000,0.81,50.00,201,2.2183,-0.5407,LOCK,0,normal
814,172503,8138,8151,-0.22620,-0.01950,-0.67860,0.71557,999.19,1000,0.81,50.00,201,2.2256,-0.4302,LOCK,0,normal
815,172513,8148,8161,-0.08190,0.09360,-0.69810,0.70909,999.19,1000,0.81,50.00,201,2.2136,-0.6115,LOCK,0,normal
816,172523,8158,8171,-0.01170,-0.36270,-0.78780,0.86736,999.19,1000,0.81,50.00,201,2.2080,-0.6970,LOCK,0,normal
817,172533,8168,8181,-0.03510,-0.03900,-0.78780,0.78955,999.28,1000,0.72,50.00,201,2.2132,-0.6185,LOCK,0,normal
818,172543,8178,8191,-0.04290,0.12480,-0.99450,1.00322,999.30,1000,0.70,50.00,201,2.2261,-0.4226,LOCK,0,normal
819,172556,8191,8204,-0.34710,0.01560,-0.65910,0.74507,999.30,1000,0.70,50.00,201,2.2245,-0.4470,LOCK,0,normal
820,172565,8200,8213,-0.19110,0.20280,-0.54990,0.61647,999.30,1000,0.70,50.00,201,2.2045,-0.7504,LOCK,0,normal
821,172573,8208,8221,-0.09360,-0.18330,-0.75660,0.78409,999.30,1000,0.70,50.00,201,2.2298,-0.3667,LOCK,0,normal
822,172583,8218,8231,-0.12480,0.08970,-0.86970,0.88318,999.31,1000,0.69,50.00,201,2.2085,-0.6897,LOCK,0,normal
823,172593,8228,8241,-0.11700,-0.14820,-0.82290,0.84428,999.24,1000,0.76,50.00,201,2.2139,-0.6076,LOCK,0,normal
824,172603,8238,8251,-0.08190,0.11700,-0.78000,0.79297,999.22,1000,0.78,50.00,201,2.2207,-0.5050,LOCK,0,normal
825,172613,8248,8261,-0.31200,-0.17160,-0.56940,0.67157,999.21,1000,0.79,50.00,201,2.2117,-0.6402,LOCK,0,normal
826,172623,8258,8271,0.03120,0.23010,-0.70590,0.74311,999.21,1000,0.79,50.00,201,2.2035,-0.7651,LOCK,0,normal
827,172633,8268,8281,-0.16380,-0.27300,-0.77220,0.83526,999.21,1000,0.79,50.00,201,2.2033,-0.7687,LOCK,0,normal
828,172643,8278,8291,-0.16380,-0.13650,-0.90870,0.93338,999.21,1000,0.79,50.00,201,2.2179,-0.5465,LOCK,0,normal
829,172653,8288,8301,0.05070,-0.11700,-0.69030,0.70198,999.16,1000,0.84,50.00,201,2.2230,-0.4693,LOCK,0,normal
830,172663,8298,8311,-0.30810,-0.15210,-0.70200,0.78158,999.14,1000,0.86,50.00,201,2.2114,-0.6460,LOCK,0,normal
831,172673,8308,8321,-0.08190,-0.11700,-0.63570,0.65155,999.13,1000,0.87,50.00,201,2.2133,-0.6173,LOCK,0,normal
832,172683,8318,8331,-0.00390,0.17940,-0.79560,0.81559,999.13,1000,0.87,50.00,201,2.2138,-0.6094,LOCK,0,normal
833,172693,8328,8341,-0.21450,0.24960,-1.06080,1.11068,999.13,1000,0.87,50.00,201,2.2192,-0.5270,LOCK,0,normal
834,172703,8338,8351,-0.21450,0.24960,-1.06080,1.11068,999.13,1000,0.87,50.00,201,2.2256,-0.4308,LOCK,0,normal
835,172713,8348,8361,-0.18720,0.03510,-0.99450,1.01257,999.02,1000,0.98,50.00,201,2.2279,-0.3951,LOCK,0,normal
836,172723,8358,8371,-0.07020,-0.33930,-0.55380,0.65326,998.98,1000,1.02,50.00,201,2.2112,-0.6479,LOCK,0,normal
837,172733,8368,8381,-0.33540,-0.31980,-0.62400,0.77727,998.97,1000,1.03,50.00,201,2.2139,-0.6073,LOCK,0,normal
838,172743,8378,8391,-0.16380,0.01560,-0.62010,0.64156,998.97,1000,1.03,50.00,201,2.2226,-0.4760,LOCK,0,normal
839,172756,8391,8404,0.01560,0.28860,-1.06080,1.09947,998.97,1000,1.03,50.00,201,2.2241,-0.4531,LOCK,0,normal
840,172764,8399,8412,-0.13650,0.14430,-0.78000,0.80489,998.96,1000,1.04,50.00,201,2.2049,-0.7443,LOCK,0,normal
841,172773,8408,8421,-0.13650,0.14430,-0.78000,0.80489,998.95,1000,1.05,50.00,201,2.1960,-0.8792,LOCK,0,normal
842,172783,8418,8431,-0.26520,-0.22230,-0.62400,0.71353,998.91,1000,1.09,50.00,201,2.2158,-0.5783,LOCK,0,normal
843,172793,8428,8441,-0.04680,0.00780,-0.72540,0.72695,998.90,1000,1.10,50.00,201,2.2195,-0.5230,LOCK,0,normal
844,172803,8438,8451,-0.16770,-0.17160,-0.88140,0.91347,998.90,1000,1.10,50.00,201,2.2272,-0.4055,LOCK,0,normal
845,172813,8448,8461,-0.12480,0.34710,-0.86970,0.94469,998.90,1000,1.10,50.00,201,2.2264,-0.4183,LOCK,0,normal
846,172823,8458,8471,-0.29640,-0.11310,-0.99840,1.04759,998.90,1000,1.10,50.00,201,2.2145,-0.5978,LOCK,0,normal
847,172833,8468,8481,-0.16380,-0.03900,-0.94380,0.95870,998.91,1000,1.09,50.00,201,2.2069,-0.7138,LOCK,0,normal
848,172843,8478,8491,-0.19110,-0.18720,-0.99840,1.03362,998.92,1000,1.08,50.00,201,2.2107,-0.6564,LOCK,0,normal
849,172853,8488,8501,-0.40560,0.14820,-0.78390,0.89497,998.92,1000,1.08,50.00,201,2.2270,-0.4088,LOCK,0,normal
850,172863,8498,8511,-0.26520,-0.04680,-0.72930,0.77743,998.92,1000,1.08,50.00,201,2.2241,-0.4525,LOCK,0,normal
851,172873,8508,8521,0.03120,0.24960,-0.70590,0.74938,998.92,1000,1.08,50.00,201,2.2149,-0.5929,LOCK,0,normal
852,172883,8518,8531,-0.28470,-0.24960,-0.82680,0.90937,998.92,1000,1.08,50.00,201,2.2131,-0.6195,LOCK,0,normal
853,172893,8528,8541,0.11700,0.25740,-0.70200,0.75680,998.69,1000,1.31,50.00,201,2.1986,-0.8392,LOCK,0,normal
854,172903,8538,8551,-0.10530,-0.14820,-0.91650,0.93436,998.63,1000,1.37,50.00,201,2.2280,-0.3942,LOCK,0,normal
855,172913,8548,8561,-0.29250,-0.34710,-0.88140,0.99141,998.61,1000,1.39,50.00,201,2.2253,-0.4351,LOCK,0,normal
856,172923,8558,8571,-0.24960,0.16770,-0.47970,0.56616,998.60,1000,1.40,50.00,201,2.2144,-0.5996,LOCK,0,normal
857,172933,8568,8581,-0.14430,-0.13260,-0.72150,0.74764,998.60,1000,1.40,50.00,201,2.2111,-0.6497,LOCK,0,normal
858,172943,8578,8591,0.11310,-0.21840,-0.93210,0.96400,998.60,1000,1.40,50.00,201,2.2162,-0.5728,LOCK,0,normal
859,172956,8591,8604,0.27300,0.03900,-0.57330,0.63618,998.58,1000,1.42,50.00,201,2.2270,-0.4095,LOCK,0,normal
860,172965,8600,8613,-0.10920,0.07800,-0.92430,0.93399,998.56,1000,1.44,50.00,201,2.2244,-0.4491,LOCK,0,normal
861,172973,8608,8621,-0.21450,0.15210,-1.00230,1.03622,998.54,1000,1.46,50.00,201,2.1987,-0.8374,LOCK,0,normal
862,172983,8618,8631,-0.29250,-0.07800,-0.97110,1.01719,998.42,1000,1.58,50.00,201,2.2174,-0.5551,LOCK,0,normal
863,172993,8628,8641,0.01950,0.21060,-0.90090,0.92539,998.37,1000,1.63,50.00,201,2.2170,-0.5606,LOCK,0,normal
864,173003,8638,8651,-0.31980,0.20670,-0.69810,0.79520,998.36,1000,1.64,50.00,201,2.2138,-0.6094,LOCK,0,normal
865,173013,8648,8661,-0.02730,-0.50700,-0.34320,0.61285,998.40,1000,1.60,50.00,201,2.2315,-0.3405,LOCK,0,normal
866,173023,8658,8671,-0.12090,-0.29250,-0.85410,0.91086,998.41,1000,1.59,50.00,201,2.2220,-0.4855,LOCK,0,normal
867,173033,8668,8681,-0.04290,0.03510,-0.68250,0.68475,998.42,1000,1.58,50.00,201,2.2169,-0.5627,LOCK,0,normal
868,173043,8678,8691,-0.07410,-0.03120,-0.87360,0.87729,998.42,1000,1.58,50.00,201,2.2082,-0.6939,LOCK,0,normal
869,173053,8688,8701,0.05460,0.00390,-0.93210,0.93371,998.42,1000,1.58,50.00,201,2.2264,-0.4180,LOCK,0,normal
870,173063,8698,8711,-0.37050,-0.10530,-0.97110,1.04470,998.42,1000,1.58,50.00,201,2.2253,-0.4345,LOCK,0,normal
871,173073,8708,8721,-0.10920,-0.19110,-0.45630,0.50661,998.47,1000,1.53,50.00,201,2.2109,-0.6524,LOCK,0,normal
872,173083,8718,8731,-0.12480,0.01170,-0.71370,0.72462,998.49,1000,1.51,50.00,201,2.2167,-0.5648,LOCK,0,normal
873,173093,8728,8741,-0.21450,-0.38220,-0.74880,0.86763,998.49,1000,1.51,50.00,201,2.2157,-0.5804,LOCK,0,normal
874,173103,8738,8751,-0.21450,-0.38220,-0.74880,0.86763,998.49,1000,1.51,50.00,201,2.2227,-0.4742,LOCK,0,normal
875,173113,8748,8761,-0.04290,0.44070,-0.86190,0.96898,998.49,1000,1.51,50.00,201,2.2277,-0.3979,LOCK,0,normal
876,173123,8758,8771,-0.21060,0.18720,-0.97110,1.01115,998.49,1000,1.51,50.00,201,2.2276,-0.4000,LOCK,0,normal
877,173133,8768,8781,-0.05460,0.29250,-1.01790,1.06050,998.42,1000,1.58,50.00,201,2.2049,-0.7446,LOCK,0,normal
878,173143,8778,8791,0.00000,-0.26910,-0.81900,0.86208,998.40,1000,1.60,50.00,201,2.2006,-0.8090,LOCK,0,normal
879,173156,8791,8804,-0.18720,-0.12480,-0.65130,0.68906,998.40,1000,1.60,50.00,201,2.2333,-0.3136,LOCK,0,normal
880,173164,8799,8812,-0.00780,0.18720,-0.63570,0.66274,998.40,1000,1.60,50.00,201,2.2273,-0.4049,LOCK,0,normal
881,173173,8808,8821,-0.00780,0.18720,-0.63570,0.66274,998.40,1000,1.60,50.00,201,2.2009,-0.8038,LOCK,0,normal
882,173183,8818,8831,-0.35880,-0.01950,-0.85410,0.92661,998.39,1000,1.61,50.00,201,2.2245,-0.4464,LOCK,0,normal
883,173193,8828,8841,-0.00390,0.17550,-0.84630,0.86431,998.54,1000,1.46,50.00,201,2.1989,-0.8347,LOCK,0,normal
884,173203,8838,8851,-0.13650,0.13260,-0.88530,0.90552,998.58,1000,1.42,50.00,201,2.2236,-0.4610,LOCK,0,normal
885,173213,8848,8861,-0.19500,-0.00390,-0.94770,0.96756,998.58,1000,1.42,50.00,201,2.2273,-0.4043,LOCK,0,normal
886,173223,8858,8871,-0.25740,0.10140,-0.59280,0.65418,998.59,1000,1.41,50.00,201,2.2263,-0.4192,LOCK,0,normal
887,173233,8868,8881,-0.05070,0.05460,-0.67860,0.68268,998.59,1000,1.41,50.00,201,2.2152,-0.5886,LOCK,0,normal
888,173243,8878,8891,-0.36660,-0.07410,-0.81900,0.90036,998.60,1000,1.40,50.00,201,2.2106,-0.6570,LOCK,0,normal
889,173253,8888,8901,0.00390,0.26520,-0.68250,0.73222,998.36,1000,1.64,50.00,201,2.2062,-0.7236,LOCK,0,normal
890,173263,8898,8911,-0.03120,-0.10140,-1.03350,1.03893,998.31,1000,1.69,50.00,201,2.2261,-0.4226,LOCK,0,normal
891,173273,8908,8921,-0.35100,-0.14040,-0.91260,0.98780,998.29,1000,1.71,50.00,201,2.2266,-0.4159,LOCK,0,normal
892,173283,8918,8931,-0.19110,0.28860,-0.63570,0.72383,998.29,1000,1.71,50.00,201,2.2086,-0.6881,LOCK,0,normal
893,173293,8928,8941,-0.07020,0.00780,-0.85800,0.86090,998.28,1000,1.72,50.00,201,2.2222,-0.4818,LOCK,0,normal
894,173303,8938,8951,-0.31590,-0.35880,-0.78390,0.91817,998.28,1000,1.72,50.00,201,2.1975,-0.8563,LOCK,0,normal
895,173313,8948,8961,0.03120,0.11310,-0.82680,0.83508,998.41,1000,1.59,50.00,201,2.2252,-0.4366,LOCK,0,normal
896,173323,8958,8971,-0.23400,0.07020,-0.88140,0.91463,998.44,1000,1.56,50.00,201,2.2285,-0.3863,LOCK,0,normal
897,173333,8968,8981,-0.11310,-0.01950,-0.60840,0.61913,998.45,1000,1.55,50.00,201,2.2153,-0.5859,LOCK,0,normal
898,173343,8978,8991,-0.12870,-0.06630,-0.83070,0.84322,998.45,1000,1.55,50.00,201,2.2152,-0.5874,LOCK,0,normal
899,173356,8991,9004,0.11700,0.60450,-0.85410,1.05290,998.45,1000,1.55,50.00,201,2.2111,-0.6497,LOCK,0,normal
900,173364,8999,9012,-0.04290,0.01950,-1.05300,1.05405,998.45,1000,1.55,50.00,201,2.2266,-0.4146,LOCK,0,normal
901,173373,9008,9021,0.17550,-0.02730,-0.73710,0.75820,998.45,1000,1.55,50.00,201,2.2265,-0.4171,LOCK,0,normal
902,173383,9018,9031,-0.25740,-0.21060,-0.64350,0.72436,998.45,1000,1.55,50.00,201,2.2057,-0.7324,LOCK,0,normal
903,173393,9028,9041,-0.20670,0.14430,-0.56160,0.61558,998.44,1000,1.56,50.00,201,2.2224,-0.4790,LOCK,0,normal
904,173403,9038,9051,-0.11700,-0.12090,-0.80730,0.82464,998.44,1000,1.56,50.00,201,2.2122,-0.6338,LOCK,0,normal
905,173413,9048,9061,-0.15600,-0.05460,-0.76050,0.77825,998.44,1000,1.56,50.00,201,2.2165,-0.5685,LOCK,0,normal
906,173423,9058,9071,-0.29250,-0.14040,-0.97890,1.03127,998.44,1000,1.56,50.00,201,2.2247,-0.4439,LOCK,0,normal
907,173433,9068,9081,0.11700,-0.00390,-0.88140,0.88914,998.53,1000,1.47,50.00,201,2.2148,-0.5938,LOCK,0,normal
908,173443,9078,9091,-0.09750,-0.08970,-0.83460,0.84505,998.55,1000,1.45,50.00,201,2.2065,-0.7196,LOCK,0,normal
909,173453,9088,9101,-0.31980,-0.08970,-0.56940,0.65919,998.56,1000,1.44,50.00,201,2.2057,-0.7324,LOCK,0,normal
910,173463,9098,9111,-0.13260,0.37440,-0.65130,0.76286,998.56,1000,1.44,50.00,201,2.2123,-0.6317,LOCK,0,normal
911,173473,9108,9121,-0.08580,0.10530,-0.90870,0.91880,998.56,1000,1.44,50.00,201,2.2267,-0.4131,LOCK,0,normal
912,173483,9118,9131,-0.02340,-0.31980,-0.81510,0.87590,998.56,1000,1.44,50.00,201,2.2135,-0.6143,LOCK,0,normal
913,173493,9128,9141,-0.07020,-0.08970,-0.68640,0.69579,998.51,1000,1.49,50.00,201,2.2185,-0.5380,LOCK,0,normal
914,173503,9138,9151,-0.07020,-0.08970,-0.68640,0.69579,998.49,1000,1.51,50.00,201,2.2150,-0.5902,LOCK,0,normal
915,173513,9148,9161,-0.15210,0.03120,-0.91650,0.92956,998.49,1000,1.51,50.00,201,2.2200,-0.5154,LOCK,0,normal
916,173523,9158,9171,-0.25350,0.08970,-0.77610,0.82136,998.49,1000,1.51,50.00,201,2.2258,-0.4272,LOCK,0,normal
917,173533,9168,9181,-0.19890,0.33540,-0.48360,0.62123,998.49,1000,1.51,50.00,201,2.2095,-0.6747,LOCK,0,normal
918,173543,9178,9191,-0.00780,-0.22230,-0.72540,0.75874,998.49,1000,1.51,50.00,201,2.2194,-0.5242,LOCK,0,normal
919,173556,9191,9204,0.06240,-0.25740,-0.72150,0.76858,998.50,1000,1.50,50.00,201,2.2078,-0.7000,LOCK,0,normal
920,173564,9199,9212,0.06240,-0.25740,-0.72150,0.76858,998.51,1000,1.49,50.00,201,2.2248,-0.4418,LOCK,0,normal
921,173573,9208,9221,-0.15210,-0.23400,-1.03350,1.07052,998.51,1000,1.49,50.00,201,2.2167,-0.5657,LOCK,0,normal
922,173583,9218,9231,-0.20280,0.08190,-0.70200,0.73528,998.56,1000,1.44,50.00,201,2.2256,-0.4308,LOCK,0,normal
923,173593,9228,9241,-0.14040,-0.10920,-0.68640,0.70907,998.58,1000,1.42,50.00,201,2.2099,-0.6686,LOCK,0,normal
924,173603,9238,9251,-0.14040,-0.08970,-0.56160,0.58579,998.59,1000,1.41,50.00,201,2.1999,-0.8194,LOCK,0,normal
925,173613,9248,9261,-0.25740,0.21450,-0.48750,0.59154,998.66,1000,1.34,50.00,201,2.2247,-0.4442,LOCK,0,normal
926,173623,9258,9271,0.07800,-0.37440,-0.72930,0.82349,998.68,1000,1.32,50.00,201,2.2265,-0.4171,LOCK,0,normal
927,173633,9268,9281,-0.15600,0.10920,-0.87750,0.89792,998.69,1000,1.31,50.00,201,2.2253,-0.4345,LOCK,0,normal
928,173643,9278,9291,-0.20670,-0.17940,-0.81510,0.85982,998.69,1000,1.31,50.00,201,2.2041,-0.7562,LOCK,0,normal
929,173653,9288,9301,0.03900,0.69420,-0.87750,1.11957,998.69,1000,1.31,50.00,201,2.2078,-0.6997,LOCK,0,normal
930,173663,9298,9311,-0.23790,0.01170,-1.00230,1.03021,998.69,1000,1.31,50.00,201,2.2065,-0.7196,LOCK,0,normal
931,173673,9308,9321,-0.04290,0.05850,-0.88530,0.88827,998.80,1000,1.20,50.00,201,2.2245,-0.4467,LOCK,0,normal
932,173683,9318,9331,-0.14430,-0.26130,-0.98670,1.03086,998.85,1000,1.15,50.00,201,2.2252,-0.4360,LOCK,0,normal
933,173693,9328,9341,-0.27690,0.00000,-0.73710,0.78739,998.86,1000,1.14,50.00,201,2.2087,-0.6857,LOCK,0,normal
934,173703,9338,9351,-0.20670,-0.27300,-0.73710,0.81275,998.87,1000,1.13,50.00,201,2.2102,-0.6634,LOCK,0,normal
935,173713,9348,9361,0.03900,0.26130,-0.72150,0.76835,998.87,1000,1.13,50.00,201,2.2219,-0.4861,LOCK,0,normal
936,173723,9358,9371,-0.24180,-0.36660,-0.77610,0.89174,998.87,1000,1.13,50.00,201,2.2255,-0.4320,LOCK,0,normal
937,173733,9368,9381,0.01950,0.17940,-0.60060,0.62712,998.79,1000,1.21,50.00,201,2.2250,-0.4397,LOCK,0,normal
938,173743,9378,9391,-0.19500,0.09750,-0.88920,0.91554,998.76,1000,1.24,50.00,201,2.2113,-0.6475,LOCK,0,normal
939,173756,9391,9404,-0.13260,-0.01950,-1.03740,1.04602,998.76,1000,1.24,50.00,201,2.2071,-0.7101,LOCK,0,normal
940,173764,9399,9412,-0.24180,0.12870,-0.93990,0.97900,998.76,1000,1.24,50.00,201,2.2144,-0.6002,LOCK,0,normal
941,173773,9408,9421,-0.09750,-0.07410,-0.63180,0.64356,998.76,1000,1.24,50.00,201,2.2266,-0.4146,LOCK,0,normal
942,173783,9418,9431,-0.13650,-0.14040,-0.77610,0.80042,998.76,1000,1.24,50.00,201,2.2212,-0.4974,LOCK,0,normal
943,173793,9428,9441,0.17550,-0.03510,-0.64350,0.66793,998.77,1000,1.23,50.00,201,2.2109,-0.6530,LOCK,0,normal
944,173803,9438,9451,-0.02730,0.07020,-0.80730,0.81081,998.78,1000,1.22,50.00,201,2.2231,-0.4678,LOCK,0,normal
945,173813,9448,9461,-0.26910,-0.10530,-0.98280,1.02440,998.78,1000,1.22,50.00,201,2.2052,-0.7397,LOCK,0,normal
946,173823,9458,9471,-0.15600,0.09360,-0.95940,0.97650,998.78,1000,1.22,50.00,201,2.2199,-0.5166,LOCK,0,normal
947,173833,9468,9481,-0.35880,0.58890,-0.87360,1.11298,998.78,1000,1.22,50.00,201,2.2263,-0.4198,LOCK,0,normal
948,173843,9478,9491,-0.08970,0.11700,-0.66690,0.68300,998.78,1000,1.22,50.00,201,2.2039,-0.7590,LOCK,0,normal
949,173853,9488,9501,0.26910,-0.20670,-0.59280,0.68305,998.79,1000,1.21,50.00,201,2.2049,-0.7443,LOCK,0,normal
950,173863,9498,9511,-0.07020,0.01560,-0.89700,0.89988,998.79,1000,1.21,50.00,201,2.1975,-0.8563,LOCK,0,normal
951,173873,9508,9521,-0.17940,0.26910,-0.93210,0.98662,998.79,1000,1.21,50.00,201,2.2263,-0.4201,LOCK,0,normal
952,173883,9518,9531,-0.15210,0.18330,-1.02960,1.05679,998.79,1000,1.21,50.00,201,2.2276,-0.3994,LOCK,0,normal
953,173893,9528,9541,-0.15210,0.18330,-1.02960,1.05679,998.79,1000,1.21,50.00,201,2.2168,-0.5639,LOCK,0,normal
954,173903,9538,9551,-0.58110,-0.42510,-0.77610,1.05864,998.79,1000,1.21,50.00,201,2.2110,-0.6521,LOCK,0,normal
955,173913,9548,9561,-0.28470,0.33930,-0.61230,0.75570,998.75,1000,1.25,50.00,201,2.2163,-0.5709,LOCK,0,normal
956,173923,9558,9571,0.15600,-0.48360,-0.55770,0.75448,998.74,1000,1.26,50.00,201,2.2202,-0.5120,LOCK,0,normal
957,173933,9568,9581,-0.08970,-0.09750,-0.88140,0.89130,998.73,1000,1.27,50.00,201,2.2268,-0.4125,LOCK,0,normal
958,173943,9578,9591,-0.34710,0.06630,-0.85800,0.92792,998.73,1000,1.27,50.00,201,2.1973,-0.8591,LOCK,0,normal
959,173956,9591,9604,-0.35490,0.01170,-0.60450,0.70108,998.73,1000,1.27,50.00,201,2.2021,-0.7864,LOCK,0,normal
960,173964,9599,9612,-0.35490,0.01170,-0.60450,0.70108,998.73,1000,1.27,50.00,201,2.1933,-0.9201,LOCK,0,normal
961,173973,9608,9621,-0.03120,0.11310,-0.65520,0.66562,998.73,1000,1.27,50.00,201,2.2245,-0.4464,LOCK,0,normal
962,173983,9618,9631,-0.00780,-0.13260,-0.86970,0.87979,998.73,1000,1.27,50.00,201,2.2247,-0.4442,LOCK,0,normal
963,173993,9628,9641,0.10530,0.12090,-0.93210,0.94579,998.73,1000,1.27,50.00,201,2.2250,-0.4400,LOCK,0,normal
964,174003,9638,9651,-0.22620,-0.29640,-1.01400,1.08038,998.73,1000,1.27,50.00,201,2.2129,-0.6234,LOCK,0,normal
965,174013,9648,9661,-0.04290,0.33150,-0.76440,0.83429,998.73,1000,1.27,50.00,201,2.2044,-0.7513,LOCK,0,normal
966,174023,9658,9671,-0.12870,-0.11700,-0.36660,0.40577,998.73,1000,1.27,50.00,201,2.2217,-0.4900,LOCK,0,normal
967,174033,9668,9681,-0.11310,-0.10140,-0.74100,0.75641,998.72,1000,1.28,50.00,201,2.2260,-0.4241,LOCK,0,normal
968,174043,9678,9691,-0.04680,-0.12480,-0.75660,0.76825,998.71,1000,1.29,50.00,201,2.2265,-0.4165,LOCK,0,normal
969,174053,9688,9701,-0.29640,-0.12480,-0.92820,0.98234,998.71,1000,1.29,50.00,201,2.2088,-0.6842,LOCK,0,normal
970,174063,9698,9711,-0.20670,0.07800,-0.95550,0.98071,998.71,1000,1.29,50.00,201,2.2193,-0.5251,LOCK,0,normal
971,174073,9708,9721,-0.14430,0.18330,-0.89310,0.92306,998.71,1000,1.29,50.00,201,2.2138,-0.6094,LOCK,0,normal
972,174083,9718,9731,-0.60060,0.18720,-0.88920,1.08924,998.71,1000,1.29,50.00,201,2.2254,-0.4339,LOCK,0,normal
973,174093,9728,9741,-0.12870,-0.03510,-0.51870,0.53558,998.74,1000,1.26,50.00,201,2.2268,-0.4116,LOCK,0,normal
974,174103,9738,9751,-0.23400,0.00000,-0.60450,0.64821,998.75,1000,1.25,50.00,201,2.2089,-0.6839,LOCK,0,normal
975,174113,9748,9761,-0.27300,-0.28080,-0.79950,0.89027,998.76,1000,1.24,50.00,201,2.2131,-0.6198,LOCK,0,normal
976,174123,9758,9771,-0.15600,0.03900,-0.72540,0.74301,998.76,1000,1.24,50.00,201,2.2169,-0.5627,LOCK,0,normal
977,174133,9768,9781,0.02340,0.08190,-0.79560,0.80015,998.76,1000,1.24,50.00,201,2.2262,-0.4214,LOCK,0,normal
978,174143,9778,9791,-0.16770,-0.23400,-0.85020,0.89762,998.76,1000,1.24,50.00,201,2.2253,-0.4342,LOCK,0,normal
979,174156,9791,9804,-0.14430,0.17940,-0.74880,0.78340,998.75,1000,1.25,50.00,201,2.2140,-0.6054,LOCK,0,normal
980,174164,9799,9812,-0.27690,-0.28860,-0.92820,1.01070,998.75,1000,1.25,50.00,201,2.2016,-0.7944,LOCK,0,normal
981,174173,9808,9821,-0.40560,-0.12480,-0.70200,0.82030,998.74,1000,1.26,50.00,201,2.2083,-0.6921,LOCK,0,normal
982,174183,9818,9831,-0.22230,0.11700,-0.61230,0.66183,998.72,1000,1.28,50.00,201,2.2286,-0.3850,LOCK,0,normal
983,174193,9828,9841,0.04290,-0.53820,-0.52650,0.75412,998.70,1000,1.30,50.00,201,2.2272,-0.4055,LOCK,0,normal
984,174203,9838,9851,-0.06240,-0.06240,-0.89700,0.90133,998.70,1000,1.30,50.00,201,2.2013,-0.7977,LOCK,0,normal
985,174213,9848,9861,0.07800,-0.14040,-0.57330,0.59537,998.71,1000,1.29,50.00,201,2.2226,-0.4754,LOCK,0,normal
986,174223,9858,9871,-0.25740,-0.09750,-1.10370,1.13750,998.72,1000,1.28,50.00,201,2.2061,-0.7254,LOCK,0,normal
987,174233,9868,9881,-0.18720,0.12480,-0.93600,0.96266,998.72,1000,1.28,50.00,201,2.2196,-0.5212,LOCK,0,normal
988,174243,9878,9891,-0.29250,0.01950,-0.76830,0.82233,998.72,1000,1.28,50.00,201,2.2175,-0.5526,LOCK,0,normal
989,174253,9888,9901,-0.03900,0.15600,-0.58110,0.60294,998.72,1000,1.28,50.00,201,2.2040,-0.7574,LOCK,0,normal
990,174263,9898,9911,-0.31590,-0.22230,-0.68640,0.78763,998.72,1000,1.28,50.00,201,2.2192,-0.5267,LOCK,0,normal
991,174273,9908,9921,0.07020,-0.25350,-0.63960,0.69158,998.73,1000,1.27,50.00,201,2.2167,-0.5654,LOCK,0,normal
992,174283,9918,9931,-0.01950,-0.14430,-0.75270,0.76666,998.73,1000,1.27,50.00,201,2.2259,-0.4259,LOCK,0,normal
993,174293,9928,9941,-0.01950,-0.14430,-0.75270,0.76666,998.73,1000,1.27,50.00,201,2.2262,-0.4220,LOCK,0,normal
994,174303,9938,9951,-0.29250,0.15990,-0.95940,1.01566,998.73,1000,1.27,50.00,201,2.2160,-0.5752,LOCK,0,normal
995,174313,9948,9961,-0.27690,0.06630,-0.95160,0.99328,998.73,1000,1.27,50.00,201,2.2197,-0.5193,LOCK,0,normal
996,174323,9958,9971,-0.33540,-0.05460,-0.88140,0.94464,998.73,1000,1.27,50.00,201,2.2131,-0.6201,LOCK,0,normal
997,174333,9968,9981,-0.13650,0.00780,-0.67080,0.68459,998.70,1000,1.30,50.00,201,2.2266,-0.4153,LOCK,0,normal
