sample_index,time_ms_raw,time_ms_zero,elapsed_ms,ax_g,ay_g,az_g,total_g,rpm,target_rpm,rpm_error,pwm_eq,duty_10bit,acs_v,current_a,control_mode,state,fault_type
0,311530,0,18,-0.33540,0.19500,-0.57330,0.69224,994.66,1000,5.34,50.00,201,2.2221,-0.4839,LOCK,0,normal
1,311538,8,26,-0.24960,-0.12480,-0.71760,0.76995,994.66,1000,5.34,50.00,201,2.2236,-0.4604,LOCK,0,normal
2,311546,16,34,-0.19890,-0.29250,-0.61620,0.71051,994.66,1000,5.34,50.00,201,2.2272,-0.4061,LOCK,0,normal
3,311555,25,43,-0.19890,-0.29250,-0.61620,0.71051,994.64,1000,5.36,50.00,201,2.2288,-0.3820,LOCK,0,normal
4,311563,33,51,0.14430,0.03510,-1.00230,1.01324,994.62,1000,5.38,50.00,201,2.2306,-0.3551,LOCK,0,normal
5,311573,43,61,-0.00390,-0.02730,-0.86190,0.86234,994.55,1000,5.45,50.00,201,2.2139,-0.6079,LOCK,0,normal
6,311583,53,71,-0.05070,-0.24180,-0.81510,0.85172,994.50,1000,5.50,50.00,201,2.2143,-0.6008,LOCK,0,normal
7,311593,63,81,-0.37830,0.03510,-0.50310,0.63044,994.48,1000,5.52,50.00,201,2.2157,-0.5807,LOCK,0,normal
8,311603,73,91,-0.14040,0.33930,-0.88140,0.95483,994.48,1000,5.52,50.00,201,2.2142,-0.6027,LOCK,0,normal
9,311657,127,145,-0.23010,0.07020,-0.89700,0.92870,994.48,1000,5.52,50.00,201,2.2295,-0.3707,LOCK,0,normal
10,311666,136,154,-0.20670,-0.03900,-0.88920,0.91374,994.48,1000,5.52,50.00,201,2.2297,-0.3682,LOCK,0,normal
11,311674,144,162,-0.10920,0.03120,-0.71370,0.72268,994.49,1000,5.51,50.00,201,2.2040,-0.7574,LOCK,0,normal
12,311683,153,171,0.11700,-0.12870,-0.73710,0.75734,994.50,1000,5.50,50.00,201,2.2046,-0.7492,LOCK,0,normal
13,311691,161,179,-0.14820,0.00780,-0.62400,0.64140,994.51,1000,5.49,50.00,201,2.2052,-0.7397,LOCK,0,normal
14,311704,174,192,-0.26910,-0.02340,-0.84630,0.88836,994.52,1000,5.48,50.00,201,2.2283,-0.3896,LOCK,0,normal
15,311713,183,201,-0.13260,-0.24960,-0.76830,0.81864,994.53,1000,5.47,50.00,201,2.2282,-0.3908,LOCK,0,normal
16,311721,191,209,-0.16770,0.00000,-0.83850,0.85511,994.53,1000,5.47,50.00,201,2.2124,-0.6308,LOCK,0,normal
17,311735,205,223,-0.06240,-0.23400,-0.62010,0.66571,994.53,1000,5.47,50.00,201,2.2237,-0.4592,LOCK,0,normal
18,311743,213,231,0.00780,-0.33150,-0.65520,0.73433,994.52,1000,5.48,50.00,201,2.2129,-0.6228,LOCK,0,normal
19,311751,221,239,-0.01560,0.02730,-0.99450,0.99500,994.51,1000,5.49,50.00,201,2.2305,-0.3557,LOCK,0,normal
20,311809,279,297,0.13260,-0.03900,-0.93990,0.95001,994.52,1000,5.48,50.00,201,2.2257,-0.4290,LOCK,0,normal
21,311817,287,305,-0.09750,-0.33150,-0.84630,0.91412,994.53,1000,5.47,50.00,201,2.2272,-0.4067,LOCK,0,normal
22,311825,295,313,-0.30420,0.25740,-0.65520,0.76686,994.54,1000,5.46,50.00,201,2.2122,-0.6332,LOCK,0,normal
23,311834,304,322,-0.13260,-0.06240,-0.86580,0.87812,994.54,1000,5.46,50.00,201,2.2250,-0.4400,LOCK,0,normal
24,311842,312,330,-0.13260,-0.06240,-0.86580,0.87812,994.55,1000,5.45,50.00,201,2.2135,-0.6137,LOCK,0,normal
25,311851,321,339,-0.11700,-0.09360,-0.65130,0.66831,994.55,1000,5.45,50.00,201,2.2250,-0.4391,LOCK,0,normal
26,311865,335,353,0.02730,0.03510,-0.85410,0.85526,994.56,1000,5.44,50.00,201,2.2244,-0.4488,LOCK,0,normal
27,311874,344,362,0.02730,0.03510,-0.85410,0.85526,994.56,1000,5.44,50.00,201,2.2292,-0.3753,LOCK,0,normal
28,311882,352,370,-0.02730,-0.10140,-0.80730,0.81410,994.56,1000,5.44,50.00,201,2.2157,-0.5804,LOCK,0,normal
29,311890,360,378,-0.31980,-0.05070,-0.70200,0.77308,994.57,1000,5.43,50.00,201,2.2131,-0.6201,LOCK,0,normal
30,311899,369,387,-0.15990,0.08970,-0.62790,0.65412,994.57,1000,5.43,50.00,201,2.2151,-0.5895,LOCK,0,normal
31,311907,377,395,-0.15990,-0.35100,-0.71370,0.81126,994.57,1000,5.43,50.00,201,2.2207,-0.5041,LOCK,0,normal
32,311969,439,457,-0.23010,0.10530,-0.86190,0.89828,994.59,1000,5.41,50.00,201,2.2374,-0.2516,LOCK,0,normal
33,311978,448,466,0.11700,-0.26910,-0.81900,0.86998,994.58,1000,5.42,50.00,201,2.2161,-0.5746,LOCK,0,normal
34,311986,456,474,0.11700,-0.26910,-0.81900,0.86998,994.58,1000,5.42,50.00,201,2.2087,-0.6869,LOCK,0,normal
35,311995,465,483,0.07410,-0.17550,-0.82680,0.84846,994.58,1000,5.42,50.00,201,2.2078,-0.6997,LOCK,0,normal
36,312003,473,491,-0.16380,-0.02730,-0.67860,0.69862,994.58,1000,5.42,50.00,201,2.2176,-0.5514,LOCK,0,normal
37,312014,484,502,-0.40950,0.23790,-0.47190,0.66856,994.58,1000,5.42,50.00,201,2.2226,-0.4760,LOCK,0,normal
38,312022,492,510,-0.26910,0.05460,-0.86580,0.90830,994.58,1000,5.42,50.00,201,2.2263,-0.4192,LOCK,0,normal
39,312031,501,519,-0.12480,0.10530,-0.85800,0.87340,994.59,1000,5.41,50.00,201,2.2000,-0.8179,LOCK,0,normal
40,312039,509,527,0.11700,-0.17160,-0.88920,0.91313,994.60,1000,5.40,50.00,201,2.2167,-0.5651,LOCK,0,normal
41,312047,517,535,0.11700,-0.17160,-0.88920,0.91313,994.61,1000,5.39,50.00,201,2.2109,-0.6536,LOCK,0,normal
42,312056,526,544,0.22230,0.04290,-0.83850,0.86853,994.62,1000,5.38,50.00,201,2.2129,-0.6231,LOCK,0,normal
43,312068,538,556,-0.19500,-0.43290,-0.66300,0.81547,994.63,1000,5.37,50.00,201,2.2134,-0.6158,LOCK,0,normal
44,312076,546,564,-0.38610,0.45630,-0.49140,0.77379,994.64,1000,5.36,50.00,201,2.2197,-0.5193,LOCK,0,normal
45,312085,555,573,-0.25350,0.09750,-0.89700,0.93722,994.65,1000,5.35,50.00,201,2.2159,-0.5779,LOCK,0,normal
46,312093,563,581,-0.09360,0.12090,-0.92430,0.93686,994.64,1000,5.36,50.00,201,2.2010,-0.8032,LOCK,0,normal
47,312117,587,605,-0.03510,0.00390,-0.77220,0.77301,994.63,1000,5.37,50.00,201,2.2307,-0.3527,LOCK,0,normal
48,312126,596,614,-0.39000,-0.07410,-0.77610,0.87174,994.62,1000,5.38,50.00,201,2.2325,-0.3261,LOCK,0,normal
49,312134,604,622,-0.24960,0.17940,-0.86970,0.92242,994.61,1000,5.39,50.00,201,2.2077,-0.7016,LOCK,0,normal
50,312142,612,630,-0.33930,0.10920,-0.76440,0.84342,994.60,1000,5.40,50.00,201,2.2241,-0.4531,LOCK,0,normal
51,312151,621,639,-0.14430,-0.14820,-0.81120,0.83716,994.60,1000,5.40,50.00,201,2.2036,-0.7635,LOCK,0,normal
52,312159,629,647,-0.14430,-0.14820,-0.81120,0.83716,994.60,1000,5.40,50.00,201,2.2200,-0.5148,LOCK,0,normal
53,312174,644,662,-0.06630,-0.37440,-0.68640,0.78468,994.60,1000,5.40,50.00,201,2.2306,-0.3545,LOCK,0,normal
54,312183,653,671,-0.33540,0.07410,-0.69810,0.77803,994.60,1000,5.40,50.00,201,2.2049,-0.7434,LOCK,0,normal
55,312191,661,679,-0.33540,0.07410,-0.69810,0.77803,994.60,1000,5.40,50.00,201,2.2125,-0.6292,LOCK,0,normal
56,312200,670,688,-0.31590,-0.06240,-1.00230,1.05275,994.60,1000,5.40,50.00,201,2.2133,-0.6173,LOCK,0,normal
57,312208,678,696,-0.31200,-0.01950,-0.77610,0.83669,994.60,1000,5.40,50.00,201,2.2045,-0.7507,LOCK,0,normal
58,312272,742,760,-0.27300,0.17940,-0.84630,0.90716,994.58,1000,5.42,50.00,201,2.2329,-0.3191,LOCK,0,normal
59,312281,751,769,-0.08190,-0.19500,-0.69810,0.72944,994.56,1000,5.44,50.00,201,2.2300,-0.3634,LOCK,0,normal
60,312289,759,777,0.14040,-0.21840,-0.68640,0.73386,994.54,1000,5.46,50.00,201,2.2132,-0.6182,LOCK,0,normal
61,312298,768,786,-0.04680,-0.03510,-0.71370,0.71609,994.53,1000,5.47,50.00,201,2.2307,-0.3524,LOCK,0,normal
62,312306,776,794,-0.35100,0.20670,-0.94770,1.03153,994.51,1000,5.49,50.00,201,2.2056,-0.7336,LOCK,0,normal
63,312314,784,802,-0.35100,0.20670,-0.94770,1.03153,994.50,1000,5.50,50.00,201,2.2229,-0.4708,LOCK,0,normal
64,312323,793,811,-0.23790,0.29250,-0.89310,0.96942,994.49,1000,5.51,50.00,201,2.2297,-0.3676,LOCK,0,normal
65,312331,801,819,0.06240,-0.22230,-0.74100,0.77614,994.48,1000,5.52,50.00,201,2.2294,-0.3731,LOCK,0,normal
66,312340,810,828,0.24960,-0.15210,-0.67470,0.73529,994.48,1000,5.52,50.00,201,2.2114,-0.6460,LOCK,0,normal
67,312348,818,836,0.07800,0.14040,-0.64350,0.66324,994.49,1000,5.51,50.00,201,2.2341,-0.3020,LOCK,0,normal
68,312357,827,845,-0.17940,-0.40560,-1.04130,1.13181,994.49,1000,5.51,50.00,201,2.2064,-0.7214,LOCK,0,normal
69,312365,835,853,-0.17940,-0.40560,-1.04130,1.13181,994.49,1000,5.51,50.00,201,2.2244,-0.4488,LOCK,0,normal
70,312379,849,867,-0.26910,0.15990,-0.74490,0.80800,994.50,1000,5.50,50.00,201,2.2276,-0.4006,LOCK,0,normal
71,312388,858,876,-0.16380,-0.31980,-0.74100,0.82352,994.50,1000,5.50,50.00,201,2.2054,-0.7364,LOCK,0,normal
72,312396,866,884,-0.16380,-0.31980,-0.74100,0.82352,994.49,1000,5.51,50.00,201,2.2068,-0.7150,LOCK,0,normal
73,312405,875,893,0.11310,-0.20670,-0.57330,0.61983,994.48,1000,5.52,50.00,201,2.2150,-0.5908,LOCK,0,normal
74,312424,894,912,-0.09750,-0.27690,-1.03350,1.07438,994.48,1000,5.52,50.00,201,2.2305,-0.3563,LOCK,0,normal
75,312433,903,921,-0.42120,0.13260,-0.77220,0.88954,994.47,1000,5.53,50.00,201,2.2304,-0.3579,LOCK,0,normal
76,312441,911,929,-0.42900,0.41340,-0.72150,0.93568,994.46,1000,5.54,50.00,201,2.2152,-0.5883,LOCK,0,normal
77,312450,920,938,-0.16380,-0.26520,-0.69030,0.75741,994.46,1000,5.54,50.00,201,2.2224,-0.4784,LOCK,0,normal
78,312458,928,946,-0.16380,-0.26520,-0.69030,0.75741,994.44,1000,5.56,50.00,201,2.2221,-0.4839,LOCK,0,normal
79,312477,947,965,-0.02730,-0.24180,-0.88920,0.92189,994.43,1000,5.57,50.00,201,2.2294,-0.3725,LOCK,0,normal
80,312485,955,973,-0.07410,-0.03120,-0.85410,0.85788,994.42,1000,5.58,50.00,201,2.2297,-0.3676,LOCK,0,normal
81,312494,964,982,-0.21840,0.07020,-0.65910,0.69788,994.41,1000,5.59,50.00,201,2.2079,-0.6982,LOCK,0,normal
82,312502,972,990,-0.25740,-0.00780,-0.73710,0.78079,994.40,1000,5.60,50.00,201,2.2180,-0.5459,LOCK,0,normal
83,312511,981,999,-0.21450,0.19890,-0.70200,0.76051,994.39,1000,5.61,50.00,201,2.2159,-0.5776,LOCK,0,normal
84,312579,1049,1067,-0.19890,-0.01170,-0.58890,0.62169,994.39,1000,5.61,50.00,201,2.2327,-0.3228,LOCK,0,normal
85,312587,1057,1075,-0.08190,-0.11310,-0.91260,0.92322,994.40,1000,5.60,50.00,201,2.2275,-0.4018,LOCK,0,normal
86,312596,1066,1084,-0.01170,0.05460,-0.93600,0.93766,994.40,1000,5.60,50.00,201,2.2125,-0.6292,LOCK,0,normal
87,312604,1074,1092,-0.11700,-0.35490,-0.91650,0.98976,994.41,1000,5.59,50.00,201,2.2204,-0.5093,LOCK,0,normal
88,312613,1083,1101,-0.22230,0.41340,-0.66690,0.81552,994.41,1000,5.59,50.00,201,2.2190,-0.5309,LOCK,0,normal
89,312621,1091,1109,-0.22230,0.41340,-0.66690,0.81552,994.41,1000,5.59,50.00,201,2.2331,-0.3167,LOCK,0,normal
90,312632,1102,1120,-0.23400,-0.22230,-0.58500,0.66813,994.41,1000,5.59,50.00,201,2.2316,-0.3399,LOCK,0,normal
91,312640,1110,1128,-0.13650,-0.11310,-0.56160,0.58891,994.40,1000,5.60,50.00,201,2.2286,-0.3841,LOCK,0,normal
92,312649,1119,1137,0.10140,-0.15600,-0.72930,0.75266,994.38,1000,5.62,50.00,201,2.2280,-0.3939,LOCK,0,normal
93,312657,1127,1145,-0.15210,-0.29250,-0.99060,1.04402,994.36,1000,5.64,50.00,201,2.2311,-0.3469,LOCK,0,normal
94,312666,1136,1154,-0.16770,0.20670,-0.94380,0.98062,994.35,1000,5.65,50.00,201,2.2159,-0.5776,LOCK,0,normal
95,312674,1144,1162,-0.16770,0.20670,-0.94380,0.98062,994.34,1000,5.66,50.00,201,2.2229,-0.4708,LOCK,0,normal
96,312683,1153,1171,-0.22620,-0.05850,-0.77610,0.81051,994.33,1000,5.67,50.00,201,2.2167,-0.5654,LOCK,0,normal
97,312691,1161,1179,-0.15210,-0.14820,-0.66300,0.69618,994.32,1000,5.68,50.00,201,2.2326,-0.3243,LOCK,0,normal
98,312700,1170,1188,-0.19890,-0.12870,-0.43680,0.49691,994.32,1000,5.68,50.00,201,2.2207,-0.5053,LOCK,0,normal
99,312708,1178,1196,0.03120,-0.12480,-0.80340,0.81363,994.32,1000,5.68,50.00,201,2.2138,-0.6088,LOCK,0,normal
100,312732,1202,1220,-0.25350,0.12090,-0.86970,0.91392,994.32,1000,5.68,50.00,201,2.2291,-0.3777,LOCK,0,normal
101,312741,1211,1229,-0.11700,0.07800,-0.87750,0.88870,994.33,1000,5.67,50.00,201,2.2310,-0.3490,LOCK,0,normal
102,312749,1219,1237,-0.21060,0.01950,-0.58500,0.62206,994.33,1000,5.67,50.00,201,2.2079,-0.6979,LOCK,0,normal
103,312758,1228,1246,-0.25740,0.07800,-0.80340,0.84723,994.32,1000,5.68,50.00,201,2.2264,-0.4177,LOCK,0,normal
104,312766,1236,1254,-0.25740,0.07800,-0.80340,0.84723,994.31,1000,5.69,50.00,201,2.2089,-0.6833,LOCK,0,normal
105,312780,1250,1268,0.03120,0.01170,-0.79560,0.79630,994.30,1000,5.70,50.00,201,2.2260,-0.4244,LOCK,0,normal
106,312788,1258,1276,-0.18720,-0.09360,-0.85020,0.87558,994.29,1000,5.71,50.00,201,2.2329,-0.3197,LOCK,0,normal
107,312797,1267,1285,-0.18720,-0.09360,-0.85020,0.87558,994.28,1000,5.72,50.00,201,2.2220,-0.4842,LOCK,0,normal
108,312805,1275,1293,0.10920,-0.04680,-0.77220,0.78129,994.27,1000,5.73,50.00,201,2.2222,-0.4815,LOCK,0,normal
109,312813,1283,1301,-0.17550,0.11700,-0.91260,0.93666,994.27,1000,5.73,50.00,201,2.2116,-0.6424,LOCK,0,normal
110,312822,1292,1310,0.01950,0.08580,-0.87750,0.88190,994.25,1000,5.75,50.00,201,2.2103,-0.6625,LOCK,0,normal
111,312886,1356,1374,0.28860,-0.03510,-0.85410,0.90222,994.23,1000,5.77,50.00,201,2.2322,-0.3307,LOCK,0,normal
112,312895,1365,1383,0.15990,-0.16770,-0.73710,0.77266,994.22,1000,5.78,50.00,201,2.2309,-0.3499,LOCK,0,normal
113,312903,1373,1391,-0.09360,-0.51090,-0.76440,0.92417,994.21,1000,5.79,50.00,201,2.2057,-0.7312,LOCK,0,normal
114,312912,1382,1400,-0.38610,0.32760,-0.48360,0.70019,994.20,1000,5.80,50.00,201,2.2167,-0.5651,LOCK,0,normal
115,312920,1390,1408,-0.38610,0.32760,-0.48360,0.70019,994.19,1000,5.81,50.00,201,2.2162,-0.5734,LOCK,0,normal
116,312929,1399,1417,-0.20280,-0.03900,-0.76830,0.79557,994.18,1000,5.82,50.00,201,2.2242,-0.4516,LOCK,0,normal
117,312937,1407,1425,-0.01950,0.06630,-0.90090,0.90355,994.20,1000,5.80,50.00,201,2.2326,-0.3249,LOCK,0,normal
118,312946,1416,1434,0.23790,-0.21060,-0.66300,0.73520,994.22,1000,5.78,50.00,201,2.2313,-0.3441,LOCK,0,normal
119,312954,1424,1442,0.12090,-0.19500,-0.67860,0.71634,994.24,1000,5.76,50.00,201,2.2173,-0.5566,LOCK,0,normal
120,312962,1432,1450,-0.23790,-0.17550,-0.60060,0.66942,994.26,1000,5.74,50.00,201,2.2170,-0.5606,LOCK,0,normal
121,312989,1459,1477,-0.04290,-0.03120,-0.81120,0.81293,994.27,1000,5.73,50.00,201,2.2048,-0.7458,LOCK,0,normal
122,312998,1468,1486,-0.15210,-0.13650,-0.82680,0.85168,994.27,1000,5.73,50.00,201,2.2205,-0.5080,LOCK,0,normal
123,313006,1476,1494,0.14820,-0.29250,-0.71370,0.78542,994.27,1000,5.73,50.00,201,2.2285,-0.3859,LOCK,0,normal
124,313015,1485,1503,0.12870,-0.32370,-0.75270,0.82940,994.27,1000,5.73,50.00,201,2.2230,-0.4696,LOCK,0,normal
125,313038,1508,1526,-0.34710,0.22230,-0.72540,0.83433,994.27,1000,5.73,50.00,201,2.2302,-0.3609,LOCK,0,normal
126,313047,1517,1535,-0.23010,0.14820,-0.92430,0.96397,994.27,1000,5.73,50.00,201,2.2318,-0.3365,LOCK,0,normal
127,313055,1525,1543,-0.19500,0.22620,-0.78780,0.84251,994.26,1000,5.74,50.00,201,2.2123,-0.6314,LOCK,0,normal
128,313064,1534,1552,-0.19500,0.22620,-0.78780,0.84251,994.29,1000,5.71,50.00,201,2.2204,-0.5084,LOCK,0,normal
129,313072,1542,1560,0.17160,-0.23790,-0.79170,0.84429,994.30,1000,5.70,50.00,201,2.2228,-0.4729,LOCK,0,normal
130,313091,1561,1579,-0.23400,0.03900,-0.82680,0.86016,994.32,1000,5.68,50.00,201,2.2346,-0.2944,LOCK,0,normal
131,313099,1569,1587,-0.31980,0.35100,-0.88920,1.00804,994.34,1000,5.66,50.00,201,2.2296,-0.3704,LOCK,0,normal
132,313108,1578,1596,-0.52650,0.01170,-0.80730,0.96388,994.35,1000,5.65,50.00,201,2.2156,-0.5822,LOCK,0,normal
133,313116,1586,1604,-0.06630,-0.29250,-0.82680,0.87952,994.36,1000,5.64,50.00,201,2.2115,-0.6442,LOCK,0,normal
134,313125,1595,1613,-0.06630,-0.29250,-0.82680,0.87952,994.38,1000,5.62,50.00,201,2.2086,-0.6872,LOCK,0,normal
135,313198,1668,1686,-0.13260,-0.43680,-0.95160,1.05542,994.38,1000,5.62,50.00,201,2.2308,-0.3521,LOCK,0,normal
136,313206,1676,1694,-0.13260,-0.43680,-0.95160,1.05542,994.39,1000,5.61,50.00,201,2.2171,-0.5593,LOCK,0,normal
137,313215,1685,1703,-0.22230,0.36660,-0.94770,1.04017,994.39,1000,5.61,50.00,201,2.2078,-0.6997,LOCK,0,normal
138,313223,1693,1711,-0.32370,-0.16380,-1.11930,1.17662,994.40,1000,5.60,50.00,201,2.2058,-0.7309,LOCK,0,normal
139,313231,1701,1719,-0.15990,0.14820,-0.90870,0.93449,994.40,1000,5.60,50.00,201,2.2162,-0.5722,LOCK,0,normal
140,313242,1712,1730,0.03120,0.10920,-0.70200,0.71113,994.41,1000,5.59,50.00,201,2.2310,-0.3487,LOCK,0,normal
141,313250,1720,1738,0.17550,-0.04680,-0.78780,0.80847,994.43,1000,5.57,50.00,201,2.2271,-0.4079,LOCK,0,normal
142,313259,1729,1747,0.17550,-0.04680,-0.78780,0.80847,994.44,1000,5.56,50.00,201,2.2064,-0.7217,LOCK,0,normal
143,313267,1737,1755,-0.03120,-0.12480,-0.63960,0.65241,994.45,1000,5.55,50.00,201,2.2209,-0.5022,LOCK,0,normal
144,313275,1745,1763,-0.46410,-0.06240,-0.79170,0.91982,994.46,1000,5.54,50.00,201,2.2200,-0.5151,LOCK,0,normal
145,313284,1754,1772,-0.27690,0.53820,-1.16220,1.31036,994.46,1000,5.54,50.00,201,2.2191,-0.5291,LOCK,0,normal
146,313296,1766,1784,-0.31590,0.41730,-0.86190,1.00837,994.47,1000,5.53,50.00,201,2.2041,-0.7565,LOCK,0,normal
147,313305,1775,1793,-0.02340,-0.05850,-0.66300,0.66599,994.44,1000,5.56,50.00,201,2.2083,-0.6921,LOCK,0,normal
148,313313,1783,1801,-0.01560,0.12090,-0.60840,0.62049,994.42,1000,5.58,50.00,201,2.2160,-0.5764,LOCK,0,normal
149,313322,1792,1810,-0.08580,-0.05070,-0.76440,0.77087,994.40,1000,5.60,50.00,201,2.2253,-0.4345,LOCK,0,normal
150,313346,1816,1834,0.06630,-0.21840,-0.63960,0.67910,994.38,1000,5.62,50.00,201,2.2318,-0.3362,LOCK,0,normal
151,313355,1825,1843,-0.15990,0.16770,-0.81900,0.85115,994.36,1000,5.64,50.00,201,2.2114,-0.6448,LOCK,0,normal
152,313363,1833,1851,0.17940,-0.06240,-0.57330,0.60395,994.38,1000,5.62,50.00,201,2.2153,-0.5868,LOCK,0,normal
153,313372,1842,1860,0.17940,-0.06240,-0.57330,0.60395,994.40,1000,5.60,50.00,201,2.2260,-0.4247,LOCK,0,normal
154,313402,1872,1890,-0.26910,0.28080,-0.61620,0.72867,994.42,1000,5.58,50.00,201,2.2307,-0.3533,LOCK,0,normal
155,313411,1881,1899,-0.39780,-0.03510,-0.67470,0.78403,994.44,1000,5.56,50.00,201,2.1988,-0.8362,LOCK,0,normal
156,313419,1889,1907,-0.12870,-0.17940,-0.64740,0.68401,994.46,1000,5.54,50.00,201,2.2167,-0.5654,LOCK,0,normal
157,313427,1897,1915,0.07410,-0.08190,-0.81510,0.82255,994.47,1000,5.53,50.00,201,2.2251,-0.4378,LOCK,0,normal
158,313495,1965,1983,0.07410,0.00780,-0.89310,0.89620,994.48,1000,5.52,50.00,201,2.2284,-0.3884,LOCK,0,normal
159,313504,1974,1992,0.07410,0.00780,-0.89310,0.89620,994.49,1000,5.51,50.00,201,2.2308,-0.3521,LOCK,0,normal
160,313512,1982,2000,0.05850,-0.09360,-0.77220,0.78005,994.50,1000,5.50,50.00,201,2.2314,-0.3417,LOCK,0,normal
161,313520,1990,2008,-0.47190,-0.03510,-0.48360,0.67660,994.51,1000,5.49,50.00,201,2.2117,-0.6402,LOCK,0,normal
162,313529,1999,2017,-0.58890,-0.02730,-0.68640,0.90482,994.51,1000,5.49,50.00,201,2.2240,-0.4540,LOCK,0,normal
163,313546,2016,2034,-0.30420,-0.11700,-0.93600,0.99112,994.54,1000,5.46,50.00,201,2.2203,-0.5111,LOCK,0,normal
164,313554,2024,2042,0.16770,-0.16770,-0.78000,0.81526,994.56,1000,5.44,50.00,201,2.2328,-0.3215,LOCK,0,normal
165,313563,2033,2051,0.10920,-0.16770,-0.79170,0.81660,994.59,1000,5.41,50.00,201,2.2314,-0.3417,LOCK,0,normal
166,313571,2041,2059,-0.24570,-0.03900,-0.67080,0.71545,994.61,1000,5.39,50.00,201,2.2160,-0.5755,LOCK,0,normal
167,313580,2050,2068,-0.33930,-0.26130,-0.60840,0.74401,994.62,1000,5.38,50.00,201,2.2207,-0.5041,LOCK,0,normal
168,313588,2058,2076,-0.20670,0.05070,-0.90870,0.93329,994.64,1000,5.36,50.00,201,2.2101,-0.6659,LOCK,0,normal
169,313608,2078,2096,-0.05070,0.06630,-0.78390,0.78833,994.66,1000,5.34,50.00,201,2.2191,-0.5288,LOCK,0,normal
170,313616,2086,2104,0.09750,-0.32760,-0.80340,0.87309,994.68,1000,5.32,50.00,201,2.2157,-0.5801,LOCK,0,normal
171,313625,2095,2113,0.00000,-0.15990,-0.65130,0.67064,994.70,1000,5.30,50.00,201,2.2205,-0.5068,LOCK,0,normal
172,313633,2103,2121,-0.23400,-0.11700,-0.97890,1.01326,994.72,1000,5.28,50.00,201,2.2154,-0.5850,LOCK,0,normal
173,313652,2122,2140,-0.19110,-0.16380,-0.76440,0.80477,994.73,1000,5.27,50.00,201,2.2292,-0.3765,LOCK,0,normal
174,313661,2131,2149,-0.03510,-0.20670,-0.72930,0.75884,994.73,1000,5.27,50.00,201,2.2278,-0.3972,LOCK,0,normal
175,313669,2139,2157,-0.03510,-0.20670,-0.72930,0.75884,994.72,1000,5.28,50.00,201,2.2123,-0.6320,LOCK,0,normal
176,313678,2148,2166,0.05850,0.02730,-0.74880,0.75158,994.72,1000,5.28,50.00,201,2.2122,-0.6335,LOCK,0,normal
177,313686,2156,2174,-0.04680,0.15990,-1.01790,1.03144,994.71,1000,5.29,50.00,201,2.2152,-0.5886,LOCK,0,normal
178,313705,2175,2193,-0.26910,-0.07020,-0.66300,0.71897,994.71,1000,5.29,50.00,201,2.2328,-0.3206,LOCK,0,normal
179,313714,2184,2202,-0.40950,0.06630,-0.54210,0.68261,994.71,1000,5.29,50.00,201,2.2314,-0.3417,LOCK,0,normal
180,313722,2192,2210,-0.11700,-0.12090,-0.93990,0.95484,994.72,1000,5.28,50.00,201,2.2171,-0.5596,LOCK,0,normal
181,313731,2201,2219,-0.11700,-0.12090,-0.93990,0.95484,994.73,1000,5.27,50.00,201,2.2202,-0.5120,LOCK,0,normal
182,313739,2209,2227,0.10140,-0.05850,-0.94770,0.95490,994.74,1000,5.26,50.00,201,2.2172,-0.5569,LOCK,0,normal
183,313812,2282,2300,-0.13650,0.02340,-0.55380,0.57085,994.72,1000,5.28,50.00,201,2.2354,-0.2825,LOCK,0,normal
184,313821,2291,2309,-0.43680,-0.14430,-0.81900,0.93935,994.71,1000,5.29,50.00,201,2.2180,-0.5462,LOCK,0,normal
185,313829,2299,2317,0.04290,-0.09750,-0.92820,0.93429,994.69,1000,5.31,50.00,201,2.2159,-0.5776,LOCK,0,normal
186,313837,2307,2325,-0.21450,0.10530,-0.78390,0.81951,994.68,1000,5.32,50.00,201,2.2166,-0.5670,LOCK,0,normal
187,313846,2316,2334,0.08580,-0.03900,-0.54210,0.55023,994.68,1000,5.32,50.00,201,2.2258,-0.4278,LOCK,0,normal
188,313858,2328,2346,0.00000,-0.10530,-0.80730,0.81414,994.68,1000,5.32,50.00,201,2.2327,-0.3234,LOCK,0,normal
189,313866,2336,2354,-0.07800,0.08970,-0.82290,0.83144,994.68,1000,5.32,50.00,201,2.2233,-0.4656,LOCK,0,normal
190,313874,2344,2362,-0.07800,0.08970,-0.82290,0.83144,994.68,1000,5.32,50.00,201,2.2125,-0.6292,LOCK,0,normal
191,313883,2353,2371,-0.28860,-0.03120,-0.62400,0.68821,994.68,1000,5.32,50.00,201,2.2267,-0.4143,LOCK,0,normal
192,313891,2361,2379,-0.08190,-0.24180,-0.62010,0.67060,994.67,1000,5.33,50.00,201,2.2120,-0.6359,LOCK,0,normal
193,313900,2370,2388,-0.23400,-0.01950,-0.71760,0.75504,994.67,1000,5.33,50.00,201,2.2289,-0.3801,LOCK,0,normal
194,313912,2382,2400,0.08970,-0.06240,-0.83460,0.84172,994.69,1000,5.31,50.00,201,2.2325,-0.3258,LOCK,0,normal
195,313920,2390,2408,0.22620,-0.05460,-0.79560,0.82893,994.71,1000,5.29,50.00,201,2.2272,-0.4064,LOCK,0,normal
196,313929,2399,2417,-0.15600,-0.27690,-0.66300,0.73524,994.72,1000,5.28,50.00,201,2.2089,-0.6833,LOCK,0,normal
197,313937,2407,2425,-0.38220,0.54600,-0.56160,0.87154,994.73,1000,5.27,50.00,201,2.2127,-0.6265,LOCK,0,normal
198,313945,2415,2433,-0.38220,0.54600,-0.56160,0.87154,994.74,1000,5.26,50.00,201,2.2210,-0.4998,LOCK,0,normal
199,313954,2424,2442,-0.32760,-0.02340,-0.88140,0.94060,994.75,1000,5.25,50.00,201,2.2315,-0.3405,LOCK,0,normal
200,313962,2432,2450,0.00000,-0.22230,-0.77610,0.80731,994.76,1000,5.24,50.00,201,2.2320,-0.3337,LOCK,0,normal
201,313971,2441,2459,0.03120,-0.14040,-0.59280,0.61000,994.77,1000,5.23,50.00,201,2.2312,-0.3457,LOCK,0,normal
202,313979,2449,2467,-0.08580,0.01950,-0.80340,0.80820,994.78,1000,5.22,50.00,201,2.2186,-0.5370,LOCK,0,normal
203,313988,2458,2476,-0.14040,-0.12480,-0.93210,0.95084,994.78,1000,5.22,50.00,201,2.2281,-0.3924,LOCK,0,normal
204,313996,2466,2484,-0.14040,-0.12480,-0.93210,0.95084,994.79,1000,5.21,50.00,201,2.2240,-0.4546,LOCK,0,normal
205,314005,2475,2493,-0.28080,0.37050,-0.58500,0.74722,994.80,1000,5.20,50.00,201,2.2327,-0.3222,LOCK,0,normal
206,314018,2488,2506,-0.42510,0.14040,-0.59280,0.74286,994.80,1000,5.20,50.00,201,2.2329,-0.3197,LOCK,0,normal
207,314026,2496,2514,-0.31980,-0.37830,-0.66690,0.83075,994.83,1000,5.17,50.00,201,2.2036,-0.7629,LOCK,0,normal
208,314035,2505,2523,0.13260,0.07800,-0.87360,0.88704,994.85,1000,5.15,50.00,201,2.2181,-0.5438,LOCK,0,normal
209,314043,2513,2531,0.01560,-0.16770,-0.93210,0.94719,994.87,1000,5.13,50.00,201,2.2184,-0.5395,LOCK,0,normal
210,314052,2522,2540,-0.07020,0.22230,-0.79170,0.82531,994.89,1000,5.11,50.00,201,2.2090,-0.6817,LOCK,0,normal
211,314062,2532,2550,-0.39000,-0.07020,-0.53430,0.66521,994.91,1000,5.09,50.00,201,2.2326,-0.3237,LOCK,0,normal
212,314070,2540,2558,-0.37050,0.07410,-0.45630,0.59243,994.93,1000,5.07,50.00,201,2.2312,-0.3450,LOCK,0,normal
213,314079,2549,2567,-0.37050,0.07410,-0.45630,0.59243,994.94,1000,5.06,50.00,201,2.2125,-0.6286,LOCK,0,normal
214,314087,2557,2575,-0.33540,-0.01560,-0.74100,0.81352,994.93,1000,5.07,50.00,201,2.2240,-0.4546,LOCK,0,normal
215,314096,2566,2584,0.13260,-0.23790,-0.85020,0.89276,994.91,1000,5.09,50.00,201,2.2096,-0.6729,LOCK,0,normal
216,314104,2574,2592,0.07410,-0.00390,-0.84240,0.84566,994.90,1000,5.10,50.00,201,2.2164,-0.5700,LOCK,0,normal
217,314117,2587,2605,-0.31200,-0.11310,-0.90480,0.96374,994.89,1000,5.11,50.00,201,2.2324,-0.3270,LOCK,0,normal
218,314125,2595,2613,-0.20280,-0.17550,-0.56550,0.62587,994.88,1000,5.12,50.00,201,2.2294,-0.3728,LOCK,0,normal
219,314134,2604,2622,-0.45630,0.06630,-0.59280,0.75101,994.87,1000,5.13,50.00,201,2.2208,-0.5035,LOCK,0,normal
220,314142,2612,2630,0.02340,-0.10920,-0.88530,0.89232,994.84,1000,5.16,50.00,201,2.2100,-0.6671,LOCK,0,normal
221,314151,2621,2639,0.02340,-0.10920,-0.88530,0.89232,994.81,1000,5.19,50.00,201,2.2183,-0.5407,LOCK,0,normal
222,314159,2629,2647,0.00000,-0.20280,-0.84630,0.87026,994.78,1000,5.22,50.00,201,2.2250,-0.4394,LOCK,0,normal
223,314168,2638,2656,0.12870,-0.10920,-0.81510,0.83239,994.75,1000,5.25,50.00,201,2.2322,-0.3307,LOCK,0,normal
224,314176,2646,2664,-0.29640,-0.28860,-0.87750,0.97013,994.73,1000,5.27,50.00,201,2.2320,-0.3334,LOCK,0,normal
225,314185,2655,2673,-0.18720,0.35100,-0.68640,0.79334,994.71,1000,5.29,50.00,201,2.2167,-0.5657,LOCK,0,normal
226,314193,2663,2681,-0.63570,-0.19500,-0.89310,1.11345,994.69,1000,5.31,50.00,201,2.2277,-0.3985,LOCK,0,normal
227,314201,2671,2689,-0.63570,-0.19500,-0.89310,1.11345,994.67,1000,5.33,50.00,201,2.2190,-0.5306,LOCK,0,normal
228,314210,2680,2698,-0.09360,0.01560,-0.75660,0.76253,994.68,1000,5.32,50.00,201,2.2281,-0.3917,LOCK,0,normal
229,314223,2693,2711,0.17160,-0.08190,-0.74880,0.77256,994.68,1000,5.32,50.00,201,2.2287,-0.3826,LOCK,0,normal
230,314232,2702,2720,-0.21450,-0.35490,-0.72930,0.83895,994.69,1000,5.31,50.00,201,2.2160,-0.5752,LOCK,0,normal
231,314240,2710,2728,-0.25740,0.26910,-0.80730,0.88905,994.69,1000,5.31,50.00,201,2.2178,-0.5483,LOCK,0,normal
232,314249,2719,2737,-0.32760,0.01170,-1.02180,1.07310,994.69,1000,5.31,50.00,201,2.2183,-0.5404,LOCK,0,normal
233,314257,2727,2745,-0.17550,-0.07800,-0.85410,0.87543,994.69,1000,5.31,50.00,201,2.2223,-0.4803,LOCK,0,normal
234,314267,2737,2755,0.07410,-0.22230,-0.74490,0.78089,994.73,1000,5.27,50.00,201,2.2311,-0.3472,LOCK,0,normal
235,314276,2746,2764,-0.04290,-0.10140,-0.61230,0.62212,994.76,1000,5.24,50.00,201,2.2305,-0.3566,LOCK,0,normal
236,314284,2754,2772,-0.04290,-0.10140,-0.61230,0.62212,994.79,1000,5.21,50.00,201,2.2160,-0.5758,LOCK,0,normal
237,314292,2762,2780,-0.13260,-0.32370,-1.02960,1.08740,994.82,1000,5.18,50.00,201,2.2258,-0.4275,LOCK,0,normal
238,314301,2771,2789,-0.30810,0.48360,-0.81900,0.99978,994.85,1000,5.15,50.00,201,2.2197,-0.5203,LOCK,0,normal
239,314309,2779,2797,-0.37440,0.47190,-0.87360,1.06115,994.87,1000,5.13,50.00,201,2.2222,-0.4824,LOCK,0,normal
240,314321,2791,2809,-0.04680,-0.28080,-0.73320,0.78652,994.89,1000,5.11,50.00,201,2.2231,-0.4674,LOCK,0,normal
241,314330,2800,2818,0.00780,-0.08970,-0.53820,0.54568,994.90,1000,5.10,50.00,201,2.2109,-0.6524,LOCK,0,normal
242,314338,2808,2826,-0.05460,-0.21840,-0.90870,0.93617,994.91,1000,5.09,50.00,201,2.2210,-0.5007,LOCK,0,normal
243,314346,2816,2834,-0.05460,-0.21840,-0.90870,0.93617,994.92,1000,5.08,50.00,201,2.2241,-0.4531,LOCK,0,normal
244,314355,2825,2843,-0.08970,0.04290,-0.85800,0.86374,994.93,1000,5.07,50.00,201,2.2116,-0.6421,LOCK,0,normal
245,314369,2839,2857,-0.66690,-0.10920,-0.88530,1.11375,994.94,1000,5.06,50.00,201,2.2316,-0.3389,LOCK,0,normal
246,314377,2847,2865,-0.66690,-0.10920,-0.88530,1.11375,994.95,1000,5.05,50.00,201,2.2284,-0.3875,LOCK,0,normal
247,314386,2856,2874,-0.39780,-0.09360,-0.79950,0.89789,994.95,1000,5.05,50.00,201,2.2074,-0.7065,LOCK,0,normal
248,314394,2864,2882,0.39780,-0.11700,-0.79170,0.89371,994.95,1000,5.05,50.00,201,2.2203,-0.5111,LOCK,0,normal
249,314402,2872,2890,0.18330,-0.23790,-0.74100,0.79955,994.95,1000,5.05,50.00,201,2.2213,-0.4949,LOCK,0,normal
250,314411,2881,2899,-0.07410,-0.01560,-0.67080,0.67506,994.94,1000,5.06,50.00,201,2.2187,-0.5346,LOCK,0,normal
251,314428,2898,2916,-0.44460,0.11700,-0.47970,0.66443,994.94,1000,5.06,50.00,201,2.2313,-0.3444,LOCK,0,normal
252,314437,2907,2925,-0.12480,0.25350,-0.89310,0.93673,994.94,1000,5.06,50.00,201,2.2091,-0.6805,LOCK,0,normal
253,314445,2915,2933,-0.16380,-0.00780,-0.81120,0.82761,994.95,1000,5.05,50.00,201,2.2150,-0.5902,LOCK,0,normal
254,314454,2924,2942,0.10530,-0.17940,-0.76050,0.78844,994.96,1000,5.04,50.00,201,2.2167,-0.5651,LOCK,0,normal
255,314462,2932,2950,0.14430,-0.01950,-0.64740,0.66357,994.96,1000,5.04,50.00,201,2.2157,-0.5798,LOCK,0,normal
256,314471,2941,2959,-0.12870,-0.37440,-1.04910,1.12132,994.97,1000,5.03,50.00,201,2.2307,-0.3530,LOCK,0,normal
257,314479,2949,2967,-0.12870,-0.37440,-1.04910,1.12132,994.97,1000,5.03,50.00,201,2.2289,-0.3798,LOCK,0,normal
258,314488,2958,2976,-0.27690,0.38220,-0.63570,0.79175,994.98,1000,5.02,50.00,201,2.2167,-0.5654,LOCK,0,normal
259,314496,2966,2984,-0.17550,-0.01950,-0.78780,0.80735,994.98,1000,5.02,50.00,201,2.2217,-0.4897,LOCK,0,normal
260,314505,2975,2993,-0.10920,-0.21840,-0.65910,0.70288,994.99,1000,5.01,50.00,201,2.2098,-0.6695,LOCK,0,normal
261,314513,2983,3001,0.11310,0.10530,-0.92040,0.93328,995.00,1000,5.00,50.00,201,2.2212,-0.4968,LOCK,0,normal
262,314527,2997,3015,0.01560,0.05070,-0.93210,0.93361,995.01,1000,4.99,50.00,201,2.2330,-0.3188,LOCK,0,normal
263,314535,3005,3023,-0.17160,-0.19110,-0.83460,0.87323,995.01,1000,4.99,50.00,201,2.2310,-0.3481,LOCK,0,normal
264,314544,3014,3032,-0.30810,0.40560,-0.42510,0.66344,995.02,1000,4.98,50.00,201,2.2092,-0.6790,LOCK,0,normal
265,314552,3022,3040,-0.51870,-0.12480,-0.61230,0.81212,995.03,1000,4.97,50.00,201,2.2156,-0.5825,LOCK,0,normal
266,314561,3031,3049,-0.51870,-0.12480,-0.61230,0.81212,995.03,1000,4.97,50.00,201,2.2129,-0.6231,LOCK,0,normal
267,314569,3039,3057,-0.24570,-0.12870,-0.88920,0.93146,995.03,1000,4.97,50.00,201,2.2271,-0.4082,LOCK,0,normal
268,314577,3047,3065,0.31590,0.16380,-0.89700,0.96500,995.02,1000,4.98,50.00,201,2.2286,-0.3847,LOCK,0,normal
269,314586,3056,3074,0.07410,-0.35490,-0.90480,0.97473,995.02,1000,4.98,50.00,201,2.2118,-0.6387,LOCK,0,normal
270,314594,3064,3082,-0.23010,0.25350,-0.83070,0.89848,995.01,1000,4.99,50.00,201,2.2169,-0.5615,LOCK,0,normal
271,314603,3073,3091,-0.23010,0.25350,-0.83070,0.89848,995.01,1000,4.99,50.00,201,2.2309,-0.3496,LOCK,0,normal
272,314611,3081,3099,-0.32370,-0.12870,-0.62400,0.71465,995.01,1000,4.99,50.00,201,2.2109,-0.6524,LOCK,0,normal
273,314634,3104,3122,-0.22620,0.15210,-0.70200,0.75306,995.01,1000,4.99,50.00,201,2.2313,-0.3438,LOCK,0,normal
274,314642,3112,3130,0.13260,-0.16770,-0.74880,0.77872,995.00,1000,5.00,50.00,201,2.2100,-0.6674,LOCK,0,normal
275,314651,3121,3139,-0.08580,0.10920,-0.64740,0.66213,995.00,1000,5.00,50.00,201,2.2106,-0.6570,LOCK,0,normal
276,314659,3129,3147,-0.30030,0.15990,-0.95550,1.01426,995.00,1000,5.00,50.00,201,2.2236,-0.4613,LOCK,0,normal
277,314668,3138,3156,-0.15600,-0.51870,-0.78780,0.95604,995.00,1000,5.00,50.00,201,2.2183,-0.5404,LOCK,0,normal
278,314677,3147,3165,-0.41340,0.00000,-0.79170,0.89313,994.99,1000,5.01,50.00,201,2.2315,-0.3408,LOCK,0,normal
279,314686,3156,3174,0.23790,0.05070,-0.71760,0.75770,995.00,1000,5.00,50.00,201,2.2293,-0.3737,LOCK,0,normal
280,314694,3164,3182,0.23790,0.05070,-0.71760,0.75770,995.00,1000,5.00,50.00,201,2.2099,-0.6689,LOCK,0,normal
281,314703,3173,3191,0.13650,-0.32760,-0.61620,0.71110,995.00,1000,5.00,50.00,201,2.2177,-0.5496,LOCK,0,normal
282,314711,3181,3199,-0.05460,0.16380,-0.62790,0.65121,995.01,1000,4.99,50.00,201,2.2150,-0.5902,LOCK,0,normal
283,314719,3189,3207,-0.28470,-0.00780,-0.91650,0.95973,995.01,1000,4.99,50.00,201,2.2272,-0.4055,LOCK,0,normal
284,314732,3202,3220,-0.26130,0.23400,-0.98670,1.04719,995.01,1000,4.99,50.00,201,2.2316,-0.3399,LOCK,0,normal
285,314740,3210,3228,-0.09750,0.03510,-0.92820,0.93397,995.01,1000,4.99,50.00,201,2.2286,-0.3844,LOCK,0,normal
286,314749,3219,3237,-0.05070,-0.02730,-0.76830,0.77045,995.02,1000,4.98,50.00,201,2.2081,-0.6961,LOCK,0,normal
287,314757,3227,3245,0.24570,-0.09750,-0.79170,0.83466,995.03,1000,4.97,50.00,201,2.2231,-0.4687,LOCK,0,normal
288,314766,3236,3254,0.24570,-0.09750,-0.79170,0.83466,995.04,1000,4.96,50.00,201,2.2038,-0.7611,LOCK,0,normal
289,314774,3244,3262,-0.07410,-0.47580,-0.76050,0.90013,995.05,1000,4.95,50.00,201,2.2310,-0.3490,LOCK,0,normal
290,314783,3253,3271,-0.44460,0.29640,-0.60060,0.80389,995.05,1000,4.95,50.00,201,2.2342,-0.3002,LOCK,0,normal
291,314791,3261,3279,-0.26910,-0.08970,-0.81510,0.86305,995.06,1000,4.94,50.00,201,2.2307,-0.3524,LOCK,0,normal
292,314799,3269,3287,-0.05070,-0.00780,-0.99840,0.99972,995.06,1000,4.94,50.00,201,2.2035,-0.7651,LOCK,0,normal
293,314808,3278,3296,-0.05070,-0.00780,-0.99840,0.99972,995.08,1000,4.92,50.00,201,2.2214,-0.4940,LOCK,0,normal
294,314816,3286,3304,0.22620,-0.03120,-0.85800,0.88786,995.10,1000,4.90,50.00,201,2.2196,-0.5218,LOCK,0,normal
295,314825,3295,3313,0.13260,-0.14430,-0.71760,0.74388,995.11,1000,4.89,50.00,201,2.2309,-0.3496,LOCK,0,normal
296,314841,3311,3329,-0.53040,0.08190,-0.54600,0.76560,995.12,1000,4.88,50.00,201,2.2313,-0.3438,LOCK,0,normal
297,314849,3319,3337,-0.53040,0.08190,-0.54600,0.76560,995.13,1000,4.87,50.00,201,2.2091,-0.6796,LOCK,0,normal
298,314857,3327,3345,-0.44850,0.35100,-0.86970,1.03958,995.14,1000,4.86,50.00,201,2.2156,-0.5819,LOCK,0,normal
299,314866,3336,3354,-0.13260,-0.26910,-0.89310,0.94214,995.19,1000,4.81,50.00,201,2.2082,-0.6939,LOCK,0,normal
300,314874,3344,3362,0.23010,-0.23400,-0.74490,0.81399,995.23,1000,4.77,50.00,201,2.2235,-0.4629,LOCK,0,normal
301,314883,3353,3371,0.09750,-0.32760,-0.72930,0.80542,995.27,1000,4.73,50.00,201,2.2256,-0.4299,LOCK,0,normal
302,314891,3361,3379,-0.09750,-0.08580,-0.56550,0.58022,995.31,1000,4.69,50.00,201,2.2310,-0.3481,LOCK,0,normal
303,314900,3370,3388,-0.09750,-0.08580,-0.56550,0.58022,995.34,1000,4.66,50.00,201,2.2157,-0.5798,LOCK,0,normal
304,314908,3378,3396,-0.46020,0.06240,-0.62790,0.78098,995.37,1000,4.63,50.00,201,2.2191,-0.5282,LOCK,0,normal
305,314916,3386,3404,-0.37050,-0.24180,-0.97110,1.06713,995.39,1000,4.61,50.00,201,2.2070,-0.7129,LOCK,0,normal
306,314925,3395,3413,-0.29640,0.14430,-0.87750,0.93738,995.41,1000,4.59,50.00,201,2.2343,-0.2990,LOCK,0,normal
307,314936,3406,3424,0.15210,-0.24180,-0.79560,0.84533,995.42,1000,4.58,50.00,201,2.2334,-0.3127,LOCK,0,normal
308,314944,3414,3432,0.17550,-0.13650,-0.79950,0.82984,995.43,1000,4.57,50.00,201,2.2299,-0.3658,LOCK,0,normal
309,314953,3423,3441,-0.28860,-0.00780,-0.64350,0.70530,995.44,1000,4.56,50.00,201,2.2127,-0.6262,LOCK,0,normal
310,314961,3431,3449,-0.28860,-0.00780,-0.64350,0.70530,995.44,1000,4.56,50.00,201,2.2153,-0.5871,LOCK,0,normal
311,314969,3439,3457,-0.51090,0.26910,-0.61620,0.84447,995.45,1000,4.55,50.00,201,2.2163,-0.5709,LOCK,0,normal
312,314978,3448,3466,-0.21840,0.02730,-0.91650,0.94256,995.45,1000,4.55,50.00,201,2.2328,-0.3206,LOCK,0,normal
313,314986,3456,3474,-0.01560,0.24180,-0.87750,0.91034,995.43,1000,4.57,50.00,201,2.2314,-0.3423,LOCK,0,normal
314,314995,3465,3483,0.12480,-0.06630,-0.86970,0.88111,995.41,1000,4.59,50.00,201,2.2295,-0.3707,LOCK,0,normal
315,315003,3473,3491,0.12480,-0.06630,-0.86970,0.88111,995.40,1000,4.60,50.00,201,2.2083,-0.6921,LOCK,0,normal
316,315012,3482,3500,0.12870,-0.05070,-0.67080,0.68491,995.38,1000,4.62,50.00,201,2.2220,-0.4848,LOCK,0,normal
317,315020,3490,3508,-0.33540,-0.52650,-0.73320,0.96295,995.37,1000,4.63,50.00,201,2.2092,-0.6790,LOCK,0,normal
318,315029,3499,3517,-0.39780,0.31980,-0.74880,0.90621,995.36,1000,4.64,50.00,201,2.2248,-0.4430,LOCK,0,normal
319,315045,3515,3533,-0.03510,-0.17550,-0.79560,0.81548,995.35,1000,4.65,50.00,201,2.2334,-0.3115,LOCK,0,normal
320,315054,3524,3542,-0.03510,-0.17550,-0.79560,0.81548,995.34,1000,4.66,50.00,201,2.2145,-0.5987,LOCK,0,normal
321,315062,3532,3550,0.32370,0.01950,-0.83460,0.89539,995.33,1000,4.67,50.00,201,2.2184,-0.5401,LOCK,0,normal
322,315070,3540,3558,-0.12090,0.08190,-0.72150,0.73613,995.32,1000,4.68,50.00,201,2.2090,-0.6823,LOCK,0,normal
323,315079,3549,3567,-0.33930,0.21450,-0.96330,1.04359,995.31,1000,4.69,50.00,201,2.2247,-0.4446,LOCK,0,normal
324,315087,3557,3575,-0.50310,0.02730,-0.84240,0.98158,995.31,1000,4.69,50.00,201,2.2322,-0.3310,LOCK,0,normal
325,315096,3566,3584,-0.50310,0.02730,-0.84240,0.98158,995.30,1000,4.70,50.00,201,2.2305,-0.3560,LOCK,0,normal
326,315104,3574,3592,-0.30030,0.24180,-0.82290,0.90874,995.30,1000,4.70,50.00,201,2.2138,-0.6091,LOCK,0,normal
327,315113,3583,3601,-0.08580,0.09360,-0.74880,0.75949,995.30,1000,4.70,50.00,201,2.2265,-0.4162,LOCK,0,normal
328,315121,3591,3609,0.29250,-0.16380,-0.79950,0.86694,995.30,1000,4.70,50.00,201,2.2147,-0.5960,LOCK,0,normal
329,315129,3599,3617,-0.01170,-0.40170,-0.81900,0.91228,995.30,1000,4.70,50.00,201,2.2288,-0.3820,LOCK,0,normal
330,315139,3609,3627,-0.28080,0.19500,-0.68640,0.76682,995.31,1000,4.69,50.00,201,2.2338,-0.3060,LOCK,0,normal
331,315148,3618,3636,-0.26130,-0.32370,-0.81510,0.91512,995.31,1000,4.69,50.00,201,2.2220,-0.4852,LOCK,0,normal
332,315156,3626,3644,-0.26130,-0.32370,-0.81510,0.91512,995.31,1000,4.69,50.00,201,2.2112,-0.6485,LOCK,0,normal
333,315164,3634,3652,-0.28860,0.08190,-0.93210,0.97919,995.31,1000,4.69,50.00,201,2.2174,-0.5544,LOCK,0,normal
334,315173,3643,3661,-0.17160,0.15210,-0.77610,0.80927,995.30,1000,4.70,50.00,201,2.2075,-0.7040,LOCK,0,normal
335,315181,3651,3669,0.26520,-0.06240,-0.81510,0.85943,995.29,1000,4.71,50.00,201,2.2271,-0.4073,LOCK,0,normal
336,315190,3660,3678,0.01560,-0.07410,-0.72540,0.72934,995.28,1000,4.72,50.00,201,2.2346,-0.2938,LOCK,0,normal
337,315198,3668,3686,0.01560,-0.07410,-0.72540,0.72934,995.27,1000,4.73,50.00,201,2.2289,-0.3805,LOCK,0,normal
338,315207,3677,3695,-0.35880,-0.13650,-0.73710,0.83108,995.27,1000,4.73,50.00,201,2.2131,-0.6204,LOCK,0,normal
339,315215,3685,3703,-0.17550,-0.32370,-0.85020,0.92651,995.26,1000,4.74,50.00,201,2.2311,-0.3469,LOCK,0,normal
340,315224,3694,3712,-0.25350,0.14430,-0.85410,0.90254,995.26,1000,4.74,50.00,201,2.2153,-0.5868,LOCK,0,normal
341,315232,3702,3720,0.06240,0.08580,-0.75660,0.76400,995.27,1000,4.73,50.00,201,2.2221,-0.4827,LOCK,0,normal
342,315247,3717,3735,0.31980,-0.11310,-0.71760,0.79373,995.28,1000,4.72,50.00,201,2.2287,-0.3832,LOCK,0,normal
343,315255,3725,3743,-0.13260,-0.26910,-0.62790,0.69589,995.29,1000,4.71,50.00,201,2.2185,-0.5377,LOCK,0,normal
344,315264,3734,3752,-0.40950,0.16380,-0.77220,0.88928,995.29,1000,4.71,50.00,201,2.2238,-0.4577,LOCK,0,normal
345,315272,3742,3760,-0.31590,-0.26520,-0.83850,0.93445,995.30,1000,4.70,50.00,201,2.2009,-0.8051,LOCK,0,normal
346,315281,3751,3769,-0.15210,0.14040,-0.74880,0.77688,995.31,1000,4.69,50.00,201,2.2051,-0.7410,LOCK,0,normal
347,315290,3760,3778,-0.15210,0.14040,-0.74880,0.77688,995.31,1000,4.69,50.00,201,2.2310,-0.3484,LOCK,0,normal
348,315298,3768,3786,0.17550,-0.03120,-0.81510,0.83436,995.32,1000,4.68,50.00,201,2.2316,-0.3389,LOCK,0,normal
349,315307,3777,3795,0.29250,-0.02340,-0.72150,0.77889,995.33,1000,4.67,50.00,201,2.2193,-0.5264,LOCK,0,normal
350,315315,3785,3803,-0.18330,-0.24570,-0.65910,0.72690,995.33,1000,4.67,50.00,201,2.2201,-0.5129,LOCK,0,normal
351,315323,3793,3811,-0.39390,0.50310,-0.59670,0.87425,995.34,1000,4.66,50.00,201,2.2135,-0.6140,LOCK,0,normal
352,315332,3802,3820,-0.39390,0.50310,-0.59670,0.87425,995.34,1000,4.66,50.00,201,2.2082,-0.6946,LOCK,0,normal
353,315344,3814,3832,-0.06240,-0.24570,-0.89310,0.92838,995.35,1000,4.65,50.00,201,2.2308,-0.3515,LOCK,0,normal
354,315353,3823,3841,0.21450,-0.24180,-0.74100,0.80843,995.35,1000,4.65,50.00,201,2.2297,-0.3685,LOCK,0,normal
355,315361,3831,3849,0.21450,-0.24180,-0.74100,0.80843,995.35,1000,4.65,50.00,201,2.2212,-0.4964,LOCK,0,normal
356,315370,3840,3858,0.03900,-0.10140,-0.71370,0.72192,995.36,1000,4.64,50.00,201,2.2212,-0.4971,LOCK,0,normal
357,315378,3848,3866,-0.03120,-0.35100,-0.72150,0.80295,995.36,1000,4.64,50.00,201,2.2315,-0.3411,LOCK,0,normal
358,315387,3857,3875,-0.50700,-0.03900,-0.40560,0.65045,995.36,1000,4.64,50.00,201,2.2151,-0.5899,LOCK,0,normal
359,315395,3865,3883,-0.46800,0.31200,-0.76440,0.94904,995.36,1000,4.64,50.00,201,2.2330,-0.3176,LOCK,0,normal
360,315404,3874,3892,-0.46800,0.31200,-0.76440,0.94904,995.37,1000,4.63,50.00,201,2.2280,-0.3945,LOCK,0,normal
361,315412,3882,3900,-0.19110,-0.12480,-0.90090,0.92936,995.36,1000,4.64,50.00,201,2.2218,-0.4885,LOCK,0,normal
362,315420,3890,3908,0.21060,-0.22620,-0.78000,0.83900,995.35,1000,4.65,50.00,201,2.2269,-0.4101,LOCK,0,normal
363,315429,3899,3917,0.15990,-0.33540,-0.83850,0.91714,995.34,1000,4.66,50.00,201,2.2122,-0.6338,LOCK,0,normal
364,315437,3907,3925,0.02340,-0.11310,-0.69810,0.70759,995.33,1000,4.67,50.00,201,2.2235,-0.4620,LOCK,0,normal
365,315452,3922,3940,-0.43290,-0.02340,-0.44460,0.62098,995.33,1000,4.67,50.00,201,2.2296,-0.3692,LOCK,0,normal
366,315461,3931,3949,-0.46800,0.10530,-0.54210,0.72387,995.32,1000,4.68,50.00,201,2.2105,-0.6585,LOCK,0,normal
367,315469,3939,3957,-0.06630,0.08970,-0.88920,0.89617,995.32,1000,4.68,50.00,201,2.2047,-0.7471,LOCK,0,normal
368,315478,3948,3966,0.13260,-0.16380,-0.89700,0.92142,995.32,1000,4.68,50.00,201,2.2187,-0.5349,LOCK,0,normal
369,315486,3956,3974,0.14040,0.11700,-0.82680,0.84676,995.32,1000,4.68,50.00,201,2.2144,-0.5999,LOCK,0,normal
370,315495,3965,3983,0.14040,0.11700,-0.82680,0.84676,995.31,1000,4.69,50.00,201,2.2321,-0.3325,LOCK,0,normal
371,315504,3974,3992,-0.12480,0.03900,-0.88140,0.89105,995.31,1000,4.69,50.00,201,2.2305,-0.3560,LOCK,0,normal
372,315512,3982,4000,-0.33540,-0.01170,-0.49140,0.59507,995.31,1000,4.69,50.00,201,2.2131,-0.6204,LOCK,0,normal
373,315520,3990,4008,-0.41730,0.16380,-0.61620,0.76202,995.31,1000,4.69,50.00,201,2.2177,-0.5496,LOCK,0,normal
374,315529,3999,4017,-0.07410,-0.19890,-0.91650,0.94076,995.30,1000,4.70,50.00,201,2.2153,-0.5868,LOCK,0,normal
375,315537,4007,4025,0.09360,-0.09750,-1.01790,1.02683,995.29,1000,4.71,50.00,201,2.2176,-0.5514,LOCK,0,normal
376,315549,4019,4037,0.03120,0.08970,-0.83460,0.83999,995.28,1000,4.72,50.00,201,2.2292,-0.3756,LOCK,0,normal
377,315557,4027,4045,0.03120,0.08970,-0.83460,0.83999,995.27,1000,4.73,50.00,201,2.2318,-0.3365,LOCK,0,normal
378,315566,4036,4054,-0.16770,-0.22230,-0.94770,0.98776,995.27,1000,4.73,50.00,201,2.2085,-0.6900,LOCK,0,normal
379,315574,4044,4062,-0.26910,0.35880,-0.54210,0.70358,995.26,1000,4.74,50.00,201,2.2187,-0.5346,LOCK,0,normal
380,315583,4053,4071,-0.61230,0.05850,-0.52650,0.80965,995.25,1000,4.75,50.00,201,2.2174,-0.5547,LOCK,0,normal
381,315591,4061,4079,-0.13650,-0.19110,-0.93600,0.96501,995.24,1000,4.76,50.00,201,2.2178,-0.5490,LOCK,0,normal
382,315599,4069,4087,0.14040,0.15600,-0.89310,0.91743,995.22,1000,4.78,50.00,201,2.2281,-0.3917,LOCK,0,normal
383,315608,4078,4096,0.14040,0.15600,-0.89310,0.91743,995.21,1000,4.79,50.00,201,2.2298,-0.3670,LOCK,0,normal
384,315616,4086,4104,-0.03510,-0.31200,-0.86190,0.91730,995.20,1000,4.80,50.00,201,2.2028,-0.7751,LOCK,0,normal
385,315625,4095,4113,-0.15210,0.06630,-0.76830,0.78601,995.18,1000,4.82,50.00,201,2.2238,-0.4577,LOCK,0,normal
386,315633,4103,4121,-0.24570,-0.02340,-0.71760,0.75886,995.18,1000,4.82,50.00,201,2.2154,-0.5844,LOCK,0,normal
387,315642,4112,4130,-0.36660,-0.03120,-0.78780,0.86948,995.17,1000,4.83,50.00,201,2.2273,-0.4046,LOCK,0,normal
388,315656,4126,4144,-0.14820,-0.08580,-0.94380,0.95921,995.16,1000,4.84,50.00,201,2.2304,-0.3582,LOCK,0,normal
389,315665,4135,4153,0.10530,0.12090,-0.91650,0.93042,995.15,1000,4.85,50.00,201,2.2240,-0.4552,LOCK,0,normal
390,315673,4143,4161,0.06240,-0.30030,-0.82680,0.88186,995.14,1000,4.86,50.00,201,2.2192,-0.5273,LOCK,0,normal
391,315682,4152,4170,-0.24180,0.31590,-0.74880,0.84792,995.13,1000,4.87,50.00,201,2.2002,-0.8148,LOCK,0,normal
392,315690,4160,4178,-0.24180,0.31590,-0.74880,0.84792,995.13,1000,4.87,50.00,201,2.2134,-0.6149,LOCK,0,normal
393,315700,4170,4188,-0.51480,0.44850,-0.85020,1.09042,995.12,1000,4.88,50.00,201,2.2319,-0.3356,LOCK,0,normal
394,315708,4178,4196,-0.26130,-0.02340,-0.71370,0.76039,995.11,1000,4.89,50.00,201,2.2246,-0.4461,LOCK,0,normal
395,315717,4187,4205,0.02730,0.05070,-0.90090,0.90274,995.12,1000,4.88,50.00,201,2.2088,-0.6842,LOCK,0,normal
396,315725,4195,4213,-0.03120,-0.19500,-0.89310,0.91467,995.13,1000,4.87,50.00,201,2.2293,-0.3743,LOCK,0,normal
397,315733,4203,4221,0.01950,0.09750,-0.77610,0.78244,995.14,1000,4.86,50.00,201,2.2225,-0.4778,LOCK,0,normal
398,315742,4212,4230,0.01950,0.09750,-0.77610,0.78244,995.14,1000,4.86,50.00,201,2.2210,-0.5007,LOCK,0,normal
399,315753,4223,4241,-0.14430,-0.26910,-0.80730,0.86312,995.15,1000,4.85,50.00,201,2.2315,-0.3408,LOCK,0,normal
400,315762,4232,4250,-0.14430,-0.26910,-0.80730,0.86312,995.15,1000,4.85,50.00,201,2.2340,-0.3032,LOCK,0,normal
401,315770,4240,4258,-0.27690,0.13650,-0.64350,0.71372,995.13,1000,4.87,50.00,201,2.2073,-0.7077,LOCK,0,normal
402,315778,4248,4266,0.01560,-0.06630,-0.66300,0.66649,995.11,1000,4.89,50.00,201,2.2195,-0.5230,LOCK,0,normal
403,315787,4257,4275,0.03900,-0.01950,-0.90090,0.90195,995.09,1000,4.91,50.00,201,2.2248,-0.4427,LOCK,0,normal
404,315795,4265,4283,-0.10920,-0.08970,-0.86580,0.87726,995.08,1000,4.92,50.00,201,2.2141,-0.6045,LOCK,0,normal
405,315804,4274,4292,-0.10920,-0.08970,-0.86580,0.87726,995.06,1000,4.94,50.00,201,2.2339,-0.3041,LOCK,0,normal
406,315812,4282,4300,-0.34710,0.10140,-0.67470,0.76549,995.05,1000,4.95,50.00,201,2.2274,-0.4033,LOCK,0,normal
407,315821,4291,4309,-0.07800,-0.12870,-0.73320,0.74849,995.04,1000,4.96,50.00,201,2.2236,-0.4601,LOCK,0,normal
408,315829,4299,4317,-0.10140,-0.26910,-0.75270,0.80576,995.03,1000,4.97,50.00,201,2.2201,-0.5132,LOCK,0,normal
409,315838,4308,4326,0.14040,-0.21060,-0.66690,0.71332,995.02,1000,4.98,50.00,201,2.2016,-0.7935,LOCK,0,normal
410,315846,4316,4334,0.09360,0.07020,-0.62010,0.63104,995.01,1000,4.99,50.00,201,2.2209,-0.5022,LOCK,0,normal
411,315861,4331,4349,-0.08580,-0.59280,-1.01790,1.18106,995.00,1000,5.00,50.00,201,2.2306,-0.3542,LOCK,0,normal
412,315869,4339,4357,-0.33540,0.38610,-0.71370,0.87803,995.00,1000,5.00,50.00,201,2.2104,-0.6607,LOCK,0,normal
413,315878,4348,4366,-0.22230,0.04290,-0.76440,0.79722,994.99,1000,5.01,50.00,201,2.2149,-0.5923,LOCK,0,normal
414,315886,4356,4374,-0.08970,-0.23400,-0.71370,0.75642,994.99,1000,5.01,50.00,201,2.2138,-0.6085,LOCK,0,normal
415,315895,4365,4383,-0.08970,-0.23400,-0.71370,0.75642,994.99,1000,5.01,50.00,201,2.2018,-0.7907,LOCK,0,normal
416,315904,4374,4392,0.17160,-0.26910,-0.50310,0.59579,994.99,1000,5.01,50.00,201,2.2330,-0.3182,LOCK,0,normal
417,315912,4382,4400,-0.00780,-0.01950,-0.82680,0.82707,994.99,1000,5.01,50.00,201,2.2247,-0.4436,LOCK,0,normal
418,315921,4391,4409,-0.16770,-0.09360,-1.02960,1.04736,994.99,1000,5.01,50.00,201,2.2134,-0.6146,LOCK,0,normal
419,315929,4399,4417,-0.40560,0.22620,-0.66690,0.81267,994.99,1000,5.01,50.00,201,2.2252,-0.4360,LOCK,0,normal
420,315937,4407,4425,-0.28470,0.11700,-0.73710,0.79879,994.99,1000,5.01,50.00,201,2.2176,-0.5517,LOCK,0,normal
421,315946,4416,4434,-0.28470,0.11700,-0.73710,0.79879,994.99,1000,5.01,50.00,201,2.2204,-0.5096,LOCK,0,normal
422,315959,4429,4447,0.07800,-0.16770,-0.65520,0.68080,994.97,1000,5.03,50.00,201,2.2256,-0.4296,LOCK,0,normal
423,315967,4437,4455,0.07800,-0.16770,-0.65520,0.68080,994.96,1000,5.04,50.00,201,2.2294,-0.3725,LOCK,0,normal
424,315976,4446,4464,0.00780,-0.35490,-1.00620,1.06698,994.94,1000,5.06,50.00,201,2.2089,-0.6836,LOCK,0,normal
425,315984,4454,4472,-0.13260,0.09750,-0.84240,0.85833,994.93,1000,5.07,50.00,201,2.2205,-0.5077,LOCK,0,normal
426,315992,4462,4480,-0.36660,0.01950,-0.61230,0.71392,994.92,1000,5.08,50.00,201,2.2168,-0.5642,LOCK,0,normal
427,316001,4471,4489,-0.26130,-0.14430,-0.53430,0.61203,994.91,1000,5.09,50.00,201,2.2172,-0.5581,LOCK,0,normal
428,316009,4479,4497,-0.14430,0.12480,-0.81900,0.84093,994.90,1000,5.10,50.00,201,2.2302,-0.3609,LOCK,0,normal
429,316018,4488,4506,-0.14430,0.12480,-0.81900,0.84093,994.88,1000,5.12,50.00,201,2.2304,-0.3582,LOCK,0,normal
430,316026,4496,4514,0.08190,-0.39000,-0.96720,1.04608,994.86,1000,5.14,50.00,201,2.2172,-0.5578,LOCK,0,normal
431,316035,4505,4523,0.10140,0.08970,-0.86190,0.87247,994.84,1000,5.16,50.00,201,2.2274,-0.4036,LOCK,0,normal
432,316043,4513,4531,-0.14430,-0.14040,-0.86580,0.88890,994.83,1000,5.17,50.00,201,2.2104,-0.6601,LOCK,0,normal
433,316051,4521,4539,-0.46800,0.65130,-0.60840,1.00666,994.82,1000,5.18,50.00,201,2.2275,-0.4018,LOCK,0,normal
434,316067,4537,4555,-0.50310,0.25740,-0.60450,0.82752,994.81,1000,5.19,50.00,201,2.2307,-0.3536,LOCK,0,normal
435,316075,4545,4563,-0.05460,-0.31980,-0.92040,0.97590,994.79,1000,5.21,50.00,201,2.1964,-0.8722,LOCK,0,normal
436,316084,4554,4572,0.11700,-0.17550,-0.93600,0.95947,994.78,1000,5.22,50.00,201,2.2142,-0.6036,LOCK,0,normal
437,316092,4562,4580,0.02730,0.07410,-0.78000,0.78399,994.77,1000,5.23,50.00,201,2.2192,-0.5273,LOCK,0,normal
438,316100,4570,4588,0.02730,0.07410,-0.78000,0.78399,994.76,1000,5.24,50.00,201,2.2196,-0.5215,LOCK,0,normal
439,316109,4579,4597,-0.19500,-0.40950,-0.85410,0.96706,994.76,1000,5.24,50.00,201,2.2350,-0.2880,LOCK,0,normal
440,316117,4587,4605,-0.26520,0.13260,-0.59670,0.66631,994.75,1000,5.25,50.00,201,2.2281,-0.3917,LOCK,0,normal
441,316126,4596,4614,-0.26910,0.13650,-0.82290,0.87648,994.74,1000,5.26,50.00,201,2.2155,-0.5831,LOCK,0,normal
442,316134,4604,4622,-0.20670,0.00000,-0.97500,0.99667,994.74,1000,5.26,50.00,201,2.2243,-0.4501,LOCK,0,normal
443,316143,4613,4631,-0.20670,0.00000,-0.97500,0.99667,994.74,1000,5.26,50.00,201,2.2027,-0.7773,LOCK,0,normal
444,316151,4621,4639,0.27300,0.22620,-0.78390,0.86035,994.74,1000,5.26,50.00,201,2.2062,-0.7239,LOCK,0,normal
445,316163,4633,4651,-0.07020,-0.34710,-0.81900,0.89228,994.74,1000,5.26,50.00,201,2.2297,-0.3685,LOCK,0,normal
446,316171,4641,4659,-0.20280,0.08970,-0.75660,0.78843,994.74,1000,5.26,50.00,201,2.2140,-0.6057,LOCK,0,normal
447,316180,4650,4668,-0.37440,-0.12870,-0.79560,0.88866,994.74,1000,5.26,50.00,201,2.2076,-0.7028,LOCK,0,normal
448,316188,4658,4676,-0.33150,0.05850,-0.72930,0.80324,994.74,1000,5.26,50.00,201,2.2149,-0.5917,LOCK,0,normal
449,316197,4667,4685,-0.01950,0.11700,-0.92040,0.92801,994.72,1000,5.28,50.00,201,2.2160,-0.5761,LOCK,0,normal
450,316205,4675,4693,0.12870,0.19890,-0.83070,0.86382,994.71,1000,5.29,50.00,201,2.2161,-0.5749,LOCK,0,normal
451,316213,4683,4701,0.12870,0.19890,-0.83070,0.86382,994.70,1000,5.30,50.00,201,2.2232,-0.4659,LOCK,0,normal
452,316222,4692,4710,0.03900,-0.34320,-0.79560,0.86734,994.68,1000,5.32,50.00,201,2.2321,-0.3319,LOCK,0,normal
453,316230,4700,4718,-0.16770,0.17550,-0.74100,0.77975,994.67,1000,5.33,50.00,201,2.2085,-0.6891,LOCK,0,normal
454,316239,4709,4727,-0.52260,-0.10140,-0.88920,1.03637,994.66,1000,5.34,50.00,201,2.2273,-0.4046,LOCK,0,normal
455,316247,4717,4735,-0.23010,-0.18330,-0.85020,0.89966,994.66,1000,5.34,50.00,201,2.2115,-0.6433,LOCK,0,normal
456,316256,4726,4744,0.17550,0.11310,-0.91260,0.93618,994.63,1000,5.37,50.00,201,2.2270,-0.4095,LOCK,0,normal
457,316271,4741,4759,0.04290,-0.21060,-0.79560,0.82412,994.60,1000,5.40,50.00,201,2.2305,-0.3566,LOCK,0,normal
458,316280,4750,4768,0.05070,-0.03900,-0.72150,0.72433,994.57,1000,5.43,50.00,201,2.2211,-0.4986,LOCK,0,normal
459,316288,4758,4776,-0.41730,-0.21840,-0.61620,0.77559,994.55,1000,5.45,50.00,201,2.2055,-0.7348,LOCK,0,normal
460,316297,4767,4785,-0.09750,-0.47580,-0.71370,0.86328,994.53,1000,5.47,50.00,201,2.2125,-0.6286,LOCK,0,normal
461,316305,4775,4793,-0.09750,-0.47580,-0.71370,0.86328,994.52,1000,5.48,50.00,201,2.2092,-0.6790,LOCK,0,normal
462,316314,4784,4802,-0.25350,0.25740,-0.95550,1.02152,994.51,1000,5.49,50.00,201,2.2298,-0.3670,LOCK,0,normal
463,316322,4792,4810,0.31200,-0.01170,-0.86970,0.92404,994.51,1000,5.49,50.00,201,2.2306,-0.3542,LOCK,0,normal
464,316331,4801,4819,0.07020,0.12090,-0.79950,0.81163,994.51,1000,5.49,50.00,201,2.2057,-0.7318,LOCK,0,normal
465,316339,4809,4827,-0.14040,-0.28080,-0.77610,0.83719,994.51,1000,5.49,50.00,201,2.2129,-0.6234,LOCK,0,normal
466,316347,4817,4835,-0.14040,-0.28080,-0.77610,0.83719,994.51,1000,5.49,50.00,201,2.2162,-0.5731,LOCK,0,normal
467,316356,4826,4844,-0.32760,0.03900,-0.55380,0.64462,994.51,1000,5.49,50.00,201,2.2188,-0.5328,LOCK,0,normal
468,316369,4839,4857,-0.14040,-0.20280,-0.76050,0.79950,994.50,1000,5.50,50.00,201,2.2299,-0.3655,LOCK,0,normal
469,316378,4848,4866,-0.14040,-0.20280,-0.76050,0.79950,994.51,1000,5.49,50.00,201,2.2307,-0.3527,LOCK,0,normal
470,316386,4856,4874,0.08580,-0.06630,-0.99450,1.00039,994.51,1000,5.49,50.00,201,2.2070,-0.7120,LOCK,0,normal
471,316395,4865,4883,0.09360,0.10920,-0.88140,0.89306,994.51,1000,5.49,50.00,201,2.2119,-0.6384,LOCK,0,normal
472,316403,4873,4891,-0.06240,-0.40170,-0.89310,0.98127,994.52,1000,5.48,50.00,201,2.2175,-0.5523,LOCK,0,normal
473,316412,4882,4900,-0.40560,0.40560,-0.46410,0.73784,994.52,1000,5.48,50.00,201,2.2308,-0.3508,LOCK,0,normal
474,316420,4890,4908,-0.28470,0.40950,-0.72930,0.88353,994.52,1000,5.48,50.00,201,2.2328,-0.3212,LOCK,0,normal
475,316429,4899,4917,-0.28470,0.40950,-0.72930,0.88353,994.52,1000,5.48,50.00,201,2.2230,-0.4690,LOCK,0,normal
476,316437,4907,4925,-0.19110,-0.05070,-0.81120,0.83495,994.50,1000,5.50,50.00,201,2.2157,-0.5798,LOCK,0,normal
477,316446,4916,4934,0.12870,-0.02730,-0.73710,0.74875,994.48,1000,5.52,50.00,201,2.2275,-0.4021,LOCK,0,normal
478,316454,4924,4942,0.06630,-0.38610,-0.78780,0.87983,994.47,1000,5.53,50.00,201,2.2077,-0.7013,LOCK,0,normal
479,316462,4932,4950,-0.03510,-0.10140,-0.72930,0.73715,994.45,1000,5.55,50.00,201,2.2313,-0.3435,LOCK,0,normal
480,316476,4946,4964,-0.37050,0.49140,-0.44460,0.75922,994.44,1000,5.56,50.00,201,2.2303,-0.3585,LOCK,0,normal
481,316484,4954,4972,-0.22230,0.32370,-0.72150,0.82144,994.43,1000,5.57,50.00,201,2.2178,-0.5480,LOCK,0,normal
482,316493,4963,4981,-0.18720,-0.07410,-0.88920,0.91171,994.42,1000,5.58,50.00,201,2.2131,-0.6198,LOCK,0,normal
483,316501,4971,4989,-0.18720,-0.07410,-0.88920,0.91171,994.42,1000,5.58,50.00,201,2.2119,-0.6372,LOCK,0,normal
484,316510,4980,4998,0.25740,-0.23010,-0.65910,0.74405,994.42,1000,5.58,50.00,201,2.2165,-0.5682,LOCK,0,normal
485,316519,4989,5007,-0.08580,-0.33150,-0.63570,0.72206,994.42,1000,5.58,50.00,201,2.2305,-0.3566,LOCK,0,normal
486,316527,4997,5015,-0.24570,0.35100,-0.75660,0.86949,994.42,1000,5.58,50.00,201,2.2344,-0.2965,LOCK,0,normal
487,316536,5006,5024,-0.44850,0.18720,-0.92040,1.04083,994.42,1000,5.58,50.00,201,2.2208,-0.5026,LOCK,0,normal
488,316544,5014,5032,-0.12870,0.25740,-0.77610,0.82774,994.42,1000,5.58,50.00,201,2.2147,-0.5960,LOCK,0,normal
489,316552,5022,5040,-0.12870,0.25740,-0.77610,0.82774,994.42,1000,5.58,50.00,201,2.2185,-0.5374,LOCK,0,normal
490,316561,5031,5049,-0.04290,0.01560,-0.67860,0.68013,994.41,1000,5.59,50.00,201,2.2122,-0.6335,LOCK,0,normal
491,316573,5043,5061,-0.01170,-0.53040,-0.65130,0.84003,994.40,1000,5.60,50.00,201,2.2242,-0.4516,LOCK,0,normal
492,316581,5051,5069,0.00390,0.15600,-0.74100,0.75725,994.39,1000,5.61,50.00,201,2.2306,-0.3539,LOCK,0,normal
493,316589,5059,5077,-0.23790,-0.21450,-1.05690,1.10438,994.38,1000,5.62,50.00,201,2.2184,-0.5401,LOCK,0,normal
494,316598,5068,5086,-0.20280,-0.08580,-0.66300,0.69861,994.38,1000,5.62,50.00,201,2.2071,-0.7107,LOCK,0,normal
495,316606,5076,5094,-0.37830,-0.19890,-0.67860,0.80198,994.37,1000,5.63,50.00,201,2.2260,-0.4244,LOCK,0,normal
496,316615,5085,5103,0.05070,-0.31980,-0.70200,0.77308,994.35,1000,5.65,50.00,201,2.2285,-0.3869,LOCK,0,normal
497,316624,5094,5112,0.05070,-0.31980,-0.70200,0.77308,994.33,1000,5.67,50.00,201,2.2286,-0.3844,LOCK,0,normal
498,316633,5103,5121,0.02340,-0.22620,-0.55380,0.59867,994.32,1000,5.68,50.00,201,2.2330,-0.3179,LOCK,0,normal
499,316641,5111,5129,0.01170,0.05070,-0.83850,0.84011,994.30,1000,5.70,50.00,201,2.2167,-0.5654,LOCK,0,normal
500,316649,5119,5137,-0.28080,-0.07800,-1.02960,1.07005,994.29,1000,5.71,50.00,201,2.2344,-0.2971,LOCK,0,normal
501,316658,5128,5146,-0.26130,0.14040,-0.80340,0.85641,994.28,1000,5.72,50.00,201,2.2040,-0.7580,LOCK,0,normal
502,316666,5136,5154,-0.00390,-0.16770,-0.68640,0.70660,994.27,1000,5.73,50.00,201,2.2254,-0.4327,LOCK,0,normal
503,316680,5150,5168,-0.15990,0.06240,-0.67470,0.69619,994.27,1000,5.73,50.00,201,2.2312,-0.3447,LOCK,0,normal
504,316688,5158,5176,0.10920,-0.03120,-0.67860,0.68804,994.27,1000,5.73,50.00,201,2.2111,-0.6506,LOCK,0,normal
505,316697,5167,5185,-0.23790,-0.39390,-0.70980,0.84591,994.27,1000,5.73,50.00,201,2.2238,-0.4577,LOCK,0,normal
506,316705,5175,5193,-0.23790,-0.39390,-0.70980,0.84591,994.27,1000,5.73,50.00,201,2.2194,-0.5245,LOCK,0,normal
507,316714,5184,5202,-0.26520,0.33930,-0.89310,0.99151,994.27,1000,5.73,50.00,201,2.2152,-0.5886,LOCK,0,normal
508,316723,5193,5211,-0.26520,-0.00780,-1.10370,1.13514,994.28,1000,5.72,50.00,201,2.2325,-0.3264,LOCK,0,normal
509,316732,5202,5220,-0.24180,-0.07800,-0.87360,0.90980,994.28,1000,5.72,50.00,201,2.2280,-0.3942,LOCK,0,normal
510,316740,5210,5228,0.05460,0.00000,-0.76050,0.76246,994.26,1000,5.74,50.00,201,2.2217,-0.4900,LOCK,0,normal
511,316748,5218,5236,0.19500,-0.11310,-0.74100,0.77453,994.24,1000,5.76,50.00,201,2.2150,-0.5911,LOCK,0,normal
512,316757,5227,5245,0.19500,-0.11310,-0.74100,0.77453,994.23,1000,5.77,50.00,201,2.2034,-0.7660,LOCK,0,normal
513,316765,5235,5253,-0.01560,-0.26520,-0.71370,0.76154,994.22,1000,5.78,50.00,201,2.2146,-0.5963,LOCK,0,normal
514,316778,5248,5266,-0.39000,-0.01170,-0.64350,0.75255,994.21,1000,5.79,50.00,201,2.2294,-0.3731,LOCK,0,normal
515,316786,5256,5274,-0.41340,0.28860,-1.03350,1.14992,994.20,1000,5.80,50.00,201,2.2301,-0.3627,LOCK,0,normal
516,316795,5265,5283,-0.34710,0.16380,-1.07250,1.13911,994.19,1000,5.81,50.00,201,2.2152,-0.5883,LOCK,0,normal
517,316803,5273,5291,0.12480,0.23400,-0.88140,0.92043,994.14,1000,5.86,50.00,201,2.2142,-0.6036,LOCK,0,normal
518,316811,5281,5299,0.12870,0.21450,-0.78780,0.82656,994.09,1000,5.91,50.00,201,2.2108,-0.6546,LOCK,0,normal
519,316820,5290,5308,0.12870,0.21450,-0.78780,0.82656,994.05,1000,5.95,50.00,201,2.2106,-0.6582,LOCK,0,normal
520,316828,5298,5316,0.03120,-0.00780,-0.64740,0.64820,994.01,1000,5.99,50.00,201,2.2255,-0.4314,LOCK,0,normal
521,316837,5307,5325,-0.48750,-0.03510,-0.58890,0.76530,993.98,1000,6.02,50.00,201,2.2327,-0.3225,LOCK,0,normal
522,316845,5315,5333,-0.45240,0.09750,-0.95940,1.06519,993.95,1000,6.05,50.00,201,2.2212,-0.4971,LOCK,0,normal
523,316854,5324,5342,-0.26520,0.17160,-0.82680,0.88509,993.92,1000,6.08,50.00,201,2.2192,-0.5273,LOCK,0,normal
524,316862,5332,5350,0.11310,-0.06240,-0.80730,0.81757,993.88,1000,6.12,50.00,201,2.2095,-0.6744,LOCK,0,normal
525,316871,5341,5359,0.11310,-0.06240,-0.80730,0.81757,993.85,1000,6.15,50.00,201,2.2277,-0.3991,LOCK,0,normal
526,316887,5357,5375,-0.01560,-0.24180,-0.80340,0.83914,993.81,1000,6.19,50.00,201,2.2301,-0.3618,LOCK,0,normal
527,316895,5365,5383,-0.34710,0.16380,-0.47190,0.60827,993.78,1000,6.22,50.00,201,2.2139,-0.6073,LOCK,0,normal
528,316903,5373,5391,-0.31590,-0.05460,-0.57720,0.66025,993.76,1000,6.24,50.00,201,2.2274,-0.4024,LOCK,0,normal
529,316912,5382,5400,-0.31590,-0.05460,-0.57720,0.66025,993.73,1000,6.27,50.00,201,2.2148,-0.5944,LOCK,0,normal
530,316920,5390,5408,-0.13260,-0.37050,-0.85410,0.94039,993.74,1000,6.26,50.00,201,2.2190,-0.5300,LOCK,0,normal
531,316931,5401,5419,0.17160,-0.32370,-1.00230,1.06716,993.75,1000,6.25,50.00,201,2.2279,-0.3948,LOCK,0,normal
532,316940,5410,5428,0.04290,-0.08190,-0.91650,0.92115,993.76,1000,6.24,50.00,201,2.2315,-0.3414,LOCK,0,normal
533,316948,5418,5436,-0.04290,-0.15990,-0.91260,0.92750,993.76,1000,6.24,50.00,201,2.2000,-0.8188,LOCK,0,normal
534,316957,5427,5445,-0.31590,0.17160,-0.60060,0.69997,993.77,1000,6.23,50.00,201,2.2174,-0.5547,LOCK,0,normal
535,316965,5435,5453,-0.42900,0.25740,-0.59280,0.77570,993.77,1000,6.23,50.00,201,2.2142,-0.6027,LOCK,0,normal
536,316974,5444,5462,-0.42900,0.25740,-0.59280,0.77570,993.78,1000,6.22,50.00,201,2.2254,-0.4339,LOCK,0,normal
537,316983,5453,5471,-0.15600,-0.30420,-0.64350,0.72867,993.78,1000,6.22,50.00,201,2.2288,-0.3823,LOCK,0,normal
538,316992,5462,5480,0.11700,-0.13260,-0.77610,0.79599,993.79,1000,6.21,50.00,201,2.2293,-0.3743,LOCK,0,normal
539,317000,5470,5488,-0.00780,-0.19890,-0.90870,0.93025,993.79,1000,6.21,50.00,201,2.2223,-0.4803,LOCK,0,normal
540,317009,5479,5497,-0.08190,0.16380,-0.80730,0.82781,993.80,1000,6.20,50.00,201,2.2152,-0.5883,LOCK,0,normal
541,317017,5487,5505,-0.23790,0.24570,-0.61620,0.70475,993.80,1000,6.20,50.00,201,2.2173,-0.5557,LOCK,0,normal
542,317026,5496,5514,-0.22620,0.10530,-0.48360,0.54417,993.81,1000,6.19,50.00,201,2.2293,-0.3737,LOCK,0,normal
543,317034,5504,5522,-0.22620,0.10530,-0.48360,0.54417,993.81,1000,6.19,50.00,201,2.2294,-0.3728,LOCK,0,normal
544,317043,5513,5531,-0.33930,-0.10140,-0.54600,0.65079,993.78,1000,6.22,50.00,201,2.2308,-0.3515,LOCK,0,normal
545,317051,5521,5539,0.08190,-0.16380,-0.84630,0.86589,993.76,1000,6.24,50.00,201,2.2195,-0.5221,LOCK,0,normal
546,317060,5530,5548,0.10920,-0.06240,-0.96330,0.97148,993.74,1000,6.26,50.00,201,2.2281,-0.3924,LOCK,0,normal
547,317068,5538,5556,-0.23400,0.17160,-0.90090,0.94648,993.73,1000,6.27,50.00,201,2.2209,-0.5010,LOCK,0,normal
548,317076,5546,5564,-0.02730,-0.37050,-0.56550,0.67661,993.71,1000,6.29,50.00,201,2.2252,-0.4369,LOCK,0,normal
549,317090,5560,5578,-0.43290,0.09750,-0.54600,0.70358,993.70,1000,6.30,50.00,201,2.2294,-0.3734,LOCK,0,normal
550,317099,5569,5587,-0.04290,0.02340,-0.60840,0.61036,993.66,1000,6.34,50.00,201,2.2135,-0.6143,LOCK,0,normal
551,317107,5577,5595,0.05070,-0.19500,-0.98670,1.00706,993.63,1000,6.37,50.00,201,2.2181,-0.5441,LOCK,0,normal
552,317116,5586,5604,0.05070,-0.19500,-0.98670,1.00706,993.60,1000,6.40,50.00,201,2.2100,-0.6671,LOCK,0,normal
553,317124,5594,5612,0.04290,0.05070,-0.85410,0.85668,993.57,1000,6.43,50.00,201,2.2193,-0.5261,LOCK,0,normal
554,317134,5604,5622,-0.04680,-0.38610,-0.87750,0.95983,993.55,1000,6.45,50.00,201,2.2258,-0.4269,LOCK,0,normal
555,317142,5612,5630,-0.27300,0.17940,-0.54600,0.63626,993.53,1000,6.47,50.00,201,2.2275,-0.4012,LOCK,0,normal
556,317150,5620,5638,-0.58890,-0.19890,-0.51480,0.80708,993.51,1000,6.49,50.00,201,2.2149,-0.5929,LOCK,0,normal
557,317159,5629,5647,-0.27690,-0.15990,-0.85800,0.91564,993.48,1000,6.52,50.00,201,2.2105,-0.6588,LOCK,0,normal
558,317167,5637,5655,-0.27690,-0.15990,-0.85800,0.91564,993.46,1000,6.54,50.00,201,2.2149,-0.5917,LOCK,0,normal
559,317176,5646,5664,0.10140,0.15990,-0.87360,0.89388,993.44,1000,6.56,50.00,201,2.2325,-0.3255,LOCK,0,normal
560,317190,5660,5678,-0.34320,-0.05070,-0.69810,0.77955,993.43,1000,6.57,50.00,201,2.2289,-0.3805,LOCK,0,normal
561,317199,5669,5687,-0.34320,-0.05070,-0.69810,0.77955,993.41,1000,6.59,50.00,201,2.2302,-0.3612,LOCK,0,normal
562,317207,5677,5695,-0.26130,0.14040,-0.85410,0.90414,993.40,1000,6.60,50.00,201,2.2233,-0.4653,LOCK,0,normal
563,317215,5685,5703,-0.10140,0.07020,-0.82680,0.83595,993.39,1000,6.61,50.00,201,2.2119,-0.6378,LOCK,0,normal
564,317224,5694,5712,0.00390,-0.03900,-0.73710,0.73814,993.36,1000,6.64,50.00,201,2.2125,-0.6292,LOCK,0,normal
565,317233,5703,5721,0.14040,-0.05070,-0.69030,0.70626,993.33,1000,6.67,50.00,201,2.2329,-0.3197,LOCK,0,normal
566,317242,5712,5730,-0.08580,-0.30030,-0.73710,0.80054,993.31,1000,6.69,50.00,201,2.2312,-0.3457,LOCK,0,normal
567,317250,5720,5738,-0.08580,-0.30030,-0.73710,0.80054,993.28,1000,6.72,50.00,201,2.2280,-0.3933,LOCK,0,normal
568,317259,5729,5747,-0.36660,0.13650,-0.88920,0.97144,993.26,1000,6.74,50.00,201,2.2113,-0.6469,LOCK,0,normal
569,317267,5737,5755,-0.19110,-0.28860,-1.03350,1.08992,993.25,1000,6.75,50.00,201,2.2152,-0.5880,LOCK,0,normal
570,317275,5745,5763,-0.10530,-0.03510,-0.89310,0.89997,993.23,1000,6.77,50.00,201,2.2154,-0.5856,LOCK,0,normal
571,317290,5760,5778,0.03900,0.14820,-0.63180,0.65012,993.20,1000,6.80,50.00,201,2.2342,-0.3005,LOCK,0,normal
572,317298,5768,5786,-0.14040,-0.24570,-0.51870,0.59087,993.18,1000,6.82,50.00,201,2.2202,-0.5126,LOCK,0,normal
573,317307,5777,5795,-0.07410,0.17940,-0.88530,0.90633,993.15,1000,6.85,50.00,201,2.2174,-0.5551,LOCK,0,normal
574,317315,5785,5803,-0.38220,0.06240,-0.91650,0.99496,993.13,1000,6.87,50.00,201,2.2064,-0.7217,LOCK,0,normal
575,317323,5793,5811,0.18330,-0.09750,-1.02180,1.04268,993.11,1000,6.89,50.00,201,2.2192,-0.5273,LOCK,0,normal
576,317332,5802,5820,0.18330,-0.09750,-1.02180,1.04268,993.09,1000,6.91,50.00,201,2.2056,-0.7339,LOCK,0,normal
577,317340,5810,5828,-0.13260,0.19500,-0.88920,0.91994,993.09,1000,6.91,50.00,201,2.2306,-0.3545,LOCK,0,normal
578,317349,5819,5837,0.00390,0.11310,-0.54600,0.55760,993.08,1000,6.92,50.00,201,2.2305,-0.3554,LOCK,0,normal
579,317357,5827,5845,0.04290,-0.00390,-0.94380,0.94478,993.07,1000,6.93,50.00,201,2.2067,-0.7168,LOCK,0,normal
580,317366,5836,5854,0.01170,0.14820,-0.84630,0.85926,993.07,1000,6.93,50.00,201,2.2272,-0.4061,LOCK,0,normal
581,317374,5844,5862,-0.27300,0.20670,-0.67470,0.75662,993.06,1000,6.94,50.00,201,2.2291,-0.3774,LOCK,0,normal
582,317383,5853,5871,-0.27300,0.20670,-0.67470,0.75662,993.06,1000,6.94,50.00,201,2.2137,-0.6100,LOCK,0,normal
583,317393,5863,5881,-0.06630,-0.24960,-0.70980,0.75532,993.06,1000,6.94,50.00,201,2.2312,-0.3447,LOCK,0,normal
584,317401,5871,5889,-0.29250,-0.26910,-0.65130,0.76300,993.03,1000,6.97,50.00,201,2.2326,-0.3237,LOCK,0,normal
585,317410,5880,5898,0.11310,-0.12870,-0.95940,0.97458,993.01,1000,6.99,50.00,201,2.2092,-0.6787,LOCK,0,normal
586,317418,5888,5906,0.14430,0.21840,-0.81120,0.85239,992.99,1000,7.01,50.00,201,2.2218,-0.4882,LOCK,0,normal
587,317427,5897,5915,-0.07800,-0.39780,-0.79560,0.89292,992.98,1000,7.02,50.00,201,2.2070,-0.7116,LOCK,0,normal
588,317435,5905,5923,-0.07800,-0.39780,-0.79560,0.89292,992.96,1000,7.04,50.00,201,2.2266,-0.4156,LOCK,0,normal
589,317445,5915,5933,-0.31590,0.69420,-0.46020,0.89078,992.95,1000,7.05,50.00,201,2.2261,-0.4232,LOCK,0,normal
590,317453,5923,5941,-0.07800,-0.10140,-0.86970,0.87906,992.93,1000,7.07,50.00,201,2.2325,-0.3252,LOCK,0,normal
591,317461,5931,5949,-0.10140,-0.13260,-0.88530,0.90090,992.93,1000,7.07,50.00,201,2.2131,-0.6195,LOCK,0,normal
592,317470,5940,5958,0.21060,-0.43680,-0.68640,0.84041,992.93,1000,7.07,50.00,201,2.2189,-0.5319,LOCK,0,normal
593,317478,5948,5966,0.09750,0.00000,-0.71370,0.72033,992.92,1000,7.08,50.00,201,2.2167,-0.5645,LOCK,0,normal
594,317492,5962,5980,-0.21450,-0.20670,-0.78000,0.83495,992.92,1000,7.08,50.00,201,2.2303,-0.3588,LOCK,0,normal
595,317500,5970,5988,-0.32760,0.33930,-0.83850,0.96204,992.92,1000,7.08,50.00,201,2.2318,-0.3365,LOCK,0,normal
596,317509,5979,5997,-0.03510,0.50700,-0.77220,0.92443,992.91,1000,7.09,50.00,201,2.2086,-0.6881,LOCK,0,normal
597,317517,5987,6005,-0.03510,0.50700,-0.77220,0.92443,992.91,1000,7.09,50.00,201,2.2241,-0.4534,LOCK,0,normal
598,317525,5995,6013,-0.16770,-0.27300,-0.75270,0.81805,992.92,1000,7.08,50.00,201,2.2031,-0.7712,LOCK,0,normal
599,317534,6004,6022,0.10530,-0.21450,-0.54990,0.59957,992.93,1000,7.07,50.00,201,2.2225,-0.4769,LOCK,0,normal
600,317543,6013,6031,-0.10920,-0.20280,-0.71760,0.75366,992.94,1000,7.06,50.00,201,2.2295,-0.3707,LOCK,0,normal
601,317551,6021,6039,-0.14820,-0.00780,-0.89700,0.90919,992.95,1000,7.05,50.00,201,2.2362,-0.2700,LOCK,0,normal
602,317559,6029,6047,-0.37830,0.19890,-0.83070,0.93420,992.95,1000,7.05,50.00,201,2.2090,-0.6811,LOCK,0,normal
603,317568,6038,6056,-0.37830,0.19890,-0.83070,0.93420,992.96,1000,7.04,50.00,201,2.2109,-0.6533,LOCK,0,normal
604,317576,6046,6064,0.03510,0.12090,-0.68250,0.69401,992.97,1000,7.03,50.00,201,2.2113,-0.6466,LOCK,0,normal
605,317585,6055,6073,-0.34320,0.02730,-0.58890,0.68215,992.98,1000,7.02,50.00,201,2.2162,-0.5722,LOCK,0,normal
606,317597,6067,6085,0.08580,-0.32760,-0.62400,0.70997,992.99,1000,7.01,50.00,201,2.2307,-0.3533,LOCK,0,normal
607,317605,6075,6093,-0.03510,-0.08190,-0.83460,0.83934,993.01,1000,6.99,50.00,201,2.2299,-0.3655,LOCK,0,normal
608,317614,6084,6102,-0.26910,0.23400,-1.09980,1.15617,993.02,1000,6.98,50.00,201,2.2169,-0.5627,LOCK,0,normal
609,317622,6092,6110,-0.13260,0.01950,-0.81120,0.82220,993.03,1000,6.97,50.00,201,2.2247,-0.4436,LOCK,0,normal
610,317631,6101,6119,-0.08190,0.14040,-0.64740,0.66749,993.04,1000,6.96,50.00,201,2.2139,-0.6069,LOCK,0,normal
611,317639,6109,6127,-0.08190,0.14040,-0.64740,0.66749,993.05,1000,6.95,50.00,201,2.2207,-0.5041,LOCK,0,normal
612,317648,6118,6136,0.20280,-0.26910,-0.70980,0.78572,993.00,1000,7.00,50.00,201,2.2316,-0.3396,LOCK,0,normal
613,317656,6126,6144,0.04680,-0.28470,-0.68250,0.74098,992.95,1000,7.05,50.00,201,2.2297,-0.3689,LOCK,0,normal
614,317665,6135,6153,-0.05850,0.01560,-0.72150,0.72404,992.91,1000,7.09,50.00,201,2.2172,-0.5575,LOCK,0,normal
615,317673,6143,6161,-0.30420,-0.35880,-1.00230,1.10719,992.88,1000,7.12,50.00,201,2.2305,-0.3566,LOCK,0,normal
616,317683,6153,6171,-0.25350,0.41730,-0.77220,0.91362,992.67,1000,7.33,50.00,201,2.2121,-0.6350,LOCK,0,normal
617,317696,6166,6184,-0.31200,0.03900,-0.66690,0.73731,992.66,1000,7.34,50.00,201,2.2302,-0.3606,LOCK,0,normal
618,317704,6174,6192,-0.05070,-0.08970,-0.64740,0.65555,992.66,1000,7.34,50.00,201,2.2301,-0.3615,LOCK,0,normal
619,317713,6183,6201,0.09360,0.01950,-0.61620,0.62357,992.65,1000,7.35,50.00,201,2.2224,-0.4794,LOCK,0,normal
620,317723,6193,6211,0.09360,0.01950,-0.61620,0.62357,992.62,1000,7.38,50.00,201,2.2165,-0.5685,LOCK,0,normal
621,317733,6203,6221,-0.14820,-0.25740,-0.79950,0.85289,992.61,1000,7.39,50.00,201,2.2210,-0.5001,LOCK,0,normal
622,317743,6213,6231,-0.25740,0.14040,-0.95940,1.00320,992.61,1000,7.39,50.00,201,2.2186,-0.5370,LOCK,0,normal
623,317753,6223,6241,-0.37440,0.17550,-1.01400,1.09507,992.61,1000,7.39,50.00,201,2.2297,-0.3676,LOCK,0,normal
624,317763,6233,6251,-0.20280,0.14430,-0.76440,0.80390,992.61,1000,7.39,50.00,201,2.2320,-0.3328,LOCK,0,normal
625,317773,6243,6261,-0.03510,0.03900,-0.64740,0.64952,992.53,1000,7.47,50.00,201,2.2138,-0.6088,LOCK,0,normal
626,317783,6253,6271,0.24960,-0.08970,-0.78390,0.82755,992.51,1000,7.49,50.00,201,2.2076,-0.7025,LOCK,0,normal
627,317793,6263,6281,-0.03120,-0.28080,-0.74100,0.79303,992.51,1000,7.49,50.00,201,2.2283,-0.3890,LOCK,0,normal
628,317803,6273,6291,-0.31590,0.41730,-0.62400,0.81444,992.51,1000,7.49,50.00,201,2.2316,-0.3399,LOCK,0,normal
629,317813,6283,6301,-0.45630,0.81510,-1.01790,1.38156,992.51,1000,7.49,50.00,201,2.2319,-0.3344,LOCK,0,normal
630,317823,6293,6311,-0.35880,-0.22620,-0.94770,1.03829,992.50,1000,7.50,50.00,201,2.2196,-0.5206,LOCK,0,normal
631,317833,6303,6321,0.02340,0.18720,-0.96720,0.98543,992.38,1000,7.62,50.00,201,2.2209,-0.5010,LOCK,0,normal
632,317843,6313,6331,0.23010,0.08580,-0.84240,0.87747,992.35,1000,7.65,50.00,201,2.2161,-0.5743,LOCK,0,normal
633,317853,6323,6341,0.06240,-0.03120,-0.76830,0.77146,992.35,1000,7.65,50.00,201,2.2337,-0.3072,LOCK,0,normal
634,317863,6333,6351,-0.48360,-0.03120,-0.67860,0.83387,992.34,1000,7.66,50.00,201,2.2332,-0.3157,LOCK,0,normal
635,317873,6343,6361,-0.03900,-0.03900,-0.95160,0.95320,992.34,1000,7.66,50.00,201,2.2100,-0.6668,LOCK,0,normal
636,317883,6353,6371,-0.26910,0.11700,-0.93600,0.98092,992.34,1000,7.66,50.00,201,2.2264,-0.4189,LOCK,0,normal
637,317896,6366,6384,0.15210,0.02340,-0.94770,0.96011,992.37,1000,7.63,50.00,201,2.2221,-0.4830,LOCK,0,normal
638,317905,6375,6393,-0.05070,0.11700,-0.90090,0.90988,992.40,1000,7.60,50.00,201,2.2309,-0.3502,LOCK,0,normal
639,317913,6383,6401,-0.05460,-0.13650,-0.86970,0.88204,992.43,1000,7.57,50.00,201,2.2297,-0.3679,LOCK,0,normal
640,317923,6393,6411,-0.36660,0.21450,-0.61230,0.74520,992.55,1000,7.45,50.00,201,2.2125,-0.6295,LOCK,0,normal
641,317933,6403,6421,-0.22230,0.05850,-0.62010,0.66133,992.63,1000,7.37,50.00,201,2.2216,-0.4910,LOCK,0,normal
642,317943,6413,6431,-0.24180,-0.13260,-0.79560,0.84204,992.65,1000,7.35,50.00,201,2.2089,-0.6830,LOCK,0,normal
643,317953,6423,6441,0.09360,-0.12480,-0.97110,0.98355,992.72,1000,7.28,50.00,201,2.2342,-0.2993,LOCK,0,normal
644,317963,6433,6451,0.08970,0.07800,-0.86190,0.87006,992.74,1000,7.26,50.00,201,2.2304,-0.3579,LOCK,0,normal
645,317973,6443,6461,-0.01560,-0.35490,-0.85020,0.92143,992.75,1000,7.25,50.00,201,2.2175,-0.5532,LOCK,0,normal
646,317983,6453,6471,-0.34320,0.27690,-0.61230,0.75457,992.75,1000,7.25,50.00,201,2.2265,-0.4162,LOCK,0,normal
647,317993,6463,6481,-0.09360,0.10530,-0.64350,0.65874,992.75,1000,7.25,50.00,201,2.2069,-0.7132,LOCK,0,normal
648,318003,6473,6491,-0.06630,-0.27300,-0.61230,0.67367,992.75,1000,7.25,50.00,201,2.2311,-0.3463,LOCK,0,normal
649,318013,6483,6501,0.25350,-0.09360,-0.74490,0.79240,992.87,1000,7.13,50.00,201,2.2276,-0.4006,LOCK,0,normal
650,318023,6493,6511,0.01950,-0.22230,-0.95160,0.97741,992.91,1000,7.09,50.00,201,2.2247,-0.4442,LOCK,0,normal
651,318033,6503,6521,-0.07410,0.06240,-0.83850,0.84408,992.92,1000,7.08,50.00,201,2.2334,-0.3121,LOCK,0,normal
652,318043,6513,6531,-0.33930,0.01950,-0.59280,0.68331,992.92,1000,7.08,50.00,201,2.2204,-0.5090,LOCK,0,normal
653,318053,6523,6541,-0.48360,0.05460,-0.67080,0.82875,992.92,1000,7.08,50.00,201,2.2299,-0.3646,LOCK,0,normal
654,318063,6533,6551,-0.09360,-0.03510,-0.73320,0.73998,992.92,1000,7.08,50.00,201,2.2310,-0.3487,LOCK,0,normal
655,318073,6543,6561,0.17160,-0.17940,-0.74880,0.78888,992.87,1000,7.13,50.00,201,2.2176,-0.5520,LOCK,0,normal
656,318083,6553,6571,-0.00390,-0.13650,-1.00230,1.01156,992.86,1000,7.14,50.00,201,2.2243,-0.4507,LOCK,0,normal
657,318096,6566,6584,-0.03510,0.39000,-0.87360,0.95734,992.86,1000,7.14,50.00,201,2.2139,-0.6076,LOCK,0,normal
658,318104,6574,6592,-0.34320,-0.01170,-0.71370,0.79202,992.86,1000,7.14,50.00,201,2.2146,-0.5966,LOCK,0,normal
659,318113,6583,6601,-0.34320,-0.01170,-0.71370,0.79202,992.86,1000,7.14,50.00,201,2.2310,-0.3484,LOCK,0,normal
660,318123,6593,6611,-0.13650,0.14040,-0.63180,0.66145,992.85,1000,7.15,50.00,201,2.2051,-0.7406,LOCK,0,normal
661,318133,6603,6621,-0.05850,0.04290,-0.58500,0.58948,992.79,1000,7.21,50.00,201,2.2147,-0.5950,LOCK,0,normal
662,318143,6613,6631,0.03510,-0.23400,-0.79950,0.83378,992.77,1000,7.23,50.00,201,2.2143,-0.6008,LOCK,0,normal
663,318153,6623,6641,0.10920,0.00390,-0.97500,0.98110,992.77,1000,7.23,50.00,201,2.2315,-0.3402,LOCK,0,normal
664,318163,6633,6651,-0.11310,-0.12090,-0.93990,0.95437,992.77,1000,7.23,50.00,201,2.2304,-0.3579,LOCK,0,normal
665,318173,6643,6661,-0.24570,0.47970,-0.65130,0.84538,992.77,1000,7.23,50.00,201,2.2332,-0.3145,LOCK,0,normal
666,318183,6653,6671,-0.35880,-0.32760,-0.62790,0.79393,992.77,1000,7.23,50.00,201,2.2056,-0.7339,LOCK,0,normal
667,318193,6663,6681,-0.09750,-0.21840,-0.64350,0.68651,992.98,1000,7.02,50.00,201,2.2165,-0.5688,LOCK,0,normal
668,318203,6673,6691,0.22620,0.14040,-1.03740,1.07102,993.04,1000,6.96,50.00,201,2.2246,-0.4458,LOCK,0,normal
669,318213,6683,6701,0.00000,0.09360,-0.96720,0.97172,993.05,1000,6.95,50.00,201,2.2309,-0.3502,LOCK,0,normal
670,318223,6693,6711,-0.33540,0.10530,-0.99840,1.05848,993.05,1000,6.95,50.00,201,2.2297,-0.3676,LOCK,0,normal
671,318233,6703,6721,-0.24570,0.09750,-0.70980,0.75742,993.06,1000,6.94,50.00,201,2.2227,-0.4748,LOCK,0,normal
672,318243,6713,6731,-0.24570,0.23400,-0.43680,0.55310,993.06,1000,6.94,50.00,201,2.2182,-0.5419,LOCK,0,normal
673,318253,6723,6741,-0.24960,0.03120,-0.70980,0.75305,993.07,1000,6.93,50.00,201,2.2204,-0.5090,LOCK,0,normal
674,318263,6733,6751,0.12870,-0.00390,-0.99450,1.00280,993.07,1000,6.93,50.00,201,2.2331,-0.3163,LOCK,0,normal
675,318273,6743,6761,0.05070,-0.13260,-0.93210,0.94285,993.08,1000,6.92,50.00,201,2.2309,-0.3493,LOCK,0,normal
676,318283,6753,6771,-0.14820,0.33150,-0.82290,0.89946,993.08,1000,6.92,50.00,201,2.2164,-0.5694,LOCK,0,normal
677,318296,6766,6784,-0.20670,-0.34320,-0.67860,0.78804,993.08,1000,6.92,50.00,201,2.2126,-0.6277,LOCK,0,normal
678,318304,6774,6792,-0.21840,0.09750,-0.87360,0.90575,993.08,1000,6.92,50.00,201,2.2276,-0.3994,LOCK,0,normal
679,318313,6783,6801,-0.01950,0.19110,-0.87360,0.89447,993.09,1000,6.91,50.00,201,2.2283,-0.3896,LOCK,0,normal
680,318323,6793,6811,0.14820,0.05070,-0.78780,0.80322,993.17,1000,6.83,50.00,201,2.2314,-0.3426,LOCK,0,normal
681,318333,6803,6821,0.00390,0.07800,-0.70200,0.70633,993.21,1000,6.79,50.00,201,2.2193,-0.5257,LOCK,0,normal
682,318343,6813,6831,-0.34710,0.08190,-0.65130,0.74255,993.22,1000,6.78,50.00,201,2.2168,-0.5642,LOCK,0,normal
683,318353,6823,6841,-0.49920,0.09750,-0.99840,1.12050,993.23,1000,6.77,50.00,201,2.2264,-0.4177,LOCK,0,normal
684,318363,6833,6851,-0.42510,0.00780,-0.94380,1.03515,993.23,1000,6.77,50.00,201,2.2291,-0.3780,LOCK,0,normal
685,318373,6843,6861,0.01950,0.13650,-0.78780,0.79978,993.38,1000,6.62,50.00,201,2.2314,-0.3420,LOCK,0,normal
686,318383,6853,6871,0.26910,-0.09750,-0.76050,0.81258,993.42,1000,6.58,50.00,201,2.2170,-0.5612,LOCK,0,normal
687,318393,6863,6881,-0.08580,-0.05850,-0.56160,0.57112,993.43,1000,6.57,50.00,201,2.2302,-0.3609,LOCK,0,normal
688,318403,6873,6891,-0.42510,0.00000,-0.75270,0.86445,993.44,1000,6.56,50.00,201,2.2157,-0.5810,LOCK,0,normal
689,318413,6883,6901,-0.26910,0.00780,-1.01790,1.05290,993.44,1000,6.56,50.00,201,2.2306,-0.3551,LOCK,0,normal
690,318423,6893,6911,-0.24180,0.17940,-0.77610,0.83246,993.44,1000,6.56,50.00,201,2.2310,-0.3481,LOCK,0,normal
691,318433,6903,6921,0.18720,-0.23400,-0.75660,0.81378,993.54,1000,6.46,50.00,201,2.2165,-0.5676,LOCK,0,normal
692,318443,6913,6931,0.15210,0.05850,-0.57720,0.59976,993.56,1000,6.44,50.00,201,2.2131,-0.6198,LOCK,0,normal
693,318453,6923,6941,-0.20280,-0.10530,-0.60450,0.64625,993.57,1000,6.43,50.00,201,2.2273,-0.4052,LOCK,0,normal
694,318463,6933,6951,-0.45630,0.24180,-0.72540,0.89044,993.57,1000,6.43,50.00,201,2.2309,-0.3505,LOCK,0,normal
695,318473,6943,6961,-0.26520,0.23010,-0.94770,1.01065,993.57,1000,6.43,50.00,201,2.2321,-0.3316,LOCK,0,normal
696,318483,6953,6971,-0.16380,0.13650,-0.83460,0.86141,993.57,1000,6.43,50.00,201,2.2013,-0.7983,LOCK,0,normal
697,318496,6966,6984,0.12870,-0.20670,-0.73710,0.77628,993.58,1000,6.42,50.00,201,2.2172,-0.5575,LOCK,0,normal
698,318504,6974,6992,0.12090,-0.10920,-0.71760,0.73586,993.59,1000,6.41,50.00,201,2.2208,-0.5029,LOCK,0,normal
699,318513,6983,7001,0.12090,-0.10920,-0.71760,0.73586,993.60,1000,6.40,50.00,201,2.2202,-0.5126,LOCK,0,normal
700,318523,6993,7011,-0.18720,-0.28470,-0.62010,0.70755,993.64,1000,6.36,50.00,201,2.2317,-0.3380,LOCK,0,normal
701,318533,7003,7021,-0.53820,0.15600,-0.76050,0.94465,993.66,1000,6.34,50.00,201,2.2081,-0.6961,LOCK,0,normal
702,318543,7013,7031,-0.23790,0.35100,-0.94770,1.03824,993.67,1000,6.33,50.00,201,2.2155,-0.5837,LOCK,0,normal
703,318553,7023,7041,-0.03510,0.00000,-0.78780,0.78858,993.85,1000,6.15,50.00,201,2.2061,-0.7254,LOCK,0,normal
704,318563,7033,7051,0.29640,-0.30420,-0.68250,0.80386,993.89,1000,6.11,50.00,201,2.2239,-0.4562,LOCK,0,normal
705,318573,7043,7061,0.04290,-0.44460,-0.65910,0.79619,993.90,1000,6.10,50.00,201,2.2316,-0.3389,LOCK,0,normal
706,318583,7053,7071,-0.11700,-0.03120,-0.58890,0.60122,993.91,1000,6.09,50.00,201,2.2325,-0.3261,LOCK,0,normal
707,318593,7063,7081,-0.48360,0.14820,-0.44460,0.67343,993.91,1000,6.09,50.00,201,2.2118,-0.6390,LOCK,0,normal
708,318603,7073,7091,-0.31980,0.32760,-0.77610,0.90107,993.91,1000,6.09,50.00,201,2.2192,-0.5279,LOCK,0,normal
709,318613,7083,7101,-0.12870,-0.00390,-0.83070,0.84062,993.79,1000,6.21,50.00,201,2.2254,-0.4339,LOCK,0,normal
710,318623,7093,7111,0.13650,-0.18330,-0.72540,0.76055,993.77,1000,6.23,50.00,201,2.2302,-0.3603,LOCK,0,normal
711,318633,7103,7121,0.15210,-0.20280,-0.72150,0.76474,993.75,1000,6.25,50.00,201,2.2291,-0.3780,LOCK,0,normal
712,318643,7113,7131,-0.19110,-0.06630,-0.75270,0.77940,993.75,1000,6.25,50.00,201,2.2192,-0.5279,LOCK,0,normal
713,318653,7123,7141,-0.14430,-0.27690,-0.49920,0.58881,993.75,1000,6.25,50.00,201,2.2049,-0.7446,LOCK,0,normal
714,318663,7133,7151,-0.23010,0.25740,-0.53820,0.63942,993.75,1000,6.25,50.00,201,2.2165,-0.5679,LOCK,0,normal
715,318673,7143,7161,-0.11310,-0.05850,-0.73320,0.74417,993.80,1000,6.20,50.00,201,2.2331,-0.3170,LOCK,0,normal
716,318683,7153,7171,0.01170,-0.23010,-0.92430,0.95258,993.82,1000,6.18,50.00,201,2.2303,-0.3594,LOCK,0,normal
717,318696,7166,7184,0.06240,0.09750,-0.89700,0.90444,993.82,1000,6.18,50.00,201,2.2187,-0.5346,LOCK,0,normal
718,318705,7175,7193,-0.07020,-0.22620,-0.91260,0.94283,993.82,1000,6.18,50.00,201,2.2123,-0.6320,LOCK,0,normal
719,318713,7183,7201,-0.33540,0.14430,-0.59280,0.69622,993.82,1000,6.18,50.00,201,2.2237,-0.4592,LOCK,0,normal
720,318723,7193,7211,-0.17550,-0.11700,-0.58110,0.61820,993.83,1000,6.17,50.00,201,2.2301,-0.3627,LOCK,0,normal
721,318733,7203,7221,-0.15600,-0.05850,-0.72930,0.74809,993.81,1000,6.19,50.00,201,2.2310,-0.3484,LOCK,0,normal
722,318743,7213,7231,0.09750,0.01170,-1.01400,1.01874,993.81,1000,6.19,50.00,201,2.2163,-0.5706,LOCK,0,normal
723,318753,7223,7241,-0.05070,-0.16380,-1.02570,1.03993,993.81,1000,6.19,50.00,201,2.2176,-0.5508,LOCK,0,normal
724,318763,7233,7251,-0.19500,0.22230,-0.92430,0.97045,993.81,1000,6.19,50.00,201,2.2152,-0.5880,LOCK,0,normal
725,318773,7243,7261,-0.21450,0.08190,-0.80340,0.83557,993.81,1000,6.19,50.00,201,2.2294,-0.3734,LOCK,0,normal
726,318783,7253,7271,-0.39390,0.03120,-0.77610,0.87090,993.81,1000,6.19,50.00,201,2.2299,-0.3652,LOCK,0,normal
727,318793,7263,7281,-0.21060,-0.18330,-0.53040,0.59940,993.89,1000,6.11,50.00,201,2.2080,-0.6976,LOCK,0,normal
728,318803,7273,7291,-0.00390,0.13260,-0.77220,0.78351,993.91,1000,6.09,50.00,201,2.2246,-0.4449,LOCK,0,normal
729,318813,7283,7301,-0.01950,-0.29250,-1.05690,1.09680,993.92,1000,6.08,50.00,201,2.2250,-0.4391,LOCK,0,normal
730,318823,7293,7311,-0.23400,0.32760,-0.97890,1.05845,993.92,1000,6.08,50.00,201,2.2290,-0.3786,LOCK,0,normal
731,318833,7303,7321,-0.14040,-0.01950,-1.01400,1.02386,993.92,1000,6.08,50.00,201,2.2292,-0.3762,LOCK,0,normal
732,318843,7313,7331,-0.08190,-0.04680,-0.81900,0.82441,993.92,1000,6.08,50.00,201,2.2022,-0.7855,LOCK,0,normal
733,318853,7323,7341,0.00390,-0.05460,-0.61620,0.61863,993.88,1000,6.12,50.00,201,2.2201,-0.5135,LOCK,0,normal
734,318863,7333,7351,-0.06240,-0.12090,-0.59280,0.60821,993.87,1000,6.13,50.00,201,2.2040,-0.7577,LOCK,0,normal
735,318873,7343,7361,-0.07800,0.05070,-0.76050,0.76617,993.87,1000,6.13,50.00,201,2.2328,-0.3218,LOCK,0,normal
736,318883,7353,7371,-0.28080,0.03510,-0.93600,0.97784,993.87,1000,6.13,50.00,201,2.2028,-0.7757,LOCK,0,normal
737,318896,7366,7384,-0.69420,0.09750,-1.11930,1.32070,993.87,1000,6.13,50.00,201,2.2186,-0.5361,LOCK,0,normal
738,318904,7374,7392,-0.29640,0.28860,-0.89700,0.98780,993.87,1000,6.13,50.00,201,2.2272,-0.4064,LOCK,0,normal
739,318913,7383,7401,-0.29640,0.28860,-0.89700,0.98780,993.85,1000,6.15,50.00,201,2.2219,-0.4870,LOCK,0,normal
740,318930,7400,7418,0.05070,-0.14040,-0.49920,0.52104,993.83,1000,6.17,50.00,201,2.2294,-0.3731,LOCK,0,normal
741,318938,7408,7426,-0.12480,0.07410,-0.78390,0.79722,993.82,1000,6.18,50.00,201,2.2298,-0.3664,LOCK,0,normal
742,318946,7416,7434,-0.35880,0.15210,-0.89310,0.97442,993.80,1000,6.20,50.00,201,2.2083,-0.6927,LOCK,0,normal
743,318955,7425,7443,-0.08190,-0.08580,-0.94380,0.95122,993.79,1000,6.21,50.00,201,2.2098,-0.6692,LOCK,0,normal
744,318963,7433,7451,-0.08190,-0.08580,-0.94380,0.95122,993.78,1000,6.22,50.00,201,2.2119,-0.6375,LOCK,0,normal
745,318973,7443,7461,-0.19500,-0.07020,-0.78780,0.81461,994.01,1000,5.99,50.00,201,2.2311,-0.3472,LOCK,0,normal
746,318983,7453,7471,0.15990,-0.06630,-0.64740,0.67014,994.12,1000,5.88,50.00,201,2.2318,-0.3359,LOCK,0,normal
747,318993,7463,7481,0.13260,-0.18330,-0.74490,0.77850,994.16,1000,5.84,50.00,201,2.2155,-0.5841,LOCK,0,normal
748,319003,7473,7491,-0.17160,-0.51480,-1.01790,1.15351,994.17,1000,5.83,50.00,201,2.2257,-0.4290,LOCK,0,normal
749,319013,7483,7501,-0.26520,0.54210,-0.67470,0.90522,994.18,1000,5.82,50.00,201,2.2199,-0.5163,LOCK,0,normal
750,319023,7493,7511,-0.29640,-0.02340,-0.64740,0.71241,994.18,1000,5.82,50.00,201,2.2293,-0.3750,LOCK,0,normal
751,319033,7503,7521,-0.18330,-0.06630,-0.58500,0.61662,994.05,1000,5.95,50.00,201,2.2275,-0.4021,LOCK,0,normal
752,319043,7513,7531,0.10920,-0.06240,-0.73320,0.74391,994.00,1000,6.00,50.00,201,2.2309,-0.3502,LOCK,0,normal
753,319053,7523,7541,-0.00780,-0.15210,-0.85800,0.87141,993.98,1000,6.02,50.00,201,2.2240,-0.4540,LOCK,0,normal
754,319063,7533,7551,-0.08580,-0.13650,-0.86190,0.87685,993.97,1000,6.03,50.00,201,2.2240,-0.4549,LOCK,0,normal
755,319073,7543,7561,-0.22620,0.28080,-0.57720,0.68057,993.97,1000,6.03,50.00,201,2.2116,-0.6424,LOCK,0,normal
756,319083,7553,7571,-0.24570,0.68250,-0.70590,1.01216,993.97,1000,6.03,50.00,201,2.2301,-0.3615,LOCK,0,normal
757,319096,7566,7584,-0.26910,-0.33930,-0.88140,0.98204,993.99,1000,6.01,50.00,201,2.2301,-0.3624,LOCK,0,normal
758,319104,7574,7592,0.23010,0.09360,-0.79950,0.83720,994.00,1000,6.00,50.00,201,2.2144,-0.5996,LOCK,0,normal
759,319113,7583,7601,0.07020,-0.27300,-0.85020,0.89571,994.01,1000,5.99,50.00,201,2.2059,-0.7284,LOCK,0,normal
760,319123,7593,7611,-0.04680,0.15990,-0.60450,0.62704,994.09,1000,5.91,50.00,201,2.2207,-0.5053,LOCK,0,normal
761,319133,7603,7621,-0.46020,0.08580,-0.55380,0.72515,994.11,1000,5.89,50.00,201,2.2314,-0.3429,LOCK,0,normal
762,319143,7613,7631,-0.16770,0.24180,-0.89310,0.94033,994.12,1000,5.88,50.00,201,2.2320,-0.3341,LOCK,0,normal
763,319153,7623,7641,-0.24180,0.23010,-0.72540,0.79851,994.14,1000,5.86,50.00,201,2.2203,-0.5105,LOCK,0,normal
764,319163,7633,7651,0.14820,-0.30810,-0.68640,0.76683,994.14,1000,5.86,50.00,201,2.2077,-0.7022,LOCK,0,normal
765,319173,7643,7661,-0.06240,0.08190,-0.67470,0.68251,994.14,1000,5.86,50.00,201,2.2208,-0.5035,LOCK,0,normal
766,319183,7653,7671,-0.30030,-0.07800,-0.97500,1.02318,994.14,1000,5.86,50.00,201,2.2316,-0.3399,LOCK,0,normal
767,319193,7663,7681,-0.14040,-0.03510,-0.62790,0.64436,994.14,1000,5.86,50.00,201,2.2307,-0.3536,LOCK,0,normal
768,319203,7673,7691,-0.27300,0.04680,-0.75660,0.80571,994.14,1000,5.86,50.00,201,2.2187,-0.5343,LOCK,0,normal
769,319213,7683,7701,-0.02730,-0.37440,-0.62400,0.72821,994.07,1000,5.93,50.00,201,2.2137,-0.6103,LOCK,0,normal
770,319223,7693,7711,0.10140,-0.17940,-0.87360,0.89758,994.04,1000,5.96,50.00,201,2.2319,-0.3347,LOCK,0,normal
771,319233,7703,7721,0.00780,0.03900,-0.91260,0.91347,994.02,1000,5.98,50.00,201,2.2269,-0.4101,LOCK,0,normal
772,319243,7713,7731,-0.17160,-0.12480,-0.99840,1.02070,994.02,1000,5.98,50.00,201,2.2293,-0.3750,LOCK,0,normal
773,319253,7723,7741,-0.24960,0.12870,-0.67860,0.73441,994.02,1000,5.98,50.00,201,2.2202,-0.5117,LOCK,0,normal
774,319263,7733,7751,-0.24960,-0.08190,-0.44460,0.51641,994.02,1000,5.98,50.00,201,2.2156,-0.5825,LOCK,0,normal
775,319273,7743,7761,-0.15210,-0.07800,-0.90480,0.92080,994.12,1000,5.88,50.00,201,2.2148,-0.5938,LOCK,0,normal
776,319283,7753,7771,0.17940,-0.03510,-0.83460,0.85438,994.20,1000,5.80,50.00,201,2.2328,-0.3209,LOCK,0,normal
777,319296,7766,7784,-0.06630,-0.44460,-0.84240,0.95483,994.20,1000,5.80,50.00,201,2.2301,-0.3624,LOCK,0,normal
778,319305,7775,7793,-0.28470,0.27300,-0.68250,0.78828,994.20,1000,5.80,50.00,201,2.2165,-0.5682,LOCK,0,normal
779,319313,7783,7801,-0.28470,0.27300,-0.68250,0.78828,994.21,1000,5.79,50.00,201,2.2341,-0.3011,LOCK,0,normal
780,319323,7793,7811,-0.17160,-0.31980,-0.86580,0.93879,994.22,1000,5.78,50.00,201,2.2232,-0.4671,LOCK,0,normal
781,319333,7803,7821,-0.17940,-0.05070,-0.89310,0.91235,994.21,1000,5.79,50.00,201,2.2244,-0.4491,LOCK,0,normal
782,319343,7813,7831,-0.14040,0.06240,-0.70590,0.72243,994.18,1000,5.82,50.00,201,2.2315,-0.3414,LOCK,0,normal
783,319353,7823,7841,0.00780,-0.05460,-0.69810,0.70028,994.17,1000,5.83,50.00,201,2.2072,-0.7086,LOCK,0,normal
784,319363,7833,7851,-0.12870,-0.15210,-0.78390,0.80882,994.17,1000,5.83,50.00,201,2.2184,-0.5392,LOCK,0,normal
785,319373,7843,7861,-0.40950,0.07020,-0.86580,0.96033,994.17,1000,5.83,50.00,201,2.2190,-0.5309,LOCK,0,normal
786,319383,7853,7871,-0.11310,0.20670,-0.97500,1.00307,994.17,1000,5.83,50.00,201,2.2300,-0.3643,LOCK,0,normal
787,319393,7863,7881,-0.25350,-0.07800,-0.68640,0.73586,994.16,1000,5.84,50.00,201,2.2297,-0.3689,LOCK,0,normal
788,319403,7873,7891,-0.06240,0.00000,-0.63570,0.63876,994.13,1000,5.87,50.00,201,2.2175,-0.5532,LOCK,0,normal
789,319413,7883,7901,0.04290,-0.00780,-1.02180,1.02273,994.12,1000,5.88,50.00,201,2.2078,-0.6994,LOCK,0,normal
790,319423,7893,7911,0.05850,0.13260,-0.84630,0.85862,994.12,1000,5.88,50.00,201,2.2165,-0.5688,LOCK,0,normal
791,319433,7903,7921,-0.26130,-0.14430,-0.71370,0.77361,994.12,1000,5.88,50.00,201,2.2312,-0.3457,LOCK,0,normal
792,319443,7913,7931,-0.31980,-0.35490,-0.63960,0.79832,994.12,1000,5.88,50.00,201,2.2242,-0.4510,LOCK,0,normal
793,319453,7923,7941,-0.33540,0.05070,-0.77610,0.84699,994.12,1000,5.88,50.00,201,2.2061,-0.7251,LOCK,0,normal
794,319463,7933,7951,0.36660,0.05460,-0.97500,1.04307,994.16,1000,5.84,50.00,201,2.2206,-0.5065,LOCK,0,normal
795,319473,7943,7961,0.09360,0.12870,-0.79170,0.80754,994.17,1000,5.83,50.00,201,2.2101,-0.6646,LOCK,0,normal
796,319483,7953,7971,-0.10140,-0.16770,-0.74100,0.76648,994.17,1000,5.83,50.00,201,2.2276,-0.4006,LOCK,0,normal
797,319496,7966,7984,-0.41730,0.33540,-0.57330,0.78441,994.17,1000,5.83,50.00,201,2.2308,-0.3518,LOCK,0,normal
798,319504,7974,7992,-0.23010,0.06240,-0.89310,0.92437,994.17,1000,5.83,50.00,201,2.2201,-0.5129,LOCK,0,normal
799,319513,7983,8001,-0.11310,-0.18720,-0.78000,0.81008,994.17,1000,5.83,50.00,201,2.2156,-0.5819,LOCK,0,normal
800,319523,7993,8011,0.10140,-0.19110,-0.66690,0.70111,994.13,1000,5.87,50.00,201,2.2082,-0.6939,LOCK,0,normal
801,319533,8003,8021,0.09360,0.04290,-0.91260,0.91839,994.12,1000,5.88,50.00,201,2.2197,-0.5203,LOCK,0,normal
802,319544,8014,8032,-0.12480,-0.20670,-0.92430,0.95532,994.12,1000,5.88,50.00,201,2.2307,-0.3527,LOCK,0,normal
803,319553,8023,8041,-0.30420,0.19110,-0.54600,0.65358,994.12,1000,5.88,50.00,201,2.2306,-0.3551,LOCK,0,normal
804,319563,8033,8051,-0.44850,0.36660,-0.60450,0.83724,994.12,1000,5.88,50.00,201,2.2129,-0.6231,LOCK,0,normal
805,319573,8043,8061,-0.12480,-0.14040,-0.81510,0.83647,994.12,1000,5.88,50.00,201,2.2210,-0.5004,LOCK,0,normal
806,319583,8053,8071,0.21840,-0.27300,-0.70590,0.78773,994.06,1000,5.94,50.00,201,2.2104,-0.6601,LOCK,0,normal
807,319593,8063,8081,0.17550,0.02730,-0.73710,0.75820,994.05,1000,5.95,50.00,201,2.2308,-0.3518,LOCK,0,normal
808,319603,8073,8091,-0.25350,-0.20670,-0.64350,0.72186,994.05,1000,5.95,50.00,201,2.2320,-0.3341,LOCK,0,normal
809,319613,8083,8101,-0.35100,0.19500,-0.74490,0.84623,994.05,1000,5.95,50.00,201,2.2152,-0.5877,LOCK,0,normal
810,319623,8093,8111,-0.23010,0.39780,-0.72540,0.85872,994.04,1000,5.96,50.00,201,2.2284,-0.3881,LOCK,0,normal
811,319633,8103,8121,-0.12090,-0.28080,-0.78000,0.83777,994.04,1000,5.96,50.00,201,2.2160,-0.5761,LOCK,0,normal
812,319643,8113,8131,0.12480,-0.17160,-0.58110,0.61863,994.22,1000,5.78,50.00,201,2.2240,-0.4552,LOCK,0,normal
813,319653,8123,8141,0.00780,-0.26130,-0.90480,0.94181,994.27,1000,5.73,50.00,201,2.2310,-0.3487,LOCK,0,normal
814,319663,8133,8151,-0.12870,0.31200,-0.90090,0.96204,994.28,1000,5.72,50.00,201,2.2181,-0.5435,LOCK,0,normal
815,319673,8143,8161,-0.12870,0.31200,-0.90090,0.96204,994.29,1000,5.71,50.00,201,2.2154,-0.5850,LOCK,0,normal
816,319683,8153,8171,-0.23790,0.15990,-0.76440,0.81638,994.29,1000,5.71,50.00,201,2.2182,-0.5432,LOCK,0,normal
817,319696,8166,8184,-0.24570,0.07020,-0.55770,0.61345,994.29,1000,5.71,50.00,201,2.2303,-0.3588,LOCK,0,normal
818,319704,8174,8192,0.05460,-0.14430,-0.90090,0.91402,994.26,1000,5.74,50.00,201,2.2313,-0.3441,LOCK,0,normal
819,319713,8183,8201,0.05460,-0.14430,-0.90090,0.91402,994.23,1000,5.77,50.00,201,2.2189,-0.5319,LOCK,0,normal
820,319723,8193,8211,0.00390,0.05850,-0.86970,0.87167,994.08,1000,5.92,50.00,201,2.2332,-0.3145,LOCK,0,normal
821,319733,8203,8221,-0.11700,-0.22620,-0.86970,0.90622,994.02,1000,5.98,50.00,201,2.2103,-0.6622,LOCK,0,normal
822,319743,8213,8231,-0.23400,0.20670,-0.58890,0.66655,994.00,1000,6.00,50.00,201,2.2238,-0.4571,LOCK,0,normal
823,319753,8223,8241,-0.36270,-0.03120,-0.62400,0.72243,994.00,1000,6.00,50.00,201,2.2305,-0.3563,LOCK,0,normal
824,319763,8233,8251,0.02730,-0.15210,-0.97890,0.99102,994.05,1000,5.95,50.00,201,2.2125,-0.6283,LOCK,0,normal
825,319773,8243,8261,0.04290,-0.04290,-0.94380,0.94575,994.07,1000,5.93,50.00,201,2.2148,-0.5935,LOCK,0,normal
826,319783,8253,8271,0.07800,-0.10920,-0.78390,0.79530,994.08,1000,5.92,50.00,201,2.2124,-0.6298,LOCK,0,normal
827,319793,8263,8281,-0.25740,-0.30030,-0.79170,0.88500,994.08,1000,5.92,50.00,201,2.2304,-0.3582,LOCK,0,normal
828,319803,8273,8291,-0.32370,0.18330,-0.61620,0.71978,994.08,1000,5.92,50.00,201,2.2335,-0.3109,LOCK,0,normal
829,319813,8283,8301,-0.37830,-0.03120,-0.76830,0.85695,994.08,1000,5.92,50.00,201,2.2111,-0.6500,LOCK,0,normal
830,319823,8293,8311,-0.15600,0.12480,-0.93600,0.95708,994.05,1000,5.95,50.00,201,2.2264,-0.4180,LOCK,0,normal
831,319833,8303,8321,0.19110,0.07410,-0.85800,0.88214,994.05,1000,5.95,50.00,201,2.2172,-0.5578,LOCK,0,normal
832,319843,8313,8331,-0.12870,-0.33540,-0.87750,0.94819,994.04,1000,5.96,50.00,201,2.2265,-0.4168,LOCK,0,normal
833,319853,8323,8341,-0.19110,0.44070,-0.76050,0.89950,994.04,1000,5.96,50.00,201,2.2302,-0.3609,LOCK,0,normal
834,319863,8333,8351,-0.30420,-0.10920,-0.75270,0.81916,994.04,1000,5.96,50.00,201,2.2312,-0.3450,LOCK,0,normal
835,319873,8343,8361,-0.24570,-0.09360,-0.90090,0.93848,994.04,1000,5.96,50.00,201,2.2112,-0.6485,LOCK,0,normal
836,319883,8353,8371,0.13650,0.07020,-0.89700,0.91004,994.06,1000,5.94,50.00,201,2.2138,-0.6085,LOCK,0,normal
837,319896,8366,8384,-0.00390,-0.08970,-0.76830,0.77353,994.06,1000,5.94,50.00,201,2.2309,-0.3505,LOCK,0,normal
838,319904,8374,8392,0.08580,-0.25350,-0.77610,0.82095,994.06,1000,5.94,50.00,201,2.2303,-0.3597,LOCK,0,normal
839,319913,8383,8401,-0.39000,0.16380,-0.61620,0.74742,994.06,1000,5.94,50.00,201,2.2201,-0.5142,LOCK,0,normal
840,319923,8393,8411,-0.14040,-0.19890,-0.79950,0.83575,994.06,1000,5.94,50.00,201,2.2174,-0.5541,LOCK,0,normal
841,319933,8403,8421,-0.38220,0.10530,-0.81120,0.90289,994.06,1000,5.94,50.00,201,2.2196,-0.5218,LOCK,0,normal
842,319943,8413,8431,0.09750,0.26910,-0.80340,0.85286,994.25,1000,5.75,50.00,201,2.2234,-0.4641,LOCK,0,normal
843,319953,8423,8441,0.12090,-0.08970,-0.67470,0.69129,994.25,1000,5.75,50.00,201,2.2320,-0.3331,LOCK,0,normal
844,319963,8433,8451,-0.10920,-0.08190,-0.67470,0.68837,994.30,1000,5.70,50.00,201,2.2307,-0.3530,LOCK,0,normal
845,319973,8443,8461,-0.44850,-0.11310,-0.91260,1.02312,994.31,1000,5.69,50.00,201,2.2114,-0.6460,LOCK,0,normal
846,319983,8453,8471,-0.44070,0.03510,-1.03350,1.12409,994.32,1000,5.68,50.00,201,2.2251,-0.4385,LOCK,0,normal
847,319993,8463,8481,-0.13260,0.18330,-0.81510,0.84591,994.32,1000,5.68,50.00,201,2.2171,-0.5587,LOCK,0,normal
848,320003,8473,8491,0.21450,-0.01560,-0.66690,0.70072,994.23,1000,5.77,50.00,201,2.2301,-0.3627,LOCK,0,normal
849,320013,8483,8501,-0.09360,0.03120,-0.53820,0.54717,994.21,1000,5.79,50.00,201,2.2314,-0.3423,LOCK,0,normal
850,320023,8493,8511,-0.20280,-0.10140,-0.97110,0.99722,994.20,1000,5.80,50.00,201,2.2152,-0.5883,LOCK,0,normal
851,320033,8503,8521,-0.30810,0.33150,-0.69420,0.82869,994.20,1000,5.80,50.00,201,2.2198,-0.5178,LOCK,0,normal
852,320043,8513,8531,-0.14040,-0.01170,-0.70200,0.71600,994.20,1000,5.80,50.00,201,2.2170,-0.5606,LOCK,0,normal
853,320053,8523,8541,-0.09750,-0.19500,-0.74490,0.77615,994.20,1000,5.80,50.00,201,2.2303,-0.3597,LOCK,0,normal
854,320063,8533,8551,0.01170,-0.16380,-0.71370,0.73235,994.28,1000,5.72,50.00,201,2.2299,-0.3655,LOCK,0,normal
855,320073,8543,8561,0.01170,-0.16380,-0.71370,0.73235,994.31,1000,5.69,50.00,201,2.2174,-0.5551,LOCK,0,normal
856,320083,8553,8571,0.07020,0.05070,-0.98280,0.98661,994.32,1000,5.68,50.00,201,2.2199,-0.5172,LOCK,0,normal
857,320096,8566,8584,-0.26520,0.10530,-0.65130,0.71106,994.32,1000,5.68,50.00,201,2.2308,-0.3515,LOCK,0,normal
858,320104,8574,8592,-0.10920,0.30030,-0.62400,0.70106,994.32,1000,5.68,50.00,201,2.2171,-0.5590,LOCK,0,normal
859,320153,8623,8641,-0.01950,0.08970,-0.67860,0.68478,994.33,1000,5.67,50.00,201,2.2226,-0.4754,LOCK,0,normal
860,320161,8631,8649,-0.34320,0.26910,-0.50310,0.66582,994.35,1000,5.65,50.00,201,2.2311,-0.3466,LOCK,0,normal
861,320170,8640,8658,-0.35490,0.08190,-0.87360,0.94649,994.36,1000,5.64,50.00,201,2.2119,-0.6381,LOCK,0,normal
862,320178,8648,8666,-0.23790,0.01170,-0.81900,0.85293,994.39,1000,5.61,50.00,201,2.2183,-0.5404,LOCK,0,normal
863,320186,8656,8674,0.21450,-0.21060,-0.74100,0.79965,994.43,1000,5.57,50.00,201,2.2283,-0.3887,LOCK,0,normal
864,320195,8665,8683,0.21450,-0.21060,-0.74100,0.79965,994.46,1000,5.54,50.00,201,2.2189,-0.5325,LOCK,0,normal
865,320206,8676,8694,-0.03120,-0.17160,-0.73320,0.75366,994.48,1000,5.52,50.00,201,2.2323,-0.3295,LOCK,0,normal
866,320214,8684,8702,-0.25350,0.14040,-0.60450,0.67037,994.51,1000,5.49,50.00,201,2.2304,-0.3573,LOCK,0,normal
867,320223,8693,8711,-0.34710,0.41730,-0.94770,1.09213,994.53,1000,5.47,50.00,201,2.2123,-0.6317,LOCK,0,normal
868,320231,8701,8719,-0.17550,0.01170,-0.84240,0.86057,994.55,1000,5.45,50.00,201,2.2180,-0.5453,LOCK,0,normal
869,320239,8709,8727,0.04680,0.08970,-0.67470,0.68224,994.55,1000,5.45,50.00,201,2.2250,-0.4397,LOCK,0,normal
870,320248,8718,8736,-0.05070,-0.19110,-0.53820,0.57337,994.56,1000,5.44,50.00,201,2.2268,-0.4125,LOCK,0,normal
871,320261,8731,8749,-0.03120,0.03900,-0.83070,0.83220,994.56,1000,5.44,50.00,201,2.2238,-0.4583,LOCK,0,normal
872,320269,8739,8757,-0.08580,0.07410,-0.95550,0.96220,994.57,1000,5.43,50.00,201,2.2195,-0.5221,LOCK,0,normal
873,320278,8748,8766,-0.08580,0.07410,-0.95550,0.96220,994.57,1000,5.43,50.00,201,2.2054,-0.7358,LOCK,0,normal
874,320286,8756,8774,-0.27690,0.38610,-0.64740,0.80304,994.57,1000,5.43,50.00,201,2.2193,-0.5251,LOCK,0,normal
875,320312,8782,8800,0.08580,-0.00780,-0.94770,0.95161,994.62,1000,5.38,50.00,201,2.2314,-0.3417,LOCK,0,normal
876,320321,8791,8809,-0.11310,-0.30810,-0.91260,0.96982,994.66,1000,5.34,50.00,201,2.2321,-0.3313,LOCK,0,normal
877,320329,8799,8817,-0.11310,-0.30810,-0.91260,0.96982,994.70,1000,5.30,50.00,201,2.2132,-0.6189,LOCK,0,normal
878,320338,8808,8826,-0.21450,0.00390,-0.88530,0.91092,994.73,1000,5.27,50.00,201,2.2276,-0.4006,LOCK,0,normal
879,320346,8816,8834,-0.23790,0.22230,-0.69810,0.77030,994.76,1000,5.24,50.00,201,2.2179,-0.5468,LOCK,0,normal
880,320355,8825,8843,-0.27300,-0.31200,-0.64350,0.76548,994.79,1000,5.21,50.00,201,2.2290,-0.3789,LOCK,0,normal
881,320363,8833,8851,0.07020,0.04680,-1.01790,1.02139,994.79,1000,5.21,50.00,201,2.2281,-0.3921,LOCK,0,normal
882,320372,8842,8860,0.12870,-0.03120,-0.84240,0.85275,994.79,1000,5.21,50.00,201,2.2132,-0.6182,LOCK,0,normal
883,320380,8850,8868,0.12870,-0.03120,-0.84240,0.85275,994.80,1000,5.20,50.00,201,2.2184,-0.5398,LOCK,0,normal
884,320388,8858,8876,-0.10140,-0.44850,-0.73320,0.86546,994.80,1000,5.20,50.00,201,2.2137,-0.6100,LOCK,0,normal
885,320397,8867,8885,-0.36660,0.42900,-0.70980,0.90678,994.80,1000,5.20,50.00,201,2.2242,-0.4516,LOCK,0,normal
886,320463,8933,8951,0.05070,-0.62010,-0.73710,0.96458,994.82,1000,5.18,50.00,201,2.2321,-0.3313,LOCK,0,normal
887,320472,8942,8960,0.05070,-0.62010,-0.73710,0.96458,994.84,1000,5.16,50.00,201,2.2318,-0.3362,LOCK,0,normal
888,320480,8950,8968,-0.21840,-0.12870,-0.67470,0.72075,994.85,1000,5.15,50.00,201,2.2194,-0.5245,LOCK,0,normal
889,320489,8959,8977,0.07410,0.01950,-0.50700,0.51276,994.85,1000,5.15,50.00,201,2.2121,-0.6347,LOCK,0,normal
890,320497,8967,8985,0.06630,-0.19110,-0.91650,0.93856,994.86,1000,5.14,50.00,201,2.2202,-0.5126,LOCK,0,normal
891,320516,8986,9004,-0.25740,0.12480,-0.67470,0.73284,994.86,1000,5.14,50.00,201,2.2311,-0.3466,LOCK,0,normal
892,320525,8995,9013,-0.28860,-0.01560,-0.68250,0.74117,994.86,1000,5.14,50.00,201,2.2134,-0.6146,LOCK,0,normal
893,320533,9003,9021,-0.28860,-0.01560,-0.68250,0.74117,994.87,1000,5.13,50.00,201,2.2208,-0.5035,LOCK,0,normal
894,320542,9012,9030,-0.08970,-0.05460,-0.68250,0.69053,994.89,1000,5.11,50.00,201,2.2213,-0.4952,LOCK,0,normal
895,320566,9036,9054,-0.09360,-0.45240,-0.83850,0.95734,994.92,1000,5.08,50.00,201,2.2277,-0.3988,LOCK,0,normal
896,320574,9044,9062,-0.09360,-0.45240,-0.83850,0.95734,994.94,1000,5.06,50.00,201,2.2322,-0.3298,LOCK,0,normal
897,320583,9053,9071,-0.24180,0.37050,-0.49140,0.66122,994.96,1000,5.04,50.00,201,2.2174,-0.5547,LOCK,0,normal
898,320591,9061,9079,-0.23400,0.10530,-0.74880,0.79155,994.97,1000,5.03,50.00,201,2.2204,-0.5087,LOCK,0,normal
899,320600,9070,9088,0.06240,0.07800,-0.90870,0.91417,994.96,1000,5.04,50.00,201,2.2204,-0.5096,LOCK,0,normal
900,320613,9083,9101,0.12870,-0.12870,-0.87360,0.89236,994.94,1000,5.06,50.00,201,2.2313,-0.3444,LOCK,0,normal
901,320622,9092,9110,0.10530,0.02340,-0.76440,0.77197,994.92,1000,5.08,50.00,201,2.2331,-0.3173,LOCK,0,normal
902,320630,9100,9118,-0.18330,-0.33930,-0.64350,0.75021,994.91,1000,5.09,50.00,201,2.2121,-0.6341,LOCK,0,normal
903,320639,9109,9127,-0.27300,0.39780,-0.76830,0.90723,994.89,1000,5.11,50.00,201,2.2128,-0.6240,LOCK,0,normal
904,320647,9117,9135,-0.27300,0.39780,-0.76830,0.90723,994.88,1000,5.12,50.00,201,2.2224,-0.4790,LOCK,0,normal
905,320663,9133,9151,-0.09750,0.18720,-0.77610,0.80429,994.89,1000,5.11,50.00,201,2.2316,-0.3396,LOCK,0,normal
906,320672,9142,9160,0.23010,0.07410,-0.75660,0.79428,994.90,1000,5.10,50.00,201,2.2141,-0.6051,LOCK,0,normal
907,320680,9150,9168,-0.18330,-0.48360,-0.73320,0.89725,994.91,1000,5.09,50.00,201,2.2264,-0.4177,LOCK,0,normal
908,320689,9159,9177,-0.06240,0.06630,-0.94770,0.95206,994.92,1000,5.08,50.00,201,2.2039,-0.7593,LOCK,0,normal
909,320719,9189,9207,-0.05460,0.00390,-0.72150,0.72357,994.92,1000,5.08,50.00,201,2.2322,-0.3304,LOCK,0,normal
910,320727,9197,9215,-0.14430,-0.20670,-0.48750,0.54882,994.94,1000,5.06,50.00,201,2.2286,-0.3844,LOCK,0,normal
911,320736,9206,9224,-0.02730,-0.14430,-0.62400,0.64105,994.95,1000,5.05,50.00,201,2.2112,-0.6479,LOCK,0,normal
912,320744,9214,9232,-0.09750,0.01950,-0.91260,0.91800,994.96,1000,5.04,50.00,201,2.2225,-0.4775,LOCK,0,normal
913,320753,9223,9241,-0.19890,0.09750,-0.98280,1.00745,994.97,1000,5.03,50.00,201,2.2227,-0.4745,LOCK,0,normal
914,320761,9231,9249,-0.27690,0.16770,-0.95550,1.00885,994.98,1000,5.02,50.00,201,2.2337,-0.3075,LOCK,0,normal
915,320774,9244,9262,-0.24960,-0.09750,-0.74100,0.78796,994.99,1000,5.01,50.00,201,2.2298,-0.3661,LOCK,0,normal
916,320782,9252,9270,-0.21840,0.28860,-0.51090,0.62610,994.99,1000,5.01,50.00,201,2.2179,-0.5471,LOCK,0,normal
917,320791,9261,9279,-0.21840,0.28860,-0.51090,0.62610,994.99,1000,5.01,50.00,201,2.2270,-0.4098,LOCK,0,normal
918,320799,9269,9287,-0.01560,-0.17160,-0.90870,0.92489,994.99,1000,5.01,50.00,201,2.2143,-0.6008,LOCK,0,normal
919,320807,9277,9295,0.02730,0.13260,-0.86580,0.87632,994.99,1000,5.01,50.00,201,2.2071,-0.7104,LOCK,0,normal
920,320820,9290,9308,-0.28080,-0.07020,-0.93210,0.97601,994.99,1000,5.01,50.00,201,2.2319,-0.3344,LOCK,0,normal
921,320828,9298,9316,-0.09750,0.15600,-0.70590,0.72948,994.99,1000,5.01,50.00,201,2.2312,-0.3460,LOCK,0,normal
922,320836,9306,9324,-0.54210,-0.24570,-0.67080,0.89678,994.98,1000,5.02,50.00,201,2.2155,-0.5841,LOCK,0,normal
923,320845,9315,9333,-0.14040,0.03120,-0.95160,0.96241,994.99,1000,5.01,50.00,201,2.2157,-0.5807,LOCK,0,normal
924,320853,9323,9341,0.09360,0.01950,-0.87750,0.88269,994.99,1000,5.01,50.00,201,2.2069,-0.7135,LOCK,0,normal
925,320862,9332,9350,0.09360,0.01950,-0.87750,0.88269,994.99,1000,5.01,50.00,201,2.2089,-0.6833,LOCK,0,normal
926,320874,9344,9362,-0.19110,0.31200,-0.74880,0.83341,994.99,1000,5.01,50.00,201,2.2313,-0.3432,LOCK,0,normal
927,320882,9352,9370,-0.19110,0.31200,-0.74880,0.83341,994.99,1000,5.01,50.00,201,2.2315,-0.3411,LOCK,0,normal
928,320891,9361,9379,-0.25740,-0.10920,-0.73320,0.78470,994.99,1000,5.01,50.00,201,2.2112,-0.6485,LOCK,0,normal
929,320899,9369,9387,-0.26520,-0.22230,-0.79950,0.87118,994.99,1000,5.01,50.00,201,2.2206,-0.5065,LOCK,0,normal
930,320908,9378,9396,0.01950,-0.01950,-0.83850,0.83895,994.96,1000,5.04,50.00,201,2.2115,-0.6442,LOCK,0,normal
931,320921,9391,9409,0.16380,-0.14820,-0.70980,0.74338,994.94,1000,5.06,50.00,201,2.2235,-0.4617,LOCK,0,normal
932,320939,9409,9427,-0.39780,0.35880,-0.73710,0.91121,994.92,1000,5.08,50.00,201,2.2094,-0.6753,LOCK,0,normal
933,320947,9417,9435,-0.34710,0.16770,-0.92430,1.00146,994.91,1000,5.09,50.00,201,2.2168,-0.5639,LOCK,0,normal
934,320955,9425,9443,-0.24570,-0.38610,-0.85020,0.96555,994.89,1000,5.11,50.00,201,2.2169,-0.5627,LOCK,0,normal
935,320964,9434,9452,-0.24570,-0.38610,-0.85020,0.96555,994.89,1000,5.11,50.00,201,2.2149,-0.5920,LOCK,0,normal
936,320976,9446,9464,0.13650,-0.21840,-0.53430,0.59313,994.89,1000,5.11,50.00,201,2.2297,-0.3689,LOCK,0,normal
937,320984,9454,9472,-0.13650,-0.14040,-0.67470,0.70254,994.89,1000,5.11,50.00,201,2.2321,-0.3325,LOCK,0,normal
938,320993,9463,9481,-0.05850,0.07800,-0.98670,0.99151,994.89,1000,5.11,50.00,201,2.2147,-0.5957,LOCK,0,normal
939,321001,9471,9489,-0.33930,-0.01560,-0.70590,0.78337,994.89,1000,5.11,50.00,201,2.2259,-0.4250,LOCK,0,normal
940,321010,9480,9498,-0.12870,-0.41340,-0.86580,0.96803,994.89,1000,5.11,50.00,201,2.2150,-0.5905,LOCK,0,normal
941,321018,9488,9506,-0.35880,0.00780,-0.65130,0.74363,994.89,1000,5.11,50.00,201,2.2275,-0.4015,LOCK,0,normal
942,321027,9497,9515,-0.35880,0.00780,-0.65130,0.74363,994.89,1000,5.11,50.00,201,2.2308,-0.3508,LOCK,0,normal
943,321035,9505,9523,0.11700,-0.26520,-0.81510,0.86511,994.88,1000,5.12,50.00,201,2.2092,-0.6793,LOCK,0,normal
944,321044,9514,9532,0.03900,-0.06630,-0.87360,0.87698,994.88,1000,5.12,50.00,201,2.2096,-0.6729,LOCK,0,normal
945,321052,9522,9540,-0.03900,-0.13650,-0.75270,0.76597,994.88,1000,5.12,50.00,201,2.2273,-0.4049,LOCK,0,normal
946,321060,9530,9548,-0.42120,0.23010,-0.43290,0.64634,994.88,1000,5.12,50.00,201,2.2114,-0.6460,LOCK,0,normal
947,321079,9549,9567,-0.07410,0.16770,-0.90090,0.91937,994.87,1000,5.13,50.00,201,2.2391,-0.2254,LOCK,0,normal
948,321087,9557,9575,-0.07410,0.16770,-0.90090,0.91937,994.87,1000,5.13,50.00,201,2.2260,-0.4241,LOCK,0,normal
949,321096,9566,9584,0.08580,-0.22230,-0.83070,0.86420,994.87,1000,5.13,50.00,201,2.2131,-0.6204,LOCK,0,normal
950,321104,9574,9592,0.25740,-0.02340,-0.74490,0.78847,994.86,1000,5.14,50.00,201,2.2278,-0.3966,LOCK,0,normal
951,321113,9583,9601,-0.28080,-0.16770,-0.68250,0.75682,994.86,1000,5.14,50.00,201,2.2189,-0.5322,LOCK,0,normal
952,321126,9596,9614,-0.42900,0.51480,-0.71370,0.97899,994.86,1000,5.14,50.00,201,2.2305,-0.3557,LOCK,0,normal
953,321134,9604,9622,-0.30810,-0.08190,-0.84630,0.90435,994.85,1000,5.15,50.00,201,2.2276,-0.3994,LOCK,0,normal
954,321143,9613,9631,-0.05460,-0.24570,-0.77610,0.81589,994.83,1000,5.17,50.00,201,2.2101,-0.6649,LOCK,0,normal
955,321151,9621,9639,0.16770,-0.22230,-0.74490,0.79525,994.82,1000,5.18,50.00,201,2.2140,-0.6057,LOCK,0,normal
956,321160,9630,9648,0.16770,-0.22230,-0.74490,0.79525,994.80,1000,5.20,50.00,201,2.2281,-0.3924,LOCK,0,normal
957,321168,9638,9656,-0.14040,-0.00780,-0.74100,0.75422,994.79,1000,5.21,50.00,201,2.2192,-0.5267,LOCK,0,normal
958,321180,9650,9668,-0.26910,-0.18720,-1.00620,1.05825,994.78,1000,5.22,50.00,201,2.2312,-0.3460,LOCK,0,normal
959,321189,9659,9677,-0.14820,0.48360,-0.81120,0.95597,994.77,1000,5.23,50.00,201,2.2314,-0.3423,LOCK,0,normal
960,321197,9667,9685,-0.07410,0.42120,-0.57330,0.71524,994.76,1000,5.24,50.00,201,2.2141,-0.6045,LOCK,0,normal
961,321206,9676,9694,-0.05850,-0.19110,-0.71370,0.74115,994.72,1000,5.28,50.00,201,2.2276,-0.3997,LOCK,0,normal
962,321214,9684,9702,0.05460,0.09750,-0.61230,0.62241,994.69,1000,5.31,50.00,201,2.2100,-0.6665,LOCK,0,normal
963,321223,9693,9711,-0.17550,-0.39390,-0.88920,0.98825,994.66,1000,5.34,50.00,201,2.2184,-0.5401,LOCK,0,normal
964,321231,9701,9719,-0.17550,-0.39390,-0.88920,0.98825,994.64,1000,5.36,50.00,201,2.2308,-0.3515,LOCK,0,normal
965,321240,9710,9728,-0.22620,0.38610,-1.06080,1.15132,994.61,1000,5.39,50.00,201,2.2313,-0.3432,LOCK,0,normal
966,321248,9718,9736,-0.08580,-0.08190,-0.84630,0.85457,994.59,1000,5.41,50.00,201,2.2122,-0.6338,LOCK,0,normal
967,321257,9727,9745,-0.14430,-0.17940,-0.70200,0.73879,994.57,1000,5.43,50.00,201,2.2273,-0.4040,LOCK,0,normal
968,321265,9735,9753,-0.14040,0.09750,-0.45240,0.48362,994.55,1000,5.45,50.00,201,2.2133,-0.6173,LOCK,0,normal
969,321274,9744,9762,-0.00390,-0.30030,-0.74490,0.80316,994.54,1000,5.46,50.00,201,2.2353,-0.2828,LOCK,0,normal
970,321336,9806,9824,0.02340,-0.10140,-0.96330,0.96890,994.55,1000,5.45,50.00,201,2.2337,-0.3081,LOCK,0,normal
971,321345,9815,9833,0.02340,-0.10140,-0.96330,0.96890,994.56,1000,5.44,50.00,201,2.2307,-0.3527,LOCK,0,normal
972,321353,9823,9841,0.05460,0.11310,-0.79170,0.80160,994.57,1000,5.43,50.00,201,2.2165,-0.5679,LOCK,0,normal
973,321362,9832,9850,-0.28470,-0.05850,-0.78000,0.83239,994.58,1000,5.42,50.00,201,2.2273,-0.4052,LOCK,0,normal
974,321370,9840,9858,-0.20280,0.47970,-0.78390,0.94114,994.59,1000,5.41,50.00,201,2.2215,-0.4919,LOCK,0,normal
975,321379,9849,9867,-0.24570,-0.26520,-0.90090,0.97073,994.60,1000,5.40,50.00,201,2.2276,-0.4003,LOCK,0,normal
976,321387,9857,9875,0.10530,0.27300,-0.82290,0.87337,994.56,1000,5.44,50.00,201,2.2305,-0.3557,LOCK,0,normal
977,321396,9866,9884,0.10530,0.27300,-0.82290,0.87337,994.52,1000,5.48,50.00,201,2.2044,-0.7516,LOCK,0,normal
978,321404,9874,9892,0.30420,0.06630,-0.68640,0.75371,994.49,1000,5.51,50.00,201,2.2200,-0.5151,LOCK,0,normal
979,321412,9882,9900,-0.24960,-0.28860,-0.65520,0.75821,994.46,1000,5.54,50.00,201,2.2110,-0.6515,LOCK,0,normal
980,321421,9891,9909,-0.40560,0.21060,-0.80730,0.92768,994.43,1000,5.57,50.00,201,2.2161,-0.5749,LOCK,0,normal
981,321440,9910,9928,-0.06240,-0.34320,-0.76050,0.83668,994.41,1000,5.59,50.00,201,2.2331,-0.3167,LOCK,0,normal
982,321449,9919,9937,0.03900,-0.02340,-0.57720,0.57899,994.37,1000,5.63,50.00,201,2.2122,-0.6335,LOCK,0,normal
983,321457,9927,9945,0.03900,-0.02340,-0.57720,0.57899,994.34,1000,5.66,50.00,201,2.2203,-0.5102,LOCK,0,normal
984,321465,9935,9953,0.00390,0.00780,-0.80730,0.80735,994.32,1000,5.68,50.00,201,2.2214,-0.4937,LOCK,0,normal
985,321474,9944,9962,-0.06240,-0.14430,-1.06860,1.08010,994.29,1000,5.71,50.00,201,2.2095,-0.6738,LOCK,0,normal
986,321490,9960,9978,-0.36270,0.19500,-0.72930,0.83753,994.27,1000,5.73,50.00,201,2.2302,-0.3612,LOCK,0,normal
987,321498,9968,9986,-0.36270,0.19500,-0.72930,0.83753,994.25,1000,5.75,50.00,201,2.2301,-0.3627,LOCK,0,normal
988,321507,9977,9995,-0.29250,-0.43290,-0.59670,0.79310,994.23,1000,5.77,50.00,201,2.2153,-0.5865,LOCK,0,normal
989,321515,9985,10003,0.26130,-0.22230,-0.78390,0.85568,994.20,1000,5.80,50.00,201,2.2198,-0.5178,LOCK,0,normal
990,321523,9993,10011,-0.01170,-0.07410,-0.85410,0.85739,994.18,1000,5.82,50.00,201,2.2135,-0.6143,LOCK,0,normal
991,321537,10007,10025,0.03120,-0.06240,-0.80340,0.80642,994.16,1000,5.84,50.00,201,2.2098,-0.6692,LOCK,0,normal
