sample_index,time_ms_raw,time_ms_zero,elapsed_ms,ax_g,ay_g,az_g,total_g,rpm,target_rpm,rpm_error,pwm_eq,duty_10bit,acs_v,current_a,control_mode,state,fault_type
0,296617,0,13,-0.00780,-0.43290,-0.62790,0.76271,996.54,1000,3.46,50.00,201,2.2131,-0.6198,LOCK,0,normal
1,296625,8,21,-0.21450,0.21450,-0.61230,0.68332,996.54,1000,3.46,50.00,201,2.2191,-0.5294,LOCK,0,normal
2,296635,18,31,-0.21450,0.21450,-0.61230,0.68332,996.54,1000,3.46,50.00,201,2.2152,-0.5886,LOCK,0,normal
3,296645,28,41,-0.51870,0.01170,-0.70980,0.87921,996.54,1000,3.46,50.00,201,2.2104,-0.6610,LOCK,0,normal
4,296655,38,51,-0.19500,0.14040,-0.94380,0.97391,996.54,1000,3.46,50.00,201,2.2298,-0.3670,LOCK,0,normal
5,296665,48,61,-0.10920,0.14430,-0.84630,0.86543,996.57,1000,3.43,50.00,201,2.2268,-0.4122,LOCK,0,normal
6,296675,58,71,0.08580,-0.23010,-0.83460,0.86998,996.57,1000,3.43,50.00,201,2.2125,-0.6283,LOCK,0,normal
7,296685,68,81,0.15990,-0.08190,-0.78390,0.80422,996.58,1000,3.42,50.00,201,2.2191,-0.5285,LOCK,0,normal
8,296695,78,91,-0.00390,-0.17940,-0.87750,0.89566,996.58,1000,3.42,50.00,201,2.2189,-0.5322,LOCK,0,normal
9,296705,88,101,-0.19500,0.15990,-0.37440,0.45141,996.58,1000,3.42,50.00,201,2.2288,-0.3817,LOCK,0,normal
10,296715,98,111,-0.17940,-0.02340,-0.67470,0.69854,996.58,1000,3.42,50.00,201,2.2301,-0.3624,LOCK,0,normal
11,296725,108,121,-0.06630,-0.26130,-0.60840,0.66545,996.58,1000,3.42,50.00,201,2.2122,-0.6326,LOCK,0,normal
12,296735,118,131,0.05460,-0.24180,-0.58500,0.63535,996.58,1000,3.42,50.00,201,2.2034,-0.7666,LOCK,0,normal
13,296745,128,141,-0.05850,-0.03120,-0.69420,0.69736,996.58,1000,3.42,50.00,201,2.2258,-0.4265,LOCK,0,normal
14,296755,138,151,-0.37830,-0.15990,-0.92040,1.00788,996.58,1000,3.42,50.00,201,2.2172,-0.5572,LOCK,0,normal
15,296814,197,210,-0.26130,0.14820,-0.90480,0.95336,996.59,1000,3.41,50.00,201,2.2313,-0.3444,LOCK,0,normal
16,296822,205,218,-0.21840,0.23790,-0.95550,1.00860,996.60,1000,3.40,50.00,201,2.2088,-0.6851,LOCK,0,normal
17,296831,214,227,-0.11310,0.08580,-0.80340,0.81585,996.61,1000,3.39,50.00,201,2.2088,-0.6854,LOCK,0,normal
18,296839,222,235,-0.11310,0.08580,-0.80340,0.81585,996.62,1000,3.38,50.00,201,2.2164,-0.5697,LOCK,0,normal
19,296848,231,244,0.28860,-0.03120,-0.64740,0.70950,996.62,1000,3.38,50.00,201,2.2202,-0.5117,LOCK,0,normal
20,296859,242,255,0.10530,-0.19890,-0.61230,0.65235,996.63,1000,3.37,50.00,201,2.2293,-0.3750,LOCK,0,normal
21,296868,251,264,-0.07020,-0.06240,-0.62010,0.62717,996.64,1000,3.36,50.00,201,2.2245,-0.4467,LOCK,0,normal
22,296876,259,272,-0.47580,-0.06630,-0.68250,0.83462,996.64,1000,3.36,50.00,201,2.2114,-0.6448,LOCK,0,normal
23,296885,268,281,-0.40560,0.30810,-0.71760,0.87999,996.65,1000,3.35,50.00,201,2.2210,-0.4998,LOCK,0,normal
24,296893,276,289,-0.36660,0.05460,-0.72930,0.81808,996.65,1000,3.35,50.00,201,2.2137,-0.6103,LOCK,0,normal
25,296901,284,297,-0.36660,0.05460,-0.72930,0.81808,996.66,1000,3.34,50.00,201,2.2249,-0.4403,LOCK,0,normal
26,296912,295,308,0.08580,0.11310,-0.71760,0.73151,996.66,1000,3.34,50.00,201,2.2279,-0.3957,LOCK,0,normal
27,296920,303,316,0.01950,-0.02340,-0.99450,0.99497,996.66,1000,3.34,50.00,201,2.2291,-0.3771,LOCK,0,normal
28,296929,312,325,0.01560,0.02730,-0.94380,0.94432,996.67,1000,3.33,50.00,201,2.1974,-0.8582,LOCK,0,normal
29,296937,320,333,-0.33540,0.16770,-0.90090,0.97583,996.67,1000,3.33,50.00,201,2.2318,-0.3362,LOCK,0,normal
30,296946,329,342,-0.28080,-0.12090,-1.10760,1.14902,996.67,1000,3.33,50.00,201,2.2213,-0.4961,LOCK,0,normal
31,296954,337,350,-0.07410,-0.01560,-0.81900,0.82249,996.67,1000,3.33,50.00,201,2.2158,-0.5795,LOCK,0,normal
32,296963,346,359,-0.07410,-0.01560,-0.81900,0.82249,996.68,1000,3.32,50.00,201,2.2318,-0.3362,LOCK,0,normal
33,296971,354,367,0.24180,-0.01950,-0.81900,0.85417,996.69,1000,3.31,50.00,201,2.2327,-0.3222,LOCK,0,normal
34,296980,363,376,0.21450,-0.10920,-0.75660,0.79396,996.70,1000,3.30,50.00,201,2.2190,-0.5303,LOCK,0,normal
35,296988,371,384,-0.03120,-0.26130,-0.72540,0.77166,996.70,1000,3.30,50.00,201,2.2249,-0.4403,LOCK,0,normal
36,296996,379,392,-0.48360,0.28860,-0.47970,0.73978,996.71,1000,3.29,50.00,201,2.2034,-0.7666,LOCK,0,normal
37,297005,388,401,-0.42510,0.00780,-0.66690,0.79090,996.71,1000,3.29,50.00,201,2.2279,-0.3960,LOCK,0,normal
38,297020,403,416,-0.09360,-0.11700,-0.79170,0.80575,996.72,1000,3.28,50.00,201,2.2231,-0.4678,LOCK,0,normal
39,297029,412,425,0.07020,-0.15990,-0.96330,0.97900,996.69,1000,3.31,50.00,201,2.2171,-0.5587,LOCK,0,normal
40,297037,420,433,0.08970,0.01950,-0.96720,0.97155,996.66,1000,3.34,50.00,201,2.2160,-0.5758,LOCK,0,normal
41,297045,428,441,-0.09750,-0.37050,-0.91650,0.99335,996.64,1000,3.36,50.00,201,2.2056,-0.7330,LOCK,0,normal
42,297068,451,464,-0.21450,0.21060,-0.72540,0.78522,996.62,1000,3.38,50.00,201,2.2295,-0.3713,LOCK,0,normal
43,297076,459,472,0.00390,-0.15210,-0.76050,0.77557,996.60,1000,3.40,50.00,201,2.2306,-0.3539,LOCK,0,normal
44,297085,468,481,0.00390,-0.15210,-0.76050,0.77557,996.60,1000,3.40,50.00,201,2.2168,-0.5633,LOCK,0,normal
45,297093,476,489,0.32370,0.08190,-0.75270,0.82344,996.61,1000,3.39,50.00,201,2.2187,-0.5352,LOCK,0,normal
46,297102,485,498,0.08580,-0.28860,-0.79170,0.84702,996.62,1000,3.38,50.00,201,2.2188,-0.5337,LOCK,0,normal
47,297110,493,506,-0.04680,0.09750,-0.65130,0.66022,996.62,1000,3.38,50.00,201,2.2338,-0.3054,LOCK,0,normal
48,297119,502,515,-0.57720,0.14820,-0.33540,0.68382,996.63,1000,3.37,50.00,201,2.2306,-0.3551,LOCK,0,normal
49,297127,510,523,-0.57720,0.14820,-0.33540,0.68382,996.64,1000,3.36,50.00,201,2.2300,-0.3637,LOCK,0,normal
50,297136,519,532,-0.47970,0.17160,-0.57330,0.76696,996.64,1000,3.36,50.00,201,2.2205,-0.5080,LOCK,0,normal
51,297144,527,540,-0.28860,0.04680,-0.66300,0.72460,996.65,1000,3.35,50.00,201,2.2155,-0.5828,LOCK,0,normal
52,297153,536,549,0.14040,-0.05460,-0.96330,0.97501,996.65,1000,3.35,50.00,201,2.2152,-0.5883,LOCK,0,normal
53,297161,544,557,0.02730,-0.15210,-1.00620,1.01800,996.66,1000,3.34,50.00,201,2.2269,-0.4101,LOCK,0,normal
54,297169,552,565,-0.10920,0.43290,-0.83460,0.94651,996.66,1000,3.34,50.00,201,2.2204,-0.5090,LOCK,0,normal
55,297178,561,574,-0.10920,0.43290,-0.83460,0.94651,996.67,1000,3.33,50.00,201,2.2320,-0.3337,LOCK,0,normal
56,297186,569,582,-0.68640,0.19110,-0.89310,1.14249,996.67,1000,3.33,50.00,201,2.2057,-0.7324,LOCK,0,normal
57,297195,578,591,-0.33930,0.26130,-0.75660,0.86939,996.68,1000,3.32,50.00,201,2.2202,-0.5114,LOCK,0,normal
58,297203,586,599,0.07410,0.06630,-0.64740,0.65499,996.68,1000,3.32,50.00,201,2.2127,-0.6265,LOCK,0,normal
59,297212,595,608,0.14820,-0.26130,-0.74490,0.80319,996.69,1000,3.31,50.00,201,2.2237,-0.4589,LOCK,0,normal
60,297226,609,622,0.22620,-0.01560,-0.75660,0.78984,996.69,1000,3.31,50.00,201,2.2305,-0.3563,LOCK,0,normal
61,297234,617,630,-0.27300,-0.40950,-0.76440,0.90914,996.70,1000,3.30,50.00,201,2.2070,-0.7120,LOCK,0,normal
62,297243,626,639,-0.23400,-0.53820,-0.29640,0.65747,996.70,1000,3.30,50.00,201,2.2207,-0.5044,LOCK,0,normal
63,297251,634,647,-0.30030,0.07410,-0.58110,0.65829,996.70,1000,3.30,50.00,201,2.2205,-0.5074,LOCK,0,normal
64,297260,643,656,-0.30030,0.07410,-0.58110,0.65829,996.71,1000,3.29,50.00,201,2.2310,-0.3481,LOCK,0,normal
65,297271,654,667,0.14820,-0.01560,-0.73320,0.74819,996.71,1000,3.29,50.00,201,2.2291,-0.3774,LOCK,0,normal
66,297280,663,676,0.14820,-0.01560,-0.73320,0.74819,996.72,1000,3.28,50.00,201,2.2282,-0.3911,LOCK,0,normal
67,297288,671,684,-0.12870,-0.07410,-0.83850,0.85155,996.72,1000,3.28,50.00,201,2.2109,-0.6530,LOCK,0,normal
68,297297,680,693,-0.32760,0.08970,-0.87750,0.94094,996.72,1000,3.28,50.00,201,2.2252,-0.4363,LOCK,0,normal
69,297305,688,701,-0.48360,0.10140,-0.95160,1.07224,996.72,1000,3.28,50.00,201,2.2093,-0.6765,LOCK,0,normal
70,297315,698,711,-0.10920,-0.00390,-0.80730,0.81466,996.74,1000,3.26,50.00,201,2.2293,-0.3750,LOCK,0,normal
71,297325,708,721,0.15990,0.15210,-0.93600,0.96166,996.76,1000,3.24,50.00,201,2.2300,-0.3631,LOCK,0,normal
72,297335,718,731,0.18330,-0.01950,-0.98670,1.00377,996.76,1000,3.24,50.00,201,2.2307,-0.3533,LOCK,0,normal
73,297345,728,741,-0.05460,-0.40170,-0.95160,1.03435,996.77,1000,3.23,50.00,201,2.2067,-0.7171,LOCK,0,normal
74,297355,738,751,-0.33930,0.08970,-0.74100,0.81991,996.77,1000,3.23,50.00,201,2.2134,-0.6158,LOCK,0,normal
75,297365,748,761,-0.30420,0.10530,-0.81120,0.87274,996.77,1000,3.23,50.00,201,2.2199,-0.5166,LOCK,0,normal
76,297419,802,815,-0.40950,0.21450,-0.90480,1.01605,996.78,1000,3.22,50.00,201,2.2293,-0.3740,LOCK,0,normal
77,297432,815,828,-0.28470,0.14430,-0.94770,1.00001,996.79,1000,3.21,50.00,201,2.2312,-0.3460,LOCK,0,normal
78,297441,824,837,-0.23790,0.01170,-0.86580,0.89797,996.79,1000,3.21,50.00,201,2.2051,-0.7410,LOCK,0,normal
79,297449,832,845,0.35490,-0.26910,-0.69030,0.82151,996.79,1000,3.21,50.00,201,2.2166,-0.5660,LOCK,0,normal
80,297457,840,853,0.24180,-0.32370,-0.79170,0.88884,996.79,1000,3.21,50.00,201,2.2221,-0.4839,LOCK,0,normal
81,297466,849,862,0.24180,-0.32370,-0.79170,0.88884,996.79,1000,3.21,50.00,201,2.2105,-0.6591,LOCK,0,normal
82,297477,860,873,-0.39000,0.06240,-0.48750,0.62742,996.79,1000,3.21,50.00,201,2.2331,-0.3160,LOCK,0,normal
83,297485,868,881,-0.39000,0.06240,-0.48750,0.62742,996.79,1000,3.21,50.00,201,2.2308,-0.3521,LOCK,0,normal
84,297494,877,890,-0.33930,-0.06630,-0.61620,0.70656,996.79,1000,3.21,50.00,201,2.2122,-0.6326,LOCK,0,normal
85,297502,885,898,-0.27300,0.05850,-0.70590,0.75911,996.79,1000,3.21,50.00,201,2.2304,-0.3569,LOCK,0,normal
86,297511,894,907,0.03120,-0.36660,-0.73710,0.82382,996.78,1000,3.22,50.00,201,2.2223,-0.4800,LOCK,0,normal
87,297519,902,915,0.07410,0.06240,-0.70200,0.70865,996.78,1000,3.22,50.00,201,2.2278,-0.3963,LOCK,0,normal
88,297528,911,924,0.07410,0.06240,-0.70200,0.70865,996.77,1000,3.23,50.00,201,2.2307,-0.3533,LOCK,0,normal
89,297536,919,932,-0.20280,-0.05850,-0.95160,0.97473,996.77,1000,3.23,50.00,201,2.2308,-0.3508,LOCK,0,normal
90,297545,928,941,-0.24180,-0.17160,-0.53430,0.61106,996.77,1000,3.23,50.00,201,2.2080,-0.6970,LOCK,0,normal
91,297553,936,949,-0.18720,0.12480,-0.89700,0.92479,996.76,1000,3.24,50.00,201,2.2157,-0.5804,LOCK,0,normal
92,297561,944,957,-0.03900,-0.04680,-0.87360,0.87572,996.75,1000,3.25,50.00,201,2.2115,-0.6442,LOCK,0,normal
93,297570,953,966,0.16770,-0.15990,-0.89310,0.92267,996.75,1000,3.25,50.00,201,2.2228,-0.4729,LOCK,0,normal
94,297578,961,974,0.16770,-0.15990,-0.89310,0.92267,996.74,1000,3.26,50.00,201,2.2317,-0.3380,LOCK,0,normal
95,297587,970,983,0.09750,0.03510,-0.82680,0.83327,996.73,1000,3.27,50.00,201,2.2228,-0.4729,LOCK,0,normal
96,297595,978,991,-0.11310,-0.42120,-0.84240,0.94860,996.73,1000,3.27,50.00,201,2.2064,-0.7214,LOCK,0,normal
97,297604,987,1000,-0.31200,0.09360,-0.45630,0.56064,996.72,1000,3.28,50.00,201,2.2319,-0.3356,LOCK,0,normal
98,297612,995,1008,-0.13260,-0.06630,-0.52260,0.54322,996.72,1000,3.28,50.00,201,2.2113,-0.6463,LOCK,0,normal
99,297620,1003,1016,-0.25350,-0.16770,-0.56160,0.63858,996.71,1000,3.29,50.00,201,2.2328,-0.3218,LOCK,0,normal
100,297634,1017,1030,0.08970,0.10140,-0.68250,0.69580,996.70,1000,3.30,50.00,201,2.2294,-0.3725,LOCK,0,normal
101,297642,1025,1038,-0.04290,-0.40560,-0.87360,0.96412,996.70,1000,3.30,50.00,201,2.2136,-0.6124,LOCK,0,normal
102,297651,1034,1047,-0.04290,-0.40560,-0.87360,0.96412,996.69,1000,3.31,50.00,201,2.2172,-0.5575,LOCK,0,normal
103,297659,1042,1055,-0.15600,0.34710,-0.95160,1.02487,996.69,1000,3.31,50.00,201,2.2100,-0.6671,LOCK,0,normal
104,297668,1051,1064,-0.46020,-0.02340,-0.92820,1.03629,996.69,1000,3.31,50.00,201,2.2153,-0.5859,LOCK,0,normal
105,297687,1070,1083,-0.03510,0.05850,-0.80340,0.80629,996.66,1000,3.34,50.00,201,2.2266,-0.4146,LOCK,0,normal
106,297695,1078,1091,0.22620,0.14040,-0.86190,0.90208,996.64,1000,3.36,50.00,201,2.2261,-0.4232,LOCK,0,normal
107,297704,1087,1100,0.12870,-0.21450,-0.81900,0.85635,996.62,1000,3.38,50.00,201,2.2189,-0.5312,LOCK,0,normal
108,297712,1095,1108,0.12870,-0.21450,-0.81900,0.85635,996.60,1000,3.40,50.00,201,2.2168,-0.5636,LOCK,0,normal
109,297721,1104,1117,-0.05070,-0.16770,-0.73320,0.75384,996.58,1000,3.42,50.00,201,2.2118,-0.6396,LOCK,0,normal
110,297732,1115,1128,-0.21450,0.31980,-0.79170,0.88038,996.56,1000,3.44,50.00,201,2.2240,-0.4549,LOCK,0,normal
111,297740,1123,1136,-0.19110,0.02340,-0.69420,0.72040,996.55,1000,3.45,50.00,201,2.2246,-0.4452,LOCK,0,normal
112,297748,1131,1144,0.00780,0.07410,-0.52650,0.53175,996.57,1000,3.43,50.00,201,2.2099,-0.6683,LOCK,0,normal
113,297757,1140,1153,0.08190,-0.16770,-0.57720,0.60662,996.58,1000,3.42,50.00,201,2.2235,-0.4620,LOCK,0,normal
114,297765,1148,1161,-0.05070,-0.02340,-0.54600,0.54885,996.59,1000,3.41,50.00,201,2.2113,-0.6475,LOCK,0,normal
115,297774,1157,1170,-0.05070,-0.02340,-0.54600,0.54885,996.60,1000,3.40,50.00,201,2.2181,-0.5435,LOCK,0,normal
116,297782,1165,1178,-0.41340,-0.08580,-0.79170,0.89725,996.61,1000,3.39,50.00,201,2.2290,-0.3786,LOCK,0,normal
117,297791,1174,1187,-0.38610,0.19500,-0.91650,1.01344,996.62,1000,3.38,50.00,201,2.2298,-0.3673,LOCK,0,normal
118,297799,1182,1195,-0.19500,0.01950,-0.82680,0.84971,996.63,1000,3.37,50.00,201,2.2151,-0.5895,LOCK,0,normal
119,297807,1190,1203,0.25350,0.11700,-0.93990,0.98049,996.59,1000,3.41,50.00,201,2.2308,-0.3515,LOCK,0,normal
120,297816,1199,1212,0.01560,0.19890,-0.93990,0.96084,996.56,1000,3.44,50.00,201,2.2128,-0.6250,LOCK,0,normal
121,297825,1208,1221,0.01560,0.19890,-0.93990,0.96084,996.47,1000,3.53,50.00,201,2.2265,-0.4165,LOCK,0,normal
122,297839,1222,1235,-0.28470,0.31980,-0.91650,1.01158,996.45,1000,3.55,50.00,201,2.2311,-0.3463,LOCK,0,normal
123,297848,1231,1244,-0.54990,0.13650,-0.99450,1.14458,996.43,1000,3.57,50.00,201,2.2119,-0.6372,LOCK,0,normal
124,297856,1239,1252,-0.24180,-0.01560,-0.85020,0.88405,996.41,1000,3.59,50.00,201,2.2136,-0.6127,LOCK,0,normal
125,297865,1248,1261,-0.24180,-0.01560,-0.85020,0.88405,996.37,1000,3.63,50.00,201,2.2269,-0.4113,LOCK,0,normal
126,297875,1258,1271,0.17940,0.03120,-0.83460,0.85423,996.14,1000,3.86,50.00,201,2.2183,-0.5416,LOCK,0,normal
127,297885,1268,1281,0.15990,-0.01560,-0.79560,0.81166,996.07,1000,3.93,50.00,201,2.2309,-0.3493,LOCK,0,normal
128,297895,1278,1291,-0.01170,-0.37440,-0.87750,0.95411,996.05,1000,3.95,50.00,201,2.2312,-0.3447,LOCK,0,normal
129,297905,1288,1301,-0.30810,0.31590,-0.66300,0.79642,996.04,1000,3.96,50.00,201,2.2063,-0.7223,LOCK,0,normal
130,297915,1298,1311,-0.12480,0.13650,-0.78780,0.80922,996.04,1000,3.96,50.00,201,2.2223,-0.4806,LOCK,0,normal
131,297925,1308,1321,-0.15600,-0.22230,-0.53040,0.59588,995.95,1000,4.05,50.00,201,2.2138,-0.6088,LOCK,0,normal
132,297935,1318,1331,0.18330,-0.19110,-0.46800,0.53772,995.93,1000,4.07,50.00,201,2.2314,-0.3426,LOCK,0,normal
133,297945,1328,1341,0.04680,-0.14430,-0.63180,0.64976,995.92,1000,4.08,50.00,201,2.2315,-0.3408,LOCK,0,normal
134,297955,1338,1351,-0.23790,-0.01170,-0.65520,0.69715,995.92,1000,4.08,50.00,201,2.2169,-0.5627,LOCK,0,normal
135,297965,1348,1361,-0.49530,0.15600,-0.71370,0.88262,995.92,1000,4.08,50.00,201,2.2237,-0.4589,LOCK,0,normal
136,297975,1358,1371,-0.06240,0.14820,-0.90480,0.91898,995.92,1000,4.08,50.00,201,2.2070,-0.7123,LOCK,0,normal
137,297985,1368,1381,-0.21450,-0.07410,-0.96330,0.98967,995.92,1000,4.08,50.00,201,2.2110,-0.6518,LOCK,0,normal
138,298043,1426,1439,-0.06630,0.06240,-0.90480,0.90937,995.92,1000,4.08,50.00,201,2.2325,-0.3255,LOCK,0,normal
139,298052,1435,1448,0.20280,-0.10140,-0.88920,0.91765,995.89,1000,4.11,50.00,201,2.2059,-0.7281,LOCK,0,normal
140,298060,1443,1456,0.20280,-0.10140,-0.88920,0.91765,995.87,1000,4.13,50.00,201,2.2173,-0.5563,LOCK,0,normal
141,298068,1451,1464,0.17160,0.11310,-0.81510,0.84061,995.85,1000,4.15,50.00,201,2.2219,-0.4858,LOCK,0,normal
142,298077,1460,1473,-0.07410,-0.35490,-0.86580,0.93865,995.83,1000,4.17,50.00,201,2.2277,-0.3991,LOCK,0,normal
143,298090,1473,1486,-0.20670,0.47580,-0.50700,0.72537,995.82,1000,4.18,50.00,201,2.2300,-0.3640,LOCK,0,normal
144,298099,1482,1495,-0.26910,-0.14820,-0.51480,0.59950,995.80,1000,4.20,50.00,201,2.2294,-0.3722,LOCK,0,normal
145,298107,1490,1503,-0.14430,-0.17940,-0.74490,0.77967,995.77,1000,4.23,50.00,201,2.2090,-0.6814,LOCK,0,normal
146,298115,1498,1511,0.13650,-0.23010,-0.96720,1.00352,995.74,1000,4.26,50.00,201,2.2273,-0.4052,LOCK,0,normal
147,298124,1507,1520,0.02340,0.07020,-0.87360,0.87673,995.72,1000,4.28,50.00,201,2.2133,-0.6170,LOCK,0,normal
148,298132,1515,1528,0.02340,0.07020,-0.87360,0.87673,995.70,1000,4.30,50.00,201,2.2213,-0.4952,LOCK,0,normal
149,298141,1524,1537,-0.30420,-0.06630,-0.96720,1.01608,995.68,1000,4.32,50.00,201,2.2302,-0.3600,LOCK,0,normal
150,298149,1532,1545,-0.18330,0.33540,-0.74490,0.83724,995.66,1000,4.34,50.00,201,2.2282,-0.3908,LOCK,0,normal
151,298158,1541,1554,-0.46410,-0.40950,-0.41730,0.74647,995.64,1000,4.36,50.00,201,2.2038,-0.7611,LOCK,0,normal
152,298166,1549,1562,-0.35100,-0.01950,-0.56940,0.66918,995.62,1000,4.38,50.00,201,2.2180,-0.5450,LOCK,0,normal
153,298174,1557,1570,0.17940,0.05850,-0.93990,0.95865,995.60,1000,4.40,50.00,201,2.2128,-0.6243,LOCK,0,normal
154,298183,1566,1579,0.17940,0.05850,-0.93990,0.95865,995.58,1000,4.42,50.00,201,2.2075,-0.7043,LOCK,0,normal
155,298191,1574,1587,-0.05850,-0.37440,-0.97500,1.04605,995.57,1000,4.43,50.00,201,2.2311,-0.3469,LOCK,0,normal
156,298200,1583,1596,-0.25350,0.39000,-0.92430,1.03474,995.56,1000,4.44,50.00,201,2.2307,-0.3533,LOCK,0,normal
157,298208,1591,1604,-0.23400,-0.18720,-0.83850,0.89044,995.54,1000,4.46,50.00,201,2.2236,-0.4601,LOCK,0,normal
158,298217,1600,1613,-0.18720,-0.10920,-0.73710,0.76830,995.53,1000,4.47,50.00,201,2.2160,-0.5761,LOCK,0,normal
159,298225,1608,1621,-0.18720,-0.10920,-0.73710,0.76830,995.51,1000,4.49,50.00,201,2.2192,-0.5267,LOCK,0,normal
160,298234,1617,1630,-0.04290,-0.01950,-0.54600,0.54803,995.49,1000,4.51,50.00,201,2.2254,-0.4333,LOCK,0,normal
161,298248,1631,1644,-0.03510,-0.15990,-0.84240,0.85816,995.48,1000,4.52,50.00,201,2.2302,-0.3612,LOCK,0,normal
162,298257,1640,1653,-0.24960,0.25350,-0.90090,0.96860,995.46,1000,4.54,50.00,201,2.2143,-0.6015,LOCK,0,normal
163,298265,1648,1661,-0.24960,0.25350,-0.90090,0.96860,995.45,1000,4.55,50.00,201,2.2084,-0.6915,LOCK,0,normal
164,298274,1657,1670,-0.15600,-0.08970,-0.85800,0.87667,995.44,1000,4.56,50.00,201,2.2255,-0.4314,LOCK,0,normal
165,298282,1665,1678,-0.27690,0.00390,-0.83070,0.87564,995.43,1000,4.57,50.00,201,2.2209,-0.5010,LOCK,0,normal
166,298296,1679,1692,0.19500,-0.10920,-0.82680,0.85647,995.39,1000,4.61,50.00,201,2.2285,-0.3863,LOCK,0,normal
167,298305,1688,1701,0.12480,-0.07800,-0.71760,0.73254,995.35,1000,4.65,50.00,201,2.2315,-0.3411,LOCK,0,normal
168,298313,1696,1709,-0.01170,0.05070,-0.63180,0.63394,995.32,1000,4.68,50.00,201,2.2102,-0.6637,LOCK,0,normal
169,298321,1704,1717,-0.51870,-0.12870,-0.64740,0.83949,995.29,1000,4.71,50.00,201,2.2256,-0.4296,LOCK,0,normal
170,298330,1713,1726,-0.40950,0.01560,-0.95940,1.04326,995.26,1000,4.74,50.00,201,2.2165,-0.5682,LOCK,0,normal
171,298338,1721,1734,-0.40950,0.01560,-0.95940,1.04326,995.24,1000,4.76,50.00,201,2.2259,-0.4262,LOCK,0,normal
172,298347,1730,1743,-0.25740,0.33930,-0.98280,1.07111,995.24,1000,4.76,50.00,201,2.2341,-0.3011,LOCK,0,normal
173,298355,1738,1751,0.16770,-0.01560,-0.85410,0.87055,995.24,1000,4.76,50.00,201,2.2296,-0.3704,LOCK,0,normal
174,298364,1747,1760,0.21450,-0.06630,-0.76440,0.79669,995.24,1000,4.76,50.00,201,2.2076,-0.7037,LOCK,0,normal
175,298372,1755,1768,0.01950,-0.26910,-0.75270,0.79960,995.24,1000,4.76,50.00,201,2.2136,-0.6124,LOCK,0,normal
176,298380,1763,1776,-0.34320,0.16380,-0.63960,0.74411,995.25,1000,4.75,50.00,201,2.2141,-0.6051,LOCK,0,normal
177,298389,1772,1785,-0.34320,0.16380,-0.63960,0.74411,995.25,1000,4.75,50.00,201,2.2305,-0.3554,LOCK,0,normal
178,298397,1780,1793,-0.41340,-0.03900,-0.65130,0.77241,995.25,1000,4.75,50.00,201,2.2309,-0.3496,LOCK,0,normal
179,298406,1789,1802,-0.15600,0.12480,-0.71370,0.74113,995.24,1000,4.76,50.00,201,2.2286,-0.3847,LOCK,0,normal
180,298415,1798,1811,0.12090,-0.12870,-0.76440,0.78453,995.21,1000,4.79,50.00,201,2.2190,-0.5300,LOCK,0,normal
181,298425,1808,1821,0.06630,0.09360,-0.83460,0.84245,995.18,1000,4.82,50.00,201,2.2305,-0.3563,LOCK,0,normal
182,298435,1818,1831,-0.14040,-0.24960,-1.05690,1.09501,995.18,1000,4.82,50.00,201,2.2126,-0.6268,LOCK,0,normal
183,298448,1831,1844,-0.44460,0.37050,-0.84240,1.02205,995.18,1000,4.82,50.00,201,2.2308,-0.3521,LOCK,0,normal
184,298456,1839,1852,-0.38220,0.17160,-0.85020,0.94782,995.17,1000,4.83,50.00,201,2.2326,-0.3240,LOCK,0,normal
185,298465,1848,1861,-0.01560,-0.24960,-0.67080,0.71590,995.16,1000,4.84,50.00,201,2.2077,-0.7013,LOCK,0,normal
186,298475,1858,1871,0.18720,-0.22620,-0.69030,0.75015,995.10,1000,4.90,50.00,201,2.2017,-0.7919,LOCK,0,normal
187,298485,1868,1881,0.03900,-0.30810,-0.65910,0.72860,995.08,1000,4.92,50.00,201,2.2141,-0.6042,LOCK,0,normal
188,298495,1878,1891,-0.19890,0.03120,-0.64350,0.67426,995.07,1000,4.93,50.00,201,2.2323,-0.3289,LOCK,0,normal
189,298505,1888,1901,-0.39390,0.28470,-0.74490,0.88943,995.07,1000,4.93,50.00,201,2.2311,-0.3475,LOCK,0,normal
190,298515,1898,1911,-0.21060,0.14820,-0.78780,0.82882,995.07,1000,4.93,50.00,201,2.2194,-0.5236,LOCK,0,normal
191,298525,1908,1921,-0.19110,0.08190,-0.85410,0.87904,995.12,1000,4.88,50.00,201,2.2323,-0.3295,LOCK,0,normal
192,298535,1918,1931,0.19110,-0.08580,-0.81900,0.84536,995.25,1000,4.75,50.00,201,2.2273,-0.4049,LOCK,0,normal
193,298545,1928,1941,0.11310,-0.20670,-0.81900,0.85222,995.29,1000,4.71,50.00,201,2.2281,-0.3917,LOCK,0,normal
194,298555,1938,1951,-0.11310,-0.01560,-0.70200,0.71122,995.30,1000,4.70,50.00,201,2.2291,-0.3768,LOCK,0,normal
195,298565,1948,1961,-0.49920,-0.21060,-0.63180,0.83230,995.30,1000,4.70,50.00,201,2.2095,-0.6744,LOCK,0,normal
196,298575,1958,1971,-0.19110,0.15210,-0.50310,0.55925,995.30,1000,4.70,50.00,201,2.2128,-0.6246,LOCK,0,normal
197,298585,1968,1981,-0.00780,0.21060,-0.71760,0.74791,995.30,1000,4.70,50.00,201,2.2220,-0.4842,LOCK,0,normal
198,298595,1978,1991,-0.00780,0.21060,-0.71760,0.74791,995.32,1000,4.68,50.00,201,2.2066,-0.7184,LOCK,0,normal
199,298657,2040,2053,0.24960,-0.07800,-0.97500,1.00946,995.32,1000,4.68,50.00,201,2.2318,-0.3362,LOCK,0,normal
200,298666,2049,2062,0.24960,-0.07800,-0.97500,1.00946,995.31,1000,4.69,50.00,201,2.2050,-0.7428,LOCK,0,normal
201,298674,2057,2070,-0.06630,-0.30030,-0.87360,0.92615,995.31,1000,4.69,50.00,201,2.2098,-0.6701,LOCK,0,normal
202,298682,2065,2078,-0.24180,-0.01560,-0.96330,0.99331,995.30,1000,4.70,50.00,201,2.2189,-0.5322,LOCK,0,normal
203,298691,2074,2087,-0.22230,0.14820,-0.72540,0.77304,995.30,1000,4.70,50.00,201,2.2266,-0.4149,LOCK,0,normal
204,298701,2084,2097,-0.10530,-0.04290,-0.51480,0.52721,995.30,1000,4.70,50.00,201,2.2291,-0.3777,LOCK,0,normal
205,298710,2093,2106,0.03120,-0.02340,-0.84630,0.84720,995.30,1000,4.70,50.00,201,2.2294,-0.3731,LOCK,0,normal
206,298718,2101,2114,0.14430,0.10920,-1.01400,1.03002,995.29,1000,4.71,50.00,201,2.2184,-0.5389,LOCK,0,normal
207,298726,2109,2122,0.14430,0.10920,-1.01400,1.03002,995.29,1000,4.71,50.00,201,2.2137,-0.6109,LOCK,0,normal
208,298735,2118,2131,-0.10140,-0.35100,-0.93990,1.00841,995.29,1000,4.71,50.00,201,2.2259,-0.4262,LOCK,0,normal
209,298743,2126,2139,-0.28080,0.51870,-0.88140,1.06055,995.29,1000,4.71,50.00,201,2.2254,-0.4339,LOCK,0,normal
210,298752,2135,2148,-0.46800,-0.03120,-0.90090,1.01569,995.28,1000,4.72,50.00,201,2.2230,-0.4699,LOCK,0,normal
211,298760,2143,2156,-0.25350,-0.43680,-0.80730,0.95226,995.28,1000,4.72,50.00,201,2.2286,-0.3841,LOCK,0,normal
212,298769,2152,2165,-0.25350,-0.43680,-0.80730,0.95226,995.30,1000,4.70,50.00,201,2.2131,-0.6195,LOCK,0,normal
213,298777,2160,2173,0.19500,0.00780,-0.69810,0.72487,995.31,1000,4.69,50.00,201,2.2213,-0.4958,LOCK,0,normal
214,298785,2168,2181,0.03120,-0.07800,-0.52650,0.53316,995.32,1000,4.68,50.00,201,2.2154,-0.5850,LOCK,0,normal
215,298794,2177,2190,-0.08580,-0.09360,-0.75270,0.76333,995.33,1000,4.67,50.00,201,2.2092,-0.6784,LOCK,0,normal
216,298804,2187,2200,-0.40950,0.03120,-0.99060,1.07236,995.34,1000,4.66,50.00,201,2.2298,-0.3661,LOCK,0,normal
217,298812,2195,2208,-0.30810,-0.02340,-0.95550,1.00422,995.34,1000,4.66,50.00,201,2.2300,-0.3643,LOCK,0,normal
218,298821,2204,2217,-0.30810,-0.02340,-0.95550,1.00422,995.35,1000,4.65,50.00,201,2.2068,-0.7144,LOCK,0,normal
219,298829,2212,2225,-0.30030,0.05460,-0.92820,0.97710,995.36,1000,4.64,50.00,201,2.2135,-0.6140,LOCK,0,normal
220,298837,2220,2233,0.31590,-0.28080,-0.72930,0.84292,995.37,1000,4.63,50.00,201,2.2066,-0.7174,LOCK,0,normal
221,298846,2229,2242,0.09360,-0.12480,-0.58110,0.60168,995.38,1000,4.62,50.00,201,2.2248,-0.4418,LOCK,0,normal
222,298864,2247,2260,-0.41730,-0.02340,-0.91260,1.00376,995.39,1000,4.61,50.00,201,2.2246,-0.4458,LOCK,0,normal
223,298873,2256,2269,-0.51090,-0.05460,-0.99450,1.11939,995.39,1000,4.61,50.00,201,2.2087,-0.6866,LOCK,0,normal
224,298881,2264,2277,-0.51090,-0.05460,-0.99450,1.11939,995.40,1000,4.60,50.00,201,2.2119,-0.6375,LOCK,0,normal
225,298890,2273,2286,-0.16380,0.10530,-0.85410,0.87602,995.38,1000,4.62,50.00,201,2.2274,-0.4033,LOCK,0,normal
226,298911,2294,2307,0.10920,-0.19500,-0.66690,0.70335,995.36,1000,4.64,50.00,201,2.2313,-0.3438,LOCK,0,normal
227,298919,2302,2315,-0.23790,-0.15210,-0.62400,0.68491,995.34,1000,4.66,50.00,201,2.2297,-0.3685,LOCK,0,normal
228,298928,2311,2324,-0.46020,0.09750,-0.64740,0.80026,995.33,1000,4.67,50.00,201,2.2106,-0.6570,LOCK,0,normal
229,298936,2319,2332,-0.47190,0.12870,-0.93990,1.05956,995.32,1000,4.68,50.00,201,2.2328,-0.3212,LOCK,0,normal
230,298945,2328,2341,-0.03120,0.24570,-0.85020,0.88554,995.30,1000,4.70,50.00,201,2.2167,-0.5657,LOCK,0,normal
231,298959,2342,2355,0.24180,-0.19500,-0.84630,0.90151,995.33,1000,4.67,50.00,201,2.2313,-0.3441,LOCK,0,normal
232,298967,2350,2363,0.10530,0.01170,-0.70590,0.71381,995.35,1000,4.65,50.00,201,2.2295,-0.3716,LOCK,0,normal
233,298976,2359,2372,-0.19110,-0.28080,-0.70200,0.77985,995.37,1000,4.63,50.00,201,2.2153,-0.5862,LOCK,0,normal
234,298984,2367,2380,-0.19110,-0.28080,-0.70200,0.77985,995.39,1000,4.61,50.00,201,2.2145,-0.5978,LOCK,0,normal
235,298993,2376,2389,-0.46800,0.32760,-0.76050,0.95116,995.40,1000,4.60,50.00,201,2.2130,-0.6213,LOCK,0,normal
236,299008,2391,2404,-0.12090,0.07020,-0.94380,0.95410,995.43,1000,4.57,50.00,201,2.2305,-0.3566,LOCK,0,normal
237,299016,2399,2412,0.28470,0.15210,-0.87750,0.93498,995.46,1000,4.54,50.00,201,2.2297,-0.3689,LOCK,0,normal
238,299025,2408,2421,0.28470,0.15210,-0.87750,0.93498,995.49,1000,4.51,50.00,201,2.2159,-0.5773,LOCK,0,normal
239,299033,2416,2429,0.06240,-0.39000,-0.80340,0.89523,995.51,1000,4.49,50.00,201,2.2117,-0.6405,LOCK,0,normal
240,299041,2424,2437,-0.11700,0.17940,-0.63180,0.66712,995.53,1000,4.47,50.00,201,2.2319,-0.3347,LOCK,0,normal
241,299067,2450,2463,-0.19110,0.08190,-0.73710,0.76586,995.55,1000,4.45,50.00,201,2.2305,-0.3566,LOCK,0,normal
242,299076,2459,2472,-0.19110,0.08190,-0.73710,0.76586,995.55,1000,4.45,50.00,201,2.2170,-0.5612,LOCK,0,normal
243,299084,2467,2480,0.23400,-0.26520,-0.81900,0.89210,995.55,1000,4.45,50.00,201,2.2264,-0.4183,LOCK,0,normal
244,299092,2475,2488,0.07800,-0.26130,-0.76830,0.81526,995.55,1000,4.45,50.00,201,2.2185,-0.5386,LOCK,0,normal
245,299109,2492,2505,-0.40560,-0.21450,-0.68250,0.82239,995.55,1000,4.45,50.00,201,2.2312,-0.3450,LOCK,0,normal
246,299118,2501,2514,-0.40560,-0.21450,-0.68250,0.82239,995.55,1000,4.45,50.00,201,2.2351,-0.2867,LOCK,0,normal
247,299126,2509,2522,-0.26130,0.04680,-0.91650,0.95417,995.55,1000,4.45,50.00,201,2.2082,-0.6943,LOCK,0,normal
248,299135,2518,2531,-0.02730,0.24960,-0.72150,0.76394,995.52,1000,4.48,50.00,201,2.2131,-0.6195,LOCK,0,normal
249,299143,2526,2539,0.15990,-0.13650,-0.72540,0.75525,995.49,1000,4.51,50.00,201,2.2202,-0.5117,LOCK,0,normal
250,299165,2548,2561,-0.15990,-0.28080,-0.70980,0.77989,995.47,1000,4.53,50.00,201,2.2301,-0.3621,LOCK,0,normal
251,299173,2556,2569,-0.81510,0.35880,-0.61230,1.08076,995.45,1000,4.55,50.00,201,2.2331,-0.3167,LOCK,0,normal
252,299182,2565,2578,-0.46410,0.26130,-0.75660,0.92526,995.43,1000,4.57,50.00,201,2.2037,-0.7623,LOCK,0,normal
253,299190,2573,2586,0.00000,0.00780,-0.80340,0.80344,995.45,1000,4.55,50.00,201,2.2110,-0.6509,LOCK,0,normal
254,299199,2582,2595,0.00000,0.00780,-0.80340,0.80344,995.46,1000,4.54,50.00,201,2.2088,-0.6848,LOCK,0,normal
255,299207,2590,2603,0.12090,0.05460,-0.95940,0.96853,995.48,1000,4.52,50.00,201,2.2092,-0.6790,LOCK,0,normal
256,299272,2655,2668,-0.01560,-0.07800,-0.49530,0.50165,995.48,1000,4.52,50.00,201,2.2286,-0.3841,LOCK,0,normal
257,299281,2664,2677,-0.20670,-0.31590,-0.83850,0.91957,995.47,1000,4.53,50.00,201,2.2160,-0.5764,LOCK,0,normal
258,299289,2672,2685,-0.28860,0.42900,-0.98670,1.11396,995.47,1000,4.53,50.00,201,2.2229,-0.4717,LOCK,0,normal
259,299297,2680,2693,-0.15990,0.35490,-0.85020,0.93507,995.47,1000,4.53,50.00,201,2.2149,-0.5920,LOCK,0,normal
260,299306,2689,2702,-0.14430,-0.16380,-0.81120,0.84006,995.47,1000,4.53,50.00,201,2.2152,-0.5877,LOCK,0,normal
261,299318,2701,2714,0.06240,-0.24570,-0.50700,0.56684,995.48,1000,4.52,50.00,201,2.2323,-0.3289,LOCK,0,normal
262,299326,2709,2722,-0.03510,-0.01560,-0.66690,0.66801,995.49,1000,4.51,50.00,201,2.2314,-0.3423,LOCK,0,normal
263,299334,2717,2730,-0.08580,-0.21840,-0.94380,0.97253,995.49,1000,4.51,50.00,201,2.2168,-0.5633,LOCK,0,normal
264,299343,2726,2739,-0.08580,-0.21840,-0.94380,0.97253,995.50,1000,4.50,50.00,201,2.2277,-0.3991,LOCK,0,normal
265,299351,2734,2747,-0.24180,0.45240,-0.77610,0.93030,995.50,1000,4.50,50.00,201,2.2195,-0.5227,LOCK,0,normal
266,299360,2743,2756,-0.35880,-0.00780,-0.85410,0.92644,995.50,1000,4.50,50.00,201,2.2185,-0.5377,LOCK,0,normal
267,299370,2753,2766,-0.18330,-0.26130,-0.74100,0.80682,995.51,1000,4.49,50.00,201,2.2307,-0.3527,LOCK,0,normal
268,299378,2761,2774,0.03120,-0.15210,-0.54600,0.56765,995.51,1000,4.49,50.00,201,2.2304,-0.3573,LOCK,0,normal
269,299387,2770,2783,0.02340,-0.12090,-0.85410,0.86293,995.51,1000,4.49,50.00,201,2.2120,-0.6363,LOCK,0,normal
270,299395,2778,2791,0.02340,-0.12090,-0.85410,0.86293,995.51,1000,4.49,50.00,201,2.2130,-0.6210,LOCK,0,normal
271,299403,2786,2799,-0.05070,0.06240,-0.92820,0.93168,995.51,1000,4.49,50.00,201,2.2130,-0.6210,LOCK,0,normal
272,299412,2795,2808,-0.29250,0.22230,-0.91260,0.98377,995.51,1000,4.49,50.00,201,2.2256,-0.4302,LOCK,0,normal
273,299420,2803,2816,-0.12480,0.35100,-0.77610,0.86088,995.51,1000,4.49,50.00,201,2.2317,-0.3377,LOCK,0,normal
274,299429,2812,2825,-0.08190,0.12090,-0.78000,0.79355,995.50,1000,4.50,50.00,201,2.2333,-0.3142,LOCK,0,normal
275,299437,2820,2833,0.15600,-0.30030,-0.63570,0.72016,995.50,1000,4.50,50.00,201,2.2035,-0.7648,LOCK,0,normal
276,299446,2829,2842,0.15600,-0.30030,-0.63570,0.72016,995.49,1000,4.51,50.00,201,2.2182,-0.5419,LOCK,0,normal
277,299454,2837,2850,-0.00780,-0.14040,-0.58890,0.60546,995.49,1000,4.51,50.00,201,2.2245,-0.4464,LOCK,0,normal
278,299463,2846,2859,-0.12090,-0.06240,-0.89700,0.90726,995.48,1000,4.52,50.00,201,2.2262,-0.4211,LOCK,0,normal
279,299477,2860,2873,-0.26910,0.42120,-0.82680,0.96614,995.48,1000,4.52,50.00,201,2.2306,-0.3539,LOCK,0,normal
280,299485,2868,2881,-0.29640,0.06630,-0.79950,0.85525,995.47,1000,4.53,50.00,201,2.2208,-0.5038,LOCK,0,normal
281,299494,2877,2890,-0.12870,-0.08970,-0.76830,0.78415,995.47,1000,4.53,50.00,201,2.2151,-0.5892,LOCK,0,normal
282,299502,2885,2898,0.09750,-0.17160,-0.72150,0.74801,995.47,1000,4.53,50.00,201,2.2205,-0.5068,LOCK,0,normal
283,299511,2894,2907,-0.02340,0.14430,-0.86190,0.87421,995.47,1000,4.53,50.00,201,2.2052,-0.7397,LOCK,0,normal
284,299524,2907,2920,-0.05460,-0.21060,-1.03740,1.05997,995.47,1000,4.53,50.00,201,2.2278,-0.3972,LOCK,0,normal
285,299533,2916,2929,-0.34710,0.42900,-0.76830,0.94594,995.47,1000,4.53,50.00,201,2.2297,-0.3685,LOCK,0,normal
286,299541,2924,2937,-0.50310,-0.29640,-0.67080,0.88935,995.47,1000,4.53,50.00,201,2.2139,-0.6069,LOCK,0,normal
287,299550,2933,2946,-0.04680,-0.01170,-0.70980,0.71144,995.46,1000,4.54,50.00,201,2.2281,-0.3917,LOCK,0,normal
288,299558,2941,2954,-0.04680,-0.01170,-0.70980,0.71144,995.45,1000,4.55,50.00,201,2.2139,-0.6079,LOCK,0,normal
289,299567,2950,2963,0.00780,0.03120,-0.59670,0.59757,995.44,1000,4.56,50.00,201,2.2334,-0.3127,LOCK,0,normal
290,299575,2958,2971,-0.13650,-0.24960,-0.86580,0.91134,995.43,1000,4.57,50.00,201,2.2310,-0.3478,LOCK,0,normal
291,299584,2967,2980,-0.03900,0.21450,-0.92040,0.94587,995.42,1000,4.58,50.00,201,2.2333,-0.3142,LOCK,0,normal
292,299592,2975,2988,-0.37440,0.01950,-0.76440,0.85139,995.42,1000,4.58,50.00,201,2.2164,-0.5691,LOCK,0,normal
293,299600,2983,2996,-0.37440,0.01950,-0.76440,0.85139,995.41,1000,4.59,50.00,201,2.2100,-0.6671,LOCK,0,normal
294,299609,2992,3005,-0.33930,0.02730,-0.85410,0.91943,995.40,1000,4.60,50.00,201,2.2140,-0.6054,LOCK,0,normal
295,299617,3000,3013,-0.02340,-0.05070,-0.71370,0.71588,995.39,1000,4.61,50.00,201,2.2220,-0.4852,LOCK,0,normal
296,299626,3009,3022,0.09750,-0.08190,-0.69030,0.70195,995.38,1000,4.62,50.00,201,2.2318,-0.3371,LOCK,0,normal
297,299634,3017,3030,-0.17160,-0.45240,-0.78390,0.92120,995.37,1000,4.63,50.00,201,2.2315,-0.3408,LOCK,0,normal
298,299643,3026,3039,-0.26130,0.53820,-0.95550,1.12735,995.36,1000,4.64,50.00,201,2.2164,-0.5691,LOCK,0,normal
299,299651,3034,3047,-0.26130,0.53820,-0.95550,1.12735,995.35,1000,4.65,50.00,201,2.2244,-0.4482,LOCK,0,normal
300,299660,3043,3056,-0.29640,-0.04680,-1.04910,1.09117,995.34,1000,4.66,50.00,201,2.2194,-0.5236,LOCK,0,normal
301,299668,3051,3064,-0.33930,0.19500,-0.87750,0.96081,995.33,1000,4.67,50.00,201,2.2321,-0.3325,LOCK,0,normal
302,299682,3065,3078,-0.05070,0.36270,-0.76440,0.84760,995.32,1000,4.68,50.00,201,2.2312,-0.3450,LOCK,0,normal
303,299691,3074,3087,0.13650,-0.05850,-0.80340,0.81701,995.31,1000,4.69,50.00,201,2.2103,-0.6622,LOCK,0,normal
304,299699,3082,3095,0.10140,-0.19110,-0.73320,0.76445,995.30,1000,4.70,50.00,201,2.2070,-0.7126,LOCK,0,normal
305,299708,3091,3104,-0.30810,-0.10530,-0.74880,0.81653,995.29,1000,4.71,50.00,201,2.2175,-0.5526,LOCK,0,normal
306,299716,3099,3112,-0.07410,0.16770,-0.70980,0.73310,995.28,1000,4.72,50.00,201,2.2119,-0.6384,LOCK,0,normal
307,299726,3109,3122,-0.38610,-0.01560,-0.64740,0.75395,995.28,1000,4.72,50.00,201,2.2292,-0.3762,LOCK,0,normal
308,299734,3117,3130,0.07020,0.03120,-0.68640,0.69069,995.27,1000,4.73,50.00,201,2.2236,-0.4604,LOCK,0,normal
309,299743,3126,3139,0.07020,0.03120,-0.68640,0.69069,995.27,1000,4.73,50.00,201,2.2241,-0.4528,LOCK,0,normal
310,299751,3134,3147,-0.00780,-0.03510,-0.90870,0.90941,995.26,1000,4.74,50.00,201,2.2074,-0.7065,LOCK,0,normal
311,299759,3142,3155,-0.10920,0.02340,-1.01790,1.02401,995.26,1000,4.74,50.00,201,2.2066,-0.7187,LOCK,0,normal
312,299768,3151,3164,-0.21840,0.28860,-0.93210,0.99990,995.25,1000,4.75,50.00,201,2.2161,-0.5743,LOCK,0,normal
313,299784,3167,3180,-0.33150,-0.20670,-0.85410,0.93920,995.25,1000,4.75,50.00,201,2.2298,-0.3670,LOCK,0,normal
314,299793,3176,3189,-0.13650,-0.04680,-0.81120,0.82393,995.23,1000,4.77,50.00,201,2.2113,-0.6469,LOCK,0,normal
315,299801,3184,3197,0.12870,-0.06240,-0.77220,0.78533,995.22,1000,4.78,50.00,201,2.2123,-0.6311,LOCK,0,normal
316,299810,3193,3206,0.13650,-0.05850,-0.72540,0.74045,995.20,1000,4.80,50.00,201,2.2179,-0.5465,LOCK,0,normal
317,299818,3201,3214,0.02730,-0.40170,-0.78390,0.88125,995.19,1000,4.81,50.00,201,2.2163,-0.5706,LOCK,0,normal
318,299886,3269,3282,-0.21840,-0.19890,-0.95550,1.00012,995.18,1000,4.82,50.00,201,2.2326,-0.3249,LOCK,0,normal
319,299895,3278,3291,-0.26130,0.39390,-0.83850,0.96256,995.16,1000,4.84,50.00,201,2.2120,-0.6359,LOCK,0,normal
320,299903,3286,3299,-0.12870,0.19500,-0.94770,0.97608,995.15,1000,4.85,50.00,201,2.2172,-0.5581,LOCK,0,normal
321,299912,3295,3308,-0.11310,-0.28470,-0.95940,1.00712,995.13,1000,4.87,50.00,201,2.2093,-0.6765,LOCK,0,normal
322,299920,3303,3316,0.20670,0.15210,-0.83850,0.87689,995.11,1000,4.89,50.00,201,2.2197,-0.5190,LOCK,0,normal
323,299931,3314,3327,0.08190,-0.26130,-0.87360,0.91551,995.09,1000,4.91,50.00,201,2.2310,-0.3487,LOCK,0,normal
324,299939,3322,3335,0.08190,-0.26130,-0.87360,0.91551,995.08,1000,4.92,50.00,201,2.2284,-0.3884,LOCK,0,normal
325,299947,3330,3343,-0.02340,0.19110,-0.77610,0.79962,995.07,1000,4.93,50.00,201,2.2192,-0.5267,LOCK,0,normal
326,299956,3339,3352,-0.21450,0.01560,-0.69030,0.72303,995.05,1000,4.95,50.00,201,2.2167,-0.5648,LOCK,0,normal
327,299964,3347,3360,-0.12480,-0.09360,-0.79170,0.80692,995.04,1000,4.96,50.00,201,2.2155,-0.5841,LOCK,0,normal
328,299973,3356,3369,-0.34710,-0.02340,-0.58110,0.67728,995.03,1000,4.97,50.00,201,2.2210,-0.5007,LOCK,0,normal
329,299985,3368,3381,0.00780,-0.54600,-0.60840,0.81751,995.02,1000,4.98,50.00,201,2.2315,-0.3405,LOCK,0,normal
330,299993,3376,3389,0.09750,0.00000,-0.69810,0.70488,995.02,1000,4.98,50.00,201,2.2293,-0.3750,LOCK,0,normal
331,300002,3385,3398,-0.10140,0.05460,-0.88530,0.89276,995.01,1000,4.99,50.00,201,2.2136,-0.6124,LOCK,0,normal
332,300010,3393,3406,-0.10140,0.05460,-0.88530,0.89276,995.00,1000,5.00,50.00,201,2.2067,-0.7162,LOCK,0,normal
333,300018,3401,3414,-0.25740,0.36270,-0.81900,0.93197,995.00,1000,5.00,50.00,201,2.2121,-0.6341,LOCK,0,normal
334,300027,3410,3423,-0.14430,-0.06240,-0.86580,0.87996,994.99,1000,5.01,50.00,201,2.2157,-0.5807,LOCK,0,normal
335,300035,3418,3431,-0.19500,-0.02340,-0.79950,0.82327,994.95,1000,5.05,50.00,201,2.2335,-0.3109,LOCK,0,normal
336,300044,3427,3440,0.19890,-0.25740,-0.82680,0.88849,994.92,1000,5.08,50.00,201,2.2327,-0.3228,LOCK,0,normal
337,300052,3435,3448,0.05460,0.00780,-0.81900,0.82086,994.89,1000,5.11,50.00,201,2.1956,-0.8847,LOCK,0,normal
338,300061,3444,3457,0.05460,0.00780,-0.81900,0.82086,994.86,1000,5.14,50.00,201,2.2272,-0.4064,LOCK,0,normal
339,300069,3452,3465,-0.20670,-0.21060,-0.85020,0.89995,994.83,1000,5.17,50.00,201,2.2117,-0.6405,LOCK,0,normal
340,300078,3461,3474,-0.23790,0.21060,-0.58110,0.66229,994.81,1000,5.19,50.00,201,2.2283,-0.3896,LOCK,0,normal
341,300091,3474,3487,-0.22230,0.10920,-0.46410,0.52605,994.79,1000,5.21,50.00,201,2.2317,-0.3380,LOCK,0,normal
342,300100,3483,3496,-0.21450,0.12480,-0.65520,0.70062,994.77,1000,5.23,50.00,201,2.2144,-0.5996,LOCK,0,normal
343,300108,3491,3504,0.08970,-0.08580,-0.84240,0.85150,994.75,1000,5.25,50.00,201,2.2265,-0.4174,LOCK,0,normal
344,300117,3500,3513,-0.08970,-0.34710,-0.96720,1.03150,994.73,1000,5.27,50.00,201,2.2163,-0.5709,LOCK,0,normal
345,300125,3508,3521,-0.17940,0.41730,-0.92430,1.02988,994.72,1000,5.28,50.00,201,2.2146,-0.5975,LOCK,0,normal
346,300134,3517,3530,-0.21060,0.05460,-0.96720,0.99137,994.70,1000,5.30,50.00,201,2.2318,-0.3359,LOCK,0,normal
347,300143,3526,3539,-0.21060,0.05460,-0.96720,0.99137,994.69,1000,5.31,50.00,201,2.2260,-0.4235,LOCK,0,normal
348,300151,3534,3547,-0.24180,0.03120,-0.86580,0.89947,994.68,1000,5.32,50.00,201,2.2195,-0.5224,LOCK,0,normal
349,300159,3542,3555,0.06240,0.03120,-0.74100,0.74428,994.67,1000,5.33,50.00,201,2.2123,-0.6314,LOCK,0,normal
350,300168,3551,3564,0.07410,-0.13260,-0.77610,0.79083,994.67,1000,5.33,50.00,201,2.2211,-0.4992,LOCK,0,normal
351,300176,3559,3572,0.05070,-0.26130,-0.82290,0.86488,994.66,1000,5.34,50.00,201,2.2166,-0.5660,LOCK,0,normal
352,300185,3568,3581,0.05070,-0.26130,-0.82290,0.86488,994.66,1000,5.34,50.00,201,2.2318,-0.3359,LOCK,0,normal
353,300193,3576,3589,-0.23400,0.18330,-0.80340,0.85663,994.66,1000,5.34,50.00,201,2.2307,-0.3533,LOCK,0,normal
354,300202,3585,3598,-0.34710,-0.07410,-0.93600,1.00103,994.65,1000,5.35,50.00,201,2.2098,-0.6692,LOCK,0,normal
355,300210,3593,3606,-0.25350,0.05850,-0.63960,0.69049,994.65,1000,5.35,50.00,201,2.2067,-0.7162,LOCK,0,normal
356,300219,3602,3615,-0.00390,-0.03510,-0.57720,0.57828,994.61,1000,5.39,50.00,201,2.2049,-0.7434,LOCK,0,normal
357,300227,3610,3623,-0.00780,-0.08580,-0.51480,0.52196,994.57,1000,5.43,50.00,201,2.2074,-0.7059,LOCK,0,normal
358,300237,3620,3633,-0.02340,-0.18330,-0.55380,0.58382,994.54,1000,5.46,50.00,201,2.2325,-0.3255,LOCK,0,normal
359,300246,3629,3642,-0.02340,-0.18330,-0.55380,0.58382,994.51,1000,5.49,50.00,201,2.2215,-0.4919,LOCK,0,normal
360,300254,3637,3650,-0.41340,0.12480,-0.65130,0.78145,994.48,1000,5.52,50.00,201,2.2090,-0.6820,LOCK,0,normal
361,300263,3646,3659,-0.10530,0.15210,-0.74880,0.77131,994.45,1000,5.55,50.00,201,2.2195,-0.5227,LOCK,0,normal
362,300271,3654,3667,-0.48360,-0.04680,-0.60450,0.77555,994.43,1000,5.57,50.00,201,2.2214,-0.4943,LOCK,0,normal
363,300280,3663,3676,0.03120,0.00780,-0.79560,0.79625,994.40,1000,5.60,50.00,201,2.2172,-0.5575,LOCK,0,normal
364,300296,3679,3692,0.01170,0.14430,-0.84630,0.85859,994.37,1000,5.63,50.00,201,2.2323,-0.3283,LOCK,0,normal
365,300304,3687,3700,-0.10530,-0.11700,-1.05300,1.06470,994.35,1000,5.65,50.00,201,2.2039,-0.7584,LOCK,0,normal
366,300313,3696,3709,-0.37050,0.32370,-0.84240,0.97555,994.33,1000,5.67,50.00,201,2.2135,-0.6134,LOCK,0,normal
367,300321,3704,3717,-0.25740,0.07410,-0.93210,0.96982,994.31,1000,5.69,50.00,201,2.2176,-0.5511,LOCK,0,normal
368,300329,3712,3725,-0.16380,0.04290,-0.87360,0.88986,994.29,1000,5.71,50.00,201,2.2135,-0.6140,LOCK,0,normal
369,300339,3722,3735,-0.16380,0.04290,-0.87360,0.88986,994.30,1000,5.70,50.00,201,2.2328,-0.3209,LOCK,0,normal
370,300347,3730,3743,0.17550,-0.18720,-0.83850,0.87688,994.31,1000,5.69,50.00,201,2.2195,-0.5221,LOCK,0,normal
371,300356,3739,3752,0.11310,-0.00780,-0.79950,0.80750,994.32,1000,5.68,50.00,201,2.2087,-0.6869,LOCK,0,normal
372,300364,3747,3760,-0.01560,-0.27690,-0.91260,0.95381,994.33,1000,5.67,50.00,201,2.2169,-0.5621,LOCK,0,normal
373,300373,3756,3769,-0.33150,0.07410,-0.64350,0.72765,994.34,1000,5.66,50.00,201,2.2125,-0.6295,LOCK,0,normal
374,300381,3764,3777,-0.01950,0.16770,-0.63570,0.65774,994.34,1000,5.66,50.00,201,2.2182,-0.5422,LOCK,0,normal
375,300393,3776,3789,-0.17550,-0.28860,-0.62010,0.70613,994.35,1000,5.65,50.00,201,2.2319,-0.3353,LOCK,0,normal
376,300402,3785,3798,0.09360,-0.13650,-0.64740,0.66822,994.30,1000,5.70,50.00,201,2.2290,-0.3795,LOCK,0,normal
377,300410,3793,3806,0.09360,-0.13650,-0.64740,0.66822,994.25,1000,5.75,50.00,201,2.2152,-0.5877,LOCK,0,normal
378,300419,3802,3815,0.05850,-0.30810,-0.86580,0.92085,994.21,1000,5.79,50.00,201,2.2107,-0.6558,LOCK,0,normal
379,300427,3810,3823,-0.09750,0.09360,-1.00230,1.01137,994.18,1000,5.82,50.00,201,2.2177,-0.5505,LOCK,0,normal
380,300435,3818,3831,-0.40560,0.27300,-0.80340,0.94047,994.14,1000,5.86,50.00,201,2.2237,-0.4595,LOCK,0,normal
381,300444,3827,3840,-0.35100,0.06630,-0.76830,0.84728,994.11,1000,5.89,50.00,201,2.2298,-0.3670,LOCK,0,normal
382,300452,3835,3848,-0.33150,-0.14820,-0.83460,0.91017,994.09,1000,5.91,50.00,201,2.2258,-0.4265,LOCK,0,normal
383,300461,3844,3857,-0.33150,-0.14820,-0.83460,0.91017,994.07,1000,5.93,50.00,201,2.2130,-0.6213,LOCK,0,normal
384,300469,3852,3865,0.14430,-0.30420,-0.67080,0.75055,994.05,1000,5.95,50.00,201,2.2248,-0.4421,LOCK,0,normal
385,300478,3861,3874,0.09360,-0.21060,-0.74100,0.77601,994.04,1000,5.96,50.00,201,2.2153,-0.5868,LOCK,0,normal
386,300486,3869,3882,-0.17550,-0.00780,-0.62790,0.65201,994.03,1000,5.97,50.00,201,2.2317,-0.3377,LOCK,0,normal
387,300503,3886,3899,-0.37830,0.20280,-0.43290,0.60962,994.02,1000,5.98,50.00,201,2.2323,-0.3286,LOCK,0,normal
388,300511,3894,3907,-0.39390,0.09750,-0.63180,0.75089,994.01,1000,5.99,50.00,201,2.2213,-0.4952,LOCK,0,normal
389,300519,3902,3915,-0.14430,0.03510,-0.85800,0.87076,993.98,1000,6.02,50.00,201,2.2126,-0.6277,LOCK,0,normal
390,300528,3911,3924,0.07020,-0.35490,-0.93210,0.99985,993.96,1000,6.04,50.00,201,2.2116,-0.6430,LOCK,0,normal
391,300536,3919,3932,0.18330,-0.04290,-0.99450,1.01216,993.94,1000,6.06,50.00,201,2.2093,-0.6772,LOCK,0,normal
392,300546,3929,3942,-0.11310,-0.10920,-1.01400,1.02612,993.93,1000,6.07,50.00,201,2.2284,-0.3884,LOCK,0,normal
393,300554,3937,3950,-0.11310,-0.10920,-1.01400,1.02612,993.91,1000,6.09,50.00,201,2.2269,-0.4113,LOCK,0,normal
394,300563,3946,3959,-0.30420,0.25740,-0.67080,0.78023,993.90,1000,6.10,50.00,201,2.2196,-0.5212,LOCK,0,normal
395,300571,3954,3967,-0.22620,-0.29250,-0.74490,0.83162,993.88,1000,6.12,50.00,201,2.2099,-0.6680,LOCK,0,normal
396,300579,3962,3975,-0.01170,-0.22620,-0.78390,0.81597,993.89,1000,6.11,50.00,201,2.2099,-0.6677,LOCK,0,normal
397,300588,3971,3984,0.11700,-0.13260,-0.66690,0.68995,993.90,1000,6.10,50.00,201,2.2241,-0.4525,LOCK,0,normal
398,300598,3981,3994,0.00000,-0.19500,-0.66690,0.69482,993.91,1000,6.09,50.00,201,2.2305,-0.3566,LOCK,0,normal
399,300606,3989,4002,-0.40950,-0.11310,-0.78780,0.89505,993.91,1000,6.09,50.00,201,2.2297,-0.3679,LOCK,0,normal
400,300615,3998,4011,-0.40950,-0.11310,-0.78780,0.89505,993.92,1000,6.08,50.00,201,2.2088,-0.6845,LOCK,0,normal
401,300625,4008,4021,-0.32760,0.01170,-0.69030,0.76418,993.96,1000,6.04,50.00,201,2.2160,-0.5764,LOCK,0,normal
402,300635,4018,4031,-0.60060,0.01170,-0.97500,1.14520,993.97,1000,6.03,50.00,201,2.2197,-0.5203,LOCK,0,normal
403,300645,4028,4041,-0.07020,0.01950,-0.90870,0.91162,993.69,1000,6.31,50.00,201,2.2295,-0.3713,LOCK,0,normal
404,300655,4038,4051,0.10920,0.08190,-0.86190,0.87264,993.62,1000,6.38,50.00,201,2.2282,-0.3911,LOCK,0,normal
405,300665,4048,4061,0.03510,-0.15990,-0.92430,0.93869,993.59,1000,6.41,50.00,201,2.2165,-0.5682,LOCK,0,normal
406,300675,4058,4071,-0.20670,0.09750,-0.79950,0.83152,993.59,1000,6.41,50.00,201,2.2167,-0.5657,LOCK,0,normal
407,300685,4068,4081,-0.32760,-0.03510,-0.79950,0.86473,993.58,1000,6.42,50.00,201,2.2143,-0.6015,LOCK,0,normal
408,300695,4078,4091,-0.27300,-0.05850,-0.64740,0.70504,993.58,1000,6.42,50.00,201,2.2319,-0.3347,LOCK,0,normal
409,300708,4091,4104,-0.03900,0.24180,-0.79560,0.83245,993.58,1000,6.42,50.00,201,2.2294,-0.3722,LOCK,0,normal
410,300716,4099,4112,-0.03900,-0.21450,-0.95940,0.98386,993.58,1000,6.42,50.00,201,2.2056,-0.7333,LOCK,0,normal
411,300725,4108,4121,-0.05460,0.05070,-0.88530,0.88843,993.57,1000,6.43,50.00,201,2.2192,-0.5279,LOCK,0,normal
412,300735,4118,4131,-0.38610,-0.00390,-0.94380,1.01973,993.55,1000,6.45,50.00,201,2.2111,-0.6494,LOCK,0,normal
413,300745,4128,4141,-0.34710,0.56160,-1.08030,1.26607,993.54,1000,6.46,50.00,201,2.2310,-0.3484,LOCK,0,normal
414,300755,4138,4151,-0.18720,0.15990,-0.75660,0.79565,993.54,1000,6.46,50.00,201,2.2311,-0.3463,LOCK,0,normal
415,300765,4148,4161,0.07020,-0.03120,-0.63180,0.63645,993.59,1000,6.41,50.00,201,2.2285,-0.3863,LOCK,0,normal
416,300775,4158,4171,-0.00390,-0.02730,-0.54990,0.55059,993.60,1000,6.40,50.00,201,2.2193,-0.5257,LOCK,0,normal
417,300785,4168,4181,-0.08970,0.00390,-0.74100,0.74642,993.60,1000,6.40,50.00,201,2.2083,-0.6924,LOCK,0,normal
418,300795,4178,4191,-0.40560,0.04290,-0.89700,0.98537,993.61,1000,6.39,50.00,201,2.2324,-0.3276,LOCK,0,normal
419,300805,4188,4201,-0.36660,-0.18720,-0.97890,1.06192,993.61,1000,6.39,50.00,201,2.2285,-0.3859,LOCK,0,normal
420,300815,4198,4211,-0.10920,0.17940,-0.82290,0.84928,993.61,1000,6.39,50.00,201,2.2289,-0.3798,LOCK,0,normal
421,300825,4208,4221,0.19110,-0.14040,-0.74880,0.78545,993.62,1000,6.38,50.00,201,2.2069,-0.7138,LOCK,0,normal
422,300835,4218,4231,0.08580,0.02340,-0.54600,0.55320,993.62,1000,6.38,50.00,201,2.2134,-0.6152,LOCK,0,normal
423,300845,4228,4241,-0.24180,-0.42900,-0.64350,0.81031,993.62,1000,6.38,50.00,201,2.2043,-0.7532,LOCK,0,normal
424,300855,4238,4251,-0.28470,0.60450,-0.76830,1.01821,993.62,1000,6.38,50.00,201,2.2320,-0.3331,LOCK,0,normal
425,300865,4248,4261,-0.23400,-0.05070,-0.85020,0.88327,993.62,1000,6.38,50.00,201,2.2318,-0.3359,LOCK,0,normal
426,300875,4258,4271,-0.15600,-0.11700,-0.79170,0.81536,993.62,1000,6.38,50.00,201,2.2108,-0.6546,LOCK,0,normal
427,300885,4268,4281,0.12480,-0.24180,-0.71370,0.76381,993.32,1000,6.68,50.00,201,2.2177,-0.5502,LOCK,0,normal
428,300895,4278,4291,0.01560,-0.14040,-0.64740,0.66263,993.24,1000,6.76,50.00,201,2.2329,-0.3197,LOCK,0,normal
429,300908,4291,4304,-0.18720,-0.26520,-0.71760,0.78761,993.23,1000,6.77,50.00,201,2.2291,-0.3771,LOCK,0,normal
430,300917,4300,4313,-0.38610,0.35490,-0.70980,0.88252,993.23,1000,6.77,50.00,201,2.2304,-0.3582,LOCK,0,normal
431,300925,4308,4321,-0.37440,0.33540,-0.84240,0.98097,993.23,1000,6.77,50.00,201,2.2191,-0.5285,LOCK,0,normal
432,300935,4318,4331,-0.10140,-0.10530,-0.83070,0.84346,993.22,1000,6.78,50.00,201,2.2176,-0.5508,LOCK,0,normal
433,300945,4328,4341,-0.10140,-0.10530,-0.83070,0.84346,993.52,1000,6.48,50.00,201,2.2080,-0.6976,LOCK,0,normal
434,300955,4338,4351,0.15600,-0.15210,-0.68640,0.72015,993.58,1000,6.42,50.00,201,2.2307,-0.3524,LOCK,0,normal
435,300965,4348,4361,0.11700,-0.41340,-0.77220,0.88367,993.61,1000,6.39,50.00,201,2.2290,-0.3786,LOCK,0,normal
436,300975,4358,4371,-0.01170,0.05460,-0.61230,0.61484,993.62,1000,6.38,50.00,201,2.2262,-0.4207,LOCK,0,normal
437,300985,4368,4381,-0.42120,0.12480,-0.41730,0.60591,993.62,1000,6.38,50.00,201,2.2230,-0.4693,LOCK,0,normal
438,300995,4378,4391,-0.37830,0.28080,-0.65910,0.81017,993.62,1000,6.38,50.00,201,2.2181,-0.5438,LOCK,0,normal
439,301005,4388,4401,-0.33930,-0.03510,-0.87750,0.94147,993.71,1000,6.29,50.00,201,2.2169,-0.5618,LOCK,0,normal
440,301015,4398,4411,0.13260,-0.23400,-0.89310,0.93272,993.73,1000,6.27,50.00,201,2.2301,-0.3627,LOCK,0,normal
441,301025,4408,4421,0.04290,0.09360,-0.89700,0.90289,993.74,1000,6.26,50.00,201,2.2043,-0.7538,LOCK,0,normal
442,301035,4418,4431,-0.12090,0.21450,-0.85410,0.88888,993.74,1000,6.26,50.00,201,2.2189,-0.5322,LOCK,0,normal
443,301045,4428,4441,-0.21450,-0.34710,-0.64350,0.76196,993.74,1000,6.26,50.00,201,2.2008,-0.8060,LOCK,0,normal
444,301055,4438,4451,-0.30030,-0.00390,-0.55380,0.62999,993.74,1000,6.26,50.00,201,2.2314,-0.3429,LOCK,0,normal
445,301065,4448,4461,-0.15990,-0.08190,-0.63180,0.65685,993.63,1000,6.37,50.00,201,2.2318,-0.3368,LOCK,0,normal
446,301075,4458,4471,0.06630,-0.20670,-0.95160,0.97604,993.59,1000,6.41,50.00,201,2.2150,-0.5902,LOCK,0,normal
447,301085,4468,4481,-0.04290,0.18720,-0.87750,0.89827,993.58,1000,6.42,50.00,201,2.2268,-0.4122,LOCK,0,normal
448,301095,4478,4491,-0.04680,-0.05070,-0.91650,0.91909,993.57,1000,6.43,50.00,201,2.2194,-0.5239,LOCK,0,normal
449,301108,4491,4504,-0.25350,0.31590,-0.56550,0.69559,993.57,1000,6.43,50.00,201,2.2304,-0.3579,LOCK,0,normal
450,301117,4500,4513,-0.56160,-0.17160,-0.47580,0.75580,993.57,1000,6.43,50.00,201,2.2290,-0.3786,LOCK,0,normal
451,301125,4508,4521,-0.20280,-0.05070,-0.75660,0.78495,993.59,1000,6.41,50.00,201,2.1933,-0.9204,LOCK,0,normal
452,301135,4518,4531,0.05070,-0.09750,-0.85800,0.86501,993.67,1000,6.33,50.00,201,2.2193,-0.5251,LOCK,0,normal
453,301145,4528,4541,-0.05460,-0.25350,-0.92430,0.95999,993.70,1000,6.30,50.00,201,2.2042,-0.7547,LOCK,0,normal
454,301155,4538,4551,-0.21450,0.21840,-0.93210,0.98108,993.71,1000,6.29,50.00,201,2.2298,-0.3661,LOCK,0,normal
455,301165,4548,4561,-0.23400,-0.06240,-0.76830,0.80556,993.71,1000,6.29,50.00,201,2.2307,-0.3530,LOCK,0,normal
456,301175,4558,4571,-0.33930,-0.14430,-0.51870,0.63639,993.71,1000,6.29,50.00,201,2.2281,-0.3927,LOCK,0,normal
457,301185,4568,4581,-0.20670,-0.02730,-0.59670,0.63208,993.60,1000,6.40,50.00,201,2.1999,-0.8197,LOCK,0,normal
458,301195,4578,4591,0.03510,0.01170,-0.95940,0.96011,993.57,1000,6.43,50.00,201,2.2207,-0.5044,LOCK,0,normal
459,301205,4588,4601,-0.05460,-0.12870,-0.99060,1.00042,993.56,1000,6.44,50.00,201,2.2222,-0.4812,LOCK,0,normal
460,301215,4598,4611,-0.30810,0.38220,-0.86970,0.99869,993.56,1000,6.44,50.00,201,2.2314,-0.3420,LOCK,0,normal
461,301225,4608,4621,-0.34320,-0.23400,-0.95940,1.04546,993.56,1000,6.44,50.00,201,2.2288,-0.3820,LOCK,0,normal
462,301235,4618,4631,-0.15600,-0.20280,-0.83850,0.87667,993.56,1000,6.44,50.00,201,2.2178,-0.5477,LOCK,0,normal
463,301245,4628,4641,0.01170,0.08580,-0.56550,0.57209,993.63,1000,6.37,50.00,201,2.2200,-0.5157,LOCK,0,normal
464,301255,4638,4651,0.00000,0.05850,-0.58500,0.58792,993.64,1000,6.36,50.00,201,2.2154,-0.5853,LOCK,0,normal
465,301265,4648,4661,-0.02340,-0.06240,-0.93210,0.93448,993.65,1000,6.35,50.00,201,2.2285,-0.3863,LOCK,0,normal
466,301275,4658,4671,-0.31980,-0.08970,-0.86970,0.93097,993.65,1000,6.35,50.00,201,2.2375,-0.2507,LOCK,0,normal
467,301285,4668,4681,-0.46800,-0.06240,-0.93210,1.04486,993.65,1000,6.35,50.00,201,2.2036,-0.7632,LOCK,0,normal
468,301295,4678,4691,-0.19500,-0.01950,-0.73710,0.76271,993.65,1000,6.35,50.00,201,2.1741,-1.2101,LOCK,0,normal
469,301308,4691,4704,0.06630,0.01170,-0.50700,0.51145,993.66,1000,6.34,50.00,201,2.2247,-0.4442,LOCK,0,normal
470,301317,4700,4713,-0.05460,0.04680,-0.66300,0.66689,993.66,1000,6.34,50.00,201,2.2331,-0.3160,LOCK,0,normal
471,301325,4708,4721,-0.07800,-0.17940,-0.91260,0.93333,993.67,1000,6.33,50.00,201,2.2290,-0.3789,LOCK,0,normal
472,301335,4718,4731,-0.07800,-0.17940,-0.91260,0.93333,993.70,1000,6.30,50.00,201,2.2149,-0.5929,LOCK,0,normal
473,301345,4728,4741,-0.32370,0.17940,-0.85020,0.92726,993.72,1000,6.28,50.00,201,2.2295,-0.3710,LOCK,0,normal
474,301355,4738,4751,-0.36660,0.04290,-0.94380,1.01341,993.73,1000,6.27,50.00,201,2.2182,-0.5419,LOCK,0,normal
475,301365,4748,4761,-0.30030,-0.18330,-0.79170,0.86635,993.74,1000,6.26,50.00,201,2.2307,-0.3524,LOCK,0,normal
476,301375,4758,4771,0.18330,-0.21060,-0.69810,0.75186,993.75,1000,6.25,50.00,201,2.2295,-0.3710,LOCK,0,normal
477,301385,4768,4781,0.04290,-0.04680,-0.55380,0.55743,993.75,1000,6.25,50.00,201,2.2229,-0.4708,LOCK,0,normal
478,301395,4778,4791,-0.21840,-0.45630,-0.74490,0.90044,993.75,1000,6.25,50.00,201,2.2264,-0.4189,LOCK,0,normal
479,301405,4788,4801,-0.36270,0.33930,-0.70980,0.86631,993.75,1000,6.25,50.00,201,2.2227,-0.4739,LOCK,0,normal
480,301415,4798,4811,-0.10920,0.16380,-0.80340,0.82717,993.75,1000,6.25,50.00,201,2.2162,-0.5728,LOCK,0,normal
481,301425,4808,4821,-0.02340,0.01170,-0.77220,0.77264,993.71,1000,6.29,50.00,201,2.2312,-0.3450,LOCK,0,normal
482,301435,4818,4831,0.22230,-0.26130,-0.63960,0.72580,993.69,1000,6.31,50.00,201,2.2164,-0.5691,LOCK,0,normal
483,301445,4828,4841,0.21450,0.01560,-0.72930,0.76035,993.69,1000,6.31,50.00,201,2.2173,-0.5554,LOCK,0,normal
484,301455,4838,4851,-0.14040,-0.25350,-0.61230,0.67741,993.69,1000,6.31,50.00,201,2.2213,-0.4952,LOCK,0,normal
485,301465,4848,4861,-0.53040,0.09360,-0.45630,0.70590,993.69,1000,6.31,50.00,201,2.2284,-0.3881,LOCK,0,normal
486,301475,4858,4871,-0.15990,0.60840,-0.84630,1.05449,993.69,1000,6.31,50.00,201,2.2229,-0.4711,LOCK,0,normal
487,301485,4868,4881,-0.31980,0.03120,-1.01790,1.06741,993.70,1000,6.30,50.00,201,2.2120,-0.6363,LOCK,0,normal
488,301495,4878,4891,0.15210,0.03510,-0.92820,0.94123,993.71,1000,6.29,50.00,201,2.2213,-0.4958,LOCK,0,normal
489,301508,4891,4904,0.10920,-0.22620,-0.85800,0.89401,993.71,1000,6.29,50.00,201,2.2109,-0.6536,LOCK,0,normal
490,301516,4899,4912,-0.00780,0.19110,-0.66690,0.69378,993.71,1000,6.29,50.00,201,2.2271,-0.4070,LOCK,0,normal
491,301525,4908,4921,-0.56940,-0.00780,-0.44070,0.72007,993.71,1000,6.29,50.00,201,2.2292,-0.3759,LOCK,0,normal
492,301535,4918,4931,-0.17940,0.00000,-0.76830,0.78897,993.71,1000,6.29,50.00,201,2.2122,-0.6332,LOCK,0,normal
493,301545,4928,4941,-0.26520,-0.06630,-0.84630,0.88935,993.79,1000,6.21,50.00,201,2.2067,-0.7171,LOCK,0,normal
494,301555,4938,4951,0.06630,-0.34710,-0.85800,0.92792,993.81,1000,6.19,50.00,201,2.2193,-0.5257,LOCK,0,normal
495,301565,4948,4961,0.14040,0.00000,-0.81510,0.82710,993.82,1000,6.18,50.00,201,2.2330,-0.3182,LOCK,0,normal
496,301575,4958,4971,-0.12090,-0.03510,-0.80340,0.81320,993.82,1000,6.18,50.00,201,2.2296,-0.3692,LOCK,0,normal
497,301585,4968,4981,-0.33150,0.21840,-0.59280,0.71344,993.82,1000,6.18,50.00,201,2.2084,-0.6909,LOCK,0,normal
498,301595,4978,4991,-0.33930,0.14040,-1.00230,1.06745,993.82,1000,6.18,50.00,201,2.2142,-0.6036,LOCK,0,normal
499,301605,4988,5001,-0.04290,0.02340,-0.88530,0.88665,993.97,1000,6.03,50.00,201,2.2200,-0.5157,LOCK,0,normal
500,301615,4998,5011,0.21060,-0.28080,-0.84630,0.91620,994.01,1000,5.99,50.00,201,2.2267,-0.4131,LOCK,0,normal
501,301625,5008,5021,0.07020,-0.03900,-0.72150,0.72596,994.01,1000,5.99,50.00,201,2.2312,-0.3450,LOCK,0,normal
502,301635,5018,5031,-0.29640,0.03900,-0.83070,0.88286,994.02,1000,5.98,50.00,201,2.2313,-0.3438,LOCK,0,normal
503,301645,5028,5041,-0.34710,0.16380,-0.72540,0.82068,994.02,1000,5.98,50.00,201,2.2002,-0.8157,LOCK,0,normal
504,301655,5038,5051,-0.31980,0.00780,-0.92820,0.98178,994.02,1000,5.98,50.00,201,2.2153,-0.5868,LOCK,0,normal
505,301665,5048,5061,-0.15600,0.07020,-0.82680,0.84431,993.87,1000,6.13,50.00,201,2.2148,-0.5932,LOCK,0,normal
506,301675,5058,5071,0.19110,0.08580,-0.78000,0.80764,993.84,1000,6.16,50.00,201,2.2306,-0.3548,LOCK,0,normal
507,301685,5068,5081,0.00780,-0.44070,-0.82680,0.93695,993.83,1000,6.17,50.00,201,2.2320,-0.3328,LOCK,0,normal
508,301695,5078,5091,-0.22230,0.35880,-0.72150,0.83589,993.82,1000,6.18,50.00,201,2.2167,-0.5648,LOCK,0,normal
509,301708,5091,5104,-0.21450,-0.17940,-0.76440,0.81394,993.82,1000,6.18,50.00,201,2.2167,-0.5651,LOCK,0,normal
510,301716,5099,5112,-0.21060,-0.11700,-0.85410,0.88743,993.82,1000,6.18,50.00,201,2.2303,-0.3591,LOCK,0,normal
511,301725,5108,5121,-0.00780,0.05070,-0.77610,0.77779,993.84,1000,6.16,50.00,201,2.2310,-0.3487,LOCK,0,normal
512,301735,5118,5131,-0.00780,0.05070,-0.77610,0.77779,993.90,1000,6.10,50.00,201,2.2320,-0.3328,LOCK,0,normal
513,301745,5128,5141,0.03510,-0.04680,-0.78000,0.78219,993.93,1000,6.07,50.00,201,2.2073,-0.7071,LOCK,0,normal
514,301755,5138,5151,0.07020,-0.19890,-0.78780,0.81555,993.94,1000,6.06,50.00,201,2.2092,-0.6781,LOCK,0,normal
515,301765,5148,5161,-0.30420,0.16770,-0.76830,0.84318,993.94,1000,6.06,50.00,201,2.2138,-0.6097,LOCK,0,normal
516,301775,5158,5171,-0.77220,0.03510,-0.83460,1.13758,993.94,1000,6.06,50.00,201,2.2330,-0.3188,LOCK,0,normal
517,301785,5168,5181,-0.44850,-0.02730,-0.62790,0.77211,994.07,1000,5.93,50.00,201,2.2303,-0.3591,LOCK,0,normal
518,301795,5178,5191,0.19500,0.26130,-0.89310,0.95075,994.11,1000,5.89,50.00,201,2.2180,-0.5459,LOCK,0,normal
519,301805,5188,5201,0.00390,-0.03510,-0.95940,0.96005,994.13,1000,5.87,50.00,201,2.2210,-0.4995,LOCK,0,normal
520,301815,5198,5211,0.02730,0.09750,-0.75660,0.76334,994.13,1000,5.87,50.00,201,2.2058,-0.7306,LOCK,0,normal
521,301825,5208,5221,-0.35100,-0.15990,-0.67470,0.77717,994.13,1000,5.87,50.00,201,2.2290,-0.3792,LOCK,0,normal
522,301835,5218,5231,-0.21840,-0.51090,-0.65130,0.85610,994.13,1000,5.87,50.00,201,2.2313,-0.3435,LOCK,0,normal
523,301845,5228,5241,-0.44070,0.14820,-0.66300,0.80978,994.21,1000,5.79,50.00,201,2.2060,-0.7278,LOCK,0,normal
524,301855,5238,5251,0.13260,-0.11310,-0.81120,0.82971,994.23,1000,5.77,50.00,201,2.2333,-0.3133,LOCK,0,normal
525,301865,5248,5261,0.05850,0.12870,-0.91260,0.92349,994.24,1000,5.76,50.00,201,2.2154,-0.5856,LOCK,0,normal
526,301875,5258,5271,-0.13650,-0.20670,-0.85800,0.89304,994.24,1000,5.76,50.00,201,2.2232,-0.4668,LOCK,0,normal
527,301885,5268,5281,-0.21060,0.32370,-0.58110,0.69772,994.24,1000,5.76,50.00,201,2.2241,-0.4537,LOCK,0,normal
528,301895,5278,5291,-0.29250,0.06240,-0.60840,0.67794,994.24,1000,5.76,50.00,201,2.2172,-0.5575,LOCK,0,normal
529,301908,5291,5304,-0.24960,-0.30420,-0.58500,0.70503,994.24,1000,5.76,50.00,201,2.2124,-0.6298,LOCK,0,normal
530,301916,5299,5312,-0.01950,-0.24180,-0.86190,0.89539,994.25,1000,5.75,50.00,201,2.2149,-0.5917,LOCK,0,normal
531,301925,5308,5321,0.06630,0.13260,-0.98670,0.99778,994.27,1000,5.73,50.00,201,2.2249,-0.4415,LOCK,0,normal
532,301935,5318,5331,-0.06630,-0.21060,-0.97890,1.00349,994.33,1000,5.67,50.00,201,2.2289,-0.3805,LOCK,0,normal
533,301945,5328,5341,-0.26130,0.35880,-0.63180,0.77213,994.36,1000,5.64,50.00,201,2.2142,-0.6036,LOCK,0,normal
534,301955,5338,5351,-0.05850,-0.11700,-0.56940,0.58423,994.37,1000,5.63,50.00,201,2.2192,-0.5276,LOCK,0,normal
535,301965,5348,5361,-0.10530,-0.04290,-0.67080,0.68037,994.43,1000,5.57,50.00,201,2.2242,-0.4519,LOCK,0,normal
536,301975,5358,5371,0.10920,-0.14820,-0.63570,0.66182,994.46,1000,5.54,50.00,201,2.2312,-0.3447,LOCK,0,normal
537,301985,5368,5381,0.05460,-0.38610,-0.94770,1.02479,994.47,1000,5.53,50.00,201,2.2292,-0.3765,LOCK,0,normal
538,301995,5378,5391,-0.01950,0.05070,-0.95550,0.95704,994.47,1000,5.53,50.00,201,2.2051,-0.7410,LOCK,0,normal
539,302005,5388,5401,-0.31200,0.36660,-0.61620,0.78195,994.47,1000,5.53,50.00,201,2.2265,-0.4168,LOCK,0,normal
540,302015,5398,5411,-0.29250,0.19500,-0.63570,0.72643,994.47,1000,5.53,50.00,201,2.2192,-0.5270,LOCK,0,normal
541,302025,5408,5421,-0.33930,-0.26520,-0.65910,0.78732,994.45,1000,5.55,50.00,201,2.2234,-0.4641,LOCK,0,normal
542,302035,5418,5431,0.21450,-0.12090,-0.90870,0.94147,994.44,1000,5.56,50.00,201,2.2320,-0.3334,LOCK,0,normal
543,302045,5428,5441,-0.06630,-0.14820,-0.94770,0.96151,994.43,1000,5.57,50.00,201,2.2304,-0.3576,LOCK,0,normal
544,302055,5438,5451,-0.19500,0.30420,-0.88530,0.95620,994.43,1000,5.57,50.00,201,2.2206,-0.5065,LOCK,0,normal
545,302065,5448,5461,-0.17550,-0.34710,-0.64740,0.75525,994.43,1000,5.57,50.00,201,2.2182,-0.5432,LOCK,0,normal
546,302075,5458,5471,-0.30420,0.07800,-0.54990,0.63325,994.43,1000,5.57,50.00,201,2.2284,-0.3875,LOCK,0,normal
547,302085,5468,5481,-0.22620,0.03120,-0.80730,0.83897,994.45,1000,5.55,50.00,201,2.2317,-0.3383,LOCK,0,normal
548,302095,5478,5491,0.02730,-0.37830,-0.81900,0.90256,994.54,1000,5.46,50.00,201,2.2302,-0.3600,LOCK,0,normal
549,302108,5491,5504,0.14820,0.04680,-0.81900,0.83362,994.54,1000,5.46,50.00,201,2.2267,-0.4137,LOCK,0,normal
550,302116,5499,5512,-0.18330,-0.23790,-0.85410,0.90536,994.54,1000,5.46,50.00,201,2.2170,-0.5612,LOCK,0,normal
551,302125,5508,5521,-0.37050,0.40560,-0.49140,0.73706,994.55,1000,5.45,50.00,201,2.2244,-0.4488,LOCK,0,normal
552,302135,5518,5531,-0.37050,0.40560,-0.49140,0.73706,994.56,1000,5.44,50.00,201,2.2314,-0.3417,LOCK,0,normal
553,302145,5528,5541,-0.50310,-0.27300,-0.77610,0.96435,994.57,1000,5.43,50.00,201,2.2300,-0.3643,LOCK,0,normal
554,302155,5538,5551,-0.15210,-0.15210,-0.92040,0.94520,994.58,1000,5.42,50.00,201,2.2184,-0.5395,LOCK,0,normal
555,302165,5548,5561,0.14820,-0.02340,-0.76440,0.77899,994.59,1000,5.41,50.00,201,2.2219,-0.4870,LOCK,0,normal
556,302175,5558,5571,0.03120,-0.21840,-0.76830,0.79935,994.59,1000,5.41,50.00,201,2.2265,-0.4168,LOCK,0,normal
557,302185,5568,5581,-0.26130,-0.10140,-0.81510,0.86194,994.59,1000,5.41,50.00,201,2.2312,-0.3447,LOCK,0,normal
558,302195,5578,5591,-0.31980,0.37830,-0.69420,0.85282,994.59,1000,5.41,50.00,201,2.2303,-0.3591,LOCK,0,normal
559,302205,5588,5601,-0.43290,0.14040,-0.99840,1.09723,994.59,1000,5.41,50.00,201,2.2096,-0.6723,LOCK,0,normal
560,302215,5598,5611,0.08580,0.00390,-0.81900,0.82349,994.73,1000,5.27,50.00,201,2.2192,-0.5273,LOCK,0,normal
561,302225,5608,5621,0.27690,-0.15600,-0.70590,0.77415,994.77,1000,5.23,50.00,201,2.2203,-0.5111,LOCK,0,normal
562,302235,5618,5631,-0.11310,-0.44460,-0.68250,0.82235,994.78,1000,5.22,50.00,201,2.2295,-0.3719,LOCK,0,normal
563,302245,5628,5641,-0.30030,0.45630,-0.87750,1.03363,994.78,1000,5.22,50.00,201,2.2299,-0.3658,LOCK,0,normal
564,302255,5638,5651,-0.40560,0.24960,-1.02180,1.12734,994.78,1000,5.22,50.00,201,2.2256,-0.4305,LOCK,0,normal
565,302265,5648,5661,-0.11310,-0.17940,-0.83070,0.85734,994.78,1000,5.22,50.00,201,2.2179,-0.5468,LOCK,0,normal
566,302275,5658,5671,0.30810,-0.09750,-0.66690,0.74107,994.74,1000,5.26,50.00,201,2.2233,-0.4656,LOCK,0,normal
567,302285,5668,5681,-0.00780,-0.21840,-0.58890,0.62814,994.73,1000,5.27,50.00,201,2.2269,-0.4110,LOCK,0,normal
568,302295,5678,5691,-0.17550,-0.19110,-0.83460,0.87400,994.73,1000,5.27,50.00,201,2.2212,-0.4964,LOCK,0,normal
569,302308,5691,5704,-0.21450,0.26910,-0.99060,1.04867,994.73,1000,5.27,50.00,201,2.2088,-0.6845,LOCK,0,normal
570,302316,5699,5712,-0.36660,-0.07410,-0.76440,0.85100,994.73,1000,5.27,50.00,201,2.2205,-0.5074,LOCK,0,normal
571,302325,5708,5721,-0.34710,-0.05460,-0.72150,0.80251,994.73,1000,5.27,50.00,201,2.2246,-0.4461,LOCK,0,normal
572,302335,5718,5731,0.08970,-0.00390,-0.53820,0.54564,994.76,1000,5.24,50.00,201,2.2215,-0.4931,LOCK,0,normal
573,302345,5728,5741,-0.08970,-0.07800,-0.70590,0.71584,994.77,1000,5.23,50.00,201,2.2271,-0.4073,LOCK,0,normal
574,302355,5738,5751,-0.00780,0.09360,-0.92430,0.92906,994.78,1000,5.22,50.00,201,2.2209,-0.5010,LOCK,0,normal
575,302365,5748,5761,-0.32760,0.07020,-0.80730,0.87406,994.78,1000,5.22,50.00,201,2.2088,-0.6842,LOCK,0,normal
576,302375,5758,5771,-0.20280,-0.58110,-0.83460,1.03700,994.78,1000,5.22,50.00,201,2.2213,-0.4961,LOCK,0,normal
577,302385,5768,5781,-0.28470,0.01170,-0.63180,0.69308,994.78,1000,5.22,50.00,201,2.2326,-0.3237,LOCK,0,normal
578,302395,5778,5791,0.10530,-0.14430,-0.61620,0.64157,994.85,1000,5.15,50.00,201,2.2318,-0.3371,LOCK,0,normal
579,302405,5788,5801,0.09360,0.16380,-0.84630,0.86707,994.88,1000,5.12,50.00,201,2.2112,-0.6488,LOCK,0,normal
580,302415,5798,5811,-0.15210,-0.12480,-0.90090,0.92213,994.89,1000,5.11,50.00,201,2.2079,-0.6982,LOCK,0,normal
581,302425,5808,5821,-0.19890,0.62400,-0.59670,0.88600,994.89,1000,5.11,50.00,201,2.2215,-0.4928,LOCK,0,normal
582,302435,5818,5831,-0.24570,-0.12870,-0.58110,0.64390,994.90,1000,5.10,50.00,201,2.2191,-0.5294,LOCK,0,normal
583,302445,5828,5841,-0.19890,-0.17160,-0.67470,0.72404,994.90,1000,5.10,50.00,201,2.2315,-0.3411,LOCK,0,normal
584,302455,5838,5851,0.04290,-0.16770,-0.90480,0.92121,994.81,1000,5.19,50.00,201,2.2288,-0.3814,LOCK,0,normal
585,302465,5848,5861,0.07410,0.08970,-0.91260,0.91999,994.78,1000,5.22,50.00,201,2.2197,-0.5190,LOCK,0,normal
586,302475,5858,5871,-0.09360,-0.21060,-0.84240,0.87336,994.77,1000,5.23,50.00,201,2.2070,-0.7116,LOCK,0,normal
587,302485,5868,5881,-0.26910,0.10920,-0.62010,0.68474,994.77,1000,5.23,50.00,201,2.2248,-0.4430,LOCK,0,normal
588,302495,5878,5891,-0.30030,0.15210,-0.56550,0.65811,994.77,1000,5.23,50.00,201,2.2323,-0.3292,LOCK,0,normal
589,302508,5891,5904,-0.20280,-0.20670,-0.71370,0.77021,994.77,1000,5.23,50.00,201,2.2294,-0.3731,LOCK,0,normal
590,302516,5899,5912,0.17160,0.15990,-0.93600,0.96494,994.76,1000,5.24,50.00,201,2.2188,-0.5340,LOCK,0,normal
591,302525,5908,5921,0.17160,0.15990,-0.93600,0.96494,994.75,1000,5.25,50.00,201,2.2238,-0.4574,LOCK,0,normal
592,302535,5918,5931,0.07410,-0.28080,-0.94770,0.99120,994.71,1000,5.29,50.00,201,2.2258,-0.4275,LOCK,0,normal
593,302545,5928,5941,0.00390,0.31980,-0.79950,0.86110,994.70,1000,5.30,50.00,201,2.2330,-0.3185,LOCK,0,normal
594,302555,5938,5951,-0.31590,0.01950,-0.54210,0.62773,994.70,1000,5.30,50.00,201,2.2318,-0.3362,LOCK,0,normal
595,302565,5948,5961,-0.65520,0.08190,-0.53430,0.84939,994.70,1000,5.30,50.00,201,2.2171,-0.5596,LOCK,0,normal
596,302575,5958,5971,-0.37440,-0.11700,-0.81120,0.90106,994.62,1000,5.38,50.00,201,2.2196,-0.5215,LOCK,0,normal
597,302585,5968,5981,0.19890,-0.03510,-0.88530,0.90805,994.60,1000,5.40,50.00,201,2.2236,-0.4604,LOCK,0,normal
598,302595,5978,5991,0.09750,-0.09360,-0.84630,0.85702,994.60,1000,5.40,50.00,201,2.2327,-0.3231,LOCK,0,normal
599,302605,5988,6001,-0.31980,-0.07800,-0.77220,0.83943,994.60,1000,5.40,50.00,201,2.2304,-0.3576,LOCK,0,normal
600,302615,5998,6011,-0.24960,-0.12480,-0.66690,0.72293,994.60,1000,5.40,50.00,201,2.2212,-0.4977,LOCK,0,normal
601,302625,6008,6021,-0.25740,0.18330,-0.86970,0.92533,994.60,1000,5.40,50.00,201,2.2103,-0.6622,LOCK,0,normal
602,302635,6018,6031,0.01950,0.05070,-0.69030,0.69243,994.53,1000,5.47,50.00,201,2.2130,-0.6216,LOCK,0,normal
603,302645,6028,6041,0.10140,-0.38610,-0.72930,0.83140,994.51,1000,5.49,50.00,201,2.2322,-0.3304,LOCK,0,normal
604,302655,6038,6051,0.11310,-0.24960,-0.73320,0.78273,994.51,1000,5.49,50.00,201,2.2308,-0.3518,LOCK,0,normal
605,302665,6048,6061,-0.46020,-0.46410,-0.79170,1.02663,994.51,1000,5.49,50.00,201,2.2216,-0.4916,LOCK,0,normal
606,302675,6058,6071,-0.19110,0.32370,-0.83070,0.91179,994.51,1000,5.49,50.00,201,2.2087,-0.6860,LOCK,0,normal
607,302685,6068,6081,-0.09750,0.05850,-0.82290,0.83072,994.51,1000,5.49,50.00,201,2.2206,-0.5059,LOCK,0,normal
608,302695,6078,6091,-0.14820,0.03900,-0.75270,0.76814,994.43,1000,5.57,50.00,201,2.2305,-0.3563,LOCK,0,normal
609,302708,6091,6104,0.23400,-0.04290,-0.63960,0.68241,994.43,1000,5.57,50.00,201,2.2306,-0.3545,LOCK,0,normal
610,302716,6099,6112,-0.21060,-0.06240,-0.74490,0.77661,994.42,1000,5.58,50.00,201,2.2124,-0.6308,LOCK,0,normal
611,302725,6108,6121,-0.36660,-0.02730,-0.96330,1.03106,994.42,1000,5.58,50.00,201,2.2311,-0.3466,LOCK,0,normal
612,302735,6118,6131,-0.26910,-0.12480,-0.94770,0.99304,994.40,1000,5.60,50.00,201,2.2207,-0.5047,LOCK,0,normal
613,302745,6128,6141,0.04680,0.10920,-0.75660,0.76587,994.39,1000,5.61,50.00,201,2.2231,-0.4681,LOCK,0,normal
614,302755,6138,6151,0.19110,0.06240,-0.64740,0.67789,994.39,1000,5.61,50.00,201,2.2294,-0.3722,LOCK,0,normal
615,302765,6148,6161,0.07020,-0.03120,-0.73710,0.74109,994.39,1000,5.61,50.00,201,2.2186,-0.5361,LOCK,0,normal
616,302775,6158,6171,-0.03510,-0.58890,-1.03350,1.19002,994.39,1000,5.61,50.00,201,2.2091,-0.6808,LOCK,0,normal
617,302785,6168,6181,-0.31980,0.35100,-0.72930,0.87026,994.39,1000,5.61,50.00,201,2.2144,-0.6002,LOCK,0,normal
618,302795,6178,6191,-0.33540,0.30810,-0.86190,0.97483,994.39,1000,5.61,50.00,201,2.2298,-0.3670,LOCK,0,normal
619,302805,6188,6201,-0.24570,-0.26130,-0.69030,0.77792,994.39,1000,5.61,50.00,201,2.2293,-0.3740,LOCK,0,normal
620,302815,6198,6211,0.13260,-0.14820,-0.64740,0.67725,994.36,1000,5.64,50.00,201,2.2261,-0.4223,LOCK,0,normal
621,302825,6208,6221,0.00780,-0.00390,-1.02960,1.02964,994.35,1000,5.65,50.00,201,2.2256,-0.4296,LOCK,0,normal
622,302835,6218,6231,-0.10530,-0.03120,-0.94380,0.95017,994.34,1000,5.66,50.00,201,2.2038,-0.7605,LOCK,0,normal
623,302845,6228,6241,-0.28860,0.05460,-0.75270,0.80798,994.34,1000,5.66,50.00,201,2.2279,-0.3951,LOCK,0,normal
624,302855,6238,6251,-0.10920,-0.16380,-0.76050,0.78557,994.34,1000,5.66,50.00,201,2.2317,-0.3380,LOCK,0,normal
625,302865,6248,6261,-0.32760,-0.04680,-0.66690,0.74449,994.34,1000,5.66,50.00,201,2.2245,-0.4476,LOCK,0,normal
626,302875,6258,6271,0.22230,-0.31200,-0.54600,0.66699,994.32,1000,5.68,50.00,201,2.2265,-0.4162,LOCK,0,normal
627,302885,6268,6281,-0.00390,-0.30420,-0.80340,0.85907,994.31,1000,5.69,50.00,201,2.2132,-0.6185,LOCK,0,normal
628,302895,6278,6291,-0.05850,0.08580,-0.91260,0.91849,994.31,1000,5.69,50.00,201,2.2157,-0.5807,LOCK,0,normal
629,302908,6291,6304,-0.33150,0.26520,-0.79170,0.89834,994.31,1000,5.69,50.00,201,2.2319,-0.3347,LOCK,0,normal
630,302916,6299,6312,-0.16770,0.00780,-0.81900,0.83603,994.31,1000,5.69,50.00,201,2.2129,-0.6222,LOCK,0,normal
631,302925,6308,6321,-0.16770,0.00780,-0.81900,0.83603,994.31,1000,5.69,50.00,201,2.2104,-0.6610,LOCK,0,normal
632,302935,6318,6331,-0.10140,0.05070,-0.78000,0.78820,994.23,1000,5.77,50.00,201,2.2012,-0.8002,LOCK,0,normal
633,302945,6328,6341,0.11700,-0.29640,-0.62400,0.70066,994.21,1000,5.79,50.00,201,2.2264,-0.4177,LOCK,0,normal
634,302955,6338,6351,0.16380,0.06630,-0.64740,0.67108,994.21,1000,5.79,50.00,201,2.2280,-0.3936,LOCK,0,normal
635,302965,6348,6361,-0.13650,-0.43290,-0.98280,1.08256,994.20,1000,5.80,50.00,201,2.2302,-0.3609,LOCK,0,normal
636,302975,6358,6371,-0.33150,0.61230,-0.68250,0.97499,994.20,1000,5.80,50.00,201,2.2086,-0.6872,LOCK,0,normal
637,302985,6368,6381,-0.26520,0.05460,-0.76050,0.80726,994.20,1000,5.80,50.00,201,2.2129,-0.6231,LOCK,0,normal
638,302995,6378,6391,-0.03120,-0.10530,-0.75270,0.76067,994.14,1000,5.86,50.00,201,2.2171,-0.5587,LOCK,0,normal
639,303005,6388,6401,0.03510,-0.15210,-0.70200,0.71915,994.13,1000,5.87,50.00,201,2.2325,-0.3264,LOCK,0,normal
640,303015,6398,6411,-0.07020,0.03120,-0.63570,0.64032,994.12,1000,5.88,50.00,201,2.2289,-0.3798,LOCK,0,normal
641,303025,6408,6421,-0.14040,-0.20670,-0.87360,0.90863,994.12,1000,5.88,50.00,201,2.2196,-0.5218,LOCK,0,normal
642,303035,6418,6431,-0.38220,0.47580,-0.68250,0.91557,994.12,1000,5.88,50.00,201,2.2172,-0.5581,LOCK,0,normal
643,303045,6428,6441,-0.15990,0.35490,-0.73710,0.83357,994.12,1000,5.88,50.00,201,2.2136,-0.6118,LOCK,0,normal
644,303055,6438,6451,-0.10920,-0.00780,-0.74880,0.75676,994.23,1000,5.77,50.00,201,2.2217,-0.4897,LOCK,0,normal
645,303065,6448,6461,0.22620,-0.07410,-0.79560,0.83044,994.26,1000,5.74,50.00,201,2.2295,-0.3710,LOCK,0,normal
646,303075,6458,6471,-0.06240,-0.49530,-0.77610,0.92279,994.26,1000,5.74,50.00,201,2.2141,-0.6042,LOCK,0,normal
647,303085,6468,6481,-0.31980,0.35100,-0.73710,0.87681,994.27,1000,5.73,50.00,201,2.2164,-0.5700,LOCK,0,normal
648,303095,6478,6491,-0.46410,0.03900,-0.55770,0.72659,994.27,1000,5.73,50.00,201,2.2204,-0.5093,LOCK,0,normal
649,303108,6491,6504,-0.35880,-0.17940,-0.78390,0.88058,994.27,1000,5.73,50.00,201,2.2372,-0.2541,LOCK,0,normal
650,303116,6499,6512,0.01950,-0.04680,-0.83850,0.84003,994.25,1000,5.75,50.00,201,2.2270,-0.4095,LOCK,0,normal
651,303125,6508,6521,0.18330,-0.15210,-0.90090,0.93186,994.23,1000,5.77,50.00,201,2.2160,-0.5764,LOCK,0,normal
652,303135,6518,6531,-0.00780,-0.00780,-0.91260,0.91267,994.11,1000,5.89,50.00,201,2.2274,-0.4036,LOCK,0,normal
653,303145,6528,6541,-0.40560,-0.22230,-0.88530,0.99884,994.07,1000,5.93,50.00,201,2.2063,-0.7229,LOCK,0,normal
654,303155,6538,6551,0.05850,-0.13260,-0.72150,0.73591,994.06,1000,5.94,50.00,201,2.2196,-0.5206,LOCK,0,normal
655,303165,6548,6561,-0.30420,-0.03510,-0.70200,0.76588,994.06,1000,5.94,50.00,201,2.2283,-0.3899,LOCK,0,normal
656,303175,6558,6571,-0.21450,0.00000,-0.49920,0.54333,994.13,1000,5.87,50.00,201,2.2091,-0.6802,LOCK,0,normal
657,303185,6568,6581,-0.02340,-0.14040,-0.61620,0.63243,994.16,1000,5.84,50.00,201,2.2116,-0.6424,LOCK,0,normal
658,303195,6578,6591,0.03510,0.08580,-0.86190,0.86687,994.16,1000,5.84,50.00,201,2.2184,-0.5392,LOCK,0,normal
659,303205,6588,6601,-0.29640,-0.06630,-1.11930,1.15978,994.16,1000,5.84,50.00,201,2.2334,-0.3127,LOCK,0,normal
660,303215,6598,6611,-0.16770,0.12090,-0.91650,0.93953,994.17,1000,5.83,50.00,201,2.2277,-0.3979,LOCK,0,normal
661,303225,6608,6621,-0.17940,-0.20280,-0.69420,0.74513,994.17,1000,5.83,50.00,201,2.2094,-0.6753,LOCK,0,normal
662,303235,6618,6631,-0.09750,-0.18330,-0.71760,0.74703,994.15,1000,5.85,50.00,201,2.2285,-0.3859,LOCK,0,normal
663,303245,6628,6641,0.23400,-0.03900,-0.65520,0.69682,994.14,1000,5.86,50.00,201,2.2117,-0.6414,LOCK,0,normal
664,303255,6638,6651,-0.17940,-0.10530,-0.63180,0.66516,994.14,1000,5.86,50.00,201,2.2240,-0.4549,LOCK,0,normal
665,303265,6648,6661,-0.39780,0.21060,-0.76830,0.89044,994.14,1000,5.86,50.00,201,2.2317,-0.3374,LOCK,0,normal
666,303275,6658,6671,-0.34320,-0.40170,-1.00620,1.13648,994.14,1000,5.86,50.00,201,2.2142,-0.6030,LOCK,0,normal
667,303285,6668,6681,-0.08970,-0.16770,-0.92040,0.93984,994.14,1000,5.86,50.00,201,2.2245,-0.4476,LOCK,0,normal
668,303295,6678,6691,0.14820,0.00390,-0.84630,0.85919,994.20,1000,5.80,50.00,201,2.2149,-0.5917,LOCK,0,normal
669,303308,6691,6704,0.15210,0.03510,-0.83460,0.84907,994.20,1000,5.80,50.00,201,2.2320,-0.3331,LOCK,0,normal
670,303316,6699,6712,0.03900,-0.34320,-0.85020,0.91769,994.21,1000,5.79,50.00,201,2.2296,-0.3692,LOCK,0,normal
671,303325,6708,6721,0.03900,-0.34320,-0.85020,0.91769,994.21,1000,5.79,50.00,201,2.2100,-0.6668,LOCK,0,normal
672,303335,6718,6731,-0.30420,0.25740,-0.68250,0.79032,994.22,1000,5.78,50.00,201,2.2147,-0.5950,LOCK,0,normal
673,303345,6728,6741,-0.32370,0.12480,-0.62790,0.71737,994.22,1000,5.78,50.00,201,2.2239,-0.4565,LOCK,0,normal
674,303355,6738,6751,-0.18330,-0.17550,-0.67470,0.72085,994.34,1000,5.66,50.00,201,2.2308,-0.3518,LOCK,0,normal
675,303365,6748,6761,0.22620,0.00000,-0.65910,0.69684,994.35,1000,5.65,50.00,201,2.2283,-0.3899,LOCK,0,normal
676,303375,6758,6771,0.01560,-0.27690,-0.97500,1.01368,994.37,1000,5.63,50.00,201,2.2319,-0.3350,LOCK,0,normal
677,303385,6768,6781,-0.06240,0.19110,-0.90480,0.92686,994.38,1000,5.62,50.00,201,2.2159,-0.5767,LOCK,0,normal
678,303395,6778,6791,-0.27300,0.23010,-0.66690,0.75646,994.39,1000,5.61,50.00,201,2.2094,-0.6753,LOCK,0,normal
679,303405,6788,6801,-0.07020,-0.24180,-0.66690,0.71285,994.39,1000,5.61,50.00,201,2.2194,-0.5236,LOCK,0,normal
680,303415,6798,6811,-0.42120,-0.03900,-0.57720,0.71560,994.33,1000,5.67,50.00,201,2.2279,-0.3960,LOCK,0,normal
681,303425,6808,6821,0.15210,-0.33930,-0.75660,0.84303,994.32,1000,5.68,50.00,201,2.2306,-0.3548,LOCK,0,normal
682,303435,6818,6831,0.24180,-0.24180,-0.84240,0.90916,994.31,1000,5.69,50.00,201,2.2009,-0.8044,LOCK,0,normal
683,303445,6828,6841,0.00390,-0.06630,-0.72540,0.72843,994.31,1000,5.69,50.00,201,2.2123,-0.6323,LOCK,0,normal
684,303455,6838,6851,-0.28080,0.18330,-0.51090,0.61112,994.31,1000,5.69,50.00,201,2.2226,-0.4754,LOCK,0,normal
685,303465,6848,6861,-0.20670,0.01950,-0.52260,0.56233,994.31,1000,5.69,50.00,201,2.2316,-0.3399,LOCK,0,normal
686,303475,6858,6871,0.01950,0.11310,-0.88920,0.89658,994.34,1000,5.66,50.00,201,2.2330,-0.3179,LOCK,0,normal
687,303485,6868,6881,0.11310,0.04680,-0.90480,0.91304,994.34,1000,5.66,50.00,201,2.2153,-0.5862,LOCK,0,normal
688,303495,6878,6891,0.19500,0.09750,-0.78390,0.81365,994.34,1000,5.66,50.00,201,2.2093,-0.6778,LOCK,0,normal
689,303508,6891,6904,-0.15600,-0.42120,-0.79560,0.91363,994.34,1000,5.66,50.00,201,2.2291,-0.3777,LOCK,0,normal
690,303517,6900,6913,-0.46410,0.18720,-0.29640,0.58162,994.34,1000,5.66,50.00,201,2.2296,-0.3704,LOCK,0,normal
691,303525,6908,6921,-0.26910,-0.25350,-0.74100,0.82811,994.35,1000,5.65,50.00,201,2.2297,-0.3685,LOCK,0,normal
692,303535,6918,6931,-0.18330,-0.24180,-0.88530,0.93585,994.38,1000,5.62,50.00,201,2.2254,-0.4336,LOCK,0,normal
693,303545,6928,6941,0.07020,0.13650,-0.95160,0.96390,994.40,1000,5.60,50.00,201,2.2159,-0.5770,LOCK,0,normal
694,303555,6938,6951,0.05070,0.00390,-0.86970,0.87119,994.41,1000,5.59,50.00,201,2.2153,-0.5868,LOCK,0,normal
695,303565,6948,6961,-0.21840,-0.14820,-0.87360,0.91260,994.41,1000,5.59,50.00,201,2.2341,-0.3020,LOCK,0,normal
696,303575,6958,6971,-0.28860,0.37440,-0.46410,0.66246,994.41,1000,5.59,50.00,201,2.2243,-0.4504,LOCK,0,normal
697,303585,6968,6981,-0.14820,0.36660,-0.54990,0.67731,994.41,1000,5.59,50.00,201,2.2143,-0.6018,LOCK,0,normal
698,303595,6978,6991,-0.13260,-0.17940,-0.93210,0.95842,994.39,1000,5.61,50.00,201,2.2155,-0.5834,LOCK,0,normal
699,303605,6988,7001,0.13650,0.07020,-0.80730,0.82176,994.39,1000,5.61,50.00,201,2.2174,-0.5547,LOCK,0,normal
700,303615,6998,7011,0.01560,-0.28470,-0.86970,0.91525,994.39,1000,5.61,50.00,201,2.2322,-0.3310,LOCK,0,normal
701,303625,7008,7021,-0.36660,0.30030,-0.70200,0.84698,994.39,1000,5.61,50.00,201,2.2292,-0.3759,LOCK,0,normal
702,303635,7018,7031,-0.31980,-0.00780,-0.90480,0.95969,994.39,1000,5.61,50.00,201,2.2083,-0.6921,LOCK,0,normal
703,303645,7028,7041,-0.31200,0.03510,-0.85410,0.90998,994.39,1000,5.61,50.00,201,2.2199,-0.5172,LOCK,0,normal
704,303655,7038,7051,-0.06630,0.14430,-0.63960,0.65902,994.51,1000,5.49,50.00,201,2.2126,-0.6268,LOCK,0,normal
705,303665,7048,7061,0.05850,-0.03900,-0.53820,0.54277,994.54,1000,5.46,50.00,201,2.2249,-0.4409,LOCK,0,normal
706,303675,7058,7071,-0.10140,-0.05850,-0.83850,0.84663,994.55,1000,5.45,50.00,201,2.2297,-0.3685,LOCK,0,normal
707,303685,7068,7081,-0.29250,0.19890,-0.95550,1.01887,994.55,1000,5.45,50.00,201,2.2168,-0.5633,LOCK,0,normal
708,303695,7078,7091,-0.29250,0.19890,-0.95550,1.01887,994.56,1000,5.44,50.00,201,2.2069,-0.7135,LOCK,0,normal
709,303708,7091,7104,-0.38610,-0.20670,-0.55380,0.70604,994.56,1000,5.44,50.00,201,2.2157,-0.5798,LOCK,0,normal
710,303716,7099,7112,-0.13650,0.00000,-0.62010,0.63495,994.55,1000,5.45,50.00,201,2.2312,-0.3447,LOCK,0,normal
711,303725,7108,7121,-0.13650,0.00000,-0.62010,0.63495,994.54,1000,5.46,50.00,201,2.2195,-0.5227,LOCK,0,normal
712,303735,7118,7131,0.23790,-0.01560,-0.97890,1.00751,994.51,1000,5.49,50.00,201,2.2157,-0.5807,LOCK,0,normal
713,303745,7128,7141,-0.05460,0.10140,-0.88530,0.89276,994.50,1000,5.50,50.00,201,2.2098,-0.6704,LOCK,0,normal
714,303755,7138,7151,-0.30030,-0.13260,-0.86190,0.92230,994.50,1000,5.50,50.00,201,2.2106,-0.6576,LOCK,0,normal
715,303765,7148,7161,-0.46800,0.24180,-0.90090,1.04361,994.49,1000,5.51,50.00,201,2.2339,-0.3051,LOCK,0,normal
716,303775,7158,7171,-0.14040,0.01950,-0.63960,0.65512,994.51,1000,5.49,50.00,201,2.2300,-0.3643,LOCK,0,normal
717,303785,7168,7181,0.25350,-0.16770,-0.83850,0.89189,994.51,1000,5.49,50.00,201,2.2050,-0.7422,LOCK,0,normal
718,303795,7178,7191,0.14430,0.05850,-0.98280,0.99506,994.51,1000,5.49,50.00,201,2.2210,-0.5001,LOCK,0,normal
719,303805,7188,7201,-0.10140,-0.36270,-0.87750,0.95490,994.51,1000,5.49,50.00,201,2.2262,-0.4217,LOCK,0,normal
720,303815,7198,7211,-0.25740,0.36270,-0.68640,0.81789,994.51,1000,5.49,50.00,201,2.2200,-0.5145,LOCK,0,normal
721,303825,7208,7221,-0.23790,0.18720,-0.67860,0.74306,994.51,1000,5.49,50.00,201,2.2311,-0.3475,LOCK,0,normal
722,303835,7218,7231,-0.20670,-0.25740,-0.74490,0.81477,994.56,1000,5.44,50.00,201,2.2321,-0.3325,LOCK,0,normal
723,303845,7228,7241,0.02730,-0.20670,-0.79560,0.82247,994.63,1000,5.37,50.00,201,2.2219,-0.4861,LOCK,0,normal
724,303855,7238,7251,0.08190,-0.04290,-0.73320,0.73901,994.65,1000,5.35,50.00,201,2.2193,-0.5254,LOCK,0,normal
725,303865,7248,7261,0.06630,-0.30420,-0.71760,0.78223,994.65,1000,5.35,50.00,201,2.2193,-0.5257,LOCK,0,normal
726,303875,7258,7271,-0.44850,0.13650,-0.53820,0.71375,994.66,1000,5.34,50.00,201,2.2323,-0.3283,LOCK,0,normal
727,303885,7268,7281,-0.33540,0.24570,-0.88140,0.97454,994.66,1000,5.34,50.00,201,2.2299,-0.3658,LOCK,0,normal
728,303895,7278,7291,-0.28860,-0.08580,-0.83850,0.89092,994.67,1000,5.33,50.00,201,2.2169,-0.5627,LOCK,0,normal
729,303908,7291,7304,0.38220,-0.22620,-0.70980,0.83729,994.68,1000,5.32,50.00,201,2.2170,-0.5612,LOCK,0,normal
730,303916,7299,7312,0.02340,-0.32760,-0.61620,0.69826,994.68,1000,5.32,50.00,201,2.2137,-0.6112,LOCK,0,normal
731,303925,7308,7321,-0.13260,0.05460,-0.81510,0.82762,994.69,1000,5.31,50.00,201,2.2289,-0.3798,LOCK,0,normal
732,303935,7318,7331,-0.42510,0.25740,-0.79170,0.93475,994.71,1000,5.29,50.00,201,2.2312,-0.3450,LOCK,0,normal
733,303945,7328,7341,-0.52650,-0.11700,-0.80340,0.96765,994.72,1000,5.28,50.00,201,2.2125,-0.6283,LOCK,0,normal
734,303955,7338,7351,-0.17160,-0.13260,-0.67860,0.71241,994.73,1000,5.27,50.00,201,2.2223,-0.4797,LOCK,0,normal
735,303965,7348,7361,0.26910,-0.19890,-0.56940,0.66045,994.75,1000,5.25,50.00,201,2.2212,-0.4971,LOCK,0,normal
736,303975,7358,7371,0.10920,0.03510,-0.93210,0.93913,994.76,1000,5.24,50.00,201,2.2267,-0.4143,LOCK,0,normal
737,303985,7368,7381,-0.07800,0.43290,-0.79170,0.90569,994.76,1000,5.24,50.00,201,2.2310,-0.3484,LOCK,0,normal
738,303995,7378,7391,-0.26910,0.22620,-0.53430,0.63958,994.76,1000,5.24,50.00,201,2.2158,-0.5792,LOCK,0,normal
739,304005,7388,7401,-0.27300,0.12090,-0.56160,0.63603,994.76,1000,5.24,50.00,201,2.2148,-0.5932,LOCK,0,normal
740,304015,7398,7411,-0.13650,0.06630,-0.87360,0.88668,994.76,1000,5.24,50.00,201,2.2268,-0.4128,LOCK,0,normal
741,304025,7408,7421,0.03900,-0.08190,-0.91650,0.92098,994.81,1000,5.19,50.00,201,2.2342,-0.2996,LOCK,0,normal
742,304035,7418,7431,0.23010,0.06630,-0.80340,0.83833,994.82,1000,5.18,50.00,201,2.2299,-0.3652,LOCK,0,normal
743,304045,7428,7441,-0.13260,-0.24180,-0.76050,0.80896,994.83,1000,5.17,50.00,201,2.2107,-0.6567,LOCK,0,normal
744,304055,7438,7451,-0.37050,0.35880,-0.71370,0.88055,994.83,1000,5.17,50.00,201,2.2324,-0.3273,LOCK,0,normal
745,304065,7448,7461,-0.35490,0.01170,-0.78000,0.85702,994.83,1000,5.17,50.00,201,2.2116,-0.6417,LOCK,0,normal
746,304075,7458,7471,-0.05850,-0.18720,-0.82290,0.84595,994.83,1000,5.17,50.00,201,2.2270,-0.4095,LOCK,0,normal
747,304085,7468,7481,0.07800,-0.04680,-0.68640,0.69240,994.75,1000,5.25,50.00,201,2.2310,-0.3478,LOCK,0,normal
748,304095,7478,7491,0.07800,-0.04680,-0.68640,0.69240,994.73,1000,5.27,50.00,201,2.2060,-0.7278,LOCK,0,normal
749,304108,7491,7504,-0.27690,-0.03510,-1.01790,1.05547,994.73,1000,5.27,50.00,201,2.2070,-0.7129,LOCK,0,normal
750,304116,7499,7512,-0.26130,0.10530,-0.68250,0.73836,994.73,1000,5.27,50.00,201,2.2212,-0.4964,LOCK,0,normal
751,304125,7508,7521,-0.26130,0.10530,-0.68250,0.73836,994.73,1000,5.27,50.00,201,2.2193,-0.5261,LOCK,0,normal
752,304135,7518,7531,-0.42510,-0.00780,-0.42510,0.60123,994.72,1000,5.28,50.00,201,2.2322,-0.3298,LOCK,0,normal
753,304145,7528,7541,-0.21840,-0.09360,-0.78390,0.81912,994.88,1000,5.12,50.00,201,2.2157,-0.5807,LOCK,0,normal
754,304155,7538,7551,0.04680,0.08970,-0.93210,0.93757,994.93,1000,5.07,50.00,201,2.2183,-0.5407,LOCK,0,normal
755,304165,7548,7561,0.10920,-0.42900,-0.85410,0.96200,994.94,1000,5.06,50.00,201,2.2235,-0.4617,LOCK,0,normal
756,304175,7558,7571,-0.17550,0.20280,-0.75270,0.79905,994.95,1000,5.05,50.00,201,2.2331,-0.3167,LOCK,0,normal
757,304185,7568,7581,-0.40170,0.01560,-0.86970,0.95811,994.95,1000,5.05,50.00,201,2.2312,-0.3460,LOCK,0,normal
758,304195,7578,7591,-0.22620,0.01950,-0.97110,0.99729,994.95,1000,5.05,50.00,201,2.2304,-0.3582,LOCK,0,normal
759,304205,7588,7601,0.03510,0.16380,-0.69810,0.71792,995.01,1000,4.99,50.00,201,2.2199,-0.5169,LOCK,0,normal
760,304215,7598,7611,0.05460,-0.27300,-0.72540,0.77699,995.02,1000,4.98,50.00,201,2.2113,-0.6466,LOCK,0,normal
761,304225,7608,7621,-0.12090,0.17550,-0.70200,0.73364,995.03,1000,4.97,50.00,201,2.2189,-0.5322,LOCK,0,normal
762,304235,7618,7631,-0.38220,-0.13650,-0.96330,1.04530,995.03,1000,4.97,50.00,201,2.2327,-0.3225,LOCK,0,normal
763,304245,7628,7641,-0.44070,0.55380,-1.07250,1.28498,995.03,1000,4.97,50.00,201,2.2321,-0.3319,LOCK,0,normal
764,304255,7638,7651,-0.23400,0.01560,-0.75270,0.78839,995.03,1000,4.97,50.00,201,2.2206,-0.5065,LOCK,0,normal
765,304265,7648,7661,0.00390,-0.10530,-0.53430,0.54459,994.98,1000,5.02,50.00,201,2.2197,-0.5203,LOCK,0,normal
766,304275,7658,7671,0.03510,-0.05460,-0.76830,0.77104,994.96,1000,5.04,50.00,201,2.2246,-0.4458,LOCK,0,normal
767,304285,7668,7681,-0.06240,0.23010,-0.94380,0.97345,994.96,1000,5.04,50.00,201,2.2335,-0.3099,LOCK,0,normal
768,304295,7678,7691,-0.42900,-0.02730,-0.78000,0.89061,994.95,1000,5.05,50.00,201,2.2309,-0.3502,LOCK,0,normal
769,304308,7691,7704,-0.07410,0.02730,-0.85800,0.86163,994.95,1000,5.05,50.00,201,2.2169,-0.5618,LOCK,0,normal
770,304316,7699,7712,-0.36270,-0.02730,-0.54990,0.65931,994.98,1000,5.02,50.00,201,2.2191,-0.5294,LOCK,0,normal
771,304325,7708,7721,0.14040,0.02730,-0.91260,0.92374,995.00,1000,5.00,50.00,201,2.2199,-0.5166,LOCK,0,normal
772,304335,7718,7731,0.08190,0.19890,-0.79560,0.82417,995.10,1000,4.90,50.00,201,2.2314,-0.3417,LOCK,0,normal
773,304345,7728,7741,0.01170,-0.26910,-0.72540,0.77379,995.15,1000,4.85,50.00,201,2.2316,-0.3399,LOCK,0,normal
774,304355,7738,7751,-0.42900,0.44850,-0.49920,0.79649,995.17,1000,4.83,50.00,201,2.2230,-0.4690,LOCK,0,normal
775,304365,7748,7761,-0.12090,0.28470,-0.87750,0.93042,995.17,1000,4.83,50.00,201,2.2313,-0.3444,LOCK,0,normal
776,304375,7758,7771,-0.08970,-0.13650,-0.80340,0.81984,995.17,1000,4.83,50.00,201,2.2185,-0.5383,LOCK,0,normal
777,304385,7768,7781,0.09750,-0.32370,-0.60840,0.69602,995.09,1000,4.91,50.00,201,2.2305,-0.3554,LOCK,0,normal
778,304395,7778,7791,-0.05070,-0.05850,-0.58110,0.58623,995.07,1000,4.93,50.00,201,2.2308,-0.3518,LOCK,0,normal
779,304405,7788,7801,-0.12870,-0.18720,-0.87360,0.90265,995.06,1000,4.94,50.00,201,2.2172,-0.5569,LOCK,0,normal
780,304415,7798,7811,-0.26910,0.47190,-0.77610,0.94733,995.06,1000,4.94,50.00,201,2.2281,-0.3921,LOCK,0,normal
781,304425,7808,7821,-0.43680,0.27690,-0.78780,0.94239,995.06,1000,4.94,50.00,201,2.2166,-0.5667,LOCK,0,normal
782,304435,7818,7831,-0.12480,-0.31590,-0.63960,0.72419,995.06,1000,4.94,50.00,201,2.2316,-0.3389,LOCK,0,normal
783,304445,7828,7841,0.08970,-0.19890,-0.49920,0.54480,995.23,1000,4.77,50.00,201,2.2292,-0.3753,LOCK,0,normal
784,304455,7838,7851,-0.09360,-0.15990,-0.85410,0.87397,995.28,1000,4.72,50.00,201,2.2192,-0.5273,LOCK,0,normal
785,304465,7848,7861,-0.08970,0.33930,-0.89310,0.95958,995.29,1000,4.71,50.00,201,2.2276,-0.4003,LOCK,0,normal
786,304475,7858,7871,-0.08970,0.33930,-0.89310,0.95958,995.30,1000,4.70,50.00,201,2.2259,-0.4262,LOCK,0,normal
787,304485,7868,7881,-0.39390,0.08580,-0.68250,0.79267,995.30,1000,4.70,50.00,201,2.2278,-0.3975,LOCK,0,normal
788,304495,7878,7891,-0.07410,0.23010,-0.64740,0.69106,995.30,1000,4.70,50.00,201,2.2301,-0.3615,LOCK,0,normal
789,304508,7891,7904,0.10140,-0.29250,-0.58500,0.66186,995.29,1000,4.71,50.00,201,2.2281,-0.3930,LOCK,0,normal
790,304516,7899,7912,0.02730,-0.04680,-0.70590,0.70798,995.28,1000,4.72,50.00,201,2.2069,-0.7135,LOCK,0,normal
791,304525,7908,7921,0.02730,-0.04680,-0.70590,0.70798,995.27,1000,4.73,50.00,201,2.2097,-0.6711,LOCK,0,normal
792,304535,7918,7931,-0.19890,0.14820,-1.00230,1.03254,995.22,1000,4.78,50.00,201,2.2237,-0.4598,LOCK,0,normal
793,304545,7928,7941,-0.23790,-0.13260,-0.70590,0.75662,995.21,1000,4.79,50.00,201,2.2271,-0.4073,LOCK,0,normal
794,304555,7938,7951,-0.25350,0.26520,-0.69810,0.78863,995.20,1000,4.80,50.00,201,2.2123,-0.6320,LOCK,0,normal
795,304565,7948,7961,0.02730,-0.03510,-0.77220,0.77348,995.44,1000,4.56,50.00,201,2.2133,-0.6167,LOCK,0,normal
796,304575,7958,7971,0.12870,-0.30030,-0.69420,0.76724,995.50,1000,4.50,50.00,201,2.2108,-0.6552,LOCK,0,normal
797,304585,7968,7981,-0.07020,-0.06630,-0.67470,0.68157,995.51,1000,4.49,50.00,201,2.2283,-0.3890,LOCK,0,normal
798,304595,7978,7991,-0.31200,-0.30810,-1.02180,1.11191,995.52,1000,4.48,50.00,201,2.2299,-0.3652,LOCK,0,normal
799,304605,7988,8001,-0.19890,0.46410,-0.84630,0.98548,995.52,1000,4.48,50.00,201,2.2332,-0.3151,LOCK,0,normal
800,304615,7998,8011,-0.49530,-0.24960,-0.80340,0.97625,995.52,1000,4.48,50.00,201,2.2137,-0.6106,LOCK,0,normal
801,304625,8008,8021,-0.04290,-0.12480,-0.70980,0.72196,995.15,1000,4.85,50.00,201,2.2106,-0.6579,LOCK,0,normal
802,304635,8018,8031,0.06630,-0.16770,-0.54210,0.57131,995.06,1000,4.94,50.00,201,2.2288,-0.3820,LOCK,0,normal
803,304645,8028,8041,-0.16380,-0.22230,-0.76440,0.81275,995.04,1000,4.96,50.00,201,2.2299,-0.3652,LOCK,0,normal
804,304655,8038,8051,-0.24180,0.10530,-0.92820,0.96494,995.03,1000,4.97,50.00,201,2.2300,-0.3634,LOCK,0,normal
805,304665,8048,8061,-0.17160,0.08190,-0.96720,0.98571,995.03,1000,4.97,50.00,201,2.2240,-0.4543,LOCK,0,normal
806,304675,8058,8071,-0.11310,0.06630,-0.80730,0.81788,995.03,1000,4.97,50.00,201,2.2107,-0.6558,LOCK,0,normal
807,304685,8068,8081,0.10530,-0.02730,-0.70590,0.71423,995.34,1000,4.66,50.00,201,2.2247,-0.4442,LOCK,0,normal
808,304695,8078,8091,0.11310,-0.06240,-0.70590,0.71762,995.39,1000,4.61,50.00,201,2.2306,-0.3542,LOCK,0,normal
809,304708,8091,8104,-0.08580,-0.33930,-0.69420,0.77743,995.40,1000,4.60,50.00,201,2.2304,-0.3576,LOCK,0,normal
810,304717,8100,8113,-0.39000,0.42510,-0.82680,1.00817,995.40,1000,4.60,50.00,201,2.2074,-0.7065,LOCK,0,normal
811,304725,8108,8121,-0.40560,0.04680,-0.95550,1.03908,995.41,1000,4.59,50.00,201,2.2160,-0.5761,LOCK,0,normal
812,304735,8118,8131,-0.15990,0.23010,-0.87360,0.91744,995.43,1000,4.57,50.00,201,2.2125,-0.6292,LOCK,0,normal
813,304745,8128,8141,0.22620,-0.02730,-0.72930,0.76406,995.46,1000,4.54,50.00,201,2.2295,-0.3713,LOCK,0,normal
814,304755,8138,8151,0.05850,-0.28860,-0.62010,0.68647,995.47,1000,4.53,50.00,201,2.2311,-0.3463,LOCK,0,normal
815,304765,8148,8161,-0.02730,-0.05850,-0.59670,0.60018,995.47,1000,4.53,50.00,201,2.2120,-0.6366,LOCK,0,normal
816,304775,8158,8171,-0.40950,-0.12090,-0.85020,0.95139,995.47,1000,4.53,50.00,201,2.2134,-0.6149,LOCK,0,normal
817,304785,8168,8181,0.24570,-0.36270,-0.88530,0.98776,995.47,1000,4.53,50.00,201,2.2250,-0.4400,LOCK,0,normal
818,304795,8178,8191,-0.22230,0.21450,-0.82680,0.88262,995.47,1000,4.53,50.00,201,2.2300,-0.3643,LOCK,0,normal
819,304805,8188,8201,0.37440,-0.21060,-0.72150,0.83970,995.53,1000,4.47,50.00,201,2.2292,-0.3762,LOCK,0,normal
820,304815,8198,8211,0.01560,-0.15600,-0.51480,0.53814,995.55,1000,4.45,50.00,201,2.2240,-0.4549,LOCK,0,normal
821,304825,8208,8221,-0.13650,0.11700,-0.80340,0.82327,995.55,1000,4.45,50.00,201,2.2138,-0.6094,LOCK,0,normal
822,304835,8218,8231,-0.38220,0.10530,-0.83850,0.92750,995.55,1000,4.45,50.00,201,2.2231,-0.4684,LOCK,0,normal
823,304845,8228,8241,-0.05070,0.13650,-0.70980,0.72458,995.55,1000,4.45,50.00,201,2.2328,-0.3209,LOCK,0,normal
824,304855,8238,8251,-0.14820,-0.15990,-0.71760,0.74999,995.55,1000,4.45,50.00,201,2.2331,-0.3163,LOCK,0,normal
825,304865,8248,8261,-0.14820,-0.15990,-0.71760,0.74999,995.55,1000,4.45,50.00,201,2.2127,-0.6256,LOCK,0,normal
826,304875,8258,8271,0.11310,-0.14430,-0.65520,0.68037,995.55,1000,4.45,50.00,201,2.2280,-0.3945,LOCK,0,normal
827,304885,8268,8281,0.01170,0.02340,-0.63960,0.64013,995.55,1000,4.45,50.00,201,2.2071,-0.7104,LOCK,0,normal
828,304895,8278,8291,-0.17940,-0.25350,-1.04910,1.09410,995.55,1000,4.45,50.00,201,2.2225,-0.4778,LOCK,0,normal
829,304908,8291,8304,-0.15210,0.05460,-0.68250,0.70137,995.55,1000,4.45,50.00,201,2.2290,-0.3789,LOCK,0,normal
830,304916,8299,8312,-0.10530,-0.26130,-0.67860,0.73475,995.55,1000,4.45,50.00,201,2.2191,-0.5285,LOCK,0,normal
831,304925,8308,8321,-0.10530,-0.26130,-0.67860,0.73475,995.56,1000,4.44,50.00,201,2.2220,-0.4842,LOCK,0,normal
832,304935,8318,8331,-0.01950,-0.00390,-0.56550,0.56585,995.62,1000,4.38,50.00,201,2.2120,-0.6363,LOCK,0,normal
833,304945,8328,8341,-0.03510,-0.09360,-0.86970,0.87543,995.63,1000,4.37,50.00,201,2.2336,-0.3093,LOCK,0,normal
834,304955,8338,8351,-0.09360,-0.10140,-0.93990,0.94998,995.64,1000,4.36,50.00,201,2.2323,-0.3289,LOCK,0,normal
835,304965,8348,8361,-0.24180,0.35490,-0.67470,0.79978,995.64,1000,4.36,50.00,201,2.2235,-0.4629,LOCK,0,normal
836,304975,8358,8371,-0.07800,0.25350,-0.55380,0.61404,995.64,1000,4.36,50.00,201,2.2207,-0.5047,LOCK,0,normal
837,304985,8368,8381,-0.28860,0.00780,-0.54990,0.62108,995.69,1000,4.31,50.00,201,2.2086,-0.6872,LOCK,0,normal
838,304995,8378,8391,0.13650,-0.17940,-0.76830,0.80069,995.71,1000,4.29,50.00,201,2.2349,-0.2892,LOCK,0,normal
839,305005,8388,8401,-0.01170,-0.22620,-0.97890,1.00476,995.71,1000,4.29,50.00,201,2.2312,-0.3447,LOCK,0,normal
840,305015,8398,8411,-0.00780,0.30810,-0.76050,0.82058,995.72,1000,4.28,50.00,201,2.2318,-0.3368,LOCK,0,normal
841,305025,8408,8421,-0.17550,-0.17550,-0.63960,0.68607,995.72,1000,4.28,50.00,201,2.2185,-0.5380,LOCK,0,normal
842,305035,8418,8431,-0.23010,0.15600,-0.53820,0.60576,995.72,1000,4.28,50.00,201,2.2217,-0.4891,LOCK,0,normal
843,305045,8428,8441,-0.34710,0.16770,-0.65910,0.76355,995.70,1000,4.30,50.00,201,2.2293,-0.3750,LOCK,0,normal
844,305055,8438,8451,0.09750,-0.25740,-0.94770,0.98686,995.70,1000,4.30,50.00,201,2.2328,-0.3206,LOCK,0,normal
845,305065,8448,8461,-0.00390,0.16380,-0.85410,0.86967,995.70,1000,4.30,50.00,201,2.2304,-0.3579,LOCK,0,normal
846,305075,8458,8471,-0.07410,0.09360,-0.84240,0.85082,995.70,1000,4.30,50.00,201,2.2199,-0.5163,LOCK,0,normal
847,305085,8468,8481,-0.11700,-0.26130,-0.74880,0.80167,995.70,1000,4.30,50.00,201,2.2133,-0.6167,LOCK,0,normal
848,305095,8478,8491,-0.35100,0.03900,-0.63570,0.72721,995.70,1000,4.30,50.00,201,2.2315,-0.3414,LOCK,0,normal
849,305108,8491,8504,-0.01560,-0.08580,-0.76050,0.76548,995.71,1000,4.29,50.00,201,2.2296,-0.3704,LOCK,0,normal
850,305117,8500,8513,0.06630,-0.23790,-0.98280,1.01335,995.72,1000,4.28,50.00,201,2.2124,-0.6298,LOCK,0,normal
851,305125,8508,8521,-0.00780,0.03120,-0.83070,0.83132,995.73,1000,4.27,50.00,201,2.2186,-0.5358,LOCK,0,normal
852,305135,8518,8531,-0.25350,-0.06630,-0.84630,0.88594,995.78,1000,4.22,50.00,201,2.2283,-0.3887,LOCK,0,normal
853,305145,8528,8541,-0.30030,0.23400,-0.74880,0.84002,995.80,1000,4.20,50.00,201,2.2231,-0.4674,LOCK,0,normal
854,305155,8538,8551,-0.24570,-0.21060,-0.86580,0.92430,995.80,1000,4.20,50.00,201,2.2288,-0.3811,LOCK,0,normal
855,305165,8548,8561,-0.14820,0.26910,-0.80730,0.86378,995.80,1000,4.20,50.00,201,2.2321,-0.3313,LOCK,0,normal
856,305175,8558,8571,0.27690,0.07800,-0.73710,0.79125,995.81,1000,4.19,50.00,201,2.2057,-0.7324,LOCK,0,normal
857,305185,8568,8581,-0.14040,-0.25740,-0.70980,0.76797,995.81,1000,4.19,50.00,201,2.2316,-0.3389,LOCK,0,normal
858,305195,8578,8591,-0.31200,0.23010,-0.60840,0.72142,995.81,1000,4.19,50.00,201,2.2272,-0.4058,LOCK,0,normal
859,305205,8588,8601,-0.47580,0.10530,-0.95550,1.07259,995.81,1000,4.19,50.00,201,2.2318,-0.3371,LOCK,0,normal
860,305215,8598,8611,-0.03120,-0.03120,-0.90090,0.90198,995.81,1000,4.19,50.00,201,2.2298,-0.3673,LOCK,0,normal
861,305225,8608,8621,0.19500,-0.20280,-0.69420,0.74904,995.84,1000,4.16,50.00,201,2.2141,-0.6048,LOCK,0,normal
862,305235,8618,8631,0.10920,0.04680,-0.60450,0.61606,995.85,1000,4.15,50.00,201,2.2075,-0.7049,LOCK,0,normal
863,305245,8628,8641,-0.23400,-0.31590,-0.58890,0.70806,995.85,1000,4.15,50.00,201,2.2166,-0.5663,LOCK,0,normal
864,305255,8638,8651,-0.23400,-0.31590,-0.58890,0.70806,995.85,1000,4.15,50.00,201,2.2329,-0.3191,LOCK,0,normal
865,305265,8648,8661,-0.25350,0.39390,-0.84240,0.96388,995.85,1000,4.15,50.00,201,2.2289,-0.3798,LOCK,0,normal
866,305275,8658,8671,-0.34710,0.53430,-0.98280,1.17126,995.85,1000,4.15,50.00,201,2.2264,-0.4183,LOCK,0,normal
867,305285,8668,8681,-0.24180,-0.33150,-0.72150,0.83001,995.75,1000,4.25,50.00,201,2.2269,-0.4104,LOCK,0,normal
868,305295,8678,8691,0.37830,-0.24180,-0.70980,0.83988,995.73,1000,4.27,50.00,201,2.2205,-0.5077,LOCK,0,normal
869,305308,8691,8704,-0.13260,-0.09750,-0.92040,0.93500,995.73,1000,4.27,50.00,201,2.2307,-0.3527,LOCK,0,normal
870,305316,8699,8712,-0.31200,0.09750,-0.74100,0.80990,995.73,1000,4.27,50.00,201,2.2329,-0.3200,LOCK,0,normal
871,305325,8708,8721,-0.31200,0.09750,-0.74100,0.80990,995.73,1000,4.27,50.00,201,2.2115,-0.6439,LOCK,0,normal
872,305335,8718,8731,0.17550,-0.21060,-0.70590,0.75726,995.72,1000,4.28,50.00,201,2.2051,-0.7406,LOCK,0,normal
873,305345,8728,8741,-0.19500,0.05850,-0.62790,0.66008,995.99,1000,4.01,50.00,201,2.2229,-0.4711,LOCK,0,normal
874,305355,8738,8751,0.12870,-0.29250,-0.59280,0.67345,996.07,1000,3.93,50.00,201,2.2307,-0.3527,LOCK,0,normal
875,305365,8748,8761,0.08970,-0.13650,-0.86970,0.88490,996.08,1000,3.92,50.00,201,2.2324,-0.3273,LOCK,0,normal
876,305375,8758,8771,-0.10530,0.08190,-0.93600,0.94546,996.09,1000,3.91,50.00,201,2.2208,-0.5026,LOCK,0,normal
877,305385,8768,8781,-0.30810,0.39000,-0.63180,0.80386,996.09,1000,3.91,50.00,201,2.2239,-0.4558,LOCK,0,normal
878,305395,8778,8791,-0.17940,-0.10920,-0.70200,0.73274,996.09,1000,3.91,50.00,201,2.2215,-0.4919,LOCK,0,normal
879,305405,8788,8801,-0.15600,-0.01950,-0.56940,0.59071,995.90,1000,4.10,50.00,201,2.2170,-0.5606,LOCK,0,normal
880,305415,8798,8811,-0.07800,-0.23400,-0.83070,0.86655,995.85,1000,4.15,50.00,201,2.2300,-0.3643,LOCK,0,normal
881,305425,8808,8821,0.13260,0.07410,-1.01400,1.02531,995.83,1000,4.17,50.00,201,2.2153,-0.5865,LOCK,0,normal
882,305435,8818,8831,-0.10530,-0.26520,-1.01400,1.05338,995.83,1000,4.17,50.00,201,2.2279,-0.3957,LOCK,0,normal
883,305445,8828,8841,-0.23790,0.26130,-0.62790,0.72051,995.82,1000,4.18,50.00,201,2.2186,-0.5367,LOCK,0,normal
884,305455,8838,8851,-0.34710,-0.28470,-0.61230,0.75924,995.82,1000,4.18,50.00,201,2.2222,-0.4812,LOCK,0,normal
885,305465,8848,8861,-0.08580,-0.03900,-0.58500,0.59254,995.82,1000,4.18,50.00,201,2.2332,-0.3145,LOCK,0,normal
886,305475,8858,8871,0.18330,0.13260,-0.92430,0.95158,995.81,1000,4.19,50.00,201,2.2294,-0.3728,LOCK,0,normal
887,305485,8868,8881,-0.05460,-0.07800,-0.99840,1.00293,995.81,1000,4.19,50.00,201,2.2084,-0.6912,LOCK,0,normal
888,305495,8878,8891,-0.10140,-0.14820,-0.86190,0.88041,995.81,1000,4.19,50.00,201,2.2192,-0.5267,LOCK,0,normal
889,305508,8891,8904,-0.21060,0.06240,-0.63180,0.66889,995.81,1000,4.19,50.00,201,2.2268,-0.4119,LOCK,0,normal
890,305516,8899,8912,-0.36270,0.06630,-0.47190,0.59886,995.81,1000,4.19,50.00,201,2.2279,-0.3957,LOCK,0,normal
891,305525,8908,8921,-0.14430,0.05460,-0.78390,0.79894,995.82,1000,4.18,50.00,201,2.2299,-0.3646,LOCK,0,normal
892,305535,8918,8931,0.08190,0.00780,-0.89700,0.90076,995.88,1000,4.12,50.00,201,2.2150,-0.5902,LOCK,0,normal
893,305545,8928,8941,0.00390,-0.33150,-0.88140,0.94169,995.90,1000,4.10,50.00,201,2.2205,-0.5074,LOCK,0,normal
894,305555,8938,8951,-0.25350,0.08190,-0.72930,0.77643,995.90,1000,4.10,50.00,201,2.2129,-0.6225,LOCK,0,normal
895,305565,8948,8961,-0.51480,-0.08970,-0.81900,0.97151,995.90,1000,4.10,50.00,201,2.2306,-0.3545,LOCK,0,normal
896,305575,8958,8971,-0.28470,-0.01950,-0.86190,0.90791,995.90,1000,4.10,50.00,201,2.2301,-0.3621,LOCK,0,normal
897,305585,8968,8981,-0.14430,0.19890,-0.63960,0.68518,995.93,1000,4.07,50.00,201,2.2098,-0.6701,LOCK,0,normal
898,305595,8978,8991,0.14820,-0.25350,-0.68250,0.74299,995.94,1000,4.06,50.00,201,2.2164,-0.5700,LOCK,0,normal
899,305605,8988,9001,-0.07020,0.19500,-0.61230,0.64642,995.95,1000,4.05,50.00,201,2.2123,-0.6320,LOCK,0,normal
900,305615,8998,9011,-0.25740,0.10920,-0.91260,0.95447,995.95,1000,4.05,50.00,201,2.2316,-0.3399,LOCK,0,normal
901,305625,9008,9021,-0.26910,0.47580,-0.96330,1.10759,995.95,1000,4.05,50.00,201,2.2288,-0.3814,LOCK,0,normal
902,305635,9018,9031,-0.14820,0.18720,-0.84630,0.87934,995.95,1000,4.05,50.00,201,2.2205,-0.5068,LOCK,0,normal
903,305645,9028,9041,-0.14430,0.00390,-0.50310,0.52340,995.88,1000,4.12,50.00,201,2.2132,-0.6182,LOCK,0,normal
904,305655,9038,9051,-0.14430,0.00390,-0.50310,0.52340,995.86,1000,4.14,50.00,201,2.2246,-0.4461,LOCK,0,normal
905,305665,9048,9061,0.13260,-0.12090,-0.85020,0.86893,995.86,1000,4.14,50.00,201,2.2319,-0.3347,LOCK,0,normal
906,305675,9058,9071,-0.07020,-0.01950,-0.95160,0.95439,995.86,1000,4.14,50.00,201,2.2304,-0.3573,LOCK,0,normal
907,305685,9068,9081,-0.27300,0.07410,-0.81510,0.86279,995.86,1000,4.14,50.00,201,2.2057,-0.7318,LOCK,0,normal
908,305695,9078,9091,-0.34710,0.15990,-0.84240,0.92503,995.86,1000,4.14,50.00,201,2.2338,-0.3063,LOCK,0,normal
909,305708,9091,9104,0.06240,-0.01170,-0.81120,0.81368,995.87,1000,4.13,50.00,201,2.2272,-0.4055,LOCK,0,normal
910,305716,9099,9112,0.11310,0.19890,-0.79560,0.82785,995.88,1000,4.12,50.00,201,2.2218,-0.4882,LOCK,0,normal
911,305725,9108,9121,0.11310,0.19890,-0.79560,0.82785,995.89,1000,4.11,50.00,201,2.2384,-0.2364,LOCK,0,normal
912,305735,9118,9131,-0.03120,-0.19890,-0.80340,0.82824,995.95,1000,4.05,50.00,201,2.2125,-0.6286,LOCK,0,normal
913,305745,9128,9141,-0.41340,0.54210,-0.47970,0.83360,995.97,1000,4.03,50.00,201,2.2118,-0.6393,LOCK,0,normal
914,305755,9138,9151,-0.20670,0.21840,-0.84630,0.89814,995.98,1000,4.02,50.00,201,2.2226,-0.4757,LOCK,0,normal
915,305765,9148,9161,-0.05850,0.07020,-0.81510,0.82021,995.95,1000,4.05,50.00,201,2.2346,-0.2941,LOCK,0,normal
916,305776,9159,9172,0.19110,-0.25350,-0.63960,0.71405,995.95,1000,4.05,50.00,201,2.2304,-0.3582,LOCK,0,normal
917,305785,9168,9181,-0.06240,-0.19110,-0.54990,0.58549,995.95,1000,4.05,50.00,201,2.2082,-0.6933,LOCK,0,normal
918,305795,9178,9191,-0.15990,-0.19110,-0.90870,0.94224,995.94,1000,4.06,50.00,201,2.2151,-0.5889,LOCK,0,normal
919,305805,9188,9201,-0.36660,0.30030,-0.77610,0.90934,995.94,1000,4.06,50.00,201,2.2336,-0.3090,LOCK,0,normal
920,305815,9198,9211,-0.41730,0.61230,-0.84240,1.12191,995.94,1000,4.06,50.00,201,2.2229,-0.4705,LOCK,0,normal
921,305825,9208,9221,-0.33930,-0.47190,-0.55380,0.80281,995.90,1000,4.10,50.00,201,2.2321,-0.3325,LOCK,0,normal
922,305835,9218,9231,0.12480,-0.07800,-0.72930,0.74400,995.90,1000,4.10,50.00,201,2.2133,-0.6173,LOCK,0,normal
923,305845,9228,9241,0.06630,-0.21450,-0.90480,0.93224,995.89,1000,4.11,50.00,201,2.2216,-0.4903,LOCK,0,normal
924,305855,9238,9251,-0.03510,0.01560,-0.72930,0.73031,995.89,1000,4.11,50.00,201,2.2074,-0.7055,LOCK,0,normal
925,305865,9248,9261,-0.31980,0.17160,-0.54210,0.65237,995.89,1000,4.11,50.00,201,2.2325,-0.3258,LOCK,0,normal
926,305875,9258,9271,-0.35490,0.23010,-0.54210,0.68758,995.89,1000,4.11,50.00,201,2.2317,-0.3380,LOCK,0,normal
927,305885,9268,9281,-0.28080,0.10530,-0.87360,0.92364,995.89,1000,4.11,50.00,201,2.2298,-0.3661,LOCK,0,normal
928,305895,9278,9291,0.15990,-0.24180,-0.79170,0.84310,995.89,1000,4.11,50.00,201,2.2199,-0.5172,LOCK,0,normal
929,305908,9291,9304,0.20280,-0.16770,-0.72540,0.77166,995.89,1000,4.11,50.00,201,2.2087,-0.6860,LOCK,0,normal
930,305916,9299,9312,-0.24570,-0.16380,-0.62400,0.69034,995.89,1000,4.11,50.00,201,2.2336,-0.3090,LOCK,0,normal
931,305925,9308,9321,-0.41730,0.12090,-0.83070,0.93745,995.89,1000,4.11,50.00,201,2.2300,-0.3634,LOCK,0,normal
932,305935,9318,9331,-0.29250,0.08580,-0.82680,0.88120,995.89,1000,4.11,50.00,201,2.2293,-0.3743,LOCK,0,normal
933,305945,9328,9341,-0.01560,-0.03120,-0.76050,0.76130,995.96,1000,4.04,50.00,201,2.2130,-0.6213,LOCK,0,normal
934,305955,9338,9351,0.20280,-0.12480,-0.68640,0.72653,995.98,1000,4.02,50.00,201,2.2099,-0.6686,LOCK,0,normal
935,305965,9348,9361,0.00780,0.08580,-0.74490,0.74987,995.98,1000,4.02,50.00,201,2.2219,-0.4867,LOCK,0,normal
936,305975,9358,9371,-0.12480,-0.14040,-1.03350,1.05043,995.98,1000,4.02,50.00,201,2.2306,-0.3551,LOCK,0,normal
937,305985,9368,9381,-0.22230,0.62010,-0.67470,0.94295,995.98,1000,4.02,50.00,201,2.2326,-0.3243,LOCK,0,normal
938,305995,9378,9391,-0.04290,-0.18720,-0.70590,0.73156,995.98,1000,4.02,50.00,201,2.2138,-0.6097,LOCK,0,normal
939,306005,9388,9401,-0.17940,0.01560,-0.65520,0.67950,995.91,1000,4.09,50.00,201,2.2175,-0.5532,LOCK,0,normal
940,306015,9398,9411,0.12090,-0.14820,-0.79560,0.81827,995.88,1000,4.12,50.00,201,2.2203,-0.5105,LOCK,0,normal
941,306025,9408,9421,-0.03900,-0.40560,-1.04130,1.11819,995.87,1000,4.13,50.00,201,2.2393,-0.2229,LOCK,0,normal
942,306035,9418,9431,-0.19500,0.13650,-0.95160,0.98092,995.87,1000,4.13,50.00,201,2.2299,-0.3649,LOCK,0,normal
943,306045,9428,9441,-0.19500,0.13650,-0.95160,0.98092,995.87,1000,4.13,50.00,201,2.2196,-0.5218,LOCK,0,normal
944,306055,9438,9451,-0.19110,-0.02730,-0.80340,0.82627,995.86,1000,4.14,50.00,201,2.2143,-0.6012,LOCK,0,normal
945,306065,9448,9461,-0.24960,0.07800,-0.54990,0.60891,996.03,1000,3.97,50.00,201,2.2145,-0.5978,LOCK,0,normal
946,306075,9458,9471,-0.09750,0.08190,-0.75270,0.76339,996.09,1000,3.91,50.00,201,2.2315,-0.3408,LOCK,0,normal
947,306085,9468,9481,0.12090,0.09750,-0.90090,0.91419,996.11,1000,3.89,50.00,201,2.2302,-0.3609,LOCK,0,normal
948,306095,9478,9491,-0.06240,-0.46020,-0.77220,0.90109,996.12,1000,3.88,50.00,201,2.2201,-0.5138,LOCK,0,normal
949,306108,9491,9504,-0.47970,0.16380,-0.85410,0.99319,996.12,1000,3.88,50.00,201,2.2171,-0.5587,LOCK,0,normal
950,306116,9499,9512,-0.47970,0.16380,-0.85410,0.99319,996.12,1000,3.88,50.00,201,2.2170,-0.5609,LOCK,0,normal
951,306125,9508,9521,-0.23400,-0.17160,-0.85800,0.90574,996.10,1000,3.90,50.00,201,2.2252,-0.4366,LOCK,0,normal
952,306135,9518,9531,0.11310,-0.01560,-0.72930,0.73818,995.99,1000,4.01,50.00,201,2.2294,-0.3722,LOCK,0,normal
953,306145,9528,9541,0.00780,-0.14430,-0.58890,0.60637,995.95,1000,4.05,50.00,201,2.2082,-0.6936,LOCK,0,normal
954,306155,9538,9551,-0.09750,0.05070,-0.76050,0.76840,995.94,1000,4.06,50.00,201,2.2191,-0.5294,LOCK,0,normal
955,306165,9548,9561,-0.30420,0.05070,-0.89700,0.94853,995.93,1000,4.07,50.00,201,2.2076,-0.7025,LOCK,0,normal
956,306175,9558,9571,-0.23010,-0.42510,-0.84240,0.97123,995.93,1000,4.07,50.00,201,2.2325,-0.3261,LOCK,0,normal
957,306185,9568,9581,-0.33150,0.25740,-0.79170,0.89607,995.95,1000,4.05,50.00,201,2.2323,-0.3295,LOCK,0,normal
958,306195,9578,9591,0.21450,-0.00390,-0.58110,0.61944,995.97,1000,4.03,50.00,201,2.2211,-0.4986,LOCK,0,normal
959,306205,9588,9601,0.07800,-0.12480,-0.97110,0.98219,995.97,1000,4.03,50.00,201,2.2258,-0.4278,LOCK,0,normal
960,306215,9598,9611,-0.05070,-0.02340,-0.93990,0.94156,995.98,1000,4.02,50.00,201,2.2128,-0.6237,LOCK,0,normal
961,306225,9608,9621,-0.26910,0.08580,-0.69030,0.74585,995.98,1000,4.02,50.00,201,2.2263,-0.4201,LOCK,0,normal
962,306235,9618,9631,-0.22230,-0.03510,-0.79170,0.82307,995.98,1000,4.02,50.00,201,2.2323,-0.3283,LOCK,0,normal
963,306245,9628,9641,-0.18720,-0.05070,-0.74490,0.76973,995.94,1000,4.06,50.00,201,2.2053,-0.7385,LOCK,0,normal
964,306255,9638,9651,0.03900,-0.18720,-0.93990,0.95915,995.88,1000,4.12,50.00,201,2.2126,-0.6274,LOCK,0,normal
965,306265,9648,9661,0.18720,0.22230,-0.86970,0.91697,995.86,1000,4.14,50.00,201,2.2173,-0.5563,LOCK,0,normal
966,306275,9658,9671,-0.08190,-0.47580,-0.81900,0.95071,995.86,1000,4.14,50.00,201,2.2312,-0.3450,LOCK,0,normal
967,306285,9668,9681,-0.45240,-0.00390,-0.43680,0.62887,995.86,1000,4.14,50.00,201,2.2321,-0.3319,LOCK,0,normal
968,306295,9678,9691,-0.44460,0.06240,-0.70200,0.83329,995.86,1000,4.14,50.00,201,2.2302,-0.3603,LOCK,0,normal
969,306308,9691,9704,0.01170,-0.08190,-0.82290,0.82705,995.86,1000,4.14,50.00,201,2.2228,-0.4720,LOCK,0,normal
970,306316,9699,9712,0.18720,0.02730,-0.74880,0.77233,995.86,1000,4.14,50.00,201,2.2074,-0.7055,LOCK,0,normal
971,306325,9708,9721,0.09750,-0.07800,-0.81120,0.82075,995.87,1000,4.13,50.00,201,2.2247,-0.4446,LOCK,0,normal
972,306335,9718,9731,-0.16770,-0.21450,-0.62400,0.68082,995.89,1000,4.11,50.00,201,2.2326,-0.3243,LOCK,0,normal
973,306345,9728,9741,-0.45630,0.19110,-0.53040,0.72530,995.90,1000,4.10,50.00,201,2.2312,-0.3453,LOCK,0,normal
974,306355,9738,9751,-0.33150,0.31590,-0.74490,0.87439,995.91,1000,4.09,50.00,201,2.2023,-0.7831,LOCK,0,normal
975,306365,9748,9761,-0.17550,-0.24960,-0.78780,0.84482,995.91,1000,4.09,50.00,201,2.2115,-0.6436,LOCK,0,normal
976,306375,9758,9771,0.37440,-0.04680,-0.86190,0.94087,995.90,1000,4.10,50.00,201,2.2202,-0.5126,LOCK,0,normal
977,306385,9768,9781,0.02730,-0.23790,-0.78390,0.81966,995.90,1000,4.10,50.00,201,2.2312,-0.3453,LOCK,0,normal
978,306395,9778,9791,-0.24960,0.37830,-0.66300,0.80311,995.89,1000,4.11,50.00,201,2.2322,-0.3304,LOCK,0,normal
979,306405,9788,9801,-0.28080,0.16380,-0.74490,0.81275,995.89,1000,4.11,50.00,201,2.2176,-0.5517,LOCK,0,normal
980,306415,9798,9811,-0.21840,0.06240,-0.85800,0.88756,995.89,1000,4.11,50.00,201,2.2324,-0.3270,LOCK,0,normal
981,306425,9808,9821,-0.35100,0.13260,-0.72150,0.81323,995.89,1000,4.11,50.00,201,2.2188,-0.5328,LOCK,0,normal
982,306435,9818,9831,-0.35100,0.13260,-0.72150,0.81323,995.86,1000,4.14,50.00,201,2.2300,-0.3643,LOCK,0,normal
983,306445,9828,9841,0.14820,-0.35880,-0.73710,0.83308,995.85,1000,4.15,50.00,201,2.2292,-0.3759,LOCK,0,normal
984,306455,9838,9851,-0.04290,0.06240,-0.67080,0.67506,995.85,1000,4.15,50.00,201,2.2215,-0.4928,LOCK,0,normal
985,306465,9848,9861,-0.29250,-0.21840,-0.72930,0.81556,995.85,1000,4.15,50.00,201,2.2125,-0.6289,LOCK,0,normal
986,306475,9858,9871,-0.12870,0.24960,-0.86580,0.91021,995.85,1000,4.15,50.00,201,2.2146,-0.5969,LOCK,0,normal
987,306485,9868,9881,-0.22230,0.29640,-0.82680,0.90602,995.85,1000,4.15,50.00,201,2.2313,-0.3432,LOCK,0,normal
988,306495,9878,9891,0.04290,-0.23790,-0.69420,0.73509,995.88,1000,4.12,50.00,201,2.2285,-0.3866,LOCK,0,normal
989,306508,9891,9904,-0.10530,-0.06630,-0.62790,0.64011,995.88,1000,4.12,50.00,201,2.2226,-0.4760,LOCK,0,normal
990,306516,9899,9912,-0.10530,-0.06630,-0.62790,0.64011,995.88,1000,4.12,50.00,201,2.2183,-0.5416,LOCK,0,normal
991,306525,9908,9921,-0.36270,-0.27690,-0.74100,0.87023,995.88,1000,4.12,50.00,201,2.2152,-0.5880,LOCK,0,normal
992,306535,9918,9931,-0.17160,0.40560,-0.78390,0.89914,995.89,1000,4.11,50.00,201,2.2299,-0.3655,LOCK,0,normal
993,306545,9928,9941,-0.32760,-0.25740,-0.91260,1.00320,995.89,1000,4.11,50.00,201,2.2326,-0.3240,LOCK,0,normal
994,306555,9938,9951,-0.21840,0.08970,-0.85410,0.88613,995.86,1000,4.14,50.00,201,2.2182,-0.5419,LOCK,0,normal
995,306565,9948,9961,0.19110,0.03900,-0.81510,0.83811,995.85,1000,4.15,50.00,201,2.2160,-0.5761,LOCK,0,normal
996,306575,9958,9971,-0.11700,-0.35490,-0.82680,0.90733,995.85,1000,4.15,50.00,201,2.2056,-0.7330,LOCK,0,normal
997,306585,9968,9981,-0.44070,0.06240,-0.65130,0.78886,995.85,1000,4.15,50.00,201,2.2333,-0.3136,LOCK,0,normal
998,306595,9978,9991,-0.29640,0.15990,-1.01010,1.06476,995.85,1000,4.15,50.00,201,2.2313,-0.3441,LOCK,0,normal
999,306605,9988,10001,-0.11700,-0.05850,-0.98670,0.99533,995.85,1000,4.15,50.00,201,2.2143,-0.6008,LOCK,0,normal
1000,306615,9998,10011,0.16770,0.08970,-0.76440,0.78770,995.84,1000,4.16,50.00,201,2.2284,-0.3875,LOCK,0,normal
1001,306625,10008,10021,0.11310,-0.14430,-0.69030,0.71423,995.84,1000,4.16,50.00,201,2.2174,-0.5541,LOCK,0,normal
1002,306635,10018,10031,-0.10920,-0.19500,-0.67080,0.70705,995.84,1000,4.16,50.00,201,2.2222,-0.4812,LOCK,0,normal
