sample_index,time_ms_raw,time_ms_zero,elapsed_ms,ax_g,ay_g,az_g,total_g,rpm,target_rpm,rpm_error,pwm_eq,duty_10bit,acs_v,current_a,control_mode,state,fault_type
0,1484677,0,13,0.05850,0.00780,-0.81510,0.81723,1003.32,1000,-3.32,50.07,201,2.2925,0.5838,LOCK,0,normal
1,1484686,9,22,0.05850,0.00780,-0.81510,0.81723,1003.32,1000,-3.32,50.07,201,2.3016,0.7218,LOCK,0,normal
2,1484695,18,31,0.05850,-0.14040,-0.77610,0.79086,1003.32,1000,-3.32,50.07,201,2.2982,0.6696,LOCK,0,normal
3,1484705,28,41,0.01950,0.14040,-0.84630,0.85809,1003.32,1000,-3.32,50.07,201,2.2834,0.4449,LOCK,0,normal
4,1484715,38,51,0.08580,0.19110,-0.70590,0.73633,1003.32,1000,-3.32,50.07,201,2.2825,0.4312,LOCK,0,normal
5,1484725,48,61,-0.05460,0.27300,-0.75660,0.80620,1003.31,1000,-3.31,50.07,201,2.3039,0.7557,LOCK,0,normal
6,1484735,58,71,0.03510,-0.04290,-0.86190,0.86368,1003.31,1000,-3.31,50.07,201,2.3076,0.8128,LOCK,0,normal
7,1484745,68,81,-0.02730,-0.08970,-0.81120,0.81660,1003.31,1000,-3.31,50.07,201,2.2977,0.6614,LOCK,0,normal
8,1484755,78,91,-0.03510,0.04680,-0.78390,0.78608,1003.31,1000,-3.31,50.07,201,2.2882,0.5185,LOCK,0,normal
9,1484765,88,101,-0.03900,-0.08190,-0.83850,0.84339,1003.31,1000,-3.31,50.07,201,2.3113,0.8683,LOCK,0,normal
10,1484775,98,111,0.12870,0.18720,-0.75660,0.78997,1003.40,1000,-3.40,50.07,201,2.2906,0.5551,LOCK,0,normal
11,1484785,108,121,-0.08970,0.33540,-0.76050,0.83600,1003.43,1000,-3.43,50.07,201,2.3035,0.7505,LOCK,0,normal
12,1484799,122,135,0.05070,0.02340,-0.82290,0.82479,1003.44,1000,-3.44,50.07,201,2.3128,0.8909,LOCK,0,normal
13,1484808,131,144,0.05070,0.02340,-0.82290,0.82479,1003.45,1000,-3.45,50.07,201,2.3023,0.7319,LOCK,0,normal
14,1484816,139,152,0.05850,0.03900,-0.77220,0.77539,1003.45,1000,-3.45,50.07,201,2.2949,0.6195,LOCK,0,normal
15,1484825,148,161,-0.04290,-0.16380,-0.77610,0.79436,1003.45,1000,-3.45,50.07,201,2.3086,0.8271,LOCK,0,normal
16,1484835,158,171,0.06240,0.14040,-0.79560,0.81030,1003.50,1000,-3.50,50.07,201,2.3027,0.7377,LOCK,0,normal
17,1484845,168,181,0.04680,0.23790,-0.68250,0.72429,1003.52,1000,-3.52,50.07,201,2.2918,0.5735,LOCK,0,normal
18,1484855,178,191,-0.05850,0.07020,-0.82680,0.83183,1003.53,1000,-3.53,50.07,201,2.2893,0.5356,LOCK,0,normal
19,1484865,188,201,0.12870,-0.03120,-0.79950,0.81039,1003.53,1000,-3.53,50.07,201,2.2827,0.4349,LOCK,0,normal
20,1484882,205,218,0.03120,-0.13260,-0.72540,0.73808,1003.53,1000,-3.53,50.07,201,2.3056,0.7822,LOCK,0,normal
21,1484891,214,227,0.03120,-0.13260,-0.72540,0.73808,1003.53,1000,-3.53,50.07,201,2.3043,0.7624,LOCK,0,normal
22,1484899,222,235,0.08970,0.04290,-0.68640,0.69356,1003.53,1000,-3.53,50.07,201,2.2979,0.6656,LOCK,0,normal
23,1484908,231,244,-0.07020,0.12480,-0.76440,0.77770,1003.53,1000,-3.53,50.07,201,2.2859,0.4828,LOCK,0,normal
24,1484916,239,252,0.01950,0.13260,-0.81900,0.82989,1003.53,1000,-3.53,50.07,201,2.2987,0.6766,LOCK,0,normal
25,1484925,248,261,0.04290,-0.16770,-0.77220,0.79136,1003.53,1000,-3.53,50.07,201,2.2737,0.2990,LOCK,0,normal
26,1484935,258,271,0.07410,0.04290,-0.78000,0.78469,1003.53,1000,-3.53,50.07,201,2.3009,0.7108,LOCK,0,normal
27,1484945,268,281,0.03900,-0.03120,-0.80340,0.80495,1003.53,1000,-3.53,50.07,201,2.3028,0.7398,LOCK,0,normal
28,1484955,278,291,-0.02730,0.12480,-0.81900,0.82890,1003.56,1000,-3.56,50.07,201,2.3000,0.6968,LOCK,0,normal
29,1484965,288,301,0.00390,-0.31590,-0.58890,0.66829,1003.57,1000,-3.57,50.07,201,2.3059,0.7862,LOCK,0,normal
30,1484975,298,311,-0.01170,0.01170,-0.89700,0.89715,1003.57,1000,-3.57,50.07,201,2.3046,0.7673,LOCK,0,normal
31,1484985,308,321,0.09360,-0.01950,-0.71760,0.72394,1003.57,1000,-3.57,50.07,201,2.2899,0.5445,LOCK,0,normal
32,1484999,322,335,-0.08970,-0.09750,-0.86580,0.87588,1003.57,1000,-3.57,50.07,201,2.2768,0.3457,LOCK,0,normal
33,1485034,357,370,-0.11310,-0.06630,-0.77610,0.78709,1003.57,1000,-3.57,50.07,201,2.3015,0.7194,LOCK,0,normal
34,1485043,366,379,-0.01560,0.07800,-0.84630,0.85003,1003.57,1000,-3.57,50.07,201,2.3043,0.7624,LOCK,0,normal
35,1485051,374,387,0.05850,-0.15600,-0.78000,0.79760,1003.57,1000,-3.57,50.07,201,2.3017,0.7227,LOCK,0,normal
36,1485060,383,396,0.01170,-0.05070,-0.79560,0.79730,1003.57,1000,-3.57,50.07,201,2.2810,0.4086,LOCK,0,normal
37,1485068,391,404,0.08190,0.18330,-0.73320,0.76019,1003.57,1000,-3.57,50.07,201,2.2847,0.4648,LOCK,0,normal
38,1485076,399,412,0.02730,0.19500,-0.72540,0.75165,1003.58,1000,-3.58,50.07,201,2.2796,0.3873,LOCK,0,normal
39,1485090,413,426,0.08970,-0.05070,-0.86580,0.87191,1003.59,1000,-3.59,50.07,201,2.3066,0.7966,LOCK,0,normal
40,1485099,422,435,0.00390,-0.12090,-0.80340,0.81246,1003.60,1000,-3.60,50.07,201,2.3123,0.8833,LOCK,0,normal
41,1485107,430,443,0.07410,0.02730,-0.81900,0.82280,1003.62,1000,-3.62,50.07,201,2.3006,0.7053,LOCK,0,normal
42,1485116,439,452,0.07410,0.02730,-0.81900,0.82280,1003.62,1000,-3.62,50.07,201,2.3036,0.7511,LOCK,0,normal
43,1485124,447,460,-0.11310,-0.10920,-0.78000,0.79569,1003.63,1000,-3.63,50.07,201,2.3051,0.7749,LOCK,0,normal
44,1485133,456,469,0.12480,0.17550,-0.76830,0.79791,1003.64,1000,-3.64,50.07,201,2.3015,0.7200,LOCK,0,normal
45,1485141,464,477,-0.13650,0.22230,-0.78390,0.82617,1003.65,1000,-3.65,50.07,201,2.2986,0.6757,LOCK,0,normal
46,1485150,473,486,-0.01170,0.06630,-0.83460,0.83731,1003.66,1000,-3.66,50.07,201,2.3033,0.7465,LOCK,0,normal
47,1485158,481,494,-0.03120,-0.00390,-0.82680,0.82740,1003.66,1000,-3.66,50.07,201,2.3062,0.7911,LOCK,0,normal
48,1485167,490,503,-0.03120,-0.00390,-0.82680,0.82740,1003.67,1000,-3.67,50.07,201,2.3058,0.7853,LOCK,0,normal
49,1485175,498,511,-0.05460,0.11310,-0.78000,0.79005,1003.67,1000,-3.67,50.07,201,2.2996,0.6913,LOCK,0,normal
50,1485184,507,520,-0.09360,-0.17160,-0.76440,0.78900,1003.68,1000,-3.68,50.07,201,2.2997,0.6922,LOCK,0,normal
51,1485192,515,528,0.04680,0.19500,-0.83460,0.85835,1003.69,1000,-3.69,50.07,201,2.3081,0.8195,LOCK,0,normal
52,1485206,529,542,-0.07020,0.18720,-0.75270,0.77880,1003.71,1000,-3.71,50.07,201,2.2923,0.5796,LOCK,0,normal
53,1485214,537,550,0.04290,0.09750,-0.84240,0.84911,1003.72,1000,-3.72,50.07,201,2.2810,0.4086,LOCK,0,normal
54,1485223,546,559,0.15990,-0.06240,-0.74880,0.76822,1003.73,1000,-3.73,50.07,201,2.2808,0.4059,LOCK,0,normal
55,1485231,554,567,0.09750,0.01560,-0.95940,0.96447,1003.74,1000,-3.74,50.07,201,2.2804,0.3998,LOCK,0,normal
56,1485244,567,580,0.01170,-0.07800,-0.74100,0.74519,1003.75,1000,-3.75,50.07,201,2.3046,0.7661,LOCK,0,normal
57,1485253,576,589,0.00780,0.06240,-0.77610,0.77864,1003.76,1000,-3.76,50.07,201,2.3049,0.7709,LOCK,0,normal
58,1485261,584,597,-0.05850,0.18720,-0.74880,0.77406,1003.77,1000,-3.77,50.07,201,2.2990,0.6818,LOCK,0,normal
59,1485270,593,606,-0.05850,0.18720,-0.74880,0.77406,1003.79,1000,-3.79,50.07,201,2.3055,0.7804,LOCK,0,normal
60,1485278,601,614,-0.05070,0.07410,-0.83070,0.83554,1003.80,1000,-3.80,50.07,201,2.3013,0.7160,LOCK,0,normal
61,1485286,609,622,0.03120,-0.21840,-0.78390,0.81435,1003.81,1000,-3.81,50.07,201,2.3030,0.7429,LOCK,0,normal
62,1485295,618,631,0.03900,0.05850,-0.87750,0.88031,1003.82,1000,-3.82,50.07,201,2.3066,0.7975,LOCK,0,normal
63,1485305,628,641,0.05850,0.10920,-0.78390,0.79363,1003.87,1000,-3.87,50.07,201,2.2991,0.6827,LOCK,0,normal
64,1485315,638,651,-0.03510,0.14430,-0.73320,0.74809,1004.21,1000,-4.21,50.07,201,2.2821,0.4263,LOCK,0,normal
65,1485325,648,661,-0.09360,-0.27300,-0.65520,0.71594,1004.29,1000,-4.29,50.07,201,2.2861,0.4868,LOCK,0,normal
66,1485335,658,671,0.01560,-0.03120,-0.85410,0.85481,1004.32,1000,-4.32,50.07,201,2.2808,0.4059,LOCK,0,normal
67,1485345,668,681,0.10140,-0.02730,-0.73320,0.74068,1004.33,1000,-4.33,50.07,201,2.3055,0.7798,LOCK,0,normal
68,1485355,678,691,-0.04290,0.04290,-0.86580,0.86792,1004.33,1000,-4.33,50.07,201,2.3052,0.7764,LOCK,0,normal
69,1485365,688,701,0.17550,0.12090,-0.70200,0.73364,1004.33,1000,-4.33,50.07,201,2.2756,0.3268,LOCK,0,normal
70,1485375,698,711,0.00780,0.07410,-0.75660,0.76026,1003.87,1000,-3.87,50.07,201,2.2722,0.2764,LOCK,0,normal
71,1485385,708,721,-0.11700,-0.05070,-0.80730,0.81731,1003.76,1000,-3.76,50.07,201,2.2766,0.3427,LOCK,0,normal
72,1485395,718,731,-0.10920,0.07800,-0.86580,0.87614,1003.73,1000,-3.73,50.07,201,2.2909,0.5594,LOCK,0,normal
73,1485408,731,744,0.00390,0.01170,-0.75270,0.75280,1003.73,1000,-3.73,50.07,201,2.3098,0.8457,LOCK,0,normal
74,1485417,740,753,-0.05850,-0.10530,-0.81120,0.82009,1003.73,1000,-3.73,50.07,201,2.3006,0.7056,LOCK,0,normal
75,1485425,748,761,-0.05850,-0.10530,-0.81120,0.82009,1003.73,1000,-3.73,50.07,201,2.3044,0.7639,LOCK,0,normal
76,1485435,758,771,0.07020,0.14820,-0.81120,0.82761,1004.01,1000,-4.01,50.07,201,2.3030,0.7426,LOCK,0,normal
77,1485445,768,781,0.03510,0.08970,-0.70980,0.71631,1004.17,1000,-4.17,50.07,201,2.3012,0.7154,LOCK,0,normal
78,1485455,778,791,0.01560,-0.03510,-0.82680,0.82769,1004.21,1000,-4.21,50.07,201,2.2929,0.5887,LOCK,0,normal
79,1485465,788,801,0.02730,-0.11700,-0.81900,0.82777,1004.22,1000,-4.22,50.07,201,2.2968,0.6482,LOCK,0,normal
80,1485475,798,811,0.03900,0.07410,-0.86970,0.87372,1004.23,1000,-4.23,50.07,201,2.3005,0.7038,LOCK,0,normal
81,1485485,808,821,-0.08970,-0.09750,-0.71370,0.72589,1004.23,1000,-4.23,50.07,201,2.2813,0.4141,LOCK,0,normal
82,1485495,818,831,0.16380,0.20280,-0.81510,0.85577,1004.20,1000,-4.20,50.07,201,2.2793,0.3833,LOCK,0,normal
83,1485505,828,841,-0.03120,0.19500,-0.80730,0.83110,1004.20,1000,-4.20,50.07,201,2.2912,0.5634,LOCK,0,normal
84,1485546,869,882,-0.07020,-0.09750,-0.79560,0.80462,1004.20,1000,-4.20,50.07,201,2.2877,0.5112,LOCK,0,normal
85,1485554,877,890,-0.02730,0.30420,-0.86190,0.91441,1004.20,1000,-4.20,50.07,201,2.3018,0.7249,LOCK,0,normal
86,1485563,886,899,-0.00390,0.17940,-0.72930,0.75105,1004.20,1000,-4.20,50.07,201,2.2996,0.6904,LOCK,0,normal
87,1485571,894,907,0.02340,0.21060,-0.80340,0.83087,1004.20,1000,-4.20,50.07,201,2.2992,0.6846,LOCK,0,normal
88,1485580,903,916,0.15210,0.01950,-0.73710,0.75288,1004.20,1000,-4.20,50.07,201,2.3052,0.7752,LOCK,0,normal
89,1485588,911,924,0.15210,0.01950,-0.73710,0.75288,1004.20,1000,-4.20,50.07,201,2.2916,0.5704,LOCK,0,normal
90,1485597,920,933,0.08190,-0.01170,-0.88530,0.88916,1004.20,1000,-4.20,50.07,201,2.3019,0.7264,LOCK,0,normal
91,1485610,933,946,0.08580,0.15210,-0.83070,0.84886,1004.20,1000,-4.20,50.07,201,2.3015,0.7200,LOCK,0,normal
92,1485619,942,955,0.08580,0.15210,-0.83070,0.84886,1004.21,1000,-4.21,50.07,201,2.2791,0.3808,LOCK,0,normal
93,1485627,950,963,0.11310,0.01950,-0.63570,0.64598,1004.22,1000,-4.22,50.07,201,2.2917,0.5716,LOCK,0,normal
94,1485635,958,971,-0.01560,0.08580,-0.91260,0.91676,1004.23,1000,-4.23,50.07,201,2.2953,0.6263,LOCK,0,normal
95,1485644,967,980,0.01560,-0.15600,-0.85410,0.86837,1004.24,1000,-4.24,50.07,201,2.2983,0.6705,LOCK,0,normal
96,1485654,977,990,0.05070,0.01950,-0.84240,0.84415,1004.24,1000,-4.24,50.07,201,2.2965,0.6440,LOCK,0,normal
97,1485663,986,999,-0.00390,0.00390,-0.72930,0.72932,1004.25,1000,-4.25,50.07,201,2.3055,0.7798,LOCK,0,normal
98,1485671,994,1007,-0.00390,0.00390,-0.72930,0.72932,1004.26,1000,-4.26,50.07,201,2.2798,0.3909,LOCK,0,normal
99,1485680,1003,1016,-0.00780,0.13650,-0.72540,0.73817,1004.28,1000,-4.28,50.07,201,2.2827,0.4352,LOCK,0,normal
100,1485688,1011,1024,-0.24960,-0.28860,-0.71760,0.81274,1004.29,1000,-4.29,50.07,201,2.2798,0.3912,LOCK,0,normal
101,1485697,1020,1033,0.01170,0.00000,-0.85410,0.85418,1004.30,1000,-4.30,50.07,201,2.2787,0.3738,LOCK,0,normal
102,1485707,1030,1043,0.02340,-0.01950,-0.74490,0.74552,1004.31,1000,-4.31,50.07,201,2.3012,0.7157,LOCK,0,normal
103,1485716,1039,1052,-0.01560,-0.01560,-0.82680,0.82709,1004.31,1000,-4.31,50.07,201,2.2967,0.6464,LOCK,0,normal
104,1485724,1047,1060,0.15990,0.19890,-0.76050,0.80218,1004.32,1000,-4.32,50.07,201,2.3087,0.8283,LOCK,0,normal
105,1485733,1056,1069,0.15990,0.19890,-0.76050,0.80218,1004.34,1000,-4.34,50.07,201,2.3097,0.8445,LOCK,0,normal
106,1485741,1064,1077,-0.05070,0.12870,-0.79170,0.80369,1004.35,1000,-4.35,50.07,201,2.3012,0.7148,LOCK,0,normal
107,1485750,1073,1086,0.08580,-0.00390,-0.85020,0.85453,1004.36,1000,-4.36,50.07,201,2.2948,0.6186,LOCK,0,normal
108,1485758,1081,1094,-0.04290,0.00780,-0.88140,0.88248,1004.37,1000,-4.37,50.07,201,2.3099,0.8467,LOCK,0,normal
109,1485767,1090,1103,0.01950,-0.05070,-0.72540,0.72743,1004.38,1000,-4.38,50.07,201,2.2740,0.3033,LOCK,0,normal
110,1485775,1098,1111,-0.02340,-0.12870,-0.81120,0.82168,1004.39,1000,-4.39,50.07,201,2.3030,0.7432,LOCK,0,normal
111,1485785,1108,1121,0.02730,0.15210,-0.87360,0.88716,1004.44,1000,-4.44,50.07,201,2.2975,0.6589,LOCK,0,normal
112,1485812,1135,1148,-0.03510,0.14040,-0.89310,0.90475,1004.45,1000,-4.45,50.07,201,2.3034,0.7478,LOCK,0,normal
113,1485820,1143,1156,0.00390,-0.10140,-0.78000,0.78657,1004.45,1000,-4.45,50.07,201,2.3002,0.7001,LOCK,0,normal
114,1485829,1152,1165,0.02340,-0.00390,-0.86580,0.86612,1004.45,1000,-4.45,50.07,201,2.2746,0.3119,LOCK,0,normal
115,1485837,1160,1173,-0.09750,-0.09360,-0.75270,0.76474,1004.46,1000,-4.46,50.07,201,2.2878,0.5127,LOCK,0,normal
116,1485846,1169,1182,-0.09750,-0.09360,-0.75270,0.76474,1004.46,1000,-4.46,50.07,201,2.2846,0.4642,LOCK,0,normal
117,1485854,1177,1190,0.12090,0.16380,-0.73320,0.76094,1004.47,1000,-4.47,50.07,201,2.2989,0.6806,LOCK,0,normal
118,1485863,1186,1199,-0.07800,0.23400,-0.78780,0.82551,1004.48,1000,-4.48,50.07,201,2.3068,0.7993,LOCK,0,normal
119,1485871,1194,1207,0.01560,0.05850,-0.83850,0.84068,1004.48,1000,-4.48,50.07,201,2.3000,0.6974,LOCK,0,normal
120,1485880,1203,1216,0.10920,-0.15600,-0.79560,0.81807,1004.49,1000,-4.49,50.07,201,2.3078,0.8152,LOCK,0,normal
121,1485888,1211,1224,0.12090,0.03510,-0.83850,0.84790,1004.49,1000,-4.49,50.07,201,2.3074,0.8088,LOCK,0,normal
122,1485897,1220,1233,0.12090,0.03510,-0.83850,0.84790,1004.50,1000,-4.50,50.07,201,2.2914,0.5661,LOCK,0,normal
123,1485905,1228,1241,0.05460,0.06240,-0.76050,0.76501,1004.50,1000,-4.50,50.07,201,2.3058,0.7844,LOCK,0,normal
124,1485915,1238,1251,0.09360,0.33540,-0.74100,0.81874,1004.52,1000,-4.52,50.07,201,2.3057,0.7841,LOCK,0,normal
125,1485925,1248,1261,-0.11700,0.13650,-0.70200,0.72466,1004.53,1000,-4.53,50.07,201,2.3030,0.7432,LOCK,0,normal
126,1485935,1258,1271,-0.06240,0.16770,-0.85410,0.87264,1004.54,1000,-4.54,50.07,201,2.2927,0.5869,LOCK,0,normal
127,1485945,1268,1281,0.12090,0.06240,-0.72930,0.74188,1004.54,1000,-4.54,50.07,201,2.2915,0.5686,LOCK,0,normal
128,1485955,1278,1291,0.03120,-0.08580,-0.86580,0.87060,1004.54,1000,-4.54,50.07,201,2.2912,0.5643,LOCK,0,normal
129,1485965,1288,1301,0.05070,0.08970,-0.67470,0.68252,1004.54,1000,-4.54,50.07,201,2.3073,0.8079,LOCK,0,normal
130,1485975,1298,1311,0.10140,0.05460,-0.82290,0.83092,1004.55,1000,-4.55,50.07,201,2.2998,0.6946,LOCK,0,normal
131,1485985,1308,1321,-0.12870,-0.28860,-0.57720,0.65804,1004.55,1000,-4.55,50.07,201,2.2783,0.3683,LOCK,0,normal
132,1485995,1318,1331,0.12870,0.15210,-0.86580,0.88843,1004.55,1000,-4.55,50.07,201,2.2859,0.4831,LOCK,0,normal
133,1486005,1328,1341,0.02730,-0.11310,-0.72150,0.73082,1004.55,1000,-4.55,50.07,201,2.2873,0.5042,LOCK,0,normal
134,1486018,1341,1354,-0.05850,-0.03120,-0.91260,0.91501,1004.55,1000,-4.55,50.07,201,2.3031,0.7435,LOCK,0,normal
135,1486027,1350,1363,0.12480,0.01170,-0.74100,0.75153,1004.55,1000,-4.55,50.07,201,2.3031,0.7447,LOCK,0,normal
136,1486035,1358,1371,-0.02730,-0.01950,-0.69030,0.69111,1004.55,1000,-4.55,50.07,201,2.3006,0.7056,LOCK,0,normal
137,1486045,1368,1381,-0.28080,-0.20670,-0.81900,0.89013,1004.54,1000,-4.54,50.07,201,2.2994,0.6882,LOCK,0,normal
138,1486055,1378,1391,-0.04290,-0.01560,-0.83070,0.83195,1004.54,1000,-4.54,50.07,201,2.3022,0.7297,LOCK,0,normal
139,1486065,1388,1401,0.00390,0.07800,-0.78000,0.78390,1004.54,1000,-4.54,50.07,201,2.3035,0.7499,LOCK,0,normal
140,1486075,1398,1411,-0.04290,-0.08190,-0.81900,0.82420,1004.54,1000,-4.54,50.07,201,2.3026,0.7365,LOCK,0,normal
141,1486085,1408,1421,0.07800,0.21060,-0.70200,0.73705,1004.54,1000,-4.54,50.07,201,2.3005,0.7047,LOCK,0,normal
142,1486095,1418,1431,-0.07020,0.22620,-0.81120,0.84507,1004.81,1000,-4.81,50.07,201,2.3028,0.7398,LOCK,0,normal
143,1486105,1428,1441,0.07410,-0.01170,-0.82290,0.82631,1004.89,1000,-4.89,50.07,201,2.2966,0.6449,LOCK,0,normal
144,1486115,1438,1451,-0.02730,-0.21450,-0.84630,0.87349,1004.92,1000,-4.92,50.07,201,2.2860,0.4849,LOCK,0,normal
145,1486125,1448,1461,0.04290,0.09750,-0.78780,0.79497,1004.92,1000,-4.92,50.07,201,2.2728,0.2850,LOCK,0,normal
146,1486167,1490,1503,0.00780,0.08580,-0.82680,0.83128,1004.88,1000,-4.88,50.07,201,2.3046,0.7670,LOCK,0,normal
147,1486175,1498,1511,-0.01950,-0.04680,-0.79170,0.79332,1004.85,1000,-4.85,50.07,201,2.3088,0.8296,LOCK,0,normal
148,1486184,1507,1520,-0.01950,-0.04680,-0.79170,0.79332,1004.82,1000,-4.82,50.07,201,2.2965,0.6446,LOCK,0,normal
149,1486192,1515,1528,-0.04290,-0.05070,-0.88140,0.88390,1004.79,1000,-4.79,50.07,201,2.3070,0.8030,LOCK,0,normal
150,1486201,1524,1537,-0.05460,-0.04680,-0.75270,0.75613,1004.77,1000,-4.77,50.07,201,2.3070,0.8030,LOCK,0,normal
151,1486209,1532,1545,-0.05460,0.05460,-0.80340,0.80710,1004.74,1000,-4.74,50.07,201,2.3058,0.7853,LOCK,0,normal
152,1486222,1545,1558,0.05070,0.27300,-0.62400,0.68299,1004.72,1000,-4.72,50.07,201,2.2993,0.6864,LOCK,0,normal
153,1486231,1554,1567,-0.01560,0.08970,-0.88920,0.89385,1004.70,1000,-4.70,50.07,201,2.2970,0.6510,LOCK,0,normal
154,1486239,1562,1575,0.05460,-0.08190,-0.84630,0.85200,1004.68,1000,-4.68,50.07,201,2.2895,0.5380,LOCK,0,normal
155,1486248,1571,1584,0.08580,0.02730,-0.86970,0.87435,1004.66,1000,-4.66,50.07,201,2.2884,0.5213,LOCK,0,normal
156,1486256,1579,1592,0.08580,0.02730,-0.86970,0.87435,1004.65,1000,-4.65,50.07,201,2.2886,0.5240,LOCK,0,normal
157,1486265,1588,1601,0.02730,-0.11310,-0.66690,0.67697,1004.64,1000,-4.64,50.07,201,2.2987,0.6769,LOCK,0,normal
158,1486273,1596,1609,0.12480,0.18330,-0.72930,0.76227,1004.62,1000,-4.62,50.07,201,2.3084,0.8247,LOCK,0,normal
159,1486282,1605,1618,0.04290,0.17550,-0.69030,0.71355,1004.61,1000,-4.61,50.07,201,2.3006,0.7065,LOCK,0,normal
160,1486290,1613,1626,-0.08190,0.12480,-0.88140,0.89395,1004.60,1000,-4.60,50.07,201,2.2725,0.2798,LOCK,0,normal
161,1486298,1621,1634,0.11310,-0.01560,-0.78780,0.79603,1004.59,1000,-4.59,50.07,201,2.2758,0.3305,LOCK,0,normal
162,1486307,1630,1643,0.11310,-0.01560,-0.78780,0.79603,1004.58,1000,-4.58,50.07,201,2.2802,0.3973,LOCK,0,normal
163,1486315,1638,1651,0.01950,-0.00390,-0.91260,0.91282,1004.58,1000,-4.58,50.07,201,2.2845,0.4620,LOCK,0,normal
164,1486324,1647,1660,0.10140,0.09360,-0.72540,0.73841,1004.57,1000,-4.57,50.07,201,2.2992,0.6846,LOCK,0,normal
165,1486332,1655,1668,-0.01950,-0.00390,-0.76830,0.76856,1004.55,1000,-4.55,50.07,201,2.2975,0.6592,LOCK,0,normal
166,1486341,1664,1677,-0.06630,-0.10530,-0.77610,0.78601,1004.54,1000,-4.54,50.07,201,2.3061,0.7896,LOCK,0,normal
167,1486349,1672,1685,0.09360,-0.04680,-0.83850,0.84500,1004.53,1000,-4.53,50.07,201,2.3058,0.7856,LOCK,0,normal
168,1486358,1681,1694,0.09360,-0.04680,-0.83850,0.84500,1004.51,1000,-4.51,50.07,201,2.3003,0.7010,LOCK,0,normal
169,1486366,1689,1702,0.00390,-0.06630,-0.72540,0.72843,1004.50,1000,-4.50,50.07,201,2.2969,0.6501,LOCK,0,normal
170,1486385,1708,1721,0.04680,0.17550,-0.77610,0.79707,1004.49,1000,-4.49,50.07,201,2.2870,0.4993,LOCK,0,normal
171,1486393,1716,1729,-0.11310,0.05850,-0.82290,0.83269,1004.44,1000,-4.44,50.07,201,2.2897,0.5411,LOCK,0,normal
172,1486402,1725,1738,0.06630,0.02340,-0.95940,0.96197,1004.39,1000,-4.39,50.07,201,2.2840,0.4547,LOCK,0,normal
173,1486410,1733,1746,0.06630,0.02340,-0.95940,0.96197,1004.35,1000,-4.35,50.07,201,2.2882,0.5188,LOCK,0,normal
174,1486429,1752,1765,-0.04290,-0.01950,-0.78000,0.78142,1004.32,1000,-4.32,50.07,201,2.3099,0.8470,LOCK,0,normal
175,1486437,1760,1773,-0.03120,-0.03120,-0.84630,0.84745,1004.28,1000,-4.28,50.07,201,2.2968,0.6482,LOCK,0,normal
176,1486446,1769,1782,0.06240,0.30420,-0.81120,0.86861,1004.25,1000,-4.25,50.07,201,2.2823,0.4291,LOCK,0,normal
177,1486454,1777,1790,0.01560,0.37050,-0.73320,0.82164,1004.25,1000,-4.25,50.07,201,2.2888,0.5277,LOCK,0,normal
178,1486462,1785,1798,0.08970,-0.04290,-0.79170,0.79792,1004.24,1000,-4.24,50.07,201,2.3016,0.7209,LOCK,0,normal
179,1486475,1798,1811,0.04290,-0.06630,-0.81900,0.82280,1004.24,1000,-4.24,50.07,201,2.3046,0.7667,LOCK,0,normal
180,1486483,1806,1819,0.01950,0.04680,-0.82680,0.82835,1004.24,1000,-4.24,50.07,201,2.3025,0.7355,LOCK,0,normal
181,1486492,1815,1828,0.01950,0.04680,-0.82680,0.82835,1004.23,1000,-4.23,50.07,201,2.2933,0.5951,LOCK,0,normal
182,1486500,1823,1836,-0.07410,0.01950,-0.76830,0.77211,1004.23,1000,-4.23,50.07,201,2.3028,0.7401,LOCK,0,normal
183,1486509,1832,1845,0.10530,0.28860,-0.79170,0.84922,1004.22,1000,-4.22,50.07,201,2.3071,0.8039,LOCK,0,normal
184,1486517,1840,1853,-0.05460,0.25350,-0.78000,0.82198,1004.21,1000,-4.21,50.07,201,2.3064,0.7932,LOCK,0,normal
185,1486526,1849,1862,-0.04680,0.01560,-0.78780,0.78934,1004.20,1000,-4.20,50.07,201,2.3056,0.7813,LOCK,0,normal
186,1486535,1858,1871,0.04680,-0.08580,-0.83850,0.84418,1004.18,1000,-4.18,50.07,201,2.3008,0.7093,LOCK,0,normal
187,1486545,1868,1881,0.04680,-0.03510,-0.86580,0.86777,1004.14,1000,-4.14,50.07,201,2.2847,0.4654,LOCK,0,normal
188,1486555,1878,1891,-0.08580,-0.08190,-0.75660,0.76584,1004.13,1000,-4.13,50.07,201,2.3064,0.7932,LOCK,0,normal
189,1486565,1888,1901,-0.02730,0.03900,-0.82290,0.82428,1004.13,1000,-4.13,50.07,201,2.2979,0.6656,LOCK,0,normal
190,1486575,1898,1911,0.07020,0.03510,-0.55770,0.56320,1004.07,1000,-4.07,50.07,201,2.3108,0.8604,LOCK,0,normal
191,1486585,1908,1921,0.07020,0.03510,-0.55770,0.56320,1004.05,1000,-4.05,50.07,201,2.3047,0.7688,LOCK,0,normal
192,1486595,1918,1931,0.01560,0.22620,-0.92430,0.95170,1004.04,1000,-4.04,50.07,201,2.2657,0.1766,LOCK,0,normal
193,1486605,1928,1941,0.00780,0.01170,-0.72150,0.72164,1004.04,1000,-4.04,50.07,201,2.2918,0.5728,LOCK,0,normal
194,1486615,1938,1951,0.01170,0.01170,-0.91260,0.91275,1004.04,1000,-4.04,50.07,201,2.2960,0.6369,LOCK,0,normal
195,1486629,1952,1965,0.09750,0.04290,-0.71760,0.72546,1004.04,1000,-4.04,50.07,201,2.3039,0.7563,LOCK,0,normal
196,1486637,1960,1973,-0.02340,-0.24180,-0.64740,0.69148,1004.03,1000,-4.03,50.07,201,2.3043,0.7618,LOCK,0,normal
197,1486646,1969,1982,-0.02340,-0.24180,-0.64740,0.69148,1004.02,1000,-4.02,50.07,201,2.3008,0.7084,LOCK,0,normal
198,1486655,1978,1991,0.07800,0.15600,-0.87750,0.89467,1003.98,1000,-3.98,50.07,201,2.3000,0.6968,LOCK,0,normal
199,1486665,1988,2001,0.14040,-0.03120,-0.82680,0.83922,1003.95,1000,-3.95,50.07,201,2.2955,0.6284,LOCK,0,normal
200,1486675,1998,2011,0.04290,0.06240,-0.82680,0.83026,1003.94,1000,-3.94,50.07,201,2.2905,0.5533,LOCK,0,normal
201,1486685,2008,2021,0.08190,0.11310,-0.75660,0.76938,1003.93,1000,-3.93,50.07,201,2.3071,0.8048,LOCK,0,normal
202,1486695,2018,2031,-0.03510,0.13260,-0.83850,0.84965,1003.85,1000,-3.85,50.07,201,2.3057,0.7838,LOCK,0,normal
203,1486705,2028,2041,-0.01560,-0.05850,-0.90090,0.90293,1003.82,1000,-3.82,50.07,201,2.2795,0.3857,LOCK,0,normal
204,1486715,2038,2051,-0.01560,-0.05850,-0.80730,0.80957,1003.82,1000,-3.82,50.07,201,2.2836,0.4483,LOCK,0,normal
205,1486725,2048,2061,-0.02340,-0.08580,-0.77220,0.77730,1003.82,1000,-3.82,50.07,201,2.2873,0.5042,LOCK,0,normal
206,1486735,2058,2071,-0.05070,-0.08190,-0.89310,0.89828,1003.82,1000,-3.82,50.07,201,2.2772,0.3509,LOCK,0,normal
207,1486780,2103,2116,-0.03120,-0.09360,-0.83070,0.83654,1003.77,1000,-3.77,50.07,201,2.2925,0.5829,LOCK,0,normal
208,1486789,2112,2125,-0.03120,-0.09360,-0.83070,0.83654,1003.73,1000,-3.73,50.07,201,2.3072,0.8054,LOCK,0,normal
209,1486798,2121,2134,0.00000,-0.08580,-0.77220,0.77695,1003.70,1000,-3.70,50.07,201,2.3066,0.7972,LOCK,0,normal
210,1486806,2129,2142,0.04680,0.18720,-0.82290,0.84522,1003.68,1000,-3.68,50.07,201,2.2964,0.6431,LOCK,0,normal
211,1486815,2138,2151,0.03900,0.37050,-0.70980,0.80163,1003.66,1000,-3.66,50.07,201,2.2933,0.5954,LOCK,0,normal
212,1486823,2146,2159,0.00390,-0.01170,-0.81120,0.81129,1003.65,1000,-3.65,50.07,201,2.3143,0.9135,LOCK,0,normal
213,1486836,2159,2172,0.02340,-0.05460,-0.85020,0.85227,1003.64,1000,-3.64,50.07,201,2.3009,0.7099,LOCK,0,normal
214,1486845,2168,2181,0.03900,0.12480,-0.87360,0.88333,1003.62,1000,-3.62,50.07,201,2.3098,0.8457,LOCK,0,normal
215,1486853,2176,2189,-0.12870,-0.01560,-0.72930,0.74073,1003.61,1000,-3.61,50.07,201,2.2858,0.4816,LOCK,0,normal
216,1486862,2185,2198,-0.12870,-0.01560,-0.72930,0.74073,1003.60,1000,-3.60,50.07,201,2.3010,0.7120,LOCK,0,normal
217,1486870,2193,2206,0.17940,0.19110,-0.75660,0.80072,1003.59,1000,-3.59,50.07,201,2.2797,0.3900,LOCK,0,normal
218,1486879,2202,2215,-0.06240,0.16770,-0.77610,0.79646,1003.58,1000,-3.58,50.07,201,2.2941,0.6076,LOCK,0,normal
219,1486887,2210,2223,-0.01560,0.14820,-0.82680,0.84012,1003.57,1000,-3.57,50.07,201,2.2951,0.6232,LOCK,0,normal
220,1486896,2219,2232,0.05460,-0.05850,-0.78000,0.78409,1003.57,1000,-3.57,50.07,201,2.2913,0.5652,LOCK,0,normal
221,1486904,2227,2240,0.11700,0.05070,-0.86190,0.87128,1003.56,1000,-3.56,50.07,201,2.2775,0.3567,LOCK,0,normal
222,1486913,2236,2249,0.11700,0.05070,-0.86190,0.87128,1003.55,1000,-3.55,50.07,201,2.2836,0.4492,LOCK,0,normal
223,1486921,2244,2257,-0.05070,-0.13260,-0.78390,0.79665,1003.55,1000,-3.55,50.07,201,2.2873,0.5045,LOCK,0,normal
224,1486930,2253,2266,-0.05460,0.05070,-0.83070,0.83403,1003.52,1000,-3.52,50.07,201,2.2905,0.5524,LOCK,0,normal
225,1486938,2261,2274,0.00000,0.00000,-0.59280,0.59280,1003.50,1000,-3.50,50.07,201,2.3081,0.8198,LOCK,0,normal
226,1486946,2269,2282,-0.00780,0.23790,-0.94770,0.97713,1003.48,1000,-3.48,50.07,201,2.3040,0.7575,LOCK,0,normal
227,1486955,2278,2291,0.04680,-0.02730,-0.74100,0.74298,1003.46,1000,-3.46,50.07,201,2.3032,0.7456,LOCK,0,normal
228,1486964,2287,2300,0.04680,-0.02730,-0.74100,0.74298,1003.44,1000,-3.44,50.07,201,2.3034,0.7478,LOCK,0,normal
229,1486972,2295,2308,-0.00390,-0.09360,-0.86190,0.86698,1003.43,1000,-3.43,50.07,201,2.3024,0.7328,LOCK,0,normal
230,1486980,2303,2316,0.06240,0.07800,-0.76440,0.77090,1003.41,1000,-3.41,50.07,201,2.3000,0.6977,LOCK,0,normal
231,1486989,2312,2325,0.17160,0.10530,-0.78390,0.80934,1003.41,1000,-3.41,50.07,201,2.2783,0.3689,LOCK,0,normal
232,1486997,2320,2333,0.00780,-0.21840,-0.67470,0.70921,1003.41,1000,-3.41,50.07,201,2.2851,0.4712,LOCK,0,normal
233,1487016,2339,2352,0.19890,-0.15600,-0.81900,0.85712,1003.41,1000,-3.41,50.07,201,2.2939,0.6046,LOCK,0,normal
234,1487024,2347,2360,0.19890,-0.15600,-0.81900,0.85712,1003.41,1000,-3.41,50.07,201,2.2671,0.1989,LOCK,0,normal
235,1487043,2366,2379,0.09360,0.12870,-0.69420,0.71221,1003.41,1000,-3.41,50.07,201,2.3092,0.8357,LOCK,0,normal
236,1487052,2375,2388,-0.03120,0.12870,-0.71760,0.72972,1003.40,1000,-3.40,50.07,201,2.2823,0.4285,LOCK,0,normal
237,1487060,2383,2396,-0.10920,-0.08190,-0.90870,0.91889,1003.39,1000,-3.39,50.07,201,2.2970,0.6519,LOCK,0,normal
238,1487069,2392,2405,-0.03900,-0.02730,-0.80730,0.80870,1003.39,1000,-3.39,50.07,201,2.3001,0.6986,LOCK,0,normal
239,1487077,2400,2413,-0.03900,-0.02730,-0.80730,0.80870,1003.39,1000,-3.39,50.07,201,2.3018,0.7246,LOCK,0,normal
240,1487088,2411,2424,-0.00780,0.02340,-0.88920,0.88954,1003.38,1000,-3.38,50.07,201,2.3017,0.7233,LOCK,0,normal
241,1487097,2420,2433,-0.00780,0.02340,-0.88920,0.88954,1003.38,1000,-3.38,50.07,201,2.2959,0.6342,LOCK,0,normal
242,1487105,2428,2441,0.18720,0.23400,-0.72930,0.78847,1003.40,1000,-3.40,50.07,201,2.3056,0.7813,LOCK,0,normal
243,1487114,2437,2450,-0.08970,0.22620,-0.77610,0.81335,1003.42,1000,-3.42,50.07,201,2.3004,0.7035,LOCK,0,normal
244,1487122,2445,2458,-0.03900,-0.06630,-0.83850,0.84202,1003.43,1000,-3.43,50.07,201,2.3056,0.7822,LOCK,0,normal
245,1487131,2454,2467,-0.04680,-0.00780,-0.87360,0.87489,1003.45,1000,-3.45,50.07,201,2.3002,0.7007,LOCK,0,normal
246,1487139,2462,2475,0.09360,-0.07020,-0.77610,0.78487,1003.46,1000,-3.46,50.07,201,2.3097,0.8433,LOCK,0,normal
247,1487148,2471,2484,0.09360,-0.07020,-0.77610,0.78487,1003.47,1000,-3.47,50.07,201,2.2930,0.5915,LOCK,0,normal
248,1487156,2479,2492,0.01560,-0.15600,-0.75270,0.76885,1003.49,1000,-3.49,50.07,201,2.2819,0.4230,LOCK,0,normal
249,1487165,2488,2501,0.11310,0.14040,-0.83460,0.85385,1003.47,1000,-3.47,50.07,201,2.3011,0.7130,LOCK,0,normal
250,1487175,2498,2511,-0.03120,0.18330,-0.70590,0.72998,1003.35,1000,-3.35,50.07,201,2.2860,0.4849,LOCK,0,normal
251,1487185,2508,2521,-0.01170,0.04290,-0.84240,0.84357,1003.32,1000,-3.32,50.07,201,2.2882,0.5176,LOCK,0,normal
252,1487195,2518,2531,-0.02340,-0.14040,-0.79950,0.81207,1003.31,1000,-3.31,50.07,201,2.3003,0.7017,LOCK,0,normal
253,1487205,2528,2541,-0.08190,0.01170,-0.90090,0.90469,1003.31,1000,-3.31,50.07,201,2.3048,0.7700,LOCK,0,normal
254,1487215,2538,2551,-0.02340,-0.08190,-0.73320,0.73813,1003.31,1000,-3.31,50.07,201,2.2836,0.4480,LOCK,0,normal
255,1487225,2548,2561,0.13650,0.13260,-0.71760,0.74240,1003.35,1000,-3.35,50.07,201,2.2813,0.4129,LOCK,0,normal
256,1487235,2558,2571,0.00390,0.15600,-0.79950,0.81459,1003.38,1000,-3.38,50.07,201,2.2876,0.5090,LOCK,0,normal
257,1487248,2571,2584,0.03900,0.11700,-0.82290,0.83209,1003.38,1000,-3.38,50.07,201,2.3019,0.7264,LOCK,0,normal
258,1487257,2580,2593,0.05850,-0.20280,-0.74880,0.77798,1003.38,1000,-3.38,50.07,201,2.3003,0.7014,LOCK,0,normal
259,1487265,2588,2601,0.16380,0.05850,-0.83070,0.84871,1003.38,1000,-3.38,50.07,201,2.3143,0.9132,LOCK,0,normal
260,1487275,2598,2611,-0.01560,-0.11700,-0.81120,0.81974,1003.39,1000,-3.39,50.07,201,2.3053,0.7768,LOCK,0,normal
261,1487285,2608,2621,-0.09750,0.20280,-0.83460,0.86440,1003.42,1000,-3.42,50.07,201,2.2952,0.6235,LOCK,0,normal
262,1487295,2618,2631,0.07020,0.05070,-0.63960,0.64544,1003.44,1000,-3.44,50.07,201,2.3012,0.7148,LOCK,0,normal
263,1487305,2628,2641,-0.01170,0.22230,-0.89310,0.92042,1003.45,1000,-3.45,50.07,201,2.2999,0.6959,LOCK,0,normal
264,1487315,2638,2651,0.06630,-0.03120,-0.72930,0.73297,1003.45,1000,-3.45,50.07,201,2.3046,0.7661,LOCK,0,normal
265,1487325,2648,2661,-0.07020,-0.10140,-0.88140,0.88999,1003.45,1000,-3.45,50.07,201,2.2835,0.4468,LOCK,0,normal
266,1487335,2658,2671,0.08580,0.12090,-0.72150,0.73657,1003.45,1000,-3.45,50.07,201,2.2814,0.4144,LOCK,0,normal
267,1487345,2668,2681,0.13650,0.09360,-0.80340,0.82027,1003.27,1000,-3.27,50.07,201,2.2759,0.3323,LOCK,0,normal
268,1487355,2678,2691,-0.07020,-0.23790,-0.58890,0.63901,1003.19,1000,-3.19,50.07,201,2.2682,0.2154,LOCK,0,normal
269,1487395,2718,2731,0.05460,0.00000,-0.83070,0.83249,1003.19,1000,-3.19,50.07,201,2.3071,0.8048,LOCK,0,normal
270,1487404,2727,2740,0.08970,0.04290,-0.67860,0.68585,1003.21,1000,-3.21,50.07,201,2.3066,0.7966,LOCK,0,normal
271,1487412,2735,2748,0.04680,0.07410,-0.70200,0.70745,1003.24,1000,-3.24,50.07,201,2.2975,0.6589,LOCK,0,normal
272,1487421,2744,2757,-0.08970,-0.05850,-0.91260,0.91886,1003.26,1000,-3.26,50.07,201,2.3001,0.6983,LOCK,0,normal
273,1487429,2752,2765,-0.05460,-0.02340,-0.81900,0.82115,1003.28,1000,-3.28,50.07,201,2.3032,0.7453,LOCK,0,normal
274,1487438,2761,2774,-0.10140,0.06240,-0.75270,0.76206,1003.30,1000,-3.30,50.07,201,2.3010,0.7114,LOCK,0,normal
275,1487451,2774,2787,-0.03510,-0.02340,-0.81510,0.81619,1003.32,1000,-3.32,50.07,201,2.3052,0.7764,LOCK,0,normal
276,1487460,2783,2796,0.07410,0.19500,-0.79170,0.81872,1003.34,1000,-3.34,50.07,201,2.3074,0.8091,LOCK,0,normal
277,1487468,2791,2804,-0.14820,0.15990,-0.81900,0.84752,1003.37,1000,-3.37,50.07,201,2.2878,0.5118,LOCK,0,normal
278,1487476,2799,2812,-0.14820,0.15990,-0.81900,0.84752,1003.41,1000,-3.41,50.07,201,2.2872,0.5029,LOCK,0,normal
279,1487485,2808,2821,-0.01560,-0.06630,-0.78390,0.78685,1003.44,1000,-3.44,50.07,201,2.2852,0.4721,LOCK,0,normal
280,1487493,2816,2829,0.00780,0.08580,-0.86190,0.86620,1003.47,1000,-3.47,50.07,201,2.2901,0.5469,LOCK,0,normal
281,1487502,2825,2838,0.07020,0.08190,-0.74880,0.75653,1003.50,1000,-3.50,50.07,201,2.3077,0.8140,LOCK,0,normal
282,1487510,2833,2846,-0.00780,-0.22230,-0.78000,0.81110,1003.52,1000,-3.52,50.07,201,2.3012,0.7157,LOCK,0,normal
283,1487519,2842,2855,0.11700,0.19110,-0.83070,0.86039,1003.54,1000,-3.54,50.07,201,2.2762,0.3369,LOCK,0,normal
284,1487527,2850,2863,0.11700,0.19110,-0.83070,0.86039,1003.54,1000,-3.54,50.07,201,2.2833,0.4437,LOCK,0,normal
285,1487536,2859,2872,-0.08190,0.18720,-0.81900,0.84410,1003.54,1000,-3.54,50.07,201,2.2847,0.4645,LOCK,0,normal
286,1487544,2867,2880,0.02340,0.10920,-0.90090,0.90780,1003.54,1000,-3.54,50.07,201,2.2944,0.6119,LOCK,0,normal
287,1487553,2876,2889,0.07020,-0.06630,-0.74880,0.75500,1003.54,1000,-3.54,50.07,201,2.2999,0.6959,LOCK,0,normal
288,1487561,2884,2897,-0.05850,0.00000,-0.93990,0.94172,1003.54,1000,-3.54,50.07,201,2.3021,0.7294,LOCK,0,normal
289,1487570,2893,2906,-0.05850,0.00000,-0.93990,0.94172,1003.54,1000,-3.54,50.07,201,2.2977,0.6626,LOCK,0,normal
290,1487578,2901,2914,-0.02730,-0.06630,-0.75270,0.75611,1003.54,1000,-3.54,50.07,201,2.3052,0.7755,LOCK,0,normal
291,1487587,2910,2923,0.08580,0.07020,-0.71760,0.72611,1003.54,1000,-3.54,50.07,201,2.3022,0.7307,LOCK,0,normal
292,1487595,2918,2931,0.01170,0.25740,-0.74490,0.78821,1003.55,1000,-3.55,50.07,201,2.3025,0.7343,LOCK,0,normal
293,1487605,2928,2941,0.03900,0.05850,-0.81900,0.82201,1003.57,1000,-3.57,50.07,201,2.2842,0.4578,LOCK,0,normal
294,1487615,2938,2951,0.11310,-0.23010,-0.79560,0.83589,1003.58,1000,-3.58,50.07,201,2.2848,0.4660,LOCK,0,normal
295,1487625,2948,2961,0.12480,0.03510,-0.86190,0.87160,1003.58,1000,-3.58,50.07,201,2.2647,0.1623,LOCK,0,normal
296,1487635,2958,2971,0.07800,0.05850,-0.78390,0.78994,1003.58,1000,-3.58,50.07,201,2.2871,0.5017,LOCK,0,normal
297,1487657,2980,2993,0.14820,0.14040,-0.67470,0.70491,1003.58,1000,-3.58,50.07,201,2.3075,0.8103,LOCK,0,normal
298,1487666,2989,3002,-0.10140,0.12870,-0.84240,0.85819,1003.58,1000,-3.58,50.07,201,2.2676,0.2056,LOCK,0,normal
299,1487674,2997,3010,0.10140,0.03510,-0.71760,0.72558,1003.59,1000,-3.59,50.07,201,2.2842,0.4578,LOCK,0,normal
300,1487683,3006,3019,0.10140,0.03510,-0.71760,0.72558,1003.59,1000,-3.59,50.07,201,2.2917,0.5707,LOCK,0,normal
301,1487691,3014,3027,-0.04290,-0.02730,-0.85410,0.85561,1003.59,1000,-3.59,50.07,201,2.2917,0.5719,LOCK,0,normal
302,1487702,3025,3038,0.07410,0.10530,-0.71370,0.72522,1003.59,1000,-3.59,50.07,201,2.2995,0.6898,LOCK,0,normal
303,1487711,3034,3047,0.11700,0.01950,-0.80730,0.81597,1003.59,1000,-3.59,50.07,201,2.2983,0.6711,LOCK,0,normal
304,1487719,3042,3055,-0.28860,-0.35490,-0.64350,0.78952,1003.60,1000,-3.60,50.07,201,2.3044,0.7636,LOCK,0,normal
305,1487728,3051,3064,0.08580,-0.04290,-0.82680,0.83235,1003.60,1000,-3.60,50.07,201,2.3076,0.8119,LOCK,0,normal
306,1487736,3059,3072,0.09360,0.05460,-0.79950,0.80681,1003.60,1000,-3.60,50.07,201,2.3000,0.6971,LOCK,0,normal
307,1487745,3068,3081,-0.04290,-0.03510,-0.88530,0.88703,1003.61,1000,-3.61,50.07,201,2.3056,0.7816,LOCK,0,normal
308,1487755,3078,3091,-0.04290,-0.03510,-0.88530,0.88703,1003.62,1000,-3.62,50.07,201,2.2961,0.6372,LOCK,0,normal
309,1487765,3088,3101,0.20280,0.03120,-0.71760,0.74636,1003.61,1000,-3.61,50.07,201,2.3093,0.8375,LOCK,0,normal
310,1487775,3098,3111,0.03900,-0.05070,-0.65130,0.65443,1003.60,1000,-3.60,50.07,201,2.2894,0.5359,LOCK,0,normal
311,1487785,3108,3121,0.03120,0.02340,-0.96720,0.96799,1003.60,1000,-3.60,50.07,201,2.2776,0.3583,LOCK,0,normal
312,1487795,3118,3131,-0.10920,-0.05850,-0.80340,0.81290,1003.60,1000,-3.60,50.07,201,2.2966,0.6452,LOCK,0,normal
313,1487805,3128,3141,-0.07800,0.02340,-0.78390,0.78812,1003.60,1000,-3.60,50.07,201,2.3071,0.8051,LOCK,0,normal
314,1487815,3138,3151,-0.04290,-0.11700,-0.78780,0.79760,1003.60,1000,-3.60,50.07,201,2.3033,0.7471,LOCK,0,normal
315,1487825,3148,3161,0.08190,0.21060,-0.75270,0.78589,1003.60,1000,-3.60,50.07,201,2.2841,0.4565,LOCK,0,normal
316,1487835,3158,3171,-0.11310,0.23010,-0.83460,0.87309,1003.61,1000,-3.61,50.07,201,2.2772,0.3522,LOCK,0,normal
317,1487845,3168,3181,-0.07410,0.00780,-0.79950,0.80296,1003.61,1000,-3.61,50.07,201,2.2742,0.3054,LOCK,0,normal
318,1487858,3181,3194,-0.01560,0.11700,-0.78000,0.78888,1003.61,1000,-3.61,50.07,201,2.3055,0.7801,LOCK,0,normal
319,1487866,3189,3202,-0.01560,0.11700,-0.78000,0.78888,1003.61,1000,-3.61,50.07,201,2.3016,0.7215,LOCK,0,normal
320,1487875,3198,3211,-0.05070,0.02340,-0.78000,0.78200,1003.61,1000,-3.61,50.07,201,2.3060,0.7874,LOCK,0,normal
321,1487885,3208,3221,0.08190,0.30420,-0.82680,0.88478,1003.66,1000,-3.66,50.07,201,2.3126,0.8885,LOCK,0,normal
322,1487895,3218,3231,0.01560,0.23010,-0.81510,0.84710,1003.68,1000,-3.68,50.07,201,2.3025,0.7343,LOCK,0,normal
323,1487905,3228,3241,-0.01950,-0.03120,-0.83070,0.83151,1003.68,1000,-3.68,50.07,201,2.3064,0.7932,LOCK,0,normal
324,1487915,3238,3251,0.07800,-0.07410,-0.80340,0.81057,1003.69,1000,-3.69,50.07,201,2.3010,0.7117,LOCK,0,normal
325,1487925,3248,3261,-0.04680,-0.07020,-0.89700,0.90096,1003.69,1000,-3.69,50.07,201,2.3040,0.7569,LOCK,0,normal
326,1487935,3258,3271,0.00390,-0.01170,-0.71760,0.71771,1003.69,1000,-3.69,50.07,201,2.2865,0.4923,LOCK,0,normal
327,1487945,3268,3281,-0.01170,0.08190,-0.79560,0.79989,1003.62,1000,-3.62,50.07,201,2.2876,0.5090,LOCK,0,normal
328,1487955,3278,3291,0.05460,0.24570,-0.65130,0.69824,1003.61,1000,-3.61,50.07,201,2.2861,0.4868,LOCK,0,normal
329,1487965,3288,3301,-0.02340,0.18720,-0.93210,0.95100,1003.60,1000,-3.60,50.07,201,2.2747,0.3134,LOCK,0,normal
330,1488009,3332,3345,0.14040,0.11700,-0.69420,0.71785,1003.59,1000,-3.59,50.07,201,2.3065,0.7948,LOCK,0,normal
331,1488018,3341,3354,0.17550,0.10920,-0.69810,0.72806,1003.57,1000,-3.57,50.07,201,2.3026,0.7368,LOCK,0,normal
332,1488026,3349,3362,-0.06630,0.16380,-0.90480,0.92189,1003.56,1000,-3.56,50.07,201,2.3061,0.7887,LOCK,0,normal
333,1488035,3358,3371,0.12870,-0.08580,-0.78000,0.79519,1003.55,1000,-3.55,50.07,201,2.3103,0.8528,LOCK,0,normal
334,1488044,3367,3380,0.07020,-0.01560,-0.87750,0.88044,1003.54,1000,-3.54,50.07,201,2.2995,0.6891,LOCK,0,normal
335,1488052,3375,3388,0.07020,-0.01560,-0.87750,0.88044,1003.53,1000,-3.53,50.07,201,2.3005,0.7041,LOCK,0,normal
336,1488065,3388,3401,-0.01950,0.04680,-0.78000,0.78165,1003.52,1000,-3.52,50.07,201,2.3030,0.7429,LOCK,0,normal
337,1488074,3397,3410,-0.08190,-0.07410,-0.87360,0.88055,1003.55,1000,-3.55,50.07,201,2.2934,0.5963,LOCK,0,normal
338,1488082,3405,3418,-0.08190,-0.07410,-0.87360,0.88055,1003.58,1000,-3.58,50.07,201,2.2750,0.3186,LOCK,0,normal
339,1488091,3414,3427,0.14040,0.11700,-0.81900,0.83914,1003.60,1000,-3.60,50.07,201,2.2883,0.5197,LOCK,0,normal
340,1488099,3422,3435,-0.01560,-0.09360,-0.78000,0.78575,1003.62,1000,-3.62,50.07,201,2.2919,0.5750,LOCK,0,normal
341,1488108,3431,3444,-0.01950,-0.06240,-0.86190,0.86438,1003.64,1000,-3.64,50.07,201,2.3028,0.7401,LOCK,0,normal
342,1488116,3439,3452,0.12870,0.20280,-0.79170,0.82733,1003.66,1000,-3.66,50.07,201,2.2945,0.6144,LOCK,0,normal
343,1488125,3448,3461,-0.10920,0.07020,-0.79170,0.80227,1003.65,1000,-3.65,50.07,201,2.3055,0.7810,LOCK,0,normal
344,1488133,3456,3469,-0.10920,0.07020,-0.79170,0.80227,1003.64,1000,-3.64,50.07,201,2.2780,0.3631,LOCK,0,normal
345,1488142,3465,3478,0.04290,-0.02730,-0.96330,0.96464,1003.63,1000,-3.63,50.07,201,2.2714,0.2630,LOCK,0,normal
346,1488150,3473,3486,-0.10530,-0.03510,-0.78780,0.79558,1003.62,1000,-3.62,50.07,201,2.2782,0.3665,LOCK,0,normal
347,1488159,3482,3495,0.04290,-0.08970,-0.76440,0.77084,1003.62,1000,-3.62,50.07,201,2.2857,0.4797,LOCK,0,normal
348,1488167,3490,3503,-0.00780,-0.05070,-0.74880,0.75055,1003.61,1000,-3.61,50.07,201,2.3056,0.7819,LOCK,0,normal
349,1488176,3499,3512,0.09750,0.26130,-0.81120,0.85780,1003.60,1000,-3.60,50.07,201,2.3068,0.8003,LOCK,0,normal
350,1488184,3507,3520,0.09750,0.26130,-0.81120,0.85780,1003.60,1000,-3.60,50.07,201,2.3047,0.7676,LOCK,0,normal
351,1488193,3516,3529,-0.03900,0.38610,-0.79170,0.88169,1003.59,1000,-3.59,50.07,201,2.3028,0.7389,LOCK,0,normal
352,1488201,3524,3537,0.05070,-0.08190,-0.80340,0.80915,1003.59,1000,-3.59,50.07,201,2.2957,0.6324,LOCK,0,normal
353,1488210,3533,3546,0.04680,-0.18330,-0.81120,0.83297,1003.58,1000,-3.58,50.07,201,2.3041,0.7593,LOCK,0,normal
354,1488228,3551,3564,-0.05460,0.07410,-0.78000,0.78541,1003.58,1000,-3.58,50.07,201,2.2814,0.4147,LOCK,0,normal
355,1488237,3560,3573,-0.05460,0.07410,-0.78000,0.78541,1003.57,1000,-3.57,50.07,201,2.2899,0.5432,LOCK,0,normal
356,1488245,3568,3581,0.13260,0.29640,-0.77220,0.83769,1003.57,1000,-3.57,50.07,201,2.2865,0.4923,LOCK,0,normal
357,1488254,3577,3590,-0.10920,0.18720,-0.78780,0.81707,1003.57,1000,-3.57,50.07,201,2.2773,0.3525,LOCK,0,normal
358,1488271,3594,3607,0.06240,-0.13650,-0.78780,0.80197,1003.58,1000,-3.58,50.07,201,2.3013,0.7163,LOCK,0,normal
359,1488279,3602,3615,0.05850,-0.08580,-0.84630,0.85265,1003.58,1000,-3.58,50.07,201,2.2981,0.6684,LOCK,0,normal
360,1488288,3611,3624,0.05850,-0.08580,-0.84630,0.85265,1003.58,1000,-3.58,50.07,201,2.2935,0.5991,LOCK,0,normal
361,1488296,3619,3632,-0.03120,-0.08190,-0.72930,0.73455,1003.58,1000,-3.58,50.07,201,2.3032,0.7456,LOCK,0,normal
362,1488305,3628,3641,-0.09750,0.04680,-0.85020,0.85705,1003.56,1000,-3.56,50.07,201,2.2862,0.4883,LOCK,0,normal
363,1488316,3639,3652,-0.01560,0.02730,-0.53820,0.53912,1003.55,1000,-3.55,50.07,201,2.2953,0.6253,LOCK,0,normal
364,1488325,3648,3661,-0.02340,0.14820,-0.89700,0.90946,1003.54,1000,-3.54,50.07,201,2.3081,0.8198,LOCK,0,normal
365,1488333,3656,3669,0.05850,-0.01950,-0.73710,0.73967,1003.53,1000,-3.53,50.07,201,2.3006,0.7059,LOCK,0,normal
366,1488342,3665,3678,-0.02340,-0.05850,-0.86190,0.86420,1003.52,1000,-3.52,50.07,201,2.3082,0.8210,LOCK,0,normal
367,1488350,3673,3686,0.10920,-0.17550,-0.75270,0.78057,1003.51,1000,-3.51,50.07,201,2.2950,0.6214,LOCK,0,normal
368,1488359,3682,3695,0.10920,-0.17550,-0.75270,0.78057,1003.51,1000,-3.51,50.07,201,2.3112,0.8674,LOCK,0,normal
369,1488367,3690,3703,0.16380,0.07020,-0.71760,0.73940,1003.52,1000,-3.52,50.07,201,2.3024,0.7334,LOCK,0,normal
370,1488376,3699,3712,-0.03900,-0.30030,-0.65910,0.72534,1003.53,1000,-3.53,50.07,201,2.3031,0.7438,LOCK,0,normal
371,1488385,3708,3721,0.05850,0.15210,-0.84240,0.85802,1003.57,1000,-3.57,50.07,201,2.2781,0.3650,LOCK,0,normal
372,1488395,3718,3731,0.19500,-0.01560,-0.78780,0.81172,1003.63,1000,-3.63,50.07,201,2.2978,0.6629,LOCK,0,normal
373,1488405,3728,3741,0.09750,0.05850,-0.83850,0.84617,1003.65,1000,-3.65,50.07,201,2.2824,0.4300,LOCK,0,normal
374,1488415,3738,3751,0.05850,0.09360,-0.76440,0.77233,1003.65,1000,-3.65,50.07,201,2.2981,0.6675,LOCK,0,normal
375,1488425,3748,3761,-0.03510,0.10920,-0.82680,0.83472,1003.46,1000,-3.46,50.07,201,2.3035,0.7496,LOCK,0,normal
376,1488435,3758,3771,-0.02730,-0.03510,-0.90090,0.90200,1003.41,1000,-3.41,50.07,201,2.3007,0.7072,LOCK,0,normal
377,1488445,3768,3781,-0.03120,0.00780,-0.81510,0.81573,1003.39,1000,-3.39,50.07,201,2.2928,0.5875,LOCK,0,normal
378,1488455,3778,3791,-0.05070,-0.03510,-0.75660,0.75911,1003.39,1000,-3.39,50.07,201,2.2891,0.5326,LOCK,0,normal
379,1488465,3788,3801,-0.03510,-0.07020,-0.83850,0.84217,1003.39,1000,-3.39,50.07,201,2.2929,0.5890,LOCK,0,normal
380,1488478,3801,3814,0.20280,0.25350,-0.80730,0.87013,1003.39,1000,-3.39,50.07,201,2.3008,0.7090,LOCK,0,normal
381,1488486,3809,3822,-0.08580,0.20670,-0.83850,0.86785,1003.38,1000,-3.38,50.07,201,2.3036,0.7508,LOCK,0,normal
382,1488495,3818,3831,0.01170,-0.10140,-0.84240,0.84856,1003.38,1000,-3.38,50.07,201,2.3043,0.7627,LOCK,0,normal
383,1488505,3828,3841,-0.07410,-0.07020,-0.81120,0.81760,1003.35,1000,-3.35,50.07,201,2.3077,0.8137,LOCK,0,normal
384,1488515,3838,3851,0.05070,-0.16380,-0.78780,0.80624,1003.34,1000,-3.34,50.07,201,2.3067,0.7978,LOCK,0,normal
385,1488525,3848,3861,0.00000,-0.10920,-0.79950,0.80692,1003.34,1000,-3.34,50.07,201,2.2974,0.6583,LOCK,0,normal
386,1488535,3858,3871,0.00000,-0.10920,-0.79950,0.80692,1003.34,1000,-3.34,50.07,201,2.2987,0.6778,LOCK,0,normal
387,1488545,3868,3881,0.10140,0.19110,-0.81510,0.84332,1003.36,1000,-3.36,50.07,201,2.3118,0.8763,LOCK,0,normal
388,1488555,3878,3891,0.00780,0.37440,-0.73320,0.82330,1003.36,1000,-3.36,50.07,201,2.2941,0.6083,LOCK,0,normal
389,1488565,3888,3901,0.03900,-0.01560,-0.83070,0.83176,1003.37,1000,-3.37,50.07,201,2.2660,0.1818,LOCK,0,normal
390,1488575,3898,3911,0.01950,-0.10530,-0.79560,0.80277,1003.37,1000,-3.37,50.07,201,2.2830,0.4401,LOCK,0,normal
391,1488585,3908,3921,0.04680,0.01170,-0.90090,0.90219,1003.37,1000,-3.37,50.07,201,2.2840,0.4544,LOCK,0,normal
392,1488624,3947,3960,-0.02730,0.19110,-0.87750,0.89848,1003.36,1000,-3.36,50.07,201,2.3037,0.7529,LOCK,0,normal
393,1488632,3955,3968,0.08580,-0.08970,-0.84240,0.85150,1003.36,1000,-3.36,50.07,201,2.2944,0.6125,LOCK,0,normal
394,1488640,3963,3976,0.15990,-0.04290,-0.84630,0.86234,1003.36,1000,-3.36,50.07,201,2.3008,0.7087,LOCK,0,normal
395,1488649,3972,3985,-0.04290,-0.10140,-0.78390,0.79159,1003.36,1000,-3.36,50.07,201,2.3057,0.7829,LOCK,0,normal
396,1488658,3981,3994,-0.04290,-0.10140,-0.78390,0.79159,1003.35,1000,-3.35,50.07,201,2.3053,0.7768,LOCK,0,normal
397,1488666,3989,4002,-0.03510,0.07800,-0.83460,0.83897,1003.34,1000,-3.34,50.07,201,2.2985,0.6742,LOCK,0,normal
398,1488679,4002,4015,0.10140,0.19890,-0.90090,0.92815,1003.33,1000,-3.33,50.07,201,2.3106,0.8579,LOCK,0,normal
399,1488688,4011,4024,0.10140,0.19890,-0.90090,0.92815,1003.32,1000,-3.32,50.07,201,2.2988,0.6788,LOCK,0,normal
400,1488696,4019,4032,0.04680,-0.02340,-0.74100,0.74285,1003.32,1000,-3.32,50.07,201,2.2756,0.3271,LOCK,0,normal
401,1488705,4028,4041,-0.03510,-0.07800,-0.91260,0.91660,1003.31,1000,-3.31,50.07,201,2.2928,0.5878,LOCK,0,normal
402,1488713,4036,4049,0.10140,0.02730,-0.77220,0.77931,1003.30,1000,-3.30,50.07,201,2.2892,0.5341,LOCK,0,normal
403,1488722,4045,4058,0.14040,0.03510,-0.72540,0.73970,1003.32,1000,-3.32,50.07,201,2.2982,0.6693,LOCK,0,normal
404,1488730,4053,4066,-0.07800,-0.28080,-0.67860,0.73853,1003.33,1000,-3.33,50.07,201,2.3003,0.7010,LOCK,0,normal
405,1488739,4062,4075,-0.07800,-0.28080,-0.67860,0.73853,1003.34,1000,-3.34,50.07,201,2.2977,0.6623,LOCK,0,normal
406,1488747,4070,4083,0.07410,0.04680,-0.83070,0.83531,1003.35,1000,-3.35,50.07,201,2.2752,0.3219,LOCK,0,normal
407,1488756,4079,4092,0.20670,-0.08970,-0.76830,0.80066,1003.36,1000,-3.36,50.07,201,2.2878,0.5124,LOCK,0,normal
408,1488764,4087,4100,0.08580,0.10140,-0.80730,0.81815,1003.37,1000,-3.37,50.07,201,2.2908,0.5570,LOCK,0,normal
409,1488773,4096,4109,0.08970,0.16380,-0.74880,0.77174,1003.37,1000,-3.37,50.07,201,2.3004,0.7029,LOCK,0,normal
410,1488781,4104,4117,-0.02340,0.26130,-0.80340,0.84515,1003.36,1000,-3.36,50.07,201,2.3000,0.6977,LOCK,0,normal
411,1488790,4113,4126,-0.02340,0.26130,-0.80340,0.84515,1003.35,1000,-3.35,50.07,201,2.2993,0.6867,LOCK,0,normal
412,1488798,4121,4134,-0.00780,-0.06240,-0.88530,0.88753,1003.35,1000,-3.35,50.07,201,2.3006,0.7065,LOCK,0,normal
413,1488807,4130,4143,-0.04680,-0.06630,-0.76830,0.77257,1003.34,1000,-3.34,50.07,201,2.2992,0.6843,LOCK,0,normal
414,1488815,4138,4151,0.00780,0.01170,-0.81900,0.81912,1003.33,1000,-3.33,50.07,201,2.2908,0.5576,LOCK,0,normal
415,1488825,4148,4161,-0.06240,-0.07800,-0.85020,0.85605,1003.30,1000,-3.30,50.07,201,2.2994,0.6873,LOCK,0,normal
416,1488835,4158,4171,0.21840,0.24960,-0.72930,0.80117,1003.28,1000,-3.28,50.07,201,2.2880,0.5152,LOCK,0,normal
417,1488845,4168,4181,-0.04680,0.28080,-0.81510,0.86338,1003.03,1000,-3.03,50.07,201,2.2961,0.6379,LOCK,0,normal
418,1488855,4178,4191,0.00000,-0.01950,-0.83460,0.83483,1002.96,1000,-2.96,50.07,201,2.2902,0.5484,LOCK,0,normal
419,1488865,4188,4201,0.03120,-0.00390,-0.79560,0.79622,1002.95,1000,-2.95,50.07,201,2.2905,0.5536,LOCK,0,normal
420,1488884,4207,4220,-0.01560,-0.17940,-0.76830,0.78912,1002.94,1000,-2.94,50.07,201,2.3109,0.8625,LOCK,0,normal
421,1488893,4216,4229,-0.01560,-0.17940,-0.76830,0.78912,1002.94,1000,-2.94,50.07,201,2.3036,0.7514,LOCK,0,normal
422,1488901,4224,4237,0.08190,0.12090,-0.80730,0.82040,1002.97,1000,-2.97,50.07,201,2.2872,0.5032,LOCK,0,normal
423,1488910,4233,4246,0.04290,0.23400,-0.65520,0.69705,1002.99,1000,-2.99,50.07,201,2.2932,0.5933,LOCK,0,normal
424,1488918,4241,4254,-0.05070,0.02730,-0.82290,0.82491,1003.02,1000,-3.02,50.07,201,2.2886,0.5249,LOCK,0,normal
425,1488927,4250,4263,-0.01170,-0.12090,-0.79950,0.80867,1003.03,1000,-3.03,50.07,201,2.2953,0.6250,LOCK,0,normal
426,1488935,4258,4271,0.03510,0.04290,-0.88530,0.88703,1003.05,1000,-3.05,50.07,201,2.3019,0.7261,LOCK,0,normal
427,1488945,4268,4281,0.03510,0.04290,-0.88530,0.88703,1003.15,1000,-3.15,50.07,201,2.3002,0.7001,LOCK,0,normal
428,1488955,4278,4291,-0.05460,-0.11310,-0.74490,0.75541,1003.19,1000,-3.19,50.07,201,2.3111,0.8650,LOCK,0,normal
429,1488965,4288,4301,0.14820,0.11310,-0.70590,0.73010,1003.18,1000,-3.18,50.07,201,2.2939,0.6046,LOCK,0,normal
430,1488975,4298,4311,-0.03120,0.14040,-0.76050,0.77398,1003.17,1000,-3.17,50.07,201,2.3022,0.7310,LOCK,0,normal
431,1488985,4308,4321,0.01170,0.15990,-0.81510,0.83072,1003.17,1000,-3.17,50.07,201,2.3026,0.7362,LOCK,0,normal
432,1488995,4318,4331,0.08190,-0.14430,-0.79950,0.81654,1003.17,1000,-3.17,50.07,201,2.3005,0.7038,LOCK,0,normal
433,1489005,4328,4341,0.12090,0.05850,-0.78390,0.79532,1003.17,1000,-3.17,50.07,201,2.2849,0.4678,LOCK,0,normal
434,1489015,4338,4351,-0.05460,-0.12480,-0.83460,0.84564,1003.17,1000,-3.17,50.07,201,2.2753,0.3228,LOCK,0,normal
435,1489025,4348,4361,-0.06630,0.18330,-0.87360,0.89508,1003.22,1000,-3.22,50.07,201,2.2997,0.6922,LOCK,0,normal
436,1489035,4358,4371,0.08580,-0.10920,-0.63180,0.64688,1003.23,1000,-3.23,50.07,201,2.3054,0.7789,LOCK,0,normal
437,1489045,4368,4381,-0.03900,0.14820,-0.86580,0.87926,1003.23,1000,-3.23,50.07,201,2.3020,0.7276,LOCK,0,normal
438,1489055,4378,4391,0.01560,0.00390,-0.77220,0.77237,1003.23,1000,-3.23,50.07,201,2.2879,0.5133,LOCK,0,normal
439,1489065,4388,4401,-0.03900,-0.12480,-0.88140,0.89105,1003.23,1000,-3.23,50.07,201,2.2804,0.3998,LOCK,0,normal
440,1489075,4398,4411,0.07800,0.11700,-0.74100,0.75422,1003.23,1000,-3.23,50.07,201,2.2906,0.5539,LOCK,0,normal
441,1489088,4411,4424,0.10920,0.07020,-0.74100,0.75229,1003.23,1000,-3.23,50.07,201,2.2976,0.6608,LOCK,0,normal
442,1489096,4419,4432,-0.08580,-0.21450,-0.67470,0.71316,1003.22,1000,-3.22,50.07,201,2.2959,0.6348,LOCK,0,normal
443,1489105,4428,4441,0.07410,0.09750,-0.87360,0.88214,1003.22,1000,-3.22,50.07,201,2.3012,0.7148,LOCK,0,normal
444,1489115,4438,4451,0.15210,-0.21060,-0.76830,0.81103,1003.20,1000,-3.20,50.07,201,2.3118,0.8753,LOCK,0,normal
445,1489125,4448,4461,0.05460,-0.01560,-0.83850,0.84042,1003.18,1000,-3.18,50.07,201,2.2978,0.6635,LOCK,0,normal
446,1489135,4458,4471,0.10140,0.13260,-0.68250,0.70262,1003.18,1000,-3.18,50.07,201,2.3055,0.7807,LOCK,0,normal
447,1489145,4468,4481,0.01950,0.12870,-0.72150,0.73315,1003.18,1000,-3.18,50.07,201,2.3035,0.7496,LOCK,0,normal
448,1489155,4478,4491,-0.04680,-0.05070,-0.94380,0.94632,1003.18,1000,-3.18,50.07,201,2.3075,0.8103,LOCK,0,normal
449,1489165,4488,4501,-0.00780,0.01170,-0.78780,0.78793,1003.18,1000,-3.18,50.07,201,2.2759,0.3320,LOCK,0,normal
450,1489175,4498,4511,-0.05460,0.03900,-0.77220,0.77511,1003.18,1000,-3.18,50.07,201,2.2865,0.4929,LOCK,0,normal
451,1489185,4508,4521,-0.06630,-0.06240,-0.84630,0.85118,1003.18,1000,-3.18,50.07,201,2.2759,0.3323,LOCK,0,normal
452,1489195,4518,4531,0.13260,0.17940,-0.78000,0.81127,1003.18,1000,-3.18,50.07,201,2.2786,0.3723,LOCK,0,normal
453,1489238,4561,4574,0.05070,0.08970,-0.75660,0.76358,1003.18,1000,-3.18,50.07,201,2.2975,0.6586,LOCK,0,normal
454,1489247,4570,4583,-0.02340,-0.21060,-0.77220,0.80075,1003.17,1000,-3.17,50.07,201,2.3048,0.7691,LOCK,0,normal
455,1489255,4578,4591,0.08190,0.12090,-0.85020,0.86265,1003.17,1000,-3.17,50.07,201,2.3015,0.7197,LOCK,0,normal
456,1489264,4587,4600,-0.08580,0.23790,-0.80340,0.84226,1003.17,1000,-3.17,50.07,201,2.3033,0.7462,LOCK,0,normal
457,1489272,4595,4608,-0.08580,0.23790,-0.80340,0.84226,1003.17,1000,-3.17,50.07,201,2.2997,0.6928,LOCK,0,normal
458,1489281,4604,4617,0.02730,0.13650,-0.88530,0.89618,1003.18,1000,-3.18,50.07,201,2.3075,0.8103,LOCK,0,normal
459,1489294,4617,4630,0.03900,-0.05850,-0.75660,0.75986,1003.18,1000,-3.18,50.07,201,2.3012,0.7148,LOCK,0,normal
460,1489302,4625,4638,-0.02730,-0.02730,-0.90090,0.90173,1003.18,1000,-3.18,50.07,201,2.2945,0.6137,LOCK,0,normal
461,1489311,4634,4647,-0.02730,-0.10140,-0.75270,0.75999,1003.18,1000,-3.18,50.07,201,2.2893,0.5356,LOCK,0,normal
462,1489319,4642,4655,0.10920,0.05070,-0.75270,0.76227,1003.19,1000,-3.19,50.07,201,2.2982,0.6696,LOCK,0,normal
463,1489328,4651,4664,-0.09750,0.22230,-0.71760,0.75754,1003.19,1000,-3.19,50.07,201,2.2995,0.6891,LOCK,0,normal
464,1489336,4659,4672,0.01560,0.07800,-0.86190,0.86556,1003.19,1000,-3.19,50.07,201,2.2996,0.6910,LOCK,0,normal
465,1489345,4668,4681,0.01560,0.07800,-0.86190,0.86556,1003.19,1000,-3.19,50.07,201,2.3133,0.8989,LOCK,0,normal
466,1489353,4676,4689,0.04290,-0.30810,-0.79950,0.85788,1003.20,1000,-3.20,50.07,201,2.3026,0.7362,LOCK,0,normal
467,1489362,4685,4698,0.13650,0.01560,-0.80340,0.81506,1003.20,1000,-3.20,50.07,201,2.2863,0.4901,LOCK,0,normal
468,1489370,4693,4706,0.02340,0.01560,-0.78780,0.78830,1003.20,1000,-3.20,50.07,201,2.2903,0.5496,LOCK,0,normal
469,1489379,4702,4715,-0.03900,0.23010,-0.75270,0.78805,1003.22,1000,-3.22,50.07,201,2.2860,0.4846,LOCK,0,normal
470,1489387,4710,4723,0.17160,0.11700,-0.68640,0.71713,1003.25,1000,-3.25,50.07,201,2.3014,0.7185,LOCK,0,normal
471,1489396,4719,4732,0.17160,0.11700,-0.68640,0.71713,1003.27,1000,-3.27,50.07,201,2.2997,0.6922,LOCK,0,normal
472,1489404,4727,4740,-0.06630,0.05070,-0.80730,0.81160,1003.29,1000,-3.29,50.07,201,2.2990,0.6821,LOCK,0,normal
473,1489413,4736,4749,0.03510,-0.04290,-0.72150,0.72363,1003.30,1000,-3.30,50.07,201,2.3018,0.7236,LOCK,0,normal
474,1489421,4744,4757,-0.05850,-0.05850,-0.90480,0.90857,1003.32,1000,-3.32,50.07,201,2.3096,0.8418,LOCK,0,normal
475,1489430,4753,4766,0.10530,0.12870,-0.71370,0.73282,1003.33,1000,-3.33,50.07,201,2.2852,0.4733,LOCK,0,normal
476,1489438,4761,4774,0.10530,0.01170,-0.76440,0.77171,1003.33,1000,-3.33,50.07,201,2.2914,0.5667,LOCK,0,normal
477,1489447,4770,4783,0.10530,0.01170,-0.76440,0.77171,1003.33,1000,-3.33,50.07,201,2.2843,0.4587,LOCK,0,normal
478,1489455,4778,4791,-0.16770,-0.29250,-0.62400,0.70926,1003.33,1000,-3.33,50.07,201,2.2871,0.5011,LOCK,0,normal
479,1489465,4788,4801,0.03900,0.07020,-0.91260,0.91613,1003.32,1000,-3.32,50.07,201,2.2789,0.3775,LOCK,0,normal
480,1489475,4798,4811,0.17160,0.06630,-0.80340,0.82419,1003.32,1000,-3.32,50.07,201,2.2951,0.6223,LOCK,0,normal
481,1489499,4822,4835,0.20670,0.03510,-0.73710,0.76634,1003.32,1000,-3.32,50.07,201,2.3056,0.7826,LOCK,0,normal
482,1489508,4831,4844,0.02730,-0.01950,-0.71370,0.71449,1003.32,1000,-3.32,50.07,201,2.2934,0.5967,LOCK,0,normal
483,1489516,4839,4852,0.08580,-0.02730,-0.95160,0.95585,1003.33,1000,-3.33,50.07,201,2.2887,0.5255,LOCK,0,normal
484,1489525,4848,4861,-0.13650,-0.21450,-0.79950,0.83895,1003.33,1000,-3.33,50.07,201,2.2920,0.5762,LOCK,0,normal
485,1489533,4856,4869,-0.08970,-0.03510,-0.80340,0.80915,1003.33,1000,-3.33,50.07,201,2.2949,0.6192,LOCK,0,normal
486,1489542,4865,4878,-0.06630,-0.10920,-0.81510,0.82505,1003.33,1000,-3.33,50.07,201,2.3018,0.7236,LOCK,0,normal
487,1489550,4873,4886,-0.06630,-0.10920,-0.81510,0.82505,1003.34,1000,-3.34,50.07,201,2.3008,0.7090,LOCK,0,normal
488,1489559,4882,4895,0.06240,0.22620,-0.81120,0.84446,1003.37,1000,-3.37,50.07,201,2.3113,0.8680,LOCK,0,normal
489,1489567,4890,4903,-0.14820,0.22620,-0.79170,0.83661,1003.39,1000,-3.39,50.07,201,2.3077,0.8134,LOCK,0,normal
490,1489576,4899,4912,-0.01170,0.06240,-0.79560,0.79813,1003.42,1000,-3.42,50.07,201,2.3016,0.7212,LOCK,0,normal
491,1489585,4908,4921,-0.00780,-0.06630,-0.85410,0.85670,1003.49,1000,-3.49,50.07,201,2.3005,0.7038,LOCK,0,normal
492,1489595,4918,4931,0.04680,0.21450,-0.80340,0.83286,1003.59,1000,-3.59,50.07,201,2.3043,0.7621,LOCK,0,normal
493,1489605,4928,4941,-0.01950,-0.10140,-0.78000,0.78681,1003.62,1000,-3.62,50.07,201,2.3021,0.7282,LOCK,0,normal
494,1489615,4938,4951,0.05070,0.26910,-0.83460,0.87837,1003.63,1000,-3.63,50.07,201,2.2879,0.5133,LOCK,0,normal
495,1489625,4948,4961,-0.06630,0.12480,-0.79950,0.81189,1003.39,1000,-3.39,50.07,201,2.2733,0.2929,LOCK,0,normal
496,1489635,4958,4971,0.00780,0.09360,-0.89700,0.90190,1003.34,1000,-3.34,50.07,201,2.2741,0.3048,LOCK,0,normal
497,1489645,4968,4981,0.07800,-0.02730,-0.77220,0.77661,1003.32,1000,-3.32,50.07,201,2.3010,0.7120,LOCK,0,normal
498,1489655,4978,4991,0.01560,0.05460,-0.88530,0.88712,1003.31,1000,-3.31,50.07,201,2.3143,0.9132,LOCK,0,normal
499,1489665,4988,5001,0.03120,-0.09360,-0.75270,0.75914,1003.31,1000,-3.31,50.07,201,2.2665,0.1901,LOCK,0,normal
500,1489675,4998,5011,-0.01170,0.06630,-0.81900,0.82176,1003.31,1000,-3.31,50.07,201,2.2859,0.4840,LOCK,0,normal
501,1489685,5008,5021,-0.02730,0.31200,-0.71760,0.78297,1003.59,1000,-3.59,50.07,201,2.2964,0.6418,LOCK,0,normal
502,1489699,5022,5035,-0.04680,0.07020,-0.83460,0.83885,1003.63,1000,-3.63,50.07,201,2.2987,0.6778,LOCK,0,normal
503,1489707,5030,5043,0.03120,-0.09360,-0.74490,0.75141,1003.64,1000,-3.64,50.07,201,2.3039,0.7554,LOCK,0,normal
504,1489716,5039,5052,0.08580,-0.03510,-0.88140,0.88626,1003.64,1000,-3.64,50.07,201,2.3019,0.7258,LOCK,0,normal
505,1489725,5048,5061,0.08580,-0.03510,-0.88140,0.88626,1003.66,1000,-3.66,50.07,201,2.2979,0.6653,LOCK,0,normal
506,1489735,5058,5071,0.01950,-0.13650,-0.75270,0.76523,1003.68,1000,-3.68,50.07,201,2.3051,0.7743,LOCK,0,normal
507,1489745,5068,5081,-0.03120,0.05850,-0.74490,0.74784,1003.71,1000,-3.71,50.07,201,2.3026,0.7371,LOCK,0,normal
508,1489755,5078,5091,0.15990,-0.03120,-0.60060,0.62230,1003.72,1000,-3.72,50.07,201,2.3063,0.7926,LOCK,0,normal
509,1489765,5088,5101,0.01170,0.17550,-0.85020,0.86820,1003.72,1000,-3.72,50.07,201,2.3005,0.7047,LOCK,0,normal
510,1489775,5098,5111,0.08580,-0.01170,-0.76440,0.76929,1003.72,1000,-3.72,50.07,201,2.2793,0.3833,LOCK,0,normal
511,1489785,5108,5121,-0.01560,-0.02340,-0.90090,0.90134,1003.72,1000,-3.72,50.07,201,2.3029,0.7413,LOCK,0,normal
512,1489795,5118,5131,0.09360,0.13650,-0.72540,0.74404,1003.72,1000,-3.72,50.07,201,2.2859,0.4837,LOCK,0,normal
513,1489805,5128,5141,0.08580,0.01560,-0.76050,0.76548,1003.71,1000,-3.71,50.07,201,2.2801,0.3961,LOCK,0,normal
514,1489854,5177,5190,0.16770,0.11310,-0.76830,0.79448,1003.71,1000,-3.71,50.07,201,2.3144,0.9147,LOCK,0,normal
515,1489862,5185,5198,0.00780,0.02730,-0.79560,0.79611,1003.70,1000,-3.70,50.07,201,2.3047,0.7688,LOCK,0,normal
516,1489871,5194,5207,0.11310,-0.08190,-0.95940,0.96951,1003.70,1000,-3.70,50.07,201,2.3024,0.7340,LOCK,0,normal
517,1489879,5202,5215,0.11310,-0.08190,-0.95940,0.96951,1003.70,1000,-3.70,50.07,201,2.2998,0.6940,LOCK,0,normal
518,1489888,5211,5224,-0.10140,-0.12480,-0.80730,0.82316,1003.70,1000,-3.70,50.07,201,2.3038,0.7545,LOCK,0,normal
519,1489901,5224,5237,-0.03510,-0.09750,-0.78780,0.79459,1003.70,1000,-3.70,50.07,201,2.3040,0.7578,LOCK,0,normal
520,1489909,5232,5245,-0.03510,-0.09750,-0.78780,0.79459,1003.69,1000,-3.69,50.07,201,2.3029,0.7410,LOCK,0,normal
521,1489918,5241,5254,0.01950,0.14820,-0.83850,0.85172,1003.70,1000,-3.70,50.07,201,2.3089,0.8320,LOCK,0,normal
522,1489926,5249,5262,-0.07020,0.30420,-0.78390,0.84378,1003.70,1000,-3.70,50.07,201,2.2681,0.2133,LOCK,0,normal
523,1489935,5258,5271,0.02730,-0.02340,-0.83460,0.83537,1003.70,1000,-3.70,50.07,201,2.2817,0.4196,LOCK,0,normal
524,1489949,5272,5285,-0.04290,-0.23400,-0.80340,0.83788,1003.71,1000,-3.71,50.07,201,2.2855,0.4776,LOCK,0,normal
525,1489957,5280,5293,-0.00780,0.08580,-0.83070,0.83516,1003.71,1000,-3.71,50.07,201,2.3026,0.7358,LOCK,0,normal
526,1489966,5289,5302,-0.01170,0.12870,-0.78000,0.79063,1003.71,1000,-3.71,50.07,201,2.3001,0.6980,LOCK,0,normal
527,1489975,5298,5311,0.09360,0.32760,-0.76440,0.83689,1003.69,1000,-3.69,50.07,201,2.2857,0.4807,LOCK,0,normal
528,1489983,5306,5319,0.01560,0.17940,-0.73320,0.75499,1003.67,1000,-3.67,50.07,201,2.2846,0.4639,LOCK,0,normal
529,1489991,5314,5327,0.01560,0.17940,-0.73320,0.75499,1003.65,1000,-3.65,50.07,201,2.2752,0.3219,LOCK,0,normal
530,1490006,5329,5342,0.17160,-0.03120,-0.79560,0.81449,1003.64,1000,-3.64,50.07,201,2.2976,0.6608,LOCK,0,normal
531,1490014,5337,5350,0.14040,0.01560,-0.87750,0.88880,1003.62,1000,-3.62,50.07,201,2.3023,0.7316,LOCK,0,normal
532,1490023,5346,5359,0.14040,0.01560,-0.87750,0.88880,1003.61,1000,-3.61,50.07,201,2.3041,0.7584,LOCK,0,normal
533,1490031,5354,5367,-0.02340,-0.03900,-0.72930,0.73072,1003.60,1000,-3.60,50.07,201,2.3051,0.7743,LOCK,0,normal
534,1490040,5363,5376,-0.07410,0.02340,-0.81900,0.82268,1003.62,1000,-3.62,50.07,201,2.3091,0.8348,LOCK,0,normal
535,1490048,5371,5384,0.08970,0.07410,-0.56940,0.58117,1003.63,1000,-3.63,50.07,201,2.3003,0.7017,LOCK,0,normal
536,1490057,5380,5393,-0.03510,0.09360,-0.90090,0.90643,1003.65,1000,-3.65,50.07,201,2.3006,0.7065,LOCK,0,normal
537,1490065,5388,5401,0.06630,-0.05850,-0.75270,0.75788,1003.66,1000,-3.66,50.07,201,2.2806,0.4025,LOCK,0,normal
538,1490074,5397,5410,0.06630,-0.05850,-0.75270,0.75788,1003.68,1000,-3.68,50.07,201,2.2689,0.2255,LOCK,0,normal
539,1490082,5405,5418,-0.01170,-0.04290,-0.86970,0.87084,1003.69,1000,-3.69,50.07,201,2.2913,0.5655,LOCK,0,normal
540,1490111,5434,5447,0.03120,-0.30420,-0.59280,0.66703,1003.69,1000,-3.69,50.07,201,2.3047,0.7682,LOCK,0,normal
541,1490120,5443,5456,0.00780,0.10140,-0.85410,0.86013,1003.70,1000,-3.70,50.07,201,2.2969,0.6504,LOCK,0,normal
542,1490128,5451,5464,0.09360,-0.07800,-0.80730,0.81644,1003.70,1000,-3.70,50.07,201,2.2784,0.3695,LOCK,0,normal
543,1490137,5460,5473,0.06240,-0.02340,-0.86970,0.87225,1003.70,1000,-3.70,50.07,201,2.3013,0.7163,LOCK,0,normal
544,1490145,5468,5481,0.06240,-0.02340,-0.86970,0.87225,1003.71,1000,-3.71,50.07,201,2.2904,0.5515,LOCK,0,normal
545,1490154,5477,5490,0.11700,0.09360,-0.67080,0.68733,1003.70,1000,-3.70,50.07,201,2.2980,0.6672,LOCK,0,normal
546,1490162,5485,5498,-0.04290,0.09360,-0.83070,0.83706,1003.70,1000,-3.70,50.07,201,2.3050,0.7725,LOCK,0,normal
547,1490171,5494,5507,-0.02730,-0.04680,-0.89700,0.89863,1003.70,1000,-3.70,50.07,201,2.3073,0.8070,LOCK,0,normal
548,1490179,5502,5515,0.04290,0.00780,-0.79170,0.79290,1003.70,1000,-3.70,50.07,201,2.3083,0.8232,LOCK,0,normal
549,1490188,5511,5524,-0.08970,-0.02340,-0.74490,0.75065,1003.70,1000,-3.70,50.07,201,2.3009,0.7099,LOCK,0,normal
550,1490196,5519,5532,-0.08970,-0.02340,-0.74490,0.75065,1003.70,1000,-3.70,50.07,201,2.2970,0.6516,LOCK,0,normal
551,1490205,5528,5541,-0.02340,-0.10530,-0.85800,0.86475,1003.70,1000,-3.70,50.07,201,2.2960,0.6357,LOCK,0,normal
552,1490213,5536,5549,0.16380,0.24960,-0.83460,0.88639,1003.70,1000,-3.70,50.07,201,2.3097,0.8439,LOCK,0,normal
553,1490222,5545,5558,0.05850,0.12090,-0.78000,0.79148,1003.69,1000,-3.69,50.07,201,2.3012,0.7151,LOCK,0,normal
554,1490230,5553,5566,-0.00780,-0.07800,-0.86190,0.86546,1003.69,1000,-3.69,50.07,201,2.2876,0.5094,LOCK,0,normal
555,1490239,5562,5575,-0.01560,-0.03900,-0.81120,0.81229,1003.68,1000,-3.68,50.07,201,2.2954,0.6266,LOCK,0,normal
556,1490247,5570,5583,-0.01560,-0.03900,-0.81120,0.81229,1003.68,1000,-3.68,50.07,201,2.2700,0.2426,LOCK,0,normal
557,1490256,5579,5592,0.08970,-0.03510,-0.85410,0.85951,1003.67,1000,-3.67,50.07,201,2.2835,0.4477,LOCK,0,normal
558,1490264,5587,5600,-0.01170,-0.15210,-0.74880,0.76418,1003.67,1000,-3.67,50.07,201,2.2984,0.6727,LOCK,0,normal
559,1490273,5596,5609,0.08580,0.17940,-0.80730,0.83143,1003.66,1000,-3.66,50.07,201,2.3053,0.7780,LOCK,0,normal
560,1490281,5604,5617,-0.01170,0.39390,-0.74490,0.84272,1003.65,1000,-3.65,50.07,201,2.2727,0.2829,LOCK,0,normal
561,1490300,5623,5636,0.03900,-0.12870,-0.79950,0.81073,1003.64,1000,-3.64,50.07,201,2.2941,0.6073,LOCK,0,normal
562,1490313,5636,5649,0.05460,0.02730,-0.90090,0.90297,1003.63,1000,-3.63,50.07,201,2.3054,0.7792,LOCK,0,normal
563,1490322,5645,5658,-0.08190,0.00000,-0.75270,0.75714,1003.62,1000,-3.62,50.07,201,2.3016,0.7212,LOCK,0,normal
564,1490330,5653,5666,-0.08190,0.00000,-0.75270,0.75714,1003.61,1000,-3.61,50.07,201,2.3057,0.7835,LOCK,0,normal
565,1490339,5662,5675,0.14040,0.20670,-0.68640,0.73047,1003.63,1000,-3.63,50.07,201,2.3043,0.7624,LOCK,0,normal
566,1490347,5670,5683,-0.08580,0.27300,-0.72150,0.77618,1003.65,1000,-3.65,50.07,201,2.3066,0.7966,LOCK,0,normal
567,1490356,5679,5692,0.00000,0.14820,-0.83850,0.85150,1003.66,1000,-3.66,50.07,201,2.2919,0.5738,LOCK,0,normal
568,1490364,5687,5700,0.11310,-0.13260,-0.79170,0.81066,1003.68,1000,-3.68,50.07,201,2.2961,0.6372,LOCK,0,normal
569,1490373,5696,5709,0.16380,-0.06630,-0.83460,0.85310,1003.69,1000,-3.69,50.07,201,2.2986,0.6760,LOCK,0,normal
570,1490382,5705,5718,0.16380,-0.06630,-0.83460,0.85310,1003.70,1000,-3.70,50.07,201,2.2947,0.6165,LOCK,0,normal
571,1490390,5713,5726,-0.04290,-0.08190,-0.77220,0.77772,1003.71,1000,-3.71,50.07,201,2.2735,0.2948,LOCK,0,normal
572,1490399,5722,5735,-0.03900,0.11310,-0.84630,0.85471,1003.68,1000,-3.68,50.07,201,2.3001,0.6992,LOCK,0,normal
573,1490407,5730,5743,-0.10140,-0.26910,-0.52650,0.59992,1003.66,1000,-3.66,50.07,201,2.2949,0.6192,LOCK,0,normal
574,1490415,5738,5751,0.05850,0.12480,-0.86190,0.87285,1003.64,1000,-3.64,50.07,201,2.2837,0.4495,LOCK,0,normal
575,1490467,5790,5803,-0.09750,-0.24960,-0.78780,0.83213,1003.61,1000,-3.61,50.07,201,2.3102,0.8515,LOCK,0,normal
576,1490475,5798,5811,0.07020,0.07800,-0.81120,0.81796,1003.59,1000,-3.59,50.07,201,2.2998,0.6946,LOCK,0,normal
577,1490484,5807,5820,0.07020,0.07800,-0.81120,0.81796,1003.57,1000,-3.57,50.07,201,2.3074,0.8097,LOCK,0,normal
578,1490492,5815,5828,0.20280,-0.12870,-0.75270,0.79009,1003.55,1000,-3.55,50.07,201,2.3016,0.7218,LOCK,0,normal
579,1490501,5824,5837,0.07410,0.03510,-0.79560,0.79981,1003.53,1000,-3.53,50.07,201,2.3085,0.8265,LOCK,0,normal
580,1490514,5837,5850,0.10530,0.18720,-0.78000,0.80903,1003.52,1000,-3.52,50.07,201,2.3039,0.7566,LOCK,0,normal
581,1490523,5846,5859,0.02340,0.24180,-0.79170,0.82813,1003.50,1000,-3.50,50.07,201,2.2984,0.6721,LOCK,0,normal
582,1490531,5854,5867,-0.01560,-0.05460,-0.84240,0.84431,1003.48,1000,-3.48,50.07,201,2.3020,0.7270,LOCK,0,normal
583,1490540,5863,5876,-0.07410,-0.08970,-0.80730,0.81564,1003.47,1000,-3.47,50.07,201,2.2776,0.3570,LOCK,0,normal
584,1490548,5871,5884,-0.00390,0.08970,-0.80340,0.80840,1003.45,1000,-3.45,50.07,201,2.2862,0.4877,LOCK,0,normal
585,1490557,5880,5893,-0.03120,-0.10920,-0.82680,0.83456,1003.44,1000,-3.44,50.07,201,2.2826,0.4336,LOCK,0,normal
586,1490565,5888,5901,-0.03120,-0.10920,-0.82680,0.83456,1003.43,1000,-3.43,50.07,201,2.2954,0.6269,LOCK,0,normal
587,1490574,5897,5910,0.14820,0.23790,-0.73320,0.78495,1003.41,1000,-3.41,50.07,201,2.3085,0.8256,LOCK,0,normal
588,1490582,5905,5918,-0.04680,0.26130,-0.80730,0.84982,1003.39,1000,-3.39,50.07,201,2.3073,0.8079,LOCK,0,normal
589,1490591,5914,5927,0.00390,-0.01560,-0.83460,0.83475,1003.38,1000,-3.38,50.07,201,2.2902,0.5490,LOCK,0,normal
590,1490599,5922,5935,0.00390,0.01560,-0.81900,0.81916,1003.36,1000,-3.36,50.07,201,2.3001,0.6980,LOCK,0,normal
591,1490608,5931,5944,0.00390,0.01560,-0.81900,0.81916,1003.35,1000,-3.35,50.07,201,2.2841,0.4565,LOCK,0,normal
592,1490616,5939,5952,0.11700,-0.05850,-0.83070,0.84094,1003.34,1000,-3.34,50.07,201,2.2908,0.5576,LOCK,0,normal
593,1490625,5948,5961,-0.00780,-0.11310,-0.72150,0.73035,1003.33,1000,-3.33,50.07,201,2.3121,0.8799,LOCK,0,normal
594,1490633,5956,5969,0.04680,0.11700,-0.79560,0.80552,1003.31,1000,-3.31,50.07,201,2.3053,0.7768,LOCK,0,normal
595,1490642,5965,5978,0.01950,0.35490,-0.69420,0.77990,1003.30,1000,-3.30,50.07,201,2.3023,0.7313,LOCK,0,normal
596,1490650,5973,5986,0.00780,0.08580,-0.84630,0.85067,1003.28,1000,-3.28,50.07,201,2.3021,0.7291,LOCK,0,normal
597,1490659,5982,5995,0.00780,0.08580,-0.84630,0.85067,1003.27,1000,-3.27,50.07,201,2.3069,0.8018,LOCK,0,normal
598,1490667,5990,6003,0.08970,-0.05850,-0.78780,0.79505,1003.26,1000,-3.26,50.07,201,2.3019,0.7255,LOCK,0,normal
599,1490676,5999,6012,-0.00780,-0.02730,-0.85020,0.85067,1003.25,1000,-3.25,50.07,201,2.2815,0.4159,LOCK,0,normal
600,1490684,6007,6020,-0.07020,-0.05850,-0.74880,0.75436,1003.24,1000,-3.24,50.07,201,2.2953,0.6253,LOCK,0,normal
601,1490693,6016,6029,0.18330,0.10530,-0.72930,0.75932,1003.26,1000,-3.26,50.07,201,2.2882,0.5185,LOCK,0,normal
602,1490716,6039,6052,0.03120,0.12090,-0.75270,0.76299,1003.28,1000,-3.28,50.07,201,2.2889,0.5286,LOCK,0,normal
603,1490724,6047,6060,0.02340,-0.15600,-0.79950,0.81491,1003.29,1000,-3.29,50.07,201,2.3009,0.7111,LOCK,0,normal
604,1490733,6056,6069,0.14040,0.03900,-0.83070,0.84338,1003.30,1000,-3.30,50.07,201,2.2987,0.6775,LOCK,0,normal
605,1490742,6065,6078,-0.01950,-0.01950,-0.81120,0.81167,1003.31,1000,-3.31,50.07,201,2.3007,0.7078,LOCK,0,normal
606,1490750,6073,6086,-0.01950,-0.01950,-0.81120,0.81167,1003.32,1000,-3.32,50.07,201,2.3020,0.7267,LOCK,0,normal
607,1490758,6081,6094,-0.05460,0.11310,-0.83070,0.84014,1003.30,1000,-3.30,50.07,201,2.3032,0.7453,LOCK,0,normal
608,1490767,6090,6103,0.02730,-0.17160,-0.60450,0.62898,1003.28,1000,-3.28,50.07,201,2.2904,0.5518,LOCK,0,normal
609,1490775,6098,6111,-0.06240,0.12480,-0.91260,0.92321,1003.25,1000,-3.25,50.07,201,2.3005,0.7047,LOCK,0,normal
610,1490784,6107,6120,0.05070,-0.06240,-0.76050,0.76474,1003.24,1000,-3.24,50.07,201,2.2977,0.6620,LOCK,0,normal
611,1490792,6115,6128,0.05070,-0.06240,-0.76050,0.76474,1003.22,1000,-3.22,50.07,201,2.2702,0.2456,LOCK,0,normal
612,1490801,6124,6137,-0.04680,-0.11700,-0.89310,0.90195,1003.20,1000,-3.20,50.07,201,2.2825,0.4324,LOCK,0,normal
613,1490809,6132,6145,0.03120,0.17160,-0.71370,0.73470,1003.19,1000,-3.19,50.07,201,2.2997,0.6931,LOCK,0,normal
614,1490818,6141,6154,0.16770,0.09750,-0.75270,0.77729,1003.17,1000,-3.17,50.07,201,2.2880,0.5155,LOCK,0,normal
615,1490828,6151,6164,-0.07800,-0.15990,-0.77610,0.79623,1003.14,1000,-3.14,50.07,201,2.3070,0.8033,LOCK,0,normal
616,1490836,6159,6172,0.03120,0.03510,-0.81510,0.81645,1003.12,1000,-3.12,50.07,201,2.3081,0.8198,LOCK,0,normal
617,1490845,6168,6181,0.08970,-0.23400,-0.74880,0.78962,1003.10,1000,-3.10,50.07,201,2.3080,0.8189,LOCK,0,normal
618,1490855,6178,6191,-0.00780,0.01560,-0.80340,0.80359,1003.00,1000,-3.00,50.07,201,2.2989,0.6806,LOCK,0,normal
619,1490865,6188,6201,0.12870,0.20280,-0.76440,0.80125,1002.95,1000,-2.95,50.07,201,2.2993,0.6870,LOCK,0,normal
620,1490875,6198,6211,0.00390,0.22230,-0.74880,0.78111,1002.86,1000,-2.86,50.07,201,2.3112,0.8671,LOCK,0,normal
621,1490885,6208,6221,0.00390,0.22230,-0.74880,0.78111,1002.83,1000,-2.83,50.07,201,2.3052,0.7755,LOCK,0,normal
622,1490895,6218,6231,-0.00780,-0.08190,-0.92430,0.92795,1002.82,1000,-2.82,50.07,201,2.2860,0.4855,LOCK,0,normal
623,1490905,6228,6241,-0.15210,-0.09750,-0.79170,0.81205,1002.82,1000,-2.82,50.07,201,2.2885,0.5222,LOCK,0,normal
624,1490918,6241,6254,-0.02730,-0.05850,-0.82680,0.82932,1002.82,1000,-2.82,50.07,201,2.2861,0.4871,LOCK,0,normal
625,1490926,6249,6262,0.11310,0.18720,-0.76440,0.79507,1002.82,1000,-2.82,50.07,201,2.3112,0.8665,LOCK,0,normal
626,1490935,6258,6271,0.11310,0.18720,-0.76440,0.79507,1002.81,1000,-2.81,50.07,201,2.2995,0.6888,LOCK,0,normal
627,1490945,6268,6281,-0.05460,0.28470,-0.78390,0.83578,1002.80,1000,-2.80,50.07,201,2.3037,0.7526,LOCK,0,normal
628,1490955,6278,6291,-0.02730,0.00000,-0.76440,0.76489,1002.80,1000,-2.80,50.07,201,2.2960,0.6357,LOCK,0,normal
629,1490965,6288,6301,0.03120,0.03900,-0.85800,0.85945,1002.80,1000,-2.80,50.07,201,2.3084,0.8241,LOCK,0,normal
630,1490975,6298,6311,0.12090,0.02340,-0.81120,0.82049,1002.79,1000,-2.79,50.07,201,2.3050,0.7734,LOCK,0,normal
631,1490985,6308,6321,0.00390,-0.18330,-0.74880,0.77092,1002.79,1000,-2.79,50.07,201,2.3040,0.7578,LOCK,0,normal
632,1490995,6318,6331,0.09750,0.10920,-0.78000,0.79362,1002.80,1000,-2.80,50.07,201,2.3067,0.7981,LOCK,0,normal
633,1491005,6328,6341,-0.08190,0.18330,-0.68640,0.71516,1002.80,1000,-2.80,50.07,201,2.2772,0.3509,LOCK,0,normal
634,1491015,6338,6351,0.01950,0.09750,-0.89310,0.89862,1002.81,1000,-2.81,50.07,201,2.2805,0.4013,LOCK,0,normal
635,1491025,6348,6361,0.05850,-0.05070,-0.78780,0.79159,1002.81,1000,-2.81,50.07,201,2.2885,0.5228,LOCK,0,normal
636,1491050,6373,6386,0.07020,0.04680,-0.75660,0.76129,1002.81,1000,-2.81,50.07,201,2.3089,0.8314,LOCK,0,normal
637,1491059,6382,6395,0.07020,0.04680,-0.75660,0.76129,1002.79,1000,-2.79,50.07,201,2.3023,0.7325,LOCK,0,normal
638,1491067,6390,6403,-0.04290,0.15990,-0.75660,0.77450,1002.78,1000,-2.78,50.07,201,2.3063,0.7926,LOCK,0,normal
639,1491076,6399,6412,0.02730,0.11310,-0.81120,0.81950,1002.77,1000,-2.77,50.07,201,2.3013,0.7166,LOCK,0,normal
640,1491084,6407,6420,0.04680,-0.23010,-0.74880,0.78475,1002.76,1000,-2.76,50.07,201,2.2937,0.6012,LOCK,0,normal
641,1491093,6416,6429,0.14040,0.06240,-0.78390,0.79881,1002.75,1000,-2.75,50.07,201,2.3034,0.7484,LOCK,0,normal
642,1491101,6424,6437,0.01170,-0.05850,-0.81120,0.81339,1002.74,1000,-2.74,50.07,201,2.2769,0.3463,LOCK,0,normal
643,1491110,6433,6446,0.01170,-0.05850,-0.81120,0.81339,1002.73,1000,-2.73,50.07,201,2.2932,0.5945,LOCK,0,normal
644,1491123,6446,6459,0.14430,-0.07410,-0.63180,0.65229,1002.73,1000,-2.73,50.07,201,2.2787,0.3735,LOCK,0,normal
645,1491131,6454,6467,-0.03120,0.13650,-0.86970,0.88090,1002.73,1000,-2.73,50.07,201,2.3016,0.7209,LOCK,0,normal
646,1491140,6463,6476,-0.03120,0.13650,-0.86970,0.88090,1002.73,1000,-2.73,50.07,201,2.3044,0.7639,LOCK,0,normal
647,1491148,6471,6484,0.06630,-0.02730,-0.73320,0.73670,1002.73,1000,-2.73,50.07,201,2.3061,0.7887,LOCK,0,normal
648,1491157,6480,6493,-0.08970,-0.08970,-0.83850,0.84804,1002.73,1000,-2.73,50.07,201,2.3084,0.8241,LOCK,0,normal
649,1491166,6489,6502,0.11700,0.12870,-0.72540,0.74596,1002.73,1000,-2.73,50.07,201,2.3080,0.8177,LOCK,0,normal
650,1491175,6498,6511,0.14820,0.09750,-0.80730,0.82656,1002.68,1000,-2.68,50.07,201,2.3026,0.7362,LOCK,0,normal
651,1491185,6508,6521,-0.10140,-0.17550,-0.69030,0.71944,1002.63,1000,-2.63,50.07,201,2.3050,0.7725,LOCK,0,normal
652,1491195,6518,6531,0.02340,0.08190,-0.83460,0.83894,1002.61,1000,-2.61,50.07,201,2.2982,0.6696,LOCK,0,normal
653,1491205,6528,6541,0.07800,-0.07800,-0.78000,0.78776,1002.61,1000,-2.61,50.07,201,2.2917,0.5713,LOCK,0,normal
654,1491215,6538,6551,0.00780,-0.03510,-0.86190,0.86265,1002.60,1000,-2.60,50.07,201,2.2840,0.4541,LOCK,0,normal
655,1491225,6548,6561,0.13650,0.10530,-0.72150,0.74181,1002.60,1000,-2.60,50.07,201,2.3018,0.7239,LOCK,0,normal
656,1491235,6558,6571,0.10140,0.07800,-0.67470,0.68672,1002.58,1000,-2.58,50.07,201,2.3040,0.7581,LOCK,0,normal
657,1491245,6568,6581,-0.03120,-0.00390,-0.92430,0.92483,1002.57,1000,-2.57,50.07,201,2.3065,0.7960,LOCK,0,normal
658,1491255,6578,6591,-0.12480,-0.08970,-0.85410,0.86782,1002.57,1000,-2.57,50.07,201,2.3010,0.7120,LOCK,0,normal
659,1491265,6588,6601,-0.06630,0.05460,-0.79170,0.79635,1002.57,1000,-2.57,50.07,201,2.2920,0.5762,LOCK,0,normal
660,1491275,6598,6611,-0.06630,0.05460,-0.79170,0.79635,1002.57,1000,-2.57,50.07,201,2.3011,0.7142,LOCK,0,normal
661,1491285,6608,6621,-0.05850,-0.06630,-0.80340,0.80825,1002.57,1000,-2.57,50.07,201,2.3097,0.8436,LOCK,0,normal
662,1491295,6618,6631,0.03120,0.14040,-0.75660,0.77015,1002.61,1000,-2.61,50.07,201,2.2663,0.1858,LOCK,0,normal
663,1491305,6628,6641,-0.22620,0.20670,-0.85410,0.90740,1002.62,1000,-2.62,50.07,201,2.2862,0.4877,LOCK,0,normal
664,1491315,6638,6651,0.05070,0.05850,-0.80730,0.81100,1002.62,1000,-2.62,50.07,201,2.2837,0.4504,LOCK,0,normal
665,1491328,6651,6664,0.03120,0.15210,-0.76830,0.78383,1002.62,1000,-2.62,50.07,201,2.2877,0.5109,LOCK,0,normal
666,1491337,6660,6673,-0.04680,-0.19890,-0.79560,0.82142,1002.62,1000,-2.62,50.07,201,2.3006,0.7059,LOCK,0,normal
667,1491346,6669,6682,-0.04680,-0.19890,-0.79560,0.82142,1002.62,1000,-2.62,50.07,201,2.3025,0.7343,LOCK,0,normal
668,1491355,6678,6691,0.07800,0.17160,-0.88920,0.90896,1002.70,1000,-2.70,50.07,201,2.2759,0.3311,LOCK,0,normal
669,1491365,6688,6701,-0.05070,0.17940,-0.74880,0.77166,1002.79,1000,-2.79,50.07,201,2.2813,0.4138,LOCK,0,normal
670,1491375,6698,6711,0.03900,0.12090,-0.89700,0.90595,1002.82,1000,-2.82,50.07,201,2.2729,0.2859,LOCK,0,normal
671,1491385,6708,6721,0.08190,-0.07020,-0.76050,0.76811,1002.83,1000,-2.83,50.07,201,2.2825,0.4315,LOCK,0,normal
672,1491395,6718,6731,-0.03510,0.00000,-0.92430,0.92497,1002.83,1000,-2.83,50.07,201,2.3068,0.7996,LOCK,0,normal
673,1491405,6728,6741,-0.02730,-0.13260,-0.76830,0.78014,1002.83,1000,-2.83,50.07,201,2.3069,0.8021,LOCK,0,normal
674,1491415,6738,6751,0.02340,0.05070,-0.76440,0.76644,1002.80,1000,-2.80,50.07,201,2.3012,0.7157,LOCK,0,normal
675,1491425,6748,6761,-0.03120,0.21060,-0.70200,0.73357,1002.78,1000,-2.78,50.07,201,2.3080,0.8189,LOCK,0,normal
676,1491435,6758,6771,0.02340,0.10920,-0.79560,0.80340,1002.78,1000,-2.78,50.07,201,2.3122,0.8815,LOCK,0,normal
677,1491445,6768,6781,0.09750,-0.12870,-0.83850,0.85390,1002.78,1000,-2.78,50.07,201,2.2998,0.6946,LOCK,0,normal
678,1491455,6778,6791,0.12090,0.07020,-0.84630,0.85777,1002.78,1000,-2.78,50.07,201,2.3020,0.7279,LOCK,0,normal
679,1491465,6788,6801,0.06240,0.02340,-0.72930,0.73234,1002.78,1000,-2.78,50.07,201,2.2993,0.6864,LOCK,0,normal
680,1491475,6798,6811,-0.11700,0.26520,-0.78780,0.83943,1002.80,1000,-2.80,50.07,201,2.2702,0.2456,LOCK,0,normal
681,1491485,6808,6821,0.16770,0.08580,-0.67080,0.69675,1002.81,1000,-2.81,50.07,201,2.2893,0.5356,LOCK,0,normal
682,1491495,6818,6831,-0.00390,0.18720,-0.86970,0.88963,1002.81,1000,-2.81,50.07,201,2.3055,0.7798,LOCK,0,normal
683,1491505,6828,6841,0.10530,0.07020,-0.69810,0.70948,1002.81,1000,-2.81,50.07,201,2.3029,0.7416,LOCK,0,normal
684,1491515,6838,6851,-0.02340,-0.06240,-0.93990,0.94226,1002.81,1000,-2.81,50.07,201,2.2985,0.6748,LOCK,0,normal
685,1491528,6851,6864,0.07410,0.08580,-0.69810,0.70725,1002.81,1000,-2.81,50.07,201,2.2844,0.4602,LOCK,0,normal
686,1491536,6859,6872,0.13650,0.02730,-0.76830,0.78081,1002.81,1000,-2.81,50.07,201,2.2858,0.4822,LOCK,0,normal
687,1491545,6868,6881,-0.26520,-0.28080,-0.67470,0.77743,1002.82,1000,-2.82,50.07,201,2.3008,0.7096,LOCK,0,normal
688,1491555,6878,6891,0.09360,-0.05070,-0.84240,0.84910,1002.83,1000,-2.83,50.07,201,2.2994,0.6879,LOCK,0,normal
689,1491565,6888,6901,0.12090,0.07020,-0.80340,0.81547,1002.84,1000,-2.84,50.07,201,2.3084,0.8244,LOCK,0,normal
690,1491575,6898,6911,-0.03900,-0.02730,-0.88140,0.88268,1002.84,1000,-2.84,50.07,201,2.3011,0.7136,LOCK,0,normal
691,1491585,6908,6921,0.17940,0.01560,-0.71760,0.73985,1002.84,1000,-2.84,50.07,201,2.3089,0.8314,LOCK,0,normal
692,1491595,6918,6931,-0.00390,-0.04290,-0.66690,0.66829,1002.92,1000,-2.92,50.07,201,2.3053,0.7768,LOCK,0,normal
693,1491605,6928,6941,0.08190,-0.00390,-0.97890,0.98233,1002.94,1000,-2.94,50.07,201,2.3045,0.7645,LOCK,0,normal
694,1491615,6938,6951,-0.12480,-0.11310,-0.80730,0.82468,1002.95,1000,-2.95,50.07,201,2.2983,0.6717,LOCK,0,normal
695,1491625,6948,6961,-0.09750,0.07020,-0.79560,0.80462,1002.95,1000,-2.95,50.07,201,2.2865,0.4932,LOCK,0,normal
696,1491635,6958,6971,-0.06630,-0.12480,-0.78000,0.79270,1002.95,1000,-2.95,50.07,201,2.2737,0.2990,LOCK,0,normal
697,1491645,6968,6981,0.05460,0.18330,-0.79950,0.82206,1002.95,1000,-2.95,50.07,201,2.2917,0.5713,LOCK,0,normal
698,1491655,6978,6991,-0.10920,0.25740,-0.82680,0.87280,1002.81,1000,-2.81,50.07,201,2.2814,0.4144,LOCK,0,normal
699,1491697,7020,7033,-0.04290,-0.04680,-0.80340,0.80590,1002.80,1000,-2.80,50.07,201,2.3057,0.7835,LOCK,0,normal
700,1491705,7028,7041,-0.04290,-0.04680,-0.80340,0.80590,1002.79,1000,-2.79,50.07,201,2.2985,0.6748,LOCK,0,normal
701,1491714,7037,7050,0.09360,0.30420,-0.86190,0.91879,1002.83,1000,-2.83,50.07,201,2.3006,0.7059,LOCK,0,normal
702,1491722,7045,7058,0.03510,0.13260,-0.76830,0.78045,1002.87,1000,-2.87,50.07,201,2.3072,0.8054,LOCK,0,normal
703,1491736,7059,7072,-0.01950,-0.04680,-0.80340,0.80500,1002.90,1000,-2.90,50.07,201,2.3054,0.7786,LOCK,0,normal
704,1491744,7067,7080,0.05070,-0.08580,-0.79950,0.80569,1002.93,1000,-2.93,50.07,201,2.2990,0.6824,LOCK,0,normal
705,1491753,7076,7089,-0.00780,-0.02340,-0.86970,0.87005,1002.95,1000,-2.95,50.07,201,2.3048,0.7694,LOCK,0,normal
706,1491761,7084,7097,0.01560,-0.08970,-0.75660,0.76206,1002.97,1000,-2.97,50.07,201,2.3025,0.7343,LOCK,0,normal
707,1491770,7093,7106,-0.06240,0.08190,-0.78390,0.79063,1003.01,1000,-3.01,50.07,201,2.2865,0.4926,LOCK,0,normal
708,1491778,7101,7114,0.00390,0.22620,-0.67080,0.70792,1003.04,1000,-3.04,50.07,201,2.2952,0.6244,LOCK,0,normal
709,1491786,7109,7122,0.00390,0.22620,-0.67080,0.70792,1003.07,1000,-3.07,50.07,201,2.2743,0.3079,LOCK,0,normal
710,1491795,7118,7131,-0.06240,0.19500,-0.88140,0.90487,1003.09,1000,-3.09,50.07,201,2.3028,0.7392,LOCK,0,normal
711,1491804,7127,7140,0.10530,-0.05850,-0.79560,0.80467,1003.12,1000,-3.12,50.07,201,2.3019,0.7252,LOCK,0,normal
712,1491812,7135,7148,0.05460,-0.01950,-0.84240,0.84439,1003.14,1000,-3.14,50.07,201,2.2989,0.6803,LOCK,0,normal
713,1491821,7144,7157,0.03120,-0.16380,-0.67860,0.69879,1003.16,1000,-3.16,50.07,201,2.2789,0.3778,LOCK,0,normal
714,1491829,7152,7165,0.19500,0.12090,-0.70980,0.74596,1003.15,1000,-3.15,50.07,201,2.2854,0.4752,LOCK,0,normal
715,1491837,7160,7173,0.19500,0.12090,-0.70980,0.74596,1003.15,1000,-3.15,50.07,201,2.2725,0.2798,LOCK,0,normal
716,1491849,7172,7185,0.14820,0.13650,-0.67470,0.70414,1003.14,1000,-3.14,50.07,201,2.3009,0.7099,LOCK,0,normal
717,1491857,7180,7193,-0.04290,0.11700,-0.86970,0.87858,1003.14,1000,-3.14,50.07,201,2.3044,0.7642,LOCK,0,normal
718,1491866,7189,7202,0.03120,-0.08190,-0.76830,0.77328,1003.13,1000,-3.13,50.07,201,2.2973,0.6565,LOCK,0,normal
719,1491874,7197,7210,0.03510,-0.02730,-0.91260,0.91368,1003.13,1000,-3.13,50.07,201,2.3036,0.7517,LOCK,0,normal
720,1491883,7206,7219,0.11310,0.09360,-0.70590,0.72100,1003.13,1000,-3.13,50.07,201,2.3058,0.7850,LOCK,0,normal
721,1491892,7215,7228,-0.04290,0.05070,-0.77610,0.77894,1003.16,1000,-3.16,50.07,201,2.3011,0.7142,LOCK,0,normal
722,1491900,7223,7236,-0.04290,0.05070,-0.77610,0.77894,1003.18,1000,-3.18,50.07,201,2.3001,0.6992,LOCK,0,normal
723,1491909,7232,7245,-0.04290,-0.08580,-0.87750,0.88273,1003.21,1000,-3.21,50.07,201,2.2764,0.3387,LOCK,0,normal
724,1491917,7240,7253,0.06630,0.02340,-0.81510,0.81813,1003.23,1000,-3.23,50.07,201,2.2866,0.4944,LOCK,0,normal
725,1491925,7248,7261,-0.04680,-0.02730,-0.74100,0.74298,1003.25,1000,-3.25,50.07,201,2.2819,0.4221,LOCK,0,normal
726,1491939,7262,7275,-0.01950,-0.06630,-0.86190,0.86467,1003.27,1000,-3.27,50.07,201,2.2809,0.4080,LOCK,0,normal
727,1491952,7275,7288,0.12090,0.17940,-0.85410,0.88107,1003.29,1000,-3.29,50.07,201,2.3123,0.8827,LOCK,0,normal
728,1491960,7283,7296,0.06630,0.08190,-0.78390,0.79095,1003.32,1000,-3.32,50.07,201,2.3048,0.7694,LOCK,0,normal
729,1491969,7292,7305,0.06630,-0.05070,-0.92430,0.92806,1003.34,1000,-3.34,50.07,201,2.2781,0.3647,LOCK,0,normal
730,1491977,7300,7313,-0.08190,-0.02730,-0.79560,0.80027,1003.36,1000,-3.36,50.07,201,2.3110,0.8631,LOCK,0,normal
731,1491985,7308,7321,0.06240,-0.04680,-0.82680,0.83047,1003.38,1000,-3.38,50.07,201,2.2945,0.6141,LOCK,0,normal
732,1491995,7318,7331,0.00780,-0.09360,-0.77610,0.78176,1003.45,1000,-3.45,50.07,201,2.2928,0.5878,LOCK,0,normal
733,1492005,7328,7341,0.11700,0.19110,-0.75660,0.78908,1003.48,1000,-3.48,50.07,201,2.3127,0.8888,LOCK,0,normal
734,1492015,7338,7351,-0.05850,0.33150,-0.79170,0.86029,1003.57,1000,-3.57,50.07,201,2.2993,0.6858,LOCK,0,normal
735,1492025,7348,7361,0.00780,-0.05070,-0.81510,0.81671,1003.60,1000,-3.60,50.07,201,2.3130,0.8946,LOCK,0,normal
736,1492035,7358,7371,0.07800,-0.21840,-0.81510,0.84745,1003.61,1000,-3.61,50.07,201,2.3008,0.7084,LOCK,0,normal
737,1492045,7368,7381,0.02730,0.05460,-0.82680,0.82905,1003.62,1000,-3.62,50.07,201,2.2959,0.6342,LOCK,0,normal
738,1492055,7378,7391,0.02730,0.05460,-0.82680,0.82905,1003.62,1000,-3.62,50.07,201,2.2993,0.6864,LOCK,0,normal
739,1492065,7388,7401,-0.02340,0.10530,-0.78000,0.78742,1003.62,1000,-3.62,50.07,201,2.3054,0.7786,LOCK,0,normal
740,1492075,7398,7411,0.10140,0.30810,-0.73320,0.80174,1003.65,1000,-3.65,50.07,201,2.2747,0.3137,LOCK,0,normal
741,1492085,7408,7421,-0.04290,0.18330,-0.75660,0.77967,1003.65,1000,-3.65,50.07,201,2.2889,0.5283,LOCK,0,normal
742,1492095,7418,7431,-0.01950,0.06240,-0.78390,0.78662,1003.66,1000,-3.66,50.07,201,2.2956,0.6296,LOCK,0,normal
743,1492105,7428,7441,0.09750,-0.15600,-0.81120,0.83180,1003.66,1000,-3.66,50.07,201,2.3112,0.8662,LOCK,0,normal
744,1492115,7438,7451,0.13650,-0.07020,-0.87750,0.89082,1003.66,1000,-3.66,50.07,201,2.3042,0.7606,LOCK,0,normal
745,1492125,7448,7461,0.01950,-0.04680,-0.76050,0.76219,1003.66,1000,-3.66,50.07,201,2.2810,0.4098,LOCK,0,normal
746,1492139,7462,7475,-0.05460,-0.05460,-0.56940,0.57461,1003.69,1000,-3.69,50.07,201,2.2920,0.5759,LOCK,0,normal
747,1492147,7470,7483,-0.05460,-0.05460,-0.56940,0.57461,1003.70,1000,-3.70,50.07,201,2.2830,0.4388,LOCK,0,normal
748,1492155,7478,7491,-0.06630,0.18330,-0.92430,0.94463,1003.70,1000,-3.70,50.07,201,2.2992,0.6849,LOCK,0,normal
749,1492165,7488,7501,0.04290,-0.04680,-0.75660,0.75926,1003.72,1000,-3.72,50.07,201,2.3028,0.7401,LOCK,0,normal
750,1492175,7498,7511,-0.04680,-0.08970,-0.84630,0.85233,1003.73,1000,-3.73,50.07,201,2.3062,0.7908,LOCK,0,normal
751,1492185,7508,7521,0.10530,-0.06630,-0.76050,0.77061,1003.74,1000,-3.74,50.07,201,2.3177,0.9657,LOCK,0,normal
752,1492195,7518,7531,0.15600,0.01170,-0.69030,0.70780,1003.78,1000,-3.78,50.07,201,2.3034,0.7484,LOCK,0,normal
753,1492205,7528,7541,-0.08190,-0.41340,-0.64350,0.76922,1003.79,1000,-3.79,50.07,201,2.2962,0.6388,LOCK,0,normal
754,1492215,7538,7551,0.01560,0.04290,-0.79170,0.79301,1003.79,1000,-3.79,50.07,201,2.2986,0.6763,LOCK,0,normal
755,1492225,7548,7561,0.16770,-0.01950,-0.82680,0.84386,1003.80,1000,-3.80,50.07,201,2.2907,0.5561,LOCK,0,normal
756,1492304,7627,7640,0.11700,0.24180,-0.83460,0.87676,1003.80,1000,-3.80,50.07,201,2.3081,0.8201,LOCK,0,normal
757,1492313,7636,7649,-0.02730,0.22230,-0.83460,0.86413,1003.82,1000,-3.82,50.07,201,2.3018,0.7236,LOCK,0,normal
758,1492321,7644,7657,-0.02730,0.22230,-0.83460,0.86413,1003.83,1000,-3.83,50.07,201,2.3017,0.7221,LOCK,0,normal
759,1492330,7653,7666,0.01170,0.02340,-0.82680,0.82721,1003.84,1000,-3.84,50.07,201,2.2996,0.6913,LOCK,0,normal
760,1492343,7666,7679,0.11310,0.03510,-0.85410,0.86227,1003.85,1000,-3.85,50.07,201,2.3014,0.7175,LOCK,0,normal
761,1492352,7675,7688,0.11310,0.03510,-0.85410,0.86227,1003.87,1000,-3.87,50.07,201,2.3032,0.7450,LOCK,0,normal
762,1492360,7683,7696,-0.01950,-0.05460,-0.75660,0.75882,1003.87,1000,-3.87,50.07,201,2.3066,0.7966,LOCK,0,normal
763,1492369,7692,7705,0.11310,0.13650,-0.76830,0.78849,1003.92,1000,-3.92,50.07,201,2.3096,0.8427,LOCK,0,normal
764,1492377,7700,7713,-0.02730,0.31980,-0.69030,0.76127,1003.97,1000,-3.97,50.07,201,2.2726,0.2816,LOCK,0,normal
765,1492386,7709,7722,-0.00780,0.08190,-0.91260,0.91630,1004.01,1000,-4.01,50.07,201,2.2948,0.6180,LOCK,0,normal
766,1492394,7717,7730,0.12870,-0.10140,-0.85410,0.86967,1004.04,1000,-4.04,50.07,201,2.2951,0.6232,LOCK,0,normal
767,1492403,7726,7739,0.12870,-0.10140,-0.85410,0.86967,1004.07,1000,-4.07,50.07,201,2.2918,0.5735,LOCK,0,normal
768,1492413,7736,7749,0.07800,-0.06630,-0.85410,0.86021,1004.10,1000,-4.10,50.07,201,2.3077,0.8143,LOCK,0,normal
769,1492421,7744,7757,-0.01950,-0.04680,-0.67860,0.68049,1004.13,1000,-4.13,50.07,201,2.2980,0.6672,LOCK,0,normal
770,1492430,7753,7766,0.10530,0.15210,-0.72540,0.74862,1004.13,1000,-4.13,50.07,201,2.2825,0.4318,LOCK,0,normal
771,1492438,7761,7774,-0.03510,0.36660,-0.72150,0.81006,1004.13,1000,-4.13,50.07,201,2.2735,0.2957,LOCK,0,normal
772,1492447,7770,7783,-0.03510,0.08970,-0.78000,0.78592,1004.14,1000,-4.14,50.07,201,2.2892,0.5335,LOCK,0,normal
773,1492455,7778,7791,0.05460,-0.04680,-0.81120,0.81438,1004.14,1000,-4.14,50.07,201,2.2786,0.3732,LOCK,0,normal
774,1492465,7788,7801,0.05460,-0.04680,-0.81120,0.81438,1004.14,1000,-4.14,50.07,201,2.3068,0.7993,LOCK,0,normal
775,1492473,7796,7809,0.19110,-0.00780,-0.86580,0.88667,1004.14,1000,-4.14,50.07,201,2.2999,0.6953,LOCK,0,normal
776,1492482,7805,7818,0.04680,0.00780,-0.71370,0.71528,1004.14,1000,-4.14,50.07,201,2.3022,0.7304,LOCK,0,normal
777,1492490,7813,7826,0.00390,0.09750,-0.85410,0.85966,1004.15,1000,-4.15,50.07,201,2.2998,0.6943,LOCK,0,normal
778,1492499,7822,7835,-0.08970,-0.32370,-0.59670,0.68475,1004.16,1000,-4.16,50.07,201,2.2994,0.6876,LOCK,0,normal
779,1492507,7830,7843,0.07020,0.03510,-0.84630,0.84993,1004.16,1000,-4.16,50.07,201,2.3020,0.7279,LOCK,0,normal
780,1492516,7839,7852,0.07020,0.03510,-0.84630,0.84993,1004.17,1000,-4.17,50.07,201,2.2608,0.1031,LOCK,0,normal
781,1492524,7847,7860,0.15210,0.04290,-0.71760,0.73480,1004.17,1000,-4.17,50.07,201,2.2878,0.5127,LOCK,0,normal
782,1492533,7856,7869,-0.04680,-0.05850,-0.88920,0.89235,1004.18,1000,-4.18,50.07,201,2.2849,0.4681,LOCK,0,normal
783,1492546,7869,7882,-0.01170,0.09360,-0.79950,0.80505,1004.18,1000,-4.18,50.07,201,2.2885,0.5234,LOCK,0,normal
784,1492568,7891,7904,-0.06240,-0.14820,-0.87750,0.89211,1004.22,1000,-4.22,50.07,201,2.3014,0.7188,LOCK,0,normal
785,1492576,7899,7912,0.05850,0.08970,-0.77220,0.77959,1004.25,1000,-4.25,50.07,201,2.3006,0.7059,LOCK,0,normal
786,1492585,7908,7921,0.01950,-0.11310,-0.69420,0.70362,1004.28,1000,-4.28,50.07,201,2.2809,0.4071,LOCK,0,normal
787,1492593,7916,7929,-0.06240,-0.08580,-0.81510,0.82198,1004.30,1000,-4.30,50.07,201,2.3017,0.7233,LOCK,0,normal
788,1492602,7925,7938,0.09360,0.28860,-0.78390,0.84057,1004.33,1000,-4.33,50.07,201,2.2809,0.4083,LOCK,0,normal
789,1492610,7933,7946,0.03120,0.35100,-0.80730,0.88086,1004.34,1000,-4.34,50.07,201,2.2887,0.5264,LOCK,0,normal
790,1492619,7942,7955,0.03120,0.35100,-0.80730,0.88086,1004.34,1000,-4.34,50.07,201,2.3082,0.8207,LOCK,0,normal
791,1492627,7950,7963,0.04290,-0.01560,-0.79170,0.79301,1004.35,1000,-4.35,50.07,201,2.2938,0.6028,LOCK,0,normal
792,1492636,7959,7972,0.00780,-0.10140,-0.83460,0.84077,1004.36,1000,-4.36,50.07,201,2.3062,0.7911,LOCK,0,normal
793,1492644,7967,7980,-0.01950,-0.01170,-0.82290,0.82321,1004.36,1000,-4.36,50.07,201,2.2965,0.6440,LOCK,0,normal
794,1492653,7976,7989,-0.08190,-0.08190,-0.81900,0.82715,1004.37,1000,-4.37,50.07,201,2.2963,0.6409,LOCK,0,normal
795,1492661,7984,7997,0.03510,0.21840,-0.74880,0.78079,1004.37,1000,-4.37,50.07,201,2.3136,0.9031,LOCK,0,normal
796,1492670,7993,8006,0.03510,0.21840,-0.74880,0.78079,1004.38,1000,-4.38,50.07,201,2.3045,0.7655,LOCK,0,normal
797,1492678,8001,8014,-0.11310,0.33150,-0.83850,0.90872,1004.38,1000,-4.38,50.07,201,2.3026,0.7362,LOCK,0,normal
798,1492687,8010,8023,0.05460,0.01950,-0.79950,0.80160,1004.39,1000,-4.39,50.07,201,2.2721,0.2740,LOCK,0,normal
799,1492695,8018,8031,0.03510,-0.03120,-0.78390,0.78531,1004.39,1000,-4.39,50.07,201,2.2865,0.4932,LOCK,0,normal
800,1492704,8027,8040,-0.01950,0.11310,-0.81120,0.81928,1004.40,1000,-4.40,50.07,201,2.2859,0.4831,LOCK,0,normal
801,1492712,8035,8048,-0.07020,-0.12870,-0.80340,0.81667,1004.40,1000,-4.40,50.07,201,2.2895,0.5380,LOCK,0,normal
802,1492721,8044,8057,-0.07020,-0.12870,-0.80340,0.81667,1004.41,1000,-4.41,50.07,201,2.3079,0.8170,LOCK,0,normal
803,1492730,8053,8066,0.02340,0.12090,-0.81120,0.82049,1004.42,1000,-4.42,50.07,201,2.2996,0.6907,LOCK,0,normal
804,1492738,8061,8074,-0.06240,0.11700,-0.65130,0.66466,1004.44,1000,-4.44,50.07,201,2.2795,0.3860,LOCK,0,normal
805,1492751,8074,8087,0.01170,0.12090,-0.83850,0.84725,1004.45,1000,-4.45,50.07,201,2.2987,0.6766,LOCK,0,normal
806,1492760,8083,8096,0.15990,-0.01950,-0.76440,0.78119,1004.46,1000,-4.46,50.07,201,2.2928,0.5875,LOCK,0,normal
807,1492768,8091,8104,0.05850,0.06630,-0.91650,0.92076,1004.47,1000,-4.47,50.07,201,2.3059,0.7859,LOCK,0,normal
808,1492777,8100,8113,0.07020,-0.14820,-0.74100,0.75893,1004.48,1000,-4.48,50.07,201,2.3084,0.8241,LOCK,0,normal
809,1492785,8108,8121,0.01560,0.01950,-0.72150,0.72193,1004.49,1000,-4.49,50.07,201,2.3033,0.7462,LOCK,0,normal
810,1492794,8117,8130,-0.05460,0.03900,-0.73710,0.74015,1004.50,1000,-4.50,50.07,201,2.2962,0.6400,LOCK,0,normal
811,1492802,8125,8138,-0.05460,0.03900,-0.73710,0.74015,1004.51,1000,-4.51,50.07,201,2.3045,0.7658,LOCK,0,normal
812,1492811,8134,8147,-0.01950,0.14430,-0.81510,0.82800,1004.51,1000,-4.51,50.07,201,2.3053,0.7768,LOCK,0,normal
813,1492820,8143,8156,0.03510,-0.19110,-0.76440,0.78871,1004.52,1000,-4.52,50.07,201,2.3019,0.7258,LOCK,0,normal
814,1492828,8151,8164,-0.00780,0.07020,-0.77610,0.77931,1004.53,1000,-4.53,50.07,201,2.3034,0.7490,LOCK,0,normal
815,1492837,8160,8173,0.06630,0.10140,-0.78000,0.78935,1004.53,1000,-4.53,50.07,201,2.2959,0.6348,LOCK,0,normal
816,1492845,8168,8181,-0.01170,0.15600,-0.82290,0.83764,1004.54,1000,-4.54,50.07,201,2.3044,0.7630,LOCK,0,normal
817,1492853,8176,8189,-0.01170,0.15600,-0.82290,0.83764,1004.56,1000,-4.56,50.07,201,2.2989,0.6803,LOCK,0,normal
818,1492862,8185,8198,-0.00390,-0.22230,-0.72150,0.75498,1004.57,1000,-4.57,50.07,201,2.2743,0.3076,LOCK,0,normal
819,1492870,8193,8206,0.04290,-0.08190,-0.79560,0.80095,1004.58,1000,-4.58,50.07,201,2.2902,0.5484,LOCK,0,normal
820,1492924,8247,8260,-0.02730,0.03510,-0.92040,0.92147,1004.58,1000,-4.58,50.07,201,2.3093,0.8378,LOCK,0,normal
821,1492932,8255,8268,-0.12870,0.06630,-0.79950,0.81250,1004.59,1000,-4.59,50.07,201,2.3030,0.7429,LOCK,0,normal
822,1492941,8264,8277,-0.01170,-0.03120,-0.83460,0.83526,1004.59,1000,-4.59,50.07,201,2.3031,0.7435,LOCK,0,normal
823,1492954,8277,8290,-0.06630,-0.07410,-0.79170,0.79792,1004.59,1000,-4.59,50.07,201,2.3021,0.7285,LOCK,0,normal
824,1492963,8286,8299,0.05850,0.15210,-0.78390,0.80066,1004.60,1000,-4.60,50.07,201,2.3058,0.7850,LOCK,0,normal
825,1492971,8294,8307,0.05460,0.19500,-0.69810,0.72688,1004.62,1000,-4.62,50.07,201,2.3027,0.7386,LOCK,0,normal
826,1492980,8303,8316,0.08580,0.01950,-0.82680,0.83147,1004.65,1000,-4.65,50.07,201,2.3001,0.6983,LOCK,0,normal
827,1492988,8311,8324,0.08580,0.01950,-0.82680,0.83147,1004.67,1000,-4.67,50.07,201,2.2958,0.6339,LOCK,0,normal
828,1492997,8320,8333,0.07410,-0.06630,-0.81510,0.82114,1004.69,1000,-4.69,50.07,201,2.2934,0.5970,LOCK,0,normal
829,1493006,8329,8342,0.04680,0.11700,-0.83070,0.84020,1004.71,1000,-4.71,50.07,201,2.2901,0.5475,LOCK,0,normal
830,1493014,8337,8350,-0.14040,-0.06630,-0.78390,0.79913,1004.73,1000,-4.73,50.07,201,2.2805,0.4019,LOCK,0,normal
831,1493022,8345,8358,0.20670,0.19500,-0.80730,0.85585,1004.75,1000,-4.75,50.07,201,2.3009,0.7105,LOCK,0,normal
832,1493031,8354,8367,-0.01560,0.19890,-0.76440,0.79001,1004.76,1000,-4.76,50.07,201,2.3017,0.7233,LOCK,0,normal
833,1493040,8363,8376,-0.01560,0.19890,-0.76440,0.79001,1004.77,1000,-4.77,50.07,201,2.2985,0.6739,LOCK,0,normal
834,1493048,8371,8384,0.00000,0.02340,-0.79170,0.79205,1004.78,1000,-4.78,50.07,201,2.2790,0.3790,LOCK,0,normal
835,1493056,8379,8392,0.00390,-0.05460,-0.79950,0.80137,1004.79,1000,-4.79,50.07,201,2.2845,0.4614,LOCK,0,normal
836,1493065,8388,8401,0.00000,0.10920,-0.84240,0.84945,1004.80,1000,-4.80,50.07,201,2.2934,0.5967,LOCK,0,normal
837,1493073,8396,8409,-0.01950,-0.08970,-0.79560,0.80088,1004.80,1000,-4.80,50.07,201,2.3009,0.7102,LOCK,0,normal
838,1493082,8405,8418,-0.06630,0.19500,-0.86580,0.88996,1004.81,1000,-4.81,50.07,201,2.3114,0.8695,LOCK,0,normal
839,1493090,8413,8426,-0.06630,0.19500,-0.86580,0.88996,1004.82,1000,-4.82,50.07,201,2.3053,0.7774,LOCK,0,normal
840,1493099,8422,8435,-0.05460,0.18720,-0.70200,0.72858,1004.83,1000,-4.83,50.07,201,2.3030,0.7423,LOCK,0,normal
841,1493107,8430,8443,0.00780,0.23790,-0.88920,0.92051,1004.85,1000,-4.85,50.07,201,2.3101,0.8494,LOCK,0,normal
842,1493116,8439,8452,0.08970,0.03900,-0.74490,0.75129,1004.85,1000,-4.85,50.07,201,2.3017,0.7224,LOCK,0,normal
843,1493124,8447,8460,0.05460,-0.09360,-0.88920,0.89578,1004.86,1000,-4.86,50.07,201,2.2981,0.6687,LOCK,0,normal
844,1493133,8456,8469,0.09750,0.07020,-0.72150,0.73143,1004.87,1000,-4.87,50.07,201,2.2856,0.4794,LOCK,0,normal
845,1493141,8464,8477,0.09750,0.07020,-0.72150,0.73143,1004.88,1000,-4.88,50.07,201,2.2845,0.4626,LOCK,0,normal
846,1493154,8477,8490,0.04290,-0.11310,-0.70200,0.71235,1004.87,1000,-4.87,50.07,201,2.2812,0.4123,LOCK,0,normal
847,1493163,8486,8499,0.04290,-0.11310,-0.70200,0.71235,1004.85,1000,-4.85,50.07,201,2.2979,0.6653,LOCK,0,normal
848,1493182,8505,8518,0.01560,-0.30030,-0.79950,0.85418,1004.84,1000,-4.84,50.07,201,2.2970,0.6519,LOCK,0,normal
849,1493191,8514,8527,0.02730,0.05460,-0.83460,0.83683,1004.83,1000,-4.83,50.07,201,2.2980,0.6666,LOCK,0,normal
850,1493199,8522,8535,0.07800,0.12090,-0.74100,0.75484,1004.83,1000,-4.83,50.07,201,2.3049,0.7716,LOCK,0,normal
851,1493208,8531,8544,-0.00780,0.13260,-0.72930,0.74130,1004.85,1000,-4.85,50.07,201,2.3051,0.7746,LOCK,0,normal
852,1493216,8539,8552,-0.13650,-0.10530,-0.82290,0.84076,1004.87,1000,-4.87,50.07,201,2.3030,0.7429,LOCK,0,normal
853,1493225,8548,8561,-0.13650,-0.10530,-0.82290,0.84076,1004.89,1000,-4.89,50.07,201,2.3036,0.7514,LOCK,0,normal
854,1493233,8556,8569,0.02340,0.01560,-0.77610,0.77661,1004.90,1000,-4.90,50.07,201,2.2953,0.6253,LOCK,0,normal
855,1493242,8565,8578,-0.06630,-0.02340,-0.74100,0.74433,1004.92,1000,-4.92,50.07,201,2.3064,0.7942,LOCK,0,normal
856,1493250,8573,8586,-0.01560,-0.00780,-0.86190,0.86208,1004.93,1000,-4.93,50.07,201,2.2814,0.4150,LOCK,0,normal
857,1493258,8581,8594,0.15990,0.17550,-0.75270,0.78926,1004.94,1000,-4.94,50.07,201,2.2775,0.3561,LOCK,0,normal
858,1493267,8590,8603,-0.10140,0.12870,-0.73710,0.75509,1004.95,1000,-4.95,50.07,201,2.2825,0.4324,LOCK,0,normal
859,1493275,8598,8611,-0.10140,0.12870,-0.73710,0.75509,1004.97,1000,-4.97,50.07,201,2.2793,0.3839,LOCK,0,normal
860,1493286,8609,8622,0.05460,0.00390,-0.85800,0.85974,1004.98,1000,-4.98,50.07,201,2.3107,0.8592,LOCK,0,normal
861,1493295,8618,8631,-0.08970,0.01560,-0.87360,0.87833,1004.98,1000,-4.98,50.07,201,2.2965,0.6443,LOCK,0,normal
862,1493303,8626,8639,0.01560,0.05850,-0.76830,0.77068,1004.99,1000,-4.99,50.07,201,2.2952,0.6235,LOCK,0,normal
863,1493312,8635,8648,-0.01950,-0.20280,-0.76830,0.79485,1005.00,1000,-5.00,50.07,201,2.3016,0.7206,LOCK,0,normal
864,1493320,8643,8656,0.10530,0.09360,-0.84240,0.85410,1005.01,1000,-5.01,50.07,201,2.3126,0.8876,LOCK,0,normal
865,1493328,8651,8664,-0.04680,0.19890,-0.76830,0.79501,1005.02,1000,-5.02,50.07,201,2.2974,0.6580,LOCK,0,normal
866,1493337,8660,8673,-0.04680,0.19890,-0.76830,0.79501,1005.03,1000,-5.03,50.07,201,2.2977,0.6623,LOCK,0,normal
867,1493346,8669,8682,0.02730,0.05460,-0.87750,0.87962,1005.04,1000,-5.04,50.07,201,2.3002,0.6998,LOCK,0,normal
868,1493359,8682,8695,-0.02730,-0.05070,-0.89700,0.89885,1005.05,1000,-5.05,50.07,201,2.2794,0.3854,LOCK,0,normal
869,1493367,8690,8703,-0.02730,-0.05070,-0.89700,0.89885,1005.06,1000,-5.06,50.07,201,2.2826,0.4333,LOCK,0,normal
870,1493376,8699,8712,-0.06630,-0.10920,-0.75270,0.76346,1005.07,1000,-5.07,50.07,201,2.2800,0.3937,LOCK,0,normal
871,1493385,8708,8721,0.13260,0.08970,-0.75660,0.77335,1005.08,1000,-5.08,50.07,201,2.2952,0.6235,LOCK,0,normal
872,1493395,8718,8731,-0.01170,0.13650,-0.71760,0.73056,1005.09,1000,-5.09,50.07,201,2.3019,0.7264,LOCK,0,normal
873,1493405,8728,8741,0.04290,0.08580,-0.81900,0.82460,1005.09,1000,-5.09,50.07,201,2.3015,0.7200,LOCK,0,normal
874,1493415,8738,8751,0.10530,-0.10140,-0.83460,0.84731,1005.10,1000,-5.10,50.07,201,2.2981,0.6675,LOCK,0,normal
875,1493425,8748,8761,0.13650,0.05460,-0.83070,0.84361,1005.10,1000,-5.10,50.07,201,2.2992,0.6843,LOCK,0,normal
876,1493435,8758,8771,0.02340,-0.00390,-0.76050,0.76087,1005.10,1000,-5.10,50.07,201,2.3001,0.6986,LOCK,0,normal
877,1493445,8768,8781,-0.01950,0.31980,-0.83070,0.89035,1005.16,1000,-5.16,50.07,201,2.2919,0.5750,LOCK,0,normal
878,1493455,8778,8791,0.01950,0.06240,-0.67860,0.68174,1005.17,1000,-5.17,50.07,201,2.2949,0.6192,LOCK,0,normal
879,1493465,8788,8801,-0.12090,0.12090,-0.82290,0.84047,1005.18,1000,-5.18,50.07,201,2.2836,0.4483,LOCK,0,normal
880,1493475,8798,8811,0.11310,0.15210,-0.74490,0.76864,1005.18,1000,-5.18,50.07,201,2.2832,0.4425,LOCK,0,normal
881,1493488,8811,8824,0.00000,-0.02340,-0.90090,0.90120,1005.18,1000,-5.18,50.07,201,2.3068,0.8003,LOCK,0,normal
882,1493496,8819,8832,0.08190,0.09360,-0.69810,0.70909,1005.18,1000,-5.18,50.07,201,2.3033,0.7465,LOCK,0,normal
883,1493505,8828,8841,0.14820,0.01950,-0.77220,0.78653,1005.18,1000,-5.18,50.07,201,2.3045,0.7645,LOCK,0,normal
884,1493515,8838,8851,-0.15600,-0.24960,-0.65520,0.71828,1005.17,1000,-5.17,50.07,201,2.3159,0.9379,LOCK,0,normal
885,1493525,8848,8861,0.13260,0.00780,-0.85410,0.86437,1005.17,1000,-5.17,50.07,201,2.3074,0.8094,LOCK,0,normal
886,1493535,8858,8871,0.07020,-0.02340,-0.75270,0.75633,1005.17,1000,-5.17,50.07,201,2.2941,0.6083,LOCK,0,normal
887,1493545,8868,8881,-0.05850,-0.03900,-0.88140,0.88420,1005.17,1000,-5.17,50.07,201,2.3068,0.7993,LOCK,0,normal
888,1493559,8882,8895,0.16770,0.04680,-0.77220,0.79158,1005.17,1000,-5.17,50.07,201,2.3103,0.8534,LOCK,0,normal
889,1493567,8890,8903,0.02340,-0.06240,-0.68640,0.68963,1005.17,1000,-5.17,50.07,201,2.2811,0.4105,LOCK,0,normal
890,1493575,8898,8911,-0.08580,-0.03900,-0.89700,0.90194,1005.18,1000,-5.18,50.07,201,2.2824,0.4303,LOCK,0,normal
891,1493585,8908,8921,-0.10920,-0.04290,-0.79170,0.80035,1005.20,1000,-5.20,50.07,201,2.2860,0.4852,LOCK,0,normal
892,1493595,8918,8931,-0.09360,0.06240,-0.81120,0.81896,1005.22,1000,-5.22,50.07,201,2.2816,0.4175,LOCK,0,normal
893,1493628,8951,8964,-0.10140,0.24570,-0.81900,0.86105,1005.23,1000,-5.23,50.07,201,2.3092,0.8363,LOCK,0,normal
894,1493636,8959,8972,-0.00390,-0.04680,-0.79170,0.79309,1005.24,1000,-5.24,50.07,201,2.2849,0.4678,LOCK,0,normal
895,1493645,8968,8981,-0.00390,-0.04680,-0.79170,0.79309,1005.25,1000,-5.25,50.07,201,2.3013,0.7166,LOCK,0,normal
896,1493653,8976,8989,0.05070,-0.19890,-0.83070,0.85568,1005.26,1000,-5.26,50.07,201,2.3117,0.8738,LOCK,0,normal
897,1493662,8985,8998,0.07020,0.21450,-0.79560,0.82699,1005.27,1000,-5.27,50.07,201,2.2818,0.4217,LOCK,0,normal
898,1493670,8993,9006,-0.03900,-0.07800,-0.81510,0.81975,1005.27,1000,-5.27,50.07,201,2.2768,0.3448,LOCK,0,normal
899,1493679,9002,9015,0.07020,0.28080,-0.85410,0.90181,1005.28,1000,-5.28,50.07,201,2.2684,0.2184,LOCK,0,normal
900,1493687,9010,9023,-0.05070,0.15600,-0.75270,0.77037,1005.26,1000,-5.26,50.07,201,2.2897,0.5405,LOCK,0,normal
901,1493697,9020,9033,-0.05070,0.15600,-0.75270,0.77037,1005.25,1000,-5.25,50.07,201,2.3009,0.7111,LOCK,0,normal
902,1493705,9028,9041,-0.02340,0.06240,-0.90870,0.91114,1005.24,1000,-5.24,50.07,201,2.2993,0.6864,LOCK,0,normal
903,1493714,9037,9050,0.03510,-0.04680,-0.81120,0.81331,1005.23,1000,-5.23,50.07,201,2.3027,0.7386,LOCK,0,normal
904,1493722,9045,9058,-0.07410,-0.05850,-0.84630,0.85155,1005.22,1000,-5.22,50.07,201,2.3040,0.7569,LOCK,0,normal
905,1493731,9054,9067,-0.04680,-0.02730,-0.73320,0.73520,1005.21,1000,-5.21,50.07,201,2.3038,0.7539,LOCK,0,normal
906,1493739,9062,9075,-0.08190,0.09360,-0.81900,0.82839,1005.21,1000,-5.21,50.07,201,2.2868,0.4968,LOCK,0,normal
907,1493748,9071,9084,-0.08190,0.09360,-0.81900,0.82839,1005.20,1000,-5.20,50.07,201,2.3089,0.8311,LOCK,0,normal
908,1493761,9084,9097,-0.01560,0.19890,-0.84630,0.86950,1005.20,1000,-5.20,50.07,201,2.3053,0.7771,LOCK,0,normal
909,1493770,9093,9106,0.00390,-0.10530,-0.78000,0.78709,1005.19,1000,-5.19,50.07,201,2.2769,0.3476,LOCK,0,normal
910,1493778,9101,9114,0.00390,-0.10530,-0.78000,0.78709,1005.19,1000,-5.19,50.07,201,2.2898,0.5426,LOCK,0,normal
911,1493787,9110,9123,0.04290,0.02730,-0.85800,0.85951,1005.19,1000,-5.19,50.07,201,2.2831,0.4410,LOCK,0,normal
912,1493795,9118,9131,0.07410,-0.09360,-0.71760,0.72746,1005.18,1000,-5.18,50.07,201,2.3094,0.8390,LOCK,0,normal
913,1493805,9128,9141,0.18330,0.18720,-0.69420,0.74199,1005.14,1000,-5.14,50.07,201,2.2982,0.6696,LOCK,0,normal
914,1493815,9138,9151,0.16380,0.17940,-0.67860,0.72077,1005.10,1000,-5.10,50.07,201,2.3129,0.8921,LOCK,0,normal
915,1493825,9148,9161,-0.13260,0.10530,-0.87750,0.89369,1005.09,1000,-5.09,50.07,201,2.3075,0.8109,LOCK,0,normal
916,1493835,9158,9171,0.14040,-0.01170,-0.79950,0.81182,1005.08,1000,-5.08,50.07,201,2.2956,0.6302,LOCK,0,normal
917,1493845,9168,9181,0.03900,-0.07410,-0.88920,0.89313,1005.08,1000,-5.08,50.07,201,2.3081,0.8198,LOCK,0,normal
918,1493855,9178,9191,0.11310,0.10920,-0.69810,0.71558,1005.08,1000,-5.08,50.07,201,2.3043,0.7621,LOCK,0,normal
919,1493865,9188,9201,-0.04680,0.02730,-0.77610,0.77799,1005.17,1000,-5.17,50.07,201,2.2756,0.3277,LOCK,0,normal
920,1493875,9198,9211,-0.15990,-0.17160,-0.85020,0.88196,1005.20,1000,-5.20,50.07,201,2.2845,0.4623,LOCK,0,normal
921,1493885,9208,9221,0.14430,0.12480,-0.84240,0.86373,1005.21,1000,-5.21,50.07,201,2.2824,0.4303,LOCK,0,normal
922,1493895,9218,9231,0.01170,-0.03510,-0.74880,0.74971,1005.21,1000,-5.21,50.07,201,2.3041,0.7584,LOCK,0,normal
923,1493905,9228,9241,-0.02340,-0.07410,-0.83070,0.83433,1005.21,1000,-5.21,50.07,201,2.2992,0.6846,LOCK,0,normal
924,1493915,9238,9251,0.13260,0.16770,-0.80340,0.83136,1005.21,1000,-5.21,50.07,201,2.3006,0.7053,LOCK,0,normal
925,1493925,9248,9261,-0.05460,0.09360,-0.80340,0.81067,1005.03,1000,-5.03,50.07,201,2.2988,0.6788,LOCK,0,normal
926,1493935,9258,9271,0.07410,-0.03120,-0.95160,0.95499,1004.97,1000,-4.97,50.07,201,2.2992,0.6852,LOCK,0,normal
927,1493945,9268,9281,-0.12870,-0.05460,-0.76440,0.77708,1004.96,1000,-4.96,50.07,201,2.2815,0.4159,LOCK,0,normal
928,1493955,9278,9291,0.07020,-0.04290,-0.78390,0.78821,1004.95,1000,-4.95,50.07,201,2.2888,0.5277,LOCK,0,normal
929,1493968,9291,9304,0.00390,-0.10140,-0.81510,0.82139,1004.95,1000,-4.95,50.07,201,2.2798,0.3912,LOCK,0,normal
930,1493976,9299,9312,0.08190,0.21060,-0.78390,0.81582,1004.95,1000,-4.95,50.07,201,2.2838,0.4514,LOCK,0,normal
931,1493985,9308,9321,-0.04290,0.30810,-0.76440,0.82527,1004.94,1000,-4.94,50.07,201,2.2875,0.5072,LOCK,0,normal
932,1493995,9318,9331,0.00780,0.01950,-0.76830,0.76859,1004.89,1000,-4.89,50.07,201,2.2852,0.4727,LOCK,0,normal
933,1494005,9328,9341,0.00780,0.01950,-0.76830,0.76859,1004.88,1000,-4.88,50.07,201,2.3008,0.7090,LOCK,0,normal
934,1494015,9338,9351,-0.01170,-0.12870,-0.85800,0.86768,1004.87,1000,-4.87,50.07,201,2.3011,0.7142,LOCK,0,normal
935,1494025,9348,9361,0.01560,0.08580,-0.86580,0.87018,1004.87,1000,-4.87,50.07,201,2.3069,0.8015,LOCK,0,normal
936,1494035,9358,9371,-0.02340,0.07020,-0.76050,0.76409,1004.87,1000,-4.87,50.07,201,2.3039,0.7563,LOCK,0,normal
937,1494045,9368,9381,0.07020,0.30030,-0.71370,0.77748,1004.85,1000,-4.85,50.07,201,2.2934,0.5973,LOCK,0,normal
938,1494055,9378,9391,-0.11310,0.24960,-0.76830,0.81571,1004.85,1000,-4.85,50.07,201,2.3021,0.7294,LOCK,0,normal
939,1494065,9388,9401,-0.02340,0.09750,-0.83070,0.83673,1004.84,1000,-4.84,50.07,201,2.2969,0.6507,LOCK,0,normal
940,1494075,9398,9411,0.10920,-0.11700,-0.79950,0.81536,1004.84,1000,-4.84,50.07,201,2.2885,0.5228,LOCK,0,normal
941,1494085,9408,9421,0.11700,-0.14430,-0.84630,0.86645,1004.84,1000,-4.84,50.07,201,2.2883,0.5194,LOCK,0,normal
942,1494095,9418,9431,-0.05070,-0.05070,-0.74490,0.74834,1004.84,1000,-4.84,50.07,201,2.2778,0.3613,LOCK,0,normal
943,1494125,9448,9461,-0.02730,0.12870,-0.89310,0.90274,1004.85,1000,-4.85,50.07,201,2.3080,0.8180,LOCK,0,normal
944,1494134,9457,9470,-0.00780,-0.07800,-0.73320,0.73738,1004.86,1000,-4.86,50.07,201,2.3066,0.7963,LOCK,0,normal
945,1494142,9465,9478,-0.04680,-0.10530,-0.88920,0.89664,1004.86,1000,-4.86,50.07,201,2.3074,0.8085,LOCK,0,normal
946,1494151,9474,9487,0.08970,-0.02340,-0.77610,0.78162,1004.86,1000,-4.86,50.07,201,2.3027,0.7386,LOCK,0,normal
947,1494160,9483,9496,0.17940,0.00000,-0.68640,0.70946,1004.85,1000,-4.85,50.07,201,2.3011,0.7142,LOCK,0,normal
948,1494173,9496,9509,-0.08190,-0.35490,-0.66690,0.75988,1004.84,1000,-4.84,50.07,201,2.2962,0.6388,LOCK,0,normal
949,1494181,9504,9517,0.02340,0.01560,-0.78390,0.78440,1004.83,1000,-4.83,50.07,201,2.2834,0.4449,LOCK,0,normal
950,1494190,9513,9526,0.21450,0.07410,-0.83070,0.86114,1004.82,1000,-4.82,50.07,201,2.2757,0.3280,LOCK,0,normal
951,1494198,9521,9534,0.21450,0.07410,-0.83070,0.86114,1004.81,1000,-4.81,50.07,201,2.2818,0.4205,LOCK,0,normal
952,1494207,9530,9543,0.06630,-0.04290,-0.85800,0.86163,1004.81,1000,-4.81,50.07,201,2.3019,0.7261,LOCK,0,normal
953,1494215,9538,9551,0.16770,0.09360,-0.74100,0.76548,1004.80,1000,-4.80,50.07,201,2.3030,0.7423,LOCK,0,normal
954,1494224,9547,9560,-0.04290,0.15210,-0.79560,0.81114,1004.79,1000,-4.79,50.07,201,2.3034,0.7478,LOCK,0,normal
955,1494232,9555,9568,-0.07410,-0.06630,-0.88140,0.88699,1004.78,1000,-4.78,50.07,201,2.2985,0.6736,LOCK,0,normal
956,1494241,9564,9577,-0.16380,-0.03900,-0.84240,0.85906,1004.77,1000,-4.77,50.07,201,2.3017,0.7221,LOCK,0,normal
957,1494249,9572,9585,-0.16380,-0.03900,-0.84240,0.85906,1004.76,1000,-4.76,50.07,201,2.3055,0.7810,LOCK,0,normal
958,1494258,9581,9594,-0.07020,0.05850,-0.81120,0.81633,1004.75,1000,-4.75,50.07,201,2.3011,0.7130,LOCK,0,normal
959,1494266,9589,9602,-0.03510,-0.15210,-0.82680,0.84141,1004.75,1000,-4.75,50.07,201,2.3006,0.7053,LOCK,0,normal
960,1494275,9598,9611,0.10140,0.24180,-0.75660,0.80075,1004.74,1000,-4.74,50.07,201,2.2755,0.3256,LOCK,0,normal
961,1494285,9608,9621,-0.11700,0.23790,-0.85800,0.89803,1004.62,1000,-4.62,50.07,201,2.2778,0.3607,LOCK,0,normal
962,1494295,9618,9631,0.04680,0.08190,-0.85410,0.85929,1004.58,1000,-4.58,50.07,201,2.2795,0.3866,LOCK,0,normal
963,1494305,9628,9641,0.05850,-0.03900,-0.78000,0.78316,1004.57,1000,-4.57,50.07,201,2.2973,0.6568,LOCK,0,normal
964,1494315,9638,9651,0.08190,-0.00780,-0.81120,0.81536,1004.57,1000,-4.57,50.07,201,2.3019,0.7264,LOCK,0,normal
965,1494325,9648,9661,-0.05850,-0.08970,-0.78000,0.78732,1004.57,1000,-4.57,50.07,201,2.3069,0.8018,LOCK,0,normal
966,1494335,9658,9671,0.09750,0.12870,-0.79560,0.81182,1004.57,1000,-4.57,50.07,201,2.3051,0.7740,LOCK,0,normal
967,1494345,9668,9681,0.02730,0.30810,-0.70200,0.76712,1004.57,1000,-4.57,50.07,201,2.2965,0.6434,LOCK,0,normal
968,1494355,9678,9691,-0.03510,0.09750,-0.85800,0.86424,1004.57,1000,-4.57,50.07,201,2.3044,0.7639,LOCK,0,normal
969,1494365,9688,9701,0.10140,-0.11310,-0.85410,0.86750,1004.57,1000,-4.57,50.07,201,2.2774,0.3540,LOCK,0,normal
970,1494378,9701,9714,0.05460,-0.04680,-0.88920,0.89210,1004.57,1000,-4.57,50.07,201,2.2885,0.5231,LOCK,0,normal
971,1494386,9709,9722,-0.07410,-0.06630,-0.69810,0.70515,1004.57,1000,-4.57,50.07,201,2.2813,0.4132,LOCK,0,normal
972,1494395,9718,9731,0.10530,0.12480,-0.73710,0.75497,1004.57,1000,-4.57,50.07,201,2.2711,0.2597,LOCK,0,normal
973,1494412,9735,9748,-0.07020,0.23400,-0.70590,0.74698,1004.58,1000,-4.58,50.07,201,2.3074,0.8094,LOCK,0,normal
974,1494420,9743,9756,-0.01560,0.08580,-0.78780,0.79261,1004.58,1000,-4.58,50.07,201,2.3055,0.7804,LOCK,0,normal
975,1494429,9752,9765,0.01560,-0.13260,-0.79170,0.80288,1004.59,1000,-4.59,50.07,201,2.2847,0.4645,LOCK,0,normal
976,1494437,9760,9773,0.13650,-0.01170,-0.85410,0.86502,1004.59,1000,-4.59,50.07,201,2.2892,0.5338,LOCK,0,normal
977,1494446,9769,9782,0.13650,-0.01170,-0.85410,0.86502,1004.59,1000,-4.59,50.07,201,2.2775,0.3564,LOCK,0,normal
978,1494455,9778,9791,0.05850,-0.01560,-0.76440,0.76679,1004.60,1000,-4.60,50.07,201,2.2928,0.5881,LOCK,0,normal
979,1494465,9788,9801,-0.03900,0.03510,-0.81120,0.81290,1004.62,1000,-4.62,50.07,201,2.3057,0.7838,LOCK,0,normal
980,1494475,9798,9811,-0.10140,-0.25740,-0.65520,0.71121,1004.63,1000,-4.63,50.07,201,2.2960,0.6366,LOCK,0,normal
981,1494485,9808,9821,0.08970,0.01560,-0.85410,0.85894,1004.63,1000,-4.63,50.07,201,2.3015,0.7203,LOCK,0,normal
982,1494495,9818,9831,0.07800,-0.07410,-0.63180,0.64089,1004.63,1000,-4.63,50.07,201,2.3087,0.8293,LOCK,0,normal
983,1494505,9828,9841,-0.05460,-0.08970,-0.89310,0.89925,1004.63,1000,-4.63,50.07,201,2.2994,0.6873,LOCK,0,normal
984,1494515,9838,9851,-0.01950,0.14820,-0.79950,0.81335,1004.63,1000,-4.63,50.07,201,2.3003,0.7020,LOCK,0,normal
985,1494525,9848,9861,0.08970,0.01170,-0.69810,0.70394,1004.60,1000,-4.60,50.07,201,2.3129,0.8921,LOCK,0,normal
986,1494535,9858,9871,-0.05460,-0.10530,-0.86970,0.87775,1004.59,1000,-4.59,50.07,201,2.2783,0.3689,LOCK,0,normal
987,1494545,9868,9881,0.06630,0.04290,-0.82680,0.83056,1004.58,1000,-4.58,50.07,201,2.2784,0.3699,LOCK,0,normal
988,1494555,9878,9891,0.03510,-0.10920,-0.74100,0.74983,1004.58,1000,-4.58,50.07,201,2.2960,0.6369,LOCK,0,normal
989,1494565,9888,9901,-0.10140,-0.03120,-0.78390,0.79105,1004.58,1000,-4.58,50.07,201,2.3036,0.7514,LOCK,0,normal
990,1494578,9901,9914,0.12480,0.27300,-0.78000,0.83577,1004.58,1000,-4.58,50.07,201,2.3051,0.7740,LOCK,0,normal
991,1494587,9910,9923,0.04290,0.37050,-0.75270,0.84004,1004.58,1000,-4.58,50.07,201,2.2804,0.4004,LOCK,0,normal
992,1494595,9918,9931,0.05850,-0.02730,-0.79170,0.79433,1004.58,1000,-4.58,50.07,201,2.2824,0.4303,LOCK,0,normal
993,1494605,9928,9941,-0.01950,-0.10530,-0.83070,0.83757,1004.58,1000,-4.58,50.07,201,2.2849,0.4678,LOCK,0,normal
994,1494615,9938,9951,-0.03510,0.01950,-0.81510,0.81609,1004.58,1000,-4.58,50.07,201,2.3095,0.8409,LOCK,0,normal
995,1494625,9948,9961,-0.06630,-0.10140,-0.80340,0.81248,1004.58,1000,-4.58,50.07,201,2.2993,0.6861,LOCK,0,normal
996,1494635,9958,9971,0.05460,0.24960,-0.78780,0.82820,1004.58,1000,-4.58,50.07,201,2.3001,0.6989,LOCK,0,normal
997,1494645,9968,9981,-0.02730,0.33150,-0.78390,0.85155,1004.57,1000,-4.57,50.07,201,2.3028,0.7398,LOCK,0,normal
998,1494655,9978,9991,0.06240,0.00000,-0.78000,0.78249,1004.56,1000,-4.56,50.07,201,2.3028,0.7392,LOCK,0,normal
