sample_index,time_ms_raw,time_ms_zero,elapsed_ms,ax_g,ay_g,az_g,total_g,rpm,target_rpm,rpm_error,pwm_eq,duty_10bit,acs_v,current_a,control_mode,state,fault_type
4463,9703652,0,45873.0,0.2301,-0.1014,-0.6981,0.74201,1000.13,1000.0,-0.13,53.17,213.0,2.2622,0.1241,LOCK,0,normal
4464,9703660,8,45881.0,0.0702,-0.0975,-0.8307,0.83934,1000.09,1000.0,-0.09,53.17,213.0,2.2342,-0.3005,LOCK,0,normal
4465,9703669,17,45890.0,0.3237,0.0,-0.8229,0.88428,1000.05,1000.0,-0.05,53.17,213.0,2.2451,-0.135,LOCK,0,normal
4466,9703677,25,45898.0,-0.0897,0.0741,-0.7293,0.73852,1000.01,1000.0,-0.01,53.17,213.0,2.2458,-0.1243,LOCK,0,normal
4467,9703685,33,45906.0,0.1482,-0.0936,-0.7137,0.73491,999.98,1000.0,0.02,53.17,213.0,2.2343,-0.2986,LOCK,0,normal
4468,9703738,86,45959.0,0.0312,-0.117,-0.7839,0.7932,999.93,1000.0,0.07,53.17,213.0,2.2664,0.1873,LOCK,0,normal
4469,9703746,94,45967.0,0.0429,0.0117,-0.8463,0.84747,999.89,1000.0,0.11,53.17,213.0,2.2635,0.1437,LOCK,0,normal
4470,9703755,103,45976.0,0.0429,0.0117,-0.8463,0.84747,999.85,1000.0,0.15,53.17,213.0,2.2393,-0.2223,LOCK,0,normal
4471,9703763,111,45984.0,0.0546,0.0546,-0.9438,0.94695,999.82,1000.0,0.18,53.17,213.0,2.2412,-0.1939,LOCK,0,normal
4472,9703772,120,45993.0,-0.0351,0.2301,-0.6474,0.68797,999.78,1000.0,0.22,53.17,213.0,2.2516,-0.0364,LOCK,0,normal
4473,9703784,132,46005.0,0.3159,-0.0429,-0.7644,0.82822,999.75,1000.0,0.25,53.17,213.0,2.2649,0.1647,LOCK,0,normal
4474,9703793,141,46014.0,0.1755,-0.0702,-0.5733,0.60366,999.71,1000.0,0.29,53.17,213.0,2.2576,0.0551,LOCK,0,normal
4475,9703801,149,46022.0,0.1326,0.1131,-1.0491,1.06348,999.68,1000.0,0.32,53.17,213.0,2.2376,-0.2486,LOCK,0,normal
4476,9703810,158,46031.0,0.0702,-0.0429,-0.7098,0.71455,999.65,1000.0,0.35,53.17,213.0,2.2437,-0.1555,LOCK,0,normal
4477,9703818,166,46039.0,-0.1404,-0.156,-0.8112,0.83791,999.63,1000.0,0.37,53.17,213.0,2.2428,-0.1698,LOCK,0,normal
4478,9703850,198,46071.0,0.0663,0.1053,-0.9633,0.9713,999.58,1000.0,0.42,53.17,213.0,2.2624,0.1275,LOCK,0,normal
4479,9703859,207,46080.0,-0.117,0.0039,-0.6747,0.68478,999.53,1000.0,0.47,53.17,213.0,2.2582,0.064,LOCK,0,normal
4480,9703867,215,46088.0,-0.117,0.0039,-0.6747,0.68478,999.49,1000.0,0.51,53.17,213.0,2.2613,0.111,LOCK,0,normal
4481,9703876,224,46097.0,0.0663,-0.1521,-0.78,0.79745,999.45,1000.0,0.55,53.17,213.0,2.2559,0.0295,LOCK,0,normal
4482,9703884,232,46105.0,0.0156,0.0234,-0.7059,0.70646,999.41,1000.0,0.59,53.17,213.0,2.2615,0.1134,LOCK,0,normal
4483,9703893,241,46114.0,0.0546,0.117,-0.9984,1.00671,999.38,1000.0,0.62,53.17,213.0,2.2589,0.075,LOCK,0,normal
4484,9703901,249,46122.0,0.0234,0.0819,-0.6513,0.65685,999.33,1000.0,0.67,53.17,213.0,2.2331,-0.3167,LOCK,0,normal
4485,9703910,258,46131.0,0.0468,-0.1248,-0.7527,0.76441,999.29,1000.0,0.71,53.17,213.0,2.2465,-0.114,LOCK,0,normal
4486,9703940,288,46161.0,-0.2067,0.0117,-0.8892,0.91298,999.25,1000.0,0.75,53.17,213.0,2.2641,0.1534,LOCK,0,normal
4487,9703949,297,46170.0,-0.2067,0.0117,-0.8892,0.91298,999.21,1000.0,0.79,53.17,213.0,2.2709,0.256,LOCK,0,normal
4488,9703957,305,46178.0,-0.1833,0.1755,-0.7449,0.78694,999.16,1000.0,0.84,53.17,213.0,2.2584,0.0667,LOCK,0,normal
4489,9703966,314,46187.0,0.2847,-0.0897,-0.5811,0.65328,999.11,1000.0,0.89,53.17,213.0,2.257,0.046,LOCK,0,normal
4490,9703974,322,46195.0,0.0195,0.1833,-0.8814,0.90047,999.06,1000.0,0.94,53.17,213.0,2.2553,0.0203,LOCK,0,normal
4491,9703983,331,46204.0,0.0858,0.0507,-0.8736,0.87927,999.02,1000.0,0.98,53.17,213.0,2.2602,0.0939,LOCK,0,normal
4492,9703991,339,46212.0,-0.0546,-0.1755,-0.8268,0.84698,998.98,1000.0,1.02,53.17,213.0,2.2459,-0.1234,LOCK,0,normal
4493,9704000,348,46221.0,-0.0546,-0.1755,-0.8268,0.84698,998.95,1000.0,1.05,53.17,213.0,2.2573,0.0493,LOCK,0,normal
4494,9704008,356,46229.0,-0.0624,-0.3822,-0.6942,0.79491,998.92,1000.0,1.08,53.17,213.0,2.2335,-0.3106,LOCK,0,normal
4495,9704017,365,46238.0,0.1599,0.156,-0.8385,0.86775,998.86,1000.0,1.14,53.17,213.0,2.2348,-0.2916,LOCK,0,normal
4496,9704025,373,46246.0,0.0117,-0.1677,-0.5772,0.60118,998.81,1000.0,1.19,53.17,213.0,2.2359,-0.2745,LOCK,0,normal
4497,9704034,382,46255.0,0.0117,-0.1365,-0.8931,0.90355,998.77,1000.0,1.23,53.17,213.0,2.2604,0.0973,LOCK,0,normal
4498,9704052,400,46273.0,0.0507,-0.0546,-0.7059,0.70982,998.73,1000.0,1.27,53.17,213.0,2.2613,0.1113,LOCK,0,normal
4499,9704061,409,46282.0,-0.0741,0.0897,-0.9321,0.93933,998.7,1000.0,1.3,53.17,213.0,2.2543,0.0042,LOCK,0,normal
4500,9704069,417,46290.0,-0.0546,-0.0195,-0.8892,0.89109,998.66,1000.0,1.34,53.17,213.0,2.2644,0.1574,LOCK,0,normal
4501,9704078,426,46299.0,0.1092,-0.0975,-0.7098,0.72474,998.61,1000.0,1.39,53.17,213.0,2.2588,0.0722,LOCK,0,normal
4502,9704086,434,46307.0,0.1521,-0.1794,-0.6786,0.7182,998.56,1000.0,1.44,53.17,213.0,2.2487,-0.0807,LOCK,0,normal
4503,9704095,443,46316.0,0.0351,0.0117,-0.7683,0.76919,998.52,1000.0,1.48,53.17,213.0,2.2411,-0.1958,LOCK,0,normal
4504,9704103,451,46324.0,0.0351,0.0117,-0.7683,0.76919,998.48,1000.0,1.52,53.17,213.0,2.2483,-0.0868,LOCK,0,normal
4505,9704146,494,46367.0,0.1092,0.0156,-0.8619,0.86893,998.42,1000.0,1.58,53.17,213.0,2.2601,0.093,LOCK,0,normal
4506,9704155,503,46376.0,0.1092,0.0156,-0.8619,0.86893,998.37,1000.0,1.63,53.17,213.0,2.2618,0.1177,LOCK,0,normal
4507,9704163,511,46384.0,-0.0897,-0.1989,-0.7605,0.79118,998.32,1000.0,1.68,53.17,213.0,2.2593,0.0796,LOCK,0,normal
4508,9704172,520,46393.0,0.0195,-0.0039,-0.6201,0.62042,998.27,1000.0,1.73,53.17,213.0,2.2551,0.0161,LOCK,0,normal
4509,9704180,528,46401.0,0.0156,-0.1911,-0.8697,0.89058,998.23,1000.0,1.77,53.17,213.0,2.2546,0.0097,LOCK,0,normal
4510,9704189,537,46410.0,0.1092,0.2418,-0.663,0.71412,998.19,1000.0,1.81,53.17,213.0,2.2631,0.1379,LOCK,0,normal
4511,9704197,545,46418.0,0.1755,-0.0741,-0.8775,0.89794,998.14,1000.0,1.86,53.17,213.0,2.2516,-0.0367,LOCK,0,normal
4512,9704206,554,46427.0,0.1755,-0.0741,-0.8775,0.89794,998.08,1000.0,1.92,53.17,213.0,2.2603,0.0957,LOCK,0,normal
4513,9704214,562,46435.0,0.2535,0.0039,-0.7449,0.78686,998.04,1000.0,1.96,53.17,213.0,2.2499,-0.0624,LOCK,0,normal
4514,9704223,571,46444.0,0.0156,0.039,-0.8151,0.81618,998.0,1000.0,2.0,53.17,213.0,2.2564,0.0356,LOCK,0,normal
4515,9704231,579,46452.0,0.0273,-0.0156,-0.7098,0.7105,997.96,1000.0,2.04,53.17,213.0,2.2568,0.042,LOCK,0,normal
4516,9704240,588,46461.0,0.0195,-0.0429,-1.0647,1.06574,997.93,1000.0,2.07,53.17,213.0,2.2606,0.0997,LOCK,0,normal
4517,9704255,603,46476.0,-0.2652,0.3003,-0.6474,0.76134,997.9,1000.0,2.1,53.17,213.0,2.2654,0.1733,LOCK,0,normal
4518,9704264,612,46485.0,0.0468,-0.0897,-0.7371,0.74401,997.84,1000.0,2.16,53.17,213.0,2.2608,0.1037,LOCK,0,normal
4519,9704272,620,46493.0,0.2613,0.039,-0.585,0.64189,997.8,1000.0,2.2,53.17,213.0,2.2592,0.0786,LOCK,0,normal
4520,9704281,629,46502.0,0.234,-0.0936,-0.9672,0.9995,997.75,1000.0,2.25,53.17,213.0,2.2658,0.1785,LOCK,0,normal
4521,9704289,637,46510.0,0.0468,0.0117,-0.7956,0.79706,997.71,1000.0,2.29,53.17,213.0,2.2652,0.1702,LOCK,0,normal
4522,9704298,646,46519.0,0.0468,0.0117,-0.7956,0.79706,997.68,1000.0,2.32,53.17,213.0,2.2583,0.0649,LOCK,0,normal
4523,9704306,654,46527.0,-0.1287,-0.1677,-0.819,0.84584,997.65,1000.0,2.35,53.17,213.0,2.259,0.0762,LOCK,0,normal
4524,9704315,663,46536.0,0.0351,0.0039,-0.702,0.70289,997.62,1000.0,2.38,53.17,213.0,2.2422,-0.1784,LOCK,0,normal
4525,9704323,671,46544.0,0.234,0.1131,-0.7722,0.81476,997.57,1000.0,2.43,53.17,213.0,2.2523,-0.0264,LOCK,0,normal
4526,9704331,679,46552.0,0.195,0.1014,-0.8931,0.91975,997.52,1000.0,2.48,53.17,213.0,2.2488,-0.0789,LOCK,0,normal
4527,9704340,688,46561.0,-0.0819,0.1053,-0.7293,0.7414,997.48,1000.0,2.52,53.17,213.0,2.2616,0.1147,LOCK,0,normal
4528,9704352,700,46573.0,0.1755,-0.2418,-0.8073,0.86081,997.44,1000.0,2.56,53.17,213.0,2.2539,-0.0022,LOCK,0,normal
4529,9704361,709,46582.0,0.0702,-0.0351,-0.8073,0.81111,997.41,1000.0,2.59,53.17,213.0,2.2602,0.0933,LOCK,0,normal
4530,9704369,717,46590.0,0.0702,-0.0351,-0.8073,0.81111,997.38,1000.0,2.62,53.17,213.0,2.2324,-0.327,LOCK,0,normal
4531,9704378,726,46599.0,0.1014,0.0819,-0.9438,0.95276,997.33,1000.0,2.67,53.17,213.0,2.2417,-0.1857,LOCK,0,normal
4532,9704386,734,46607.0,0.1755,0.3588,-0.7098,0.81447,997.29,1000.0,2.71,53.17,213.0,2.2571,0.0469,LOCK,0,normal
4533,9704394,742,46615.0,0.2457,0.0039,-0.7878,0.82523,997.26,1000.0,2.74,53.17,213.0,2.2369,-0.2587,LOCK,0,normal
4534,9704403,751,46624.0,0.1014,-0.0273,-0.8151,0.82184,997.22,1000.0,2.78,53.17,213.0,2.2545,0.0072,LOCK,0,normal
4535,9704411,759,46632.0,-0.0507,0.0819,-0.9087,0.91379,997.2,1000.0,2.8,53.17,213.0,2.2668,0.1934,LOCK,0,normal
4536,9704420,768,46641.0,-0.0507,0.0819,-0.9087,0.91379,997.17,1000.0,2.83,53.17,213.0,2.2393,-0.2229,LOCK,0,normal
4537,9704428,776,46649.0,-0.1131,-0.1755,-0.7332,0.76235,997.15,1000.0,2.85,53.17,213.0,2.2548,0.0121,LOCK,0,normal
4538,9704437,785,46658.0,0.0585,0.195,-0.7644,0.79105,997.13,1000.0,2.87,53.17,213.0,2.2374,-0.251,LOCK,0,normal
4539,9704445,793,46666.0,0.2964,0.1755,-0.6396,0.72646,997.08,1000.0,2.92,53.17,213.0,2.2588,0.0735,LOCK,0,normal
4540,9704459,807,46680.0,0.0819,0.1092,-1.0452,1.05408,997.05,1000.0,2.95,53.17,213.0,2.2605,0.0991,LOCK,0,normal
4541,9704467,815,46688.0,0.0312,-0.0273,-0.6747,0.67597,997.02,1000.0,2.98,53.17,213.0,2.2415,-0.1894,LOCK,0,normal
4542,9704476,824,46697.0,0.0936,-0.1404,-0.8385,0.85531,996.99,1000.0,3.01,53.17,213.0,2.248,-0.0911,LOCK,0,normal
4543,9704484,832,46705.0,-0.2028,-0.1404,-0.702,0.74407,996.96,1000.0,3.04,53.17,213.0,2.2454,-0.1298,LOCK,0,normal
4544,9704493,841,46714.0,-0.2028,-0.1404,-0.702,0.74407,996.93,1000.0,3.07,53.17,213.0,2.2429,-0.1689,LOCK,0,normal
4545,9704508,856,46729.0,0.1287,-0.1677,-0.4719,0.51708,996.9,1000.0,3.1,53.17,213.0,2.2652,0.169,LOCK,0,normal
4546,9704516,864,46737.0,0.0468,-0.1287,-0.819,0.83037,996.86,1000.0,3.14,53.17,213.0,2.225,-0.4397,LOCK,0,normal
4547,9704524,872,46745.0,-0.0273,0.1326,-0.6747,0.68815,996.83,1000.0,3.17,53.17,213.0,2.2495,-0.0679,LOCK,0,normal
4548,9704533,881,46754.0,-0.0273,0.1326,-0.6747,0.68815,996.81,1000.0,3.19,53.17,213.0,2.2465,-0.1143,LOCK,0,normal
4549,9704541,889,46762.0,-0.1287,0.0117,-1.0686,1.07639,996.78,1000.0,3.22,53.17,213.0,2.2473,-0.1021,LOCK,0,normal
4550,9704557,905,46778.0,0.1131,0.0195,-0.7527,0.7614,996.76,1000.0,3.24,53.17,213.0,2.2601,0.093,LOCK,0,normal
4551,9704565,913,46786.0,0.1911,-0.1014,-0.6279,0.66412,996.72,1000.0,3.28,53.17,213.0,2.2585,0.0677,LOCK,0,normal
4552,9704574,922,46795.0,0.1911,-0.1014,-0.6279,0.66412,996.69,1000.0,3.31,53.17,213.0,2.2526,-0.0218,LOCK,0,normal
4553,9704582,930,46803.0,0.0624,0.0351,-0.7644,0.76775,996.65,1000.0,3.35,53.17,213.0,2.2228,-0.4733,LOCK,0,normal
4554,9704591,939,46812.0,0.0351,-0.1521,-0.9594,0.97202,996.63,1000.0,3.37,53.17,213.0,2.2371,-0.2556,LOCK,0,normal
4555,9704601,949,46822.0,-0.1677,0.1443,-0.7644,0.79577,996.6,1000.0,3.4,53.17,213.0,2.2616,0.1159,LOCK,0,normal
4556,9704609,957,46830.0,0.2457,-0.2301,-0.7488,0.82098,996.58,1000.0,3.42,53.17,213.0,2.265,0.1669,LOCK,0,normal
4557,9704618,966,46839.0,0.0351,0.117,-0.8385,0.84735,996.56,1000.0,3.44,53.17,213.0,2.248,-0.0902,LOCK,0,normal
4558,9704626,974,46847.0,0.0624,-0.039,-0.8424,0.84561,996.52,1000.0,3.48,53.17,213.0,2.2432,-0.1631,LOCK,0,normal
4559,9704634,982,46855.0,0.0624,-0.039,-0.8424,0.84561,996.49,1000.0,3.51,53.17,213.0,2.2486,-0.0819,LOCK,0,normal
4560,9704643,991,46864.0,0.0039,0.1599,-0.8463,0.86128,996.46,1000.0,3.54,53.17,213.0,2.2503,-0.0557,LOCK,0,normal
4561,9704665,1013,46886.0,0.0624,-0.1131,-0.8892,0.89853,996.44,1000.0,3.56,53.17,213.0,2.2665,0.1894,LOCK,0,normal
4562,9704673,1021,46894.0,0.0663,0.1131,-0.6396,0.6529,996.42,1000.0,3.58,53.17,213.0,2.2186,-0.5361,LOCK,0,normal
4563,9704682,1030,46903.0,0.0702,-0.0117,-0.8112,0.81432,996.38,1000.0,3.62,53.17,213.0,2.2505,-0.0523,LOCK,0,normal
4564,9704690,1038,46911.0,0.1755,-0.0273,-0.9165,0.93355,996.35,1000.0,3.65,53.17,213.0,2.2441,-0.15,LOCK,0,normal
4565,9704699,1047,46920.0,-0.0039,0.1482,-0.8307,0.84383,996.32,1000.0,3.68,53.17,213.0,2.2398,-0.2153,LOCK,0,normal
4566,9704708,1056,46929.0,-0.0039,0.1482,-0.8307,0.84383,996.3,1000.0,3.7,53.17,213.0,2.2627,0.1311,LOCK,0,normal
4567,9704716,1064,46937.0,-0.0312,0.0273,-0.6747,0.67597,996.27,1000.0,3.73,53.17,213.0,2.2637,0.1464,LOCK,0,normal
4568,9704725,1073,46946.0,0.0195,-0.0741,-0.8424,0.84588,996.25,1000.0,3.75,53.17,213.0,2.248,-0.0905,LOCK,0,normal
4569,9704733,1081,46954.0,0.078,0.1209,-0.6825,0.6975,996.23,1000.0,3.77,53.17,213.0,2.2484,-0.0853,LOCK,0,normal
4570,9704741,1089,46962.0,0.1521,0.0078,-0.8424,0.85606,996.21,1000.0,3.79,53.17,213.0,2.2433,-0.1628,LOCK,0,normal
4571,9704750,1098,46971.0,0.1131,-0.0585,-0.8424,0.85197,996.18,1000.0,3.82,53.17,213.0,2.2605,0.0985,LOCK,0,normal
4572,9704762,1110,46983.0,0.1599,-0.1131,-0.9672,0.98683,996.16,1000.0,3.84,53.17,213.0,2.2645,0.1598,LOCK,0,normal
4573,9704770,1118,46991.0,0.039,0.0663,-0.6435,0.64808,996.14,1000.0,3.86,53.17,213.0,2.2647,0.1626,LOCK,0,normal
4574,9704779,1127,47000.0,0.039,0.0663,-0.6435,0.64808,996.12,1000.0,3.88,53.17,213.0,2.238,-0.2431,LOCK,0,normal
4575,9704787,1135,47008.0,0.0,-0.1248,-0.8424,0.85159,996.1,1000.0,3.9,53.17,213.0,2.2379,-0.244,LOCK,0,normal
4576,9704795,1143,47016.0,-0.0468,0.0663,-0.6825,0.68731,996.09,1000.0,3.91,53.17,213.0,2.2297,-0.3679,LOCK,0,normal
4577,9704804,1152,47025.0,0.2886,0.2262,-0.7254,0.81281,996.06,1000.0,3.94,53.17,213.0,2.2477,-0.0947,LOCK,0,normal
4578,9704812,1160,47033.0,0.0429,0.0117,-0.9087,0.90979,996.04,1000.0,3.96,53.17,213.0,2.2625,0.129,LOCK,0,normal
4579,9704821,1169,47042.0,0.1599,-0.1326,-0.6942,0.72461,996.02,1000.0,3.98,53.17,213.0,2.266,0.1824,LOCK,0,normal
4580,9704829,1177,47050.0,0.1599,-0.1326,-0.6942,0.72461,996.0,1000.0,4.0,53.17,213.0,2.257,0.0451,LOCK,0,normal
4581,9704838,1186,47059.0,0.0468,-0.1677,-0.78,0.7992,995.99,1000.0,4.01,53.17,213.0,2.2518,-0.0328,LOCK,0,normal
4582,9704846,1194,47067.0,0.0273,-0.1638,-0.7917,0.80893,995.97,1000.0,4.03,53.17,213.0,2.2494,-0.07,LOCK,0,normal
4583,9704855,1203,47076.0,0.1365,0.1755,-0.7371,0.7699,995.96,1000.0,4.04,53.17,213.0,2.2551,0.0164,LOCK,0,normal
4584,9704868,1216,47089.0,0.117,0.0429,-0.9633,0.97133,995.94,1000.0,4.06,53.17,213.0,2.2568,0.0417,LOCK,0,normal
4585,9704877,1225,47098.0,0.0663,0.0351,-0.7137,0.71763,995.92,1000.0,4.08,53.17,213.0,2.2242,-0.4516,LOCK,0,normal
4586,9704885,1233,47106.0,0.0,0.0936,-0.7449,0.75076,995.9,1000.0,4.1,53.17,213.0,2.2405,-0.2046,LOCK,0,normal
4587,9704894,1242,47115.0,0.0897,0.0234,-0.8034,0.80873,995.89,1000.0,4.11,53.17,213.0,2.2503,-0.0557,LOCK,0,normal
4588,9704902,1250,47123.0,0.0897,0.0234,-0.8034,0.80873,995.87,1000.0,4.13,53.17,213.0,2.2628,0.1333,LOCK,0,normal
4589,9704915,1263,47136.0,0.0117,0.1287,-0.9243,0.93329,995.86,1000.0,4.14,53.17,213.0,2.2605,0.0985,LOCK,0,normal
4590,9704924,1272,47145.0,0.2886,0.2418,-0.8385,0.91915,995.84,1000.0,4.16,53.17,213.0,2.2615,0.1131,LOCK,0,normal
4591,9704932,1280,47153.0,0.2886,0.2418,-0.8385,0.91915,995.82,1000.0,4.18,53.17,213.0,2.2352,-0.2843,LOCK,0,normal
4592,9704941,1289,47162.0,-0.0039,-0.0936,-0.6591,0.66572,995.8,1000.0,4.2,53.17,213.0,2.2485,-0.0831,LOCK,0,normal
4593,9704949,1297,47170.0,0.0975,-0.3159,-0.7839,0.85076,995.79,1000.0,4.21,53.17,213.0,2.2418,-0.1842,LOCK,0,normal
4594,9704958,1306,47179.0,-0.0936,0.1014,-0.8073,0.81901,995.77,1000.0,4.23,53.17,213.0,2.2542,0.0026,LOCK,0,normal
4595,9704967,1315,47188.0,-0.0507,-0.1209,-0.9048,0.91425,995.76,1000.0,4.24,53.17,213.0,2.2583,0.0658,LOCK,0,normal
4596,9704975,1323,47196.0,0.2223,-0.039,-0.8541,0.88342,995.75,1000.0,4.25,53.17,213.0,2.26,0.0909,LOCK,0,normal
4597,9704984,1332,47205.0,0.2223,-0.039,-0.8541,0.88342,995.73,1000.0,4.27,53.17,213.0,2.2464,-0.1158,LOCK,0,normal
4598,9704992,1340,47213.0,-0.0663,-0.0078,-0.5499,0.55394,995.71,1000.0,4.29,53.17,213.0,2.2358,-0.2761,LOCK,0,normal
4599,9705001,1349,47222.0,0.0117,0.0936,-0.819,0.82441,995.7,1000.0,4.3,53.17,213.0,2.2433,-0.1622,LOCK,0,normal
4600,9705009,1357,47230.0,0.1131,-0.0663,-0.8697,0.87953,995.68,1000.0,4.32,53.17,213.0,2.243,-0.1668,LOCK,0,normal
4601,9705018,1366,47239.0,0.0,-0.0273,-0.9321,0.9325,995.67,1000.0,4.33,53.17,213.0,2.2572,0.0487,LOCK,0,normal
4602,9705026,1374,47247.0,-0.078,-0.1794,-0.7059,0.7325,995.66,1000.0,4.34,53.17,213.0,2.2652,0.169,LOCK,0,normal
4603,9705035,1383,47256.0,-0.078,-0.1794,-0.7059,0.7325,995.65,1000.0,4.35,53.17,213.0,2.2314,-0.3426,LOCK,0,normal
4604,9705043,1391,47264.0,0.0195,0.0156,-0.7917,0.79209,995.64,1000.0,4.36,53.17,213.0,2.2552,0.0176,LOCK,0,normal
4605,9705052,1400,47273.0,0.1248,-0.0663,-0.663,0.67789,995.63,1000.0,4.37,53.17,213.0,2.2455,-0.1289,LOCK,0,normal
4606,9705075,1423,47296.0,-0.039,-0.0117,-0.6552,0.65646,995.62,1000.0,4.38,53.17,213.0,2.2604,0.097,LOCK,0,normal
4607,9705084,1432,47305.0,-0.039,-0.0312,-0.8229,0.82441,995.62,1000.0,4.38,53.17,213.0,2.2238,-0.4574,LOCK,0,normal
4608,9705092,1440,47313.0,0.156,-0.2028,-0.741,0.78393,995.61,1000.0,4.39,53.17,213.0,2.2432,-0.1631,LOCK,0,normal
4609,9705100,1448,47321.0,0.0156,-0.1131,-0.9594,0.96617,995.59,1000.0,4.41,53.17,213.0,2.2438,-0.1546,LOCK,0,normal
4610,9705109,1457,47330.0,0.2028,0.3042,-0.6201,0.71985,995.58,1000.0,4.42,53.17,213.0,2.2445,-0.1445,LOCK,0,normal
4611,9705119,1467,47340.0,0.1833,-0.0663,-0.8268,0.84947,995.56,1000.0,4.44,53.17,213.0,2.2326,-0.3243,LOCK,0,normal
4612,9705128,1476,47349.0,0.1677,0.0546,-0.6552,0.67852,995.55,1000.0,4.45,53.17,213.0,2.2608,0.1031,LOCK,0,normal
4613,9705136,1484,47357.0,0.1677,0.0546,-0.6552,0.67852,995.54,1000.0,4.46,53.17,213.0,2.2443,-0.1472,LOCK,0,normal
4614,9705145,1493,47366.0,-0.0507,0.0156,-0.9984,0.99981,995.53,1000.0,4.47,53.17,213.0,2.2516,-0.0367,LOCK,0,normal
4615,9705153,1501,47374.0,-0.0039,-0.0936,-0.7644,0.77012,995.52,1000.0,4.48,53.17,213.0,2.2291,-0.3777,LOCK,0,normal
4616,9705162,1510,47383.0,0.0195,0.1404,-0.7566,0.76976,995.51,1000.0,4.49,53.17,213.0,2.2541,0.0011,LOCK,0,normal
4617,9705171,1519,47392.0,0.1872,-0.0624,-0.6084,0.6396,995.5,1000.0,4.5,53.17,213.0,2.2642,0.155,LOCK,0,normal
4618,9705180,1528,47401.0,0.0858,0.0897,-0.7956,0.80522,995.5,1000.0,4.5,53.17,213.0,2.2646,0.1604,LOCK,0,normal
4619,9705188,1536,47409.0,0.0858,0.0897,-0.7956,0.80522,995.49,1000.0,4.51,53.17,213.0,2.2482,-0.088,LOCK,0,normal
4620,9705197,1545,47418.0,0.1443,-0.0702,-1.0296,1.04203,995.48,1000.0,4.52,53.17,213.0,2.2506,-0.0517,LOCK,0,normal
4621,9705205,1553,47426.0,-0.1638,-0.0039,-0.7449,0.76271,995.48,1000.0,4.52,53.17,213.0,2.2535,-0.0071,LOCK,0,normal
4622,9705216,1564,47437.0,0.0156,-0.0819,-0.7878,0.7922,995.47,1000.0,4.53,53.17,213.0,2.2609,0.1046,LOCK,0,normal
4623,9705225,1573,47446.0,0.1326,0.2301,-0.8073,0.84986,995.46,1000.0,4.54,53.17,213.0,2.2702,0.2447,LOCK,0,normal
4624,9705233,1581,47454.0,0.0975,-0.0819,-0.8307,0.8404,995.45,1000.0,4.55,53.17,213.0,2.24,-0.2126,LOCK,0,normal
4625,9705242,1590,47463.0,-0.1287,0.0,-0.8268,0.83676,995.44,1000.0,4.56,53.17,213.0,2.2306,-0.3539,LOCK,0,normal
4626,9705250,1598,47471.0,-0.1287,0.0,-0.8268,0.83676,995.43,1000.0,4.57,53.17,213.0,2.254,-0.0001,LOCK,0,normal
4627,9705258,1606,47479.0,0.039,-0.0195,-0.6903,0.69168,995.42,1000.0,4.58,53.17,213.0,2.2457,-0.1256,LOCK,0,normal
4628,9705288,1636,47509.0,0.0156,-0.0039,-0.78,0.78017,995.41,1000.0,4.59,53.17,213.0,2.2632,0.14,LOCK,0,normal
4629,9705296,1644,47517.0,0.2301,0.0156,-0.6162,0.65795,995.41,1000.0,4.59,53.17,213.0,2.2496,-0.0673,LOCK,0,normal
4630,9705305,1653,47526.0,0.2262,0.0351,-0.7995,0.83162,995.4,1000.0,4.6,53.17,213.0,2.2428,-0.1704,LOCK,0,normal
4631,9705313,1661,47534.0,0.0117,0.0,-0.8346,0.83468,995.39,1000.0,4.61,53.17,213.0,2.2504,-0.0551,LOCK,0,normal
4632,9705322,1670,47543.0,0.0117,0.0,-0.8346,0.83468,995.39,1000.0,4.61,53.17,213.0,2.2537,-0.0044,LOCK,0,normal
4633,9705330,1678,47551.0,0.0078,-0.0897,-0.9438,0.94809,995.38,1000.0,4.62,53.17,213.0,2.2584,0.067,LOCK,0,normal
4634,9705339,1687,47560.0,-0.1638,0.1833,-0.6357,0.68157,995.38,1000.0,4.62,53.17,213.0,2.2483,-0.0868,LOCK,0,normal
4635,9705347,1695,47568.0,-0.0156,-0.1794,-0.663,0.68702,995.37,1000.0,4.63,53.17,213.0,2.2375,-0.2504,LOCK,0,normal
4636,9705356,1704,47577.0,0.2379,0.1638,-0.741,0.7953,995.36,1000.0,4.64,53.17,213.0,2.2346,-0.2947,LOCK,0,normal
4637,9705364,1712,47585.0,0.1287,-0.039,-0.9087,0.9186,995.35,1000.0,4.65,53.17,213.0,2.2499,-0.0615,LOCK,0,normal
4638,9705379,1727,47600.0,-0.039,0.0741,-0.7176,0.72247,995.35,1000.0,4.65,53.17,213.0,2.2611,0.1083,LOCK,0,normal
4639,9705388,1736,47609.0,-0.0624,-0.3822,-0.8307,0.91653,995.34,1000.0,4.66,53.17,213.0,2.2309,-0.3502,LOCK,0,normal
4640,9705396,1744,47617.0,-0.3003,0.0897,-0.7605,0.82255,995.34,1000.0,4.66,53.17,213.0,2.2331,-0.3173,LOCK,0,normal
4641,9705404,1752,47625.0,0.0195,-0.0858,-0.8112,0.81596,995.33,1000.0,4.67,53.17,213.0,2.2532,-0.0126,LOCK,0,normal
4642,9705413,1761,47634.0,0.0195,-0.0858,-0.8112,0.81596,995.32,1000.0,4.68,53.17,213.0,2.2271,-0.4076,LOCK,0,normal
4643,9705425,1773,47646.0,-0.1326,-0.0858,-0.7566,0.77291,995.32,1000.0,4.68,53.17,213.0,2.2448,-0.1393,LOCK,0,normal
4644,9705433,1781,47654.0,-0.1326,-0.0858,-0.7566,0.77291,995.32,1000.0,4.68,53.17,213.0,2.2557,0.0255,LOCK,0,normal
4645,9705442,1790,47663.0,-0.078,0.0429,-0.9282,0.93246,995.31,1000.0,4.69,53.17,213.0,2.2368,-0.2602,LOCK,0,normal
4646,9705450,1798,47671.0,-0.0975,-0.0975,-0.78,0.79209,995.31,1000.0,4.69,53.17,213.0,2.2402,-0.2092,LOCK,0,normal
4647,9705459,1807,47680.0,0.0507,-0.117,-0.78,0.79035,995.3,1000.0,4.7,53.17,213.0,2.2336,-0.3084,LOCK,0,normal
4648,9705467,1815,47688.0,0.3042,0.2535,-0.6006,0.71939,995.31,1000.0,4.69,53.17,213.0,2.256,0.0304,LOCK,0,normal
4649,9705481,1829,47702.0,0.2184,0.0585,-1.0647,1.08844,995.31,1000.0,4.69,53.17,213.0,2.2595,0.0829,LOCK,0,normal
4650,9705495,1843,47716.0,-0.1521,-0.0819,-0.7098,0.73052,995.31,1000.0,4.69,53.17,213.0,2.2362,-0.2703,LOCK,0,normal
4651,9705503,1851,47724.0,-0.0039,-0.0351,-0.858,0.85873,995.31,1000.0,4.69,53.17,213.0,2.2688,0.2249,LOCK,0,normal
4652,9705511,1859,47732.0,-0.1833,-0.1404,-0.7527,0.78732,995.31,1000.0,4.69,53.17,213.0,2.2436,-0.1582,LOCK,0,normal
4653,9705520,1868,47741.0,0.2457,-0.0117,-0.8463,0.88132,995.32,1000.0,4.68,53.17,213.0,2.2624,0.1272,LOCK,0,normal
4654,9705533,1881,47754.0,0.2535,0.1014,-0.9165,0.9563,995.33,1000.0,4.67,53.17,213.0,2.2543,0.0045,LOCK,0,normal
4655,9705542,1890,47763.0,-0.1131,0.117,-0.7059,0.72441,995.35,1000.0,4.65,53.17,213.0,2.2312,-0.346,LOCK,0,normal
4656,9705550,1898,47771.0,-0.1014,-0.2223,-0.7722,0.80993,995.36,1000.0,4.64,53.17,213.0,2.2408,-0.2004,LOCK,0,normal
4657,9705559,1907,47780.0,0.0117,0.1209,-0.8073,0.81639,995.38,1000.0,4.62,53.17,213.0,2.2282,-0.3905,LOCK,0,normal
4658,9705567,1915,47788.0,0.0117,0.1209,-0.8073,0.81639,995.39,1000.0,4.61,53.17,213.0,2.2424,-0.1756,LOCK,0,normal
4659,9705580,1928,47801.0,-0.1833,0.3666,-0.7683,0.87079,995.4,1000.0,4.6,53.17,213.0,2.2573,0.0503,LOCK,0,normal
4660,9705589,1937,47810.0,0.2886,-0.1716,-0.585,0.67451,995.41,1000.0,4.59,53.17,213.0,2.2507,-0.0493,LOCK,0,normal
4661,9705597,1945,47818.0,0.2886,-0.1716,-0.585,0.67451,995.42,1000.0,4.58,53.17,213.0,2.2451,-0.1353,LOCK,0,normal
4662,9705606,1954,47827.0,0.0819,0.1521,-0.8541,0.87139,995.43,1000.0,4.57,53.17,213.0,2.2432,-0.1637,LOCK,0,normal
4663,9705614,1962,47835.0,0.0702,-0.1755,-0.9516,0.97019,995.44,1000.0,4.56,53.17,213.0,2.2496,-0.0673,LOCK,0,normal
4664,9705629,1977,47850.0,-0.1521,0.0351,-0.819,0.83374,995.45,1000.0,4.55,53.17,213.0,2.2545,0.0072,LOCK,0,normal
4665,9705637,1985,47858.0,-0.1989,-0.1248,-0.7098,0.74763,995.46,1000.0,4.54,53.17,213.0,2.2571,0.0475,LOCK,0,normal
4666,9705646,1994,47867.0,-0.0351,0.1482,-0.8151,0.82921,995.48,1000.0,4.52,53.17,213.0,2.2417,-0.186,LOCK,0,normal
4667,9705654,2002,47875.0,0.1209,-0.0858,-0.5538,0.5733,995.5,1000.0,4.5,53.17,213.0,2.2545,0.0081,LOCK,0,normal
4668,9705663,2011,47884.0,0.2691,0.0897,-1.0686,1.10561,995.52,1000.0,4.48,53.17,213.0,2.2506,-0.0517,LOCK,0,normal
4669,9705671,2019,47892.0,0.0195,0.0078,-0.6942,0.69452,995.54,1000.0,4.46,53.17,213.0,2.2393,-0.222,LOCK,0,normal
4670,9705685,2033,47906.0,0.0858,-0.0546,-0.8268,0.83303,995.55,1000.0,4.45,53.17,213.0,2.2604,0.0973,LOCK,0,normal
4671,9705698,2046,47919.0,0.1677,-0.0741,-0.7488,0.77092,995.56,1000.0,4.44,53.17,213.0,2.2616,0.1159,LOCK,0,normal
4672,9705707,2055,47928.0,0.1287,0.0429,-0.8619,0.87251,995.59,1000.0,4.41,53.17,213.0,2.2384,-0.2364,LOCK,0,normal
4673,9705715,2063,47936.0,0.2106,0.0,-0.7137,0.74412,995.61,1000.0,4.39,53.17,213.0,2.24,-0.212,LOCK,0,normal
4674,9705723,2071,47944.0,-0.0234,-0.078,-0.7488,0.75322,995.62,1000.0,4.38,53.17,213.0,2.2366,-0.2632,LOCK,0,normal
4675,9705732,2080,47953.0,0.0624,-0.078,-0.6825,0.68977,995.64,1000.0,4.36,53.17,213.0,2.2616,0.1147,LOCK,0,normal
4676,9705740,2088,47961.0,0.0624,-0.078,-0.6825,0.68977,995.65,1000.0,4.35,53.17,213.0,2.2657,0.1775,LOCK,0,normal
4677,9705749,2097,47970.0,-0.1482,-0.1911,-0.9048,0.93656,995.67,1000.0,4.33,53.17,213.0,2.2277,-0.3991,LOCK,0,normal
4678,9705757,2105,47978.0,-0.0663,-0.0507,-0.858,0.86205,995.68,1000.0,4.32,53.17,213.0,2.2467,-0.1103,LOCK,0,normal
4679,9705766,2114,47987.0,0.0741,-0.0702,-0.7566,0.76345,995.7,1000.0,4.3,53.17,213.0,2.2393,-0.2226,LOCK,0,normal
4680,9705774,2122,47995.0,0.0195,-0.1287,-0.6474,0.66036,995.72,1000.0,4.28,53.17,213.0,2.2489,-0.0779,LOCK,0,normal
4681,9705784,2132,48005.0,0.1443,0.0039,-0.7605,0.77408,995.74,1000.0,4.26,53.17,213.0,2.2606,0.0994,LOCK,0,normal
4682,9705793,2141,48014.0,0.1443,0.0039,-0.7605,0.77408,995.76,1000.0,4.24,53.17,213.0,2.2617,0.1165,LOCK,0,normal
4683,9705801,2149,48022.0,0.0156,-0.0936,-0.9321,0.93692,995.77,1000.0,4.23,53.17,213.0,2.2466,-0.1115,LOCK,0,normal
4684,9705809,2157,48030.0,-0.0897,0.0156,-0.7215,0.72722,995.79,1000.0,4.21,53.17,213.0,2.2333,-0.3133,LOCK,0,normal
4685,9705818,2166,48039.0,0.078,0.0195,-0.7488,0.7531,995.8,1000.0,4.2,53.17,213.0,2.2354,-0.2816,LOCK,0,normal
4686,9705826,2174,48047.0,0.2457,0.1911,-0.7059,0.77148,995.82,1000.0,4.18,53.17,213.0,2.2558,0.0271,LOCK,0,normal
4687,9705835,2183,48056.0,0.2769,0.0663,-0.8697,0.91512,995.84,1000.0,4.16,53.17,213.0,2.2533,-0.0102,LOCK,0,normal
4688,9705843,2191,48064.0,0.2769,0.0663,-0.8697,0.91512,995.86,1000.0,4.14,53.17,213.0,2.2609,0.104,LOCK,0,normal
4689,9705852,2200,48073.0,-0.0156,0.0546,-0.7098,0.71207,995.87,1000.0,4.13,53.17,213.0,2.2477,-0.0947,LOCK,0,normal
4690,9705860,2208,48081.0,0.1248,-0.0195,-0.7839,0.79401,995.89,1000.0,4.11,53.17,213.0,2.2464,-0.1155,LOCK,0,normal
4691,9705869,2217,48090.0,0.0156,-0.0351,-0.8541,0.85496,995.9,1000.0,4.1,53.17,213.0,2.2502,-0.0575,LOCK,0,normal
4692,9705887,2235,48108.0,0.0702,0.0273,-0.6942,0.69827,995.93,1000.0,4.07,53.17,213.0,2.2579,0.0588,LOCK,0,normal
4693,9705901,2249,48122.0,0.3237,0.0,-0.6474,0.72382,995.97,1000.0,4.03,53.17,213.0,2.2588,0.0728,LOCK,0,normal
4694,9705909,2257,48130.0,0.0234,-0.1326,-0.7839,0.79538,995.99,1000.0,4.01,53.17,213.0,2.2334,-0.3127,LOCK,0,normal
4695,9705918,2266,48139.0,-0.0117,-0.0975,-0.9282,0.93338,996.02,1000.0,3.98,53.17,213.0,2.2452,-0.1326,LOCK,0,normal
4696,9705926,2274,48147.0,-0.0117,-0.0975,-0.9282,0.93338,996.04,1000.0,3.96,53.17,213.0,2.2375,-0.2501,LOCK,0,normal
4697,9705935,2283,48156.0,-0.1482,-0.1365,-0.7605,0.78674,996.06,1000.0,3.94,53.17,213.0,2.262,0.1211,LOCK,0,normal
4698,9705943,2291,48164.0,0.117,0.1326,-0.7605,0.78079,996.1,1000.0,3.9,53.17,213.0,2.261,0.1061,LOCK,0,normal
4699,9705952,2300,48173.0,0.3198,0.117,-0.7566,0.8297,996.13,1000.0,3.87,53.17,213.0,2.2313,-0.3432,LOCK,0,normal
4700,9705960,2308,48181.0,0.0156,0.156,-0.8151,0.83004,996.16,1000.0,3.84,53.17,213.0,2.2407,-0.201,LOCK,0,normal
4701,9705969,2317,48190.0,0.0039,-0.1209,-0.7293,0.73926,996.19,1000.0,3.81,53.17,213.0,2.2436,-0.1573,LOCK,0,normal
4702,9705977,2325,48198.0,0.0039,-0.1209,-0.7293,0.73926,996.21,1000.0,3.79,53.17,213.0,2.2349,-0.2892,LOCK,0,normal
4703,9705990,2338,48211.0,0.0741,-0.0273,-0.9048,0.90824,996.23,1000.0,3.77,53.17,213.0,2.2671,0.1986,LOCK,0,normal
4704,9705999,2347,48220.0,-0.0195,-0.0312,-0.7644,0.76528,996.25,1000.0,3.75,53.17,213.0,2.2564,0.0356,LOCK,0,normal
4705,9706007,2355,48228.0,-0.0195,-0.0312,-0.7644,0.76528,996.29,1000.0,3.71,53.17,213.0,2.2418,-0.1845,LOCK,0,normal
4706,9706015,2363,48236.0,0.1209,0.039,-0.7137,0.72492,996.33,1000.0,3.67,53.17,213.0,2.2393,-0.2232,LOCK,0,normal
4707,9706024,2372,48245.0,0.0702,0.117,-0.7722,0.78416,996.36,1000.0,3.64,53.17,213.0,2.2321,-0.3316,LOCK,0,normal
4708,9706035,2383,48256.0,-0.0312,-0.0702,-1.0023,1.00524,996.39,1000.0,3.61,53.17,213.0,2.2627,0.1311,LOCK,0,normal
4709,9706043,2391,48264.0,-0.0975,0.0468,-0.7059,0.71414,996.41,1000.0,3.59,53.17,213.0,2.2573,0.0496,LOCK,0,normal
4710,9706052,2400,48273.0,0.0195,-0.1209,-0.8268,0.83582,996.44,1000.0,3.56,53.17,213.0,2.2396,-0.2184,LOCK,0,normal
4711,9706060,2408,48281.0,0.039,0.2379,-0.7605,0.7978,996.46,1000.0,3.54,53.17,213.0,2.2272,-0.4064,LOCK,0,normal
4712,9706069,2417,48290.0,0.039,0.2379,-0.7605,0.7978,996.5,1000.0,3.5,53.17,213.0,2.2473,-0.1018,LOCK,0,normal
4713,9706077,2425,48298.0,0.2574,0.0585,-0.8268,0.86791,996.54,1000.0,3.46,53.17,213.0,2.2526,-0.0212,LOCK,0,normal
4714,9706093,2441,48314.0,0.1053,-0.0351,-0.7332,0.74155,996.57,1000.0,3.43,53.17,213.0,2.2591,0.0777,LOCK,0,normal
4715,9706106,2454,48327.0,-0.1092,0.0078,-0.8346,0.84175,996.6,1000.0,3.4,53.17,213.0,2.261,0.1058,LOCK,0,normal
4716,9706115,2463,48336.0,0.0039,-0.156,-0.7722,0.78781,996.62,1000.0,3.38,53.17,213.0,2.2412,-0.1939,LOCK,0,normal
4717,9706123,2471,48344.0,0.1599,0.1638,-0.9048,0.93331,996.65,1000.0,3.35,53.17,213.0,2.231,-0.3487,LOCK,0,normal
4718,9706132,2480,48353.0,0.0468,-0.1248,-0.4875,0.50539,996.69,1000.0,3.31,53.17,213.0,2.2491,-0.0746,LOCK,0,normal
4719,9706140,2488,48361.0,0.0468,-0.1248,-0.4875,0.50539,996.72,1000.0,3.28,53.17,213.0,2.2709,0.2563,LOCK,0,normal
4720,9706149,2497,48370.0,-0.0078,-0.1599,-0.897,0.91117,996.76,1000.0,3.24,53.17,213.0,2.2533,-0.0105,LOCK,0,normal
4721,9706157,2505,48378.0,0.0273,-0.0663,-0.7956,0.79882,996.79,1000.0,3.21,53.17,213.0,2.2341,-0.3014,LOCK,0,normal
4722,9706166,2514,48387.0,0.0351,0.0585,-0.9789,0.98127,996.81,1000.0,3.19,53.17,213.0,2.2322,-0.3307,LOCK,0,normal
4723,9706174,2522,48395.0,-0.0234,0.0156,-0.7683,0.76881,996.84,1000.0,3.16,53.17,213.0,2.2447,-0.1411,LOCK,0,normal
4724,9706183,2531,48404.0,0.0,-0.2106,-0.7215,0.75161,996.86,1000.0,3.14,53.17,213.0,2.2451,-0.1353,LOCK,0,normal
4725,9706195,2543,48416.0,0.3042,0.0507,-0.7059,0.77033,996.9,1000.0,3.1,53.17,213.0,2.2617,0.1165,LOCK,0,normal
4726,9706203,2551,48424.0,-0.1287,-0.0975,-0.9906,1.00367,996.93,1000.0,3.07,53.17,213.0,2.2635,0.1437,LOCK,0,normal
4727,9706212,2560,48433.0,-0.1287,-0.0975,-0.9906,1.00367,996.96,1000.0,3.04,53.17,213.0,2.2402,-0.2089,LOCK,0,normal
4728,9706220,2568,48441.0,-0.0117,-0.0234,-0.6474,0.64793,996.98,1000.0,3.02,53.17,213.0,2.24,-0.2126,LOCK,0,normal
4729,9706229,2577,48450.0,-0.0039,-0.1638,-0.8541,0.86967,997.01,1000.0,2.99,53.17,213.0,2.2399,-0.2135,LOCK,0,normal
4730,9706237,2585,48458.0,0.039,0.1443,-0.6942,0.71011,997.03,1000.0,2.97,53.17,213.0,2.2581,0.0628,LOCK,0,normal
4731,9706246,2594,48467.0,0.0858,-0.1131,-0.9711,0.98142,997.05,1000.0,2.95,53.17,213.0,2.2638,0.1485,LOCK,0,normal
4732,9706254,2602,48475.0,-0.195,-0.1521,-0.5733,0.62437,997.07,1000.0,2.93,53.17,213.0,2.2682,0.2151,LOCK,0,normal
4733,9706263,2611,48484.0,-0.195,-0.1521,-0.5733,0.62437,997.09,1000.0,2.91,53.17,213.0,2.2376,-0.2489,LOCK,0,normal
4734,9706271,2619,48492.0,0.2145,0.1248,-0.7644,0.80367,997.11,1000.0,2.89,53.17,213.0,2.262,0.1208,LOCK,0,normal
4735,9706280,2628,48501.0,0.1716,0.0234,-0.7176,0.7382,997.12,1000.0,2.88,53.17,213.0,2.2422,-0.1784,LOCK,0,normal
4736,9706288,2636,48509.0,0.1482,-0.0351,-1.0296,1.0408,997.14,1000.0,2.86,53.17,213.0,2.2557,0.0255,LOCK,0,normal
4737,9706299,2647,48520.0,-0.1248,0.0858,-0.6786,0.69529,997.15,1000.0,2.85,53.17,213.0,2.2654,0.173,LOCK,0,normal
4738,9706312,2660,48533.0,0.2106,0.0741,-0.6864,0.7218,997.17,1000.0,2.83,53.17,213.0,2.2606,0.1006,LOCK,0,normal
4739,9706321,2669,48542.0,0.1053,-0.0351,-0.7449,0.75312,997.19,1000.0,2.81,53.17,213.0,2.2467,-0.1106,LOCK,0,normal
4740,9706329,2677,48550.0,0.0468,-0.0429,-0.9048,0.90702,997.21,1000.0,2.79,53.17,213.0,2.2484,-0.085,LOCK,0,normal
4741,9706338,2686,48559.0,0.0156,-0.1404,-0.7566,0.76967,997.22,1000.0,2.78,53.17,213.0,2.2519,-0.0319,LOCK,0,normal
4742,9706346,2694,48567.0,0.0117,-0.0858,-0.7839,0.78867,997.24,1000.0,2.76,53.17,213.0,2.2608,0.1034,LOCK,0,normal
4743,9706355,2703,48576.0,0.0117,-0.0858,-0.7839,0.78867,997.25,1000.0,2.75,53.17,213.0,2.2545,0.0072,LOCK,0,normal
4744,9706363,2711,48584.0,0.0351,0.2418,-0.8346,0.86963,997.26,1000.0,2.74,53.17,213.0,2.246,-0.1213,LOCK,0,normal
4745,9706372,2720,48593.0,0.2535,-0.0858,-0.7995,0.8431,997.28,1000.0,2.72,53.17,213.0,2.2415,-0.1891,LOCK,0,normal
4746,9706380,2728,48601.0,0.1989,-0.1131,-0.6084,0.65,997.29,1000.0,2.71,53.17,213.0,2.2512,-0.0432,LOCK,0,normal
4747,9706389,2737,48610.0,-0.0234,0.0663,-0.8073,0.81036,997.3,1000.0,2.7,53.17,213.0,2.2459,-0.1225,LOCK,0,normal
4748,9706399,2747,48620.0,0.039,-0.078,-0.7722,0.77711,997.31,1000.0,2.69,53.17,213.0,2.2686,0.2206,LOCK,0,normal
4749,9706407,2755,48628.0,0.039,-0.078,-0.7722,0.77711,997.32,1000.0,2.68,53.17,213.0,2.2525,-0.0221,LOCK,0,normal
4750,9706416,2764,48637.0,-0.0468,-0.0936,-1.0179,1.02327,997.33,1000.0,2.67,53.17,213.0,2.2386,-0.2333,LOCK,0,normal
4751,9706424,2772,48645.0,0.1755,0.0702,-0.6357,0.66321,997.34,1000.0,2.66,53.17,213.0,2.2428,-0.1692,LOCK,0,normal
4752,9706432,2780,48653.0,0.1014,-0.0468,-0.7527,0.76094,997.35,1000.0,2.65,53.17,213.0,2.2541,0.0017,LOCK,0,normal
4753,9706441,2789,48662.0,0.1209,0.0312,-0.6942,0.70534,997.37,1000.0,2.63,53.17,213.0,2.2545,0.0072,LOCK,0,normal
4754,9706449,2797,48670.0,0.1209,0.0468,-0.9516,0.96039,997.38,1000.0,2.62,53.17,213.0,2.2611,0.1083,LOCK,0,normal
4755,9706458,2806,48679.0,0.1209,0.0468,-0.9516,0.96039,997.39,1000.0,2.61,53.17,213.0,2.2664,0.1873,LOCK,0,normal
4756,9706466,2814,48687.0,-0.0702,-0.0351,-0.7722,0.77618,997.4,1000.0,2.6,53.17,213.0,2.2322,-0.3304,LOCK,0,normal
4757,9706475,2823,48696.0,0.0,-0.1209,-0.7293,0.73925,997.41,1000.0,2.59,53.17,213.0,2.2453,-0.1311,LOCK,0,normal
4758,9706483,2831,48704.0,0.2457,0.2496,-0.8112,0.88358,997.42,1000.0,2.58,53.17,213.0,2.251,-0.0459,LOCK,0,normal
4759,9706492,2840,48713.0,0.1833,0.351,-0.8229,0.91322,997.44,1000.0,2.56,53.17,213.0,2.2566,0.0387,LOCK,0,normal
4760,9706560,2908,48781.0,0.078,-0.1053,-0.585,0.5995,997.47,1000.0,2.53,53.17,213.0,2.2595,0.0826,LOCK,0,normal
4761,9706568,2916,48789.0,0.0624,-0.039,-0.8541,0.85726,997.5,1000.0,2.5,53.17,213.0,2.2446,-0.1427,LOCK,0,normal
4762,9706577,2925,48798.0,-0.0312,-0.1053,-0.7059,0.71439,997.52,1000.0,2.48,53.17,213.0,2.2381,-0.2413,LOCK,0,normal
4763,9706585,2933,48806.0,-0.0741,-0.0195,-0.8502,0.85365,997.55,1000.0,2.45,53.17,213.0,2.2349,-0.2889,LOCK,0,normal
4764,9706593,2941,48814.0,-0.0507,-0.0312,-0.9048,0.90676,997.57,1000.0,2.43,53.17,213.0,2.2492,-0.0722,LOCK,0,normal
4765,9706604,2952,48825.0,0.0507,-0.0273,-0.7137,0.71602,997.59,1000.0,2.41,53.17,213.0,2.2648,0.1632,LOCK,0,normal
4766,9706612,2960,48833.0,0.4095,0.0078,-0.4836,0.63374,997.6,1000.0,2.4,53.17,213.0,2.2603,0.0951,LOCK,0,normal
4767,9706621,2969,48842.0,0.4095,0.0078,-0.4836,0.63374,997.61,1000.0,2.39,53.17,213.0,2.2441,-0.1506,LOCK,0,normal
4768,9706629,2977,48850.0,0.1482,0.1092,-0.8502,0.8699,997.62,1000.0,2.38,53.17,213.0,2.2462,-0.1176,LOCK,0,normal
4769,9706638,2986,48859.0,0.0624,0.039,-0.6825,0.68646,997.63,1000.0,2.37,53.17,213.0,2.2422,-0.179,LOCK,0,normal
4770,9706646,2994,48867.0,-0.1014,0.0273,-1.0803,1.08539,997.64,1000.0,2.36,53.17,213.0,2.2466,-0.1128,LOCK,0,normal
4771,9706655,3003,48876.0,-0.0351,0.1014,-0.8385,0.84534,997.65,1000.0,2.35,53.17,213.0,2.2553,0.0191,LOCK,0,normal
4772,9706663,3011,48884.0,-0.0351,0.1014,-0.8385,0.84534,997.66,1000.0,2.34,53.17,213.0,2.26,0.0909,LOCK,0,normal
4773,9706672,3020,48893.0,0.0312,-0.1131,-0.7059,0.71558,997.67,1000.0,2.33,53.17,213.0,2.2381,-0.2406,LOCK,0,normal
4774,9706680,3028,48901.0,0.1833,0.0078,-0.7605,0.78232,997.68,1000.0,2.32,53.17,213.0,2.2413,-0.1927,LOCK,0,normal
4775,9706688,3036,48909.0,-0.0312,-0.0507,-0.6981,0.70063,997.69,1000.0,2.31,53.17,213.0,2.2469,-0.1073,LOCK,0,normal
4776,9706697,3045,48918.0,0.039,-0.0117,-0.8775,0.87844,997.7,1000.0,2.3,53.17,213.0,2.248,-0.0908,LOCK,0,normal
4777,9706711,3059,48932.0,-0.0585,0.1209,-0.8931,0.90314,997.71,1000.0,2.29,53.17,213.0,2.2652,0.1702,LOCK,0,normal
4778,9706720,3068,48941.0,-0.1599,0.2457,-0.7293,0.78601,997.72,1000.0,2.28,53.17,213.0,2.2199,-0.5169,LOCK,0,normal
4779,9706728,3076,48949.0,0.234,-0.0741,-0.8346,0.86994,997.72,1000.0,2.28,53.17,213.0,2.2475,-0.0981,LOCK,0,normal
4780,9706737,3085,48958.0,0.2067,0.1209,-0.663,0.70492,997.73,1000.0,2.27,53.17,213.0,2.2478,-0.0941,LOCK,0,normal
4781,9706745,3093,48966.0,0.2067,0.1209,-0.663,0.70492,997.73,1000.0,2.27,53.17,213.0,2.2392,-0.2239,LOCK,0,normal
4782,9706760,3108,48981.0,0.0663,-0.0351,-0.8034,0.80689,997.74,1000.0,2.26,53.17,213.0,2.261,0.1058,LOCK,0,normal
4783,9706768,3116,48989.0,-0.2418,-0.0234,-0.7995,0.83559,997.74,1000.0,2.26,53.17,213.0,2.234,-0.3029,LOCK,0,normal
4784,9706777,3125,48998.0,0.1248,0.0039,-0.663,0.67465,997.74,1000.0,2.26,53.17,213.0,2.2468,-0.1085,LOCK,0,normal
4785,9706785,3133,49006.0,0.1248,0.0039,-0.663,0.67465,997.75,1000.0,2.25,53.17,213.0,2.2567,0.0414,LOCK,0,normal
4786,9706794,3142,49015.0,0.1716,-0.0039,-0.7098,0.73026,997.76,1000.0,2.24,53.17,213.0,2.2268,-0.4128,LOCK,0,normal
4787,9706809,3157,49030.0,0.2067,-0.0975,-0.9243,0.95214,997.77,1000.0,2.23,53.17,213.0,2.2686,0.2215,LOCK,0,normal
4788,9706817,3165,49038.0,-0.0702,-0.1443,-0.702,0.72011,997.78,1000.0,2.22,53.17,213.0,2.262,0.1217,LOCK,0,normal
4789,9706826,3174,49047.0,-0.0702,-0.1443,-0.702,0.72011,997.78,1000.0,2.22,53.17,213.0,2.2394,-0.2211,LOCK,0,normal
4790,9706834,3182,49055.0,0.0117,-0.0936,-0.7683,0.77407,997.79,1000.0,2.21,53.17,213.0,2.2358,-0.2758,LOCK,0,normal
4791,9706843,3191,49064.0,0.0819,-0.1365,-0.7098,0.72743,997.79,1000.0,2.21,53.17,213.0,2.2357,-0.2779,LOCK,0,normal
4792,9706851,3199,49072.0,-0.0741,0.1794,-0.741,0.766,997.8,1000.0,2.2,53.17,213.0,2.2515,-0.038,LOCK,0,normal
4793,9706860,3208,49081.0,0.0702,0.0702,-0.8541,0.85985,997.81,1000.0,2.19,53.17,213.0,2.2588,0.0725,LOCK,0,normal
4794,9706868,3216,49089.0,-0.0741,-0.0039,-0.936,0.93894,997.82,1000.0,2.18,53.17,213.0,2.2579,0.0597,LOCK,0,normal
4795,9706877,3225,49098.0,-0.0741,-0.0039,-0.936,0.93894,997.83,1000.0,2.17,53.17,213.0,2.2529,-0.0172,LOCK,0,normal
4796,9706885,3233,49106.0,-0.1872,0.0351,-0.6747,0.70107,997.84,1000.0,2.16,53.17,213.0,2.2524,-0.0248,LOCK,0,normal
4797,9706893,3241,49114.0,-0.1248,-0.156,-0.7527,0.77876,997.84,1000.0,2.16,53.17,213.0,2.2441,-0.1503,LOCK,0,normal
4798,9706912,3260,49133.0,0.1911,0.0468,-0.6981,0.7253,997.85,1000.0,2.15,53.17,213.0,2.2627,0.1324,LOCK,0,normal
4799,9706921,3269,49142.0,0.1326,0.0936,-0.7176,0.73573,997.85,1000.0,2.15,53.17,213.0,2.2642,0.1553,LOCK,0,normal
4800,9706929,3277,49150.0,0.1326,0.0936,-0.7176,0.73573,997.86,1000.0,2.14,53.17,213.0,2.2433,-0.1625,LOCK,0,normal
4801,9706937,3285,49158.0,0.1599,-0.1989,-0.9243,0.95888,997.86,1000.0,2.14,53.17,213.0,2.2467,-0.1106,LOCK,0,normal
4802,9706946,3294,49167.0,0.1092,-0.0507,-1.014,1.02112,997.86,1000.0,2.14,53.17,213.0,2.2382,-0.24,LOCK,0,normal
4803,9706954,3302,49175.0,-0.0663,-0.0975,-0.6474,0.65805,997.86,1000.0,2.14,53.17,213.0,2.2517,-0.0343,LOCK,0,normal
4804,9706968,3316,49189.0,-0.1326,0.351,-0.7332,0.82363,997.87,1000.0,2.13,53.17,213.0,2.2646,0.1604,LOCK,0,normal
4805,9706976,3324,49197.0,0.1716,-0.2067,-0.5382,0.60152,997.87,1000.0,2.13,53.17,213.0,2.2414,-0.1912,LOCK,0,normal
4806,9706984,3332,49205.0,0.1716,0.0897,-0.8307,0.85297,997.88,1000.0,2.12,53.17,213.0,2.2622,0.1238,LOCK,0,normal
4807,9706993,3341,49214.0,0.0078,0.1131,-0.8112,0.81908,997.89,1000.0,2.11,53.17,213.0,2.2584,0.0667,LOCK,0,normal
4808,9707001,3349,49222.0,0.0117,0.0507,-1.0452,1.04649,997.89,1000.0,2.11,53.17,213.0,2.2575,0.0527,LOCK,0,normal
4809,9707014,3362,49235.0,0.0273,-0.0078,-0.6864,0.68699,997.9,1000.0,2.1,53.17,213.0,2.2501,-0.0584,LOCK,0,normal
4810,9707023,3371,49244.0,0.1677,-0.0234,-0.78,0.79817,997.9,1000.0,2.1,53.17,213.0,2.2498,-0.0642,LOCK,0,normal
4811,9707031,3379,49252.0,0.1677,-0.0234,-0.78,0.79817,997.91,1000.0,2.09,53.17,213.0,2.2402,-0.2092,LOCK,0,normal
4812,9707040,3388,49261.0,0.1716,-0.0663,-0.6279,0.65429,997.92,1000.0,2.08,53.17,213.0,2.2463,-0.117,LOCK,0,normal
4813,9707048,3396,49269.0,0.1599,0.0819,-0.8697,0.88806,997.93,1000.0,2.07,53.17,213.0,2.2216,-0.4916,LOCK,0,normal
4814,9707057,3405,49278.0,-0.1053,-0.1404,-0.8463,0.86431,997.94,1000.0,2.06,53.17,213.0,2.2517,-0.0346,LOCK,0,normal
4815,9707065,3413,49286.0,-0.1326,0.1131,-0.7605,0.78021,997.94,1000.0,2.06,53.17,213.0,2.2471,-0.1051,LOCK,0,normal
4816,9707074,3422,49295.0,0.2379,-0.4641,-0.7371,0.90294,997.95,1000.0,2.05,53.17,213.0,2.264,0.1513,LOCK,0,normal
4817,9707082,3430,49303.0,0.2379,-0.4641,-0.7371,0.90294,997.95,1000.0,2.05,53.17,213.0,2.2392,-0.2236,LOCK,0,normal
4818,9707090,3438,49311.0,-0.0117,-0.1287,-0.8112,0.82143,997.96,1000.0,2.04,53.17,213.0,2.2462,-0.1185,LOCK,0,normal
4819,9707099,3447,49320.0,0.0312,-0.1443,-0.8307,0.84372,997.97,1000.0,2.03,53.17,213.0,2.2514,-0.0392,LOCK,0,normal
4820,9707107,3455,49328.0,-0.0975,-0.1248,-0.8268,0.84183,997.98,1000.0,2.02,53.17,213.0,2.2664,0.1882,LOCK,0,normal
4821,9707116,3464,49337.0,0.0663,-0.1521,-0.6552,0.67588,997.99,1000.0,2.01,53.17,213.0,2.2602,0.0933,LOCK,0,normal
4822,9707135,3483,49356.0,0.0663,0.1209,-0.7683,0.78058,998.0,1000.0,2.0,53.17,213.0,2.2366,-0.2635,LOCK,0,normal
4823,9707143,3491,49364.0,0.0663,0.1209,-0.7683,0.78058,998.0,1000.0,2.0,53.17,213.0,2.2414,-0.1915,LOCK,0,normal
4824,9707152,3500,49373.0,0.0312,-0.1014,-0.9906,0.99626,998.01,1000.0,1.99,53.17,213.0,2.243,-0.1668,LOCK,0,normal
4825,9707160,3508,49381.0,0.195,0.0936,-0.6006,0.63836,998.02,1000.0,1.98,53.17,213.0,2.2632,0.1397,LOCK,0,normal
4826,9707173,3521,49394.0,-0.0312,-0.0663,-0.7878,0.7912,998.03,1000.0,1.97,53.17,213.0,2.2591,0.0774,LOCK,0,normal
4827,9707182,3530,49403.0,0.117,-0.1287,-0.7254,0.74596,998.04,1000.0,1.96,53.17,213.0,2.2421,-0.1802,LOCK,0,normal
4828,9707190,3538,49411.0,0.0702,0.0312,-0.9828,0.9858,998.05,1000.0,1.95,53.17,213.0,2.2491,-0.0746,LOCK,0,normal
4829,9707199,3547,49420.0,0.0936,0.3159,-0.7644,0.83238,998.05,1000.0,1.95,53.17,213.0,2.242,-0.1817,LOCK,0,normal
4830,9707207,3555,49428.0,0.2652,-0.0702,-0.7878,0.8342,998.07,1000.0,1.93,53.17,213.0,2.237,-0.2574,LOCK,0,normal
4831,9707219,3567,49440.0,0.3471,-0.0078,-0.6318,0.72091,998.08,1000.0,1.92,53.17,213.0,2.2599,0.0899,LOCK,0,normal
4832,9707227,3575,49448.0,0.078,0.0,-0.897,0.90038,998.09,1000.0,1.91,53.17,213.0,2.2571,0.0466,LOCK,0,normal
4833,9707236,3584,49457.0,0.078,0.0,-0.897,0.90038,998.1,1000.0,1.9,53.17,213.0,2.2367,-0.2626,LOCK,0,normal
4834,9707244,3592,49465.0,-0.0897,-0.0819,-0.8892,0.89746,998.11,1000.0,1.89,53.17,213.0,2.2511,-0.0444,LOCK,0,normal
4835,9707253,3601,49474.0,-0.1365,-0.1443,-0.7449,0.77093,998.12,1000.0,1.88,53.17,213.0,2.2381,-0.241,LOCK,0,normal
4836,9707261,3609,49482.0,0.0897,0.039,-0.6786,0.68561,998.13,1000.0,1.87,53.17,213.0,2.2535,-0.008,LOCK,0,normal
4837,9707269,3617,49490.0,0.1872,0.1482,-0.7098,0.74888,998.14,1000.0,1.86,53.17,213.0,2.2499,-0.0615,LOCK,0,normal
4838,9707278,3626,49499.0,0.1053,0.0078,-0.8151,0.82191,998.14,1000.0,1.86,53.17,213.0,2.2628,0.1339,LOCK,0,normal
4839,9707286,3634,49507.0,0.1053,0.0078,-0.8151,0.82191,998.15,1000.0,1.85,53.17,213.0,2.2298,-0.3673,LOCK,0,normal
4840,9707295,3643,49516.0,-0.039,-0.0429,-0.8814,0.8833,998.16,1000.0,1.84,53.17,213.0,2.2529,-0.0169,LOCK,0,normal
4841,9707303,3651,49524.0,-0.0741,0.0507,-0.6864,0.69225,998.16,1000.0,1.84,53.17,213.0,2.2447,-0.1405,LOCK,0,normal
4842,9707312,3660,49533.0,-0.0078,-0.1599,-0.7449,0.76191,998.17,1000.0,1.83,53.17,213.0,2.2587,0.071,LOCK,0,normal
4843,9707321,3669,49542.0,0.2067,0.0,-0.7566,0.78433,998.17,1000.0,1.83,53.17,213.0,2.2564,0.0368,LOCK,0,normal
4844,9707330,3678,49551.0,0.1716,0.0351,-0.6123,0.63686,998.18,1000.0,1.82,53.17,213.0,2.2549,0.0142,LOCK,0,normal
4845,9707338,3686,49559.0,0.1716,0.0351,-0.6123,0.63686,998.2,1000.0,1.8,53.17,213.0,2.2314,-0.3426,LOCK,0,normal
4846,9707346,3694,49567.0,0.1755,0.0741,-0.8346,0.85607,998.21,1000.0,1.79,53.17,213.0,2.2543,0.0051,LOCK,0,normal
4847,9707355,3703,49576.0,0.0858,-0.1716,-0.9438,0.9631,998.22,1000.0,1.78,53.17,213.0,2.241,-0.197,LOCK,0,normal
4848,9707363,3711,49584.0,0.0507,0.0546,-1.0335,1.03618,998.23,1000.0,1.77,53.17,213.0,2.2533,-0.0108,LOCK,0,normal
4849,9707377,3725,49598.0,-0.1365,-0.0312,-0.702,0.71583,998.23,1000.0,1.77,53.17,213.0,2.2592,0.078,LOCK,0,normal
4850,9707385,3733,49606.0,-0.0429,0.1053,-0.7605,0.76895,998.24,1000.0,1.76,53.17,213.0,2.2365,-0.2654,LOCK,0,normal
4851,9707393,3741,49614.0,-0.0624,-0.1599,-0.741,0.76062,998.25,1000.0,1.75,53.17,213.0,2.2307,-0.3533,LOCK,0,normal
4852,9707402,3750,49623.0,0.2223,0.1365,-0.6708,0.71974,998.26,1000.0,1.74,53.17,213.0,2.2417,-0.1866,LOCK,0,normal
4853,9707410,3758,49631.0,0.2223,0.1365,-0.6708,0.71974,998.27,1000.0,1.73,53.17,213.0,2.2473,-0.1018,LOCK,0,normal
4854,9707423,3771,49644.0,-0.0546,0.1248,-0.9126,0.92271,998.28,1000.0,1.72,53.17,213.0,2.2596,0.0851,LOCK,0,normal
4855,9707431,3779,49652.0,0.0546,-0.2223,-0.663,0.7014,998.29,1000.0,1.71,53.17,213.0,2.2683,0.2169,LOCK,0,normal
4856,9707440,3788,49661.0,0.0546,-0.2223,-0.663,0.7014,998.29,1000.0,1.71,53.17,213.0,2.2327,-0.3225,LOCK,0,normal
4857,9707448,3796,49669.0,0.195,-0.1209,-0.9048,0.93344,998.3,1000.0,1.7,53.17,213.0,2.2193,-0.5264,LOCK,0,normal
4858,9707457,3805,49678.0,0.2613,-0.2145,-0.546,0.64219,998.31,1000.0,1.69,53.17,213.0,2.2505,-0.0523,LOCK,0,normal
4859,9707465,3813,49686.0,0.1326,0.0975,-0.9984,1.01188,998.32,1000.0,1.68,53.17,213.0,2.2486,-0.0825,LOCK,0,normal
4860,9707474,3822,49695.0,0.0897,-0.0156,-0.8502,0.85506,998.32,1000.0,1.68,53.17,213.0,2.2574,0.0512,LOCK,0,normal
4861,9707482,3830,49703.0,0.0897,-0.0156,-0.8502,0.85506,998.33,1000.0,1.67,53.17,213.0,2.2606,0.0997,LOCK,0,normal
4862,9707491,3839,49712.0,-0.0936,-0.0156,-0.8112,0.81673,998.33,1000.0,1.67,53.17,213.0,2.2289,-0.3808,LOCK,0,normal
4863,9707499,3847,49720.0,0.039,-0.0897,-0.7371,0.74356,998.34,1000.0,1.66,53.17,213.0,2.2585,0.0677,LOCK,0,normal
4864,9707508,3856,49729.0,0.0039,0.2067,-0.8034,0.82957,998.34,1000.0,1.66,53.17,213.0,2.2472,-0.103,LOCK,0,normal
4865,9707516,3864,49737.0,0.0429,0.1365,-0.8034,0.81604,998.34,1000.0,1.66,53.17,213.0,2.2572,0.0487,LOCK,0,normal
4866,9707526,3874,49747.0,0.3003,0.2262,-0.8658,0.9439,998.34,1000.0,1.66,53.17,213.0,2.2668,0.1934,LOCK,0,normal
4867,9707534,3882,49755.0,0.0078,-0.1638,-0.7683,0.78561,998.34,1000.0,1.66,53.17,213.0,2.2552,0.0182,LOCK,0,normal
4868,9707543,3891,49764.0,0.0078,-0.1638,-0.7683,0.78561,998.34,1000.0,1.66,53.17,213.0,2.2442,-0.1488,LOCK,0,normal
4869,9707551,3899,49772.0,-0.0819,-0.1248,-0.78,0.79416,998.34,1000.0,1.66,53.17,213.0,2.2311,-0.3463,LOCK,0,normal
4870,9707559,3907,49780.0,0.1482,-0.156,-0.8619,0.88835,998.34,1000.0,1.66,53.17,213.0,2.2545,0.0078,LOCK,0,normal
4871,9707568,3916,49789.0,0.2652,0.1248,-0.8931,0.93996,998.34,1000.0,1.66,53.17,213.0,2.2515,-0.0377,LOCK,0,normal
4872,9707581,3929,49802.0,0.1248,0.0975,-0.6084,0.62867,998.33,1000.0,1.67,53.17,213.0,2.2674,0.2029,LOCK,0,normal
4873,9707590,3938,49811.0,0.1911,-0.0156,-0.7644,0.78808,998.33,1000.0,1.67,53.17,213.0,2.2276,-0.3997,LOCK,0,normal
4874,9707598,3946,49819.0,0.2067,-0.0585,-0.6903,0.72295,998.32,1000.0,1.68,53.17,213.0,2.2412,-0.1933,LOCK,0,normal
4875,9707607,3955,49828.0,-0.0936,-0.0039,-1.053,1.05716,998.32,1000.0,1.68,53.17,213.0,2.243,-0.1665,LOCK,0,normal
4876,9707615,3963,49836.0,-0.0936,-0.0039,-1.053,1.05716,998.32,1000.0,1.68,53.17,213.0,2.2415,-0.1891,LOCK,0,normal
4877,9707630,3978,49851.0,0.0546,0.0,-0.8502,0.85195,998.32,1000.0,1.68,53.17,213.0,2.2675,0.2047,LOCK,0,normal
4878,9707639,3987,49860.0,0.3549,0.1482,-0.5889,0.70336,998.32,1000.0,1.68,53.17,213.0,2.2646,0.1604,LOCK,0,normal
4879,9707647,3995,49868.0,0.2067,-0.0663,-0.9828,1.00649,998.32,1000.0,1.68,53.17,213.0,2.2548,0.0127,LOCK,0,normal
4880,9707656,4004,49877.0,0.2067,-0.0663,-0.9828,1.00649,998.32,1000.0,1.68,53.17,213.0,2.2389,-0.229,LOCK,0,normal
4881,9707664,4012,49885.0,0.0507,0.0195,-0.6864,0.68855,998.32,1000.0,1.68,53.17,213.0,2.2342,-0.3002,LOCK,0,normal
4882,9707673,4021,49894.0,0.0585,-0.0819,-0.8073,0.81355,998.32,1000.0,1.68,53.17,213.0,2.271,0.2578,LOCK,0,normal
4883,9707682,4030,49903.0,-0.0273,0.1092,-0.7449,0.75336,998.32,1000.0,1.68,53.17,213.0,2.2574,0.0512,LOCK,0,normal
4884,9707690,4038,49911.0,0.0702,0.0507,-0.8931,0.89729,998.31,1000.0,1.69,53.17,213.0,2.2457,-0.1259,LOCK,0,normal
4885,9707699,4047,49920.0,0.2457,0.0663,-0.6552,0.70289,998.31,1000.0,1.69,53.17,213.0,2.2212,-0.4971,LOCK,0,normal
4886,9707707,4055,49928.0,0.2457,0.0663,-0.6552,0.70289,998.3,1000.0,1.7,53.17,213.0,2.2456,-0.1274,LOCK,0,normal
4887,9707716,4064,49937.0,0.1287,-0.0507,-0.7644,0.77681,998.3,1000.0,1.7,53.17,213.0,2.2414,-0.1906,LOCK,0,normal
4888,9707734,4082,49955.0,0.0195,-0.0273,-0.8034,0.8041,998.29,1000.0,1.71,53.17,213.0,2.2606,0.1006,LOCK,0,normal
4889,9707742,4090,49963.0,-0.1248,0.0234,-0.6903,0.70188,998.29,1000.0,1.71,53.17,213.0,2.224,-0.454,LOCK,0,normal
4890,9707751,4099,49972.0,0.2535,0.0156,-0.8268,0.86493,998.28,1000.0,1.72,53.17,213.0,2.2404,-0.2059,LOCK,0,normal
4891,9707759,4107,49980.0,0.3081,0.1092,-0.6786,0.75323,998.27,1000.0,1.73,53.17,213.0,2.2487,-0.0798,LOCK,0,normal
4892,9707768,4116,49989.0,0.3081,0.1092,-0.6786,0.75323,998.27,1000.0,1.73,53.17,213.0,2.2396,-0.2181,LOCK,0,normal
4893,9707784,4132,50005.0,-0.0039,0.0468,-0.7371,0.73859,998.26,1000.0,1.74,53.17,213.0,2.2633,0.1403,LOCK,0,normal
4894,9707792,4140,50013.0,-0.0351,-0.0819,-0.9672,0.9713,998.26,1000.0,1.74,53.17,213.0,2.2397,-0.2168,LOCK,0,normal
4895,9707801,4149,50022.0,0.1482,0.1638,-0.7254,0.75829,998.25,1000.0,1.75,53.17,213.0,2.2333,-0.3142,LOCK,0,normal
4896,9707809,4157,50030.0,0.1482,0.1638,-0.7254,0.75829,998.24,1000.0,1.76,53.17,213.0,2.2375,-0.2495,LOCK,0,normal
4897,9707818,4166,50039.0,0.1053,-0.1209,-0.6552,0.67453,998.24,1000.0,1.76,53.17,213.0,2.2421,-0.1808,LOCK,0,normal
4898,9707834,4182,50055.0,0.1911,0.0897,-0.8775,0.90254,998.23,1000.0,1.77,53.17,213.0,2.256,0.031,LOCK,0,normal
4899,9707843,4191,50064.0,-0.0858,0.0858,-0.7878,0.79709,998.23,1000.0,1.77,53.17,213.0,2.2576,0.0551,LOCK,0,normal
4900,9707851,4199,50072.0,0.039,-0.1209,-0.7644,0.77488,998.22,1000.0,1.78,53.17,213.0,2.2332,-0.3151,LOCK,0,normal
4901,9707860,4208,50081.0,0.039,-0.1209,-0.7644,0.77488,998.22,1000.0,1.78,53.17,213.0,2.2437,-0.1564,LOCK,0,normal
4902,9707868,4216,50089.0,0.0819,0.0507,-0.7254,0.73177,998.22,1000.0,1.78,53.17,213.0,2.2496,-0.067,LOCK,0,normal
4903,9707876,4224,50097.0,0.0819,-0.0312,-0.9516,0.95563,998.22,1000.0,1.78,53.17,213.0,2.2604,0.0973,LOCK,0,normal
4904,9707895,4243,50116.0,-0.1521,-0.1833,-0.7605,0.79693,998.22,1000.0,1.78,53.17,213.0,2.2484,-0.0856,LOCK,0,normal
4905,9707903,4251,50124.0,0.0468,-0.1287,-0.78,0.79193,998.23,1000.0,1.77,53.17,213.0,2.2345,-0.2953,LOCK,0,normal
4906,9707912,4260,50133.0,0.0468,-0.1287,-0.78,0.79193,998.23,1000.0,1.77,53.17,213.0,2.2414,-0.1912,LOCK,0,normal
4907,9707920,4268,50141.0,-0.0039,-0.0858,-0.7605,0.76533,998.23,1000.0,1.77,53.17,213.0,2.24,-0.2123,LOCK,0,normal
4908,9707936,4284,50157.0,0.3198,-0.0117,-0.6825,0.7538,998.22,1000.0,1.78,53.17,213.0,2.2587,0.0713,LOCK,0,normal
4909,9707945,4293,50166.0,0.0936,0.1248,-0.78,0.79545,998.21,1000.0,1.79,53.17,213.0,2.2636,0.1452,LOCK,0,normal
4910,9707953,4301,50174.0,0.0936,0.1248,-0.78,0.79545,998.2,1000.0,1.8,53.17,213.0,2.2287,-0.3835,LOCK,0,normal
4911,9707961,4309,50182.0,0.1599,-0.2535,-0.7332,0.79209,998.19,1000.0,1.81,53.17,213.0,2.2524,-0.0236,LOCK,0,normal
4912,9707970,4318,50191.0,-0.0351,0.0117,-0.8229,0.82373,998.19,1000.0,1.81,53.17,213.0,2.2529,-0.0169,LOCK,0,normal
4913,9707978,4326,50199.0,-0.0312,-0.0741,-0.8346,0.83846,998.18,1000.0,1.82,53.17,213.0,2.2518,-0.0328,LOCK,0,normal
4914,9707994,4342,50215.0,0.0273,0.1599,-0.936,0.94995,998.18,1000.0,1.82,53.17,213.0,2.2649,0.165,LOCK,0,normal
4915,9708003,4351,50224.0,-0.1092,-0.0312,-0.4212,0.43624,998.18,1000.0,1.82,53.17,213.0,2.2428,-0.1704,LOCK,0,normal
4916,9708011,4359,50232.0,0.1794,-0.1248,-0.9282,0.95358,998.18,1000.0,1.82,53.17,213.0,2.2467,-0.1106,LOCK,0,normal
4917,9708019,4367,50240.0,-0.0663,-0.0663,-0.7254,0.73143,998.18,1000.0,1.82,53.17,213.0,2.2321,-0.3316,LOCK,0,normal
4918,9708028,4376,50249.0,0.0078,0.0468,-1.0686,1.06965,998.18,1000.0,1.82,53.17,213.0,2.2503,-0.0557,LOCK,0,normal
4919,9708038,4386,50259.0,-0.0117,-0.0936,-0.7059,0.71217,998.18,1000.0,1.82,53.17,213.0,2.2588,0.0735,LOCK,0,normal
4920,9708046,4394,50267.0,0.3471,-0.0546,-0.7137,0.7955,998.17,1000.0,1.83,53.17,213.0,2.264,0.1516,LOCK,0,normal
4921,9708055,4403,50276.0,0.3471,-0.0546,-0.7137,0.7955,998.17,1000.0,1.83,53.17,213.0,2.2408,-0.2004,LOCK,0,normal
4922,9708063,4411,50284.0,0.273,-0.0117,-0.6747,0.72793,998.17,1000.0,1.83,53.17,213.0,2.242,-0.1817,LOCK,0,normal
4923,9708072,4420,50293.0,0.0897,0.0429,-0.9672,0.9723,998.17,1000.0,1.83,53.17,213.0,2.2408,-0.2,LOCK,0,normal
4924,9708080,4428,50301.0,0.0351,-0.039,-0.6123,0.61454,998.17,1000.0,1.83,53.17,213.0,2.2459,-0.1225,LOCK,0,normal
4925,9708089,4437,50310.0,-0.0351,-0.1521,-0.858,0.87208,998.17,1000.0,1.83,53.17,213.0,2.2568,0.0423,LOCK,0,normal
4926,9708097,4445,50318.0,0.1989,0.0,-0.6864,0.71464,998.17,1000.0,1.83,53.17,213.0,2.2612,0.1095,LOCK,0,normal
4927,9708106,4454,50327.0,0.1989,0.0,-0.6864,0.71464,998.16,1000.0,1.84,53.17,213.0,2.2449,-0.1375,LOCK,0,normal
4928,9708114,4462,50335.0,0.1794,-0.0741,-1.0218,1.04007,998.16,1000.0,1.84,53.17,213.0,2.2501,-0.0587,LOCK,0,normal
4929,9708122,4470,50343.0,0.0546,0.1131,-0.6318,0.64416,998.17,1000.0,1.83,53.17,213.0,2.2491,-0.0746,LOCK,0,normal
4930,9708131,4479,50352.0,0.117,-0.0585,-0.7917,0.80243,998.17,1000.0,1.83,53.17,213.0,2.2695,0.2349,LOCK,0,normal
4931,9708141,4489,50362.0,-0.0663,-0.0273,-0.7566,0.75999,998.17,1000.0,1.83,53.17,213.0,2.2677,0.2075,LOCK,0,normal
4932,9708150,4498,50371.0,-0.0312,-0.0429,-0.9867,0.98812,998.17,1000.0,1.83,53.17,213.0,2.2605,0.0988,LOCK,0,normal
4933,9708158,4506,50379.0,0.0156,0.2106,-0.7098,0.74055,998.17,1000.0,1.83,53.17,213.0,2.2418,-0.1848,LOCK,0,normal
4934,9708167,4515,50388.0,0.0156,0.2106,-0.7098,0.74055,998.17,1000.0,1.83,53.17,213.0,2.2491,-0.074,LOCK,0,normal
4935,9708186,4534,50407.0,0.2418,0.0546,-0.7722,0.81101,998.17,1000.0,1.83,53.17,213.0,2.2609,0.1052,LOCK,0,normal
4936,9708199,4547,50420.0,0.0273,0.0819,-0.7137,0.7189,998.18,1000.0,1.82,53.17,213.0,2.2597,0.0866,LOCK,0,normal
4937,9708208,4556,50429.0,0.0273,0.0819,-0.7137,0.7189,998.18,1000.0,1.82,53.17,213.0,2.2596,0.0848,LOCK,0,normal
4938,9708216,4564,50437.0,0.0936,-0.0936,-0.8307,0.84118,998.18,1000.0,1.82,53.17,213.0,2.2531,-0.0141,LOCK,0,normal
4939,9708224,4572,50445.0,-0.039,0.2106,-0.6942,0.72649,998.19,1000.0,1.81,53.17,213.0,2.2439,-0.153,LOCK,0,normal
4940,9708233,4581,50454.0,0.1287,0.1872,-0.8073,0.83865,998.2,1000.0,1.8,53.17,213.0,2.2511,-0.0441,LOCK,0,normal
4941,9708245,4593,50466.0,0.1287,0.0273,-0.7878,0.79871,998.2,1000.0,1.8,53.17,213.0,2.2614,0.1125,LOCK,0,normal
4942,9708253,4601,50474.0,0.0975,-0.1092,-0.741,0.75532,998.21,1000.0,1.79,53.17,213.0,2.2661,0.1833,LOCK,0,normal
4943,9708262,4610,50483.0,0.1638,-0.0897,-0.741,0.76417,998.22,1000.0,1.78,53.17,213.0,2.2363,-0.2687,LOCK,0,normal
4944,9708270,4618,50491.0,0.1638,-0.0897,-0.741,0.76417,998.23,1000.0,1.77,53.17,213.0,2.2366,-0.2642,LOCK,0,normal
4945,9708279,4627,50500.0,0.0,-0.039,-0.9087,0.90954,998.23,1000.0,1.77,53.17,213.0,2.2371,-0.2562,LOCK,0,normal
4946,9708288,4636,50509.0,-0.1326,0.0234,-0.8385,0.84924,998.25,1000.0,1.75,53.17,213.0,2.2549,0.0139,LOCK,0,normal
4947,9708296,4644,50517.0,0.2535,0.0585,-0.6981,0.745,998.26,1000.0,1.74,53.17,213.0,2.2593,0.0808,LOCK,0,normal
4948,9708305,4653,50526.0,0.1131,-0.2691,-0.6981,0.75667,998.27,1000.0,1.73,53.17,213.0,2.2454,-0.1308,LOCK,0,normal
4949,9708313,4661,50534.0,0.1014,-0.1092,-0.9126,0.92469,998.28,1000.0,1.72,53.17,213.0,2.2278,-0.3975,LOCK,0,normal
4950,9708322,4670,50543.0,0.1014,-0.1092,-0.9126,0.92469,998.29,1000.0,1.71,53.17,213.0,2.2478,-0.0944,LOCK,0,normal
4951,9708330,4678,50551.0,-0.1209,-0.0234,-0.8619,0.87065,998.3,1000.0,1.7,53.17,213.0,2.2453,-0.132,LOCK,0,normal
4952,9708345,4693,50566.0,-0.0624,0.0468,-0.8229,0.82659,998.31,1000.0,1.69,53.17,213.0,2.2588,0.0725,LOCK,0,normal
4953,9708353,4701,50574.0,0.3276,0.1521,-0.8307,0.90582,998.33,1000.0,1.67,53.17,213.0,2.2572,0.0478,LOCK,0,normal
4954,9708362,4710,50583.0,0.3276,0.1521,-0.8307,0.90582,998.34,1000.0,1.66,53.17,213.0,2.2498,-0.0642,LOCK,0,normal
4955,9708370,4718,50591.0,0.1326,0.1287,-0.8034,0.82438,998.35,1000.0,1.65,53.17,213.0,2.2452,-0.1326,LOCK,0,normal
4956,9708378,4726,50599.0,0.1131,-0.0234,-0.7332,0.74224,998.37,1000.0,1.63,53.17,213.0,2.2388,-0.2306,LOCK,0,normal
4957,9708387,4735,50608.0,0.0663,0.0702,-0.7761,0.78208,998.38,1000.0,1.62,53.17,213.0,2.2391,-0.226,LOCK,0,normal
4958,9708400,4748,50621.0,-0.0039,-0.1833,-0.9906,1.00742,998.39,1000.0,1.61,53.17,213.0,2.2581,0.0625,LOCK,0,normal
4959,9708409,4757,50630.0,0.1989,0.3588,-0.7644,0.86753,998.41,1000.0,1.59,53.17,213.0,2.2353,-0.2828,LOCK,0,normal
4960,9708417,4765,50638.0,0.1794,-0.1248,-0.5694,0.6099,998.43,1000.0,1.57,53.17,213.0,2.2526,-0.0206,LOCK,0,normal
4961,9708426,4774,50647.0,0.2769,-0.0312,-0.8463,0.89099,998.45,1000.0,1.55,53.17,213.0,2.2478,-0.0944,LOCK,0,normal
4962,9708434,4782,50655.0,0.2769,-0.0312,-0.8463,0.89099,998.47,1000.0,1.53,53.17,213.0,2.2405,-0.2043,LOCK,0,normal
4963,9708448,4796,50669.0,-0.0351,0.0897,-1.053,1.0574,998.48,1000.0,1.52,53.17,213.0,2.2632,0.1397,LOCK,0,normal
4964,9708457,4805,50678.0,0.0039,-0.0936,-0.7722,0.77786,998.5,1000.0,1.5,53.17,213.0,2.2597,0.086,LOCK,0,normal
4965,9708465,4813,50686.0,0.1092,0.0546,-0.7644,0.77409,998.51,1000.0,1.49,53.17,213.0,2.2421,-0.1796,LOCK,0,normal
4966,9708474,4822,50695.0,0.1092,0.0546,-0.7644,0.77409,998.54,1000.0,1.46,53.17,213.0,2.2374,-0.251,LOCK,0,normal
4967,9708482,4830,50703.0,0.2223,-0.1599,-0.5889,0.64945,998.56,1000.0,1.44,53.17,213.0,2.2457,-0.1256,LOCK,0,normal
4968,9708493,4841,50714.0,0.1326,-0.0936,-0.7644,0.78144,998.59,1000.0,1.41,53.17,213.0,2.2595,0.0838,LOCK,0,normal
4969,9708501,4849,50722.0,0.1131,-0.039,-0.6747,0.68522,998.61,1000.0,1.39,53.17,213.0,2.259,0.0762,LOCK,0,normal
4970,9708510,4858,50731.0,-0.0234,0.0741,-1.1115,1.11421,998.63,1000.0,1.37,53.17,213.0,2.2493,-0.0712,LOCK,0,normal
4971,9708518,4866,50739.0,0.0351,-0.078,-0.8229,0.82733,998.64,1000.0,1.36,53.17,213.0,2.226,-0.4244,LOCK,0,normal
4972,9708526,4874,50747.0,0.0351,-0.078,-0.8229,0.82733,998.66,1000.0,1.34,53.17,213.0,2.2486,-0.0816,LOCK,0,normal
4973,9708535,4883,50756.0,-0.0585,-0.1053,-0.6903,0.70073,998.69,1000.0,1.31,53.17,213.0,2.2388,-0.2297,LOCK,0,normal
4974,9708550,4898,50771.0,-0.039,-0.0858,-0.7722,0.77793,998.72,1000.0,1.28,53.17,213.0,2.2577,0.0561,LOCK,0,normal
4975,9708559,4907,50780.0,0.0507,-0.0663,-0.7722,0.7767,998.75,1000.0,1.25,53.17,213.0,2.2613,0.1107,LOCK,0,normal
4976,9708567,4915,50788.0,0.0507,-0.0663,-0.7722,0.7767,998.78,1000.0,1.22,53.17,213.0,2.2337,-0.3072,LOCK,0,normal
4977,9708576,4924,50797.0,0.078,0.1092,-1.1271,1.13506,998.8,1000.0,1.2,53.17,213.0,2.2531,-0.0135,LOCK,0,normal
4978,9708584,4932,50805.0,-0.0585,0.0468,-0.8151,0.81854,998.82,1000.0,1.18,53.17,213.0,2.2416,-0.1875,LOCK,0,normal
4979,9708593,4941,50814.0,0.1599,-0.0117,-0.7293,0.74672,998.85,1000.0,1.15,53.17,213.0,2.2568,0.0417,LOCK,0,normal
4980,9708606,4954,50827.0,0.3003,-0.1287,-0.6357,0.71474,998.89,1000.0,1.11,53.17,213.0,2.2616,0.1147,LOCK,0,normal
4981,9708614,4962,50835.0,0.1716,-0.0936,-0.8502,0.87238,998.92,1000.0,1.08,53.17,213.0,2.2479,-0.0929,LOCK,0,normal
4982,9708623,4971,50844.0,0.0624,-0.0624,-0.7839,0.78885,998.95,1000.0,1.05,53.17,213.0,2.2324,-0.328,LOCK,0,normal
4983,9708631,4979,50852.0,-0.0273,-0.0897,-1.0998,1.10379,998.97,1000.0,1.03,53.17,213.0,2.2457,-0.1259,LOCK,0,normal
4984,9708640,4988,50861.0,-0.1521,0.1131,-0.5928,0.62236,998.99,1000.0,1.01,53.17,213.0,2.2425,-0.1744,LOCK,0,normal
4985,9708653,5001,50874.0,0.0195,-0.234,-0.7137,0.75133,999.04,1000.0,0.96,53.17,213.0,2.2597,0.086,LOCK,0,normal
4986,9708662,5010,50883.0,0.1209,0.0819,-0.6981,0.71321,999.07,1000.0,0.93,53.17,213.0,2.2638,0.1492,LOCK,0,normal
4987,9708670,5018,50891.0,0.1131,0.0858,-0.7488,0.76214,999.11,1000.0,0.89,53.17,213.0,2.2554,0.0206,LOCK,0,normal
4988,9708679,5027,50900.0,0.1131,0.0858,-0.7488,0.76214,999.14,1000.0,0.86,53.17,213.0,2.2476,-0.0963,LOCK,0,normal
4989,9708687,5035,50908.0,0.1131,-0.1443,-1.0335,1.04964,999.16,1000.0,0.84,53.17,213.0,2.254,-0.0004,LOCK,0,normal
4990,9708697,5045,50918.0,0.0234,-0.0858,-0.9126,0.91692,999.19,1000.0,0.81,53.17,213.0,2.2688,0.2246,LOCK,0,normal
4991,9708706,5054,50927.0,0.0,0.1872,-0.7059,0.7303,999.21,1000.0,0.79,53.17,213.0,2.2651,0.1675,LOCK,0,normal
4992,9708714,5062,50935.0,0.273,0.0897,-0.7215,0.77662,999.25,1000.0,0.75,53.17,213.0,2.2638,0.1492,LOCK,0,normal
4993,9708723,5071,50944.0,-0.0429,-0.0234,-0.8229,0.82435,999.29,1000.0,0.71,53.17,213.0,2.2479,-0.0917,LOCK,0,normal
4994,9708731,5079,50952.0,-0.1131,0.0273,-0.7449,0.75393,999.33,1000.0,0.67,53.17,213.0,2.2467,-0.1106,LOCK,0,normal
4995,9708740,5088,50961.0,-0.1131,0.0273,-0.7449,0.75393,999.36,1000.0,0.64,53.17,213.0,2.235,-0.2877,LOCK,0,normal
4996,9708749,5097,50970.0,-0.0117,0.039,-0.9204,0.9213,999.39,1000.0,0.61,53.17,213.0,2.2519,-0.0325,LOCK,0,normal
4997,9708757,5105,50978.0,0.039,-0.1833,-0.936,0.95458,999.41,1000.0,0.59,53.17,213.0,2.2593,0.0808,LOCK,0,normal
4998,9708766,5114,50987.0,0.0351,0.2028,-0.6279,0.66077,999.44,1000.0,0.56,53.17,213.0,2.2474,-0.0996,LOCK,0,normal
4999,9708774,5122,50995.0,0.0078,-0.1248,-0.5304,0.54494,999.47,1000.0,0.53,53.17,213.0,2.2393,-0.2229,LOCK,0,normal
5000,9708783,5131,51004.0,0.1599,0.0234,-0.8502,0.86542,999.51,1000.0,0.49,53.17,213.0,2.2459,-0.1225,LOCK,0,normal
5001,9708791,5139,51012.0,0.1599,0.0234,-0.8502,0.86542,999.54,1000.0,0.46,53.17,213.0,2.2484,-0.0844,LOCK,0,normal
5002,9708809,5157,51030.0,0.1248,0.1287,-0.8229,0.8422,999.57,1000.0,0.43,53.17,213.0,2.2678,0.2084,LOCK,0,normal
5003,9708817,5165,51038.0,0.1365,0.0,-0.7566,0.76881,999.6,1000.0,0.4,53.17,213.0,2.2286,-0.3853,LOCK,0,normal
5004,9708825,5173,51046.0,0.2301,0.1248,-1.0179,1.05102,999.62,1000.0,0.38,53.17,213.0,2.2339,-0.3048,LOCK,0,normal
5005,9708834,5182,51055.0,0.3081,-0.039,-0.5967,0.67268,999.67,1000.0,0.33,53.17,213.0,2.241,-0.1973,LOCK,0,normal
5006,9708842,5190,51063.0,0.3081,-0.039,-0.5967,0.67268,999.71,1000.0,0.29,53.17,213.0,2.2481,-0.0899,LOCK,0,normal
5007,9708856,5204,51077.0,0.1716,-0.1911,-0.6708,0.71829,999.75,1000.0,0.25,53.17,213.0,2.2552,0.0182,LOCK,0,normal
5008,9708865,5213,51086.0,-0.0429,0.1209,-0.8346,0.8444,999.78,1000.0,0.22,53.17,213.0,2.2592,0.078,LOCK,0,normal
5009,9708874,5222,51095.0,-0.0429,0.1209,-0.8346,0.8444,999.81,1000.0,0.19,53.17,213.0,2.2472,-0.1033,LOCK,0,normal
5010,9708882,5230,51103.0,-0.0429,0.0195,-0.7449,0.74639,999.84,1000.0,0.16,53.17,213.0,2.235,-0.2873,LOCK,0,normal
5011,9708890,5238,51111.0,0.1287,-0.0078,-0.9867,0.99509,999.89,1000.0,0.11,53.17,213.0,2.259,0.0756,LOCK,0,normal
5012,9708899,5247,51120.0,-0.0117,0.0702,-0.7215,0.725,999.94,1000.0,0.06,53.17,213.0,2.2511,-0.0438,LOCK,0,normal
5013,9708907,5255,51128.0,0.1599,-0.0351,-0.7449,0.76268,999.99,1000.0,0.01,53.17,213.0,2.258,0.0603,LOCK,0,normal
5014,9708916,5264,51137.0,0.0702,-0.2847,-0.702,0.76078,1000.03,1000.0,-0.03,53.17,213.0,2.2624,0.1275,LOCK,0,normal
5015,9708924,5272,51145.0,0.0702,-0.2847,-0.702,0.76078,1000.06,1000.0,-0.06,53.17,213.0,2.2526,-0.0209,LOCK,0,normal
5016,9708933,5281,51154.0,-0.0351,0.1482,-0.7839,0.79856,1000.09,1000.0,-0.09,53.17,213.0,2.2465,-0.1137,LOCK,0,normal
5017,9708941,5289,51162.0,0.0819,0.2184,-1.0218,1.04808,1000.12,1000.0,-0.12,53.17,213.0,2.2666,0.1913,LOCK,0,normal
5018,9708960,5308,51181.0,0.1794,0.0234,-0.6708,0.69477,1000.18,1000.0,-0.18,53.17,213.0,2.2673,0.2017,LOCK,0,normal
5019,9708968,5316,51189.0,0.0741,-0.2223,-0.8463,0.87814,1000.23,1000.0,-0.23,53.17,213.0,2.2619,0.1195,LOCK,0,normal
5020,9708977,5325,51198.0,0.0741,-0.2223,-0.8463,0.87814,1000.27,1000.0,-0.27,53.17,213.0,2.2416,-0.1885,LOCK,0,normal
5021,9708985,5333,51206.0,0.0156,-0.0273,-0.6513,0.65206,1000.31,1000.0,-0.31,53.17,213.0,2.2502,-0.0581,LOCK,0,normal
5022,9708994,5342,51215.0,-0.1287,-0.1482,-1.0725,1.09031,1000.35,1000.0,-0.35,53.17,213.0,2.2406,-0.2028,LOCK,0,normal
5023,9709002,5350,51223.0,-0.0819,0.156,-0.7644,0.78444,1000.38,1000.0,-0.38,53.17,213.0,2.2516,-0.0361,LOCK,0,normal
5024,9709016,5364,51237.0,-0.2964,0.0117,-0.7254,0.78371,1000.44,1000.0,-0.44,53.17,213.0,2.2577,0.0567,LOCK,0,normal
5025,9709024,5372,51245.0,0.0468,-0.0936,-0.6825,0.69048,1000.49,1000.0,-0.49,53.17,213.0,2.2355,-0.2806,LOCK,0,normal
5026,9709032,5380,51253.0,-0.0078,-0.0975,-0.7683,0.7745,1000.54,1000.0,-0.54,53.17,213.0,2.2532,-0.0117,LOCK,0,normal
5027,9709041,5389,51262.0,0.0312,-0.1599,-0.9165,0.93087,1000.59,1000.0,-0.59,53.17,213.0,2.2285,-0.3869,LOCK,0,normal
5028,9709049,5397,51270.0,-0.0585,-0.1131,-1.053,1.06067,1000.63,1000.0,-0.63,53.17,213.0,2.2421,-0.1805,LOCK,0,normal
5029,9709065,5413,51286.0,0.156,0.2496,-0.741,0.79732,1000.66,1000.0,-0.66,53.17,213.0,2.2608,0.1028,LOCK,0,normal
5030,9709073,5421,51294.0,0.2301,0.156,-0.7176,0.76957,1000.73,1000.0,-0.73,53.17,213.0,2.2377,-0.2468,LOCK,0,normal
5031,9709082,5430,51303.0,0.0624,-0.0507,-0.7488,0.7531,1000.78,1000.0,-0.78,53.17,213.0,2.2506,-0.052,LOCK,0,normal
5032,9709090,5438,51311.0,-0.1053,0.0273,-0.7449,0.7528,1000.84,1000.0,-0.84,53.17,213.0,2.2392,-0.2248,LOCK,0,normal
5033,9709099,5447,51320.0,-0.1053,0.0273,-0.7449,0.7528,1000.88,1000.0,-0.88,53.17,213.0,2.2537,-0.0041,LOCK,0,normal
5034,9709111,5459,51332.0,0.0156,-0.0897,-0.8658,0.87057,1000.93,1000.0,-0.93,53.17,213.0,2.2592,0.0793,LOCK,0,normal
5035,9709119,5467,51340.0,0.0156,-0.0897,-0.8658,0.87057,1000.96,1000.0,-0.96,53.17,213.0,2.2608,0.1031,LOCK,0,normal
5036,9709128,5476,51349.0,-0.1209,0.195,-0.6513,0.69053,1001.03,1000.0,-1.03,53.17,213.0,2.2452,-0.1338,LOCK,0,normal
5037,9709136,5484,51357.0,0.2301,0.0117,-0.6864,0.72404,1001.09,1000.0,-1.09,53.17,213.0,2.2299,-0.3652,LOCK,0,normal
5038,9709145,5493,51366.0,0.0702,-0.0234,-0.7488,0.75245,1001.14,1000.0,-1.14,53.17,213.0,2.2509,-0.0468,LOCK,0,normal
5039,9709157,5505,51378.0,0.1326,0.039,-0.7839,0.79599,1001.19,1000.0,-1.19,53.17,213.0,2.2441,-0.1497,LOCK,0,normal
5040,9709166,5514,51387.0,0.0351,0.0273,-1.0413,1.04225,1001.23,1000.0,-1.23,53.17,213.0,2.2555,0.0228,LOCK,0,normal
5041,9709174,5522,51395.0,-0.1326,-0.0936,-0.6708,0.69016,1001.27,1000.0,-1.27,53.17,213.0,2.2642,0.155,LOCK,0,normal
5042,9709183,5531,51404.0,0.1053,-0.1677,-0.8424,0.86536,1001.3,1000.0,-1.3,53.17,213.0,2.2404,-0.2062,LOCK,0,normal
5043,9709191,5539,51412.0,0.1053,-0.1677,-0.8424,0.86536,1001.37,1000.0,-1.37,53.17,213.0,2.2408,-0.2004,LOCK,0,normal
5044,9709200,5548,51421.0,0.3315,-0.1365,-0.4914,0.60827,1001.43,1000.0,-1.43,53.17,213.0,2.2456,-0.1274,LOCK,0,normal
5045,9709208,5556,51429.0,0.0858,0.039,-0.8229,0.82828,1001.49,1000.0,-1.49,53.17,213.0,2.2663,0.1861,LOCK,0,normal
5046,9709225,5573,51446.0,-0.1677,0.0468,-0.8229,0.84112,1001.54,1000.0,-1.54,53.17,213.0,2.2628,0.1333,LOCK,0,normal
5047,9709233,5581,51454.0,0.1716,-0.039,-0.7527,0.773,1001.59,1000.0,-1.59,53.17,213.0,2.2403,-0.2074,LOCK,0,normal
5048,9709242,5590,51463.0,0.1716,-0.039,-0.7527,0.773,1001.63,1000.0,-1.63,53.17,213.0,2.2531,-0.0129,LOCK,0,normal
5049,9709250,5598,51471.0,0.2106,0.0117,-0.7917,0.81932,1001.7,1000.0,-1.7,53.17,213.0,2.2495,-0.0685,LOCK,0,normal
5050,9709258,5606,51479.0,0.1287,0.0702,-0.6669,0.68282,1001.76,1000.0,-1.76,53.17,213.0,2.2525,-0.0227,LOCK,0,normal
5051,9709269,5617,51490.0,0.1092,0.2106,-1.0296,1.05658,1001.81,1000.0,-1.81,53.17,213.0,2.2599,0.0899,LOCK,0,normal
5052,9709277,5625,51498.0,0.0195,-0.0897,-0.6591,0.66546,1001.86,1000.0,-1.86,53.17,213.0,2.2602,0.0939,LOCK,0,normal
5053,9709286,5634,51507.0,-0.0312,0.0663,-0.8112,0.8145,1001.9,1000.0,-1.9,53.17,213.0,2.2405,-0.2049,LOCK,0,normal
5054,9709294,5642,51515.0,-0.0312,0.0663,-0.8112,0.8145,1001.94,1000.0,-1.94,53.17,213.0,2.2329,-0.3191,LOCK,0,normal
5055,9709302,5650,51523.0,0.0507,-0.0078,-0.7839,0.78558,1001.98,1000.0,-1.98,53.17,213.0,2.2489,-0.0767,LOCK,0,normal
5056,9709312,5660,51533.0,0.0858,0.0234,-0.8892,0.89364,1002.04,1000.0,-2.04,53.17,213.0,2.2545,0.0069,LOCK,0,normal
5057,9709320,5668,51541.0,0.234,-0.0156,-0.8775,0.9083,1002.1,1000.0,-2.1,53.17,213.0,2.2614,0.1128,LOCK,0,normal
5058,9709329,5677,51550.0,-0.0819,-0.0117,-0.8112,0.81541,1002.15,1000.0,-2.15,53.17,213.0,2.2343,-0.298,LOCK,0,normal
5059,9709337,5685,51558.0,0.0351,-0.1482,-0.6786,0.69548,1002.2,1000.0,-2.2,53.17,213.0,2.2541,0.0011,LOCK,0,normal
5060,9709346,5694,51567.0,-0.0078,0.039,-0.8229,0.82386,1002.24,1000.0,-2.24,53.17,213.0,2.2493,-0.0709,LOCK,0,normal
5061,9709364,5712,51585.0,-0.0507,0.2847,-0.8931,0.93875,1002.28,1000.0,-2.28,53.17,213.0,2.2438,-0.1543,LOCK,0,normal
5062,9709373,5721,51594.0,-0.0273,0.1365,-0.7527,0.76546,1002.34,1000.0,-2.34,53.17,213.0,2.2645,0.1589,LOCK,0,normal
5063,9709381,5729,51602.0,-0.0624,-0.1131,-0.6357,0.64869,1002.41,1000.0,-2.41,53.17,213.0,2.2219,-0.487,LOCK,0,normal
5064,9709390,5738,51611.0,0.2418,0.0624,-0.7683,0.80787,1002.46,1000.0,-2.46,53.17,213.0,2.2415,-0.1894,LOCK,0,normal
5065,9709398,5746,51619.0,0.0702,-0.1521,-0.8151,0.83214,1002.51,1000.0,-2.51,53.17,213.0,2.2518,-0.0337,LOCK,0,normal
5066,9709407,5755,51628.0,0.0702,-0.1521,-0.8151,0.83214,1002.56,1000.0,-2.56,53.17,213.0,2.244,-0.1518,LOCK,0,normal
5067,9709418,5766,51639.0,0.1053,0.234,-0.6825,0.72914,1002.6,1000.0,-2.6,53.17,213.0,2.2529,-0.016,LOCK,0,normal
5068,9709432,5780,51653.0,0.2496,0.0078,-0.624,0.67211,1002.67,1000.0,-2.67,53.17,213.0,2.2658,0.1791,LOCK,0,normal
5069,9709440,5788,51661.0,0.2457,0.0468,-0.8775,0.91245,1002.73,1000.0,-2.73,53.17,213.0,2.2481,-0.0892,LOCK,0,normal
5070,9709449,5797,51670.0,0.0585,0.0624,-0.8853,0.88942,1002.79,1000.0,-2.79,53.17,213.0,2.227,-0.4085,LOCK,0,normal
5071,9709457,5805,51678.0,0.0585,0.0624,-0.8853,0.88942,1002.84,1000.0,-2.84,53.17,213.0,2.2403,-0.2083,LOCK,0,normal
5072,9709466,5814,51687.0,-0.0819,-0.0351,-0.7371,0.74247,1002.88,1000.0,-2.88,53.17,213.0,2.253,-0.0151,LOCK,0,normal
5073,9709474,5822,51695.0,-0.0507,-0.3081,-0.8151,0.87286,1002.93,1000.0,-2.93,53.17,213.0,2.2586,0.0695,LOCK,0,normal
5074,9709483,5831,51704.0,-0.0273,0.2067,-0.7449,0.77353,1002.96,1000.0,-2.96,53.17,213.0,2.2432,-0.1643,LOCK,0,normal
5075,9709491,5839,51712.0,0.1716,0.0195,-0.8463,0.86374,1003.03,1000.0,-3.03,53.17,213.0,2.2379,-0.2446,LOCK,0,normal
5076,9709510,5858,51731.0,-0.0078,-0.1326,-0.7059,0.71829,1003.1,1000.0,-3.1,53.17,213.0,2.2411,-0.1955,LOCK,0,normal
5077,9709519,5867,51740.0,-0.0078,-0.1326,-0.7059,0.71829,1003.15,1000.0,-3.15,53.17,213.0,2.2621,0.1226,LOCK,0,normal
5078,9709527,5875,51748.0,0.0351,-0.0273,-0.8268,0.82799,1003.2,1000.0,-3.2,53.17,213.0,2.2559,0.0289,LOCK,0,normal
5079,9709536,5884,51757.0,0.0156,0.0,-0.7098,0.70997,1003.25,1000.0,-3.25,53.17,213.0,2.2281,-0.3927,LOCK,0,normal
5080,9709544,5892,51765.0,0.4056,0.0468,-1.014,1.09311,1003.29,1000.0,-3.29,53.17,213.0,2.2495,-0.0688,LOCK,0,normal
5081,9709553,5901,51774.0,0.2418,-0.0546,-0.6006,0.64975,1003.36,1000.0,-3.36,53.17,213.0,2.24,-0.2126,LOCK,0,normal
5082,9709561,5909,51782.0,-0.0273,0.0156,-0.7995,0.80012,1003.41,1000.0,-3.41,53.17,213.0,2.2451,-0.1344,LOCK,0,normal
5083,9709576,5924,51797.0,0.0195,-0.1794,-0.6864,0.70972,1003.47,1000.0,-3.47,53.17,213.0,2.2594,0.0823,LOCK,0,normal
5084,9709585,5933,51806.0,-0.0546,0.1014,-0.8385,0.84637,1003.51,1000.0,-3.51,53.17,213.0,2.2607,0.1012,LOCK,0,normal
5085,9709593,5941,51814.0,0.0975,-0.0819,-0.8502,0.85968,1003.56,1000.0,-3.56,53.17,213.0,2.2348,-0.2904,LOCK,0,normal
5086,9709601,5949,51822.0,0.0975,-0.0819,-0.8502,0.85968,1003.59,1000.0,-3.59,53.17,213.0,2.2303,-0.3591,LOCK,0,normal
5087,9709610,5958,51831.0,0.1014,0.0,-0.9399,0.94535,1003.65,1000.0,-3.65,53.17,213.0,2.2494,-0.0691,LOCK,0,normal
5088,9709626,5974,51847.0,0.1755,-0.0312,-0.8385,0.85724,1003.71,1000.0,-3.71,53.17,213.0,2.2629,0.1348,LOCK,0,normal
5089,9709639,5987,51860.0,0.0,-0.1404,-0.7332,0.74652,1003.76,1000.0,-3.76,53.17,213.0,2.2632,0.1397,LOCK,0,normal
5090,9709648,5996,51869.0,0.0351,-0.0078,-1.0296,1.03023,1003.8,1000.0,-3.8,53.17,213.0,2.245,-0.1369,LOCK,0,normal
5091,9709656,6004,51877.0,0.0897,0.156,-0.7332,0.75496,1003.84,1000.0,-3.84,53.17,213.0,2.2258,-0.4269,LOCK,0,normal
5092,9709665,6013,51886.0,0.0234,-0.1482,-0.8112,0.82496,1003.92,1000.0,-3.92,53.17,213.0,2.2513,-0.0407,LOCK,0,normal
5093,9709673,6021,51894.0,0.0234,-0.1482,-0.8112,0.82496,1003.98,1000.0,-3.98,53.17,213.0,2.2577,0.0554,LOCK,0,normal
5094,9709682,6030,51903.0,0.1755,-0.1131,-0.6825,0.71372,1004.04,1000.0,-4.04,53.17,213.0,2.2615,0.1131,LOCK,0,normal
5095,9709690,6038,51911.0,-0.1209,-0.0975,-0.9984,1.01041,1004.09,1000.0,-4.09,53.17,213.0,2.239,-0.2266,LOCK,0,normal
5096,9709699,6047,51920.0,0.0312,0.078,-0.702,0.70701,1004.13,1000.0,-4.13,53.17,213.0,2.2546,0.009,LOCK,0,normal
5097,9709717,6065,51938.0,0.1014,0.2106,-0.6006,0.64448,1004.18,1000.0,-4.18,53.17,213.0,2.248,-0.0902,LOCK,0,normal
5098,9709726,6074,51947.0,0.2496,0.0858,-0.9516,0.98752,1004.25,1000.0,-4.25,53.17,213.0,2.26,0.0909,LOCK,0,normal
5099,9709734,6082,51955.0,0.2496,0.0858,-0.9516,0.98752,1004.31,1000.0,-4.31,53.17,213.0,2.2633,0.1409,LOCK,0,normal
5100,9709743,6091,51964.0,-0.1131,0.0117,-0.6552,0.66499,1004.37,1000.0,-4.37,53.17,213.0,2.243,-0.1665,LOCK,0,normal
5101,9709751,6099,51972.0,0.2028,0.0,-0.7566,0.78331,1004.42,1000.0,-4.42,53.17,213.0,2.2525,-0.023,LOCK,0,normal
5102,9709760,6108,51981.0,0.0819,0.0351,-0.7488,0.75408,1004.47,1000.0,-4.47,53.17,213.0,2.2492,-0.0731,LOCK,0,normal
5103,9709774,6122,51995.0,0.0429,-0.0429,-1.0179,1.01971,1004.51,1000.0,-4.51,53.17,213.0,2.2594,0.0811,LOCK,0,normal
5104,9709782,6130,52003.0,-0.0702,0.0546,-0.6747,0.68054,1004.55,1000.0,-4.55,53.17,213.0,2.2697,0.2374,LOCK,0,normal
5105,9709791,6139,52012.0,0.3783,-0.0156,-0.6279,0.73322,1004.61,1000.0,-4.61,53.17,213.0,2.24,-0.2123,LOCK,0,normal
5106,9709799,6147,52020.0,0.1482,0.1248,-0.7917,0.81506,1004.68,1000.0,-4.68,53.17,213.0,2.2423,-0.1765,LOCK,0,normal
5107,9709808,6156,52029.0,0.0117,-0.0429,-0.9243,0.92537,1004.73,1000.0,-4.73,53.17,213.0,2.2531,-0.0129,LOCK,0,normal
5108,9709816,6164,52037.0,0.0117,-0.0429,-0.9243,0.92537,1004.78,1000.0,-4.78,53.17,213.0,2.2332,-0.3148,LOCK,0,normal
5109,9709827,6175,52048.0,-0.0273,0.1404,-0.7956,0.80835,1004.83,1000.0,-4.83,53.17,213.0,2.2592,0.0793,LOCK,0,normal
5110,9709840,6188,52061.0,-0.1326,0.1131,-0.7605,0.78021,1004.87,1000.0,-4.87,53.17,213.0,2.2638,0.1479,LOCK,0,normal
5111,9709849,6197,52070.0,0.0312,-0.2028,-0.9087,0.93158,1004.94,1000.0,-4.94,53.17,213.0,2.2351,-0.2864,LOCK,0,normal
5112,9709857,6205,52078.0,0.0312,-0.2028,-0.9087,0.93158,1005.01,1000.0,-5.01,53.17,213.0,2.2444,-0.1454,LOCK,0,normal
5113,9709866,6214,52087.0,0.1989,0.1872,-0.6981,0.74963,1005.07,1000.0,-5.07,53.17,213.0,2.2392,-0.2245,LOCK,0,normal
5114,9709874,6222,52095.0,0.0819,-0.0975,-0.7449,0.7557,1005.13,1000.0,-5.13,53.17,213.0,2.2641,0.1525,LOCK,0,normal
5115,9709882,6230,52103.0,-0.0117,0.1443,-0.8697,0.88167,1005.18,1000.0,-5.18,53.17,213.0,2.2688,0.2246,LOCK,0,normal
5116,9709891,6239,52112.0,-0.0273,-0.1872,-0.8697,0.89004,1005.22,1000.0,-5.22,53.17,213.0,2.2595,0.0832,LOCK,0,normal
5117,9709899,6247,52120.0,0.0546,0.3744,-0.8151,0.89863,1005.27,1000.0,-5.27,53.17,213.0,2.2455,-0.1289,LOCK,0,normal
5118,9709918,6266,52139.0,0.3627,0.1248,-0.5421,0.66408,1005.34,1000.0,-5.34,53.17,213.0,2.2444,-0.1457,LOCK,0,normal
5119,9709927,6275,52148.0,0.1989,0.1989,-0.9321,0.97362,1005.4,1000.0,-5.4,53.17,213.0,2.269,0.2279,LOCK,0,normal
5120,9709935,6283,52156.0,0.0234,0.0858,-0.819,0.82381,1005.46,1000.0,-5.46,53.17,213.0,2.26,0.0915,LOCK,0,normal
5121,9709944,6292,52165.0,-0.0897,0.0156,-0.8034,0.80854,1005.51,1000.0,-5.51,53.17,213.0,2.2405,-0.2049,LOCK,0,normal
5122,9709952,6300,52173.0,0.0663,-0.1326,-0.7488,0.76333,1005.56,1000.0,-5.56,53.17,213.0,2.239,-0.2269,LOCK,0,normal
5123,9709961,6309,52182.0,0.0273,-0.1287,-0.9204,0.92976,1005.6,1000.0,-5.6,53.17,213.0,2.2411,-0.1952,LOCK,0,normal
5124,9709969,6317,52190.0,0.0273,-0.1287,-0.9204,0.92976,1005.68,1000.0,-5.68,53.17,213.0,2.2453,-0.1311,LOCK,0,normal
5125,9709986,6334,52207.0,0.0741,0.1131,-0.8658,0.87629,1005.75,1000.0,-5.75,53.17,213.0,2.262,0.1205,LOCK,0,normal
5126,9709994,6342,52215.0,0.0234,0.0468,-0.7332,0.73506,1005.81,1000.0,-5.81,53.17,213.0,2.2643,0.1562,LOCK,0,normal
5127,9710003,6351,52224.0,-0.0156,-0.0975,-1.053,1.05762,1005.87,1000.0,-5.87,53.17,213.0,2.2468,-0.1085,LOCK,0,normal
5128,9710011,6359,52232.0,-0.0702,0.1482,-0.6942,0.71331,1005.92,1000.0,-5.92,53.17,213.0,2.2472,-0.1027,LOCK,0,normal
5129,9710020,6368,52241.0,-0.0702,0.1482,-0.6942,0.71331,1005.97,1000.0,-5.97,53.17,213.0,2.2423,-0.1772,LOCK,0,normal
5130,9710029,6377,52250.0,0.1443,0.0156,-0.7059,0.72067,1006.04,1000.0,-6.04,53.17,213.0,2.2645,0.1586,LOCK,0,normal
5131,9710042,6390,52263.0,0.0624,0.0234,-0.9633,0.9656,1006.1,1000.0,-6.1,53.17,213.0,2.26,0.0909,LOCK,0,normal
5132,9710051,6399,52272.0,0.0624,0.0234,-0.9633,0.9656,1006.15,1000.0,-6.15,53.17,213.0,2.2493,-0.0718,LOCK,0,normal
5133,9710059,6407,52280.0,-0.0117,0.0,-0.7098,0.7099,1006.2,1000.0,-6.2,53.17,213.0,2.2425,-0.1747,LOCK,0,normal
5134,9710067,6415,52288.0,0.039,-0.1365,-0.8385,0.85043,1006.25,1000.0,-6.25,53.17,213.0,2.2291,-0.3771,LOCK,0,normal
5135,9710076,6424,52297.0,0.039,0.3978,-0.7878,0.8834,1006.29,1000.0,-6.29,53.17,213.0,2.2596,0.0854,LOCK,0,normal
5136,9710086,6434,52307.0,0.0195,-0.1989,-0.8151,0.83924,1006.37,1000.0,-6.37,53.17,213.0,2.2599,0.0896,LOCK,0,normal
5137,9710095,6443,52316.0,0.312,0.1716,-0.6435,0.73545,1006.43,1000.0,-6.43,53.17,213.0,2.2666,0.1907,LOCK,0,normal
5138,9710103,6451,52324.0,0.312,0.1716,-0.6435,0.73545,1006.5,1000.0,-6.5,53.17,213.0,2.2319,-0.3353,LOCK,0,normal
5139,9710111,6459,52332.0,0.0663,-0.1092,-0.78,0.79039,1006.55,1000.0,-6.55,53.17,213.0,2.2477,-0.095,LOCK,0,normal
5140,9710120,6468,52341.0,-0.0429,0.0936,-0.7995,0.8061,1006.6,1000.0,-6.6,53.17,213.0,2.2323,-0.3289,LOCK,0,normal
5141,9710128,6476,52349.0,-0.0546,-0.0546,-0.9711,0.97417,1006.65,1000.0,-6.65,53.17,213.0,2.2515,-0.0383,LOCK,0,normal
5142,9710137,6485,52358.0,-0.0234,0.3198,-0.78,0.84334,1006.69,1000.0,-6.69,53.17,213.0,2.2613,0.1101,LOCK,0,normal
5143,9710155,6503,52376.0,0.2184,0.0819,-1.0023,1.02908,1006.75,1000.0,-6.75,53.17,213.0,2.2403,-0.2083,LOCK,0,normal
5144,9710164,6512,52385.0,0.2184,0.0819,-1.0023,1.02908,1006.81,1000.0,-6.81,53.17,213.0,2.2536,-0.0062,LOCK,0,normal
5145,9710172,6520,52393.0,-0.0234,-0.0741,-0.7605,0.76446,1006.86,1000.0,-6.86,53.17,213.0,2.2477,-0.0947,LOCK,0,normal
5146,9710181,6529,52402.0,-0.0312,-0.0078,-0.7917,0.79235,1006.91,1000.0,-6.91,53.17,213.0,2.2627,0.1318,LOCK,0,normal
5147,9710192,6540,52413.0,0.039,-0.1287,-0.741,0.7531,1006.95,1000.0,-6.95,53.17,213.0,2.2545,0.0078,LOCK,0,normal
5148,9710200,6548,52421.0,0.2925,0.3081,-0.8073,0.91226,1007.03,1000.0,-7.03,53.17,213.0,2.2383,-0.2373,LOCK,0,normal
5149,9710208,6556,52429.0,0.0702,0.1755,-0.7098,0.73454,1007.09,1000.0,-7.09,53.17,213.0,2.2383,-0.2373,LOCK,0,normal
5150,9710217,6565,52438.0,0.1677,-0.0546,-0.9789,0.99466,1007.15,1000.0,-7.15,53.17,213.0,2.2291,-0.3774,LOCK,0,normal
5151,9710225,6573,52446.0,0.1677,-0.0546,-0.9789,0.99466,1007.21,1000.0,-7.21,53.17,213.0,2.2285,-0.3866,LOCK,0,normal
5152,9710242,6590,52463.0,-0.039,0.0117,-0.8268,0.8278,1007.25,1000.0,-7.25,53.17,213.0,2.2676,0.2062,LOCK,0,normal
5153,9710250,6598,52471.0,0.3354,-0.1716,-0.7917,0.87677,1007.3,1000.0,-7.3,53.17,213.0,2.2369,-0.2583,LOCK,0,normal
5154,9710259,6607,52480.0,0.1989,-0.0897,-0.8502,0.87775,1007.36,1000.0,-7.36,53.17,213.0,2.2472,-0.1036,LOCK,0,normal
5155,9710267,6615,52488.0,0.0741,-0.0273,-0.6435,0.64833,1007.42,1000.0,-7.42,53.17,213.0,2.2476,-0.0975,LOCK,0,normal
5156,9710276,6624,52497.0,0.0741,-0.0273,-0.6435,0.64833,1007.48,1000.0,-7.48,53.17,213.0,2.239,-0.2278,LOCK,0,normal
5157,9710290,6638,52511.0,0.0546,-0.0663,-0.6903,0.69562,1007.53,1000.0,-7.53,53.17,213.0,2.2603,0.0951,LOCK,0,normal
5158,9710298,6646,52519.0,-0.0975,-0.1872,-1.0803,1.10073,1007.57,1000.0,-7.57,53.17,213.0,2.2627,0.1318,LOCK,0,normal
5159,9710307,6655,52528.0,-0.0975,-0.1872,-1.0803,1.10073,1007.61,1000.0,-7.61,53.17,213.0,2.2391,-0.2263,LOCK,0,normal
5160,9710315,6663,52536.0,-0.0819,0.2184,-0.5889,0.63341,1007.65,1000.0,-7.65,53.17,213.0,2.2458,-0.1246,LOCK,0,normal
5161,9710324,6672,52545.0,0.3471,-0.0468,-0.8073,0.88,1007.7,1000.0,-7.7,53.17,213.0,2.2297,-0.3676,LOCK,0,normal
5162,9710332,6680,52553.0,0.1599,0.1755,-0.6318,0.67494,1007.75,1000.0,-7.75,53.17,213.0,2.2421,-0.1799,LOCK,0,normal
5163,9710341,6689,52562.0,0.1755,0.0819,-0.9672,0.9864,1007.8,1000.0,-7.8,53.17,213.0,2.2635,0.1437,LOCK,0,normal
5164,9710349,6697,52570.0,-0.0546,-0.0546,-0.7098,0.71399,1007.84,1000.0,-7.84,53.17,213.0,2.2638,0.1485,LOCK,0,normal
5165,9710368,6716,52589.0,-0.1365,-0.0546,-0.7722,0.78607,1007.88,1000.0,-7.88,53.17,213.0,2.2466,-0.1124,LOCK,0,normal
5166,9710377,6725,52598.0,-0.0663,-0.0858,-0.6864,0.69491,1007.91,1000.0,-7.91,53.17,213.0,2.2391,-0.2251,LOCK,0,normal
5167,9710385,6733,52606.0,0.078,-0.0663,-0.6903,0.69785,1007.95,1000.0,-7.95,53.17,213.0,2.2507,-0.0505,LOCK,0,normal
5168,9710394,6742,52615.0,0.3705,0.039,-0.8424,0.9211,1007.97,1000.0,-7.97,53.17,213.0,2.2637,0.1467,LOCK,0,normal
5169,9710402,6750,52623.0,0.0975,0.0,-0.6825,0.68943,1008.0,1000.0,-8.0,53.17,213.0,2.2606,0.0997,LOCK,0,normal
5170,9710411,6759,52632.0,0.0663,0.0468,-0.7917,0.79585,1008.03,1000.0,-8.03,53.17,213.0,2.2357,-0.2767,LOCK,0,normal
5171,9710419,6767,52640.0,0.0663,0.0468,-0.7917,0.79585,1008.05,1000.0,-8.05,53.17,213.0,2.244,-0.1515,LOCK,0,normal
5172,9710428,6776,52649.0,0.0,0.078,-0.9399,0.94313,1008.07,1000.0,-8.07,53.17,213.0,2.2387,-0.2315,LOCK,0,normal
5173,9710436,6784,52657.0,-0.0234,-0.0429,-0.7098,0.71148,1008.08,1000.0,-8.08,53.17,213.0,2.2453,-0.1311,LOCK,0,normal
5174,9710460,6808,52681.0,0.2067,0.1872,-0.7137,0.76625,1008.11,1000.0,-8.11,53.17,213.0,2.2479,-0.092,LOCK,0,normal
5175,9710468,6816,52689.0,-0.0195,-0.117,-0.9438,0.95122,1008.13,1000.0,-8.13,53.17,213.0,2.2441,-0.1506,LOCK,0,normal
5176,9710476,6824,52697.0,-0.0039,0.0039,-0.8034,0.80342,1008.15,1000.0,-8.15,53.17,213.0,2.2428,-0.1692,LOCK,0,normal
5177,9710485,6833,52706.0,-0.0546,-0.1092,-0.7722,0.78179,1008.16,1000.0,-8.16,53.17,213.0,2.2531,-0.0132,LOCK,0,normal
5178,9710497,6845,52718.0,0.1053,0.2769,-0.7761,0.83072,1008.18,1000.0,-8.18,53.17,213.0,2.266,0.1818,LOCK,0,normal
5179,9710505,6853,52726.0,0.2808,0.0936,-0.6708,0.7332,1008.19,1000.0,-8.19,53.17,213.0,2.2605,0.0982,LOCK,0,normal
5180,9710513,6861,52734.0,0.1053,0.0273,-1.0179,1.0237,1008.2,1000.0,-8.2,53.17,213.0,2.2377,-0.2474,LOCK,0,normal
5181,9710522,6870,52743.0,0.1053,0.0273,-1.0179,1.0237,1008.21,1000.0,-8.21,53.17,213.0,2.2466,-0.1115,LOCK,0,normal
5182,9710530,6878,52751.0,-0.0546,-0.0273,-0.6591,0.66192,1008.22,1000.0,-8.22,53.17,213.0,2.2518,-0.0334,LOCK,0,normal
5183,9710539,6887,52760.0,0.0,-0.0819,-0.8814,0.8852,1008.22,1000.0,-8.22,53.17,213.0,2.2466,-0.1121,LOCK,0,normal
5184,9710547,6895,52768.0,-0.1599,-0.0975,-0.6591,0.68519,1008.23,1000.0,-8.23,53.17,213.0,2.2625,0.1281,LOCK,0,normal
5185,9710556,6904,52777.0,-0.1287,0.0156,-0.897,0.90632,1008.24,1000.0,-8.24,53.17,213.0,2.2555,0.0228,LOCK,0,normal
5186,9710564,6912,52785.0,0.0585,-0.1326,-0.6864,0.70153,1008.22,1000.0,-8.22,53.17,213.0,2.2374,-0.2513,LOCK,0,normal
5187,9710583,6931,52804.0,-0.0819,-0.0429,-0.8229,0.82808,1008.21,1000.0,-8.21,53.17,213.0,2.2504,-0.0544,LOCK,0,normal
5188,9710591,6939,52812.0,0.0702,0.0312,-0.7527,0.75661,1008.2,1000.0,-8.2,53.17,213.0,2.2618,0.1189,LOCK,0,normal
5189,9710600,6948,52821.0,-0.0234,0.0078,-0.7839,0.78429,1008.19,1000.0,-8.19,53.17,213.0,2.2569,0.0445,LOCK,0,normal
5190,9710608,6956,52829.0,0.0429,-0.1833,-0.9282,0.9471,1008.19,1000.0,-8.19,53.17,213.0,2.258,0.0609,LOCK,0,normal
5191,9710617,6965,52838.0,0.1287,-0.1599,-0.7644,0.79148,1008.15,1000.0,-8.15,53.17,213.0,2.2613,0.111,LOCK,0,normal
5192,9710625,6973,52846.0,0.3042,0.0351,-0.7332,0.79458,1008.12,1000.0,-8.12,53.17,213.0,2.2601,0.0927,LOCK,0,normal
5193,9710634,6982,52855.0,0.3042,0.0351,-0.7332,0.79458,1008.09,1000.0,-8.09,53.17,213.0,2.2584,0.0664,LOCK,0,normal
5194,9710643,6991,52864.0,0.1833,0.1365,-0.7371,0.77172,1008.07,1000.0,-8.07,53.17,213.0,2.2587,0.0716,LOCK,0,normal
5195,9710651,6999,52872.0,0.078,0.0,-0.9477,0.9509,1008.05,1000.0,-8.05,53.17,213.0,2.2707,0.2532,LOCK,0,normal
5196,9710664,7012,52885.0,-0.1404,0.039,-0.7878,0.80116,1008.03,1000.0,-8.03,53.17,213.0,2.2673,0.2017,LOCK,0,normal
5197,9710673,7021,52894.0,-0.039,-0.0546,-0.7566,0.75957,1008.01,1000.0,-8.01,53.17,213.0,2.2535,-0.0071,LOCK,0,normal
5198,9710681,7029,52902.0,0.1794,0.0897,-0.819,0.8432,1007.96,1000.0,-7.96,53.17,213.0,2.246,-0.121,LOCK,0,normal
5199,9710690,7038,52911.0,0.2145,0.1716,-0.8697,0.91205,1007.91,1000.0,-7.91,53.17,213.0,2.2573,0.0506,LOCK,0,normal
5200,9710700,7048,52921.0,0.0429,-0.0546,-0.8385,0.84137,1007.87,1000.0,-7.87,53.17,213.0,2.2629,0.1342,LOCK,0,normal
5201,9710709,7057,52930.0,0.0312,-0.1482,-0.7488,0.76396,1007.83,1000.0,-7.83,53.17,213.0,2.2576,0.0548,LOCK,0,normal
5202,9710717,7065,52938.0,0.0312,-0.1482,-0.7488,0.76396,1007.79,1000.0,-7.79,53.17,213.0,2.2558,0.0271,LOCK,0,normal
5203,9710726,7074,52947.0,0.0078,-0.0663,-0.8151,0.81783,1007.76,1000.0,-7.76,53.17,213.0,2.2547,0.0106,LOCK,0,normal
5204,9710734,7082,52955.0,0.0624,0.1443,-0.897,0.91067,1007.74,1000.0,-7.74,53.17,213.0,2.262,0.1214,LOCK,0,normal
5205,9710743,7091,52964.0,0.0546,-0.0351,-0.6318,0.63513,1007.68,1000.0,-7.68,53.17,213.0,2.2594,0.082,LOCK,0,normal
5206,9710751,7099,52972.0,0.0663,-0.156,-0.7527,0.77155,1007.62,1000.0,-7.62,53.17,213.0,2.2574,0.0512,LOCK,0,normal
5207,9710760,7108,52981.0,0.0117,0.0156,-0.7098,0.71007,1007.58,1000.0,-7.58,53.17,213.0,2.2634,0.1431,LOCK,0,normal
5208,9710768,7116,52989.0,0.0117,0.0156,-0.7098,0.71007,1007.53,1000.0,-7.53,53.17,213.0,2.2453,-0.132,LOCK,0,normal
5209,9710777,7125,52998.0,0.0273,-0.0195,-0.8424,0.84307,1007.5,1000.0,-7.5,53.17,213.0,2.244,-0.1512,LOCK,0,normal
5210,9710795,7143,53016.0,-0.0702,-0.0897,-0.6591,0.66887,1007.46,1000.0,-7.46,53.17,213.0,2.2561,0.0326,LOCK,0,normal
5211,9710804,7152,53025.0,0.1326,0.1092,-0.7527,0.77205,1007.38,1000.0,-7.38,53.17,213.0,2.2481,-0.0899,LOCK,0,normal
5212,9710867,7215,53088.0,0.1599,-0.0624,-0.6591,0.68108,1007.25,1000.0,-7.25,53.17,213.0,2.2559,0.0289,LOCK,0,normal
5213,9710876,7224,53097.0,0.1053,-0.1521,-0.7878,0.80923,1007.14,1000.0,-7.14,53.17,213.0,2.2437,-0.1564,LOCK,0,normal
5214,9710884,7232,53105.0,0.0858,0.1365,-0.702,0.72028,1007.04,1000.0,-7.04,53.17,213.0,2.2444,-0.1451,LOCK,0,normal
5215,9710893,7241,53114.0,-0.0273,-0.0546,-0.975,0.97691,1006.95,1000.0,-6.95,53.17,213.0,2.2451,-0.135,LOCK,0,normal
5216,9710901,7249,53122.0,-0.0273,-0.0546,-0.975,0.97691,1006.86,1000.0,-6.86,53.17,213.0,2.2542,0.0032,LOCK,0,normal
5217,9710910,7258,53131.0,-0.2145,-0.2145,-0.9633,1.00993,1006.79,1000.0,-6.79,53.17,213.0,2.2591,0.0777,LOCK,0,normal
5218,9710918,7266,53139.0,0.0039,0.2379,-0.7605,0.79685,1006.67,1000.0,-6.67,53.17,213.0,2.2554,0.0213,LOCK,0,normal
5219,9710927,7275,53148.0,0.0468,-0.1599,-0.4563,0.48577,1006.55,1000.0,-6.55,53.17,213.0,2.2577,0.0554,LOCK,0,normal
5220,9710945,7293,53166.0,-0.0234,0.0741,-0.8385,0.84209,1006.45,1000.0,-6.45,53.17,213.0,2.2581,0.0628,LOCK,0,normal
5221,9710954,7302,53175.0,-0.1638,0.0351,-0.9126,0.92785,1006.36,1000.0,-6.36,53.17,213.0,2.2472,-0.1036,LOCK,0,normal
5222,9710962,7310,53183.0,-0.1638,0.0351,-0.9126,0.92785,1006.28,1000.0,-6.28,53.17,213.0,2.2449,-0.1378,LOCK,0,normal
5223,9710971,7319,53192.0,-0.0702,-0.1755,-0.7488,0.77229,1006.21,1000.0,-6.21,53.17,213.0,2.2464,-0.1155,LOCK,0,normal
5224,9710979,7327,53200.0,0.1833,-0.1365,-0.7059,0.74197,1006.09,1000.0,-6.09,53.17,213.0,2.2428,-0.1692,LOCK,0,normal
5225,9711009,7357,53230.0,0.0195,-0.039,-0.6591,0.66054,1005.98,1000.0,-5.98,53.17,213.0,2.2635,0.144,LOCK,0,normal
5226,9711018,7366,53239.0,-0.0234,-0.0234,-0.8502,0.85084,1005.88,1000.0,-5.88,53.17,213.0,2.2587,0.071,LOCK,0,normal
5227,9711026,7374,53247.0,-0.0429,0.1716,-0.7371,0.75803,1005.79,1000.0,-5.79,53.17,213.0,2.2599,0.089,LOCK,0,normal
5228,9711035,7383,53256.0,-0.0429,0.1716,-0.7371,0.75803,1005.71,1000.0,-5.71,53.17,213.0,2.2584,0.0664,LOCK,0,normal
5229,9711043,7391,53264.0,0.1053,-0.0195,-1.0452,1.05067,1005.58,1000.0,-5.58,53.17,213.0,2.2576,0.0551,LOCK,0,normal
5230,9711052,7400,53273.0,0.0078,0.0429,-0.6279,0.62941,1005.47,1000.0,-5.47,53.17,213.0,2.2579,0.0594,LOCK,0,normal
5231,9711060,7408,53281.0,0.1404,-0.0663,-0.8736,0.88729,1005.37,1000.0,-5.37,53.17,213.0,2.2622,0.1244,LOCK,0,normal
5232,9711074,7422,53295.0,0.1248,-0.0351,-0.6825,0.6947,1005.28,1000.0,-5.28,53.17,213.0,2.2268,-0.4116,LOCK,0,normal
5233,9711082,7430,53303.0,0.1599,-0.0624,-1.0569,1.07075,1005.19,1000.0,-5.19,53.17,213.0,2.2389,-0.2284,LOCK,0,normal
5234,9711091,7439,53312.0,-0.195,0.1326,-0.7449,0.78133,1005.12,1000.0,-5.12,53.17,213.0,2.2471,-0.1039,LOCK,0,normal
5235,9711099,7447,53320.0,-0.1248,-0.1638,-0.6279,0.66081,1005.0,1000.0,-5.0,53.17,213.0,2.254,-0.0001,LOCK,0,normal
5236,9711109,7457,53330.0,0.2067,-0.117,-0.6747,0.71529,1004.9,1000.0,-4.9,53.17,213.0,2.2331,-0.3163,LOCK,0,normal
5237,9711118,7466,53339.0,0.1014,-0.0273,-0.8151,0.82184,1004.81,1000.0,-4.81,53.17,213.0,2.2497,-0.0654,LOCK,0,normal
5238,9711126,7474,53347.0,0.1014,-0.0273,-0.8151,0.82184,1004.73,1000.0,-4.73,53.17,213.0,2.2366,-0.2632,LOCK,0,normal
5239,9711134,7482,53355.0,0.1911,-0.1911,-0.9399,0.97798,1004.65,1000.0,-4.65,53.17,213.0,2.2474,-0.0993,LOCK,0,normal
5240,9711157,7505,53378.0,0.0312,0.1872,-0.6903,0.71591,1004.54,1000.0,-4.54,53.17,213.0,2.2582,0.0634,LOCK,0,normal
5241,9711166,7514,53387.0,0.117,0.2067,-0.858,0.89027,1004.43,1000.0,-4.43,53.17,213.0,2.2564,0.0359,LOCK,0,normal
5242,9711174,7522,53395.0,-0.0234,0.0234,-0.7605,0.76122,1004.34,1000.0,-4.34,53.17,213.0,2.226,-0.4247,LOCK,0,normal
5243,9711183,7531,53404.0,-0.2379,0.0195,-0.7488,0.78592,1004.26,1000.0,-4.26,53.17,213.0,2.2494,-0.0694,LOCK,0,normal
5244,9711191,7539,53412.0,-0.0273,0.0117,-0.7605,0.76108,1004.18,1000.0,-4.18,53.17,213.0,2.2448,-0.1393,LOCK,0,normal
5245,9711213,7561,53434.0,0.0117,0.0936,-0.9321,0.93686,1004.11,1000.0,-4.11,53.17,213.0,2.2604,0.0973,LOCK,0,normal
5246,9711222,7570,53443.0,0.1755,0.1014,-0.6669,0.69702,1004.0,1000.0,-4.0,53.17,213.0,2.2285,-0.3866,LOCK,0,normal
5247,9711230,7578,53451.0,-0.0741,0.1092,-0.7878,0.79878,1003.9,1000.0,-3.9,53.17,213.0,2.2414,-0.1915,LOCK,0,normal
5248,9711239,7587,53460.0,-0.0741,0.1092,-0.7878,0.79878,1003.81,1000.0,-3.81,53.17,213.0,2.2419,-0.1839,LOCK,0,normal
5249,9711274,7622,53495.0,-0.1092,0.1326,-0.7722,0.79108,1003.73,1000.0,-3.73,53.17,213.0,2.2638,0.1492,LOCK,0,normal
5250,9711282,7630,53503.0,0.1599,-0.2613,-0.4602,0.55284,1003.62,1000.0,-3.62,53.17,213.0,2.243,-0.1665,LOCK,0,normal
5251,9711291,7639,53512.0,0.1599,-0.2613,-0.4602,0.55284,1003.52,1000.0,-3.52,53.17,213.0,2.2522,-0.0279,LOCK,0,normal
5252,9711299,7647,53520.0,0.1092,0.156,-0.8502,0.87126,1003.43,1000.0,-3.43,53.17,213.0,2.2516,-0.0358,LOCK,0,normal
5253,9711308,7656,53529.0,0.0,-0.0039,-0.9282,0.92821,1003.34,1000.0,-3.34,53.17,213.0,2.2564,0.0359,LOCK,0,normal
5254,9711316,7664,53537.0,-0.195,0.078,-0.7995,0.82663,1003.27,1000.0,-3.27,53.17,213.0,2.2511,-0.0444,LOCK,0,normal
5255,9711325,7673,53546.0,-0.0312,-0.4017,-0.7839,0.88138,1003.2,1000.0,-3.2,53.17,213.0,2.2582,0.0643,LOCK,0,normal
5256,9711333,7681,53554.0,0.1131,-0.0195,-0.7566,0.76526,1003.14,1000.0,-3.14,53.17,213.0,2.2303,-0.3588,LOCK,0,normal
5257,9711352,7700,53573.0,0.2106,0.0039,-0.819,0.84565,1003.05,1000.0,-3.05,53.17,213.0,2.2335,-0.3106,LOCK,0,normal
5258,9711360,7708,53581.0,0.0195,0.0741,-0.7059,0.71005,1002.96,1000.0,-2.96,53.17,213.0,2.2438,-0.1543,LOCK,0,normal
5259,9711369,7717,53590.0,0.0351,-0.1326,-0.7293,0.74209,1002.89,1000.0,-2.89,53.17,213.0,2.2462,-0.1189,LOCK,0,normal
5260,9711416,7764,53637.0,-0.0117,0.1092,-0.8268,0.83406,1002.78,1000.0,-2.78,53.17,213.0,2.2635,0.1434,LOCK,0,normal
5261,9711425,7773,53646.0,0.0897,-0.0117,-0.8268,0.83173,1002.68,1000.0,-2.68,53.17,213.0,2.26,0.0912,LOCK,0,normal
5262,9711433,7781,53654.0,0.0897,-0.0117,-0.8268,0.83173,1002.59,1000.0,-2.59,53.17,213.0,2.2475,-0.0981,LOCK,0,normal
5263,9711442,7790,53663.0,-0.1131,-0.0156,-0.8463,0.85397,1002.51,1000.0,-2.51,53.17,213.0,2.2453,-0.1314,LOCK,0,normal
5264,9711450,7798,53671.0,-0.0039,0.0234,-0.6474,0.64783,1002.44,1000.0,-2.44,53.17,213.0,2.2352,-0.2843,LOCK,0,normal
5265,9711459,7807,53680.0,0.2262,-0.0195,-0.7566,0.78993,1002.35,1000.0,-2.35,53.17,213.0,2.2449,-0.1378,LOCK,0,normal
5266,9711467,7815,53688.0,0.117,-0.1677,-0.7137,0.74241,1002.26,1000.0,-2.26,53.17,213.0,2.2638,0.1482,LOCK,0,normal
5267,9711481,7829,53702.0,0.0663,-0.0039,-0.9906,0.99282,1002.18,1000.0,-2.18,53.17,213.0,2.2625,0.1281,LOCK,0,normal
5268,9711489,7837,53710.0,-0.0468,-0.0975,-0.6864,0.69487,1002.11,1000.0,-2.11,53.17,213.0,2.249,-0.0758,LOCK,0,normal
5269,9711498,7846,53719.0,0.0312,-0.156,-0.8073,0.82283,1002.04,1000.0,-2.04,53.17,213.0,2.2495,-0.0679,LOCK,0,normal
5270,9711506,7854,53727.0,-0.078,0.273,-0.6513,0.7105,1001.98,1000.0,-1.98,53.17,213.0,2.2451,-0.1341,LOCK,0,normal
5271,9711514,7862,53735.0,-0.078,0.273,-0.6513,0.7105,1001.93,1000.0,-1.93,53.17,213.0,2.2483,-0.0865,LOCK,0,normal
5272,9711571,7919,53792.0,-0.0975,0.0936,-0.8463,0.85702,1001.85,1000.0,-1.85,53.17,213.0,2.2586,0.0701,LOCK,0,normal
5273,9711579,7927,53800.0,0.2106,0.0663,-0.741,0.77319,1001.76,1000.0,-1.76,53.17,213.0,2.2543,0.0048,LOCK,0,normal
5274,9711588,7936,53809.0,0.0468,0.0273,-0.7176,0.71964,1001.67,1000.0,-1.67,53.17,213.0,2.2388,-0.2303,LOCK,0,normal
5275,9711596,7944,53817.0,0.0468,0.0273,-0.7176,0.71964,1001.59,1000.0,-1.59,53.17,213.0,2.253,-0.0145,LOCK,0,normal
5276,9711605,7953,53826.0,-0.2223,0.0,-0.8151,0.84487,1001.52,1000.0,-1.52,53.17,213.0,2.2437,-0.1558,LOCK,0,normal
5277,9711613,7961,53834.0,0.1014,-0.0975,-0.936,0.94651,1001.45,1000.0,-1.45,53.17,213.0,2.2485,-0.0831,LOCK,0,normal
5278,9711625,7973,53846.0,0.039,-0.0858,-0.7254,0.7315,1001.4,1000.0,-1.4,53.17,213.0,2.259,0.0753,LOCK,0,normal
5279,9711634,7982,53855.0,-0.1404,0.1443,-0.7995,0.82446,1001.34,1000.0,-1.34,53.17,213.0,2.2384,-0.2367,LOCK,0,normal
5280,9711642,7990,53863.0,-0.0117,0.1131,-0.7605,0.76895,1001.27,1000.0,-1.27,53.17,213.0,2.2424,-0.175,LOCK,0,normal
5281,9711651,7999,53872.0,0.1092,0.0,-0.9087,0.91524,1001.21,1000.0,-1.21,53.17,213.0,2.2557,0.0252,LOCK,0,normal
5282,9711659,8007,53880.0,0.1092,0.0,-0.9087,0.91524,1001.15,1000.0,-1.15,53.17,213.0,2.253,-0.0157,LOCK,0,normal
5283,9711730,8078,53951.0,-0.0507,0.0663,-0.7644,0.76894,1001.08,1000.0,-1.08,53.17,213.0,2.2671,0.1992,LOCK,0,normal
5284,9711738,8086,53959.0,-0.0312,0.0507,-0.9711,0.97292,1001.01,1000.0,-1.01,53.17,213.0,2.2463,-0.117,LOCK,0,normal
5285,9711747,8095,53968.0,-0.0273,-0.2613,-0.663,0.71316,1000.95,1000.0,-0.95,53.17,213.0,2.2284,-0.3878,LOCK,0,normal
5286,9711755,8103,53976.0,0.0936,0.0273,-0.8424,0.84802,1000.88,1000.0,-0.88,53.17,213.0,2.2389,-0.2294,LOCK,0,normal
5287,9711764,8112,53985.0,0.2262,0.0741,-0.5538,0.60279,1000.82,1000.0,-0.82,53.17,213.0,2.2494,-0.0697,LOCK,0,normal
5288,9711773,8121,53994.0,0.1365,-0.0351,-0.9906,1.00058,1000.76,1000.0,-0.76,53.17,213.0,2.2568,0.0417,LOCK,0,normal
5289,9711782,8130,54003.0,0.1365,-0.0351,-0.9906,1.00058,1000.71,1000.0,-0.71,53.17,213.0,2.2638,0.1492,LOCK,0,normal
5290,9711790,8138,54011.0,0.0312,-0.0156,-0.6318,0.63276,1000.66,1000.0,-0.66,53.17,213.0,2.2449,-0.1375,LOCK,0,normal
5291,9711799,8147,54020.0,-0.1014,0.0819,-0.7995,0.81006,1000.62,1000.0,-0.62,53.17,213.0,2.2398,-0.215,LOCK,0,normal
5292,9711807,8155,54028.0,0.0507,0.1092,-0.8775,0.88572,1000.58,1000.0,-0.58,53.17,213.0,2.2437,-0.1558,LOCK,0,normal
5293,9711816,8164,54037.0,-0.0819,-0.078,-0.7215,0.73031,1000.53,1000.0,-0.53,53.17,213.0,2.2436,-0.157,LOCK,0,normal
5294,9711834,8182,54055.0,0.0351,0.1677,-0.897,0.91322,1000.48,1000.0,-0.48,53.17,213.0,2.2606,0.0994,LOCK,0,normal
5295,9711843,8191,54064.0,0.0351,0.1677,-0.897,0.91322,1000.44,1000.0,-0.44,53.17,213.0,2.227,-0.4088,LOCK,0,normal
5296,9711851,8199,54072.0,0.0351,-0.1755,-0.7995,0.81929,1000.4,1000.0,-0.4,53.17,213.0,2.2454,-0.1308,LOCK,0,normal
5297,9711860,8208,54081.0,-0.0234,0.0585,-0.8151,0.81753,1000.37,1000.0,-0.37,53.17,213.0,2.2568,0.0426,LOCK,0,normal
5298,9711868,8216,54089.0,0.0234,0.2184,-0.7488,0.78035,1000.34,1000.0,-0.34,53.17,213.0,2.243,-0.1674,LOCK,0,normal
5299,9711878,8226,54099.0,0.1053,-0.0351,-1.0374,1.04332,1000.3,1000.0,-0.3,53.17,213.0,2.2593,0.0799,LOCK,0,normal
5300,9711886,8234,54107.0,0.1638,0.0624,-0.6396,0.66318,1000.26,1000.0,-0.26,53.17,213.0,2.2648,0.1632,LOCK,0,normal
5301,9711895,8243,54116.0,0.1638,0.0624,-0.6396,0.66318,1000.22,1000.0,-0.22,53.17,213.0,2.242,-0.1814,LOCK,0,normal
5302,9711903,8251,54124.0,-0.0429,-0.117,-0.8697,0.87858,1000.19,1000.0,-0.19,53.17,213.0,2.2428,-0.1701,LOCK,0,normal
5303,9711911,8259,54132.0,0.0312,-0.1326,-0.8073,0.81871,1000.16,1000.0,-0.16,53.17,213.0,2.2364,-0.2672,LOCK,0,normal
5304,9711920,8268,54141.0,-0.1014,-0.0078,-0.7878,0.79434,1000.13,1000.0,-0.13,53.17,213.0,2.2543,0.0042,LOCK,0,normal
5305,9711943,8291,54164.0,0.195,0.1287,-0.7293,0.76581,1000.09,1000.0,-0.09,53.17,213.0,2.243,-0.1671,LOCK,0,normal
5306,9711952,8300,54173.0,0.1638,0.1053,-0.8853,0.90646,1000.06,1000.0,-0.06,53.17,213.0,2.2457,-0.1253,LOCK,0,normal
5307,9711960,8308,54181.0,0.1677,0.0741,-0.702,0.72555,1000.02,1000.0,-0.02,53.17,213.0,2.2487,-0.081,LOCK,0,normal
5308,9711969,8317,54190.0,0.0702,-0.2301,-0.7995,0.83491,1000.0,1000.0,0.0,53.17,213.0,2.2331,-0.316,LOCK,0,normal
5309,9711978,8326,54199.0,0.0273,-0.0663,-0.7605,0.76387,999.97,1000.0,0.03,53.17,213.0,2.2598,0.0875,LOCK,0,normal
5310,9711987,8335,54208.0,0.0273,-0.0663,-0.7605,0.76387,999.95,1000.0,0.05,53.17,213.0,2.2598,0.0881,LOCK,0,normal
5311,9711995,8343,54216.0,0.1248,0.0195,-0.936,0.94448,999.91,1000.0,0.09,53.17,213.0,2.2314,-0.3417,LOCK,0,normal
5312,9712004,8352,54225.0,-0.0117,0.1638,-0.6474,0.6679,999.88,1000.0,0.12,53.17,213.0,2.2502,-0.0572,LOCK,0,normal
5313,9712026,8374,54247.0,0.0663,0.0234,-0.7098,0.71327,999.84,1000.0,0.16,53.17,213.0,2.2581,0.0615,LOCK,0,normal
5314,9712034,8382,54255.0,0.1365,0.0936,-0.936,0.95052,999.82,1000.0,0.18,53.17,213.0,2.2598,0.0878,LOCK,0,normal
5315,9712043,8391,54264.0,-0.0078,-0.1053,-0.8385,0.84512,999.79,1000.0,0.21,53.17,213.0,2.2372,-0.2547,LOCK,0,normal
5316,9712051,8399,54272.0,0.0741,0.0858,-0.7371,0.74577,999.77,1000.0,0.23,53.17,213.0,2.2425,-0.1741,LOCK,0,normal
5317,9712060,8408,54281.0,0.0234,-0.0819,-0.6864,0.69166,999.74,1000.0,0.26,53.17,213.0,2.2443,-0.1463,LOCK,0,normal
5318,9712068,8416,54289.0,0.0234,-0.0819,-0.6864,0.69166,999.71,1000.0,0.29,53.17,213.0,2.2428,-0.1692,LOCK,0,normal
5319,9712132,8480,54353.0,0.1326,0.1989,-0.78,0.81581,999.67,1000.0,0.33,53.17,213.0,2.2605,0.0979,LOCK,0,normal
5320,9712145,8493,54366.0,0.1248,-0.0936,-0.6981,0.71532,999.64,1000.0,0.36,53.17,213.0,2.2618,0.1177,LOCK,0,normal
5321,9712154,8502,54375.0,-0.0195,0.0273,-0.8463,0.84696,999.61,1000.0,0.39,53.17,213.0,2.2459,-0.1231,LOCK,0,normal
5322,9712162,8510,54383.0,0.039,-0.1872,-0.9516,0.97062,999.58,1000.0,0.42,53.17,213.0,2.2658,0.1782,LOCK,0,normal
5323,9712171,8519,54392.0,0.039,-0.1872,-0.9516,0.97062,999.56,1000.0,0.44,53.17,213.0,2.2388,-0.2309,LOCK,0,normal
5324,9712186,8534,54407.0,0.2379,-0.1287,-0.6708,0.72328,999.53,1000.0,0.47,53.17,213.0,2.2593,0.0805,LOCK,0,normal
5325,9712194,8542,54415.0,0.0351,0.117,-0.8073,0.81649,999.5,1000.0,0.5,53.17,213.0,2.2604,0.0973,LOCK,0,normal
5326,9712203,8551,54424.0,0.0702,-0.0351,-0.9516,0.95483,999.48,1000.0,0.52,53.17,213.0,2.2434,-0.1607,LOCK,0,normal
5327,9712211,8559,54432.0,0.0702,-0.0351,-0.9516,0.95483,999.45,1000.0,0.55,53.17,213.0,2.2403,-0.2083,LOCK,0,normal
5328,9712220,8568,54441.0,-0.1521,0.1092,-0.7137,0.73785,999.43,1000.0,0.57,53.17,213.0,2.2418,-0.1842,LOCK,0,normal
5329,9712235,8583,54456.0,0.1248,0.0702,-0.78,0.79303,999.41,1000.0,0.59,53.17,213.0,2.2557,0.0252,LOCK,0,normal
5330,9712244,8592,54465.0,0.0936,0.1365,-0.7917,0.80882,999.39,1000.0,0.61,53.17,213.0,2.262,0.1205,LOCK,0,normal
5331,9712252,8600,54473.0,0.0936,0.1365,-0.7917,0.80882,999.37,1000.0,0.63,53.17,213.0,2.2427,-0.1714,LOCK,0,normal
5332,9712261,8609,54482.0,0.195,0.1794,-0.7878,0.83117,999.35,1000.0,0.65,53.17,213.0,2.2497,-0.0645,LOCK,0,normal
5333,9712269,8617,54490.0,0.1677,-0.1131,-0.6708,0.70063,999.33,1000.0,0.67,53.17,213.0,2.256,0.0301,LOCK,0,normal
5334,9712283,8631,54504.0,-0.0507,0.0624,-0.8268,0.8307,999.31,1000.0,0.69,53.17,213.0,2.2608,0.1028,LOCK,0,normal
5335,9712292,8640,54513.0,-0.0117,-0.1209,-0.9438,0.95158,999.3,1000.0,0.7,53.17,213.0,2.2622,0.1244,LOCK,0,normal
5336,9712300,8648,54521.0,0.0975,0.0546,-0.8541,0.86138,999.28,1000.0,0.72,53.17,213.0,2.2408,-0.1997,LOCK,0,normal
5337,9712309,8657,54530.0,0.0975,0.0195,-0.6162,0.62417,999.27,1000.0,0.73,53.17,213.0,2.2428,-0.1704,LOCK,0,normal
5338,9712317,8665,54538.0,0.2301,0.1014,-0.8307,0.86792,999.25,1000.0,0.75,53.17,213.0,2.2476,-0.0963,LOCK,0,normal
5339,9712339,8687,54560.0,0.0195,-0.039,-1.0023,1.00325,999.24,1000.0,0.76,53.17,213.0,2.2729,0.2865,LOCK,0,normal
5340,9712353,8701,54574.0,-0.0468,0.2067,-0.6981,0.72956,999.23,1000.0,0.77,53.17,213.0,2.2625,0.1281,LOCK,0,normal
5341,9712361,8709,54582.0,0.0468,-0.0897,-0.7293,0.73628,999.21,1000.0,0.79,53.17,213.0,2.2554,0.021,LOCK,0,normal
5342,9712370,8718,54591.0,-0.1287,-0.0546,-0.741,0.75407,999.19,1000.0,0.81,53.17,213.0,2.2397,-0.2171,LOCK,0,normal
5343,9712378,8726,54599.0,0.0663,0.1443,-0.9789,0.9917,999.18,1000.0,0.82,53.17,213.0,2.2461,-0.1204,LOCK,0,normal
5344,9712387,8735,54608.0,-0.0234,0.1872,-0.6786,0.70434,999.16,1000.0,0.84,53.17,213.0,2.2649,0.1644,LOCK,0,normal
5345,9712395,8743,54616.0,-0.0234,0.1872,-0.6786,0.70434,999.15,1000.0,0.85,53.17,213.0,2.2587,0.0713,LOCK,0,normal
5346,9712404,8752,54625.0,-0.0741,-0.4485,-0.8541,0.96754,999.14,1000.0,0.86,53.17,213.0,2.2309,-0.3499,LOCK,0,normal
5347,9712412,8760,54633.0,0.0507,0.2223,-0.6279,0.66802,999.13,1000.0,0.87,53.17,213.0,2.2462,-0.1179,LOCK,0,normal
5348,9712421,8769,54642.0,0.0,-0.0858,-0.7449,0.74983,999.12,1000.0,0.88,53.17,213.0,2.2474,-0.0999,LOCK,0,normal
5349,9712429,8777,54650.0,0.1872,0.2184,-0.9594,1.00159,999.1,1000.0,0.9,53.17,213.0,2.2391,-0.2251,LOCK,0,normal
5350,9712442,8790,54663.0,0.0507,0.0546,-0.8307,0.83403,999.09,1000.0,0.91,53.17,213.0,2.263,0.1366,LOCK,0,normal
5351,9712450,8798,54671.0,0.0117,-0.0273,-0.7059,0.70652,999.08,1000.0,0.92,53.17,213.0,2.2636,0.1455,LOCK,0,normal
5352,9712459,8807,54680.0,0.0585,-0.1521,-0.7644,0.78158,999.07,1000.0,0.93,53.17,213.0,2.2628,0.133,LOCK,0,normal
5353,9712467,8815,54688.0,0.0585,-0.1521,-0.7644,0.78158,999.06,1000.0,0.94,53.17,213.0,2.2607,0.1012,LOCK,0,normal
5354,9712476,8824,54697.0,0.078,0.0351,-0.6903,0.69558,999.04,1000.0,0.96,53.17,213.0,2.26,0.0905,LOCK,0,normal
5355,9712484,8832,54705.0,0.2028,0.0546,-0.7605,0.78897,999.03,1000.0,0.97,53.17,213.0,2.261,0.1067,LOCK,0,normal
5356,9712493,8841,54714.0,0.2691,0.0312,-0.9321,0.97067,999.02,1000.0,0.98,53.17,213.0,2.2613,0.1113,LOCK,0,normal
5357,9712501,8849,54722.0,-0.0507,0.0624,-0.6045,0.60982,999.01,1000.0,0.99,53.17,213.0,2.2617,0.1165,LOCK,0,normal
5358,9712510,8858,54731.0,0.0585,-0.0858,-0.8307,0.83717,999.0,1000.0,1.0,53.17,213.0,2.247,-0.1054,LOCK,0,normal
5359,9712518,8866,54739.0,0.0585,-0.0858,-0.8307,0.83717,998.99,1000.0,1.01,53.17,213.0,2.2477,-0.0957,LOCK,0,normal
5360,9712527,8875,54748.0,0.0702,0.0078,-0.7449,0.74824,998.98,1000.0,1.02,53.17,213.0,2.2345,-0.2962,LOCK,0,normal
5361,9712535,8883,54756.0,0.6162,-0.1248,-0.7332,0.96585,998.98,1000.0,1.02,53.17,213.0,2.258,0.0612,LOCK,0,normal
5362,9712544,8892,54765.0,0.1248,0.0897,-0.9711,0.98319,998.97,1000.0,1.03,53.17,213.0,2.2617,0.1165,LOCK,0,normal
5363,9712558,8906,54779.0,0.0624,0.1014,-0.6435,0.65442,998.96,1000.0,1.04,53.17,213.0,2.2636,0.1461,LOCK,0,normal
5364,9712566,8914,54787.0,-0.0039,-0.2925,-0.702,0.76051,998.95,1000.0,1.05,53.17,213.0,2.2666,0.1904,LOCK,0,normal
5365,9712575,8923,54796.0,0.0429,-0.0585,-0.7917,0.79502,998.94,1000.0,1.06,53.17,213.0,2.2626,0.1299,LOCK,0,normal
5366,9712583,8931,54804.0,-0.0117,-0.0663,-0.7605,0.76347,998.94,1000.0,1.06,53.17,213.0,2.2678,0.209,LOCK,0,normal
5367,9712592,8940,54813.0,0.1443,0.1053,-0.9672,0.98356,998.93,1000.0,1.07,53.17,213.0,2.2605,0.0991,LOCK,0,normal
5368,9712600,8948,54821.0,0.1443,0.1053,-0.9672,0.98356,998.92,1000.0,1.08,53.17,213.0,2.26,0.0915,LOCK,0,normal
5369,9712609,8957,54830.0,0.2223,0.1209,-0.8697,0.90577,998.9,1000.0,1.1,53.17,213.0,2.2319,-0.3347,LOCK,0,normal
5370,9712617,8965,54838.0,0.0078,-0.0117,-0.8229,0.82302,998.89,1000.0,1.11,53.17,213.0,2.2469,-0.1069,LOCK,0,normal
5371,9712625,8973,54846.0,0.0429,-0.1638,-0.6825,0.70319,998.88,1000.0,1.12,53.17,213.0,2.2349,-0.2901,LOCK,0,normal
5372,9712634,8982,54855.0,0.0663,-0.0702,-0.8697,0.87504,998.87,1000.0,1.13,53.17,213.0,2.2462,-0.1182,LOCK,0,normal
5373,9712647,8995,54868.0,-0.1404,-0.0858,-0.6513,0.67176,998.86,1000.0,1.14,53.17,213.0,2.2634,0.1427,LOCK,0,normal
5374,9712655,9003,54876.0,0.1716,0.3276,-0.9165,0.9883,998.85,1000.0,1.15,53.17,213.0,2.2584,0.0661,LOCK,0,normal
5375,9712664,9012,54885.0,-0.0585,-0.0195,-0.7215,0.72413,998.84,1000.0,1.16,53.17,213.0,2.2388,-0.2303,LOCK,0,normal
5376,9712672,9020,54893.0,-0.0585,-0.0195,-0.7215,0.72413,998.83,1000.0,1.17,53.17,213.0,2.2521,-0.0285,LOCK,0,normal
5377,9712681,9029,54902.0,0.0468,0.0741,-0.8112,0.81592,998.82,1000.0,1.18,53.17,213.0,2.2433,-0.1628,LOCK,0,normal
5378,9712691,9039,54912.0,0.0741,-0.1131,-0.7371,0.7494,998.81,1000.0,1.19,53.17,213.0,2.255,0.0158,LOCK,0,normal
5379,9712699,9047,54920.0,-0.0234,0.1365,-0.7839,0.79604,998.8,1000.0,1.2,53.17,213.0,2.2622,0.1244,LOCK,0,normal
5380,9712708,9056,54929.0,0.234,-0.1599,-0.8736,0.91842,998.79,1000.0,1.21,53.17,213.0,2.2419,-0.1836,LOCK,0,normal
5381,9712716,9064,54937.0,0.1677,-0.0897,-0.78,0.80285,998.78,1000.0,1.22,53.17,213.0,2.2466,-0.1128,LOCK,0,normal
5382,9712725,9073,54946.0,0.1053,-0.0156,-0.6318,0.6407,998.76,1000.0,1.24,53.17,213.0,2.2537,-0.0047,LOCK,0,normal
5383,9712733,9081,54954.0,0.1053,-0.0156,-0.6318,0.6407,998.75,1000.0,1.25,53.17,213.0,2.2375,-0.2498,LOCK,0,normal
5384,9712748,9096,54969.0,0.1872,0.0234,-0.6981,0.72314,998.74,1000.0,1.26,53.17,213.0,2.2364,-0.2672,LOCK,0,normal
5385,9712762,9110,54983.0,-0.0819,-0.0897,-1.1076,1.11424,998.73,1000.0,1.27,53.17,213.0,2.2544,0.0063,LOCK,0,normal
5386,9712770,9118,54991.0,-0.0234,0.1014,-0.6435,0.65186,998.72,1000.0,1.28,53.17,213.0,2.2355,-0.2797,LOCK,0,normal
5387,9712778,9126,54999.0,0.2574,-0.1833,-0.8307,0.88877,998.71,1000.0,1.29,53.17,213.0,2.2393,-0.2229,LOCK,0,normal
5388,9712798,9146,55019.0,0.117,0.0468,-0.8814,0.89036,998.7,1000.0,1.3,53.17,213.0,2.2593,0.0805,LOCK,0,normal
5389,9712807,9155,55028.0,0.0936,0.1131,-0.7605,0.77454,998.69,1000.0,1.31,53.17,213.0,2.26,0.0909,LOCK,0,normal
5390,9712815,9163,55036.0,0.0936,0.1131,-0.7605,0.77454,998.68,1000.0,1.32,53.17,213.0,2.236,-0.2721,LOCK,0,normal
5391,9712823,9171,55044.0,-0.0507,0.0429,-0.7722,0.77505,998.67,1000.0,1.33,53.17,213.0,2.2502,-0.0572,LOCK,0,normal
5392,9712832,9180,55053.0,0.1677,0.1638,-0.7722,0.807,998.67,1000.0,1.33,53.17,213.0,2.2381,-0.2416,LOCK,0,normal
5393,9712840,9188,55061.0,0.1521,-0.0507,-0.7176,0.73529,998.66,1000.0,1.34,53.17,213.0,2.259,0.0756,LOCK,0,normal
5394,9712851,9199,55072.0,0.1014,0.0195,-0.9906,0.99597,998.66,1000.0,1.34,53.17,213.0,2.2632,0.1397,LOCK,0,normal
5395,9712859,9207,55080.0,-0.0195,-0.0195,-0.7254,0.72592,998.65,1000.0,1.35,53.17,213.0,2.2623,0.1257,LOCK,0,normal
5396,9712868,9216,55089.0,0.0468,-0.0312,-0.7644,0.76647,998.65,1000.0,1.35,53.17,213.0,2.2609,0.1052,LOCK,0,normal
5397,9712876,9224,55097.0,0.0468,-0.0312,-0.7644,0.76647,998.65,1000.0,1.35,53.17,213.0,2.2634,0.1421,LOCK,0,normal
5398,9712885,9233,55106.0,0.1092,-0.0741,-0.8034,0.81417,998.64,1000.0,1.36,53.17,213.0,2.2599,0.0893,LOCK,0,normal
5399,9712893,9241,55114.0,-0.0156,0.1677,-0.7761,0.79416,998.64,1000.0,1.36,53.17,213.0,2.2331,-0.3167,LOCK,0,normal
5400,9712902,9250,55123.0,-0.1599,-0.2106,-0.8619,0.90155,998.64,1000.0,1.36,53.17,213.0,2.246,-0.1213,LOCK,0,normal
5401,9712910,9258,55131.0,0.2847,0.0195,-0.5655,0.63342,998.63,1000.0,1.37,53.17,213.0,2.2552,0.0179,LOCK,0,normal
5402,9712918,9266,55139.0,0.2847,0.0195,-0.5655,0.63342,998.63,1000.0,1.37,53.17,213.0,2.2352,-0.2855,LOCK,0,normal
5403,9712953,9301,55174.0,-0.1638,0.2223,-0.6903,0.74348,998.63,1000.0,1.37,53.17,213.0,2.2558,0.0277,LOCK,0,normal
5404,9712966,9314,55187.0,0.2769,-0.0351,-0.6981,0.75183,998.62,1000.0,1.38,53.17,213.0,2.2595,0.0826,LOCK,0,normal
5405,9712975,9323,55196.0,-0.1326,0.0819,-0.7605,0.77631,998.62,1000.0,1.38,53.17,213.0,2.2304,-0.3576,LOCK,0,normal
5406,9712983,9331,55204.0,0.0702,-0.0585,-0.9126,0.91716,998.62,1000.0,1.38,53.17,213.0,2.2315,-0.3414,LOCK,0,normal
5407,9712992,9340,55213.0,-0.1014,-0.0312,-0.7995,0.80651,998.61,1000.0,1.39,53.17,213.0,2.243,-0.1668,LOCK,0,normal
5408,9713000,9348,55221.0,-0.1014,-0.0312,-0.7995,0.80651,998.61,1000.0,1.39,53.17,213.0,2.2595,0.0835,LOCK,0,normal
5409,9713010,9358,55231.0,0.1209,-0.0585,-0.7254,0.73773,998.61,1000.0,1.39,53.17,213.0,2.2613,0.1107,LOCK,0,normal
5410,9713018,9366,55239.0,-0.0078,0.1014,-0.8151,0.82142,998.61,1000.0,1.39,53.17,213.0,2.2324,-0.3273,LOCK,0,normal
5411,9713027,9375,55248.0,0.117,0.1131,-0.819,0.83501,998.61,1000.0,1.39,53.17,213.0,2.2426,-0.1729,LOCK,0,normal
5412,9713035,9383,55256.0,0.0741,0.0,-0.7059,0.70978,998.62,1000.0,1.38,53.17,213.0,2.2423,-0.1775,LOCK,0,normal
5413,9713044,9392,55265.0,0.1053,-0.0663,-0.78,0.78986,998.62,1000.0,1.38,53.17,213.0,2.2526,-0.0215,LOCK,0,normal
5414,9713058,9406,55279.0,0.0039,0.1053,-0.7956,0.80255,998.62,1000.0,1.38,53.17,213.0,2.2624,0.1278,LOCK,0,normal
5415,9713066,9414,55287.0,-0.1131,-0.1794,-0.9633,0.98637,998.62,1000.0,1.38,53.17,213.0,2.2594,0.082,LOCK,0,normal
5416,9713075,9423,55296.0,-0.1092,0.2574,-0.7059,0.75926,998.62,1000.0,1.38,53.17,213.0,2.2596,0.0851,LOCK,0,normal
5417,9713083,9431,55304.0,0.1248,-0.1209,-0.6279,0.6515,998.62,1000.0,1.38,53.17,213.0,2.2611,0.1073,LOCK,0,normal
5418,9713092,9440,55313.0,0.1248,-0.1209,-0.6279,0.6515,998.62,1000.0,1.38,53.17,213.0,2.2592,0.0793,LOCK,0,normal
5419,9713100,9448,55321.0,-0.0351,0.0819,-0.8307,0.83547,998.62,1000.0,1.38,53.17,213.0,2.2636,0.1455,LOCK,0,normal
5420,9713109,9457,55330.0,0.0195,0.1365,-0.9867,0.99629,998.62,1000.0,1.38,53.17,213.0,2.2624,0.1275,LOCK,0,normal
5421,9713117,9465,55338.0,-0.0858,0.0039,-0.8892,0.89334,998.62,1000.0,1.38,53.17,213.0,2.244,-0.1512,LOCK,0,normal
5422,9713126,9474,55347.0,0.0273,-0.1092,-0.6435,0.65327,998.62,1000.0,1.38,53.17,213.0,2.2484,-0.0844,LOCK,0,normal
5423,9713134,9482,55355.0,0.2145,0.1092,-0.8112,0.84616,998.62,1000.0,1.38,53.17,213.0,2.2359,-0.2745,LOCK,0,normal
5424,9713143,9491,55364.0,0.2145,0.1092,-0.8112,0.84616,998.63,1000.0,1.37,53.17,213.0,2.2286,-0.3844,LOCK,0,normal
5425,9713158,9506,55379.0,0.0117,-0.1833,-0.9594,0.97682,998.63,1000.0,1.37,53.17,213.0,2.2612,0.1086,LOCK,0,normal
5426,9713172,9520,55393.0,-0.0624,-0.0156,-0.8073,0.80986,998.64,1000.0,1.36,53.17,213.0,2.2678,0.2093,LOCK,0,normal
5427,9713180,9528,55401.0,-0.2106,0.0897,-0.78,0.8129,998.65,1000.0,1.35,53.17,213.0,2.2676,0.2059,LOCK,0,normal
5428,9713189,9537,55410.0,0.0936,-0.1053,-0.7761,0.78878,998.65,1000.0,1.35,53.17,213.0,2.258,0.0612,LOCK,0,normal
5429,9713197,9545,55418.0,0.1677,-0.0117,-0.8385,0.85519,998.65,1000.0,1.35,53.17,213.0,2.2579,0.0591,LOCK,0,normal
5430,9713206,9554,55427.0,0.2808,0.0663,-0.8502,0.89782,998.65,1000.0,1.35,53.17,213.0,2.2694,0.2334,LOCK,0,normal
5431,9713214,9562,55435.0,0.2808,0.0663,-0.8502,0.89782,998.66,1000.0,1.34,53.17,213.0,2.2563,0.0347,LOCK,0,normal
5432,9713223,9571,55444.0,0.1014,-0.0117,-0.6825,0.69009,998.66,1000.0,1.34,53.17,213.0,2.2336,-0.3093,LOCK,0,normal
5433,9713231,9579,55452.0,0.1443,-0.0819,-0.7059,0.72514,998.66,1000.0,1.34,53.17,213.0,2.2505,-0.0535,LOCK,0,normal
5434,9713239,9587,55460.0,-0.0039,0.156,-0.858,0.87208,998.66,1000.0,1.34,53.17,213.0,2.228,-0.3933,LOCK,0,normal
5435,9713248,9596,55469.0,0.0039,0.2184,-1.014,1.03726,998.66,1000.0,1.34,53.17,213.0,2.2471,-0.1048,LOCK,0,normal
5436,9713261,9609,55482.0,0.0936,-0.0312,-0.7839,0.79008,998.66,1000.0,1.34,53.17,213.0,2.2588,0.0728,LOCK,0,normal
5437,9713270,9618,55491.0,0.1716,0.0117,-0.702,0.72276,998.67,1000.0,1.33,53.17,213.0,2.2631,0.1385,LOCK,0,normal
5438,9713278,9626,55499.0,0.1638,0.1365,-0.8346,0.86141,998.67,1000.0,1.33,53.17,213.0,2.2364,-0.266,LOCK,0,normal
5439,9713287,9635,55508.0,0.1638,0.1365,-0.8346,0.86141,998.67,1000.0,1.33,53.17,213.0,2.2293,-0.3737,LOCK,0,normal
5440,9713295,9643,55516.0,0.1053,0.0234,-0.936,0.9422,998.67,1000.0,1.33,53.17,213.0,2.2281,-0.3927,LOCK,0,normal
5441,9713304,9652,55525.0,-0.1209,-0.0507,-0.8073,0.81788,998.68,1000.0,1.32,53.17,213.0,2.2546,0.0094,LOCK,0,normal
5442,9713317,9665,55538.0,0.1014,0.195,-0.6903,0.72445,998.68,1000.0,1.32,53.17,213.0,2.2777,0.3595,LOCK,0,normal
5443,9713326,9674,55547.0,0.2652,0.0429,-0.6708,0.7226,998.68,1000.0,1.32,53.17,213.0,2.2437,-0.1558,LOCK,0,normal
5444,9713334,9682,55555.0,0.0936,0.0117,-0.7956,0.80117,998.69,1000.0,1.31,53.17,213.0,2.2557,0.0255,LOCK,0,normal
5445,9713343,9691,55564.0,0.0156,0.0117,-0.8112,0.81143,998.69,1000.0,1.31,53.17,213.0,2.2292,-0.3756,LOCK,0,normal
5446,9713351,9699,55572.0,0.1014,-0.2496,-0.7644,0.81049,998.69,1000.0,1.31,53.17,213.0,2.2433,-0.1616,LOCK,0,normal
5447,9713364,9712,55585.0,0.0,-0.0351,-0.7332,0.73404,998.7,1000.0,1.3,53.17,213.0,2.258,0.0609,LOCK,0,normal
5448,9713377,9725,55598.0,-0.0507,0.0975,-0.7566,0.76454,998.7,1000.0,1.3,53.17,213.0,2.2563,0.0344,LOCK,0,normal
5449,9713386,9734,55607.0,-0.039,0.0,-0.819,0.81993,998.71,1000.0,1.29,53.17,213.0,2.2582,0.064,LOCK,0,normal
5450,9713394,9742,55615.0,0.0,-0.0039,-0.6942,0.69421,998.71,1000.0,1.29,53.17,213.0,2.237,-0.2568,LOCK,0,normal
5451,9713403,9751,55624.0,0.0507,-0.0429,-0.7527,0.75562,998.72,1000.0,1.28,53.17,213.0,2.2432,-0.164,LOCK,0,normal
5452,9713411,9759,55632.0,0.0,0.0312,-0.8541,0.85467,998.72,1000.0,1.28,53.17,213.0,2.2547,0.0109,LOCK,0,normal
5453,9713420,9768,55641.0,0.0,0.0312,-0.8541,0.85467,998.73,1000.0,1.27,53.17,213.0,2.2403,-0.2071,LOCK,0,normal
5454,9713465,9813,55686.0,0.0624,0.0351,-0.8073,0.81047,998.73,1000.0,1.27,53.17,213.0,2.2581,0.0625,LOCK,0,normal
5455,9713473,9821,55694.0,-0.0546,-0.1677,-0.8424,0.86066,998.73,1000.0,1.27,53.17,213.0,2.2659,0.1806,LOCK,0,normal
5456,9713482,9830,55703.0,0.0,-0.0975,-0.7215,0.72806,998.74,1000.0,1.26,53.17,213.0,2.2607,0.1021,LOCK,0,normal
5457,9713490,9838,55711.0,0.0,-0.0975,-0.7215,0.72806,998.74,1000.0,1.26,53.17,213.0,2.258,0.0609,LOCK,0,normal
5458,9713499,9847,55720.0,0.1092,0.273,-0.8619,0.91067,998.76,1000.0,1.24,53.17,213.0,2.2593,0.0808,LOCK,0,normal
5459,9713507,9855,55728.0,0.1014,0.0468,-0.6864,0.69543,998.77,1000.0,1.23,53.17,213.0,2.2659,0.1797,LOCK,0,normal
5460,9713516,9864,55737.0,-0.0624,-0.1131,-0.8619,0.87153,998.78,1000.0,1.22,53.17,213.0,2.2478,-0.0938,LOCK,0,normal
5461,9713524,9872,55745.0,0.1287,-0.1521,-0.7605,0.78617,998.79,1000.0,1.21,53.17,213.0,2.2648,0.1641,LOCK,0,normal
5462,9713533,9881,55754.0,-0.0624,0.0819,-0.819,0.82545,998.8,1000.0,1.2,53.17,213.0,2.2465,-0.114,LOCK,0,normal
5463,9713541,9889,55762.0,-0.0624,0.0819,-0.819,0.82545,998.81,1000.0,1.19,53.17,213.0,2.2436,-0.1579,LOCK,0,normal
5464,9713550,9898,55771.0,0.2457,-0.0858,-0.975,1.00914,998.82,1000.0,1.18,53.17,213.0,2.2566,0.039,LOCK,0,normal
5465,9713558,9906,55779.0,0.0117,0.1092,-0.7176,0.72596,998.83,1000.0,1.17,53.17,213.0,2.2538,-0.0038,LOCK,0,normal
5466,9713568,9916,55789.0,0.2379,-0.0039,-0.5226,0.57421,998.84,1000.0,1.16,53.17,213.0,2.2627,0.1318,LOCK,0,normal
5467,9713582,9930,55803.0,0.2964,0.0702,-0.8463,0.89945,998.85,1000.0,1.15,53.17,213.0,2.2623,0.125,LOCK,0,normal
5468,9713590,9938,55811.0,0.0546,0.0663,-0.6981,0.70336,998.85,1000.0,1.15,53.17,213.0,2.2479,-0.092,LOCK,0,normal
5469,9713599,9947,55820.0,-0.0039,0.1404,-0.9828,0.99279,998.86,1000.0,1.14,53.17,213.0,2.2423,-0.1772,LOCK,0,normal
5470,9713607,9955,55828.0,-0.0039,-0.1521,-0.7683,0.78322,998.87,1000.0,1.13,53.17,213.0,2.2408,-0.2007,LOCK,0,normal
5471,9713616,9964,55837.0,-0.0351,-0.1872,-0.7878,0.8105,998.87,1000.0,1.13,53.17,213.0,2.2609,0.104,LOCK,0,normal
5472,9713624,9972,55845.0,-0.0351,-0.1872,-0.7878,0.8105,998.88,1000.0,1.12,53.17,213.0,2.2658,0.1788,LOCK,0,normal
5473,9713633,9981,55854.0,0.0741,-0.2184,-0.5967,0.63972,998.89,1000.0,1.11,53.17,213.0,2.264,0.1516,LOCK,0,normal
5474,9713641,9989,55862.0,0.0624,-0.0234,-0.7605,0.76341,998.89,1000.0,1.11,53.17,213.0,2.2288,-0.3811,LOCK,0,normal
5475,9713649,9997,55870.0,0.1989,-0.156,-0.8424,0.87951,998.9,1000.0,1.1,53.17,213.0,2.2414,-0.1909,LOCK,0,normal
5476,9713658,10006,55879.0,-0.0624,0.0429,-0.9048,0.90796,998.9,1000.0,1.1,53.17,213.0,2.2342,-0.3005,LOCK,0,normal
