sample_index,time_ms_raw,time_ms_zero,elapsed_ms,ax_g,ay_g,az_g,total_g,rpm,target_rpm,rpm_error,pwm_eq,duty_10bit,acs_v,current_a,control_mode,state,fault_type
0,3163736,0,13,0.19110,0.16380,-0.88920,0.92414,972.71,1000,27.29,50.25,202,2.2382,-0.2397,LOCK,0,normal
1,3163745,9,22,0.03510,0.00780,-0.52260,0.52384,972.71,1000,27.29,50.25,202,2.2532,-0.0120,LOCK,0,normal
2,3163754,18,31,0.03510,0.00780,-0.52260,0.52384,972.74,1000,27.26,50.25,202,2.2482,-0.0874,LOCK,0,normal
3,3163768,32,45,-0.06630,-0.08190,-0.76830,0.77549,972.76,1000,27.24,50.25,202,2.2754,0.3238,LOCK,0,normal
4,3163780,44,57,-0.31590,-0.14820,-0.82680,0.89742,972.76,1000,27.24,50.25,202,2.2601,0.0921,LOCK,0,normal
5,3163788,52,65,-0.22230,0.10530,-0.90480,0.93764,972.76,1000,27.24,50.25,202,2.2687,0.2230,LOCK,0,normal
6,3163797,61,74,0.15600,0.15210,-0.80340,0.83242,972.76,1000,27.24,50.25,202,2.2544,0.0066,LOCK,0,normal
7,3163805,69,82,0.00780,-0.03900,-0.62790,0.62916,972.76,1000,27.24,50.25,202,2.2538,-0.0029,LOCK,0,normal
8,3163814,78,91,0.00780,-0.03900,-0.62790,0.62916,972.77,1000,27.23,50.25,202,2.2321,-0.3322,LOCK,0,normal
9,3163824,88,101,-0.22230,0.08970,-0.63960,0.68305,972.81,1000,27.19,50.25,202,2.2642,0.1543,LOCK,0,normal
10,3163834,98,111,-0.14430,-0.03120,-0.79950,0.81302,972.83,1000,27.17,50.25,202,2.2648,0.1641,LOCK,0,normal
11,3163844,108,121,-0.26130,0.00000,-0.81900,0.85967,972.83,1000,27.17,50.25,202,2.2408,-0.1994,LOCK,0,normal
12,3163854,118,131,-0.26130,0.23790,-0.90480,0.97136,972.84,1000,27.16,50.25,202,2.2509,-0.0471,LOCK,0,normal
13,3163864,128,141,0.21840,0.14040,-0.88530,0.92259,972.84,1000,27.16,50.25,202,2.2534,-0.0093,LOCK,0,normal
14,3163874,138,151,0.03900,0.02730,-0.58110,0.58305,972.85,1000,27.15,50.25,202,2.2510,-0.0462,LOCK,0,normal
15,3163884,148,161,-0.10530,0.09360,-0.67080,0.68544,972.88,1000,27.12,50.25,202,2.2624,0.1269,LOCK,0,normal
16,3163894,158,171,-0.08580,-0.08580,-0.69810,0.70857,972.89,1000,27.11,50.25,202,2.2434,-0.1610,LOCK,0,normal
17,3163904,168,181,-0.33540,-0.20280,-0.83460,0.92205,972.89,1000,27.11,50.25,202,2.2431,-0.1659,LOCK,0,normal
18,3163914,178,191,-0.26520,0.16770,-0.92820,0.97980,972.89,1000,27.11,50.25,202,2.2398,-0.2156,LOCK,0,normal
19,3163924,188,201,0.13650,0.20670,-0.86970,0.90429,972.89,1000,27.11,50.25,202,2.2553,0.0203,LOCK,0,normal
20,3163934,198,211,0.01170,0.03510,-0.63570,0.63678,972.89,1000,27.11,50.25,202,2.2674,0.2029,LOCK,0,normal
21,3163944,208,221,-0.23790,0.07410,-0.62400,0.67191,972.88,1000,27.12,50.25,202,2.2451,-0.1344,LOCK,0,normal
22,3163954,218,231,-0.16770,0.01170,-0.77220,0.79029,972.88,1000,27.12,50.25,202,2.2476,-0.0966,LOCK,0,normal
23,3163968,232,245,-0.24180,-0.01560,-0.78390,0.82049,972.88,1000,27.12,50.25,202,2.2497,-0.0657,LOCK,0,normal
24,3163977,241,254,-0.28860,0.14820,-0.88920,0.94654,972.88,1000,27.12,50.25,202,2.2624,0.1266,LOCK,0,normal
25,3163985,249,262,0.14430,0.18330,-0.82290,0.85533,972.88,1000,27.12,50.25,202,2.2652,0.1690,LOCK,0,normal
26,3163994,258,271,0.02730,0.05070,-0.63570,0.63830,972.88,1000,27.12,50.25,202,2.2478,-0.0935,LOCK,0,normal
27,3164004,268,281,-0.03900,0.24960,-0.78000,0.81989,972.88,1000,27.12,50.25,202,2.2550,0.0155,LOCK,0,normal
28,3164014,278,291,-0.08970,-0.14820,-0.67470,0.69658,972.87,1000,27.13,50.25,202,2.2504,-0.0548,LOCK,0,normal
29,3164024,288,301,-0.30420,-0.26910,-0.78000,0.87940,972.87,1000,27.13,50.25,202,2.2526,-0.0209,LOCK,0,normal
30,3164034,298,311,-0.29640,0.12870,-0.87750,0.93511,972.87,1000,27.13,50.25,202,2.2658,0.1794,LOCK,0,normal
31,3164044,308,321,0.12480,0.26520,-0.93600,0.98082,972.87,1000,27.13,50.25,202,2.2640,0.1516,LOCK,0,normal
32,3164054,318,331,0.05460,0.05460,-0.66690,0.67136,972.87,1000,27.13,50.25,202,2.2431,-0.1649,LOCK,0,normal
33,3164064,328,341,-0.17550,0.11700,-0.61230,0.64761,972.81,1000,27.19,50.25,202,2.2504,-0.0551,LOCK,0,normal
34,3164074,338,351,-0.16770,0.02730,-0.69810,0.71848,972.79,1000,27.21,50.25,202,2.2510,-0.0456,LOCK,0,normal
35,3164084,348,361,-0.23400,0.02340,-0.76050,0.79603,972.78,1000,27.22,50.25,202,2.2624,0.1272,LOCK,0,normal
36,3164094,358,371,-0.32760,0.19110,-0.92820,1.00269,972.78,1000,27.22,50.25,202,2.2694,0.2331,LOCK,0,normal
37,3164104,368,381,0.15600,0.17940,-0.88530,0.91667,972.78,1000,27.22,50.25,202,2.2553,0.0194,LOCK,0,normal
38,3164114,378,391,0.04290,-0.06630,-0.60450,0.60964,972.78,1000,27.22,50.25,202,2.2571,0.0463,LOCK,0,normal
39,3164124,388,401,0.00780,0.28080,-0.74100,0.79246,972.86,1000,27.14,50.25,202,2.2475,-0.0978,LOCK,0,normal
40,3164134,398,411,0.00780,0.28080,-0.74100,0.79246,972.88,1000,27.12,50.25,202,2.2662,0.1846,LOCK,0,normal
41,3164144,408,421,-0.14430,-0.23010,-0.62790,0.68412,972.89,1000,27.11,50.25,202,2.2709,0.2563,LOCK,0,normal
42,3164154,418,431,-0.26130,-0.26130,-0.81900,0.89851,972.89,1000,27.11,50.25,202,2.2440,-0.1515,LOCK,0,normal
43,3164169,433,446,0.14430,0.20670,-0.90870,0.94302,972.89,1000,27.11,50.25,202,2.2531,-0.0129,LOCK,0,normal
44,3164177,441,454,0.08190,0.02340,-0.66300,0.66845,972.89,1000,27.11,50.25,202,2.2553,0.0197,LOCK,0,normal
45,3164186,450,463,-0.12090,0.12480,-0.62400,0.64774,972.89,1000,27.11,50.25,202,2.2640,0.1516,LOCK,0,normal
46,3164194,458,471,-0.12090,0.12480,-0.62400,0.64774,972.89,1000,27.11,50.25,202,2.2614,0.1122,LOCK,0,normal
47,3164204,468,481,-0.13260,0.00000,-0.70980,0.72208,972.88,1000,27.12,50.25,202,2.2567,0.0411,LOCK,0,normal
48,3164214,478,491,-0.23010,-0.00390,-0.73710,0.77219,972.87,1000,27.13,50.25,202,2.2515,-0.0383,LOCK,0,normal
49,3164224,488,501,-0.33930,0.08190,-0.85020,0.91906,972.87,1000,27.13,50.25,202,2.2440,-0.1518,LOCK,0,normal
50,3164234,498,511,0.08580,0.13650,-0.83070,0.84620,972.87,1000,27.13,50.25,202,2.2634,0.1418,LOCK,0,normal
51,3164244,508,521,0.01950,0.01170,-0.60840,0.60882,972.86,1000,27.14,50.25,202,2.2664,0.1876,LOCK,0,normal
52,3164254,518,531,-0.01560,0.21060,-0.75270,0.78176,972.86,1000,27.14,50.25,202,2.2457,-0.1256,LOCK,0,normal
53,3164264,528,541,-0.17160,-0.15600,-0.67860,0.71713,972.85,1000,27.15,50.25,202,2.2487,-0.0804,LOCK,0,normal
54,3164274,538,551,-0.26910,-0.22230,-0.85800,0.92628,972.85,1000,27.15,50.25,202,2.2375,-0.2498,LOCK,0,normal
55,3164284,548,561,-0.26910,0.15600,-0.92430,0.97523,972.85,1000,27.15,50.25,202,2.2624,0.1269,LOCK,0,normal
56,3164294,558,571,0.13260,0.17940,-0.90090,0.92811,972.85,1000,27.15,50.25,202,2.2640,0.1516,LOCK,0,normal
57,3164304,568,581,0.07410,0.02730,-0.64740,0.65220,972.85,1000,27.15,50.25,202,2.2521,-0.0294,LOCK,0,normal
58,3164314,578,591,-0.12870,0.16770,-0.61230,0.64776,972.83,1000,27.17,50.25,202,2.2540,-0.0007,LOCK,0,normal
59,3164324,588,601,-0.12090,-0.00780,-0.69030,0.70085,972.82,1000,27.18,50.25,202,2.2432,-0.1634,LOCK,0,normal
60,3164334,598,611,-0.22230,0.00780,-0.73320,0.76620,972.82,1000,27.18,50.25,202,2.2605,0.0985,LOCK,0,normal
61,3164344,608,621,-0.31200,0.24180,-0.85020,0.93736,972.82,1000,27.18,50.25,202,2.2697,0.2380,LOCK,0,normal
62,3164354,618,631,0.07020,0.15210,-0.82290,0.83978,972.82,1000,27.18,50.25,202,2.2522,-0.0273,LOCK,0,normal
63,3164369,633,646,0.02730,0.00000,-0.63960,0.64018,972.82,1000,27.18,50.25,202,2.2457,-0.1265,LOCK,0,normal
64,3164377,641,654,0.03510,0.21450,-0.79560,0.82476,972.81,1000,27.19,50.25,202,2.2519,-0.0319,LOCK,0,normal
65,3164385,649,662,-0.12870,-0.13260,-0.66300,0.68827,972.79,1000,27.21,50.25,202,2.2549,0.0139,LOCK,0,normal
66,3164394,658,671,-0.23400,-0.19890,-0.81510,0.87104,972.78,1000,27.22,50.25,202,2.2669,0.1956,LOCK,0,normal
67,3164404,668,681,-0.30030,0.14820,-0.92040,0.97943,972.71,1000,27.29,50.25,202,2.2732,0.2905,LOCK,0,normal
68,3164414,678,691,0.09360,0.15210,-0.89700,0.91461,972.68,1000,27.32,50.25,202,2.2683,0.2166,LOCK,0,normal
69,3164424,688,701,0.09750,0.01560,-0.58110,0.58943,972.68,1000,27.32,50.25,202,2.2497,-0.0654,LOCK,0,normal
70,3164434,698,711,-0.10920,0.17160,-0.60450,0.63780,972.75,1000,27.25,50.25,202,2.2579,0.0588,LOCK,0,normal
71,3164444,708,721,-0.18330,-0.06630,-0.67470,0.70229,972.77,1000,27.23,50.25,202,2.2637,0.1464,LOCK,0,normal
72,3164454,718,731,-0.22230,-0.01560,-0.81510,0.84501,972.78,1000,27.22,50.25,202,2.2581,0.0619,LOCK,0,normal
73,3164464,728,741,-0.32760,0.18720,-0.93990,1.01281,972.78,1000,27.22,50.25,202,2.2397,-0.2171,LOCK,0,normal
74,3164474,738,751,0.04290,0.08970,-0.85020,0.85599,972.78,1000,27.22,50.25,202,2.2536,-0.0062,LOCK,0,normal
75,3164484,748,761,0.06240,-0.01950,-0.63180,0.63517,972.78,1000,27.22,50.25,202,2.2599,0.0890,LOCK,0,normal
76,3164494,758,771,0.03900,0.18720,-0.69810,0.72382,972.79,1000,27.21,50.25,202,2.2739,0.3018,LOCK,0,normal
77,3164504,768,781,-0.15990,-0.12480,-0.63960,0.67099,972.80,1000,27.20,50.25,202,2.2649,0.1644,LOCK,0,normal
78,3164514,778,791,-0.25740,-0.13260,-0.86970,0.91663,972.80,1000,27.20,50.25,202,2.2559,0.0286,LOCK,0,normal
79,3164524,788,801,-0.29250,0.18330,-0.95160,1.01227,972.80,1000,27.20,50.25,202,2.2377,-0.2464,LOCK,0,normal
80,3164534,798,811,-0.29250,0.18330,-0.95160,1.01227,972.80,1000,27.20,50.25,202,2.2439,-0.1527,LOCK,0,normal
81,3164544,808,821,0.10920,0.15210,-0.91650,0.93543,972.80,1000,27.20,50.25,202,2.2641,0.1531,LOCK,0,normal
82,3164554,818,831,0.09750,0.03900,-0.63960,0.64816,972.78,1000,27.22,50.25,202,2.2680,0.2126,LOCK,0,normal
83,3164569,833,846,-0.15600,-0.14430,-0.65520,0.68880,972.77,1000,27.23,50.25,202,2.2537,-0.0044,LOCK,0,normal
84,3164577,841,854,-0.24180,-0.02730,-0.73320,0.77252,972.77,1000,27.23,50.25,202,2.2493,-0.0706,LOCK,0,normal
85,3164585,849,862,-0.31200,0.23790,-0.95160,1.02931,972.77,1000,27.23,50.25,202,2.2615,0.1137,LOCK,0,normal
86,3164594,858,871,-0.31200,0.23790,-0.95160,1.02931,972.77,1000,27.23,50.25,202,2.2670,0.1971,LOCK,0,normal
87,3164604,868,881,0.03120,0.09360,-0.87360,0.87915,972.77,1000,27.23,50.25,202,2.2736,0.2975,LOCK,0,normal
88,3164614,878,891,0.08970,0.04290,-0.68640,0.69356,972.74,1000,27.26,50.25,202,2.2539,-0.0019,LOCK,0,normal
89,3164624,888,901,0.08970,0.18330,-0.74490,0.77235,972.66,1000,27.34,50.25,202,2.2510,-0.0450,LOCK,0,normal
90,3164634,898,911,-0.12090,-0.16380,-0.66690,0.69728,972.64,1000,27.36,50.25,202,2.2522,-0.0279,LOCK,0,normal
91,3164644,908,921,-0.24180,-0.17160,-0.78780,0.84175,972.63,1000,27.37,50.25,202,2.2630,0.1366,LOCK,0,normal
92,3164654,918,931,-0.34320,0.19500,-0.88140,0.96575,972.63,1000,27.37,50.25,202,2.2690,0.2276,LOCK,0,normal
93,3164664,928,941,0.13650,0.24960,-0.96720,1.00817,972.63,1000,27.37,50.25,202,2.2423,-0.1765,LOCK,0,normal
94,3164674,938,951,0.14820,0.06240,-0.64740,0.66707,972.63,1000,27.37,50.25,202,2.2397,-0.2159,LOCK,0,normal
95,3164684,948,961,-0.02730,0.17940,-0.64350,0.66860,972.67,1000,27.33,50.25,202,2.2519,-0.0319,LOCK,0,normal
96,3164694,958,971,-0.08580,-0.06630,-0.67080,0.67951,972.68,1000,27.32,50.25,202,2.2556,0.0246,LOCK,0,normal
97,3164704,968,981,-0.22620,-0.00390,-0.72540,0.75986,972.68,1000,27.32,50.25,202,2.2630,0.1360,LOCK,0,normal
98,3164714,978,991,-0.30810,0.23010,-0.95550,1.02998,972.68,1000,27.32,50.25,202,2.2516,-0.0361,LOCK,0,normal
99,3164724,988,1001,0.05850,0.07800,-0.89310,0.89841,972.68,1000,27.32,50.25,202,2.2432,-0.1643,LOCK,0,normal
100,3164734,998,1011,0.11310,0.02730,-0.70590,0.71542,972.68,1000,27.32,50.25,202,2.2585,0.0680,LOCK,0,normal
101,3164744,1008,1021,0.08970,0.26130,-0.75270,0.80180,972.79,1000,27.21,50.25,202,2.2630,0.1369,LOCK,0,normal
102,3164754,1018,1031,-0.13650,-0.10140,-0.68640,0.70715,972.82,1000,27.18,50.25,202,2.2650,0.1672,LOCK,0,normal
103,3164768,1032,1045,-0.23010,-0.07800,-0.80730,0.84307,972.83,1000,27.17,50.25,202,2.2480,-0.0911,LOCK,0,normal
104,3164777,1041,1054,-0.35880,0.16380,-0.88530,0.96919,972.83,1000,27.17,50.25,202,2.2685,0.2191,LOCK,0,normal
105,3164785,1049,1062,0.10920,0.24570,-0.95160,0.98886,972.83,1000,27.17,50.25,202,2.2381,-0.2410,LOCK,0,normal
106,3164794,1058,1071,0.15600,0.06240,-0.63180,0.65376,972.83,1000,27.17,50.25,202,2.2550,0.0148,LOCK,0,normal
107,3164804,1068,1081,0.02730,0.12870,-0.67080,0.68358,972.84,1000,27.16,50.25,202,2.2621,0.1223,LOCK,0,normal
108,3164814,1078,1091,-0.05070,-0.05460,-0.68250,0.68656,972.84,1000,27.16,50.25,202,2.2665,0.1888,LOCK,0,normal
109,3164824,1088,1101,-0.23790,0.01560,-0.67080,0.71191,972.85,1000,27.15,50.25,202,2.2592,0.0786,LOCK,0,normal
110,3164834,1098,1111,-0.33150,0.22230,-0.98280,1.06076,972.85,1000,27.15,50.25,202,2.2544,0.0057,LOCK,0,normal
111,3164844,1108,1121,0.03900,0.07800,-0.85410,0.85854,972.85,1000,27.15,50.25,202,2.2621,0.1226,LOCK,0,normal
112,3164854,1118,1131,0.12870,0.06630,-0.73320,0.74736,972.85,1000,27.15,50.25,202,2.2657,0.1778,LOCK,0,normal
113,3164864,1128,1141,0.12480,0.18330,-0.72150,0.75481,972.86,1000,27.14,50.25,202,2.2331,-0.3170,LOCK,0,normal
114,3164874,1138,1151,-0.12480,-0.11310,-0.67470,0.69540,972.87,1000,27.13,50.25,202,2.2461,-0.1201,LOCK,0,normal
115,3164884,1148,1161,-0.24960,-0.04290,-0.81120,0.84982,972.87,1000,27.13,50.25,202,2.2505,-0.0535,LOCK,0,normal
116,3164894,1158,1171,-0.35490,0.21060,-0.88920,0.98030,972.87,1000,27.13,50.25,202,2.2632,0.1400,LOCK,0,normal
117,3164904,1168,1181,0.12480,0.20280,-0.92430,0.95448,972.87,1000,27.13,50.25,202,2.2642,0.1547,LOCK,0,normal
118,3164914,1178,1191,0.15210,0.05070,-0.63960,0.65939,972.87,1000,27.13,50.25,202,2.2658,0.1788,LOCK,0,normal
119,3164924,1188,1201,0.15210,0.05070,-0.63960,0.65939,972.91,1000,27.09,50.25,202,2.2600,0.0912,LOCK,0,normal
120,3164934,1198,1211,-0.00780,0.18720,-0.65910,0.68521,972.92,1000,27.08,50.25,202,2.2523,-0.0261,LOCK,0,normal
121,3164944,1208,1221,-0.09750,0.01170,-0.63570,0.64324,972.92,1000,27.08,50.25,202,2.2453,-0.1323,LOCK,0,normal
122,3164954,1218,1231,-0.26520,0.02730,-0.69030,0.73999,972.92,1000,27.08,50.25,202,2.2702,0.2456,LOCK,0,normal
123,3164969,1233,1246,0.05460,0.12480,-0.84240,0.85334,972.92,1000,27.08,50.25,202,2.2709,0.2554,LOCK,0,normal
124,3164977,1241,1254,0.15210,0.00390,-0.70200,0.71830,972.92,1000,27.08,50.25,202,2.2389,-0.2281,LOCK,0,normal
125,3164985,1249,1262,0.08190,0.11310,-0.69030,0.70428,972.91,1000,27.09,50.25,202,2.2462,-0.1179,LOCK,0,normal
126,3164994,1258,1271,0.08190,0.11310,-0.69030,0.70428,972.90,1000,27.10,50.25,202,2.2757,0.3293,LOCK,0,normal
127,3165004,1268,1281,-0.17940,-0.03120,-0.62400,0.65003,972.86,1000,27.14,50.25,202,2.2626,0.1308,LOCK,0,normal
128,3165014,1278,1291,-0.26520,0.00000,-0.87360,0.91297,972.84,1000,27.16,50.25,202,2.2664,0.1882,LOCK,0,normal
129,3165024,1288,1301,-0.33540,0.22230,-0.92820,1.01166,972.84,1000,27.16,50.25,202,2.2597,0.0857,LOCK,0,normal
130,3165034,1298,1311,0.10530,0.17940,-0.91650,0.93981,972.84,1000,27.16,50.25,202,2.2578,0.0579,LOCK,0,normal
131,3165044,1308,1321,0.21840,0.00780,-0.63570,0.67222,972.84,1000,27.16,50.25,202,2.2567,0.0408,LOCK,0,normal
132,3165054,1318,1331,-0.05070,-0.00390,-0.64740,0.64939,972.91,1000,27.09,50.25,202,2.2510,-0.0453,LOCK,0,normal
133,3165109,1373,1386,0.08190,0.14820,-0.70200,0.72213,972.93,1000,27.07,50.25,202,2.2697,0.2380,LOCK,0,normal
134,3165118,1382,1395,0.08190,0.14820,-0.70200,0.72213,972.95,1000,27.05,50.25,202,2.2644,0.1580,LOCK,0,normal
135,3165126,1390,1403,-0.16770,0.04680,-0.69420,0.71570,972.96,1000,27.04,50.25,202,2.2655,0.1745,LOCK,0,normal
136,3165134,1398,1411,-0.26130,0.05850,-0.83460,0.87650,972.98,1000,27.02,50.25,202,2.2627,0.1315,LOCK,0,normal
137,3165143,1407,1420,-0.34710,0.15990,-0.86580,0.94639,972.99,1000,27.01,50.25,202,2.2648,0.1635,LOCK,0,normal
138,3165151,1415,1428,0.01560,0.09750,-0.90870,0.91405,973.01,1000,26.99,50.25,202,2.2549,0.0130,LOCK,0,normal
139,3165160,1424,1437,0.14820,0.05850,-0.70590,0.72366,973.02,1000,26.98,50.25,202,2.2628,0.1336,LOCK,0,normal
140,3165173,1437,1450,-0.04680,0.05460,-0.74880,0.75225,973.03,1000,26.97,50.25,202,2.2492,-0.0734,LOCK,0,normal
141,3165182,1446,1459,-0.05070,-0.18330,-0.68640,0.71226,973.01,1000,26.99,50.25,202,2.2463,-0.1173,LOCK,0,normal
142,3165190,1454,1467,-0.05070,-0.18330,-0.68640,0.71226,972.99,1000,27.01,50.25,202,2.2533,-0.0105,LOCK,0,normal
143,3165199,1463,1476,-0.23400,0.04290,-0.71370,0.75231,972.98,1000,27.02,50.25,202,2.2603,0.0954,LOCK,0,normal
144,3165215,1479,1492,0.00000,0.15990,-0.84240,0.85744,972.96,1000,27.04,50.25,202,2.2663,0.1858,LOCK,0,normal
145,3165223,1487,1500,0.16380,-0.03510,-0.70980,0.72930,972.95,1000,27.05,50.25,202,2.2696,0.2368,LOCK,0,normal
146,3165232,1496,1509,-0.00780,0.09360,-0.65910,0.66576,972.95,1000,27.05,50.25,202,2.2679,0.2102,LOCK,0,normal
147,3165241,1505,1518,-0.00780,0.09360,-0.65910,0.66576,972.94,1000,27.06,50.25,202,2.2626,0.1296,LOCK,0,normal
148,3165249,1513,1526,-0.11310,0.05850,-0.74490,0.75570,972.94,1000,27.06,50.25,202,2.2619,0.1192,LOCK,0,normal
149,3165258,1522,1535,-0.19110,0.10920,-0.84630,0.87445,972.93,1000,27.07,50.25,202,2.2717,0.2682,LOCK,0,normal
150,3165266,1530,1543,-0.34710,0.12480,-0.82290,0.90179,972.93,1000,27.07,50.25,202,2.2707,0.2532,LOCK,0,normal
151,3165274,1538,1551,0.00390,0.09750,-0.91260,0.91780,972.93,1000,27.07,50.25,202,2.2451,-0.1353,LOCK,0,normal
152,3165283,1547,1560,0.00390,0.09750,-0.91260,0.91780,972.92,1000,27.08,50.25,202,2.2622,0.1247,LOCK,0,normal
153,3165291,1555,1568,0.16380,0.00780,-0.69810,0.71710,972.92,1000,27.08,50.25,202,2.2341,-0.3017,LOCK,0,normal
154,3165300,1564,1577,-0.07410,0.07410,-0.71760,0.72521,972.92,1000,27.08,50.25,202,2.2677,0.2072,LOCK,0,normal
155,3165314,1578,1591,-0.04680,0.01170,-0.71370,0.71533,972.92,1000,27.08,50.25,202,2.2494,-0.0694,LOCK,0,normal
156,3165322,1586,1599,-0.23790,0.09360,-0.73710,0.78018,972.92,1000,27.08,50.25,202,2.2520,-0.0303,LOCK,0,normal
157,3165331,1595,1608,-0.36660,0.15600,-0.88140,0.96726,972.92,1000,27.08,50.25,202,2.2394,-0.2214,LOCK,0,normal
158,3165339,1603,1616,-0.01560,0.12870,-0.86580,0.87545,972.92,1000,27.08,50.25,202,2.2246,-0.4461,LOCK,0,normal
159,3165362,1626,1639,0.05850,0.09360,-0.67860,0.68752,972.92,1000,27.08,50.25,202,2.2639,0.1504,LOCK,0,normal
160,3165375,1639,1652,-0.19890,0.07800,-0.82680,0.85396,972.92,1000,27.08,50.25,202,2.2696,0.2362,LOCK,0,normal
161,3165384,1648,1661,-0.19890,0.07800,-0.82680,0.85396,972.92,1000,27.08,50.25,202,2.2341,-0.3020,LOCK,0,normal
162,3165392,1656,1669,-0.33930,0.17550,-0.86970,0.94990,972.92,1000,27.08,50.25,202,2.2527,-0.0200,LOCK,0,normal
163,3165401,1665,1678,0.02730,0.13650,-0.97110,0.98103,972.92,1000,27.08,50.25,202,2.2486,-0.0825,LOCK,0,normal
164,3165409,1673,1686,0.16770,-0.00390,-0.66690,0.68767,972.92,1000,27.08,50.25,202,2.2526,-0.0215,LOCK,0,normal
165,3165418,1682,1695,-0.14040,0.00000,-0.67080,0.68534,972.92,1000,27.08,50.25,202,2.2706,0.2508,LOCK,0,normal
166,3165426,1690,1703,-0.14040,0.00000,-0.67080,0.68534,972.92,1000,27.08,50.25,202,2.2613,0.1110,LOCK,0,normal
167,3165435,1699,1712,-0.08970,0.14430,-0.72540,0.74503,972.92,1000,27.08,50.25,202,2.2546,0.0084,LOCK,0,normal
168,3165443,1707,1720,-0.21060,0.10920,-0.76050,0.79664,972.92,1000,27.08,50.25,202,2.2465,-0.1134,LOCK,0,normal
169,3165451,1715,1728,-0.33930,0.17160,-0.92430,0.99945,972.92,1000,27.08,50.25,202,2.2550,0.0158,LOCK,0,normal
170,3165460,1724,1737,-0.00390,0.09750,-0.82290,0.82867,972.92,1000,27.08,50.25,202,2.2680,0.2123,LOCK,0,normal
171,3165468,1732,1745,0.15600,-0.10140,-0.68640,0.71117,972.92,1000,27.08,50.25,202,2.2640,0.1516,LOCK,0,normal
172,3165477,1741,1754,0.15600,-0.10140,-0.68640,0.71117,972.90,1000,27.10,50.25,202,2.2438,-0.1549,LOCK,0,normal
173,3165485,1749,1762,0.01560,0.06630,-0.70980,0.71306,972.88,1000,27.12,50.25,202,2.2428,-0.1698,LOCK,0,normal
174,3165494,1758,1771,0.03120,0.05070,-0.74880,0.75116,972.86,1000,27.14,50.25,202,2.2363,-0.2681,LOCK,0,normal
175,3165502,1766,1779,-0.07800,0.01170,-0.82290,0.82667,972.85,1000,27.15,50.25,202,2.2519,-0.0312,LOCK,0,normal
176,3165520,1784,1797,0.00780,0.08190,-0.98280,0.98624,972.83,1000,27.17,50.25,202,2.2711,0.2590,LOCK,0,normal
177,3165529,1793,1806,0.00780,0.08190,-0.98280,0.98624,972.82,1000,27.18,50.25,202,2.2695,0.2355,LOCK,0,normal
178,3165537,1801,1814,0.19500,0.02340,-0.69030,0.71770,972.81,1000,27.19,50.25,202,2.2659,0.1803,LOCK,0,normal
179,3165546,1810,1823,-0.14040,0.00390,-0.68250,0.69680,972.81,1000,27.19,50.25,202,2.2665,0.1891,LOCK,0,normal
180,3165554,1818,1831,-0.08190,-0.05070,-0.66300,0.66996,972.82,1000,27.18,50.25,202,2.2446,-0.1424,LOCK,0,normal
181,3165562,1826,1839,-0.20670,0.07410,-0.76830,0.79906,972.82,1000,27.18,50.25,202,2.2547,0.0103,LOCK,0,normal
182,3165576,1840,1853,-0.33540,0.19890,-0.91650,0.99601,972.82,1000,27.18,50.25,202,2.2670,0.1971,LOCK,0,normal
183,3165584,1848,1861,0.00780,0.10140,-0.83070,0.83690,972.83,1000,27.17,50.25,202,2.2458,-0.1237,LOCK,0,normal
184,3165593,1857,1870,0.18720,-0.08970,-0.67080,0.70218,972.83,1000,27.17,50.25,202,2.2497,-0.0657,LOCK,0,normal
185,3165601,1865,1878,-0.02340,0.03510,-0.67080,0.67213,972.81,1000,27.19,50.25,202,2.2513,-0.0410,LOCK,0,normal
186,3165610,1874,1887,-0.02340,0.03510,-0.67080,0.67213,972.80,1000,27.20,50.25,202,2.2598,0.0872,LOCK,0,normal
187,3165622,1886,1899,-0.03120,0.01950,-0.85410,0.85489,972.78,1000,27.22,50.25,202,2.2689,0.2258,LOCK,0,normal
188,3165630,1894,1907,-0.03120,0.01950,-0.85410,0.85489,972.77,1000,27.23,50.25,202,2.2691,0.2288,LOCK,0,normal
189,3165639,1903,1916,-0.35490,0.10140,-0.78780,0.86998,972.76,1000,27.24,50.25,202,2.2476,-0.0969,LOCK,0,normal
190,3165647,1911,1924,-0.01170,0.04680,-0.93210,0.93335,972.75,1000,27.25,50.25,202,2.2360,-0.2724,LOCK,0,normal
191,3165656,1920,1933,0.17940,-0.00780,-0.71760,0.73973,972.74,1000,27.26,50.25,202,2.2413,-0.1930,LOCK,0,normal
192,3165664,1928,1941,-0.15210,0.00780,-0.68250,0.69929,972.72,1000,27.28,50.25,202,2.2531,-0.0129,LOCK,0,normal
193,3165724,1988,2001,0.19890,-0.01170,-0.74100,0.76732,972.72,1000,27.28,50.25,202,2.2696,0.2358,LOCK,0,normal
194,3165732,1996,2009,-0.02340,0.01950,-0.68640,0.68708,972.72,1000,27.28,50.25,202,2.2574,0.0509,LOCK,0,normal
195,3165741,2005,2018,0.03510,-0.01950,-0.77610,0.77714,972.72,1000,27.28,50.25,202,2.2616,0.1159,LOCK,0,normal
196,3165749,2013,2026,-0.03900,0.12090,-0.80730,0.81723,972.72,1000,27.28,50.25,202,2.2608,0.1037,LOCK,0,normal
197,3165758,2022,2035,-0.34710,0.21840,-0.83070,0.92641,972.73,1000,27.27,50.25,202,2.2665,0.1891,LOCK,0,normal
198,3165766,2030,2043,0.01170,0.09360,-0.95550,0.96014,972.73,1000,27.27,50.25,202,2.2704,0.2490,LOCK,0,normal
199,3165780,2044,2057,0.18330,-0.03510,-0.68640,0.71132,972.73,1000,27.27,50.25,202,2.2664,0.1876,LOCK,0,normal
200,3165788,2052,2065,-0.14040,-0.03510,-0.70590,0.72058,972.72,1000,27.28,50.25,202,2.2307,-0.3533,LOCK,0,normal
201,3165797,2061,2074,-0.01170,0.20670,-0.72540,0.75437,972.71,1000,27.29,50.25,202,2.2414,-0.1915,LOCK,0,normal
202,3165805,2069,2082,-0.01170,0.20670,-0.72540,0.75437,972.71,1000,27.29,50.25,202,2.2542,0.0026,LOCK,0,normal
203,3165814,2078,2091,-0.19890,0.10530,-0.72540,0.75951,972.70,1000,27.30,50.25,202,2.2566,0.0387,LOCK,0,normal
204,3165826,2090,2103,-0.37050,0.23010,-0.84630,0.95207,972.69,1000,27.31,50.25,202,2.2708,0.2542,LOCK,0,normal
205,3165834,2098,2111,0.01170,0.16380,-0.86970,0.88507,972.69,1000,27.31,50.25,202,2.2678,0.2087,LOCK,0,normal
206,3165843,2107,2120,0.15210,0.08190,-0.77610,0.79509,972.68,1000,27.32,50.25,202,2.2697,0.2374,LOCK,0,normal
207,3165851,2115,2128,-0.10140,-0.00390,-0.63570,0.64375,972.68,1000,27.32,50.25,202,2.2667,0.1919,LOCK,0,normal
208,3165860,2124,2137,0.02340,-0.05850,-0.82680,0.82920,972.67,1000,27.33,50.25,202,2.2641,0.1528,LOCK,0,normal
209,3165868,2132,2145,-0.01950,0.05850,-0.86190,0.86410,972.66,1000,27.34,50.25,202,2.2602,0.0945,LOCK,0,normal
210,3165877,2141,2154,-0.01950,0.05850,-0.86190,0.86410,972.66,1000,27.34,50.25,202,2.2607,0.1009,LOCK,0,normal
211,3165885,2149,2162,-0.39390,0.14820,-0.80730,0.91041,972.65,1000,27.35,50.25,202,2.2687,0.2230,LOCK,0,normal
212,3165894,2158,2171,-0.00390,0.08970,-0.92040,0.92477,972.65,1000,27.35,50.25,202,2.2550,0.0148,LOCK,0,normal
213,3165902,2166,2179,0.17940,-0.02730,-0.72540,0.74775,972.64,1000,27.36,50.25,202,2.2528,-0.0175,LOCK,0,normal
214,3165910,2174,2187,-0.14820,0.01560,-0.72540,0.74055,972.66,1000,27.34,50.25,202,2.2533,-0.0111,LOCK,0,normal
215,3165919,2183,2196,-0.14820,0.01560,-0.72540,0.74055,972.67,1000,27.33,50.25,202,2.2615,0.1131,LOCK,0,normal
216,3165928,2192,2205,0.00000,0.16380,-0.74490,0.76270,972.69,1000,27.31,50.25,202,2.2387,-0.2318,LOCK,0,normal
217,3165937,2201,2214,-0.08970,0.09360,-0.74100,0.75226,972.70,1000,27.30,50.25,202,2.2588,0.0722,LOCK,0,normal
218,3165945,2209,2222,-0.37440,0.21450,-0.82680,0.93262,972.71,1000,27.29,50.25,202,2.2465,-0.1134,LOCK,0,normal
219,3165954,2218,2231,-0.03900,0.14430,-0.79170,0.80569,972.72,1000,27.28,50.25,202,2.2397,-0.2162,LOCK,0,normal
220,3165984,2248,2261,0.01170,-0.04680,-0.84240,0.84378,972.70,1000,27.30,50.25,202,2.2657,0.1778,LOCK,0,normal
221,3165992,2256,2269,-0.00390,0.10140,-0.88140,0.88722,972.69,1000,27.31,50.25,202,2.2544,0.0063,LOCK,0,normal
222,3166001,2265,2278,-0.00390,0.10140,-0.88140,0.88722,972.68,1000,27.32,50.25,202,2.2500,-0.0609,LOCK,0,normal
223,3166009,2273,2286,-0.31980,0.15210,-0.83460,0.90662,972.67,1000,27.33,50.25,202,2.2357,-0.2770,LOCK,0,normal
224,3166017,2281,2294,0.00390,0.10140,-0.86580,0.87173,972.66,1000,27.34,50.25,202,2.2591,0.0771,LOCK,0,normal
225,3166033,2297,2310,-0.10920,0.00000,-0.72150,0.72972,972.67,1000,27.33,50.25,202,2.2669,0.1962,LOCK,0,normal
226,3166041,2305,2318,-0.10920,0.00000,-0.72150,0.72972,972.67,1000,27.33,50.25,202,2.2685,0.2191,LOCK,0,normal
227,3166050,2314,2327,-0.04680,0.15210,-0.72540,0.74265,972.68,1000,27.32,50.25,202,2.2637,0.1470,LOCK,0,normal
228,3166058,2322,2335,-0.10530,0.13260,-0.78390,0.80198,972.69,1000,27.31,50.25,202,2.2593,0.0796,LOCK,0,normal
229,3166067,2331,2344,-0.35100,0.24960,-0.85800,0.96003,972.69,1000,27.31,50.25,202,2.2707,0.2536,LOCK,0,normal
230,3166075,2339,2352,-0.02340,0.12870,-0.81510,0.82553,972.69,1000,27.31,50.25,202,2.2656,0.1760,LOCK,0,normal
231,3166084,2348,2361,0.15600,0.01560,-0.73320,0.74977,972.70,1000,27.30,50.25,202,2.2551,0.0173,LOCK,0,normal
232,3166092,2356,2369,0.15600,0.01560,-0.73320,0.74977,972.70,1000,27.30,50.25,202,2.2734,0.2932,LOCK,0,normal
233,3166101,2365,2378,-0.14040,-0.05070,-0.54600,0.56604,972.71,1000,27.29,50.25,202,2.2555,0.0234,LOCK,0,normal
234,3166109,2373,2386,-0.02730,-0.05460,-0.77610,0.77850,972.72,1000,27.28,50.25,202,2.2531,-0.0132,LOCK,0,normal
235,3166117,2381,2394,-0.04680,0.08190,-0.86190,0.86705,972.73,1000,27.27,50.25,202,2.2599,0.0896,LOCK,0,normal
236,3166127,2391,2404,-0.39000,0.12480,-0.88530,0.97541,972.74,1000,27.26,50.25,202,2.2602,0.0939,LOCK,0,normal
237,3166135,2399,2412,0.05070,0.12870,-0.91650,0.92688,972.75,1000,27.25,50.25,202,2.2656,0.1757,LOCK,0,normal
238,3166144,2408,2421,0.05070,0.12870,-0.91650,0.92688,972.75,1000,27.25,50.25,202,2.2699,0.2407,LOCK,0,normal
239,3166152,2416,2429,0.18330,0.00390,-0.68640,0.71046,972.76,1000,27.24,50.25,202,2.2708,0.2551,LOCK,0,normal
240,3166161,2425,2438,-0.11700,0.03510,-0.73710,0.74715,972.77,1000,27.23,50.25,202,2.2403,-0.2080,LOCK,0,normal
241,3166169,2433,2446,-0.03900,0.06240,-0.67080,0.67482,972.78,1000,27.22,50.25,202,2.2501,-0.0584,LOCK,0,normal
242,3166178,2442,2455,-0.09750,0.14430,-0.74100,0.76119,972.79,1000,27.21,50.25,202,2.2626,0.1302,LOCK,0,normal
243,3166191,2455,2468,-0.37050,0.21840,-0.88140,0.98073,972.79,1000,27.21,50.25,202,2.2689,0.2261,LOCK,0,normal
244,3166200,2464,2477,0.00780,0.17160,-0.82680,0.84446,972.80,1000,27.20,50.25,202,2.2496,-0.0663,LOCK,0,normal
245,3166208,2472,2485,0.14820,0.04290,-0.74880,0.76453,972.81,1000,27.19,50.25,202,2.2341,-0.3011,LOCK,0,normal
246,3166216,2480,2493,0.14820,0.04290,-0.74880,0.76453,972.81,1000,27.19,50.25,202,2.2619,0.1192,LOCK,0,normal
247,3166225,2489,2502,-0.16770,-0.03120,-0.54210,0.56830,972.83,1000,27.17,50.25,202,2.2582,0.0640,LOCK,0,normal
248,3166236,2500,2513,-0.04680,-0.05460,-0.77220,0.77554,972.84,1000,27.16,50.25,202,2.2668,0.1937,LOCK,0,normal
249,3166244,2508,2521,-0.06630,0.05850,-0.88140,0.88582,972.85,1000,27.15,50.25,202,2.2714,0.2633,LOCK,0,normal
250,3166253,2517,2530,-0.38220,0.23010,-0.88530,0.99135,972.87,1000,27.13,50.25,202,2.2512,-0.0425,LOCK,0,normal
251,3166261,2525,2538,0.04680,0.07020,-0.85800,0.86214,972.88,1000,27.12,50.25,202,2.2598,0.0872,LOCK,0,normal
252,3166270,2534,2547,0.15990,0.04290,-0.66300,0.68336,972.88,1000,27.12,50.25,202,2.2463,-0.1164,LOCK,0,normal
253,3166278,2542,2555,0.15990,0.04290,-0.66300,0.68336,972.89,1000,27.11,50.25,202,2.2480,-0.0911,LOCK,0,normal
254,3166339,2603,2616,0.17160,0.12090,-0.70980,0.74019,972.91,1000,27.09,50.25,202,2.2659,0.1809,LOCK,0,normal
255,3166348,2612,2625,-0.13260,0.10530,-0.62010,0.64280,972.93,1000,27.07,50.25,202,2.2649,0.1644,LOCK,0,normal
256,3166357,2621,2634,-0.06630,0.04290,-0.72150,0.72581,972.94,1000,27.06,50.25,202,2.2655,0.1736,LOCK,0,normal
257,3166365,2629,2642,-0.04290,0.07020,-0.75270,0.75718,972.96,1000,27.04,50.25,202,2.2621,0.1226,LOCK,0,normal
258,3166374,2638,2651,-0.45240,0.18330,-0.86190,0.99052,972.98,1000,27.02,50.25,202,2.2662,0.1849,LOCK,0,normal
259,3166382,2646,2659,0.00780,0.16770,-0.88530,0.90108,972.99,1000,27.01,50.25,202,2.2620,0.1217,LOCK,0,normal
260,3166395,2659,2672,0.19500,0.05070,-0.72930,0.75662,973.00,1000,27.00,50.25,202,2.2627,0.1315,LOCK,0,normal
261,3166404,2668,2681,0.05460,0.16770,-0.76050,0.78068,973.03,1000,26.97,50.25,202,2.2484,-0.0850,LOCK,0,normal
262,3166412,2676,2689,0.04680,-0.02340,-0.62010,0.62230,973.05,1000,26.95,50.25,202,2.2460,-0.1219,LOCK,0,normal
263,3166421,2685,2698,0.04680,-0.02340,-0.62010,0.62230,973.07,1000,26.93,50.25,202,2.2446,-0.1424,LOCK,0,normal
264,3166429,2693,2706,-0.05460,0.10530,-0.82290,0.83140,973.09,1000,26.91,50.25,202,2.2479,-0.0917,LOCK,0,normal
265,3166444,2708,2721,0.03900,0.18720,-0.86190,0.88286,973.11,1000,26.89,50.25,202,2.2685,0.2197,LOCK,0,normal
266,3166452,2716,2729,0.03900,0.18720,-0.86190,0.88286,973.12,1000,26.88,50.25,202,2.2571,0.0472,LOCK,0,normal
267,3166461,2725,2738,0.17940,0.07410,-0.69420,0.72083,973.14,1000,26.86,50.25,202,2.2656,0.1754,LOCK,0,normal
268,3166469,2733,2746,-0.12480,0.06630,-0.60450,0.62080,973.15,1000,26.85,50.25,202,2.2690,0.2270,LOCK,0,normal
269,3166478,2742,2755,-0.03900,0.08580,-0.74880,0.75471,973.15,1000,26.85,50.25,202,2.2654,0.1733,LOCK,0,normal
270,3166486,2750,2763,-0.04290,0.07410,-0.77610,0.78081,973.16,1000,26.84,50.25,202,2.2658,0.1788,LOCK,0,normal
271,3166495,2759,2772,-0.41730,0.21060,-0.88920,1.00457,973.16,1000,26.84,50.25,202,2.2634,0.1431,LOCK,0,normal
272,3166503,2767,2780,-0.41730,0.21060,-0.88920,1.00457,973.17,1000,26.83,50.25,202,2.2440,-0.1512,LOCK,0,normal
273,3166512,2776,2789,0.00390,0.14040,-0.80730,0.81943,973.17,1000,26.83,50.25,202,2.2397,-0.2168,LOCK,0,normal
274,3166520,2784,2797,0.18720,0.10530,-0.76440,0.79400,973.18,1000,26.82,50.25,202,2.2336,-0.3096,LOCK,0,normal
275,3166529,2793,2806,0.06240,0.15210,-0.78780,0.80477,973.18,1000,26.82,50.25,202,2.2453,-0.1320,LOCK,0,normal
276,3166555,2819,2832,-0.04680,0.06240,-0.78780,0.79165,973.19,1000,26.81,50.25,202,2.2397,-0.2171,LOCK,0,normal
277,3166563,2827,2840,-0.39780,0.16380,-0.80730,0.91477,973.19,1000,26.81,50.25,202,2.2553,0.0191,LOCK,0,normal
278,3166572,2836,2849,0.01950,0.19500,-0.84240,0.86489,973.20,1000,26.80,50.25,202,2.2455,-0.1289,LOCK,0,normal
279,3166580,2844,2857,0.14820,0.12090,-0.69030,0.71631,973.20,1000,26.80,50.25,202,2.2649,0.1656,LOCK,0,normal
280,3166595,2859,2872,-0.12480,0.09750,-0.62010,0.64000,973.22,1000,26.78,50.25,202,2.2673,0.2017,LOCK,0,normal
281,3166604,2868,2881,-0.03900,0.13260,-0.76050,0.77296,973.23,1000,26.77,50.25,202,2.2367,-0.2620,LOCK,0,normal
282,3166612,2876,2889,-0.07800,0.13260,-0.79560,0.81034,973.24,1000,26.76,50.25,202,2.2493,-0.0718,LOCK,0,normal
283,3166621,2885,2898,-0.39000,0.20280,-0.89700,0.99892,973.25,1000,26.75,50.25,202,2.2630,0.1363,LOCK,0,normal
284,3166629,2893,2906,0.02730,0.14430,-0.81510,0.82822,973.26,1000,26.74,50.25,202,2.2381,-0.2406,LOCK,0,normal
285,3166645,2909,2922,0.18330,0.13650,-0.72930,0.76427,973.27,1000,26.73,50.25,202,2.2732,0.2914,LOCK,0,normal
286,3166654,2918,2931,0.03900,0.14820,-0.72150,0.73760,973.28,1000,26.72,50.25,202,2.2475,-0.0981,LOCK,0,normal
287,3166662,2926,2939,-0.00390,0.03510,-0.69810,0.69899,973.29,1000,26.71,50.25,202,2.2545,0.0081,LOCK,0,normal
288,3166671,2935,2948,-0.06630,0.09360,-0.83460,0.84245,973.29,1000,26.71,50.25,202,2.2497,-0.0651,LOCK,0,normal
289,3166679,2943,2956,-0.38610,0.15990,-0.82290,0.92293,973.30,1000,26.70,50.25,202,2.2512,-0.0428,LOCK,0,normal
290,3166706,2970,2983,0.13650,0.05460,-0.68640,0.70197,973.31,1000,26.69,50.25,202,2.2419,-0.1833,LOCK,0,normal
291,3166714,2978,2991,-0.07020,0.09750,-0.62400,0.63546,973.34,1000,26.66,50.25,202,2.2518,-0.0340,LOCK,0,normal
292,3166722,2986,2999,0.00780,0.12870,-0.71760,0.72909,973.36,1000,26.64,50.25,202,2.2414,-0.1909,LOCK,0,normal
293,3166731,2995,3008,-0.05070,0.02730,-0.70200,0.70436,973.38,1000,26.62,50.25,202,2.2470,-0.1066,LOCK,0,normal
294,3166748,3012,3025,-0.39780,0.20280,-0.85410,0.96377,973.40,1000,26.60,50.25,202,2.2666,0.1913,LOCK,0,normal
295,3166756,3020,3033,-0.01170,0.15990,-0.82290,0.83837,973.42,1000,26.58,50.25,202,2.2676,0.2056,LOCK,0,normal
296,3166765,3029,3042,0.17940,0.12480,-0.80730,0.83636,973.44,1000,26.56,50.25,202,2.2676,0.2062,LOCK,0,normal
297,3166773,3037,3050,0.05850,0.14040,-0.79170,0.80618,973.45,1000,26.55,50.25,202,2.2597,0.0860,LOCK,0,normal
298,3166782,3046,3059,0.04680,0.06240,-0.63960,0.64434,973.46,1000,26.54,50.25,202,2.2620,0.1205,LOCK,0,normal
299,3166795,3059,3072,-0.05070,0.10920,-0.74100,0.75072,973.46,1000,26.54,50.25,202,2.2694,0.2340,LOCK,0,normal
300,3166803,3067,3080,-0.45630,0.15210,-0.80340,0.93637,973.47,1000,26.53,50.25,202,2.2575,0.0527,LOCK,0,normal
301,3166812,3076,3089,-0.45630,0.15210,-0.80340,0.93637,973.48,1000,26.52,50.25,202,2.2446,-0.1424,LOCK,0,normal
302,3166820,3084,3097,0.01560,0.09360,-0.88140,0.88649,973.48,1000,26.52,50.25,202,2.2490,-0.0758,LOCK,0,normal
303,3166844,3108,3121,0.05070,0.10920,-0.72930,0.73917,973.50,1000,26.50,50.25,202,2.2629,0.1354,LOCK,0,normal
304,3166853,3117,3130,0.05070,0.10920,-0.72930,0.73917,973.51,1000,26.49,50.25,202,2.2638,0.1479,LOCK,0,normal
305,3166861,3125,3138,-0.12870,-0.00780,-0.65130,0.66394,973.52,1000,26.48,50.25,202,2.2507,-0.0496,LOCK,0,normal
306,3166869,3133,3146,-0.39780,0.22620,-0.91650,1.02439,973.53,1000,26.47,50.25,202,2.2502,-0.0581,LOCK,0,normal
307,3166878,3142,3155,0.02340,0.16770,-0.79170,0.80960,973.54,1000,26.46,50.25,202,2.2528,-0.0184,LOCK,0,normal
308,3166886,3150,3163,0.19890,0.10530,-0.79170,0.82307,973.55,1000,26.45,50.25,202,2.2567,0.0405,LOCK,0,normal
309,3166898,3162,3175,0.03120,0.05850,-0.69810,0.70124,973.56,1000,26.44,50.25,202,2.2692,0.2301,LOCK,0,normal
310,3166906,3170,3183,0.03120,0.25740,-0.73710,0.78137,973.57,1000,26.43,50.25,202,2.2686,0.2212,LOCK,0,normal
311,3166915,3179,3192,-0.05460,0.15210,-0.82290,0.83862,973.58,1000,26.42,50.25,202,2.2404,-0.2055,LOCK,0,normal
312,3166923,3187,3200,-0.05460,0.15210,-0.82290,0.83862,973.59,1000,26.41,50.25,202,2.2421,-0.1799,LOCK,0,normal
313,3166932,3196,3209,-0.41340,0.19110,-0.81120,0.93030,973.60,1000,26.40,50.25,202,2.2474,-0.1005,LOCK,0,normal
314,3166940,3204,3217,-0.00780,0.13650,-0.83850,0.84957,973.61,1000,26.39,50.25,202,2.2478,-0.0944,LOCK,0,normal
315,3166982,3246,3259,-0.09750,-0.09750,-0.72150,0.73456,973.62,1000,26.38,50.25,202,2.2632,0.1391,LOCK,0,normal
316,3166996,3260,3273,-0.44850,0.14820,-0.88140,0.99999,973.63,1000,26.37,50.25,202,2.2693,0.2322,LOCK,0,normal
317,3167004,3268,3281,0.03120,0.12480,-0.85410,0.86373,973.64,1000,26.36,50.25,202,2.2630,0.1369,LOCK,0,normal
318,3167013,3277,3290,0.23010,0.13650,-0.81900,0.86159,973.65,1000,26.35,50.25,202,2.2425,-0.1735,LOCK,0,normal
319,3167021,3285,3298,0.06240,-0.01950,-0.69810,0.70115,973.66,1000,26.34,50.25,202,2.2473,-0.1015,LOCK,0,normal
320,3167029,3293,3306,0.05850,0.21450,-0.71760,0.75125,973.67,1000,26.33,50.25,202,2.2529,-0.0160,LOCK,0,normal
321,3167038,3302,3315,-0.07410,0.12090,-0.73710,0.75062,973.68,1000,26.32,50.25,202,2.2444,-0.1448,LOCK,0,normal
322,3167055,3319,3332,-0.43680,0.22230,-0.81510,0.95110,973.69,1000,26.31,50.25,202,2.2643,0.1565,LOCK,0,normal
323,3167064,3328,3341,0.02730,0.15600,-0.93990,0.95315,973.70,1000,26.30,50.25,202,2.2669,0.1949,LOCK,0,normal
324,3167072,3336,3349,0.14040,0.05070,-0.71760,0.73296,973.71,1000,26.29,50.25,202,2.2746,0.3125,LOCK,0,normal
325,3167081,3345,3358,-0.02340,-0.05850,-0.66300,0.66599,973.72,1000,26.28,50.25,202,2.2671,0.1989,LOCK,0,normal
326,3167089,3353,3366,0.05460,-0.03900,-0.76830,0.77122,973.74,1000,26.26,50.25,202,2.2667,0.1928,LOCK,0,normal
327,3167098,3362,3375,0.05460,-0.03900,-0.76830,0.77122,973.75,1000,26.25,50.25,202,2.2669,0.1949,LOCK,0,normal
328,3167106,3370,3383,-0.07410,0.06240,-0.72930,0.73571,973.76,1000,26.24,50.25,202,2.2654,0.1730,LOCK,0,normal
329,3167115,3379,3392,-0.38220,0.22230,-0.97110,1.06702,973.77,1000,26.23,50.25,202,2.2362,-0.2703,LOCK,0,normal
330,3167123,3387,3400,0.02730,0.12090,-0.79170,0.80134,973.78,1000,26.22,50.25,202,2.2467,-0.1100,LOCK,0,normal
331,3167132,3396,3409,0.19890,0.05850,-0.82680,0.85240,973.79,1000,26.21,50.25,202,2.2708,0.2551,LOCK,0,normal
332,3167140,3404,3417,0.19890,0.05850,-0.82680,0.85240,973.79,1000,26.21,50.25,202,2.2399,-0.2132,LOCK,0,normal
333,3167158,3422,3435,0.10140,0.12480,-0.72930,0.74682,973.81,1000,26.19,50.25,202,2.2672,0.2007,LOCK,0,normal
334,3167167,3431,3444,-0.03120,0.01950,-0.79950,0.80035,973.82,1000,26.18,50.25,202,2.2658,0.1782,LOCK,0,normal
335,3167175,3439,3452,-0.42120,0.20280,-0.84630,0.96683,973.83,1000,26.17,50.25,202,2.2486,-0.0813,LOCK,0,normal
336,3167183,3447,3460,0.05070,0.11700,-0.93600,0.94465,973.84,1000,26.16,50.25,202,2.2547,0.0103,LOCK,0,normal
337,3167197,3461,3474,0.17940,-0.01560,-0.70980,0.73229,973.85,1000,26.15,50.25,202,2.2488,-0.0792,LOCK,0,normal
338,3167206,3470,3483,-0.10140,-0.10140,-0.61620,0.63267,973.86,1000,26.14,50.25,202,2.2645,0.1595,LOCK,0,normal
339,3167214,3478,3491,0.02340,0.03900,-0.79950,0.80079,973.87,1000,26.13,50.25,202,2.2657,0.1778,LOCK,0,normal
340,3167223,3487,3500,-0.00780,0.11310,-0.79950,0.80750,973.88,1000,26.12,50.25,202,2.2472,-0.1033,LOCK,0,normal
341,3167231,3495,3508,-0.00780,0.11310,-0.79950,0.80750,973.89,1000,26.11,50.25,202,2.2432,-0.1631,LOCK,0,normal
342,3167240,3504,3517,-0.33930,0.23400,-0.88140,0.97301,973.90,1000,26.10,50.25,202,2.2544,0.0054,LOCK,0,normal
343,3167248,3512,3525,0.03900,0.11700,-0.78780,0.79739,973.91,1000,26.09,50.25,202,2.2615,0.1137,LOCK,0,normal
344,3167260,3524,3537,0.15990,0.04290,-0.79950,0.81646,973.91,1000,26.09,50.25,202,2.2733,0.2929,LOCK,0,normal
345,3167269,3533,3546,0.01560,-0.06240,-0.63570,0.63895,973.93,1000,26.07,50.25,202,2.2624,0.1272,LOCK,0,normal
346,3167277,3541,3554,0.06240,0.06630,-0.77610,0.78142,973.94,1000,26.06,50.25,202,2.2628,0.1333,LOCK,0,normal
347,3167286,3550,3563,-0.03510,0.07020,-0.84630,0.84993,973.96,1000,26.04,50.25,202,2.2406,-0.2031,LOCK,0,normal
348,3167294,3558,3571,-0.40170,0.19500,-0.83460,0.94654,973.97,1000,26.03,50.25,202,2.2461,-0.1198,LOCK,0,normal
349,3167303,3567,3580,-0.40170,0.19500,-0.83460,0.94654,973.98,1000,26.02,50.25,202,2.2411,-0.1955,LOCK,0,normal
350,3167311,3575,3588,0.06630,0.09360,-0.92040,0.92752,973.99,1000,26.01,50.25,202,2.2472,-0.1024,LOCK,0,normal
351,3167361,3625,3638,-0.33930,0.19110,-0.83460,0.92098,974.00,1000,26.00,50.25,202,2.2690,0.2279,LOCK,0,normal
352,3167370,3634,3647,0.01170,0.10530,-0.74880,0.75626,974.01,1000,25.99,50.25,202,2.2615,0.1134,LOCK,0,normal
353,3167378,3642,3655,0.08970,0.00000,-0.79950,0.80452,974.02,1000,25.98,50.25,202,2.2646,0.1604,LOCK,0,normal
354,3167387,3651,3664,0.00780,0.01170,-0.72930,0.72944,974.03,1000,25.97,50.25,202,2.2607,0.1009,LOCK,0,normal
355,3167400,3664,3677,0.07410,0.00000,-0.83460,0.83788,974.05,1000,25.95,50.25,202,2.2676,0.2062,LOCK,0,normal
356,3167409,3673,3686,-0.00780,0.00390,-0.79170,0.79175,974.06,1000,25.94,50.25,202,2.2636,0.1458,LOCK,0,normal
357,3167417,3681,3694,-0.00780,0.00390,-0.79170,0.79175,974.08,1000,25.92,50.25,202,2.2578,0.0576,LOCK,0,normal
358,3167426,3690,3703,-0.41730,0.15990,-0.82290,0.93641,974.09,1000,25.91,50.25,202,2.2467,-0.1109,LOCK,0,normal
359,3167434,3698,3711,0.03510,0.13650,-0.89310,0.90415,974.10,1000,25.90,50.25,202,2.2429,-0.1680,LOCK,0,normal
360,3167442,3706,3719,0.15210,0.03510,-0.72930,0.74582,974.11,1000,25.89,50.25,202,2.2500,-0.0612,LOCK,0,normal
361,3167451,3715,3728,-0.07410,-0.04680,-0.67470,0.68037,974.12,1000,25.88,50.25,202,2.2370,-0.2571,LOCK,0,normal
362,3167466,3730,3743,0.04290,0.16380,-0.80730,0.82487,974.13,1000,25.87,50.25,202,2.2666,0.1907,LOCK,0,normal
363,3167474,3738,3751,-0.03510,0.17160,-0.72540,0.74625,974.14,1000,25.86,50.25,202,2.2644,0.1571,LOCK,0,normal
364,3167483,3747,3760,-0.37050,0.20280,-0.83460,0.93539,974.14,1000,25.86,50.25,202,2.2401,-0.2113,LOCK,0,normal
365,3167491,3755,3768,-0.01560,0.12870,-0.76440,0.77532,974.15,1000,25.85,50.25,202,2.2481,-0.0895,LOCK,0,normal
366,3167499,3763,3776,-0.01560,0.12870,-0.76440,0.77532,974.15,1000,25.85,50.25,202,2.2519,-0.0325,LOCK,0,normal
367,3167508,3772,3785,0.12480,-0.03120,-0.82680,0.83675,974.16,1000,25.84,50.25,202,2.2605,0.0991,LOCK,0,normal
368,3167516,3780,3793,0.02730,0.01560,-0.68250,0.68322,974.17,1000,25.83,50.25,202,2.2624,0.1266,LOCK,0,normal
369,3167525,3789,3802,0.07020,0.03510,-0.82290,0.82663,974.17,1000,25.83,50.25,202,2.2473,-0.1008,LOCK,0,normal
370,3167533,3797,3810,-0.01950,0.01560,-0.79950,0.79989,974.17,1000,25.83,50.25,202,2.2406,-0.2028,LOCK,0,normal
371,3167542,3806,3819,-0.42510,0.19890,-0.83850,0.96091,974.18,1000,25.82,50.25,202,2.2400,-0.2126,LOCK,0,normal
372,3167550,3814,3827,-0.42510,0.19890,-0.83850,0.96091,974.18,1000,25.82,50.25,202,2.2423,-0.1772,LOCK,0,normal
373,3167567,3831,3844,0.16770,0.04680,-0.69030,0.71192,974.18,1000,25.82,50.25,202,2.2457,-0.1253,LOCK,0,normal
374,3167575,3839,3852,-0.07410,-0.02340,-0.66300,0.66754,974.19,1000,25.81,50.25,202,2.2579,0.0597,LOCK,0,normal
375,3167584,3848,3861,0.02730,0.09750,-0.76830,0.77494,974.20,1000,25.80,50.25,202,2.2428,-0.1695,LOCK,0,normal
376,3167592,3856,3869,-0.05070,0.20670,-0.70200,0.73355,974.21,1000,25.79,50.25,202,2.2521,-0.0282,LOCK,0,normal
377,3167623,3887,3900,0.03120,0.12480,-0.78780,0.79823,974.22,1000,25.78,50.25,202,2.2687,0.2230,LOCK,0,normal
378,3167631,3895,3908,0.12870,-0.00780,-0.78000,0.79058,974.22,1000,25.78,50.25,202,2.2493,-0.0706,LOCK,0,normal
379,3167639,3903,3916,-0.02730,-0.04290,-0.63180,0.63384,974.22,1000,25.78,50.25,202,2.2503,-0.0566,LOCK,0,normal
380,3167648,3912,3925,0.05850,0.04680,-0.81510,0.81854,974.21,1000,25.79,50.25,202,2.2475,-0.0981,LOCK,0,normal
381,3167656,3920,3933,-0.00390,-0.02340,-0.84240,0.84273,974.21,1000,25.79,50.25,202,2.2508,-0.0490,LOCK,0,normal
382,3167669,3933,3946,-0.40560,0.12870,-0.81510,0.91949,974.20,1000,25.80,50.25,202,2.2765,0.3415,LOCK,0,normal
383,3167677,3941,3954,0.04290,0.14040,-0.93210,0.94359,974.20,1000,25.80,50.25,202,2.2672,0.1995,LOCK,0,normal
384,3167686,3950,3963,0.17550,0.03120,-0.68640,0.70917,974.19,1000,25.81,50.25,202,2.2632,0.1391,LOCK,0,normal
385,3167694,3958,3971,0.17550,0.03120,-0.68640,0.70917,974.19,1000,25.81,50.25,202,2.2606,0.1003,LOCK,0,normal
386,3167703,3967,3980,-0.07020,0.00000,-0.67470,0.67834,974.20,1000,25.80,50.25,202,2.2660,0.1821,LOCK,0,normal
387,3167711,3975,3988,-0.01170,0.21840,-0.67470,0.70926,974.22,1000,25.78,50.25,202,2.2679,0.2102,LOCK,0,normal
388,3167720,3984,3997,-0.09750,0.19110,-0.75660,0.78643,974.23,1000,25.77,50.25,202,2.2656,0.1754,LOCK,0,normal
389,3167728,3992,4005,-0.33930,0.20280,-0.91650,0.99811,974.24,1000,25.76,50.25,202,2.2660,0.1824,LOCK,0,normal
390,3167737,4001,4014,0.01560,0.10530,-0.76440,0.77178,974.25,1000,25.75,50.25,202,2.2432,-0.1637,LOCK,0,normal
391,3167745,4009,4022,0.01560,0.10530,-0.76440,0.77178,974.26,1000,25.74,50.25,202,2.2452,-0.1335,LOCK,0,normal
392,3167754,4018,4031,0.12480,0.06240,-0.78390,0.79622,974.26,1000,25.74,50.25,202,2.2501,-0.0590,LOCK,0,normal
393,3167765,4029,4042,-0.09360,-0.10530,-0.55380,0.57144,974.27,1000,25.73,50.25,202,2.2671,0.1980,LOCK,0,normal
394,3167773,4037,4050,0.02730,0.02340,-0.83460,0.83537,974.28,1000,25.72,50.25,202,2.2690,0.2279,LOCK,0,normal
395,3167782,4046,4059,0.02340,0.06240,-0.89700,0.89947,974.29,1000,25.71,50.25,202,2.2664,0.1876,LOCK,0,normal
396,3167790,4054,4067,-0.38220,0.10140,-0.84630,0.93412,974.29,1000,25.71,50.25,202,2.2678,0.2090,LOCK,0,normal
397,3167799,4063,4076,0.04290,0.14430,-0.86580,0.87879,974.30,1000,25.70,50.25,202,2.2516,-0.0364,LOCK,0,normal
398,3167807,4071,4084,0.04290,0.14430,-0.86580,0.87879,974.30,1000,25.70,50.25,202,2.2490,-0.0755,LOCK,0,normal
399,3167817,4081,4094,0.13650,-0.01560,-0.65130,0.66563,974.31,1000,25.69,50.25,202,2.2570,0.0457,LOCK,0,normal
400,3167830,4094,4107,0.01170,0.27300,-0.76050,0.80810,974.31,1000,25.69,50.25,202,2.2705,0.2502,LOCK,0,normal
401,3167839,4103,4116,-0.03900,0.09750,-0.69420,0.70210,974.32,1000,25.68,50.25,202,2.2434,-0.1607,LOCK,0,normal
402,3167847,4111,4124,-0.03900,0.09750,-0.69420,0.70210,974.32,1000,25.68,50.25,202,2.2510,-0.0459,LOCK,0,normal
403,3167856,4120,4133,-0.38610,0.18720,-0.84240,0.94539,974.33,1000,25.67,50.25,202,2.2695,0.2355,LOCK,0,normal
404,3167864,4128,4141,0.01560,0.13260,-0.81510,0.82596,974.33,1000,25.67,50.25,202,2.2663,0.1858,LOCK,0,normal
405,3167874,4138,4151,0.12870,0.08970,-0.83850,0.85305,974.34,1000,25.66,50.25,202,2.2675,0.2047,LOCK,0,normal
406,3167883,4147,4160,-0.06630,-0.08580,-0.59280,0.60264,974.34,1000,25.66,50.25,202,2.2632,0.1400,LOCK,0,normal
407,3167891,4155,4168,0.03900,0.03900,-0.80340,0.80529,974.34,1000,25.66,50.25,202,2.2643,0.1562,LOCK,0,normal
408,3167900,4164,4177,0.03900,0.03900,-0.80340,0.80529,974.34,1000,25.66,50.25,202,2.2431,-0.1649,LOCK,0,normal
409,3167908,4172,4185,0.07410,0.04680,-0.85800,0.86246,974.35,1000,25.65,50.25,202,2.2377,-0.2474,LOCK,0,normal
410,3167916,4180,4193,-0.42510,0.13650,-0.90090,1.00547,974.35,1000,25.65,50.25,202,2.2483,-0.0859,LOCK,0,normal
411,3167925,4189,4202,0.04680,0.10920,-0.89310,0.90097,974.35,1000,25.65,50.25,202,2.2281,-0.3917,LOCK,0,normal
412,3167975,4239,4252,-0.39390,0.18720,-0.82290,0.93132,974.36,1000,25.64,50.25,202,2.2700,0.2429,LOCK,0,normal
413,3167983,4247,4260,-0.00780,0.09750,-0.77610,0.78224,974.36,1000,25.64,50.25,202,2.2715,0.2655,LOCK,0,normal
414,3167992,4256,4269,-0.00780,0.09750,-0.77610,0.78224,974.37,1000,25.63,50.25,202,2.2652,0.1693,LOCK,0,normal
415,3168000,4264,4277,0.11700,0.06630,-0.81510,0.82612,974.37,1000,25.63,50.25,202,2.2677,0.2075,LOCK,0,normal
416,3168009,4273,4286,-0.08970,-0.05070,-0.62010,0.62860,974.37,1000,25.63,50.25,202,2.2638,0.1479,LOCK,0,normal
417,3168017,4281,4294,0.05460,0.09360,-0.79560,0.80295,974.37,1000,25.63,50.25,202,2.2635,0.1437,LOCK,0,normal
418,3168031,4295,4308,0.03120,-0.02730,-0.83460,0.83563,974.37,1000,25.63,50.25,202,2.2599,0.0896,LOCK,0,normal
419,3168039,4303,4316,-0.46800,0.10140,-0.88140,1.00308,974.37,1000,25.63,50.25,202,2.2411,-0.1961,LOCK,0,normal
420,3168048,4312,4325,0.04290,0.10530,-0.85410,0.86164,974.36,1000,25.64,50.25,202,2.2440,-0.1512,LOCK,0,normal
421,3168056,4320,4333,0.12480,-0.01950,-0.62790,0.64048,974.36,1000,25.64,50.25,202,2.2524,-0.0242,LOCK,0,normal
422,3168064,4328,4341,-0.09360,0.01170,-0.74100,0.74698,974.36,1000,25.64,50.25,202,2.2364,-0.2669,LOCK,0,normal
423,3168081,4345,4358,-0.01950,0.26910,-0.72150,0.77030,974.35,1000,25.65,50.25,202,2.2715,0.2658,LOCK,0,normal
424,3168090,4354,4367,-0.03120,0.12090,-0.71370,0.72454,974.34,1000,25.66,50.25,202,2.2416,-0.1878,LOCK,0,normal
425,3168098,4362,4375,-0.37830,0.21060,-0.82680,0.93331,974.33,1000,25.67,50.25,202,2.2672,0.2007,LOCK,0,normal
426,3168107,4371,4384,-0.00780,0.08190,-0.78780,0.79208,974.32,1000,25.68,50.25,202,2.2551,0.0170,LOCK,0,normal
427,3168115,4379,4392,-0.00780,0.08190,-0.78780,0.79208,974.32,1000,25.68,50.25,202,2.2451,-0.1353,LOCK,0,normal
428,3168127,4391,4404,-0.07020,0.03510,-0.61620,0.62118,974.31,1000,25.69,50.25,202,2.2740,0.3036,LOCK,0,normal
429,3168136,4400,4413,0.03120,0.01560,-0.78780,0.78857,974.31,1000,25.69,50.25,202,2.2623,0.1263,LOCK,0,normal
430,3168144,4408,4421,0.03120,0.01560,-0.78780,0.78857,974.31,1000,25.69,50.25,202,2.2466,-0.1115,LOCK,0,normal
431,3168153,4417,4430,0.02340,-0.07800,-0.81120,0.81528,974.31,1000,25.69,50.25,202,2.2464,-0.1152,LOCK,0,normal
432,3168161,4425,4438,-0.44070,0.12870,-0.91650,1.02506,974.31,1000,25.69,50.25,202,2.2546,0.0094,LOCK,0,normal
433,3168170,4434,4447,0.04290,0.12480,-0.84630,0.85653,974.31,1000,25.69,50.25,202,2.2482,-0.0883,LOCK,0,normal
434,3168181,4445,4458,0.13650,-0.02340,-0.67080,0.68495,974.31,1000,25.69,50.25,202,2.2711,0.2584,LOCK,0,normal
435,3168190,4454,4467,-0.07410,0.01560,-0.66690,0.67119,974.31,1000,25.69,50.25,202,2.2512,-0.0422,LOCK,0,normal
436,3168198,4462,4475,-0.01560,0.23010,-0.69810,0.73521,974.32,1000,25.68,50.25,202,2.2525,-0.0227,LOCK,0,normal
437,3168207,4471,4484,-0.01560,0.23010,-0.69810,0.73521,974.32,1000,25.68,50.25,202,2.2422,-0.1793,LOCK,0,normal
438,3168236,4500,4513,0.02730,0.14430,-0.79560,0.80904,974.33,1000,25.67,50.25,202,2.2722,0.2761,LOCK,0,normal
439,3168245,4509,4522,0.12090,0.08190,-0.75660,0.77056,974.33,1000,25.67,50.25,202,2.2545,0.0072,LOCK,0,normal
440,3168253,4517,4530,-0.11310,0.10920,-0.59280,0.61329,974.33,1000,25.67,50.25,202,2.2206,-0.5056,LOCK,0,normal
441,3168262,4526,4539,0.00780,0.09360,-0.79950,0.80500,974.33,1000,25.67,50.25,202,2.2593,0.0805,LOCK,0,normal
442,3168270,4534,4547,0.03120,0.09360,-0.85020,0.85591,974.33,1000,25.67,50.25,202,2.2488,-0.0789,LOCK,0,normal
443,3168284,4548,4561,-0.45240,0.08190,-0.87360,0.98719,974.32,1000,25.68,50.25,202,2.2725,0.2801,LOCK,0,normal
444,3168292,4556,4569,0.02340,0.11310,-0.81900,0.82710,974.32,1000,25.68,50.25,202,2.2752,0.3216,LOCK,0,normal
445,3168301,4565,4578,0.12090,-0.00780,-0.69030,0.70085,974.32,1000,25.68,50.25,202,2.2643,0.1565,LOCK,0,normal
446,3168309,4573,4586,0.12090,-0.00780,-0.69030,0.70085,974.32,1000,25.68,50.25,202,2.2701,0.2435,LOCK,0,normal
447,3168318,4582,4595,-0.07410,0.07800,-0.72540,0.73333,974.32,1000,25.68,50.25,202,2.2713,0.2618,LOCK,0,normal
448,3168326,4590,4603,0.00000,0.21450,-0.67080,0.70426,974.31,1000,25.69,50.25,202,2.2689,0.2255,LOCK,0,normal
449,3168335,4599,4612,-0.09750,0.14430,-0.69030,0.71193,974.31,1000,25.69,50.25,202,2.2760,0.3335,LOCK,0,normal
450,3168343,4607,4620,-0.39390,0.21060,-0.87360,0.98117,974.31,1000,25.69,50.25,202,2.2506,-0.0520,LOCK,0,normal
451,3168351,4615,4628,0.00000,0.11310,-0.79950,0.80746,974.30,1000,25.70,50.25,202,2.2342,-0.3002,LOCK,0,normal
452,3168360,4624,4637,0.00000,0.11310,-0.79950,0.80746,974.30,1000,25.70,50.25,202,2.2419,-0.1836,LOCK,0,normal
453,3168368,4632,4645,0.16380,0.09360,-0.78000,0.80249,974.30,1000,25.70,50.25,202,2.2551,0.0170,LOCK,0,normal
454,3168386,4650,4663,0.00000,0.06240,-0.72540,0.72808,974.31,1000,25.69,50.25,202,2.2645,0.1595,LOCK,0,normal
455,3168395,4659,4672,0.00390,-0.01560,-0.85020,0.85035,974.32,1000,25.68,50.25,202,2.2624,0.1269,LOCK,0,normal
456,3168403,4667,4680,-0.45630,0.09360,-0.92040,1.03156,974.33,1000,25.67,50.25,202,2.2601,0.0924,LOCK,0,normal
457,3168412,4676,4689,-0.45630,0.09360,-0.92040,1.03156,974.34,1000,25.66,50.25,202,2.2438,-0.1543,LOCK,0,normal
458,3168420,4684,4697,0.04290,0.14040,-0.84630,0.85894,974.35,1000,25.65,50.25,202,2.2367,-0.2623,LOCK,0,normal
459,3168429,4693,4706,0.12480,0.01170,-0.65520,0.66708,974.36,1000,25.64,50.25,202,2.2668,0.1937,LOCK,0,normal
460,3168442,4706,4719,-0.06240,0.08970,-0.75270,0.76059,974.34,1000,25.66,50.25,202,2.2681,0.2136,LOCK,0,normal
461,3168450,4714,4727,-0.00390,0.23010,-0.69420,0.73135,974.33,1000,25.67,50.25,202,2.2448,-0.1396,LOCK,0,normal
462,3168459,4723,4736,-0.04680,0.08190,-0.73320,0.73924,974.32,1000,25.68,50.25,202,2.2589,0.0738,LOCK,0,normal
463,3168467,4731,4744,-0.39390,0.19110,-0.81900,0.92868,974.31,1000,25.69,50.25,202,2.2435,-0.1588,LOCK,0,normal
464,3168476,4740,4753,0.05070,0.14040,-0.82680,0.84017,974.30,1000,25.70,50.25,202,2.2622,0.1238,LOCK,0,normal
465,3168490,4754,4767,0.14430,0.09750,-0.79170,0.81063,974.29,1000,25.71,50.25,202,2.2656,0.1763,LOCK,0,normal
466,3168498,4762,4775,-0.09360,0.10530,-0.59280,0.60931,974.28,1000,25.72,50.25,202,2.2614,0.1125,LOCK,0,normal
467,3168507,4771,4784,-0.03900,0.09360,-0.72150,0.72859,974.27,1000,25.73,50.25,202,2.2632,0.1400,LOCK,0,normal
468,3168515,4779,4792,-0.03900,0.09360,-0.72150,0.72859,974.27,1000,25.73,50.25,202,2.2491,-0.0737,LOCK,0,normal
469,3168524,4788,4801,0.00000,0.05460,-0.85410,0.85584,974.26,1000,25.74,50.25,202,2.2473,-0.1018,LOCK,0,normal
470,3168532,4796,4809,-0.36660,0.20280,-0.92430,1.01482,974.25,1000,25.75,50.25,202,2.2590,0.0759,LOCK,0,normal
471,3168541,4805,4818,0.03900,0.08970,-0.80730,0.81320,974.25,1000,25.75,50.25,202,2.2544,0.0063,LOCK,0,normal
472,3168592,4856,4869,-0.39390,0.17550,-0.79950,0.90838,974.24,1000,25.76,50.25,202,2.2723,0.2780,LOCK,0,normal
473,3168600,4864,4877,0.04290,0.16380,-0.83070,0.84778,974.24,1000,25.76,50.25,202,2.2746,0.3125,LOCK,0,normal
474,3168609,4873,4886,0.14040,0.15600,-0.79950,0.82659,974.23,1000,25.77,50.25,202,2.2693,0.2322,LOCK,0,normal
475,3168617,4881,4894,0.14040,0.15600,-0.79950,0.82659,974.23,1000,25.77,50.25,202,2.2745,0.3109,LOCK,0,normal
476,3168626,4890,4903,-0.09750,0.26130,-0.64350,0.70134,974.22,1000,25.78,50.25,202,2.2609,0.1049,LOCK,0,normal
477,3168634,4898,4911,-0.03510,0.14040,-0.74100,0.75500,974.22,1000,25.78,50.25,202,2.2677,0.2078,LOCK,0,normal
478,3168647,4911,4924,0.03120,0.14040,-0.78000,0.79315,974.22,1000,25.78,50.25,202,2.2704,0.2481,LOCK,0,normal
479,3168656,4920,4933,-0.42510,0.15210,-0.88530,0.99378,974.22,1000,25.78,50.25,202,2.2389,-0.2284,LOCK,0,normal
480,3168664,4928,4941,0.09360,0.20280,-0.85410,0.88282,974.22,1000,25.78,50.25,202,2.2426,-0.1723,LOCK,0,normal
481,3168673,4937,4950,0.18720,0.07410,-0.75660,0.78293,974.22,1000,25.78,50.25,202,2.2560,0.0307,LOCK,0,normal
482,3168681,4945,4958,0.08190,0.10530,-0.74490,0.75675,974.22,1000,25.78,50.25,202,2.2602,0.0945,LOCK,0,normal
483,3168695,4959,4972,0.06240,0.18720,-0.66300,0.69174,974.21,1000,25.79,50.25,202,2.2675,0.2038,LOCK,0,normal
484,3168703,4967,4980,-0.05460,0.12870,-0.71760,0.73109,974.21,1000,25.79,50.25,202,2.2636,0.1449,LOCK,0,normal
485,3168712,4976,4989,-0.40170,0.19890,-0.83070,0.94392,974.21,1000,25.79,50.25,202,2.2511,-0.0438,LOCK,0,normal
486,3168720,4984,4997,-0.40170,0.19890,-0.83070,0.94392,974.21,1000,25.79,50.25,202,2.2517,-0.0355,LOCK,0,normal
487,3168729,4993,5006,0.10140,0.19500,-0.87750,0.90461,974.21,1000,25.79,50.25,202,2.2488,-0.0789,LOCK,0,normal
488,3168738,5002,5015,0.15990,0.14820,-0.75270,0.78364,974.21,1000,25.79,50.25,202,2.2654,0.1733,LOCK,0,normal
489,3168746,5010,5023,-0.05850,0.15990,-0.60060,0.62427,974.21,1000,25.79,50.25,202,2.2693,0.2313,LOCK,0,normal
490,3168755,5019,5032,-0.02340,0.11700,-0.71370,0.72361,974.21,1000,25.79,50.25,202,2.2479,-0.0920,LOCK,0,normal
491,3168763,5027,5040,-0.00390,0.18720,-0.71370,0.73785,974.21,1000,25.79,50.25,202,2.2503,-0.0554,LOCK,0,normal
492,3168772,5036,5049,-0.00390,0.18720,-0.71370,0.73785,974.21,1000,25.79,50.25,202,2.2624,0.1272,LOCK,0,normal
493,3168780,5044,5057,-0.39390,0.29640,-0.91650,1.04066,974.21,1000,25.79,50.25,202,2.2539,-0.0013,LOCK,0,normal
494,3168795,5059,5072,0.19890,0.13260,-0.77220,0.80835,974.21,1000,25.79,50.25,202,2.2742,0.3058,LOCK,0,normal
495,3168804,5068,5081,0.10140,0.07410,-0.74100,0.75157,974.22,1000,25.78,50.25,202,2.2515,-0.0380,LOCK,0,normal
496,3168812,5076,5089,0.10140,0.07410,-0.74100,0.75157,974.22,1000,25.78,50.25,202,2.2518,-0.0331,LOCK,0,normal
497,3168821,5085,5098,0.06630,0.05460,-0.60840,0.61443,974.22,1000,25.78,50.25,202,2.2576,0.0548,LOCK,0,normal
498,3168849,5113,5126,0.07800,0.12090,-0.86580,0.87767,974.22,1000,25.78,50.25,202,2.2689,0.2261,LOCK,0,normal
499,3168858,5122,5135,0.16770,0.12480,-0.75660,0.78495,974.22,1000,25.78,50.25,202,2.2413,-0.1927,LOCK,0,normal
500,3168866,5130,5143,-0.05850,0.07410,-0.59670,0.60412,974.22,1000,25.78,50.25,202,2.2546,0.0090,LOCK,0,normal
501,3168874,5138,5151,-0.05850,0.07410,-0.59670,0.60412,974.23,1000,25.77,50.25,202,2.2576,0.0539,LOCK,0,normal
502,3168883,5147,5160,0.00000,0.15990,-0.68640,0.70478,974.23,1000,25.77,50.25,202,2.2490,-0.0758,LOCK,0,normal
503,3168898,5162,5175,-0.42900,0.24570,-0.99450,1.11060,974.23,1000,25.77,50.25,202,2.2671,0.1992,LOCK,0,normal
504,3168906,5170,5183,0.10530,0.19110,-0.81510,0.84380,974.23,1000,25.77,50.25,202,2.2657,0.1775,LOCK,0,normal
505,3168915,5179,5192,0.10530,0.19110,-0.81510,0.84380,974.24,1000,25.76,50.25,202,2.2681,0.2130,LOCK,0,normal
506,3168923,5187,5200,0.19890,0.14430,-0.79560,0.83268,974.24,1000,25.76,50.25,202,2.2679,0.2099,LOCK,0,normal
507,3168932,5196,5209,0.11310,0.02340,-0.72540,0.73454,974.23,1000,25.77,50.25,202,2.2699,0.2410,LOCK,0,normal
508,3168941,5205,5218,0.00000,-0.02730,-0.61620,0.61680,974.22,1000,25.78,50.25,202,2.2673,0.2014,LOCK,0,normal
509,3168949,5213,5226,-0.05460,0.19110,-0.82290,0.84656,974.22,1000,25.78,50.25,202,2.2649,0.1650,LOCK,0,normal
510,3168958,5222,5235,-0.40950,0.17160,-0.83850,0.94880,974.21,1000,25.79,50.25,202,2.2424,-0.1756,LOCK,0,normal
511,3168966,5230,5243,-0.40950,0.17160,-0.83850,0.94880,974.21,1000,25.79,50.25,202,2.2532,-0.0123,LOCK,0,normal
512,3168975,5239,5252,0.07410,0.08190,-0.82290,0.83028,974.20,1000,25.80,50.25,202,2.2387,-0.2312,LOCK,0,normal
513,3168983,5247,5260,0.14820,0.04680,-0.68640,0.70377,974.20,1000,25.80,50.25,202,2.2486,-0.0813,LOCK,0,normal
514,3169000,5264,5277,0.02340,0.18720,-0.74880,0.77220,974.20,1000,25.80,50.25,202,2.2711,0.2590,LOCK,0,normal
515,3169008,5272,5285,-0.03900,0.14820,-0.70590,0.72234,974.20,1000,25.80,50.25,202,2.2665,0.1891,LOCK,0,normal
516,3169017,5281,5294,-0.03900,0.14820,-0.70590,0.72234,974.20,1000,25.80,50.25,202,2.2475,-0.0984,LOCK,0,normal
517,3169025,5289,5302,-0.40950,0.24570,-0.90870,1.02654,974.20,1000,25.80,50.25,202,2.2560,0.0298,LOCK,0,normal
518,3169034,5298,5311,0.08190,0.13260,-0.78000,0.79542,974.20,1000,25.80,50.25,202,2.2530,-0.0145,LOCK,0,normal
519,3169042,5306,5319,0.17160,0.15600,-0.80730,0.83995,974.20,1000,25.80,50.25,202,2.2586,0.0695,LOCK,0,normal
520,3169055,5319,5332,0.08190,0.05460,-0.76830,0.77458,974.20,1000,25.80,50.25,202,2.2670,0.1977,LOCK,0,normal
521,3169064,5328,5341,0.05070,0.11700,-0.65130,0.66366,974.20,1000,25.80,50.25,202,2.2512,-0.0422,LOCK,0,normal
522,3169072,5336,5349,-0.02340,0.15990,-0.79170,0.80803,974.21,1000,25.79,50.25,202,2.2452,-0.1335,LOCK,0,normal
523,3169081,5345,5358,-0.47970,0.16380,-0.78000,0.93024,974.21,1000,25.79,50.25,202,2.2505,-0.0535,LOCK,0,normal
524,3169089,5353,5366,-0.47970,0.16380,-0.78000,0.93024,974.21,1000,25.79,50.25,202,2.2468,-0.1091,LOCK,0,normal
525,3169103,5367,5380,0.17160,0.08580,-0.74490,0.76921,974.22,1000,25.78,50.25,202,2.2688,0.2246,LOCK,0,normal
526,3169112,5376,5389,-0.05850,0.08970,-0.65130,0.66005,974.22,1000,25.78,50.25,202,2.2654,0.1724,LOCK,0,normal
527,3169120,5384,5397,-0.05850,0.08970,-0.65130,0.66005,974.22,1000,25.78,50.25,202,2.2608,0.1028,LOCK,0,normal
528,3169129,5393,5406,0.07020,0.15600,-0.76050,0.77950,974.22,1000,25.78,50.25,202,2.2251,-0.4372,LOCK,0,normal
529,3169137,5401,5414,-0.07410,0.14040,-0.69030,0.70832,974.22,1000,25.78,50.25,202,2.2539,-0.0013,LOCK,0,normal
530,3169146,5410,5423,-0.43290,0.23010,-0.90870,1.03251,974.22,1000,25.78,50.25,202,2.2483,-0.0865,LOCK,0,normal
531,3169154,5418,5431,0.10140,0.14820,-0.82680,0.84608,974.22,1000,25.78,50.25,202,2.2499,-0.0627,LOCK,0,normal
532,3169205,5469,5482,-0.44070,0.16770,-0.86190,0.98245,974.23,1000,25.77,50.25,202,2.2673,0.2017,LOCK,0,normal
533,3169214,5478,5491,0.08970,0.04680,-0.83850,0.84458,974.24,1000,25.76,50.25,202,2.2624,0.1278,LOCK,0,normal
534,3169222,5486,5499,0.08970,0.04680,-0.83850,0.84458,974.25,1000,25.75,50.25,202,2.2639,0.1507,LOCK,0,normal
535,3169231,5495,5508,0.16380,0.02730,-0.68250,0.70241,974.26,1000,25.74,50.25,202,2.2603,0.0960,LOCK,0,normal
536,3169239,5503,5516,-0.08580,0.08580,-0.59280,0.60509,974.26,1000,25.74,50.25,202,2.2658,0.1785,LOCK,0,normal
537,3169248,5512,5525,0.04290,0.15210,-0.78000,0.79585,974.26,1000,25.74,50.25,202,2.2652,0.1696,LOCK,0,normal
538,3169261,5525,5538,-0.09360,0.12090,-0.72930,0.74516,974.27,1000,25.73,50.25,202,2.2664,0.1873,LOCK,0,normal
539,3169270,5534,5547,-0.39390,0.18720,-0.95550,1.05032,974.27,1000,25.73,50.25,202,2.2502,-0.0581,LOCK,0,normal
540,3169278,5542,5555,0.07410,0.11700,-0.76830,0.78068,974.27,1000,25.73,50.25,202,2.2388,-0.2300,LOCK,0,normal
541,3169286,5550,5563,0.20280,0.14040,-0.79560,0.83296,974.27,1000,25.73,50.25,202,2.2570,0.0460,LOCK,0,normal
542,3169295,5559,5572,0.20280,0.14040,-0.79560,0.83296,974.27,1000,25.73,50.25,202,2.2489,-0.0779,LOCK,0,normal
543,3169308,5572,5585,0.07020,0.28080,-0.67470,0.73416,974.27,1000,25.73,50.25,202,2.2654,0.1727,LOCK,0,normal
544,3169316,5580,5593,-0.02730,0.21060,-0.74880,0.77833,974.27,1000,25.73,50.25,202,2.2453,-0.1314,LOCK,0,normal
545,3169325,5589,5602,-0.02730,0.21060,-0.74880,0.77833,974.27,1000,25.73,50.25,202,2.2401,-0.2101,LOCK,0,normal
546,3169333,5597,5610,-0.45630,0.13650,-0.84240,0.96772,974.27,1000,25.73,50.25,202,2.2396,-0.2187,LOCK,0,normal
547,3169342,5606,5619,0.03900,0.05850,-0.86580,0.86865,974.27,1000,25.73,50.25,202,2.2461,-0.1192,LOCK,0,normal
548,3169357,5621,5634,-0.08190,0.01560,-0.61620,0.62181,974.27,1000,25.73,50.25,202,2.2717,0.2685,LOCK,0,normal
549,3169366,5630,5643,-0.08190,0.01560,-0.61620,0.62181,974.26,1000,25.74,50.25,202,2.2673,0.2017,LOCK,0,normal
550,3169374,5638,5651,0.04290,0.09750,-0.76440,0.77179,974.26,1000,25.74,50.25,202,2.2535,-0.0074,LOCK,0,normal
551,3169382,5646,5659,-0.08190,0.11700,-0.77610,0.78913,974.25,1000,25.75,50.25,202,2.2452,-0.1332,LOCK,0,normal
552,3169391,5655,5668,-0.39390,0.23790,-0.95550,1.06053,974.25,1000,25.75,50.25,202,2.2457,-0.1262,LOCK,0,normal
553,3169399,5663,5676,0.07020,0.11310,-0.79170,0.80281,974.24,1000,25.76,50.25,202,2.2585,0.0686,LOCK,0,normal
554,3169410,5674,5687,0.22620,0.14430,-0.79560,0.83962,974.24,1000,25.76,50.25,202,2.2702,0.2447,LOCK,0,normal
555,3169418,5682,5695,0.22620,0.14430,-0.79560,0.83962,974.23,1000,25.77,50.25,202,2.2479,-0.0926,LOCK,0,normal
556,3169426,5690,5703,0.02730,-0.00780,-0.71370,0.71426,974.23,1000,25.77,50.25,202,2.2609,0.1040,LOCK,0,normal
557,3169435,5699,5712,0.07800,0.28080,-0.72150,0.77814,974.22,1000,25.78,50.25,202,2.2529,-0.0172,LOCK,0,normal
558,3169463,5727,5740,0.04680,0.07800,-0.92040,0.92488,974.21,1000,25.79,50.25,202,2.2661,0.1830,LOCK,0,normal
559,3169472,5736,5749,0.18720,0.07800,-0.75660,0.78331,974.21,1000,25.79,50.25,202,2.2422,-0.1781,LOCK,0,normal
560,3169480,5744,5757,-0.04290,0.00000,-0.67080,0.67217,974.20,1000,25.80,50.25,202,2.2578,0.0579,LOCK,0,normal
561,3169489,5753,5766,-0.04290,0.00000,-0.67080,0.67217,974.19,1000,25.81,50.25,202,2.2540,-0.0007,LOCK,0,normal
562,3169497,5761,5774,0.04290,0.04680,-0.78390,0.78647,974.18,1000,25.82,50.25,202,2.2479,-0.0929,LOCK,0,normal
563,3169514,5778,5791,-0.37830,0.30420,-1.02960,1.13830,974.18,1000,25.82,50.25,202,2.2656,0.1754,LOCK,0,normal
564,3169523,5787,5800,0.04680,0.07800,-0.83070,0.83567,974.17,1000,25.83,50.25,202,2.2692,0.2307,LOCK,0,normal
565,3169531,5795,5808,0.04680,0.07800,-0.83070,0.83567,974.16,1000,25.84,50.25,202,2.2673,0.2023,LOCK,0,normal
566,3169540,5804,5817,0.24570,0.09360,-0.83070,0.87132,974.16,1000,25.84,50.25,202,2.2747,0.3137,LOCK,0,normal
567,3169548,5812,5825,0.06630,-0.05070,-0.67860,0.68371,974.16,1000,25.84,50.25,202,2.2725,0.2804,LOCK,0,normal
568,3169557,5821,5834,0.07020,0.28080,-0.68640,0.74493,974.16,1000,25.84,50.25,202,2.2667,0.1925,LOCK,0,normal
569,3169565,5829,5842,0.00780,0.07800,-0.78390,0.78781,974.16,1000,25.84,50.25,202,2.2646,0.1604,LOCK,0,normal
570,3169574,5838,5851,-0.44070,0.24180,-0.88530,1.01806,974.16,1000,25.84,50.25,202,2.2369,-0.2587,LOCK,0,normal
571,3169582,5846,5859,-0.44070,0.24180,-0.88530,1.01806,974.16,1000,25.84,50.25,202,2.2534,-0.0096,LOCK,0,normal
572,3169590,5854,5867,0.07020,0.09750,-0.93210,0.93981,974.16,1000,25.84,50.25,202,2.2314,-0.3420,LOCK,0,normal
573,3169599,5863,5876,0.20280,0.06240,-0.68250,0.71472,974.16,1000,25.84,50.25,202,2.2602,0.0939,LOCK,0,normal
574,3169617,5881,5894,0.01170,0.04680,-0.86190,0.86325,974.14,1000,25.86,50.25,202,2.2625,0.1281,LOCK,0,normal
575,3169625,5889,5902,-0.01170,0.05460,-0.71760,0.71977,974.13,1000,25.87,50.25,202,2.2539,-0.0013,LOCK,0,normal
576,3169634,5898,5911,-0.01170,0.05460,-0.71760,0.71977,974.11,1000,25.89,50.25,202,2.2559,0.0283,LOCK,0,normal
577,3169642,5906,5919,-0.35880,0.27300,-0.94380,1.04596,974.10,1000,25.90,50.25,202,2.2581,0.0622,LOCK,0,normal
578,3169651,5915,5928,0.02340,0.09750,-0.79560,0.80189,974.09,1000,25.91,50.25,202,2.2610,0.1061,LOCK,0,normal
579,3169668,5932,5945,0.02340,-0.10530,-0.69030,0.69868,974.08,1000,25.92,50.25,202,2.2703,0.2465,LOCK,0,normal
580,3169677,5941,5954,0.06630,0.20670,-0.75270,0.78338,974.07,1000,25.93,50.25,202,2.2445,-0.1433,LOCK,0,normal
581,3169685,5949,5962,0.06630,0.20670,-0.75270,0.78338,974.06,1000,25.94,50.25,202,2.2450,-0.1362,LOCK,0,normal
582,3169694,5958,5971,-0.01170,0.10920,-0.78780,0.79542,974.06,1000,25.94,50.25,202,2.2733,0.2923,LOCK,0,normal
583,3169702,5966,5979,-0.43680,0.24180,-0.83460,0.97253,974.05,1000,25.95,50.25,202,2.2428,-0.1695,LOCK,0,normal
584,3169718,5982,5995,0.19500,0.03120,-0.72930,0.75556,974.04,1000,25.96,50.25,202,2.2627,0.1318,LOCK,0,normal
585,3169726,5990,6003,0.19500,0.03120,-0.72930,0.75556,974.03,1000,25.97,50.25,202,2.2700,0.2420,LOCK,0,normal
586,3169734,5998,6011,-0.02730,-0.06240,-0.69030,0.69365,974.03,1000,25.97,50.25,202,2.2590,0.0765,LOCK,0,normal
587,3169743,6007,6020,0.01560,0.03120,-0.83070,0.83143,974.02,1000,25.98,50.25,202,2.2626,0.1305,LOCK,0,normal
588,3169751,6015,6028,-0.03510,-0.00780,-0.72930,0.73019,974.02,1000,25.98,50.25,202,2.2514,-0.0398,LOCK,0,normal
589,3169760,6024,6037,-0.36270,0.28860,-0.96720,1.07253,974.02,1000,25.98,50.25,202,2.2359,-0.2736,LOCK,0,normal
590,3169768,6032,6045,0.04290,0.09750,-0.82290,0.82977,974.01,1000,25.99,50.25,202,2.2558,0.0280,LOCK,0,normal
591,3169820,6084,6097,-0.51480,0.15600,-0.82290,0.98312,974.00,1000,26.00,50.25,202,2.2672,0.2004,LOCK,0,normal
592,3169829,6093,6106,-0.51480,0.15600,-0.82290,0.98312,973.98,1000,26.02,50.25,202,2.2635,0.1440,LOCK,0,normal
593,3169837,6101,6114,0.02340,0.18330,-1.01790,1.03454,973.96,1000,26.04,50.25,202,2.2640,0.1510,LOCK,0,normal
594,3169846,6110,6123,0.22230,0.00780,-0.72930,0.76247,973.95,1000,26.05,50.25,202,2.2706,0.2517,LOCK,0,normal
595,3169854,6118,6131,0.01950,-0.09750,-0.64350,0.65114,973.93,1000,26.07,50.25,202,2.2691,0.2294,LOCK,0,normal
596,3169863,6127,6140,-0.02340,0.02730,-0.80730,0.80810,973.91,1000,26.09,50.25,202,2.2679,0.2111,LOCK,0,normal
597,3169876,6140,6153,-0.06630,0.10140,-0.64350,0.65481,973.89,1000,26.11,50.25,202,2.2681,0.2139,LOCK,0,normal
598,3169884,6148,6161,-0.40560,0.24180,-0.90090,1.01715,973.88,1000,26.12,50.25,202,2.2531,-0.0132,LOCK,0,normal
599,3169893,6157,6170,0.01560,0.17160,-0.88530,0.90191,973.86,1000,26.14,50.25,202,2.2532,-0.0126,LOCK,0,normal
600,3169901,6165,6178,0.24180,0.05070,-0.82680,0.86292,973.85,1000,26.15,50.25,202,2.2444,-0.1454,LOCK,0,normal
601,3169910,6174,6187,0.24180,0.05070,-0.82680,0.86292,973.84,1000,26.16,50.25,202,2.2539,-0.0013,LOCK,0,normal
602,3169923,6187,6200,-0.02730,0.12870,-0.75270,0.76411,973.80,1000,26.20,50.25,202,2.2743,0.3079,LOCK,0,normal
603,3169931,6195,6208,-0.02730,0.12870,-0.75270,0.76411,973.76,1000,26.24,50.25,202,2.2665,0.1901,LOCK,0,normal
604,3169940,6204,6217,-0.05460,0.14820,-0.85800,0.87242,973.73,1000,26.27,50.25,202,2.2526,-0.0209,LOCK,0,normal
605,3169948,6212,6225,-0.46410,0.22620,-0.92430,1.05872,973.70,1000,26.30,50.25,202,2.2332,-0.3151,LOCK,0,normal
606,3169957,6221,6234,0.02340,0.14040,-1.00620,1.01622,973.68,1000,26.32,50.25,202,2.2418,-0.1845,LOCK,0,normal
607,3169967,6231,6244,0.23400,0.03900,-0.70590,0.74470,973.66,1000,26.34,50.25,202,2.2645,0.1589,LOCK,0,normal
608,3169975,6239,6252,0.00390,-0.11700,-0.63960,0.65022,973.64,1000,26.36,50.25,202,2.2697,0.2377,LOCK,0,normal
609,3169984,6248,6261,-0.01560,0.00780,-0.86190,0.86208,973.62,1000,26.38,50.25,202,2.2741,0.3051,LOCK,0,normal
610,3169992,6256,6269,-0.01560,0.00780,-0.86190,0.86208,973.61,1000,26.39,50.25,202,2.2512,-0.0419,LOCK,0,normal
611,3170000,6264,6277,-0.06630,0.04290,-0.69810,0.70255,973.60,1000,26.40,50.25,202,2.2418,-0.1854,LOCK,0,normal
612,3170009,6273,6286,-0.40560,0.18720,-0.87750,0.98466,973.59,1000,26.41,50.25,202,2.2382,-0.2394,LOCK,0,normal
613,3170018,6282,6295,-0.03510,0.11700,-0.83460,0.84349,973.58,1000,26.42,50.25,202,2.2471,-0.1039,LOCK,0,normal
614,3170027,6291,6304,0.21060,0.05070,-0.83850,0.86603,973.57,1000,26.43,50.25,202,2.2399,-0.2141,LOCK,0,normal
615,3170035,6299,6312,-0.01170,-0.13260,-0.63960,0.65331,973.56,1000,26.44,50.25,202,2.2431,-0.1649,LOCK,0,normal
616,3170044,6308,6321,-0.01170,-0.13260,-0.63960,0.65331,973.54,1000,26.46,50.25,202,2.2630,0.1366,LOCK,0,normal
617,3170052,6316,6329,-0.03120,0.09750,-0.77610,0.78282,973.53,1000,26.47,50.25,202,2.2690,0.2270,LOCK,0,normal
618,3170080,6344,6357,-0.01170,0.15600,-0.97890,0.99132,973.51,1000,26.49,50.25,202,2.2671,0.1980,LOCK,0,normal
619,3170089,6353,6366,0.26520,0.06630,-0.74100,0.78982,973.50,1000,26.50,50.25,202,2.2538,-0.0035,LOCK,0,normal
620,3170097,6361,6374,0.00390,0.00000,-0.68640,0.68641,973.48,1000,26.52,50.25,202,2.2516,-0.0370,LOCK,0,normal
621,3170105,6369,6382,0.00390,0.00000,-0.68640,0.68641,973.47,1000,26.53,50.25,202,2.2472,-0.1027,LOCK,0,normal
622,3170114,6378,6391,-0.02730,0.16380,-0.76830,0.78604,973.45,1000,26.55,50.25,202,2.2542,0.0023,LOCK,0,normal
623,3170127,6391,6404,-0.36660,0.15210,-0.88920,0.97376,973.43,1000,26.57,50.25,202,2.2684,0.2181,LOCK,0,normal
624,3170136,6400,6413,-0.36660,0.15210,-0.88920,0.97376,973.42,1000,26.58,50.25,202,2.2647,0.1623,LOCK,0,normal
625,3170144,6408,6421,-0.06240,0.05850,-0.86580,0.87001,973.41,1000,26.59,50.25,202,2.2610,0.1064,LOCK,0,normal
626,3170152,6416,6429,0.21450,0.12870,-0.81120,0.84889,973.40,1000,26.60,50.25,202,2.2477,-0.0960,LOCK,0,normal
627,3170161,6425,6438,-0.06240,-0.10530,-0.62790,0.63972,973.36,1000,26.64,50.25,202,2.2535,-0.0077,LOCK,0,normal
628,3170175,6439,6452,-0.03120,0.08190,-0.84240,0.84695,973.33,1000,26.67,50.25,202,2.2724,0.2792,LOCK,0,normal
629,3170183,6447,6460,-0.08970,0.09360,-0.77220,0.78301,973.30,1000,26.70,50.25,202,2.2660,0.1815,LOCK,0,normal
630,3170192,6456,6469,-0.37830,0.18330,-0.90480,0.99768,973.28,1000,26.72,50.25,202,2.2522,-0.0270,LOCK,0,normal
631,3170200,6464,6477,-0.04680,0.10140,-0.95160,0.95813,973.26,1000,26.74,50.25,202,2.2472,-0.1033,LOCK,0,normal
632,3170209,6473,6486,-0.04680,0.10140,-0.95160,0.95813,973.24,1000,26.76,50.25,202,2.2427,-0.1711,LOCK,0,normal
633,3170217,6481,6494,0.24570,0.17160,-0.70590,0.76688,973.22,1000,26.78,50.25,202,2.2520,-0.0303,LOCK,0,normal
634,3170230,6494,6507,-0.06240,0.14040,-0.75660,0.77204,973.19,1000,26.81,50.25,202,2.2663,0.1870,LOCK,0,normal
635,3170239,6503,6516,-0.06240,0.14040,-0.75660,0.77204,973.16,1000,26.84,50.25,202,2.2381,-0.2413,LOCK,0,normal
636,3170247,6511,6524,-0.07020,0.17550,-0.68250,0.70819,973.13,1000,26.87,50.25,202,2.2451,-0.1353,LOCK,0,normal
637,3170256,6520,6533,-0.33150,0.17550,-0.87750,0.95431,973.10,1000,26.90,50.25,202,2.2520,-0.0306,LOCK,0,normal
638,3170264,6528,6541,-0.12090,0.06240,-0.82290,0.83407,973.08,1000,26.92,50.25,202,2.2397,-0.2171,LOCK,0,normal
639,3170282,6546,6559,-0.07020,-0.08190,-0.65910,0.66787,973.06,1000,26.94,50.25,202,2.2707,0.2523,LOCK,0,normal
640,3170290,6554,6567,-0.07020,-0.08190,-0.65910,0.66787,973.04,1000,26.96,50.25,202,2.2577,0.0564,LOCK,0,normal
641,3170299,6563,6576,-0.05850,0.12870,-0.80730,0.81958,973.03,1000,26.97,50.25,202,2.2610,0.1061,LOCK,0,normal
642,3170307,6571,6584,-0.07020,0.04290,-0.77610,0.78045,973.01,1000,26.99,50.25,202,2.2388,-0.2306,LOCK,0,normal
643,3170315,6579,6592,-0.44460,0.10530,-0.88920,0.99972,973.00,1000,27.00,50.25,202,2.2442,-0.1491,LOCK,0,normal
644,3170427,6691,6704,-0.14040,-0.05850,-0.70590,0.72210,972.97,1000,27.03,50.25,202,2.2595,0.0826,LOCK,0,normal
645,3170436,6700,6713,-0.39000,0.08580,-0.92820,1.01045,972.94,1000,27.06,50.25,202,2.2644,0.1580,LOCK,0,normal
646,3170445,6709,6722,-0.39000,0.08580,-0.92820,1.01045,972.91,1000,27.09,50.25,202,2.2683,0.2166,LOCK,0,normal
647,3170453,6717,6730,-0.12480,0.04680,-0.97110,0.98020,972.89,1000,27.11,50.25,202,2.2529,-0.0163,LOCK,0,normal
648,3170461,6725,6738,0.23790,0.17160,-0.77220,0.82604,972.87,1000,27.13,50.25,202,2.2431,-0.1649,LOCK,0,normal
649,3170470,6734,6747,0.03900,0.05070,-0.71760,0.72045,972.84,1000,27.16,50.25,202,2.2470,-0.1054,LOCK,0,normal
650,3170484,6748,6761,-0.13650,0.07020,-0.63960,0.65776,972.81,1000,27.19,50.25,202,2.2612,0.1095,LOCK,0,normal
651,3170492,6756,6769,-0.12480,0.19500,-0.78780,0.82111,972.78,1000,27.22,50.25,202,2.2553,0.0194,LOCK,0,normal
652,3170501,6765,6778,-0.35880,0.14820,-0.93600,1.01331,972.76,1000,27.24,50.25,202,2.2644,0.1583,LOCK,0,normal
653,3170509,6773,6786,-0.19500,0.01950,-0.85410,0.87629,972.74,1000,27.26,50.25,202,2.2526,-0.0215,LOCK,0,normal
654,3170518,6782,6795,0.27300,0.18720,-0.89700,0.95613,972.72,1000,27.28,50.25,202,2.2352,-0.2849,LOCK,0,normal
655,3170538,6802,6815,-0.09750,0.02730,-0.76440,0.77108,972.68,1000,27.32,50.25,202,2.2690,0.2267,LOCK,0,normal
656,3170547,6811,6824,-0.09750,0.02730,-0.76440,0.77108,972.65,1000,27.35,50.25,202,2.2673,0.2014,LOCK,0,normal
657,3170555,6819,6832,-0.16380,0.01950,-0.76440,0.78200,972.62,1000,27.38,50.25,202,2.2580,0.0600,LOCK,0,normal
658,3170564,6828,6841,-0.33930,0.08190,-0.91650,0.98072,972.59,1000,27.41,50.25,202,2.2728,0.2856,LOCK,0,normal
659,3170572,6836,6849,-0.13650,-0.02730,-0.93600,0.94629,972.57,1000,27.43,50.25,202,2.2473,-0.1008,LOCK,0,normal
660,3170582,6846,6859,0.19890,0.13650,-0.76440,0.80156,972.54,1000,27.46,50.25,202,2.2590,0.0756,LOCK,0,normal
661,3170591,6855,6868,0.00780,0.04680,-0.74490,0.74641,972.52,1000,27.48,50.25,202,2.2726,0.2825,LOCK,0,normal
662,3170599,6863,6876,-0.11700,0.15990,-0.70590,0.73318,972.49,1000,27.51,50.25,202,2.2342,-0.2999,LOCK,0,normal
663,3170608,6872,6885,-0.11700,0.15990,-0.70590,0.73318,972.46,1000,27.54,50.25,202,2.2373,-0.2535,LOCK,0,normal
664,3170616,6880,6893,-0.10530,0.13650,-0.74100,0.76079,972.44,1000,27.56,50.25,202,2.2549,0.0142,LOCK,0,normal
665,3170624,6888,6901,-0.25740,0.11700,-0.88920,0.93307,972.42,1000,27.58,50.25,202,2.2511,-0.0438,LOCK,0,normal
666,3170640,6904,6917,-0.21060,-0.00780,-0.85020,0.87593,972.40,1000,27.60,50.25,202,2.2502,-0.0581,LOCK,0,normal
667,3170648,6912,6925,0.23010,0.19500,-0.93210,0.97968,972.38,1000,27.62,50.25,202,2.2525,-0.0230,LOCK,0,normal
668,3170656,6920,6933,0.01170,-0.01170,-0.67080,0.67100,972.35,1000,27.65,50.25,202,2.2659,0.1806,LOCK,0,normal
669,3170665,6929,6942,-0.02730,0.11310,-0.77610,0.78477,972.33,1000,27.67,50.25,202,2.2403,-0.2083,LOCK,0,normal
670,3170695,6959,6972,-0.16380,0.01950,-0.92820,0.94274,972.30,1000,27.70,50.25,202,2.2688,0.2236,LOCK,0,normal
671,3170703,6967,6980,0.20280,0.13260,-0.84630,0.88030,972.28,1000,27.72,50.25,202,2.2383,-0.2379,LOCK,0,normal
672,3170711,6975,6988,0.20280,0.13260,-0.84630,0.88030,972.27,1000,27.73,50.25,202,2.2477,-0.0957,LOCK,0,normal
673,3170720,6984,6997,0.00780,0.07410,-0.74880,0.75250,972.25,1000,27.75,50.25,202,2.2413,-0.1927,LOCK,0,normal
674,3170728,6992,7005,-0.14430,0.06630,-0.61230,0.63256,972.23,1000,27.77,50.25,202,2.2419,-0.1833,LOCK,0,normal
675,3170742,7006,7019,-0.20670,0.08970,-0.65130,0.68918,972.22,1000,27.78,50.25,202,2.2611,0.1079,LOCK,0,normal
676,3170751,7015,7028,-0.21840,0.05850,-0.92820,0.95534,972.20,1000,27.80,50.25,202,2.2675,0.2044,LOCK,0,normal
677,3170759,7023,7036,-0.20280,-0.00780,-0.92430,0.94632,972.19,1000,27.81,50.25,202,2.2480,-0.0902,LOCK,0,normal
678,3170767,7031,7044,0.25350,0.18330,-0.90870,0.96104,972.18,1000,27.82,50.25,202,2.2362,-0.2696,LOCK,0,normal
679,3170776,7040,7053,0.05460,-0.03510,-0.64350,0.64677,972.17,1000,27.83,50.25,202,2.2513,-0.0416,LOCK,0,normal
680,3170786,7050,7063,-0.08970,0.01560,-0.69420,0.70015,972.14,1000,27.86,50.25,202,2.2685,0.2200,LOCK,0,normal
681,3170794,7058,7071,-0.19500,-0.11700,-0.71760,0.75277,972.12,1000,27.88,50.25,202,2.2732,0.2911,LOCK,0,normal
682,3170803,7067,7080,-0.19500,-0.11700,-0.71760,0.75277,972.09,1000,27.91,50.25,202,2.2402,-0.2086,LOCK,0,normal
683,3170811,7075,7088,-0.30030,-0.13650,-0.91260,0.97039,972.07,1000,27.93,50.25,202,2.2445,-0.1439,LOCK,0,normal
684,3170820,7084,7097,-0.15600,-0.03120,-0.96330,0.97635,972.05,1000,27.95,50.25,202,2.2639,0.1507,LOCK,0,normal
685,3170828,7092,7105,0.24180,0.20280,-0.87750,0.93252,972.04,1000,27.96,50.25,202,2.2516,-0.0370,LOCK,0,normal
686,3170844,7108,7121,0.05460,0.05850,-0.69810,0.70267,972.01,1000,27.99,50.25,202,2.2709,0.2563,LOCK,0,normal
687,3170852,7116,7129,-0.19500,0.12090,-0.66690,0.70526,971.99,1000,28.01,50.25,202,2.2642,0.1540,LOCK,0,normal
688,3170861,7125,7138,-0.19500,-0.05070,-0.75270,0.77920,971.97,1000,28.03,50.25,202,2.2488,-0.0789,LOCK,0,normal
689,3170869,7133,7146,-0.14430,0.02340,-0.93990,0.95120,971.95,1000,28.05,50.25,202,2.2534,-0.0096,LOCK,0,normal
690,3170878,7142,7155,-0.17160,-0.02340,-0.90090,0.91740,971.93,1000,28.07,50.25,202,2.2521,-0.0294,LOCK,0,normal
691,3170886,7150,7163,0.26910,0.23790,-0.88920,0.95900,971.92,1000,28.08,50.25,202,2.2561,0.0319,LOCK,0,normal
692,3170899,7163,7176,0.04680,0.02340,-0.66690,0.66895,971.90,1000,28.10,50.25,202,2.2633,0.1406,LOCK,0,normal
693,3170908,7172,7185,-0.03120,0.14430,-0.80730,0.82069,971.88,1000,28.12,50.25,202,2.2521,-0.0288,LOCK,0,normal
694,3170916,7180,7193,-0.03120,0.14430,-0.80730,0.82069,971.85,1000,28.15,50.25,202,2.2468,-0.1091,LOCK,0,normal
695,3170925,7189,7202,-0.14040,-0.06630,-0.71370,0.73039,971.83,1000,28.17,50.25,202,2.2493,-0.0706,LOCK,0,normal
696,3170933,7197,7210,-0.26910,-0.14820,-0.88920,0.94077,971.82,1000,28.18,50.25,202,2.2488,-0.0792,LOCK,0,normal
697,3170945,7209,7222,-0.14820,-0.05460,-0.92040,0.93385,971.80,1000,28.20,50.25,202,2.2636,0.1449,LOCK,0,normal
698,3170954,7218,7231,0.16380,0.14820,-0.81900,0.84827,971.78,1000,28.22,50.25,202,2.2663,0.1861,LOCK,0,normal
699,3170962,7226,7239,0.01560,0.05070,-0.76830,0.77013,971.77,1000,28.23,50.25,202,2.2445,-0.1445,LOCK,0,normal
700,3170970,7234,7247,-0.19500,0.17940,-0.66300,0.71399,971.76,1000,28.24,50.25,202,2.2478,-0.0944,LOCK,0,normal
701,3170979,7243,7256,-0.15990,-0.10920,-0.67080,0.69819,971.75,1000,28.25,50.25,202,2.2521,-0.0282,LOCK,0,normal
702,3171042,7306,7319,-0.13260,-0.13260,-0.65130,0.67776,971.72,1000,28.28,50.25,202,2.2800,0.3940,LOCK,0,normal
703,3171050,7314,7327,-0.31590,-0.16380,-0.87360,0.94329,971.70,1000,28.30,50.25,202,2.2641,0.1531,LOCK,0,normal
704,3171059,7323,7336,-0.31590,-0.16380,-0.87360,0.94329,971.67,1000,28.33,50.25,202,2.2573,0.0496,LOCK,0,normal
705,3171067,7331,7344,-0.13260,-0.04290,-1.00230,1.01194,971.65,1000,28.35,50.25,202,2.2577,0.0567,LOCK,0,normal
706,3171076,7340,7353,0.23400,0.17550,-0.85410,0.90280,971.63,1000,28.37,50.25,202,2.2434,-0.1604,LOCK,0,normal
707,3171084,7348,7361,0.02730,0.01950,-0.68640,0.68722,971.62,1000,28.38,50.25,202,2.2509,-0.0468,LOCK,0,normal
708,3171104,7368,7381,-0.17550,-0.09360,-0.73710,0.76346,971.59,1000,28.41,50.25,202,2.2695,0.2355,LOCK,0,normal
709,3171112,7376,7389,-0.21450,-0.03900,-0.95940,0.98386,971.58,1000,28.42,50.25,202,2.2455,-0.1286,LOCK,0,normal
710,3171121,7385,7398,-0.21450,-0.03900,-0.95940,0.98386,971.56,1000,28.44,50.25,202,2.2411,-0.1949,LOCK,0,normal
711,3171129,7393,7406,-0.12090,0.03510,-0.94380,0.95216,971.54,1000,28.46,50.25,202,2.2620,0.1214,LOCK,0,normal
712,3171137,7401,7414,0.30420,0.13650,-0.88920,0.94966,971.53,1000,28.47,50.25,202,2.2365,-0.2657,LOCK,0,normal
713,3171152,7416,7429,0.00000,-0.02340,-0.60060,0.60106,971.49,1000,28.51,50.25,202,2.2690,0.2267,LOCK,0,normal
714,3171161,7425,7438,-0.03120,0.21840,-0.79950,0.82938,971.46,1000,28.54,50.25,202,2.2660,0.1824,LOCK,0,normal
715,3171169,7433,7446,-0.09360,-0.21060,-0.69030,0.72776,971.44,1000,28.56,50.25,202,2.2621,0.1226,LOCK,0,normal
716,3171178,7442,7455,-0.36270,-0.13260,-0.87750,0.95872,971.41,1000,28.59,50.25,202,2.2489,-0.0770,LOCK,0,normal
717,3171186,7450,7463,-0.07800,-0.05850,-0.97110,0.97598,971.39,1000,28.61,50.25,202,2.2505,-0.0526,LOCK,0,normal
718,3171195,7459,7472,0.21060,0.11700,-0.83850,0.87242,971.37,1000,28.63,50.25,202,2.2548,0.0127,LOCK,0,normal
719,3171204,7468,7481,0.21060,0.11700,-0.83850,0.87242,971.35,1000,28.65,50.25,202,2.2662,0.1846,LOCK,0,normal
720,3171212,7476,7489,-0.01170,0.01950,-0.74490,0.74525,971.34,1000,28.66,50.25,202,2.2496,-0.0660,LOCK,0,normal
721,3171221,7485,7498,-0.22230,0.05070,-0.65520,0.69374,971.34,1000,28.66,50.25,202,2.2468,-0.1097,LOCK,0,normal
722,3171229,7493,7506,-0.14040,-0.15990,-0.71760,0.74849,971.33,1000,28.67,50.25,202,2.2430,-0.1665,LOCK,0,normal
723,3171238,7502,7515,-0.30810,-0.13260,-0.87750,0.93942,971.33,1000,28.67,50.25,202,2.2713,0.2627,LOCK,0,normal
724,3171255,7519,7532,-0.12480,-0.04680,-0.97890,0.98793,971.32,1000,28.68,50.25,202,2.2512,-0.0432,LOCK,0,normal
725,3171264,7528,7541,0.30030,0.15600,-0.92820,0.98796,971.32,1000,28.68,50.25,202,2.2453,-0.1317,LOCK,0,normal
726,3171272,7536,7549,0.04290,0.01170,-0.65130,0.65282,971.31,1000,28.69,50.25,202,2.2606,0.1006,LOCK,0,normal
727,3171281,7545,7558,-0.03120,0.17940,-0.70200,0.72523,971.30,1000,28.70,50.25,202,2.2382,-0.2388,LOCK,0,normal
728,3171310,7574,7587,-0.06630,-0.06630,-0.97110,0.97562,971.29,1000,28.71,50.25,202,2.2621,0.1226,LOCK,0,normal
729,3171318,7582,7595,0.20280,0.05850,-0.82290,0.84954,971.29,1000,28.71,50.25,202,2.2503,-0.0560,LOCK,0,normal
730,3171326,7590,7603,0.20280,0.05850,-0.82290,0.84954,971.28,1000,28.72,50.25,202,2.2381,-0.2413,LOCK,0,normal
731,3171335,7599,7612,-0.04290,0.05460,-0.72150,0.72483,971.27,1000,28.73,50.25,202,2.2485,-0.0841,LOCK,0,normal
732,3171343,7607,7620,-0.23010,0.16770,-0.68250,0.73951,971.27,1000,28.73,50.25,202,2.2398,-0.2156,LOCK,0,normal
733,3171355,7619,7632,-0.14040,-0.13650,-0.70980,0.73632,971.26,1000,28.74,50.25,202,2.2651,0.1675,LOCK,0,normal
734,3171364,7628,7641,-0.33930,-0.15990,-0.82290,0.90435,971.25,1000,28.75,50.25,202,2.2616,0.1153,LOCK,0,normal
735,3171372,7636,7649,-0.20670,-0.15600,-0.93600,0.97116,971.24,1000,28.76,50.25,202,2.2680,0.2126,LOCK,0,normal
736,3171381,7645,7658,0.25740,0.10530,-0.93210,0.97270,971.24,1000,28.76,50.25,202,2.2646,0.1601,LOCK,0,normal
737,3171389,7653,7666,0.00390,-0.02340,-0.66690,0.66732,971.23,1000,28.77,50.25,202,2.2671,0.1989,LOCK,0,normal
738,3171398,7662,7675,0.00390,-0.02340,-0.66690,0.66732,971.22,1000,28.78,50.25,202,2.2637,0.1464,LOCK,0,normal
739,3171407,7671,7684,-0.03900,0.20280,-0.74490,0.77300,971.21,1000,28.79,50.25,202,2.2647,0.1620,LOCK,0,normal
740,3171415,7679,7692,-0.11310,-0.07020,-0.63180,0.64567,971.21,1000,28.79,50.25,202,2.2413,-0.1930,LOCK,0,normal
741,3171423,7687,7700,-0.37830,-0.19890,-0.79950,0.90657,971.20,1000,28.80,50.25,202,2.2445,-0.1433,LOCK,0,normal
742,3171432,7696,7709,-0.10920,-0.05850,-1.03740,1.04477,971.19,1000,28.81,50.25,202,2.2403,-0.2074,LOCK,0,normal
743,3171440,7704,7717,0.17550,0.05850,-0.86190,0.88153,971.19,1000,28.81,50.25,202,2.2426,-0.1723,LOCK,0,normal
744,3171457,7721,7734,0.00000,0.01950,-0.70200,0.70227,971.18,1000,28.82,50.25,202,2.2668,0.1943,LOCK,0,normal
745,3171466,7730,7743,-0.27300,-0.13260,-0.56940,0.64523,971.17,1000,28.83,50.25,202,2.2677,0.2072,LOCK,0,normal
746,3171474,7738,7751,-0.15600,-0.08970,-0.75660,0.77771,971.16,1000,28.84,50.25,202,2.2566,0.0396,LOCK,0,normal
747,3171483,7747,7760,-0.31200,-0.15600,-0.83070,0.90097,971.16,1000,28.84,50.25,202,2.2424,-0.1753,LOCK,0,normal
748,3171491,7755,7768,-0.31200,-0.15600,-0.83070,0.90097,971.15,1000,28.85,50.25,202,2.2434,-0.1604,LOCK,0,normal
749,3171503,7767,7780,0.17940,0.10530,-0.86190,0.88665,971.14,1000,28.86,50.25,202,2.2685,0.2203,LOCK,0,normal
750,3171516,7780,7793,-0.01560,-0.02340,-0.70980,0.71036,971.14,1000,28.86,50.25,202,2.2672,0.2004,LOCK,0,normal
751,3171525,7789,7802,-0.07020,0.30030,-0.75660,0.81704,971.13,1000,28.87,50.25,202,2.2463,-0.1167,LOCK,0,normal
752,3171533,7797,7810,-0.15210,-0.20670,-0.60840,0.66031,971.12,1000,28.88,50.25,202,2.2427,-0.1711,LOCK,0,normal
753,3171542,7806,7819,-0.15210,-0.20670,-0.60840,0.66031,971.12,1000,28.88,50.25,202,2.2351,-0.2870,LOCK,0,normal
754,3171550,7814,7827,-0.32370,-0.15210,-0.73710,0.81929,971.11,1000,28.89,50.25,202,2.2678,0.2093,LOCK,0,normal
755,3171561,7825,7838,-0.18720,-0.01950,-1.01010,1.02749,971.10,1000,28.90,50.25,202,2.2725,0.2798,LOCK,0,normal
756,3171569,7833,7846,0.11310,0.07800,-0.83850,0.84968,971.10,1000,28.90,50.25,202,2.2624,0.1269,LOCK,0,normal
757,3171578,7842,7855,-0.01170,-0.03120,-0.68250,0.68331,971.10,1000,28.90,50.25,202,2.2677,0.2068,LOCK,0,normal
758,3171586,7850,7863,-0.27300,0.03900,-0.62400,0.68222,971.08,1000,28.92,50.25,202,2.2414,-0.1903,LOCK,0,normal
759,3171595,7859,7872,-0.22230,-0.13650,-0.72540,0.77088,971.07,1000,28.93,50.25,202,2.2412,-0.1942,LOCK,0,normal
760,3171603,7867,7880,-0.22230,-0.13650,-0.72540,0.77088,971.06,1000,28.94,50.25,202,2.2410,-0.1964,LOCK,0,normal
761,3171612,7876,7889,-0.26910,-0.17160,-0.86190,0.91909,971.06,1000,28.94,50.25,202,2.2393,-0.2220,LOCK,0,normal
762,3171664,7928,7941,-0.17550,-0.12480,-0.62790,0.66380,971.03,1000,28.97,50.25,202,2.2708,0.2551,LOCK,0,normal
763,3171673,7937,7950,-0.26130,-0.12090,-0.78000,0.83144,971.02,1000,28.98,50.25,202,2.2679,0.2108,LOCK,0,normal
764,3171681,7945,7958,-0.30030,-0.05460,-0.94380,0.99193,971.00,1000,29.00,50.25,202,2.2676,0.2065,LOCK,0,normal
765,3171690,7954,7967,0.06630,0.09360,-0.88140,0.88883,970.98,1000,29.02,50.25,202,2.2615,0.1141,LOCK,0,normal
766,3171698,7962,7975,0.00780,-0.04290,-0.70590,0.70725,970.97,1000,29.03,50.25,202,2.2682,0.2148,LOCK,0,normal
767,3171707,7971,7984,0.00780,-0.04290,-0.70590,0.70725,970.96,1000,29.04,50.25,202,2.2730,0.2884,LOCK,0,normal
768,3171720,7984,7997,-0.21060,-0.18720,-0.65520,0.71322,970.96,1000,29.04,50.25,202,2.2732,0.2908,LOCK,0,normal
769,3171729,7993,8006,-0.20670,-0.21840,-0.83460,0.88712,970.96,1000,29.04,50.25,202,2.2328,-0.3206,LOCK,0,normal
770,3171737,8001,8014,-0.20670,-0.21840,-0.83460,0.88712,970.95,1000,29.05,50.25,202,2.2361,-0.2706,LOCK,0,normal
771,3171745,8009,8022,-0.28080,0.04680,-0.95160,0.99327,970.95,1000,29.05,50.25,202,2.2423,-0.1775,LOCK,0,normal
772,3171754,8018,8031,0.09750,0.09360,-0.90480,0.91484,970.95,1000,29.05,50.25,202,2.2656,0.1751,LOCK,0,normal
773,3171767,8031,8044,0.05070,-0.04680,-0.67860,0.68210,970.96,1000,29.04,50.25,202,2.2671,0.1983,LOCK,0,normal
774,3171776,8040,8053,-0.07410,0.36270,-0.72930,0.81788,970.97,1000,29.03,50.25,202,2.2411,-0.1961,LOCK,0,normal
775,3171784,8048,8061,-0.21060,-0.21060,-0.58110,0.65298,970.98,1000,29.02,50.25,202,2.2638,0.1488,LOCK,0,normal
776,3171793,8057,8070,-0.25350,-0.09360,-0.81900,0.86243,970.98,1000,29.02,50.25,202,2.2529,-0.0172,LOCK,0,normal
777,3171801,8065,8078,-0.30030,0.05460,-0.98670,1.03283,970.99,1000,29.01,50.25,202,2.2555,0.0225,LOCK,0,normal
778,3171814,8078,8091,0.01950,0.07020,-0.81510,0.81835,971.00,1000,29.00,50.25,202,2.2605,0.0982,LOCK,0,normal
779,3171823,8087,8100,0.05850,-0.00780,-0.69420,0.69670,971.00,1000,29.00,50.25,202,2.2629,0.1354,LOCK,0,normal
780,3171831,8095,8108,-0.19500,0.10530,-0.63960,0.67691,970.99,1000,29.01,50.25,202,2.2509,-0.0474,LOCK,0,normal
781,3171840,8104,8117,-0.19500,0.10530,-0.63960,0.67691,970.98,1000,29.02,50.25,202,2.2568,0.0429,LOCK,0,normal
782,3171848,8112,8125,-0.21060,-0.08580,-0.71760,0.75277,970.97,1000,29.03,50.25,202,2.2501,-0.0587,LOCK,0,normal
783,3171856,8120,8133,-0.20670,-0.15990,-0.83460,0.87456,970.96,1000,29.04,50.25,202,2.2634,0.1421,LOCK,0,normal
784,3171870,8134,8147,-0.30420,0.19890,-0.95160,1.01865,970.96,1000,29.04,50.25,202,2.2494,-0.0694,LOCK,0,normal
785,3171878,8142,8155,0.04680,-0.01560,-0.79560,0.79713,970.95,1000,29.05,50.25,202,2.2475,-0.0990,LOCK,0,normal
786,3171887,8151,8164,0.06630,-0.18720,-0.61230,0.64370,970.94,1000,29.06,50.25,202,2.2642,0.1553,LOCK,0,normal
787,3171895,8159,8172,-0.06630,0.33930,-0.80730,0.87821,970.95,1000,29.05,50.25,202,2.2417,-0.1857,LOCK,0,normal
788,3171923,8187,8200,-0.34320,0.06630,-0.89700,0.96270,970.96,1000,29.04,50.25,202,2.2681,0.2136,LOCK,0,normal
789,3171931,8195,8208,-0.34320,0.06630,-0.89700,0.96270,970.96,1000,29.04,50.25,202,2.2487,-0.0807,LOCK,0,normal
790,3171940,8204,8217,0.01950,0.08970,-0.79170,0.79700,970.97,1000,29.03,50.25,202,2.2559,0.0292,LOCK,0,normal
791,3171948,8212,8225,0.09360,-0.03120,-0.68640,0.69345,970.97,1000,29.03,50.25,202,2.2618,0.1189,LOCK,0,normal
792,3171957,8221,8234,-0.18720,0.15210,-0.67080,0.71285,970.96,1000,29.04,50.25,202,2.2365,-0.2648,LOCK,0,normal
793,3171969,8233,8246,-0.16380,-0.12090,-0.65130,0.68238,970.95,1000,29.05,50.25,202,2.2709,0.2563,LOCK,0,normal
794,3171978,8242,8255,-0.21060,-0.12090,-0.76440,0.80205,970.94,1000,29.06,50.25,202,2.2681,0.2130,LOCK,0,normal
795,3171986,8250,8263,-0.28860,0.22620,-0.97500,1.04167,970.93,1000,29.07,50.25,202,2.2691,0.2288,LOCK,0,normal
796,3171995,8259,8272,0.07020,0.04290,-0.84240,0.84641,970.93,1000,29.07,50.25,202,2.2762,0.3357,LOCK,0,normal
797,3172003,8267,8280,0.07020,0.04290,-0.84240,0.84641,970.92,1000,29.08,50.25,202,2.2646,0.1608,LOCK,0,normal
798,3172012,8276,8289,0.13650,-0.04290,-0.66690,0.68208,970.92,1000,29.08,50.25,202,2.2707,0.2526,LOCK,0,normal
799,3172067,8331,8344,0.12090,-0.05070,-0.66300,0.67584,970.90,1000,29.10,50.25,202,2.2635,0.1446,LOCK,0,normal
800,3172075,8339,8352,0.12090,-0.05070,-0.66300,0.67584,970.89,1000,29.11,50.25,202,2.2733,0.2920,LOCK,0,normal
801,3172084,8348,8361,-0.24180,0.11700,-0.60450,0.66150,970.87,1000,29.13,50.25,202,2.2600,0.0915,LOCK,0,normal
802,3172092,8356,8369,-0.16770,-0.02340,-0.67080,0.69184,970.86,1000,29.14,50.25,202,2.2566,0.0393,LOCK,0,normal
803,3172101,8365,8378,-0.25740,-0.04680,-0.82290,0.86349,970.84,1000,29.16,50.25,202,2.2499,-0.0624,LOCK,0,normal
804,3172109,8373,8386,-0.29640,0.16770,-0.92430,0.98504,970.83,1000,29.17,50.25,202,2.2528,-0.0175,LOCK,0,normal
805,3172126,8390,8403,0.10920,-0.01560,-0.76050,0.76846,970.82,1000,29.18,50.25,202,2.2702,0.2447,LOCK,0,normal
806,3172134,8398,8411,0.10140,-0.07020,-0.62400,0.63607,970.81,1000,29.19,50.25,202,2.2475,-0.0981,LOCK,0,normal
807,3172143,8407,8420,-0.07800,0.31200,-0.73710,0.80420,970.80,1000,29.20,50.25,202,2.2502,-0.0575,LOCK,0,normal
808,3172151,8415,8428,-0.13650,-0.17940,-0.67080,0.70766,970.79,1000,29.21,50.25,202,2.2441,-0.1503,LOCK,0,normal
809,3172160,8424,8437,-0.23790,-0.05070,-0.83460,0.86932,970.79,1000,29.21,50.25,202,2.2479,-0.0917,LOCK,0,normal
810,3172174,8438,8451,-0.31980,0.09750,-0.89310,0.95363,970.78,1000,29.22,50.25,202,2.2606,0.1000,LOCK,0,normal
811,3172183,8447,8460,0.11700,0.17550,-0.76830,0.79673,970.77,1000,29.23,50.25,202,2.2705,0.2499,LOCK,0,normal
812,3172191,8455,8468,0.14820,-0.00780,-0.69420,0.70989,970.77,1000,29.23,50.25,202,2.2549,0.0139,LOCK,0,normal
813,3172200,8464,8477,-0.24180,0.28470,-0.69030,0.78488,970.76,1000,29.24,50.25,202,2.2376,-0.2483,LOCK,0,normal
814,3172208,8472,8485,-0.24180,0.28470,-0.69030,0.78488,970.75,1000,29.25,50.25,202,2.2585,0.0683,LOCK,0,normal
815,3172216,8480,8493,-0.14040,-0.02730,-0.64350,0.65920,970.75,1000,29.25,50.25,202,2.2448,-0.1390,LOCK,0,normal
816,3172225,8489,8502,-0.21840,-0.08580,-0.74880,0.78470,970.74,1000,29.26,50.25,202,2.2466,-0.1115,LOCK,0,normal
817,3172277,8541,8554,-0.10920,-0.05070,-0.64740,0.65850,970.73,1000,29.27,50.25,202,2.2693,0.2313,LOCK,0,normal
818,3172286,8550,8563,-0.24960,-0.01950,-0.82290,0.86014,970.72,1000,29.28,50.25,202,2.2647,0.1626,LOCK,0,normal
819,3172294,8558,8571,-0.36660,0.10140,-0.91650,0.99230,970.71,1000,29.29,50.25,202,2.2665,0.1888,LOCK,0,normal
820,3172302,8566,8579,0.07020,0.14430,-0.77220,0.78870,970.70,1000,29.30,50.25,202,2.2685,0.2203,LOCK,0,normal
821,3172311,8575,8588,0.07020,0.14430,-0.77220,0.78870,970.69,1000,29.31,50.25,202,2.2699,0.2407,LOCK,0,normal
822,3172319,8583,8596,0.09750,-0.01170,-0.64350,0.65095,970.69,1000,29.31,50.25,202,2.2703,0.2468,LOCK,0,normal
823,3172333,8597,8610,-0.24180,0.30030,-0.72930,0.82494,970.68,1000,29.32,50.25,202,2.2677,0.2078,LOCK,0,normal
824,3172341,8605,8618,-0.08580,0.08190,-0.65130,0.66201,970.67,1000,29.33,50.25,202,2.2461,-0.1198,LOCK,0,normal
825,3172350,8614,8627,-0.14430,0.03900,-0.76440,0.77888,970.66,1000,29.34,50.25,202,2.2571,0.0475,LOCK,0,normal
826,3172358,8622,8635,-0.33930,0.19890,-0.91650,0.99733,970.65,1000,29.35,50.25,202,2.2498,-0.0630,LOCK,0,normal
827,3172367,8631,8644,0.03120,0.11310,-0.81120,0.81964,970.64,1000,29.36,50.25,202,2.2431,-0.1659,LOCK,0,normal
828,3172380,8644,8657,0.15990,0.00000,-0.70590,0.72378,970.64,1000,29.36,50.25,202,2.2659,0.1803,LOCK,0,normal
829,3172389,8653,8666,-0.04290,0.16380,-0.75270,0.77151,970.64,1000,29.36,50.25,202,2.2484,-0.0847,LOCK,0,normal
830,3172397,8661,8674,-0.04290,-0.05850,-0.60060,0.60497,970.65,1000,29.35,50.25,202,2.2527,-0.0203,LOCK,0,normal
831,3172406,8670,8683,-0.25350,0.05850,-0.72930,0.77431,970.65,1000,29.35,50.25,202,2.2524,-0.0236,LOCK,0,normal
832,3172414,8678,8691,-0.25350,0.05850,-0.72930,0.77431,970.65,1000,29.35,50.25,202,2.2434,-0.1601,LOCK,0,normal
833,3172428,8692,8705,0.03510,0.20670,-0.80340,0.83031,970.66,1000,29.34,50.25,202,2.2625,0.1290,LOCK,0,normal
834,3172436,8700,8713,0.13650,-0.03120,-0.66690,0.68144,970.66,1000,29.34,50.25,202,2.2638,0.1482,LOCK,0,normal
835,3172445,8709,8722,0.13650,-0.03120,-0.66690,0.68144,970.66,1000,29.34,50.25,202,2.2452,-0.1338,LOCK,0,normal
836,3172453,8717,8730,-0.15600,0.24960,-0.65520,0.71828,970.65,1000,29.35,50.25,202,2.2442,-0.1485,LOCK,0,normal
837,3172462,8726,8739,-0.08970,0.08190,-0.63570,0.64720,970.63,1000,29.37,50.25,202,2.2398,-0.2150,LOCK,0,normal
838,3172470,8734,8747,-0.14040,0.09750,-0.81900,0.83665,970.62,1000,29.38,50.25,202,2.2588,0.0722,LOCK,0,normal
839,3172483,8747,8760,-0.31980,0.17550,-0.96720,1.03371,970.61,1000,29.39,50.25,202,2.2476,-0.0966,LOCK,0,normal
840,3172491,8755,8768,0.00000,0.18330,-0.78390,0.80505,970.60,1000,29.40,50.25,202,2.2565,0.0380,LOCK,0,normal
841,3172500,8764,8777,0.17550,0.05850,-0.65910,0.68457,970.59,1000,29.41,50.25,202,2.2525,-0.0227,LOCK,0,normal
842,3172508,8772,8785,-0.02340,0.17940,-0.74880,0.77035,970.57,1000,29.43,50.25,202,2.2529,-0.0163,LOCK,0,normal
843,3172539,8803,8816,-0.42510,0.19500,-0.84240,0.96352,970.56,1000,29.44,50.25,202,2.2716,0.2673,LOCK,0,normal
844,3172548,8812,8825,-0.42510,0.19500,-0.84240,0.96352,970.54,1000,29.46,50.25,202,2.2465,-0.1131,LOCK,0,normal
845,3172556,8820,8833,-0.01560,0.22620,-0.83460,0.86485,970.53,1000,29.47,50.25,202,2.2602,0.0945,LOCK,0,normal
846,3172564,8828,8841,0.14040,0.05460,-0.70200,0.71798,970.51,1000,29.49,50.25,202,2.2472,-0.1030,LOCK,0,normal
847,3172573,8837,8850,-0.09360,0.10530,-0.66690,0.68162,970.50,1000,29.50,50.25,202,2.2590,0.0759,LOCK,0,normal
848,3172584,8848,8861,-0.08580,0.09360,-0.63960,0.65208,970.48,1000,29.52,50.25,202,2.2724,0.2783,LOCK,0,normal
849,3172593,8857,8870,-0.07020,0.06630,-0.71760,0.72407,970.47,1000,29.53,50.25,202,2.2634,0.1418,LOCK,0,normal
850,3172601,8865,8878,-0.35490,0.21450,-0.96720,1.05235,970.46,1000,29.54,50.25,202,2.2665,0.1898,LOCK,0,normal
851,3172610,8874,8887,-0.35490,0.21450,-0.96720,1.05235,970.45,1000,29.55,50.25,202,2.2701,0.2444,LOCK,0,normal
852,3172618,8882,8895,-0.03900,0.19500,-0.83850,0.86176,970.44,1000,29.56,50.25,202,2.2724,0.2783,LOCK,0,normal
853,3172627,8891,8904,0.21450,0.07410,-0.69810,0.73406,970.43,1000,29.57,50.25,202,2.2734,0.2935,LOCK,0,normal
854,3172635,8899,8912,0.03120,0.15210,-0.70980,0.72658,970.41,1000,29.59,50.25,202,2.2651,0.1678,LOCK,0,normal
855,3172644,8908,8921,-0.07020,-0.01170,-0.63960,0.64355,970.40,1000,29.60,50.25,202,2.2684,0.2184,LOCK,0,normal
856,3172652,8916,8929,-0.11310,0.12480,-0.79950,0.81705,970.38,1000,29.62,50.25,202,2.2453,-0.1317,LOCK,0,normal
857,3172660,8924,8937,-0.11310,0.12480,-0.79950,0.81705,970.37,1000,29.63,50.25,202,2.2378,-0.2455,LOCK,0,normal
858,3172669,8933,8946,-0.33930,0.21060,-0.88140,0.96765,970.36,1000,29.64,50.25,202,2.2559,0.0295,LOCK,0,normal
859,3172677,8941,8954,-0.01560,0.15600,-0.84240,0.85686,970.35,1000,29.65,50.25,202,2.2707,0.2526,LOCK,0,normal
860,3172689,8953,8966,0.16770,0.08190,-0.72150,0.74525,970.34,1000,29.66,50.25,202,2.2668,0.1937,LOCK,0,normal
861,3172697,8961,8974,-0.08190,0.11700,-0.69030,0.70492,970.33,1000,29.67,50.25,202,2.2740,0.3030,LOCK,0,normal
862,3172706,8970,8983,-0.04680,0.14040,-0.68640,0.70217,970.31,1000,29.69,50.25,202,2.2639,0.1498,LOCK,0,normal
863,3172714,8978,8991,0.02730,0.05850,-0.72150,0.72438,970.30,1000,29.70,50.25,202,2.2462,-0.1185,LOCK,0,normal
864,3172723,8987,9000,0.02730,0.05850,-0.72150,0.72438,970.29,1000,29.71,50.25,202,2.2568,0.0423,LOCK,0,normal
865,3172731,8995,9008,-0.38610,0.22620,-0.95550,1.05509,970.28,1000,29.72,50.25,202,2.2703,0.2474,LOCK,0,normal
866,3172745,9009,9022,0.26130,0.10140,-0.71760,0.77040,970.27,1000,29.73,50.25,202,2.2667,0.1922,LOCK,0,normal
867,3172753,9017,9030,0.26130,0.10140,-0.71760,0.77040,970.26,1000,29.74,50.25,202,2.2477,-0.0960,LOCK,0,normal
868,3172762,9026,9039,0.04290,0.15600,-0.74100,0.75846,970.24,1000,29.76,50.25,202,2.2416,-0.1872,LOCK,0,normal
869,3172770,9034,9047,-0.01170,0.04290,-0.54210,0.54392,970.22,1000,29.78,50.25,202,2.2511,-0.0441,LOCK,0,normal
870,3172779,9043,9056,-0.05070,0.19110,-0.72930,0.75562,970.20,1000,29.80,50.25,202,2.2669,0.1959,LOCK,0,normal
871,3172789,9053,9066,-0.36660,0.26910,-0.92040,1.02662,970.19,1000,29.81,50.25,202,2.2708,0.2545,LOCK,0,normal
872,3172797,9061,9074,0.06240,0.12480,-0.86970,0.88082,970.18,1000,29.82,50.25,202,2.2679,0.2108,LOCK,0,normal
873,3172806,9070,9083,0.21840,0.09360,-0.69810,0.73743,970.16,1000,29.84,50.25,202,2.2613,0.1101,LOCK,0,normal
874,3172814,9078,9091,0.21840,0.09360,-0.69810,0.73743,970.15,1000,29.85,50.25,202,2.2425,-0.1744,LOCK,0,normal
875,3172823,9087,9100,-0.08580,0.14430,-0.67470,0.69527,970.14,1000,29.86,50.25,202,2.2498,-0.0636,LOCK,0,normal
876,3172831,9095,9108,-0.06240,0.16380,-0.76050,0.78044,970.13,1000,29.87,50.25,202,2.2559,0.0295,LOCK,0,normal
877,3172839,9103,9116,-0.02340,0.03120,-0.82290,0.82382,970.13,1000,29.87,50.25,202,2.2448,-0.1387,LOCK,0,normal
878,3172891,9155,9168,-0.00780,0.01560,-0.58500,0.58526,970.10,1000,29.90,50.25,202,2.2617,0.1162,LOCK,0,normal
879,3172900,9164,9177,-0.07020,0.17160,-0.75270,0.77520,970.07,1000,29.93,50.25,202,2.2703,0.2468,LOCK,0,normal
880,3172908,9172,9185,-0.42510,0.25740,-0.91650,1.04256,970.04,1000,29.96,50.25,202,2.2654,0.1721,LOCK,0,normal
881,3172917,9181,9194,-0.42510,0.25740,-0.91650,1.04256,970.02,1000,29.98,50.25,202,2.2667,0.1919,LOCK,0,normal
882,3172925,9189,9202,-0.04290,0.12870,-0.92430,0.93420,970.00,1000,30.00,50.25,202,2.2668,0.1940,LOCK,0,normal
883,3172934,9198,9211,0.26520,0.17160,-0.75660,0.81989,969.98,1000,30.02,50.25,202,2.2638,0.1488,LOCK,0,normal
884,3172947,9211,9224,-0.05850,0.07020,-0.63960,0.64609,969.96,1000,30.04,50.25,202,2.2689,0.2255,LOCK,0,normal
885,3172956,9220,9233,-0.08580,0.08970,-0.69420,0.70521,969.95,1000,30.05,50.25,202,2.2442,-0.1485,LOCK,0,normal
886,3172964,9228,9241,-0.02340,0.14430,-0.86190,0.87421,969.93,1000,30.07,50.25,202,2.2400,-0.2126,LOCK,0,normal
887,3172973,9237,9250,-0.43680,0.17940,-0.96720,1.07632,969.92,1000,30.08,50.25,202,2.2380,-0.2431,LOCK,0,normal
888,3172981,9245,9258,-0.10140,0.02730,-0.87360,0.87989,969.90,1000,30.10,50.25,202,2.2464,-0.1149,LOCK,0,normal
889,3172994,9258,9271,0.31200,0.12870,-0.77610,0.84631,969.89,1000,30.11,50.25,202,2.2702,0.2447,LOCK,0,normal
890,3173003,9267,9280,0.14040,0.06240,-0.71370,0.73005,969.88,1000,30.12,50.25,202,2.2751,0.3201,LOCK,0,normal
891,3173011,9275,9288,-0.04290,0.03900,-0.58890,0.59175,969.86,1000,30.14,50.25,202,2.2495,-0.0676,LOCK,0,normal
892,3173019,9283,9296,-0.04290,0.03900,-0.58890,0.59175,969.83,1000,30.17,50.25,202,2.2318,-0.3365,LOCK,0,normal
893,3173028,9292,9305,-0.06240,0.17550,-0.80730,0.82851,969.81,1000,30.19,50.25,202,2.2437,-0.1561,LOCK,0,normal
894,3173036,9300,9313,-0.43290,0.24960,-0.92040,1.04730,969.80,1000,30.20,50.25,202,2.2525,-0.0224,LOCK,0,normal
895,3173045,9309,9322,-0.16770,0.06630,-0.90480,0.92260,969.78,1000,30.22,50.25,202,2.2732,0.2905,LOCK,0,normal
896,3173053,9317,9330,0.28470,0.19110,-0.83460,0.90229,969.76,1000,30.24,50.25,202,2.2626,0.1299,LOCK,0,normal
897,3173062,9326,9339,0.00000,0.00780,-0.63960,0.63965,969.75,1000,30.25,50.25,202,2.2486,-0.0813,LOCK,0,normal
898,3173070,9334,9347,0.00000,0.00780,-0.63960,0.63965,969.73,1000,30.27,50.25,202,2.2444,-0.1451,LOCK,0,normal
899,3173079,9343,9356,-0.03510,0.09750,-0.70200,0.70961,969.71,1000,30.29,50.25,202,2.2509,-0.0468,LOCK,0,normal
900,3173090,9354,9367,-0.06630,0.03120,-0.74490,0.74850,969.69,1000,30.31,50.25,202,2.2529,-0.0166,LOCK,0,normal
901,3173098,9362,9375,-0.35490,0.20280,-1.02180,1.10053,969.68,1000,30.32,50.25,202,2.2397,-0.2162,LOCK,0,normal
902,3173107,9371,9384,-0.15600,-0.02340,-0.90480,0.91845,969.66,1000,30.34,50.25,202,2.2429,-0.1689,LOCK,0,normal
903,3173115,9379,9392,0.30810,0.15990,-0.81900,0.88952,969.65,1000,30.35,50.25,202,2.2534,-0.0090,LOCK,0,normal
904,3173124,9388,9401,0.10140,0.04680,-0.73320,0.74166,969.64,1000,30.36,50.25,202,2.2520,-0.0300,LOCK,0,normal
905,3173152,9416,9429,-0.17160,0.11310,-0.71370,0.74270,969.61,1000,30.39,50.25,202,2.2661,0.1827,LOCK,0,normal
906,3173161,9425,9438,-0.31980,0.14820,-0.95940,1.02210,969.59,1000,30.41,50.25,202,2.2430,-0.1671,LOCK,0,normal
907,3173169,9433,9446,-0.18720,0.02340,-0.93600,0.95482,969.57,1000,30.43,50.25,202,2.2350,-0.2873,LOCK,0,normal
908,3173178,9442,9455,0.26520,0.20670,-0.85020,0.91427,969.55,1000,30.45,50.25,202,2.2365,-0.2648,LOCK,0,normal
909,3173186,9450,9463,0.08580,0.03510,-0.61620,0.62313,969.54,1000,30.46,50.25,202,2.2578,0.0570,LOCK,0,normal
910,3173199,9463,9476,-0.03510,0.09360,-0.72540,0.73226,969.51,1000,30.49,50.25,202,2.2734,0.2935,LOCK,0,normal
911,3173207,9471,9484,-0.14820,-0.08970,-0.70590,0.72685,969.48,1000,30.52,50.25,202,2.2672,0.2004,LOCK,0,normal
912,3173215,9479,9492,-0.14820,-0.08970,-0.70590,0.72685,969.45,1000,30.55,50.25,202,2.2642,0.1540,LOCK,0,normal
913,3173224,9488,9501,-0.28470,-0.04680,-0.97500,1.01679,969.43,1000,30.57,50.25,202,2.2640,0.1510,LOCK,0,normal
914,3173233,9497,9510,-0.13650,-0.01950,-0.95160,0.96154,969.41,1000,30.59,50.25,202,2.2675,0.2041,LOCK,0,normal
915,3173241,9505,9518,0.25350,0.12870,-0.83070,0.87800,969.39,1000,30.61,50.25,202,2.2636,0.1452,LOCK,0,normal
916,3173250,9514,9527,0.00000,0.05070,-0.68640,0.68827,969.37,1000,30.63,50.25,202,2.2736,0.2966,LOCK,0,normal
917,3173258,9522,9535,-0.25740,0.20280,-0.67080,0.74656,969.35,1000,30.65,50.25,202,2.2448,-0.1387,LOCK,0,normal
918,3173266,9530,9543,-0.25740,0.20280,-0.67080,0.74656,969.33,1000,30.67,50.25,202,2.2473,-0.1011,LOCK,0,normal
919,3173275,9539,9552,-0.16380,0.04680,-0.70200,0.72237,969.31,1000,30.69,50.25,202,2.2480,-0.0911,LOCK,0,normal
920,3173283,9547,9560,-0.14040,0.04680,-0.93210,0.94378,969.30,1000,30.70,50.25,202,2.2674,0.2029,LOCK,0,normal
921,3173302,9566,9579,0.25350,0.11310,-0.81900,0.86476,969.28,1000,30.72,50.25,202,2.2630,0.1369,LOCK,0,normal
922,3173310,9574,9587,-0.01950,0.01560,-0.68640,0.68685,969.27,1000,30.73,50.25,202,2.2603,0.0948,LOCK,0,normal
923,3173319,9583,9596,-0.08190,0.15600,-0.77610,0.79585,969.24,1000,30.76,50.25,202,2.2571,0.0466,LOCK,0,normal
924,3173327,9591,9604,-0.08190,0.15600,-0.77610,0.79585,969.22,1000,30.78,50.25,202,2.2451,-0.1344,LOCK,0,normal
925,3173336,9600,9613,-0.12090,-0.04290,-0.64350,0.65616,969.20,1000,30.80,50.25,202,2.2373,-0.2526,LOCK,0,normal
926,3173346,9610,9623,-0.25740,-0.12090,-0.86970,0.91501,969.18,1000,30.82,50.25,202,2.2527,-0.0203,LOCK,0,normal
927,3173359,9623,9636,0.24570,0.12090,-0.86970,0.91179,969.16,1000,30.84,50.25,202,2.2690,0.2273,LOCK,0,normal
928,3173368,9632,9645,0.24570,0.12090,-0.86970,0.91179,969.15,1000,30.85,50.25,202,2.2520,-0.0303,LOCK,0,normal
929,3173376,9640,9653,-0.04290,0.03120,-0.75660,0.75846,969.12,1000,30.88,50.25,202,2.2605,0.0991,LOCK,0,normal
930,3173385,9649,9662,-0.24960,0.05070,-0.65130,0.69933,969.09,1000,30.91,50.25,202,2.2597,0.0857,LOCK,0,normal
931,3173393,9657,9670,-0.16770,-0.02340,-0.65910,0.68050,969.07,1000,30.93,50.25,202,2.2716,0.2667,LOCK,0,normal
932,3173406,9670,9683,-0.25350,-0.06630,-0.87360,0.91205,969.05,1000,30.95,50.25,202,2.2730,0.2874,LOCK,0,normal
933,3173415,9679,9692,-0.14040,0.05850,-0.99450,1.00606,969.04,1000,30.96,50.25,202,2.2594,0.0811,LOCK,0,normal
934,3173423,9687,9700,0.28080,0.19110,-0.92040,0.98107,969.02,1000,30.98,50.25,202,2.2666,0.1907,LOCK,0,normal
935,3173432,9696,9709,0.00390,0.00000,-0.69030,0.69031,969.01,1000,30.99,50.25,202,2.2406,-0.2037,LOCK,0,normal
936,3173440,9704,9717,0.00390,0.00000,-0.69030,0.69031,968.98,1000,31.02,50.25,202,2.2522,-0.0279,LOCK,0,normal
937,3173448,9712,9725,-0.03900,0.19110,-0.75270,0.77756,968.95,1000,31.05,50.25,202,2.2500,-0.0606,LOCK,0,normal
938,3173457,9721,9734,-0.06240,-0.16770,-0.61620,0.64165,968.92,1000,31.08,50.25,202,2.2555,0.0228,LOCK,0,normal
939,3173506,9770,9783,-0.19890,0.10530,-0.66300,0.70016,968.90,1000,31.10,50.25,202,2.2752,0.3213,LOCK,0,normal
940,3173514,9778,9791,-0.15210,-0.04290,-0.66690,0.68537,968.87,1000,31.13,50.25,202,2.2669,0.1949,LOCK,0,normal
941,3173523,9787,9800,-0.15210,-0.04290,-0.66690,0.68537,968.85,1000,31.15,50.25,202,2.2676,0.2056,LOCK,0,normal
942,3173531,9795,9808,-0.31980,-0.12090,-0.89700,0.95995,968.83,1000,31.17,50.25,202,2.2721,0.2743,LOCK,0,normal
943,3173539,9803,9816,-0.20670,-0.14430,-0.97890,1.01084,968.81,1000,31.19,50.25,202,2.2675,0.2050,LOCK,0,normal
944,3173548,9812,9825,0.28080,0.10140,-0.90480,0.95278,968.80,1000,31.20,50.25,202,2.2642,0.1550,LOCK,0,normal
945,3173561,9825,9838,0.01170,0.01950,-0.65910,0.65949,968.78,1000,31.22,50.25,202,2.2716,0.2667,LOCK,0,normal
946,3173570,9834,9847,-0.03900,0.28860,-0.76830,0.82164,968.75,1000,31.25,50.25,202,2.2443,-0.1463,LOCK,0,normal
947,3173578,9842,9855,-0.09360,-0.09360,-0.64740,0.66079,968.73,1000,31.27,50.25,202,2.2498,-0.0642,LOCK,0,normal
948,3173587,9851,9864,-0.31980,-0.13260,-0.82680,0.89636,968.70,1000,31.30,50.25,202,2.2484,-0.0847,LOCK,0,normal
949,3173595,9859,9872,-0.31980,-0.13260,-0.82680,0.89636,968.68,1000,31.32,50.25,202,2.2555,0.0225,LOCK,0,normal
950,3173610,9874,9887,0.10920,0.05070,-0.78390,0.79309,968.66,1000,31.34,50.25,202,2.2680,0.2120,LOCK,0,normal
951,3173618,9882,9895,-0.04290,0.01560,-0.72150,0.72294,968.64,1000,31.36,50.25,202,2.2741,0.3039,LOCK,0,normal
952,3173627,9891,9904,-0.24180,-0.03900,-0.71760,0.75825,968.62,1000,31.38,50.25,202,2.2494,-0.0703,LOCK,0,normal
953,3173635,9899,9912,-0.24180,-0.03900,-0.71760,0.75825,968.61,1000,31.39,50.25,202,2.2473,-0.1021,LOCK,0,normal
954,3173643,9907,9920,-0.15210,-0.08580,-0.69030,0.71205,968.59,1000,31.41,50.25,202,2.2413,-0.1924,LOCK,0,normal
955,3173653,9917,9930,-0.27690,-0.15600,-0.82290,0.88214,968.58,1000,31.42,50.25,202,2.2671,0.1980,LOCK,0,normal
956,3173662,9926,9939,-0.26520,-0.01950,-0.92430,0.96179,968.57,1000,31.43,50.25,202,2.2667,0.1928,LOCK,0,normal
957,3173670,9934,9947,0.14430,0.10920,-0.89310,0.91125,968.56,1000,31.44,50.25,202,2.2400,-0.2123,LOCK,0,normal
958,3173678,9942,9955,-0.02340,-0.11310,-0.66690,0.67683,968.55,1000,31.45,50.25,202,2.2510,-0.0459,LOCK,0,normal
959,3173687,9951,9964,-0.02340,-0.11310,-0.66690,0.67683,968.52,1000,31.48,50.25,202,2.2495,-0.0679,LOCK,0,normal
960,3173695,9959,9972,-0.07800,0.26910,-0.74490,0.79585,968.50,1000,31.50,50.25,202,2.2521,-0.0282,LOCK,0,normal
961,3173712,9976,9989,-0.25350,-0.09750,-0.81900,0.86286,968.47,1000,31.53,50.25,202,2.2324,-0.3280,LOCK,0,normal
962,3173720,9984,9997,-0.24960,-0.03900,-0.97500,1.00720,968.45,1000,31.55,50.25,202,2.2518,-0.0334,LOCK,0,normal
963,3173729,9993,10006,0.07410,0.08190,-0.77610,0.78392,968.43,1000,31.57,50.25,202,2.2531,-0.0141,LOCK,0,normal
964,3173737,10001,10014,0.07410,0.08190,-0.77610,0.78392,968.42,1000,31.58,50.25,202,2.2436,-0.1582,LOCK,0,normal
