sample_index,time_ms_raw,time_ms_zero,elapsed_ms,ax_g,ay_g,az_g,total_g,rpm,target_rpm,rpm_error,pwm_eq,duty_10bit,acs_v,current_a,control_mode,state,fault_type
22335,3366735,0,237973.0,0.1521,0.0507,-0.6981,0.71627,1039.57,1000.0,-39.57,51.25,206.0,2.2208,-0.5038,LOCK,0,normal
22336,3366744,9,237982.0,-0.0858,0.0585,-0.8268,0.8333,1039.66,1000.0,-39.66,51.25,206.0,2.2361,-0.2706,LOCK,0,normal
22337,3366752,17,237990.0,-0.0858,0.0585,-0.8268,0.8333,1039.73,1000.0,-39.73,51.25,206.0,2.2371,-0.2565,LOCK,0,normal
22338,3366771,36,238009.0,0.0897,-0.0585,-0.8424,0.84918,1039.8,1000.0,-39.8,51.25,206.0,2.2354,-0.2825,LOCK,0,normal
22339,3366779,44,238017.0,0.0312,-0.0234,-0.741,0.74203,1039.87,1000.0,-39.87,51.25,206.0,2.2339,-0.3038,LOCK,0,normal
22340,3366788,53,238026.0,0.1131,0.2379,-0.7605,0.80483,1039.92,1000.0,-39.92,51.25,206.0,2.2386,-0.2339,LOCK,0,normal
22341,3366797,62,238035.0,0.0234,-0.3471,-0.5772,0.67393,1040.03,1000.0,-40.03,51.25,206.0,2.2358,-0.2764,LOCK,0,normal
22342,3366805,70,238043.0,-0.1131,0.1326,-0.8385,0.85642,1040.12,1000.0,-40.12,51.25,206.0,2.2184,-0.5389,LOCK,0,normal
22343,3366824,89,238062.0,0.0819,-0.0663,-0.7449,0.75232,1040.2,1000.0,-40.2,51.25,206.0,2.2299,-0.3646,LOCK,0,normal
22344,3366832,97,238070.0,-0.0351,0.2106,-0.8541,0.88038,1040.28,1000.0,-40.28,51.25,206.0,2.215,-0.5908,LOCK,0,normal
22345,3366846,111,238084.0,-0.0819,0.0,-0.7215,0.72613,1040.34,1000.0,-40.34,51.25,206.0,2.2258,-0.4269,LOCK,0,normal
22346,3366854,119,238092.0,0.2223,0.1989,-0.7254,0.78434,1040.44,1000.0,-40.44,51.25,206.0,2.2382,-0.2388,LOCK,0,normal
22347,3366863,128,238101.0,-0.0039,0.0429,-0.858,0.85908,1040.53,1000.0,-40.53,51.25,206.0,2.2381,-0.2406,LOCK,0,normal
22348,3366871,136,238109.0,0.0897,-0.0312,-0.8229,0.82836,1040.61,1000.0,-40.61,51.25,206.0,2.2375,-0.2498,LOCK,0,normal
22349,3366880,145,238118.0,-0.0897,0.0312,-0.8073,0.81287,1040.69,1000.0,-40.69,51.25,206.0,2.2347,-0.2922,LOCK,0,normal
22350,3366898,163,238136.0,0.0897,0.3237,-0.7917,0.86001,1040.75,1000.0,-40.75,51.25,206.0,2.2342,-0.2996,LOCK,0,normal
22351,3366907,172,238145.0,0.0897,0.3237,-0.7917,0.86001,1040.85,1000.0,-40.85,51.25,206.0,2.2266,-0.4156,LOCK,0,normal
22352,3366915,180,238153.0,0.1482,0.2028,-0.7566,0.7972,1040.94,1000.0,-40.94,51.25,206.0,2.2375,-0.2495,LOCK,0,normal
22353,3366924,189,238162.0,-0.1599,0.0117,-0.9009,0.91505,1041.02,1000.0,-41.02,51.25,206.0,2.2215,-0.4925,LOCK,0,normal
22354,3366932,197,238170.0,0.039,-0.1677,-0.7761,0.79497,1041.1,1000.0,-41.1,51.25,206.0,2.2324,-0.3267,LOCK,0,normal
22355,3366951,216,238189.0,0.0351,-0.1599,-0.8034,0.81991,1041.16,1000.0,-41.16,51.25,206.0,2.2336,-0.3087,LOCK,0,normal
22356,3366960,225,238198.0,0.1833,0.273,-0.7488,0.81782,1041.22,1000.0,-41.22,51.25,206.0,2.2389,-0.2284,LOCK,0,normal
22357,3366969,234,238207.0,-0.2418,0.0858,-0.6786,0.72548,1041.3,1000.0,-41.3,51.25,206.0,2.234,-0.3032,LOCK,0,normal
22358,3366977,242,238215.0,-0.2418,0.0858,-0.6786,0.72548,1041.37,1000.0,-41.37,51.25,206.0,2.2388,-0.2309,LOCK,0,normal
22359,3366986,251,238224.0,0.1014,0.312,-0.7644,0.83183,1041.43,1000.0,-41.43,51.25,206.0,2.237,-0.2574,LOCK,0,normal
22360,3366995,260,238233.0,0.2652,0.1131,-0.7722,0.82427,1041.49,1000.0,-41.49,51.25,206.0,2.2391,-0.2254,LOCK,0,normal
22361,3367013,278,238251.0,0.0156,0.0858,-0.7605,0.76548,1041.54,1000.0,-41.54,51.25,206.0,2.233,-0.3179,LOCK,0,normal
22362,3367022,287,238260.0,-0.0468,-0.0585,-0.7215,0.72538,1041.63,1000.0,-41.63,51.25,206.0,2.2228,-0.4729,LOCK,0,normal
22363,3367030,295,238268.0,-0.0468,-0.0585,-0.7215,0.72538,1041.7,1000.0,-41.7,51.25,206.0,2.2287,-0.3832,LOCK,0,normal
22364,3367039,304,238277.0,-0.0429,0.1131,-0.7683,0.77776,1041.77,1000.0,-41.77,51.25,206.0,2.2193,-0.5261,LOCK,0,normal
22365,3367062,327,238300.0,-0.039,-0.0429,-0.7761,0.77826,1041.83,1000.0,-41.83,51.25,206.0,2.2337,-0.3069,LOCK,0,normal
22366,3367071,336,238309.0,-0.039,-0.0429,-0.7761,0.77826,1041.89,1000.0,-41.89,51.25,206.0,2.2308,-0.3518,LOCK,0,normal
22367,3367079,344,238317.0,0.0819,0.2379,-0.7722,0.81216,1041.96,1000.0,-41.96,51.25,206.0,2.2403,-0.2071,LOCK,0,normal
22368,3367088,353,238326.0,0.1599,0.2769,-0.7761,0.83939,1042.03,1000.0,-42.03,51.25,206.0,2.2345,-0.2959,LOCK,0,normal
22369,3367097,362,238335.0,-0.0897,0.156,-0.8268,0.84616,1042.09,1000.0,-42.09,51.25,206.0,2.2381,-0.2403,LOCK,0,normal
22370,3367115,380,238353.0,-0.039,0.2574,-0.7878,0.8297,1042.14,1000.0,-42.14,51.25,206.0,2.2374,-0.2519,LOCK,0,normal
22371,3367124,389,238362.0,-0.0117,0.0897,-0.7254,0.73102,1042.19,1000.0,-42.19,51.25,206.0,2.2286,-0.3844,LOCK,0,normal
22372,3367132,397,238370.0,-0.0117,0.0897,-0.7254,0.73102,1042.24,1000.0,-42.24,51.25,206.0,2.2255,-0.432,LOCK,0,normal
22373,3367141,406,238379.0,0.2223,0.0663,-0.8034,0.83622,1042.3,1000.0,-42.3,51.25,206.0,2.2217,-0.4897,LOCK,0,normal
22374,3367149,414,238387.0,-0.0078,0.2262,-0.8463,0.87604,1042.36,1000.0,-42.36,51.25,206.0,2.2278,-0.3966,LOCK,0,normal
22375,3367179,444,238417.0,-0.0117,-0.0741,-0.8463,0.84962,1042.41,1000.0,-42.41,51.25,206.0,2.2333,-0.3136,LOCK,0,normal
22376,3367188,453,238426.0,0.1014,0.2457,-0.7878,0.83143,1042.45,1000.0,-42.45,51.25,206.0,2.2326,-0.324,LOCK,0,normal
22377,3367196,461,238434.0,0.1989,0.1911,-0.7527,0.80165,1042.53,1000.0,-42.53,51.25,206.0,2.2351,-0.2858,LOCK,0,normal
22378,3367205,470,238443.0,-0.1053,0.3003,-0.8034,0.86413,1042.6,1000.0,-42.6,51.25,206.0,2.2374,-0.2513,LOCK,0,normal
22379,3367214,479,238452.0,-0.1053,0.3003,-0.8034,0.86413,1042.66,1000.0,-42.66,51.25,206.0,2.2368,-0.2602,LOCK,0,normal
22380,3367232,497,238470.0,0.0507,0.156,-0.8268,0.84291,1042.72,1000.0,-42.72,51.25,206.0,2.2058,-0.7309,LOCK,0,normal
22381,3367241,506,238479.0,0.0624,0.0,-0.78,0.78249,1042.77,1000.0,-42.77,51.25,206.0,2.216,-0.5764,LOCK,0,normal
22382,3367249,514,238487.0,0.2457,0.1911,-0.7995,0.85796,1042.84,1000.0,-42.84,51.25,206.0,2.2261,-0.4226,LOCK,0,normal
22383,3367263,528,238501.0,-0.1872,0.1053,-0.702,0.73412,1042.91,1000.0,-42.91,51.25,206.0,2.2369,-0.2593,LOCK,0,normal
22384,3367271,536,238509.0,0.0117,0.0039,-0.8424,0.84249,1042.97,1000.0,-42.97,51.25,206.0,2.2379,-0.2443,LOCK,0,normal
22385,3367280,545,238518.0,0.3783,0.1053,-0.7176,0.81802,1043.03,1000.0,-43.03,51.25,206.0,2.2312,-0.3457,LOCK,0,normal
22386,3367288,553,238526.0,0.039,0.0819,-0.8268,0.83176,1043.08,1000.0,-43.08,51.25,206.0,2.2381,-0.2413,LOCK,0,normal
22387,3367297,562,238535.0,0.039,0.0819,-0.8268,0.83176,1043.12,1000.0,-43.12,51.25,206.0,2.231,-0.349,LOCK,0,normal
22388,3367305,570,238543.0,0.0741,0.039,-0.7722,0.77673,1043.16,1000.0,-43.16,51.25,206.0,2.2361,-0.2712,LOCK,0,normal
22389,3367324,589,238562.0,-0.0312,0.1404,-0.7137,0.72805,1043.22,1000.0,-43.22,51.25,206.0,2.2368,-0.2605,LOCK,0,normal
22390,3367332,597,238570.0,0.0663,-0.2184,-0.8619,0.89161,1043.28,1000.0,-43.28,51.25,206.0,2.2219,-0.487,LOCK,0,normal
22391,3367341,606,238579.0,0.1443,0.0663,-0.8268,0.84191,1043.33,1000.0,-43.33,51.25,206.0,2.2183,-0.5416,LOCK,0,normal
22392,3367349,614,238587.0,-0.0117,-0.1053,-0.819,0.82582,1043.37,1000.0,-43.37,51.25,206.0,2.2111,-0.6497,LOCK,0,normal
22393,3367358,623,238596.0,-0.0117,-0.1053,-0.819,0.82582,1043.41,1000.0,-43.41,51.25,206.0,2.2309,-0.3502,LOCK,0,normal
22394,3367377,642,238615.0,0.2652,0.1755,-0.7098,0.77778,1043.48,1000.0,-43.48,51.25,206.0,2.2389,-0.2284,LOCK,0,normal
22395,3367385,650,238623.0,-0.2028,0.1092,-0.9477,0.97529,1043.53,1000.0,-43.53,51.25,206.0,2.2361,-0.2706,LOCK,0,normal
22396,3367394,659,238632.0,0.0039,0.1482,-0.7254,0.74039,1043.58,1000.0,-43.58,51.25,206.0,2.2365,-0.2651,LOCK,0,normal
22397,3367402,667,238640.0,0.0195,0.0234,-0.8151,0.81567,1043.63,1000.0,-43.63,51.25,206.0,2.237,-0.2577,LOCK,0,normal
22398,3367411,676,238649.0,0.0663,-0.0039,-0.7371,0.74009,1043.67,1000.0,-43.67,51.25,206.0,2.2328,-0.3215,LOCK,0,normal
22399,3367419,684,238657.0,0.0663,-0.0039,-0.7371,0.74009,1043.71,1000.0,-43.71,51.25,206.0,2.2142,-0.6036,LOCK,0,normal
22400,3367438,703,238676.0,-0.2184,0.0117,-0.8385,0.86656,1043.78,1000.0,-43.78,51.25,206.0,2.2101,-0.6649,LOCK,0,normal
22401,3367446,711,238684.0,0.117,-0.0507,-0.9126,0.92147,1043.84,1000.0,-43.84,51.25,206.0,2.224,-0.4552,LOCK,0,normal
22402,3367455,720,238693.0,0.0741,-0.1599,-0.819,0.83775,1043.89,1000.0,-43.89,51.25,206.0,2.2278,-0.3969,LOCK,0,normal
22403,3367469,734,238707.0,0.0312,-0.0234,-0.8502,0.85109,1043.94,1000.0,-43.94,51.25,206.0,2.235,-0.2883,LOCK,0,normal
22404,3367477,742,238715.0,0.1482,0.1911,-0.7995,0.83527,1043.99,1000.0,-43.99,51.25,206.0,2.2372,-0.2547,LOCK,0,normal
22405,3367486,751,238724.0,0.1092,0.1014,-0.6903,0.7062,1044.04,1000.0,-44.04,51.25,206.0,2.2338,-0.306,LOCK,0,normal
22406,3367495,760,238733.0,-0.1014,0.0624,-0.9204,0.92807,1044.1,1000.0,-44.1,51.25,206.0,2.2351,-0.287,LOCK,0,normal
22407,3367503,768,238741.0,0.2262,-0.1131,-0.7527,0.79405,1044.14,1000.0,-44.14,51.25,206.0,2.2374,-0.2516,LOCK,0,normal
22408,3367522,787,238760.0,-0.0078,0.1014,-0.8619,0.86788,1044.19,1000.0,-44.19,51.25,206.0,2.2267,-0.414,LOCK,0,normal
22409,3367530,795,238768.0,-0.0858,0.0039,-0.7488,0.75371,1044.22,1000.0,-44.22,51.25,206.0,2.234,-0.3032,LOCK,0,normal
22410,3367539,804,238777.0,0.2106,0.1638,-0.7371,0.7839,1044.29,1000.0,-44.29,51.25,206.0,2.2172,-0.5581,LOCK,0,normal
22411,3367547,812,238785.0,-0.0897,-0.273,-0.6942,0.75132,1044.34,1000.0,-44.34,51.25,206.0,2.22,-0.5154,LOCK,0,normal
22412,3367556,821,238794.0,0.039,-0.0195,-0.7527,0.75396,1044.39,1000.0,-44.39,51.25,206.0,2.2198,-0.5178,LOCK,0,normal
22413,3367574,839,238812.0,0.1092,-0.0117,-0.7488,0.75681,1044.44,1000.0,-44.44,51.25,206.0,2.238,-0.2431,LOCK,0,normal
22414,3367583,848,238821.0,0.1053,-0.0039,-0.8424,0.84896,1044.48,1000.0,-44.48,51.25,206.0,2.234,-0.3026,LOCK,0,normal
22415,3367592,857,238830.0,-0.0195,0.1404,-0.8541,0.86578,1044.51,1000.0,-44.51,51.25,206.0,2.2347,-0.2928,LOCK,0,normal
22416,3367600,865,238838.0,0.0117,0.1677,-0.702,0.72185,1044.57,1000.0,-44.57,51.25,206.0,2.2391,-0.2254,LOCK,0,normal
22417,3367609,874,238847.0,-0.2457,0.0312,-0.7995,0.83698,1044.63,1000.0,-44.63,51.25,206.0,2.2374,-0.2513,LOCK,0,normal
22418,3367627,892,238865.0,0.039,0.0429,-0.8892,0.89109,1044.68,1000.0,-44.68,51.25,206.0,2.2358,-0.2751,LOCK,0,normal
22419,3367636,901,238874.0,0.039,0.0429,-0.8892,0.89109,1044.72,1000.0,-44.72,51.25,206.0,2.2172,-0.5581,LOCK,0,normal
22420,3367644,909,238882.0,0.0975,-0.0468,-0.8073,0.81451,1044.76,1000.0,-44.76,51.25,206.0,2.2244,-0.4482,LOCK,0,normal
22421,3367653,918,238891.0,0.1365,0.1092,-0.702,0.72344,1044.83,1000.0,-44.83,51.25,206.0,2.2188,-0.5328,LOCK,0,normal
22422,3367661,926,238899.0,-0.0039,0.0507,-0.6825,0.68439,1044.88,1000.0,-44.88,51.25,206.0,2.2358,-0.2761,LOCK,0,normal
22423,3367685,950,238923.0,-0.039,-0.0897,-0.7995,0.80546,1044.94,1000.0,-44.94,51.25,206.0,2.2364,-0.2666,LOCK,0,normal
22424,3367693,958,238931.0,0.0078,0.1872,-0.7878,0.80977,1044.98,1000.0,-44.98,51.25,206.0,2.2351,-0.2864,LOCK,0,normal
22425,3367702,967,238940.0,0.0234,0.1209,-0.7371,0.74732,1045.03,1000.0,-45.03,51.25,206.0,2.2315,-0.3402,LOCK,0,normal
22426,3367710,975,238948.0,0.1833,-0.0039,-0.7137,0.73687,1045.09,1000.0,-45.09,51.25,206.0,2.2377,-0.2464,LOCK,0,normal
22427,3367719,984,238957.0,-0.1092,0.1053,-0.7956,0.80993,1045.15,1000.0,-45.15,51.25,206.0,2.2368,-0.2605,LOCK,0,normal
22428,3367738,1003,238976.0,0.0975,-0.078,-0.8307,0.84003,1045.2,1000.0,-45.2,51.25,206.0,2.2251,-0.4378,LOCK,0,normal
22429,3367746,1011,238984.0,0.1365,-0.0117,-0.8385,0.84962,1045.24,1000.0,-45.24,51.25,206.0,2.2221,-0.4839,LOCK,0,normal
22430,3367755,1020,238993.0,-0.0195,-0.1677,-0.7527,0.7714,1045.28,1000.0,-45.28,51.25,206.0,2.2178,-0.5477,LOCK,0,normal
22431,3367763,1028,239001.0,0.0975,0.2262,-0.7566,0.79569,1045.32,1000.0,-45.32,51.25,206.0,2.225,-0.4388,LOCK,0,normal
22432,3367795,1060,239033.0,0.1872,-0.1677,-0.8307,0.86789,1045.38,1000.0,-45.38,51.25,206.0,2.2364,-0.2669,LOCK,0,normal
22433,3367803,1068,239041.0,0.0585,0.2535,-0.8034,0.84447,1045.43,1000.0,-45.43,51.25,206.0,2.2285,-0.3869,LOCK,0,normal
22434,3367812,1077,239050.0,-0.0156,0.1599,-0.7059,0.72395,1045.48,1000.0,-45.48,51.25,206.0,2.2281,-0.393,LOCK,0,normal
22435,3367820,1085,239058.0,-0.0156,0.1599,-0.7059,0.72395,1045.52,1000.0,-45.52,51.25,206.0,2.2307,-0.353,LOCK,0,normal
22436,3367829,1094,239067.0,0.2574,0.0858,-0.7371,0.78545,1045.59,1000.0,-45.59,51.25,206.0,2.2345,-0.2959,LOCK,0,normal
22437,3367847,1112,239085.0,0.039,-0.1677,-0.8502,0.86746,1045.66,1000.0,-45.66,51.25,206.0,2.2125,-0.6295,LOCK,0,normal
22438,3367856,1121,239094.0,0.0234,-0.0351,-0.8385,0.83956,1045.71,1000.0,-45.71,51.25,206.0,2.2255,-0.4317,LOCK,0,normal
22439,3367864,1129,239102.0,0.0429,-0.1287,-0.8385,0.8494,1045.76,1000.0,-45.76,51.25,206.0,2.2256,-0.4299,LOCK,0,normal
22440,3367873,1138,239111.0,0.1911,0.0819,-0.7956,0.82232,1045.81,1000.0,-45.81,51.25,206.0,2.2348,-0.2904,LOCK,0,normal
22441,3367886,1151,239124.0,0.2145,0.1716,-0.8424,0.88606,1045.87,1000.0,-45.87,51.25,206.0,2.2356,-0.2785,LOCK,0,normal
22442,3367895,1160,239133.0,-0.1482,0.1989,-0.7956,0.83337,1045.92,1000.0,-45.92,51.25,206.0,2.2359,-0.2742,LOCK,0,normal
22443,3367903,1168,239141.0,0.0429,-0.1209,-0.8307,0.84055,1045.97,1000.0,-45.97,51.25,206.0,2.2367,-0.2614,LOCK,0,normal
22444,3367912,1177,239150.0,0.0429,-0.1209,-0.8307,0.84055,1046.01,1000.0,-46.01,51.25,206.0,2.2382,-0.24,LOCK,0,normal
22445,3367920,1185,239158.0,0.0117,0.2301,-0.7878,0.8208,1046.05,1000.0,-46.05,51.25,206.0,2.2329,-0.3197,LOCK,0,normal
22446,3367939,1204,239177.0,0.1326,0.1716,-0.7566,0.78707,1046.11,1000.0,-46.11,51.25,206.0,2.2357,-0.2779,LOCK,0,normal
22447,3367948,1213,239186.0,-0.3042,0.1014,-0.6669,0.73998,1046.16,1000.0,-46.16,51.25,206.0,2.2198,-0.5184,LOCK,0,normal
22448,3367956,1221,239194.0,0.0468,0.0663,-0.8385,0.84242,1046.2,1000.0,-46.2,51.25,206.0,2.219,-0.5306,LOCK,0,normal
22449,3367965,1230,239203.0,0.0468,0.0663,-0.8385,0.84242,1046.24,1000.0,-46.24,51.25,206.0,2.2147,-0.595,LOCK,0,normal
22450,3367973,1238,239211.0,0.3315,0.0234,-0.7293,0.80145,1046.28,1000.0,-46.28,51.25,206.0,2.2394,-0.2217,LOCK,0,normal
22451,3367992,1257,239230.0,0.1209,0.3393,-0.8268,0.90185,1046.31,1000.0,-46.31,51.25,206.0,2.2352,-0.2843,LOCK,0,normal
22452,3368000,1265,239238.0,0.0039,0.0351,-0.7683,0.76911,1046.36,1000.0,-46.36,51.25,206.0,2.2371,-0.2565,LOCK,0,normal
22453,3368009,1274,239247.0,0.0,-0.0117,-0.702,0.7021,1046.41,1000.0,-46.41,51.25,206.0,2.2296,-0.3698,LOCK,0,normal
22454,3368017,1282,239255.0,0.1365,-0.195,-0.8346,0.86788,1046.45,1000.0,-46.45,51.25,206.0,2.2365,-0.2648,LOCK,0,normal
22455,3368026,1291,239264.0,0.1365,-0.195,-0.8346,0.86788,1046.48,1000.0,-46.48,51.25,206.0,2.2359,-0.2736,LOCK,0,normal
22456,3368045,1310,239283.0,-0.0117,-0.0429,-0.8112,0.81242,1046.52,1000.0,-46.52,51.25,206.0,2.2254,-0.4333,LOCK,0,normal
22457,3368053,1318,239291.0,0.1326,0.273,-0.7683,0.82607,1046.56,1000.0,-46.56,51.25,206.0,2.223,-0.4702,LOCK,0,normal
22458,3368062,1327,239300.0,0.0039,-0.0858,-0.6942,0.69949,1046.61,1000.0,-46.61,51.25,206.0,2.2199,-0.5166,LOCK,0,normal
22459,3368070,1335,239308.0,-0.1794,0.1521,-0.8853,0.91601,1046.65,1000.0,-46.65,51.25,206.0,2.2218,-0.4882,LOCK,0,normal
22460,3368080,1345,239318.0,0.0078,0.0858,-0.7527,0.75761,1046.68,1000.0,-46.68,51.25,206.0,2.2389,-0.2294,LOCK,0,normal
22461,3368093,1358,239331.0,-0.0078,0.1482,-0.8424,0.85537,1046.71,1000.0,-46.71,51.25,206.0,2.2344,-0.2965,LOCK,0,normal
22462,3368101,1366,239339.0,-0.0507,0.0624,-0.7293,0.73372,1046.74,1000.0,-46.74,51.25,206.0,2.2328,-0.3218,LOCK,0,normal
22463,3368110,1375,239348.0,0.1794,-0.0507,-0.8268,0.84756,1046.79,1000.0,-46.79,51.25,206.0,2.2389,-0.2284,LOCK,0,normal
22464,3368119,1384,239357.0,0.1794,-0.0507,-0.8268,0.84756,1046.83,1000.0,-46.83,51.25,206.0,2.2365,-0.2654,LOCK,0,normal
22465,3368127,1392,239365.0,-0.1716,0.0507,-0.7644,0.78506,1046.86,1000.0,-46.86,51.25,206.0,2.2376,-0.2489,LOCK,0,normal
22466,3368146,1411,239384.0,0.1209,0.0468,-0.8034,0.81379,1046.9,1000.0,-46.9,51.25,206.0,2.2214,-0.4943,LOCK,0,normal
22467,3368154,1419,239392.0,-0.039,-0.0897,-0.8541,0.85968,1046.93,1000.0,-46.93,51.25,206.0,2.2225,-0.4778,LOCK,0,normal
22468,3368163,1428,239401.0,0.1638,0.117,-0.741,0.76785,1046.96,1000.0,-46.96,51.25,206.0,2.2255,-0.432,LOCK,0,normal
22469,3368171,1436,239409.0,0.1677,0.1287,-0.7332,0.76307,1046.99,1000.0,-46.99,51.25,206.0,2.2246,-0.4455,LOCK,0,normal
22470,3368184,1449,239422.0,-0.0585,0.0741,-0.9321,0.93687,1047.03,1000.0,-47.03,51.25,206.0,2.2378,-0.2455,LOCK,0,normal
22471,3368193,1458,239431.0,0.2574,-0.0117,-0.741,0.78452,1047.06,1000.0,-47.06,51.25,206.0,2.2403,-0.2077,LOCK,0,normal
22472,3368201,1466,239439.0,-0.0039,0.0741,-0.8502,0.85343,1047.08,1000.0,-47.08,51.25,206.0,2.2364,-0.2669,LOCK,0,normal
22473,3368210,1475,239448.0,-0.0039,0.0741,-0.8502,0.85343,1047.11,1000.0,-47.11,51.25,206.0,2.2348,-0.291,LOCK,0,normal
22474,3368218,1483,239456.0,0.0585,-0.1404,-0.6942,0.71067,1047.13,1000.0,-47.13,51.25,206.0,2.233,-0.3176,LOCK,0,normal
22475,3368237,1502,239475.0,-0.0468,-0.0546,-0.7137,0.71731,1047.17,1000.0,-47.17,51.25,206.0,2.2298,-0.367,LOCK,0,normal
22476,3368246,1511,239484.0,0.0195,-0.0273,-0.8073,0.808,1047.2,1000.0,-47.2,51.25,206.0,2.237,-0.2568,LOCK,0,normal
22477,3368254,1519,239492.0,0.0429,0.0429,-0.7488,0.75125,1047.22,1000.0,-47.22,51.25,206.0,2.216,-0.5758,LOCK,0,normal
22478,3368263,1528,239501.0,0.0819,-0.078,-0.8619,0.86929,1047.25,1000.0,-47.25,51.25,206.0,2.2219,-0.4858,LOCK,0,normal
22479,3368271,1536,239509.0,0.0819,-0.078,-0.8619,0.86929,1047.27,1000.0,-47.27,51.25,206.0,2.2196,-0.5212,LOCK,0,normal
22480,3368295,1560,239533.0,-0.2613,0.0117,-0.8424,0.88207,1047.31,1000.0,-47.31,51.25,206.0,2.2377,-0.2477,LOCK,0,normal
22481,3368303,1568,239541.0,-0.2613,0.0117,-0.8424,0.88207,1047.34,1000.0,-47.34,51.25,206.0,2.2381,-0.241,LOCK,0,normal
22482,3368312,1577,239550.0,0.0702,-0.0702,-0.7722,0.77856,1047.36,1000.0,-47.36,51.25,206.0,2.2367,-0.2623,LOCK,0,normal
22483,3368320,1585,239558.0,-0.0195,0.0312,-0.8892,0.88996,1047.39,1000.0,-47.39,51.25,206.0,2.2372,-0.2541,LOCK,0,normal
22484,3368329,1594,239567.0,0.0195,0.0312,-0.7761,0.77697,1047.41,1000.0,-47.41,51.25,206.0,2.2192,-0.5267,LOCK,0,normal
22485,3368347,1612,239585.0,-0.2964,-0.1755,-0.6435,0.72989,1047.44,1000.0,-47.44,51.25,206.0,2.2352,-0.2855,LOCK,0,normal
22486,3368356,1621,239594.0,0.0195,0.1638,-0.8268,0.84309,1047.46,1000.0,-47.46,51.25,206.0,2.2255,-0.4317,LOCK,0,normal
22487,3368364,1629,239602.0,0.0195,0.1638,-0.8268,0.84309,1047.49,1000.0,-47.49,51.25,206.0,2.2119,-0.6378,LOCK,0,normal
22488,3368373,1638,239611.0,0.234,0.0117,-0.7449,0.78088,1047.51,1000.0,-47.51,51.25,206.0,2.2188,-0.5337,LOCK,0,normal
22489,3368409,1674,239647.0,-0.0546,0.1092,-0.8502,0.85892,1047.53,1000.0,-47.53,51.25,206.0,2.2393,-0.2226,LOCK,0,normal
22490,3368418,1683,239656.0,0.1677,0.0312,-0.7644,0.7832,1047.56,1000.0,-47.56,51.25,206.0,2.2354,-0.2822,LOCK,0,normal
22491,3368426,1691,239664.0,0.1677,0.0312,-0.7644,0.7832,1047.58,1000.0,-47.58,51.25,206.0,2.2384,-0.2358,LOCK,0,normal
22492,3368435,1700,239673.0,0.078,-0.0156,-0.8424,0.84615,1047.6,1000.0,-47.6,51.25,206.0,2.2353,-0.2837,LOCK,0,normal
22493,3368443,1708,239681.0,0.0195,0.0,-0.7644,0.76465,1047.62,1000.0,-47.62,51.25,206.0,2.2312,-0.3447,LOCK,0,normal
22494,3368452,1717,239690.0,0.1326,0.1521,-0.7644,0.79058,1047.64,1000.0,-47.64,51.25,206.0,2.2369,-0.259,LOCK,0,normal
22495,3368471,1736,239709.0,-0.0897,0.117,-0.8346,0.84752,1047.66,1000.0,-47.66,51.25,206.0,2.2198,-0.5181,LOCK,0,normal
22496,3368479,1744,239717.0,-0.0663,-0.0858,-0.78,0.7875,1047.68,1000.0,-47.68,51.25,206.0,2.2231,-0.4674,LOCK,0,normal
22497,3368488,1753,239726.0,-0.0663,-0.0858,-0.78,0.7875,1047.7,1000.0,-47.7,51.25,206.0,2.2311,-0.3463,LOCK,0,normal
22498,3368501,1766,239739.0,-0.0936,-0.1443,-0.7527,0.7721,1047.71,1000.0,-47.71,51.25,206.0,2.2313,-0.3441,LOCK,0,normal
22499,3368510,1775,239748.0,0.0936,0.0624,-0.7293,0.73792,1047.73,1000.0,-47.73,51.25,206.0,2.2329,-0.3203,LOCK,0,normal
22500,3368518,1783,239756.0,0.0936,0.0624,-0.7293,0.73792,1047.75,1000.0,-47.75,51.25,206.0,2.2379,-0.2443,LOCK,0,normal
22501,3368527,1792,239765.0,-0.1287,-0.0195,-0.9009,0.91026,1047.76,1000.0,-47.76,51.25,206.0,2.2369,-0.2583,LOCK,0,normal
22502,3368535,1800,239773.0,0.1053,0.0819,-0.7878,0.79901,1047.77,1000.0,-47.77,51.25,206.0,2.2317,-0.338,LOCK,0,normal
22503,3368554,1819,239792.0,0.0117,0.0702,-0.7722,0.77547,1047.78,1000.0,-47.78,51.25,206.0,2.234,-0.3032,LOCK,0,normal
22504,3368563,1828,239801.0,0.273,0.1989,-0.7371,0.81081,1047.79,1000.0,-47.79,51.25,206.0,2.2233,-0.465,LOCK,0,normal
22505,3368571,1836,239809.0,0.156,0.0351,-0.7449,0.76187,1047.8,1000.0,-47.8,51.25,206.0,2.2267,-0.4143,LOCK,0,normal
22506,3368579,1844,239817.0,0.156,0.0351,-0.7449,0.76187,1047.81,1000.0,-47.81,51.25,206.0,2.2171,-0.5584,LOCK,0,normal
22507,3368591,1856,239829.0,0.1794,-0.1326,-0.7683,0.80003,1047.81,1000.0,-47.81,51.25,206.0,2.2364,-0.2666,LOCK,0,normal
22508,3368600,1865,239838.0,0.1794,-0.1326,-0.7683,0.80003,1047.82,1000.0,-47.82,51.25,206.0,2.2335,-0.3109,LOCK,0,normal
22509,3368608,1873,239846.0,0.0546,0.0624,-0.8346,0.83871,1047.82,1000.0,-47.82,51.25,206.0,2.2344,-0.2965,LOCK,0,normal
22510,3368617,1882,239855.0,-0.0273,-0.1053,-0.7995,0.80687,1047.83,1000.0,-47.83,51.25,206.0,2.2328,-0.3215,LOCK,0,normal
22511,3368625,1890,239863.0,0.1716,0.2418,-0.7761,0.83081,1047.83,1000.0,-47.83,51.25,206.0,2.2372,-0.2547,LOCK,0,normal
22512,3368644,1909,239882.0,0.0234,0.1521,-0.7332,0.74918,1047.83,1000.0,-47.83,51.25,206.0,2.2279,-0.396,LOCK,0,normal
22513,3368652,1917,239890.0,0.0234,0.1521,-0.7332,0.74918,1047.83,1000.0,-47.83,51.25,206.0,2.2169,-0.5615,LOCK,0,normal
22514,3368661,1926,239899.0,0.078,-0.0741,-0.7839,0.79125,1047.83,1000.0,-47.83,51.25,206.0,2.209,-0.6823,LOCK,0,normal
22515,3368669,1934,239907.0,0.1287,0.234,-0.7839,0.82814,1047.83,1000.0,-47.83,51.25,206.0,2.221,-0.4998,LOCK,0,normal
22516,3368701,1966,239939.0,-0.2262,0.0039,-0.741,0.77477,1047.81,1000.0,-47.81,51.25,206.0,2.2359,-0.2736,LOCK,0,normal
22517,3368709,1974,239947.0,0.0663,-0.1638,-0.7995,0.8188,1047.8,1000.0,-47.8,51.25,206.0,2.2384,-0.2367,LOCK,0,normal
22518,3368718,1983,239956.0,0.1092,0.0897,-0.8463,0.85802,1047.79,1000.0,-47.79,51.25,206.0,2.2332,-0.3157,LOCK,0,normal
22519,3368726,1991,239964.0,0.0507,0.0156,-0.819,0.82072,1047.78,1000.0,-47.78,51.25,206.0,2.2336,-0.3093,LOCK,0,normal
22520,3368735,2000,239973.0,0.1053,0.1911,-0.7566,0.78743,1047.77,1000.0,-47.77,51.25,206.0,2.2341,-0.302,LOCK,0,normal
22521,3368754,2019,239992.0,-0.1794,-0.3237,-0.6747,0.76954,1047.76,1000.0,-47.76,51.25,206.0,2.2387,-0.2318,LOCK,0,normal
22522,3368762,2027,240000.0,-0.0156,0.2184,-0.78,0.81015,1047.74,1000.0,-47.74,51.25,206.0,2.2203,-0.5102,LOCK,0,normal
22523,3368771,2036,240009.0,0.1365,0.1014,-0.819,0.83647,1047.73,1000.0,-47.73,51.25,206.0,2.2187,-0.5349,LOCK,0,normal
22524,3368779,2044,240017.0,0.039,0.2067,-0.7722,0.80034,1047.72,1000.0,-47.72,51.25,206.0,2.2231,-0.4681,LOCK,0,normal
22525,3368788,2053,240026.0,0.0546,-0.1092,-0.7761,0.78564,1047.71,1000.0,-47.71,51.25,206.0,2.2197,-0.5196,LOCK,0,normal
22526,3368806,2071,240044.0,0.0741,0.1755,-0.7527,0.77643,1047.69,1000.0,-47.69,51.25,206.0,2.2391,-0.2251,LOCK,0,normal
22527,3368815,2080,240053.0,-0.156,0.0195,-0.7293,0.74605,1047.67,1000.0,-47.67,51.25,206.0,2.237,-0.2568,LOCK,0,normal
22528,3368823,2088,240061.0,0.1287,-0.1248,-0.8775,0.89563,1047.66,1000.0,-47.66,51.25,206.0,2.2383,-0.2379,LOCK,0,normal
22529,3368832,2097,240070.0,0.1833,0.0507,-0.8073,0.8294,1047.64,1000.0,-47.64,51.25,206.0,2.236,-0.2733,LOCK,0,normal
22530,3368840,2105,240078.0,-0.0195,-0.0273,-0.7527,0.75345,1047.63,1000.0,-47.63,51.25,206.0,2.2283,-0.3887,LOCK,0,normal
22531,3368859,2124,240097.0,0.0819,0.0702,-0.741,0.74881,1047.6,1000.0,-47.6,51.25,206.0,2.2335,-0.3109,LOCK,0,normal
22532,3368868,2133,240106.0,0.0819,0.0702,-0.741,0.74881,1047.57,1000.0,-47.57,51.25,206.0,2.2222,-0.4824,LOCK,0,normal
22533,3368876,2141,240114.0,-0.1014,0.273,-0.8658,0.91347,1047.55,1000.0,-47.55,51.25,206.0,2.2174,-0.5544,LOCK,0,normal
22534,3368885,2150,240123.0,0.1677,-0.1638,-0.8073,0.84065,1047.53,1000.0,-47.53,51.25,206.0,2.2216,-0.4906,LOCK,0,normal
22535,3368893,2158,240131.0,-0.0156,0.1443,-0.8034,0.81641,1047.51,1000.0,-47.51,51.25,206.0,2.2222,-0.4821,LOCK,0,normal
22536,3368917,2182,240155.0,0.1599,0.1053,-0.8034,0.8259,1047.47,1000.0,-47.47,51.25,206.0,2.237,-0.258,LOCK,0,normal
22537,3368925,2190,240163.0,0.078,0.2145,-0.858,0.88784,1047.44,1000.0,-47.44,51.25,206.0,2.2386,-0.2333,LOCK,0,normal
22538,3368934,2199,240172.0,-0.039,-0.0234,-0.8853,0.88647,1047.41,1000.0,-47.41,51.25,206.0,2.2375,-0.2495,LOCK,0,normal
22539,3368942,2207,240180.0,0.0585,0.0507,-0.7527,0.75667,1047.38,1000.0,-47.38,51.25,206.0,2.2345,-0.2956,LOCK,0,normal
22540,3368951,2216,240189.0,0.0156,-0.0156,-0.8112,0.8115,1047.36,1000.0,-47.36,51.25,206.0,2.2359,-0.2739,LOCK,0,normal
22541,3368969,2234,240207.0,0.0468,0.0,-0.78,0.7814,1047.31,1000.0,-47.31,51.25,206.0,2.2349,-0.2892,LOCK,0,normal
22542,3368978,2243,240216.0,0.0039,-0.0936,-0.6981,0.70436,1047.27,1000.0,-47.27,51.25,206.0,2.2212,-0.4977,LOCK,0,normal
22543,3368986,2251,240224.0,-0.2223,-0.0507,-0.7917,0.82388,1047.23,1000.0,-47.23,51.25,206.0,2.2251,-0.4372,LOCK,0,normal
22544,3368995,2260,240233.0,0.0507,-0.2145,-0.8385,0.86698,1047.2,1000.0,-47.2,51.25,206.0,2.2304,-0.3573,LOCK,0,normal
22545,3369003,2268,240241.0,0.039,0.0,-0.8502,0.85109,1047.17,1000.0,-47.17,51.25,206.0,2.2233,-0.4653,LOCK,0,normal
22546,3369052,2317,240290.0,-0.0078,0.0078,-0.7956,0.79568,1047.12,1000.0,-47.12,51.25,206.0,2.2396,-0.2181,LOCK,0,normal
22547,3369060,2325,240298.0,0.2925,0.0468,-0.7449,0.80164,1047.07,1000.0,-47.07,51.25,206.0,2.2381,-0.2416,LOCK,0,normal
22548,3369069,2334,240307.0,-0.0039,0.0663,-0.8463,0.8489,1047.03,1000.0,-47.03,51.25,206.0,2.2368,-0.2605,LOCK,0,normal
22549,3369077,2342,240315.0,0.0117,0.0936,-0.7878,0.79343,1046.99,1000.0,-46.99,51.25,206.0,2.2335,-0.3112,LOCK,0,normal
22550,3369086,2351,240324.0,0.0429,0.1326,-0.7605,0.77316,1046.93,1000.0,-46.93,51.25,206.0,2.2305,-0.3554,LOCK,0,normal
22551,3369104,2369,240342.0,-0.1092,-0.0117,-0.7722,0.77997,1046.89,1000.0,-46.89,51.25,206.0,2.2373,-0.2532,LOCK,0,normal
22552,3369118,2383,240356.0,0.0858,-0.1326,-0.8463,0.86091,1046.84,1000.0,-46.84,51.25,206.0,2.235,-0.2883,LOCK,0,normal
22553,3369126,2391,240364.0,0.0156,-0.1209,-0.8073,0.81645,1046.8,1000.0,-46.8,51.25,206.0,2.2022,-0.7852,LOCK,0,normal
22554,3369135,2400,240373.0,0.0156,-0.1209,-0.8073,0.81645,1046.77,1000.0,-46.77,51.25,206.0,2.2225,-0.4778,LOCK,0,normal
22555,3369143,2408,240381.0,0.1521,0.2301,-0.7293,0.77972,1046.71,1000.0,-46.71,51.25,206.0,2.2255,-0.4323,LOCK,0,normal
22556,3369152,2417,240390.0,0.0546,-0.2574,-0.663,0.71331,1046.66,1000.0,-46.66,51.25,206.0,2.2373,-0.2526,LOCK,0,normal
22557,3369171,2436,240409.0,0.039,0.0312,-0.7137,0.71545,1046.62,1000.0,-46.62,51.25,206.0,2.2156,-0.5825,LOCK,0,normal
22558,3369179,2444,240417.0,-0.0234,0.0351,-0.8385,0.83956,1046.58,1000.0,-46.58,51.25,206.0,2.2267,-0.4137,LOCK,0,normal
22559,3369188,2453,240426.0,0.1131,-0.0312,-0.7488,0.75794,1046.54,1000.0,-46.54,51.25,206.0,2.2249,-0.4406,LOCK,0,normal
22560,3369196,2461,240434.0,0.1131,-0.0312,-0.7488,0.75794,1046.51,1000.0,-46.51,51.25,206.0,2.2219,-0.4867,LOCK,0,normal
22561,3369209,2474,240447.0,-0.0858,-0.4407,-0.7488,0.87309,1046.45,1000.0,-46.45,51.25,206.0,2.2386,-0.2336,LOCK,0,normal
22562,3369218,2483,240456.0,0.0546,0.1287,-0.8346,0.84623,1046.4,1000.0,-46.4,51.25,206.0,2.2357,-0.277,LOCK,0,normal
22563,3369226,2491,240464.0,0.0546,0.1287,-0.8346,0.84623,1046.36,1000.0,-46.36,51.25,206.0,2.2362,-0.2703,LOCK,0,normal
22564,3369235,2500,240473.0,-0.0429,-0.1677,-0.8502,0.86764,1046.32,1000.0,-46.32,51.25,206.0,2.2358,-0.2764,LOCK,0,normal
22565,3369243,2508,240481.0,0.0,-0.0078,-0.8073,0.80734,1046.29,1000.0,-46.29,51.25,206.0,2.2353,-0.2828,LOCK,0,normal
22566,3369262,2527,240500.0,0.0663,-0.0468,-0.7254,0.72993,1046.23,1000.0,-46.23,51.25,206.0,2.2197,-0.5196,LOCK,0,normal
22567,3369270,2535,240508.0,-0.1248,0.2106,-0.8424,0.87725,1046.19,1000.0,-46.19,51.25,206.0,2.2219,-0.4864,LOCK,0,normal
22568,3369279,2544,240517.0,-0.1248,0.2106,-0.8424,0.87725,1046.14,1000.0,-46.14,51.25,206.0,2.2244,-0.4485,LOCK,0,normal
22569,3369287,2552,240525.0,0.1521,-0.0468,-0.7878,0.80371,1046.11,1000.0,-46.11,51.25,206.0,2.2149,-0.5926,LOCK,0,normal
22570,3369309,2574,240547.0,0.1014,-0.1209,-0.7605,0.7767,1046.07,1000.0,-46.07,51.25,206.0,2.2353,-0.2828,LOCK,0,normal
22571,3369322,2587,240560.0,-0.1638,-0.0663,-0.7176,0.73904,1046.02,1000.0,-46.02,51.25,206.0,2.2366,-0.2635,LOCK,0,normal
22572,3369331,2596,240569.0,0.0936,0.1131,-0.7722,0.78603,1045.97,1000.0,-45.97,51.25,206.0,2.2089,-0.683,LOCK,0,normal
22573,3369339,2604,240577.0,0.0936,0.1131,-0.7722,0.78603,1045.93,1000.0,-45.93,51.25,206.0,2.2298,-0.3664,LOCK,0,normal
22574,3369347,2612,240585.0,0.2262,-0.0351,-0.7917,0.82413,1045.89,1000.0,-45.89,51.25,206.0,2.2199,-0.516,LOCK,0,normal
22575,3369356,2621,240594.0,0.0273,0.2028,-0.7683,0.79508,1045.86,1000.0,-45.86,51.25,206.0,2.2324,-0.3273,LOCK,0,normal
22576,3369375,2640,240613.0,0.0858,0.195,-0.6864,0.7187,1045.82,1000.0,-45.82,51.25,206.0,2.235,-0.288,LOCK,0,normal
22577,3369383,2648,240621.0,-0.2223,0.0897,-0.7332,0.77139,1045.78,1000.0,-45.78,51.25,206.0,2.2378,-0.2452,LOCK,0,normal
22578,3369392,2657,240630.0,0.1326,-0.0507,-0.7917,0.80433,1045.75,1000.0,-45.75,51.25,206.0,2.2378,-0.2461,LOCK,0,normal
22579,3369400,2665,240638.0,0.1326,-0.0507,-0.7917,0.80433,1045.72,1000.0,-45.72,51.25,206.0,2.2349,-0.2892,LOCK,0,normal
22580,3369409,2674,240647.0,0.1092,0.0663,-0.8931,0.90219,1045.69,1000.0,-45.69,51.25,206.0,2.236,-0.2733,LOCK,0,normal
22581,3369428,2693,240666.0,0.0975,0.3003,-0.7644,0.82704,1045.64,1000.0,-45.64,51.25,206.0,2.215,-0.5902,LOCK,0,normal
22582,3369436,2701,240674.0,0.0,0.2067,-0.7878,0.81447,1045.6,1000.0,-45.6,51.25,206.0,2.2241,-0.4537,LOCK,0,normal
22583,3369445,2710,240683.0,-0.117,0.2457,-0.8502,0.89269,1045.56,1000.0,-45.56,51.25,206.0,2.2243,-0.4497,LOCK,0,normal
22584,3369453,2718,240691.0,-0.117,0.2457,-0.8502,0.89269,1045.53,1000.0,-45.53,51.25,206.0,2.2341,-0.3017,LOCK,0,normal
22585,3369462,2727,240700.0,-0.0975,-0.0858,-0.8073,0.81768,1045.5,1000.0,-45.5,51.25,206.0,2.2373,-0.2532,LOCK,0,normal
22586,3369480,2745,240718.0,-0.1053,-0.0663,-0.7059,0.71678,1045.47,1000.0,-45.47,51.25,206.0,2.2154,-0.5844,LOCK,0,normal
22587,3369489,2754,240727.0,0.1638,0.0819,-0.78,0.80121,1045.43,1000.0,-45.43,51.25,206.0,2.2213,-0.4955,LOCK,0,normal
22588,3369497,2762,240735.0,-0.1053,-0.0273,-0.858,0.86487,1045.4,1000.0,-45.4,51.25,206.0,2.2235,-0.4623,LOCK,0,normal
22589,3369506,2771,240744.0,0.0936,-0.0975,-0.8658,0.87629,1045.36,1000.0,-45.36,51.25,206.0,2.2205,-0.5074,LOCK,0,normal
22590,3369515,2780,240753.0,0.0936,-0.0975,-0.8658,0.87629,1045.33,1000.0,-45.33,51.25,206.0,2.2369,-0.2596,LOCK,0,normal
22591,3369538,2803,240776.0,0.1911,0.2184,-0.78,0.83224,1045.31,1000.0,-45.31,51.25,206.0,2.2346,-0.2947,LOCK,0,normal
22592,3369547,2812,240785.0,0.1443,0.1911,-0.819,0.85329,1045.27,1000.0,-45.27,51.25,206.0,2.2388,-0.2303,LOCK,0,normal
22593,3369555,2820,240793.0,0.1443,0.1911,-0.819,0.85329,1045.24,1000.0,-45.24,51.25,206.0,2.2367,-0.2614,LOCK,0,normal
22594,3369564,2829,240802.0,-0.0156,0.2457,-0.78,0.81793,1045.21,1000.0,-45.21,51.25,206.0,2.2281,-0.3917,LOCK,0,normal
22595,3369572,2837,240810.0,0.1014,-0.1638,-0.7878,0.81101,1045.18,1000.0,-45.18,51.25,206.0,2.23,-0.3631,LOCK,0,normal
22596,3369591,2856,240829.0,0.1014,-0.0039,-0.8151,0.82139,1045.16,1000.0,-45.16,51.25,206.0,2.2098,-0.6695,LOCK,0,normal
22597,3369599,2864,240837.0,0.1521,0.1404,-0.7839,0.81077,1045.13,1000.0,-45.13,51.25,206.0,2.2213,-0.4955,LOCK,0,normal
22598,3369608,2873,240846.0,-0.0975,0.1794,-0.702,0.73109,1045.1,1000.0,-45.1,51.25,206.0,2.214,-0.6066,LOCK,0,normal
22599,3369616,2881,240854.0,-0.0975,0.1794,-0.702,0.73109,1045.07,1000.0,-45.07,51.25,206.0,2.2275,-0.4009,LOCK,0,normal
22600,3369667,2932,240905.0,-0.1053,0.0039,-0.7605,0.76777,1045.03,1000.0,-45.03,51.25,206.0,2.2393,-0.2232,LOCK,0,normal
22601,3369676,2941,240914.0,-0.078,0.2613,-0.741,0.78958,1045.0,1000.0,-45.0,51.25,206.0,2.2363,-0.2684,LOCK,0,normal
22602,3369684,2949,240922.0,0.0702,-0.156,-0.8385,0.85577,1044.97,1000.0,-44.97,51.25,206.0,2.2387,-0.2318,LOCK,0,normal
22603,3369693,2958,240931.0,0.0897,0.156,-0.7566,0.77771,1044.94,1000.0,-44.94,51.25,206.0,2.2373,-0.2526,LOCK,0,normal
22604,3369702,2967,240940.0,-0.0234,-0.0624,-0.8346,0.83726,1044.91,1000.0,-44.91,51.25,206.0,2.2339,-0.3048,LOCK,0,normal
22605,3369720,2985,240958.0,0.1053,0.2808,-0.7761,0.83203,1044.89,1000.0,-44.89,51.25,206.0,2.2313,-0.3435,LOCK,0,normal
22606,3369729,2994,240967.0,0.2184,0.117,-0.6786,0.72242,1044.87,1000.0,-44.87,51.25,206.0,2.2379,-0.2434,LOCK,0,normal
22607,3369742,3007,240980.0,0.0312,0.0936,-0.7566,0.76301,1044.85,1000.0,-44.85,51.25,206.0,2.2257,-0.4281,LOCK,0,normal
22608,3369751,3016,240989.0,0.0312,0.0936,-0.7566,0.76301,1044.84,1000.0,-44.84,51.25,206.0,2.2217,-0.4888,LOCK,0,normal
22609,3369759,3024,240997.0,0.0234,0.0429,-0.7995,0.80099,1044.82,1000.0,-44.82,51.25,206.0,2.235,-0.2886,LOCK,0,normal
22610,3369768,3033,241006.0,0.039,0.1521,-0.7566,0.77272,1044.81,1000.0,-44.81,51.25,206.0,2.2338,-0.3066,LOCK,0,normal
22611,3369776,3041,241014.0,0.0468,-0.0663,-0.78,0.78421,1044.78,1000.0,-44.78,51.25,206.0,2.2299,-0.3646,LOCK,0,normal
22612,3369795,3060,241033.0,0.1092,-0.1404,-0.9048,0.92212,1044.76,1000.0,-44.76,51.25,206.0,2.2146,-0.5963,LOCK,0,normal
22613,3369804,3069,241042.0,0.0624,-0.0897,-0.8229,0.83012,1044.73,1000.0,-44.73,51.25,206.0,2.2188,-0.5334,LOCK,0,normal
22614,3369812,3077,241050.0,0.0624,-0.0897,-0.8229,0.83012,1044.71,1000.0,-44.71,51.25,206.0,2.2205,-0.508,LOCK,0,normal
22615,3369821,3086,241059.0,0.0156,-0.1014,-0.8541,0.86024,1044.69,1000.0,-44.69,51.25,206.0,2.237,-0.2574,LOCK,0,normal
22616,3369829,3094,241067.0,0.1521,0.2691,-0.7527,0.8137,1044.66,1000.0,-44.66,51.25,206.0,2.2386,-0.2339,LOCK,0,normal
22617,3369848,3113,241086.0,-0.0546,0.0624,-0.9087,0.91247,1044.63,1000.0,-44.63,51.25,206.0,2.236,-0.2727,LOCK,0,normal
22618,3369856,3121,241094.0,0.195,-0.0273,-0.7644,0.78935,1044.61,1000.0,-44.61,51.25,206.0,2.2373,-0.2529,LOCK,0,normal
22619,3369865,3130,241103.0,0.0,0.1092,-0.8463,0.85332,1044.58,1000.0,-44.58,51.25,206.0,2.2365,-0.2654,LOCK,0,normal
22620,3369873,3138,241111.0,0.0,0.1092,-0.8463,0.85332,1044.56,1000.0,-44.56,51.25,206.0,2.2265,-0.4171,LOCK,0,normal
22621,3369882,3147,241120.0,0.0312,0.0039,-0.7254,0.72608,1044.54,1000.0,-44.54,51.25,206.0,2.2182,-0.5419,LOCK,0,normal
22622,3369900,3165,241138.0,-0.1365,-0.1755,-0.6708,0.70669,1044.5,1000.0,-44.5,51.25,206.0,2.2248,-0.4421,LOCK,0,normal
22623,3369909,3174,241147.0,0.0663,-0.0234,-0.7878,0.79093,1044.46,1000.0,-44.46,51.25,206.0,2.2216,-0.4913,LOCK,0,normal
22624,3369923,3188,241161.0,0.2067,-0.0936,-0.7215,0.75634,1044.43,1000.0,-44.43,51.25,206.0,2.2397,-0.2165,LOCK,0,normal
22625,3369931,3196,241169.0,0.1209,0.0078,-0.8385,0.84721,1044.4,1000.0,-44.4,51.25,206.0,2.2292,-0.3759,LOCK,0,normal
22626,3369945,3210,241183.0,0.0858,-0.0429,-0.8502,0.85559,1044.37,1000.0,-44.37,51.25,206.0,2.2121,-0.6347,LOCK,0,normal
22627,3369953,3218,241191.0,0.0039,0.2379,-0.7176,0.75602,1044.33,1000.0,-44.33,51.25,206.0,2.2201,-0.5142,LOCK,0,normal
22628,3369961,3226,241199.0,-0.1482,0.1248,-0.819,0.84161,1044.3,1000.0,-44.3,51.25,206.0,2.2255,-0.4314,LOCK,0,normal
22629,3369970,3235,241208.0,0.1482,-0.0468,-0.7332,0.74949,1044.27,1000.0,-44.27,51.25,206.0,2.2349,-0.2895,LOCK,0,normal
22630,3369979,3244,241217.0,0.0897,0.0234,-0.897,0.90178,1044.24,1000.0,-44.24,51.25,206.0,2.2365,-0.2651,LOCK,0,normal
22631,3369997,3262,241235.0,0.039,-0.0234,-0.7527,0.75407,1044.21,1000.0,-44.21,51.25,206.0,2.2361,-0.2706,LOCK,0,normal
22632,3370006,3271,241244.0,0.1287,0.3549,-0.7488,0.83858,1044.16,1000.0,-44.16,51.25,206.0,2.237,-0.2568,LOCK,0,normal
22633,3370014,3279,241252.0,0.2262,0.2847,-0.6903,0.78021,1044.11,1000.0,-44.11,51.25,206.0,2.2357,-0.2767,LOCK,0,normal
22634,3370023,3288,241261.0,-0.1326,0.3237,-0.9165,0.98099,1044.07,1000.0,-44.07,51.25,206.0,2.2318,-0.3368,LOCK,0,normal
22635,3370031,3296,241269.0,-0.0819,-0.2145,-0.7761,0.80935,1044.04,1000.0,-44.04,51.25,206.0,2.2367,-0.2623,LOCK,0,normal
22636,3370050,3315,241288.0,-0.0975,0.0663,-0.6864,0.69645,1044.0,1000.0,-44.0,51.25,206.0,2.2187,-0.5349,LOCK,0,normal
22637,3370059,3324,241297.0,-0.0975,0.0663,-0.6864,0.69645,1043.97,1000.0,-43.97,51.25,206.0,2.2207,-0.505,LOCK,0,normal
22638,3370067,3332,241305.0,0.234,0.1053,-0.7488,0.79155,1043.91,1000.0,-43.91,51.25,206.0,2.2312,-0.3457,LOCK,0,normal
22639,3370076,3341,241314.0,-0.0936,0.0,-0.8073,0.81271,1043.85,1000.0,-43.85,51.25,206.0,2.2377,-0.2471,LOCK,0,normal
22640,3370084,3349,241322.0,0.0897,-0.1209,-0.858,0.87111,1043.79,1000.0,-43.79,51.25,206.0,2.2362,-0.269,LOCK,0,normal
22641,3370103,3368,241341.0,-0.0039,-0.1365,-0.7956,0.80723,1043.75,1000.0,-43.75,51.25,206.0,2.2048,-0.7452,LOCK,0,normal
22642,3370111,3376,241349.0,0.1365,0.1365,-0.7722,0.79596,1043.7,1000.0,-43.7,51.25,206.0,2.2265,-0.4174,LOCK,0,normal
22643,3370120,3385,241358.0,0.1365,0.1365,-0.7722,0.79596,1043.64,1000.0,-43.64,51.25,206.0,2.2167,-0.5651,LOCK,0,normal
22644,3370128,3393,241366.0,0.2184,0.2028,-0.819,0.87154,1043.58,1000.0,-43.58,51.25,206.0,2.2381,-0.2416,LOCK,0,normal
22645,3370137,3402,241375.0,-0.1326,0.117,-0.7761,0.79599,1043.53,1000.0,-43.53,51.25,206.0,2.2375,-0.2507,LOCK,0,normal
22646,3370161,3426,241399.0,0.0741,0.156,-0.819,0.83701,1043.48,1000.0,-43.48,51.25,206.0,2.2348,-0.2904,LOCK,0,normal
22647,3370169,3434,241407.0,0.0,-0.1443,-0.78,0.79324,1043.44,1000.0,-43.44,51.25,206.0,2.2328,-0.3215,LOCK,0,normal
22648,3370178,3443,241416.0,0.2028,0.1326,-0.7527,0.79074,1043.36,1000.0,-43.36,51.25,206.0,2.2331,-0.3167,LOCK,0,normal
22649,3370186,3451,241424.0,-0.3159,0.1638,-0.6552,0.74559,1043.29,1000.0,-43.29,51.25,206.0,2.2359,-0.2742,LOCK,0,normal
22650,3370195,3460,241433.0,0.0858,0.1248,-0.8112,0.82522,1043.23,1000.0,-43.23,51.25,206.0,2.2345,-0.2962,LOCK,0,normal
22651,3370213,3478,241451.0,0.0117,-0.0117,-0.7995,0.79967,1043.18,1000.0,-43.18,51.25,206.0,2.2233,-0.4647,LOCK,0,normal
22652,3370222,3487,241460.0,0.0117,-0.0117,-0.7995,0.79967,1043.13,1000.0,-43.13,51.25,206.0,2.2207,-0.5053,LOCK,0,normal
22653,3370230,3495,241468.0,0.0585,0.0039,-0.8034,0.80554,1043.08,1000.0,-43.08,51.25,206.0,2.2199,-0.5172,LOCK,0,normal
22654,3370239,3504,241477.0,0.1248,0.2808,-0.8112,0.86745,1043.0,1000.0,-43.0,51.25,206.0,2.2206,-0.5062,LOCK,0,normal
22655,3370280,3545,241518.0,0.0312,-0.1326,-0.7878,0.79949,1042.92,1000.0,-42.92,51.25,206.0,2.2309,-0.3496,LOCK,0,normal
22656,3370289,3554,241527.0,0.1404,0.312,-0.7839,0.85531,1042.86,1000.0,-42.86,51.25,206.0,2.2308,-0.3521,LOCK,0,normal
22657,3370297,3562,241535.0,0.1521,0.3003,-0.7839,0.85312,1042.75,1000.0,-42.75,51.25,206.0,2.2314,-0.342,LOCK,0,normal
22658,3370306,3571,241544.0,-0.117,0.1599,-0.8853,0.9072,1042.66,1000.0,-42.66,51.25,206.0,2.2398,-0.2156,LOCK,0,normal
22659,3370314,3579,241552.0,-0.117,0.1599,-0.8853,0.9072,1042.58,1000.0,-42.58,51.25,206.0,2.2352,-0.2849,LOCK,0,normal
22660,3370333,3598,241571.0,0.0078,-0.0156,-0.8853,0.88547,1042.5,1000.0,-42.5,51.25,206.0,2.2337,-0.3081,LOCK,0,normal
22661,3370342,3607,241580.0,0.0312,-0.0039,-0.7605,0.76115,1042.43,1000.0,-42.43,51.25,206.0,2.2266,-0.4156,LOCK,0,normal
22662,3370350,3615,241588.0,0.273,-0.1365,-0.8151,0.87037,1042.33,1000.0,-42.33,51.25,206.0,2.2248,-0.4421,LOCK,0,normal
22663,3370364,3629,241602.0,0.0,0.0546,-0.6981,0.70023,1042.24,1000.0,-42.24,51.25,206.0,2.22,-0.5145,LOCK,0,normal
22664,3370372,3637,241610.0,0.0195,-0.0702,-0.8658,0.86886,1042.16,1000.0,-42.16,51.25,206.0,2.2244,-0.4488,LOCK,0,normal
22665,3370381,3646,241619.0,0.1326,0.0858,-0.7605,0.77673,1042.09,1000.0,-42.09,51.25,206.0,2.2361,-0.2715,LOCK,0,normal
22666,3370389,3654,241627.0,0.0624,-0.0897,-0.8073,0.81466,1042.02,1000.0,-42.02,51.25,206.0,2.2356,-0.2782,LOCK,0,normal
22667,3370398,3663,241636.0,0.0624,-0.0897,-0.8073,0.81466,1041.96,1000.0,-41.96,51.25,206.0,2.2047,-0.7467,LOCK,0,normal
22668,3370416,3681,241654.0,0.0819,0.3588,-0.7332,0.82038,1041.86,1000.0,-41.86,51.25,206.0,2.2229,-0.4708,LOCK,0,normal
22669,3370425,3690,241663.0,-0.1677,0.0936,-0.7683,0.79194,1041.76,1000.0,-41.76,51.25,206.0,2.2232,-0.4671,LOCK,0,normal
22670,3370433,3698,241671.0,0.0117,-0.1209,-0.7527,0.76244,1041.67,1000.0,-41.67,51.25,206.0,2.2402,-0.2086,LOCK,0,normal
22671,3370442,3707,241680.0,0.0702,-0.1677,-0.9048,0.92288,1041.59,1000.0,-41.59,51.25,206.0,2.2404,-0.2065,LOCK,0,normal
22672,3370450,3715,241688.0,-0.0156,0.1014,-0.8034,0.80992,1041.52,1000.0,-41.52,51.25,206.0,2.234,-0.3029,LOCK,0,normal
22673,3370469,3734,241707.0,0.1287,0.1248,-0.7839,0.80414,1041.41,1000.0,-41.41,51.25,206.0,2.2376,-0.2492,LOCK,0,normal
22674,3370478,3743,241716.0,0.0702,0.2028,-0.7215,0.75274,1041.31,1000.0,-41.31,51.25,206.0,2.238,-0.2422,LOCK,0,normal
22675,3370486,3751,241724.0,-0.1521,0.2418,-0.8619,0.90801,1041.22,1000.0,-41.22,51.25,206.0,2.2153,-0.5859,LOCK,0,normal
22676,3370495,3760,241733.0,-0.0351,-0.0624,-0.7878,0.79105,1041.14,1000.0,-41.14,51.25,206.0,2.2131,-0.6198,LOCK,0,normal
22677,3370503,3768,241741.0,0.0312,0.1365,-0.7995,0.81167,1041.07,1000.0,-41.07,51.25,206.0,2.2274,-0.403,LOCK,0,normal
22678,3370522,3787,241760.0,0.1287,0.2574,-0.7839,0.83506,1040.96,1000.0,-40.96,51.25,206.0,2.2127,-0.6265,LOCK,0,normal
22679,3370537,3802,241775.0,-0.0702,-0.0273,-0.8658,0.86907,1040.85,1000.0,-40.85,51.25,206.0,2.2397,-0.2162,LOCK,0,normal
22680,3370545,3810,241783.0,0.1053,0.0663,-0.8073,0.81683,1040.76,1000.0,-40.76,51.25,206.0,2.2397,-0.2165,LOCK,0,normal
22681,3370554,3819,241792.0,0.0585,-0.1287,-0.8385,0.85033,1040.68,1000.0,-40.68,51.25,206.0,2.2358,-0.2758,LOCK,0,normal
22682,3370567,3832,241805.0,-0.0039,0.0936,-0.78,0.78561,1040.6,1000.0,-40.6,51.25,206.0,2.235,-0.2877,LOCK,0,normal
22683,3370576,3841,241814.0,0.195,0.1092,-0.7683,0.80015,1040.53,1000.0,-40.53,51.25,206.0,2.2351,-0.2858,LOCK,0,normal
22684,3370584,3849,241822.0,0.3276,0.0741,-0.741,0.81357,1040.44,1000.0,-40.44,51.25,206.0,2.2393,-0.2229,LOCK,0,normal
22685,3370593,3858,241831.0,0.3276,0.0741,-0.741,0.81357,1040.36,1000.0,-40.36,51.25,206.0,2.237,-0.2571,LOCK,0,normal
22686,3370601,3866,241839.0,-0.0468,0.1755,-0.8307,0.85033,1040.29,1000.0,-40.29,51.25,206.0,2.2372,-0.255,LOCK,0,normal
22687,3370610,3875,241848.0,0.0585,-0.2535,-0.7917,0.83335,1040.23,1000.0,-40.23,51.25,206.0,2.2167,-0.5645,LOCK,0,normal
22688,3370629,3894,241867.0,-0.0234,-0.0702,-0.7293,0.73304,1040.17,1000.0,-40.17,51.25,206.0,2.2202,-0.512,LOCK,0,normal
22689,3370637,3902,241875.0,0.0585,0.0039,-0.7644,0.76665,1040.08,1000.0,-40.08,51.25,206.0,2.2335,-0.3102,LOCK,0,normal
22690,3370646,3911,241884.0,-0.0975,-0.1014,-0.6669,0.68157,1040.0,1000.0,-40.0,51.25,206.0,2.2359,-0.2748,LOCK,0,normal
22691,3370654,3919,241892.0,-0.0975,-0.1014,-0.6669,0.68157,1039.93,1000.0,-39.93,51.25,206.0,2.2397,-0.2168,LOCK,0,normal
22692,3370663,3928,241901.0,-0.0117,0.1131,-0.8424,0.85004,1039.86,1000.0,-39.86,51.25,206.0,2.2388,-0.2309,LOCK,0,normal
22693,3370681,3946,241919.0,-0.0468,0.1599,-0.7839,0.80141,1039.8,1000.0,-39.8,51.25,206.0,2.2367,-0.262,LOCK,0,normal
22694,3370690,3955,241928.0,0.0507,0.0312,-0.8268,0.82894,1039.75,1000.0,-39.75,51.25,206.0,2.2322,-0.3304,LOCK,0,normal
22695,3370699,3964,241937.0,0.0312,0.1404,-0.7683,0.78165,1039.67,1000.0,-39.67,51.25,206.0,2.2335,-0.3102,LOCK,0,normal
22696,3370707,3972,241945.0,-0.1365,0.0273,-0.7098,0.72332,1039.6,1000.0,-39.6,51.25,206.0,2.2184,-0.5389,LOCK,0,normal
22697,3370716,3981,241954.0,-0.1365,0.0273,-0.7098,0.72332,1039.54,1000.0,-39.54,51.25,206.0,2.2206,-0.5065,LOCK,0,normal
22698,3370734,3999,241972.0,0.2457,0.1209,-0.8151,0.85987,1039.49,1000.0,-39.49,51.25,206.0,2.2222,-0.4818,LOCK,0,normal
22699,3370743,4008,241981.0,-0.0741,0.0663,-0.7956,0.80179,1039.44,1000.0,-39.44,51.25,206.0,2.2342,-0.2996,LOCK,0,normal
22700,3370752,4017,241990.0,0.1716,0.0819,-0.7566,0.78013,1039.4,1000.0,-39.4,51.25,206.0,2.2364,-0.2666,LOCK,0,normal
22701,3370760,4025,241998.0,0.0897,0.0156,-0.78,0.7853,1039.34,1000.0,-39.34,51.25,206.0,2.2351,-0.2864,LOCK,0,normal
22702,3370774,4039,242012.0,-0.0663,0.1911,-0.8151,0.83982,1039.28,1000.0,-39.28,51.25,206.0,2.2359,-0.2736,LOCK,0,normal
22703,3370782,4047,242020.0,0.2067,0.0156,-0.7683,0.79577,1039.24,1000.0,-39.24,51.25,206.0,2.2364,-0.2666,LOCK,0,normal
22704,3370791,4056,242029.0,-0.0936,0.2379,-0.8385,0.87661,1039.19,1000.0,-39.19,51.25,206.0,2.2375,-0.2507,LOCK,0,normal
22705,3370800,4065,242038.0,0.0156,-0.0234,-0.7644,0.76492,1039.15,1000.0,-39.15,51.25,206.0,2.2345,-0.295,LOCK,0,normal
22706,3370808,4073,242046.0,0.0156,-0.0234,-0.7644,0.76492,1039.12,1000.0,-39.12,51.25,206.0,2.2145,-0.5981,LOCK,0,normal
22707,3370827,4092,242065.0,-0.0975,-0.0975,-0.7839,0.79593,1039.05,1000.0,-39.05,51.25,206.0,2.2276,-0.3997,LOCK,0,normal
22708,3370835,4100,242073.0,-0.0039,0.0546,-0.8619,0.86364,1038.99,1000.0,-38.99,51.25,206.0,2.2201,-0.5135,LOCK,0,normal
22709,3370844,4109,242082.0,0.2301,-0.0468,-0.7644,0.79965,1038.93,1000.0,-38.93,51.25,206.0,2.2198,-0.5181,LOCK,0,normal
22710,3370866,4131,242104.0,-0.0156,-0.039,-0.8073,0.80839,1038.88,1000.0,-38.88,51.25,206.0,2.2378,-0.2449,LOCK,0,normal
22711,3370875,4140,242113.0,0.0429,0.0936,-0.741,0.74812,1038.82,1000.0,-38.82,51.25,206.0,2.2284,-0.3878,LOCK,0,normal
22712,3370883,4148,242121.0,-0.1443,-0.2379,-0.7956,0.84285,1038.76,1000.0,-38.76,51.25,206.0,2.2379,-0.244,LOCK,0,normal
22713,3370892,4157,242130.0,0.1482,-0.0624,-0.7995,0.81551,1038.71,1000.0,-38.71,51.25,206.0,2.2358,-0.2761,LOCK,0,normal
22714,3370901,4166,242139.0,0.1482,-0.0624,-0.7995,0.81551,1038.67,1000.0,-38.67,51.25,206.0,2.2378,-0.2455,LOCK,0,normal
22715,3370919,4184,242157.0,0.0117,-0.039,-0.7722,0.77327,1038.63,1000.0,-38.63,51.25,206.0,2.2195,-0.5233,LOCK,0,normal
22716,3370928,4193,242166.0,0.1209,0.3471,-0.7878,0.86932,1038.58,1000.0,-38.58,51.25,206.0,2.2163,-0.5709,LOCK,0,normal
22717,3370936,4201,242174.0,0.1053,-0.0507,-0.6591,0.66938,1038.53,1000.0,-38.53,51.25,206.0,2.2241,-0.4525,LOCK,0,normal
22718,3370945,4210,242183.0,-0.1287,0.0975,-0.8502,0.8654,1038.49,1000.0,-38.49,51.25,206.0,2.2368,-0.2605,LOCK,0,normal
22719,3370954,4219,242192.0,0.0312,-0.0195,-0.7566,0.75749,1038.46,1000.0,-38.46,51.25,206.0,2.238,-0.2428,LOCK,0,normal
22720,3370962,4227,242200.0,0.0312,-0.0195,-0.7566,0.75749,1038.43,1000.0,-38.43,51.25,206.0,2.2314,-0.342,LOCK,0,normal
22721,3370986,4251,242224.0,0.1326,0.0936,-0.7371,0.75476,1038.4,1000.0,-38.4,51.25,206.0,2.2359,-0.2742,LOCK,0,normal
22722,3370995,4260,242233.0,0.0897,-0.0702,-0.9321,0.93903,1038.36,1000.0,-38.36,51.25,206.0,2.2354,-0.2819,LOCK,0,normal
22723,3371003,4268,242241.0,0.0897,-0.0702,-0.9321,0.93903,1038.32,1000.0,-38.32,51.25,206.0,2.235,-0.2873,LOCK,0,normal
22724,3371012,4277,242250.0,0.0039,0.0975,-0.8229,0.82867,1038.29,1000.0,-38.29,51.25,206.0,2.2375,-0.2504,LOCK,0,normal
22725,3371020,4285,242258.0,-0.0312,-0.1482,-0.8229,0.83672,1038.26,1000.0,-38.26,51.25,206.0,2.2181,-0.5441,LOCK,0,normal
22726,3371039,4304,242277.0,0.1014,0.1131,-0.7956,0.80997,1038.23,1000.0,-38.23,51.25,206.0,2.2216,-0.4903,LOCK,0,normal
22727,3371047,4312,242285.0,0.1638,0.1482,-0.7917,0.82194,1038.18,1000.0,-38.18,51.25,206.0,2.2379,-0.2437,LOCK,0,normal
22728,3371056,4321,242294.0,-0.195,0.0858,-0.7917,0.81986,1038.15,1000.0,-38.15,51.25,206.0,2.24,-0.212,LOCK,0,normal
22729,3371064,4329,242302.0,-0.195,0.0858,-0.7917,0.81986,1038.11,1000.0,-38.11,51.25,206.0,2.2376,-0.2486,LOCK,0,normal
22730,3371073,4338,242311.0,0.0975,-0.1365,-0.78,0.79783,1038.08,1000.0,-38.08,51.25,206.0,2.237,-0.2577,LOCK,0,normal
22731,3371092,4357,242330.0,-0.0117,-0.0195,-0.8463,0.84661,1038.05,1000.0,-38.05,51.25,206.0,2.2325,-0.3255,LOCK,0,normal
22732,3371100,4365,242338.0,0.1326,0.2886,-0.7215,0.78831,1038.02,1000.0,-38.02,51.25,206.0,2.2218,-0.4879,LOCK,0,normal
22733,3371109,4374,242347.0,-0.0741,-0.1677,-0.702,0.72555,1038.0,1000.0,-38.0,51.25,206.0,2.2315,-0.3408,LOCK,0,normal
22734,3371117,4382,242355.0,0.0234,0.2574,-0.7917,0.83282,1037.97,1000.0,-37.97,51.25,206.0,2.2289,-0.3805,LOCK,0,normal
22735,3371136,4401,242374.0,0.0585,0.0546,-0.8424,0.84619,1037.95,1000.0,-37.95,51.25,206.0,2.2203,-0.5102,LOCK,0,normal
22736,3371151,4416,242389.0,0.0273,-0.0351,-0.78,0.78127,1037.93,1000.0,-37.93,51.25,206.0,2.2322,-0.3301,LOCK,0,normal
22737,3371159,4424,242397.0,0.1443,0.1053,-0.8385,0.85732,1037.91,1000.0,-37.91,51.25,206.0,2.2367,-0.2623,LOCK,0,normal
22738,3371168,4433,242406.0,0.1443,0.1053,-0.8385,0.85732,1037.89,1000.0,-37.89,51.25,206.0,2.235,-0.2873,LOCK,0,normal
22739,3371177,4442,242415.0,-0.1599,-0.1482,-0.7878,0.81741,1037.87,1000.0,-37.87,51.25,206.0,2.2349,-0.2898,LOCK,0,normal
22740,3371190,4455,242428.0,0.1716,-0.0468,-0.7917,0.81143,1037.86,1000.0,-37.86,51.25,206.0,2.2373,-0.2529,LOCK,0,normal
22741,3371199,4464,242437.0,0.1716,-0.0468,-0.7917,0.81143,1037.84,1000.0,-37.84,51.25,206.0,2.2284,-0.3878,LOCK,0,normal
22742,3371207,4472,242445.0,-0.0897,-0.0234,-0.7839,0.78936,1037.83,1000.0,-37.83,51.25,206.0,2.2344,-0.2965,LOCK,0,normal
22743,3371216,4481,242454.0,0.1521,0.2496,-0.7644,0.81838,1037.82,1000.0,-37.82,51.25,206.0,2.236,-0.2724,LOCK,0,normal
22744,3371224,4489,242462.0,0.0468,-0.1248,-0.7332,0.74522,1037.8,1000.0,-37.8,51.25,206.0,2.2204,-0.5096,LOCK,0,normal
22745,3371243,4508,242481.0,0.195,-0.117,-0.7839,0.81622,1037.79,1000.0,-37.79,51.25,206.0,2.2125,-0.6286,LOCK,0,normal
22746,3371252,4517,242490.0,0.0546,-0.0195,-0.8307,0.83272,1037.79,1000.0,-37.79,51.25,206.0,2.2366,-0.2635,LOCK,0,normal
22747,3371260,4525,242498.0,0.0546,-0.0195,-0.8307,0.83272,1037.78,1000.0,-37.78,51.25,206.0,2.2359,-0.2742,LOCK,0,normal
22748,3371269,4534,242507.0,0.0078,-0.1092,-0.7995,0.80696,1037.77,1000.0,-37.77,51.25,206.0,2.2352,-0.2843,LOCK,0,normal
22749,3371277,4542,242515.0,0.2379,-0.0273,-0.7878,0.82339,1037.75,1000.0,-37.75,51.25,206.0,2.2346,-0.2944,LOCK,0,normal
22750,3371296,4561,242534.0,0.0702,0.0039,-0.8112,0.81424,1037.74,1000.0,-37.74,51.25,206.0,2.2308,-0.3512,LOCK,0,normal
22751,3371304,4569,242542.0,0.312,0.0975,-0.7566,0.82419,1037.73,1000.0,-37.73,51.25,206.0,2.2367,-0.262,LOCK,0,normal
22752,3371313,4578,242551.0,-0.0156,0.0312,-0.8112,0.81195,1037.72,1000.0,-37.72,51.25,206.0,2.2372,-0.2541,LOCK,0,normal
22753,3371321,4586,242559.0,-0.0156,0.0312,-0.8112,0.81195,1037.71,1000.0,-37.71,51.25,206.0,2.2238,-0.4583,LOCK,0,normal
22754,3371330,4595,242568.0,0.0663,0.0429,-0.7761,0.78011,1037.7,1000.0,-37.7,51.25,206.0,2.2165,-0.5685,LOCK,0,normal
22755,3371349,4614,242587.0,-0.0741,-0.0936,-0.8034,0.81222,1037.67,1000.0,-37.67,51.25,206.0,2.2237,-0.4589,LOCK,0,normal
22756,3371357,4622,242595.0,0.0897,-0.0195,-0.7917,0.797,1037.65,1000.0,-37.65,51.25,206.0,2.2377,-0.2471,LOCK,0,normal
22757,3371366,4631,242604.0,0.0741,-0.078,-0.8385,0.84537,1037.63,1000.0,-37.63,51.25,206.0,2.2376,-0.2492,LOCK,0,normal
22758,3371374,4639,242612.0,-0.0117,0.039,-0.7995,0.80054,1037.61,1000.0,-37.61,51.25,206.0,2.2332,-0.3148,LOCK,0,normal
22759,3371383,4648,242621.0,-0.0117,0.039,-0.7995,0.80054,1037.6,1000.0,-37.6,51.25,206.0,2.233,-0.3179,LOCK,0,normal
22760,3371406,4671,242644.0,-0.0975,0.2964,-0.9321,0.98294,1037.59,1000.0,-37.59,51.25,206.0,2.2366,-0.2632,LOCK,0,normal
22761,3371415,4680,242653.0,0.1911,-0.1794,-0.7371,0.78232,1037.58,1000.0,-37.58,51.25,206.0,2.2282,-0.3905,LOCK,0,normal
22762,3371423,4688,242661.0,0.1911,-0.1794,-0.7371,0.78232,1037.57,1000.0,-37.57,51.25,206.0,2.2183,-0.5407,LOCK,0,normal
22763,3371432,4697,242670.0,-0.0156,0.1014,-0.8151,0.82153,1037.57,1000.0,-37.57,51.25,206.0,2.222,-0.4848,LOCK,0,normal
22764,3371440,4705,242678.0,0.0,0.2652,-0.741,0.78703,1037.56,1000.0,-37.56,51.25,206.0,2.211,-0.6512,LOCK,0,normal
22765,3371459,4724,242697.0,-0.0039,-0.1443,-0.7605,0.77408,1037.55,1000.0,-37.55,51.25,206.0,2.2204,-0.509,LOCK,0,normal
22766,3371483,4748,242721.0,0.0429,-0.1248,-0.819,0.82956,1037.54,1000.0,-37.54,51.25,206.0,2.238,-0.2419,LOCK,0,normal
22767,3371491,4756,242729.0,0.0975,-0.0117,-0.8112,0.81712,1037.53,1000.0,-37.53,51.25,206.0,2.231,-0.3487,LOCK,0,normal
22768,3371500,4765,242738.0,0.0,0.0429,-0.8619,0.86297,1037.52,1000.0,-37.52,51.25,206.0,2.2343,-0.299,LOCK,0,normal
22769,3371509,4774,242747.0,0.1014,0.0663,-0.663,0.67398,1037.54,1000.0,-37.54,51.25,206.0,2.2381,-0.2406,LOCK,0,normal
22770,3371517,4782,242755.0,0.1014,0.0663,-0.663,0.67398,1037.55,1000.0,-37.55,51.25,206.0,2.2355,-0.2809,LOCK,0,normal
22771,3371536,4801,242774.0,0.0858,-0.0858,-0.7683,0.77782,1037.56,1000.0,-37.56,51.25,206.0,2.2055,-0.7352,LOCK,0,normal
22772,3371544,4809,242782.0,0.0663,0.0546,-0.8658,0.87005,1037.57,1000.0,-37.57,51.25,206.0,2.227,-0.4088,LOCK,0,normal
22773,3371552,4817,242790.0,-0.0429,-0.039,-0.78,0.78215,1037.58,1000.0,-37.58,51.25,206.0,2.2162,-0.5734,LOCK,0,normal
22774,3371561,4826,242799.0,0.1326,0.3471,-0.7566,0.84291,1037.59,1000.0,-37.59,51.25,206.0,2.2383,-0.2385,LOCK,0,normal
22775,3371570,4835,242808.0,0.1677,0.1482,-0.7644,0.79649,1037.6,1000.0,-37.6,51.25,206.0,2.229,-0.3783,LOCK,0,normal
22776,3371589,4854,242827.0,-0.1131,0.2223,-0.8619,0.89726,1037.61,1000.0,-37.61,51.25,206.0,2.2388,-0.2309,LOCK,0,normal
22777,3371597,4862,242835.0,-0.1911,-0.2379,-0.8073,0.86305,1037.61,1000.0,-37.61,51.25,206.0,2.2361,-0.2706,LOCK,0,normal
22778,3371611,4876,242849.0,-0.0858,0.0351,-0.6981,0.70423,1037.62,1000.0,-37.62,51.25,206.0,2.2329,-0.3194,LOCK,0,normal
22779,3371619,4884,242857.0,-0.0858,0.0351,-0.6981,0.70423,1037.62,1000.0,-37.62,51.25,206.0,2.229,-0.3783,LOCK,0,normal
22780,3371628,4893,242866.0,0.1677,-0.0819,-0.741,0.76414,1037.63,1000.0,-37.63,51.25,206.0,2.2219,-0.4864,LOCK,0,normal
22781,3371636,4901,242874.0,-0.1794,0.039,-0.8424,0.86217,1037.64,1000.0,-37.64,51.25,206.0,2.2275,-0.4009,LOCK,0,normal
22782,3371644,4909,242882.0,0.1131,-0.0819,-0.9087,0.91937,1037.65,1000.0,-37.65,51.25,206.0,2.2235,-0.462,LOCK,0,normal
22783,3371663,4928,242901.0,0.0039,-0.1755,-0.8112,0.82998,1037.65,1000.0,-37.65,51.25,206.0,2.2367,-0.2626,LOCK,0,normal
22784,3371672,4937,242910.0,0.1482,0.1248,-0.7995,0.82264,1037.66,1000.0,-37.66,51.25,206.0,2.2346,-0.2947,LOCK,0,normal
22785,3371680,4945,242918.0,0.1482,0.1248,-0.7995,0.82264,1037.67,1000.0,-37.67,51.25,206.0,2.2295,-0.3716,LOCK,0,normal
22786,3371689,4954,242927.0,0.117,0.2886,-0.8619,0.91643,1037.68,1000.0,-37.68,51.25,206.0,2.2309,-0.3493,LOCK,0,normal
22787,3371697,4962,242935.0,-0.1365,0.3081,-0.7488,0.82113,1037.69,1000.0,-37.69,51.25,206.0,2.2382,-0.2391,LOCK,0,normal
22788,3371716,4981,242954.0,0.0195,0.156,-0.8151,0.83012,1037.7,1000.0,-37.7,51.25,206.0,2.2183,-0.5413,LOCK,0,normal
22789,3371724,4989,242962.0,0.0234,-0.2145,-0.7917,0.82058,1037.71,1000.0,-37.71,51.25,206.0,2.2244,-0.4479,LOCK,0,normal
22790,3371733,4998,242971.0,0.0234,-0.2145,-0.7917,0.82058,1037.71,1000.0,-37.71,51.25,206.0,2.2132,-0.6189,LOCK,0,normal
22791,3371741,5006,242979.0,0.2106,0.1287,-0.7878,0.82556,1037.73,1000.0,-37.73,51.25,206.0,2.2201,-0.5135,LOCK,0,normal
22792,3371765,5030,243003.0,0.3588,0.1833,-0.7527,0.85375,1037.75,1000.0,-37.75,51.25,206.0,2.2405,-0.204,LOCK,0,normal
22793,3371774,5039,243012.0,0.3588,0.1833,-0.7527,0.85375,1037.76,1000.0,-37.76,51.25,206.0,2.238,-0.2431,LOCK,0,normal
22794,3371782,5047,243020.0,0.0546,-0.0741,-0.8502,0.85517,1037.77,1000.0,-37.77,51.25,206.0,2.2348,-0.291,LOCK,0,normal
22795,3371791,5056,243029.0,-0.0312,0.0273,-0.7878,0.78889,1037.78,1000.0,-37.78,51.25,206.0,2.236,-0.273,LOCK,0,normal
22796,3371799,5064,243037.0,0.0351,-0.0546,-0.7605,0.76326,1037.79,1000.0,-37.79,51.25,206.0,2.2301,-0.3624,LOCK,0,normal
22797,3371823,5088,243061.0,0.078,-0.1911,-0.8853,0.90904,1037.79,1000.0,-37.79,51.25,206.0,2.235,-0.288,LOCK,0,normal
22798,3371832,5097,243070.0,0.1638,0.0741,-0.7761,0.79665,1037.8,1000.0,-37.8,51.25,206.0,2.2178,-0.5486,LOCK,0,normal
22799,3371840,5105,243078.0,-0.1287,-0.1677,-0.7683,0.79685,1037.8,1000.0,-37.8,51.25,206.0,2.2213,-0.4961,LOCK,0,normal
22800,3371848,5113,243086.0,0.0936,0.1794,-0.7605,0.78696,1037.8,1000.0,-37.8,51.25,206.0,2.2252,-0.4363,LOCK,0,normal
22801,3371857,5122,243095.0,0.0468,0.0663,-0.741,0.74543,1037.81,1000.0,-37.81,51.25,206.0,2.2226,-0.4763,LOCK,0,normal
22802,3371876,5141,243114.0,-0.1131,0.0468,-0.858,0.86669,1037.82,1000.0,-37.82,51.25,206.0,2.2388,-0.2306,LOCK,0,normal
22803,3371884,5149,243122.0,0.2496,0.0117,-0.741,0.782,1037.83,1000.0,-37.83,51.25,206.0,2.2373,-0.2535,LOCK,0,normal
22804,3371893,5158,243131.0,-0.0702,-0.0078,-0.8541,0.85702,1037.84,1000.0,-37.84,51.25,206.0,2.2337,-0.3078,LOCK,0,normal
22805,3371901,5166,243139.0,-0.0546,0.0312,-0.6903,0.69316,1037.84,1000.0,-37.84,51.25,206.0,2.2347,-0.2932,LOCK,0,normal
22806,3371910,5175,243148.0,0.1989,-0.0663,-0.8034,0.83031,1037.85,1000.0,-37.85,51.25,206.0,2.2343,-0.298,LOCK,0,normal
22807,3371929,5194,243167.0,0.039,-0.0156,-0.8307,0.83176,1037.86,1000.0,-37.86,51.25,206.0,2.2354,-0.2819,LOCK,0,normal
22808,3371937,5202,243175.0,0.039,-0.0156,-0.8307,0.83176,1037.87,1000.0,-37.87,51.25,206.0,2.2162,-0.5728,LOCK,0,normal
22809,3371946,5211,243184.0,0.1872,-0.0195,-0.7761,0.7986,1037.88,1000.0,-37.88,51.25,206.0,2.2192,-0.5276,LOCK,0,normal
22810,3371954,5219,243192.0,-0.0039,0.1287,-0.8268,0.83677,1037.89,1000.0,-37.89,51.25,206.0,2.2188,-0.5331,LOCK,0,normal
22811,3371962,5227,243200.0,0.0546,0.1326,-0.8385,0.85067,1037.89,1000.0,-37.89,51.25,206.0,2.223,-0.4693,LOCK,0,normal
22812,3371981,5246,243219.0,-0.0975,0.0936,-0.7722,0.78394,1037.9,1000.0,-37.9,51.25,206.0,2.2376,-0.2492,LOCK,0,normal
22813,3371990,5255,243228.0,0.0741,-0.0546,-0.8073,0.81253,1037.9,1000.0,-37.9,51.25,206.0,2.2374,-0.2516,LOCK,0,normal
22814,3371998,5263,243236.0,0.0741,-0.0546,-0.8073,0.81253,1037.91,1000.0,-37.91,51.25,206.0,2.2371,-0.2556,LOCK,0,normal
22815,3372007,5272,243245.0,0.0975,-0.1326,-0.8619,0.87747,1037.92,1000.0,-37.92,51.25,206.0,2.2368,-0.2602,LOCK,0,normal
22816,3372015,5280,243253.0,-0.0117,-0.1287,-0.7527,0.76371,1037.92,1000.0,-37.92,51.25,206.0,2.2342,-0.2996,LOCK,0,normal
22817,3372039,5304,243277.0,0.0507,0.0702,-0.7878,0.79254,1037.93,1000.0,-37.93,51.25,206.0,2.2366,-0.2638,LOCK,0,normal
22818,3372047,5312,243285.0,-0.1755,0.2262,-0.8814,0.92673,1037.95,1000.0,-37.95,51.25,206.0,2.2164,-0.5691,LOCK,0,normal
22819,3372056,5321,243294.0,-0.0351,0.0078,-0.7995,0.80031,1037.96,1000.0,-37.96,51.25,206.0,2.2145,-0.5978,LOCK,0,normal
22820,3372064,5329,243302.0,0.0273,0.1599,-0.8268,0.84256,1037.97,1000.0,-37.97,51.25,206.0,2.2311,-0.3469,LOCK,0,normal
22821,3372073,5338,243311.0,0.0195,-0.0117,-0.6903,0.69067,1037.98,1000.0,-37.98,51.25,206.0,2.2168,-0.5639,LOCK,0,normal
22822,3372096,5361,243334.0,-0.039,-0.0351,-0.8853,0.88685,1037.97,1000.0,-37.97,51.25,206.0,2.2389,-0.2284,LOCK,0,normal
22823,3372104,5369,243342.0,0.0117,-0.1404,-0.7995,0.81182,1037.97,1000.0,-37.97,51.25,206.0,2.237,-0.258,LOCK,0,normal
22824,3372113,5378,243351.0,0.0117,-0.1404,-0.7995,0.81182,1037.97,1000.0,-37.97,51.25,206.0,2.2368,-0.2605,LOCK,0,normal
22825,3372121,5386,243359.0,0.0234,-0.1755,-0.8385,0.85699,1037.97,1000.0,-37.97,51.25,206.0,2.237,-0.2568,LOCK,0,normal
22826,3372130,5395,243368.0,0.0312,-0.0858,-0.7917,0.79695,1037.97,1000.0,-37.97,51.25,206.0,2.2337,-0.3069,LOCK,0,normal
22827,3372148,5413,243386.0,-0.0117,0.0,-0.7683,0.76839,1037.98,1000.0,-37.98,51.25,206.0,2.2229,-0.4705,LOCK,0,normal
22828,3372157,5422,243395.0,-0.1833,0.2613,-0.7878,0.85,1037.98,1000.0,-37.98,51.25,206.0,2.2176,-0.552,LOCK,0,normal
22829,3372165,5430,243403.0,0.0468,-0.2223,-0.8502,0.88003,1037.99,1000.0,-37.99,51.25,206.0,2.2194,-0.5245,LOCK,0,normal
22830,3372174,5439,243412.0,0.0468,-0.2223,-0.8502,0.88003,1037.99,1000.0,-37.99,51.25,206.0,2.2374,-0.2513,LOCK,0,normal
22831,3372182,5447,243420.0,0.0975,0.1638,-0.7878,0.81053,1037.99,1000.0,-37.99,51.25,206.0,2.2344,-0.2968,LOCK,0,normal
22832,3372201,5466,243439.0,0.1248,0.0507,-0.7566,0.7685,1037.98,1000.0,-37.98,51.25,206.0,2.2349,-0.2895,LOCK,0,normal
22833,3372210,5475,243448.0,-0.078,0.0117,-0.7215,0.7258,1037.98,1000.0,-37.98,51.25,206.0,2.2358,-0.2751,LOCK,0,normal
22834,3372218,5483,243456.0,-0.0312,0.1911,-0.8502,0.87197,1037.97,1000.0,-37.97,51.25,206.0,2.2348,-0.2907,LOCK,0,normal
22835,3372227,5492,243465.0,0.1443,0.0078,-0.8112,0.82397,1037.96,1000.0,-37.96,51.25,206.0,2.238,-0.2419,LOCK,0,normal
22836,3372240,5505,243478.0,-0.0897,0.0585,-0.7722,0.77959,1037.96,1000.0,-37.96,51.25,206.0,2.235,-0.2886,LOCK,0,normal
22837,3372249,5514,243487.0,0.0507,0.0936,-0.7683,0.77564,1037.95,1000.0,-37.95,51.25,206.0,2.2196,-0.5206,LOCK,0,normal
22838,3372257,5522,243495.0,0.0351,0.0663,-0.8151,0.81854,1037.95,1000.0,-37.95,51.25,206.0,2.2259,-0.4253,LOCK,0,normal
22839,3372266,5531,243504.0,0.0351,0.0663,-0.8151,0.81854,1037.95,1000.0,-37.95,51.25,206.0,2.2243,-0.4501,LOCK,0,normal
22840,3372274,5539,243512.0,-0.1209,0.1638,-0.8034,0.82879,1037.95,1000.0,-37.95,51.25,206.0,2.2374,-0.2522,LOCK,0,normal
22841,3372293,5558,243531.0,0.1599,-0.1404,-0.78,0.8085,1037.94,1000.0,-37.94,51.25,206.0,2.2365,-0.2651,LOCK,0,normal
22842,3372301,5566,243539.0,-0.0702,-0.1092,-0.8502,0.86005,1037.94,1000.0,-37.94,51.25,206.0,2.236,-0.2733,LOCK,0,normal
22843,3372310,5575,243548.0,0.0624,-0.0234,-0.78,0.78284,1037.94,1000.0,-37.94,51.25,206.0,2.2266,-0.4159,LOCK,0,normal
22844,3372318,5583,243556.0,0.1755,0.1872,-0.7722,0.81372,1037.93,1000.0,-37.93,51.25,206.0,2.2373,-0.2535,LOCK,0,normal
22845,3372327,5592,243565.0,0.1755,0.1872,-0.7722,0.81372,1037.93,1000.0,-37.93,51.25,206.0,2.2346,-0.2935,LOCK,0,normal
22846,3372346,5611,243584.0,0.2301,-0.0273,-0.7254,0.76151,1037.93,1000.0,-37.93,51.25,206.0,2.2244,-0.4479,LOCK,0,normal
22847,3372354,5619,243592.0,-0.0117,-0.0078,-0.8658,0.86591,1037.92,1000.0,-37.92,51.25,206.0,2.2251,-0.4372,LOCK,0,normal
22848,3372363,5628,243601.0,0.0468,0.0234,-0.7644,0.76619,1037.92,1000.0,-37.92,51.25,206.0,2.2166,-0.5673,LOCK,0,normal
22849,3372371,5636,243609.0,0.1209,-0.078,-0.7644,0.77782,1037.91,1000.0,-37.91,51.25,206.0,2.2064,-0.7214,LOCK,0,normal
22850,3372380,5645,243618.0,-0.1287,-0.1521,-0.702,0.72973,1037.91,1000.0,-37.91,51.25,206.0,2.2379,-0.2437,LOCK,0,normal
22851,3372398,5663,243636.0,0.0624,0.0195,-0.8424,0.84493,1037.91,1000.0,-37.91,51.25,206.0,2.2378,-0.2461,LOCK,0,normal
22852,3372407,5672,243645.0,0.234,-0.0195,-0.741,0.77731,1037.91,1000.0,-37.91,51.25,206.0,2.2363,-0.2681,LOCK,0,normal
22853,3372416,5681,243654.0,0.0351,0.0624,-0.8502,0.85321,1037.9,1000.0,-37.9,51.25,206.0,2.2334,-0.3124,LOCK,0,normal
22854,3372424,5689,243662.0,0.0117,-0.1872,-0.8307,0.85161,1037.9,1000.0,-37.9,51.25,206.0,2.2331,-0.317,LOCK,0,normal
22855,3372433,5698,243671.0,0.0858,0.2184,-0.702,0.74018,1037.9,1000.0,-37.9,51.25,206.0,2.2366,-0.2635,LOCK,0,normal
22856,3372456,5721,243694.0,0.1092,0.0351,-0.8229,0.83086,1037.9,1000.0,-37.9,51.25,206.0,2.2202,-0.5117,LOCK,0,normal
22857,3372465,5730,243703.0,0.0585,-0.0975,-0.8541,0.86164,1037.9,1000.0,-37.9,51.25,206.0,2.2089,-0.683,LOCK,0,normal
22858,3372473,5738,243711.0,-0.0273,0.0273,-0.8073,0.80822,1037.9,1000.0,-37.9,51.25,206.0,2.2221,-0.4833,LOCK,0,normal
22859,3372482,5747,243720.0,-0.0273,0.0273,-0.8073,0.80822,1037.9,1000.0,-37.9,51.25,206.0,2.2345,-0.2962,LOCK,0,normal
22860,3372491,5756,243729.0,-0.0078,0.2223,-0.741,0.77367,1037.91,1000.0,-37.91,51.25,206.0,2.2365,-0.2648,LOCK,0,normal
22861,3372499,5764,243737.0,0.2067,-0.0273,-0.6825,0.71364,1037.92,1000.0,-37.92,51.25,206.0,2.2366,-0.2629,LOCK,0,normal
22862,3372518,5783,243756.0,0.1599,-0.0078,-0.8151,0.83067,1037.92,1000.0,-37.92,51.25,206.0,2.2347,-0.2932,LOCK,0,normal
22863,3372527,5792,243765.0,0.0156,0.1521,-0.7956,0.81016,1037.93,1000.0,-37.93,51.25,206.0,2.2335,-0.3099,LOCK,0,normal
22864,3372535,5800,243773.0,0.0975,-0.039,-0.7683,0.77544,1037.93,1000.0,-37.93,51.25,206.0,2.2322,-0.3304,LOCK,0,normal
22865,3372544,5809,243782.0,0.0975,-0.039,-0.7683,0.77544,1037.94,1000.0,-37.94,51.25,206.0,2.236,-0.2727,LOCK,0,normal
22866,3372552,5817,243790.0,0.1872,0.1794,-0.78,0.82197,1037.94,1000.0,-37.94,51.25,206.0,2.2181,-0.5441,LOCK,0,normal
22867,3372571,5836,243809.0,0.0156,0.0156,-0.7917,0.79201,1037.94,1000.0,-37.94,51.25,206.0,2.226,-0.4244,LOCK,0,normal
22868,3372579,5844,243817.0,-0.0468,-0.1326,-0.8385,0.85021,1037.94,1000.0,-37.94,51.25,206.0,2.2286,-0.3844,LOCK,0,normal
22869,3372588,5853,243826.0,0.0702,0.0663,-0.7449,0.75113,1037.95,1000.0,-37.95,51.25,206.0,2.2355,-0.2797,LOCK,0,normal
22870,3372597,5862,243835.0,0.1521,0.156,-0.7878,0.81737,1037.95,1000.0,-37.95,51.25,206.0,2.2331,-0.3173,LOCK,0,normal
22871,3372605,5870,243843.0,0.1521,0.156,-0.7878,0.81737,1037.96,1000.0,-37.96,51.25,206.0,2.2354,-0.2819,LOCK,0,normal
22872,3372624,5889,243862.0,-0.2418,0.2067,-0.7878,0.8496,1037.96,1000.0,-37.96,51.25,206.0,2.233,-0.3179,LOCK,0,normal
22873,3372632,5897,243870.0,0.0429,-0.1911,-0.7956,0.81935,1037.97,1000.0,-37.97,51.25,206.0,2.2372,-0.2544,LOCK,0,normal
22874,3372641,5906,243879.0,0.1443,0.1404,-0.8697,0.8927,1037.97,1000.0,-37.97,51.25,206.0,2.2357,-0.2776,LOCK,0,normal
22875,3372650,5915,243888.0,0.0507,-0.0858,-0.7527,0.75927,1037.98,1000.0,-37.98,51.25,206.0,2.2324,-0.3276,LOCK,0,normal
22876,3372663,5928,243901.0,0.078,0.3276,-0.7371,0.81038,1037.98,1000.0,-37.98,51.25,206.0,2.2174,-0.5547,LOCK,0,normal
22877,3372671,5936,243909.0,0.0351,-0.1326,-0.6318,0.64652,1038.0,1000.0,-38.0,51.25,206.0,2.2071,-0.7113,LOCK,0,normal
22878,3372680,5945,243918.0,-0.0156,0.1131,-0.8073,0.81533,1038.01,1000.0,-38.01,51.25,206.0,2.2294,-0.3734,LOCK,0,normal
22879,3372688,5953,243926.0,0.0624,0.0546,-0.8073,0.81155,1038.02,1000.0,-38.02,51.25,206.0,2.2174,-0.5541,LOCK,0,normal
22880,3372719,5984,243957.0,0.2067,0.1131,-0.7761,0.81108,1038.04,1000.0,-38.04,51.25,206.0,2.2304,-0.3569,LOCK,0,normal
22881,3372728,5993,243966.0,0.2067,0.1131,-0.7761,0.81108,1038.05,1000.0,-38.05,51.25,206.0,2.2372,-0.2553,LOCK,0,normal
22882,3372737,6002,243975.0,-0.1404,0.0975,-0.7878,0.80613,1038.07,1000.0,-38.07,51.25,206.0,2.2372,-0.255,LOCK,0,normal
22883,3372746,6011,243984.0,0.1326,-0.2106,-0.8775,0.91211,1038.08,1000.0,-38.08,51.25,206.0,2.2378,-0.2452,LOCK,0,normal
22884,3372754,6019,243992.0,0.1248,0.0078,-0.7761,0.78611,1038.09,1000.0,-38.09,51.25,206.0,2.2281,-0.3917,LOCK,0,normal
22885,3372763,6028,244001.0,-0.0429,-0.078,-0.8034,0.80832,1038.1,1000.0,-38.1,51.25,206.0,2.2226,-0.4751,LOCK,0,normal
22886,3372781,6046,244019.0,0.0819,0.0819,-0.7644,0.77313,1038.12,1000.0,-38.12,51.25,206.0,2.2213,-0.4952,LOCK,0,normal
22887,3372790,6055,244028.0,0.0819,0.0819,-0.7644,0.77313,1038.14,1000.0,-38.14,51.25,206.0,2.2384,-0.2364,LOCK,0,normal
22888,3372802,6067,244040.0,0.1326,-0.0468,-0.8073,0.81945,1038.16,1000.0,-38.16,51.25,206.0,2.239,-0.2278,LOCK,0,normal
22889,3372811,6076,244049.0,-0.0351,0.078,-0.8346,0.83897,1038.18,1000.0,-38.18,51.25,206.0,2.2353,-0.284,LOCK,0,normal
22890,3372819,6084,244057.0,-0.0351,0.078,-0.8346,0.83897,1038.2,1000.0,-38.2,51.25,206.0,2.2302,-0.3603,LOCK,0,normal
22891,3372828,6093,244066.0,-0.039,-0.0195,-0.7488,0.75007,1038.21,1000.0,-38.21,51.25,206.0,2.2326,-0.3246,LOCK,0,normal
22892,3372836,6101,244074.0,0.1755,0.117,-0.7917,0.81932,1038.23,1000.0,-38.23,51.25,206.0,2.2302,-0.3603,LOCK,0,normal
22893,3372855,6120,244093.0,0.0156,-0.1014,-0.8268,0.83314,1038.24,1000.0,-38.24,51.25,206.0,2.2348,-0.2913,LOCK,0,normal
22894,3372869,6134,244107.0,0.3042,-0.0702,-0.7371,0.80049,1038.26,1000.0,-38.26,51.25,206.0,2.2219,-0.4858,LOCK,0,normal
22895,3372877,6142,244115.0,0.0195,0.0078,-0.8853,0.88555,1038.27,1000.0,-38.27,51.25,206.0,2.2168,-0.563,LOCK,0,normal
22896,3372886,6151,244124.0,0.0351,0.0195,-0.8307,0.83167,1038.28,1000.0,-38.28,51.25,206.0,2.2243,-0.4501,LOCK,0,normal
22897,3372894,6159,244132.0,0.1209,0.2262,-0.7371,0.78045,1038.3,1000.0,-38.3,51.25,206.0,2.2341,-0.3017,LOCK,0,normal
22898,3372903,6168,244141.0,0.1209,0.2262,-0.7371,0.78045,1038.32,1000.0,-38.32,51.25,206.0,2.2366,-0.2642,LOCK,0,normal
22899,3372911,6176,244149.0,-0.1053,0.1131,-0.7917,0.80664,1038.34,1000.0,-38.34,51.25,206.0,2.2335,-0.3109,LOCK,0,normal
22900,3372930,6195,244168.0,0.0156,-0.0546,-0.8463,0.8482,1038.36,1000.0,-38.36,51.25,206.0,2.2354,-0.2812,LOCK,0,normal
22901,3372938,6203,244176.0,0.0351,-0.0117,-0.7917,0.79256,1038.37,1000.0,-38.37,51.25,206.0,2.2333,-0.3136,LOCK,0,normal
22902,3372947,6212,244185.0,0.0936,0.195,-0.7878,0.81695,1038.39,1000.0,-38.39,51.25,206.0,2.2248,-0.443,LOCK,0,normal
22903,3372955,6220,244193.0,0.1599,0.3354,-0.7098,0.80117,1038.41,1000.0,-38.41,51.25,206.0,2.2146,-0.5963,LOCK,0,normal
22904,3372964,6229,244202.0,0.1599,0.3354,-0.7098,0.80117,1038.42,1000.0,-38.42,51.25,206.0,2.2387,-0.2321,LOCK,0,normal
22905,3372992,6257,244230.0,0.0702,0.1521,-0.8697,0.88569,1038.44,1000.0,-38.44,51.25,206.0,2.2336,-0.3096,LOCK,0,normal
22906,3373000,6265,244238.0,-0.0585,0.117,-0.7644,0.77551,1038.45,1000.0,-38.45,51.25,206.0,2.2303,-0.3585,LOCK,0,normal
22907,3373009,6274,244247.0,0.2106,0.0195,-0.7215,0.75186,1038.48,1000.0,-38.48,51.25,206.0,2.2338,-0.3057,LOCK,0,normal
22908,3373017,6282,244255.0,0.0,-0.1209,-0.8034,0.81245,1038.51,1000.0,-38.51,51.25,206.0,2.2381,-0.2416,LOCK,0,normal
22909,3373026,6291,244264.0,0.0,-0.1209,-0.8034,0.81245,1038.54,1000.0,-38.54,51.25,206.0,2.2274,-0.4033,LOCK,0,normal
22910,3373045,6310,244283.0,-0.0078,-0.1443,-0.8697,0.88162,1038.56,1000.0,-38.56,51.25,206.0,2.237,-0.2577,LOCK,0,normal
22911,3373053,6318,244291.0,0.1131,0.0429,-0.7566,0.76621,1038.58,1000.0,-38.58,51.25,206.0,2.2279,-0.3954,LOCK,0,normal
22912,3373062,6327,244300.0,0.0975,0.117,-0.819,0.83304,1038.6,1000.0,-38.6,51.25,206.0,2.2211,-0.498,LOCK,0,normal
22913,3373075,6340,244313.0,0.2145,0.3783,-0.7683,0.88284,1038.63,1000.0,-38.63,51.25,206.0,2.2199,-0.516,LOCK,0,normal
22914,3373083,6348,244321.0,-0.2028,0.2301,-0.8073,0.8636,1038.65,1000.0,-38.65,51.25,206.0,2.2215,-0.4925,LOCK,0,normal
22915,3373092,6357,244330.0,0.0429,-0.2145,-0.7527,0.78384,1038.67,1000.0,-38.67,51.25,206.0,2.2357,-0.2767,LOCK,0,normal
22916,3373100,6365,244338.0,0.0897,0.0468,-0.8892,0.89494,1038.7,1000.0,-38.7,51.25,206.0,2.2363,-0.2675,LOCK,0,normal
22917,3373109,6374,244347.0,-0.039,0.0195,-0.8307,0.83184,1038.71,1000.0,-38.71,51.25,206.0,2.2251,-0.4385,LOCK,0,normal
22918,3373128,6393,244366.0,0.1599,0.2691,-0.6864,0.75441,1038.74,1000.0,-38.74,51.25,206.0,2.2272,-0.4058,LOCK,0,normal
22919,3373136,6401,244374.0,-0.0312,0.1638,-0.7566,0.77476,1038.76,1000.0,-38.76,51.25,206.0,2.2389,-0.2287,LOCK,0,normal
22920,3373145,6410,244383.0,0.0351,0.2457,-0.8346,0.87072,1038.79,1000.0,-38.79,51.25,206.0,2.2352,-0.2849,LOCK,0,normal
22921,3373153,6418,244391.0,-0.0234,-0.1287,-0.7995,0.81013,1038.8,1000.0,-38.8,51.25,206.0,2.2365,-0.2651,LOCK,0,normal
22922,3373162,6427,244400.0,0.1131,0.1287,-0.7722,0.79098,1038.82,1000.0,-38.82,51.25,206.0,2.2356,-0.2788,LOCK,0,normal
22923,3373180,6445,244418.0,0.0078,-0.1287,-0.7176,0.72909,1038.84,1000.0,-38.84,51.25,206.0,2.2248,-0.443,LOCK,0,normal
22924,3373189,6454,244427.0,0.1326,0.1248,-0.8229,0.84281,1038.86,1000.0,-38.86,51.25,206.0,2.233,-0.3179,LOCK,0,normal
22925,3373198,6463,244436.0,-0.195,0.2145,-0.7839,0.83578,1038.88,1000.0,-38.88,51.25,206.0,2.2379,-0.2434,LOCK,0,normal
22926,3373206,6471,244444.0,0.1677,-0.0858,-0.8658,0.88606,1038.89,1000.0,-38.89,51.25,206.0,2.2357,-0.2779,LOCK,0,normal
22927,3373215,6480,244453.0,0.1677,0.0312,-0.7995,0.81749,1038.91,1000.0,-38.91,51.25,206.0,2.2373,-0.2532,LOCK,0,normal
22928,3373233,6498,244471.0,0.1989,0.2067,-0.7644,0.81645,1038.92,1000.0,-38.92,51.25,206.0,2.2329,-0.32,LOCK,0,normal
22929,3373242,6507,244480.0,0.1989,0.2067,-0.7644,0.81645,1038.94,1000.0,-38.94,51.25,206.0,2.2376,-0.2489,LOCK,0,normal
22930,3373251,6516,244489.0,0.0,0.1014,-0.8229,0.82912,1038.95,1000.0,-38.95,51.25,206.0,2.2352,-0.2846,LOCK,0,normal
22931,3373259,6524,244497.0,-0.0117,0.2652,-0.7761,0.82024,1038.96,1000.0,-38.96,51.25,206.0,2.2326,-0.324,LOCK,0,normal
22932,3373268,6533,244506.0,0.156,-0.1716,-0.78,0.81375,1038.97,1000.0,-38.97,51.25,206.0,2.2268,-0.4128,LOCK,0,normal
22933,3373291,6556,244529.0,0.0195,0.0663,-0.8268,0.82968,1038.98,1000.0,-38.98,51.25,206.0,2.2105,-0.6585,LOCK,0,normal
22934,3373300,6565,244538.0,0.2925,0.0507,-0.7917,0.84553,1038.99,1000.0,-38.99,51.25,206.0,2.2216,-0.4906,LOCK,0,normal
22935,3373322,6587,244560.0,-0.0312,-0.0429,-0.8112,0.81293,1039.0,1000.0,-39.0,51.25,206.0,2.2389,-0.2287,LOCK,0,normal
22936,3373330,6595,244568.0,0.3471,0.117,-0.7488,0.83359,1039.01,1000.0,-39.01,51.25,206.0,2.2377,-0.2464,LOCK,0,normal
22937,3373339,6604,244577.0,-0.0741,0.0663,-0.819,0.82501,1039.01,1000.0,-39.01,51.25,206.0,2.2355,-0.2797,LOCK,0,normal
22938,3373347,6612,244585.0,0.0468,0.0585,-0.7644,0.76806,1039.02,1000.0,-39.02,51.25,206.0,2.2297,-0.3679,LOCK,0,normal
22939,3373356,6621,244594.0,0.1014,0.1209,-0.7683,0.78434,1039.02,1000.0,-39.02,51.25,206.0,2.2361,-0.2715,LOCK,0,normal
22940,3373374,6639,244612.0,-0.039,-0.1326,-0.7098,0.72313,1039.02,1000.0,-39.02,51.25,206.0,2.2094,-0.6762,LOCK,0,normal
22941,3373383,6648,244621.0,0.0312,-0.3042,-0.8541,0.90719,1039.02,1000.0,-39.02,51.25,206.0,2.2284,-0.3875,LOCK,0,normal
22942,3373391,6656,244629.0,0.1677,-0.156,-0.858,0.88804,1039.02,1000.0,-39.02,51.25,206.0,2.2154,-0.5844,LOCK,0,normal
22943,3373400,6665,244638.0,-0.0936,-0.117,-0.7995,0.81342,1039.02,1000.0,-39.02,51.25,206.0,2.2246,-0.4458,LOCK,0,normal
22944,3373418,6683,244656.0,0.0585,0.0351,-0.7176,0.72084,1039.02,1000.0,-39.02,51.25,206.0,2.236,-0.2733,LOCK,0,normal
22945,3373427,6692,244665.0,0.0585,0.0351,-0.7176,0.72084,1039.02,1000.0,-39.02,51.25,206.0,2.2365,-0.2654,LOCK,0,normal
22946,3373435,6700,244673.0,-0.1755,0.0195,-0.9477,0.96401,1039.02,1000.0,-39.02,51.25,206.0,2.2366,-0.2635,LOCK,0,normal
22947,3373444,6709,244682.0,0.0975,-0.0156,-0.7371,0.74368,1039.02,1000.0,-39.02,51.25,206.0,2.2358,-0.2758,LOCK,0,normal
22948,3373453,6718,244691.0,-0.0702,0.1755,-0.8424,0.86335,1039.02,1000.0,-39.02,51.25,206.0,2.2348,-0.2904,LOCK,0,normal
22949,3373471,6736,244709.0,0.1521,-0.1482,-0.7566,0.78584,1039.01,1000.0,-39.01,51.25,206.0,2.2173,-0.5563,LOCK,0,normal
22950,3373480,6745,244718.0,0.0351,-0.0585,-0.8619,0.8646,1039.0,1000.0,-39.0,51.25,206.0,2.221,-0.5007,LOCK,0,normal
22951,3373493,6758,244731.0,0.0351,-0.1248,-0.8268,0.8369,1039.0,1000.0,-39.0,51.25,206.0,2.2301,-0.3621,LOCK,0,normal
22952,3373502,6767,244740.0,0.0585,-0.1365,-0.8151,0.82852,1038.99,1000.0,-38.99,51.25,206.0,2.2291,-0.3774,LOCK,0,normal
22953,3373510,6775,244748.0,0.0312,0.0585,-0.8151,0.81779,1038.98,1000.0,-38.98,51.25,206.0,2.2356,-0.2782,LOCK,0,normal
22954,3373519,6784,244757.0,0.0312,0.0585,-0.8151,0.81779,1038.98,1000.0,-38.98,51.25,206.0,2.2316,-0.3399,LOCK,0,normal
22955,3373527,6792,244765.0,0.0117,-0.0585,-0.8268,0.82895,1038.97,1000.0,-38.97,51.25,206.0,2.2356,-0.2785,LOCK,0,normal
22956,3373546,6811,244784.0,-0.2145,0.1014,-0.7839,0.81902,1038.96,1000.0,-38.96,51.25,206.0,2.2369,-0.2583,LOCK,0,normal
22957,3373555,6820,244793.0,0.1365,-0.0936,-0.78,0.79737,1038.96,1000.0,-38.96,51.25,206.0,2.2353,-0.2828,LOCK,0,normal
22958,3373563,6828,244801.0,0.1053,0.0156,-0.8892,0.89555,1038.95,1000.0,-38.95,51.25,206.0,2.2156,-0.5825,LOCK,0,normal
22959,3373572,6837,244810.0,0.0312,-0.0078,-0.7878,0.78846,1038.94,1000.0,-38.94,51.25,206.0,2.2177,-0.5499,LOCK,0,normal
22960,3373580,6845,244818.0,0.0312,-0.0078,-0.7878,0.78846,1038.94,1000.0,-38.94,51.25,206.0,2.2181,-0.5441,LOCK,0,normal
22961,3373599,6864,244837.0,0.0741,0.3861,-0.7527,0.84919,1038.92,1000.0,-38.92,51.25,206.0,2.2243,-0.4501,LOCK,0,normal
22962,3373610,6875,244848.0,-0.0312,0.078,-0.8424,0.84658,1038.91,1000.0,-38.91,51.25,206.0,2.2344,-0.2968,LOCK,0,normal
22963,3373618,6883,244856.0,-0.0312,-0.1209,-0.8268,0.83617,1038.89,1000.0,-38.89,51.25,206.0,2.2361,-0.2715,LOCK,0,normal
22964,3373627,6892,244865.0,-0.0234,0.117,-0.7839,0.79293,1038.88,1000.0,-38.88,51.25,206.0,2.2284,-0.3878,LOCK,0,normal
22965,3373635,6900,244873.0,0.0195,-0.1053,-0.7254,0.73326,1038.86,1000.0,-38.86,51.25,206.0,2.2328,-0.3209,LOCK,0,normal
22966,3373644,6909,244882.0,0.0858,-0.117,-0.7371,0.75124,1038.86,1000.0,-38.86,51.25,206.0,2.2339,-0.3038,LOCK,0,normal
22967,3373663,6928,244901.0,-0.1794,-0.0819,-0.8619,0.88417,1038.85,1000.0,-38.85,51.25,206.0,2.2334,-0.3115,LOCK,0,normal
22968,3373671,6936,244909.0,0.0663,-0.0702,-0.8541,0.85954,1038.84,1000.0,-38.84,51.25,206.0,2.2387,-0.2321,LOCK,0,normal
22969,3373680,6945,244918.0,0.1209,-0.195,-0.8229,0.85429,1038.83,1000.0,-38.83,51.25,206.0,2.2229,-0.4714,LOCK,0,normal
22970,3373693,6958,244931.0,-0.0234,-0.0546,-0.8307,0.83282,1038.83,1000.0,-38.83,51.25,206.0,2.2209,-0.5022,LOCK,0,normal
22971,3373701,6966,244939.0,0.2613,0.0975,-0.78,0.82836,1038.81,1000.0,-38.81,51.25,206.0,2.2208,-0.5026,LOCK,0,normal
22972,3373710,6975,244948.0,0.1404,-0.1443,-0.7683,0.79424,1038.79,1000.0,-38.79,51.25,206.0,2.2349,-0.2889,LOCK,0,normal
22973,3373719,6984,244957.0,0.0039,0.1755,-0.7683,0.7881,1038.77,1000.0,-38.77,51.25,206.0,2.2372,-0.2553,LOCK,0,normal
22974,3373727,6992,244965.0,0.1677,-0.3588,-0.8697,0.95564,1038.76,1000.0,-38.76,51.25,206.0,2.2392,-0.2245,LOCK,0,normal
22975,3373746,7011,244984.0,-0.0078,0.0273,-0.7917,0.79221,1038.74,1000.0,-38.74,51.25,206.0,2.2325,-0.3258,LOCK,0,normal
22976,3373754,7019,244992.0,-0.0078,0.0273,-0.7917,0.79221,1038.73,1000.0,-38.73,51.25,206.0,2.2284,-0.3881,LOCK,0,normal
22977,3373763,7028,245001.0,0.117,0.1521,-0.7956,0.81841,1038.71,1000.0,-38.71,51.25,206.0,2.2346,-0.2944,LOCK,0,normal
22978,3373772,7037,245010.0,-0.1365,-0.0936,-0.7254,0.74404,1038.69,1000.0,-38.69,51.25,206.0,2.2386,-0.2339,LOCK,0,normal
22979,3373780,7045,245018.0,0.0078,-0.0156,-0.8229,0.82308,1038.67,1000.0,-38.67,51.25,206.0,2.2245,-0.4473,LOCK,0,normal
22980,3373799,7064,245037.0,-0.0585,0.0117,-0.8424,0.84451,1038.66,1000.0,-38.66,51.25,206.0,2.2263,-0.4201,LOCK,0,normal
22981,3373807,7072,245045.0,0.1404,0.1209,-0.7839,0.8055,1038.65,1000.0,-38.65,51.25,206.0,2.2294,-0.3722,LOCK,0,normal
22982,3373816,7081,245054.0,0.1404,0.1209,-0.7839,0.8055,1038.63,1000.0,-38.63,51.25,206.0,2.2391,-0.2251,LOCK,0,normal
22983,3373824,7089,245062.0,0.0936,0.1404,-0.8112,0.82856,1038.61,1000.0,-38.61,51.25,206.0,2.235,-0.2883,LOCK,0,normal
22984,3373833,7098,245071.0,-0.0234,0.2847,-0.7449,0.7978,1038.6,1000.0,-38.6,51.25,206.0,2.2342,-0.3005,LOCK,0,normal
22985,3373851,7116,245089.0,0.1443,0.0585,-0.8229,0.8375,1038.59,1000.0,-38.59,51.25,206.0,2.2368,-0.2611,LOCK,0,normal
22986,3373860,7125,245098.0,-0.0039,-0.1404,-0.7761,0.78871,1038.57,1000.0,-38.57,51.25,206.0,2.2329,-0.3191,LOCK,0,normal
22987,3373868,7133,245106.0,-0.0039,-0.1404,-0.7761,0.78871,1038.56,1000.0,-38.56,51.25,206.0,2.2319,-0.335,LOCK,0,normal
22988,3373877,7142,245115.0,0.0936,0.2964,-0.7839,0.84328,1038.55,1000.0,-38.55,51.25,206.0,2.2351,-0.2858,LOCK,0,normal
22989,3373919,7184,245157.0,-0.0741,0.1053,-0.8853,0.89461,1038.54,1000.0,-38.54,51.25,206.0,2.2326,-0.3246,LOCK,0,normal
22990,3373927,7192,245165.0,0.078,-0.0078,-0.6825,0.68699,1038.53,1000.0,-38.53,51.25,206.0,2.2326,-0.324,LOCK,0,normal
22991,3373936,7201,245174.0,0.1209,0.0195,-0.7956,0.80497,1038.51,1000.0,-38.51,51.25,206.0,2.2345,-0.2956,LOCK,0,normal
22992,3373944,7209,245182.0,-0.0936,-0.1521,-0.8307,0.84968,1038.5,1000.0,-38.5,51.25,206.0,2.2381,-0.2403,LOCK,0,normal
22993,3373953,7218,245191.0,-0.0117,-0.0117,-0.8658,0.86596,1038.49,1000.0,-38.49,51.25,206.0,2.2371,-0.2565,LOCK,0,normal
22994,3373971,7236,245209.0,0.1014,-0.0195,-0.8112,0.81775,1038.48,1000.0,-38.48,51.25,206.0,2.2356,-0.2788,LOCK,0,normal
22995,3373980,7245,245218.0,0.1014,-0.0195,-0.8112,0.81775,1038.47,1000.0,-38.47,51.25,206.0,2.2344,-0.2965,LOCK,0,normal
22996,3373989,7254,245227.0,0.0975,0.0975,-0.8736,0.88441,1038.47,1000.0,-38.47,51.25,206.0,2.225,-0.4397,LOCK,0,normal
22997,3373997,7262,245235.0,-0.0507,0.1131,-0.6825,0.69366,1038.45,1000.0,-38.45,51.25,206.0,2.2135,-0.6131,LOCK,0,normal
22998,3374006,7271,245244.0,-0.195,0.117,-0.8346,0.86503,1038.43,1000.0,-38.43,51.25,206.0,2.2225,-0.4772,LOCK,0,normal
22999,3374024,7289,245262.0,0.0546,-0.0468,-0.8619,0.86489,1038.41,1000.0,-38.41,51.25,206.0,2.2366,-0.2642,LOCK,0,normal
23000,3374033,7298,245271.0,0.0663,-0.0702,-0.7917,0.79757,1038.4,1000.0,-38.4,51.25,206.0,2.2319,-0.3356,LOCK,0,normal
23001,3374041,7306,245279.0,0.0663,-0.0702,-0.7917,0.79757,1038.39,1000.0,-38.39,51.25,206.0,2.2357,-0.2773,LOCK,0,normal
23002,3374050,7315,245288.0,0.0819,0.2106,-0.7488,0.78215,1038.38,1000.0,-38.38,51.25,206.0,2.2357,-0.2767,LOCK,0,normal
23003,3374058,7323,245296.0,0.0039,-0.117,-0.7488,0.7579,1038.37,1000.0,-38.37,51.25,206.0,2.2357,-0.277,LOCK,0,normal
23004,3374077,7342,245315.0,-0.0351,0.0312,-0.7878,0.7892,1038.37,1000.0,-38.37,51.25,206.0,2.2327,-0.3222,LOCK,0,normal
23005,3374086,7351,245324.0,0.0156,0.1404,-0.8307,0.84263,1038.36,1000.0,-38.36,51.25,206.0,2.2178,-0.5483,LOCK,0,normal
23006,3374094,7359,245332.0,0.0156,0.1404,-0.8307,0.84263,1038.36,1000.0,-38.36,51.25,206.0,2.2196,-0.5209,LOCK,0,normal
23007,3374102,7367,245340.0,-0.0156,-0.1287,-0.7722,0.78301,1038.36,1000.0,-38.36,51.25,206.0,2.2318,-0.3362,LOCK,0,normal
23008,3374111,7376,245349.0,0.0741,0.0195,-0.7215,0.72556,1038.35,1000.0,-38.35,51.25,206.0,2.2093,-0.6775,LOCK,0,normal
23009,3374135,7400,245373.0,0.1131,-0.117,-0.8073,0.82354,1038.35,1000.0,-38.35,51.25,206.0,2.237,-0.2574,LOCK,0,normal
23010,3374143,7408,245381.0,0.0858,-0.0975,-0.8619,0.87163,1038.34,1000.0,-38.34,51.25,206.0,2.2361,-0.2718,LOCK,0,normal
23011,3374152,7417,245390.0,0.0078,-0.0507,-0.7605,0.76223,1038.34,1000.0,-38.34,51.25,206.0,2.2338,-0.3054,LOCK,0,normal
23012,3374160,7425,245398.0,0.234,0.1599,-0.7761,0.82623,1038.34,1000.0,-38.34,51.25,206.0,2.2344,-0.2965,LOCK,0,normal
23013,3374169,7434,245407.0,0.0663,0.1911,-0.7566,0.78317,1038.33,1000.0,-38.33,51.25,206.0,2.2332,-0.3148,LOCK,0,normal
23014,3374187,7452,245425.0,0.1053,-0.2223,-0.7644,0.803,1038.33,1000.0,-38.33,51.25,206.0,2.2162,-0.5722,LOCK,0,normal
23015,3374196,7461,245434.0,0.1053,-0.2223,-0.7644,0.803,1038.33,1000.0,-38.33,51.25,206.0,2.2264,-0.4177,LOCK,0,normal
23016,3374204,7469,245442.0,0.0468,0.1248,-0.8112,0.82208,1038.33,1000.0,-38.33,51.25,206.0,2.2181,-0.5444,LOCK,0,normal
23017,3374213,7478,245451.0,0.0156,-0.0234,-0.7995,0.79999,1038.33,1000.0,-38.33,51.25,206.0,2.2131,-0.6192,LOCK,0,normal
23018,3374226,7491,245464.0,0.1287,0.1521,-0.7527,0.77862,1038.33,1000.0,-38.33,51.25,206.0,2.2361,-0.2706,LOCK,0,normal
23019,3374234,7499,245472.0,-0.2847,0.0936,-0.6357,0.7028,1038.32,1000.0,-38.32,51.25,206.0,2.2368,-0.2605,LOCK,0,normal
23020,3374243,7508,245481.0,0.0624,0.0546,-0.7917,0.79603,1038.32,1000.0,-38.32,51.25,206.0,2.2364,-0.2669,LOCK,0,normal
23021,3374251,7516,245489.0,0.2925,-0.0468,-0.8034,0.85627,1038.32,1000.0,-38.32,51.25,206.0,2.2331,-0.3167,LOCK,0,normal
23022,3374260,7525,245498.0,0.0273,0.1287,-0.7644,0.77564,1038.32,1000.0,-38.32,51.25,206.0,2.2332,-0.3157,LOCK,0,normal
23023,3374269,7534,245507.0,0.0273,0.1287,-0.7644,0.77564,1038.32,1000.0,-38.32,51.25,206.0,2.222,-0.4842,LOCK,0,normal
23024,3374287,7552,245525.0,0.1755,0.1833,-0.7878,0.82766,1038.32,1000.0,-38.32,51.25,206.0,2.2361,-0.2712,LOCK,0,normal
23025,3374296,7561,245534.0,-0.1092,0.1365,-0.8151,0.83363,1038.33,1000.0,-38.33,51.25,206.0,2.2148,-0.5932,LOCK,0,normal
23026,3374304,7569,245542.0,0.1287,-0.2301,-0.8658,0.90505,1038.33,1000.0,-38.33,51.25,206.0,2.2201,-0.5135,LOCK,0,normal
23027,3374313,7578,245551.0,0.2691,0.0897,-0.78,0.82998,1038.33,1000.0,-38.33,51.25,206.0,2.224,-0.4546,LOCK,0,normal
23028,3374321,7586,245559.0,-0.078,-0.0546,-0.8229,0.82839,1038.34,1000.0,-38.34,51.25,206.0,2.2228,-0.4729,LOCK,0,normal
23029,3374345,7610,245583.0,-0.0195,0.156,-0.7254,0.74224,1038.33,1000.0,-38.33,51.25,206.0,2.2346,-0.2935,LOCK,0,normal
23030,3374353,7618,245591.0,-0.0975,0.195,-0.8853,0.91175,1038.33,1000.0,-38.33,51.25,206.0,2.2389,-0.229,LOCK,0,normal
23031,3374362,7627,245600.0,0.2262,-0.0585,-0.7527,0.78813,1038.32,1000.0,-38.32,51.25,206.0,2.2355,-0.2797,LOCK,0,normal
23032,3374370,7635,245608.0,0.2262,-0.0585,-0.7527,0.78813,1038.32,1000.0,-38.32,51.25,206.0,2.2263,-0.4192,LOCK,0,normal
23033,3374379,7644,245617.0,-0.0819,0.1521,-0.8502,0.86757,1038.32,1000.0,-38.32,51.25,206.0,2.2304,-0.3576,LOCK,0,normal
23034,3374397,7662,245635.0,0.2223,-0.0858,-0.7956,0.83052,1038.32,1000.0,-38.32,51.25,206.0,2.2195,-0.5227,LOCK,0,normal
23035,3374406,7671,245644.0,-0.0117,0.078,-0.7293,0.73355,1038.32,1000.0,-38.32,51.25,206.0,2.2204,-0.5087,LOCK,0,normal
23036,3374414,7679,245652.0,-0.039,-0.0858,-0.8502,0.85541,1038.32,1000.0,-38.32,51.25,206.0,2.218,-0.5462,LOCK,0,normal
23037,3374423,7688,245661.0,-0.039,-0.0858,-0.8502,0.85541,1038.32,1000.0,-38.32,51.25,206.0,2.2242,-0.4516,LOCK,0,normal
23038,3374441,7706,245679.0,0.0975,-0.1248,-0.8736,0.88784,1038.32,1000.0,-38.32,51.25,206.0,2.2345,-0.2962,LOCK,0,normal
23039,3374450,7715,245688.0,-0.0273,0.1989,-0.8385,0.8622,1038.32,1000.0,-38.32,51.25,206.0,2.2376,-0.2489,LOCK,0,normal
23040,3374458,7723,245696.0,0.1443,0.3549,-0.7332,0.82726,1038.32,1000.0,-38.32,51.25,206.0,2.236,-0.2733,LOCK,0,normal
23041,3374467,7732,245705.0,-0.1872,0.1482,-0.7605,0.7971,1038.32,1000.0,-38.32,51.25,206.0,2.236,-0.2721,LOCK,0,normal
23042,3374476,7741,245714.0,0.0936,-0.0273,-0.78,0.78607,1038.32,1000.0,-38.32,51.25,206.0,2.2384,-0.2361,LOCK,0,normal
23043,3374494,7759,245732.0,0.1209,-0.0429,-0.8931,0.90227,1038.32,1000.0,-38.32,51.25,206.0,2.2167,-0.5651,LOCK,0,normal
23044,3374503,7768,245741.0,0.0273,0.1443,-0.8151,0.82822,1038.32,1000.0,-38.32,51.25,206.0,2.2105,-0.6588,LOCK,0,normal
23045,3374511,7776,245749.0,0.1365,0.1677,-0.7527,0.78314,1038.33,1000.0,-38.33,51.25,206.0,2.2292,-0.3765,LOCK,0,normal
23046,3374520,7785,245758.0,0.1248,-0.0273,-0.6864,0.69819,1038.33,1000.0,-38.33,51.25,206.0,2.221,-0.4995,LOCK,0,normal
23047,3374532,7797,245770.0,-0.0429,0.1794,-0.8697,0.88905,1038.34,1000.0,-38.34,51.25,206.0,2.2291,-0.3777,LOCK,0,normal
23048,3374546,7811,245784.0,-0.117,-0.0975,-0.7995,0.81388,1038.34,1000.0,-38.34,51.25,206.0,2.2371,-0.2565,LOCK,0,normal
23049,3374554,7819,245792.0,0.0936,0.1092,-0.8463,0.85843,1038.35,1000.0,-38.35,51.25,206.0,2.2345,-0.2962,LOCK,0,normal
23050,3374563,7828,245801.0,-0.078,0.0,-0.7176,0.72183,1038.35,1000.0,-38.35,51.25,206.0,2.22,-0.5157,LOCK,0,normal
23051,3374572,7837,245810.0,0.3003,0.1287,-0.78,0.84566,1038.35,1000.0,-38.35,51.25,206.0,2.2392,-0.2239,LOCK,0,normal
23052,3374580,7845,245818.0,-0.1092,-0.0585,-0.8853,0.89393,1038.36,1000.0,-38.36,51.25,206.0,2.237,-0.2571,LOCK,0,normal
23053,3374599,7864,245837.0,0.0195,-0.078,-0.8619,0.86564,1038.36,1000.0,-38.36,51.25,206.0,2.2212,-0.4974,LOCK,0,normal
23054,3374607,7872,245845.0,0.0195,-0.078,-0.8619,0.86564,1038.37,1000.0,-38.37,51.25,206.0,2.2258,-0.4272,LOCK,0,normal
23055,3374616,7881,245854.0,0.0507,0.0624,-0.7839,0.78801,1038.37,1000.0,-38.37,51.25,206.0,2.2201,-0.5129,LOCK,0,normal
23056,3374624,7889,245862.0,0.1326,0.0741,-0.7761,0.79083,1038.39,1000.0,-38.39,51.25,206.0,2.2186,-0.5364,LOCK,0,normal
23057,3374633,7898,245871.0,0.1755,0.1755,-0.7683,0.80739,1038.4,1000.0,-38.4,51.25,206.0,2.2334,-0.3115,LOCK,0,normal
23058,3374642,7907,245880.0,-0.1053,0.2691,-0.8424,0.89058,1038.41,1000.0,-38.41,51.25,206.0,2.24,-0.2123,LOCK,0,normal
23059,3374661,7926,245899.0,0.0468,0.1677,-0.8268,0.84493,1038.42,1000.0,-38.42,51.25,206.0,2.235,-0.2883,LOCK,0,normal
23060,3374669,7934,245907.0,-0.1053,-0.1209,-0.7761,0.79249,1038.43,1000.0,-38.43,51.25,206.0,2.235,-0.288,LOCK,0,normal
23061,3374678,7943,245916.0,-0.1053,-0.1209,-0.7761,0.79249,1038.44,1000.0,-38.44,51.25,206.0,2.2299,-0.3652,LOCK,0,normal
23062,3374686,7951,245924.0,0.1872,0.1716,-0.7527,0.79439,1038.46,1000.0,-38.46,51.25,206.0,2.2299,-0.3652,LOCK,0,normal
23063,3374695,7960,245933.0,-0.2886,-0.1794,-0.6708,0.75196,1038.48,1000.0,-38.48,51.25,206.0,2.2366,-0.2635,LOCK,0,normal
23064,3374713,7978,245951.0,0.2301,0.156,-0.819,0.86489,1038.49,1000.0,-38.49,51.25,206.0,2.22,-0.5154,LOCK,0,normal
23065,3374722,7987,245960.0,0.0507,0.0741,-0.8268,0.83166,1038.51,1000.0,-38.51,51.25,206.0,2.2278,-0.3975,LOCK,0,normal
23066,3374730,7995,245968.0,0.0507,0.0741,-0.8268,0.83166,1038.52,1000.0,-38.52,51.25,206.0,2.229,-0.3792,LOCK,0,normal
23067,3374739,8004,245977.0,0.0,-0.0039,-0.7644,0.76441,1038.54,1000.0,-38.54,51.25,206.0,2.2339,-0.3044,LOCK,0,normal
23068,3374752,8017,245990.0,-0.0546,0.078,-0.702,0.70843,1038.55,1000.0,-38.55,51.25,206.0,2.2364,-0.2663,LOCK,0,normal
23069,3374761,8026,245999.0,-0.0546,0.078,-0.702,0.70843,1038.57,1000.0,-38.57,51.25,206.0,2.2349,-0.2901,LOCK,0,normal
23070,3374769,8034,246007.0,0.0936,-0.2418,-0.9048,0.94122,1038.59,1000.0,-38.59,51.25,206.0,2.2307,-0.353,LOCK,0,normal
23071,3374778,8043,246016.0,0.1755,0.0429,-0.7995,0.81966,1038.6,1000.0,-38.6,51.25,206.0,2.237,-0.2574,LOCK,0,normal
23072,3374786,8051,246024.0,-0.0663,0.039,-0.7722,0.77602,1038.61,1000.0,-38.61,51.25,206.0,2.2352,-0.2849,LOCK,0,normal
23073,3374805,8070,246043.0,0.0468,0.0663,-0.7761,0.78033,1038.63,1000.0,-38.63,51.25,206.0,2.2226,-0.4763,LOCK,0,normal
23074,3374814,8079,246052.0,-0.1365,0.2379,-0.8346,0.87851,1038.65,1000.0,-38.65,51.25,206.0,2.2246,-0.4449,LOCK,0,normal
23075,3374822,8087,246060.0,-0.1365,0.2379,-0.8346,0.87851,1038.67,1000.0,-38.67,51.25,206.0,2.2189,-0.5322,LOCK,0,normal
23076,3374831,8096,246069.0,0.1482,-0.2535,-0.7215,0.77897,1038.68,1000.0,-38.68,51.25,206.0,2.2238,-0.4571,LOCK,0,normal
23077,3374840,8105,246078.0,0.0039,0.0039,-0.819,0.81902,1038.69,1000.0,-38.69,51.25,206.0,2.2367,-0.262,LOCK,0,normal
23078,3374848,8113,246086.0,0.0195,0.1248,-0.7566,0.76707,1038.71,1000.0,-38.71,51.25,206.0,2.2313,-0.3435,LOCK,0,normal
23079,3374867,8132,246105.0,-0.0702,0.0039,-0.7449,0.74821,1038.73,1000.0,-38.73,51.25,206.0,2.2366,-0.2642,LOCK,0,normal
23080,3374876,8141,246114.0,-0.039,-0.2613,-0.9048,0.94258,1038.75,1000.0,-38.75,51.25,206.0,2.237,-0.2571,LOCK,0,normal
23081,3374884,8149,246122.0,-0.039,-0.2613,-0.9048,0.94258,1038.77,1000.0,-38.77,51.25,206.0,2.24,-0.2123,LOCK,0,normal
23082,3374893,8158,246131.0,0.1365,0.1443,-0.7683,0.79356,1038.79,1000.0,-38.79,51.25,206.0,2.235,-0.288,LOCK,0,normal
23083,3374901,8166,246139.0,-0.0195,-0.039,-0.8307,0.83184,1038.81,1000.0,-38.81,51.25,206.0,2.2348,-0.291,LOCK,0,normal
23084,3374920,8185,246158.0,0.0975,0.2613,-0.7527,0.80271,1038.83,1000.0,-38.83,51.25,206.0,2.2215,-0.4925,LOCK,0,normal
23085,3374929,8194,246167.0,-0.1872,-0.0507,-0.7644,0.78862,1038.86,1000.0,-38.86,51.25,206.0,2.2252,-0.4363,LOCK,0,normal
23086,3374937,8202,246175.0,0.0663,-0.2184,-0.7917,0.82394,1038.88,1000.0,-38.88,51.25,206.0,2.2345,-0.2959,LOCK,0,normal
23087,3374946,8211,246184.0,0.0663,-0.2184,-0.7917,0.82394,1038.9,1000.0,-38.9,51.25,206.0,2.238,-0.2419,LOCK,0,normal
23088,3374959,8224,246197.0,0.0117,-0.2145,-0.7956,0.82409,1038.92,1000.0,-38.92,51.25,206.0,2.2346,-0.2944,LOCK,0,normal
23089,3374967,8232,246205.0,0.117,-0.0741,-0.7527,0.76533,1038.94,1000.0,-38.94,51.25,206.0,2.2337,-0.3069,LOCK,0,normal
23090,3374976,8241,246214.0,0.117,-0.0741,-0.7527,0.76533,1038.97,1000.0,-38.97,51.25,206.0,2.2328,-0.3215,LOCK,0,normal
23091,3374985,8250,246223.0,0.0,0.0702,-0.6435,0.64732,1038.99,1000.0,-38.99,51.25,206.0,2.2338,-0.306,LOCK,0,normal
23092,3374993,8258,246231.0,-0.0546,0.1482,-0.8619,0.87625,1039.02,1000.0,-39.02,51.25,206.0,2.2375,-0.2498,LOCK,0,normal
23093,3375012,8277,246250.0,-0.0195,0.0117,-0.7995,0.79982,1039.04,1000.0,-39.04,51.25,206.0,2.2135,-0.6137,LOCK,0,normal
23094,3375020,8285,246258.0,0.0156,0.0819,-0.7605,0.76506,1039.06,1000.0,-39.06,51.25,206.0,2.2231,-0.4674,LOCK,0,normal
23095,3375029,8294,246267.0,0.1521,0.1365,-0.8034,0.82899,1039.08,1000.0,-39.08,51.25,206.0,2.2207,-0.5044,LOCK,0,normal
23096,3375037,8302,246275.0,0.1521,0.1365,-0.8034,0.82899,1039.11,1000.0,-39.11,51.25,206.0,2.2303,-0.3594,LOCK,0,normal
23097,3375046,8311,246284.0,-0.1482,-0.0936,-0.8892,0.90631,1039.13,1000.0,-39.13,51.25,206.0,2.2371,-0.2559,LOCK,0,normal
23098,3375064,8329,246302.0,0.1014,-0.117,-0.8502,0.86418,1039.15,1000.0,-39.15,51.25,206.0,2.2368,-0.2605,LOCK,0,normal
23099,3375073,8338,246311.0,-0.0312,-0.0234,-0.8034,0.80435,1039.17,1000.0,-39.17,51.25,206.0,2.2328,-0.3218,LOCK,0,normal
23100,3375082,8347,246320.0,0.156,0.0546,-0.8229,0.83933,1039.19,1000.0,-39.19,51.25,206.0,2.2334,-0.3115,LOCK,0,normal
23101,3375090,8355,246328.0,0.156,0.0546,-0.8229,0.83933,1039.21,1000.0,-39.21,51.25,206.0,2.2373,-0.2526,LOCK,0,normal
23102,3375099,8364,246337.0,0.1365,0.1911,-0.7761,0.81085,1039.23,1000.0,-39.23,51.25,206.0,2.2328,-0.3206,LOCK,0,normal
23103,3375117,8382,246355.0,0.1443,-0.0663,-0.7293,0.74639,1039.26,1000.0,-39.26,51.25,206.0,2.2141,-0.6051,LOCK,0,normal
23104,3375126,8391,246364.0,-0.0117,-0.0039,-0.858,0.85809,1039.27,1000.0,-39.27,51.25,206.0,2.219,-0.5303,LOCK,0,normal
23105,3375134,8399,246372.0,-0.0468,0.1014,-0.7839,0.79182,1039.29,1000.0,-39.29,51.25,206.0,2.2102,-0.6631,LOCK,0,normal
23106,3375143,8408,246381.0,0.1638,0.2691,-0.7293,0.79443,1039.3,1000.0,-39.3,51.25,206.0,2.2394,-0.2208,LOCK,0,normal
23107,3375166,8431,246404.0,0.1053,-0.0546,-0.7761,0.78511,1039.33,1000.0,-39.33,51.25,206.0,2.2376,-0.248,LOCK,0,normal
23108,3375175,8440,246413.0,0.234,-0.0429,-0.8424,0.87535,1039.35,1000.0,-39.35,51.25,206.0,2.2345,-0.2959,LOCK,0,normal
23109,3375183,8448,246421.0,-0.0195,0.1365,-0.7605,0.7729,1039.37,1000.0,-39.37,51.25,206.0,2.2317,-0.3377,LOCK,0,normal
23110,3375192,8457,246430.0,-0.0195,0.1365,-0.7605,0.7729,1039.39,1000.0,-39.39,51.25,206.0,2.232,-0.3331,LOCK,0,normal
23111,3375200,8465,246438.0,0.1404,-0.0273,-0.8151,0.82755,1039.4,1000.0,-39.4,51.25,206.0,2.2362,-0.269,LOCK,0,normal
23112,3375219,8484,246457.0,-0.0975,0.1755,-0.7566,0.78278,1039.43,1000.0,-39.43,51.25,206.0,2.2074,-0.7068,LOCK,0,normal
23113,3375228,8493,246466.0,0.0819,-0.0312,-0.8736,0.87799,1039.45,1000.0,-39.45,51.25,206.0,2.2227,-0.4736,LOCK,0,normal
23114,3375236,8501,246474.0,0.1326,0.0546,-0.8541,0.86605,1039.46,1000.0,-39.46,51.25,206.0,2.2175,-0.5529,LOCK,0,normal
23115,3375245,8510,246483.0,-0.0897,-0.195,-0.7761,0.80523,1039.48,1000.0,-39.48,51.25,206.0,2.2362,-0.27,LOCK,0,normal
23116,3375253,8518,246491.0,-0.0897,-0.195,-0.7761,0.80523,1039.5,1000.0,-39.5,51.25,206.0,2.2355,-0.2809,LOCK,0,normal
23117,3375272,8537,246510.0,0.1443,0.1443,-0.8463,0.87056,1039.52,1000.0,-39.52,51.25,206.0,2.2381,-0.2413,LOCK,0,normal
23118,3375280,8545,246518.0,-0.0975,0.2652,-0.7761,0.82593,1039.54,1000.0,-39.54,51.25,206.0,2.2294,-0.3725,LOCK,0,normal
23119,3375289,8554,246527.0,0.1209,-0.2223,-0.8112,0.84975,1039.56,1000.0,-39.56,51.25,206.0,2.2382,-0.2397,LOCK,0,normal
23120,3375297,8562,246535.0,0.0819,0.1911,-0.7839,0.811,1039.58,1000.0,-39.58,51.25,206.0,2.2369,-0.2596,LOCK,0,normal
23121,3375306,8571,246544.0,0.039,0.0507,-0.741,0.74376,1039.59,1000.0,-39.59,51.25,206.0,2.227,-0.4095,LOCK,0,normal
23122,3375325,8590,246563.0,0.2184,0.1287,-0.7488,0.79055,1039.61,1000.0,-39.61,51.25,206.0,2.2137,-0.6103,LOCK,0,normal
23123,3375333,8598,246571.0,-0.0195,0.0468,-0.9048,0.90622,1039.63,1000.0,-39.63,51.25,206.0,2.229,-0.3786,LOCK,0,normal
23124,3375341,8606,246579.0,-0.0156,0.0585,-0.8697,0.8718,1039.64,1000.0,-39.64,51.25,206.0,2.2252,-0.436,LOCK,0,normal
23125,3375350,8615,246588.0,0.0702,-0.0078,-0.7644,0.76766,1039.65,1000.0,-39.65,51.25,206.0,2.236,-0.2733,LOCK,0,normal
23126,3375359,8624,246597.0,0.0546,0.0312,-0.8307,0.83308,1039.66,1000.0,-39.66,51.25,206.0,2.2356,-0.2788,LOCK,0,normal
23127,3375382,8647,246620.0,0.0351,-0.0936,-0.7878,0.79412,1039.68,1000.0,-39.68,51.25,206.0,2.2343,-0.298,LOCK,0,normal
23128,3375391,8656,246629.0,-0.2418,0.195,-0.7215,0.78553,1039.7,1000.0,-39.7,51.25,206.0,2.2383,-0.2382,LOCK,0,normal
23129,3375399,8664,246637.0,0.0702,-0.2106,-0.8424,0.87116,1039.71,1000.0,-39.71,51.25,206.0,2.2349,-0.2892,LOCK,0,normal
23130,3375408,8673,246646.0,0.0702,-0.2106,-0.8424,0.87116,1039.73,1000.0,-39.73,51.25,206.0,2.234,-0.3035,LOCK,0,normal
23131,3375416,8681,246654.0,0.1209,0.1053,-0.7956,0.81159,1039.74,1000.0,-39.74,51.25,206.0,2.2186,-0.5361,LOCK,0,normal
23132,3375435,8700,246673.0,0.1014,0.0585,-0.7293,0.73864,1039.75,1000.0,-39.75,51.25,206.0,2.2281,-0.393,LOCK,0,normal
23133,3375443,8708,246681.0,-0.0468,0.0,-0.6825,0.6841,1039.76,1000.0,-39.76,51.25,206.0,2.2217,-0.4894,LOCK,0,normal
23134,3375452,8717,246690.0,-0.0585,-0.0273,-0.8502,0.85265,1039.76,1000.0,-39.76,51.25,206.0,2.2304,-0.3569,LOCK,0,normal
23135,3375461,8726,246699.0,0.1716,0.1716,-0.7761,0.81316,1039.77,1000.0,-39.77,51.25,206.0,2.2403,-0.2083,LOCK,0,normal
23136,3375469,8734,246707.0,0.1716,0.1716,-0.7761,0.81316,1039.78,1000.0,-39.78,51.25,206.0,2.2366,-0.2638,LOCK,0,normal
23137,3375478,8743,246716.0,-0.0507,0.0156,-0.8385,0.84018,1039.78,1000.0,-39.78,51.25,206.0,2.2295,-0.3707,LOCK,0,normal
23138,3375497,8762,246735.0,0.0273,0.0312,-0.7956,0.79668,1039.79,1000.0,-39.79,51.25,206.0,2.234,-0.3032,LOCK,0,normal
23139,3375505,8770,246743.0,-0.1638,0.2535,-0.8424,0.89484,1039.8,1000.0,-39.8,51.25,206.0,2.2322,-0.3298,LOCK,0,normal
23140,3375514,8779,246752.0,0.1248,0.078,-0.9243,0.93594,1039.8,1000.0,-39.8,51.25,206.0,2.2357,-0.277,LOCK,0,normal
23141,3375522,8787,246760.0,0.1404,-0.0741,-0.8151,0.83042,1039.81,1000.0,-39.81,51.25,206.0,2.2164,-0.5694,LOCK,0,normal
23142,3375531,8796,246769.0,0.1404,-0.0741,-0.8151,0.83042,1039.81,1000.0,-39.81,51.25,206.0,2.2158,-0.5786,LOCK,0,normal
23143,3375549,8814,246787.0,0.1014,0.1209,-0.7878,0.80345,1039.82,1000.0,-39.82,51.25,206.0,2.229,-0.3783,LOCK,0,normal
23144,3375558,8823,246796.0,0.156,0.1833,-0.78,0.81629,1039.82,1000.0,-39.82,51.25,206.0,2.2366,-0.2635,LOCK,0,normal
23145,3375566,8831,246804.0,-0.0351,0.1131,-0.9399,0.94733,1039.82,1000.0,-39.82,51.25,206.0,2.2344,-0.2965,LOCK,0,normal
23146,3375575,8840,246813.0,0.2184,-0.0273,-0.7254,0.75806,1039.83,1000.0,-39.83,51.25,206.0,2.2363,-0.2687,LOCK,0,normal
23147,3375588,8853,246826.0,-0.0741,-0.0195,-0.8346,0.83811,1039.83,1000.0,-39.83,51.25,206.0,2.2347,-0.2932,LOCK,0,normal
23148,3375597,8862,246835.0,-0.0156,0.0819,-0.7605,0.76506,1039.83,1000.0,-39.83,51.25,206.0,2.2329,-0.3203,LOCK,0,normal
23149,3375606,8871,246844.0,0.1794,0.0897,-0.7605,0.78651,1039.83,1000.0,-39.83,51.25,206.0,2.2341,-0.3014,LOCK,0,normal
23150,3375614,8879,246852.0,-0.0819,-0.0663,-0.6903,0.6983,1039.83,1000.0,-39.83,51.25,206.0,2.2337,-0.3075,LOCK,0,normal
23151,3375623,8888,246861.0,-0.0819,-0.0663,-0.6903,0.6983,1039.83,1000.0,-39.83,51.25,206.0,2.2277,-0.3979,LOCK,0,normal
23152,3375641,8906,246879.0,0.2301,-0.1092,-0.7761,0.81682,1039.83,1000.0,-39.83,51.25,206.0,2.2158,-0.5789,LOCK,0,normal
23153,3375650,8915,246888.0,0.1014,0.1092,-0.8541,0.867,1039.83,1000.0,-39.83,51.25,206.0,2.2244,-0.4491,LOCK,0,normal
23154,3375659,8924,246897.0,0.0351,-0.0039,-0.8502,0.85093,1039.83,1000.0,-39.83,51.25,206.0,2.234,-0.3032,LOCK,0,normal
23155,3375667,8932,246905.0,0.1599,0.156,-0.6942,0.72926,1039.82,1000.0,-39.82,51.25,206.0,2.2354,-0.2812,LOCK,0,normal
23156,3375676,8941,246914.0,-0.1365,-0.0702,-0.7761,0.79113,1039.82,1000.0,-39.82,51.25,206.0,2.2365,-0.2648,LOCK,0,normal
23157,3375694,8959,246932.0,0.1911,-0.0702,-0.7839,0.80991,1039.81,1000.0,-39.81,51.25,206.0,2.2352,-0.2855,LOCK,0,normal
23158,3375703,8968,246941.0,0.0975,-0.0195,-0.8736,0.87924,1039.81,1000.0,-39.81,51.25,206.0,2.2283,-0.3887,LOCK,0,normal
23159,3375711,8976,246949.0,0.0312,0.0156,-0.78,0.78078,1039.81,1000.0,-39.81,51.25,206.0,2.2363,-0.2681,LOCK,0,normal
23160,3375720,8985,246958.0,0.1599,0.234,-0.7527,0.80429,1039.8,1000.0,-39.8,51.25,206.0,2.2391,-0.2254,LOCK,0,normal
23161,3375728,8993,246966.0,0.0819,0.1677,-0.7644,0.78685,1039.8,1000.0,-39.8,51.25,206.0,2.2112,-0.6479,LOCK,0,normal
23162,3375747,9012,246985.0,-0.0741,0.2301,-0.8541,0.88765,1039.8,1000.0,-39.8,51.25,206.0,2.2321,-0.3316,LOCK,0,normal
23163,3375755,9020,246993.0,0.0546,-0.1053,-0.7917,0.80054,1039.79,1000.0,-39.79,51.25,206.0,2.2272,-0.4061,LOCK,0,normal
23164,3375764,9029,247002.0,0.0702,0.1911,-0.7995,0.82501,1039.79,1000.0,-39.79,51.25,206.0,2.2341,-0.3014,LOCK,0,normal
23165,3375773,9038,247011.0,0.1365,0.0468,-0.7371,0.75109,1039.79,1000.0,-39.79,51.25,206.0,2.2252,-0.4363,LOCK,0,normal
23166,3375781,9046,247019.0,0.195,0.0624,-0.7215,0.74999,1039.78,1000.0,-39.78,51.25,206.0,2.2351,-0.2858,LOCK,0,normal
23167,3375805,9070,247043.0,0.0429,0.0,-0.8346,0.8357,1039.76,1000.0,-39.76,51.25,206.0,2.236,-0.2721,LOCK,0,normal
23168,3375813,9078,247051.0,0.0195,-0.1092,-0.8736,0.88061,1039.75,1000.0,-39.75,51.25,206.0,2.2339,-0.3041,LOCK,0,normal
23169,3375822,9087,247060.0,0.0156,0.0585,-0.7683,0.77068,1039.75,1000.0,-39.75,51.25,206.0,2.2279,-0.3954,LOCK,0,normal
23170,3375830,9095,247068.0,0.1131,0.1716,-0.78,0.80662,1039.74,1000.0,-39.74,51.25,206.0,2.2159,-0.5776,LOCK,0,normal
23171,3375839,9104,247077.0,0.1131,0.1716,-0.78,0.80662,1039.73,1000.0,-39.73,51.25,206.0,2.2109,-0.6533,LOCK,0,normal
23172,3375857,9122,247095.0,-0.195,0.1365,-0.8151,0.84914,1039.73,1000.0,-39.73,51.25,206.0,2.2398,-0.2144,LOCK,0,normal
23173,3375866,9131,247104.0,0.0429,-0.2301,-0.8112,0.84429,1039.72,1000.0,-39.72,51.25,206.0,2.2374,-0.2522,LOCK,0,normal
23174,3375874,9139,247112.0,0.1014,0.1911,-0.7956,0.82449,1039.72,1000.0,-39.72,51.25,206.0,2.2344,-0.2971,LOCK,0,normal
23175,3375883,9148,247121.0,0.0702,-0.0936,-0.7956,0.80416,1039.71,1000.0,-39.71,51.25,206.0,2.2338,-0.3066,LOCK,0,normal
23176,3375892,9157,247130.0,0.0975,0.2925,-0.7683,0.82786,1039.71,1000.0,-39.71,51.25,206.0,2.235,-0.288,LOCK,0,normal
23177,3375910,9175,247148.0,-0.1287,0.1326,-0.6396,0.66576,1039.69,1000.0,-39.69,51.25,206.0,2.2377,-0.2468,LOCK,0,normal
23178,3375919,9184,247157.0,0.039,0.1638,-0.8307,0.84759,1039.68,1000.0,-39.68,51.25,206.0,2.2213,-0.4961,LOCK,0,normal
23179,3375927,9192,247165.0,0.2379,0.0624,-0.7956,0.83275,1039.67,1000.0,-39.67,51.25,206.0,2.2369,-0.259,LOCK,0,normal
23180,3375936,9201,247174.0,0.0156,0.2106,-0.7878,0.81561,1039.65,1000.0,-39.65,51.25,206.0,2.2225,-0.4775,LOCK,0,normal
23181,3375944,9209,247182.0,0.039,0.039,-0.7371,0.73916,1039.64,1000.0,-39.64,51.25,206.0,2.2208,-0.5026,LOCK,0,normal
23182,3375963,9228,247201.0,-0.1872,-0.117,-0.8463,0.87462,1039.63,1000.0,-39.63,51.25,206.0,2.2374,-0.2516,LOCK,0,normal
23183,3375972,9237,247210.0,-0.1872,-0.117,-0.8463,0.87462,1039.61,1000.0,-39.61,51.25,206.0,2.2368,-0.2599,LOCK,0,normal
23184,3375981,9246,247219.0,0.0858,-0.1794,-0.8775,0.89975,1039.6,1000.0,-39.6,51.25,206.0,2.2388,-0.2297,LOCK,0,normal
23185,3375989,9254,247227.0,0.2301,0.1014,-0.7878,0.82696,1039.59,1000.0,-39.59,51.25,206.0,2.2351,-0.287,LOCK,0,normal
23186,3375998,9263,247236.0,-0.0507,-0.1053,-0.8502,0.85819,1039.58,1000.0,-39.58,51.25,206.0,2.2334,-0.3115,LOCK,0,normal
23187,3376021,9286,247259.0,0.2145,0.2613,-0.7254,0.80031,1039.56,1000.0,-39.56,51.25,206.0,2.2359,-0.2742,LOCK,0,normal
23188,3376030,9295,247268.0,-0.0507,0.117,-0.8814,0.89058,1039.55,1000.0,-39.55,51.25,206.0,2.2356,-0.2785,LOCK,0,normal
23189,3376038,9303,247276.0,0.2379,-0.0858,-0.7566,0.79775,1039.53,1000.0,-39.53,51.25,206.0,2.219,-0.5303,LOCK,0,normal
23190,3376047,9312,247285.0,-0.0624,0.156,-0.8307,0.84752,1039.52,1000.0,-39.52,51.25,206.0,2.217,-0.5602,LOCK,0,normal
23191,3376055,9320,247293.0,-0.0624,0.156,-0.8307,0.84752,1039.51,1000.0,-39.51,51.25,206.0,2.2223,-0.4797,LOCK,0,normal
23192,3376074,9339,247312.0,0.2301,0.0312,-0.7683,0.80262,1039.49,1000.0,-39.49,51.25,206.0,2.2346,-0.2938,LOCK,0,normal
23193,3376082,9347,247320.0,-0.1326,0.0195,-0.6981,0.71085,1039.48,1000.0,-39.48,51.25,206.0,2.2293,-0.375,LOCK,0,normal
23194,3376091,9356,247329.0,-0.0273,0.0624,-0.8268,0.8296,1039.47,1000.0,-39.47,51.25,206.0,2.2377,-0.2477,LOCK,0,normal
23195,3376099,9364,247337.0,0.1833,0.0819,-0.7488,0.77525,1039.46,1000.0,-39.46,51.25,206.0,2.2372,-0.2553,LOCK,0,normal
23196,3376108,9373,247346.0,0.0858,0.0,-0.8892,0.89333,1039.44,1000.0,-39.44,51.25,206.0,2.2393,-0.2226,LOCK,0,normal
23197,3376126,9391,247364.0,0.0156,0.1287,-0.8151,0.82535,1039.43,1000.0,-39.43,51.25,206.0,2.2367,-0.2614,LOCK,0,normal
23198,3376135,9400,247373.0,0.1794,0.3666,-0.7254,0.83234,1039.41,1000.0,-39.41,51.25,206.0,2.2161,-0.5737,LOCK,0,normal
23199,3376143,9408,247381.0,-0.1209,0.0507,-0.7761,0.78709,1039.4,1000.0,-39.4,51.25,206.0,2.2139,-0.6073,LOCK,0,normal
23200,3376152,9417,247390.0,0.1248,-0.0858,-0.7995,0.81372,1039.38,1000.0,-39.38,51.25,206.0,2.2254,-0.4333,LOCK,0,normal
23201,3376160,9425,247398.0,0.0741,0.0507,-0.8853,0.88984,1039.37,1000.0,-39.37,51.25,206.0,2.2186,-0.5358,LOCK,0,normal
23202,3376179,9444,247417.0,0.1092,0.2379,-0.7878,0.83015,1039.36,1000.0,-39.36,51.25,206.0,2.235,-0.2877,LOCK,0,normal
23203,3376188,9453,247426.0,0.1092,0.2379,-0.7878,0.83015,1039.34,1000.0,-39.34,51.25,206.0,2.2341,-0.3014,LOCK,0,normal
23204,3376196,9461,247434.0,0.0858,0.0312,-0.6981,0.70404,1039.33,1000.0,-39.33,51.25,206.0,2.2361,-0.2718,LOCK,0,normal
23205,3376205,9470,247443.0,-0.1443,0.1092,-0.8736,0.89215,1039.31,1000.0,-39.31,51.25,206.0,2.2336,-0.309,LOCK,0,normal
23206,3376213,9478,247451.0,-0.0585,-0.0234,-0.741,0.74367,1039.3,1000.0,-39.3,51.25,206.0,2.2376,-0.2483,LOCK,0,normal
23207,3376237,9502,247475.0,-0.0078,-0.0195,-0.7254,0.7257,1039.28,1000.0,-39.28,51.25,206.0,2.2337,-0.3078,LOCK,0,normal
23208,3376245,9510,247483.0,0.1482,-0.0975,-0.7332,0.75436,1039.27,1000.0,-39.27,51.25,206.0,2.2136,-0.6127,LOCK,0,normal
23209,3376254,9519,247492.0,-0.0351,-0.0351,-0.8112,0.81272,1039.26,1000.0,-39.26,51.25,206.0,2.2213,-0.4955,LOCK,0,normal
23210,3376262,9527,247500.0,0.1248,0.0897,-0.819,0.8333,1039.26,1000.0,-39.26,51.25,206.0,2.2328,-0.3209,LOCK,0,normal
23211,3376271,9536,247509.0,0.1248,0.0897,-0.819,0.8333,1039.25,1000.0,-39.25,51.25,206.0,2.2356,-0.2785,LOCK,0,normal
23212,3376289,9554,247527.0,0.0897,-0.078,-0.7488,0.75818,1039.24,1000.0,-39.24,51.25,206.0,2.2318,-0.3365,LOCK,0,normal
23213,3376298,9563,247536.0,0.1443,0.0312,-0.7722,0.78619,1039.23,1000.0,-39.23,51.25,206.0,2.2361,-0.2712,LOCK,0,normal
23214,3376307,9572,247545.0,0.1053,0.2145,-0.7566,0.79344,1039.23,1000.0,-39.23,51.25,206.0,2.2339,-0.3048,LOCK,0,normal
23215,3376315,9580,247553.0,-0.1716,0.1131,-0.8307,0.85575,1039.22,1000.0,-39.22,51.25,206.0,2.2329,-0.3191,LOCK,0,normal
23216,3376324,9589,247562.0,0.0351,-0.2184,-0.7878,0.81827,1039.22,1000.0,-39.22,51.25,206.0,2.236,-0.273,LOCK,0,normal
23217,3376342,9607,247580.0,0.0897,0.1833,-0.8736,0.89712,1039.22,1000.0,-39.22,51.25,206.0,2.2181,-0.5441,LOCK,0,normal
23218,3376351,9616,247589.0,-0.0819,-0.0312,-0.819,0.82368,1039.21,1000.0,-39.21,51.25,206.0,2.2215,-0.4919,LOCK,0,normal
23219,3376359,9624,247597.0,0.1794,0.2769,-0.741,0.81113,1039.21,1000.0,-39.21,51.25,206.0,2.2131,-0.6192,LOCK,0,normal
23220,3376368,9633,247606.0,-0.0819,0.0975,-0.741,0.75186,1039.21,1000.0,-39.21,51.25,206.0,2.2315,-0.3408,LOCK,0,normal
23221,3376376,9641,247614.0,0.0039,0.1365,-0.7761,0.78802,1039.21,1000.0,-39.21,51.25,206.0,2.2368,-0.2602,LOCK,0,normal
23222,3376395,9660,247633.0,0.0858,0.1326,-0.7995,0.81495,1039.2,1000.0,-39.2,51.25,206.0,2.2363,-0.2678,LOCK,0,normal
23223,3376403,9668,247641.0,0.0858,0.1326,-0.7995,0.81495,1039.2,1000.0,-39.2,51.25,206.0,2.2337,-0.3081,LOCK,0,normal
23224,3376412,9677,247650.0,0.0585,-0.0585,-0.7605,0.76499,1039.2,1000.0,-39.2,51.25,206.0,2.2361,-0.2715,LOCK,0,normal
23225,3376420,9685,247658.0,0.0312,0.0039,-0.8073,0.80791,1039.2,1000.0,-39.2,51.25,206.0,2.237,-0.258,LOCK,0,normal
23226,3376429,9694,247667.0,-0.1521,0.0702,-0.7254,0.74449,1039.2,1000.0,-39.2,51.25,206.0,2.2402,-0.2095,LOCK,0,normal
23227,3376452,9717,247690.0,0.1755,-0.0156,-0.7956,0.81488,1039.2,1000.0,-39.2,51.25,206.0,2.2152,-0.5883,LOCK,0,normal
23228,3376461,9726,247699.0,-0.0858,-0.078,-0.7761,0.78471,1039.2,1000.0,-39.2,51.25,206.0,2.2124,-0.6308,LOCK,0,normal
23229,3376469,9734,247707.0,0.2184,0.2457,-0.7605,0.82851,1039.2,1000.0,-39.2,51.25,206.0,2.229,-0.3789,LOCK,0,normal
23230,3376478,9743,247716.0,0.1404,0.1443,-0.8034,0.82824,1039.21,1000.0,-39.21,51.25,206.0,2.2297,-0.3682,LOCK,0,normal
23231,3376486,9751,247724.0,0.1404,0.1443,-0.8034,0.82824,1039.22,1000.0,-39.22,51.25,206.0,2.2359,-0.2739,LOCK,0,normal
23232,3376505,9770,247743.0,0.2106,-0.1092,-0.7995,0.83395,1039.22,1000.0,-39.22,51.25,206.0,2.2314,-0.342,LOCK,0,normal
23233,3376514,9779,247752.0,0.0468,0.1209,-0.8541,0.86388,1039.23,1000.0,-39.23,51.25,206.0,2.235,-0.2883,LOCK,0,normal
23234,3376522,9787,247760.0,-0.0039,0.0195,-0.7683,0.76856,1039.23,1000.0,-39.23,51.25,206.0,2.2315,-0.3405,LOCK,0,normal
23235,3376531,9796,247769.0,0.3354,-0.0039,-0.8229,0.88864,1039.23,1000.0,-39.23,51.25,206.0,2.2335,-0.3109,LOCK,0,normal
23236,3376539,9804,247777.0,-0.0819,0.0078,-0.7683,0.77269,1039.23,1000.0,-39.23,51.25,206.0,2.2356,-0.2788,LOCK,0,normal
23237,3376558,9823,247796.0,0.0078,-0.1989,-0.9048,0.92644,1039.23,1000.0,-39.23,51.25,206.0,2.2318,-0.3362,LOCK,0,normal
23238,3376566,9831,247804.0,0.1872,0.0507,-0.7059,0.73206,1039.23,1000.0,-39.23,51.25,206.0,2.2186,-0.5361,LOCK,0,normal
23239,3376575,9840,247813.0,-0.0429,-0.0468,-0.8541,0.85646,1039.23,1000.0,-39.23,51.25,206.0,2.2251,-0.4378,LOCK,0,normal
23240,3376583,9848,247821.0,0.039,0.1131,-0.8151,0.82383,1039.23,1000.0,-39.23,51.25,206.0,2.2339,-0.3044,LOCK,0,normal
23241,3376592,9857,247830.0,0.0429,0.2769,-0.7215,0.774,1039.24,1000.0,-39.24,51.25,206.0,2.2343,-0.298,LOCK,0,normal
23242,3376611,9876,247849.0,0.0507,-0.117,-0.8307,0.84043,1039.24,1000.0,-39.24,51.25,206.0,2.2379,-0.2434,LOCK,0,normal
23243,3376619,9884,247857.0,0.0507,-0.117,-0.8307,0.84043,1039.24,1000.0,-39.24,51.25,206.0,2.2342,-0.2996,LOCK,0,normal
23244,3376628,9893,247866.0,0.1053,-0.0351,-0.8775,0.88449,1039.24,1000.0,-39.24,51.25,206.0,2.2362,-0.27,LOCK,0,normal
23245,3376636,9901,247874.0,0.0468,-0.1638,-0.7878,0.80601,1039.25,1000.0,-39.25,51.25,206.0,2.2301,-0.3624,LOCK,0,normal
23246,3376645,9910,247883.0,0.2769,0.2145,-0.7761,0.85148,1039.25,1000.0,-39.25,51.25,206.0,2.2204,-0.5093,LOCK,0,normal
23247,3376668,9933,247906.0,-0.0819,-0.0468,-0.8385,0.84379,1039.26,1000.0,-39.26,51.25,206.0,2.2211,-0.4983,LOCK,0,normal
23248,3376677,9942,247915.0,0.0234,0.039,-0.7527,0.75407,1039.27,1000.0,-39.27,51.25,206.0,2.2305,-0.3554,LOCK,0,normal
23249,3376685,9950,247923.0,0.039,-0.0156,-0.8424,0.84345,1039.27,1000.0,-39.27,51.25,206.0,2.2351,-0.2867,LOCK,0,normal
23250,3376694,9959,247932.0,-0.0156,-0.0585,-0.7059,0.70849,1039.28,1000.0,-39.28,51.25,206.0,2.218,-0.545,LOCK,0,normal
23251,3376703,9968,247941.0,0.1755,-0.0351,-0.7488,0.76989,1039.29,1000.0,-39.29,51.25,206.0,2.2367,-0.262,LOCK,0,normal
23252,3376722,9987,247960.0,-0.0702,0.1092,-0.8892,0.89863,1039.3,1000.0,-39.3,51.25,206.0,2.2307,-0.3524,LOCK,0,normal
23253,3376730,9995,247968.0,0.0741,-0.078,-0.8112,0.8183,1039.31,1000.0,-39.31,51.25,206.0,2.2381,-0.2413,LOCK,0,normal
23254,3376739,10004,247977.0,0.0741,-0.1326,-0.8424,0.85599,1039.31,1000.0,-39.31,51.25,206.0,2.2285,-0.3869,LOCK,0,normal
23255,3376747,10012,247985.0,-0.0273,0.0975,-0.7956,0.80202,1039.32,1000.0,-39.32,51.25,206.0,2.2107,-0.6564,LOCK,0,normal
23256,3376756,10021,247994.0,0.1794,0.0819,-0.8346,0.85758,1039.32,1000.0,-39.32,51.25,206.0,2.2228,-0.4733,LOCK,0,normal
23257,3376774,10039,248012.0,-0.1989,0.1482,-0.8229,0.85947,1039.33,1000.0,-39.33,51.25,206.0,2.2255,-0.4323,LOCK,0,normal
23258,3376783,10048,248021.0,-0.1989,0.1482,-0.8229,0.85947,1039.34,1000.0,-39.34,51.25,206.0,2.2362,-0.269,LOCK,0,normal
23259,3376791,10056,248029.0,0.1365,0.0,-0.7917,0.80338,1039.35,1000.0,-39.35,51.25,206.0,2.2347,-0.2932,LOCK,0,normal
23260,3376800,10065,248038.0,0.0351,0.1638,-0.8541,0.87037,1039.36,1000.0,-39.36,51.25,206.0,2.2353,-0.2831,LOCK,0,normal
