sample_index,time_ms_raw,time_ms_zero,elapsed_ms,ax_g,ay_g,az_g,total_g,rpm,target_rpm,rpm_error,pwm_eq,duty_10bit,acs_v,current_a,control_mode,state,fault_type
0,323249,0,13,-0.35100,-0.01950,-0.72930,0.80960,994.88,1000,5.12,50.00,201,2.2102,-0.6637,LOCK,0,normal
1,323257,8,21,-0.09360,-0.32370,-0.97110,1.02790,994.88,1000,5.12,50.00,201,2.2112,-0.6488,LOCK,0,normal
2,323267,18,31,0.14040,-0.10530,-0.87750,0.89488,994.90,1000,5.10,50.00,201,2.2145,-0.5978,LOCK,0,normal
3,323277,28,41,0.02340,-0.16770,-0.83070,0.84778,994.91,1000,5.09,50.00,201,2.2286,-0.3847,LOCK,0,normal
4,323287,38,51,-0.21060,-0.13650,-0.82680,0.86405,994.92,1000,5.08,50.00,201,2.2311,-0.3463,LOCK,0,normal
5,323297,48,61,-0.31980,0.06630,-0.61230,0.69396,994.92,1000,5.08,50.00,201,2.2131,-0.6201,LOCK,0,normal
6,323307,58,71,-0.39390,-0.07800,-0.70200,0.80873,994.92,1000,5.08,50.00,201,2.2318,-0.3362,LOCK,0,normal
7,323317,68,81,-0.17160,0.18330,-0.96720,0.99926,994.91,1000,5.09,50.00,201,2.2170,-0.5606,LOCK,0,normal
8,323327,78,91,0.14820,-0.01560,-0.90870,0.92084,994.90,1000,5.10,50.00,201,2.2194,-0.5248,LOCK,0,normal
9,323340,91,104,-0.10530,-0.46800,-0.87360,0.99664,994.90,1000,5.10,50.00,201,2.2267,-0.4143,LOCK,0,normal
10,323348,99,112,-0.26910,-0.00780,-0.67080,0.72281,994.90,1000,5.10,50.00,201,2.2153,-0.5862,LOCK,0,normal
11,323357,108,121,-0.35490,-0.00780,-0.82680,0.89979,994.90,1000,5.10,50.00,201,2.2140,-0.6066,LOCK,0,normal
12,323367,118,131,-0.35490,-0.00780,-0.82680,0.89979,994.90,1000,5.10,50.00,201,2.2124,-0.6298,LOCK,0,normal
13,323377,128,141,-0.16770,-0.06630,-0.97110,0.98770,995.08,1000,4.92,50.00,201,2.2321,-0.3319,LOCK,0,normal
14,323387,138,151,0.19110,0.17940,-0.79950,0.84137,995.12,1000,4.88,50.00,201,2.2311,-0.3466,LOCK,0,normal
15,323397,148,161,0.10920,-0.21060,-0.74880,0.78548,995.13,1000,4.87,50.00,201,2.2098,-0.6701,LOCK,0,normal
16,323407,158,171,-0.12480,-0.21450,-0.63570,0.68242,995.14,1000,4.86,50.00,201,2.2097,-0.6711,LOCK,0,normal
17,323417,168,181,-0.21060,0.29640,-0.91260,0.98237,995.14,1000,4.86,50.00,201,2.2034,-0.7666,LOCK,0,normal
18,323427,178,191,-0.54990,0.16380,-0.97890,1.13467,995.14,1000,4.86,50.00,201,2.2238,-0.4574,LOCK,0,normal
19,323437,188,201,-0.30420,0.12870,-0.85020,0.91211,995.02,1000,4.98,50.00,201,2.2285,-0.3859,LOCK,0,normal
20,323447,198,211,0.15210,0.14820,-0.78780,0.81592,994.98,1000,5.02,50.00,201,2.2055,-0.7348,LOCK,0,normal
21,323457,208,221,0.07800,-0.12090,-0.62790,0.64417,994.98,1000,5.02,50.00,201,2.2165,-0.5679,LOCK,0,normal
22,323467,218,231,-0.10920,0.00390,-0.72150,0.72973,994.97,1000,5.03,50.00,201,2.2051,-0.7406,LOCK,0,normal
23,323477,228,241,-0.38220,0.00000,-0.86970,0.94998,994.97,1000,5.03,50.00,201,2.2139,-0.6069,LOCK,0,normal
24,323541,292,305,-0.37050,0.27300,-0.57330,0.73517,994.95,1000,5.05,50.00,201,2.2300,-0.3640,LOCK,0,normal
25,323549,300,313,-0.14040,0.01560,-0.68250,0.69697,994.93,1000,5.07,50.00,201,2.2118,-0.6399,LOCK,0,normal
26,323558,309,322,-0.05070,-0.14430,-0.63960,0.65763,994.93,1000,5.07,50.00,201,2.2120,-0.6366,LOCK,0,normal
27,323566,317,330,-0.01560,-0.19500,-0.77610,0.80037,994.92,1000,5.08,50.00,201,2.2186,-0.5367,LOCK,0,normal
28,323574,325,338,0.03120,-0.08580,-0.90090,0.90551,994.92,1000,5.08,50.00,201,2.2159,-0.5767,LOCK,0,normal
29,323584,335,348,-0.13650,-0.13650,-0.89700,0.91754,994.92,1000,5.08,50.00,201,2.2221,-0.4830,LOCK,0,normal
30,323593,344,357,-0.21060,0.32760,-0.59280,0.70929,994.92,1000,5.08,50.00,201,2.2336,-0.3090,LOCK,0,normal
31,323601,352,365,-0.21060,0.32760,-0.59280,0.70929,994.92,1000,5.08,50.00,201,2.2108,-0.6552,LOCK,0,normal
32,323610,361,374,-0.19500,0.14820,-0.45240,0.51445,994.91,1000,5.09,50.00,201,2.2189,-0.5319,LOCK,0,normal
33,323618,369,382,-0.29640,-0.22620,-0.68640,0.78113,994.91,1000,5.09,50.00,201,2.2116,-0.6424,LOCK,0,normal
34,323627,378,391,0.17160,-0.05850,-0.73320,0.75528,994.91,1000,5.09,50.00,201,2.2183,-0.5404,LOCK,0,normal
35,323639,390,403,0.00780,-0.18720,-0.82290,0.84396,994.91,1000,5.09,50.00,201,2.2310,-0.3484,LOCK,0,normal
36,323647,398,411,-0.19890,0.15990,-0.73320,0.77634,994.90,1000,5.10,50.00,201,2.2280,-0.3939,LOCK,0,normal
37,323656,407,420,-0.46410,0.17550,-0.53820,0.73202,994.90,1000,5.10,50.00,201,2.1994,-0.8267,LOCK,0,normal
38,323664,415,428,-0.46410,0.17550,-0.53820,0.73202,994.90,1000,5.10,50.00,201,2.2188,-0.5334,LOCK,0,normal
39,323672,423,436,-0.28860,0.28080,-0.86190,0.95132,994.90,1000,5.10,50.00,201,2.2128,-0.6237,LOCK,0,normal
40,323681,432,445,-0.28080,-0.08970,-0.79170,0.84480,994.89,1000,5.11,50.00,201,2.2145,-0.5987,LOCK,0,normal
41,323689,440,453,0.24180,-0.29250,-0.74100,0.83253,994.87,1000,5.13,50.00,201,2.2312,-0.3460,LOCK,0,normal
42,323698,449,462,-0.04290,-0.21060,-0.64740,0.68214,994.87,1000,5.13,50.00,201,2.2244,-0.4491,LOCK,0,normal
43,323706,457,470,-0.39780,0.16770,-0.72930,0.84749,994.86,1000,5.14,50.00,201,2.2084,-0.6909,LOCK,0,normal
44,323715,466,479,-0.39780,0.16770,-0.72930,0.84749,994.85,1000,5.15,50.00,201,2.2266,-0.4159,LOCK,0,normal
45,323723,474,487,-0.37440,0.01950,-0.93990,1.01191,994.84,1000,5.16,50.00,201,2.2118,-0.6390,LOCK,0,normal
46,323732,483,496,-0.28860,0.36660,-0.83070,0.95276,994.84,1000,5.16,50.00,201,2.2230,-0.4696,LOCK,0,normal
47,323796,547,560,-0.12090,-0.05460,-0.72540,0.73743,994.82,1000,5.18,50.00,201,2.2290,-0.3792,LOCK,0,normal
48,323805,556,569,-0.24960,-0.25740,-0.58890,0.68946,994.80,1000,5.20,50.00,201,2.1934,-0.9180,LOCK,0,normal
49,323813,564,577,0.02340,-0.23400,-0.69420,0.73295,994.79,1000,5.21,50.00,201,2.2218,-0.4885,LOCK,0,normal
50,323821,572,585,-0.03900,0.00390,-0.98670,0.98748,994.77,1000,5.23,50.00,201,2.2199,-0.5160,LOCK,0,normal
51,323830,581,594,-0.33930,0.14430,-0.86190,0.93745,994.76,1000,5.24,50.00,201,2.2100,-0.6674,LOCK,0,normal
52,323845,596,609,-0.16770,-0.01950,-0.84240,0.85915,994.75,1000,5.25,50.00,201,2.2308,-0.3508,LOCK,0,normal
53,323853,604,617,-0.08190,0.02730,-0.66300,0.66860,994.74,1000,5.26,50.00,201,2.2281,-0.3930,LOCK,0,normal
54,323862,613,626,-0.03900,0.01560,-0.85800,0.85903,994.70,1000,5.30,50.00,201,2.2213,-0.4958,LOCK,0,normal
55,323870,621,634,0.07800,0.01560,-0.96720,0.97047,994.67,1000,5.33,50.00,201,2.2181,-0.5435,LOCK,0,normal
56,323879,630,643,0.07800,0.01560,-0.96720,0.97047,994.65,1000,5.35,50.00,201,2.2240,-0.4543,LOCK,0,normal
57,323887,638,651,-0.08190,-0.40560,-0.88920,0.98076,994.62,1000,5.38,50.00,201,2.2317,-0.3377,LOCK,0,normal
58,323896,647,660,-0.27690,0.33930,-0.71760,0.84068,994.60,1000,5.40,50.00,201,2.2306,-0.3539,LOCK,0,normal
59,323904,655,668,-0.29250,0.14430,-0.82680,0.88881,994.58,1000,5.42,50.00,201,2.2287,-0.3832,LOCK,0,normal
60,323913,664,677,-0.10140,-0.11700,-1.01010,1.02190,994.56,1000,5.44,50.00,201,2.2182,-0.5422,LOCK,0,normal
61,323921,672,685,-0.10140,-0.11700,-1.01010,1.02190,994.53,1000,5.47,50.00,201,2.2188,-0.5328,LOCK,0,normal
62,323929,680,693,0.14430,0.17550,-0.86190,0.89134,994.50,1000,5.50,50.00,201,2.2164,-0.5691,LOCK,0,normal
63,323938,689,702,0.14820,0.12480,-0.81120,0.83402,994.48,1000,5.52,50.00,201,2.2284,-0.3881,LOCK,0,normal
64,323946,697,710,-0.12090,-0.15600,-0.63180,0.66191,994.46,1000,5.54,50.00,201,2.2290,-0.3792,LOCK,0,normal
65,323955,706,719,-0.41730,0.13260,-0.75270,0.87079,994.44,1000,5.56,50.00,201,2.2308,-0.3512,LOCK,0,normal
66,323963,714,727,0.04680,-0.14040,-0.87750,0.88989,994.42,1000,5.58,50.00,201,2.2017,-0.7928,LOCK,0,normal
67,323972,723,736,0.04680,-0.14040,-0.87750,0.88989,994.40,1000,5.60,50.00,201,2.2142,-0.6030,LOCK,0,normal
68,323980,731,744,-0.26130,0.00390,-0.79170,0.83372,994.38,1000,5.62,50.00,201,2.2075,-0.7049,LOCK,0,normal
69,323989,740,753,0.31980,-0.22620,-0.74880,0.84507,994.36,1000,5.64,50.00,201,2.2268,-0.4128,LOCK,0,normal
70,324002,753,766,0.06240,-0.19890,-0.60060,0.63575,994.35,1000,5.65,50.00,201,2.2317,-0.3386,LOCK,0,normal
71,324010,761,774,-0.16770,-0.10920,-0.63570,0.66646,994.33,1000,5.67,50.00,201,2.2103,-0.6628,LOCK,0,normal
72,324019,770,783,-0.40560,0.18720,-0.74880,0.87193,994.32,1000,5.68,50.00,201,2.2189,-0.5312,LOCK,0,normal
73,324027,778,791,-0.19890,-0.06630,-0.94770,0.97061,994.31,1000,5.69,50.00,201,2.2149,-0.5920,LOCK,0,normal
74,324036,787,800,-0.13650,0.02340,-0.86190,0.87296,994.30,1000,5.70,50.00,201,2.2271,-0.4076,LOCK,0,normal
75,324048,799,812,0.14040,-0.22230,-0.72540,0.77158,994.27,1000,5.73,50.00,201,2.2306,-0.3545,LOCK,0,normal
76,324056,807,820,0.12870,0.01950,-0.61620,0.62980,994.24,1000,5.76,50.00,201,2.2303,-0.3594,LOCK,0,normal
77,324065,816,829,0.12870,0.01950,-0.61620,0.62980,994.21,1000,5.79,50.00,201,2.2198,-0.5181,LOCK,0,normal
78,324073,824,837,-0.22620,-0.35490,-1.02960,1.11229,994.19,1000,5.81,50.00,201,2.2005,-0.8109,LOCK,0,normal
79,324082,833,846,-0.33930,0.35100,-0.60450,0.77701,994.17,1000,5.83,50.00,201,2.2100,-0.6668,LOCK,0,normal
80,324090,841,854,-0.06630,0.02730,-0.74880,0.75222,994.16,1000,5.84,50.00,201,2.2132,-0.6176,LOCK,0,normal
81,324151,902,915,-0.13260,0.30810,-0.49530,0.59819,994.12,1000,5.88,50.00,201,2.2323,-0.3289,LOCK,0,normal
82,324160,911,924,-0.17160,-0.23400,-0.73320,0.78853,994.09,1000,5.91,50.00,201,2.2298,-0.3667,LOCK,0,normal
83,324168,919,932,0.29640,-0.06240,-0.92430,0.97266,994.06,1000,5.94,50.00,201,2.2150,-0.5902,LOCK,0,normal
84,324177,928,941,0.29640,-0.06240,-0.92430,0.97266,994.03,1000,5.97,50.00,201,2.2147,-0.5953,LOCK,0,normal
85,324185,936,949,-0.03900,-0.25350,-0.96720,1.00063,994.00,1000,6.00,50.00,201,2.2148,-0.5944,LOCK,0,normal
86,324194,945,958,-0.23010,0.33930,-0.88920,0.97916,993.98,1000,6.02,50.00,201,2.2224,-0.4787,LOCK,0,normal
87,324207,958,971,-0.24180,0.03510,-0.65520,0.69928,993.96,1000,6.04,50.00,201,2.2323,-0.3289,LOCK,0,normal
88,324216,967,980,-0.22230,0.03120,-0.49920,0.54735,993.94,1000,6.06,50.00,201,2.2043,-0.7529,LOCK,0,normal
89,324224,975,988,-0.38610,0.12090,-0.83070,0.92399,993.92,1000,6.08,50.00,201,2.2204,-0.5090,LOCK,0,normal
90,324232,983,996,0.20280,-0.21450,-0.84630,0.89630,993.90,1000,6.10,50.00,201,2.2223,-0.4803,LOCK,0,normal
91,324241,992,1005,0.09750,-0.11310,-0.79950,0.81333,993.89,1000,6.11,50.00,201,2.2155,-0.5837,LOCK,0,normal
92,324256,1007,1020,-0.34320,-0.30420,-0.79560,0.91832,993.87,1000,6.13,50.00,201,2.2324,-0.3280,LOCK,0,normal
93,324264,1015,1028,-0.34710,0.12090,-0.53040,0.64531,993.86,1000,6.14,50.00,201,2.1999,-0.8191,LOCK,0,normal
94,324273,1024,1037,-0.21450,0.31980,-0.89700,0.97616,993.85,1000,6.15,50.00,201,2.2201,-0.5132,LOCK,0,normal
95,324281,1032,1045,0.04290,-0.22620,-0.78780,0.82075,993.83,1000,6.17,50.00,201,2.2107,-0.6564,LOCK,0,normal
96,324289,1040,1053,0.04290,-0.22620,-0.78780,0.82075,993.82,1000,6.18,50.00,201,2.2162,-0.5728,LOCK,0,normal
97,324302,1053,1066,0.01950,-0.12480,-0.74490,0.75553,993.80,1000,6.20,50.00,201,2.2320,-0.3337,LOCK,0,normal
98,324310,1061,1074,0.01950,-0.12480,-0.74490,0.75553,993.79,1000,6.21,50.00,201,2.2315,-0.3411,LOCK,0,normal
99,324319,1070,1083,-0.35880,-0.24180,-0.77220,0.88515,993.78,1000,6.22,50.00,201,2.2116,-0.6417,LOCK,0,normal
100,324327,1078,1091,-0.13650,0.37050,-0.98280,1.05915,993.76,1000,6.24,50.00,201,2.2264,-0.4189,LOCK,0,normal
101,324335,1086,1099,-0.14040,-0.10530,-0.92820,0.94465,993.76,1000,6.24,50.00,201,2.2182,-0.5432,LOCK,0,normal
102,324344,1095,1108,-0.10530,0.01170,-0.78780,0.79489,993.73,1000,6.27,50.00,201,2.2336,-0.3084,LOCK,0,normal
103,324357,1108,1121,0.22230,-0.12480,-0.72930,0.77257,993.70,1000,6.30,50.00,201,2.2167,-0.5654,LOCK,0,normal
104,324365,1116,1129,-0.17550,-0.20670,-0.72150,0.77077,993.68,1000,6.32,50.00,201,2.2276,-0.3994,LOCK,0,normal
105,324374,1125,1138,-0.33540,0.27690,-0.81510,0.92388,993.66,1000,6.34,50.00,201,2.2091,-0.6799,LOCK,0,normal
106,324382,1133,1146,-0.33540,0.27690,-0.81510,0.92388,993.64,1000,6.36,50.00,201,2.2197,-0.5203,LOCK,0,normal
107,324413,1164,1177,0.04290,0.04290,-0.74490,0.74737,993.65,1000,6.35,50.00,201,2.2308,-0.3521,LOCK,0,normal
108,324421,1172,1185,0.02340,-0.09750,-0.74100,0.74775,993.65,1000,6.35,50.00,201,2.2091,-0.6805,LOCK,0,normal
109,324430,1181,1194,-0.02730,-0.26130,-0.69810,0.74590,993.65,1000,6.35,50.00,201,2.2130,-0.6216,LOCK,0,normal
110,324438,1189,1202,-0.43290,0.08580,-0.69030,0.81932,993.65,1000,6.35,50.00,201,2.2255,-0.4320,LOCK,0,normal
111,324457,1208,1221,-0.44460,-0.07800,-0.91650,1.02163,993.66,1000,6.34,50.00,201,2.2283,-0.3896,LOCK,0,normal
112,324465,1216,1229,0.01950,0.21450,-0.87360,0.89976,993.65,1000,6.35,50.00,201,2.2298,-0.3670,LOCK,0,normal
113,324474,1225,1238,0.01950,0.21450,-0.87360,0.89976,993.65,1000,6.35,50.00,201,2.2135,-0.6134,LOCK,0,normal
114,324482,1233,1246,0.10140,-0.05850,-0.81510,0.82346,993.65,1000,6.35,50.00,201,2.2180,-0.5450,LOCK,0,normal
115,324490,1241,1254,-0.14040,-0.23790,-0.54600,0.61190,993.65,1000,6.35,50.00,201,2.2159,-0.5767,LOCK,0,normal
116,324507,1258,1271,-0.50700,-0.12090,-1.04130,1.16446,993.65,1000,6.35,50.00,201,2.2305,-0.3563,LOCK,0,normal
117,324515,1266,1279,-0.50700,-0.12090,-1.04130,1.16446,993.65,1000,6.35,50.00,201,2.2231,-0.4684,LOCK,0,normal
118,324523,1274,1287,-0.26910,0.13260,-0.85020,0.90158,993.64,1000,6.36,50.00,201,2.2232,-0.4662,LOCK,0,normal
119,324532,1283,1296,0.42900,-0.06630,-0.78390,0.89607,993.63,1000,6.37,50.00,201,2.2200,-0.5148,LOCK,0,normal
120,324540,1291,1304,0.17940,-0.14430,-0.71370,0.74992,993.62,1000,6.38,50.00,201,2.2138,-0.6097,LOCK,0,normal
121,324562,1313,1326,-0.47970,0.09750,-0.62790,0.79616,993.61,1000,6.39,50.00,201,2.2272,-0.4061,LOCK,0,normal
122,324570,1321,1334,-0.29250,-0.05850,-0.82680,0.87896,993.61,1000,6.39,50.00,201,2.2289,-0.3798,LOCK,0,normal
123,324579,1330,1343,-0.22620,-0.05460,-0.83460,0.86643,993.60,1000,6.40,50.00,201,2.2169,-0.5624,LOCK,0,normal
124,324587,1338,1351,-0.22620,-0.05460,-0.83460,0.86643,993.61,1000,6.39,50.00,201,2.2165,-0.5676,LOCK,0,normal
125,324605,1356,1369,0.17550,-0.02340,-0.70590,0.72777,993.61,1000,6.39,50.00,201,2.2300,-0.3643,LOCK,0,normal
126,324619,1370,1383,-0.20280,-0.29250,-0.65130,0.74221,993.62,1000,6.38,50.00,201,2.2296,-0.3704,LOCK,0,normal
127,324627,1378,1391,-0.46800,0.36660,-0.65130,0.88182,993.62,1000,6.38,50.00,201,2.2075,-0.7049,LOCK,0,normal
128,324635,1386,1399,-0.23400,0.01170,-0.83850,0.87062,993.62,1000,6.38,50.00,201,2.2188,-0.5331,LOCK,0,normal
129,324644,1395,1408,0.06630,0.02340,-0.82680,0.82978,993.63,1000,6.37,50.00,201,2.2137,-0.6112,LOCK,0,normal
130,324661,1412,1425,0.03900,-0.44850,-0.70590,0.83724,993.63,1000,6.37,50.00,201,2.2292,-0.3765,LOCK,0,normal
131,324670,1421,1434,0.03900,-0.44850,-0.70590,0.83724,993.64,1000,6.36,50.00,201,2.2312,-0.3457,LOCK,0,normal
132,324678,1429,1442,-0.16380,-0.10530,-0.65910,0.68726,993.64,1000,6.36,50.00,201,2.2252,-0.4357,LOCK,0,normal
133,324687,1438,1451,-0.40560,0.21060,-0.38610,0.59828,993.64,1000,6.36,50.00,201,2.2056,-0.7333,LOCK,0,normal
134,324695,1446,1459,-0.36270,0.42510,-0.52260,0.76510,993.65,1000,6.35,50.00,201,2.2170,-0.5606,LOCK,0,normal
135,324759,1510,1523,-0.26130,0.09360,-0.59280,0.65456,993.65,1000,6.35,50.00,201,2.2166,-0.5667,LOCK,0,normal
136,324768,1519,1532,-0.20280,0.14820,-0.83070,0.86784,993.67,1000,6.33,50.00,201,2.2299,-0.3646,LOCK,0,normal
137,324776,1527,1540,0.02340,-0.14820,-0.91650,0.92870,993.68,1000,6.32,50.00,201,2.2298,-0.3667,LOCK,0,normal
138,324785,1536,1549,0.16380,0.03510,-0.78780,0.80541,993.69,1000,6.31,50.00,201,2.2176,-0.5511,LOCK,0,normal
139,324793,1544,1557,0.16380,0.03510,-0.78780,0.80541,993.71,1000,6.29,50.00,201,2.2137,-0.6100,LOCK,0,normal
140,324802,1553,1566,-0.21450,-0.12870,-0.76440,0.80429,993.72,1000,6.28,50.00,201,2.2228,-0.4733,LOCK,0,normal
141,324811,1562,1575,-0.49140,0.10530,-0.42120,0.65572,993.73,1000,6.27,50.00,201,2.2124,-0.6305,LOCK,0,normal
142,324825,1576,1589,-0.03900,-0.03510,-0.79950,0.80122,993.74,1000,6.26,50.00,201,2.2291,-0.3774,LOCK,0,normal
143,324833,1584,1597,-0.03900,-0.03510,-0.79950,0.80122,993.73,1000,6.27,50.00,201,2.2186,-0.5367,LOCK,0,normal
144,324842,1593,1606,0.17160,-0.26520,-0.71760,0.78405,993.73,1000,6.27,50.00,201,2.2228,-0.4726,LOCK,0,normal
145,324850,1601,1614,0.09360,-0.00780,-0.72540,0.73146,993.72,1000,6.28,50.00,201,2.2200,-0.5151,LOCK,0,normal
146,324859,1610,1623,-0.39780,-0.05850,-0.81120,0.90538,993.72,1000,6.28,50.00,201,2.2256,-0.4302,LOCK,0,normal
147,324867,1618,1631,-0.24180,0.01560,-0.98280,1.01223,993.71,1000,6.29,50.00,201,2.2312,-0.3453,LOCK,0,normal
148,324876,1627,1640,-0.19110,-0.01170,-0.83850,0.86008,993.71,1000,6.29,50.00,201,2.2315,-0.3405,LOCK,0,normal
149,324884,1635,1648,-0.19110,-0.01170,-0.83850,0.86008,993.73,1000,6.27,50.00,201,2.2180,-0.5456,LOCK,0,normal
150,324893,1644,1657,0.07800,-0.00390,-0.72930,0.73347,993.75,1000,6.25,50.00,201,2.2132,-0.6182,LOCK,0,normal
151,324901,1652,1665,0.06240,-0.10140,-0.58500,0.59699,993.76,1000,6.24,50.00,201,2.2157,-0.5804,LOCK,0,normal
152,324909,1660,1673,-0.22230,-0.39780,-0.93600,1.04104,993.78,1000,6.22,50.00,201,2.2264,-0.4189,LOCK,0,normal
153,324918,1669,1682,-0.32370,0.28470,-0.85800,0.96021,993.79,1000,6.21,50.00,201,2.2318,-0.3365,LOCK,0,normal
154,324926,1677,1690,-0.32370,0.28470,-0.85800,0.96021,993.80,1000,6.20,50.00,201,2.2284,-0.3884,LOCK,0,normal
155,324935,1686,1699,-0.28080,0.01950,-0.88920,0.93269,993.81,1000,6.19,50.00,201,2.2192,-0.5267,LOCK,0,normal
156,324943,1694,1707,-0.05460,0.03900,-0.72540,0.72850,993.82,1000,6.18,50.00,201,2.2260,-0.4247,LOCK,0,normal
157,324952,1703,1716,-0.00390,-0.05070,-0.56160,0.56390,993.83,1000,6.17,50.00,201,2.2188,-0.5340,LOCK,0,normal
158,324960,1711,1724,0.11310,0.24960,-0.98670,1.02405,993.85,1000,6.15,50.00,201,2.2266,-0.4153,LOCK,0,normal
159,324970,1721,1734,-0.01170,-0.10140,-0.99060,0.99584,993.86,1000,6.14,50.00,201,2.2309,-0.3502,LOCK,0,normal
160,324978,1729,1742,-0.01170,-0.10140,-0.99060,0.99584,993.87,1000,6.13,50.00,201,2.2049,-0.7443,LOCK,0,normal
161,324986,1737,1750,-0.23790,0.01560,-0.81900,0.85300,993.88,1000,6.12,50.00,201,2.2017,-0.7922,LOCK,0,normal
162,324995,1746,1759,-0.32370,0.28080,-0.87750,0.97654,993.89,1000,6.11,50.00,201,2.2074,-0.7062,LOCK,0,normal
163,325003,1754,1767,-0.38220,-0.12480,-0.66690,0.77872,993.89,1000,6.11,50.00,201,2.2113,-0.6472,LOCK,0,normal
164,325026,1777,1790,0.08580,0.10530,-0.90870,0.91880,993.87,1000,6.13,50.00,201,2.2302,-0.3600,LOCK,0,normal
165,325035,1786,1799,0.06630,0.03120,-0.78000,0.78343,993.85,1000,6.15,50.00,201,2.2142,-0.6027,LOCK,0,normal
166,325043,1794,1807,-0.41340,0.03510,-0.59280,0.72356,993.84,1000,6.16,50.00,201,2.2185,-0.5374,LOCK,0,normal
167,325051,1802,1815,-0.14430,-0.24570,-0.89310,0.93745,993.82,1000,6.18,50.00,201,2.2280,-0.3936,LOCK,0,normal
168,325060,1811,1824,-0.14430,-0.24570,-0.89310,0.93745,993.81,1000,6.19,50.00,201,2.2123,-0.6323,LOCK,0,normal
169,325073,1824,1837,0.12870,0.07020,-0.82290,0.83586,993.84,1000,6.16,50.00,201,2.2290,-0.3792,LOCK,0,normal
170,325082,1833,1846,0.06630,-0.06240,-0.76050,0.76593,993.87,1000,6.13,50.00,201,2.2267,-0.4131,LOCK,0,normal
171,325090,1841,1854,0.06630,-0.06240,-0.76050,0.76593,993.89,1000,6.11,50.00,201,2.2119,-0.6375,LOCK,0,normal
172,325099,1850,1863,-0.23010,-0.32370,-0.56940,0.69422,993.91,1000,6.09,50.00,201,2.2287,-0.3832,LOCK,0,normal
173,325107,1858,1871,-0.33930,0.48750,-0.64350,0.87571,993.93,1000,6.07,50.00,201,2.2244,-0.4488,LOCK,0,normal
174,325118,1869,1882,-0.20280,0.10530,-0.86190,0.89168,993.95,1000,6.05,50.00,201,2.2295,-0.3716,LOCK,0,normal
175,325126,1877,1890,0.08190,0.03900,-0.80340,0.80850,993.95,1000,6.05,50.00,201,2.2302,-0.3600,LOCK,0,normal
176,325135,1886,1899,0.19110,-0.24570,-0.75270,0.81452,993.95,1000,6.05,50.00,201,2.2299,-0.3646,LOCK,0,normal
177,325143,1894,1907,0.00000,-0.05850,-0.58110,0.58404,993.96,1000,6.04,50.00,201,2.2131,-0.6198,LOCK,0,normal
178,325152,1903,1916,0.00000,-0.05850,-0.58110,0.58404,993.96,1000,6.04,50.00,201,2.2254,-0.4336,LOCK,0,normal
179,325160,1911,1924,-0.13650,-0.26130,-0.95550,0.99995,993.96,1000,6.04,50.00,201,2.2234,-0.4632,LOCK,0,normal
180,325169,1920,1933,-0.29640,0.36270,-0.79950,0.92661,993.96,1000,6.04,50.00,201,2.2153,-0.5865,LOCK,0,normal
181,325178,1929,1942,-0.22620,0.08970,-0.81510,0.85065,993.96,1000,6.04,50.00,201,2.2304,-0.3573,LOCK,0,normal
182,325186,1937,1950,-0.10530,-0.16380,-0.69810,0.72475,993.97,1000,6.03,50.00,201,2.2056,-0.7330,LOCK,0,normal
183,325195,1946,1959,0.15210,0.05070,-0.73320,0.75052,993.97,1000,6.03,50.00,201,2.2235,-0.4626,LOCK,0,normal
184,325203,1954,1967,0.15210,0.05070,-0.73320,0.75052,993.98,1000,6.02,50.00,201,2.2168,-0.5633,LOCK,0,normal
185,325212,1963,1976,-0.05460,-0.20670,-1.05690,1.07831,993.98,1000,6.02,50.00,201,2.2165,-0.5685,LOCK,0,normal
186,325227,1978,1991,-0.17160,0.15600,-0.65520,0.69503,993.98,1000,6.02,50.00,201,2.2309,-0.3502,LOCK,0,normal
187,325236,1987,2000,-0.21450,0.30420,-0.47970,0.60717,993.99,1000,6.01,50.00,201,2.2276,-0.4006,LOCK,0,normal
188,325244,1995,2008,-0.21450,0.30420,-0.47970,0.60717,993.99,1000,6.01,50.00,201,2.2168,-0.5639,LOCK,0,normal
189,325252,2003,2016,-0.14820,-0.07020,-0.85410,0.86970,993.99,1000,6.01,50.00,201,2.2196,-0.5209,LOCK,0,normal
190,325261,2012,2025,0.19890,-0.26910,-0.81120,0.87751,993.99,1000,6.01,50.00,201,2.2203,-0.5111,LOCK,0,normal
191,325269,2020,2033,0.03900,-0.22620,-0.78390,0.81681,993.99,1000,6.01,50.00,201,2.2314,-0.3429,LOCK,0,normal
192,325278,2029,2042,-0.36270,-0.07800,-0.69810,0.79056,993.99,1000,6.01,50.00,201,2.2295,-0.3707,LOCK,0,normal
193,325286,2037,2050,-0.41340,-0.25350,-0.77220,0.91184,993.99,1000,6.01,50.00,201,2.2227,-0.4736,LOCK,0,normal
194,325295,2046,2059,-0.41340,-0.25350,-0.77220,0.91184,993.99,1000,6.01,50.00,201,2.2196,-0.5215,LOCK,0,normal
195,325303,2054,2067,-0.31200,0.07410,-0.85020,0.90867,993.99,1000,6.01,50.00,201,2.2215,-0.4931,LOCK,0,normal
196,325312,2063,2076,0.01560,0.33930,-0.80730,0.87584,994.02,1000,5.98,50.00,201,2.2205,-0.5074,LOCK,0,normal
197,325320,2071,2084,0.08970,-0.36660,-0.77220,0.85950,994.04,1000,5.96,50.00,201,2.2127,-0.6256,LOCK,0,normal
198,325379,2130,2143,0.12090,-0.23790,-0.70200,0.75101,994.04,1000,5.96,50.00,201,2.2307,-0.3524,LOCK,0,normal
199,325387,2138,2151,0.12090,-0.23790,-0.70200,0.75101,994.05,1000,5.95,50.00,201,2.2304,-0.3569,LOCK,0,normal
200,325396,2147,2160,-0.08190,-0.11700,-0.91650,0.92756,994.05,1000,5.95,50.00,201,2.2199,-0.5172,LOCK,0,normal
201,325404,2155,2168,-0.26520,0.18330,-0.90480,0.96052,994.05,1000,5.95,50.00,201,2.2284,-0.3875,LOCK,0,normal
202,325413,2164,2177,-0.28860,-0.00390,-0.80730,0.85734,994.05,1000,5.95,50.00,201,2.2208,-0.5032,LOCK,0,normal
203,325421,2172,2185,-0.18330,-0.18720,-0.56550,0.62324,994.06,1000,5.94,50.00,201,2.2153,-0.5871,LOCK,0,normal
204,325435,2186,2199,-0.00780,-0.01950,-0.64350,0.64384,994.09,1000,5.91,50.00,201,2.2295,-0.3707,LOCK,0,normal
205,325443,2194,2207,0.01560,-0.00780,-0.86580,0.86598,994.11,1000,5.89,50.00,201,2.2131,-0.6204,LOCK,0,normal
206,325451,2202,2215,-0.14040,-0.00780,-1.06080,1.07008,994.14,1000,5.86,50.00,201,2.2166,-0.5673,LOCK,0,normal
207,325460,2211,2224,-0.14040,-0.00780,-1.06080,1.07008,994.16,1000,5.84,50.00,201,2.2186,-0.5358,LOCK,0,normal
208,325468,2219,2232,-0.15990,0.59670,-0.75660,0.97676,994.18,1000,5.82,50.00,201,2.2167,-0.5648,LOCK,0,normal
209,325485,2236,2249,-0.21060,-0.19500,-0.62400,0.68684,994.19,1000,5.81,50.00,201,2.2305,-0.3557,LOCK,0,normal
210,325493,2244,2257,0.05070,-0.11700,-0.73320,0.74421,994.21,1000,5.79,50.00,201,2.2296,-0.3704,LOCK,0,normal
211,325501,2252,2265,0.05070,-0.11700,-0.73320,0.74421,994.23,1000,5.77,50.00,201,2.2044,-0.7523,LOCK,0,normal
212,325510,2261,2274,0.04290,-0.14820,-0.95550,0.96788,994.25,1000,5.75,50.00,201,2.2136,-0.6115,LOCK,0,normal
213,325518,2269,2282,-0.04680,-0.02340,-0.87360,0.87517,994.27,1000,5.73,50.00,201,2.2209,-0.5016,LOCK,0,normal
214,325528,2279,2292,-0.26910,0.03120,-0.79170,0.83677,994.28,1000,5.72,50.00,201,2.2326,-0.3237,LOCK,0,normal
215,325536,2287,2300,-0.47190,-0.01170,-0.95160,1.06225,994.29,1000,5.71,50.00,201,2.2302,-0.3606,LOCK,0,normal
216,325545,2296,2309,-0.33540,-0.16380,-0.65130,0.75068,994.30,1000,5.70,50.00,201,2.2288,-0.3820,LOCK,0,normal
217,325553,2304,2317,0.31980,0.11700,-0.79560,0.86541,994.33,1000,5.67,50.00,201,2.2086,-0.6878,LOCK,0,normal
218,325561,2312,2325,0.31980,0.11700,-0.79560,0.86541,994.35,1000,5.65,50.00,201,2.2247,-0.4433,LOCK,0,normal
219,325570,2321,2334,0.07800,-0.17160,-0.95940,0.97774,994.37,1000,5.63,50.00,201,2.2172,-0.5572,LOCK,0,normal
220,325578,2329,2342,-0.00780,0.06630,-0.76440,0.76731,994.38,1000,5.62,50.00,201,2.2297,-0.3679,LOCK,0,normal
221,325587,2338,2351,-0.27690,0.05850,-0.61230,0.67454,994.40,1000,5.60,50.00,201,2.2068,-0.7147,LOCK,0,normal
222,325595,2346,2359,-0.30030,-0.09360,-0.63570,0.70926,994.41,1000,5.59,50.00,201,2.2299,-0.3658,LOCK,0,normal
223,325604,2355,2368,-0.30030,-0.09360,-0.63570,0.70926,994.42,1000,5.58,50.00,201,2.2157,-0.5798,LOCK,0,normal
224,325612,2363,2376,-0.12480,-0.07410,-0.88530,0.89712,994.43,1000,5.57,50.00,201,2.2177,-0.5505,LOCK,0,normal
225,325641,2392,2405,-0.17160,-0.38610,-0.69030,0.80934,994.43,1000,5.57,50.00,201,2.2284,-0.3878,LOCK,0,normal
226,325649,2400,2413,-0.32370,0.47190,-0.39780,0.69693,994.44,1000,5.56,50.00,201,2.2133,-0.6170,LOCK,0,normal
227,325657,2408,2421,-0.23400,-0.18330,-0.94380,0.98950,994.44,1000,5.56,50.00,201,2.2170,-0.5599,LOCK,0,normal
228,325666,2417,2430,0.01170,0.12480,-0.85020,0.85939,994.44,1000,5.56,50.00,201,2.2110,-0.6509,LOCK,0,normal
229,325674,2425,2438,0.01170,0.12480,-0.85020,0.85939,994.47,1000,5.53,50.00,201,2.2091,-0.6799,LOCK,0,normal
230,325688,2439,2452,0.01560,-0.08970,-0.67470,0.68082,994.50,1000,5.50,50.00,201,2.2307,-0.3527,LOCK,0,normal
231,325697,2448,2461,-0.12870,-0.27690,-0.99060,1.03659,994.52,1000,5.48,50.00,201,2.2323,-0.3295,LOCK,0,normal
232,325705,2456,2469,-0.12870,-0.27690,-0.99060,1.03659,994.55,1000,5.45,50.00,201,2.2156,-0.5825,LOCK,0,normal
233,325713,2464,2477,-0.34320,0.45630,-0.73320,0.92929,994.57,1000,5.43,50.00,201,2.2192,-0.5279,LOCK,0,normal
234,325722,2473,2486,-0.52650,0.22620,-0.71370,0.91528,994.59,1000,5.41,50.00,201,2.2045,-0.7495,LOCK,0,normal
235,325730,2481,2494,-0.20280,-0.03510,-0.59280,0.62751,994.61,1000,5.39,50.00,201,2.2227,-0.4745,LOCK,0,normal
236,325739,2490,2503,0.23010,0.05850,-0.83850,0.87146,994.64,1000,5.36,50.00,201,2.2329,-0.3200,LOCK,0,normal
237,325747,2498,2511,0.23010,0.05850,-0.83850,0.87146,994.67,1000,5.33,50.00,201,2.2286,-0.3853,LOCK,0,normal
238,325756,2507,2520,-0.07800,-0.32760,-1.01790,1.07216,994.69,1000,5.31,50.00,201,2.2151,-0.5899,LOCK,0,normal
239,325764,2515,2528,-0.22230,0.36660,-0.89700,0.99419,994.71,1000,5.29,50.00,201,2.2247,-0.4442,LOCK,0,normal
240,325773,2524,2537,-0.31980,-0.04290,-0.67080,0.74437,994.72,1000,5.28,50.00,201,2.2121,-0.6347,LOCK,0,normal
241,325781,2532,2545,-0.46800,-0.14820,-0.49530,0.69736,994.74,1000,5.26,50.00,201,2.2353,-0.2831,LOCK,0,normal
242,325790,2541,2554,-0.21450,0.02340,-0.81120,0.83941,994.73,1000,5.27,50.00,201,2.2306,-0.3548,LOCK,0,normal
243,325798,2549,2562,-0.21450,0.02340,-0.81120,0.83941,994.71,1000,5.29,50.00,201,2.2315,-0.3402,LOCK,0,normal
244,325807,2558,2571,0.09750,-0.03510,-0.86970,0.87585,994.70,1000,5.30,50.00,201,2.2179,-0.5471,LOCK,0,normal
245,325815,2566,2579,0.08190,-0.08580,-0.82680,0.83526,994.69,1000,5.31,50.00,201,2.2110,-0.6515,LOCK,0,normal
246,325823,2574,2587,-0.36270,-0.26130,-0.68250,0.81586,994.68,1000,5.32,50.00,201,2.2167,-0.5648,LOCK,0,normal
247,325832,2583,2596,-0.39390,-0.14040,-0.93600,1.02517,994.68,1000,5.32,50.00,201,2.2263,-0.4198,LOCK,0,normal
248,325845,2596,2609,-0.24570,0.05460,-0.88530,0.92038,994.67,1000,5.33,50.00,201,2.2262,-0.4214,LOCK,0,normal
249,325854,2605,2618,-0.08970,0.11310,-0.70980,0.72433,994.66,1000,5.34,50.00,201,2.2308,-0.3515,LOCK,0,normal
250,325862,2613,2626,0.12090,-0.42510,-0.69030,0.81966,994.66,1000,5.34,50.00,201,2.2066,-0.7184,LOCK,0,normal
251,325870,2621,2634,0.12090,-0.42510,-0.69030,0.81966,994.65,1000,5.35,50.00,201,2.2161,-0.5740,LOCK,0,normal
252,325879,2630,2643,-0.00390,0.11700,-0.66690,0.67710,994.65,1000,5.35,50.00,201,2.2159,-0.5779,LOCK,0,normal
253,325892,2643,2656,-0.08190,-0.20670,-0.73320,0.76617,994.64,1000,5.36,50.00,201,2.2280,-0.3936,LOCK,0,normal
254,325901,2652,2665,-0.08190,-0.20670,-0.73320,0.76617,994.64,1000,5.36,50.00,201,2.2297,-0.3676,LOCK,0,normal
255,325909,2660,2673,-0.21450,0.06240,-0.79560,0.82637,994.64,1000,5.36,50.00,201,2.2122,-0.6329,LOCK,0,normal
256,325917,2668,2681,-0.06240,-0.21060,-0.54600,0.58853,994.66,1000,5.34,50.00,201,2.2120,-0.6356,LOCK,0,normal
257,325926,2677,2690,0.11700,0.00000,-0.83460,0.84276,994.69,1000,5.31,50.00,201,2.2066,-0.7187,LOCK,0,normal
258,325934,2685,2698,-0.13650,-0.19500,-0.88920,0.92051,994.71,1000,5.29,50.00,201,2.2071,-0.7107,LOCK,0,normal
259,325994,2745,2758,0.06240,0.01170,-0.79950,0.80202,994.69,1000,5.31,50.00,201,2.2338,-0.3063,LOCK,0,normal
260,326002,2753,2766,-0.02730,-0.37050,-0.80340,0.88514,994.68,1000,5.32,50.00,201,2.2313,-0.3435,LOCK,0,normal
261,326011,2762,2775,-0.39390,0.37440,-0.62400,0.82747,994.67,1000,5.33,50.00,201,2.2060,-0.7269,LOCK,0,normal
262,326019,2770,2783,-0.44850,0.24180,-0.99840,1.12090,994.66,1000,5.34,50.00,201,2.2232,-0.4668,LOCK,0,normal
263,326027,2778,2791,-0.12480,-0.14430,-0.93990,0.95907,994.65,1000,5.35,50.00,201,2.2030,-0.7721,LOCK,0,normal
264,326036,2787,2800,0.20280,-0.22230,-0.71370,0.77454,994.65,1000,5.35,50.00,201,2.2159,-0.5770,LOCK,0,normal
265,326049,2800,2813,-0.03510,-0.26520,-0.55380,0.61503,994.65,1000,5.35,50.00,201,2.2309,-0.3493,LOCK,0,normal
266,326058,2809,2822,-0.15210,0.08190,-0.84630,0.86375,994.64,1000,5.36,50.00,201,2.2095,-0.6735,LOCK,0,normal
267,326066,2817,2830,-0.33540,0.13260,-0.83070,0.90561,994.64,1000,5.36,50.00,201,2.2196,-0.5212,LOCK,0,normal
268,326075,2826,2839,-0.33540,0.13260,-0.83070,0.90561,994.64,1000,5.36,50.00,201,2.2171,-0.5584,LOCK,0,normal
269,326083,2834,2847,-0.11700,-0.07410,-0.76830,0.78068,994.64,1000,5.36,50.00,201,2.2133,-0.6164,LOCK,0,normal
270,326096,2847,2860,-0.21840,-0.04290,-0.69810,0.73272,994.66,1000,5.34,50.00,201,2.2316,-0.3389,LOCK,0,normal
271,326104,2855,2868,0.21450,-0.29640,-0.53430,0.64756,994.67,1000,5.33,50.00,201,2.2296,-0.3698,LOCK,0,normal
272,326113,2864,2877,0.04680,-0.18330,-0.93990,0.95875,994.69,1000,5.31,50.00,201,2.2208,-0.5026,LOCK,0,normal
273,326121,2872,2885,-0.07800,0.01950,-0.74100,0.74535,994.70,1000,5.30,50.00,201,2.2157,-0.5810,LOCK,0,normal
274,326130,2881,2894,-0.27300,0.04680,-0.55380,0.61920,994.71,1000,5.29,50.00,201,2.2201,-0.5132,LOCK,0,normal
275,326138,2889,2902,-0.25350,0.07020,-0.54990,0.60957,994.73,1000,5.27,50.00,201,2.2168,-0.5633,LOCK,0,normal
276,326147,2898,2911,-0.25350,0.07020,-0.54990,0.60957,994.74,1000,5.26,50.00,201,2.2275,-0.4018,LOCK,0,normal
277,326155,2906,2919,-0.01950,0.10920,-0.83070,0.83807,994.72,1000,5.28,50.00,201,2.2326,-0.3237,LOCK,0,normal
278,326164,2915,2928,0.03120,-0.03900,-0.88530,0.88671,994.71,1000,5.29,50.00,201,2.2255,-0.4311,LOCK,0,normal
279,326172,2923,2936,0.11310,0.08580,-0.79170,0.80433,994.70,1000,5.30,50.00,201,2.2257,-0.4293,LOCK,0,normal
280,326180,2931,2944,-0.12870,-0.17550,-0.78390,0.81355,994.70,1000,5.30,50.00,201,2.2132,-0.6176,LOCK,0,normal
281,326189,2940,2953,-0.12870,-0.17550,-0.78390,0.81355,994.69,1000,5.31,50.00,201,2.2243,-0.4494,LOCK,0,normal
282,326199,2950,2963,-0.18720,0.54990,-0.44070,0.72914,994.68,1000,5.32,50.00,201,2.2298,-0.3667,LOCK,0,normal
283,326208,2959,2972,-0.19110,-0.07020,-0.88140,0.90461,994.68,1000,5.32,50.00,201,2.2093,-0.6765,LOCK,0,normal
284,326216,2967,2980,-0.16380,-0.09360,-0.95160,0.97012,994.67,1000,5.33,50.00,201,2.2145,-0.5978,LOCK,0,normal
285,326224,2975,2988,0.10530,-0.07800,-0.86580,0.87566,994.66,1000,5.34,50.00,201,2.2142,-0.6024,LOCK,0,normal
286,326233,2984,2997,-0.09360,-0.17550,-0.70980,0.73714,994.65,1000,5.35,50.00,201,2.2203,-0.5111,LOCK,0,normal
287,326255,3006,3019,-0.14040,0.42510,-0.86580,0.97470,994.65,1000,5.35,50.00,201,2.2287,-0.3829,LOCK,0,normal
288,326264,3015,3028,-0.02730,0.29640,-0.66300,0.72675,994.64,1000,5.36,50.00,201,2.2158,-0.5795,LOCK,0,normal
289,326272,3023,3036,-0.11310,-0.10920,-0.67860,0.69657,994.65,1000,5.35,50.00,201,2.2120,-0.6366,LOCK,0,normal
290,326281,3032,3045,-0.11310,-0.10920,-0.67860,0.69657,994.66,1000,5.34,50.00,201,2.2166,-0.5660,LOCK,0,normal
291,326289,3040,3053,-0.02340,0.10140,-0.60450,0.61339,994.66,1000,5.34,50.00,201,2.2153,-0.5862,LOCK,0,normal
292,326301,3052,3065,-0.07410,-0.38610,-0.94770,1.02601,994.67,1000,5.33,50.00,201,2.2290,-0.3786,LOCK,0,normal
293,326309,3060,3073,-0.21840,0.33540,-0.94770,1.02875,994.67,1000,5.33,50.00,201,2.2304,-0.3573,LOCK,0,normal
294,326318,3069,3082,-0.10140,-0.35100,-0.73320,0.81919,994.68,1000,5.32,50.00,201,2.1978,-0.8518,LOCK,0,normal
295,326326,3077,3090,-0.17550,-0.10140,-0.58500,0.61912,994.68,1000,5.32,50.00,201,2.2117,-0.6411,LOCK,0,normal
296,326334,3085,3098,-0.16770,0.16380,-0.50700,0.55857,994.68,1000,5.32,50.00,201,2.2168,-0.5633,LOCK,0,normal
297,326343,3094,3107,-0.16770,0.16380,-0.50700,0.55857,994.69,1000,5.31,50.00,201,2.2252,-0.4369,LOCK,0,normal
298,326351,3102,3115,0.07410,-0.11700,-0.92430,0.93462,994.69,1000,5.31,50.00,201,2.2319,-0.3347,LOCK,0,normal
299,326360,3111,3124,-0.06630,0.02730,-0.85410,0.85710,994.69,1000,5.31,50.00,201,2.2301,-0.3621,LOCK,0,normal
300,326368,3119,3132,-0.33540,-0.01560,-0.82290,0.88876,994.69,1000,5.31,50.00,201,2.2098,-0.6695,LOCK,0,normal
301,326377,3128,3141,-0.51480,0.05070,-0.65520,0.83479,994.69,1000,5.31,50.00,201,2.2281,-0.3930,LOCK,0,normal
302,326385,3136,3149,-0.30030,0.13650,-0.78000,0.84688,994.70,1000,5.30,50.00,201,2.2103,-0.6625,LOCK,0,normal
303,326394,3145,3158,-0.30030,0.13650,-0.78000,0.84688,994.69,1000,5.31,50.00,201,2.2215,-0.4928,LOCK,0,normal
304,326403,3154,3167,0.01950,0.39000,-0.92820,1.00699,994.68,1000,5.32,50.00,201,2.2329,-0.3194,LOCK,0,normal
305,326412,3163,3176,0.15210,-0.00390,-0.78390,0.79853,994.68,1000,5.32,50.00,201,2.2299,-0.3646,LOCK,0,normal
306,326420,3171,3184,0.04290,-0.05850,-0.74490,0.74842,994.67,1000,5.33,50.00,201,2.2193,-0.5264,LOCK,0,normal
307,326428,3179,3192,-0.42510,-0.13260,-0.67860,0.81166,994.67,1000,5.33,50.00,201,2.2122,-0.6326,LOCK,0,normal
308,326437,3188,3201,-0.34710,0.21840,-1.04910,1.12640,994.66,1000,5.34,50.00,201,2.2131,-0.6204,LOCK,0,normal
309,326445,3196,3209,-0.34710,0.21840,-1.04910,1.12640,994.66,1000,5.34,50.00,201,2.2204,-0.5096,LOCK,0,normal
310,326459,3210,3223,0.46410,0.05070,-0.85800,0.97679,994.68,1000,5.32,50.00,201,2.2307,-0.3536,LOCK,0,normal
311,326467,3218,3231,0.15600,-0.05850,-0.65130,0.67227,994.69,1000,5.31,50.00,201,2.2219,-0.4867,LOCK,0,normal
312,326475,3226,3239,0.15600,-0.05850,-0.65130,0.67227,994.71,1000,5.29,50.00,201,2.2061,-0.7257,LOCK,0,normal
313,326484,3235,3248,-0.17940,-0.26910,-0.79560,0.85882,994.72,1000,5.28,50.00,201,2.2214,-0.4946,LOCK,0,normal
314,326492,3243,3256,-0.36270,0.13260,-0.83460,0.91961,994.74,1000,5.26,50.00,201,2.2167,-0.5648,LOCK,0,normal
315,326506,3257,3270,-0.08970,-0.07410,-0.76830,0.77706,994.75,1000,5.25,50.00,201,2.2284,-0.3875,LOCK,0,normal
316,326514,3265,3278,-0.14040,-0.20670,-0.72150,0.76354,994.78,1000,5.22,50.00,201,2.2301,-0.3627,LOCK,0,normal
317,326523,3274,3287,0.05460,-0.17550,-0.54990,0.57980,994.80,1000,5.20,50.00,201,2.2047,-0.7477,LOCK,0,normal
318,326531,3282,3295,-0.00390,0.07020,-0.80340,0.80647,994.83,1000,5.17,50.00,201,2.2167,-0.5645,LOCK,0,normal
319,326540,3291,3304,-0.10920,-0.23790,-0.97110,1.00576,994.85,1000,5.15,50.00,201,2.2166,-0.5663,LOCK,0,normal
320,326548,3299,3312,-0.10920,-0.23790,-0.97110,1.00576,994.87,1000,5.13,50.00,201,2.2156,-0.5813,LOCK,0,normal
321,326609,3360,3373,0.15990,-0.01560,-0.74880,0.76584,994.88,1000,5.12,50.00,201,2.2328,-0.3209,LOCK,0,normal
322,326618,3369,3382,-0.50700,0.10530,-0.45630,0.69018,994.89,1000,5.11,50.00,201,2.2314,-0.3426,LOCK,0,normal
323,326626,3377,3390,0.05850,0.39000,-1.04130,1.11348,994.91,1000,5.09,50.00,201,2.2144,-0.5993,LOCK,0,normal
324,326635,3386,3399,-0.12870,-0.14430,-0.83070,0.85291,994.91,1000,5.09,50.00,201,2.2200,-0.5148,LOCK,0,normal
325,326643,3394,3407,0.22230,-0.18330,-0.70980,0.76605,994.92,1000,5.08,50.00,201,2.2102,-0.6640,LOCK,0,normal
326,326652,3403,3416,0.00390,-0.26130,-0.63180,0.68371,994.93,1000,5.07,50.00,201,2.2264,-0.4189,LOCK,0,normal
327,326665,3416,3429,-0.14820,0.31980,-0.80730,0.88089,994.93,1000,5.07,50.00,201,2.2303,-0.3585,LOCK,0,normal
328,326673,3424,3437,-0.34710,0.12090,-0.83460,0.91195,994.94,1000,5.06,50.00,201,2.2101,-0.6653,LOCK,0,normal
329,326682,3433,3446,-0.26520,0.19110,-0.74100,0.80990,994.94,1000,5.06,50.00,201,2.2181,-0.5447,LOCK,0,normal
330,326690,3441,3454,-0.26520,0.19110,-0.74100,0.80990,994.94,1000,5.06,50.00,201,2.2056,-0.7330,LOCK,0,normal
331,326699,3450,3463,-0.02730,0.10920,-0.70200,0.71097,995.00,1000,5.00,50.00,201,2.2177,-0.5502,LOCK,0,normal
332,326711,3462,3475,-0.01560,-0.31200,-0.62790,0.70132,995.06,1000,4.94,50.00,201,2.2341,-0.3017,LOCK,0,normal
333,326719,3470,3483,0.01170,-0.03900,-0.81510,0.81612,995.10,1000,4.90,50.00,201,2.2303,-0.3585,LOCK,0,normal
334,326728,3479,3492,-0.12480,-0.07020,-1.02570,1.03565,995.15,1000,4.85,50.00,201,2.2135,-0.6137,LOCK,0,normal
335,326736,3487,3500,-0.19890,0.63180,-0.71760,0.97657,995.18,1000,4.82,50.00,201,2.2188,-0.5331,LOCK,0,normal
336,326745,3496,3509,-0.03900,-0.17550,-0.70200,0.72466,995.22,1000,4.78,50.00,201,2.2112,-0.6488,LOCK,0,normal
337,326753,3504,3517,-0.03900,-0.17550,-0.70200,0.72466,995.25,1000,4.75,50.00,201,2.2272,-0.4058,LOCK,0,normal
338,326762,3513,3526,-0.12870,-0.31980,-0.55770,0.65564,995.25,1000,4.75,50.00,201,2.2280,-0.3945,LOCK,0,normal
339,326770,3521,3534,0.01170,-0.14040,-0.85800,0.86949,995.25,1000,4.75,50.00,201,2.2292,-0.3759,LOCK,0,normal
340,326779,3530,3543,-0.06630,-0.06240,-0.85410,0.85894,995.25,1000,4.75,50.00,201,2.2187,-0.5346,LOCK,0,normal
341,326787,3538,3551,-0.19890,-0.02730,-0.90480,0.92681,995.25,1000,4.75,50.00,201,2.2292,-0.3759,LOCK,0,normal
342,326795,3546,3559,-0.18720,0.06630,-0.68250,0.71081,995.25,1000,4.75,50.00,201,2.2169,-0.5627,LOCK,0,normal
343,326804,3555,3568,-0.18720,0.06630,-0.68250,0.71081,995.25,1000,4.75,50.00,201,2.2298,-0.3661,LOCK,0,normal
344,326813,3564,3577,-0.45240,-0.20280,-0.50310,0.70633,995.24,1000,4.76,50.00,201,2.2312,-0.3457,LOCK,0,normal
345,326821,3572,3585,-0.23010,0.09360,-0.90870,0.94204,995.26,1000,4.74,50.00,201,2.2148,-0.5935,LOCK,0,normal
346,326830,3581,3594,0.03120,0.04290,-0.95550,0.95697,995.28,1000,4.72,50.00,201,2.2162,-0.5728,LOCK,0,normal
347,326838,3589,3602,-0.04290,-0.37440,-0.89310,0.96935,995.30,1000,4.70,50.00,201,2.2097,-0.6717,LOCK,0,normal
348,326847,3598,3611,-0.28470,0.39780,-0.63570,0.80213,995.31,1000,4.69,50.00,201,2.2286,-0.3850,LOCK,0,normal
349,326870,3621,3634,-0.20670,-0.16770,-0.99840,1.03327,995.32,1000,4.68,50.00,201,2.2274,-0.4030,LOCK,0,normal
350,326878,3629,3642,0.14820,0.15600,-0.79560,0.82418,995.34,1000,4.66,50.00,201,2.2104,-0.6601,LOCK,0,normal
351,326886,3637,3650,0.14820,0.15600,-0.79560,0.82418,995.36,1000,4.64,50.00,201,2.2140,-0.6066,LOCK,0,normal
352,326895,3646,3659,0.14040,-0.09360,-0.73320,0.75237,995.37,1000,4.63,50.00,201,2.2158,-0.5795,LOCK,0,normal
353,326903,3654,3667,-0.15600,-0.08580,-0.59670,0.62269,995.39,1000,4.61,50.00,201,2.2156,-0.5813,LOCK,0,normal
354,326915,3666,3679,-0.44460,-0.03510,-0.72540,0.85153,995.40,1000,4.60,50.00,201,2.2319,-0.3344,LOCK,0,normal
355,326924,3675,3688,-0.11310,0.42120,-1.25580,1.32937,995.41,1000,4.59,50.00,201,2.2205,-0.5071,LOCK,0,normal
356,326932,3683,3696,-0.41340,0.30420,-0.86580,1.00650,995.42,1000,4.58,50.00,201,2.2009,-0.8041,LOCK,0,normal
357,326940,3691,3704,0.10530,0.18330,-0.74880,0.77807,995.45,1000,4.55,50.00,201,2.2115,-0.6439,LOCK,0,normal
358,326949,3700,3713,0.09360,0.04290,-0.72930,0.73653,995.49,1000,4.51,50.00,201,2.2171,-0.5590,LOCK,0,normal
359,326964,3715,3728,-0.05850,-0.01950,-0.62790,0.63092,995.51,1000,4.49,50.00,201,2.2323,-0.3283,LOCK,0,normal
360,326973,3724,3737,-0.42900,-0.14430,-0.47190,0.65388,995.54,1000,4.46,50.00,201,2.2256,-0.4299,LOCK,0,normal
361,326981,3732,3745,-0.04680,-0.54990,-0.60450,0.81854,995.56,1000,4.44,50.00,201,2.2224,-0.4787,LOCK,0,normal
362,326990,3741,3754,-0.31980,0.05460,-0.95550,1.00908,995.58,1000,4.42,50.00,201,2.2156,-0.5822,LOCK,0,normal
363,326998,3749,3762,-0.31980,0.05460,-0.95550,1.00908,995.59,1000,4.41,50.00,201,2.2001,-0.8164,LOCK,0,normal
364,327006,3757,3770,0.15600,-0.01560,-0.85020,0.86453,995.59,1000,4.41,50.00,201,2.2118,-0.6399,LOCK,0,normal
365,327018,3769,3782,0.19110,0.00390,-0.77220,0.79550,995.60,1000,4.40,50.00,201,2.2321,-0.3313,LOCK,0,normal
366,327026,3777,3790,-0.07020,-0.49920,-0.78780,0.93528,995.60,1000,4.40,50.00,201,2.2288,-0.3820,LOCK,0,normal
367,327035,3786,3799,-0.27690,0.46020,-0.47970,0.72012,995.60,1000,4.40,50.00,201,2.2045,-0.7501,LOCK,0,normal
368,327043,3794,3807,-0.28080,-0.07020,-0.51090,0.58719,995.61,1000,4.39,50.00,201,2.2183,-0.5413,LOCK,0,normal
369,327052,3803,3816,-0.03120,0.02730,-0.76050,0.76163,995.61,1000,4.39,50.00,201,2.2116,-0.6430,LOCK,0,normal
370,327060,3811,3824,-0.03120,0.02730,-0.76050,0.76163,995.62,1000,4.38,50.00,201,2.2175,-0.5535,LOCK,0,normal
371,327073,3824,3837,0.08970,-0.05460,-0.98280,0.98839,995.63,1000,4.37,50.00,201,2.2310,-0.3490,LOCK,0,normal
372,327082,3833,3846,-0.12090,-0.25350,-0.94770,0.98844,995.64,1000,4.36,50.00,201,2.2145,-0.5978,LOCK,0,normal
373,327090,3841,3854,-0.12090,-0.25350,-0.94770,0.98844,995.65,1000,4.35,50.00,201,2.2196,-0.5206,LOCK,0,normal
374,327099,3850,3863,-0.32760,0.17940,-0.61230,0.71723,995.65,1000,4.35,50.00,201,2.2136,-0.6121,LOCK,0,normal
375,327107,3858,3871,-0.19110,0.17940,-0.61230,0.66604,995.66,1000,4.34,50.00,201,2.2136,-0.6121,LOCK,0,normal
376,327120,3871,3884,-0.13650,-0.19500,-0.60840,0.65331,995.68,1000,4.32,50.00,201,2.2308,-0.3508,LOCK,0,normal
377,327128,3879,3892,0.09360,-0.05460,-0.54990,0.56047,995.70,1000,4.30,50.00,201,2.2267,-0.4140,LOCK,0,normal
378,327137,3888,3901,-0.10530,-0.25350,-0.82680,0.87118,995.71,1000,4.29,50.00,201,2.2150,-0.5905,LOCK,0,normal
379,327145,3896,3909,-0.19500,0.24960,-0.99060,1.04001,995.73,1000,4.27,50.00,201,2.2094,-0.6750,LOCK,0,normal
380,327154,3905,3918,-0.28080,0.24180,-0.79170,0.87413,995.74,1000,4.26,50.00,201,2.2189,-0.5322,LOCK,0,normal
381,327162,3913,3926,-0.28080,0.24180,-0.79170,0.87413,995.75,1000,4.25,50.00,201,2.2187,-0.5352,LOCK,0,normal
382,327223,3974,3987,-0.09360,-0.03900,-0.97890,0.98414,995.75,1000,4.25,50.00,201,2.2332,-0.3145,LOCK,0,normal
383,327231,3982,3995,-0.28470,-0.07800,-0.76830,0.82306,995.76,1000,4.24,50.00,201,2.2296,-0.3698,LOCK,0,normal
384,327240,3991,4004,0.04290,-0.11700,-0.74490,0.75525,995.77,1000,4.23,50.00,201,2.2037,-0.7620,LOCK,0,normal
385,327248,3999,4012,0.01560,-0.15990,-0.65520,0.67461,995.78,1000,4.22,50.00,201,2.2200,-0.5145,LOCK,0,normal
386,327256,4007,4020,-0.02340,-0.15990,-0.69810,0.71656,995.79,1000,4.21,50.00,201,2.2154,-0.5856,LOCK,0,normal
387,327265,4016,4029,-0.02340,-0.15990,-0.69810,0.71656,995.79,1000,4.21,50.00,201,2.2204,-0.5084,LOCK,0,normal
388,327278,4029,4042,-0.15990,-0.12480,-0.87750,0.90064,995.80,1000,4.20,50.00,201,2.2308,-0.3508,LOCK,0,normal
389,327287,4038,4051,-0.15990,-0.12480,-0.87750,0.90064,995.81,1000,4.19,50.00,201,2.2197,-0.5196,LOCK,0,normal
390,327295,4046,4059,-0.38610,-0.15210,-0.96330,1.04888,995.81,1000,4.19,50.00,201,2.2040,-0.7580,LOCK,0,normal
391,327304,4055,4068,0.01560,0.04290,-0.78780,0.78912,995.82,1000,4.18,50.00,201,2.2161,-0.5746,LOCK,0,normal
392,327312,4063,4076,0.20670,-0.17160,-0.71370,0.76259,995.83,1000,4.17,50.00,201,2.2122,-0.6332,LOCK,0,normal
393,327327,4078,4091,-0.05460,-0.37830,-0.72150,0.81649,995.83,1000,4.17,50.00,201,2.2310,-0.3487,LOCK,0,normal
394,327335,4086,4099,-0.36270,0.02730,-0.63570,0.73240,995.84,1000,4.16,50.00,201,2.2296,-0.3701,LOCK,0,normal
395,327344,4095,4108,-0.35880,0.12090,-0.76050,0.84954,995.84,1000,4.16,50.00,201,2.2200,-0.5154,LOCK,0,normal
396,327352,4103,4116,-0.31200,-0.03120,-0.93600,0.98712,995.85,1000,4.15,50.00,201,2.2177,-0.5502,LOCK,0,normal
397,327361,4112,4125,0.08190,0.01560,-0.99450,0.99799,995.85,1000,4.15,50.00,201,2.2171,-0.5596,LOCK,0,normal
398,327371,4122,4135,0.05070,0.04680,-0.83460,0.83745,995.85,1000,4.15,50.00,201,2.2317,-0.3377,LOCK,0,normal
399,327379,4130,4143,0.05070,0.04680,-0.83460,0.83745,995.85,1000,4.15,50.00,201,2.2320,-0.3334,LOCK,0,normal
400,327388,4139,4152,-0.10530,-0.37830,-0.86970,0.95424,995.85,1000,4.15,50.00,201,2.2304,-0.3579,LOCK,0,normal
401,327396,4147,4160,-0.21840,0.29640,-0.65910,0.75496,995.85,1000,4.15,50.00,201,2.2147,-0.5947,LOCK,0,normal
402,327405,4156,4169,-0.23790,-0.01560,-0.67470,0.71558,995.85,1000,4.15,50.00,201,2.2286,-0.3841,LOCK,0,normal
403,327413,4164,4177,-0.25740,-0.32760,-0.63960,0.76332,995.86,1000,4.14,50.00,201,2.2187,-0.5346,LOCK,0,normal
404,327422,4173,4186,0.19110,0.12480,-0.78000,0.81271,995.85,1000,4.15,50.00,201,2.2228,-0.4723,LOCK,0,normal
405,327430,4181,4194,0.19110,0.12480,-0.78000,0.81271,995.85,1000,4.15,50.00,201,2.2116,-0.6424,LOCK,0,normal
406,327439,4190,4203,0.03900,0.12870,-1.02180,1.03061,995.85,1000,4.15,50.00,201,2.2157,-0.5807,LOCK,0,normal
407,327447,4198,4211,-0.07800,0.03510,-0.88920,0.89330,995.85,1000,4.15,50.00,201,2.2193,-0.5251,LOCK,0,normal
408,327456,4207,4220,-0.38610,-0.00390,-0.72930,0.82521,995.85,1000,4.15,50.00,201,2.2143,-0.6018,LOCK,0,normal
409,327486,4237,4250,0.17940,-0.36270,-0.47190,0.62163,995.86,1000,4.14,50.00,201,2.2304,-0.3582,LOCK,0,normal
410,327494,4245,4258,-0.02730,-0.35100,-0.61620,0.70968,995.88,1000,4.12,50.00,201,2.2043,-0.7526,LOCK,0,normal
411,327503,4254,4267,-0.13260,-0.07410,-0.86190,0.87518,995.89,1000,4.11,50.00,201,2.2160,-0.5755,LOCK,0,normal
412,327511,4262,4275,-0.13260,-0.07410,-0.86190,0.87518,995.91,1000,4.09,50.00,201,2.2217,-0.4897,LOCK,0,normal
413,327520,4271,4284,-0.33150,0.31200,-0.81510,0.93361,995.92,1000,4.08,50.00,201,2.2195,-0.5230,LOCK,0,normal
414,327529,4280,4293,-0.10530,0.06630,-0.85800,0.86698,995.93,1000,4.07,50.00,201,2.2308,-0.3515,LOCK,0,normal
415,327538,4289,4302,-0.00780,0.10920,-0.83070,0.83788,995.93,1000,4.07,50.00,201,2.2317,-0.3377,LOCK,0,normal
416,327546,4297,4310,0.26130,-0.13650,-0.69810,0.75780,995.94,1000,4.06,50.00,201,2.1907,-0.9586,LOCK,0,normal
417,327555,4306,4319,0.05070,0.12870,-0.53430,0.55192,995.94,1000,4.06,50.00,201,2.2037,-0.7623,LOCK,0,normal
418,327563,4314,4327,0.05070,0.12870,-0.53430,0.55192,995.95,1000,4.05,50.00,201,2.2115,-0.6436,LOCK,0,normal
419,327572,4323,4336,-0.32370,-0.35880,-0.68640,0.83944,995.95,1000,4.05,50.00,201,2.2169,-0.5624,LOCK,0,normal
420,327580,4331,4344,-0.34320,0.20670,-0.79170,0.88730,995.95,1000,4.05,50.00,201,2.2295,-0.3713,LOCK,0,normal
421,327589,4340,4353,-0.29250,-0.02340,-0.88530,0.93266,995.95,1000,4.05,50.00,201,2.2300,-0.3643,LOCK,0,normal
422,327597,4348,4361,-0.03900,0.14820,-0.78780,0.80257,995.96,1000,4.04,50.00,201,2.2130,-0.6210,LOCK,0,normal
423,327605,4356,4369,0.14430,-0.19110,-0.83070,0.86453,995.95,1000,4.05,50.00,201,2.2182,-0.5428,LOCK,0,normal
424,327614,4365,4378,0.14430,-0.19110,-0.83070,0.86453,995.95,1000,4.05,50.00,201,2.2069,-0.7141,LOCK,0,normal
425,327622,4373,4386,-0.02730,-0.01950,-0.67080,0.67164,995.95,1000,4.05,50.00,201,2.2248,-0.4430,LOCK,0,normal
426,327633,4384,4397,-0.18720,-0.31590,-0.63570,0.73413,995.95,1000,4.05,50.00,201,2.2298,-0.3664,LOCK,0,normal
427,327641,4392,4405,-0.22620,0.51870,-0.64740,0.85985,995.95,1000,4.05,50.00,201,2.2244,-0.4482,LOCK,0,normal
428,327650,4401,4414,-0.07020,0.01950,-0.75660,0.76010,995.95,1000,4.05,50.00,201,2.2217,-0.4897,LOCK,0,normal
429,327658,4409,4422,-0.02340,0.15990,-0.77610,0.79275,995.93,1000,4.07,50.00,201,2.2128,-0.6250,LOCK,0,normal
430,327667,4418,4431,-0.02340,0.15990,-0.77610,0.79275,995.92,1000,4.08,50.00,201,2.2108,-0.6540,LOCK,0,normal
431,327675,4426,4439,0.27300,-0.02340,-0.78780,0.83409,995.92,1000,4.08,50.00,201,2.2282,-0.3905,LOCK,0,normal
432,327688,4439,4452,-0.28860,0.10140,-0.67470,0.74080,995.91,1000,4.09,50.00,201,2.2269,-0.4110,LOCK,0,normal
433,327697,4448,4461,-0.28860,0.10140,-0.67470,0.74080,995.90,1000,4.10,50.00,201,2.2069,-0.7132,LOCK,0,normal
434,327705,4456,4469,-0.28080,-0.01560,-0.75660,0.80718,995.89,1000,4.11,50.00,201,2.2315,-0.3414,LOCK,0,normal
435,327714,4465,4478,-0.18720,0.39390,-0.89310,0.99390,995.89,1000,4.11,50.00,201,2.2129,-0.6222,LOCK,0,normal
436,327722,4473,4486,-0.02340,-0.03510,-0.73710,0.73831,995.90,1000,4.10,50.00,201,2.2135,-0.6143,LOCK,0,normal
437,327735,4486,4499,0.15990,-0.24960,-0.79560,0.84903,995.91,1000,4.09,50.00,201,2.2304,-0.3579,LOCK,0,normal
438,327743,4494,4507,-0.06240,-0.23790,-0.74490,0.78445,995.91,1000,4.09,50.00,201,2.2297,-0.3676,LOCK,0,normal
439,327752,4503,4516,-0.37050,0.08190,-0.82290,0.90617,995.92,1000,4.08,50.00,201,2.2179,-0.5474,LOCK,0,normal
440,327760,4511,4524,-0.08580,-0.09360,-1.00230,1.01031,995.93,1000,4.07,50.00,201,2.2144,-0.6005,LOCK,0,normal
441,327769,4520,4533,-0.08580,-0.09360,-1.00230,1.01031,995.93,1000,4.07,50.00,201,2.2173,-0.5557,LOCK,0,normal
442,327777,4528,4541,-0.30810,0.13260,-0.77220,0.84190,995.94,1000,4.06,50.00,201,2.2081,-0.6955,LOCK,0,normal
443,327837,4588,4601,-0.25740,-0.23790,-0.81510,0.88726,995.96,1000,4.04,50.00,201,2.2346,-0.2947,LOCK,0,normal
444,327845,4596,4609,-0.05460,-0.09360,-0.53820,0.54900,995.98,1000,4.02,50.00,201,2.2299,-0.3646,LOCK,0,normal
445,327854,4605,4618,0.08580,-0.03510,-0.92040,0.92506,995.99,1000,4.01,50.00,201,2.2219,-0.4861,LOCK,0,normal
446,327862,4613,4626,-0.04680,0.04290,-0.93600,0.93815,996.00,1000,4.00,50.00,201,2.2191,-0.5294,LOCK,0,normal
447,327871,4622,4635,-0.04680,0.04290,-0.93600,0.93815,996.01,1000,3.99,50.00,201,2.2112,-0.6488,LOCK,0,normal
448,327879,4630,4643,-0.22230,0.38220,-0.69810,0.82634,996.02,1000,3.98,50.00,201,2.2236,-0.4601,LOCK,0,normal
449,327893,4644,4657,-0.24180,0.03510,-0.74100,0.78024,996.03,1000,3.97,50.00,201,2.2306,-0.3542,LOCK,0,normal
450,327901,4652,4665,-0.16770,-0.13260,-0.72150,0.75251,996.04,1000,3.96,50.00,201,2.2069,-0.7141,LOCK,0,normal
451,327909,4660,4673,0.24180,0.14820,-0.95940,1.00044,996.05,1000,3.95,50.00,201,2.2198,-0.5178,LOCK,0,normal
452,327918,4669,4682,0.12480,-0.05070,-0.79950,0.81077,996.07,1000,3.93,50.00,201,2.2223,-0.4803,LOCK,0,normal
453,327926,4677,4690,0.03510,-0.31590,-0.79560,0.85674,996.08,1000,3.92,50.00,201,2.2109,-0.6533,LOCK,0,normal
454,327939,4690,4703,-0.35490,0.63180,-0.50310,0.88218,996.08,1000,3.92,50.00,201,2.2321,-0.3316,LOCK,0,normal
455,327947,4698,4711,-0.27300,-0.09750,-0.77220,0.82482,996.09,1000,3.91,50.00,201,2.2296,-0.3701,LOCK,0,normal
456,327956,4707,4720,-0.16380,0.01950,-0.80730,0.82398,996.10,1000,3.90,50.00,201,2.2193,-0.5254,LOCK,0,normal
457,327964,4715,4728,-0.16380,0.01950,-0.80730,0.82398,996.09,1000,3.91,50.00,201,2.2216,-0.4916,LOCK,0,normal
458,327973,4724,4737,0.25350,-0.13650,-0.69420,0.75154,996.09,1000,3.91,50.00,201,2.2257,-0.4287,LOCK,0,normal
459,327981,4732,4745,0.10530,-0.37830,-0.74880,0.84552,996.09,1000,3.91,50.00,201,2.2127,-0.6265,LOCK,0,normal
460,327990,4741,4754,-0.19110,-0.17160,-0.49920,0.56140,996.08,1000,3.92,50.00,201,2.2306,-0.3551,LOCK,0,normal
461,327998,4749,4762,-0.42510,0.34320,-0.53040,0.76146,996.08,1000,3.92,50.00,201,2.2310,-0.3484,LOCK,0,normal
462,328007,4758,4771,-0.39780,-0.03120,-0.53430,0.66685,996.08,1000,3.92,50.00,201,2.2208,-0.5029,LOCK,0,normal
463,328015,4766,4779,-0.39780,-0.03120,-0.53430,0.66685,996.07,1000,3.93,50.00,201,2.2181,-0.5438,LOCK,0,normal
464,328024,4775,4788,-0.24960,-0.16380,-0.76830,0.82427,996.10,1000,3.90,50.00,201,2.2147,-0.5950,LOCK,0,normal
465,328032,4783,4796,0.25350,-0.15990,-0.63960,0.70634,996.12,1000,3.88,50.00,201,2.2238,-0.4574,LOCK,0,normal
466,328042,4793,4806,-0.01950,-0.28080,-0.64740,0.70594,996.14,1000,3.86,50.00,201,2.2325,-0.3252,LOCK,0,normal
467,328051,4802,4815,-0.24960,0.37830,-0.90870,1.01545,996.15,1000,3.85,50.00,201,2.2155,-0.5841,LOCK,0,normal
468,328059,4810,4823,-0.33930,0.00780,-0.86970,0.93358,996.17,1000,3.83,50.00,201,2.2219,-0.4861,LOCK,0,normal
469,328067,4818,4831,-0.23010,0.11700,-0.74880,0.79205,996.18,1000,3.82,50.00,201,2.2193,-0.5257,LOCK,0,normal
470,328076,4827,4840,-0.23010,0.11700,-0.74880,0.79205,996.19,1000,3.81,50.00,201,2.2198,-0.5187,LOCK,0,normal
471,328099,4850,4863,-0.00390,0.00390,-0.84630,0.84632,996.18,1000,3.82,50.00,201,2.2299,-0.3652,LOCK,0,normal
472,328108,4859,4872,-0.00390,0.00390,-0.84630,0.84632,996.17,1000,3.83,50.00,201,2.2252,-0.4366,LOCK,0,normal
473,328116,4867,4880,-0.27690,-0.07020,-0.95550,0.99729,996.17,1000,3.83,50.00,201,2.2184,-0.5398,LOCK,0,normal
474,328125,4876,4889,-0.07020,0.39780,-0.72930,0.83370,996.16,1000,3.84,50.00,201,2.2176,-0.5517,LOCK,0,normal
475,328133,4884,4897,-0.19890,-0.23790,-0.65130,0.72135,996.15,1000,3.85,50.00,201,2.2078,-0.7004,LOCK,0,normal
476,328144,4895,4908,-0.09360,-0.21840,-0.72930,0.76703,996.16,1000,3.84,50.00,201,2.2340,-0.3023,LOCK,0,normal
477,328152,4903,4916,0.12480,-0.07410,-0.93210,0.94333,996.17,1000,3.83,50.00,201,2.2309,-0.3499,LOCK,0,normal
478,328161,4912,4925,0.02730,-0.03120,-0.79170,0.79278,996.18,1000,3.82,50.00,201,2.2138,-0.6085,LOCK,0,normal
479,328169,4920,4933,0.02730,-0.03120,-0.79170,0.79278,996.19,1000,3.81,50.00,201,2.2067,-0.7162,LOCK,0,normal
480,328178,4929,4942,-0.19890,-0.18330,-0.83070,0.87363,996.20,1000,3.80,50.00,201,2.2099,-0.6683,LOCK,0,normal
481,328186,4937,4950,-0.24570,0.28080,-0.68250,0.77783,996.21,1000,3.79,50.00,201,2.2226,-0.4757,LOCK,0,normal
482,328195,4946,4959,-0.49140,-0.23400,-0.88530,1.03922,996.21,1000,3.79,50.00,201,2.2310,-0.3490,LOCK,0,normal
483,328203,4954,4967,-0.10530,-0.00780,-0.86580,0.87221,996.22,1000,3.78,50.00,201,2.2316,-0.3396,LOCK,0,normal
484,328212,4963,4976,0.24960,-0.05070,-0.77610,0.81682,996.22,1000,3.78,50.00,201,2.2122,-0.6335,LOCK,0,normal
485,328220,4971,4984,0.24960,-0.05070,-0.77610,0.81682,996.22,1000,3.78,50.00,201,2.2239,-0.4558,LOCK,0,normal
486,328229,4980,4993,-0.14040,-0.39000,-0.72540,0.83547,996.22,1000,3.78,50.00,201,2.2237,-0.4595,LOCK,0,normal
487,328241,4992,5005,-0.29640,0.36270,-0.81120,0.93672,996.23,1000,3.77,50.00,201,2.2120,-0.6369,LOCK,0,normal
488,328249,5000,5013,-0.23400,0.03120,-1.13490,1.15919,996.23,1000,3.77,50.00,201,2.2304,-0.3569,LOCK,0,normal
489,328258,5009,5022,-0.10530,-0.05460,-0.84630,0.85457,996.23,1000,3.77,50.00,201,2.2307,-0.3536,LOCK,0,normal
490,328266,5017,5030,-0.03510,-0.19890,-0.50310,0.54213,996.22,1000,3.78,50.00,201,2.2023,-0.7837,LOCK,0,normal
491,328275,5026,5039,0.07020,0.10920,-1.05690,1.06484,996.22,1000,3.78,50.00,201,2.2110,-0.6518,LOCK,0,normal
492,328283,5034,5047,-0.07410,-0.18720,-0.87750,0.90030,996.21,1000,3.79,50.00,201,2.2193,-0.5264,LOCK,0,normal
493,328291,5042,5055,-0.07410,-0.18720,-0.87750,0.90030,996.21,1000,3.79,50.00,201,2.2326,-0.3240,LOCK,0,normal
494,328305,5056,5069,-0.33930,0.35490,-0.64740,0.81253,996.21,1000,3.79,50.00,201,2.2305,-0.3557,LOCK,0,normal
495,328313,5064,5077,-0.19110,0.03900,-0.93210,0.95229,996.20,1000,3.80,50.00,201,2.2051,-0.7403,LOCK,0,normal
496,328322,5073,5086,-0.19110,0.03900,-0.93210,0.95229,996.20,1000,3.80,50.00,201,2.2203,-0.5099,LOCK,0,normal
497,328330,5081,5094,0.07800,0.07410,-0.81510,0.82217,996.21,1000,3.79,50.00,201,2.2141,-0.6048,LOCK,0,normal
498,328339,5090,5103,0.09750,-0.16380,-0.72930,0.75380,996.21,1000,3.79,50.00,201,2.2088,-0.6851,LOCK,0,normal
499,328347,5098,5111,-0.16770,-0.14820,-0.67080,0.70715,996.21,1000,3.79,50.00,201,2.2322,-0.3304,LOCK,0,normal
500,328356,5107,5120,-0.38220,0.09750,-0.90870,0.99062,996.21,1000,3.79,50.00,201,2.2309,-0.3505,LOCK,0,normal
501,328364,5115,5128,-0.38220,0.09750,-0.90870,0.99062,996.21,1000,3.79,50.00,201,2.2183,-0.5404,LOCK,0,normal
502,328373,5124,5137,-0.60840,-0.07410,-1.11150,1.26928,996.21,1000,3.79,50.00,201,2.2167,-0.5654,LOCK,0,normal
503,328381,5132,5145,-0.15210,0.21450,-0.66690,0.71687,996.18,1000,3.82,50.00,201,2.2309,-0.3496,LOCK,0,normal
504,328389,5140,5153,0.22230,-0.05850,-0.62010,0.66133,996.15,1000,3.85,50.00,201,2.2108,-0.6540,LOCK,0,normal
505,328451,5202,5215,0.04680,-0.09360,-0.93990,0.94571,996.16,1000,3.84,50.00,201,2.2312,-0.3453,LOCK,0,normal
506,328460,5211,5224,0.15210,0.05460,-0.81120,0.82714,996.17,1000,3.83,50.00,201,2.2320,-0.3334,LOCK,0,normal
507,328468,5219,5232,-0.03900,-0.36660,-0.77610,0.85921,996.18,1000,3.82,50.00,201,2.2001,-0.8160,LOCK,0,normal
508,328477,5228,5241,-0.03900,-0.36660,-0.77610,0.85921,996.19,1000,3.81,50.00,201,2.2116,-0.6427,LOCK,0,normal
509,328485,5236,5249,-0.46800,0.39000,-0.54990,0.82068,996.20,1000,3.80,50.00,201,2.2089,-0.6836,LOCK,0,normal
510,328493,5244,5257,-0.34320,0.01560,-0.85800,0.92423,996.21,1000,3.79,50.00,201,2.2194,-0.5236,LOCK,0,normal
511,328507,5258,5271,-0.01950,-0.22620,-0.78390,0.81612,996.18,1000,3.82,50.00,201,2.2309,-0.3493,LOCK,0,normal
512,328515,5266,5279,0.19110,-0.12870,-0.59280,0.63600,996.15,1000,3.85,50.00,201,2.2116,-0.6417,LOCK,0,normal
513,328524,5275,5288,-0.10530,-0.27300,-0.79560,0.84770,996.12,1000,3.88,50.00,201,2.2228,-0.4726,LOCK,0,normal
514,328532,5283,5296,-0.19890,0.23400,-1.02570,1.07069,996.10,1000,3.90,50.00,201,2.2256,-0.4302,LOCK,0,normal
515,328540,5291,5304,-0.23010,0.12090,-0.73320,0.77791,996.08,1000,3.92,50.00,201,2.2127,-0.6265,LOCK,0,normal
516,328554,5305,5318,-0.18720,0.39390,-0.49530,0.65994,996.06,1000,3.94,50.00,201,2.2308,-0.3518,LOCK,0,normal
517,328563,5314,5327,-0.12090,-0.04290,-0.95160,0.96021,996.06,1000,3.94,50.00,201,2.2287,-0.3829,LOCK,0,normal
518,328571,5322,5335,0.24960,0.05850,-0.81510,0.85446,996.06,1000,3.94,50.00,201,2.2185,-0.5380,LOCK,0,normal
519,328579,5330,5343,0.24960,0.05850,-0.81510,0.85446,996.06,1000,3.94,50.00,201,2.2160,-0.5752,LOCK,0,normal
520,328588,5339,5352,0.03120,-0.30420,-0.81900,0.87423,996.07,1000,3.93,50.00,201,2.2214,-0.4940,LOCK,0,normal
521,328596,5347,5360,-0.36660,0.14430,-0.64350,0.75453,996.07,1000,3.93,50.00,201,2.2278,-0.3975,LOCK,0,normal
522,328605,5356,5369,-0.23790,-0.36270,-0.95550,1.04935,996.07,1000,3.93,50.00,201,2.2299,-0.3655,LOCK,0,normal
523,328613,5364,5377,-0.18720,0.00390,-0.75270,0.77564,996.07,1000,3.93,50.00,201,2.2322,-0.3304,LOCK,0,normal
524,328622,5373,5386,-0.15990,0.06630,-0.53430,0.56164,996.06,1000,3.94,50.00,201,2.2090,-0.6817,LOCK,0,normal
525,328630,5381,5394,-0.15990,0.06630,-0.53430,0.56164,996.05,1000,3.95,50.00,201,2.2232,-0.4668,LOCK,0,normal
526,328639,5390,5403,-0.12090,-0.40950,-0.77610,0.88580,996.05,1000,3.95,50.00,201,2.2155,-0.5837,LOCK,0,normal
527,328647,5398,5411,0.08970,0.16380,-0.95160,0.96975,996.04,1000,3.96,50.00,201,2.2304,-0.3573,LOCK,0,normal
528,328657,5408,5421,-0.17160,-0.01170,-0.96330,0.97853,996.03,1000,3.97,50.00,201,2.2340,-0.3026,LOCK,0,normal
529,328665,5416,5429,-0.14430,0.15990,-0.66300,0.69711,996.03,1000,3.97,50.00,201,2.2067,-0.7168,LOCK,0,normal
530,328674,5425,5438,-0.54600,0.03120,-0.84240,1.00435,996.03,1000,3.97,50.00,201,2.2203,-0.5108,LOCK,0,normal
531,328682,5433,5446,-0.54600,0.03120,-0.84240,1.00435,996.02,1000,3.98,50.00,201,2.2104,-0.6610,LOCK,0,normal
532,328690,5441,5454,-0.04680,-0.00780,-0.85020,0.85152,996.02,1000,3.98,50.00,201,2.2163,-0.5712,LOCK,0,normal
533,328715,5466,5479,-0.41730,0.04290,-0.90870,1.00086,996.01,1000,3.99,50.00,201,2.2312,-0.3447,LOCK,0,normal
534,328723,5474,5487,-0.41730,0.04290,-0.90870,1.00086,996.01,1000,3.99,50.00,201,2.2166,-0.5663,LOCK,0,normal
535,328731,5482,5495,-0.31200,0.30420,-0.90090,1.00075,996.01,1000,3.99,50.00,201,2.2190,-0.5297,LOCK,0,normal
536,328740,5491,5504,-0.10140,-0.11310,-0.68640,0.70301,996.01,1000,3.99,50.00,201,2.2114,-0.6460,LOCK,0,normal
537,328748,5499,5512,0.03510,-0.03120,-0.57720,0.57911,995.99,1000,4.01,50.00,201,2.2225,-0.4775,LOCK,0,normal
538,328758,5509,5522,0.08970,-0.03120,-0.87360,0.87875,995.98,1000,4.02,50.00,201,2.2231,-0.4678,LOCK,0,normal
539,328767,5518,5531,-0.08580,-0.30420,-0.90480,0.95842,995.96,1000,4.04,50.00,201,2.2311,-0.3466,LOCK,0,normal
540,328775,5526,5539,-0.31980,0.31200,-0.68250,0.81573,995.95,1000,4.05,50.00,201,2.2142,-0.6033,LOCK,0,normal
541,328784,5535,5548,-0.31980,0.31200,-0.68250,0.81573,995.94,1000,4.06,50.00,201,2.2144,-0.5993,LOCK,0,normal
542,328792,5543,5556,-0.18720,0.08970,-0.75660,0.78456,995.93,1000,4.07,50.00,201,2.2233,-0.4656,LOCK,0,normal
543,328801,5552,5565,-0.14820,-0.11700,-0.83070,0.85189,995.93,1000,4.07,50.00,201,2.2253,-0.4348,LOCK,0,normal
544,328809,5560,5573,0.17550,-0.02730,-0.85410,0.87237,995.93,1000,4.07,50.00,201,2.2352,-0.2843,LOCK,0,normal
545,328817,5568,5581,0.03120,-0.15990,-0.75660,0.77394,995.94,1000,4.06,50.00,201,2.2319,-0.3350,LOCK,0,normal
546,328826,5577,5590,0.03120,-0.15990,-0.75660,0.77394,995.95,1000,4.05,50.00,201,2.2095,-0.6741,LOCK,0,normal
547,328834,5585,5598,-0.03120,-0.16380,-0.70980,0.72912,995.95,1000,4.05,50.00,201,2.2175,-0.5526,LOCK,0,normal
548,328843,5594,5607,-0.33540,0.25350,-0.63960,0.76540,995.96,1000,4.04,50.00,201,2.2240,-0.4549,LOCK,0,normal
549,328851,5602,5615,-0.53040,0.21060,-1.00230,1.15338,995.96,1000,4.04,50.00,201,2.2268,-0.4122,LOCK,0,normal
550,328862,5613,5626,-0.29640,-0.04290,-0.85800,0.90877,995.97,1000,4.03,50.00,201,2.2327,-0.3225,LOCK,0,normal
551,328870,5621,5634,0.34710,-0.36270,-0.73710,0.89182,995.95,1000,4.05,50.00,201,2.2310,-0.3481,LOCK,0,normal
552,328879,5630,5643,-0.00780,-0.38220,-0.64740,0.75184,995.93,1000,4.07,50.00,201,2.2160,-0.5758,LOCK,0,normal
553,328887,5638,5651,-0.00780,-0.38220,-0.64740,0.75184,995.92,1000,4.08,50.00,201,2.2147,-0.5947,LOCK,0,normal
554,328895,5646,5659,-0.07800,0.02340,-0.88920,0.89292,995.90,1000,4.10,50.00,201,2.2117,-0.6414,LOCK,0,normal
555,328904,5655,5668,-0.35100,0.18720,-0.74490,0.84446,995.89,1000,4.11,50.00,201,2.2336,-0.3090,LOCK,0,normal
556,328917,5668,5681,-0.39780,-0.03120,-0.83850,0.92860,995.88,1000,4.12,50.00,201,2.2307,-0.3530,LOCK,0,normal
557,328926,5677,5690,-0.14820,0.21840,-0.77610,0.81975,995.87,1000,4.13,50.00,201,2.2115,-0.6442,LOCK,0,normal
558,328934,5685,5698,0.05460,-0.26130,-0.62400,0.67870,995.85,1000,4.15,50.00,201,2.2170,-0.5609,LOCK,0,normal
559,328943,5694,5707,0.02340,-0.06240,-0.86970,0.87225,995.84,1000,4.16,50.00,201,2.2171,-0.5593,LOCK,0,normal
560,328951,5702,5715,-0.16770,-0.02730,-0.88140,0.89763,995.83,1000,4.17,50.00,201,2.2140,-0.6063,LOCK,0,normal
561,328964,5715,5728,-0.21060,0.37440,-0.58500,0.72578,995.82,1000,4.18,50.00,201,2.2281,-0.3921,LOCK,0,normal
562,328973,5724,5737,-0.39390,0.14040,-0.65910,0.78057,995.82,1000,4.18,50.00,201,2.2298,-0.3673,LOCK,0,normal
563,328981,5732,5745,-0.09360,-0.01560,-0.89700,0.90201,995.81,1000,4.19,50.00,201,2.2233,-0.4656,LOCK,0,normal
564,328989,5740,5753,-0.09360,-0.01560,-0.89700,0.90201,995.78,1000,4.22,50.00,201,2.2142,-0.6027,LOCK,0,normal
565,328998,5749,5762,-0.01950,-0.08970,-0.97890,0.98319,995.76,1000,4.24,50.00,201,2.2126,-0.6277,LOCK,0,normal
566,329006,5757,5770,0.06240,0.15600,-0.80340,0.82078,995.74,1000,4.26,50.00,201,2.2260,-0.4241,LOCK,0,normal
567,329065,5816,5829,-0.01560,-0.40170,-0.83070,0.92286,995.75,1000,4.25,50.00,201,2.2373,-0.2532,LOCK,0,normal
568,329074,5825,5838,-0.35100,0.07800,-0.73710,0.82012,995.75,1000,4.25,50.00,201,2.2307,-0.3527,LOCK,0,normal
569,329082,5833,5846,-0.35100,0.07800,-0.73710,0.82012,995.76,1000,4.24,50.00,201,2.2038,-0.7599,LOCK,0,normal
570,329091,5842,5855,-0.35100,0.09360,-0.89310,0.96415,995.76,1000,4.24,50.00,201,2.2055,-0.7355,LOCK,0,normal
571,329099,5850,5863,-0.28080,-0.00780,-0.83850,0.88430,995.77,1000,4.23,50.00,201,2.2178,-0.5483,LOCK,0,normal
572,329108,5859,5872,0.01560,-0.10530,-0.69030,0.69846,995.77,1000,4.23,50.00,201,2.2164,-0.5700,LOCK,0,normal
573,329121,5872,5885,0.05070,-0.14820,-0.64740,0.66608,995.77,1000,4.23,50.00,201,2.2313,-0.3435,LOCK,0,normal
574,329129,5880,5893,-0.05460,-0.17940,-0.85800,0.87825,995.76,1000,4.24,50.00,201,2.1988,-0.8368,LOCK,0,normal
575,329138,5889,5902,-0.34320,0.04680,-0.98280,1.04205,995.76,1000,4.24,50.00,201,2.2216,-0.4910,LOCK,0,normal
576,329146,5897,5910,0.02730,-0.26520,-0.97110,1.00703,995.76,1000,4.24,50.00,201,2.2184,-0.5395,LOCK,0,normal
577,329155,5906,5919,0.02730,-0.26520,-0.97110,1.00703,995.76,1000,4.24,50.00,201,2.2163,-0.5709,LOCK,0,normal
578,329168,5919,5932,-0.29640,0.18720,-0.44070,0.56313,995.72,1000,4.28,50.00,201,2.2330,-0.3188,LOCK,0,normal
579,329176,5927,5940,-0.03900,-0.17550,-0.80730,0.82708,995.69,1000,4.31,50.00,201,2.2260,-0.4244,LOCK,0,normal
580,329185,5936,5949,-0.03900,-0.17550,-0.80730,0.82708,995.65,1000,4.35,50.00,201,2.2173,-0.5557,LOCK,0,normal
581,329193,5944,5957,0.01560,0.01950,-0.93990,0.94023,995.63,1000,4.37,50.00,201,2.2147,-0.5953,LOCK,0,normal
582,329201,5952,5965,-0.25740,-0.20280,-0.84630,0.90753,995.60,1000,4.40,50.00,201,2.2135,-0.6134,LOCK,0,normal
583,329210,5961,5974,0.07800,-0.01560,-0.68640,0.69099,995.58,1000,4.42,50.00,201,2.2213,-0.4961,LOCK,0,normal
584,329218,5969,5982,-0.25350,0.14040,-0.82290,0.87243,995.56,1000,4.44,50.00,201,2.2302,-0.3609,LOCK,0,normal
585,329227,5978,5991,0.02730,0.25740,-0.92040,0.95610,995.56,1000,4.44,50.00,201,2.2330,-0.3176,LOCK,0,normal
586,329235,5986,5999,0.02730,0.25740,-0.92040,0.95610,995.56,1000,4.44,50.00,201,2.2212,-0.4974,LOCK,0,normal
587,329244,5995,6008,0.15210,0.10920,-0.74880,0.77186,995.56,1000,4.44,50.00,201,2.2261,-0.4232,LOCK,0,normal
588,329252,6003,6016,-0.12870,-0.17160,-0.78390,0.81272,995.57,1000,4.43,50.00,201,2.2145,-0.5981,LOCK,0,normal
589,329261,6012,6025,-0.40170,0.21060,-0.60450,0.75574,995.57,1000,4.43,50.00,201,2.2280,-0.3939,LOCK,0,normal
590,329271,6022,6035,-0.35100,0.15600,-1.08420,1.15023,995.57,1000,4.43,50.00,201,2.2330,-0.3185,LOCK,0,normal
591,329279,6030,6043,-0.19110,-0.16380,-0.80340,0.84190,995.57,1000,4.43,50.00,201,2.2189,-0.5316,LOCK,0,normal
592,329288,6039,6052,-0.19110,-0.16380,-0.80340,0.84190,995.53,1000,4.47,50.00,201,2.2160,-0.5755,LOCK,0,normal
593,329296,6047,6060,0.23400,-0.19110,-0.79950,0.85468,995.49,1000,4.51,50.00,201,2.2062,-0.7242,LOCK,0,normal
594,329305,6056,6069,0.00390,-0.13260,-0.54600,0.56188,995.45,1000,4.55,50.00,201,2.2141,-0.6045,LOCK,0,normal
595,329327,6078,6091,-0.29250,0.32760,-0.74490,0.86473,995.42,1000,4.58,50.00,201,2.2304,-0.3576,LOCK,0,normal
596,329336,6087,6100,-0.07020,0.10530,-0.70980,0.72099,995.39,1000,4.61,50.00,201,2.2194,-0.5242,LOCK,0,normal
597,329344,6095,6108,-0.23400,-0.24180,-0.65130,0.73309,995.36,1000,4.64,50.00,201,2.2223,-0.4803,LOCK,0,normal
598,329352,6103,6116,0.21450,-0.08190,-0.81510,0.84682,995.34,1000,4.66,50.00,201,2.2176,-0.5511,LOCK,0,normal
599,329361,6112,6125,0.05460,-0.03120,-0.88140,0.88364,995.32,1000,4.68,50.00,201,2.2251,-0.4381,LOCK,0,normal
600,329374,6125,6138,-0.04290,-0.21060,-0.76830,0.79780,995.30,1000,4.70,50.00,201,2.2322,-0.3301,LOCK,0,normal
601,329382,6133,6146,-0.42900,0.08580,-0.42120,0.60730,995.29,1000,4.71,50.00,201,2.2321,-0.3313,LOCK,0,normal
602,329391,6142,6155,-0.42900,0.08580,-0.42120,0.60730,995.27,1000,4.73,50.00,201,2.2197,-0.5196,LOCK,0,normal
603,329399,6150,6163,-0.21840,0.27300,-0.97500,1.03579,995.26,1000,4.74,50.00,201,2.2182,-0.5419,LOCK,0,normal
604,329407,6158,6171,-0.15600,0.05850,-0.85410,0.87020,995.27,1000,4.73,50.00,201,2.2012,-0.7993,LOCK,0,normal
605,329416,6167,6180,0.21840,-0.14040,-0.69420,0.74116,995.27,1000,4.73,50.00,201,2.2302,-0.3609,LOCK,0,normal
606,329424,6175,6188,0.05460,-0.30420,-0.66300,0.73150,995.28,1000,4.72,50.00,201,2.2297,-0.3682,LOCK,0,normal
607,329433,6184,6197,-0.18720,0.08190,-0.75270,0.77994,995.28,1000,4.72,50.00,201,2.2321,-0.3316,LOCK,0,normal
608,329441,6192,6205,-0.18720,0.08190,-0.75270,0.77994,995.29,1000,4.71,50.00,201,2.2050,-0.7422,LOCK,0,normal
609,329450,6201,6214,-0.33930,0.13260,-0.81120,0.88924,995.29,1000,4.71,50.00,201,2.2326,-0.3243,LOCK,0,normal
610,329458,6209,6222,-0.01950,0.21450,-0.71760,0.74923,995.29,1000,4.71,50.00,201,2.2138,-0.6091,LOCK,0,normal
611,329467,6218,6231,-0.07020,0.07020,-0.57720,0.58568,995.28,1000,4.72,50.00,201,2.2258,-0.4272,LOCK,0,normal
612,329475,6226,6239,0.08190,-0.14430,-0.81120,0.82799,995.27,1000,4.73,50.00,201,2.2333,-0.3130,LOCK,0,normal
613,329484,6235,6248,0.14430,0.05850,-0.89700,0.91041,995.25,1000,4.75,50.00,201,2.2327,-0.3222,LOCK,0,normal
614,329492,6243,6256,0.14430,0.05850,-0.89700,0.91041,995.24,1000,4.76,50.00,201,2.2241,-0.4525,LOCK,0,normal
615,329501,6252,6265,-0.13260,-0.10140,-0.84630,0.86261,995.24,1000,4.76,50.00,201,2.1948,-0.8969,LOCK,0,normal
616,329509,6260,6273,-0.26520,0.28860,-0.42900,0.58109,995.23,1000,4.77,50.00,201,2.2154,-0.5844,LOCK,0,normal
617,329518,6269,6282,-0.36660,0.14040,-1.00620,1.08007,995.22,1000,4.78,50.00,201,2.2208,-0.5032,LOCK,0,normal
618,329531,6282,6295,-0.09360,-0.19110,-0.90480,0.92949,995.21,1000,4.79,50.00,201,2.2304,-0.3579,LOCK,0,normal
619,329540,6291,6304,0.18330,-0.03510,-0.89310,0.91239,995.19,1000,4.81,50.00,201,2.2209,-0.5010,LOCK,0,normal
620,329548,6299,6312,-0.03120,-0.12090,-0.74100,0.75145,995.18,1000,4.82,50.00,201,2.2159,-0.5776,LOCK,0,normal
621,329557,6308,6321,-0.35880,-0.07800,-0.79170,0.87270,995.17,1000,4.83,50.00,201,2.2103,-0.6619,LOCK,0,normal
622,329565,6316,6329,-0.35880,-0.07800,-0.79170,0.87270,995.17,1000,4.83,50.00,201,2.2246,-0.4461,LOCK,0,normal
623,329579,6330,6343,-0.19500,0.38220,-0.81900,0.92459,995.16,1000,4.84,50.00,201,2.2313,-0.3441,LOCK,0,normal
624,329587,6338,6351,0.19500,-0.00780,-0.75270,0.77759,995.14,1000,4.86,50.00,201,2.2229,-0.4714,LOCK,0,normal
625,329595,6346,6359,0.19500,-0.00780,-0.75270,0.77759,995.13,1000,4.87,50.00,201,2.2149,-0.5929,LOCK,0,normal
626,329604,6355,6368,0.11700,0.03120,-0.65520,0.66630,995.11,1000,4.89,50.00,201,2.2099,-0.6680,LOCK,0,normal
627,329612,6363,6376,-0.15210,-0.21060,-0.96720,1.00148,995.10,1000,4.90,50.00,201,2.2071,-0.7107,LOCK,0,normal
628,329621,6372,6385,-0.21450,0.37830,-0.88530,0.98635,995.09,1000,4.91,50.00,201,2.2181,-0.5438,LOCK,0,normal
629,329680,6431,6444,-0.37830,0.08580,-0.65520,0.76142,995.07,1000,4.93,50.00,201,2.2318,-0.3365,LOCK,0,normal
630,329688,6439,6452,-0.37830,0.08580,-0.65520,0.76142,995.05,1000,4.95,50.00,201,2.2312,-0.3460,LOCK,0,normal
631,329697,6448,6461,-0.13650,0.07020,-1.03740,1.04869,995.04,1000,4.96,50.00,201,2.2216,-0.4913,LOCK,0,normal
632,329705,6456,6469,-0.12480,0.15990,-0.77220,0.79840,995.02,1000,4.98,50.00,201,2.2239,-0.4565,LOCK,0,normal
633,329714,6465,6478,-0.05460,0.00390,-0.67860,0.68080,994.99,1000,5.01,50.00,201,2.2067,-0.7171,LOCK,0,normal
634,329722,6473,6486,-0.00390,-0.10530,-0.64350,0.65207,994.96,1000,5.04,50.00,201,2.2292,-0.3756,LOCK,0,normal
635,329736,6487,6500,-0.05460,0.15210,-0.93990,0.95369,994.94,1000,5.06,50.00,201,2.2320,-0.3328,LOCK,0,normal
636,329744,6495,6508,-0.38610,-0.10140,-0.82680,0.91812,994.91,1000,5.09,50.00,201,2.2185,-0.5377,LOCK,0,normal
637,329752,6503,6516,-0.25350,0.22620,-0.85020,0.91557,994.89,1000,5.11,50.00,201,2.2062,-0.7245,LOCK,0,normal
638,329761,6512,6525,-0.23010,0.06630,-0.71760,0.75650,994.88,1000,5.12,50.00,201,2.2065,-0.7196,LOCK,0,normal
639,329769,6520,6533,-0.23010,0.06630,-0.71760,0.75650,994.84,1000,5.16,50.00,201,2.2139,-0.6082,LOCK,0,normal
640,329784,6535,6548,0.20670,0.10140,-0.81900,0.85075,994.81,1000,5.19,50.00,201,2.2308,-0.3518,LOCK,0,normal
641,329792,6543,6556,-0.24960,-0.53820,-0.60450,0.84698,994.78,1000,5.22,50.00,201,2.2298,-0.3667,LOCK,0,normal
642,329801,6552,6565,-0.24960,-0.53820,-0.60450,0.84698,994.76,1000,5.24,50.00,201,2.2055,-0.7348,LOCK,0,normal
643,329809,6560,6573,-0.42510,0.17160,-0.68250,0.82217,994.73,1000,5.27,50.00,201,2.2173,-0.5557,LOCK,0,normal
644,329818,6569,6582,-0.15210,0.10140,-0.84240,0.86201,994.71,1000,5.29,50.00,201,2.2174,-0.5538,LOCK,0,normal
645,329826,6577,6590,-0.07020,-0.11700,-0.79560,0.80722,994.70,1000,5.30,50.00,201,2.2315,-0.3405,LOCK,0,normal
646,329834,6585,6598,0.15210,-0.12480,-0.65520,0.68410,994.70,1000,5.30,50.00,201,2.2308,-0.3518,LOCK,0,normal
647,329843,6594,6607,0.00780,-0.10920,-0.86580,0.87269,994.70,1000,5.30,50.00,201,2.2325,-0.3264,LOCK,0,normal
648,329851,6602,6615,0.00780,-0.10920,-0.86580,0.87269,994.71,1000,5.29,50.00,201,2.2242,-0.4510,LOCK,0,normal
649,329860,6611,6624,-0.02730,-0.30810,-1.00230,1.04894,994.71,1000,5.29,50.00,201,2.2181,-0.5444,LOCK,0,normal
650,329868,6619,6632,-0.31200,0.26130,-0.70590,0.81481,994.71,1000,5.29,50.00,201,2.2073,-0.7071,LOCK,0,normal
651,329877,6628,6641,-0.44850,0.40560,-0.65520,0.89160,994.72,1000,5.28,50.00,201,2.2324,-0.3267,LOCK,0,normal
652,329885,6636,6649,-0.24960,-0.14040,-0.72930,0.78351,994.72,1000,5.28,50.00,201,2.2312,-0.3450,LOCK,0,normal
653,329894,6645,6658,0.25350,-0.23010,-0.78000,0.85183,994.70,1000,5.30,50.00,201,2.2228,-0.4726,LOCK,0,normal
654,329902,6653,6666,0.25350,-0.23010,-0.78000,0.85183,994.69,1000,5.31,50.00,201,2.2232,-0.4668,LOCK,0,normal
655,329911,6662,6675,0.11700,-0.31980,-0.76050,0.83326,994.67,1000,5.33,50.00,201,2.2167,-0.5657,LOCK,0,normal
656,329919,6670,6683,-0.03510,-0.07410,-0.68640,0.69128,994.66,1000,5.34,50.00,201,2.2060,-0.7275,LOCK,0,normal
657,329941,6692,6705,-0.30810,-0.15600,-0.91260,0.97576,994.65,1000,5.35,50.00,201,2.2313,-0.3435,LOCK,0,normal
658,329950,6701,6714,-0.03900,-0.09750,-0.74490,0.75227,994.62,1000,5.38,50.00,201,2.2034,-0.7666,LOCK,0,normal
659,329958,6709,6722,0.32760,-0.16770,-0.65910,0.75489,994.59,1000,5.41,50.00,201,2.2199,-0.5169,LOCK,0,normal
660,329967,6718,6731,0.02340,-0.11700,-0.73710,0.74669,994.57,1000,5.43,50.00,201,2.2192,-0.5273,LOCK,0,normal
661,329975,6726,6739,0.02340,-0.11700,-0.73710,0.74669,994.55,1000,5.45,50.00,201,2.2161,-0.5743,LOCK,0,normal
662,329988,6739,6752,-0.14430,-0.01560,-0.73320,0.74743,994.53,1000,5.47,50.00,201,2.2327,-0.3228,LOCK,0,normal
663,329997,6748,6761,-0.24570,0.10920,-0.49530,0.56357,994.52,1000,5.48,50.00,201,2.2312,-0.3457,LOCK,0,normal
664,330005,6756,6769,-0.24570,0.10920,-0.49530,0.56357,994.50,1000,5.50,50.00,201,2.2134,-0.6146,LOCK,0,normal
665,330014,6765,6778,-0.16380,0.09750,-0.78390,0.80674,994.48,1000,5.52,50.00,201,2.2166,-0.5667,LOCK,0,normal
666,330022,6773,6786,0.12090,-0.11310,-0.86970,0.88532,994.47,1000,5.53,50.00,201,2.2157,-0.5801,LOCK,0,normal
667,330031,6782,6795,0.15210,-0.13650,-0.80340,0.82899,994.46,1000,5.54,50.00,201,2.2294,-0.3728,LOCK,0,normal
668,330039,6790,6803,-0.14040,-0.23400,-0.67860,0.73141,994.44,1000,5.56,50.00,201,2.2308,-0.3515,LOCK,0,normal
669,330048,6799,6812,-0.14040,-0.23400,-0.67860,0.73141,994.43,1000,5.57,50.00,201,2.2305,-0.3566,LOCK,0,normal
670,330056,6807,6820,-0.30030,0.17940,-0.74100,0.81942,994.42,1000,5.58,50.00,201,2.2034,-0.7666,LOCK,0,normal
671,330064,6815,6828,-0.39390,-0.14820,-0.88140,0.97672,994.41,1000,5.59,50.00,201,2.2226,-0.4754,LOCK,0,normal
672,330073,6824,6837,0.05460,-0.24960,-0.78390,0.82449,994.41,1000,5.59,50.00,201,2.2073,-0.7074,LOCK,0,normal
673,330081,6832,6845,0.06240,-0.07410,-0.64350,0.65075,994.40,1000,5.60,50.00,201,2.2337,-0.3078,LOCK,0,normal
674,330092,6843,6856,-0.03510,0.02340,-0.89700,0.89799,994.40,1000,5.60,50.00,201,2.2337,-0.3072,LOCK,0,normal
675,330100,6851,6864,-0.34710,-0.07410,-0.97890,1.04126,994.39,1000,5.61,50.00,201,2.2316,-0.3392,LOCK,0,normal
676,330109,6860,6873,-0.34710,-0.07410,-0.97890,1.04126,994.39,1000,5.61,50.00,201,2.2062,-0.7239,LOCK,0,normal
677,330117,6868,6881,-0.17940,0.01950,-0.71760,0.73994,994.39,1000,5.61,50.00,201,2.2175,-0.5535,LOCK,0,normal
678,330125,6876,6889,-0.50310,-0.14430,-0.42900,0.67674,994.38,1000,5.62,50.00,201,2.2128,-0.6246,LOCK,0,normal
679,330134,6885,6898,-0.15990,0.16770,-0.92430,0.95290,994.34,1000,5.66,50.00,201,2.2214,-0.4946,LOCK,0,normal
680,330154,6905,6918,-0.03120,-0.40560,-0.90090,0.98849,994.31,1000,5.69,50.00,201,2.2325,-0.3261,LOCK,0,normal
681,330162,6913,6926,-0.26130,0.31590,-0.65910,0.77620,994.27,1000,5.73,50.00,201,2.2076,-0.7025,LOCK,0,normal
682,330170,6921,6934,-0.26130,0.31590,-0.65910,0.77620,994.24,1000,5.76,50.00,201,2.2274,-0.4033,LOCK,0,normal
683,330179,6930,6943,-0.23400,0.10920,-1.13490,1.16391,994.22,1000,5.78,50.00,201,2.2059,-0.7281,LOCK,0,normal
684,330187,6938,6951,-0.14820,0.19500,-0.96720,0.99773,994.19,1000,5.81,50.00,201,2.2234,-0.4641,LOCK,0,normal
685,330196,6947,6960,0.00780,-0.02340,-0.64740,0.64787,994.17,1000,5.83,50.00,201,2.2303,-0.3588,LOCK,0,normal
686,330204,6955,6968,-0.07410,-0.04680,-0.60060,0.60696,994.14,1000,5.86,50.00,201,2.2017,-0.7925,LOCK,0,normal
687,330213,6964,6977,-0.05070,0.04680,-0.95940,0.96188,994.12,1000,5.88,50.00,201,2.2079,-0.6991,LOCK,0,normal
688,330221,6972,6985,-0.05070,0.04680,-0.95940,0.96188,994.10,1000,5.90,50.00,201,2.2116,-0.6430,LOCK,0,normal
689,330230,6981,6994,-0.33930,-0.17550,-0.85800,0.93920,994.09,1000,5.91,50.00,201,2.2221,-0.4827,LOCK,0,normal
690,330295,7046,7059,-0.41730,0.28080,-0.97110,1.09363,994.06,1000,5.94,50.00,201,2.2332,-0.3151,LOCK,0,normal
691,330303,7054,7067,-0.41730,0.28080,-0.97110,1.09363,994.03,1000,5.97,50.00,201,2.2321,-0.3322,LOCK,0,normal
692,330312,7063,7076,-0.30810,-0.22620,-0.81120,0.89674,994.00,1000,6.00,50.00,201,2.2112,-0.6485,LOCK,0,normal
693,330320,7071,7084,0.21450,0.07410,-0.78780,0.81984,993.97,1000,6.03,50.00,201,2.2262,-0.4207,LOCK,0,normal
694,330329,7080,7093,0.17940,0.03510,-0.67470,0.69903,993.95,1000,6.05,50.00,201,2.2057,-0.7312,LOCK,0,normal
695,330341,7092,7105,-0.28470,-0.49530,-0.56550,0.80384,993.92,1000,6.08,50.00,201,2.2320,-0.3331,LOCK,0,normal
696,330355,7106,7119,-0.33540,0.36270,-0.73320,0.88410,993.90,1000,6.10,50.00,201,2.2304,-0.3579,LOCK,0,normal
697,330363,7114,7127,-0.25350,0.37440,-0.81510,0.93211,993.88,1000,6.12,50.00,201,2.2220,-0.4845,LOCK,0,normal
698,330372,7123,7136,-0.11310,-0.34710,-0.74100,0.82605,993.86,1000,6.14,50.00,201,2.2347,-0.2928,LOCK,0,normal
699,330380,7131,7144,-0.01560,-0.31980,-0.59670,0.67718,993.84,1000,6.16,50.00,201,2.2084,-0.6909,LOCK,0,normal
700,330396,7147,7160,-0.10530,-0.04290,-0.62010,0.63044,993.82,1000,6.18,50.00,201,2.2315,-0.3402,LOCK,0,normal
701,330404,7155,7168,-0.12480,-0.21840,-1.04910,1.07883,993.80,1000,6.20,50.00,201,2.2335,-0.3102,LOCK,0,normal
702,330413,7164,7177,-0.26520,0.40950,-0.72150,0.87097,993.79,1000,6.21,50.00,201,2.2148,-0.5932,LOCK,0,normal
703,330421,7172,7185,-0.29640,0.28860,-0.72540,0.83507,993.77,1000,6.23,50.00,201,2.2166,-0.5670,LOCK,0,normal
704,330429,7180,7193,-0.17160,-0.21060,-0.62010,0.67700,993.76,1000,6.24,50.00,201,2.2125,-0.6286,LOCK,0,normal
705,330445,7196,7209,0.10530,-0.30030,-0.56940,0.65229,993.76,1000,6.24,50.00,201,2.2322,-0.3310,LOCK,0,normal
706,330454,7205,7218,-0.03900,-0.43290,-0.88140,0.98275,993.77,1000,6.23,50.00,201,2.2202,-0.5123,LOCK,0,normal
707,330462,7213,7226,-0.08970,0.06240,-0.77220,0.77989,993.77,1000,6.23,50.00,201,2.2072,-0.7095,LOCK,0,normal
708,330471,7222,7235,-0.24180,0.16770,-0.60840,0.67583,993.78,1000,6.22,50.00,201,2.2111,-0.6497,LOCK,0,normal
709,330479,7230,7243,-0.03120,0.10140,-0.63960,0.64834,993.78,1000,6.22,50.00,201,2.2056,-0.7339,LOCK,0,normal
710,330499,7250,7263,-0.18330,-0.12870,-0.92820,0.95484,993.76,1000,6.24,50.00,201,2.2308,-0.3518,LOCK,0,normal
711,330507,7258,7271,0.06240,-0.36270,-0.83460,0.91214,993.75,1000,6.25,50.00,201,2.2298,-0.3670,LOCK,0,normal
712,330515,7266,7279,0.09750,-0.04680,-0.80340,0.81065,993.73,1000,6.27,50.00,201,2.2160,-0.5755,LOCK,0,normal
713,330524,7275,7288,-0.13650,-0.15210,-0.75660,0.78372,993.72,1000,6.28,50.00,201,2.2078,-0.6997,LOCK,0,normal
714,330532,7283,7296,-0.33930,0.33930,-0.50700,0.69807,993.71,1000,6.29,50.00,201,2.2109,-0.6530,LOCK,0,normal
715,330601,7352,7365,-0.14040,0.61230,-0.86190,1.06653,993.69,1000,6.31,50.00,201,2.2328,-0.3206,LOCK,0,normal
716,330609,7360,7373,-0.01560,-0.00780,-0.77220,0.77240,993.68,1000,6.32,50.00,201,2.2322,-0.3298,LOCK,0,normal
717,330618,7369,7382,-0.15990,-0.25350,-0.72930,0.78849,993.67,1000,6.33,50.00,201,2.2004,-0.8121,LOCK,0,normal
718,330626,7377,7390,-0.04290,-0.15210,-0.79560,0.81114,993.66,1000,6.34,50.00,201,2.2225,-0.4775,LOCK,0,normal
719,330635,7386,7399,-0.09360,-0.27300,-1.00620,1.04677,993.65,1000,6.35,50.00,201,2.2228,-0.4720,LOCK,0,normal
720,330643,7394,7407,-0.16380,0.14430,-0.92430,0.94973,993.64,1000,6.36,50.00,201,2.2132,-0.6179,LOCK,0,normal
721,330652,7403,7416,-0.16380,0.14430,-0.92430,0.94973,993.63,1000,6.37,50.00,201,2.2256,-0.4305,LOCK,0,normal
722,330660,7411,7424,-0.08970,0.30810,-0.69810,0.76832,993.62,1000,6.38,50.00,201,2.2323,-0.3292,LOCK,0,normal
723,330668,7419,7432,-0.82680,-0.02730,-0.59670,1.02000,993.62,1000,6.38,50.00,201,2.2142,-0.6033,LOCK,0,normal
724,330677,7428,7441,-0.02340,-0.02730,-1.02960,1.03023,993.61,1000,6.39,50.00,201,2.2270,-0.4091,LOCK,0,normal
725,330685,7436,7449,0.03120,0.16770,-1.02180,1.03594,993.61,1000,6.39,50.00,201,2.2003,-0.8130,LOCK,0,normal
726,330694,7445,7458,0.03120,0.16770,-1.02180,1.03594,993.61,1000,6.39,50.00,201,2.2270,-0.4091,LOCK,0,normal
727,330706,7457,7470,-0.14430,0.32760,-0.65130,0.74319,993.60,1000,6.40,50.00,201,2.2317,-0.3386,LOCK,0,normal
728,330714,7465,7478,-0.14430,0.32760,-0.65130,0.74319,993.60,1000,6.40,50.00,201,2.2332,-0.3148,LOCK,0,normal
729,330723,7474,7487,-0.20280,-0.27300,-0.76440,0.83664,993.60,1000,6.40,50.00,201,2.2275,-0.4018,LOCK,0,normal
730,330731,7482,7495,-0.17940,-0.00780,-0.96720,0.98373,993.60,1000,6.40,50.00,201,2.2167,-0.5645,LOCK,0,normal
731,330740,7491,7504,-0.12090,-0.07410,-0.68640,0.70089,993.62,1000,6.38,50.00,201,2.2204,-0.5084,LOCK,0,normal
732,330748,7499,7512,0.03900,-0.26910,-0.63180,0.68783,993.65,1000,6.35,50.00,201,2.2344,-0.2968,LOCK,0,normal
733,330757,7508,7521,-0.15600,-0.02340,-0.64740,0.66634,993.67,1000,6.33,50.00,201,2.2334,-0.3127,LOCK,0,normal
734,330765,7516,7529,-0.15600,-0.02340,-0.64740,0.66634,993.69,1000,6.31,50.00,201,2.2313,-0.3438,LOCK,0,normal
735,330773,7524,7537,-0.30420,0.01950,-0.92040,0.96956,993.70,1000,6.30,50.00,201,2.2143,-0.6018,LOCK,0,normal
736,330782,7533,7546,-0.23790,0.24570,-0.73710,0.81258,993.72,1000,6.28,50.00,201,2.2220,-0.4852,LOCK,0,normal
737,330790,7541,7554,-0.09750,0.12090,-0.83460,0.84893,993.73,1000,6.27,50.00,201,2.2183,-0.5407,LOCK,0,normal
738,330804,7555,7568,0.00390,-0.05460,-0.54990,0.55262,993.72,1000,6.28,50.00,201,2.2322,-0.3310,LOCK,0,normal
739,330812,7563,7576,-0.04290,-0.12090,-0.81120,0.82128,993.72,1000,6.28,50.00,201,2.2339,-0.3048,LOCK,0,normal
740,330821,7572,7585,0.01560,0.14040,-1.01010,1.01993,993.71,1000,6.29,50.00,201,2.2003,-0.8139,LOCK,0,normal
741,330829,7580,7593,-0.32760,0.08970,-0.74880,0.82223,993.70,1000,6.30,50.00,201,2.2128,-0.6243,LOCK,0,normal
742,330838,7589,7602,-0.32760,0.08970,-0.74880,0.82223,993.70,1000,6.30,50.00,201,2.2065,-0.7202,LOCK,0,normal
743,330846,7597,7610,-0.37440,0.15990,-0.86190,0.95321,993.69,1000,6.31,50.00,201,2.2040,-0.7580,LOCK,0,normal
744,330909,7660,7673,-0.46410,-0.05850,-0.64740,0.79871,993.70,1000,6.30,50.00,201,2.2283,-0.3887,LOCK,0,normal
745,330917,7668,7681,-0.16380,-0.01560,-0.83460,0.85066,993.71,1000,6.29,50.00,201,2.2339,-0.3041,LOCK,0,normal
746,330926,7677,7690,0.09360,-0.01560,-0.86190,0.86711,993.73,1000,6.27,50.00,201,2.2167,-0.5657,LOCK,0,normal
747,330934,7685,7698,0.00780,-0.18720,-0.81120,0.83256,993.74,1000,6.26,50.00,201,2.2190,-0.5300,LOCK,0,normal
748,330942,7693,7706,-0.04290,-0.20670,-0.78390,0.81183,993.75,1000,6.25,50.00,201,2.2216,-0.4910,LOCK,0,normal
749,330951,7702,7715,-0.36270,0.21060,-0.42510,0.59717,993.76,1000,6.24,50.00,201,2.2224,-0.4787,LOCK,0,normal
750,330959,7710,7723,-0.36270,0.21060,-0.42510,0.59717,993.77,1000,6.23,50.00,201,2.2348,-0.2910,LOCK,0,normal
751,330968,7719,7732,-0.35490,0.24180,-0.79560,0.90410,993.78,1000,6.22,50.00,201,2.2254,-0.4333,LOCK,0,normal
752,330976,7727,7740,-0.13650,-0.20280,-0.88530,0.91843,993.78,1000,6.22,50.00,201,2.2220,-0.4852,LOCK,0,normal
753,330985,7736,7749,0.10140,-0.24180,-0.67860,0.72749,993.79,1000,6.21,50.00,201,2.2202,-0.5126,LOCK,0,normal
754,330993,7744,7757,0.01950,-0.24180,-0.73320,0.77229,993.79,1000,6.21,50.00,201,2.2069,-0.7132,LOCK,0,normal
755,331006,7757,7770,-0.29250,0.01560,-0.58500,0.65424,993.79,1000,6.21,50.00,201,2.2303,-0.3585,LOCK,0,normal
756,331015,7766,7779,-0.29250,0.22620,-0.76440,0.84913,993.79,1000,6.21,50.00,201,2.2300,-0.3637,LOCK,0,normal
757,331023,7774,7787,-0.17940,0.11310,-0.91260,0.93692,993.79,1000,6.21,50.00,201,2.2057,-0.7315,LOCK,0,normal
758,331032,7783,7796,-0.17940,0.11310,-0.91260,0.93692,993.79,1000,6.21,50.00,201,2.2292,-0.3762,LOCK,0,normal
759,331040,7791,7804,-0.08580,0.27300,-0.78000,0.83084,993.82,1000,6.18,50.00,201,2.2207,-0.5047,LOCK,0,normal
760,331049,7800,7813,0.15600,-0.16380,-0.71370,0.74869,993.85,1000,6.15,50.00,201,2.2229,-0.4711,LOCK,0,normal
761,331059,7810,7823,0.08970,-0.11310,-0.72540,0.73962,993.87,1000,6.13,50.00,201,2.2310,-0.3490,LOCK,0,normal
762,331068,7819,7832,-0.32760,-0.16380,-0.74100,0.82658,993.89,1000,6.11,50.00,201,2.2303,-0.3588,LOCK,0,normal
763,331076,7827,7840,-0.32370,0.19500,-0.58500,0.69644,993.91,1000,6.09,50.00,201,2.2151,-0.5892,LOCK,0,normal
764,331084,7835,7848,-0.15210,0.01560,-0.83070,0.84465,993.93,1000,6.07,50.00,201,2.2147,-0.5960,LOCK,0,normal
765,331093,7844,7857,-0.15210,0.01560,-0.83070,0.84465,993.94,1000,6.06,50.00,201,2.2146,-0.5972,LOCK,0,normal
766,331101,7852,7865,0.00000,-0.10920,-0.92430,0.93073,993.96,1000,6.04,50.00,201,2.2086,-0.6875,LOCK,0,normal
767,331115,7866,7879,0.07800,-0.17940,-0.85800,0.88002,993.97,1000,6.03,50.00,201,2.2361,-0.2712,LOCK,0,normal
768,331123,7874,7887,0.01950,-0.13260,-0.70980,0.72234,993.99,1000,6.01,50.00,201,2.2133,-0.6170,LOCK,0,normal
769,331132,7883,7896,-0.35100,-0.19110,-0.82290,0.91481,994.00,1000,6.00,50.00,201,2.2220,-0.4845,LOCK,0,normal
770,331140,7891,7904,-0.08580,0.27300,-0.85410,0.90076,994.01,1000,5.99,50.00,201,2.2113,-0.6475,LOCK,0,normal
771,331148,7899,7912,-0.36270,-0.12870,-0.79170,0.88029,994.02,1000,5.98,50.00,201,2.2332,-0.3157,LOCK,0,normal
772,331169,7920,7933,0.06240,-0.00390,-0.59280,0.59609,994.04,1000,5.96,50.00,201,2.2322,-0.3304,LOCK,0,normal
773,331177,7928,7941,-0.06240,-0.28470,-0.84630,0.89508,994.07,1000,5.93,50.00,201,2.2037,-0.7614,LOCK,0,normal
774,331186,7937,7950,-0.06240,-0.28470,-0.84630,0.89508,994.09,1000,5.91,50.00,201,2.2136,-0.6121,LOCK,0,normal
775,331194,7945,7958,-0.28080,0.21060,-0.91260,0.97777,994.11,1000,5.89,50.00,201,2.2240,-0.4540,LOCK,0,normal
776,331208,7959,7972,-0.12090,-0.01170,-0.63960,0.65103,994.12,1000,5.88,50.00,201,2.2251,-0.4372,LOCK,0,normal
777,331218,7969,7982,-0.07410,-0.26130,-0.82680,0.87027,994.15,1000,5.85,50.00,201,2.2282,-0.3902,LOCK,0,normal
778,331226,7977,7990,-0.07410,-0.26130,-0.82680,0.87027,994.16,1000,5.84,50.00,201,2.2341,-0.3017,LOCK,0,normal
779,331235,7986,7999,0.12480,0.06630,-0.83070,0.84263,994.18,1000,5.82,50.00,201,2.2088,-0.6854,LOCK,0,normal
780,331243,7994,8007,-0.06240,-0.34710,-0.81120,0.88454,994.20,1000,5.80,50.00,201,2.2141,-0.6042,LOCK,0,normal
781,331252,8003,8016,-0.38610,0.36270,-0.55770,0.76919,994.21,1000,5.79,50.00,201,2.2274,-0.4033,LOCK,0,normal
782,331260,8011,8024,-0.30420,-0.21060,-0.91650,0.98836,994.22,1000,5.78,50.00,201,2.2233,-0.4647,LOCK,0,normal
783,331269,8020,8033,-0.30420,-0.21060,-0.91650,0.98836,994.23,1000,5.77,50.00,201,2.2304,-0.3573,LOCK,0,normal
784,331277,8028,8041,-0.10530,-0.00780,-0.84630,0.85286,994.25,1000,5.75,50.00,201,2.2303,-0.3597,LOCK,0,normal
785,331286,8037,8050,0.12090,0.03510,-0.74100,0.75162,994.27,1000,5.73,50.00,201,2.2293,-0.3750,LOCK,0,normal
786,331294,8045,8058,-0.01950,-0.03510,-0.57720,0.57859,994.28,1000,5.72,50.00,201,2.2306,-0.3548,LOCK,0,normal
787,331302,8053,8066,-0.06630,0.01170,-0.88920,0.89175,994.29,1000,5.71,50.00,201,2.2175,-0.5523,LOCK,0,normal
788,331311,8062,8075,-0.35880,-0.02340,-0.72540,0.80962,994.31,1000,5.69,50.00,201,2.2331,-0.3173,LOCK,0,normal
789,331319,8070,8083,-0.35880,-0.02340,-0.72540,0.80962,994.32,1000,5.68,50.00,201,2.2299,-0.3652,LOCK,0,normal
790,331328,8079,8092,-0.26130,-0.05070,-0.76440,0.80942,994.33,1000,5.67,50.00,201,2.2293,-0.3743,LOCK,0,normal
791,331337,8088,8101,-0.58500,0.00000,-0.58110,0.82456,994.33,1000,5.67,50.00,201,2.2057,-0.7312,LOCK,0,normal
792,331345,8096,8109,0.17550,0.01170,-0.85800,0.87584,994.34,1000,5.66,50.00,201,2.2197,-0.5203,LOCK,0,normal
793,331353,8104,8117,0.05850,-0.05460,-0.83850,0.84231,994.34,1000,5.66,50.00,201,2.2182,-0.5419,LOCK,0,normal
794,331362,8113,8126,-0.05070,0.03120,-0.84240,0.84450,994.35,1000,5.65,50.00,201,2.2146,-0.5966,LOCK,0,normal
795,331370,8121,8134,-0.05070,0.03120,-0.84240,0.84450,994.35,1000,5.65,50.00,201,2.2331,-0.3173,LOCK,0,normal
796,331379,8130,8143,-0.29250,0.21450,-0.51480,0.62975,994.35,1000,5.65,50.00,201,2.2287,-0.3829,LOCK,0,normal
797,331387,8138,8151,-0.31980,-0.05070,-0.76050,0.82656,994.36,1000,5.64,50.00,201,2.2112,-0.6488,LOCK,0,normal
798,331396,8147,8160,-0.20670,-0.13650,-0.91260,0.94562,994.36,1000,5.64,50.00,201,2.2371,-0.2565,LOCK,0,normal
799,331409,8160,8173,0.23010,0.14820,-0.90480,0.94529,994.35,1000,5.65,50.00,201,2.2139,-0.6069,LOCK,0,normal
800,331417,8168,8181,0.18720,-0.07800,-0.76830,0.79461,994.33,1000,5.67,50.00,201,2.2336,-0.3087,LOCK,0,normal
801,331426,8177,8190,-0.20670,-0.20670,-0.69030,0.74964,994.32,1000,5.68,50.00,201,2.2173,-0.5566,LOCK,0,normal
802,331434,8185,8198,-0.31200,0.79950,-0.72540,1.12372,994.31,1000,5.69,50.00,201,2.2187,-0.5349,LOCK,0,normal
803,331443,8194,8207,-0.31200,0.79950,-0.72540,1.12372,994.31,1000,5.69,50.00,201,2.2262,-0.4220,LOCK,0,normal
804,331451,8202,8215,-0.08580,0.06240,-0.80730,0.81424,994.30,1000,5.70,50.00,201,2.2106,-0.6582,LOCK,0,normal
805,331475,8226,8239,0.03120,-0.07800,-0.70200,0.70701,994.29,1000,5.71,50.00,201,2.2325,-0.3261,LOCK,0,normal
806,331484,8235,8248,0.03120,-0.07800,-0.70200,0.70701,994.28,1000,5.72,50.00,201,2.2317,-0.3377,LOCK,0,normal
807,331492,8243,8256,-0.23010,-0.17550,-0.73710,0.79187,994.26,1000,5.74,50.00,201,2.2227,-0.4736,LOCK,0,normal
808,331501,8252,8265,-0.35490,0.15210,-0.79950,0.88786,994.26,1000,5.74,50.00,201,2.2234,-0.4644,LOCK,0,normal
809,331509,8260,8273,-0.12480,0.62400,-0.80340,1.02489,994.25,1000,5.75,50.00,201,2.2216,-0.4903,LOCK,0,normal
810,331518,8269,8282,-0.24570,0.04680,-0.76050,0.80057,994.27,1000,5.73,50.00,201,2.2200,-0.5145,LOCK,0,normal
811,331526,8277,8290,0.25350,0.01170,-0.74100,0.78325,994.29,1000,5.71,50.00,201,2.2295,-0.3710,LOCK,0,normal
812,331535,8286,8299,0.25350,0.01170,-0.74100,0.78325,994.31,1000,5.69,50.00,201,2.2133,-0.6170,LOCK,0,normal
813,331543,8294,8307,-0.04290,-0.05850,-0.70980,0.71350,994.33,1000,5.67,50.00,201,2.2116,-0.6417,LOCK,0,normal
814,331551,8302,8315,-0.32760,0.38610,-1.01790,1.13689,994.34,1000,5.66,50.00,201,2.2114,-0.6448,LOCK,0,normal
815,331560,8311,8324,-0.16770,0.19110,-0.92430,0.95863,994.35,1000,5.65,50.00,201,2.2142,-0.6033,LOCK,0,normal
816,331630,8381,8394,-0.33150,-0.13260,-0.83070,0.90418,994.37,1000,5.63,50.00,201,2.2331,-0.3170,LOCK,0,normal
817,331639,8390,8403,-0.11700,-0.24570,-0.60840,0.66649,994.36,1000,5.64,50.00,201,2.2276,-0.4000,LOCK,0,normal
818,331647,8398,8411,-0.11700,-0.24570,-0.60840,0.66649,994.36,1000,5.64,50.00,201,2.2057,-0.7324,LOCK,0,normal
819,331656,8407,8420,-0.03510,-0.34320,-0.58890,0.68251,994.36,1000,5.64,50.00,201,2.2177,-0.5505,LOCK,0,normal
820,331664,8415,8428,-0.01950,0.05460,-0.87750,0.87941,994.36,1000,5.64,50.00,201,2.2199,-0.5160,LOCK,0,normal
821,331674,8425,8438,-0.26520,-0.27690,-1.07250,1.13897,994.35,1000,5.65,50.00,201,2.2330,-0.3182,LOCK,0,normal
822,331683,8434,8447,-0.13650,0.35100,-0.87360,0.95132,994.35,1000,5.65,50.00,201,2.2292,-0.3765,LOCK,0,normal
823,331691,8442,8455,-0.11310,-0.00780,-0.77610,0.78434,994.35,1000,5.65,50.00,201,2.2108,-0.6549,LOCK,0,normal
824,331700,8451,8464,-0.11310,-0.00780,-0.77610,0.78434,994.36,1000,5.64,50.00,201,2.2219,-0.4861,LOCK,0,normal
825,331708,8459,8472,-0.27300,-0.02340,-0.56940,0.63190,994.37,1000,5.63,50.00,201,2.2145,-0.5981,LOCK,0,normal
826,331716,8467,8480,-0.01950,-0.18720,-0.78000,0.80239,994.39,1000,5.61,50.00,201,2.2261,-0.4226,LOCK,0,normal
827,331728,8479,8492,-0.19890,-0.39390,-1.00230,1.09514,994.40,1000,5.60,50.00,201,2.2088,-0.6848,LOCK,0,normal
828,331736,8487,8500,-0.33150,0.15990,-0.73710,0.82388,994.40,1000,5.60,50.00,201,2.2133,-0.6170,LOCK,0,normal
829,331745,8496,8509,-0.17940,-0.54210,-0.72540,0.92318,994.41,1000,5.59,50.00,201,2.2161,-0.5746,LOCK,0,normal
830,331753,8504,8517,-0.23790,-0.10920,-0.71370,0.76019,994.42,1000,5.58,50.00,201,2.2048,-0.7458,LOCK,0,normal
831,331778,8529,8542,0.05460,0.20280,-0.82290,0.84928,994.40,1000,5.60,50.00,201,2.2297,-0.3682,LOCK,0,normal
832,331787,8538,8551,-0.05070,-0.28080,-0.76440,0.81592,994.39,1000,5.61,50.00,201,2.2290,-0.3792,LOCK,0,normal
833,331795,8546,8559,-0.43290,0.21450,-0.59670,0.76777,994.37,1000,5.63,50.00,201,2.2135,-0.6134,LOCK,0,normal
834,331804,8555,8568,-0.14430,-0.10140,-0.85410,0.87212,994.36,1000,5.64,50.00,201,2.2296,-0.3692,LOCK,0,normal
835,331812,8563,8576,-0.14430,-0.10140,-0.85410,0.87212,994.35,1000,5.65,50.00,201,2.1923,-0.9354,LOCK,0,normal
836,331836,8587,8600,-0.06630,-0.24180,-0.62010,0.66887,994.32,1000,5.68,50.00,201,2.2311,-0.3463,LOCK,0,normal
837,331845,8596,8609,-0.08190,0.13650,-0.85410,0.86881,994.31,1000,5.69,50.00,201,2.2167,-0.5648,LOCK,0,normal
838,331853,8604,8617,-0.08190,0.13650,-0.85410,0.86881,994.29,1000,5.71,50.00,201,2.2106,-0.6582,LOCK,0,normal
839,331861,8612,8625,-0.33540,0.19110,-0.88920,0.96938,994.27,1000,5.73,50.00,201,2.2091,-0.6808,LOCK,0,normal
840,331928,8679,8692,-0.24960,0.08970,-0.49920,0.56528,994.27,1000,5.73,50.00,201,2.2244,-0.4482,LOCK,0,normal
841,331936,8687,8700,-0.14820,0.12870,-0.79170,0.81567,994.27,1000,5.73,50.00,201,2.2319,-0.3350,LOCK,0,normal
842,331945,8696,8709,-0.14820,0.12870,-0.79170,0.81567,994.28,1000,5.72,50.00,201,2.2120,-0.6356,LOCK,0,normal
843,331953,8704,8717,0.18330,-0.02340,-0.99060,1.00769,994.28,1000,5.72,50.00,201,2.2194,-0.5245,LOCK,0,normal
844,331962,8713,8726,0.12090,-0.02340,-0.82290,0.83206,994.28,1000,5.72,50.00,201,2.2113,-0.6475,LOCK,0,normal
845,331970,8721,8734,-0.14820,-0.44460,-0.77220,0.90329,994.29,1000,5.71,50.00,201,2.2158,-0.5792,LOCK,0,normal
846,331982,8733,8746,-0.46020,0.28080,-0.54990,0.77008,994.29,1000,5.71,50.00,201,2.2308,-0.3521,LOCK,0,normal
847,331991,8742,8755,-0.40560,0.01560,-0.77610,0.87583,994.29,1000,5.71,50.00,201,2.2330,-0.3182,LOCK,0,normal
848,331999,8750,8763,-0.02340,-0.32370,-0.70200,0.77339,994.29,1000,5.71,50.00,201,2.2129,-0.6231,LOCK,0,normal
849,332008,8759,8772,-0.02340,-0.32370,-0.70200,0.77339,994.29,1000,5.71,50.00,201,2.2160,-0.5764,LOCK,0,normal
850,332016,8767,8780,0.07020,-0.20670,-0.49920,0.54484,994.29,1000,5.71,50.00,201,2.2155,-0.5834,LOCK,0,normal
851,332024,8775,8788,0.05460,-0.29640,-0.93210,0.97961,994.29,1000,5.71,50.00,201,2.2292,-0.3753,LOCK,0,normal
852,332040,8791,8804,-0.07410,0.38220,-0.65520,0.76214,994.29,1000,5.71,50.00,201,2.2114,-0.6454,LOCK,0,normal
853,332049,8800,8813,-0.07410,0.38220,-0.65520,0.76214,994.29,1000,5.71,50.00,201,2.2036,-0.7632,LOCK,0,normal
854,332057,8808,8821,-0.14040,0.44850,-0.62400,0.78118,994.29,1000,5.71,50.00,201,2.2108,-0.6543,LOCK,0,normal
855,332066,8817,8830,-0.09750,-0.22230,-0.88530,0.91798,994.28,1000,5.72,50.00,201,2.2135,-0.6140,LOCK,0,normal
856,332086,8837,8850,-0.07800,-0.31590,-0.68250,0.75610,994.28,1000,5.72,50.00,201,2.2269,-0.4113,LOCK,0,normal
857,332094,8845,8858,-0.28860,0.17160,-0.97110,1.02751,994.27,1000,5.73,50.00,201,2.2315,-0.3411,LOCK,0,normal
858,332103,8854,8867,-0.22620,0.26520,-0.84240,0.91167,994.27,1000,5.73,50.00,201,2.2118,-0.6393,LOCK,0,normal
859,332111,8862,8875,-0.01950,0.00000,-0.71760,0.71786,994.27,1000,5.73,50.00,201,2.2186,-0.5370,LOCK,0,normal
860,332120,8871,8884,-0.01950,0.00000,-0.71760,0.71786,994.26,1000,5.74,50.00,201,2.2193,-0.5261,LOCK,0,normal
861,332128,8879,8892,-0.31200,-0.04290,-0.52650,0.61350,994.28,1000,5.72,50.00,201,2.2351,-0.2858,LOCK,0,normal
862,332139,8890,8903,0.01950,-0.21060,-0.95160,0.97482,994.30,1000,5.70,50.00,201,2.2328,-0.3209,LOCK,0,normal
863,332147,8898,8911,0.05460,0.10920,-0.79170,0.80106,994.32,1000,5.68,50.00,201,2.2329,-0.3200,LOCK,0,normal
864,332156,8907,8920,-0.24180,-0.16770,-0.80730,0.85926,994.34,1000,5.66,50.00,201,2.2077,-0.7013,LOCK,0,normal
865,332164,8915,8928,-0.16770,-0.03120,-0.64740,0.66949,994.35,1000,5.65,50.00,201,2.2215,-0.4928,LOCK,0,normal
866,332173,8924,8937,-0.24960,0.00780,-0.95550,0.98759,994.36,1000,5.64,50.00,201,2.2189,-0.5322,LOCK,0,normal
867,332181,8932,8945,-0.24960,0.00780,-0.95550,0.98759,994.38,1000,5.62,50.00,201,2.2124,-0.6298,LOCK,0,normal
868,332241,8992,9005,-0.19110,-0.35490,-0.49140,0.63557,994.39,1000,5.61,50.00,201,2.2341,-0.3017,LOCK,0,normal
869,332249,9000,9013,-0.05850,0.04290,-0.74100,0.74454,994.37,1000,5.63,50.00,201,2.2291,-0.3777,LOCK,0,normal
870,332258,9009,9022,0.10530,0.00780,-0.93600,0.94194,994.35,1000,5.65,50.00,201,2.2148,-0.5932,LOCK,0,normal
871,332266,9017,9030,-0.18720,-0.37830,-0.86190,0.95970,994.33,1000,5.67,50.00,201,2.2094,-0.6753,LOCK,0,normal
872,332275,9026,9039,-0.18720,-0.37830,-0.86190,0.95970,994.32,1000,5.68,50.00,201,2.2226,-0.4763,LOCK,0,normal
873,332283,9034,9047,-0.37830,-0.07410,-0.53040,0.65569,994.31,1000,5.69,50.00,201,2.2255,-0.4314,LOCK,0,normal
874,332291,9042,9055,-0.33540,0.27690,-0.88920,0.98987,994.29,1000,5.71,50.00,201,2.2327,-0.3222,LOCK,0,normal
875,332300,9051,9064,-0.03120,-0.20670,-0.92430,0.94764,994.28,1000,5.72,50.00,201,2.2317,-0.3377,LOCK,0,normal
876,332308,9059,9072,0.26130,-0.02730,-0.68250,0.73132,994.27,1000,5.73,50.00,201,2.2183,-0.5416,LOCK,0,normal
877,332317,9068,9081,-0.03510,-0.08190,-0.56940,0.57633,994.26,1000,5.74,50.00,201,2.2209,-0.5022,LOCK,0,normal
878,332325,9076,9089,-0.03510,-0.08190,-0.56940,0.57633,994.25,1000,5.75,50.00,201,2.2194,-0.5248,LOCK,0,normal
879,332334,9085,9098,-0.20280,-0.07020,-0.73320,0.76396,994.24,1000,5.76,50.00,201,2.2154,-0.5844,LOCK,0,normal
880,332343,9094,9107,-0.24570,0.29640,-0.79170,0.88035,994.23,1000,5.77,50.00,201,2.2075,-0.7040,LOCK,0,normal
881,332351,9102,9115,-0.03900,0.27300,-0.75270,0.80163,994.23,1000,5.77,50.00,201,2.2162,-0.5722,LOCK,0,normal
882,332360,9111,9124,-0.31980,-0.30030,-0.58890,0.73434,994.22,1000,5.78,50.00,201,2.2192,-0.5276,LOCK,0,normal
883,332368,9119,9132,0.12870,-0.10530,-0.86190,0.87779,994.19,1000,5.81,50.00,201,2.2185,-0.5383,LOCK,0,normal
884,332393,9144,9157,0.07410,-0.07800,-0.78390,0.79125,994.16,1000,5.84,50.00,201,2.2321,-0.3316,LOCK,0,normal
885,332401,9152,9165,-0.49140,0.09360,-0.47190,0.68770,994.13,1000,5.87,50.00,201,2.2341,-0.3011,LOCK,0,normal
886,332410,9161,9174,0.02340,-0.24960,-0.92040,0.95393,994.11,1000,5.89,50.00,201,2.2120,-0.6356,LOCK,0,normal
887,332418,9169,9182,-0.04290,0.14820,-0.73320,0.74926,994.09,1000,5.91,50.00,201,2.2205,-0.5068,LOCK,0,normal
888,332427,9178,9191,-0.04290,0.14820,-0.73320,0.74926,994.10,1000,5.90,50.00,201,2.2082,-0.6939,LOCK,0,normal
889,332435,9186,9199,0.18330,0.00000,-0.63180,0.65785,994.10,1000,5.90,50.00,201,2.2292,-0.3765,LOCK,0,normal
890,332451,9202,9215,-0.11700,-0.08190,-0.88530,0.89675,994.11,1000,5.89,50.00,201,2.2327,-0.3222,LOCK,0,normal
891,332459,9210,9223,-0.11700,-0.08190,-0.88530,0.89675,994.12,1000,5.88,50.00,201,2.2140,-0.6063,LOCK,0,normal
892,332467,9218,9231,-0.30420,0.33540,-0.57720,0.73361,994.12,1000,5.88,50.00,201,2.2191,-0.5294,LOCK,0,normal
893,332476,9227,9240,-0.47970,0.20280,-0.60060,0.79496,994.13,1000,5.87,50.00,201,2.2253,-0.4354,LOCK,0,normal
894,332484,9235,9248,0.01560,0.03510,-0.93990,0.94068,994.14,1000,5.86,50.00,201,2.2131,-0.6195,LOCK,0,normal
895,332547,9298,9311,-0.11310,-0.15210,-0.51870,0.55225,994.16,1000,5.84,50.00,201,2.2319,-0.3347,LOCK,0,normal
896,332555,9306,9319,0.14820,-0.00390,-0.82290,0.83615,994.18,1000,5.82,50.00,201,2.2324,-0.3273,LOCK,0,normal
897,332564,9315,9328,-0.01950,-0.13260,-0.88530,0.89539,994.20,1000,5.80,50.00,201,2.2140,-0.6054,LOCK,0,normal
898,332572,9323,9336,-0.19500,-0.24570,-0.83850,0.89525,994.22,1000,5.78,50.00,201,2.2126,-0.6274,LOCK,0,normal
899,332581,9332,9345,-0.19500,-0.24570,-0.83850,0.89525,994.24,1000,5.76,50.00,201,2.2171,-0.5587,LOCK,0,normal
900,332589,9340,9353,-0.30030,0.10530,-0.60060,0.67970,994.25,1000,5.75,50.00,201,2.2133,-0.6164,LOCK,0,normal
901,332598,9349,9362,-0.15990,0.37830,-0.95550,1.04003,994.26,1000,5.74,50.00,201,2.2303,-0.3591,LOCK,0,normal
902,332606,9357,9370,-0.06630,0.01950,-0.78000,0.78306,994.25,1000,5.75,50.00,201,2.2312,-0.3460,LOCK,0,normal
903,332615,9366,9379,0.20280,-0.19500,-0.72930,0.78168,994.24,1000,5.76,50.00,201,2.2132,-0.6185,LOCK,0,normal
904,332623,9374,9387,0.20280,-0.19500,-0.72930,0.78168,994.23,1000,5.77,50.00,201,2.2168,-0.5639,LOCK,0,normal
905,332632,9383,9396,-0.05460,-0.26910,-0.64350,0.69963,994.22,1000,5.78,50.00,201,2.2152,-0.5886,LOCK,0,normal
906,332640,9391,9404,-0.31200,0.19110,-0.79170,0.87215,994.21,1000,5.79,50.00,201,2.2272,-0.4055,LOCK,0,normal
907,332654,9405,9418,-0.18720,-0.03510,-0.79560,0.81808,994.21,1000,5.79,50.00,201,2.2165,-0.5676,LOCK,0,normal
908,332663,9414,9427,-0.18720,-0.03510,-0.79560,0.81808,994.20,1000,5.80,50.00,201,2.2147,-0.5950,LOCK,0,normal
909,332671,9422,9435,-0.12090,-0.08580,-0.46800,0.49092,994.19,1000,5.81,50.00,201,2.2086,-0.6872,LOCK,0,normal
910,332680,9431,9444,-0.04290,-0.03120,-0.92820,0.92971,994.17,1000,5.83,50.00,201,2.2121,-0.6344,LOCK,0,normal
911,332700,9451,9464,-0.33150,-0.41730,-0.79170,0.95437,994.16,1000,5.84,50.00,201,2.2335,-0.3112,LOCK,0,normal
912,332709,9460,9473,-0.26520,0.38220,-0.66690,0.81312,994.15,1000,5.85,50.00,201,2.2269,-0.4101,LOCK,0,normal
913,332717,9468,9481,-0.18720,-0.20670,-1.01400,1.05165,994.14,1000,5.86,50.00,201,2.2230,-0.4699,LOCK,0,normal
914,332725,9476,9489,-0.18720,-0.20670,-1.01400,1.05165,994.13,1000,5.87,50.00,201,2.2237,-0.4589,LOCK,0,normal
915,332734,9485,9498,0.00780,-0.00780,-0.84240,0.84247,994.12,1000,5.88,50.00,201,2.2171,-0.5590,LOCK,0,normal
916,332752,9503,9516,-0.19110,-0.29640,-0.64350,0.73380,994.11,1000,5.89,50.00,201,2.2311,-0.3466,LOCK,0,normal
917,332760,9511,9524,-0.33930,0.21060,-0.91650,0.99972,994.10,1000,5.90,50.00,201,2.2305,-0.3554,LOCK,0,normal
918,332769,9520,9533,-0.21450,0.06240,-0.90480,0.93197,994.09,1000,5.91,50.00,201,2.2003,-0.8142,LOCK,0,normal
919,332777,9528,9541,-0.21450,0.06240,-0.90480,0.93197,994.08,1000,5.92,50.00,201,2.2134,-0.6158,LOCK,0,normal
920,332786,9537,9550,-0.08190,-0.21840,-0.77220,0.80666,994.07,1000,5.93,50.00,201,2.2183,-0.5416,LOCK,0,normal
921,332859,9610,9623,0.17160,-0.03120,-0.78000,0.79926,994.02,1000,5.98,50.00,201,2.2397,-0.2171,LOCK,0,normal
922,332867,9618,9631,0.10140,0.00780,-0.73320,0.74022,993.98,1000,6.02,50.00,201,2.2173,-0.5554,LOCK,0,normal
923,332876,9627,9640,-0.18330,-0.05850,-0.61230,0.64182,993.94,1000,6.06,50.00,201,2.2203,-0.5099,LOCK,0,normal
924,332884,9635,9648,-0.33540,0.20670,-0.85020,0.93705,993.91,1000,6.09,50.00,201,2.2067,-0.7168,LOCK,0,normal
925,332892,9643,9656,-0.28080,-0.05070,-0.91650,0.95989,993.88,1000,6.12,50.00,201,2.2191,-0.5291,LOCK,0,normal
926,332903,9654,9667,-0.27300,0.08580,-0.74880,0.80162,993.85,1000,6.15,50.00,201,2.2327,-0.3225,LOCK,0,normal
927,332911,9662,9675,0.24960,-0.23790,-0.51090,0.61637,993.84,1000,6.16,50.00,201,2.2252,-0.4360,LOCK,0,normal
928,332920,9671,9684,0.24960,-0.23790,-0.51090,0.61637,993.84,1000,6.16,50.00,201,2.2140,-0.6063,LOCK,0,normal
929,332928,9679,9692,-0.01170,-0.24180,-0.71370,0.75364,993.84,1000,6.16,50.00,201,2.2177,-0.5502,LOCK,0,normal
930,332936,9687,9700,-0.06630,0.26130,-0.90870,0.94784,993.83,1000,6.17,50.00,201,2.2038,-0.7602,LOCK,0,normal
931,332945,9696,9709,-0.39390,0.26910,-0.64350,0.80104,993.83,1000,6.17,50.00,201,2.2229,-0.4711,LOCK,0,normal
932,332957,9708,9721,-0.02730,-0.04290,-0.65130,0.65328,993.83,1000,6.17,50.00,201,2.2106,-0.6582,LOCK,0,normal
933,332965,9716,9729,-0.29640,0.00390,-0.71760,0.77641,993.83,1000,6.17,50.00,201,2.2216,-0.4906,LOCK,0,normal
934,332973,9724,9737,0.17550,0.00000,-0.85020,0.86812,993.80,1000,6.20,50.00,201,2.2196,-0.5209,LOCK,0,normal
935,332982,9733,9746,0.17550,0.00000,-0.85020,0.86812,993.78,1000,6.22,50.00,201,2.2152,-0.5880,LOCK,0,normal
936,333007,9758,9771,-0.24960,0.43290,-0.53040,0.72872,993.76,1000,6.24,50.00,201,2.2325,-0.3258,LOCK,0,normal
937,333016,9767,9780,-0.39780,0.05070,-0.65910,0.77151,993.74,1000,6.26,50.00,201,2.2282,-0.3911,LOCK,0,normal
938,333024,9775,9788,-0.03900,-0.14040,-0.93990,0.95113,993.73,1000,6.27,50.00,201,2.2121,-0.6344,LOCK,0,normal
939,333033,9784,9797,-0.03900,-0.14040,-0.93990,0.95113,993.73,1000,6.27,50.00,201,2.2255,-0.4317,LOCK,0,normal
940,333041,9792,9805,0.05460,-0.05070,-0.87750,0.88066,993.74,1000,6.26,50.00,201,2.2130,-0.6216,LOCK,0,normal
941,333050,9801,9814,0.05460,0.02340,-0.79170,0.79393,993.74,1000,6.26,50.00,201,2.2201,-0.5132,LOCK,0,normal
942,333064,9815,9828,-0.23010,-0.11700,-0.63180,0.68250,993.75,1000,6.25,50.00,201,2.2299,-0.3655,LOCK,0,normal
943,333072,9823,9836,-0.31200,0.42120,-0.78780,0.94625,993.75,1000,6.25,50.00,201,2.2152,-0.5886,LOCK,0,normal
944,333081,9832,9845,-0.16380,0.51480,-0.67080,0.86129,993.76,1000,6.24,50.00,201,2.2193,-0.5261,LOCK,0,normal
945,333089,9840,9853,-0.08190,-0.20670,-0.70590,0.74009,993.79,1000,6.21,50.00,201,2.2121,-0.6341,LOCK,0,normal
946,333098,9849,9862,0.30420,0.01170,-0.67080,0.73665,993.82,1000,6.18,50.00,201,2.2112,-0.6491,LOCK,0,normal
947,333161,9912,9925,0.11310,0.01170,-0.91650,0.92353,993.78,1000,6.22,50.00,201,2.2356,-0.2791,LOCK,0,normal
948,333170,9921,9934,-0.03510,-0.05070,-0.90090,0.90301,993.75,1000,6.25,50.00,201,2.2353,-0.2837,LOCK,0,normal
949,333178,9929,9942,-0.07410,0.08190,-0.78390,0.79164,993.73,1000,6.27,50.00,201,2.2034,-0.7672,LOCK,0,normal
950,333187,9938,9951,-0.07410,0.08190,-0.78390,0.79164,993.70,1000,6.30,50.00,201,2.2149,-0.5926,LOCK,0,normal
951,333195,9946,9959,-0.24180,-0.18330,-0.60840,0.67987,993.68,1000,6.32,50.00,201,2.2216,-0.4910,LOCK,0,normal
952,333204,9955,9968,-0.24960,-0.00390,-0.79170,0.83012,993.66,1000,6.34,50.00,201,2.2209,-0.5016,LOCK,0,normal
953,333212,9963,9976,-0.03510,0.17550,-0.88920,0.90703,993.66,1000,6.34,50.00,201,2.2249,-0.4412,LOCK,0,normal
954,333221,9972,9985,0.07410,-0.24570,-0.78780,0.82855,993.65,1000,6.35,50.00,201,2.2307,-0.3530,LOCK,0,normal
955,333229,9980,9993,0.07800,-0.07410,-0.76440,0.77193,993.65,1000,6.35,50.00,201,2.2045,-0.7504,LOCK,0,normal
956,333238,9989,10002,0.07800,-0.07410,-0.76440,0.77193,993.65,1000,6.35,50.00,201,2.2255,-0.4317,LOCK,0,normal
957,333246,9997,10010,-0.37830,-0.23400,-0.81510,0.92858,993.65,1000,6.35,50.00,201,2.2207,-0.5044,LOCK,0,normal
958,333255,10006,10019,-0.10920,0.12480,-0.95160,0.96594,993.65,1000,6.35,50.00,201,2.2350,-0.2877,LOCK,0,normal
