sample_index,time_ms_raw,time_ms_zero,elapsed_ms,ax_g,ay_g,az_g,total_g,rpm,target_rpm,rpm_error,pwm_eq,duty_10bit,acs_v,current_a,control_mode,state,fault_type
0,1420593,0,18,0.17550,0.10530,-0.78000,0.80640,1004.94,1000,-4.94,50.07,201,2.3099,0.8467,LOCK,0,normal
1,1420602,9,27,-0.02340,0.24180,-0.76830,0.80579,1004.92,1000,-4.92,50.07,201,2.3018,0.7246,LOCK,0,normal
2,1420610,17,35,-0.09360,0.06240,-0.76830,0.77649,1004.91,1000,-4.91,50.07,201,2.3077,0.8137,LOCK,0,normal
3,1420619,26,44,-0.02340,0.02340,-0.80340,0.80408,1004.90,1000,-4.90,50.07,201,2.3035,0.7505,LOCK,0,normal
4,1420628,35,53,0.01560,-0.12480,-0.80730,0.81704,1004.89,1000,-4.89,50.07,201,2.3088,0.8305,LOCK,0,normal
5,1420636,43,61,0.01560,-0.12480,-0.80730,0.81704,1004.88,1000,-4.88,50.07,201,2.3087,0.8289,LOCK,0,normal
6,1420646,53,71,0.16380,0.01950,-0.70980,0.72872,1004.83,1000,-4.83,50.07,201,2.3060,0.7883,LOCK,0,normal
7,1420656,63,81,0.08970,0.11310,-0.83070,0.84315,1004.81,1000,-4.81,50.07,201,2.2885,0.5231,LOCK,0,normal
8,1420666,73,91,-0.05070,0.28860,-0.78780,0.84053,1004.80,1000,-4.80,50.07,201,2.2824,0.4309,LOCK,0,normal
9,1420676,83,101,-0.05460,0.02340,-0.67470,0.67731,1004.80,1000,-4.80,50.07,201,2.2893,0.5350,LOCK,0,normal
10,1420686,93,111,-0.00390,-0.24180,-0.76440,0.80174,1004.80,1000,-4.80,50.07,201,2.2917,0.5707,LOCK,0,normal
11,1420733,140,158,-0.20280,0.10530,-0.75270,0.78662,1004.74,1000,-4.74,50.07,201,2.3066,0.7963,LOCK,0,normal
12,1420741,148,166,-0.03900,-0.18720,-0.84630,0.86763,1004.70,1000,-4.70,50.07,201,2.3073,0.8079,LOCK,0,normal
13,1420750,157,175,-0.03900,-0.18720,-0.84630,0.86763,1004.65,1000,-4.65,50.07,201,2.3023,0.7325,LOCK,0,normal
14,1420758,165,183,0.05460,-0.06240,-0.90090,0.90471,1004.61,1000,-4.61,50.07,201,2.3089,0.8314,LOCK,0,normal
15,1420767,174,192,0.10530,-0.23010,-0.81120,0.84975,1004.58,1000,-4.58,50.07,201,2.3132,0.8976,LOCK,0,normal
16,1420775,182,200,0.06240,-0.05070,-0.66690,0.67173,1004.55,1000,-4.55,50.07,201,2.3098,0.8448,LOCK,0,normal
17,1420784,191,209,-0.01170,-0.14820,-0.73710,0.75194,1004.57,1000,-4.57,50.07,201,2.3121,0.8796,LOCK,0,normal
18,1420797,204,222,-0.10920,0.22230,-0.87360,0.90803,1004.59,1000,-4.59,50.07,201,2.3103,0.8531,LOCK,0,normal
19,1420806,213,231,-0.07800,0.01560,-0.92040,0.92383,1004.61,1000,-4.61,50.07,201,2.2806,0.4031,LOCK,0,normal
20,1420814,221,239,-0.05460,-0.00780,-0.90480,0.90648,1004.63,1000,-4.63,50.07,201,2.2855,0.4779,LOCK,0,normal
21,1420822,229,247,-0.05460,-0.00780,-0.90480,0.90648,1004.64,1000,-4.64,50.07,201,2.3018,0.7239,LOCK,0,normal
22,1420831,238,256,-0.05070,0.07410,-0.82680,0.83166,1004.66,1000,-4.66,50.07,201,2.2948,0.6177,LOCK,0,normal
23,1420839,246,264,0.13260,-0.04290,-0.76440,0.77700,1004.68,1000,-4.68,50.07,201,2.3029,0.7404,LOCK,0,normal
24,1420848,255,273,0.07410,-0.01560,-0.74490,0.74874,1004.69,1000,-4.69,50.07,201,2.3129,0.8927,LOCK,0,normal
25,1420856,263,281,-0.03120,0.06240,-0.85410,0.85694,1004.71,1000,-4.71,50.07,201,2.2796,0.3876,LOCK,0,normal
26,1420865,272,290,0.02730,-0.08580,-0.85800,0.86271,1004.72,1000,-4.72,50.07,201,2.3035,0.7499,LOCK,0,normal
27,1420873,280,298,0.02730,-0.08580,-0.85800,0.86271,1004.74,1000,-4.74,50.07,201,2.2799,0.3924,LOCK,0,normal
28,1420882,289,307,0.07410,0.25740,-0.82290,0.86540,1004.75,1000,-4.75,50.07,201,2.3031,0.7435,LOCK,0,normal
29,1420890,297,315,0.02730,0.07800,-0.90090,0.90468,1004.76,1000,-4.76,50.07,201,2.3120,0.8790,LOCK,0,normal
30,1420899,306,324,-0.05460,0.10140,-0.60840,0.61920,1004.76,1000,-4.76,50.07,201,2.3168,0.9510,LOCK,0,normal
31,1420907,314,332,0.00390,0.10140,-0.83850,0.84462,1004.76,1000,-4.76,50.07,201,2.3047,0.7685,LOCK,0,normal
32,1420916,323,341,-0.09360,-0.00390,-0.79170,0.79722,1004.76,1000,-4.76,50.07,201,2.3028,0.7395,LOCK,0,normal
33,1420924,331,349,-0.09360,-0.00390,-0.79170,0.79722,1004.75,1000,-4.75,50.07,201,2.3047,0.7685,LOCK,0,normal
34,1420933,340,358,-0.04290,0.10140,-0.65130,0.66054,1004.75,1000,-4.75,50.07,201,2.3159,0.9376,LOCK,0,normal
35,1420941,348,366,0.04680,0.05460,-0.82290,0.82604,1004.75,1000,-4.75,50.07,201,2.2821,0.4251,LOCK,0,normal
36,1420950,357,375,0.16380,0.02730,-0.76830,0.78604,1004.75,1000,-4.75,50.07,201,2.2869,0.4990,LOCK,0,normal
37,1420958,365,383,-0.10530,0.14430,-0.79560,0.81541,1004.76,1000,-4.76,50.07,201,2.2940,0.6064,LOCK,0,normal
38,1420967,374,392,-0.01560,0.07410,-0.75270,0.75650,1004.77,1000,-4.77,50.07,201,2.2932,0.5945,LOCK,0,normal
39,1420987,394,412,0.02340,-0.04290,-0.82290,0.82435,1004.77,1000,-4.77,50.07,201,2.3151,0.9251,LOCK,0,normal
40,1421001,408,426,0.08970,0.02730,-0.77610,0.78174,1004.78,1000,-4.78,50.07,201,2.3130,0.8940,LOCK,0,normal
41,1421009,416,434,0.13260,0.15600,-0.86190,0.88588,1004.78,1000,-4.78,50.07,201,2.2888,0.5271,LOCK,0,normal
42,1421018,425,443,-0.11700,0.28080,-0.81120,0.86636,1004.73,1000,-4.73,50.07,201,2.2923,0.5805,LOCK,0,normal
43,1421026,433,451,-0.11700,0.28080,-0.81120,0.86636,1004.69,1000,-4.69,50.07,201,2.2967,0.6470,LOCK,0,normal
44,1421035,442,460,-0.21840,0.05850,-0.69420,0.73009,1004.65,1000,-4.65,50.07,201,2.3064,0.7942,LOCK,0,normal
45,1421043,450,468,-0.11700,-0.29640,-0.81120,0.87154,1004.61,1000,-4.61,50.07,201,2.3052,0.7761,LOCK,0,normal
46,1421052,459,477,0.08970,-0.17940,-0.83070,0.85457,1004.58,1000,-4.58,50.07,201,2.3039,0.7566,LOCK,0,normal
47,1421060,467,485,0.07410,-0.10920,-0.80730,0.81802,1004.55,1000,-4.55,50.07,201,2.3156,0.9330,LOCK,0,normal
48,1421069,476,494,0.07410,-0.10920,-0.80730,0.81802,1004.52,1000,-4.52,50.07,201,2.3068,0.7996,LOCK,0,normal
49,1421077,484,502,0.08580,0.11700,-0.79560,0.80872,1004.55,1000,-4.55,50.07,201,2.3123,0.8836,LOCK,0,normal
50,1421086,493,511,-0.03510,0.12090,-0.77220,0.78239,1004.57,1000,-4.57,50.07,201,2.3097,0.8442,LOCK,0,normal
51,1421096,503,521,0.03510,0.07020,-0.79170,0.79558,1004.73,1000,-4.73,50.07,201,2.3096,0.8424,LOCK,0,normal
52,1421106,513,531,0.05460,-0.28860,-0.83460,0.88478,1004.77,1000,-4.77,50.07,201,2.3065,0.7951,LOCK,0,normal
53,1421116,523,541,-0.07410,0.10920,-0.81510,0.82571,1004.78,1000,-4.78,50.07,201,2.2933,0.5951,LOCK,0,normal
54,1421145,552,570,0.05070,-0.11700,-0.76830,0.77881,1004.77,1000,-4.77,50.07,201,2.3066,0.7963,LOCK,0,normal
55,1421153,560,578,-0.13260,0.14430,-0.80340,0.82696,1004.77,1000,-4.77,50.07,201,2.3092,0.8366,LOCK,0,normal
56,1421161,568,586,0.04680,0.16380,-0.89700,0.91303,1004.77,1000,-4.77,50.07,201,2.2811,0.4101,LOCK,0,normal
57,1421170,577,595,0.04680,0.16380,-0.89700,0.91303,1004.77,1000,-4.77,50.07,201,2.3009,0.7099,LOCK,0,normal
58,1421178,585,603,-0.09750,0.07410,-0.89310,0.90146,1004.77,1000,-4.77,50.07,201,2.2941,0.6083,LOCK,0,normal
59,1421191,598,616,0.00390,0.12870,-0.78390,0.79440,1004.77,1000,-4.77,50.07,201,2.3137,0.9053,LOCK,0,normal
60,1421204,611,629,0.03900,-0.10140,-0.70200,0.71036,1004.77,1000,-4.77,50.07,201,2.3130,0.8937,LOCK,0,normal
61,1421212,619,637,0.06630,0.20280,-0.82290,0.85011,1004.77,1000,-4.77,50.07,201,2.3084,0.8244,LOCK,0,normal
62,1421221,628,646,0.06630,0.20280,-0.82290,0.85011,1004.76,1000,-4.76,50.07,201,2.3138,0.9068,LOCK,0,normal
63,1421230,637,655,0.07410,0.09750,-0.84630,0.85511,1004.76,1000,-4.76,50.07,201,2.3066,0.7966,LOCK,0,normal
64,1421238,645,663,-0.01950,0.10530,-0.79950,0.80664,1004.76,1000,-4.76,50.07,201,2.3009,0.7102,LOCK,0,normal
65,1421247,654,672,0.05070,-0.10530,-0.79950,0.80800,1004.76,1000,-4.76,50.07,201,2.3178,0.9666,LOCK,0,normal
66,1421255,662,680,-0.16770,0.09750,-0.61620,0.64601,1004.76,1000,-4.76,50.07,201,2.2986,0.6757,LOCK,0,normal
67,1421264,671,689,-0.14430,0.08580,-0.81120,0.82839,1004.75,1000,-4.75,50.07,201,2.3062,0.7908,LOCK,0,normal
68,1421272,679,697,-0.14430,0.08580,-0.81120,0.82839,1004.75,1000,-4.75,50.07,201,2.2699,0.2416,LOCK,0,normal
69,1421281,688,706,-0.13260,-0.06630,-0.84630,0.85919,1004.75,1000,-4.75,50.07,201,2.2813,0.4141,LOCK,0,normal
70,1421289,696,714,0.13260,0.09750,-0.73710,0.75525,1004.75,1000,-4.75,50.07,201,2.2956,0.6296,LOCK,0,normal
71,1421297,704,722,0.15600,0.01950,-0.77220,0.78804,1004.74,1000,-4.74,50.07,201,2.2907,0.5554,LOCK,0,normal
72,1421346,753,771,0.17940,0.01950,-0.87360,0.89204,1004.74,1000,-4.74,50.07,201,2.3091,0.8351,LOCK,0,normal
73,1421355,762,780,0.17940,0.01950,-0.87360,0.89204,1004.74,1000,-4.74,50.07,201,2.3184,0.9755,LOCK,0,normal
74,1421363,770,788,0.12480,-0.01560,-0.78780,0.79778,1004.74,1000,-4.74,50.07,201,2.3029,0.7404,LOCK,0,normal
75,1421372,779,797,0.15210,0.15990,-0.83850,0.86706,1004.74,1000,-4.74,50.07,201,2.3120,0.8793,LOCK,0,normal
76,1421380,787,805,-0.10140,0.21840,-0.83850,0.87239,1004.74,1000,-4.74,50.07,201,2.3050,0.7725,LOCK,0,normal
77,1421389,796,814,-0.18720,0.11310,-0.77610,0.80633,1004.74,1000,-4.74,50.07,201,2.3017,0.7224,LOCK,0,normal
78,1421397,804,822,-0.04290,-0.26910,-0.89700,0.93748,1004.74,1000,-4.74,50.07,201,2.3017,0.7230,LOCK,0,normal
79,1421411,818,836,0.08970,-0.25740,-0.89700,0.93750,1004.73,1000,-4.73,50.07,201,2.3184,0.9752,LOCK,0,normal
80,1421419,826,844,0.19110,-0.01170,-0.79950,0.82210,1004.73,1000,-4.73,50.07,201,2.2879,0.5136,LOCK,0,normal
81,1421428,835,853,0.19110,-0.01170,-0.79950,0.82210,1004.73,1000,-4.73,50.07,201,2.2880,0.5155,LOCK,0,normal
82,1421436,843,861,0.11700,0.12870,-0.75660,0.77634,1004.74,1000,-4.74,50.07,201,2.2993,0.6858,LOCK,0,normal
83,1421445,852,870,-0.06630,0.18330,-0.68250,0.70979,1004.74,1000,-4.74,50.07,201,2.3062,0.7905,LOCK,0,normal
84,1421453,860,878,0.04680,0.01950,-0.75270,0.75441,1004.75,1000,-4.75,50.07,201,2.3115,0.8705,LOCK,0,normal
85,1421462,869,887,-0.09360,-0.16770,-0.84240,0.86402,1004.75,1000,-4.75,50.07,201,2.3101,0.8503,LOCK,0,normal
86,1421470,877,895,0.04290,0.01560,-0.85410,0.85532,1004.75,1000,-4.75,50.07,201,2.2968,0.6492,LOCK,0,normal
87,1421479,886,904,0.04290,0.01560,-0.85410,0.85532,1004.76,1000,-4.76,50.07,201,2.3014,0.7185,LOCK,0,normal
88,1421487,894,912,0.11700,-0.03510,-0.85410,0.86279,1004.76,1000,-4.76,50.07,201,2.2977,0.6623,LOCK,0,normal
89,1421495,902,920,0.02730,0.10530,-0.58890,0.59886,1004.77,1000,-4.77,50.07,201,2.3030,0.7420,LOCK,0,normal
90,1421504,911,929,0.06240,-0.19500,-0.64740,0.67900,1004.77,1000,-4.77,50.07,201,2.3095,0.8402,LOCK,0,normal
91,1421512,919,937,-0.01950,0.05850,-0.74880,0.75133,1004.78,1000,-4.78,50.07,201,2.3123,0.8827,LOCK,0,normal
92,1421521,928,946,0.08580,0.13650,-0.82680,0.84237,1004.78,1000,-4.78,50.07,201,2.3126,0.8879,LOCK,0,normal
93,1421529,936,954,0.08580,0.13650,-0.82680,0.84237,1004.79,1000,-4.79,50.07,201,2.2956,0.6299,LOCK,0,normal
94,1421538,945,963,-0.01560,0.08190,-0.89700,0.90087,1004.79,1000,-4.79,50.07,201,2.3074,0.8085,LOCK,0,normal
95,1421546,953,971,0.10140,0.03900,-0.75270,0.76050,1004.80,1000,-4.80,50.07,201,2.3058,0.7853,LOCK,0,normal
96,1421555,962,980,0.05070,-0.00780,-0.75660,0.75834,1004.80,1000,-4.80,50.07,201,2.2776,0.3570,LOCK,0,normal
97,1421563,970,988,-0.20670,0.00000,-0.67470,0.70565,1004.80,1000,-4.80,50.07,201,2.2992,0.6852,LOCK,0,normal
98,1421572,979,997,-0.08970,0.07020,-0.76830,0.77670,1004.81,1000,-4.81,50.07,201,2.3006,0.7065,LOCK,0,normal
99,1421580,987,1005,-0.08970,0.07020,-0.76830,0.77670,1004.81,1000,-4.81,50.07,201,2.2860,0.4852,LOCK,0,normal
100,1421605,1012,1030,0.15990,0.05070,-0.80340,0.82073,1004.81,1000,-4.81,50.07,201,2.3082,0.8216,LOCK,0,normal
101,1421619,1026,1044,0.07800,0.06630,-0.72540,0.73259,1004.84,1000,-4.84,50.07,201,2.3077,0.8143,LOCK,0,normal
102,1421627,1034,1052,-0.02730,0.07800,-0.81120,0.81540,1004.86,1000,-4.86,50.07,201,2.2865,0.4929,LOCK,0,normal
103,1421636,1043,1061,-0.05850,-0.15210,-0.78390,0.80066,1004.88,1000,-4.88,50.07,201,2.2852,0.4724,LOCK,0,normal
104,1421644,1051,1069,0.14430,-0.20280,-0.78000,0.81875,1004.90,1000,-4.90,50.07,201,2.2987,0.6775,LOCK,0,normal
105,1421653,1060,1078,0.14430,-0.20280,-0.78000,0.81875,1004.92,1000,-4.92,50.07,201,2.3082,0.8207,LOCK,0,normal
106,1421661,1068,1086,0.07800,0.04290,-0.76830,0.77344,1004.93,1000,-4.93,50.07,201,2.3102,0.8515,LOCK,0,normal
107,1421670,1077,1095,0.05070,0.01170,-0.80340,0.80508,1004.95,1000,-4.95,50.07,201,2.3088,0.8302,LOCK,0,normal
108,1421678,1085,1103,0.08580,-0.03510,-0.62400,0.63085,1004.93,1000,-4.93,50.07,201,2.3067,0.7981,LOCK,0,normal
109,1421687,1094,1112,-0.07020,0.00780,-0.67080,0.67451,1004.92,1000,-4.92,50.07,201,2.3057,0.7835,LOCK,0,normal
110,1421695,1102,1120,-0.09360,-0.19500,-0.81120,0.83954,1004.91,1000,-4.91,50.07,201,2.3032,0.7459,LOCK,0,normal
111,1421704,1111,1129,-0.09360,-0.19500,-0.81120,0.83954,1004.90,1000,-4.90,50.07,201,2.3072,0.8064,LOCK,0,normal
112,1421712,1119,1137,0.09750,-0.14430,-0.83070,0.84876,1004.89,1000,-4.89,50.07,201,2.3130,0.8946,LOCK,0,normal
113,1421721,1128,1146,0.18720,-0.05070,-0.81120,0.83406,1004.88,1000,-4.88,50.07,201,2.2830,0.4388,LOCK,0,normal
114,1421729,1136,1154,0.20670,0.18330,-0.71760,0.76894,1004.88,1000,-4.88,50.07,201,2.2981,0.6681,LOCK,0,normal
115,1421738,1145,1163,-0.01170,0.24570,-0.76830,0.80672,1004.94,1000,-4.94,50.07,201,2.2998,0.6937,LOCK,0,normal
116,1421746,1153,1171,0.01950,0.10140,-0.83460,0.84096,1005.01,1000,-5.01,50.07,201,2.3071,0.8048,LOCK,0,normal
117,1421757,1164,1182,0.07020,0.01560,-0.84630,0.84935,1005.06,1000,-5.06,50.07,201,2.3074,0.8091,LOCK,0,normal
118,1421766,1173,1191,0.07020,0.01560,-0.84630,0.84935,1005.26,1000,-5.26,50.07,201,2.3080,0.8183,LOCK,0,normal
119,1421776,1183,1201,0.07800,-0.10530,-0.93600,0.94513,1005.47,1000,-5.47,50.07,201,2.3033,0.7468,LOCK,0,normal
120,1421786,1193,1211,0.15990,0.05460,-0.82680,0.84389,1005.53,1000,-5.53,50.07,201,2.2892,0.5341,LOCK,0,normal
121,1421796,1203,1221,0.10140,0.15600,-0.77610,0.79809,1005.09,1000,-5.09,50.07,201,2.2923,0.5805,LOCK,0,normal
122,1421806,1213,1231,-0.03120,-0.09750,-0.71760,0.72487,1004.98,1000,-4.98,50.07,201,2.3115,0.8717,LOCK,0,normal
123,1421819,1226,1244,-0.12480,0.00780,-0.98670,0.99459,1004.98,1000,-4.98,50.07,201,2.3034,0.7490,LOCK,0,normal
124,1421827,1234,1252,-0.12480,0.00780,-0.98670,0.99459,1004.97,1000,-4.97,50.07,201,2.3059,0.7868,LOCK,0,normal
125,1421836,1243,1261,-0.07020,0.15210,-0.90480,0.92018,1004.97,1000,-4.97,50.07,201,2.3069,0.8015,LOCK,0,normal
126,1421846,1253,1271,0.03120,0.05850,-0.86190,0.86445,1004.95,1000,-4.95,50.07,201,2.3128,0.8915,LOCK,0,normal
127,1421856,1263,1281,0.17550,-0.13650,-0.62010,0.65875,1005.11,1000,-5.11,50.07,201,2.3166,0.9483,LOCK,0,normal
128,1421866,1273,1291,0.07020,-0.12090,-0.68250,0.69667,1005.15,1000,-5.15,50.07,201,2.3177,0.9645,LOCK,0,normal
129,1421876,1283,1301,0.06240,0.09750,-0.82290,0.83100,1005.16,1000,-5.16,50.07,201,2.3139,0.9071,LOCK,0,normal
130,1421886,1293,1311,0.02730,0.00780,-0.83850,0.83898,1005.16,1000,-5.16,50.07,201,2.2892,0.5332,LOCK,0,normal
131,1421896,1303,1321,0.07410,0.34320,-0.79170,0.86606,1005.16,1000,-5.16,50.07,201,2.2971,0.6534,LOCK,0,normal
132,1421906,1313,1331,0.15210,-0.10140,-0.79950,0.82013,1005.16,1000,-5.16,50.07,201,2.2890,0.5304,LOCK,0,normal
133,1421916,1323,1341,-0.04290,0.15600,-0.67080,0.69004,1004.94,1000,-4.94,50.07,201,2.2939,0.6049,LOCK,0,normal
134,1421961,1368,1386,0.08970,-0.03510,-0.73320,0.73950,1004.93,1000,-4.93,50.07,201,2.3038,0.7539,LOCK,0,normal
135,1421970,1377,1395,0.10140,0.09750,-0.79950,0.81178,1004.92,1000,-4.92,50.07,201,2.3052,0.7755,LOCK,0,normal
136,1421978,1385,1403,0.08190,0.20280,-0.83070,0.85901,1004.97,1000,-4.97,50.07,201,2.3106,0.8583,LOCK,0,normal
137,1421987,1394,1412,0.07020,0.00780,-0.74880,0.75212,1005.02,1000,-5.02,50.07,201,2.3082,0.8207,LOCK,0,normal
138,1421995,1402,1420,-0.00780,-0.02340,-0.76440,0.76480,1005.06,1000,-5.06,50.07,201,2.3004,0.7026,LOCK,0,normal
139,1422004,1411,1429,-0.01560,-0.30810,-0.80730,0.86424,1005.10,1000,-5.10,50.07,201,2.3078,0.8155,LOCK,0,normal
140,1422012,1419,1437,-0.01560,-0.30810,-0.80730,0.86424,1005.13,1000,-5.13,50.07,201,2.3053,0.7780,LOCK,0,normal
141,1422026,1433,1451,0.13650,0.10140,-0.83850,0.85557,1005.16,1000,-5.16,50.07,201,2.3140,0.9098,LOCK,0,normal
142,1422034,1441,1459,-0.09360,0.27690,-0.77220,0.82567,1005.17,1000,-5.17,50.07,201,2.2838,0.4514,LOCK,0,normal
143,1422043,1450,1468,-0.09360,0.27690,-0.77220,0.82567,1005.17,1000,-5.17,50.07,201,2.2950,0.6214,LOCK,0,normal
144,1422051,1458,1476,-0.08970,0.00000,-0.72540,0.73092,1005.17,1000,-5.17,50.07,201,2.2932,0.5939,LOCK,0,normal
145,1422060,1467,1485,-0.08190,-0.14430,-0.81120,0.82799,1005.18,1000,-5.18,50.07,201,2.3083,0.8222,LOCK,0,normal
146,1422068,1475,1493,0.09360,-0.16380,-0.88920,0.90899,1005.18,1000,-5.18,50.07,201,2.3122,0.8811,LOCK,0,normal
147,1422077,1484,1502,0.11310,-0.16380,-0.88140,0.90360,1005.18,1000,-5.18,50.07,201,2.3147,0.9193,LOCK,0,normal
148,1422085,1492,1510,0.07410,0.02730,-0.62790,0.63285,1005.18,1000,-5.18,50.07,201,2.2793,0.3827,LOCK,0,normal
149,1422094,1501,1519,0.07410,0.02730,-0.62790,0.63285,1005.21,1000,-5.21,50.07,201,2.2888,0.5280,LOCK,0,normal
150,1422102,1509,1527,-0.04680,-0.09360,-0.65520,0.66350,1005.24,1000,-5.24,50.07,201,2.2878,0.5127,LOCK,0,normal
151,1422110,1517,1535,-0.13650,0.08190,-0.80340,0.81902,1005.26,1000,-5.26,50.07,201,2.2975,0.6592,LOCK,0,normal
152,1422119,1526,1544,-0.16380,-0.05460,-0.89700,0.91347,1005.28,1000,-5.28,50.07,201,2.3078,0.8152,LOCK,0,normal
153,1422127,1534,1552,-0.08580,0.26130,-0.92040,0.96061,1005.30,1000,-5.30,50.07,201,2.3093,0.8381,LOCK,0,normal
154,1422136,1543,1561,-0.08580,0.26130,-0.92040,0.96061,1005.32,1000,-5.32,50.07,201,2.3016,0.7215,LOCK,0,normal
155,1422144,1551,1569,-0.03900,0.01560,-0.86580,0.86682,1005.33,1000,-5.33,50.07,201,2.3108,0.8601,LOCK,0,normal
156,1422153,1560,1578,0.05460,-0.05850,-0.65520,0.66007,1005.38,1000,-5.38,50.07,201,2.3052,0.7761,LOCK,0,normal
157,1422161,1568,1586,0.13260,-0.00390,-0.78780,0.79889,1005.42,1000,-5.42,50.07,201,2.3072,0.8067,LOCK,0,normal
158,1422170,1577,1595,-0.03120,0.12870,-0.90480,0.91444,1005.46,1000,-5.46,50.07,201,2.2838,0.4517,LOCK,0,normal
159,1422178,1585,1603,0.03510,0.19890,-0.87750,0.90044,1005.49,1000,-5.49,50.07,201,2.3008,0.7087,LOCK,0,normal
160,1422187,1594,1612,0.03510,0.19890,-0.87750,0.90044,1005.53,1000,-5.53,50.07,201,2.2903,0.5496,LOCK,0,normal
161,1422205,1612,1630,0.04680,0.06630,-0.81120,0.81525,1005.55,1000,-5.55,50.07,201,2.2893,0.5353,LOCK,0,normal
162,1422218,1625,1643,-0.13650,0.07020,-0.80340,0.81793,1005.56,1000,-5.56,50.07,201,2.3129,0.8924,LOCK,0,normal
163,1422232,1639,1657,-0.06240,0.03900,-0.84240,0.84561,1005.56,1000,-5.56,50.07,201,2.3103,0.8528,LOCK,0,normal
164,1422240,1647,1665,0.03900,-0.18720,-0.81900,0.84103,1005.57,1000,-5.57,50.07,201,2.2930,0.5902,LOCK,0,normal
165,1422248,1655,1673,0.03900,-0.18720,-0.81900,0.84103,1005.57,1000,-5.57,50.07,201,2.2867,0.4956,LOCK,0,normal
166,1422257,1664,1682,0.14040,0.00390,-0.69810,0.71209,1005.58,1000,-5.58,50.07,201,2.2968,0.6479,LOCK,0,normal
167,1422266,1673,1691,0.05850,0.00780,-0.84630,0.84836,1005.58,1000,-5.58,50.07,201,2.3043,0.7618,LOCK,0,normal
168,1422274,1681,1699,-0.03900,0.24570,-0.70200,0.74478,1005.60,1000,-5.60,50.07,201,2.3123,0.8839,LOCK,0,normal
169,1422283,1690,1708,0.08580,-0.01170,-0.68640,0.69184,1005.62,1000,-5.62,50.07,201,2.3136,0.9034,LOCK,0,normal
170,1422291,1698,1716,0.07020,-0.15990,-0.71370,0.73475,1005.64,1000,-5.64,50.07,201,2.3152,0.9272,LOCK,0,normal
171,1422300,1707,1725,0.07020,-0.15990,-0.71370,0.73475,1005.66,1000,-5.66,50.07,201,2.3089,0.8320,LOCK,0,normal
172,1422308,1715,1733,0.05070,-0.09750,-0.75270,0.76068,1005.68,1000,-5.68,50.07,201,2.3068,0.7999,LOCK,0,normal
173,1422317,1724,1742,0.07020,-0.09360,-0.78780,0.79644,1005.69,1000,-5.69,50.07,201,2.3081,0.8198,LOCK,0,normal
174,1422326,1733,1751,0.13260,0.15210,-0.72150,0.74919,1005.74,1000,-5.74,50.07,201,2.3113,0.8683,LOCK,0,normal
175,1422336,1743,1761,-0.17940,0.21450,-0.72930,0.78107,1005.87,1000,-5.87,50.07,201,2.2885,0.5228,LOCK,0,normal
176,1422346,1753,1771,-0.15990,0.06630,-0.71760,0.73818,1005.90,1000,-5.90,50.07,201,2.3010,0.7120,LOCK,0,normal
177,1422356,1763,1781,-0.00390,-0.12870,-0.79170,0.80210,1005.91,1000,-5.91,50.07,201,2.2948,0.6180,LOCK,0,normal
178,1422366,1773,1791,0.10920,-0.08580,-0.87750,0.88842,1005.92,1000,-5.92,50.07,201,2.2933,0.5948,LOCK,0,normal
179,1422376,1783,1801,0.12870,-0.10920,-0.83460,0.85150,1005.92,1000,-5.92,50.07,201,2.3163,0.9443,LOCK,0,normal
180,1422386,1793,1811,0.07020,0.00390,-0.73710,0.74045,1005.92,1000,-5.92,50.07,201,2.3065,0.7960,LOCK,0,normal
181,1422396,1803,1821,-0.08190,-0.21450,-0.70200,0.73859,1006.15,1000,-6.15,50.07,201,2.2984,0.6727,LOCK,0,normal
182,1422406,1813,1831,-0.08970,0.18330,-0.85410,0.87814,1006.21,1000,-6.21,50.07,201,2.3033,0.7474,LOCK,0,normal
183,1422416,1823,1841,-0.12480,-0.06240,-0.92430,0.93477,1006.23,1000,-6.23,50.07,201,2.2831,0.4416,LOCK,0,normal
184,1422426,1833,1851,0.01170,0.01170,-0.92820,0.92835,1006.23,1000,-6.23,50.07,201,2.3058,0.7853,LOCK,0,normal
185,1422439,1846,1864,-0.01170,-0.07020,-0.84630,0.84929,1006.23,1000,-6.23,50.07,201,2.3113,0.8689,LOCK,0,normal
186,1422447,1854,1872,0.11310,-0.15210,-0.64350,0.67083,1006.23,1000,-6.23,50.07,201,2.3078,0.8155,LOCK,0,normal
187,1422456,1863,1881,0.01560,-0.02730,-0.73320,0.73387,1006.20,1000,-6.20,50.07,201,2.3130,0.8940,LOCK,0,normal
188,1422466,1873,1891,-0.05460,0.10140,-0.87750,0.88503,1006.03,1000,-6.03,50.07,201,2.3142,0.9126,LOCK,0,normal
189,1422476,1883,1901,0.09750,-0.16770,-0.90090,0.92155,1005.96,1000,-5.96,50.07,201,2.3171,0.9562,LOCK,0,normal
190,1422486,1893,1911,0.08580,0.30420,-0.79170,0.85246,1005.93,1000,-5.93,50.07,201,2.3089,0.8323,LOCK,0,normal
191,1422496,1903,1921,0.05070,0.01560,-0.82680,0.82850,1005.93,1000,-5.93,50.07,201,2.3114,0.8702,LOCK,0,normal
192,1422506,1913,1931,-0.04680,0.09750,-0.65130,0.66022,1005.93,1000,-5.93,50.07,201,2.3053,0.7768,LOCK,0,normal
193,1422516,1923,1941,-0.04680,0.09750,-0.65130,0.66022,1006.05,1000,-6.05,50.07,201,2.2883,0.5200,LOCK,0,normal
194,1422526,1933,1951,0.00000,0.11700,-0.88530,0.89300,1006.09,1000,-6.09,50.07,201,2.2860,0.4852,LOCK,0,normal
195,1422536,1943,1961,-0.06630,0.00780,-0.80730,0.81006,1006.10,1000,-6.10,50.07,201,2.2981,0.6687,LOCK,0,normal
196,1422576,1983,2001,-0.01950,0.14430,-0.81510,0.82800,1006.06,1000,-6.06,50.07,201,2.2941,0.6073,LOCK,0,normal
197,1422584,1991,2009,0.00780,0.07020,-0.77610,0.77931,1006.03,1000,-6.03,50.07,201,2.3102,0.8518,LOCK,0,normal
198,1422593,2000,2018,0.03510,0.08190,-0.76050,0.76570,1006.00,1000,-6.00,50.07,201,2.3141,0.9111,LOCK,0,normal
199,1422601,2008,2026,0.05070,-0.05070,-0.75270,0.75611,1005.98,1000,-5.98,50.07,201,2.3037,0.7529,LOCK,0,normal
200,1422610,2017,2035,0.12480,0.02730,-0.76830,0.77885,1005.96,1000,-5.96,50.07,201,2.3060,0.7880,LOCK,0,normal
201,1422618,2025,2043,0.16380,0.20670,-0.83070,0.87156,1005.94,1000,-5.94,50.07,201,2.3166,0.9492,LOCK,0,normal
202,1422627,2034,2052,0.16380,0.20670,-0.83070,0.87156,1005.99,1000,-5.99,50.07,201,2.3123,0.8836,LOCK,0,normal
203,1422640,2047,2065,-0.22230,0.03900,-0.64350,0.68193,1006.05,1000,-6.05,50.07,201,2.3131,0.8958,LOCK,0,normal
204,1422649,2056,2074,-0.22230,0.03900,-0.64350,0.68193,1006.09,1000,-6.09,50.07,201,2.2834,0.4449,LOCK,0,normal
205,1422657,2064,2082,-0.11700,-0.23400,-0.80340,0.84492,1006.13,1000,-6.13,50.07,201,2.2845,0.4617,LOCK,0,normal
206,1422665,2072,2090,0.12090,-0.19890,-0.86970,0.90031,1006.17,1000,-6.17,50.07,201,2.2865,0.4932,LOCK,0,normal
207,1422674,2081,2099,0.08970,-0.17160,-0.82290,0.84537,1006.21,1000,-6.21,50.07,201,2.3087,0.8280,LOCK,0,normal
208,1422682,2089,2107,0.05460,0.13650,-0.71370,0.72868,1006.24,1000,-6.24,50.07,201,2.3179,0.9678,LOCK,0,normal
209,1422691,2098,2116,0.03120,0.12090,-0.72930,0.73991,1006.26,1000,-6.26,50.07,201,2.2837,0.4495,LOCK,0,normal
210,1422699,2106,2124,0.03120,0.12090,-0.72930,0.73991,1006.27,1000,-6.27,50.07,201,2.2966,0.6461,LOCK,0,normal
211,1422708,2115,2133,0.01560,0.13650,-0.79170,0.80353,1006.29,1000,-6.29,50.07,201,2.2834,0.4456,LOCK,0,normal
212,1422716,2123,2141,0.02340,-0.28080,-0.88140,0.92534,1006.31,1000,-6.31,50.07,201,2.3123,0.8833,LOCK,0,normal
213,1422730,2137,2155,-0.00390,0.11310,-0.85800,0.86543,1006.32,1000,-6.32,50.07,201,2.3092,0.8366,LOCK,0,normal
214,1422739,2146,2164,0.05850,-0.15990,-0.87750,0.89387,1006.33,1000,-6.33,50.07,201,2.3078,0.8149,LOCK,0,normal
215,1422747,2154,2172,0.17550,0.05460,-0.60450,0.63182,1006.38,1000,-6.38,50.07,201,2.3179,0.9688,LOCK,0,normal
216,1422756,2163,2181,0.05850,-0.14430,-0.77610,0.79157,1006.41,1000,-6.41,50.07,201,2.3110,0.8641,LOCK,0,normal
217,1422764,2171,2189,-0.08580,0.14820,-0.85020,0.86727,1006.45,1000,-6.45,50.07,201,2.3160,0.9391,LOCK,0,normal
218,1422773,2180,2198,0.11310,0.25350,-0.85800,0.90179,1006.48,1000,-6.48,50.07,201,2.3107,0.8598,LOCK,0,normal
219,1422781,2188,2206,0.11310,0.25350,-0.85800,0.90179,1006.51,1000,-6.51,50.07,201,2.2817,0.4196,LOCK,0,normal
220,1422790,2197,2215,-0.07410,0.03120,-0.84240,0.84623,1006.54,1000,-6.54,50.07,201,2.2913,0.5658,LOCK,0,normal
221,1422798,2205,2223,0.05070,0.18720,-0.81120,0.83406,1006.56,1000,-6.56,50.07,201,2.2957,0.6318,LOCK,0,normal
222,1422807,2214,2232,0.13260,0.01950,-0.74100,0.75302,1006.56,1000,-6.56,50.07,201,2.3081,0.8204,LOCK,0,normal
223,1422833,2240,2258,0.05070,0.15600,-0.77220,0.78943,1006.56,1000,-6.56,50.07,201,2.3126,0.8885,LOCK,0,normal
224,1422846,2253,2271,0.08970,0.07020,-0.76440,0.77284,1006.56,1000,-6.56,50.07,201,2.3164,0.9449,LOCK,0,normal
225,1422854,2261,2279,0.06630,-0.04290,-0.83850,0.84221,1006.56,1000,-6.56,50.07,201,2.2912,0.5640,LOCK,0,normal
226,1422863,2270,2288,0.06630,-0.04290,-0.83850,0.84221,1006.56,1000,-6.56,50.07,201,2.2845,0.4623,LOCK,0,normal
227,1422871,2278,2296,-0.08970,0.08970,-0.63570,0.64823,1006.55,1000,-6.55,50.07,201,2.2866,0.4935,LOCK,0,normal
228,1422880,2287,2305,-0.03900,-0.01950,-0.76050,0.76175,1006.55,1000,-6.55,50.07,201,2.3092,0.8357,LOCK,0,normal
229,1422888,2295,2313,-0.02340,-0.13650,-0.79950,0.81141,1006.54,1000,-6.54,50.07,201,2.3121,0.8808,LOCK,0,normal
230,1422897,2304,2322,0.13260,0.05070,-0.73710,0.75065,1006.54,1000,-6.54,50.07,201,2.3084,0.8247,LOCK,0,normal
231,1422905,2312,2330,0.13260,0.05070,-0.73710,0.75065,1006.54,1000,-6.54,50.07,201,2.3159,0.9373,LOCK,0,normal
232,1422914,2321,2339,0.15210,-0.05460,-0.75270,0.76985,1006.53,1000,-6.53,50.07,201,2.3065,0.7948,LOCK,0,normal
233,1422922,2329,2347,0.10920,-0.01950,-0.75660,0.76469,1006.53,1000,-6.53,50.07,201,2.3125,0.8857,LOCK,0,normal
234,1422931,2338,2356,0.07410,0.11310,-0.74880,0.76091,1006.52,1000,-6.52,50.07,201,2.3031,0.7441,LOCK,0,normal
235,1422939,2346,2364,-0.04680,0.06240,-0.83070,0.83435,1006.51,1000,-6.51,50.07,201,2.3136,0.9034,LOCK,0,normal
236,1422948,2355,2373,-0.00780,-0.12090,-0.81120,0.82020,1006.50,1000,-6.50,50.07,201,2.2777,0.3592,LOCK,0,normal
237,1422956,2363,2381,-0.00780,-0.12090,-0.81120,0.82020,1006.49,1000,-6.49,50.07,201,2.2991,0.6827,LOCK,0,normal
238,1422966,2373,2391,0.18330,-0.12870,-0.80730,0.83779,1006.46,1000,-6.46,50.07,201,2.2872,0.5023,LOCK,0,normal
239,1422976,2383,2401,0.10530,-0.09750,-0.76440,0.77775,1006.43,1000,-6.43,50.07,201,2.3072,0.8061,LOCK,0,normal
240,1422986,2393,2411,0.12480,0.30810,-0.75660,0.82640,1006.43,1000,-6.43,50.07,201,2.3183,0.9739,LOCK,0,normal
241,1422996,2403,2421,0.00390,0.18330,-0.88920,0.90790,1006.45,1000,-6.45,50.07,201,2.3136,0.9037,LOCK,0,normal
242,1423006,2413,2431,-0.05850,0.17940,-0.85020,0.87089,1006.46,1000,-6.46,50.07,201,2.2864,0.4910,LOCK,0,normal
243,1423016,2423,2441,-0.05460,-0.09750,-0.89310,0.90006,1006.46,1000,-6.46,50.07,201,2.2740,0.3036,LOCK,0,normal
244,1423026,2433,2451,0.08190,-0.06240,-0.94380,0.94940,1006.46,1000,-6.46,50.07,201,2.2981,0.6681,LOCK,0,normal
245,1423036,2443,2461,0.08580,-0.01950,-0.81510,0.81984,1006.46,1000,-6.46,50.07,201,2.3097,0.8436,LOCK,0,normal
246,1423049,2456,2474,0.03900,0.09360,-0.74100,0.74791,1006.47,1000,-6.47,50.07,201,2.3097,0.8442,LOCK,0,normal
247,1423058,2465,2483,-0.09360,0.06630,-0.74100,0.74983,1006.49,1000,-6.49,50.07,201,2.3011,0.7133,LOCK,0,normal
248,1423066,2473,2491,-0.08190,0.01950,-0.79560,0.80004,1006.50,1000,-6.50,50.07,201,2.3051,0.7737,LOCK,0,normal
249,1423076,2483,2501,-0.14820,-0.12480,-0.80730,0.83022,1006.55,1000,-6.55,50.07,201,2.3003,0.7020,LOCK,0,normal
250,1423086,2493,2511,0.18330,0.13260,-0.83460,0.86472,1006.58,1000,-6.58,50.07,201,2.3095,0.8402,LOCK,0,normal
251,1423096,2503,2521,0.03120,-0.03120,-0.83070,0.83187,1006.59,1000,-6.59,50.07,201,2.3107,0.8595,LOCK,0,normal
252,1423106,2513,2531,0.17940,0.00000,-0.55380,0.58213,1006.66,1000,-6.66,50.07,201,2.3070,0.8033,LOCK,0,normal
253,1423116,2523,2541,-0.02730,0.03510,-0.72540,0.72676,1006.68,1000,-6.68,50.07,201,2.3226,1.0396,LOCK,0,normal
254,1423126,2533,2551,-0.01950,0.09360,-0.80730,0.81294,1006.69,1000,-6.69,50.07,201,2.3137,0.9047,LOCK,0,normal
255,1423136,2543,2561,-0.01560,0.20280,-0.79560,0.82119,1006.69,1000,-6.69,50.07,201,2.3132,0.8970,LOCK,0,normal
256,1423146,2553,2571,0.08970,0.16380,-0.83850,0.85905,1006.69,1000,-6.69,50.07,201,2.3102,0.8512,LOCK,0,normal
257,1423156,2563,2581,0.10140,-0.07410,-0.72930,0.74003,1006.69,1000,-6.69,50.07,201,2.2840,0.4547,LOCK,0,normal
258,1423166,2573,2591,-0.03120,0.10530,-0.73710,0.74524,1006.88,1000,-6.88,50.07,201,2.2760,0.3332,LOCK,0,normal
259,1423176,2583,2601,-0.11700,0.15210,-0.82680,0.84878,1006.93,1000,-6.93,50.07,201,2.2816,0.4187,LOCK,0,normal
260,1423186,2593,2611,-0.17160,0.08190,-0.85410,0.87501,1006.95,1000,-6.95,50.07,201,2.2939,0.6052,LOCK,0,normal
261,1423196,2603,2621,-0.01950,-0.05850,-0.81900,0.82132,1006.95,1000,-6.95,50.07,201,2.3123,0.8827,LOCK,0,normal
262,1423206,2613,2631,0.11310,0.06240,-0.73320,0.74449,1006.95,1000,-6.95,50.07,201,2.3087,0.8283,LOCK,0,normal
263,1423216,2623,2641,0.05850,-0.00780,-0.86190,0.86392,1006.95,1000,-6.95,50.07,201,2.3165,0.9468,LOCK,0,normal
264,1423226,2633,2651,0.12870,0.05850,-0.79560,0.80806,1006.77,1000,-6.77,50.07,201,2.3106,0.8570,LOCK,0,normal
265,1423236,2643,2661,-0.11310,0.09750,-0.74880,0.76354,1006.71,1000,-6.71,50.07,201,2.3029,0.7413,LOCK,0,normal
266,1423249,2656,2674,-0.07410,-0.17550,-0.79560,0.81809,1006.71,1000,-6.71,50.07,201,2.3185,0.9773,LOCK,0,normal
267,1423258,2665,2683,0.06630,-0.19500,-0.79170,0.81805,1006.71,1000,-6.71,50.07,201,2.2936,0.5997,LOCK,0,normal
268,1423266,2673,2691,0.09750,-0.06630,-0.80340,0.81201,1006.71,1000,-6.71,50.07,201,2.2988,0.6782,LOCK,0,normal
269,1423276,2683,2701,0.10530,0.13260,-0.79950,0.81723,1006.69,1000,-6.69,50.07,201,2.2907,0.5561,LOCK,0,normal
270,1423286,2693,2711,-0.03900,0.12090,-0.76440,0.77488,1006.59,1000,-6.59,50.07,201,2.2952,0.6247,LOCK,0,normal
271,1423296,2703,2721,-0.12090,0.00000,-0.75660,0.76620,1006.56,1000,-6.56,50.07,201,2.3096,0.8421,LOCK,0,normal
272,1423306,2713,2731,-0.12090,0.00000,-0.75660,0.76620,1006.55,1000,-6.55,50.07,201,2.3055,0.7798,LOCK,0,normal
273,1423316,2723,2741,-0.01170,-0.09750,-0.79560,0.80164,1006.54,1000,-6.54,50.07,201,2.3075,0.8100,LOCK,0,normal
274,1423326,2733,2751,0.00780,-0.04290,-0.84240,0.84353,1006.54,1000,-6.54,50.07,201,2.3048,0.7691,LOCK,0,normal
275,1423336,2743,2761,0.10530,-0.11310,-0.86970,0.88332,1006.54,1000,-6.54,50.07,201,2.2882,0.5179,LOCK,0,normal
276,1423346,2753,2771,0.12870,0.31980,-0.69030,0.77159,1006.67,1000,-6.67,50.07,201,2.2884,0.5213,LOCK,0,normal
277,1423356,2763,2781,0.08580,-0.12090,-0.71760,0.73275,1006.70,1000,-6.70,50.07,201,2.2949,0.6195,LOCK,0,normal
278,1423395,2802,2820,0.00000,0.07020,-0.77610,0.77927,1006.70,1000,-6.70,50.07,201,2.3075,0.8106,LOCK,0,normal
279,1423403,2810,2828,0.18720,-0.00780,-0.69030,0.71528,1006.70,1000,-6.70,50.07,201,2.3099,0.8473,LOCK,0,normal
280,1423412,2819,2837,-0.05070,-0.09750,-0.69030,0.69899,1006.69,1000,-6.69,50.07,201,2.3077,0.8143,LOCK,0,normal
281,1423420,2827,2845,-0.00780,0.09750,-0.80730,0.81320,1006.69,1000,-6.69,50.07,201,2.3003,0.7020,LOCK,0,normal
282,1423429,2836,2854,-0.00780,0.09750,-0.80730,0.81320,1006.69,1000,-6.69,50.07,201,2.3150,0.9236,LOCK,0,normal
283,1423437,2844,2862,0.05850,0.09360,-0.84240,0.84960,1006.69,1000,-6.69,50.07,201,2.3060,0.7874,LOCK,0,normal
284,1423451,2858,2876,0.01560,-0.02340,-0.83460,0.83507,1006.69,1000,-6.69,50.07,201,2.3075,0.8109,LOCK,0,normal
285,1423459,2866,2884,0.01560,-0.02340,-0.83460,0.83507,1006.69,1000,-6.69,50.07,201,2.3144,0.9156,LOCK,0,normal
286,1423468,2875,2893,0.12090,-0.04680,-0.64350,0.65643,1006.71,1000,-6.71,50.07,201,2.2846,0.4642,LOCK,0,normal
287,1423476,2883,2901,-0.15210,0.08580,-0.85800,0.87559,1006.72,1000,-6.72,50.07,201,2.2991,0.6833,LOCK,0,normal
288,1423484,2891,2909,-0.07800,-0.01560,-0.84630,0.85003,1006.74,1000,-6.74,50.07,201,2.2895,0.5377,LOCK,0,normal
289,1423493,2900,2918,0.05070,-0.05460,-0.72150,0.72534,1006.75,1000,-6.75,50.07,201,2.3055,0.7810,LOCK,0,normal
290,1423501,2908,2926,-0.01950,0.03120,-0.77220,0.77308,1006.76,1000,-6.76,50.07,201,2.3061,0.7887,LOCK,0,normal
291,1423510,2917,2935,-0.01950,0.03120,-0.77220,0.77308,1006.78,1000,-6.78,50.07,201,2.3037,0.7529,LOCK,0,normal
292,1423518,2925,2943,0.04290,0.01950,-0.83460,0.83593,1006.78,1000,-6.78,50.07,201,2.3228,1.0426,LOCK,0,normal
293,1423527,2934,2952,0.10920,0.02730,-0.70980,0.71867,1006.80,1000,-6.80,50.07,201,2.3052,0.7755,LOCK,0,normal
294,1423535,2942,2960,0.03120,0.03120,-0.78780,0.78903,1006.82,1000,-6.82,50.07,201,2.3148,0.9211,LOCK,0,normal
295,1423544,2951,2969,-0.03900,-0.01950,-0.86970,0.87079,1006.83,1000,-6.83,50.07,201,2.3045,0.7652,LOCK,0,normal
296,1423552,2959,2977,0.05070,-0.12090,-0.81900,0.82943,1006.85,1000,-6.85,50.07,201,2.3065,0.7948,LOCK,0,normal
297,1423561,2968,2986,0.05070,-0.12090,-0.81900,0.82943,1006.86,1000,-6.86,50.07,201,2.3027,0.7374,LOCK,0,normal
298,1423569,2976,2994,0.14040,-0.08970,-0.73320,0.75189,1006.87,1000,-6.87,50.07,201,2.2804,0.3995,LOCK,0,normal
299,1423578,2985,3003,0.24570,0.08190,-0.74490,0.78864,1006.88,1000,-6.88,50.07,201,2.2949,0.6195,LOCK,0,normal
300,1423586,2993,3011,-0.00390,0.14820,-0.84630,0.85919,1006.91,1000,-6.91,50.07,201,2.2965,0.6440,LOCK,0,normal
301,1423596,3003,3021,-0.12480,0.09360,-0.77610,0.79162,1007.06,1000,-7.06,50.07,201,2.3018,0.7236,LOCK,0,normal
302,1423606,3013,3031,0.09360,0.01170,-0.82290,0.82829,1007.15,1000,-7.15,50.07,201,2.3143,0.9141,LOCK,0,normal
303,1423616,3023,3041,0.08580,-0.25350,-0.91650,0.95478,1007.18,1000,-7.18,50.07,201,2.3014,0.7181,LOCK,0,normal
304,1423626,3033,3051,0.21060,-0.02730,-0.78000,0.80839,1007.18,1000,-7.18,50.07,201,2.3134,0.9004,LOCK,0,normal
305,1423636,3043,3061,0.02730,0.14430,-0.78780,0.80137,1007.19,1000,-7.19,50.07,201,2.2899,0.5435,LOCK,0,normal
306,1423651,3058,3076,0.00390,0.14430,-0.76440,0.77791,1006.92,1000,-6.92,50.07,201,2.2865,0.4932,LOCK,0,normal
307,1423659,3066,3084,-0.02730,-0.06630,-0.81120,0.81436,1006.91,1000,-6.91,50.07,201,2.2964,0.6431,LOCK,0,normal
308,1423667,3074,3092,-0.19110,-0.18330,-0.76830,0.81265,1006.90,1000,-6.90,50.07,201,2.2839,0.4529,LOCK,0,normal
309,1423701,3108,3126,0.02730,0.15600,-0.60840,0.62867,1006.89,1000,-6.89,50.07,201,2.3178,0.9666,LOCK,0,normal
310,1423710,3117,3135,0.02340,-0.07020,-0.72150,0.72528,1006.88,1000,-6.88,50.07,201,2.3094,0.8396,LOCK,0,normal
311,1423718,3125,3143,-0.02340,0.07020,-0.79560,0.79903,1006.87,1000,-6.87,50.07,201,2.3150,0.9236,LOCK,0,normal
312,1423727,3134,3152,-0.00390,0.07800,-0.84630,0.84990,1006.86,1000,-6.86,50.07,201,2.3123,0.8836,LOCK,0,normal
313,1423735,3142,3160,-0.00390,0.07800,-0.84630,0.84990,1006.86,1000,-6.86,50.07,201,2.3154,0.9303,LOCK,0,normal
314,1423744,3151,3169,0.04680,0.22230,-0.79950,0.83115,1006.85,1000,-6.85,50.07,201,2.3145,0.9159,LOCK,0,normal
315,1423752,3159,3177,0.10920,-0.00780,-0.78390,0.79151,1006.84,1000,-6.84,50.07,201,2.3112,0.8665,LOCK,0,normal
316,1423761,3168,3186,-0.00780,0.09360,-0.68640,0.69280,1006.84,1000,-6.84,50.07,201,2.3093,0.8375,LOCK,0,normal
317,1423769,3176,3194,-0.13650,0.07410,-0.77220,0.78766,1006.84,1000,-6.84,50.07,201,2.2815,0.4162,LOCK,0,normal
318,1423778,3185,3203,-0.13650,0.07410,-0.77220,0.78766,1006.84,1000,-6.84,50.07,201,2.2959,0.6348,LOCK,0,normal
319,1423786,3193,3211,-0.07020,0.19890,-0.91650,0.94046,1006.84,1000,-6.84,50.07,201,2.2823,0.4294,LOCK,0,normal
320,1423795,3202,3220,0.02340,0.03120,-0.81510,0.81603,1006.84,1000,-6.84,50.07,201,2.3123,0.8839,LOCK,0,normal
321,1423805,3212,3230,0.00000,0.00390,-0.74880,0.74881,1006.83,1000,-6.83,50.07,201,2.3110,0.8631,LOCK,0,normal
322,1423813,3220,3238,-0.01560,0.02730,-0.78780,0.78843,1006.83,1000,-6.83,50.07,201,2.3095,0.8406,LOCK,0,normal
323,1423822,3229,3247,0.04680,0.01170,-0.81900,0.82042,1006.85,1000,-6.85,50.07,201,2.3092,0.8357,LOCK,0,normal
324,1423831,3238,3256,0.02340,0.05850,-0.79170,0.79420,1006.87,1000,-6.87,50.07,201,2.3015,0.7200,LOCK,0,normal
325,1423839,3246,3264,0.02340,0.05850,-0.79170,0.79420,1006.88,1000,-6.88,50.07,201,2.3095,0.8412,LOCK,0,normal
326,1423852,3259,3277,0.00780,-0.26910,-0.84240,0.88437,1006.89,1000,-6.89,50.07,201,2.3155,0.9324,LOCK,0,normal
327,1423861,3268,3286,0.10920,-0.05070,-0.74100,0.75072,1006.91,1000,-6.91,50.07,201,2.3137,0.9043,LOCK,0,normal
328,1423869,3276,3294,0.10920,-0.05070,-0.74100,0.75072,1006.92,1000,-6.92,50.07,201,2.3084,0.8238,LOCK,0,normal
329,1423878,3285,3303,0.09750,-0.01560,-0.72540,0.73209,1006.94,1000,-6.94,50.07,201,2.2908,0.5576,LOCK,0,normal
330,1423886,3293,3311,-0.13260,0.13650,-0.72930,0.75372,1006.96,1000,-6.96,50.07,201,2.2916,0.5695,LOCK,0,normal
331,1423896,3303,3321,-0.10530,0.00000,-0.74490,0.75231,1007.05,1000,-7.05,50.07,201,2.2934,0.5973,LOCK,0,normal
332,1423907,3314,3332,-0.06630,-0.18720,-0.74100,0.76715,1007.06,1000,-7.06,50.07,201,2.3250,1.0753,LOCK,0,normal
333,1423916,3323,3341,0.13260,-0.17550,-0.81900,0.84802,1007.07,1000,-7.07,50.07,201,2.3247,1.0716,LOCK,0,normal
334,1423926,3333,3351,0.14430,-0.15600,-0.81900,0.84612,1007.10,1000,-7.10,50.07,201,2.3054,0.7789,LOCK,0,normal
335,1423936,3343,3361,0.01560,0.27690,-0.67080,0.72587,1007.12,1000,-7.12,50.07,201,2.2822,0.4275,LOCK,0,normal
336,1423946,3353,3371,-0.20280,0.10530,-0.77220,0.80530,1007.02,1000,-7.02,50.07,201,2.3092,0.8366,LOCK,0,normal
337,1423956,3363,3381,-0.16380,0.02730,-0.82290,0.83949,1006.99,1000,-6.99,50.07,201,2.3066,0.7963,LOCK,0,normal
338,1423966,3373,3391,-0.13650,-0.06240,-0.81900,0.83264,1006.99,1000,-6.99,50.07,201,2.3065,0.7957,LOCK,0,normal
339,1424004,3411,3429,-0.02340,-0.05460,-0.70590,0.70840,1007.06,1000,-7.06,50.07,201,2.3049,0.7716,LOCK,0,normal
340,1424012,3419,3437,-0.02340,-0.05460,-0.70590,0.70840,1007.13,1000,-7.13,50.07,201,2.3087,0.8283,LOCK,0,normal
341,1424021,3428,3446,-0.06240,0.15600,-0.80340,0.82078,1007.19,1000,-7.19,50.07,201,2.3065,0.7960,LOCK,0,normal
342,1424029,3436,3454,0.08580,0.08970,-0.93600,0.94419,1007.25,1000,-7.25,50.07,201,2.3147,0.9199,LOCK,0,normal
343,1424038,3445,3463,0.05850,0.12870,-0.83070,0.84264,1007.30,1000,-7.30,50.07,201,2.3076,0.8119,LOCK,0,normal
344,1424046,3453,3471,0.03510,0.01950,-0.82290,0.82388,1007.34,1000,-7.34,50.07,201,2.3171,0.9556,LOCK,0,normal
345,1424059,3466,3484,0.04290,-0.01170,-0.68640,0.68784,1007.38,1000,-7.38,50.07,201,2.3121,0.8799,LOCK,0,normal
346,1424068,3475,3493,-0.26910,0.12870,-0.88530,0.93420,1007.36,1000,-7.36,50.07,201,2.3115,0.8705,LOCK,0,normal
347,1424076,3483,3501,-0.11700,0.01560,-0.87360,0.88154,1007.34,1000,-7.34,50.07,201,2.2769,0.3467,LOCK,0,normal
348,1424085,3492,3510,-0.11700,0.01560,-0.87360,0.88154,1007.32,1000,-7.32,50.07,201,2.2929,0.5893,LOCK,0,normal
349,1424093,3500,3518,-0.02730,-0.14430,-0.79170,0.80521,1007.30,1000,-7.30,50.07,201,2.2853,0.4749,LOCK,0,normal
350,1424102,3509,3527,0.09360,0.07410,-0.73320,0.74286,1007.29,1000,-7.29,50.07,201,2.3003,0.7014,LOCK,0,normal
351,1424114,3521,3539,0.08970,-0.00780,-0.86190,0.86659,1007.27,1000,-7.27,50.07,201,2.3122,0.8811,LOCK,0,normal
352,1424123,3530,3548,0.05070,0.06240,-0.71370,0.71821,1007.25,1000,-7.25,50.07,201,2.3201,1.0017,LOCK,0,normal
353,1424131,3538,3556,0.18330,-0.10140,-0.77610,0.80387,1007.22,1000,-7.22,50.07,201,2.3043,0.7615,LOCK,0,normal
354,1424140,3547,3565,0.05460,-0.18330,-0.70980,0.73512,1007.20,1000,-7.20,50.07,201,2.3129,0.8924,LOCK,0,normal
355,1424148,3555,3573,0.03120,-0.06240,-0.74880,0.75204,1007.19,1000,-7.19,50.07,201,2.3178,0.9660,LOCK,0,normal
356,1424157,3564,3582,0.03120,-0.06240,-0.74880,0.75204,1007.17,1000,-7.17,50.07,201,2.3079,0.8173,LOCK,0,normal
357,1424165,3572,3590,0.08970,-0.06630,-0.76830,0.77635,1007.15,1000,-7.15,50.07,201,2.3019,0.7258,LOCK,0,normal
358,1424174,3581,3599,0.14820,0.10140,-0.73710,0.75866,1007.14,1000,-7.14,50.07,201,2.3055,0.7801,LOCK,0,normal
359,1424182,3589,3607,-0.15990,0.22230,-0.75270,0.80096,1007.13,1000,-7.13,50.07,201,2.2926,0.5851,LOCK,0,normal
360,1424191,3598,3616,-0.15990,0.04680,-0.72150,0.74049,1007.12,1000,-7.12,50.07,201,2.2893,0.5347,LOCK,0,normal
361,1424199,3606,3624,-0.01560,-0.11700,-0.81120,0.81974,1007.11,1000,-7.11,50.07,201,2.2922,0.5786,LOCK,0,normal
362,1424208,3615,3633,-0.01560,-0.11700,-0.81120,0.81974,1007.10,1000,-7.10,50.07,201,2.3052,0.7761,LOCK,0,normal
363,1424216,3623,3641,0.00780,-0.15600,-0.88140,0.89513,1007.09,1000,-7.09,50.07,201,2.3055,0.7801,LOCK,0,normal
364,1424226,3633,3651,0.14430,-0.16770,-0.78780,0.81828,1007.05,1000,-7.05,50.07,201,2.3127,0.8897,LOCK,0,normal
365,1424236,3643,3661,0.09750,0.03900,-0.70980,0.71753,1007.11,1000,-7.11,50.07,201,2.3081,0.8201,LOCK,0,normal
366,1424246,3653,3671,-0.03900,-0.09360,-0.74490,0.75177,1007.19,1000,-7.19,50.07,201,2.2886,0.5237,LOCK,0,normal
367,1424259,3666,3684,-0.03510,0.11700,-0.83460,0.84349,1007.19,1000,-7.19,50.07,201,2.3127,0.8891,LOCK,0,normal
368,1424268,3675,3693,-0.07020,-0.04290,-0.92820,0.93184,1007.19,1000,-7.19,50.07,201,2.3126,0.8873,LOCK,0,normal
369,1424276,3683,3701,0.05850,0.00780,-0.90480,0.90672,1007.20,1000,-7.20,50.07,201,2.3125,0.8866,LOCK,0,normal
370,1424311,3718,3736,-0.07020,-0.05850,-0.80340,0.80858,1007.21,1000,-7.21,50.07,201,2.3065,0.7957,LOCK,0,normal
371,1424319,3726,3744,-0.05460,0.12090,-0.85800,0.86819,1007.22,1000,-7.22,50.07,201,2.3016,0.7215,LOCK,0,normal
372,1424328,3735,3753,0.07800,-0.10530,-0.86190,0.87180,1007.23,1000,-7.23,50.07,201,2.3108,0.8613,LOCK,0,normal
373,1424336,3743,3761,0.07800,0.30810,-0.79950,0.86035,1007.24,1000,-7.24,50.07,201,2.3056,0.7826,LOCK,0,normal
374,1424345,3752,3770,0.07800,0.04680,-0.86970,0.87444,1007.25,1000,-7.25,50.07,201,2.3073,0.8079,LOCK,0,normal
375,1424353,3760,3778,0.00780,0.16380,-0.68250,0.70192,1007.25,1000,-7.25,50.07,201,2.3093,0.8375,LOCK,0,normal
376,1424362,3769,3787,0.00780,0.16380,-0.68250,0.70192,1007.29,1000,-7.29,50.07,201,2.2960,0.6363,LOCK,0,normal
377,1424370,3777,3795,-0.02340,0.05850,-0.83850,0.84086,1007.31,1000,-7.31,50.07,201,2.3145,0.9172,LOCK,0,normal
378,1424379,3786,3804,-0.08190,0.12090,-0.77220,0.78589,1007.34,1000,-7.34,50.07,201,2.3080,0.8189,LOCK,0,normal
379,1424387,3794,3812,-0.06240,0.15990,-0.76050,0.77963,1007.36,1000,-7.36,50.07,201,2.2854,0.4758,LOCK,0,normal
380,1424396,3803,3821,0.01170,0.03900,-0.76440,0.76548,1007.38,1000,-7.38,50.07,201,2.2996,0.6913,LOCK,0,normal
381,1424404,3811,3829,0.19890,0.10530,-0.74880,0.78189,1007.40,1000,-7.40,50.07,201,2.2919,0.5738,LOCK,0,normal
382,1424413,3820,3838,0.19890,0.10530,-0.74880,0.78189,1007.42,1000,-7.42,50.07,201,2.3007,0.7072,LOCK,0,normal
383,1424421,3828,3846,-0.02730,0.19500,-0.78000,0.80447,1007.42,1000,-7.42,50.07,201,2.3105,0.8558,LOCK,0,normal
384,1424430,3837,3855,-0.00780,-0.02730,-0.71760,0.71816,1007.42,1000,-7.42,50.07,201,2.3102,0.8522,LOCK,0,normal
385,1424438,3845,3863,0.06630,0.07020,-0.76050,0.76661,1007.42,1000,-7.42,50.07,201,2.3082,0.8219,LOCK,0,normal
386,1424447,3854,3872,0.09750,-0.09360,-0.80340,0.81469,1007.42,1000,-7.42,50.07,201,2.3098,0.8451,LOCK,0,normal
387,1424460,3867,3885,0.08580,-0.06630,-0.70590,0.71418,1007.42,1000,-7.42,50.07,201,2.3056,0.7822,LOCK,0,normal
388,1424468,3875,3893,0.12090,0.12090,-0.83070,0.84811,1007.42,1000,-7.42,50.07,201,2.3128,0.8906,LOCK,0,normal
389,1424477,3884,3902,-0.02730,0.36660,-0.78780,0.86935,1007.41,1000,-7.41,50.07,201,2.3103,0.8528,LOCK,0,normal
390,1424486,3893,3911,-0.02730,0.36660,-0.78780,0.86935,1007.38,1000,-7.38,50.07,201,2.2984,0.6724,LOCK,0,normal
391,1424496,3903,3921,-0.21840,0.06240,-0.69420,0.73041,1007.31,1000,-7.31,50.07,201,2.2943,0.6104,LOCK,0,normal
392,1424506,3913,3931,-0.16380,-0.24570,-0.83850,0.88898,1007.29,1000,-7.29,50.07,201,2.2904,0.5518,LOCK,0,normal
393,1424516,3923,3941,0.09750,-0.10530,-0.89310,0.90456,1007.29,1000,-7.29,50.07,201,2.3003,0.7023,LOCK,0,normal
394,1424526,3933,3951,0.06240,-0.17940,-0.81120,0.83314,1007.29,1000,-7.29,50.07,201,2.3075,0.8103,LOCK,0,normal
395,1424536,3943,3961,0.05850,-0.00390,-0.68250,0.68501,1007.15,1000,-7.15,50.07,201,2.3053,0.7771,LOCK,0,normal
396,1424546,3953,3971,-0.00390,0.04290,-0.74490,0.74614,1007.10,1000,-7.10,50.07,201,2.3060,0.7871,LOCK,0,normal
397,1424556,3963,3981,0.05070,0.14430,-0.83850,0.85234,1007.09,1000,-7.09,50.07,201,2.3025,0.7352,LOCK,0,normal
398,1424566,3973,3991,-0.02340,-0.18330,-0.86190,0.88149,1007.08,1000,-7.08,50.07,201,2.3081,0.8195,LOCK,0,normal
399,1424576,3983,4001,0.01170,0.17940,-0.87360,0.89191,1007.08,1000,-7.08,50.07,201,2.3120,0.8784,LOCK,0,normal
400,1424586,3993,4011,-0.00780,-0.08970,-0.85800,0.86271,1007.08,1000,-7.08,50.07,201,2.3129,0.8930,LOCK,0,normal
401,1424618,4025,4043,-0.07410,0.18720,-0.81120,0.83581,1007.07,1000,-7.07,50.07,201,2.2998,0.6940,LOCK,0,normal
402,1424627,4034,4052,0.11310,0.15210,-0.86190,0.88250,1007.07,1000,-7.07,50.07,201,2.3065,0.7954,LOCK,0,normal
403,1424635,4042,4060,0.00780,0.03900,-0.82290,0.82386,1007.06,1000,-7.06,50.07,201,2.3128,0.8915,LOCK,0,normal
404,1424644,4051,4069,0.09750,0.14430,-0.78000,0.79921,1007.06,1000,-7.06,50.07,201,2.3097,0.8433,LOCK,0,normal
405,1424652,4059,4077,0.17550,0.14820,-0.78390,0.81686,1007.10,1000,-7.10,50.07,201,2.3058,0.7850,LOCK,0,normal
406,1424666,4073,4091,0.00000,0.05460,-0.77220,0.77413,1007.13,1000,-7.13,50.07,201,2.3055,0.7798,LOCK,0,normal
407,1424674,4081,4099,0.03120,0.18330,-0.83460,0.85506,1007.17,1000,-7.17,50.07,201,2.3060,0.7877,LOCK,0,normal
408,1424682,4089,4107,-0.06240,-0.06630,-0.80340,0.80854,1007.20,1000,-7.20,50.07,201,2.3098,0.8448,LOCK,0,normal
409,1424691,4098,4116,-0.06240,-0.06630,-0.80340,0.80854,1007.22,1000,-7.22,50.07,201,2.2957,0.6318,LOCK,0,normal
410,1424726,4133,4151,-0.00390,0.00780,-0.73320,0.73325,1007.21,1000,-7.21,50.07,201,2.3053,0.7768,LOCK,0,normal
411,1424735,4142,4160,-0.01950,-0.10530,-0.78000,0.78732,1007.20,1000,-7.20,50.07,201,2.3083,0.8228,LOCK,0,normal
412,1424743,4150,4168,0.14430,-0.00780,-0.74100,0.75496,1007.19,1000,-7.19,50.07,201,2.3118,0.8763,LOCK,0,normal
413,1424752,4159,4177,0.14430,-0.00780,-0.74100,0.75496,1007.18,1000,-7.18,50.07,201,2.3139,0.9074,LOCK,0,normal
414,1424760,4167,4185,0.14040,-0.12480,-0.71760,0.74178,1007.17,1000,-7.17,50.07,201,2.3126,0.8879,LOCK,0,normal
415,1424769,4176,4194,0.10140,0.00390,-0.71370,0.72088,1007.16,1000,-7.16,50.07,201,2.3145,0.9159,LOCK,0,normal
416,1424777,4184,4202,0.06240,0.11700,-0.73320,0.74509,1007.15,1000,-7.15,50.07,201,2.3065,0.7951,LOCK,0,normal
417,1424786,4193,4211,-0.09750,0.05850,-0.79950,0.80754,1007.15,1000,-7.15,50.07,201,2.3047,0.7676,LOCK,0,normal
418,1424794,4201,4219,-0.00780,-0.12480,-0.83460,0.84392,1007.14,1000,-7.14,50.07,201,2.2818,0.4211,LOCK,0,normal
419,1424803,4210,4228,-0.00780,-0.12480,-0.83460,0.84392,1007.13,1000,-7.13,50.07,201,2.2817,0.4202,LOCK,0,normal
420,1424811,4218,4236,0.16770,-0.12090,-0.85020,0.87497,1007.13,1000,-7.13,50.07,201,2.2897,0.5414,LOCK,0,normal
421,1424820,4227,4245,0.11700,-0.07800,-0.81120,0.82330,1007.12,1000,-7.12,50.07,201,2.3057,0.7838,LOCK,0,normal
422,1424829,4236,4254,0.14820,0.24570,-0.78000,0.83110,1007.12,1000,-7.12,50.07,201,2.3131,0.8958,LOCK,0,normal
423,1424837,4244,4262,0.00390,0.18330,-0.79950,0.82025,1007.09,1000,-7.09,50.07,201,2.3079,0.8161,LOCK,0,normal
424,1424846,4253,4271,-0.08580,0.14820,-0.78780,0.80620,1007.06,1000,-7.06,50.07,201,2.3197,0.9956,LOCK,0,normal
425,1424854,4261,4279,-0.08580,0.14820,-0.78780,0.80620,1007.04,1000,-7.04,50.07,201,2.2756,0.3271,LOCK,0,normal
426,1424868,4275,4293,0.09360,-0.05850,-0.96330,0.96960,1007.02,1000,-7.02,50.07,201,2.3070,0.8033,LOCK,0,normal
427,1424876,4283,4301,0.12090,-0.01170,-0.84630,0.85497,1007.00,1000,-7.00,50.07,201,2.3102,0.8522,LOCK,0,normal
428,1424885,4292,4310,0.12090,-0.01170,-0.84630,0.85497,1006.98,1000,-6.98,50.07,201,2.3189,0.9840,LOCK,0,normal
429,1424925,4332,4350,-0.19890,-0.17160,-0.83460,0.87497,1006.94,1000,-6.94,50.07,201,2.3082,0.8213,LOCK,0,normal
430,1424934,4341,4359,0.14430,0.11700,-0.78390,0.80561,1006.90,1000,-6.90,50.07,201,2.3111,0.8647,LOCK,0,normal
431,1424942,4349,4367,0.00780,-0.08580,-0.85410,0.85843,1006.86,1000,-6.86,50.07,201,2.3070,0.8027,LOCK,0,normal
432,1424951,4358,4376,0.21450,0.03900,-0.59280,0.63162,1006.80,1000,-6.80,50.07,201,2.3028,0.7389,LOCK,0,normal
433,1424959,4366,4384,0.05070,-0.02730,-0.78390,0.78601,1006.75,1000,-6.75,50.07,201,2.3140,0.9089,LOCK,0,normal
434,1424967,4374,4392,0.05070,-0.02730,-0.78390,0.78601,1006.70,1000,-6.70,50.07,201,2.3022,0.7307,LOCK,0,normal
435,1424976,4383,4401,0.01950,0.02730,-0.83850,0.83917,1006.65,1000,-6.65,50.07,201,2.3190,0.9849,LOCK,0,normal
436,1424985,4392,4410,0.05070,0.15600,-0.76440,0.78180,1006.61,1000,-6.61,50.07,201,2.3091,0.8348,LOCK,0,normal
437,1424993,4400,4418,0.08580,0.08190,-0.79560,0.80439,1006.57,1000,-6.57,50.07,201,2.3105,0.8564,LOCK,0,normal
438,1425002,4409,4427,0.10140,-0.07020,-0.73320,0.74350,1006.54,1000,-6.54,50.07,201,2.2927,0.5869,LOCK,0,normal
439,1425010,4417,4435,-0.01950,0.13650,-0.76830,0.78058,1006.51,1000,-6.51,50.07,201,2.2891,0.5319,LOCK,0,normal
440,1425018,4425,4443,-0.01950,0.13650,-0.76830,0.78058,1006.48,1000,-6.48,50.07,201,2.2900,0.5460,LOCK,0,normal
441,1425027,4434,4452,-0.07020,0.12480,-0.79170,0.80454,1006.45,1000,-6.45,50.07,201,2.3018,0.7239,LOCK,0,normal
442,1425036,4443,4461,-0.15990,0.08190,-0.83460,0.85372,1006.43,1000,-6.43,50.07,201,2.3120,0.8781,LOCK,0,normal
443,1425044,4451,4469,-0.06240,-0.09750,-0.80340,0.81170,1006.40,1000,-6.40,50.07,201,2.3088,0.8299,LOCK,0,normal
444,1425053,4460,4478,0.09360,0.07800,-0.72150,0.73172,1006.38,1000,-6.38,50.07,201,2.3108,0.8613,LOCK,0,normal
445,1425061,4468,4486,0.07410,0.00780,-0.86970,0.87289,1006.37,1000,-6.37,50.07,201,2.3118,0.8753,LOCK,0,normal
446,1425074,4481,4499,0.07020,0.01560,-0.79170,0.79496,1006.35,1000,-6.35,50.07,201,2.3143,0.9135,LOCK,0,normal
447,1425083,4490,4508,0.01560,0.14040,-0.77220,0.78501,1006.32,1000,-6.32,50.07,201,2.3107,0.8595,LOCK,0,normal
448,1425091,4498,4516,-0.00390,-0.12090,-0.79950,0.80860,1006.30,1000,-6.30,50.07,201,2.3091,0.8341,LOCK,0,normal
449,1425100,4507,4525,-0.00390,-0.12090,-0.79950,0.80860,1006.28,1000,-6.28,50.07,201,2.2867,0.4947,LOCK,0,normal
450,1425108,4515,4533,0.03510,-0.20670,-0.75660,0.78511,1006.26,1000,-6.26,50.07,201,2.2924,0.5817,LOCK,0,normal
451,1425117,4524,4542,0.14040,-0.05850,-0.75270,0.76791,1006.24,1000,-6.24,50.07,201,2.2792,0.3811,LOCK,0,normal
452,1425125,4532,4550,0.07410,0.08970,-0.85410,0.86199,1006.23,1000,-6.23,50.07,201,2.3153,0.9294,LOCK,0,normal
453,1425136,4543,4561,-0.08970,0.16380,-0.75270,0.77552,1006.20,1000,-6.20,50.07,201,2.3045,0.7645,LOCK,0,normal
454,1425145,4552,4570,-0.08970,0.05460,-0.77220,0.77931,1006.18,1000,-6.18,50.07,201,2.3106,0.8573,LOCK,0,normal
455,1425153,4560,4578,-0.07410,-0.13260,-0.81900,0.83297,1006.17,1000,-6.17,50.07,201,2.2884,0.5206,LOCK,0,normal
456,1425162,4569,4587,-0.07410,-0.13260,-0.81900,0.83297,1006.15,1000,-6.15,50.07,201,2.2866,0.4941,LOCK,0,normal
457,1425170,4577,4595,0.04680,-0.09750,-0.80340,0.81065,1006.14,1000,-6.14,50.07,201,2.2957,0.6321,LOCK,0,normal
458,1425178,4585,4603,0.12090,-0.21450,-0.87360,0.90764,1006.12,1000,-6.12,50.07,201,2.2948,0.6180,LOCK,0,normal
459,1425187,4594,4612,0.18720,0.37440,-0.71760,0.83076,1006.11,1000,-6.11,50.07,201,2.3076,0.8128,LOCK,0,normal
460,1425196,4603,4621,-0.00780,0.09750,-0.78390,0.78998,1006.10,1000,-6.10,50.07,201,2.3115,0.8714,LOCK,0,normal
461,1425204,4611,4629,-0.00780,0.09750,-0.78390,0.78998,1006.08,1000,-6.08,50.07,201,2.3094,0.8387,LOCK,0,normal
462,1425213,4620,4638,-0.10530,0.11310,-0.76050,0.77604,1006.07,1000,-6.07,50.07,201,2.3072,0.8058,LOCK,0,normal
463,1425221,4628,4646,-0.10140,0.12870,-0.86970,0.88500,1006.06,1000,-6.06,50.07,201,2.3086,0.8274,LOCK,0,normal
464,1425230,4637,4655,0.02340,-0.01950,-0.95550,0.95599,1006.05,1000,-6.05,50.07,201,2.3111,0.8650,LOCK,0,normal
465,1425238,4645,4663,0.00390,0.00390,-0.79560,0.79562,1006.04,1000,-6.04,50.07,201,2.3090,0.8338,LOCK,0,normal
466,1425247,4654,4672,0.16770,-0.00780,-0.67080,0.69149,1006.03,1000,-6.03,50.07,201,2.3102,0.8518,LOCK,0,normal
467,1425256,4663,4681,0.03120,-0.00390,-0.65130,0.65206,1005.87,1000,-5.87,50.07,201,2.2828,0.4364,LOCK,0,normal
468,1425266,4673,4691,0.03120,-0.00390,-0.65130,0.65206,1005.66,1000,-5.66,50.07,201,2.2902,0.5478,LOCK,0,normal
469,1425279,4686,4704,0.03510,-0.00390,-0.87360,0.87431,1005.65,1000,-5.65,50.07,201,2.2815,0.4159,LOCK,0,normal
470,1425287,4694,4712,0.03900,0.16380,-0.84240,0.85906,1005.64,1000,-5.64,50.07,201,2.3075,0.8103,LOCK,0,normal
471,1425296,4703,4721,0.03900,0.16380,-0.84240,0.85906,1005.64,1000,-5.64,50.07,201,2.3106,0.8579,LOCK,0,normal
472,1425306,4713,4731,-0.04290,0.01170,-0.83070,0.83189,1005.60,1000,-5.60,50.07,201,2.3164,0.9459,LOCK,0,normal
473,1425316,4723,4741,0.09750,-0.01170,-0.54210,0.55092,1005.51,1000,-5.51,50.07,201,2.3021,0.7282,LOCK,0,normal
474,1425326,4733,4751,-0.19110,0.09360,-0.74490,0.77470,1005.49,1000,-5.49,50.07,201,2.2988,0.6794,LOCK,0,normal
475,1425336,4743,4761,-0.10530,0.09360,-0.84630,0.85795,1005.48,1000,-5.48,50.07,201,2.3103,0.8537,LOCK,0,normal
476,1425346,4753,4771,-0.01170,0.01950,-0.75660,0.75694,1005.48,1000,-5.48,50.07,201,2.3138,0.9059,LOCK,0,normal
477,1425356,4763,4781,0.06630,0.01560,-0.78000,0.78297,1005.48,1000,-5.48,50.07,201,2.3045,0.7648,LOCK,0,normal
478,1425366,4773,4791,0.08970,-0.06630,-0.73320,0.74164,1005.48,1000,-5.48,50.07,201,2.2951,0.6229,LOCK,0,normal
479,1425376,4783,4801,-0.04290,0.01950,-0.69420,0.69580,1005.39,1000,-5.39,50.07,201,2.2943,0.6110,LOCK,0,normal
480,1425386,4793,4811,0.01950,0.09360,-0.87750,0.88269,1005.37,1000,-5.37,50.07,201,2.2957,0.6311,LOCK,0,normal
481,1425396,4803,4821,-0.01950,-0.03510,-0.93210,0.93296,1005.36,1000,-5.36,50.07,201,2.3120,0.8781,LOCK,0,normal
482,1425406,4813,4831,0.08580,-0.02340,-0.78390,0.78893,1005.36,1000,-5.36,50.07,201,2.3185,0.9779,LOCK,0,normal
483,1425416,4823,4841,0.04290,-0.10530,-0.68250,0.69191,1005.36,1000,-5.36,50.07,201,2.3110,0.8641,LOCK,0,normal
484,1425426,4833,4851,0.04680,-0.03510,-0.82680,0.82887,1005.36,1000,-5.36,50.07,201,2.3042,0.7606,LOCK,0,normal
485,1425436,4843,4861,0.02730,0.02340,-0.83850,0.83927,1005.40,1000,-5.40,50.07,201,2.3068,0.7993,LOCK,0,normal
486,1425446,4853,4871,-0.17940,0.04680,-0.73710,0.76006,1005.42,1000,-5.42,50.07,201,2.3150,0.9242,LOCK,0,normal
487,1425456,4863,4881,-0.05850,-0.12480,-0.80340,0.81514,1005.42,1000,-5.42,50.07,201,2.3071,0.8045,LOCK,0,normal
488,1425466,4873,4891,0.01560,-0.28860,-0.83850,0.88691,1005.42,1000,-5.42,50.07,201,2.2892,0.5338,LOCK,0,normal
489,1425479,4886,4904,0.17940,-0.03510,-0.75660,0.77837,1005.42,1000,-5.42,50.07,201,2.2962,0.6397,LOCK,0,normal
490,1425487,4894,4912,0.08580,-0.10140,-0.80340,0.81431,1005.43,1000,-5.43,50.07,201,2.2998,0.6943,LOCK,0,normal
491,1425496,4903,4921,-0.03120,0.08190,-0.76440,0.76941,1005.44,1000,-5.44,50.07,201,2.3185,0.9770,LOCK,0,normal
492,1425506,4913,4931,-0.01170,-0.03510,-0.71760,0.71855,1005.47,1000,-5.47,50.07,201,2.3094,0.8393,LOCK,0,normal
493,1425516,4923,4941,-0.01170,-0.12480,-0.76440,0.77461,1005.48,1000,-5.48,50.07,201,2.3074,0.8097,LOCK,0,normal
494,1425526,4933,4951,0.12090,-0.06630,-0.85800,0.86901,1005.49,1000,-5.49,50.07,201,2.3161,0.9407,LOCK,0,normal
495,1425536,4943,4961,0.12870,-0.07020,-0.85020,0.86275,1005.49,1000,-5.49,50.07,201,2.3111,0.8653,LOCK,0,normal
496,1425546,4953,4971,-0.03120,0.24570,-0.66690,0.71141,1005.49,1000,-5.49,50.07,201,2.3133,0.8985,LOCK,0,normal
497,1425556,4963,4981,0.05460,-0.11700,-0.69030,0.70227,1005.61,1000,-5.61,50.07,201,2.3124,0.8842,LOCK,0,normal
498,1425566,4973,4991,-0.07410,0.06240,-0.85800,0.86345,1005.65,1000,-5.65,50.07,201,2.2793,0.3830,LOCK,0,normal
499,1425576,4983,5001,0.00390,0.07800,-0.80730,0.81107,1005.66,1000,-5.66,50.07,201,2.2926,0.5848,LOCK,0,normal
500,1425586,4993,5011,-0.12480,0.09360,-0.88140,0.89510,1005.66,1000,-5.66,50.07,201,2.2896,0.5396,LOCK,0,normal
501,1425596,5003,5021,0.03120,0.07410,-0.81510,0.81906,1005.66,1000,-5.66,50.07,201,2.3137,0.9050,LOCK,0,normal
502,1425606,5013,5031,0.12870,0.22230,-0.77220,0.81380,1005.66,1000,-5.66,50.07,201,2.3143,0.9141,LOCK,0,normal
503,1425616,5023,5041,0.10140,0.17550,-0.80340,0.82857,1005.37,1000,-5.37,50.07,201,2.3074,0.8094,LOCK,0,normal
504,1425626,5033,5051,0.01560,0.05070,-0.87750,0.87910,1005.27,1000,-5.27,50.07,201,2.3148,0.9214,LOCK,0,normal
505,1425636,5043,5061,0.05850,0.08190,-0.89700,0.90263,1005.25,1000,-5.25,50.07,201,2.3105,0.8558,LOCK,0,normal
506,1425646,5053,5071,0.04290,0.12480,-0.79950,0.81032,1005.24,1000,-5.24,50.07,201,2.3058,0.7853,LOCK,0,normal
507,1425656,5063,5081,0.04290,0.12480,-0.79950,0.81032,1005.24,1000,-5.24,50.07,201,2.3043,0.7624,LOCK,0,normal
508,1425666,5073,5091,0.10140,0.06240,-0.83070,0.83919,1005.24,1000,-5.24,50.07,201,2.2945,0.6137,LOCK,0,normal
509,1425679,5086,5104,-0.08970,0.13260,-0.90090,0.91501,1005.26,1000,-5.26,50.07,201,2.2984,0.6733,LOCK,0,normal
510,1425687,5094,5112,-0.05460,-0.07800,-0.86970,0.87490,1005.29,1000,-5.29,50.07,201,2.2972,0.6547,LOCK,0,normal
511,1425696,5103,5121,-0.05460,-0.07800,-0.86970,0.87490,1005.31,1000,-5.31,50.07,201,2.2982,0.6696,LOCK,0,normal
512,1425706,5113,5131,0.12480,-0.11310,-0.76050,0.77893,1005.44,1000,-5.44,50.07,201,2.3089,0.8317,LOCK,0,normal
513,1425716,5123,5141,0.05460,-0.01170,-0.69030,0.69255,1005.49,1000,-5.49,50.07,201,2.3179,0.9681,LOCK,0,normal
514,1425726,5133,5151,-0.05850,0.00390,-0.74100,0.74332,1005.50,1000,-5.50,50.07,201,2.3015,0.7194,LOCK,0,normal
515,1425736,5143,5161,0.10530,0.03900,-0.70590,0.71478,1005.46,1000,-5.46,50.07,201,2.3070,0.8027,LOCK,0,normal
516,1425746,5153,5171,0.10920,-0.05070,-0.76050,0.76997,1005.44,1000,-5.44,50.07,201,2.2943,0.6104,LOCK,0,normal
517,1425756,5163,5181,-0.00780,-0.06240,-0.77220,0.77476,1005.44,1000,-5.44,50.07,201,2.3100,0.8479,LOCK,0,normal
518,1425766,5173,5191,0.12090,-0.23400,-0.75660,0.80113,1005.44,1000,-5.44,50.07,201,2.3106,0.8576,LOCK,0,normal
519,1425776,5183,5201,0.09750,-0.08580,-0.70980,0.72158,1005.44,1000,-5.44,50.07,201,2.2906,0.5542,LOCK,0,normal
520,1425786,5193,5211,0.22620,0.17160,-0.73710,0.78989,1005.45,1000,-5.45,50.07,201,2.2852,0.4721,LOCK,0,normal
521,1425796,5203,5221,-0.13650,0.17160,-0.83070,0.85915,1005.56,1000,-5.56,50.07,201,2.3137,0.9043,LOCK,0,normal
522,1425806,5213,5231,-0.03510,0.09360,-0.79170,0.79799,1005.58,1000,-5.58,50.07,201,2.3074,0.8091,LOCK,0,normal
523,1425816,5223,5241,0.07020,-0.01170,-0.81900,0.82209,1005.59,1000,-5.59,50.07,201,2.3059,0.7859,LOCK,0,normal
524,1425826,5233,5251,0.09360,-0.21060,-0.90870,0.93747,1005.59,1000,-5.59,50.07,201,2.3204,1.0066,LOCK,0,normal
525,1425836,5243,5261,0.15990,-0.13650,-0.77610,0.80407,1005.59,1000,-5.59,50.07,201,2.3165,0.9471,LOCK,0,normal
526,1425846,5253,5271,0.06240,0.21060,-0.79170,0.82161,1005.61,1000,-5.61,50.07,201,2.2976,0.6605,LOCK,0,normal
527,1425856,5263,5281,-0.01950,0.19110,-0.76050,0.78438,1005.65,1000,-5.65,50.07,201,2.3103,0.8528,LOCK,0,normal
528,1425866,5273,5291,-0.06630,0.00000,-0.79950,0.80224,1005.66,1000,-5.66,50.07,201,2.3044,0.7639,LOCK,0,normal
529,1425879,5286,5304,-0.15990,-0.13260,-0.83460,0.86006,1005.66,1000,-5.66,50.07,201,2.2868,0.4965,LOCK,0,normal
530,1425887,5294,5312,-0.02340,0.12480,-0.91650,0.92525,1005.66,1000,-5.66,50.07,201,2.3042,0.7600,LOCK,0,normal
531,1425896,5303,5321,-0.02340,0.00000,-0.91650,0.91680,1005.66,1000,-5.66,50.07,201,2.2954,0.6275,LOCK,0,normal
532,1425906,5313,5331,0.19500,-0.06240,-0.56550,0.60142,1005.72,1000,-5.72,50.07,201,2.3114,0.8692,LOCK,0,normal
533,1425916,5323,5341,0.06240,-0.09750,-0.68250,0.69225,1005.76,1000,-5.76,50.07,201,2.3049,0.7719,LOCK,0,normal
534,1425926,5333,5351,-0.01170,0.07020,-0.83460,0.83763,1005.77,1000,-5.77,50.07,201,2.3106,0.8573,LOCK,0,normal
535,1425936,5343,5361,0.03510,0.03120,-0.82680,0.82813,1005.77,1000,-5.77,50.07,201,2.3168,0.9510,LOCK,0,normal
536,1425946,5353,5371,0.08970,0.26910,-0.77610,0.82631,1005.77,1000,-5.77,50.07,201,2.3115,0.8714,LOCK,0,normal
537,1425956,5363,5381,0.06240,-0.00390,-0.81900,0.82138,1005.77,1000,-5.77,50.07,201,2.3143,0.9135,LOCK,0,normal
538,1425966,5373,5391,0.03120,0.14430,-0.68640,0.70210,1005.77,1000,-5.77,50.07,201,2.3022,0.7307,LOCK,0,normal
539,1425976,5383,5401,-0.09750,0.11310,-0.86190,0.87474,1005.76,1000,-5.76,50.07,201,2.2896,0.5387,LOCK,0,normal
540,1425986,5393,5411,-0.21840,0.21450,-0.92430,0.97367,1005.76,1000,-5.76,50.07,201,2.3036,0.7517,LOCK,0,normal
541,1425996,5403,5421,0.03510,-0.01170,-0.72930,0.73024,1005.76,1000,-5.76,50.07,201,2.2993,0.6864,LOCK,0,normal
542,1426006,5413,5431,0.11310,0.04290,-0.73320,0.74311,1005.76,1000,-5.76,50.07,201,2.3077,0.8137,LOCK,0,normal
543,1426016,5423,5441,0.13260,0.11310,-0.85800,0.87552,1005.76,1000,-5.76,50.07,201,2.3149,0.9227,LOCK,0,normal
544,1426026,5433,5451,0.10530,0.23790,-0.88530,0.92274,1005.74,1000,-5.74,50.07,201,2.3044,0.7642,LOCK,0,normal
545,1426036,5443,5461,-0.00390,0.08970,-0.76050,0.76578,1005.73,1000,-5.73,50.07,201,2.3087,0.8280,LOCK,0,normal
546,1426046,5453,5471,-0.00390,0.08970,-0.76050,0.76578,1005.73,1000,-5.73,50.07,201,2.3064,0.7945,LOCK,0,normal
547,1426056,5463,5481,0.01170,0.01950,-0.80730,0.80762,1005.73,1000,-5.73,50.07,201,2.3092,0.8360,LOCK,0,normal
548,1426066,5473,5491,0.02730,-0.27300,-0.80340,0.84896,1005.73,1000,-5.73,50.07,201,2.3034,0.7487,LOCK,0,normal
549,1426079,5486,5504,0.10530,0.09750,-0.85410,0.86607,1005.73,1000,-5.73,50.07,201,2.2869,0.4978,LOCK,0,normal
550,1426087,5494,5512,-0.07800,0.33930,-0.76830,0.84350,1005.70,1000,-5.70,50.07,201,2.2902,0.5478,LOCK,0,normal
551,1426096,5503,5521,-0.07800,0.33930,-0.76830,0.84350,1005.68,1000,-5.68,50.07,201,2.2840,0.4538,LOCK,0,normal
552,1426106,5513,5531,-0.20280,0.00390,-0.71760,0.74572,1005.57,1000,-5.57,50.07,201,2.2957,0.6321,LOCK,0,normal
553,1426116,5523,5541,-0.13650,-0.20670,-0.78780,0.82582,1005.52,1000,-5.52,50.07,201,2.3128,0.8903,LOCK,0,normal
554,1426126,5533,5551,0.07800,-0.15210,-0.83460,0.85192,1005.51,1000,-5.51,50.07,201,2.3118,0.8757,LOCK,0,normal
555,1426136,5543,5561,0.07020,-0.18720,-0.80340,0.82790,1005.51,1000,-5.51,50.07,201,2.3116,0.8726,LOCK,0,normal
556,1426146,5553,5571,0.10140,0.06630,-0.63960,0.65097,1005.67,1000,-5.67,50.07,201,2.3071,0.8042,LOCK,0,normal
557,1426156,5563,5581,0.02340,-0.08970,-0.70980,0.71583,1005.71,1000,-5.71,50.07,201,2.3105,0.8555,LOCK,0,normal
558,1426166,5573,5591,-0.10920,0.07410,-0.82680,0.83727,1005.72,1000,-5.72,50.07,201,2.3156,0.9340,LOCK,0,normal
559,1426176,5583,5601,-0.10140,-0.05850,-0.81510,0.82346,1005.73,1000,-5.73,50.07,201,2.3038,0.7548,LOCK,0,normal
560,1426186,5593,5611,0.00780,0.19500,-0.91650,0.93705,1005.73,1000,-5.73,50.07,201,2.2796,0.3879,LOCK,0,normal
561,1426196,5603,5621,-0.03120,-0.06240,-0.85020,0.85306,1005.73,1000,-5.73,50.07,201,2.3038,0.7545,LOCK,0,normal
562,1426206,5613,5631,0.15600,-0.08970,-0.67860,0.70205,1005.59,1000,-5.59,50.07,201,2.3105,0.8561,LOCK,0,normal
563,1426216,5623,5641,-0.00780,-0.07410,-0.73320,0.73698,1005.55,1000,-5.55,50.07,201,2.3080,0.8180,LOCK,0,normal
564,1426226,5633,5651,-0.10920,0.17160,-0.89310,0.91597,1005.54,1000,-5.54,50.07,201,2.3044,0.7642,LOCK,0,normal
565,1426236,5643,5661,-0.00390,-0.11310,-0.93600,0.94282,1005.54,1000,-5.54,50.07,201,2.3102,0.8522,LOCK,0,normal
566,1426246,5653,5671,0.08580,0.14820,-0.87360,0.89023,1005.53,1000,-5.53,50.07,201,2.3089,0.8320,LOCK,0,normal
567,1426256,5663,5681,0.06630,0.03120,-0.83850,0.84170,1005.53,1000,-5.53,50.07,201,2.3077,0.8143,LOCK,0,normal
568,1426266,5673,5691,0.13650,0.07800,-0.72150,0.73843,1005.74,1000,-5.74,50.07,201,2.3110,0.8644,LOCK,0,normal
569,1426279,5686,5704,-0.07800,0.11310,-0.80340,0.81506,1005.75,1000,-5.75,50.07,201,2.3142,0.9117,LOCK,0,normal
570,1426288,5695,5713,-0.03510,0.09750,-0.88530,0.89134,1005.76,1000,-5.76,50.07,201,2.2760,0.3332,LOCK,0,normal
571,1426296,5703,5721,-0.10530,-0.14040,-0.84240,0.86049,1005.77,1000,-5.77,50.07,201,2.2998,0.6946,LOCK,0,normal
572,1426306,5713,5731,0.09750,0.07410,-0.70200,0.71260,1005.80,1000,-5.80,50.07,201,2.2888,0.5267,LOCK,0,normal
573,1426316,5723,5741,0.08970,0.08190,-0.83850,0.84725,1005.82,1000,-5.82,50.07,201,2.3137,0.9043,LOCK,0,normal
574,1426326,5733,5751,-0.01950,0.20670,-0.74100,0.76954,1006.12,1000,-6.12,50.07,201,2.3115,0.8717,LOCK,0,normal
575,1426336,5743,5761,0.03900,0.01170,-0.76050,0.76159,1006.22,1000,-6.22,50.07,201,2.3195,0.9926,LOCK,0,normal
576,1426346,5753,5771,-0.02340,-0.05850,-0.76050,0.76311,1006.26,1000,-6.26,50.07,201,2.3101,0.8494,LOCK,0,normal
577,1426356,5763,5781,0.03900,0.01950,-0.69030,0.69168,1006.27,1000,-6.27,50.07,201,2.3115,0.8717,LOCK,0,normal
578,1426366,5773,5791,0.13650,-0.00390,-0.78780,0.79955,1006.27,1000,-6.27,50.07,201,2.3148,0.9205,LOCK,0,normal
579,1426376,5783,5801,0.10530,0.07020,-0.76440,0.77481,1006.27,1000,-6.27,50.07,201,2.3090,0.8329,LOCK,0,normal
580,1426386,5793,5811,-0.09750,0.26520,-0.79560,0.84428,1006.02,1000,-6.02,50.07,201,2.2848,0.4669,LOCK,0,normal
581,1426396,5803,5821,-0.11310,0.06630,-0.70980,0.72181,1005.93,1000,-5.93,50.07,201,2.2907,0.5558,LOCK,0,normal
582,1426406,5813,5831,-0.01560,-0.07020,-0.76440,0.76778,1005.91,1000,-5.91,50.07,201,2.2840,0.4547,LOCK,0,normal
583,1426416,5823,5841,0.01170,-0.12090,-0.88140,0.88973,1005.90,1000,-5.90,50.07,201,2.3147,0.9196,LOCK,0,normal
584,1426426,5833,5851,0.11700,-0.10140,-0.79560,0.81052,1005.90,1000,-5.90,50.07,201,2.3135,0.9010,LOCK,0,normal
585,1426436,5843,5861,0.11700,-0.10140,-0.79560,0.81052,1005.90,1000,-5.90,50.07,201,2.3177,0.9654,LOCK,0,normal
586,1426446,5853,5871,0.12870,0.04290,-0.71370,0.72648,1005.79,1000,-5.79,50.07,201,2.3112,0.8668,LOCK,0,normal
587,1426456,5863,5881,-0.02340,-0.00390,-0.72540,0.72579,1005.76,1000,-5.76,50.07,201,2.3049,0.7709,LOCK,0,normal
588,1426466,5873,5891,-0.04290,0.11310,-0.86190,0.87035,1005.75,1000,-5.75,50.07,201,2.3124,0.8845,LOCK,0,normal
589,1426479,5886,5904,0.09360,-0.15990,-0.93990,0.95799,1005.74,1000,-5.74,50.07,201,2.3126,0.8876,LOCK,0,normal
590,1426488,5895,5913,0.06630,-0.16770,-0.81510,0.83481,1005.74,1000,-5.74,50.07,201,2.3118,0.8757,LOCK,0,normal
591,1426496,5903,5921,0.06630,-0.16770,-0.81510,0.83481,1005.74,1000,-5.74,50.07,201,2.3061,0.7893,LOCK,0,normal
592,1426506,5913,5931,0.05460,-0.08190,-0.68640,0.69342,1005.69,1000,-5.69,50.07,201,2.3117,0.8738,LOCK,0,normal
593,1426516,5923,5941,0.00780,-0.09360,-0.71760,0.72372,1005.67,1000,-5.67,50.07,201,2.3008,0.7084,LOCK,0,normal
594,1426526,5933,5951,-0.12480,0.03120,-0.81120,0.82134,1005.66,1000,-5.66,50.07,201,2.3183,0.9739,LOCK,0,normal
595,1426536,5943,5961,-0.17160,-0.14040,-0.91650,0.94294,1005.66,1000,-5.66,50.07,201,2.3112,0.8671,LOCK,0,normal
596,1426546,5953,5971,0.04680,0.17940,-0.86580,0.88543,1005.66,1000,-5.66,50.07,201,2.2967,0.6464,LOCK,0,normal
597,1426556,5963,5981,0.07800,-0.04290,-0.84630,0.85097,1005.66,1000,-5.66,50.07,201,2.2849,0.4678,LOCK,0,normal
598,1426566,5973,5991,0.19500,0.03900,-0.58890,0.62157,1005.68,1000,-5.68,50.07,201,2.3062,0.7914,LOCK,0,normal
599,1426576,5983,6001,0.06630,-0.08580,-0.89310,0.89966,1005.69,1000,-5.69,50.07,201,2.3165,0.9477,LOCK,0,normal
600,1426586,5993,6011,-0.01950,0.10920,-0.82290,0.83034,1005.69,1000,-5.69,50.07,201,2.3089,0.8320,LOCK,0,normal
601,1426596,6003,6021,0.03120,0.24570,-0.74880,0.78870,1005.69,1000,-5.69,50.07,201,2.3033,0.7471,LOCK,0,normal
602,1426606,6013,6031,0.09750,0.18720,-0.79560,0.82312,1005.69,1000,-5.69,50.07,201,2.3076,0.8116,LOCK,0,normal
603,1426616,6023,6041,0.21060,0.03120,-0.80340,0.83113,1005.69,1000,-5.69,50.07,201,2.3118,0.8753,LOCK,0,normal
604,1426626,6033,6051,-0.00390,0.22620,-0.77610,0.80840,1005.69,1000,-5.69,50.07,201,2.3008,0.7084,LOCK,0,normal
605,1426636,6043,6061,-0.14820,0.10920,-0.77220,0.79384,1005.68,1000,-5.68,50.07,201,2.3101,0.8506,LOCK,0,normal
606,1426646,6053,6071,-0.05460,0.06630,-0.80340,0.80798,1005.68,1000,-5.68,50.07,201,2.2894,0.5359,LOCK,0,normal
607,1426656,6063,6081,-0.08970,-0.03900,-0.81900,0.82482,1005.68,1000,-5.68,50.07,201,2.2931,0.5924,LOCK,0,normal
608,1426666,6073,6091,0.16770,0.05850,-0.74490,0.76578,1005.68,1000,-5.68,50.07,201,2.3041,0.7584,LOCK,0,normal
609,1426679,6086,6104,0.11700,0.08580,-0.83070,0.84328,1005.68,1000,-5.68,50.07,201,2.3145,0.9166,LOCK,0,normal
610,1426687,6094,6112,-0.08970,0.31200,-0.71760,0.78762,1005.70,1000,-5.70,50.07,201,2.2916,0.5701,LOCK,0,normal
611,1426696,6103,6121,-0.05460,0.02730,-0.62790,0.63086,1005.72,1000,-5.72,50.07,201,2.2952,0.6238,LOCK,0,normal
612,1426706,6113,6131,-0.05460,-0.24180,-0.80340,0.84077,1005.84,1000,-5.84,50.07,201,2.2949,0.6202,LOCK,0,normal
613,1426716,6123,6141,0.08580,-0.19110,-0.78390,0.81141,1005.87,1000,-5.87,50.07,201,2.2838,0.4523,LOCK,0,normal
614,1426726,6133,6151,0.05850,-0.05460,-0.76440,0.76858,1005.88,1000,-5.88,50.07,201,2.3095,0.8415,LOCK,0,normal
615,1426736,6143,6161,0.15600,0.06630,-0.73710,0.75634,1005.89,1000,-5.89,50.07,201,2.3064,0.7938,LOCK,0,normal
616,1426746,6153,6171,0.00390,0.09360,-0.73710,0.74303,1005.77,1000,-5.77,50.07,201,2.3082,0.8210,LOCK,0,normal
617,1426756,6163,6181,-0.08580,0.07410,-0.78780,0.79592,1005.74,1000,-5.74,50.07,201,2.3115,0.8705,LOCK,0,normal
618,1426766,6173,6191,-0.03510,-0.28860,-0.86970,0.91701,1005.73,1000,-5.73,50.07,201,2.3097,0.8442,LOCK,0,normal
619,1426776,6183,6201,0.02340,-0.01170,-0.88920,0.88958,1005.73,1000,-5.73,50.07,201,2.3029,0.7410,LOCK,0,normal
620,1426786,6193,6211,0.06630,-0.23010,-0.86190,0.89455,1005.73,1000,-5.73,50.07,201,2.3099,0.8467,LOCK,0,normal
621,1426796,6203,6221,0.05850,0.08190,-0.66690,0.67445,1005.73,1000,-5.73,50.07,201,2.2957,0.6311,LOCK,0,normal
622,1426806,6213,6231,-0.00780,-0.11310,-0.70980,0.71880,1005.70,1000,-5.70,50.07,201,2.2822,0.4266,LOCK,0,normal
623,1426816,6223,6241,-0.10140,0.20670,-0.85020,0.88082,1005.69,1000,-5.69,50.07,201,2.2904,0.5512,LOCK,0,normal
624,1426826,6233,6251,-0.10140,0.20670,-0.85020,0.88082,1005.69,1000,-5.69,50.07,201,2.3161,0.9404,LOCK,0,normal
625,1426836,6243,6261,-0.10530,0.09360,-0.91650,0.92727,1005.69,1000,-5.69,50.07,201,2.3026,0.7362,LOCK,0,normal
626,1426846,6253,6271,-0.02730,0.01560,-0.90090,0.90145,1005.69,1000,-5.69,50.07,201,2.3149,0.9224,LOCK,0,normal
627,1426856,6263,6281,-0.01950,0.08580,-0.78000,0.78495,1005.69,1000,-5.69,50.07,201,2.3067,0.7984,LOCK,0,normal
628,1426866,6273,6291,0.16770,-0.05850,-0.74100,0.76199,1005.56,1000,-5.56,50.07,201,2.3089,0.8320,LOCK,0,normal
629,1426879,6286,6304,-0.03120,0.08190,-0.81120,0.81592,1005.56,1000,-5.56,50.07,201,2.3109,0.8616,LOCK,0,normal
630,1426888,6295,6313,0.06630,0.00390,-0.81120,0.81391,1005.55,1000,-5.55,50.07,201,2.3038,0.7545,LOCK,0,normal
631,1426896,6303,6321,0.06630,0.00390,-0.81120,0.81391,1005.55,1000,-5.55,50.07,201,2.2842,0.4578,LOCK,0,normal
632,1426906,6313,6331,0.04680,0.21060,-0.85800,0.88471,1005.53,1000,-5.53,50.07,201,2.2915,0.5686,LOCK,0,normal
633,1426916,6323,6341,-0.02730,-0.07020,-0.83460,0.83799,1005.51,1000,-5.51,50.07,201,2.2914,0.5673,LOCK,0,normal
634,1426926,6333,6351,-0.10530,0.08190,-0.58110,0.59622,1005.61,1000,-5.61,50.07,201,2.3152,0.9278,LOCK,0,normal
635,1426936,6343,6361,-0.12870,0.05070,-0.80340,0.81522,1005.64,1000,-5.64,50.07,201,2.3011,0.7136,LOCK,0,normal
636,1426946,6353,6371,-0.11700,-0.00390,-0.86580,0.87368,1005.64,1000,-5.64,50.07,201,2.3058,0.7856,LOCK,0,normal
637,1426956,6363,6381,0.00390,0.02730,-0.76050,0.76100,1005.65,1000,-5.65,50.07,201,2.3153,0.9282,LOCK,0,normal
638,1426966,6373,6391,0.09360,0.10140,-0.78000,0.79211,1005.65,1000,-5.65,50.07,201,2.3089,0.8311,LOCK,0,normal
639,1426976,6383,6401,0.09750,-0.04290,-0.85410,0.86072,1005.65,1000,-5.65,50.07,201,2.3161,0.9413,LOCK,0,normal
640,1426986,6393,6411,0.00000,0.09750,-0.74880,0.75512,1005.45,1000,-5.45,50.07,201,2.3097,0.8442,LOCK,0,normal
641,1426996,6403,6421,0.04680,0.01560,-0.87750,0.87889,1005.41,1000,-5.41,50.07,201,2.2883,0.5194,LOCK,0,normal
642,1427006,6413,6431,0.05460,0.01170,-0.86970,0.87149,1005.39,1000,-5.39,50.07,201,2.2733,0.2929,LOCK,0,normal
643,1427016,6423,6441,0.01560,-0.01950,-0.84240,0.84277,1005.38,1000,-5.38,50.07,201,2.2945,0.6137,LOCK,0,normal
644,1427026,6433,6451,0.05460,-0.06240,-0.78000,0.78439,1005.38,1000,-5.38,50.07,201,2.2999,0.6956,LOCK,0,normal
645,1427036,6443,6461,0.07800,0.10530,-0.81120,0.82172,1005.38,1000,-5.38,50.07,201,2.3270,1.1055,LOCK,0,normal
646,1427046,6453,6471,0.13260,0.28080,-0.84240,0.89781,1005.47,1000,-5.47,50.07,201,2.3133,0.8985,LOCK,0,normal
647,1427056,6463,6481,-0.19110,0.07410,-0.78780,0.81403,1005.50,1000,-5.50,50.07,201,2.3060,0.7871,LOCK,0,normal
648,1427066,6473,6491,-0.12090,-0.17550,-0.83460,0.86138,1005.50,1000,-5.50,50.07,201,2.3137,0.9040,LOCK,0,normal
649,1427079,6486,6504,0.06240,-0.23790,-0.82680,0.86261,1005.50,1000,-5.50,50.07,201,2.3109,0.8616,LOCK,0,normal
650,1427088,6495,6513,0.11700,-0.01170,-0.76830,0.77725,1005.50,1000,-5.50,50.07,201,2.3146,0.9175,LOCK,0,normal
651,1427096,6503,6521,-0.03510,0.17940,-0.80340,0.82393,1005.50,1000,-5.50,50.07,201,2.2758,0.3296,LOCK,0,normal
652,1427106,6513,6531,-0.24960,0.19500,-0.72930,0.79511,1005.41,1000,-5.41,50.07,201,2.2857,0.4797,LOCK,0,normal
653,1427116,6523,6541,-0.00780,0.08580,-0.70590,0.71114,1005.36,1000,-5.36,50.07,201,2.3058,0.7844,LOCK,0,normal
654,1427126,6533,6551,0.05070,-0.08190,-0.78780,0.79367,1005.35,1000,-5.35,50.07,201,2.2984,0.6721,LOCK,0,normal
655,1427136,6543,6561,-0.01560,0.10140,-0.87750,0.88348,1005.35,1000,-5.35,50.07,201,2.3076,0.8116,LOCK,0,normal
656,1427146,6553,6571,0.08970,0.04680,-0.89700,0.90269,1005.35,1000,-5.35,50.07,201,2.3084,0.8238,LOCK,0,normal
657,1427156,6563,6581,-0.02730,0.22230,-0.58890,0.63005,1005.35,1000,-5.35,50.07,201,2.3126,0.8882,LOCK,0,normal
658,1427166,6573,6591,0.04290,-0.08190,-0.67860,0.68487,1005.41,1000,-5.41,50.07,201,2.3104,0.8549,LOCK,0,normal
659,1427176,6583,6601,-0.05850,0.08580,-0.85020,0.85652,1005.43,1000,-5.43,50.07,201,2.3202,1.0026,LOCK,0,normal
660,1427186,6593,6611,0.03510,0.15210,-0.81510,0.82991,1005.44,1000,-5.44,50.07,201,2.3061,0.7887,LOCK,0,normal
661,1427196,6603,6621,-0.14430,0.07020,-0.84630,0.86138,1005.44,1000,-5.44,50.07,201,2.3092,0.8360,LOCK,0,normal
662,1427206,6613,6631,0.03900,0.00780,-0.80340,0.80438,1005.44,1000,-5.44,50.07,201,2.2859,0.4831,LOCK,0,normal
663,1427216,6623,6641,0.03900,0.00780,-0.80340,0.80438,1005.44,1000,-5.44,50.07,201,2.2908,0.5573,LOCK,0,normal
664,1427226,6633,6651,0.11310,0.14040,-0.76440,0.78537,1005.44,1000,-5.44,50.07,201,2.2901,0.5475,LOCK,0,normal
665,1427236,6643,6661,-0.05460,0.16380,-0.80340,0.82174,1005.44,1000,-5.44,50.07,201,2.3103,0.8531,LOCK,0,normal
666,1427246,6653,6671,-0.05460,0.02340,-0.79950,0.80170,1005.44,1000,-5.44,50.07,201,2.3098,0.8448,LOCK,0,normal
667,1427256,6663,6681,0.02340,0.19110,-0.90090,0.92124,1005.44,1000,-5.44,50.07,201,2.3129,0.8924,LOCK,0,normal
668,1427266,6673,6691,0.01560,0.17940,-0.79950,0.81953,1005.44,1000,-5.44,50.07,201,2.3131,0.8952,LOCK,0,normal
669,1427279,6686,6704,0.00000,-0.00390,-0.71760,0.71761,1005.44,1000,-5.44,50.07,201,2.3109,0.8622,LOCK,0,normal
670,1427288,6695,6713,-0.13260,0.13650,-0.83850,0.85982,1001.24,1000,-1.24,50.07,201,2.3024,0.7328,LOCK,0,normal
671,1427296,6703,6721,-0.13260,0.13650,-0.83850,0.85982,997.47,1000,2.53,50.07,201,2.3133,0.8985,LOCK,0,normal
672,1427306,6713,6731,-0.03120,-0.06630,-0.86970,0.87278,978.11,1000,21.89,50.07,201,2.2974,0.6577,LOCK,0,normal
673,1427316,6723,6741,0.14040,-0.19110,-0.76440,0.80034,967.20,1000,32.80,50.07,201,2.3030,0.7432,LOCK,0,normal
674,1427326,6733,6751,0.00780,-0.01170,-0.70200,0.70214,964.43,1000,35.57,50.07,201,2.2967,0.6473,LOCK,0,normal
675,1427336,6743,6761,0.02340,-0.00390,-0.73320,0.73358,963.75,1000,36.25,50.07,201,2.3080,0.8186,LOCK,0,normal
676,1427346,6753,6771,0.14430,0.03900,-0.69420,0.71011,963.39,1000,36.61,50.07,201,2.3093,0.8381,LOCK,0,normal
677,1427356,6763,6781,0.06630,-0.00390,-0.72150,0.72455,963.29,1000,36.71,50.07,201,2.3109,0.8619,LOCK,0,normal
678,1427366,6773,6791,0.00390,-0.17940,-0.74100,0.76242,963.27,1000,36.73,50.07,201,2.3142,0.9123,LOCK,0,normal
679,1427376,6783,6801,0.08190,-0.19110,-0.74490,0.77337,963.26,1000,36.74,50.07,201,2.3083,0.8222,LOCK,0,normal
680,1427386,6793,6811,0.03900,-0.09750,-0.75270,0.75999,963.25,1000,36.75,50.07,201,2.3064,0.7942,LOCK,0,normal
681,1427396,6803,6821,0.21060,0.22620,-0.79170,0.84989,963.25,1000,36.75,50.07,201,2.3123,0.8839,LOCK,0,normal
682,1427406,6813,6831,-0.05460,0.24570,-0.83850,0.87546,963.35,1000,36.65,50.07,201,2.2815,0.4166,LOCK,0,normal
683,1427416,6823,6841,-0.01170,0.08970,-0.76050,0.76586,963.37,1000,36.63,50.07,201,2.2868,0.4971,LOCK,0,normal
684,1427426,6833,6851,0.06240,-0.02340,-0.79560,0.79839,963.38,1000,36.62,50.07,201,2.3008,0.7087,LOCK,0,normal
685,1427436,6843,6861,0.11700,-0.16770,-0.93600,0.95808,963.38,1000,36.62,50.07,201,2.2991,0.6833,LOCK,0,normal
686,1427446,6853,6871,0.18330,-0.06630,-0.79170,0.81534,963.38,1000,36.62,50.07,201,2.3105,0.8561,LOCK,0,normal
687,1427456,6863,6881,0.12480,0.14820,-0.73710,0.76214,963.38,1000,36.62,50.07,201,2.3080,0.8180,LOCK,0,normal
688,1427466,6873,6891,-0.03510,0.03510,-0.69810,0.69986,963.21,1000,36.79,50.07,201,2.3049,0.7706,LOCK,0,normal
689,1427479,6886,6904,-0.12090,0.07020,-0.83070,0.84238,963.20,1000,36.80,50.07,201,2.3055,0.7798,LOCK,0,normal
690,1427488,6895,6913,-0.16770,-0.06630,-0.88140,0.89966,963.20,1000,36.80,50.07,201,2.3133,0.8992,LOCK,0,normal
691,1427496,6903,6921,-0.01560,0.11310,-0.89700,0.90424,963.19,1000,36.81,50.07,201,2.3118,0.8753,LOCK,0,normal
692,1427506,6913,6931,-0.07020,-0.02730,-0.85800,0.86130,963.15,1000,36.85,50.07,201,2.3020,0.7276,LOCK,0,normal
693,1427516,6923,6941,0.13260,-0.07800,-0.59280,0.61244,963.13,1000,36.87,50.07,201,2.2889,0.5289,LOCK,0,normal
694,1427526,6933,6951,0.11700,-0.14430,-0.72540,0.74881,963.26,1000,36.74,50.07,201,2.2989,0.6800,LOCK,0,normal
695,1427536,6943,6961,0.03900,0.05850,-0.76830,0.77151,963.30,1000,36.70,50.07,201,2.2977,0.6623,LOCK,0,normal
696,1427546,6953,6971,0.06630,0.00390,-0.82290,0.82558,963.31,1000,36.69,50.07,201,2.3040,0.7569,LOCK,0,normal
697,1427556,6963,6981,0.05460,0.26130,-0.81510,0.85770,963.31,1000,36.69,50.07,201,2.3135,0.9022,LOCK,0,normal
698,1427566,6973,6991,0.05460,-0.02730,-0.83460,0.83683,963.31,1000,36.69,50.07,201,2.3077,0.8140,LOCK,0,normal
699,1427576,6983,7001,0.00780,0.03120,-0.70200,0.70274,963.31,1000,36.69,50.07,201,2.3034,0.7484,LOCK,0,normal
700,1427586,6993,7011,-0.10530,0.06630,-0.83070,0.83997,963.33,1000,36.67,50.07,201,2.3086,0.8277,LOCK,0,normal
701,1427596,7003,7021,-0.21060,0.19890,-0.95160,0.99471,963.33,1000,36.67,50.07,201,2.3141,0.9105,LOCK,0,normal
702,1427606,7013,7031,0.01170,-0.00390,-0.79170,0.79180,963.33,1000,36.67,50.07,201,2.3146,0.9181,LOCK,0,normal
703,1427616,7023,7041,0.01170,-0.00390,-0.79170,0.79180,963.33,1000,36.67,50.07,201,2.2818,0.4217,LOCK,0,normal
704,1427626,7033,7051,0.10530,0.01950,-0.74100,0.74870,963.33,1000,36.67,50.07,201,2.3105,0.8564,LOCK,0,normal
705,1427636,7043,7061,0.12480,0.09750,-0.82680,0.84183,963.33,1000,36.67,50.07,201,2.2809,0.4080,LOCK,0,normal
706,1427646,7053,7071,0.04680,0.21840,-0.89700,0.92439,963.30,1000,36.70,50.07,201,2.3096,0.8427,LOCK,0,normal
707,1427656,7063,7081,0.08190,0.05070,-0.73710,0.74337,963.29,1000,36.71,50.07,201,2.3108,0.8607,LOCK,0,normal
708,1427666,7073,7091,0.03510,0.01170,-0.75270,0.75361,963.29,1000,36.71,50.07,201,2.3128,0.8912,LOCK,0,normal
709,1427679,7086,7104,0.10530,-0.08580,-0.74880,0.76102,963.29,1000,36.71,50.07,201,2.3067,0.7990,LOCK,0,normal
710,1427688,7095,7113,0.10530,-0.08580,-0.74880,0.76102,963.29,1000,36.71,50.07,201,2.3098,0.8454,LOCK,0,normal
711,1427696,7103,7121,0.13260,0.09750,-0.78390,0.80099,963.30,1000,36.70,50.07,201,2.3102,0.8522,LOCK,0,normal
712,1427706,7113,7131,-0.19890,0.30810,-0.74100,0.82678,963.40,1000,36.60,50.07,201,2.3041,0.7590,LOCK,0,normal
713,1427716,7123,7141,-0.21450,0.02730,-0.72540,0.75694,963.44,1000,36.56,50.07,201,2.2787,0.3741,LOCK,0,normal
714,1427726,7133,7151,-0.09750,-0.12480,-0.78780,0.80356,963.46,1000,36.54,50.07,201,2.3010,0.7114,LOCK,0,normal
715,1427736,7143,7161,0.12480,-0.16770,-0.81120,0.83770,963.46,1000,36.54,50.07,201,2.2828,0.4364,LOCK,0,normal
716,1427746,7153,7171,0.13260,-0.18330,-0.82680,0.85719,963.46,1000,36.54,50.07,201,2.3148,0.9214,LOCK,0,normal
717,1427756,7163,7181,0.06630,0.07410,-0.62790,0.63572,963.50,1000,36.50,50.07,201,2.3121,0.8808,LOCK,0,normal
718,1427766,7173,7191,-0.08190,0.04290,-0.77220,0.77772,963.52,1000,36.48,50.07,201,2.3017,0.7221,LOCK,0,normal
719,1427776,7183,7201,-0.10920,0.05850,-0.80730,0.81675,963.52,1000,36.48,50.07,201,2.3009,0.7111,LOCK,0,normal
720,1427786,7193,7211,-0.07410,-0.12090,-0.81510,0.82734,963.53,1000,36.47,50.07,201,2.3127,0.8891,LOCK,0,normal
721,1427796,7203,7221,0.06240,0.28470,-0.86580,0.91354,963.53,1000,36.47,50.07,201,2.3101,0.8497,LOCK,0,normal
722,1427806,7213,7231,-0.03510,-0.03510,-0.88920,0.89058,963.53,1000,36.47,50.07,201,2.3091,0.8341,LOCK,0,normal
723,1427816,7223,7241,0.11310,-0.08190,-0.70200,0.71575,963.25,1000,36.75,50.07,201,2.2820,0.4245,LOCK,0,normal
724,1427826,7233,7251,0.07020,-0.07020,-0.75270,0.75922,963.09,1000,36.91,50.07,201,2.2748,0.3149,LOCK,0,normal
725,1427836,7243,7261,-0.10530,0.13650,-0.83460,0.85222,963.05,1000,36.95,50.07,201,2.2919,0.5750,LOCK,0,normal
726,1427846,7253,7271,-0.00780,-0.11310,-0.90090,0.90801,963.04,1000,36.96,50.07,201,2.2948,0.6183,LOCK,0,normal
727,1427856,7263,7281,0.02730,0.08190,-0.87750,0.88174,963.04,1000,36.96,50.07,201,2.3073,0.8079,LOCK,0,normal
728,1427866,7273,7291,0.08190,0.08190,-0.85020,0.85805,963.04,1000,36.96,50.07,201,2.3068,0.7996,LOCK,0,normal
729,1427879,7286,7304,0.14820,0.12870,-0.72540,0.75149,963.10,1000,36.90,50.07,201,2.3113,0.8677,LOCK,0,normal
730,1427888,7295,7313,-0.06630,0.08190,-0.81120,0.81802,963.14,1000,36.86,50.07,201,2.3091,0.8351,LOCK,0,normal
731,1427896,7303,7321,-0.02340,0.10140,-0.85020,0.85655,963.19,1000,36.81,50.07,201,2.3141,0.9105,LOCK,0,normal
732,1427906,7313,7331,-0.08580,-0.10920,-0.82680,0.83838,963.43,1000,36.57,50.07,201,2.3145,0.9166,LOCK,0,normal
733,1427916,7323,7341,0.05460,0.05460,-0.71760,0.72174,963.53,1000,36.47,50.07,201,2.3136,0.9037,LOCK,0,normal
734,1427950,7357,7375,0.04680,-0.01560,-0.76050,0.76210,963.53,1000,36.47,50.07,201,2.3073,0.8082,LOCK,0,normal
735,1427959,7366,7384,-0.01560,-0.10140,-0.78000,0.78672,963.53,1000,36.47,50.07,201,2.2998,0.6943,LOCK,0,normal
736,1427967,7374,7392,0.06630,0.00000,-0.74880,0.75173,963.53,1000,36.47,50.07,201,2.3052,0.7758,LOCK,0,normal
737,1427976,7383,7401,0.12090,-0.08580,-0.76440,0.77864,963.53,1000,36.47,50.07,201,2.3075,0.8100,LOCK,0,normal
738,1427984,7391,7409,0.12090,-0.08580,-0.76440,0.77864,963.53,1000,36.47,50.07,201,2.3039,0.7554,LOCK,0,normal
739,1427993,7400,7418,0.08190,0.07800,-0.71760,0.72646,963.52,1000,36.48,50.07,201,2.3069,0.8015,LOCK,0,normal
740,1428001,7408,7426,-0.13260,0.17940,-0.80340,0.83380,967.71,1000,32.29,50.07,201,2.3147,0.9193,LOCK,0,normal
741,1428010,7417,7435,-0.11310,0.08970,-0.73320,0.74727,971.48,1000,28.52,50.07,201,2.3078,0.8149,LOCK,0,normal
742,1428018,7425,7443,-0.03510,-0.18720,-0.74100,0.76509,974.87,1000,25.13,50.07,201,2.2855,0.4773,LOCK,0,normal
743,1428027,7434,7452,0.00780,-0.14820,-0.83460,0.84769,977.92,1000,22.08,50.07,201,2.3003,0.7014,LOCK,0,normal
744,1428035,7442,7460,0.00780,-0.14820,-0.83460,0.84769,980.66,1000,19.34,50.07,201,2.2988,0.6785,LOCK,0,normal
745,1428044,7451,7469,0.12480,-0.11700,-0.81900,0.83667,983.14,1000,16.86,50.07,201,2.2892,0.5335,LOCK,0,normal
746,1428055,7462,7480,0.10920,0.12870,-0.76440,0.78281,985.40,1000,14.60,50.07,201,2.3139,0.9074,LOCK,0,normal
747,1428063,7470,7488,-0.01170,-0.03900,-0.70590,0.70707,987.43,1000,12.57,50.07,201,2.2998,0.6934,LOCK,0,normal
748,1428072,7479,7497,-0.02730,0.15990,-0.85800,0.87320,989.26,1000,10.74,50.07,201,2.3067,0.7990,LOCK,0,normal
749,1428085,7492,7510,0.00780,-0.15210,-0.92430,0.93676,990.91,1000,9.09,50.07,201,2.3138,0.9059,LOCK,0,normal
750,1428094,7501,7519,0.08580,-0.19500,-0.89310,0.91816,992.39,1000,7.61,50.07,201,2.3134,0.8998,LOCK,0,normal
751,1428103,7510,7528,0.11310,-0.13650,-0.83460,0.85322,993.73,1000,6.27,50.07,201,2.3103,0.8525,LOCK,0,normal
752,1428111,7518,7536,0.08970,-0.11700,-0.67080,0.68681,994.93,1000,5.07,50.07,201,2.3114,0.8699,LOCK,0,normal
753,1428119,7526,7544,-0.05850,-0.10920,-0.71370,0.72437,996.00,1000,4.00,50.07,201,2.2864,0.4910,LOCK,0,normal
754,1428128,7535,7553,-0.05850,-0.10920,-0.71370,0.72437,996.95,1000,3.05,50.07,201,2.2949,0.6192,LOCK,0,normal
755,1428136,7543,7561,-0.13650,0.07410,-0.78390,0.79914,997.81,1000,2.19,50.07,201,2.3091,0.8344,LOCK,0,normal
756,1428146,7553,7571,-0.15990,-0.14820,-0.93210,0.95726,1001.86,1000,-1.86,50.07,201,2.2890,0.5307,LOCK,0,normal
757,1428156,7563,7581,0.09360,0.18720,-0.84630,0.87180,1004.41,1000,-4.41,50.07,201,2.3104,0.8549,LOCK,0,normal
758,1428166,7573,7591,0.04290,-0.08190,-0.83850,0.84358,1005.21,1000,-5.21,50.07,201,2.3084,0.8250,LOCK,0,normal
759,1428176,7583,7601,0.10530,0.02730,-0.58500,0.59503,1005.64,1000,-5.64,50.07,201,2.3095,0.8406,LOCK,0,normal
760,1428186,7593,7611,0.05850,-0.01950,-0.88530,0.88744,1005.78,1000,-5.78,50.07,201,2.3036,0.7508,LOCK,0,normal
761,1428196,7603,7621,-0.00390,0.07410,-0.83460,0.83789,1005.82,1000,-5.82,50.07,201,2.3099,0.8473,LOCK,0,normal
762,1428206,7613,7631,0.01560,0.27300,-0.76830,0.81551,1005.83,1000,-5.83,50.07,201,2.3106,0.8579,LOCK,0,normal
763,1428216,7623,7641,0.05070,0.09750,-0.81120,0.81861,1005.83,1000,-5.83,50.07,201,2.3091,0.8348,LOCK,0,normal
764,1428226,7633,7651,0.18330,-0.02340,-0.78390,0.80539,1005.83,1000,-5.83,50.07,201,2.2815,0.4172,LOCK,0,normal
765,1428236,7643,7661,-0.02340,0.14820,-0.78780,0.80196,1005.70,1000,-5.70,50.07,201,2.3017,0.7221,LOCK,0,normal
766,1428246,7653,7671,-0.16380,0.10140,-0.75270,0.77696,1005.66,1000,-5.66,50.07,201,2.2859,0.4831,LOCK,0,normal
767,1428256,7663,7681,-0.02730,0.03510,-0.83070,0.83189,1005.65,1000,-5.65,50.07,201,2.3070,0.8033,LOCK,0,normal
768,1428266,7673,7691,-0.08580,-0.01560,-0.81900,0.82363,1005.65,1000,-5.65,50.07,201,2.3103,0.8528,LOCK,0,normal
769,1428276,7683,7701,0.14040,0.04290,-0.75660,0.77071,1005.65,1000,-5.65,50.07,201,2.3102,0.8515,LOCK,0,normal
770,1428289,7696,7714,0.08970,0.10530,-0.81900,0.83060,1005.65,1000,-5.65,50.07,201,2.3125,0.8869,LOCK,0,normal
771,1428298,7705,7723,-0.05460,0.31200,-0.83070,0.88904,1005.65,1000,-5.65,50.07,201,2.3035,0.7499,LOCK,0,normal
772,1428306,7713,7731,-0.08580,0.03510,-0.70980,0.71583,1005.65,1000,-5.65,50.07,201,2.3111,0.8653,LOCK,0,normal
773,1428316,7723,7741,-0.05070,-0.22230,-0.78390,0.81639,1005.65,1000,-5.65,50.07,201,2.3112,0.8668,LOCK,0,normal
774,1428326,7733,7751,0.09750,-0.15600,-0.81510,0.83560,1005.65,1000,-5.65,50.07,201,2.3122,0.8818,LOCK,0,normal
775,1428336,7743,7761,0.08970,-0.12480,-0.78390,0.79882,1005.65,1000,-5.65,50.07,201,2.2817,0.4190,LOCK,0,normal
776,1428346,7753,7771,0.08970,0.13650,-0.74880,0.76641,1005.65,1000,-5.65,50.07,201,2.2893,0.5356,LOCK,0,normal
777,1428356,7763,7781,-0.13260,0.15600,-0.75270,0.78005,1005.50,1000,-5.50,50.07,201,2.3052,0.7764,LOCK,0,normal
778,1428366,7773,7791,-0.13260,0.14040,-0.83070,0.85285,1005.47,1000,-5.47,50.07,201,2.3082,0.8216,LOCK,0,normal
779,1428376,7783,7801,-0.02730,-0.21840,-0.84630,0.87445,1005.46,1000,-5.46,50.07,201,2.3073,0.8073,LOCK,0,normal
780,1428386,7793,7811,-0.02730,-0.21840,-0.84630,0.87445,1005.45,1000,-5.45,50.07,201,2.3060,0.7871,LOCK,0,normal
781,1428396,7803,7821,0.02340,-0.04680,-0.82680,0.82845,1005.45,1000,-5.45,50.07,201,2.3188,0.9819,LOCK,0,normal
782,1428406,7813,7831,0.09750,-0.20670,-0.88530,0.91432,1005.45,1000,-5.45,50.07,201,2.3098,0.8448,LOCK,0,normal
783,1428416,7823,7841,0.08190,0.14820,-0.64740,0.66918,1005.45,1000,-5.45,50.07,201,2.3085,0.8265,LOCK,0,normal
784,1428426,7833,7851,0.07020,-0.19500,-0.69420,0.72448,1005.45,1000,-5.45,50.07,201,2.3107,0.8589,LOCK,0,normal
785,1428436,7843,7861,-0.11700,0.18330,-0.87360,0.90026,1005.45,1000,-5.45,50.07,201,2.2877,0.5109,LOCK,0,normal
786,1428446,7853,7871,-0.08970,0.09360,-0.91260,0.92176,1005.45,1000,-5.45,50.07,201,2.2896,0.5387,LOCK,0,normal
787,1428456,7863,7881,-0.05460,-0.01950,-0.89310,0.89498,1005.45,1000,-5.45,50.07,201,2.2970,0.6513,LOCK,0,normal
788,1428466,7873,7891,0.00000,0.13650,-0.83850,0.84954,1005.45,1000,-5.45,50.07,201,2.3033,0.7471,LOCK,0,normal
789,1428476,7883,7901,0.16770,-0.03900,-0.72540,0.74555,1005.48,1000,-5.48,50.07,201,2.3093,0.8378,LOCK,0,normal
790,1428489,7896,7914,-0.08580,0.04290,-0.86580,0.87110,1005.48,1000,-5.48,50.07,201,2.3135,0.9016,LOCK,0,normal
791,1428498,7905,7923,-0.08580,0.04290,-0.86580,0.87110,1005.48,1000,-5.48,50.07,201,2.3107,0.8598,LOCK,0,normal
792,1428506,7913,7931,0.00000,-0.01560,-0.87360,0.87374,1005.48,1000,-5.48,50.07,201,2.3094,0.8390,LOCK,0,normal
793,1428516,7923,7941,-0.05850,0.15600,-0.83850,0.85489,1005.49,1000,-5.49,50.07,201,2.3125,0.8863,LOCK,0,normal
794,1428526,7933,7951,0.03510,-0.05460,-0.86970,0.87212,1005.49,1000,-5.49,50.07,201,2.3162,0.9422,LOCK,0,normal
795,1428536,7943,7961,-0.13650,0.00390,-0.61620,0.63115,1005.64,1000,-5.64,50.07,201,2.2855,0.4767,LOCK,0,normal
796,1428546,7953,7971,-0.15600,0.10140,-0.78000,0.80188,1005.70,1000,-5.70,50.07,201,2.2849,0.4684,LOCK,0,normal
797,1428556,7963,7981,-0.14430,0.02730,-0.87360,0.88586,1005.72,1000,-5.72,50.07,201,2.2926,0.5848,LOCK,0,normal
798,1428566,7973,7991,-0.07020,0.07020,-0.75270,0.75922,1005.72,1000,-5.72,50.07,201,2.3098,0.8460,LOCK,0,normal
799,1428576,7983,8001,0.06240,0.08190,-0.77610,0.78290,1005.72,1000,-5.72,50.07,201,2.3110,0.8644,LOCK,0,normal
800,1428586,7993,8011,0.07020,0.00390,-0.77220,0.77539,1005.72,1000,-5.72,50.07,201,2.3109,0.8622,LOCK,0,normal
801,1428596,8003,8021,-0.02730,0.14430,-0.79950,0.81288,1005.53,1000,-5.53,50.07,201,2.3062,0.7914,LOCK,0,normal
802,1428606,8013,8031,-0.00780,0.13650,-0.85410,0.86497,1005.45,1000,-5.45,50.07,201,2.3120,0.8793,LOCK,0,normal
803,1428616,8023,8041,0.05850,-0.02730,-0.85410,0.85654,1005.44,1000,-5.44,50.07,201,2.3179,0.9681,LOCK,0,normal
804,1428626,8033,8051,0.04290,0.01170,-0.84240,0.84357,1005.43,1000,-5.43,50.07,201,2.3103,0.8525,LOCK,0,normal
805,1428636,8043,8061,0.08580,-0.00780,-0.79170,0.79637,1005.43,1000,-5.43,50.07,201,2.2853,0.4746,LOCK,0,normal
806,1428646,8053,8071,0.07410,0.19110,-0.83850,0.86319,1005.43,1000,-5.43,50.07,201,2.2934,0.5976,LOCK,0,normal
807,1428656,8063,8081,-0.00780,0.20280,-0.82290,0.84756,1005.29,1000,-5.29,50.07,201,2.2922,0.5780,LOCK,0,normal
808,1428666,8073,8091,-0.19500,0.07020,-0.76050,0.78823,1005.25,1000,-5.25,50.07,201,2.3079,0.8164,LOCK,0,normal
809,1428676,8083,8101,-0.11310,-0.22620,-0.85800,0.89450,1005.24,1000,-5.24,50.07,201,2.3085,0.8265,LOCK,0,normal
810,1428689,8096,8114,0.07020,-0.21450,-0.85800,0.88719,1005.24,1000,-5.24,50.07,201,2.3088,0.8296,LOCK,0,normal
811,1428697,8104,8122,0.15210,0.00780,-0.74880,0.76413,1005.24,1000,-5.24,50.07,201,2.3124,0.8854,LOCK,0,normal
812,1428706,8113,8131,0.05850,0.20670,-0.78780,0.81656,1005.24,1000,-5.24,50.07,201,2.3095,0.8415,LOCK,0,normal
813,1428716,8123,8141,-0.16380,0.19500,-0.79950,0.83908,1005.30,1000,-5.30,50.07,201,2.3086,0.8277,LOCK,0,normal
814,1428726,8133,8151,0.08190,0.01170,-0.74100,0.74560,1005.33,1000,-5.33,50.07,201,2.3069,0.8015,LOCK,0,normal
815,1428736,8143,8161,0.00780,-0.22230,-0.79170,0.82235,1005.33,1000,-5.33,50.07,201,2.3123,0.8836,LOCK,0,normal
816,1428746,8153,8171,0.00000,0.05850,-0.86190,0.86388,1005.34,1000,-5.34,50.07,201,2.2628,0.1327,LOCK,0,normal
817,1428756,8163,8181,0.05460,-0.13260,-0.87750,0.88914,1005.34,1000,-5.34,50.07,201,2.2816,0.4181,LOCK,0,normal
818,1428766,8173,8191,0.01950,0.14040,-0.58500,0.60193,1005.34,1000,-5.34,50.07,201,2.3018,0.7236,LOCK,0,normal
819,1428776,8183,8201,0.09360,-0.16380,-0.72150,0.74576,1005.15,1000,-5.15,50.07,201,2.3049,0.7706,LOCK,0,normal
820,1428786,8193,8211,0.09360,-0.16380,-0.72150,0.74576,1005.11,1000,-5.11,50.07,201,2.3148,0.9205,LOCK,0,normal
821,1428796,8203,8221,-0.08580,0.08970,-0.81900,0.82835,1005.09,1000,-5.09,50.07,201,2.3047,0.7685,LOCK,0,normal
822,1428806,8213,8231,0.02340,0.06240,-0.80340,0.80616,1005.09,1000,-5.09,50.07,201,2.3151,0.9254,LOCK,0,normal
823,1428816,8223,8241,-0.12870,0.04680,-0.96330,0.97299,1005.08,1000,-5.08,50.07,201,2.3016,0.7218,LOCK,0,normal
824,1428826,8233,8251,0.06630,0.09360,-0.77610,0.78453,1005.08,1000,-5.08,50.07,201,2.3097,0.8436,LOCK,0,normal
825,1428836,8243,8261,0.05070,-0.01170,-0.72540,0.72726,1005.12,1000,-5.12,50.07,201,2.3091,0.8341,LOCK,0,normal
826,1428846,8253,8271,-0.05850,-0.16770,-0.66690,0.69015,1005.13,1000,-5.13,50.07,201,2.2848,0.4672,LOCK,0,normal
827,1428856,8263,8281,-0.01560,0.06630,-0.78780,0.79074,1005.13,1000,-5.13,50.07,201,2.2967,0.6464,LOCK,0,normal
828,1428866,8273,8291,0.03510,0.09360,-0.83850,0.84444,1005.13,1000,-5.13,50.07,201,2.2826,0.4327,LOCK,0,normal
829,1428876,8283,8301,-0.01170,0.23790,-0.80730,0.84170,1005.13,1000,-5.13,50.07,201,2.3110,0.8637,LOCK,0,normal
830,1428889,8296,8314,0.10530,-0.05460,-0.69420,0.70426,1005.13,1000,-5.13,50.07,201,2.3142,0.9120,LOCK,0,normal
831,1428898,8305,8323,0.10530,-0.05460,-0.69420,0.70426,1005.13,1000,-5.13,50.07,201,2.3119,0.8772,LOCK,0,normal
832,1428906,8313,8331,-0.12090,0.07410,-0.80730,0.81966,1005.13,1000,-5.13,50.07,201,2.3074,0.8091,LOCK,0,normal
833,1428916,8323,8341,-0.05070,-0.10140,-0.86580,0.87319,1005.14,1000,-5.14,50.07,201,2.3084,0.8247,LOCK,0,normal
834,1428926,8333,8351,0.11700,-0.06240,-0.75660,0.76813,1005.15,1000,-5.15,50.07,201,2.3125,0.8863,LOCK,0,normal
835,1428936,8343,8361,-0.03120,0.00780,-0.71760,0.71832,1005.15,1000,-5.15,50.07,201,2.3084,0.8238,LOCK,0,normal
836,1428946,8353,8371,0.00390,-0.05460,-0.82680,0.82861,1005.15,1000,-5.15,50.07,201,2.2983,0.6708,LOCK,0,normal
837,1428956,8363,8381,0.14820,0.10530,-0.72540,0.74783,1005.13,1000,-5.13,50.07,201,2.3091,0.8351,LOCK,0,normal
838,1428966,8373,8391,0.06240,0.01170,-0.77220,0.77481,1005.13,1000,-5.13,50.07,201,2.2972,0.6543,LOCK,0,normal
839,1428976,8383,8401,-0.06240,-0.06240,-0.81510,0.81986,1005.13,1000,-5.13,50.07,201,2.3115,0.8705,LOCK,0,normal
840,1428986,8393,8411,0.05460,-0.15600,-0.75270,0.77063,1005.13,1000,-5.13,50.07,201,2.3149,0.9230,LOCK,0,normal
841,1428996,8403,8421,0.05070,-0.14430,-0.77220,0.78720,1005.13,1000,-5.13,50.07,201,2.3029,0.7404,LOCK,0,normal
842,1429006,8413,8431,0.24960,0.05460,-0.74100,0.78381,1005.13,1000,-5.13,50.07,201,2.3140,0.9092,LOCK,0,normal
843,1429016,8423,8441,-0.01170,0.12480,-0.81120,0.82083,1005.18,1000,-5.18,50.07,201,2.3157,0.9346,LOCK,0,normal
844,1429026,8433,8451,-0.06240,0.10140,-0.73710,0.74665,1005.20,1000,-5.20,50.07,201,2.3087,0.8280,LOCK,0,normal
845,1429036,8443,8461,0.07800,0.00780,-0.86190,0.86546,1005.20,1000,-5.20,50.07,201,2.3066,0.7969,LOCK,0,normal
846,1429046,8453,8471,0.05850,-0.25740,-0.93600,0.97251,1005.20,1000,-5.20,50.07,201,2.3021,0.7291,LOCK,0,normal
847,1429056,8463,8481,0.22230,-0.07800,-0.76440,0.79988,1005.20,1000,-5.20,50.07,201,2.2944,0.6122,LOCK,0,normal
848,1429066,8473,8491,-0.00780,0.09360,-0.77220,0.77789,1005.20,1000,-5.20,50.07,201,2.2904,0.5518,LOCK,0,normal
849,1429076,8483,8501,-0.05850,0.06240,-0.80730,0.81182,1005.20,1000,-5.20,50.07,201,2.3036,0.7517,LOCK,0,normal
850,1429089,8496,8514,-0.04290,-0.02340,-0.81510,0.81656,1005.20,1000,-5.20,50.07,201,2.3068,0.8006,LOCK,0,normal
851,1429097,8504,8522,-0.14040,-0.09360,-0.82680,0.84384,1005.20,1000,-5.20,50.07,201,2.3145,0.9162,LOCK,0,normal
852,1429106,8513,8531,0.05850,0.09750,-0.92820,0.93514,1005.20,1000,-5.20,50.07,201,2.3090,0.8332,LOCK,0,normal
853,1429116,8523,8541,-0.02730,-0.03900,-0.87750,0.87879,1005.20,1000,-5.20,50.07,201,2.3089,0.8311,LOCK,0,normal
854,1429126,8533,8551,0.01170,0.07800,-0.55380,0.55939,1005.20,1000,-5.20,50.07,201,2.3125,0.8866,LOCK,0,normal
855,1429136,8543,8561,0.02340,-0.13650,-0.67470,0.68877,1005.11,1000,-5.11,50.07,201,2.3075,0.8106,LOCK,0,normal
856,1429146,8553,8571,0.02340,0.10530,-0.83070,0.83767,1005.08,1000,-5.08,50.07,201,2.2947,0.6162,LOCK,0,normal
857,1429156,8563,8581,0.10530,0.11700,-0.80730,0.82250,1005.08,1000,-5.08,50.07,201,2.2904,0.5515,LOCK,0,normal
858,1429166,8573,8591,-0.00390,0.18330,-0.82680,0.84688,1005.07,1000,-5.07,50.07,201,2.3022,0.7300,LOCK,0,normal
859,1429176,8583,8601,-0.00390,0.18330,-0.82680,0.84688,1005.07,1000,-5.07,50.07,201,2.2873,0.5045,LOCK,0,normal
860,1429186,8593,8611,0.09360,-0.02340,-0.83850,0.84403,1005.07,1000,-5.07,50.07,201,2.3133,0.8992,LOCK,0,normal
861,1429196,8603,8621,-0.01170,0.14820,-0.76440,0.77872,1005.00,1000,-5.00,50.07,201,2.3090,0.8329,LOCK,0,normal
862,1429206,8613,8631,-0.11700,0.16380,-0.79950,0.82445,1004.98,1000,-4.98,50.07,201,2.3159,0.9373,LOCK,0,normal
863,1429216,8623,8641,-0.08970,0.11700,-0.91260,0.92443,1004.98,1000,-4.98,50.07,201,2.3147,0.9196,LOCK,0,normal
864,1429226,8633,8651,0.03900,0.08970,-0.80730,0.81320,1004.97,1000,-4.97,50.07,201,2.3057,0.7829,LOCK,0,normal
865,1429236,8643,8661,-0.01170,0.02730,-0.72930,0.72990,1004.97,1000,-4.97,50.07,201,2.3058,0.7844,LOCK,0,normal
866,1429246,8653,8671,-0.03510,0.03510,-0.80730,0.80882,1004.97,1000,-4.97,50.07,201,2.3107,0.8589,LOCK,0,normal
867,1429256,8663,8681,0.01950,0.06630,-0.83850,0.84134,1005.15,1000,-5.15,50.07,201,2.2875,0.5072,LOCK,0,normal
868,1429266,8673,8691,0.12090,0.07020,-0.76830,0.78092,1005.20,1000,-5.20,50.07,201,2.3005,0.7041,LOCK,0,normal
869,1429276,8683,8701,0.05070,-0.05460,-0.80730,0.81073,1005.21,1000,-5.21,50.07,201,2.2894,0.5362,LOCK,0,normal
870,1429290,8697,8715,0.14430,-0.05460,-0.72150,0.73781,1005.21,1000,-5.21,50.07,201,2.3165,0.9465,LOCK,0,normal
871,1429298,8705,8723,0.14430,-0.05460,-0.72150,0.73781,1005.21,1000,-5.21,50.07,201,2.3152,0.9269,LOCK,0,normal
872,1429306,8713,8731,0.10140,-0.05850,-0.78780,0.79645,1005.21,1000,-5.21,50.07,201,2.3143,0.9141,LOCK,0,normal
873,1429316,8723,8741,-0.13260,0.13650,-0.69810,0.72357,1005.18,1000,-5.18,50.07,201,2.3122,0.8824,LOCK,0,normal
874,1429326,8733,8751,-0.07020,0.05850,-0.75660,0.76210,1005.16,1000,-5.16,50.07,201,2.3167,0.9495,LOCK,0,normal
875,1429336,8743,8761,-0.08580,-0.15990,-0.74490,0.76668,1005.15,1000,-5.15,50.07,201,2.3179,0.9681,LOCK,0,normal
876,1429346,8753,8771,0.07410,-0.19890,-0.81120,0.83851,1005.15,1000,-5.15,50.07,201,2.3018,0.7242,LOCK,0,normal
877,1429356,8763,8781,0.10920,-0.15990,-0.78390,0.80746,1005.15,1000,-5.15,50.07,201,2.2789,0.3772,LOCK,0,normal
878,1429366,8773,8791,0.08970,0.21840,-0.69420,0.73325,1005.15,1000,-5.15,50.07,201,2.2963,0.6415,LOCK,0,normal
879,1429376,8783,8801,-0.15210,0.10920,-0.75270,0.77564,1005.10,1000,-5.10,50.07,201,2.2947,0.6171,LOCK,0,normal
880,1429386,8793,8811,-0.07410,0.09750,-0.78000,0.78955,1005.09,1000,-5.09,50.07,201,2.3204,1.0057,LOCK,0,normal
881,1429396,8803,8821,-0.06630,0.04290,-0.86190,0.86551,1005.09,1000,-5.09,50.07,201,2.3083,0.8235,LOCK,0,normal
882,1429406,8813,8831,0.01950,0.09750,-0.93600,0.94127,1005.09,1000,-5.09,50.07,201,2.3141,0.9101,LOCK,0,normal
883,1429416,8823,8841,-0.04680,-0.13260,-0.81900,0.83098,1005.09,1000,-5.09,50.07,201,2.3079,0.8164,LOCK,0,normal
884,1429426,8833,8851,0.14430,-0.03510,-0.68250,0.69847,1005.09,1000,-5.09,50.07,201,2.3116,0.8732,LOCK,0,normal
885,1429436,8843,8861,-0.09360,-0.13650,-0.70200,0.72125,1005.01,1000,-5.01,50.07,201,2.3151,0.9251,LOCK,0,normal
886,1429446,8853,8871,-0.14430,0.10530,-0.83070,0.84969,1004.98,1000,-4.98,50.07,201,2.3098,0.8460,LOCK,0,normal
887,1429456,8863,8881,-0.09360,-0.06630,-0.90870,0.91591,1004.97,1000,-4.97,50.07,201,2.2854,0.4761,LOCK,0,normal
888,1429466,8873,8891,-0.08970,0.10140,-0.92820,0.93802,1004.97,1000,-4.97,50.07,201,2.2984,0.6733,LOCK,0,normal
889,1429476,8883,8901,-0.01560,0.03510,-0.86580,0.86665,1004.97,1000,-4.97,50.07,201,2.2889,0.5283,LOCK,0,normal
890,1429489,8896,8914,0.14820,-0.10140,-0.65910,0.68312,1004.97,1000,-4.97,50.07,201,2.3069,0.8015,LOCK,0,normal
891,1429498,8905,8923,-0.12870,0.04680,-0.80340,0.81499,1004.98,1000,-4.98,50.07,201,2.3129,0.8921,LOCK,0,normal
892,1429506,8913,8931,-0.03900,0.12480,-0.86580,0.87562,1004.99,1000,-4.99,50.07,201,2.3092,0.8360,LOCK,0,normal
893,1429516,8923,8941,-0.03120,-0.08190,-0.81900,0.82368,1005.03,1000,-5.03,50.07,201,2.3105,0.8564,LOCK,0,normal
894,1429526,8933,8951,0.10140,0.23790,-0.74100,0.78483,1005.06,1000,-5.06,50.07,201,2.3115,0.8714,LOCK,0,normal
895,1429536,8943,8961,0.11310,0.10140,-0.85800,0.87134,1005.07,1000,-5.07,50.07,201,2.3167,0.9495,LOCK,0,normal
896,1429546,8953,8971,-0.02730,0.19500,-0.69420,0.72158,1005.08,1000,-5.08,50.07,201,2.3104,0.8549,LOCK,0,normal
897,1429556,8963,8981,-0.01950,0.01560,-0.80730,0.80769,1005.08,1000,-5.08,50.07,201,2.2848,0.4669,LOCK,0,normal
898,1429566,8973,8991,-0.01950,0.01560,-0.80730,0.80769,1005.08,1000,-5.08,50.07,201,2.2808,0.4059,LOCK,0,normal
899,1429576,8983,9001,-0.09360,-0.02340,-0.77610,0.78207,1005.08,1000,-5.08,50.07,201,2.2882,0.5185,LOCK,0,normal
900,1429586,8993,9011,0.02730,0.03120,-0.74880,0.74995,1005.08,1000,-5.08,50.07,201,2.3132,0.8964,LOCK,0,normal
901,1429596,9003,9021,0.04680,-0.02730,-0.71760,0.71964,1005.08,1000,-5.08,50.07,201,2.3109,0.8616,LOCK,0,normal
902,1429606,9013,9031,0.05070,0.15210,-0.76440,0.78103,1005.10,1000,-5.10,50.07,201,2.3108,0.8601,LOCK,0,normal
903,1429616,9023,9041,-0.03900,0.23010,-0.80340,0.83661,1005.13,1000,-5.13,50.07,201,2.3107,0.8586,LOCK,0,normal
904,1429626,9033,9051,-0.02340,0.16770,-0.74880,0.76771,1005.13,1000,-5.13,50.07,201,2.3081,0.8201,LOCK,0,normal
905,1429636,9043,9061,0.00000,-0.09750,-0.73710,0.74352,1005.14,1000,-5.14,50.07,201,2.3055,0.7801,LOCK,0,normal
906,1429646,9053,9071,0.05850,-0.12870,-0.83070,0.84264,1005.14,1000,-5.14,50.07,201,2.3176,0.9636,LOCK,0,normal
907,1429656,9063,9081,0.11700,-0.14430,-0.76050,0.78286,1005.14,1000,-5.14,50.07,201,2.3129,0.8924,LOCK,0,normal
908,1429666,9073,9091,0.10140,0.14040,-0.73320,0.75338,1005.01,1000,-5.01,50.07,201,2.3067,0.7990,LOCK,0,normal
909,1429676,9083,9101,0.00390,0.15990,-0.78780,0.80387,1004.87,1000,-4.87,50.07,201,2.3026,0.7365,LOCK,0,normal
910,1429690,9097,9115,-0.02730,-0.26130,-0.85410,0.89359,1004.86,1000,-4.86,50.07,201,2.3101,0.8506,LOCK,0,normal
911,1429698,9105,9123,-0.02730,-0.26130,-0.85410,0.89359,1004.85,1000,-4.85,50.07,201,2.3138,0.9065,LOCK,0,normal
912,1429707,9114,9132,0.06630,-0.16770,-0.92430,0.94173,1004.85,1000,-4.85,50.07,201,2.3047,0.7679,LOCK,0,normal
913,1429716,9123,9141,0.13260,-0.15600,-0.83850,0.86313,1004.84,1000,-4.84,50.07,201,2.3084,0.8244,LOCK,0,normal
914,1429726,9133,9151,-0.00390,-0.02340,-0.66690,0.66732,1004.95,1000,-4.95,50.07,201,2.3180,0.9700,LOCK,0,normal
915,1429736,9143,9161,-0.06630,-0.03900,-0.75660,0.76050,1005.02,1000,-5.02,50.07,201,2.3074,0.8097,LOCK,0,normal
916,1429746,9153,9171,-0.04680,0.08580,-0.84240,0.84805,1005.05,1000,-5.05,50.07,201,2.3090,0.8335,LOCK,0,normal
917,1429756,9163,9181,-0.17160,-0.17550,-0.86580,0.89992,1005.05,1000,-5.05,50.07,201,2.3086,0.8271,LOCK,0,normal
918,1429766,9173,9191,-0.01950,0.19110,-0.90090,0.92115,1005.06,1000,-5.06,50.07,201,2.2771,0.3497,LOCK,0,normal
919,1429776,9183,9201,0.06240,-0.07800,-0.87360,0.87929,1005.06,1000,-5.06,50.07,201,2.2937,0.6009,LOCK,0,normal
920,1429786,9193,9211,0.20280,0.12090,-0.62010,0.66353,1005.00,1000,-5.00,50.07,201,2.2887,0.5261,LOCK,0,normal
921,1429796,9203,9221,0.11700,-0.10140,-0.85800,0.87186,1004.99,1000,-4.99,50.07,201,2.3124,0.8854,LOCK,0,normal
922,1429806,9213,9231,-0.02340,0.08580,-0.83850,0.84320,1004.98,1000,-4.98,50.07,201,2.3132,0.8973,LOCK,0,normal
923,1429816,9223,9241,0.14820,0.30420,-0.79170,0.86098,1004.98,1000,-4.98,50.07,201,2.3052,0.7761,LOCK,0,normal
924,1429826,9233,9251,0.08580,0.17550,-0.83850,0.86096,1004.98,1000,-4.98,50.07,201,2.2984,0.6733,LOCK,0,normal
925,1429836,9243,9261,0.15600,0.15990,-0.84630,0.87529,1004.98,1000,-4.98,50.07,201,2.3053,0.7768,LOCK,0,normal
926,1429846,9253,9271,0.02730,0.19890,-0.75270,0.77901,1004.89,1000,-4.89,50.07,201,2.3105,0.8567,LOCK,0,normal
927,1429856,9263,9281,-0.10140,0.10140,-0.77610,0.78924,1004.86,1000,-4.86,50.07,201,2.3029,0.7407,LOCK,0,normal
928,1429866,9273,9291,-0.04680,0.06630,-0.81900,0.82301,1004.85,1000,-4.85,50.07,201,2.2885,0.5231,LOCK,0,normal
929,1429876,9283,9301,-0.08970,-0.08970,-0.76440,0.77485,1004.85,1000,-4.85,50.07,201,2.2899,0.5442,LOCK,0,normal
930,1429889,9296,9314,0.15990,0.03510,-0.75660,0.77411,1004.85,1000,-4.85,50.07,201,2.2964,0.6418,LOCK,0,normal
931,1429898,9305,9323,0.08970,0.06630,-0.85410,0.86135,1004.85,1000,-4.85,50.07,201,2.3130,0.8946,LOCK,0,normal
932,1429907,9314,9332,-0.03900,0.25740,-0.69030,0.73776,1004.86,1000,-4.86,50.07,201,2.3048,0.7691,LOCK,0,normal
933,1429916,9323,9341,0.01950,-0.02340,-0.65130,0.65201,1004.87,1000,-4.87,50.07,201,2.3121,0.8808,LOCK,0,normal
934,1429926,9333,9351,0.01170,-0.15600,-0.80340,0.81849,1004.90,1000,-4.90,50.07,201,2.3167,0.9507,LOCK,0,normal
935,1429936,9343,9361,0.15210,-0.14430,-0.71760,0.74760,1004.91,1000,-4.91,50.07,201,2.3138,0.9068,LOCK,0,normal
936,1429946,9353,9371,0.11700,-0.07800,-0.72150,0.73507,1004.92,1000,-4.92,50.07,201,2.3136,0.9037,LOCK,0,normal
937,1429956,9363,9381,0.11700,-0.07800,-0.72150,0.73507,1004.92,1000,-4.92,50.07,201,2.3055,0.7801,LOCK,0,normal
938,1429966,9373,9391,0.13650,0.04290,-0.80340,0.81604,1004.84,1000,-4.84,50.07,201,2.2920,0.5762,LOCK,0,normal
939,1429976,9383,9401,-0.07020,0.18330,-0.79170,0.81567,1004.82,1000,-4.82,50.07,201,2.2848,0.4660,LOCK,0,normal
940,1429986,9393,9411,-0.16380,0.17160,-0.75660,0.79292,1004.81,1000,-4.81,50.07,201,2.2867,0.4947,LOCK,0,normal
941,1429996,9403,9421,-0.07410,-0.19500,-0.76830,0.79612,1004.81,1000,-4.81,50.07,201,2.3075,0.8103,LOCK,0,normal
942,1430006,9413,9431,0.10530,-0.11310,-0.85410,0.86797,1004.81,1000,-4.81,50.07,201,2.3153,0.9288,LOCK,0,normal
943,1430016,9423,9441,0.11700,-0.22230,-0.81900,0.85666,1004.81,1000,-4.81,50.07,201,2.3128,0.8915,LOCK,0,normal
944,1430026,9433,9451,0.08580,0.09360,-0.70980,0.72107,1004.81,1000,-4.81,50.07,201,2.3109,0.8616,LOCK,0,normal
945,1430036,9443,9461,-0.03510,-0.16380,-0.73320,0.75209,1004.81,1000,-4.81,50.07,201,2.3080,0.8186,LOCK,0,normal
946,1430046,9453,9471,-0.00780,0.19110,-0.88140,0.90191,1004.81,1000,-4.81,50.07,201,2.3059,0.7862,LOCK,0,normal
947,1430056,9463,9481,-0.07800,-0.04680,-0.92820,0.93265,1004.81,1000,-4.81,50.07,201,2.3117,0.8738,LOCK,0,normal
948,1430066,9473,9491,0.08580,-0.03510,-0.94380,0.94834,1004.81,1000,-4.81,50.07,201,2.3058,0.7850,LOCK,0,normal
949,1430076,9483,9501,0.04290,-0.03900,-0.82290,0.82494,1004.81,1000,-4.81,50.07,201,2.2875,0.5069,LOCK,0,normal
950,1430089,9496,9514,0.03120,0.01560,-0.76830,0.76909,1004.80,1000,-4.80,50.07,201,2.3001,0.6980,LOCK,0,normal
951,1430098,9505,9523,0.03120,0.01560,-0.76830,0.76909,1004.79,1000,-4.79,50.07,201,2.3043,0.7618,LOCK,0,normal
952,1430107,9514,9532,-0.14430,0.00780,-0.83070,0.84318,1004.79,1000,-4.79,50.07,201,2.3069,0.8021,LOCK,0,normal
953,1430116,9523,9541,-0.13650,-0.16380,-0.87750,0.90303,1004.79,1000,-4.79,50.07,201,2.3043,0.7627,LOCK,0,normal
954,1430126,9533,9551,0.10140,0.16770,-0.85020,0.87249,1004.78,1000,-4.78,50.07,201,2.3073,0.8082,LOCK,0,normal
955,1430136,9543,9561,0.01170,-0.03120,-0.85800,0.85865,1004.78,1000,-4.78,50.07,201,2.3148,0.9205,LOCK,0,normal
956,1430146,9553,9571,0.11310,0.00390,-0.59280,0.60351,1004.69,1000,-4.69,50.07,201,2.3075,0.8112,LOCK,0,normal
957,1430156,9563,9581,0.01560,0.00390,-0.78780,0.78796,1004.66,1000,-4.66,50.07,201,2.3085,0.8265,LOCK,0,normal
958,1430166,9573,9591,-0.03510,0.01170,-0.81120,0.81204,1004.65,1000,-4.65,50.07,201,2.3173,0.9590,LOCK,0,normal
959,1430176,9583,9601,-0.05850,0.15990,-0.78390,0.80218,1004.65,1000,-4.65,50.07,201,2.3089,0.8311,LOCK,0,normal
960,1430186,9593,9611,0.09360,0.03120,-0.81900,0.82492,1004.65,1000,-4.65,50.07,201,2.2905,0.5530,LOCK,0,normal
961,1430196,9603,9621,0.14820,-0.04680,-0.72540,0.74186,1004.65,1000,-4.65,50.07,201,2.2939,0.6046,LOCK,0,normal
962,1430206,9613,9631,-0.13260,0.15600,-0.74100,0.76877,1004.60,1000,-4.60,50.07,201,2.3131,0.8952,LOCK,0,normal
963,1430216,9623,9641,-0.12090,0.12480,-0.79950,0.81816,1004.57,1000,-4.57,50.07,201,2.3078,0.8155,LOCK,0,normal
964,1430226,9633,9651,-0.08970,0.00780,-0.85800,0.86271,1004.57,1000,-4.57,50.07,201,2.3039,0.7566,LOCK,0,normal
965,1430236,9643,9661,-0.05850,0.03900,-0.80730,0.81036,1004.57,1000,-4.57,50.07,201,2.3175,0.9623,LOCK,0,normal
966,1430246,9653,9671,0.14040,0.08580,-0.75660,0.77429,1004.57,1000,-4.57,50.07,201,2.3072,0.8064,LOCK,0,normal
967,1430256,9663,9681,0.13650,0.07800,-0.83460,0.84928,1004.57,1000,-4.57,50.07,201,2.3090,0.8329,LOCK,0,normal
968,1430266,9673,9691,0.11700,0.12480,-0.76050,0.77950,1004.54,1000,-4.54,50.07,201,2.3026,0.7371,LOCK,0,normal
969,1430276,9683,9701,-0.03120,0.11700,-0.72540,0.73544,1004.53,1000,-4.53,50.07,201,2.2912,0.5631,LOCK,0,normal
970,1430290,9697,9715,-0.04290,-0.15210,-0.80730,0.82262,1004.53,1000,-4.53,50.07,201,2.2970,0.6516,LOCK,0,normal
971,1430298,9705,9723,0.07800,-0.16770,-0.82290,0.84343,1004.53,1000,-4.53,50.07,201,2.2948,0.6186,LOCK,0,normal
972,1430307,9714,9732,0.17940,-0.07020,-0.73710,0.76186,1004.53,1000,-4.53,50.07,201,2.3121,0.8799,LOCK,0,normal
973,1430316,9723,9741,0.07410,0.15210,-0.75270,0.77148,1004.53,1000,-4.53,50.07,201,2.3100,0.8488,LOCK,0,normal
974,1430326,9733,9751,-0.08190,0.13650,-0.75660,0.77316,1004.46,1000,-4.46,50.07,201,2.3084,0.8247,LOCK,0,normal
975,1430336,9743,9761,-0.06240,0.07020,-0.79560,0.80112,1004.43,1000,-4.43,50.07,201,2.3032,0.7450,LOCK,0,normal
976,1430346,9753,9771,-0.06240,0.07020,-0.79560,0.80112,1004.42,1000,-4.42,50.07,201,2.3114,0.8699,LOCK,0,normal
977,1430356,9763,9781,-0.01560,-0.23010,-0.82290,0.85461,1004.42,1000,-4.42,50.07,201,2.3090,0.8338,LOCK,0,normal
978,1430366,9773,9791,0.03900,-0.02730,-0.78390,0.78534,1004.42,1000,-4.42,50.07,201,2.3084,0.8247,LOCK,0,normal
979,1430376,9783,9801,0.06240,-0.14040,-0.82290,0.83712,1004.42,1000,-4.42,50.07,201,2.3087,0.8283,LOCK,0,normal
980,1430386,9793,9811,0.05850,0.26910,-0.63960,0.69637,1004.64,1000,-4.64,50.07,201,2.2801,0.3949,LOCK,0,normal
981,1430396,9803,9821,0.02340,-0.08190,-0.76440,0.76913,1004.70,1000,-4.70,50.07,201,2.2975,0.6586,LOCK,0,normal
982,1430406,9813,9831,-0.13650,0.07800,-0.86580,0.87996,1004.72,1000,-4.72,50.07,201,2.3035,0.7502,LOCK,0,normal
983,1430416,9823,9841,-0.02340,0.15600,-0.88140,0.89540,1004.72,1000,-4.72,50.07,201,2.3087,0.8280,LOCK,0,normal
984,1430426,9833,9851,0.08970,-0.11700,-0.96720,0.97837,1004.72,1000,-4.72,50.07,201,2.3086,0.8268,LOCK,0,normal
985,1430436,9843,9861,0.07410,0.00780,-0.77220,0.77579,1004.72,1000,-4.72,50.07,201,2.3026,0.7358,LOCK,0,normal
986,1430446,9853,9871,0.13260,0.00390,-0.71370,0.72592,1004.32,1000,-4.32,50.07,201,2.3134,0.9004,LOCK,0,normal
987,1430456,9863,9881,0.03120,-0.07410,-0.67080,0.67560,1004.18,1000,-4.18,50.07,201,2.3037,0.7523,LOCK,0,normal
988,1430466,9873,9891,-0.12480,0.08970,-0.80730,0.82180,1004.15,1000,-4.15,50.07,201,2.2993,0.6867,LOCK,0,normal
989,1430476,9883,9901,-0.04290,-0.03900,-0.89700,0.89887,1004.14,1000,-4.14,50.07,201,2.3072,0.8054,LOCK,0,normal
990,1430490,9897,9915,-0.09360,0.00390,-0.81120,0.81659,1004.13,1000,-4.13,50.07,201,2.3057,0.7829,LOCK,0,normal
991,1430498,9905,9923,-0.09360,0.00390,-0.81120,0.81659,1004.13,1000,-4.13,50.07,201,2.2868,0.4971,LOCK,0,normal
992,1430506,9913,9931,0.14820,-0.07410,-0.60450,0.62680,1004.14,1000,-4.14,50.07,201,2.3028,0.7398,LOCK,0,normal
993,1430516,9923,9941,-0.17550,0.08580,-0.73710,0.76255,1004.19,1000,-4.19,50.07,201,2.3108,0.8601,LOCK,0,normal
994,1430526,9933,9951,-0.10530,0.02340,-0.78780,0.79515,1004.22,1000,-4.22,50.07,201,2.3023,0.7316,LOCK,0,normal
995,1430536,9943,9961,-0.03510,0.00780,-0.79950,0.80031,1004.23,1000,-4.23,50.07,201,2.3092,0.8360,LOCK,0,normal
996,1430546,9953,9971,0.10530,0.20280,-0.81510,0.84652,1004.23,1000,-4.23,50.07,201,2.3106,0.8576,LOCK,0,normal
997,1430556,9963,9981,0.10920,0.01170,-0.79560,0.80314,1004.23,1000,-4.23,50.07,201,2.3095,0.8406,LOCK,0,normal
998,1430566,9973,9991,-0.03900,0.03120,-0.74100,0.74268,1004.27,1000,-4.27,50.07,201,2.3091,0.8344,LOCK,0,normal
