sample_index,time_ms_raw,time_ms_zero,elapsed_ms,ax_g,ay_g,az_g,total_g,rpm,target_rpm,rpm_error,pwm_eq,duty_10bit,acs_v,current_a,control_mode,state,fault_type
5783,9716850,0,59071.0,-0.0039,0.0819,-0.6279,0.63323,999.11,1000.0,0.89,53.17,213.0,2.2622,0.1241,LOCK,0,normal
5784,9716858,8,59079.0,-0.0039,0.0819,-0.6279,0.63323,999.13,1000.0,0.87,53.17,213.0,2.2401,-0.2101,LOCK,0,normal
5785,9716867,17,59088.0,0.117,-0.2184,-0.7683,0.80726,999.16,1000.0,0.84,53.17,213.0,2.2458,-0.1243,LOCK,0,normal
5786,9716875,25,59096.0,0.2574,0.0975,-0.585,0.64652,999.18,1000.0,0.82,53.17,213.0,2.2514,-0.0395,LOCK,0,normal
5787,9716884,34,59105.0,0.0897,-0.1404,-0.7878,0.80522,999.21,1000.0,0.79,53.17,213.0,2.2467,-0.11,LOCK,0,normal
5788,9716893,43,59114.0,0.0858,0.0078,-0.9633,0.96714,999.23,1000.0,0.77,53.17,213.0,2.2638,0.1492,LOCK,0,normal
5789,9716901,51,59122.0,-0.0858,-0.1326,-0.702,0.71955,999.25,1000.0,0.75,53.17,213.0,2.2656,0.1754,LOCK,0,normal
5790,9716910,60,59131.0,-0.0858,-0.1326,-0.702,0.71955,999.26,1000.0,0.74,53.17,213.0,2.2509,-0.0474,LOCK,0,normal
5791,9716918,68,59139.0,-0.0429,0.1092,-0.6591,0.66946,999.28,1000.0,0.72,53.17,213.0,2.2454,-0.1301,LOCK,0,normal
5792,9716927,77,59148.0,0.1911,0.0039,-0.6669,0.69375,999.29,1000.0,0.71,53.17,213.0,2.2428,-0.1704,LOCK,0,normal
5793,9716935,85,59156.0,0.0546,0.1131,-0.7293,0.74003,999.3,1000.0,0.7,53.17,213.0,2.2506,-0.0514,LOCK,0,normal
5794,9716947,97,59168.0,0.1872,-0.1131,-0.7371,0.76886,999.3,1000.0,0.7,53.17,213.0,2.2612,0.1089,LOCK,0,normal
5795,9716955,105,59176.0,0.0468,-0.0273,-1.0452,1.0466,999.31,1000.0,0.69,53.17,213.0,2.2635,0.1434,LOCK,0,normal
5796,9716963,113,59184.0,0.0039,-0.0858,-0.8736,0.87781,999.32,1000.0,0.68,53.17,213.0,2.2453,-0.1323,LOCK,0,normal
5797,9716972,122,59193.0,0.0039,-0.0858,-0.8736,0.87781,999.32,1000.0,0.68,53.17,213.0,2.2471,-0.1045,LOCK,0,normal
5798,9716980,130,59201.0,-0.1248,0.2184,-0.6786,0.72372,999.34,1000.0,0.66,53.17,213.0,2.2406,-0.2034,LOCK,0,normal
5799,9716989,139,59210.0,0.2535,-0.1677,-0.7449,0.80453,999.36,1000.0,0.64,53.17,213.0,2.253,-0.0145,LOCK,0,normal
5800,9716997,147,59218.0,0.3081,0.1404,-0.7059,0.7829,999.38,1000.0,0.62,53.17,213.0,2.2662,0.1843,LOCK,0,normal
5801,9717006,156,59227.0,-0.0117,-0.2808,-0.8775,0.92141,999.4,1000.0,0.6,53.17,213.0,2.2644,0.1577,LOCK,0,normal
5802,9717014,164,59235.0,-0.0468,0.0117,-0.858,0.85936,999.41,1000.0,0.59,53.17,213.0,2.2424,-0.1756,LOCK,0,normal
5803,9717023,173,59244.0,-0.0468,0.0117,-0.858,0.85936,999.43,1000.0,0.57,53.17,213.0,2.2464,-0.1158,LOCK,0,normal
5804,9717031,181,59252.0,-0.1443,-0.0741,-0.7215,0.73951,999.44,1000.0,0.56,53.17,213.0,2.2384,-0.2367,LOCK,0,normal
5805,9717040,190,59261.0,0.3081,-0.1755,-0.858,0.92838,999.45,1000.0,0.55,53.17,213.0,2.2568,0.0426,LOCK,0,normal
5806,9717054,204,59275.0,0.078,0.0741,-0.5967,0.60632,999.46,1000.0,0.54,53.17,213.0,2.2702,0.245,LOCK,0,normal
5807,9717062,212,59283.0,0.2496,0.0156,-1.0257,1.05575,999.48,1000.0,0.52,53.17,213.0,2.2552,0.0179,LOCK,0,normal
5808,9717070,220,59291.0,-0.0117,-0.0351,-0.7176,0.71855,999.49,1000.0,0.51,53.17,213.0,2.2409,-0.1985,LOCK,0,normal
5809,9717079,229,59300.0,-0.0156,-0.0468,-0.8385,0.83995,999.5,1000.0,0.5,53.17,213.0,2.246,-0.1213,LOCK,0,normal
5810,9717087,237,59308.0,0.0624,0.0039,-0.741,0.74363,999.51,1000.0,0.49,53.17,213.0,2.2342,-0.2996,LOCK,0,normal
5811,9717151,301,59372.0,0.0819,-0.0819,-0.7254,0.73459,999.54,1000.0,0.46,53.17,213.0,2.2571,0.0463,LOCK,0,normal
5812,9717160,310,59381.0,-0.117,0.0936,-0.9165,0.92867,999.58,1000.0,0.42,53.17,213.0,2.2601,0.0921,LOCK,0,normal
5813,9717168,318,59389.0,0.195,-0.0507,-0.6942,0.72285,999.61,1000.0,0.39,53.17,213.0,2.2445,-0.1439,LOCK,0,normal
5814,9717177,327,59398.0,0.195,-0.0507,-0.6942,0.72285,999.64,1000.0,0.36,53.17,213.0,2.2347,-0.2925,LOCK,0,normal
5815,9717185,335,59406.0,0.0429,0.1833,-0.7605,0.78345,999.67,1000.0,0.33,53.17,213.0,2.2421,-0.1805,LOCK,0,normal
5816,9717194,344,59415.0,0.1014,-0.2457,-0.7098,0.75794,999.69,1000.0,0.31,53.17,213.0,2.2538,-0.0029,LOCK,0,normal
5817,9717202,352,59423.0,-0.0702,0.039,-0.8112,0.81517,999.72,1000.0,0.28,53.17,213.0,2.2674,0.2032,LOCK,0,normal
5818,9717211,361,59432.0,-0.0702,0.0156,-0.9711,0.97376,999.74,1000.0,0.26,53.17,213.0,2.2661,0.184,LOCK,0,normal
5819,9717219,369,59440.0,-0.0936,-0.0273,-0.7566,0.76286,999.76,1000.0,0.24,53.17,213.0,2.2464,-0.1152,LOCK,0,normal
5820,9717228,378,59449.0,-0.0936,-0.0273,-0.7566,0.76286,999.79,1000.0,0.21,53.17,213.0,2.2612,0.1095,LOCK,0,normal
5821,9717236,386,59457.0,0.0702,0.0741,-0.5733,0.58232,999.81,1000.0,0.19,53.17,213.0,2.2431,-0.1659,LOCK,0,normal
5822,9717245,395,59466.0,0.195,0.0858,-0.858,0.88405,999.84,1000.0,0.16,53.17,213.0,2.2593,0.0802,LOCK,0,normal
5823,9717258,408,59479.0,0.1209,0.0,-0.8541,0.86261,999.86,1000.0,0.14,53.17,213.0,2.2658,0.1782,LOCK,0,normal
5824,9717267,417,59488.0,0.0312,0.0546,-0.9672,0.96924,999.88,1000.0,0.12,53.17,213.0,2.238,-0.2425,LOCK,0,normal
5825,9717275,425,59496.0,-0.0936,0.0858,-0.6786,0.69038,999.9,1000.0,0.1,53.17,213.0,2.2478,-0.0941,LOCK,0,normal
5826,9717284,434,59505.0,0.1677,-0.039,-0.6942,0.71523,999.93,1000.0,0.07,53.17,213.0,2.2476,-0.0972,LOCK,0,normal
5827,9717292,442,59513.0,0.2769,0.0156,-0.7176,0.76933,999.95,1000.0,0.05,53.17,213.0,2.2474,-0.0993,LOCK,0,normal
5828,9717302,452,59523.0,0.0702,-0.0936,-0.8541,0.86208,999.98,1000.0,0.02,53.17,213.0,2.268,0.2117,LOCK,0,normal
5829,9717310,460,59531.0,0.0702,-0.0936,-0.8541,0.86208,1000.0,1000.0,0.0,53.17,213.0,2.2553,0.0194,LOCK,0,normal
5830,9717319,469,59540.0,0.0117,0.0507,-0.9009,0.9024,1000.02,1000.0,-0.02,53.17,213.0,2.2443,-0.1475,LOCK,0,normal
5831,9717327,477,59548.0,0.0,-0.1287,-0.8307,0.84061,1000.03,1000.0,-0.03,53.17,213.0,2.254,0.0005,LOCK,0,normal
5832,9717335,485,59556.0,-0.2223,-0.0156,-0.6825,0.71796,1000.05,1000.0,-0.05,53.17,213.0,2.2446,-0.1417,LOCK,0,normal
5833,9717344,494,59565.0,0.1014,-0.078,-0.7254,0.73659,1000.08,1000.0,-0.08,53.17,213.0,2.2502,-0.0572,LOCK,0,normal
5834,9717358,508,59579.0,0.1521,0.0468,-0.8385,0.85347,1000.11,1000.0,-0.11,53.17,213.0,2.2438,-0.1543,LOCK,0,normal
5835,9717366,516,59587.0,-0.0312,-0.0468,-0.9165,0.91822,1000.14,1000.0,-0.14,53.17,213.0,2.2332,-0.3148,LOCK,0,normal
5836,9717374,524,59595.0,-0.1755,0.0156,-0.6981,0.71999,1000.16,1000.0,-0.16,53.17,213.0,2.2542,0.0026,LOCK,0,normal
5837,9717383,533,59604.0,-0.0663,-0.1677,-0.7761,0.79677,1000.19,1000.0,-0.19,53.17,213.0,2.2481,-0.0899,LOCK,0,normal
5838,9717408,558,59629.0,0.1599,0.0819,-0.7605,0.78143,1000.23,1000.0,-0.23,53.17,213.0,2.2613,0.1107,LOCK,0,normal
5839,9717416,566,59637.0,0.0078,0.0312,-1.0452,1.04569,1000.26,1000.0,-0.26,53.17,213.0,2.2664,0.1882,LOCK,0,normal
5840,9717425,575,59646.0,0.0117,0.0507,-0.6318,0.63394,1000.29,1000.0,-0.29,53.17,213.0,2.2407,-0.2022,LOCK,0,normal
5841,9717433,583,59654.0,0.0117,0.0507,-0.6318,0.63394,1000.32,1000.0,-0.32,53.17,213.0,2.2546,0.0097,LOCK,0,normal
5842,9717442,592,59663.0,0.0195,-0.0078,-0.8502,0.85046,1000.35,1000.0,-0.35,53.17,213.0,2.2402,-0.2086,LOCK,0,normal
5843,9717450,600,59671.0,0.0234,-0.0624,-0.7371,0.74011,1000.37,1000.0,-0.37,53.17,213.0,2.2546,0.0097,LOCK,0,normal
5844,9717465,615,59686.0,0.0234,0.1287,-0.8424,0.8525,1000.41,1000.0,-0.41,53.17,213.0,2.2623,0.1253,LOCK,0,normal
5845,9717473,623,59694.0,0.0234,0.1287,-0.8424,0.8525,1000.45,1000.0,-0.45,53.17,213.0,2.2375,-0.2507,LOCK,0,normal
5846,9717481,631,59702.0,-0.039,0.0117,-0.7098,0.71097,1000.48,1000.0,-0.48,53.17,213.0,2.2374,-0.2522,LOCK,0,normal
5847,9717490,640,59711.0,-0.0117,-0.2301,-0.78,0.81332,1000.51,1000.0,-0.51,53.17,213.0,2.2377,-0.2468,LOCK,0,normal
5848,9717498,648,59719.0,0.0,0.0546,-0.7722,0.77413,1000.54,1000.0,-0.54,53.17,213.0,2.2404,-0.2065,LOCK,0,normal
5849,9717508,658,59729.0,0.117,-0.0468,-0.9516,0.95991,1000.57,1000.0,-0.57,53.17,213.0,2.2619,0.1195,LOCK,0,normal
5850,9717516,666,59737.0,0.2106,0.2067,-0.7644,0.81938,1000.59,1000.0,-0.59,53.17,213.0,2.261,0.1061,LOCK,0,normal
5851,9717525,675,59746.0,0.2106,0.2067,-0.7644,0.81938,1000.61,1000.0,-0.61,53.17,213.0,2.2613,0.1101,LOCK,0,normal
5852,9717533,683,59754.0,0.1989,-0.0702,-0.585,0.62186,1000.64,1000.0,-0.64,53.17,213.0,2.2572,0.049,LOCK,0,normal
5853,9717542,692,59763.0,0.078,0.0195,-0.8229,0.82682,1000.66,1000.0,-0.66,53.17,213.0,2.2626,0.1305,LOCK,0,normal
5854,9717550,700,59771.0,0.0117,-0.0312,-0.8034,0.80409,1000.67,1000.0,-0.67,53.17,213.0,2.257,0.0448,LOCK,0,normal
5855,9717562,712,59783.0,-0.0702,0.0234,-1.0218,1.02448,1000.69,1000.0,-0.69,53.17,213.0,2.254,-0.0004,LOCK,0,normal
5856,9717570,720,59791.0,-0.2184,-0.1131,-0.6279,0.67435,1000.71,1000.0,-0.71,53.17,213.0,2.2589,0.0738,LOCK,0,normal
5857,9717579,729,59800.0,0.0858,0.117,-0.8073,0.82023,1000.72,1000.0,-0.72,53.17,213.0,2.2514,-0.0389,LOCK,0,normal
5858,9717587,737,59808.0,0.0858,0.117,-0.8073,0.82023,1000.74,1000.0,-0.74,53.17,213.0,2.2436,-0.1576,LOCK,0,normal
5859,9717595,745,59816.0,0.3276,0.0273,-0.4914,0.59122,1000.76,1000.0,-0.76,53.17,213.0,2.2424,-0.1756,LOCK,0,normal
5860,9717604,754,59825.0,0.1209,-0.0234,-1.0686,1.07567,1000.78,1000.0,-0.78,53.17,213.0,2.2505,-0.0523,LOCK,0,normal
5861,9717612,762,59833.0,-0.1092,-0.0975,-0.7839,0.79745,1000.79,1000.0,-0.79,53.17,213.0,2.2527,-0.02,LOCK,0,normal
5862,9717631,781,59852.0,0.0975,0.0195,-0.8034,0.80953,1000.81,1000.0,-0.81,53.17,213.0,2.2441,-0.1503,LOCK,0,normal
5863,9717639,789,59860.0,0.2262,-0.1794,-0.7332,0.78799,1000.82,1000.0,-0.82,53.17,213.0,2.2565,0.038,LOCK,0,normal
5864,9717648,798,59869.0,0.2262,-0.1794,-0.7332,0.78799,1000.84,1000.0,-0.84,53.17,213.0,2.2402,-0.2098,LOCK,0,normal
5865,9717656,806,59877.0,0.1833,0.0351,-0.9438,0.96208,1000.86,1000.0,-0.86,53.17,213.0,2.2621,0.1232,LOCK,0,normal
5866,9717670,820,59891.0,0.0117,-0.0156,-0.7059,0.70617,1000.87,1000.0,-0.87,53.17,213.0,2.2621,0.1226,LOCK,0,normal
5867,9717678,828,59899.0,0.0117,-0.0156,-0.7059,0.70617,1000.89,1000.0,-0.89,53.17,213.0,2.2334,-0.3124,LOCK,0,normal
5868,9717686,836,59907.0,0.0468,-0.1365,-0.8502,0.86236,1000.9,1000.0,-0.9,53.17,213.0,2.2548,0.0127,LOCK,0,normal
5869,9717695,845,59916.0,-0.0546,0.1443,-0.702,0.71875,1000.91,1000.0,-0.91,53.17,213.0,2.2519,-0.0319,LOCK,0,normal
5870,9717703,853,59924.0,0.0312,-0.0312,-0.9321,0.93314,1000.91,1000.0,-0.91,53.17,213.0,2.243,-0.1671,LOCK,0,normal
5871,9717769,919,59990.0,0.1248,0.078,-0.7488,0.76313,1000.92,1000.0,-0.92,53.17,213.0,2.2562,0.0341,LOCK,0,normal
5872,9717777,927,59998.0,0.1989,0.039,-1.014,1.03406,1000.93,1000.0,-0.93,53.17,213.0,2.2393,-0.2226,LOCK,0,normal
5873,9717785,935,60006.0,0.0234,-0.1365,-0.7332,0.74616,1000.93,1000.0,-0.93,53.17,213.0,2.2406,-0.2034,LOCK,0,normal
5874,9717794,944,60015.0,-0.0234,0.039,-0.7332,0.73461,1000.94,1000.0,-0.94,53.17,213.0,2.252,-0.03,LOCK,0,normal
5875,9717802,952,60023.0,-0.0312,-0.156,-0.7917,0.80753,1000.94,1000.0,-0.94,53.17,213.0,2.2335,-0.3102,LOCK,0,normal
5876,9717815,965,60036.0,-0.0936,-0.0468,-0.6981,0.7059,1000.95,1000.0,-0.95,53.17,213.0,2.2649,0.1653,LOCK,0,normal
5877,9717824,974,60045.0,0.0234,-0.0078,-0.7059,0.70633,1000.94,1000.0,-0.94,53.17,213.0,2.2575,0.0524,LOCK,0,normal
5878,9717832,982,60053.0,0.0234,-0.0078,-0.7059,0.70633,1000.94,1000.0,-0.94,53.17,213.0,2.2488,-0.0795,LOCK,0,normal
5879,9717841,991,60062.0,0.0468,-0.1443,-0.9204,0.93282,1000.93,1000.0,-0.93,53.17,213.0,2.2519,-0.0325,LOCK,0,normal
5880,9717849,999,60070.0,-0.0741,-0.1209,-0.9126,0.92355,1000.93,1000.0,-0.93,53.17,213.0,2.2545,0.0069,LOCK,0,normal
5881,9717857,1007,60078.0,-0.0858,0.0273,-0.7059,0.71162,1000.92,1000.0,-0.92,53.17,213.0,2.2462,-0.1182,LOCK,0,normal
5882,9717874,1024,60095.0,0.0663,0.1365,-0.819,0.83294,1000.92,1000.0,-0.92,53.17,213.0,2.2595,0.0829,LOCK,0,normal
5883,9717882,1032,60103.0,0.0663,0.1365,-0.819,0.83294,1000.91,1000.0,-0.91,53.17,213.0,2.2342,-0.2999,LOCK,0,normal
5884,9717891,1041,60112.0,-0.234,0.0156,-0.6591,0.69958,1000.9,1000.0,-0.9,53.17,213.0,2.2388,-0.23,LOCK,0,normal
5885,9717899,1049,60120.0,-0.0195,0.1521,-0.9906,1.0024,1000.89,1000.0,-0.89,53.17,213.0,2.2479,-0.0917,LOCK,0,normal
5886,9717908,1058,60129.0,0.1755,-0.1014,-0.9672,0.98821,1000.88,1000.0,-0.88,53.17,213.0,2.2521,-0.0288,LOCK,0,normal
5887,9717918,1068,60139.0,-0.1092,0.0,-0.7839,0.79147,1000.87,1000.0,-0.87,53.17,213.0,2.2573,0.0493,LOCK,0,normal
5888,9717927,1077,60148.0,-0.0663,-0.0468,-0.6786,0.68344,1000.87,1000.0,-0.87,53.17,213.0,2.2668,0.1934,LOCK,0,normal
5889,9717936,1086,60157.0,0.0117,0.1716,-0.8385,0.85596,1000.86,1000.0,-0.86,53.17,213.0,2.2407,-0.201,LOCK,0,normal
5890,9717944,1094,60165.0,0.0117,0.1716,-0.8385,0.85596,1000.85,1000.0,-0.85,53.17,213.0,2.2523,-0.0261,LOCK,0,normal
5891,9717952,1102,60173.0,0.0234,-0.0858,-0.5226,0.53011,1000.84,1000.0,-0.84,53.17,213.0,2.2408,-0.2,LOCK,0,normal
5892,9717961,1111,60182.0,-0.0546,0.0312,-0.9555,0.95757,1000.83,1000.0,-0.83,53.17,213.0,2.2622,0.1241,LOCK,0,normal
5893,9717974,1124,60195.0,0.117,-0.0351,-0.9555,0.96328,1000.83,1000.0,-0.83,53.17,213.0,2.2455,-0.1286,LOCK,0,normal
5894,9717982,1132,60203.0,-0.0195,0.0039,-0.8619,0.86213,1000.82,1000.0,-0.82,53.17,213.0,2.2391,-0.2251,LOCK,0,normal
5895,9717991,1141,60212.0,-0.0117,-0.0663,-0.6942,0.69746,1000.81,1000.0,-0.81,53.17,213.0,2.2423,-0.1769,LOCK,0,normal
5896,9717999,1149,60220.0,0.117,-0.0819,-0.7098,0.72403,1000.81,1000.0,-0.81,53.17,213.0,2.2521,-0.0282,LOCK,0,normal
5897,9718030,1180,60251.0,0.1716,-0.039,-0.858,0.87586,1000.8,1000.0,-0.8,53.17,213.0,2.2667,0.1925,LOCK,0,normal
5898,9718039,1189,60260.0,-0.078,-0.0234,-1.0686,1.0717,1000.79,1000.0,-0.79,53.17,213.0,2.2497,-0.0645,LOCK,0,normal
5899,9718047,1197,60268.0,-0.078,-0.0234,-1.0686,1.0717,1000.78,1000.0,-0.78,53.17,213.0,2.2621,0.1226,LOCK,0,normal
5900,9718056,1206,60277.0,0.1014,-0.1482,-0.6318,0.65682,1000.77,1000.0,-0.77,53.17,213.0,2.2283,-0.3899,LOCK,0,normal
5901,9718077,1227,60298.0,0.1131,-0.156,-0.6552,0.68295,1000.76,1000.0,-0.76,53.17,213.0,2.2624,0.1272,LOCK,0,normal
5902,9718086,1236,60307.0,-0.1716,-0.078,-0.7371,0.76082,1000.74,1000.0,-0.74,53.17,213.0,2.2578,0.0573,LOCK,0,normal
5903,9718094,1244,60315.0,0.1365,0.0663,-0.8307,0.84445,1000.73,1000.0,-0.73,53.17,213.0,2.2636,0.1449,LOCK,0,normal
5904,9718103,1253,60324.0,0.0819,0.1092,-0.9945,1.00382,1000.72,1000.0,-0.72,53.17,213.0,2.2642,0.154,LOCK,0,normal
5905,9718111,1261,60332.0,0.0507,0.3393,-0.702,0.78134,1000.71,1000.0,-0.71,53.17,213.0,2.2591,0.0777,LOCK,0,normal
5906,9718120,1270,60341.0,0.2574,0.0039,-0.7449,0.78813,1000.69,1000.0,-0.69,53.17,213.0,2.2667,0.1931,LOCK,0,normal
5907,9718128,1278,60349.0,0.2574,0.0039,-0.7449,0.78813,1000.67,1000.0,-0.67,53.17,213.0,2.2623,0.1263,LOCK,0,normal
5908,9718137,1287,60358.0,0.0741,-0.1092,-0.6786,0.69131,1000.65,1000.0,-0.65,53.17,213.0,2.2429,-0.1689,LOCK,0,normal
5909,9718145,1295,60366.0,0.0897,0.234,-0.8697,0.90509,1000.63,1000.0,-0.63,53.17,213.0,2.2522,-0.0267,LOCK,0,normal
5910,9718153,1303,60374.0,0.1092,0.0351,-0.9789,0.9856,1000.62,1000.0,-0.62,53.17,213.0,2.2597,0.086,LOCK,0,normal
5911,9718172,1322,60393.0,0.0585,0.3276,-0.6786,0.75581,1000.61,1000.0,-0.61,53.17,213.0,2.2575,0.0524,LOCK,0,normal
5912,9718181,1331,60402.0,0.0585,0.3276,-0.6786,0.75581,1000.59,1000.0,-0.59,53.17,213.0,2.2552,0.0185,LOCK,0,normal
5913,9718189,1339,60410.0,0.0897,0.0039,-0.7488,0.75416,1000.58,1000.0,-0.58,53.17,213.0,2.2359,-0.2748,LOCK,0,normal
5914,9718198,1348,60419.0,0.1872,0.0858,-0.6123,0.646,1000.56,1000.0,-0.56,53.17,213.0,2.2516,-0.0361,LOCK,0,normal
5915,9718206,1356,60427.0,0.2613,0.1404,-0.9204,0.96702,1000.55,1000.0,-0.55,53.17,213.0,2.2349,-0.2898,LOCK,0,normal
5916,9718214,1364,60435.0,0.078,-0.0273,-0.9321,0.93576,1000.54,1000.0,-0.54,53.17,213.0,2.2475,-0.099,LOCK,0,normal
5917,9718226,1376,60447.0,-0.1677,-0.1365,-0.8073,0.83576,1000.53,1000.0,-0.53,53.17,213.0,2.2554,0.021,LOCK,0,normal
5918,9718234,1384,60455.0,0.2262,0.2379,-0.6864,0.76086,1000.53,1000.0,-0.53,53.17,213.0,2.263,0.1366,LOCK,0,normal
5919,9718243,1393,60464.0,0.1716,-0.1443,-0.7293,0.76299,1000.51,1000.0,-0.51,53.17,213.0,2.23,-0.3634,LOCK,0,normal
5920,9718251,1401,60472.0,0.1716,-0.1443,-0.7293,0.76299,1000.5,1000.0,-0.5,53.17,213.0,2.2511,-0.0441,LOCK,0,normal
5921,9718260,1410,60481.0,0.1443,0.0507,-0.741,0.75662,1000.48,1000.0,-0.48,53.17,213.0,2.2416,-0.1872,LOCK,0,normal
5922,9718268,1418,60489.0,0.0507,0.0507,-0.7098,0.71341,1000.47,1000.0,-0.47,53.17,213.0,2.2662,0.1852,LOCK,0,normal
5923,9718284,1434,60505.0,0.0585,-0.0585,-0.8853,0.88916,1000.46,1000.0,-0.46,53.17,213.0,2.2598,0.0881,LOCK,0,normal
5924,9718292,1442,60513.0,0.0585,-0.0585,-0.8853,0.88916,1000.45,1000.0,-0.45,53.17,213.0,2.2595,0.0835,LOCK,0,normal
5925,9718301,1451,60522.0,0.0273,0.1092,-1.0023,1.0086,1000.45,1000.0,-0.45,53.17,213.0,2.2409,-0.1988,LOCK,0,normal
5926,9718309,1459,60530.0,-0.0819,0.3549,-0.5967,0.69908,1000.44,1000.0,-0.44,53.17,213.0,2.2378,-0.2458,LOCK,0,normal
5927,9718318,1468,60539.0,0.0741,0.0858,-0.7995,0.8075,1000.43,1000.0,-0.43,53.17,213.0,2.2387,-0.2312,LOCK,0,normal
5928,9718326,1476,60547.0,0.1599,-0.1989,-0.7332,0.77634,1000.43,1000.0,-0.43,53.17,213.0,2.2409,-0.1982,LOCK,0,normal
5929,9718381,1531,60602.0,-0.1092,-0.0078,-0.7683,0.77606,1000.43,1000.0,-0.43,53.17,213.0,2.2635,0.1437,LOCK,0,normal
5930,9718389,1539,60610.0,0.0429,-0.117,-0.7215,0.73218,1000.42,1000.0,-0.42,53.17,213.0,2.2616,0.1153,LOCK,0,normal
5931,9718398,1548,60619.0,-0.0741,0.0039,-0.8112,0.81459,1000.42,1000.0,-0.42,53.17,213.0,2.2671,0.1986,LOCK,0,normal
5932,9718406,1556,60627.0,-0.0741,0.0039,-0.8112,0.81459,1000.42,1000.0,-0.42,53.17,213.0,2.2582,0.0643,LOCK,0,normal
5933,9718415,1565,60636.0,0.0234,-0.2457,-0.7371,0.77732,1000.42,1000.0,-0.42,53.17,213.0,2.2643,0.1568,LOCK,0,normal
5934,9718423,1573,60644.0,0.1521,-0.1092,-1.0023,1.01964,1000.42,1000.0,-0.42,53.17,213.0,2.2607,0.1012,LOCK,0,normal
5935,9718432,1582,60653.0,0.2496,0.039,-0.5304,0.58749,1000.42,1000.0,-0.42,53.17,213.0,2.2625,0.1281,LOCK,0,normal
5936,9718440,1590,60661.0,0.1053,0.0234,-0.7878,0.79515,1000.41,1000.0,-0.41,53.17,213.0,2.2621,0.1229,LOCK,0,normal
5937,9718449,1599,60670.0,0.2145,-0.2028,-0.6825,0.7436,1000.41,1000.0,-0.41,53.17,213.0,2.2262,-0.4211,LOCK,0,normal
5938,9718457,1607,60678.0,0.2145,-0.2028,-0.6825,0.7436,1000.41,1000.0,-0.41,53.17,213.0,2.2545,0.0075,LOCK,0,normal
5939,9718476,1626,60697.0,-0.0234,0.0897,-0.9789,0.98328,1000.41,1000.0,-0.41,53.17,213.0,2.2544,0.0057,LOCK,0,normal
5940,9718490,1640,60711.0,0.0546,-0.0234,-0.6981,0.70062,1000.41,1000.0,-0.41,53.17,213.0,2.2627,0.1315,LOCK,0,normal
5941,9718498,1648,60719.0,0.0546,-0.0234,-0.6981,0.70062,1000.42,1000.0,-0.42,53.17,213.0,2.2341,-0.3014,LOCK,0,normal
5942,9718507,1657,60728.0,0.0741,0.0468,-0.7917,0.79654,1000.42,1000.0,-0.42,53.17,213.0,2.2486,-0.0819,LOCK,0,normal
5943,9718515,1665,60736.0,0.1794,-0.1092,-0.6864,0.71781,1000.42,1000.0,-0.42,53.17,213.0,2.2398,-0.2156,LOCK,0,normal
5944,9718524,1674,60745.0,0.0234,0.0429,-0.8307,0.83214,1000.42,1000.0,-0.42,53.17,213.0,2.2459,-0.1234,LOCK,0,normal
5945,9718533,1683,60754.0,0.0351,0.1287,-0.975,0.98408,1000.43,1000.0,-0.43,53.17,213.0,2.2523,-0.0258,LOCK,0,normal
5946,9718542,1692,60763.0,0.039,-0.1443,-0.7137,0.72919,1000.43,1000.0,-0.43,53.17,213.0,2.2616,0.1153,LOCK,0,normal
5947,9718550,1700,60771.0,0.1638,-0.2301,-0.6162,0.67785,1000.44,1000.0,-0.44,53.17,213.0,2.2491,-0.0743,LOCK,0,normal
5948,9718558,1708,60779.0,0.1638,-0.2301,-0.6162,0.67785,1000.45,1000.0,-0.45,53.17,213.0,2.2487,-0.0804,LOCK,0,normal
5949,9718567,1717,60788.0,0.2535,-0.0819,-0.8463,0.88724,1000.45,1000.0,-0.45,53.17,213.0,2.2436,-0.1582,LOCK,0,normal
5950,9718586,1736,60807.0,-0.039,-0.1326,-0.9867,0.99633,1000.46,1000.0,-0.46,53.17,213.0,2.2623,0.1263,LOCK,0,normal
5951,9718594,1744,60815.0,-0.0039,-0.0507,-0.975,0.97633,1000.46,1000.0,-0.46,53.17,213.0,2.2392,-0.2245,LOCK,0,normal
5952,9718603,1753,60824.0,-0.0858,0.0195,-0.7059,0.71136,1000.48,1000.0,-0.48,53.17,213.0,2.2515,-0.0383,LOCK,0,normal
5953,9718611,1761,60832.0,0.2223,0.1209,-0.7176,0.76091,1000.5,1000.0,-0.5,53.17,213.0,2.2556,0.0243,LOCK,0,normal
5954,9718634,1784,60855.0,0.1443,0.0546,-0.8619,0.8756,1000.51,1000.0,-0.51,53.17,213.0,2.2562,0.0332,LOCK,0,normal
5955,9718643,1793,60864.0,0.0468,-0.1053,-0.9204,0.92759,1000.52,1000.0,-0.52,53.17,213.0,2.2612,0.1098,LOCK,0,normal
5956,9718651,1801,60872.0,0.0468,-0.1053,-0.9204,0.92759,1000.53,1000.0,-0.53,53.17,213.0,2.2452,-0.1329,LOCK,0,normal
5957,9718660,1810,60881.0,0.0273,0.234,-0.7098,0.74788,1000.55,1000.0,-0.55,53.17,213.0,2.2405,-0.204,LOCK,0,normal
5958,9718668,1818,60889.0,0.2028,0.3081,-0.7488,0.83472,1000.56,1000.0,-0.56,53.17,213.0,2.2446,-0.1424,LOCK,0,normal
5959,9718677,1827,60898.0,0.039,-0.234,-0.7761,0.81155,1000.57,1000.0,-0.57,53.17,213.0,2.2529,-0.0172,LOCK,0,normal
5960,9718692,1842,60913.0,0.039,-0.117,-0.7254,0.73581,1000.58,1000.0,-0.58,53.17,213.0,2.2638,0.1492,LOCK,0,normal
5961,9718701,1851,60922.0,-0.0897,0.1287,-0.8307,0.84538,1000.59,1000.0,-0.59,53.17,213.0,2.2626,0.1308,LOCK,0,normal
5962,9718709,1859,60930.0,-0.0039,-0.1638,-0.9945,1.00791,1000.6,1000.0,-0.6,53.17,213.0,2.2675,0.2038,LOCK,0,normal
5963,9718718,1868,60939.0,0.0429,0.2106,-0.8268,0.85428,1000.61,1000.0,-0.61,53.17,213.0,2.2632,0.1397,LOCK,0,normal
5964,9718726,1876,60947.0,-0.0312,0.1677,-0.5811,0.60562,1000.63,1000.0,-0.63,53.17,213.0,2.2603,0.0957,LOCK,0,normal
5965,9718735,1885,60956.0,0.0975,0.0,-0.8424,0.84802,1000.65,1000.0,-0.65,53.17,213.0,2.2661,0.1833,LOCK,0,normal
5966,9718743,1893,60964.0,0.0975,0.0,-0.8424,0.84802,1000.67,1000.0,-0.67,53.17,213.0,2.2613,0.111,LOCK,0,normal
5967,9718751,1901,60972.0,0.0975,-0.0702,-0.7605,0.76993,1000.69,1000.0,-0.69,53.17,213.0,2.2326,-0.324,LOCK,0,normal
5968,9718760,1910,60981.0,-0.0078,0.0351,-0.8151,0.81589,1000.7,1000.0,-0.7,53.17,213.0,2.2443,-0.1475,LOCK,0,normal
5969,9718779,1929,61000.0,0.117,-0.0624,-0.9282,0.93762,1000.72,1000.0,-0.72,53.17,213.0,2.2512,-0.0425,LOCK,0,normal
5970,9718787,1937,61008.0,0.2418,-0.0858,-0.4134,0.48655,1000.74,1000.0,-0.74,53.17,213.0,2.2564,0.0368,LOCK,0,normal
5971,9718796,1946,61017.0,0.1482,0.0,-0.8463,0.85918,1000.76,1000.0,-0.76,53.17,213.0,2.266,0.1815,LOCK,0,normal
5972,9718804,1954,61025.0,0.1482,0.0,-0.8463,0.85918,1000.78,1000.0,-0.78,53.17,213.0,2.2218,-0.4876,LOCK,0,normal
5973,9718813,1963,61034.0,0.0897,-0.0819,-0.6825,0.69322,1000.79,1000.0,-0.79,53.17,213.0,2.2423,-0.1769,LOCK,0,normal
5974,9718821,1971,61042.0,-0.117,0.1014,-0.8073,0.82201,1000.81,1000.0,-0.81,53.17,213.0,2.2398,-0.2156,LOCK,0,normal
5975,9718829,1979,61050.0,-0.0039,-0.0468,-0.8307,0.83203,1000.82,1000.0,-0.82,53.17,213.0,2.2478,-0.0932,LOCK,0,normal
5976,9718838,1988,61059.0,0.1833,0.0936,-0.9906,1.01175,1000.83,1000.0,-0.83,53.17,213.0,2.2468,-0.1094,LOCK,0,normal
5977,9718847,1997,61068.0,-0.0468,0.0351,-0.702,0.70443,1000.86,1000.0,-0.86,53.17,213.0,2.2579,0.0591,LOCK,0,normal
5978,9718855,2005,61076.0,-0.0468,0.0351,-0.702,0.70443,1000.88,1000.0,-0.88,53.17,213.0,2.2295,-0.3713,LOCK,0,normal
5979,9718874,2024,61095.0,0.2418,-0.1872,-0.7176,0.78004,1000.9,1000.0,-0.9,53.17,213.0,2.2322,-0.3304,LOCK,0,normal
5980,9718883,2033,61104.0,-0.0195,0.1404,-0.7683,0.78127,1000.92,1000.0,-0.92,53.17,213.0,2.2468,-0.1091,LOCK,0,normal
5981,9718896,2046,61117.0,-0.1014,0.1638,-0.7995,0.82238,1000.94,1000.0,-0.94,53.17,213.0,2.2602,0.0939,LOCK,0,normal
5982,9718905,2055,61126.0,0.3549,-0.0156,-1.0452,1.10392,1000.95,1000.0,-0.95,53.17,213.0,2.2615,0.1131,LOCK,0,normal
5983,9718913,2063,61134.0,0.2496,-0.0273,-0.7059,0.74923,1000.97,1000.0,-0.97,53.17,213.0,2.2623,0.1263,LOCK,0,normal
5984,9718921,2071,61142.0,-0.0312,-0.0156,-0.7995,0.80026,1000.98,1000.0,-0.98,53.17,213.0,2.2595,0.0832,LOCK,0,normal
5985,9718930,2080,61151.0,0.0,-0.1677,-0.7215,0.74073,1000.99,1000.0,-0.99,53.17,213.0,2.2343,-0.298,LOCK,0,normal
5986,9718938,2088,61159.0,0.0,-0.1677,-0.7215,0.74073,1001.01,1000.0,-1.01,53.17,213.0,2.2524,-0.0245,LOCK,0,normal
5987,9718994,2144,61215.0,-0.0234,-0.0156,-0.6942,0.69477,1001.04,1000.0,-1.04,53.17,213.0,2.2542,0.0029,LOCK,0,normal
5988,9719002,2152,61223.0,0.0234,-0.195,-0.8073,0.83085,1001.06,1000.0,-1.06,53.17,213.0,2.265,0.1663,LOCK,0,normal
5989,9719011,2161,61232.0,-0.156,0.0078,-0.7683,0.78402,1001.09,1000.0,-1.09,53.17,213.0,2.2386,-0.2336,LOCK,0,normal
5990,9719019,2169,61240.0,-0.156,0.0078,-0.7683,0.78402,1001.12,1000.0,-1.12,53.17,213.0,2.2309,-0.3493,LOCK,0,normal
5991,9719028,2178,61249.0,0.1248,0.2925,-0.6708,0.74236,1001.14,1000.0,-1.14,53.17,213.0,2.2387,-0.2318,LOCK,0,normal
5992,9719036,2186,61257.0,0.2184,0.1365,-0.7917,0.83254,1001.16,1000.0,-1.16,53.17,213.0,2.2594,0.0814,LOCK,0,normal
5993,9719045,2195,61266.0,0.039,0.0702,-0.9087,0.91224,1001.18,1000.0,-1.18,53.17,213.0,2.2594,0.0811,LOCK,0,normal
5994,9719053,2203,61274.0,0.0039,0.0039,-1.0296,1.02961,1001.2,1000.0,-1.2,53.17,213.0,2.2622,0.1238,LOCK,0,normal
5995,9719062,2212,61283.0,-0.0897,-0.1248,-0.897,0.91007,1001.22,1000.0,-1.22,53.17,213.0,2.2372,-0.2541,LOCK,0,normal
5996,9719080,2230,61301.0,0.078,0.2145,-0.6552,0.69382,1001.24,1000.0,-1.24,53.17,213.0,2.2506,-0.0508,LOCK,0,normal
5997,9719089,2239,61310.0,0.3315,0.0858,-0.702,0.78106,1001.26,1000.0,-1.26,53.17,213.0,2.2573,0.0496,LOCK,0,normal
5998,9719102,2252,61323.0,0.0156,0.0429,-0.7761,0.77744,1001.28,1000.0,-1.28,53.17,213.0,2.2551,0.0173,LOCK,0,normal
5999,9719111,2261,61332.0,0.0663,-0.1755,-0.7293,0.75304,1001.3,1000.0,-1.3,53.17,213.0,2.2284,-0.3884,LOCK,0,normal
6000,9719119,2269,61340.0,0.0078,-0.0234,-0.9048,0.90514,1001.31,1000.0,-1.31,53.17,213.0,2.2498,-0.0636,LOCK,0,normal
6001,9719127,2277,61348.0,0.1482,-0.2379,-0.9594,0.9995,1001.33,1000.0,-1.33,53.17,213.0,2.2493,-0.0715,LOCK,0,normal
6002,9719136,2286,61357.0,-0.078,0.1677,-0.8775,0.89678,1001.34,1000.0,-1.34,53.17,213.0,2.2584,0.0661,LOCK,0,normal
6003,9719145,2295,61366.0,0.1092,0.0117,-0.4251,0.43906,1001.36,1000.0,-1.36,53.17,213.0,2.2607,0.1015,LOCK,0,normal
6004,9719153,2303,61374.0,0.1092,0.0117,-0.4251,0.43906,1001.38,1000.0,-1.38,53.17,213.0,2.2638,0.1492,LOCK,0,normal
6005,9719162,2312,61383.0,0.1716,-0.0741,-0.8151,0.83626,1001.39,1000.0,-1.39,53.17,213.0,2.243,-0.1665,LOCK,0,normal
6006,9719170,2320,61391.0,0.1092,-0.2184,-0.6825,0.72487,1001.41,1000.0,-1.41,53.17,213.0,2.2548,0.0127,LOCK,0,normal
6007,9719189,2339,61410.0,-0.0273,0.0429,-0.6825,0.68439,1001.42,1000.0,-1.42,53.17,213.0,2.2535,-0.0068,LOCK,0,normal
6008,9719197,2347,61418.0,0.156,0.117,-0.7722,0.79644,1001.43,1000.0,-1.43,53.17,213.0,2.2541,0.0014,LOCK,0,normal
6009,9719206,2356,61427.0,0.0624,0.0624,-0.7917,0.7966,1001.45,1000.0,-1.45,53.17,213.0,2.2434,-0.1607,LOCK,0,normal
6010,9719214,2364,61435.0,0.0624,0.0624,-0.7917,0.7966,1001.46,1000.0,-1.46,53.17,213.0,2.2378,-0.2455,LOCK,0,normal
6011,9719223,2373,61444.0,0.0234,0.0975,-0.9633,0.9685,1001.48,1000.0,-1.48,53.17,213.0,2.2435,-0.1595,LOCK,0,normal
6012,9719231,2381,61452.0,-0.0507,-0.1638,-0.6474,0.66972,1001.49,1000.0,-1.49,53.17,213.0,2.2427,-0.172,LOCK,0,normal
6013,9719254,2404,61475.0,-0.0858,-0.0702,-0.8268,0.8342,1001.5,1000.0,-1.5,53.17,213.0,2.2602,0.0945,LOCK,0,normal
6014,9719263,2413,61484.0,0.1287,-0.1521,-0.8151,0.8391,1001.52,1000.0,-1.52,53.17,213.0,2.2349,-0.2895,LOCK,0,normal
6015,9719271,2421,61492.0,0.0,-0.1287,-0.7098,0.72137,1001.53,1000.0,-1.53,53.17,213.0,2.2625,0.1281,LOCK,0,normal
6016,9719279,2429,61500.0,-0.1248,0.0039,-0.7839,0.79378,1001.54,1000.0,-1.54,53.17,213.0,2.2491,-0.0746,LOCK,0,normal
6017,9719288,2438,61509.0,0.0429,-0.1755,-0.6747,0.69847,1001.56,1000.0,-1.56,53.17,213.0,2.2357,-0.2773,LOCK,0,normal
6018,9719307,2457,61528.0,0.117,0.0078,-1.0413,1.04788,1001.57,1000.0,-1.57,53.17,213.0,2.2617,0.1171,LOCK,0,normal
6019,9719315,2465,61536.0,0.2223,0.1989,-0.9672,1.01215,1001.58,1000.0,-1.58,53.17,213.0,2.2278,-0.3972,LOCK,0,normal
6020,9719324,2474,61545.0,0.156,0.1404,-0.7917,0.81905,1001.59,1000.0,-1.59,53.17,213.0,2.2339,-0.3041,LOCK,0,normal
6021,9719332,2482,61553.0,0.0273,0.0468,-0.5343,0.53704,1001.61,1000.0,-1.61,53.17,213.0,2.2449,-0.1375,LOCK,0,normal
6022,9719341,2491,61562.0,0.1248,0.2106,-0.7644,0.80264,1001.62,1000.0,-1.62,53.17,213.0,2.2504,-0.0548,LOCK,0,normal
6023,9719350,2500,61571.0,0.0858,-0.1755,-0.7722,0.79653,1001.63,1000.0,-1.63,53.17,213.0,2.2607,0.1015,LOCK,0,normal
6024,9719358,2508,61579.0,0.0858,-0.1755,-0.7722,0.79653,1001.64,1000.0,-1.64,53.17,213.0,2.2601,0.0918,LOCK,0,normal
6025,9719367,2517,61588.0,0.0702,-0.0468,-0.7449,0.74966,1001.65,1000.0,-1.65,53.17,213.0,2.2347,-0.2932,LOCK,0,normal
6026,9719375,2525,61596.0,0.0234,0.2223,-0.819,0.84896,1001.66,1000.0,-1.66,53.17,213.0,2.241,-0.197,LOCK,0,normal
6027,9719384,2534,61605.0,-0.0078,0.0624,-0.8892,0.89142,1001.67,1000.0,-1.67,53.17,213.0,2.2382,-0.2394,LOCK,0,normal
6028,9719392,2542,61613.0,-0.0702,-0.0741,-0.6903,0.69781,1001.68,1000.0,-1.68,53.17,213.0,2.25,-0.0612,LOCK,0,normal
6029,9719411,2561,61632.0,0.1443,-0.1053,-0.8034,0.82302,1001.69,1000.0,-1.69,53.17,213.0,2.2652,0.1702,LOCK,0,normal
6030,9719419,2569,61640.0,0.1443,-0.1053,-0.8034,0.82302,1001.7,1000.0,-1.7,53.17,213.0,2.2512,-0.0422,LOCK,0,normal
6031,9719428,2578,61649.0,0.0,-0.2262,-0.7956,0.82713,1001.71,1000.0,-1.71,53.17,213.0,2.2338,-0.3057,LOCK,0,normal
6032,9719436,2586,61657.0,0.0156,-0.0546,-0.7722,0.77429,1001.72,1000.0,-1.72,53.17,213.0,2.2465,-0.114,LOCK,0,normal
6033,9719445,2595,61666.0,0.4095,-0.1716,-0.9594,1.05716,1001.73,1000.0,-1.73,53.17,213.0,2.2459,-0.1228,LOCK,0,normal
6034,9719453,2603,61674.0,0.2808,0.0195,-0.7839,0.8329,1001.74,1000.0,-1.74,53.17,213.0,2.2467,-0.1106,LOCK,0,normal
6035,9719462,2612,61683.0,-0.1248,-0.2223,-0.6786,0.72491,1001.74,1000.0,-1.74,53.17,213.0,2.2503,-0.0557,LOCK,0,normal
6036,9719470,2620,61691.0,-0.1248,-0.2223,-0.6786,0.72491,1001.75,1000.0,-1.75,53.17,213.0,2.2395,-0.2196,LOCK,0,normal
6037,9719489,2639,61710.0,0.039,-0.1755,-0.7644,0.78526,1001.76,1000.0,-1.76,53.17,213.0,2.2459,-0.1228,LOCK,0,normal
6038,9719497,2647,61718.0,-0.0468,0.0117,-0.8385,0.83989,1001.76,1000.0,-1.76,53.17,213.0,2.2601,0.0924,LOCK,0,normal
6039,9719511,2661,61732.0,0.156,-0.0156,-0.5772,0.59811,1001.76,1000.0,-1.76,53.17,213.0,2.2613,0.111,LOCK,0,normal
6040,9719519,2669,61740.0,0.0897,0.0624,-1.0725,1.07805,1001.77,1000.0,-1.77,53.17,213.0,2.2255,-0.432,LOCK,0,normal
6041,9719528,2678,61749.0,0.0819,-0.039,-0.8112,0.81626,1001.77,1000.0,-1.77,53.17,213.0,2.248,-0.0902,LOCK,0,normal
6042,9719536,2686,61757.0,-0.0468,-0.0039,-0.7956,0.79698,1001.78,1000.0,-1.78,53.17,213.0,2.2471,-0.1045,LOCK,0,normal
6043,9719545,2695,61766.0,0.0585,-0.1053,-0.7098,0.71995,1001.78,1000.0,-1.78,53.17,213.0,2.2362,-0.269,LOCK,0,normal
6044,9719610,2760,61831.0,0.0975,-0.0624,-0.7878,0.79626,1001.79,1000.0,-1.79,53.17,213.0,2.2599,0.089,LOCK,0,normal
6045,9719618,2768,61839.0,0.0624,-0.0273,-0.6786,0.68201,1001.81,1000.0,-1.81,53.17,213.0,2.2544,0.006,LOCK,0,normal
6046,9719627,2777,61848.0,0.3159,0.1053,-0.6318,0.71418,1001.82,1000.0,-1.82,53.17,213.0,2.2401,-0.2101,LOCK,0,normal
6047,9719635,2785,61856.0,0.1326,-0.0195,-0.78,0.79143,1001.84,1000.0,-1.84,53.17,213.0,2.2574,0.0515,LOCK,0,normal
6048,9719644,2794,61865.0,0.1326,-0.0195,-0.78,0.79143,1001.85,1000.0,-1.85,53.17,213.0,2.2458,-0.1237,LOCK,0,normal
6049,9719652,2802,61873.0,0.2028,0.0078,-0.6708,0.70083,1001.87,1000.0,-1.87,53.17,213.0,2.2546,0.0094,LOCK,0,normal
6050,9719660,2810,61881.0,-0.1482,-0.0741,-0.9594,0.9736,1001.88,1000.0,-1.88,53.17,213.0,2.2592,0.0793,LOCK,0,normal
6051,9719669,2819,61890.0,0.0546,-0.0624,-0.9516,0.95521,1001.89,1000.0,-1.89,53.17,213.0,2.2618,0.1183,LOCK,0,normal
6052,9719688,2838,61909.0,0.0312,-0.117,-0.4992,0.51368,1001.89,1000.0,-1.89,53.17,213.0,2.2538,-0.0026,LOCK,0,normal
6053,9719696,2846,61917.0,0.0312,-0.117,-0.4992,0.51368,1001.9,1000.0,-1.9,53.17,213.0,2.2499,-0.0627,LOCK,0,normal
6054,9719704,2854,61925.0,0.0039,-0.0117,-0.8385,0.83859,1001.91,1000.0,-1.91,53.17,213.0,2.2588,0.0735,LOCK,0,normal
6055,9719718,2868,61939.0,0.0546,-0.1053,-0.7722,0.78126,1001.92,1000.0,-1.92,53.17,213.0,2.2617,0.1171,LOCK,0,normal
6056,9719726,2876,61947.0,0.0546,-0.1053,-0.7722,0.78126,1001.92,1000.0,-1.92,53.17,213.0,2.2394,-0.2208,LOCK,0,normal
6057,9719735,2885,61956.0,-0.0741,0.1443,-0.9009,0.91539,1001.93,1000.0,-1.93,53.17,213.0,2.2523,-0.0264,LOCK,0,normal
6058,9719743,2893,61964.0,0.0741,-0.0702,-0.8307,0.83695,1001.93,1000.0,-1.93,53.17,213.0,2.2466,-0.1128,LOCK,0,normal
6059,9719752,2902,61973.0,0.1053,0.0741,-0.6825,0.69454,1001.94,1000.0,-1.94,53.17,213.0,2.2396,-0.2181,LOCK,0,normal
6060,9719760,2910,61981.0,0.1209,-0.039,-0.78,0.79028,1001.94,1000.0,-1.94,53.17,213.0,2.2598,0.0884,LOCK,0,normal
6061,9719769,2919,61990.0,0.0702,-0.0936,-0.7683,0.77716,1001.95,1000.0,-1.95,53.17,213.0,2.25,-0.0606,LOCK,0,normal
6062,9719777,2927,61998.0,0.0702,-0.0936,-0.7683,0.77716,1001.95,1000.0,-1.95,53.17,213.0,2.2278,-0.3975,LOCK,0,normal
6063,9719796,2946,62017.0,0.117,0.0663,-0.7644,0.77614,1001.96,1000.0,-1.96,53.17,213.0,2.2539,-0.0013,LOCK,0,normal
6064,9719804,2954,62025.0,0.2028,-0.1092,-0.9828,1.00943,1001.97,1000.0,-1.97,53.17,213.0,2.2619,0.1192,LOCK,0,normal
6065,9719813,2963,62034.0,0.2652,-0.0156,-0.6981,0.74694,1001.97,1000.0,-1.97,53.17,213.0,2.2598,0.0872,LOCK,0,normal
6066,9719821,2971,62042.0,-0.039,-0.0624,-0.6903,0.69421,1001.98,1000.0,-1.98,53.17,213.0,2.2254,-0.4327,LOCK,0,normal
6067,9719830,2980,62051.0,0.0312,-0.0468,-0.7839,0.78592,1001.99,1000.0,-1.99,53.17,213.0,2.2524,-0.0248,LOCK,0,normal
6068,9719838,2988,62059.0,0.0312,-0.0468,-0.7839,0.78592,1001.99,1000.0,-1.99,53.17,213.0,2.2372,-0.2544,LOCK,0,normal
6069,9719847,2997,62068.0,0.0507,-0.195,-0.78,0.8056,1002.0,1000.0,-2.0,53.17,213.0,2.2304,-0.3569,LOCK,0,normal
6070,9719869,3019,62090.0,0.0936,0.1287,-0.8541,0.8688,1002.01,1000.0,-2.01,53.17,213.0,2.2619,0.1202,LOCK,0,normal
6071,9719877,3027,62098.0,0.039,0.078,-1.0335,1.03717,1002.01,1000.0,-2.01,53.17,213.0,2.2444,-0.1451,LOCK,0,normal
6072,9719885,3035,62106.0,-0.078,-0.1716,-0.6786,0.70429,1002.02,1000.0,-2.02,53.17,213.0,2.2465,-0.1143,LOCK,0,normal
6073,9719894,3044,62115.0,-0.0702,-0.0195,-0.7956,0.79893,1002.02,1000.0,-2.02,53.17,213.0,2.2456,-0.1271,LOCK,0,normal
6074,9719902,3052,62123.0,0.0507,-0.1248,-0.7605,0.77234,1002.03,1000.0,-2.03,53.17,213.0,2.2374,-0.2516,LOCK,0,normal
6075,9719923,3073,62144.0,0.2223,0.2535,-0.7176,0.79286,1002.04,1000.0,-2.04,53.17,213.0,2.2596,0.0848,LOCK,0,normal
6076,9719932,3082,62153.0,0.2223,0.2535,-0.7176,0.79286,1002.04,1000.0,-2.04,53.17,213.0,2.2344,-0.2974,LOCK,0,normal
6077,9719940,3090,62161.0,0.1365,0.0429,-0.7605,0.77384,1002.05,1000.0,-2.05,53.17,213.0,2.2372,-0.2553,LOCK,0,normal
6078,9719948,3098,62169.0,0.0156,-0.1794,-0.8814,0.89961,1002.05,1000.0,-2.05,53.17,213.0,2.2368,-0.2608,LOCK,0,normal
6079,9719957,3107,62178.0,-0.0078,0.0858,-1.0842,1.08762,1002.06,1000.0,-2.06,53.17,213.0,2.244,-0.1512,LOCK,0,normal
6080,9719968,3118,62189.0,-0.1131,-0.2808,-0.8892,0.93932,1002.06,1000.0,-2.06,53.17,213.0,2.2633,0.1409,LOCK,0,normal
6081,9719977,3127,62198.0,0.0702,0.1443,-0.6825,0.70111,1002.06,1000.0,-2.06,53.17,213.0,2.2595,0.0826,LOCK,0,normal
6082,9719985,3135,62206.0,0.0078,-0.1989,-0.5538,0.58849,1002.07,1000.0,-2.07,53.17,213.0,2.2396,-0.2184,LOCK,0,normal
6083,9719994,3144,62215.0,0.0858,0.0351,-0.8619,0.86687,1002.07,1000.0,-2.07,53.17,213.0,2.2457,-0.1259,LOCK,0,normal
6084,9720002,3152,62223.0,0.0858,0.0351,-0.8619,0.86687,1002.07,1000.0,-2.07,53.17,213.0,2.2389,-0.2284,LOCK,0,normal
6085,9720010,3160,62231.0,0.0663,0.0078,-0.6825,0.68576,1002.08,1000.0,-2.08,53.17,213.0,2.2571,0.0472,LOCK,0,normal
6086,9720020,3170,62241.0,-0.0897,0.0273,-0.897,0.90189,1002.08,1000.0,-2.08,53.17,213.0,2.2616,0.115,LOCK,0,normal
6087,9720029,3179,62250.0,0.0507,-0.1092,-0.9243,0.93211,1002.08,1000.0,-2.08,53.17,213.0,2.2496,-0.066,LOCK,0,normal
6088,9720037,3187,62258.0,0.4095,0.2691,-0.8892,1.01527,1002.08,1000.0,-2.08,53.17,213.0,2.2311,-0.3469,LOCK,0,normal
6089,9720046,3196,62267.0,0.0624,-0.1092,-0.4251,0.44332,1002.08,1000.0,-2.08,53.17,213.0,2.2452,-0.1338,LOCK,0,normal
6090,9720054,3204,62275.0,0.0624,-0.1092,-0.4251,0.44332,1002.08,1000.0,-2.08,53.17,213.0,2.2434,-0.1601,LOCK,0,normal
6091,9720068,3218,62289.0,0.2301,-0.0507,-0.7215,0.759,1002.08,1000.0,-2.08,53.17,213.0,2.2539,-0.0019,LOCK,0,normal
6092,9720076,3226,62297.0,0.039,0.0975,-0.7995,0.80637,1002.08,1000.0,-2.08,53.17,213.0,2.2595,0.0829,LOCK,0,normal
6093,9720085,3235,62306.0,0.039,0.0975,-0.7995,0.80637,1002.08,1000.0,-2.08,53.17,213.0,2.2481,-0.0892,LOCK,0,normal
6094,9720093,3243,62314.0,-0.0312,0.0,-1.0569,1.05736,1002.08,1000.0,-2.08,53.17,213.0,2.252,-0.0297,LOCK,0,normal
6095,9720102,3252,62323.0,0.2184,-0.0468,-0.8229,0.85267,1002.07,1000.0,-2.07,53.17,213.0,2.2567,0.0402,LOCK,0,normal
6096,9720110,3260,62331.0,0.0546,0.0936,-0.6981,0.70646,1002.07,1000.0,-2.07,53.17,213.0,2.2474,-0.0996,LOCK,0,normal
6097,9720127,3277,62348.0,0.039,-0.0078,-0.7098,0.71091,1002.07,1000.0,-2.07,53.17,213.0,2.2645,0.1595,LOCK,0,normal
6098,9720136,3286,62357.0,0.039,-0.0078,-0.7098,0.71091,1002.06,1000.0,-2.06,53.17,213.0,2.2523,-0.0261,LOCK,0,normal
6099,9720144,3294,62365.0,0.0234,-0.0936,-0.975,0.97976,1002.06,1000.0,-2.06,53.17,213.0,2.2381,-0.2416,LOCK,0,normal
6100,9720153,3303,62374.0,0.0429,0.1794,-0.9594,0.97697,1002.06,1000.0,-2.06,53.17,213.0,2.2425,-0.1741,LOCK,0,normal
6101,9720161,3311,62382.0,-0.2223,-0.0429,-0.8463,0.87606,1002.06,1000.0,-2.06,53.17,213.0,2.2492,-0.0731,LOCK,0,normal
6102,9720170,3320,62391.0,0.1911,0.0,-0.5109,0.54547,1002.06,1000.0,-2.06,53.17,213.0,2.2613,0.1101,LOCK,0,normal
6103,9720224,3374,62445.0,0.2379,-0.0819,-0.8619,0.89787,1002.05,1000.0,-2.05,53.17,213.0,2.2604,0.097,LOCK,0,normal
6104,9720233,3383,62454.0,0.2184,0.0858,-0.9984,1.0256,1002.04,1000.0,-2.04,53.17,213.0,2.2595,0.0838,LOCK,0,normal
6105,9720241,3391,62462.0,-0.1833,-0.0039,-0.741,0.76334,1002.04,1000.0,-2.04,53.17,213.0,2.261,0.1067,LOCK,0,normal
6106,9720250,3400,62471.0,-0.1404,0.0429,-0.7254,0.74011,1002.03,1000.0,-2.03,53.17,213.0,2.2586,0.0704,LOCK,0,normal
6107,9720259,3409,62480.0,-0.1404,0.0429,-0.7254,0.74011,1002.03,1000.0,-2.03,53.17,213.0,2.2601,0.0918,LOCK,0,normal
6108,9720267,3417,62488.0,-0.0819,-0.0663,-0.7293,0.73687,1002.02,1000.0,-2.02,53.17,213.0,2.2615,0.1134,LOCK,0,normal
6109,9720275,3425,62496.0,0.2067,0.0078,-0.7839,0.81073,1002.02,1000.0,-2.02,53.17,213.0,2.2643,0.1559,LOCK,0,normal
6110,9720284,3434,62505.0,0.0546,0.1677,-0.7059,0.7276,1002.01,1000.0,-2.01,53.17,213.0,2.2614,0.1125,LOCK,0,normal
6111,9720292,3442,62513.0,0.2574,0.1053,-0.9516,0.99141,1002.0,1000.0,-2.0,53.17,213.0,2.2352,-0.2849,LOCK,0,normal
6112,9720301,3451,62522.0,-0.0039,-0.0585,-1.0062,1.00791,1002.0,1000.0,-2.0,53.17,213.0,2.252,-0.03,LOCK,0,normal
6113,9720333,3483,62554.0,0.0039,0.3783,-0.7644,0.8529,1001.99,1000.0,-1.99,53.17,213.0,2.2655,0.1748,LOCK,0,normal
6114,9720342,3492,62563.0,0.2652,0.1872,-0.9009,0.9576,1001.98,1000.0,-1.98,53.17,213.0,2.2437,-0.1558,LOCK,0,normal
6115,9720350,3500,62571.0,0.2652,0.1872,-0.9009,0.9576,1001.97,1000.0,-1.97,53.17,213.0,2.2457,-0.1262,LOCK,0,normal
6116,9720359,3509,62580.0,0.1092,0.1599,-0.8346,0.85677,1001.96,1000.0,-1.96,53.17,213.0,2.242,-0.1811,LOCK,0,normal
6117,9720367,3517,62588.0,0.0117,0.0195,-0.702,0.70237,1001.95,1000.0,-1.95,53.17,213.0,2.2505,-0.0529,LOCK,0,normal
6118,9720376,3526,62597.0,-0.0273,-0.1872,-0.8619,0.88242,1001.94,1000.0,-1.94,53.17,213.0,2.2591,0.0774,LOCK,0,normal
6119,9720384,3534,62605.0,0.0351,-0.2925,-0.6591,0.72194,1001.93,1000.0,-1.93,53.17,213.0,2.2591,0.0774,LOCK,0,normal
6120,9720393,3543,62614.0,0.078,0.0897,-0.8814,0.88938,1001.92,1000.0,-1.92,53.17,213.0,2.24,-0.2123,LOCK,0,normal
6121,9720401,3551,62622.0,0.078,0.0897,-0.8814,0.88938,1001.91,1000.0,-1.91,53.17,213.0,2.2441,-0.1503,LOCK,0,normal
6122,9720410,3560,62631.0,0.1599,-0.1326,-0.6903,0.72088,1001.9,1000.0,-1.9,53.17,213.0,2.2449,-0.1381,LOCK,0,normal
6123,9720428,3578,62649.0,-0.0624,-0.1833,-0.7176,0.74326,1001.89,1000.0,-1.89,53.17,213.0,2.2425,-0.1735,LOCK,0,normal
6124,9720437,3587,62658.0,-0.1248,-0.0702,-0.7995,0.81222,1001.88,1000.0,-1.88,53.17,213.0,2.2574,0.0515,LOCK,0,normal
6125,9720445,3595,62666.0,0.0624,-0.0624,-0.7566,0.76173,1001.88,1000.0,-1.88,53.17,213.0,2.2329,-0.32,LOCK,0,normal
6126,9720454,3604,62675.0,0.0624,-0.0624,-0.7566,0.76173,1001.87,1000.0,-1.87,53.17,213.0,2.2283,-0.3887,LOCK,0,normal
6127,9720484,3634,62705.0,-0.0273,-0.0468,-0.6591,0.66132,1001.86,1000.0,-1.86,53.17,213.0,2.259,0.0759,LOCK,0,normal
6128,9720492,3642,62713.0,0.2223,-0.117,-0.7098,0.75294,1001.85,1000.0,-1.85,53.17,213.0,2.2306,-0.3539,LOCK,0,normal
6129,9720501,3651,62722.0,0.0975,-0.0819,-0.8307,0.8404,1001.84,1000.0,-1.84,53.17,213.0,2.2324,-0.3273,LOCK,0,normal
6130,9720509,3659,62730.0,0.2184,-0.1092,-0.7098,0.75063,1001.84,1000.0,-1.84,53.17,213.0,2.234,-0.3035,LOCK,0,normal
6131,9720517,3667,62738.0,0.1638,-0.0234,-0.9711,0.9851,1001.83,1000.0,-1.83,53.17,213.0,2.2335,-0.3102,LOCK,0,normal
6132,9720535,3685,62756.0,0.0429,0.0351,-0.8853,0.88703,1001.82,1000.0,-1.82,53.17,213.0,2.2565,0.0371,LOCK,0,normal
6133,9720544,3694,62765.0,-0.0078,0.0585,-0.8736,0.87559,1001.81,1000.0,-1.81,53.17,213.0,2.2608,0.1028,LOCK,0,normal
6134,9720552,3702,62773.0,0.0351,0.0741,-0.6786,0.68354,1001.81,1000.0,-1.81,53.17,213.0,2.2582,0.0637,LOCK,0,normal
6135,9720561,3711,62782.0,0.039,-0.2652,-0.8736,0.9138,1001.8,1000.0,-1.8,53.17,213.0,2.2545,0.0075,LOCK,0,normal
6136,9720569,3719,62790.0,-0.1638,0.1209,-0.6084,0.64156,1001.8,1000.0,-1.8,53.17,213.0,2.261,0.1055,LOCK,0,normal
6137,9720578,3728,62799.0,0.2418,0.2418,-0.7098,0.78788,1001.79,1000.0,-1.79,53.17,213.0,2.2542,0.0032,LOCK,0,normal
6138,9720586,3736,62807.0,0.2418,0.2418,-0.7098,0.78788,1001.79,1000.0,-1.79,53.17,213.0,2.2579,0.0585,LOCK,0,normal
6139,9720595,3745,62816.0,0.0663,0.1716,-0.8619,0.88131,1001.78,1000.0,-1.78,53.17,213.0,2.2436,-0.1579,LOCK,0,normal
6140,9720603,3753,62824.0,0.1014,0.0,-1.0218,1.02682,1001.78,1000.0,-1.78,53.17,213.0,2.2389,-0.229,LOCK,0,normal
6141,9720628,3778,62849.0,-0.0468,0.0351,-0.7176,0.71998,1001.78,1000.0,-1.78,53.17,213.0,2.254,-0.0001,LOCK,0,normal
6142,9720636,3786,62857.0,0.0702,0.1326,-0.7254,0.74075,1001.78,1000.0,-1.78,53.17,213.0,2.2554,0.021,LOCK,0,normal
6143,9720645,3795,62866.0,0.0507,0.1326,-0.7566,0.7698,1001.78,1000.0,-1.78,53.17,213.0,2.2228,-0.472,LOCK,0,normal
6144,9720653,3803,62874.0,0.1677,0.039,-0.6825,0.70388,1001.78,1000.0,-1.78,53.17,213.0,2.2526,-0.0215,LOCK,0,normal
6145,9720662,3812,62883.0,-0.2145,-0.0702,-0.8697,0.89851,1001.78,1000.0,-1.78,53.17,213.0,2.2368,-0.2599,LOCK,0,normal
6146,9720670,3820,62891.0,-0.0585,0.0273,-0.9165,0.91877,1001.78,1000.0,-1.78,53.17,213.0,2.2541,0.0014,LOCK,0,normal
6147,9720680,3830,62901.0,-0.1365,0.117,-0.741,0.7625,1001.78,1000.0,-1.78,53.17,213.0,2.2666,0.1907,LOCK,0,normal
6148,9720689,3839,62910.0,-0.1365,0.117,-0.741,0.7625,1001.79,1000.0,-1.79,53.17,213.0,2.257,0.046,LOCK,0,normal
6149,9720697,3847,62918.0,0.0039,0.1014,-0.7566,0.76337,1001.79,1000.0,-1.79,53.17,213.0,2.2456,-0.128,LOCK,0,normal
6150,9720706,3856,62927.0,0.3705,0.2262,-0.6318,0.76656,1001.8,1000.0,-1.8,53.17,213.0,2.241,-0.1964,LOCK,0,normal
6151,9720714,3864,62935.0,0.117,0.2145,-0.9321,0.96359,1001.8,1000.0,-1.8,53.17,213.0,2.2503,-0.0554,LOCK,0,normal
6152,9720722,3872,62943.0,0.2067,0.1131,-0.9321,0.96142,1001.81,1000.0,-1.81,53.17,213.0,2.2499,-0.0618,LOCK,0,normal
6153,9720746,3896,62967.0,0.0273,0.0663,-0.6825,0.68626,1001.81,1000.0,-1.81,53.17,213.0,2.2596,0.0854,LOCK,0,normal
6154,9720754,3904,62975.0,-0.0039,0.0039,-0.8073,0.80732,1001.81,1000.0,-1.81,53.17,213.0,2.2251,-0.4381,LOCK,0,normal
6155,9720763,3913,62984.0,0.1365,-0.2379,-0.4563,0.53239,1001.82,1000.0,-1.82,53.17,213.0,2.2472,-0.1027,LOCK,0,normal
6156,9720771,3921,62992.0,0.1365,-0.2379,-0.4563,0.53239,1001.83,1000.0,-1.83,53.17,213.0,2.2413,-0.1918,LOCK,0,normal
6157,9720780,3930,63001.0,0.0624,0.0351,-1.0179,1.02041,1001.83,1000.0,-1.83,53.17,213.0,2.2664,0.1873,LOCK,0,normal
6158,9720788,3938,63009.0,0.0663,0.117,-0.8736,0.88389,1001.84,1000.0,-1.84,53.17,213.0,2.2625,0.1287,LOCK,0,normal
6159,9720797,3947,63018.0,-0.1716,0.0819,-0.7488,0.77256,1001.85,1000.0,-1.85,53.17,213.0,2.2345,-0.2959,LOCK,0,normal
6160,9720805,3955,63026.0,0.0468,-0.3393,-0.78,0.85189,1001.85,1000.0,-1.85,53.17,213.0,2.2461,-0.1198,LOCK,0,normal
6161,9720814,3964,63035.0,-0.0624,-0.1209,-0.741,0.75339,1001.86,1000.0,-1.86,53.17,213.0,2.2485,-0.0838,LOCK,0,normal
6162,9720832,3982,63053.0,0.0819,0.0741,-0.7527,0.76076,1001.88,1000.0,-1.88,53.17,213.0,2.2477,-0.096,LOCK,0,normal
6163,9720841,3991,63062.0,-0.0117,0.0039,-0.9165,0.91658,1001.9,1000.0,-1.9,53.17,213.0,2.2649,0.1647,LOCK,0,normal
6164,9720849,3999,63070.0,0.0663,0.1716,-0.663,0.68805,1001.91,1000.0,-1.91,53.17,213.0,2.237,-0.258,LOCK,0,normal
6165,9720858,4008,63079.0,0.1209,0.0078,-0.8229,0.83177,1001.93,1000.0,-1.93,53.17,213.0,2.2367,-0.262,LOCK,0,normal
6166,9720866,4016,63087.0,0.0663,0.2925,-0.7293,0.78856,1001.94,1000.0,-1.94,53.17,213.0,2.245,-0.1366,LOCK,0,normal
6167,9720875,4025,63096.0,0.2574,-0.0429,-0.9282,0.96418,1001.97,1000.0,-1.97,53.17,213.0,2.2566,0.0393,LOCK,0,normal
6168,9720888,4038,63109.0,0.3432,0.0702,-0.8463,0.91594,1001.98,1000.0,-1.98,53.17,213.0,2.2601,0.0918,LOCK,0,normal
6169,9720896,4046,63117.0,-0.0897,-0.0195,-0.8229,0.828,1002.0,1000.0,-2.0,53.17,213.0,2.2562,0.0335,LOCK,0,normal
6170,9720905,4055,63126.0,0.0195,-0.1482,-0.702,0.71774,1002.02,1000.0,-2.02,53.17,213.0,2.2454,-0.1298,LOCK,0,normal
6171,9720913,4063,63134.0,0.0195,-0.1482,-0.702,0.71774,1002.03,1000.0,-2.03,53.17,213.0,2.2511,-0.0447,LOCK,0,normal
6172,9720922,4072,63143.0,-0.0819,-0.0039,-0.8502,0.85414,1002.04,1000.0,-2.04,53.17,213.0,2.2465,-0.1143,LOCK,0,normal
6173,9720930,4080,63151.0,0.0039,0.2184,-0.8736,0.90049,1002.05,1000.0,-2.05,53.17,213.0,2.2493,-0.0718,LOCK,0,normal
6174,9720948,4098,63169.0,0.2067,0.0975,-0.6396,0.6792,1002.08,1000.0,-2.08,53.17,213.0,2.2613,0.1107,LOCK,0,normal
6175,9720957,4107,63178.0,0.2106,-0.0429,-0.7761,0.80531,1002.11,1000.0,-2.11,53.17,213.0,2.2306,-0.3542,LOCK,0,normal
6176,9720965,4115,63186.0,0.2106,-0.0429,-0.7761,0.80531,1002.13,1000.0,-2.13,53.17,213.0,2.2433,-0.1622,LOCK,0,normal
6177,9720974,4124,63195.0,0.1248,-0.0741,-0.7761,0.78955,1002.16,1000.0,-2.16,53.17,213.0,2.2685,0.2197,LOCK,0,normal
6178,9720982,4132,63203.0,0.0819,-0.0585,-0.8853,0.891,1002.18,1000.0,-2.18,53.17,213.0,2.2405,-0.2049,LOCK,0,normal
6179,9720991,4141,63212.0,0.156,0.0195,-0.9633,0.97604,1002.19,1000.0,-2.19,53.17,213.0,2.2635,0.1443,LOCK,0,normal
6180,9720999,4149,63220.0,-0.0663,0.1365,-0.6825,0.69917,1002.22,1000.0,-2.22,53.17,213.0,2.2523,-0.0264,LOCK,0,normal
6181,9721007,4157,63228.0,0.0078,-0.1794,-0.741,0.76245,1002.25,1000.0,-2.25,53.17,213.0,2.2363,-0.2684,LOCK,0,normal
6182,9721026,4176,63247.0,0.0234,-0.117,-0.741,0.75054,1002.27,1000.0,-2.27,53.17,213.0,2.2415,-0.1894,LOCK,0,normal
6183,9721035,4185,63256.0,-0.0624,0.039,-0.7098,0.7136,1002.3,1000.0,-2.3,53.17,213.0,2.2504,-0.0551,LOCK,0,normal
6184,9721043,4193,63264.0,0.0351,-0.1131,-0.9516,0.95894,1002.32,1000.0,-2.32,53.17,213.0,2.2613,0.1104,LOCK,0,normal
6185,9721052,4202,63273.0,0.0858,0.2535,-0.9165,0.95478,1002.33,1000.0,-2.33,53.17,213.0,2.2595,0.0829,LOCK,0,normal
6186,9721060,4210,63281.0,0.1599,0.0741,-0.6123,0.63716,1002.37,1000.0,-2.37,53.17,213.0,2.2441,-0.15,LOCK,0,normal
6187,9721069,4219,63290.0,0.2574,0.1248,-0.7761,0.82714,1002.41,1000.0,-2.41,53.17,213.0,2.2384,-0.2361,LOCK,0,normal
6188,9721077,4227,63298.0,0.2574,0.1248,-0.7761,0.82714,1002.44,1000.0,-2.44,53.17,213.0,2.2439,-0.1536,LOCK,0,normal
6189,9721085,4235,63306.0,0.2028,-0.0546,-0.7644,0.79273,1002.46,1000.0,-2.46,53.17,213.0,2.2558,0.028,LOCK,0,normal
6190,9721094,4244,63315.0,0.1053,0.1092,-0.8151,0.8291,1002.49,1000.0,-2.49,53.17,213.0,2.263,0.1369,LOCK,0,normal
6191,9721113,4263,63334.0,-0.0585,-0.0507,-0.7176,0.72176,1002.51,1000.0,-2.51,53.17,213.0,2.2542,0.0032,LOCK,0,normal
6192,9721121,4271,63342.0,0.156,-0.2223,-0.507,0.57515,1002.55,1000.0,-2.55,53.17,213.0,2.2548,0.0124,LOCK,0,normal
6193,9721129,4279,63350.0,0.156,-0.2223,-0.507,0.57515,1002.59,1000.0,-2.59,53.17,213.0,2.2479,-0.0917,LOCK,0,normal
6194,9721138,4288,63359.0,0.3432,0.1755,-0.8502,0.9335,1002.63,1000.0,-2.63,53.17,213.0,2.2534,-0.0087,LOCK,0,normal
6195,9721151,4301,63372.0,-0.0078,0.0312,-1.0608,1.06129,1002.66,1000.0,-2.66,53.17,213.0,2.2628,0.133,LOCK,0,normal
6196,9721160,4310,63381.0,-0.0078,0.0312,-1.0608,1.06129,1002.69,1000.0,-2.69,53.17,213.0,2.2406,-0.2028,LOCK,0,normal
6197,9721168,4318,63389.0,0.1248,0.0273,-0.9243,0.93309,1002.71,1000.0,-2.71,53.17,213.0,2.2562,0.0341,LOCK,0,normal
6198,9721176,4326,63397.0,0.0273,0.039,-0.7293,0.73085,1002.76,1000.0,-2.76,53.17,213.0,2.2449,-0.1384,LOCK,0,normal
6199,9721185,4335,63406.0,-0.0663,0.0,-0.6591,0.66243,1002.8,1000.0,-2.8,53.17,213.0,2.2436,-0.157,LOCK,0,normal
6200,9721193,4343,63414.0,0.0663,0.1716,-0.7683,0.79002,1002.83,1000.0,-2.83,53.17,213.0,2.2629,0.1345,LOCK,0,normal
6201,9721202,4352,63423.0,0.1443,-0.1287,-0.7995,0.82255,1002.86,1000.0,-2.86,53.17,213.0,2.2608,0.1037,LOCK,0,normal
6202,9721210,4360,63431.0,0.1443,-0.1287,-0.7995,0.82255,1002.89,1000.0,-2.89,53.17,213.0,2.2525,-0.0221,LOCK,0,normal
6203,9721229,4379,63450.0,0.0624,0.2457,-0.7098,0.75371,1002.92,1000.0,-2.92,53.17,213.0,2.2332,-0.3148,LOCK,0,normal
6204,9721237,4387,63458.0,0.1677,-0.1755,-0.8424,0.87668,1002.96,1000.0,-2.96,53.17,213.0,2.2542,0.0029,LOCK,0,normal
6205,9721246,4396,63467.0,0.3549,0.1404,-0.6708,0.77178,1003.0,1000.0,-3.0,53.17,213.0,2.2559,0.0295,LOCK,0,normal
6206,9721255,4405,63476.0,-0.0195,-0.039,-0.9399,0.94091,1003.04,1000.0,-3.04,53.17,213.0,2.2604,0.0967,LOCK,0,normal
6207,9721263,4413,63484.0,0.039,-0.0858,-0.9165,0.92133,1003.07,1000.0,-3.07,53.17,213.0,2.229,-0.3783,LOCK,0,normal
6208,9721271,4421,63492.0,0.039,-0.0858,-0.9165,0.92133,1003.1,1000.0,-3.1,53.17,213.0,2.2395,-0.2196,LOCK,0,normal
6209,9721280,4430,63501.0,-0.1443,-0.0156,-0.7839,0.79722,1003.13,1000.0,-3.13,53.17,213.0,2.2636,0.1449,LOCK,0,normal
6210,9721288,4438,63509.0,-0.0897,0.1482,-0.6357,0.65888,1003.15,1000.0,-3.15,53.17,213.0,2.2434,-0.161,LOCK,0,normal
6211,9721307,4457,63528.0,0.1092,-0.0234,-0.7215,0.73009,1003.19,1000.0,-3.19,53.17,213.0,2.2634,0.1421,LOCK,0,normal
6212,9721315,4465,63536.0,0.1404,0.1755,-0.9633,0.98917,1003.23,1000.0,-3.23,53.17,213.0,2.2213,-0.4958,LOCK,0,normal
6213,9721324,4474,63545.0,0.1404,0.1755,-0.9633,0.98917,1003.26,1000.0,-3.26,53.17,213.0,2.2639,0.1501,LOCK,0,normal
6214,9721332,4482,63553.0,0.0039,-0.1131,-0.6747,0.68412,1003.29,1000.0,-3.29,53.17,213.0,2.2471,-0.1042,LOCK,0,normal
6215,9721341,4491,63562.0,-0.0858,-0.1443,-0.7566,0.775,1003.32,1000.0,-3.32,53.17,213.0,2.2599,0.0896,LOCK,0,normal
6216,9721357,4507,63578.0,0.117,-0.0585,-0.6357,0.64902,1003.35,1000.0,-3.35,53.17,213.0,2.2645,0.1592,LOCK,0,normal
6217,9721365,4515,63586.0,0.117,-0.0585,-0.6357,0.64902,1003.39,1000.0,-3.39,53.17,213.0,2.2425,-0.1741,LOCK,0,normal
6218,9721373,4523,63594.0,0.117,0.0975,-0.7371,0.75267,1003.43,1000.0,-3.43,53.17,213.0,2.2442,-0.1491,LOCK,0,normal
6219,9721382,4532,63603.0,0.0468,-0.0078,-0.7995,0.80091,1003.47,1000.0,-3.47,53.17,213.0,2.2411,-0.1961,LOCK,0,normal
6220,9721390,4540,63611.0,0.0312,-0.1014,-1.0686,1.07385,1003.5,1000.0,-3.5,53.17,213.0,2.2416,-0.1872,LOCK,0,normal
6221,9721399,4549,63620.0,-0.0156,-0.0741,-0.8736,0.87688,1003.53,1000.0,-3.53,53.17,213.0,2.2587,0.0713,LOCK,0,normal
6222,9721407,4557,63628.0,0.0234,0.1638,-0.7332,0.75164,1003.55,1000.0,-3.55,53.17,213.0,2.2644,0.1574,LOCK,0,normal
6223,9721416,4566,63637.0,0.0234,0.1638,-0.7332,0.75164,1003.59,1000.0,-3.59,53.17,213.0,2.2459,-0.1222,LOCK,0,normal
6224,9721434,4584,63655.0,0.0039,-0.0936,-0.7605,0.76625,1003.63,1000.0,-3.63,53.17,213.0,2.2344,-0.2965,LOCK,0,normal
6225,9721443,4593,63664.0,0.1443,-0.1053,-0.6981,0.72059,1003.66,1000.0,-3.66,53.17,213.0,2.264,0.151,LOCK,0,normal
6226,9721452,4602,63673.0,0.0351,0.1131,-0.8034,0.81208,1003.69,1000.0,-3.69,53.17,213.0,2.2629,0.1345,LOCK,0,normal
6227,9721460,4610,63681.0,0.0039,-0.078,-0.8931,0.89651,1003.72,1000.0,-3.72,53.17,213.0,2.2592,0.0793,LOCK,0,normal
6228,9721468,4618,63689.0,0.2028,0.117,-1.0686,1.09395,1003.74,1000.0,-3.74,53.17,213.0,2.2233,-0.465,LOCK,0,normal
6229,9721477,4627,63698.0,0.2028,0.117,-1.0686,1.09395,1003.78,1000.0,-3.78,53.17,213.0,2.235,-0.2886,LOCK,0,normal
6230,9721485,4635,63706.0,0.0936,-0.0195,-0.507,0.51594,1003.81,1000.0,-3.81,53.17,213.0,2.2527,-0.0196,LOCK,0,normal
6231,9721494,4644,63715.0,0.1482,-0.0195,-0.8424,0.85556,1003.84,1000.0,-3.84,53.17,213.0,2.24,-0.2116,LOCK,0,normal
6232,9721502,4652,63723.0,0.1209,-0.1209,-0.7059,0.72631,1003.86,1000.0,-3.86,53.17,213.0,2.2615,0.1137,LOCK,0,normal
6233,9721521,4671,63742.0,0.0429,-0.0429,-0.7332,0.73571,1003.88,1000.0,-3.88,53.17,213.0,2.2436,-0.157,LOCK,0,normal
6234,9721529,4679,63750.0,0.0039,0.078,-1.0374,1.04034,1003.9,1000.0,-3.9,53.17,213.0,2.2547,0.0106,LOCK,0,normal
6235,9721538,4688,63759.0,0.0039,0.078,-1.0374,1.04034,1003.93,1000.0,-3.93,53.17,213.0,2.251,-0.0459,LOCK,0,normal
6236,9721546,4696,63767.0,-0.0273,0.0,-0.7137,0.71422,1003.96,1000.0,-3.96,53.17,213.0,2.2595,0.0835,LOCK,0,normal
6237,9721561,4711,63782.0,0.1365,-0.2769,-0.7995,0.85703,1003.99,1000.0,-3.99,53.17,213.0,2.2566,0.039,LOCK,0,normal
6238,9721570,4720,63791.0,0.1365,-0.2769,-0.7995,0.85703,1004.01,1000.0,-4.01,53.17,213.0,2.245,-0.1369,LOCK,0,normal
6239,9721578,4728,63799.0,-0.0312,0.0663,-0.7761,0.77955,1004.03,1000.0,-4.03,53.17,213.0,2.2411,-0.1961,LOCK,0,normal
6240,9721586,4736,63807.0,0.1521,0.117,-0.8541,0.87539,1004.05,1000.0,-4.05,53.17,213.0,2.2402,-0.2089,LOCK,0,normal
6241,9721595,4745,63816.0,-0.0273,0.1092,-1.0023,1.0086,1004.08,1000.0,-4.08,53.17,213.0,2.2535,-0.008,LOCK,0,normal
6242,9721605,4755,63826.0,0.0078,-0.1755,-0.6708,0.69342,1004.1,1000.0,-4.1,53.17,213.0,2.2595,0.0826,LOCK,0,normal
6243,9721613,4763,63834.0,-0.0312,-0.0546,-0.7878,0.79031,1004.12,1000.0,-4.12,53.17,213.0,2.2568,0.042,LOCK,0,normal
6244,9721622,4772,63843.0,0.0858,-0.0663,-0.6747,0.68336,1004.14,1000.0,-4.14,53.17,213.0,2.2298,-0.3673,LOCK,0,normal
6245,9721630,4780,63851.0,0.0858,-0.0663,-0.6747,0.68336,1004.15,1000.0,-4.15,53.17,213.0,2.2564,0.0359,LOCK,0,normal
6246,9721639,4789,63860.0,0.0858,-0.1521,-0.897,0.91384,1004.17,1000.0,-4.17,53.17,213.0,2.254,0.0002,LOCK,0,normal
6247,9721647,4797,63868.0,0.0078,0.1404,-0.8307,0.84252,1004.18,1000.0,-4.18,53.17,213.0,2.2425,-0.1735,LOCK,0,normal
6248,9721660,4810,63881.0,0.0078,-0.0819,-0.6825,0.68744,1004.2,1000.0,-4.2,53.17,213.0,2.2672,0.2004,LOCK,0,normal
6249,9721668,4818,63889.0,0.0819,0.0234,-0.6942,0.69941,1004.21,1000.0,-4.21,53.17,213.0,2.2419,-0.1839,LOCK,0,normal
6250,9721677,4827,63898.0,0.2184,0.2184,-0.7176,0.78125,1004.22,1000.0,-4.22,53.17,213.0,2.2353,-0.2831,LOCK,0,normal
6251,9721685,4835,63906.0,0.0546,0.0468,-0.9594,0.96209,1004.23,1000.0,-4.23,53.17,213.0,2.2358,-0.2761,LOCK,0,normal
6252,9721694,4844,63915.0,-0.0039,-0.1248,-0.78,0.78993,1004.24,1000.0,-4.24,53.17,213.0,2.24,-0.2123,LOCK,0,normal
6253,9721706,4856,63927.0,0.0624,0.0234,-0.6864,0.68963,1004.25,1000.0,-4.25,53.17,213.0,2.258,0.0612,LOCK,0,normal
6254,9721714,4864,63935.0,0.2925,-0.0234,-0.624,0.68955,1004.26,1000.0,-4.26,53.17,213.0,2.2731,0.2896,LOCK,0,normal
6255,9721723,4873,63944.0,0.2925,-0.0234,-0.624,0.68955,1004.27,1000.0,-4.27,53.17,213.0,2.2426,-0.1723,LOCK,0,normal
6256,9721731,4881,63952.0,0.1638,0.0507,-0.8268,0.84439,1004.27,1000.0,-4.27,53.17,213.0,2.2382,-0.2397,LOCK,0,normal
6257,9721739,4889,63960.0,0.1989,-0.0702,-0.8697,0.89491,1004.28,1000.0,-4.28,53.17,213.0,2.2468,-0.1094,LOCK,0,normal
6258,9721748,4898,63969.0,0.0819,0.0858,-0.7683,0.7774,1004.29,1000.0,-4.29,53.17,213.0,2.2433,-0.1619,LOCK,0,normal
6259,9721764,4914,63985.0,-0.0234,0.1638,-0.7605,0.77829,1004.29,1000.0,-4.29,53.17,213.0,2.2574,0.0515,LOCK,0,normal
6260,9721773,4923,63994.0,-0.0234,0.1638,-0.7605,0.77829,1004.3,1000.0,-4.3,53.17,213.0,2.2526,-0.0209,LOCK,0,normal
6261,9721781,4931,64002.0,0.3432,0.1326,-0.8775,0.95151,1004.3,1000.0,-4.3,53.17,213.0,2.251,-0.045,LOCK,0,normal
6262,9721790,4940,64011.0,0.1989,0.1599,-0.8424,0.88021,1004.31,1000.0,-4.31,53.17,213.0,2.2364,-0.266,LOCK,0,normal
6263,9721798,4948,64019.0,-0.0468,-0.2808,-0.6318,0.69297,1004.31,1000.0,-4.31,53.17,213.0,2.2501,-0.0596,LOCK,0,normal
6264,9721808,4958,64029.0,-0.0624,0.117,-0.7644,0.77582,1004.32,1000.0,-4.32,53.17,213.0,2.2563,0.0344,LOCK,0,normal
6265,9721816,4966,64037.0,0.1989,-0.2457,-0.7644,0.82719,1004.32,1000.0,-4.32,53.17,213.0,2.2601,0.0924,LOCK,0,normal
6266,9721825,4975,64046.0,0.1989,-0.2457,-0.7644,0.82719,1004.32,1000.0,-4.32,53.17,213.0,2.2416,-0.1872,LOCK,0,normal
6267,9721833,4983,64054.0,0.0195,0.1365,-0.8541,0.86516,1004.32,1000.0,-4.32,53.17,213.0,2.2316,-0.3396,LOCK,0,normal
6268,9721842,4992,64063.0,0.2847,0.3198,-0.6084,0.74396,1004.31,1000.0,-4.31,53.17,213.0,2.2479,-0.0929,LOCK,0,normal
6269,9721850,5000,64071.0,0.351,0.1989,-0.9906,1.0696,1004.31,1000.0,-4.31,53.17,213.0,2.2438,-0.1549,LOCK,0,normal
6270,9721869,5019,64090.0,-0.0624,-0.1053,-0.7995,0.80882,1004.31,1000.0,-4.31,53.17,213.0,2.2528,-0.0175,LOCK,0,normal
6271,9721877,5027,64098.0,0.1716,-0.0897,-0.7527,0.77721,1004.3,1000.0,-4.3,53.17,213.0,2.2483,-0.0862,LOCK,0,normal
6272,9721886,5036,64107.0,0.1716,-0.0897,-0.7527,0.77721,1004.3,1000.0,-4.3,53.17,213.0,2.2464,-0.1149,LOCK,0,normal
6273,9721894,5044,64115.0,0.1599,0.1833,-0.7917,0.82822,1004.3,1000.0,-4.3,53.17,213.0,2.2459,-0.1228,LOCK,0,normal
6274,9721903,5053,64124.0,-0.0117,0.0195,-0.5538,0.55427,1004.3,1000.0,-4.3,53.17,213.0,2.2526,-0.0209,LOCK,0,normal
6275,9721911,5061,64132.0,0.0429,0.0702,-1.1271,1.1301,1004.3,1000.0,-4.3,53.17,213.0,2.2577,0.0564,LOCK,0,normal
6276,9721920,5070,64141.0,0.0,0.0195,-0.7839,0.78414,1004.3,1000.0,-4.3,53.17,213.0,2.2634,0.1421,LOCK,0,normal
6277,9721928,5078,64149.0,-0.1521,-0.0273,-0.7683,0.78369,1004.3,1000.0,-4.3,53.17,213.0,2.2308,-0.3521,LOCK,0,normal
6278,9721947,5097,64168.0,0.1872,-0.2535,-0.7878,0.84849,1004.3,1000.0,-4.3,53.17,213.0,2.2217,-0.4891,LOCK,0,normal
6279,9721955,5105,64176.0,0.2184,-0.1521,-0.6981,0.74711,1004.29,1000.0,-4.29,53.17,213.0,2.2603,0.0957,LOCK,0,normal
6280,9721969,5119,64190.0,0.1638,0.0039,-0.7293,0.74748,1004.28,1000.0,-4.28,53.17,213.0,2.2638,0.1482,LOCK,0,normal
6281,9721977,5127,64198.0,0.0078,0.1131,-0.8697,0.87706,1004.28,1000.0,-4.28,53.17,213.0,2.2292,-0.3762,LOCK,0,normal
6282,9721986,5136,64207.0,0.0858,0.0195,-0.9165,0.92071,1004.27,1000.0,-4.27,53.17,213.0,2.2422,-0.1781,LOCK,0,normal
6283,9721994,5144,64215.0,-0.1092,-0.1326,-0.7683,0.78727,1004.26,1000.0,-4.26,53.17,213.0,2.2334,-0.3124,LOCK,0,normal
6284,9722003,5153,64224.0,0.0819,0.0312,-0.7254,0.73068,1004.26,1000.0,-4.26,53.17,213.0,2.2342,-0.2999,LOCK,0,normal
6285,9722013,5163,64234.0,0.0078,-0.1248,-0.7995,0.80922,1004.25,1000.0,-4.25,53.17,213.0,2.2554,0.021,LOCK,0,normal
6286,9722022,5172,64243.0,0.1209,0.1365,-0.7683,0.78964,1004.24,1000.0,-4.24,53.17,213.0,2.2634,0.1424,LOCK,0,normal
6287,9722030,5180,64251.0,0.1209,0.1365,-0.7683,0.78964,1004.23,1000.0,-4.23,53.17,213.0,2.2339,-0.3044,LOCK,0,normal
6288,9722039,5189,64260.0,0.0858,-0.0078,-0.9594,0.96326,1004.22,1000.0,-4.22,53.17,213.0,2.2568,0.0417,LOCK,0,normal
6289,9722047,5197,64268.0,-0.1248,0.0117,-0.663,0.67475,1004.21,1000.0,-4.21,53.17,213.0,2.2547,0.0109,LOCK,0,normal
6290,9722066,5216,64287.0,0.078,0.1365,-0.663,0.68138,1004.21,1000.0,-4.21,53.17,213.0,2.257,0.046,LOCK,0,normal
6291,9722075,5225,64296.0,0.1989,0.0,-0.8307,0.85418,1004.19,1000.0,-4.19,53.17,213.0,2.2596,0.0844,LOCK,0,normal
6292,9722083,5233,64304.0,0.1326,-0.0468,-0.9282,0.93879,1004.18,1000.0,-4.18,53.17,213.0,2.2504,-0.0548,LOCK,0,normal
6293,9722092,5242,64313.0,0.1326,-0.0468,-0.9282,0.93879,1004.17,1000.0,-4.17,53.17,213.0,2.2632,0.1388,LOCK,0,normal
6294,9722100,5250,64321.0,-0.0429,0.0429,-0.6123,0.6153,1004.16,1000.0,-4.16,53.17,213.0,2.2439,-0.1536,LOCK,0,normal
6295,9722109,5259,64330.0,0.0351,-0.1131,-0.7761,0.78508,1004.16,1000.0,-4.16,53.17,213.0,2.2475,-0.0981,LOCK,0,normal
6296,9722117,5267,64338.0,0.0663,-0.0273,-0.7332,0.7367,1004.15,1000.0,-4.15,53.17,213.0,2.2574,0.0521,LOCK,0,normal
6297,9722125,5275,64346.0,0.1638,-0.0039,-0.6513,0.67159,1004.14,1000.0,-4.14,53.17,213.0,2.2584,0.0667,LOCK,0,normal
6298,9722134,5284,64355.0,0.0468,-0.0897,-0.8541,0.86007,1004.13,1000.0,-4.13,53.17,213.0,2.2424,-0.1762,LOCK,0,normal
6299,9722153,5303,64374.0,-0.0624,-0.0975,-0.897,0.90444,1004.11,1000.0,-4.11,53.17,213.0,2.2647,0.162,LOCK,0,normal
6300,9722161,5311,64382.0,-0.0897,0.0429,-0.6786,0.68585,1004.1,1000.0,-4.1,53.17,213.0,2.254,0.0002,LOCK,0,normal
6301,9722174,5324,64395.0,0.0429,-0.1131,-0.8151,0.82403,1004.09,1000.0,-4.09,53.17,213.0,2.2658,0.1785,LOCK,0,normal
6302,9722183,5333,64404.0,0.0429,-0.1131,-0.8151,0.82403,1004.08,1000.0,-4.08,53.17,213.0,2.2423,-0.1775,LOCK,0,normal
6303,9722191,5341,64412.0,-0.0117,0.3744,-0.8112,0.89351,1004.06,1000.0,-4.06,53.17,213.0,2.246,-0.1207,LOCK,0,normal
6304,9722200,5350,64421.0,0.1677,0.0858,-0.8736,0.89368,1004.05,1000.0,-4.05,53.17,213.0,2.2373,-0.2538,LOCK,0,normal
6305,9722208,5358,64429.0,0.1989,0.0702,-0.9009,0.92526,1004.04,1000.0,-4.04,53.17,213.0,2.2421,-0.1805,LOCK,0,normal
6306,9722219,5369,64440.0,-0.0351,-0.0429,-0.6279,0.63034,1004.03,1000.0,-4.03,53.17,213.0,2.2591,0.0774,LOCK,0,normal
6307,9722227,5377,64448.0,-0.0468,-0.0897,-0.8424,0.84845,1004.02,1000.0,-4.02,53.17,213.0,2.2634,0.1418,LOCK,0,normal
6308,9722236,5386,64457.0,-0.1404,-0.0858,-0.7215,0.74002,1004.01,1000.0,-4.01,53.17,213.0,2.2339,-0.3041,LOCK,0,normal
6309,9722244,5394,64465.0,-0.1404,-0.0858,-0.7215,0.74002,1004.0,1000.0,-4.0,53.17,213.0,2.2493,-0.0706,LOCK,0,normal
6310,9722265,5415,64486.0,0.1014,0.0546,-0.5187,0.53133,1003.98,1000.0,-3.98,53.17,213.0,2.2554,0.0206,LOCK,0,normal
6311,9722274,5424,64495.0,0.2145,0.0702,-1.1505,1.17243,1003.96,1000.0,-3.96,53.17,213.0,2.2631,0.1382,LOCK,0,normal
6312,9722282,5432,64503.0,-0.117,0.0078,-0.7215,0.73097,1003.95,1000.0,-3.95,53.17,213.0,2.2645,0.1589,LOCK,0,normal
6313,9722291,5441,64512.0,-0.0546,0.078,-0.7917,0.7974,1003.93,1000.0,-3.93,53.17,213.0,2.2417,-0.1863,LOCK,0,normal
6314,9722299,5449,64520.0,0.0663,-0.1911,-0.7956,0.82091,1003.92,1000.0,-3.92,53.17,213.0,2.2417,-0.1857,LOCK,0,normal
6315,9722308,5458,64529.0,0.2925,0.1521,-0.7371,0.80747,1003.91,1000.0,-3.91,53.17,213.0,2.2391,-0.2251,LOCK,0,normal
6316,9722317,5467,64538.0,0.2925,0.1521,-0.7371,0.80747,1003.88,1000.0,-3.88,53.17,213.0,2.2607,0.1009,LOCK,0,normal
6317,9722325,5475,64546.0,0.0741,-0.1287,-0.858,0.87076,1003.86,1000.0,-3.86,53.17,213.0,2.2599,0.0896,LOCK,0,normal
6318,9722334,5484,64555.0,-0.1053,0.0429,-0.6903,0.6996,1003.85,1000.0,-3.85,53.17,213.0,2.2402,-0.2095,LOCK,0,normal
6319,9722342,5492,64563.0,0.1209,-0.0351,-0.7176,0.72856,1003.83,1000.0,-3.83,53.17,213.0,2.2397,-0.2171,LOCK,0,normal
6320,9722350,5500,64571.0,0.1053,0.0429,-0.8346,0.84231,1003.81,1000.0,-3.81,53.17,213.0,2.2482,-0.0886,LOCK,0,normal
6321,9722374,5524,64595.0,0.1287,-0.1794,-0.897,0.92377,1003.8,1000.0,-3.8,53.17,213.0,2.2619,0.1199,LOCK,0,normal
6322,9722382,5532,64603.0,0.2847,0.0,-0.663,0.72154,1003.78,1000.0,-3.78,53.17,213.0,2.2631,0.1372,LOCK,0,normal
6323,9722391,5541,64612.0,0.1833,-0.0741,-0.8658,0.88809,1003.77,1000.0,-3.77,53.17,213.0,2.2378,-0.2455,LOCK,0,normal
6324,9722399,5549,64620.0,0.0,0.1131,-0.7371,0.74573,1003.76,1000.0,-3.76,53.17,213.0,2.2404,-0.2062,LOCK,0,normal
6325,9722408,5558,64629.0,0.0,0.1131,-0.7371,0.74573,1003.75,1000.0,-3.75,53.17,213.0,2.2441,-0.1506,LOCK,0,normal
6326,9722416,5566,64637.0,-0.0624,-0.0741,-1.0686,1.07298,1003.74,1000.0,-3.74,53.17,213.0,2.2501,-0.0593,LOCK,0,normal
6327,9722425,5575,64646.0,-0.1521,0.2223,-0.6162,0.6725,1003.73,1000.0,-3.73,53.17,213.0,2.252,-0.0303,LOCK,0,normal
6328,9722433,5583,64654.0,0.1404,0.0078,-0.6864,0.70066,1003.72,1000.0,-3.72,53.17,213.0,2.2597,0.0866,LOCK,0,normal
6329,9722452,5602,64673.0,0.0507,-0.0078,-0.7371,0.73888,1003.7,1000.0,-3.7,53.17,213.0,2.2535,-0.0071,LOCK,0,normal
6330,9722460,5610,64681.0,0.0507,-0.0078,-0.7371,0.73888,1003.69,1000.0,-3.69,53.17,213.0,2.2431,-0.1649,LOCK,0,normal
6331,9722469,5619,64690.0,0.1443,-0.1014,-0.9984,1.01386,1003.68,1000.0,-3.68,53.17,213.0,2.2532,-0.0126,LOCK,0,normal
6332,9722477,5627,64698.0,0.0156,-0.0429,-0.8229,0.82417,1003.66,1000.0,-3.66,53.17,213.0,2.2609,0.1046,LOCK,0,normal
6333,9722486,5636,64707.0,-0.1014,0.0741,-0.6903,0.70163,1003.65,1000.0,-3.65,53.17,213.0,2.2583,0.0655,LOCK,0,normal
6334,9722494,5644,64715.0,0.117,0.1677,-0.7332,0.76118,1003.64,1000.0,-3.64,53.17,213.0,2.2385,-0.2345,LOCK,0,normal
6335,9722503,5653,64724.0,0.3003,0.1599,-0.741,0.81537,1003.62,1000.0,-3.62,53.17,213.0,2.2554,0.021,LOCK,0,normal
6336,9722511,5661,64732.0,0.3003,0.1599,-0.741,0.81537,1003.61,1000.0,-3.61,53.17,213.0,2.2441,-0.15,LOCK,0,normal
6337,9722530,5680,64751.0,0.0468,0.1131,-0.9243,0.93237,1003.6,1000.0,-3.6,53.17,213.0,2.2593,0.0802,LOCK,0,normal
6338,9722538,5688,64759.0,0.0507,-0.2457,-1.0257,1.05594,1003.58,1000.0,-3.58,53.17,213.0,2.2583,0.0658,LOCK,0,normal
6339,9722547,5697,64768.0,0.0546,0.1482,-0.8307,0.84558,1003.57,1000.0,-3.57,53.17,213.0,2.2354,-0.2822,LOCK,0,normal
6340,9722555,5705,64776.0,-0.0897,0.1443,-0.5928,0.61667,1003.56,1000.0,-3.56,53.17,213.0,2.263,0.1357,LOCK,0,normal
6341,9722564,5714,64785.0,0.1365,0.0078,-0.8346,0.84572,1003.54,1000.0,-3.54,53.17,213.0,2.2433,-0.1628,LOCK,0,normal
6342,9722583,5733,64804.0,0.1209,-0.0936,-0.7527,0.76807,1003.53,1000.0,-3.53,53.17,213.0,2.2612,0.1089,LOCK,0,normal
6343,9722592,5742,64813.0,-0.0234,0.0507,-0.8385,0.84036,1003.52,1000.0,-3.52,53.17,213.0,2.2442,-0.1488,LOCK,0,normal
6344,9722600,5750,64821.0,0.0702,-0.2769,-0.7917,0.84166,1003.51,1000.0,-3.51,53.17,213.0,2.24,-0.2123,LOCK,0,normal
6345,9722608,5758,64829.0,-0.0507,0.0195,-1.0335,1.03493,1003.49,1000.0,-3.49,53.17,213.0,2.2401,-0.2107,LOCK,0,normal
6346,9722617,5767,64838.0,0.2028,-0.0195,-0.6162,0.64901,1003.48,1000.0,-3.48,53.17,213.0,2.2433,-0.1619,LOCK,0,normal
6347,9722627,5777,64848.0,0.0195,0.1677,-0.7137,0.7334,1003.46,1000.0,-3.46,53.17,213.0,2.2554,0.0216,LOCK,0,normal
6348,9722636,5786,64857.0,-0.0234,-0.1014,-0.6357,0.64416,1003.45,1000.0,-3.45,53.17,213.0,2.2603,0.0948,LOCK,0,normal
6349,9722644,5794,64865.0,-0.0234,-0.1014,-0.6357,0.64416,1003.44,1000.0,-3.44,53.17,213.0,2.2435,-0.1598,LOCK,0,normal
6350,9722653,5803,64874.0,0.0351,-0.0819,-0.8541,0.85874,1003.43,1000.0,-3.43,53.17,213.0,2.2343,-0.2986,LOCK,0,normal
6351,9722661,5811,64882.0,0.1326,-0.0741,-0.7566,0.7717,1003.42,1000.0,-3.42,53.17,213.0,2.2404,-0.2062,LOCK,0,normal
6352,9722674,5824,64895.0,0.2457,0.1248,-0.7878,0.83461,1003.4,1000.0,-3.4,53.17,213.0,2.2573,0.0506,LOCK,0,normal
6353,9722684,5834,64905.0,0.1911,0.1365,-0.897,0.92723,1003.39,1000.0,-3.39,53.17,213.0,2.2601,0.0927,LOCK,0,normal
6354,9722693,5843,64914.0,0.0663,-0.1092,-0.8814,0.89061,1003.37,1000.0,-3.37,53.17,213.0,2.2366,-0.2632,LOCK,0,normal
6355,9722701,5851,64922.0,0.1443,-0.0039,-0.6786,0.69378,1003.36,1000.0,-3.36,53.17,213.0,2.2341,-0.302,LOCK,0,normal
6356,9722710,5860,64931.0,-0.1638,0.1365,-0.7098,0.74113,1003.35,1000.0,-3.35,53.17,213.0,2.2603,0.0948,LOCK,0,normal
6357,9722718,5868,64939.0,-0.0702,0.1014,-0.7176,0.72812,1003.34,1000.0,-3.34,53.17,213.0,2.2341,-0.3017,LOCK,0,normal
6358,9722730,5880,64951.0,0.078,-0.2301,-0.8424,0.87674,1003.32,1000.0,-3.32,53.17,213.0,2.253,-0.0157,LOCK,0,normal
6359,9722739,5889,64960.0,-0.0351,-0.2145,-0.6864,0.71999,1003.31,1000.0,-3.31,53.17,213.0,2.2586,0.0701,LOCK,0,normal
6360,9722747,5897,64968.0,-0.0351,-0.2145,-0.6864,0.71999,1003.3,1000.0,-3.3,53.17,213.0,2.2408,-0.2004,LOCK,0,normal
6361,9722756,5906,64977.0,-0.0585,0.0351,-0.8814,0.88404,1003.29,1000.0,-3.29,53.17,213.0,2.2318,-0.3368,LOCK,0,normal
6362,9722764,5914,64985.0,-0.0195,0.0273,-0.6669,0.66774,1003.28,1000.0,-3.28,53.17,213.0,2.2423,-0.1775,LOCK,0,normal
6363,9722772,5922,64993.0,-0.0663,-0.1209,-0.8814,0.89212,1003.27,1000.0,-3.27,53.17,213.0,2.2502,-0.0578,LOCK,0,normal
6364,9722796,5946,65017.0,0.3198,0.078,-0.9282,0.98484,1003.25,1000.0,-3.25,53.17,213.0,2.2604,0.0973,LOCK,0,normal
6365,9722804,5954,65025.0,0.0624,0.1092,-0.5499,0.5641,1003.23,1000.0,-3.23,53.17,213.0,2.234,-0.3032,LOCK,0,normal
6366,9722813,5963,65034.0,0.195,0.0273,-0.78,0.80447,1003.21,1000.0,-3.21,53.17,213.0,2.2524,-0.0239,LOCK,0,normal
6367,9722821,5971,65042.0,0.1989,-0.273,-0.8229,0.88952,1003.19,1000.0,-3.19,53.17,213.0,2.2415,-0.1897,LOCK,0,normal
6368,9722830,5980,65051.0,0.0507,-0.039,-0.7527,0.75541,1003.18,1000.0,-3.18,53.17,213.0,2.2608,0.1034,LOCK,0,normal
6369,9722841,5991,65062.0,0.1326,0.0663,-0.8229,0.83615,1003.17,1000.0,-3.17,53.17,213.0,2.2593,0.0799,LOCK,0,normal
6370,9722850,6000,65071.0,0.1911,0.2106,-1.0257,1.06439,1003.14,1000.0,-3.14,53.17,213.0,2.2381,-0.2406,LOCK,0,normal
6371,9722858,6008,65079.0,0.1911,0.2106,-1.0257,1.06439,1003.12,1000.0,-3.12,53.17,213.0,2.2463,-0.1164,LOCK,0,normal
6372,9722867,6017,65088.0,0.0429,-0.0585,-0.7644,0.76783,1003.11,1000.0,-3.11,53.17,213.0,2.2452,-0.1338,LOCK,0,normal
6373,9722875,6025,65096.0,-0.312,0.1482,-0.6864,0.76841,1003.09,1000.0,-3.09,53.17,213.0,2.2615,0.1137,LOCK,0,normal
6374,9722885,6035,65106.0,-0.0039,-0.0351,-0.7605,0.76132,1003.07,1000.0,-3.07,53.17,213.0,2.2634,0.1431,LOCK,0,normal
6375,9722894,6044,65115.0,-0.1404,-0.1872,-0.7956,0.8293,1003.06,1000.0,-3.06,53.17,213.0,2.2656,0.1763,LOCK,0,normal
6376,9722902,6052,65123.0,0.0702,0.1521,-0.6864,0.70655,1003.05,1000.0,-3.05,53.17,213.0,2.2225,-0.4775,LOCK,0,normal
6377,9722911,6061,65132.0,0.0702,0.1521,-0.6864,0.70655,1003.03,1000.0,-3.03,53.17,213.0,2.2376,-0.2489,LOCK,0,normal
6378,9722919,6069,65140.0,0.3159,0.1092,-0.8112,0.87736,1003.02,1000.0,-3.02,53.17,213.0,2.2374,-0.251,LOCK,0,normal
6379,9722928,6078,65149.0,0.1365,0.0234,-0.9048,0.91534,1003.01,1000.0,-3.01,53.17,213.0,2.2448,-0.139,LOCK,0,normal
6380,9722936,6086,65157.0,0.1521,0.1326,-1.0608,1.07982,1003.0,1000.0,-3.0,53.17,213.0,2.2565,0.0371,LOCK,0,normal
6381,9722945,6095,65166.0,0.0078,0.0624,-1.0764,1.07824,1002.99,1000.0,-2.99,53.17,213.0,2.2494,-0.07,LOCK,0,normal
6382,9722963,6113,65184.0,-0.1443,0.3003,-0.6981,0.77353,1002.98,1000.0,-2.98,53.17,213.0,2.2381,-0.2403,LOCK,0,normal
6383,9722972,6122,65193.0,-0.1443,0.3003,-0.6981,0.77353,1002.96,1000.0,-2.96,53.17,213.0,2.2318,-0.3362,LOCK,0,normal
6384,9722980,6130,65201.0,0.0273,-0.1521,-0.4251,0.45232,1002.94,1000.0,-2.94,53.17,213.0,2.2524,-0.0236,LOCK,0,normal
6385,9722989,6139,65210.0,0.0936,-0.0975,-0.8463,0.85702,1002.93,1000.0,-2.93,53.17,213.0,2.268,0.212,LOCK,0,normal
6386,9723002,6152,65223.0,0.1131,-0.0936,-0.6474,0.66384,1002.91,1000.0,-2.91,53.17,213.0,2.2615,0.1137,LOCK,0,normal
6387,9723011,6161,65232.0,-0.0312,0.1599,-0.8268,0.8427,1002.9,1000.0,-2.9,53.17,213.0,2.2374,-0.2522,LOCK,0,normal
6388,9723019,6169,65240.0,0.1677,-0.2301,-0.7839,0.83401,1002.89,1000.0,-2.89,53.17,213.0,2.2342,-0.3002,LOCK,0,normal
6389,9723027,6177,65248.0,0.2886,-0.0741,-0.9282,0.97485,1002.88,1000.0,-2.88,53.17,213.0,2.2463,-0.1161,LOCK,0,normal
6390,9723037,6187,65258.0,0.1287,0.0819,-0.9399,0.9522,1002.87,1000.0,-2.87,53.17,213.0,2.2518,-0.0331,LOCK,0,normal
6391,9723045,6195,65266.0,0.117,0.1014,-0.9594,0.97181,1002.86,1000.0,-2.86,53.17,213.0,2.2648,0.1641,LOCK,0,normal
6392,9723054,6204,65275.0,0.117,0.1014,-0.9594,0.97181,1002.86,1000.0,-2.86,53.17,213.0,2.2275,-0.4009,LOCK,0,normal
6393,9723062,6212,65283.0,0.1638,-0.0312,-0.8424,0.85874,1002.85,1000.0,-2.85,53.17,213.0,2.2467,-0.1103,LOCK,0,normal
6394,9723070,6220,65291.0,0.0,0.1092,-0.8931,0.89975,1002.84,1000.0,-2.84,53.17,213.0,2.2476,-0.0963,LOCK,0,normal
6395,9723089,6239,65310.0,0.0312,-0.0741,-0.8034,0.80741,1002.83,1000.0,-2.83,53.17,213.0,2.2588,0.0731,LOCK,0,normal
6396,9723098,6248,65319.0,0.0897,0.1755,-0.6669,0.69541,1002.82,1000.0,-2.82,53.17,213.0,2.2616,0.115,LOCK,0,normal
6397,9723106,6256,65327.0,-0.2457,0.1014,-0.7527,0.79825,1002.81,1000.0,-2.81,53.17,213.0,2.2354,-0.2822,LOCK,0,normal
6398,9723115,6265,65336.0,-0.2457,0.1014,-0.7527,0.79825,1002.8,1000.0,-2.8,53.17,213.0,2.2543,0.0051,LOCK,0,normal
6399,9723123,6273,65344.0,-0.0312,0.0312,-0.5304,0.53223,1002.79,1000.0,-2.79,53.17,213.0,2.237,-0.2577,LOCK,0,normal
6400,9723131,6281,65352.0,-0.1326,0.0039,-0.7644,0.77583,1002.79,1000.0,-2.79,53.17,213.0,2.2455,-0.1289,LOCK,0,normal
6401,9723140,6290,65361.0,-0.2886,0.2925,-0.5343,0.67403,1002.78,1000.0,-2.78,53.17,213.0,2.2696,0.2358,LOCK,0,normal
6402,9723148,6298,65369.0,0.2808,0.1053,-0.6942,0.75621,1002.77,1000.0,-2.77,53.17,213.0,2.2606,0.1003,LOCK,0,normal
6403,9723167,6317,65388.0,0.1794,0.1092,-0.6084,0.64363,1002.77,1000.0,-2.77,53.17,213.0,2.256,0.0301,LOCK,0,normal
6404,9723175,6325,65396.0,0.0936,-0.039,-0.8268,0.83299,1002.76,1000.0,-2.76,53.17,213.0,2.2492,-0.0722,LOCK,0,normal
6405,9723184,6334,65405.0,0.0819,-0.0429,-0.8229,0.82808,1002.76,1000.0,-2.76,53.17,213.0,2.2654,0.173,LOCK,0,normal
6406,9723192,6342,65413.0,0.1053,-0.2457,-0.7995,0.843,1002.75,1000.0,-2.75,53.17,213.0,2.2642,0.1543,LOCK,0,normal
6407,9723206,6356,65427.0,-0.0507,0.0897,-0.6981,0.70566,1002.75,1000.0,-2.75,53.17,213.0,2.2633,0.1415,LOCK,0,normal
6408,9723214,6364,65435.0,0.2964,0.1053,-0.6591,0.73031,1002.74,1000.0,-2.74,53.17,213.0,2.2415,-0.1888,LOCK,0,normal
6409,9723223,6373,65444.0,0.0663,-0.1092,-0.7488,0.75962,1002.73,1000.0,-2.73,53.17,213.0,2.2462,-0.1189,LOCK,0,normal
6410,9723231,6381,65452.0,-0.0351,-0.117,-0.6981,0.70871,1002.73,1000.0,-2.73,53.17,213.0,2.2329,-0.3194,LOCK,0,normal
6411,9723240,6390,65461.0,0.0039,0.0741,-0.7527,0.75635,1002.72,1000.0,-2.72,53.17,213.0,2.2626,0.1308,LOCK,0,normal
6412,9723248,6398,65469.0,0.0039,0.0741,-0.7527,0.75635,1002.72,1000.0,-2.72,53.17,213.0,2.2609,0.1049,LOCK,0,normal
6413,9723257,6407,65478.0,-0.0156,-0.1092,-0.8307,0.83799,1002.72,1000.0,-2.72,53.17,213.0,2.2305,-0.356,LOCK,0,normal
6414,9723265,6415,65486.0,0.0468,0.0858,-0.8463,0.85192,1002.71,1000.0,-2.71,53.17,213.0,2.2442,-0.1485,LOCK,0,normal
6415,9723274,6424,65495.0,0.3705,0.1638,-0.936,1.0199,1002.71,1000.0,-2.71,53.17,213.0,2.2436,-0.157,LOCK,0,normal
6416,9723293,6443,65514.0,-0.078,-0.0819,-1.053,1.05906,1002.71,1000.0,-2.71,53.17,213.0,2.2525,-0.0227,LOCK,0,normal
6417,9723301,6451,65522.0,0.0039,0.078,-1.0608,1.06367,1002.7,1000.0,-2.7,53.17,213.0,2.2593,0.0802,LOCK,0,normal
6418,9723309,6459,65530.0,0.0039,0.078,-1.0608,1.06367,1002.7,1000.0,-2.7,53.17,213.0,2.2263,-0.4198,LOCK,0,normal
6419,9723318,6468,65539.0,-0.1989,-0.3822,-0.9165,1.01272,1002.7,1000.0,-2.7,53.17,213.0,2.2445,-0.1439,LOCK,0,normal
6420,9723326,6476,65547.0,0.0195,0.0468,-0.9009,0.90233,1002.69,1000.0,-2.69,53.17,213.0,2.243,-0.1671,LOCK,0,normal
6421,9723335,6485,65556.0,0.0273,-0.2067,-0.5499,0.5881,1002.68,1000.0,-2.68,53.17,213.0,2.2379,-0.2446,LOCK,0,normal
6422,9723344,6494,65565.0,0.1326,0.1248,-0.7449,0.76683,1002.68,1000.0,-2.68,53.17,213.0,2.2655,0.1745,LOCK,0,normal
6423,9723353,6503,65574.0,-0.1209,-0.1911,-0.6201,0.66005,1002.67,1000.0,-2.67,53.17,213.0,2.2709,0.256,LOCK,0,normal
6424,9723361,6511,65582.0,-0.1209,-0.1911,-0.6201,0.66005,1002.67,1000.0,-2.67,53.17,213.0,2.2328,-0.3212,LOCK,0,normal
6425,9723370,6520,65591.0,-0.0624,-0.0039,-0.8307,0.83305,1002.66,1000.0,-2.66,53.17,213.0,2.2336,-0.3087,LOCK,0,normal
6426,9723388,6538,65609.0,0.2223,-0.0936,-0.7995,0.83509,1002.66,1000.0,-2.66,53.17,213.0,2.2599,0.0896,LOCK,0,normal
6427,9723397,6547,65618.0,0.0117,-0.1482,-0.5811,0.59981,1002.65,1000.0,-2.65,53.17,213.0,2.258,0.0606,LOCK,0,normal
6428,9723411,6561,65632.0,0.0351,-0.0819,-0.819,0.82383,1002.65,1000.0,-2.65,53.17,213.0,2.2621,0.1223,LOCK,0,normal
6429,9723419,6569,65640.0,-0.0468,-0.0663,-0.7215,0.72605,1002.65,1000.0,-2.65,53.17,213.0,2.2505,-0.0532,LOCK,0,normal
6430,9723427,6577,65648.0,-0.0507,0.0312,-0.8346,0.83672,1002.65,1000.0,-2.65,53.17,213.0,2.258,0.06,LOCK,0,normal
6431,9723436,6586,65657.0,0.1287,-0.0039,-0.897,0.90619,1002.64,1000.0,-2.64,53.17,213.0,2.2492,-0.0722,LOCK,0,normal
6432,9723445,6595,65666.0,-0.0507,-0.1404,-1.0179,1.02879,1002.64,1000.0,-2.64,53.17,213.0,2.2593,0.0802,LOCK,0,normal
6433,9723453,6603,65674.0,-0.0507,-0.1404,-1.0179,1.02879,1002.63,1000.0,-2.63,53.17,213.0,2.2535,-0.0068,LOCK,0,normal
6434,9723462,6612,65683.0,0.2028,0.039,-0.9282,0.9509,1002.63,1000.0,-2.63,53.17,213.0,2.2208,-0.5032,LOCK,0,normal
6435,9723470,6620,65691.0,-0.1014,0.0117,-0.897,0.90279,1002.62,1000.0,-2.62,53.17,213.0,2.2382,-0.24,LOCK,0,normal
6436,9723489,6639,65710.0,-0.1404,0.0507,-0.7293,0.74442,1002.62,1000.0,-2.62,53.17,213.0,2.235,-0.2873,LOCK,0,normal
6437,9723497,6647,65718.0,-0.0975,0.3354,-0.6006,0.69478,1002.61,1000.0,-2.61,53.17,213.0,2.2616,0.1147,LOCK,0,normal
6438,9723506,6656,65727.0,0.0858,0.1404,-0.78,0.79717,1002.61,1000.0,-2.61,53.17,213.0,2.2549,0.013,LOCK,0,normal
6439,9723514,6664,65735.0,0.0858,0.1404,-0.78,0.79717,1002.6,1000.0,-2.6,53.17,213.0,2.2404,-0.2068,LOCK,0,normal
6440,9723523,6673,65744.0,0.2418,0.0702,-0.6396,0.68737,1002.59,1000.0,-2.59,53.17,213.0,2.2468,-0.1085,LOCK,0,normal
6441,9723531,6681,65752.0,0.2691,-0.2535,-0.8034,0.88438,1002.59,1000.0,-2.59,53.17,213.0,2.241,-0.1967,LOCK,0,normal
6442,9723545,6695,65766.0,0.0975,-0.1716,-0.741,0.76683,1002.58,1000.0,-2.58,53.17,213.0,2.268,0.2123,LOCK,0,normal
6443,9723554,6704,65775.0,0.1014,-0.0936,-0.7605,0.77292,1002.58,1000.0,-2.58,53.17,213.0,2.2517,-0.0352,LOCK,0,normal
6444,9723562,6712,65783.0,0.0,0.1404,-0.6435,0.65864,1002.57,1000.0,-2.57,53.17,213.0,2.2342,-0.2999,LOCK,0,normal
6445,9723571,6721,65792.0,0.0897,0.2496,-0.7761,0.82017,1002.57,1000.0,-2.57,53.17,213.0,2.2426,-0.1726,LOCK,0,normal
6446,9723579,6729,65800.0,0.0858,0.0546,-0.936,0.94151,1002.57,1000.0,-2.57,53.17,213.0,2.2509,-0.0465,LOCK,0,normal
6447,9723588,6738,65809.0,0.1365,-0.0156,-0.9672,0.97691,1002.57,1000.0,-2.57,53.17,213.0,2.2201,-0.5129,LOCK,0,normal
6448,9723612,6762,65833.0,-0.1404,-0.1716,-0.7254,0.75853,1002.57,1000.0,-2.57,53.17,213.0,2.2591,0.0777,LOCK,0,normal
6449,9723620,6770,65841.0,0.1248,0.0312,-0.7059,0.71753,1002.56,1000.0,-2.56,53.17,213.0,2.2359,-0.2745,LOCK,0,normal
6450,9723628,6778,65849.0,0.1755,-0.2925,-0.7488,0.82284,1002.56,1000.0,-2.56,53.17,213.0,2.2405,-0.2046,LOCK,0,normal
6451,9723637,6787,65858.0,0.1755,-0.2925,-0.7488,0.82284,1002.55,1000.0,-2.55,53.17,213.0,2.2382,-0.2391,LOCK,0,normal
6452,9723645,6795,65866.0,0.1365,-0.117,-0.7488,0.77008,1002.54,1000.0,-2.54,53.17,213.0,2.2506,-0.0514,LOCK,0,normal
6453,9723654,6804,65875.0,0.1248,0.1092,-0.7137,0.73271,1002.54,1000.0,-2.54,53.17,213.0,2.253,-0.0154,LOCK,0,normal
6454,9723662,6812,65883.0,-0.0546,-0.0078,-0.7839,0.78584,1002.53,1000.0,-2.53,53.17,213.0,2.2607,0.1021,LOCK,0,normal
6455,9723681,6831,65902.0,-0.039,0.273,-1.1076,1.14141,1002.53,1000.0,-2.53,53.17,213.0,2.2528,-0.0178,LOCK,0,normal
6456,9723689,6839,65910.0,-0.0117,0.0351,-0.7254,0.72634,1002.52,1000.0,-2.52,53.17,213.0,2.2498,-0.0639,LOCK,0,normal
6457,9723698,6848,65919.0,-0.0117,0.0351,-0.7254,0.72634,1002.51,1000.0,-2.51,53.17,213.0,2.2581,0.0625,LOCK,0,normal
6458,9723707,6857,65928.0,-0.1716,0.1326,-0.7566,0.78707,1002.51,1000.0,-2.51,53.17,213.0,2.261,0.1064,LOCK,0,normal
6459,9723715,6865,65936.0,0.0819,0.0546,-0.6708,0.67798,1002.5,1000.0,-2.5,53.17,213.0,2.2544,0.006,LOCK,0,normal
6460,9723724,6874,65945.0,0.0312,-0.0624,-0.9048,0.90749,1002.5,1000.0,-2.5,53.17,213.0,2.2358,-0.2751,LOCK,0,normal
6461,9723732,6882,65953.0,-0.0117,-0.1053,-0.7488,0.75626,1002.49,1000.0,-2.49,53.17,213.0,2.2423,-0.1775,LOCK,0,normal
6462,9723741,6891,65962.0,0.078,0.1794,-0.8112,0.83445,1002.49,1000.0,-2.49,53.17,213.0,2.2466,-0.1121,LOCK,0,normal
6463,9723750,6900,65971.0,0.078,0.1794,-0.8112,0.83445,1002.48,1000.0,-2.48,53.17,213.0,2.2545,0.0072,LOCK,0,normal
6464,9723759,6909,65980.0,0.0975,0.1911,-0.624,0.65985,1002.47,1000.0,-2.47,53.17,213.0,2.2624,0.1275,LOCK,0,normal
6465,9723767,6917,65988.0,0.1014,0.0975,-0.8853,0.89641,1002.46,1000.0,-2.46,53.17,213.0,2.2457,-0.1256,LOCK,0,normal
6466,9723776,6926,65997.0,0.0507,-0.2028,-1.0413,1.06208,1002.45,1000.0,-2.45,53.17,213.0,2.2392,-0.2245,LOCK,0,normal
6467,9723784,6934,66005.0,-0.0195,0.0585,-1.0023,1.0042,1002.44,1000.0,-2.44,53.17,213.0,2.252,-0.0303,LOCK,0,normal
6468,9723803,6953,66024.0,0.0936,0.1521,-0.6591,0.68287,1002.44,1000.0,-2.44,53.17,213.0,2.2541,0.0011,LOCK,0,normal
6469,9723816,6966,66037.0,-0.0039,-0.1482,-0.5421,0.56201,1002.42,1000.0,-2.42,53.17,213.0,2.2605,0.0991,LOCK,0,normal
6470,9723824,6974,66045.0,0.2106,0.0273,-0.819,0.84608,1002.4,1000.0,-2.4,53.17,213.0,2.2273,-0.4043,LOCK,0,normal
6471,9723833,6983,66054.0,0.2145,-0.0351,-0.7566,0.7872,1002.38,1000.0,-2.38,53.17,213.0,2.247,-0.106,LOCK,0,normal
6472,9723841,6991,66062.0,0.2145,-0.0351,-0.7566,0.7872,1002.37,1000.0,-2.37,53.17,213.0,2.247,-0.1063,LOCK,0,normal
6473,9723850,7000,66071.0,0.0312,-0.1092,-0.8346,0.84229,1002.35,1000.0,-2.35,53.17,213.0,2.2559,0.0295,LOCK,0,normal
6474,9723859,7009,66080.0,0.0546,-0.1248,-0.6669,0.68067,1002.34,1000.0,-2.34,53.17,213.0,2.2606,0.1006,LOCK,0,normal
6475,9723867,7017,66088.0,0.1053,0.0351,-0.7605,0.76856,1002.32,1000.0,-2.32,53.17,213.0,2.2574,0.0518,LOCK,0,normal
6476,9723876,7026,66097.0,0.2613,-0.0273,-0.5772,0.63418,1002.31,1000.0,-2.31,53.17,213.0,2.2254,-0.4336,LOCK,0,normal
6477,9723884,7034,66105.0,0.2223,0.1872,-1.0296,1.06983,1002.3,1000.0,-2.3,53.17,213.0,2.2468,-0.1088,LOCK,0,normal
6478,9723903,7053,66124.0,0.0897,-0.039,-1.0413,1.04588,1002.29,1000.0,-2.29,53.17,213.0,2.2606,0.1006,LOCK,0,normal
6479,9723912,7062,66133.0,-0.0546,-0.0039,-0.9945,0.99601,1002.28,1000.0,-2.28,53.17,213.0,2.2589,0.0738,LOCK,0,normal
6480,9723920,7070,66141.0,-0.1677,0.2847,-0.7098,0.78294,1002.27,1000.0,-2.27,53.17,213.0,2.2634,0.1421,LOCK,0,normal
6481,9723929,7079,66150.0,0.1989,0.1014,-0.6552,0.69219,1002.25,1000.0,-2.25,53.17,213.0,2.2356,-0.2782,LOCK,0,normal
6482,9723937,7087,66158.0,0.2067,0.0156,-0.6786,0.70955,1002.23,1000.0,-2.23,53.17,213.0,2.2389,-0.2294,LOCK,0,normal
6483,9723946,7096,66167.0,0.0078,-0.0819,-0.7917,0.79596,1002.21,1000.0,-2.21,53.17,213.0,2.237,-0.2577,LOCK,0,normal
6484,9723955,7105,66176.0,0.0078,-0.0819,-0.7917,0.79596,1002.19,1000.0,-2.19,53.17,213.0,2.2644,0.1571,LOCK,0,normal
6485,9723963,7113,66184.0,0.1989,-0.0507,-0.7956,0.82165,1002.18,1000.0,-2.18,53.17,213.0,2.2597,0.0863,LOCK,0,normal
6486,9723972,7122,66193.0,0.0156,-0.0702,-0.7878,0.79108,1002.17,1000.0,-2.17,53.17,213.0,2.2321,-0.3322,LOCK,0,normal
6487,9723980,7130,66201.0,-0.0741,0.195,-0.6747,0.70621,1002.15,1000.0,-2.15,53.17,213.0,2.2508,-0.0483,LOCK,0,normal
6488,9723989,7139,66210.0,-0.0429,-0.1833,-0.7995,0.82136,1002.14,1000.0,-2.14,53.17,213.0,2.2479,-0.0929,LOCK,0,normal
6489,9724007,7157,66228.0,-0.0312,0.0585,-0.8775,0.88,1002.12,1000.0,-2.12,53.17,213.0,2.256,0.0301,LOCK,0,normal
6490,9724021,7171,66242.0,-0.0702,0.0741,-0.6942,0.70166,1002.1,1000.0,-2.1,53.17,213.0,2.2556,0.0243,LOCK,0,normal
6491,9724029,7179,66250.0,-0.0195,-0.1053,-0.7449,0.75256,1002.09,1000.0,-2.09,53.17,213.0,2.2491,-0.0746,LOCK,0,normal
6492,9724038,7188,66259.0,0.3354,-0.1092,-0.7566,0.83478,1002.07,1000.0,-2.07,53.17,213.0,2.2525,-0.0221,LOCK,0,normal
6493,9724046,7196,66267.0,0.3354,-0.1092,-0.7566,0.83478,1002.05,1000.0,-2.05,53.17,213.0,2.254,-0.0001,LOCK,0,normal
6494,9724055,7205,66276.0,0.1638,0.0234,-0.6864,0.70606,1002.03,1000.0,-2.03,53.17,213.0,2.2611,0.1076,LOCK,0,normal
6495,9724063,7213,66284.0,0.0975,0.0234,-0.7605,0.76708,1002.01,1000.0,-2.01,53.17,213.0,2.2556,0.0249,LOCK,0,normal
6496,9724071,7221,66292.0,0.0,-0.0156,-0.7683,0.76846,1001.99,1000.0,-1.99,53.17,213.0,2.2557,0.0261,LOCK,0,normal
6497,9724080,7230,66301.0,0.1053,0.195,-1.0374,1.06081,1001.98,1000.0,-1.98,53.17,213.0,2.2467,-0.1106,LOCK,0,normal
6498,9724099,7249,66320.0,0.0507,0.039,-0.9984,1.00045,1001.96,1000.0,-1.96,53.17,213.0,2.2427,-0.1717,LOCK,0,normal
6499,9724107,7257,66328.0,-0.0234,0.117,-0.9243,0.93197,1001.94,1000.0,-1.94,53.17,213.0,2.2626,0.1296,LOCK,0,normal
6500,9724116,7266,66337.0,-0.0897,0.1521,-0.6435,0.66729,1001.92,1000.0,-1.92,53.17,213.0,2.2598,0.0872,LOCK,0,normal
6501,9724124,7274,66345.0,0.0039,0.0975,-0.6903,0.69716,1001.9,1000.0,-1.9,53.17,213.0,2.2583,0.0649,LOCK,0,normal
6502,9724133,7283,66354.0,0.1365,-0.1521,-0.7644,0.79125,1001.89,1000.0,-1.89,53.17,213.0,2.2342,-0.3005,LOCK,0,normal
6503,9724141,7291,66362.0,-0.0312,0.0351,-0.7761,0.77752,1001.87,1000.0,-1.87,53.17,213.0,2.2568,0.0423,LOCK,0,normal
6504,9724149,7299,66370.0,-0.0312,0.0351,-0.7761,0.77752,1001.86,1000.0,-1.86,53.17,213.0,2.2623,0.125,LOCK,0,normal
6505,9724158,7308,66379.0,0.0039,-0.0663,-0.7566,0.75951,1001.85,1000.0,-1.85,53.17,213.0,2.2508,-0.0486,LOCK,0,normal
6506,9724176,7326,66397.0,0.0351,-0.2067,-0.7761,0.80392,1001.83,1000.0,-1.83,53.17,213.0,2.2387,-0.2324,LOCK,0,normal
6507,9724185,7335,66406.0,-0.0429,0.1053,-0.8424,0.85004,1001.81,1000.0,-1.81,53.17,213.0,2.2402,-0.2086,LOCK,0,normal
6508,9724193,7343,66414.0,-0.1131,0.039,-0.6045,0.61622,1001.79,1000.0,-1.79,53.17,213.0,2.2355,-0.2806,LOCK,0,normal
6509,9724202,7352,66423.0,0.0975,-0.1911,-0.8697,0.89577,1001.77,1000.0,-1.77,53.17,213.0,2.2362,-0.2703,LOCK,0,normal
6510,9724225,7375,66446.0,-0.0741,0.0156,-0.7566,0.76038,1001.76,1000.0,-1.76,53.17,213.0,2.2629,0.1351,LOCK,0,normal
6511,9724233,7383,66454.0,0.0741,-0.1989,-0.5031,0.54604,1001.74,1000.0,-1.74,53.17,213.0,2.2501,-0.0593,LOCK,0,normal
6512,9724242,7392,66463.0,0.0741,-0.1989,-0.5031,0.54604,1001.73,1000.0,-1.73,53.17,213.0,2.2357,-0.2776,LOCK,0,normal
6513,9724250,7400,66471.0,0.1677,0.0702,-1.0998,1.11472,1001.71,1000.0,-1.71,53.17,213.0,2.2419,-0.183,LOCK,0,normal
6514,9724259,7409,66480.0,0.0975,0.0507,-1.0179,1.02382,1001.7,1000.0,-1.7,53.17,213.0,2.2528,-0.0178,LOCK,0,normal
6515,9724267,7417,66488.0,-0.2379,0.0,-0.7449,0.78197,1001.69,1000.0,-1.69,53.17,213.0,2.2616,0.1153,LOCK,0,normal
6516,9724276,7426,66497.0,-0.1482,-0.0429,-0.7527,0.76835,1001.68,1000.0,-1.68,53.17,213.0,2.2643,0.1568,LOCK,0,normal
6517,9724284,7434,66505.0,0.1404,-0.273,-0.7254,0.78768,1001.66,1000.0,-1.66,53.17,213.0,2.2392,-0.2239,LOCK,0,normal
6518,9724303,7453,66524.0,-0.195,-0.4485,-0.7488,0.89436,1001.65,1000.0,-1.65,53.17,213.0,2.2445,-0.1433,LOCK,0,normal
6519,9724311,7461,66532.0,0.0078,-0.0429,-0.7527,0.75396,1001.63,1000.0,-1.63,53.17,213.0,2.2574,0.0518,LOCK,0,normal
6520,9724320,7470,66541.0,0.0819,0.0,-0.7293,0.73388,1001.62,1000.0,-1.62,53.17,213.0,2.2699,0.2404,LOCK,0,normal
6521,9724328,7478,66549.0,0.0585,0.0117,-0.9399,0.94179,1001.61,1000.0,-1.61,53.17,213.0,2.2518,-0.0334,LOCK,0,normal
6522,9724337,7487,66558.0,0.0273,0.2184,-1.0218,1.04524,1001.6,1000.0,-1.6,53.17,213.0,2.2336,-0.3087,LOCK,0,normal
6523,9724345,7495,66566.0,0.2925,0.0663,-1.0296,1.07239,1001.59,1000.0,-1.59,53.17,213.0,2.2475,-0.0981,LOCK,0,normal
6524,9724354,7504,66575.0,0.2925,0.0663,-1.0296,1.07239,1001.58,1000.0,-1.58,53.17,213.0,2.2366,-0.2632,LOCK,0,normal
6525,9724362,7512,66583.0,0.0975,0.0702,-0.7449,0.75453,1001.57,1000.0,-1.57,53.17,213.0,2.2471,-0.1045,LOCK,0,normal
6526,9724371,7521,66592.0,-0.1989,0.0,-0.7488,0.77477,1001.56,1000.0,-1.56,53.17,213.0,2.2471,-0.1051,LOCK,0,normal
6527,9724389,7539,66610.0,-0.1014,-0.117,-0.7956,0.81052,1001.55,1000.0,-1.55,53.17,213.0,2.2341,-0.3011,LOCK,0,normal
6528,9724398,7548,66619.0,-0.1053,0.1989,-0.663,0.70016,1001.55,1000.0,-1.55,53.17,213.0,2.258,0.0609,LOCK,0,normal
6529,9724406,7556,66627.0,-0.0039,-0.1248,-0.7059,0.71686,1001.54,1000.0,-1.54,53.17,213.0,2.2377,-0.2474,LOCK,0,normal
6530,9724415,7565,66636.0,-0.0039,-0.1248,-0.7059,0.71686,1001.53,1000.0,-1.53,53.17,213.0,2.2514,-0.0389,LOCK,0,normal
6531,9724428,7578,66649.0,0.0039,-0.1404,-0.6903,0.70444,1001.52,1000.0,-1.52,53.17,213.0,2.2691,0.2291,LOCK,0,normal
6532,9724437,7587,66658.0,0.0039,-0.1404,-0.6903,0.70444,1001.51,1000.0,-1.51,53.17,213.0,2.227,-0.4085,LOCK,0,normal
6533,9724445,7595,66666.0,0.1287,-0.0156,-0.9243,0.93335,1001.51,1000.0,-1.51,53.17,213.0,2.2547,0.0109,LOCK,0,normal
6534,9724454,7604,66675.0,0.0858,0.0546,-0.9828,0.98805,1001.5,1000.0,-1.5,53.17,213.0,2.2428,-0.1704,LOCK,0,normal
6535,9724462,7612,66683.0,-0.3432,0.2184,-0.7176,0.82488,1001.5,1000.0,-1.5,53.17,213.0,2.2406,-0.2025,LOCK,0,normal
6536,9724471,7621,66692.0,0.0078,-0.0663,-0.6708,0.67411,1001.49,1000.0,-1.49,53.17,213.0,2.2608,0.1025,LOCK,0,normal
6537,9724479,7629,66700.0,-0.0078,-0.0741,-0.7527,0.75638,1001.48,1000.0,-1.48,53.17,213.0,2.2579,0.0594,LOCK,0,normal
6538,9724488,7638,66709.0,-0.0078,-0.0741,-0.7527,0.75638,1001.48,1000.0,-1.48,53.17,213.0,2.2242,-0.451,LOCK,0,normal
6539,9724506,7656,66727.0,-0.1131,0.0507,-0.7254,0.73591,1001.47,1000.0,-1.47,53.17,213.0,2.2376,-0.2483,LOCK,0,normal
6540,9724515,7665,66736.0,0.0351,-0.0117,-0.8346,0.83542,1001.47,1000.0,-1.47,53.17,213.0,2.2602,0.0942,LOCK,0,normal
6541,9724523,7673,66744.0,0.1326,0.3822,-1.0764,1.14991,1001.46,1000.0,-1.46,53.17,213.0,2.2582,0.0631,LOCK,0,normal
6542,9724532,7682,66753.0,0.1248,0.0897,-0.8034,0.81797,1001.46,1000.0,-1.46,53.17,213.0,2.2577,0.0567,LOCK,0,normal
6543,9724540,7690,66761.0,0.0117,0.1365,-0.7215,0.73439,1001.46,1000.0,-1.46,53.17,213.0,2.2444,-0.1457,LOCK,0,normal
6544,9724548,7698,66769.0,0.0117,0.1365,-0.7215,0.73439,1001.46,1000.0,-1.46,53.17,213.0,2.251,-0.0459,LOCK,0,normal
6545,9724557,7707,66778.0,-0.0507,0.0234,-0.7566,0.75866,1001.45,1000.0,-1.45,53.17,213.0,2.2434,-0.1604,LOCK,0,normal
6546,9724570,7720,66791.0,-0.1794,-0.0624,-0.6903,0.71596,1001.45,1000.0,-1.45,53.17,213.0,2.2724,0.2792,LOCK,0,normal
6547,9724579,7729,66800.0,-0.1794,-0.0624,-0.6903,0.71596,1001.45,1000.0,-1.45,53.17,213.0,2.2581,0.0615,LOCK,0,normal
6548,9724587,7737,66808.0,-0.1365,0.0429,-0.8502,0.86216,1001.44,1000.0,-1.44,53.17,213.0,2.2479,-0.0926,LOCK,0,normal
6549,9724596,7746,66817.0,0.1443,-0.0741,-0.6708,0.69013,1001.44,1000.0,-1.44,53.17,213.0,2.2534,-0.009,LOCK,0,normal
6550,9724604,7754,66825.0,0.0507,-0.0312,-1.1583,1.15983,1001.43,1000.0,-1.43,53.17,213.0,2.2344,-0.2965,LOCK,0,normal
6551,9724621,7771,66842.0,-0.1989,0.1404,-0.702,0.74302,1001.43,1000.0,-1.43,53.17,213.0,2.2463,-0.1173,LOCK,0,normal
6552,9724634,7784,66855.0,0.0234,-0.3081,-0.7488,0.81005,1001.42,1000.0,-1.42,53.17,213.0,2.2621,0.1223,LOCK,0,normal
6553,9724643,7793,66864.0,0.1794,-0.1014,-0.7566,0.78416,1001.42,1000.0,-1.42,53.17,213.0,2.2489,-0.0779,LOCK,0,normal
6554,9724651,7801,66872.0,0.1794,-0.1014,-0.7566,0.78416,1001.41,1000.0,-1.41,53.17,213.0,2.2527,-0.0203,LOCK,0,normal
6555,9724660,7810,66881.0,0.195,-0.0741,-0.6942,0.72487,1001.41,1000.0,-1.41,53.17,213.0,2.2478,-0.0932,LOCK,0,normal
6556,9724668,7818,66889.0,-0.0429,0.1677,-0.7332,0.75336,1001.41,1000.0,-1.41,53.17,213.0,2.2447,-0.1408,LOCK,0,normal
6557,9724687,7837,66908.0,0.0702,0.078,-1.0725,1.07762,1001.4,1000.0,-1.4,53.17,213.0,2.2558,0.0274,LOCK,0,normal
6558,9724696,7846,66917.0,0.1287,-0.0663,-0.9009,0.91246,1001.4,1000.0,-1.4,53.17,213.0,2.2404,-0.2062,LOCK,0,normal
6559,9724704,7854,66925.0,-0.0351,0.0624,-0.7488,0.75221,1001.4,1000.0,-1.4,53.17,213.0,2.2485,-0.0828,LOCK,0,normal
6560,9724712,7862,66933.0,-0.0351,0.0624,-0.7488,0.75221,1001.39,1000.0,-1.39,53.17,213.0,2.2402,-0.2086,LOCK,0,normal
6561,9724723,7873,66944.0,0.0,-0.2457,-0.8814,0.91501,1001.39,1000.0,-1.39,53.17,213.0,2.2498,-0.0633,LOCK,0,normal
6562,9724732,7882,66953.0,0.0,-0.2457,-0.8814,0.91501,1001.39,1000.0,-1.39,53.17,213.0,2.2628,0.133,LOCK,0,normal
6563,9724740,7890,66961.0,0.0819,-0.1053,-0.7098,0.72223,1001.38,1000.0,-1.38,53.17,213.0,2.2387,-0.2312,LOCK,0,normal
6564,9724749,7899,66970.0,-0.0312,-0.0156,-0.8073,0.80805,1001.38,1000.0,-1.38,53.17,213.0,2.2484,-0.0844,LOCK,0,normal
6565,9724757,7907,66978.0,-0.0078,0.2145,-0.6552,0.68946,1001.38,1000.0,-1.38,53.17,213.0,2.2498,-0.0636,LOCK,0,normal
6566,9724766,7916,66987.0,0.1677,0.0351,-0.8385,0.85583,1001.38,1000.0,-1.38,53.17,213.0,2.2434,-0.1607,LOCK,0,normal
6567,9724777,7927,66998.0,0.2808,0.0195,-0.9594,0.99984,1001.37,1000.0,-1.37,53.17,213.0,2.258,0.0612,LOCK,0,normal
6568,9724786,7936,67007.0,-0.0273,-0.0234,-0.8385,0.83927,1001.37,1000.0,-1.37,53.17,213.0,2.2651,0.1687,LOCK,0,normal
6569,9724794,7944,67015.0,-0.0273,-0.0234,-0.8385,0.83927,1001.37,1000.0,-1.37,53.17,213.0,2.2442,-0.1482,LOCK,0,normal
6570,9724803,7953,67024.0,-0.0273,-0.1131,-0.6708,0.68082,1001.37,1000.0,-1.37,53.17,213.0,2.2242,-0.451,LOCK,0,normal
6571,9724811,7961,67032.0,-0.1092,-0.0195,-0.6903,0.69916,1001.36,1000.0,-1.36,53.17,213.0,2.2445,-0.1433,LOCK,0,normal
6572,9724820,7970,67041.0,-0.0156,0.0039,-0.6747,0.67489,1001.36,1000.0,-1.36,53.17,213.0,2.2406,-0.2037,LOCK,0,normal
6573,9724837,7987,67058.0,0.1521,0.0195,-0.7293,0.74525,1001.36,1000.0,-1.36,53.17,213.0,2.2545,0.0069,LOCK,0,normal
6574,9724846,7996,67067.0,0.1521,0.0195,-0.7293,0.74525,1001.36,1000.0,-1.36,53.17,213.0,2.2467,-0.11,LOCK,0,normal
6575,9724854,8004,67075.0,0.0585,-0.1014,-0.7761,0.78488,1001.36,1000.0,-1.36,53.17,213.0,2.2287,-0.3829,LOCK,0,normal
6576,9724863,8013,67084.0,0.1365,0.0663,-0.7137,0.72965,1001.35,1000.0,-1.35,53.17,213.0,2.2425,-0.1738,LOCK,0,normal
6577,9724871,8021,67092.0,-0.0195,-0.0975,-0.8307,0.83663,1001.35,1000.0,-1.35,53.17,213.0,2.2503,-0.0563,LOCK,0,normal
6578,9724881,8031,67102.0,0.1053,0.0975,-0.9555,0.96622,1001.35,1000.0,-1.35,53.17,213.0,2.2572,0.0481,LOCK,0,normal
6579,9724890,8040,67111.0,0.1599,0.2184,-0.9789,1.01563,1001.36,1000.0,-1.36,53.17,213.0,2.2534,-0.0093,LOCK,0,normal
6580,9724898,8048,67119.0,0.0312,0.1014,-0.9126,0.91875,1001.36,1000.0,-1.36,53.17,213.0,2.2421,-0.1805,LOCK,0,normal
6581,9724907,8057,67128.0,0.0312,0.1014,-0.9126,0.91875,1001.37,1000.0,-1.37,53.17,213.0,2.2435,-0.1598,LOCK,0,normal
6582,9724915,8065,67136.0,0.0117,-0.1599,-0.8073,0.82307,1001.37,1000.0,-1.37,53.17,213.0,2.2501,-0.0587,LOCK,0,normal
6583,9724923,8073,67144.0,-0.0702,0.0624,-0.8034,0.80887,1001.38,1000.0,-1.38,53.17,213.0,2.2553,0.0194,LOCK,0,normal
6584,9724935,8085,67156.0,-0.1833,-0.1404,-0.6396,0.68,1001.38,1000.0,-1.38,53.17,213.0,2.267,0.1968,LOCK,0,normal
6585,9724944,8094,67165.0,-0.1677,0.0741,-0.8151,0.83547,1001.38,1000.0,-1.38,53.17,213.0,2.2334,-0.3121,LOCK,0,normal
6586,9724952,8102,67173.0,0.0234,-0.2067,-0.4836,0.52644,1001.39,1000.0,-1.39,53.17,213.0,2.2503,-0.0557,LOCK,0,normal
6587,9724961,8111,67182.0,0.3159,0.0039,-0.858,0.91432,1001.39,1000.0,-1.39,53.17,213.0,2.2543,0.0039,LOCK,0,normal
6588,9724969,8119,67190.0,0.3159,0.0039,-0.858,0.91432,1001.39,1000.0,-1.39,53.17,213.0,2.2344,-0.2971,LOCK,0,normal
6589,9724983,8133,67204.0,0.0468,0.0624,-0.8151,0.81882,1001.39,1000.0,-1.39,53.17,213.0,2.2587,0.071,LOCK,0,normal
6590,9724992,8142,67213.0,0.0351,-0.1521,-0.8658,0.87976,1001.4,1000.0,-1.4,53.17,213.0,2.2495,-0.0679,LOCK,0,normal
6591,9725000,8150,67221.0,0.0351,-0.0819,-0.9633,0.96741,1001.4,1000.0,-1.4,53.17,213.0,2.237,-0.258,LOCK,0,normal
6592,9725009,8159,67230.0,0.0351,-0.0819,-0.9633,0.96741,1001.4,1000.0,-1.4,53.17,213.0,2.2395,-0.2193,LOCK,0,normal
6593,9725017,8167,67238.0,0.0663,0.0078,-0.78,0.78285,1001.4,1000.0,-1.4,53.17,213.0,2.252,-0.0303,LOCK,0,normal
6594,9725025,8175,67246.0,0.1521,0.1053,-0.8034,0.82442,1001.41,1000.0,-1.41,53.17,213.0,2.2479,-0.0926,LOCK,0,normal
6595,9725042,8192,67263.0,-0.2379,0.0975,-0.7761,0.81758,1001.41,1000.0,-1.41,53.17,213.0,2.2603,0.0948,LOCK,0,normal
6596,9725050,8200,67271.0,-0.2379,0.0975,-0.7761,0.81758,1001.41,1000.0,-1.41,53.17,213.0,2.2416,-0.1878,LOCK,0,normal
6597,9725059,8209,67280.0,0.078,-0.4524,-0.7449,0.875,1001.42,1000.0,-1.42,53.17,213.0,2.2526,-0.0215,LOCK,0,normal
6598,9725067,8217,67288.0,0.1092,-0.2886,-0.8463,0.9008,1001.42,1000.0,-1.42,53.17,213.0,2.2338,-0.3057,LOCK,0,normal
6599,9725076,8226,67297.0,0.1794,0.1872,-0.6513,0.70101,1001.42,1000.0,-1.42,53.17,213.0,2.238,-0.2422,LOCK,0,normal
6600,9725086,8236,67307.0,0.0429,0.0858,-0.9126,0.91763,1001.42,1000.0,-1.42,53.17,213.0,2.2618,0.1183,LOCK,0,normal
6601,9725095,8245,67316.0,0.1443,-0.0156,-0.9126,0.92407,1001.42,1000.0,-1.42,53.17,213.0,2.2685,0.2194,LOCK,0,normal
6602,9725103,8253,67324.0,0.0117,0.0624,-1.0803,1.08216,1001.43,1000.0,-1.43,53.17,213.0,2.238,-0.2425,LOCK,0,normal
6603,9725111,8261,67332.0,0.0117,0.0624,-1.0803,1.08216,1001.43,1000.0,-1.43,53.17,213.0,2.2535,-0.0074,LOCK,0,normal
6604,9725120,8270,67341.0,-0.0273,0.1677,-0.624,0.64672,1001.43,1000.0,-1.43,53.17,213.0,2.2346,-0.2938,LOCK,0,normal
6605,9725128,8278,67349.0,0.1716,0.0624,-0.6591,0.68392,1001.43,1000.0,-1.43,53.17,213.0,2.2614,0.1125,LOCK,0,normal
6606,9725141,8291,67362.0,0.1911,-0.0156,-0.6591,0.68642,1001.43,1000.0,-1.43,53.17,213.0,2.2597,0.0866,LOCK,0,normal
6607,9725150,8300,67371.0,0.273,-0.0156,-0.8424,0.88567,1001.43,1000.0,-1.43,53.17,213.0,2.2489,-0.0773,LOCK,0,normal
6608,9725158,8308,67379.0,0.117,-0.2613,-0.8112,0.86024,1001.43,1000.0,-1.43,53.17,213.0,2.2474,-0.0996,LOCK,0,normal
6609,9725167,8317,67388.0,0.0273,-0.0975,-0.7761,0.78268,1001.43,1000.0,-1.43,53.17,213.0,2.2581,0.0615,LOCK,0,normal
6610,9725175,8325,67396.0,0.0858,0.3159,-0.6201,0.7012,1001.43,1000.0,-1.43,53.17,213.0,2.2515,-0.038,LOCK,0,normal
6611,9725188,8338,67409.0,0.0429,0.4212,-0.7566,0.867,1001.43,1000.0,-1.43,53.17,213.0,2.257,0.0454,LOCK,0,normal
6612,9725196,8346,67417.0,0.0936,0.0702,-0.7605,0.76945,1001.43,1000.0,-1.43,53.17,213.0,2.2555,0.0231,LOCK,0,normal
6613,9725205,8355,67426.0,0.0936,0.0702,-0.7605,0.76945,1001.43,1000.0,-1.43,53.17,213.0,2.2586,0.0701,LOCK,0,normal
6614,9725213,8363,67434.0,0.1092,0.0,-0.9789,0.98497,1001.43,1000.0,-1.43,53.17,213.0,2.245,-0.1369,LOCK,0,normal
6615,9725222,8372,67443.0,0.1443,-0.0234,-0.9867,0.99747,1001.43,1000.0,-1.43,53.17,213.0,2.2382,-0.24,LOCK,0,normal
6616,9725230,8380,67451.0,0.0624,-0.1248,-1.0101,1.01969,1001.43,1000.0,-1.43,53.17,213.0,2.2723,0.2777,LOCK,0,normal
6617,9725248,8398,67469.0,-0.078,-0.1209,-0.702,0.71659,1001.43,1000.0,-1.43,53.17,213.0,2.2643,0.1559,LOCK,0,normal
6618,9725256,8406,67477.0,0.0156,0.0741,-0.6396,0.64407,1001.43,1000.0,-1.43,53.17,213.0,2.2448,-0.1399,LOCK,0,normal
6619,9725264,8414,67485.0,0.0156,0.0741,-0.6396,0.64407,1001.42,1000.0,-1.42,53.17,213.0,2.2511,-0.0444,LOCK,0,normal
6620,9725273,8423,67494.0,-0.0702,0.1092,-0.7527,0.76381,1001.42,1000.0,-1.42,53.17,213.0,2.2431,-0.1652,LOCK,0,normal
6621,9725281,8431,67502.0,-0.1677,0.0741,-0.6903,0.71423,1001.42,1000.0,-1.42,53.17,213.0,2.2321,-0.3313,LOCK,0,normal
6622,9725292,8442,67513.0,-0.0468,-0.0546,-0.6552,0.65913,1001.42,1000.0,-1.42,53.17,213.0,2.2591,0.0777,LOCK,0,normal
6623,9725300,8450,67521.0,-0.1131,0.0156,-0.6552,0.66507,1001.42,1000.0,-1.42,53.17,213.0,2.2652,0.169,LOCK,0,normal
6624,9725309,8459,67530.0,-0.312,-0.0936,-0.4524,0.55747,1001.42,1000.0,-1.42,53.17,213.0,2.2386,-0.2333,LOCK,0,normal
6625,9725317,8467,67538.0,-0.312,-0.0936,-0.4524,0.55747,1001.42,1000.0,-1.42,53.17,213.0,2.2517,-0.0352,LOCK,0,normal
6626,9725326,8476,67547.0,-0.1248,0.0351,-0.7332,0.74457,1001.42,1000.0,-1.42,53.17,213.0,2.2475,-0.0978,LOCK,0,normal
6627,9725334,8484,67555.0,0.0312,-0.2223,-0.5772,0.61931,1001.42,1000.0,-1.42,53.17,213.0,2.2584,0.0667,LOCK,0,normal
6628,9725345,8495,67566.0,-0.0741,0.039,-0.7761,0.7806,1001.42,1000.0,-1.42,53.17,213.0,2.2606,0.0994,LOCK,0,normal
6629,9725354,8504,67575.0,-0.039,-0.1014,-0.663,0.67184,1001.42,1000.0,-1.42,53.17,213.0,2.2672,0.1995,LOCK,0,normal
6630,9725362,8512,67583.0,-0.1443,0.2028,-0.6981,0.74114,1001.42,1000.0,-1.42,53.17,213.0,2.2309,-0.3505,LOCK,0,normal
6631,9725371,8521,67592.0,-0.0741,0.0273,-0.5811,0.58644,1001.42,1000.0,-1.42,53.17,213.0,2.2493,-0.0718,LOCK,0,normal
6632,9725379,8529,67600.0,-0.0936,0.0039,-0.7527,0.75851,1001.42,1000.0,-1.42,53.17,213.0,2.2415,-0.19,LOCK,0,normal
6633,9725389,8539,67610.0,-0.0936,0.0039,-0.7527,0.75851,1001.43,1000.0,-1.43,53.17,213.0,2.2656,0.1763,LOCK,0,normal
6634,9725397,8547,67618.0,-0.0468,-0.0897,-0.6474,0.65526,1001.43,1000.0,-1.43,53.17,213.0,2.2635,0.1443,LOCK,0,normal
6635,9725406,8556,67627.0,-0.1326,0.1053,-0.741,0.7601,1001.43,1000.0,-1.43,53.17,213.0,2.236,-0.2727,LOCK,0,normal
6636,9725414,8564,67635.0,0.0507,-0.1794,-0.6708,0.69622,1001.43,1000.0,-1.43,53.17,213.0,2.2384,-0.2367,LOCK,0,normal
6637,9725422,8572,67643.0,0.2067,0.0468,-0.702,0.73329,1001.43,1000.0,-1.43,53.17,213.0,2.2478,-0.0941,LOCK,0,normal
6638,9725441,8591,67662.0,-0.0897,0.117,-0.8112,0.82449,1001.43,1000.0,-1.43,53.17,213.0,2.2587,0.0716,LOCK,0,normal
6639,9725454,8604,67675.0,-0.0195,-0.0858,-0.5928,0.59929,1001.43,1000.0,-1.43,53.17,213.0,2.2647,0.1617,LOCK,0,normal
6640,9725463,8613,67684.0,-0.2028,0.0468,-0.8034,0.82992,1001.43,1000.0,-1.43,53.17,213.0,2.2377,-0.2464,LOCK,0,normal
6641,9725471,8621,67692.0,-0.1716,0.0,-0.7098,0.73025,1001.43,1000.0,-1.43,53.17,213.0,2.2443,-0.1466,LOCK,0,normal
6642,9725480,8630,67701.0,-0.1716,0.0,-0.7098,0.73025,1001.42,1000.0,-1.42,53.17,213.0,2.2455,-0.1286,LOCK,0,normal
6643,9725488,8638,67709.0,0.2535,0.1053,-0.8307,0.87488,1001.42,1000.0,-1.42,53.17,213.0,2.2484,-0.085,LOCK,0,normal
6644,9725497,8647,67718.0,0.2184,0.1833,-0.6747,0.73247,1001.42,1000.0,-1.42,53.17,213.0,2.2623,0.1257,LOCK,0,normal
6645,9725505,8655,67726.0,0.1131,0.0039,-0.8112,0.81906,1001.41,1000.0,-1.41,53.17,213.0,2.2641,0.1528,LOCK,0,normal
6646,9725514,8664,67735.0,0.1365,-0.2301,-0.7449,0.79149,1001.41,1000.0,-1.41,53.17,213.0,2.2368,-0.2611,LOCK,0,normal
6647,9725532,8682,67753.0,0.0312,0.2262,-0.6708,0.7086,1001.41,1000.0,-1.41,53.17,213.0,2.2416,-0.1885,LOCK,0,normal
6648,9725541,8691,67762.0,0.0312,0.2262,-0.6708,0.7086,1001.41,1000.0,-1.41,53.17,213.0,2.2555,0.0231,LOCK,0,normal
6649,9725550,8700,67771.0,-0.0975,0.1677,-0.7566,0.78107,1001.41,1000.0,-1.41,53.17,213.0,2.2563,0.0344,LOCK,0,normal
6650,9725558,8708,67779.0,0.2067,-0.0468,-0.6474,0.68121,1001.41,1000.0,-1.41,53.17,213.0,2.2621,0.1226,LOCK,0,normal
6651,9725567,8717,67788.0,0.117,0.3003,-0.7605,0.82597,1001.41,1000.0,-1.41,53.17,213.0,2.2499,-0.0621,LOCK,0,normal
6652,9725575,8725,67796.0,0.0936,0.0273,-0.7956,0.80155,1001.41,1000.0,-1.41,53.17,213.0,2.2287,-0.3832,LOCK,0,normal
6653,9725584,8734,67805.0,0.039,-0.1911,-1.053,1.07091,1001.41,1000.0,-1.41,53.17,213.0,2.2476,-0.0975,LOCK,0,normal
6654,9725594,8744,67815.0,0.039,-0.1911,-1.053,1.07091,1001.41,1000.0,-1.41,53.17,213.0,2.2661,0.1833,LOCK,0,normal
6655,9725602,8752,67823.0,-0.0078,0.1755,-0.897,0.91404,1001.41,1000.0,-1.41,53.17,213.0,2.2702,0.2456,LOCK,0,normal
6656,9725611,8761,67832.0,0.0858,0.0156,-0.8619,0.8663,1001.4,1000.0,-1.4,53.17,213.0,2.2397,-0.2159,LOCK,0,normal
6657,9725619,8769,67840.0,0.0936,0.0702,-0.6669,0.67709,1001.4,1000.0,-1.4,53.17,213.0,2.235,-0.2877,LOCK,0,normal
6658,9725628,8778,67849.0,0.0351,-0.0585,-0.6903,0.69366,1001.39,1000.0,-1.39,53.17,213.0,2.2485,-0.0831,LOCK,0,normal
6659,9725636,8786,67857.0,-0.1404,0.0234,-0.7137,0.72776,1001.39,1000.0,-1.39,53.17,213.0,2.2436,-0.1579,LOCK,0,normal
6660,9725657,8807,67878.0,0.1404,0.0663,-0.7683,0.78383,1001.39,1000.0,-1.39,53.17,213.0,2.2602,0.0933,LOCK,0,normal
6661,9725665,8815,67886.0,0.2067,0.1248,-0.6357,0.68001,1001.38,1000.0,-1.38,53.17,213.0,2.2375,-0.2504,LOCK,0,normal
6662,9725674,8824,67895.0,0.2067,0.1248,-0.6357,0.68001,1001.38,1000.0,-1.38,53.17,213.0,2.2542,0.0023,LOCK,0,normal
6663,9725682,8832,67903.0,0.0351,-0.1014,-0.819,0.826,1001.38,1000.0,-1.38,53.17,213.0,2.2391,-0.2263,LOCK,0,normal
6664,9725691,8841,67912.0,0.0039,-0.2613,-0.7371,0.78205,1001.38,1000.0,-1.38,53.17,213.0,2.2425,-0.1735,LOCK,0,normal
6665,9725704,8854,67925.0,0.0351,-0.0078,-0.8619,0.86265,1001.38,1000.0,-1.38,53.17,213.0,2.2568,0.0429,LOCK,0,normal
6666,9725713,8863,67934.0,0.0195,-0.0351,-0.78,0.78103,1001.38,1000.0,-1.38,53.17,213.0,2.2386,-0.2333,LOCK,0,normal
6667,9725721,8871,67942.0,-0.0585,0.1326,-0.7566,0.77036,1001.38,1000.0,-1.38,53.17,213.0,2.245,-0.1362,LOCK,0,normal
6668,9725730,8880,67951.0,0.2535,0.2106,-0.6669,0.74389,1001.38,1000.0,-1.38,53.17,213.0,2.2574,0.0512,LOCK,0,normal
6669,9725738,8888,67959.0,0.0117,0.0819,-0.8502,0.85422,1001.38,1000.0,-1.38,53.17,213.0,2.2411,-0.1952,LOCK,0,normal
6670,9725753,8903,67974.0,-0.0351,-0.0936,-1.0023,1.00727,1001.38,1000.0,-1.38,53.17,213.0,2.2592,0.078,LOCK,0,normal
6671,9725762,8912,67983.0,0.0429,0.0312,-1.0842,1.0855,1001.38,1000.0,-1.38,53.17,213.0,2.2614,0.1125,LOCK,0,normal
6672,9725770,8920,67991.0,0.1911,-0.2028,-0.9204,0.96166,1001.38,1000.0,-1.38,53.17,213.0,2.2375,-0.2498,LOCK,0,normal
6673,9725778,8928,67999.0,0.0741,0.2574,-0.8502,0.8914,1001.38,1000.0,-1.38,53.17,213.0,2.2454,-0.1308,LOCK,0,normal
6674,9725787,8937,68008.0,0.0741,0.2574,-0.8502,0.8914,1001.38,1000.0,-1.38,53.17,213.0,2.2426,-0.1726,LOCK,0,normal
6675,9725795,8945,68016.0,-0.0546,-0.2769,-0.4758,0.55321,1001.39,1000.0,-1.39,53.17,213.0,2.262,0.1205,LOCK,0,normal
6676,9725804,8954,68025.0,0.0351,0.1248,-0.78,0.7907,1001.39,1000.0,-1.39,53.17,213.0,2.2608,0.1037,LOCK,0,normal
6677,9725812,8962,68033.0,-0.078,0.0351,-0.6045,0.61052,1001.39,1000.0,-1.39,53.17,213.0,2.2625,0.1284,LOCK,0,normal
6678,9725831,8981,68052.0,0.2301,-0.0975,-0.7488,0.7894,1001.4,1000.0,-1.4,53.17,213.0,2.2535,-0.008,LOCK,0,normal
6679,9725839,8989,68060.0,0.2301,-0.0975,-0.7488,0.7894,1001.4,1000.0,-1.4,53.17,213.0,2.2433,-0.1622,LOCK,0,normal
6680,9725848,8998,68069.0,0.312,0.039,-0.819,0.87728,1001.41,1000.0,-1.41,53.17,213.0,2.2467,-0.1103,LOCK,0,normal
6681,9725862,9012,68083.0,-0.0117,0.0663,-0.8541,0.85675,1001.41,1000.0,-1.41,53.17,213.0,2.2614,0.1116,LOCK,0,normal
6682,9725870,9020,68091.0,-0.0117,0.0663,-0.8541,0.85675,1001.42,1000.0,-1.42,53.17,213.0,2.2304,-0.3573,LOCK,0,normal
6683,9725878,9028,68099.0,0.0468,-0.0897,-0.7332,0.74015,1001.43,1000.0,-1.43,53.17,213.0,2.2453,-0.1317,LOCK,0,normal
6684,9725887,9037,68108.0,0.0078,0.0936,-0.7917,0.79725,1001.43,1000.0,-1.43,53.17,213.0,2.2514,-0.0395,LOCK,0,normal
6685,9725895,9045,68116.0,0.1833,0.2145,-0.8502,0.8958,1001.44,1000.0,-1.44,53.17,213.0,2.2464,-0.1152,LOCK,0,normal
6686,9725905,9055,68126.0,0.312,-0.0273,-0.9867,1.03521,1001.45,1000.0,-1.45,53.17,213.0,2.2439,-0.1524,LOCK,0,normal
6687,9725913,9063,68134.0,0.3003,0.117,-0.9828,1.03429,1001.46,1000.0,-1.46,53.17,213.0,2.2586,0.0698,LOCK,0,normal
6688,9725922,9072,68143.0,0.1482,-0.0507,-1.014,1.02603,1001.46,1000.0,-1.46,53.17,213.0,2.2311,-0.3469,LOCK,0,normal
6689,9725930,9080,68151.0,0.1482,-0.0507,-1.014,1.02603,1001.47,1000.0,-1.47,53.17,213.0,2.2498,-0.0639,LOCK,0,normal
6690,9725939,9089,68160.0,0.1014,0.0273,-0.7683,0.77544,1001.48,1000.0,-1.48,53.17,213.0,2.2477,-0.0953,LOCK,0,normal
6691,9725947,9097,68168.0,-0.0429,-0.1053,-0.7761,0.78438,1001.48,1000.0,-1.48,53.17,213.0,2.2465,-0.114,LOCK,0,normal
6692,9725966,9116,68187.0,0.0156,0.1053,-0.7293,0.73703,1001.5,1000.0,-1.5,53.17,213.0,2.2561,0.0319,LOCK,0,normal
6693,9725974,9124,68195.0,0.1365,-0.1443,-0.6669,0.69585,1001.51,1000.0,-1.51,53.17,213.0,2.2496,-0.067,LOCK,0,normal
6694,9725983,9133,68204.0,0.1365,-0.1443,-0.6669,0.69585,1001.52,1000.0,-1.52,53.17,213.0,2.2446,-0.1424,LOCK,0,normal
6695,9725991,9141,68212.0,-0.0039,0.0351,-0.8073,0.80807,1001.53,1000.0,-1.53,53.17,213.0,2.2536,-0.0065,LOCK,0,normal
6696,9726000,9150,68221.0,0.1053,-0.0078,-0.7332,0.74076,1001.54,1000.0,-1.54,53.17,213.0,2.2539,-0.0022,LOCK,0,normal
6697,9726008,9158,68229.0,-0.0312,-0.1287,-0.7488,0.76042,1001.55,1000.0,-1.55,53.17,213.0,2.2606,0.0994,LOCK,0,normal
6698,9726016,9166,68237.0,0.234,0.2145,-0.6981,0.76688,1001.56,1000.0,-1.56,53.17,213.0,2.262,0.1205,LOCK,0,normal
6699,9726025,9175,68246.0,0.0078,0.0,-0.6318,0.63185,1001.58,1000.0,-1.58,53.17,213.0,2.2351,-0.2861,LOCK,0,normal
6700,9726043,9193,68264.0,0.078,0.0429,-0.7995,0.80444,1001.59,1000.0,-1.59,53.17,213.0,2.2418,-0.1854,LOCK,0,normal
6701,9726052,9202,68273.0,0.1599,0.0507,-0.8073,0.82454,1001.61,1000.0,-1.61,53.17,213.0,2.2537,-0.0047,LOCK,0,normal
6702,9726066,9216,68287.0,0.078,-0.117,-0.975,0.98509,1001.62,1000.0,-1.62,53.17,213.0,2.2618,0.1189,LOCK,0,normal
6703,9726074,9224,68295.0,0.078,-0.117,-0.975,0.98509,1001.63,1000.0,-1.63,53.17,213.0,2.2494,-0.0703,LOCK,0,normal
6704,9726083,9233,68304.0,0.1131,0.0819,-0.8268,0.83851,1001.65,1000.0,-1.65,53.17,213.0,2.2475,-0.0984,LOCK,0,normal
6705,9726091,9241,68312.0,0.1287,0.0897,-0.5928,0.61321,1001.67,1000.0,-1.67,53.17,213.0,2.2383,-0.2379,LOCK,0,normal
6706,9726100,9250,68321.0,0.2184,0.1014,-0.6981,0.73846,1001.68,1000.0,-1.68,53.17,213.0,2.2518,-0.034,LOCK,0,normal
6707,9726109,9259,68330.0,-0.0702,-0.2925,-0.7449,0.80334,1001.69,1000.0,-1.69,53.17,213.0,2.2621,0.1229,LOCK,0,normal
6708,9726117,9267,68338.0,0.0351,-0.0312,-0.8151,0.81645,1001.71,1000.0,-1.71,53.17,213.0,2.2659,0.1803,LOCK,0,normal
6709,9726126,9276,68347.0,0.0351,-0.0312,-0.8151,0.81645,1001.72,1000.0,-1.72,53.17,213.0,2.2412,-0.1936,LOCK,0,normal
6710,9726134,9284,68355.0,0.0936,-0.2184,-0.6864,0.72636,1001.73,1000.0,-1.73,53.17,213.0,2.2423,-0.1769,LOCK,0,normal
6711,9726143,9293,68364.0,0.1287,0.2574,-0.819,0.86809,1001.75,1000.0,-1.75,53.17,213.0,2.2603,0.0948,LOCK,0,normal
6712,9726162,9312,68383.0,0.1404,0.0975,-1.0179,1.03215,1001.77,1000.0,-1.77,53.17,213.0,2.2568,0.0417,LOCK,0,normal
6713,9726170,9320,68391.0,0.0507,-0.0195,-0.9594,0.96094,1001.79,1000.0,-1.79,53.17,213.0,2.2592,0.0789,LOCK,0,normal
6714,9726179,9329,68400.0,0.0585,0.0351,-0.8658,0.86848,1001.81,1000.0,-1.81,53.17,213.0,2.2367,-0.262,LOCK,0,normal
6715,9726187,9337,68408.0,0.0585,0.0351,-0.8658,0.86848,1001.83,1000.0,-1.83,53.17,213.0,2.2591,0.0771,LOCK,0,normal
6716,9726195,9345,68416.0,-0.0546,-0.0819,-0.6279,0.63557,1001.84,1000.0,-1.84,53.17,213.0,2.2422,-0.1787,LOCK,0,normal
6717,9726204,9354,68425.0,0.234,0.2223,-0.7995,0.86219,1001.87,1000.0,-1.87,53.17,213.0,2.2526,-0.0206,LOCK,0,normal
6718,9726212,9362,68433.0,-0.1131,0.0156,-0.6201,0.63052,1001.9,1000.0,-1.9,53.17,213.0,2.2685,0.2203,LOCK,0,normal
6719,9726221,9371,68442.0,0.1638,0.0663,-0.8541,0.87219,1001.92,1000.0,-1.92,53.17,213.0,2.2582,0.064,LOCK,0,normal
6720,9726229,9379,68450.0,0.078,-0.1755,-0.7371,0.76171,1001.94,1000.0,-1.94,53.17,213.0,2.241,-0.1964,LOCK,0,normal
6721,9726248,9398,68469.0,-0.078,0.0,-0.78,0.78389,1001.96,1000.0,-1.96,53.17,213.0,2.2467,-0.1112,LOCK,0,normal
6722,9726256,9406,68477.0,0.0663,0.0741,-0.8268,0.83276,1001.98,1000.0,-1.98,53.17,213.0,2.2543,0.0051,LOCK,0,normal
6723,9726270,9420,68491.0,0.1872,0.0117,-0.9555,0.97374,1002.01,1000.0,-2.01,53.17,213.0,2.2559,0.0286,LOCK,0,normal
6724,9726278,9428,68499.0,0.1872,0.0117,-0.9555,0.97374,1002.03,1000.0,-2.03,53.17,213.0,2.2491,-0.074,LOCK,0,normal
6725,9726287,9437,68508.0,-0.0702,0.117,-0.8346,0.84568,1002.06,1000.0,-2.06,53.17,213.0,2.2378,-0.2455,LOCK,0,normal
6726,9726295,9445,68516.0,-0.0624,0.0117,-0.6045,0.60782,1002.08,1000.0,-2.08,53.17,213.0,2.2429,-0.1686,LOCK,0,normal
6727,9726304,9454,68525.0,0.0702,-0.1365,-0.8463,0.86011,1002.09,1000.0,-2.09,53.17,213.0,2.2503,-0.0557,LOCK,0,normal
6728,9726314,9464,68535.0,0.1482,0.0195,-0.7215,0.73682,1002.11,1000.0,-2.11,53.17,213.0,2.2662,0.1855,LOCK,0,normal
6729,9726322,9472,68543.0,0.1482,-0.0468,-0.7839,0.79916,1002.14,1000.0,-2.14,53.17,213.0,2.2562,0.0335,LOCK,0,normal
6730,9726331,9481,68552.0,0.1482,-0.0468,-0.7839,0.79916,1002.17,1000.0,-2.17,53.17,213.0,2.2532,-0.0114,LOCK,0,normal
6731,9726339,9489,68560.0,0.2106,0.0,-0.5811,0.61809,1002.19,1000.0,-2.19,53.17,213.0,2.2555,0.0225,LOCK,0,normal
6732,9726348,9498,68569.0,0.2145,0.0234,-0.6903,0.72324,1002.21,1000.0,-2.21,53.17,213.0,2.2472,-0.103,LOCK,0,normal
6733,9726356,9506,68577.0,0.0468,0.039,-0.702,0.70464,1002.23,1000.0,-2.23,53.17,213.0,2.2576,0.0548,LOCK,0,normal
6734,9726367,9517,68588.0,0.0195,-0.0273,-0.7683,0.76903,1002.25,1000.0,-2.25,53.17,213.0,2.2639,0.1501,LOCK,0,normal
6735,9726375,9525,68596.0,0.0663,0.1482,-0.6942,0.71293,1002.27,1000.0,-2.27,53.17,213.0,2.2605,0.0991,LOCK,0,normal
6736,9726384,9534,68605.0,0.0858,0.0975,-0.7878,0.79843,1002.29,1000.0,-2.29,53.17,213.0,2.2361,-0.2709,LOCK,0,normal
6737,9726392,9542,68613.0,0.0858,0.0975,-0.7878,0.79843,1002.32,1000.0,-2.32,53.17,213.0,2.2402,-0.2092,LOCK,0,normal
6738,9726401,9551,68622.0,0.0546,0.0546,-0.9087,0.91197,1002.34,1000.0,-2.34,53.17,213.0,2.2254,-0.4336,LOCK,0,normal
6739,9726409,9559,68630.0,0.0507,-0.1677,-0.9282,0.94459,1002.36,1000.0,-2.36,53.17,213.0,2.2676,0.2059,LOCK,0,normal
6740,9726426,9576,68647.0,0.0624,-0.0897,-0.9048,0.91137,1002.38,1000.0,-2.38,53.17,213.0,2.2598,0.0872,LOCK,0,normal
6741,9726434,9584,68655.0,-0.0273,0.1482,-0.7761,0.79059,1002.39,1000.0,-2.39,53.17,213.0,2.2473,-0.1021,LOCK,0,normal
6742,9726442,9592,68663.0,-0.0273,0.1482,-0.7761,0.79059,1002.42,1000.0,-2.42,53.17,213.0,2.2486,-0.0822,LOCK,0,normal
6743,9726451,9601,68672.0,0.312,0.0546,-0.6747,0.74535,1002.44,1000.0,-2.44,53.17,213.0,2.2506,-0.0508,LOCK,0,normal
6744,9726459,9609,68680.0,-0.0468,-0.0546,-0.6006,0.60489,1002.47,1000.0,-2.47,53.17,213.0,2.2535,-0.0077,LOCK,0,normal
6745,9726476,9626,68697.0,0.0195,-0.0351,-0.8151,0.81609,1002.49,1000.0,-2.49,53.17,213.0,2.2623,0.125,LOCK,0,normal
6746,9726485,9635,68706.0,0.0234,-0.1326,-0.7917,0.80307,1002.51,1000.0,-2.51,53.17,213.0,2.2455,-0.1289,LOCK,0,normal
6747,9726493,9643,68714.0,0.0234,-0.1326,-0.7917,0.80307,1002.52,1000.0,-2.52,53.17,213.0,2.2337,-0.3072,LOCK,0,normal
6748,9726502,9652,68723.0,0.0078,0.2028,-0.8541,0.87788,1002.55,1000.0,-2.55,53.17,213.0,2.2511,-0.0444,LOCK,0,normal
6749,9726510,9660,68731.0,0.1443,0.1209,-0.6084,0.63686,1002.57,1000.0,-2.57,53.17,213.0,2.2484,-0.085,LOCK,0,normal
6750,9726519,9669,68740.0,0.2574,0.1872,-0.8697,0.92611,1002.59,1000.0,-2.59,53.17,213.0,2.2571,0.0469,LOCK,0,normal
6751,9726527,9677,68748.0,0.1755,-0.0156,-1.0062,1.02151,1002.61,1000.0,-2.61,53.17,213.0,2.263,0.136,LOCK,0,normal
6752,9726536,9686,68757.0,0.1755,-0.0156,-1.0062,1.02151,1002.63,1000.0,-2.63,53.17,213.0,2.2382,-0.2391,LOCK,0,normal
6753,9726554,9704,68775.0,-0.1248,-0.0624,-0.6942,0.70808,1002.64,1000.0,-2.64,53.17,213.0,2.2447,-0.1411,LOCK,0,normal
6754,9726563,9713,68784.0,-0.156,0.3939,-0.7605,0.87055,1002.67,1000.0,-2.67,53.17,213.0,2.2538,-0.0035,LOCK,0,normal
6755,9726571,9721,68792.0,0.1209,0.1248,-0.663,0.68539,1002.69,1000.0,-2.69,53.17,213.0,2.2624,0.1269,LOCK,0,normal
6756,9726580,9730,68801.0,0.1482,0.0702,-0.8385,0.85438,1002.71,1000.0,-2.71,53.17,213.0,2.2579,0.0585,LOCK,0,normal
6757,9726588,9738,68809.0,0.078,-0.0273,-0.7371,0.74172,1002.73,1000.0,-2.73,53.17,213.0,2.2357,-0.277,LOCK,0,normal
6758,9726597,9747,68818.0,0.078,-0.0273,-0.7371,0.74172,1002.75,1000.0,-2.75,53.17,213.0,2.2455,-0.1295,LOCK,0,normal
6759,9726605,9755,68826.0,0.0507,0.0156,-0.9945,0.99591,1002.77,1000.0,-2.77,53.17,213.0,2.2455,-0.1292,LOCK,0,normal
6760,9726614,9764,68835.0,0.1053,-0.1326,-1.0452,1.05883,1002.78,1000.0,-2.78,53.17,213.0,2.247,-0.1054,LOCK,0,normal
6761,9726632,9782,68853.0,0.2925,0.0351,-0.6513,0.71483,1002.8,1000.0,-2.8,53.17,213.0,2.2601,0.0924,LOCK,0,normal
6762,9726641,9791,68862.0,0.0546,0.0312,-0.7488,0.75144,1002.82,1000.0,-2.82,53.17,213.0,2.2516,-0.0367,LOCK,0,normal
6763,9726649,9799,68870.0,0.0468,-0.0273,-0.7254,0.72742,1002.84,1000.0,-2.84,53.17,213.0,2.2508,-0.049,LOCK,0,normal
6764,9726658,9808,68879.0,0.0468,-0.0273,-0.7254,0.72742,1002.85,1000.0,-2.85,53.17,213.0,2.2411,-0.1958,LOCK,0,normal
6765,9726666,9816,68887.0,-0.0351,0.0351,-0.7917,0.79325,1002.87,1000.0,-2.87,53.17,213.0,2.2627,0.1324,LOCK,0,normal
6766,9726684,9834,68905.0,0.1794,-0.1716,-0.9789,1.00989,1002.88,1000.0,-2.88,53.17,213.0,2.2675,0.2047,LOCK,0,normal
6767,9726692,9842,68913.0,-0.0507,0.1911,-0.663,0.69185,1002.9,1000.0,-2.9,53.17,213.0,2.255,0.0145,LOCK,0,normal
6768,9726701,9851,68922.0,0.2847,0.234,-0.7215,0.81017,1002.92,1000.0,-2.92,53.17,213.0,2.2452,-0.1332,LOCK,0,normal
6769,9726709,9859,68930.0,0.2847,0.234,-0.7215,0.81017,1002.94,1000.0,-2.94,53.17,213.0,2.239,-0.2275,LOCK,0,normal
6770,9726718,9868,68939.0,0.1209,-0.1131,-0.7371,0.75546,1002.96,1000.0,-2.96,53.17,213.0,2.2558,0.028,LOCK,0,normal
6771,9726726,9876,68947.0,0.0741,-0.1638,-0.8229,0.84231,1002.98,1000.0,-2.98,53.17,213.0,2.2554,0.0219,LOCK,0,normal
6772,9726735,9885,68956.0,0.0156,0.0312,-0.6318,0.63276,1002.99,1000.0,-2.99,53.17,213.0,2.2622,0.1238,LOCK,0,normal
6773,9726743,9893,68964.0,0.195,0.0897,-0.7098,0.74154,1003.01,1000.0,-3.01,53.17,213.0,2.2382,-0.2394,LOCK,0,normal
6774,9726752,9902,68973.0,0.3783,0.0702,-0.8697,0.95101,1003.03,1000.0,-3.03,53.17,213.0,2.2542,0.0026,LOCK,0,normal
6775,9726770,9920,68991.0,0.0975,0.0195,-0.9048,0.91025,1003.04,1000.0,-3.04,53.17,213.0,2.2536,-0.0059,LOCK,0,normal
6776,9726779,9929,69000.0,0.0312,0.0234,-0.7605,0.7615,1003.05,1000.0,-3.05,53.17,213.0,2.2651,0.1687,LOCK,0,normal
6777,9726787,9937,69008.0,-0.0975,-0.0156,-0.702,0.70891,1003.07,1000.0,-3.07,53.17,213.0,2.2588,0.0725,LOCK,0,normal
6778,9726796,9946,69017.0,0.0234,-0.156,-0.6747,0.6929,1003.08,1000.0,-3.08,53.17,213.0,2.2431,-0.1656,LOCK,0,normal
6779,9726804,9954,69025.0,0.3003,0.039,-0.7098,0.7717,1003.09,1000.0,-3.09,53.17,213.0,2.2501,-0.059,LOCK,0,normal
6780,9726813,9963,69034.0,0.1989,0.1482,-0.6903,0.73351,1003.11,1000.0,-3.11,53.17,213.0,2.2423,-0.1765,LOCK,0,normal
6781,9726823,9973,69044.0,0.0741,-0.1014,-1.0608,1.06821,1003.12,1000.0,-3.12,53.17,213.0,2.2621,0.1226,LOCK,0,normal
