sample_index,time_ms_raw,time_ms_zero,elapsed_ms,ax_g,ay_g,az_g,total_g,rpm,target_rpm,rpm_error,pwm_eq,duty_10bit,acs_v,current_a,control_mode,state,fault_type
4351,5625245,0,47377.0,-0.0936,0.2223,-0.7371,0.77556,1001.13,1000.0,-1.13,50.49,203.0,2.2396,-0.2178,LOCK,0,normal
4352,5625253,8,47385.0,-0.2184,-0.0273,-0.8385,0.86691,1001.13,1000.0,-1.13,50.49,203.0,2.2578,0.0573,LOCK,0,normal
4353,5625261,16,47393.0,-0.0273,-0.1404,-0.7917,0.80452,1001.12,1000.0,-1.12,50.49,203.0,2.2693,0.2313,LOCK,0,normal
4354,5625270,25,47402.0,-0.0351,0.0078,-0.7683,0.76914,1001.12,1000.0,-1.12,50.49,203.0,2.2635,0.144,LOCK,0,normal
4355,5625284,39,47416.0,-0.0468,0.0741,-0.7098,0.71519,1001.12,1000.0,-1.12,50.49,203.0,2.2752,0.3213,LOCK,0,normal
4356,5625292,47,47424.0,-0.1404,0.1755,-0.819,0.84928,1001.12,1000.0,-1.12,50.49,203.0,2.2751,0.3192,LOCK,0,normal
4357,5625301,56,47433.0,-0.0702,0.156,-0.7683,0.78711,1001.12,1000.0,-1.12,50.49,203.0,2.2601,0.0921,LOCK,0,normal
4358,5625309,64,47441.0,-0.1053,0.0741,-0.8463,0.85604,1001.12,1000.0,-1.12,50.49,203.0,2.2652,0.1702,LOCK,0,normal
4359,5625318,73,47450.0,-0.1053,0.0741,-0.8463,0.85604,1001.12,1000.0,-1.12,50.49,203.0,2.2546,0.0094,LOCK,0,normal
4360,5625326,81,47458.0,-0.117,-0.1014,-0.819,0.83351,1001.12,1000.0,-1.12,50.49,203.0,2.2633,0.1406,LOCK,0,normal
4361,5625335,90,47467.0,0.0039,-0.0117,-0.8034,0.80349,1001.12,1000.0,-1.12,50.49,203.0,2.2788,0.375,LOCK,0,normal
4362,5625343,98,47475.0,0.0039,0.0468,-0.7839,0.78531,1001.12,1000.0,-1.12,50.49,203.0,2.2695,0.2343,LOCK,0,normal
4363,5625352,107,47484.0,-0.0195,0.0507,-0.702,0.7041,1001.12,1000.0,-1.12,50.49,203.0,2.2355,-0.28,LOCK,0,normal
4364,5625370,125,47502.0,-0.1911,0.0819,-0.7254,0.75461,1001.12,1000.0,-1.12,50.49,203.0,2.2453,-0.1314,LOCK,0,normal
4365,5625384,139,47516.0,-0.0117,-0.0468,-0.8229,0.82431,1001.12,1000.0,-1.12,50.49,203.0,2.2618,0.1186,LOCK,0,normal
4366,5625392,147,47524.0,-0.0273,-0.0741,-0.8229,0.82668,1001.12,1000.0,-1.12,50.49,203.0,2.2729,0.2862,LOCK,0,normal
4367,5625401,156,47533.0,-0.0273,-0.0741,-0.8229,0.82668,1001.12,1000.0,-1.12,50.49,203.0,2.2646,0.1608,LOCK,0,normal
4368,5625409,164,47541.0,-0.0156,-0.0702,-0.7839,0.78719,1001.12,1000.0,-1.12,50.49,203.0,2.2691,0.2288,LOCK,0,normal
4369,5625417,172,47549.0,-0.0936,0.1209,-0.8151,0.82932,1001.12,1000.0,-1.12,50.49,203.0,2.2667,0.1919,LOCK,0,normal
4370,5625426,181,47558.0,-0.2418,-0.156,-0.6942,0.75148,1001.12,1000.0,-1.12,50.49,203.0,2.255,0.0155,LOCK,0,normal
4371,5625435,190,47567.0,-0.1131,0.0819,-0.8502,0.86159,1001.12,1000.0,-1.12,50.49,203.0,2.2817,0.4199,LOCK,0,normal
4372,5625444,199,47576.0,-0.0468,0.0117,-0.7722,0.77371,1001.11,1000.0,-1.11,50.49,203.0,2.2785,0.3714,LOCK,0,normal
4373,5625452,207,47584.0,-0.0468,0.0117,-0.7722,0.77371,1001.11,1000.0,-1.11,50.49,203.0,2.2463,-0.117,LOCK,0,normal
4374,5625461,216,47593.0,-0.0507,-0.078,-0.7878,0.79327,1001.11,1000.0,-1.11,50.49,203.0,2.2674,0.2035,LOCK,0,normal
4375,5625479,234,47611.0,-0.0663,0.1248,-0.6708,0.68552,1001.09,1000.0,-1.09,50.49,203.0,2.2727,0.2841,LOCK,0,normal
4376,5625488,243,47620.0,-0.2964,-0.1716,-0.7995,0.86977,1001.07,1000.0,-1.07,50.49,203.0,2.2608,0.1028,LOCK,0,normal
4377,5625497,252,47629.0,-0.0858,0.0702,-0.7137,0.72226,1001.06,1000.0,-1.06,50.49,203.0,2.2808,0.4059,LOCK,0,normal
4378,5625506,261,47638.0,0.0,0.0702,-0.8658,0.86864,1001.05,1000.0,-1.05,50.49,203.0,2.2491,-0.0737,LOCK,0,normal
4379,5625514,269,47646.0,0.0234,0.0117,-0.819,0.81942,1001.03,1000.0,-1.03,50.49,203.0,2.2616,0.1159,LOCK,0,normal
4380,5625523,278,47655.0,0.0234,0.0117,-0.819,0.81942,1001.02,1000.0,-1.02,50.49,203.0,2.2563,0.035,LOCK,0,normal
4381,5625531,286,47663.0,-0.1014,0.1131,-0.8463,0.85982,1001.01,1000.0,-1.01,50.49,203.0,2.2612,0.1092,LOCK,0,normal
4382,5625540,295,47672.0,-0.078,0.1794,-0.78,0.80416,1001.0,1000.0,-1.0,50.49,203.0,2.2784,0.3695,LOCK,0,normal
4383,5625549,304,47681.0,-0.0897,-0.0546,-0.8346,0.84118,1000.99,1000.0,-0.99,50.49,203.0,2.275,0.3183,LOCK,0,normal
4384,5625557,312,47689.0,-0.0819,-0.1014,-0.7917,0.80236,1000.99,1000.0,-0.99,50.49,203.0,2.2573,0.0499,LOCK,0,normal
4385,5625566,321,47698.0,-0.0039,0.1248,-0.78,0.78993,1000.98,1000.0,-0.98,50.49,203.0,2.2687,0.2227,LOCK,0,normal
4386,5625574,329,47706.0,-0.0039,0.1248,-0.78,0.78993,1000.97,1000.0,-0.97,50.49,203.0,2.2563,0.0353,LOCK,0,normal
4387,5625592,347,47724.0,-0.0117,0.1287,-0.8424,0.85225,1000.97,1000.0,-0.97,50.49,203.0,2.2795,0.3857,LOCK,0,normal
4388,5625600,355,47732.0,-0.1131,0.2379,-0.7839,0.82697,1000.98,1000.0,-0.98,50.49,203.0,2.2753,0.3225,LOCK,0,normal
4389,5625609,364,47741.0,-0.195,0.0312,-0.8892,0.91087,1000.99,1000.0,-0.99,50.49,203.0,2.2421,-0.1808,LOCK,0,normal
4390,5625617,372,47749.0,0.0195,-0.0663,-0.8346,0.83746,1000.99,1000.0,-0.99,50.49,203.0,2.2609,0.1052,LOCK,0,normal
4391,5625625,380,47757.0,0.0195,-0.0663,-0.8346,0.83746,1001.0,1000.0,-1.0,50.49,203.0,2.2541,0.0014,LOCK,0,normal
4392,5625634,389,47766.0,0.0156,0.0195,-0.7995,0.79989,1001.01,1000.0,-1.01,50.49,203.0,2.2702,0.245,LOCK,0,normal
4393,5625643,398,47775.0,-0.039,0.0624,-0.7215,0.72524,1001.01,1000.0,-1.01,50.49,203.0,2.2744,0.3094,LOCK,0,normal
4394,5625652,407,47784.0,-0.0663,0.1326,-0.7878,0.80163,1001.02,1000.0,-1.02,50.49,203.0,2.2792,0.3815,LOCK,0,normal
4395,5625660,415,47792.0,-0.0078,0.1716,-0.7215,0.74167,1001.02,1000.0,-1.02,50.49,203.0,2.2626,0.1305,LOCK,0,normal
4396,5625668,423,47800.0,-0.1053,-0.0273,-0.7956,0.803,1001.03,1000.0,-1.03,50.49,203.0,2.2567,0.0402,LOCK,0,normal
4397,5625677,432,47809.0,-0.1053,-0.0273,-0.7956,0.803,1001.04,1000.0,-1.04,50.49,203.0,2.2434,-0.1604,LOCK,0,normal
4398,5625696,451,47828.0,0.0,0.0039,-0.7683,0.76831,1001.04,1000.0,-1.04,50.49,203.0,2.279,0.3787,LOCK,0,normal
4399,5625704,459,47836.0,-0.0975,0.1833,-0.8034,0.82979,1001.05,1000.0,-1.05,50.49,203.0,2.2766,0.3427,LOCK,0,normal
4400,5625712,467,47844.0,-0.0234,0.0624,-0.741,0.74399,1001.05,1000.0,-1.05,50.49,203.0,2.2509,-0.0468,LOCK,0,normal
4401,5625721,476,47853.0,-0.1833,0.1638,-0.7878,0.82526,1001.06,1000.0,-1.06,50.49,203.0,2.2682,0.2145,LOCK,0,normal
4402,5625729,484,47861.0,-0.1833,0.1638,-0.7878,0.82526,1001.06,1000.0,-1.06,50.49,203.0,2.2549,0.0139,LOCK,0,normal
4403,5625738,493,47870.0,-0.2535,0.2106,-0.7917,0.85756,1001.07,1000.0,-1.07,50.49,203.0,2.2581,0.0625,LOCK,0,normal
4404,5625746,501,47878.0,0.0156,-0.0546,-0.8346,0.83653,1001.07,1000.0,-1.07,50.49,203.0,2.2736,0.2972,LOCK,0,normal
4405,5625755,510,47887.0,0.0312,-0.0858,-0.8346,0.83958,1001.08,1000.0,-1.08,50.49,203.0,2.2773,0.3528,LOCK,0,normal
4406,5625773,528,47905.0,-0.1131,0.1014,-0.7332,0.74877,1001.09,1000.0,-1.09,50.49,203.0,2.2484,-0.085,LOCK,0,normal
4407,5625782,537,47914.0,-0.1833,-0.0078,-0.6591,0.68416,1001.11,1000.0,-1.11,50.49,203.0,2.2408,-0.2,LOCK,0,normal
4408,5625795,550,47927.0,-0.1365,0.2262,-0.8853,0.92388,1001.12,1000.0,-1.12,50.49,203.0,2.2686,0.2206,LOCK,0,normal
4409,5625804,559,47936.0,-0.0585,0.0351,-0.8229,0.82572,1001.14,1000.0,-1.14,50.49,203.0,2.2758,0.3299,LOCK,0,normal
4410,5625812,567,47944.0,-0.0663,-0.0312,-0.819,0.82227,1001.15,1000.0,-1.15,50.49,203.0,2.2592,0.0789,LOCK,0,normal
4411,5625821,576,47953.0,-0.0663,-0.0312,-0.819,0.82227,1001.16,1000.0,-1.16,50.49,203.0,2.2617,0.1168,LOCK,0,normal
4412,5625829,584,47961.0,-0.0039,-0.0312,-0.8151,0.81571,1001.16,1000.0,-1.16,50.49,203.0,2.2621,0.122,LOCK,0,normal
4413,5625838,593,47970.0,-0.0624,0.0546,-0.6981,0.70301,1001.16,1000.0,-1.16,50.49,203.0,2.2628,0.1333,LOCK,0,normal
4414,5625846,601,47978.0,-0.2964,-0.2184,-0.8073,0.88729,1001.17,1000.0,-1.17,50.49,203.0,2.2722,0.2752,LOCK,0,normal
4415,5625855,610,47987.0,-0.0936,0.0468,-0.6903,0.69819,1001.17,1000.0,-1.17,50.49,203.0,2.2739,0.3009,LOCK,0,normal
4416,5625873,628,48005.0,0.0,0.0,-0.8346,0.8346,1001.17,1000.0,-1.17,50.49,203.0,2.2609,0.1052,LOCK,0,normal
4417,5625882,637,48014.0,0.0,0.0,-0.8346,0.8346,1001.18,1000.0,-1.18,50.49,203.0,2.2651,0.1687,LOCK,0,normal
4418,5625890,645,48022.0,-0.0429,0.0351,-0.8463,0.84811,1001.18,1000.0,-1.18,50.49,203.0,2.2692,0.231,LOCK,0,normal
4419,5625899,654,48031.0,-0.0546,0.1677,-0.7488,0.76929,1001.19,1000.0,-1.19,50.49,203.0,2.2796,0.3882,LOCK,0,normal
4420,5625907,662,48039.0,-0.0546,-0.0273,-0.8463,0.8485,1001.19,1000.0,-1.19,50.49,203.0,2.2791,0.3796,LOCK,0,normal
4421,5625916,671,48048.0,-0.0702,-0.0975,-0.7761,0.78534,1001.2,1000.0,-1.2,50.49,203.0,2.2524,-0.0239,LOCK,0,normal
4422,5625924,679,48056.0,-0.0702,-0.0975,-0.7761,0.78534,1001.2,1000.0,-1.2,50.49,203.0,2.2665,0.1901,LOCK,0,normal
4423,5625933,688,48065.0,-0.0624,0.0936,-0.7293,0.73792,1001.21,1000.0,-1.21,50.49,203.0,2.2663,0.1858,LOCK,0,normal
4424,5625941,696,48073.0,-0.0507,-0.0624,-0.8112,0.81517,1001.21,1000.0,-1.21,50.49,203.0,2.2674,0.2026,LOCK,0,normal
4425,5625960,715,48092.0,-0.1014,0.2769,-0.7917,0.84483,1001.22,1000.0,-1.22,50.49,203.0,2.2546,0.0087,LOCK,0,normal
4426,5625968,723,48100.0,-0.195,-0.0078,-0.8697,0.89133,1001.22,1000.0,-1.22,50.49,203.0,2.2587,0.0713,LOCK,0,normal
4427,5625977,732,48109.0,-0.0351,-0.1131,-0.8112,0.8198,1001.23,1000.0,-1.23,50.49,203.0,2.2587,0.0713,LOCK,0,normal
4428,5625985,740,48117.0,-0.0351,-0.1131,-0.8112,0.8198,1001.23,1000.0,-1.23,50.49,203.0,2.253,-0.0151,LOCK,0,normal
4429,5626000,755,48132.0,-0.0546,0.0429,-0.6903,0.69378,1001.24,1000.0,-1.24,50.49,203.0,2.2694,0.234,LOCK,0,normal
4430,5626008,763,48140.0,-0.0351,0.1833,-0.7956,0.8172,1001.25,1000.0,-1.25,50.49,203.0,2.2776,0.3583,LOCK,0,normal
4431,5626017,772,48149.0,-0.039,0.1833,-0.741,0.76433,1001.26,1000.0,-1.26,50.49,203.0,2.263,0.1369,LOCK,0,normal
4432,5626025,780,48157.0,-0.039,0.1833,-0.741,0.76433,1001.27,1000.0,-1.27,50.49,203.0,2.2621,0.122,LOCK,0,normal
4433,5626034,789,48166.0,-0.1365,-0.0273,-0.8697,0.88077,1001.28,1000.0,-1.28,50.49,203.0,2.2617,0.1174,LOCK,0,normal
4434,5626042,797,48174.0,-0.0741,-0.1833,-0.8502,0.87289,1001.28,1000.0,-1.28,50.49,203.0,2.264,0.1513,LOCK,0,normal
4435,5626052,807,48184.0,0.0234,0.0078,-0.8034,0.80378,1001.29,1000.0,-1.29,50.49,203.0,2.2767,0.3445,LOCK,0,normal
4436,5626060,815,48192.0,-0.0936,0.1092,-0.741,0.75483,1001.3,1000.0,-1.3,50.49,203.0,2.2784,0.3692,LOCK,0,normal
4437,5626069,824,48201.0,-0.0234,0.0507,-0.6825,0.68478,1001.3,1000.0,-1.3,50.49,203.0,2.2552,0.0182,LOCK,0,normal
4438,5626077,832,48209.0,-0.0234,0.0507,-0.6825,0.68478,1001.31,1000.0,-1.31,50.49,203.0,2.2522,-0.027,LOCK,0,normal
4439,5626086,841,48218.0,-0.2106,0.1443,-0.6981,0.74332,1001.32,1000.0,-1.32,50.49,203.0,2.2631,0.1379,LOCK,0,normal
4440,5626094,849,48226.0,-0.2028,0.1755,-0.7761,0.82113,1001.33,1000.0,-1.33,50.49,203.0,2.2804,0.3998,LOCK,0,normal
4441,5626113,868,48245.0,0.0,-0.0273,-0.8541,0.85454,1001.33,1000.0,-1.33,50.49,203.0,2.2822,0.4269,LOCK,0,normal
4442,5626121,876,48253.0,0.0234,-0.0624,-0.7683,0.77118,1001.34,1000.0,-1.34,50.49,203.0,2.2427,-0.1707,LOCK,0,normal
4443,5626130,885,48262.0,0.0234,-0.0624,-0.7683,0.77118,1001.35,1000.0,-1.35,50.49,203.0,2.2578,0.0582,LOCK,0,normal
4444,5626138,893,48270.0,-0.0468,0.117,-0.7917,0.80167,1001.37,1000.0,-1.37,50.49,203.0,2.2568,0.0417,LOCK,0,normal
4445,5626147,902,48279.0,-0.234,-0.1482,-0.5577,0.62269,1001.38,1000.0,-1.38,50.49,203.0,2.2728,0.285,LOCK,0,normal
4446,5626155,910,48287.0,-0.1521,0.1716,-0.8502,0.88058,1001.39,1000.0,-1.39,50.49,203.0,2.276,0.3338,LOCK,0,normal
4447,5626164,919,48296.0,-0.0663,0.0273,-0.8112,0.81436,1001.4,1000.0,-1.4,50.49,203.0,2.2565,0.0374,LOCK,0,normal
4448,5626172,927,48304.0,-0.0507,-0.0429,-0.8073,0.81003,1001.41,1000.0,-1.41,50.49,203.0,2.2643,0.1559,LOCK,0,normal
4449,5626191,946,48323.0,-0.0234,-0.0312,-0.8151,0.81603,1001.43,1000.0,-1.43,50.49,203.0,2.2661,0.1833,LOCK,0,normal
4450,5626204,959,48336.0,-0.2964,-0.1404,-0.8073,0.87138,1001.45,1000.0,-1.45,50.49,203.0,2.2784,0.3692,LOCK,0,normal
4451,5626213,968,48345.0,-0.1014,0.0429,-0.7137,0.72214,1001.46,1000.0,-1.46,50.49,203.0,2.2807,0.4053,LOCK,0,normal
4452,5626221,976,48353.0,-0.1014,0.0429,-0.7137,0.72214,1001.48,1000.0,-1.48,50.49,203.0,2.2531,-0.0129,LOCK,0,normal
4453,5626230,985,48362.0,0.0,0.0897,-0.8424,0.84716,1001.49,1000.0,-1.49,50.49,203.0,2.2677,0.2078,LOCK,0,normal
4454,5626238,993,48370.0,0.0,0.0234,-0.8151,0.81544,1001.5,1000.0,-1.5,50.49,203.0,2.2605,0.0985,LOCK,0,normal
4455,5626247,1002,48379.0,-0.078,0.0897,-0.858,0.8662,1001.53,1000.0,-1.53,50.49,203.0,2.2666,0.191,LOCK,0,normal
4456,5626256,1011,48388.0,-0.078,0.1521,-0.7644,0.78328,1001.56,1000.0,-1.56,50.49,203.0,2.2772,0.3515,LOCK,0,normal
4457,5626264,1019,48396.0,-0.0975,-0.1209,-0.8151,0.82977,1001.59,1000.0,-1.59,50.49,203.0,2.2743,0.3073,LOCK,0,normal
4458,5626273,1028,48405.0,-0.0975,-0.1209,-0.8151,0.82977,1001.62,1000.0,-1.62,50.49,203.0,2.2595,0.0835,LOCK,0,normal
4459,5626281,1036,48413.0,-0.0624,-0.0351,-0.78,0.78328,1001.64,1000.0,-1.64,50.49,203.0,2.2681,0.2142,LOCK,0,normal
4460,5626300,1055,48432.0,-0.0429,-0.0117,-0.7917,0.79295,1001.66,1000.0,-1.66,50.49,203.0,2.2766,0.3421,LOCK,0,normal
4461,5626308,1063,48440.0,0.0039,0.1326,-0.8541,0.86434,1001.67,1000.0,-1.67,50.49,203.0,2.2806,0.4031,LOCK,0,normal
4462,5626317,1072,48449.0,-0.1131,0.2574,-0.78,0.82912,1001.68,1000.0,-1.68,50.49,203.0,2.2798,0.3915,LOCK,0,normal
4463,5626325,1080,48457.0,-0.1443,0.0546,-0.8658,0.87944,1001.69,1000.0,-1.69,50.49,203.0,2.2486,-0.0825,LOCK,0,normal
4464,5626334,1089,48466.0,-0.1443,0.0546,-0.8658,0.87944,1001.7,1000.0,-1.7,50.49,203.0,2.2554,0.0219,LOCK,0,normal
4465,5626342,1097,48474.0,-0.0585,-0.0741,-0.7995,0.80505,1001.71,1000.0,-1.71,50.49,203.0,2.2433,-0.1622,LOCK,0,normal
4466,5626351,1106,48483.0,0.0273,-0.0468,-0.8424,0.84414,1001.71,1000.0,-1.71,50.49,203.0,2.2646,0.1601,LOCK,0,normal
4467,5626359,1114,48491.0,-0.0741,-0.0078,-0.6942,0.69819,1001.72,1000.0,-1.72,50.49,203.0,2.2738,0.3003,LOCK,0,normal
4468,5626378,1133,48510.0,-0.0741,0.1911,-0.6942,0.72383,1001.74,1000.0,-1.74,50.49,203.0,2.2415,-0.1897,LOCK,0,normal
4469,5626386,1141,48518.0,-0.0741,0.1911,-0.6942,0.72383,1001.75,1000.0,-1.75,50.49,203.0,2.2627,0.1315,LOCK,0,normal
4470,5626394,1149,48526.0,-0.1521,-0.0234,-0.8736,0.88705,1001.76,1000.0,-1.76,50.49,203.0,2.2509,-0.0471,LOCK,0,normal
4471,5626408,1163,48540.0,0.0234,0.0312,-0.8229,0.82382,1001.77,1000.0,-1.77,50.49,203.0,2.2703,0.2474,LOCK,0,normal
4472,5626416,1171,48548.0,0.0234,0.0312,-0.8229,0.82382,1001.78,1000.0,-1.78,50.49,203.0,2.2718,0.27,LOCK,0,normal
4473,5626425,1180,48557.0,-0.1014,0.0195,-0.7566,0.76361,1001.79,1000.0,-1.79,50.49,203.0,2.2625,0.1281,LOCK,0,normal
4474,5626433,1188,48565.0,-0.0351,0.0117,-0.7098,0.71076,1001.8,1000.0,-1.8,50.49,203.0,2.2516,-0.0367,LOCK,0,normal
4475,5626442,1197,48574.0,-0.1209,0.1404,-0.7098,0.73358,1001.81,1000.0,-1.81,50.49,203.0,2.248,-0.0905,LOCK,0,normal
4476,5626450,1205,48582.0,-0.2223,0.1716,-0.7254,0.77786,1001.83,1000.0,-1.83,50.49,203.0,2.2604,0.097,LOCK,0,normal
4477,5626460,1215,48592.0,-0.078,-0.0585,-0.8307,0.8364,1001.84,1000.0,-1.84,50.49,203.0,2.2734,0.2942,LOCK,0,normal
4478,5626469,1224,48601.0,0.0039,-0.0429,-0.858,0.85908,1001.84,1000.0,-1.84,50.49,203.0,2.278,0.3631,LOCK,0,normal
4479,5626477,1232,48609.0,0.0039,-0.0429,-0.858,0.85908,1001.85,1000.0,-1.85,50.49,203.0,2.2544,0.0054,LOCK,0,normal
4480,5626485,1240,48617.0,-0.0429,-0.0741,-0.7761,0.78081,1001.87,1000.0,-1.87,50.49,203.0,2.2679,0.2108,LOCK,0,normal
4481,5626494,1249,48626.0,-0.0819,0.156,-0.819,0.83774,1001.89,1000.0,-1.89,50.49,203.0,2.2532,-0.0126,LOCK,0,normal
4482,5626502,1257,48634.0,-0.1209,0.1248,-0.6903,0.71183,1001.91,1000.0,-1.91,50.49,203.0,2.2597,0.086,LOCK,0,normal
4483,5626521,1276,48653.0,-0.0936,-0.0663,-0.7683,0.77681,1001.93,1000.0,-1.93,50.49,203.0,2.2826,0.434,LOCK,0,normal
4484,5626530,1285,48662.0,-0.0936,-0.0663,-0.7683,0.77681,1001.94,1000.0,-1.94,50.49,203.0,2.2796,0.3873,LOCK,0,normal
4485,5626538,1293,48670.0,-0.0312,-0.0234,-0.78,0.78097,1001.96,1000.0,-1.96,50.49,203.0,2.2624,0.1266,LOCK,0,normal
4486,5626546,1301,48678.0,-0.0429,0.0468,-0.78,0.78258,1001.97,1000.0,-1.97,50.49,203.0,2.2523,-0.0258,LOCK,0,normal
4487,5626555,1310,48687.0,-0.0741,0.1794,-0.741,0.766,1001.98,1000.0,-1.98,50.49,203.0,2.2679,0.2111,LOCK,0,normal
4488,5626564,1319,48696.0,-0.1911,-0.1053,-0.8853,0.91179,1002.0,1000.0,-2.0,50.49,203.0,2.2766,0.343,LOCK,0,normal
4489,5626572,1327,48704.0,-0.0702,0.0507,-0.7644,0.76929,1002.01,1000.0,-2.01,50.49,203.0,2.2752,0.3213,LOCK,0,normal
4490,5626581,1336,48713.0,-0.0702,0.0507,-0.7644,0.76929,1002.01,1000.0,-2.01,50.49,203.0,2.2775,0.3567,LOCK,0,normal
4491,5626589,1344,48721.0,0.0117,0.078,-0.8229,0.82667,1002.02,1000.0,-2.02,50.49,203.0,2.2612,0.1098,LOCK,0,normal
4492,5626613,1368,48745.0,-0.078,0.156,-0.7098,0.73091,1002.03,1000.0,-2.03,50.49,203.0,2.2766,0.343,LOCK,0,normal
4493,5626621,1376,48753.0,-0.078,0.156,-0.7098,0.73091,1002.04,1000.0,-2.04,50.49,203.0,2.2704,0.2484,LOCK,0,normal
4494,5626630,1385,48762.0,-0.0897,-0.0702,-0.7605,0.76898,1002.05,1000.0,-2.05,50.49,203.0,2.255,0.0145,LOCK,0,normal
4495,5626638,1393,48770.0,-0.0546,0.0273,-0.8034,0.80572,1002.06,1000.0,-2.06,50.49,203.0,2.2607,0.1015,LOCK,0,normal
4496,5626647,1402,48779.0,-0.0468,0.0429,-0.8073,0.80979,1002.06,1000.0,-2.06,50.49,203.0,2.2571,0.0466,LOCK,0,normal
4497,5626655,1410,48787.0,-0.039,-0.0078,-0.7917,0.7927,1002.07,1000.0,-2.07,50.49,203.0,2.2587,0.0716,LOCK,0,normal
4498,5626664,1419,48796.0,0.039,0.1131,-0.8073,0.81612,1002.07,1000.0,-2.07,50.49,203.0,2.278,0.3641,LOCK,0,normal
4499,5626672,1427,48804.0,0.039,0.1131,-0.8073,0.81612,1002.1,1000.0,-2.1,50.49,203.0,2.2749,0.3173,LOCK,0,normal
4500,5626681,1436,48813.0,-0.0624,0.2106,-0.7332,0.76539,1002.12,1000.0,-2.12,50.49,203.0,2.2705,0.2505,LOCK,0,normal
4501,5626699,1454,48831.0,-0.0858,-0.0468,-0.8073,0.81319,1002.14,1000.0,-2.14,50.49,203.0,2.2554,0.021,LOCK,0,normal
4502,5626708,1463,48840.0,0.0078,-0.0741,-0.8892,0.89232,1002.16,1000.0,-2.16,50.49,203.0,2.2742,0.3054,LOCK,0,normal
4503,5626717,1472,48849.0,-0.0312,0.039,-0.7488,0.75046,1002.18,1000.0,-2.18,50.49,203.0,2.2743,0.307,LOCK,0,normal
4504,5626725,1480,48857.0,-0.1053,0.0702,-0.7761,0.78635,1002.21,1000.0,-2.21,50.49,203.0,2.2802,0.3964,LOCK,0,normal
4505,5626733,1488,48865.0,-0.1053,0.0702,-0.7761,0.78635,1002.23,1000.0,-2.23,50.49,203.0,2.258,0.0606,LOCK,0,normal
4506,5626742,1497,48874.0,-0.0585,0.1092,-0.6357,0.64766,1002.25,1000.0,-2.25,50.49,203.0,2.2542,0.0029,LOCK,0,normal
4507,5626750,1505,48882.0,-0.1677,0.0195,-0.8112,0.82858,1002.27,1000.0,-2.27,50.49,203.0,2.2646,0.1604,LOCK,0,normal
4508,5626759,1514,48891.0,-0.0273,-0.1248,-0.8073,0.81735,1002.28,1000.0,-2.28,50.49,203.0,2.2846,0.4639,LOCK,0,normal
4509,5626775,1530,48907.0,0.0117,0.0351,-0.8385,0.83932,1002.3,1000.0,-2.3,50.49,203.0,2.2713,0.2618,LOCK,0,normal
4510,5626784,1539,48916.0,-0.0741,0.0234,-0.7683,0.77222,1002.31,1000.0,-2.31,50.49,203.0,2.2497,-0.0648,LOCK,0,normal
4511,5626792,1547,48924.0,-0.0585,0.039,-0.7371,0.74045,1002.33,1000.0,-2.33,50.49,203.0,2.2728,0.2853,LOCK,0,normal
4512,5626800,1555,48932.0,-0.1677,0.0468,-0.7254,0.746,1002.35,1000.0,-2.35,50.49,203.0,2.2706,0.2517,LOCK,0,normal
4513,5626814,1569,48946.0,-0.195,0.1638,-0.7527,0.79461,1002.36,1000.0,-2.36,50.49,203.0,2.2771,0.3503,LOCK,0,normal
4514,5626825,1580,48957.0,-0.0429,-0.0312,-0.8346,0.83628,1002.37,1000.0,-2.37,50.49,203.0,2.2718,0.2691,LOCK,0,normal
4515,5626834,1589,48966.0,0.0117,-0.0234,-0.7761,0.77654,1002.38,1000.0,-2.38,50.49,203.0,2.2545,0.0081,LOCK,0,normal
4516,5626842,1597,48974.0,-0.0663,-0.0156,-0.7527,0.75578,1002.39,1000.0,-2.39,50.49,203.0,2.2672,0.1995,LOCK,0,normal
4517,5626851,1606,48983.0,-0.0741,0.1482,-0.7644,0.78215,1002.41,1000.0,-2.41,50.49,203.0,2.2634,0.1424,LOCK,0,normal
4518,5626859,1614,48991.0,-0.1872,-0.0312,-0.7605,0.78382,1002.42,1000.0,-2.42,50.49,203.0,2.2706,0.2514,LOCK,0,normal
4519,5626874,1629,49006.0,-0.1872,0.1443,-0.8541,0.8862,1002.44,1000.0,-2.44,50.49,203.0,2.2742,0.3067,LOCK,0,normal
4520,5626882,1637,49014.0,-0.0429,0.0234,-0.8073,0.80878,1002.45,1000.0,-2.45,50.49,203.0,2.2743,0.3079,LOCK,0,normal
4521,5626891,1646,49023.0,0.0,0.0117,-0.8346,0.83468,1002.46,1000.0,-2.46,50.49,203.0,2.2614,0.1119,LOCK,0,normal
4522,5626899,1654,49031.0,0.0,0.0117,-0.8346,0.83468,1002.47,1000.0,-2.47,50.49,203.0,2.257,0.0454,LOCK,0,normal
4523,5626908,1663,49040.0,-0.039,0.0975,-0.819,0.8257,1002.49,1000.0,-2.49,50.49,203.0,2.2622,0.1238,LOCK,0,normal
4524,5626917,1672,49049.0,-0.0429,0.1638,-0.7293,0.7487,1002.52,1000.0,-2.52,50.49,203.0,2.2623,0.125,LOCK,0,normal
4525,5626925,1680,49057.0,-0.1872,-0.195,-0.7644,0.81079,1002.54,1000.0,-2.54,50.49,203.0,2.269,0.227,LOCK,0,normal
4526,5626934,1689,49066.0,-0.1326,0.0039,-0.6864,0.6991,1002.56,1000.0,-2.56,50.49,203.0,2.2801,0.3955,LOCK,0,normal
4527,5626942,1697,49074.0,-0.0156,0.0,-0.7995,0.79965,1002.57,1000.0,-2.57,50.49,203.0,2.2586,0.0695,LOCK,0,normal
4528,5626951,1706,49083.0,0.0117,0.0234,-0.7761,0.77654,1002.59,1000.0,-2.59,50.49,203.0,2.2622,0.1247,LOCK,0,normal
4529,5626959,1714,49091.0,0.0117,0.0234,-0.7761,0.77654,1002.6,1000.0,-2.6,50.49,203.0,2.2526,-0.0215,LOCK,0,normal
4530,5626978,1733,49110.0,-0.0468,0.2808,-0.7605,0.81203,1002.6,1000.0,-2.6,50.49,203.0,2.277,0.3491,LOCK,0,normal
4531,5626986,1741,49118.0,-0.1677,-0.1092,-0.8268,0.85067,1002.59,1000.0,-2.59,50.49,203.0,2.2482,-0.0874,LOCK,0,normal
4532,5626995,1750,49127.0,-0.0585,-0.0156,-0.7761,0.77846,1002.59,1000.0,-2.59,50.49,203.0,2.2516,-0.0358,LOCK,0,normal
4533,5627003,1758,49135.0,0.0195,0.0039,-0.78,0.78025,1002.59,1000.0,-2.59,50.49,203.0,2.2475,-0.0981,LOCK,0,normal
4534,5627016,1771,49148.0,-0.0312,-0.0663,-0.7254,0.72909,1002.59,1000.0,-2.59,50.49,203.0,2.2725,0.2801,LOCK,0,normal
4535,5627027,1782,49159.0,-0.0039,0.0741,-0.7527,0.75635,1002.61,1000.0,-2.61,50.49,203.0,2.2762,0.336,LOCK,0,normal
4536,5627036,1791,49168.0,-0.0936,0.2535,-0.7332,0.78141,1002.62,1000.0,-2.62,50.49,203.0,2.2767,0.3436,LOCK,0,normal
4537,5627044,1799,49176.0,-0.1794,0.039,-0.8541,0.87361,1002.64,1000.0,-2.64,50.49,203.0,2.2635,0.1446,LOCK,0,normal
4538,5627052,1807,49184.0,-0.1794,0.039,-0.8541,0.87361,1002.66,1000.0,-2.66,50.49,203.0,2.2526,-0.0206,LOCK,0,normal
4539,5627061,1816,49193.0,-0.0819,-0.1092,-0.8502,0.86109,1002.67,1000.0,-2.67,50.49,203.0,2.265,0.1663,LOCK,0,normal
4540,5627069,1824,49201.0,0.0195,-0.0585,-0.8541,0.85632,1002.68,1000.0,-2.68,50.49,203.0,2.2755,0.3253,LOCK,0,normal
4541,5627078,1833,49210.0,-0.0507,-0.0468,-0.7332,0.73644,1002.69,1000.0,-2.69,50.49,203.0,2.2855,0.4773,LOCK,0,normal
4542,5627086,1841,49218.0,-0.0624,0.0858,-0.7761,0.78332,1002.7,1000.0,-2.7,50.49,203.0,2.2769,0.3463,LOCK,0,normal
4543,5627105,1860,49237.0,-0.1716,0.0273,-0.8424,0.86013,1002.71,1000.0,-2.71,50.49,203.0,2.2618,0.118,LOCK,0,normal
4544,5627113,1868,49245.0,-0.1716,0.0273,-0.8424,0.86013,1002.71,1000.0,-2.71,50.49,203.0,2.2523,-0.0261,LOCK,0,normal
4545,5627122,1877,49254.0,-0.0975,-0.1638,-0.8112,0.8333,1002.72,1000.0,-2.72,50.49,203.0,2.2586,0.0695,LOCK,0,normal
4546,5627130,1885,49262.0,0.0156,0.0936,-0.8502,0.85548,1002.73,1000.0,-2.73,50.49,203.0,2.2772,0.3515,LOCK,0,normal
4547,5627139,1894,49271.0,-0.0195,0.0078,-0.78,0.78028,1002.73,1000.0,-2.73,50.49,203.0,2.2723,0.278,LOCK,0,normal
4548,5627147,1902,49279.0,-0.0351,0.0663,-0.7878,0.79136,1002.74,1000.0,-2.74,50.49,203.0,2.2524,-0.0239,LOCK,0,normal
4549,5627156,1911,49288.0,-0.0351,0.0663,-0.7878,0.79136,1002.75,1000.0,-2.75,50.49,203.0,2.2483,-0.0868,LOCK,0,normal
4550,5627164,1919,49296.0,-0.156,-0.0156,-0.741,0.7574,1002.76,1000.0,-2.76,50.49,203.0,2.2522,-0.0276,LOCK,0,normal
4551,5627183,1938,49315.0,-0.0702,-0.039,-0.8385,0.84234,1002.77,1000.0,-2.77,50.49,203.0,2.2755,0.3259,LOCK,0,normal
4552,5627191,1946,49323.0,-0.0117,0.0585,-0.8073,0.8095,1002.78,1000.0,-2.78,50.49,203.0,2.2596,0.0844,LOCK,0,normal
4553,5627200,1955,49332.0,-0.0234,0.0156,-0.819,0.81948,1002.79,1000.0,-2.79,50.49,203.0,2.2552,0.0188,LOCK,0,normal
4554,5627208,1963,49340.0,-0.0156,0.2301,-0.7878,0.82086,1002.8,1000.0,-2.8,50.49,203.0,2.2599,0.0899,LOCK,0,normal
4555,5627222,1977,49354.0,-0.1092,-0.0351,-0.7683,0.77681,1002.81,1000.0,-2.81,50.49,203.0,2.2704,0.2487,LOCK,0,normal
4556,5627231,1986,49363.0,-0.1989,0.1014,-0.8073,0.8376,1002.82,1000.0,-2.82,50.49,203.0,2.2775,0.3561,LOCK,0,normal
4557,5627240,1995,49372.0,-0.0975,-0.0351,-0.7254,0.73276,1002.83,1000.0,-2.83,50.49,203.0,2.2832,0.4419,LOCK,0,normal
4558,5627248,2003,49380.0,-0.0624,-0.0312,-0.7605,0.76369,1002.83,1000.0,-2.83,50.49,203.0,2.2506,-0.0511,LOCK,0,normal
4559,5627257,2012,49389.0,-0.0624,-0.0312,-0.7605,0.76369,1002.84,1000.0,-2.84,50.49,203.0,2.2651,0.1687,LOCK,0,normal
4560,5627265,2020,49397.0,-0.078,0.1326,-0.7839,0.79885,1002.85,1000.0,-2.85,50.49,203.0,2.254,-0.0007,LOCK,0,normal
4561,5627274,2029,49406.0,-0.0819,0.234,-0.7683,0.80731,1002.86,1000.0,-2.86,50.49,203.0,2.2764,0.3399,LOCK,0,normal
4562,5627282,2037,49414.0,-0.1755,-0.1404,-0.7917,0.82298,1002.87,1000.0,-2.87,50.49,203.0,2.2727,0.2838,LOCK,0,normal
4563,5627301,2056,49433.0,0.0,-0.0546,-0.7917,0.79358,1002.88,1000.0,-2.88,50.49,203.0,2.2602,0.0945,LOCK,0,normal
4564,5627309,2064,49441.0,0.0,-0.0546,-0.7917,0.79358,1002.89,1000.0,-2.89,50.49,203.0,2.2653,0.1717,LOCK,0,normal
4565,5627318,2073,49450.0,0.0468,0.0234,-0.741,0.74285,1002.89,1000.0,-2.89,50.49,203.0,2.2562,0.0338,LOCK,0,normal
4566,5627326,2081,49458.0,-0.1248,0.1131,-0.8073,0.82468,1002.92,1000.0,-2.92,50.49,203.0,2.2578,0.0576,LOCK,0,normal
4567,5627335,2090,49467.0,-0.0117,0.1911,-0.6747,0.70134,1002.94,1000.0,-2.94,50.49,203.0,2.2765,0.3415,LOCK,0,normal
4568,5627343,2098,49475.0,-0.156,0.0,-0.9126,0.92584,1002.95,1000.0,-2.95,50.49,203.0,2.2783,0.3677,LOCK,0,normal
4569,5627352,2107,49484.0,-0.0897,-0.0234,-0.8112,0.81648,1002.97,1000.0,-2.97,50.49,203.0,2.265,0.1666,LOCK,0,normal
4570,5627360,2115,49492.0,-0.0897,-0.0234,-0.8112,0.81648,1002.98,1000.0,-2.98,50.49,203.0,2.2479,-0.0929,LOCK,0,normal
4571,5627379,2134,49511.0,-0.0741,-0.1404,-0.7566,0.77308,1003.0,1000.0,-3.0,50.49,203.0,2.276,0.3338,LOCK,0,normal
4572,5627387,2142,49519.0,0.0117,-0.0312,-0.7371,0.73785,1003.0,1000.0,-3.0,50.49,203.0,2.2705,0.2502,LOCK,0,normal
4573,5627396,2151,49528.0,-0.1404,0.1677,-0.6708,0.70556,1003.01,1000.0,-3.01,50.49,203.0,2.2473,-0.1015,LOCK,0,normal
4574,5627404,2159,49536.0,-0.234,-0.0234,-0.8346,0.8671,1003.01,1000.0,-3.01,50.49,203.0,2.2705,0.2505,LOCK,0,normal
4575,5627413,2168,49545.0,-0.0741,-0.0897,-0.9087,0.91612,1003.01,1000.0,-3.01,50.49,203.0,2.2458,-0.1243,LOCK,0,normal
4576,5627426,2181,49558.0,0.0624,0.1053,-0.8424,0.85125,1003.02,1000.0,-3.02,50.49,203.0,2.2797,0.3894,LOCK,0,normal
4577,5627441,2196,49573.0,-0.0702,-0.0195,-0.78,0.7834,1003.02,1000.0,-3.02,50.49,203.0,2.2777,0.3586,LOCK,0,normal
4578,5627449,2204,49581.0,-0.1287,0.0741,-0.8034,0.81701,1003.02,1000.0,-3.02,50.49,203.0,2.2614,0.1128,LOCK,0,normal
4579,5627458,2213,49590.0,0.0429,0.0468,-0.7215,0.72429,1003.02,1000.0,-3.02,50.49,203.0,2.2565,0.0374,LOCK,0,normal
4580,5627466,2221,49598.0,-0.1716,0.0351,-0.7995,0.81846,1003.02,1000.0,-3.02,50.49,203.0,2.2749,0.3161,LOCK,0,normal
4581,5627475,2230,49607.0,-0.1014,-0.1833,-0.7644,0.79258,1003.02,1000.0,-3.02,50.49,203.0,2.2603,0.0951,LOCK,0,normal
4582,5627484,2239,49616.0,-0.1014,-0.1833,-0.7644,0.79258,1003.02,1000.0,-3.02,50.49,203.0,2.2685,0.22,LOCK,0,normal
4583,5627492,2247,49624.0,-0.0039,0.0819,-0.8502,0.85414,1003.02,1000.0,-3.02,50.49,203.0,2.2777,0.3595,LOCK,0,normal
4584,5627501,2256,49633.0,-0.0507,0.1131,-0.7995,0.80905,1003.02,1000.0,-3.02,50.49,203.0,2.2511,-0.0435,LOCK,0,normal
4585,5627509,2264,49641.0,-0.0624,0.1599,-0.8424,0.85971,1003.02,1000.0,-3.02,50.49,203.0,2.2665,0.1898,LOCK,0,normal
4586,5627528,2283,49660.0,-0.1287,0.0741,-0.7332,0.74809,1003.02,1000.0,-3.02,50.49,203.0,2.2764,0.3399,LOCK,0,normal
4587,5627536,2291,49668.0,0.0078,-0.1365,-0.8268,0.83803,1003.02,1000.0,-3.02,50.49,203.0,2.2671,0.1992,LOCK,0,normal
4588,5627545,2300,49677.0,0.0078,-0.1365,-0.8268,0.83803,1003.03,1000.0,-3.03,50.49,203.0,2.2764,0.3396,LOCK,0,normal
4589,5627553,2308,49685.0,0.0234,0.0663,-0.7527,0.75598,1003.03,1000.0,-3.03,50.49,203.0,2.259,0.0756,LOCK,0,normal
4590,5627561,2316,49693.0,-0.0546,0.0078,-0.7683,0.77028,1003.03,1000.0,-3.03,50.49,203.0,2.2678,0.209,LOCK,0,normal
4591,5627570,2325,49702.0,-0.0741,0.2067,-0.7449,0.77659,1003.03,1000.0,-3.03,50.49,203.0,2.2697,0.238,LOCK,0,normal
4592,5627578,2333,49710.0,-0.1248,-0.0702,-0.8112,0.82374,1003.04,1000.0,-3.04,50.49,203.0,2.2491,-0.0746,LOCK,0,normal
4593,5627587,2342,49719.0,-0.1599,0.1092,-0.8229,0.84537,1003.04,1000.0,-3.04,50.49,203.0,2.2799,0.3927,LOCK,0,normal
4594,5627595,2350,49727.0,-0.1599,0.1092,-0.8229,0.84537,1003.05,1000.0,-3.05,50.49,203.0,2.2718,0.2691,LOCK,0,normal
4595,5627614,2369,49746.0,-0.0741,-0.1209,-0.7917,0.8043,1003.05,1000.0,-3.05,50.49,203.0,2.2522,-0.027,LOCK,0,normal
4596,5627627,2382,49759.0,-0.0195,0.039,-0.7566,0.75786,1003.06,1000.0,-3.06,50.49,203.0,2.2516,-0.037,LOCK,0,normal
4597,5627636,2391,49768.0,-0.078,0.234,-0.6864,0.72937,1003.06,1000.0,-3.06,50.49,203.0,2.2642,0.1547,LOCK,0,normal
4598,5627644,2399,49776.0,-0.2457,-0.1833,-0.6864,0.75174,1003.07,1000.0,-3.07,50.49,203.0,2.2778,0.3613,LOCK,0,normal
4599,5627653,2408,49785.0,-0.1404,0.0117,-0.7722,0.78495,1003.07,1000.0,-3.07,50.49,203.0,2.2641,0.1528,LOCK,0,normal
4600,5627661,2416,49793.0,-0.0195,0.0,-0.819,0.81923,1003.08,1000.0,-3.08,50.49,203.0,2.2591,0.0768,LOCK,0,normal
4601,5627670,2425,49802.0,0.0,-0.0312,-0.8385,0.83908,1003.08,1000.0,-3.08,50.49,203.0,2.2604,0.0964,LOCK,0,normal
4602,5627678,2433,49810.0,0.0,-0.0312,-0.8385,0.83908,1003.08,1000.0,-3.08,50.49,203.0,2.2613,0.1107,LOCK,0,normal
4603,5627689,2444,49821.0,-0.1131,0.0936,-0.8697,0.882,1003.09,1000.0,-3.09,50.49,203.0,2.2716,0.267,LOCK,0,normal
4604,5627698,2453,49830.0,0.0156,0.0741,-0.6708,0.67506,1003.1,1000.0,-3.1,50.49,203.0,2.2795,0.3866,LOCK,0,normal
4605,5627706,2461,49838.0,-0.1521,0.0156,-0.8931,0.90609,1003.1,1000.0,-3.1,50.49,203.0,2.2608,0.1025,LOCK,0,normal
4606,5627714,2469,49846.0,-0.0351,-0.0546,-0.7761,0.77881,1003.11,1000.0,-3.11,50.49,203.0,2.2557,0.0255,LOCK,0,normal
4607,5627723,2478,49855.0,0.0156,0.0663,-0.8541,0.85681,1003.11,1000.0,-3.11,50.49,203.0,2.2565,0.0377,LOCK,0,normal
4608,5627731,2486,49863.0,-0.0234,-0.078,-0.7761,0.78036,1003.12,1000.0,-3.12,50.49,203.0,2.2696,0.2371,LOCK,0,normal
4609,5627745,2500,49877.0,0.0078,-0.0741,-0.7995,0.80296,1003.1,1000.0,-3.1,50.49,203.0,2.2734,0.2945,LOCK,0,normal
4610,5627754,2509,49886.0,-0.1677,0.1326,-0.7449,0.77497,1003.09,1000.0,-3.09,50.49,203.0,2.2684,0.2175,LOCK,0,normal
4611,5627762,2517,49894.0,-0.1989,-0.0039,-0.7683,0.79364,1003.08,1000.0,-3.08,50.49,203.0,2.2652,0.1693,LOCK,0,normal
4612,5627771,2526,49903.0,-0.1989,-0.0039,-0.7683,0.79364,1003.07,1000.0,-3.07,50.49,203.0,2.2569,0.0432,LOCK,0,normal
4613,5627779,2534,49911.0,-0.0897,-0.0546,-0.7488,0.75613,1003.06,1000.0,-3.06,50.49,203.0,2.2599,0.089,LOCK,0,normal
4614,5627793,2548,49925.0,-0.0858,-0.0585,-0.7683,0.77529,1003.05,1000.0,-3.05,50.49,203.0,2.2777,0.3598,LOCK,0,normal
4615,5627801,2556,49933.0,-0.0858,-0.0585,-0.7683,0.77529,1003.05,1000.0,-3.05,50.49,203.0,2.2751,0.3192,LOCK,0,normal
4616,5627810,2565,49942.0,-0.0897,0.195,-0.8385,0.86554,1003.04,1000.0,-3.04,50.49,203.0,2.2594,0.0823,LOCK,0,normal
4617,5627818,2573,49950.0,0.0078,0.156,-0.7644,0.78019,1003.03,1000.0,-3.03,50.49,203.0,2.2647,0.1614,LOCK,0,normal
4618,5627832,2587,49964.0,-0.1599,0.0195,-0.8658,0.88066,1003.03,1000.0,-3.03,50.49,203.0,2.2692,0.2307,LOCK,0,normal
4619,5627847,2602,49979.0,-0.0585,0.0,-0.858,0.85999,1003.02,1000.0,-3.02,50.49,203.0,2.2784,0.3695,LOCK,0,normal
4620,5627856,2611,49988.0,-0.039,0.1326,-0.7956,0.80752,1003.02,1000.0,-3.02,50.49,203.0,2.2762,0.3357,LOCK,0,normal
4621,5627864,2619,49996.0,-0.0546,0.2028,-0.8775,0.90228,1003.01,1000.0,-3.01,50.49,203.0,2.2524,-0.0242,LOCK,0,normal
4622,5627872,2627,50004.0,-0.0546,0.2028,-0.8775,0.90228,1002.99,1000.0,-2.99,50.49,203.0,2.2662,0.1846,LOCK,0,normal
4623,5627881,2636,50013.0,-0.195,0.0234,-0.7683,0.79301,1002.99,1000.0,-2.99,50.49,203.0,2.2475,-0.0987,LOCK,0,normal
4624,5627890,2645,50022.0,-0.1443,0.117,-0.7917,0.8132,1002.98,1000.0,-2.98,50.49,203.0,2.2734,0.2932,LOCK,0,normal
4625,5627899,2654,50031.0,-0.039,-0.2262,-0.8502,0.88064,1002.97,1000.0,-2.97,50.49,203.0,2.2712,0.2612,LOCK,0,normal
4626,5627907,2662,50039.0,0.0663,0.0507,-0.7839,0.78833,1002.96,1000.0,-2.96,50.49,203.0,2.2543,0.0048,LOCK,0,normal
4627,5627915,2670,50047.0,-0.0546,0.0,-0.7722,0.77413,1002.96,1000.0,-2.96,50.49,203.0,2.2622,0.1247,LOCK,0,normal
4628,5627924,2679,50056.0,-0.0546,0.0,-0.7722,0.77413,1002.94,1000.0,-2.94,50.49,203.0,2.2483,-0.0859,LOCK,0,normal
4629,5627942,2697,50074.0,-0.1989,-0.1755,-0.6513,0.70324,1002.92,1000.0,-2.92,50.49,203.0,2.2634,0.1431,LOCK,0,normal
4630,5627951,2706,50083.0,-0.1638,0.0351,-0.7722,0.79016,1002.9,1000.0,-2.9,50.49,203.0,2.2798,0.3906,LOCK,0,normal
4631,5627959,2714,50091.0,-0.0312,0.0702,-0.7995,0.80318,1002.89,1000.0,-2.89,50.49,203.0,2.2582,0.0631,LOCK,0,normal
4632,5627968,2723,50100.0,-0.1053,-0.1131,-0.7956,0.81047,1002.87,1000.0,-2.87,50.49,203.0,2.2592,0.0789,LOCK,0,normal
4633,5627976,2731,50108.0,-0.1053,-0.1131,-0.7956,0.81047,1002.86,1000.0,-2.86,50.49,203.0,2.2725,0.2798,LOCK,0,normal
4634,5627985,2740,50117.0,0.0039,0.1053,-0.8112,0.81802,1002.85,1000.0,-2.85,50.49,203.0,2.2671,0.1989,LOCK,0,normal
4635,5627995,2750,50127.0,-0.078,0.2496,-0.7371,0.78211,1002.83,1000.0,-2.83,50.49,203.0,2.2778,0.3601,LOCK,0,normal
4636,5628004,2759,50136.0,-0.1638,-0.039,-0.7917,0.80941,1002.82,1000.0,-2.82,50.49,203.0,2.2815,0.4172,LOCK,0,normal
4637,5628012,2767,50144.0,-0.117,0.0351,-0.8502,0.85893,1002.81,1000.0,-2.81,50.49,203.0,2.2432,-0.1637,LOCK,0,normal
4638,5628021,2776,50153.0,-0.0234,0.0195,-0.8424,0.84295,1002.8,1000.0,-2.8,50.49,203.0,2.2557,0.0252,LOCK,0,normal
4639,5628034,2789,50166.0,0.0,-0.0585,-0.8541,0.8561,1002.79,1000.0,-2.79,50.49,203.0,2.2587,0.0707,LOCK,0,normal
4640,5628043,2798,50175.0,-0.1365,0.1521,-0.8697,0.89339,1002.78,1000.0,-2.78,50.49,203.0,2.265,0.1672,LOCK,0,normal
4641,5628051,2806,50183.0,0.0351,0.0468,-0.6864,0.68889,1002.76,1000.0,-2.76,50.49,203.0,2.2796,0.3879,LOCK,0,normal
4642,5628060,2815,50192.0,-0.1209,-0.0975,-0.8775,0.89114,1002.75,1000.0,-2.75,50.49,203.0,2.2771,0.35,LOCK,0,normal
4643,5628068,2823,50200.0,-0.1209,-0.0975,-0.8775,0.89114,1002.74,1000.0,-2.74,50.49,203.0,2.2496,-0.067,LOCK,0,normal
4644,5628077,2832,50209.0,0.0468,0.0078,-0.7254,0.72695,1002.73,1000.0,-2.73,50.49,203.0,2.2579,0.0594,LOCK,0,normal
4645,5628085,2840,50217.0,-0.0117,0.0351,-0.7917,0.79256,1002.72,1000.0,-2.72,50.49,203.0,2.2578,0.0573,LOCK,0,normal
4646,5628095,2850,50227.0,-0.0624,-0.0273,-0.7293,0.73247,1002.71,1000.0,-2.71,50.49,203.0,2.2763,0.3381,LOCK,0,normal
4647,5628104,2859,50236.0,0.0078,-0.0897,-0.8502,0.85495,1002.7,1000.0,-2.7,50.49,203.0,2.2758,0.3296,LOCK,0,normal
4648,5628112,2867,50244.0,-0.1521,0.1443,-0.7683,0.79639,1002.68,1000.0,-2.68,50.49,203.0,2.2608,0.1037,LOCK,0,normal
4649,5628120,2875,50252.0,-0.1521,0.1443,-0.7683,0.79639,1002.67,1000.0,-2.67,50.49,203.0,2.2641,0.1525,LOCK,0,normal
4650,5628129,2884,50261.0,-0.1404,0.039,-0.858,0.87029,1002.66,1000.0,-2.66,50.49,203.0,2.2791,0.3796,LOCK,0,normal
4651,5628137,2892,50269.0,-0.1248,-0.1092,-0.7605,0.77837,1002.65,1000.0,-2.65,50.49,203.0,2.2532,-0.0117,LOCK,0,normal
4652,5628156,2911,50288.0,-0.0273,-0.0897,-0.7761,0.78174,1002.64,1000.0,-2.64,50.49,203.0,2.271,0.2569,LOCK,0,normal
4653,5628164,2919,50296.0,-0.1131,0.2028,-0.8073,0.84003,1002.62,1000.0,-2.62,50.49,203.0,2.2612,0.1095,LOCK,0,normal
4654,5628173,2928,50305.0,0.0468,0.1677,-0.7371,0.75738,1002.61,1000.0,-2.61,50.49,203.0,2.2661,0.1827,LOCK,0,normal
4655,5628181,2936,50313.0,0.0468,0.1677,-0.7371,0.75738,1002.59,1000.0,-2.59,50.49,203.0,2.2596,0.0841,LOCK,0,normal
4656,5628190,2945,50322.0,-0.1443,-0.0156,-0.8151,0.82792,1002.58,1000.0,-2.58,50.49,203.0,2.2804,0.4004,LOCK,0,normal
4657,5628263,3018,50395.0,-0.1014,-0.1755,-0.8697,0.89301,1002.57,1000.0,-2.57,50.49,203.0,2.2765,0.3412,LOCK,0,normal
4658,5628272,3027,50404.0,0.0234,0.0273,-0.7995,0.80031,1002.56,1000.0,-2.56,50.49,203.0,2.2777,0.3592,LOCK,0,normal
4659,5628280,3035,50412.0,-0.0585,-0.0078,-0.7605,0.76279,1002.55,1000.0,-2.55,50.49,203.0,2.2755,0.3253,LOCK,0,normal
4660,5628289,3044,50421.0,-0.0234,0.0897,-0.6669,0.67331,1002.54,1000.0,-2.54,50.49,203.0,2.2749,0.3161,LOCK,0,normal
4661,5628297,3052,50429.0,-0.2379,-0.1872,-0.6708,0.73594,1002.53,1000.0,-2.53,50.49,203.0,2.2814,0.415,LOCK,0,normal
4662,5628306,3061,50438.0,-0.1287,0.0468,-0.7644,0.77657,1002.52,1000.0,-2.52,50.49,203.0,2.274,0.3027,LOCK,0,normal
4663,5628314,3069,50446.0,-0.1287,0.0468,-0.7644,0.77657,1002.5,1000.0,-2.5,50.49,203.0,2.2574,0.0518,LOCK,0,normal
4664,5628323,3078,50455.0,-0.0702,-0.0273,-0.7683,0.77198,1002.5,1000.0,-2.5,50.49,203.0,2.2581,0.0625,LOCK,0,normal
4665,5628341,3096,50473.0,-0.039,0.0897,-0.7488,0.75516,1002.48,1000.0,-2.48,50.49,203.0,2.2592,0.0786,LOCK,0,normal
4666,5628350,3105,50482.0,-0.1404,0.2652,-0.7059,0.76703,1002.47,1000.0,-2.47,50.49,203.0,2.2728,0.285,LOCK,0,normal
4667,5628358,3113,50490.0,-0.1443,-0.1326,-0.6864,0.71383,1002.47,1000.0,-2.47,50.49,203.0,2.272,0.2734,LOCK,0,normal
4668,5628367,3122,50499.0,-0.1443,-0.1326,-0.6864,0.71383,1002.46,1000.0,-2.46,50.49,203.0,2.2384,-0.2367,LOCK,0,normal
4669,5628376,3131,50508.0,-0.0936,0.117,-0.8736,0.88636,1002.45,1000.0,-2.45,50.49,203.0,2.2827,0.4349,LOCK,0,normal
4670,5628385,3140,50517.0,0.0,0.0312,-0.819,0.81959,1002.44,1000.0,-2.44,50.49,203.0,2.2702,0.245,LOCK,0,normal
4671,5628393,3148,50525.0,-0.0156,-0.0507,-0.8385,0.84018,1002.44,1000.0,-2.44,50.49,203.0,2.2779,0.3616,LOCK,0,normal
4672,5628402,3157,50534.0,-0.0663,0.1287,-0.8502,0.86244,1002.43,1000.0,-2.43,50.49,203.0,2.2723,0.2777,LOCK,0,normal
4673,5628410,3165,50542.0,-0.0546,0.0468,-0.7176,0.72119,1002.42,1000.0,-2.42,50.49,203.0,2.2719,0.2709,LOCK,0,normal
4674,5628418,3173,50550.0,-0.1638,-0.1326,-0.8892,0.91383,1002.41,1000.0,-2.41,50.49,203.0,2.2472,-0.1024,LOCK,0,normal
4675,5628437,3192,50569.0,-0.0351,0.0429,-0.7215,0.72363,1002.4,1000.0,-2.4,50.49,203.0,2.2478,-0.0938,LOCK,0,normal
4676,5628445,3200,50577.0,-0.0468,0.078,-0.8073,0.81241,1002.4,1000.0,-2.4,50.49,203.0,2.2558,0.0277,LOCK,0,normal
4677,5628454,3209,50586.0,-0.0975,0.0078,-0.7449,0.75129,1002.39,1000.0,-2.39,50.49,203.0,2.263,0.1357,LOCK,0,normal
4678,5628467,3222,50599.0,0.0468,-0.0624,-0.8268,0.83047,1002.38,1000.0,-2.38,50.49,203.0,2.2727,0.2832,LOCK,0,normal
4679,5628476,3231,50608.0,-0.1677,0.1677,-0.7761,0.81153,1002.37,1000.0,-2.37,50.49,203.0,2.2585,0.068,LOCK,0,normal
4680,5628484,3239,50616.0,-0.1911,0.0195,-0.8307,0.85262,1002.36,1000.0,-2.36,50.49,203.0,2.2619,0.1192,LOCK,0,normal
4681,5628493,3248,50625.0,-0.0312,-0.156,-0.8151,0.83048,1002.36,1000.0,-2.36,50.49,203.0,2.2492,-0.0725,LOCK,0,normal
4682,5628501,3256,50633.0,0.0468,0.1209,-0.8229,0.83305,1002.35,1000.0,-2.35,50.49,203.0,2.2556,0.024,LOCK,0,normal
4683,5628561,3316,50693.0,-0.0936,-0.1092,-0.7956,0.8085,1002.34,1000.0,-2.34,50.49,203.0,2.28,0.394,LOCK,0,normal
4684,5628570,3325,50702.0,-0.0273,-0.0546,-0.8073,0.8096,1002.34,1000.0,-2.34,50.49,203.0,2.2742,0.3067,LOCK,0,normal
4685,5628578,3333,50710.0,0.0078,0.1209,-0.7644,0.77394,1002.33,1000.0,-2.33,50.49,203.0,2.2613,0.1113,LOCK,0,normal
4686,5628587,3342,50719.0,-0.0897,0.1365,-0.819,0.83513,1002.32,1000.0,-2.32,50.49,203.0,2.2457,-0.1265,LOCK,0,normal
4687,5628595,3350,50727.0,-0.1794,0.0312,-0.7293,0.75169,1002.32,1000.0,-2.32,50.49,203.0,2.2588,0.0722,LOCK,0,normal
4688,5628604,3359,50736.0,-0.1755,0.117,-0.8073,0.8344,1002.31,1000.0,-2.31,50.49,203.0,2.2703,0.2471,LOCK,0,normal
4689,5628612,3367,50744.0,-0.1755,0.117,-0.8073,0.8344,1002.31,1000.0,-2.31,50.49,203.0,2.2712,0.2606,LOCK,0,normal
4690,5628621,3376,50753.0,-0.0312,-0.1638,-0.8073,0.82434,1002.31,1000.0,-2.31,50.49,203.0,2.2666,0.1907,LOCK,0,normal
4691,5628639,3394,50771.0,-0.1053,0.0117,-0.7644,0.77171,1002.3,1000.0,-2.3,50.49,203.0,2.2741,0.3045,LOCK,0,normal
4692,5628648,3403,50780.0,0.0312,0.0897,-0.7137,0.71999,1002.3,1000.0,-2.3,50.49,203.0,2.2504,-0.0548,LOCK,0,normal
4693,5628656,3411,50788.0,-0.273,-0.1014,-0.6903,0.74922,1002.29,1000.0,-2.29,50.49,203.0,2.2673,0.2011,LOCK,0,normal
4694,5628671,3426,50803.0,-0.1326,0.1755,-0.8151,0.84426,1002.29,1000.0,-2.29,50.49,203.0,2.2807,0.4043,LOCK,0,normal
4695,5628679,3434,50811.0,-0.0234,0.0078,-0.8307,0.83107,1002.28,1000.0,-2.28,50.49,203.0,2.2433,-0.1616,LOCK,0,normal
4696,5628688,3443,50820.0,-0.0312,-0.0819,-0.7722,0.77716,1002.28,1000.0,-2.28,50.49,203.0,2.2712,0.2606,LOCK,0,normal
4697,5628696,3451,50828.0,-0.0078,0.0078,-0.7566,0.75668,1002.28,1000.0,-2.28,50.49,203.0,2.2465,-0.1134,LOCK,0,normal
4698,5628705,3460,50837.0,-0.0078,0.0078,-0.7566,0.75668,1002.27,1000.0,-2.27,50.49,203.0,2.2599,0.0899,LOCK,0,normal
4699,5628714,3469,50846.0,-0.078,0.2028,-0.6981,0.73113,1002.26,1000.0,-2.26,50.49,203.0,2.2779,0.3622,LOCK,0,normal
4700,5628722,3477,50854.0,-0.2067,-0.1599,-0.6708,0.71991,1002.26,1000.0,-2.26,50.49,203.0,2.2724,0.2789,LOCK,0,normal
4701,5628731,3486,50863.0,-0.0858,0.0585,-0.8658,0.87201,1002.25,1000.0,-2.25,50.49,203.0,2.2622,0.1244,LOCK,0,normal
4702,5628739,3494,50871.0,0.0546,0.1443,-0.8151,0.82957,1002.25,1000.0,-2.25,50.49,203.0,2.2485,-0.0838,LOCK,0,normal
4703,5628758,3513,50890.0,-0.0546,0.1326,-0.8853,0.89684,1002.24,1000.0,-2.24,50.49,203.0,2.2778,0.3607,LOCK,0,normal
4704,5628766,3521,50898.0,-0.0546,0.1326,-0.8853,0.89684,1002.23,1000.0,-2.23,50.49,203.0,2.2435,-0.1598,LOCK,0,normal
4705,5628775,3530,50907.0,-0.0546,0.0741,-0.7137,0.71961,1002.22,1000.0,-2.22,50.49,203.0,2.2618,0.118,LOCK,0,normal
4706,5628783,3538,50915.0,-0.1404,-0.1131,-0.8775,0.89583,1002.21,1000.0,-2.21,50.49,203.0,2.2639,0.1504,LOCK,0,normal
4707,5628792,3547,50924.0,-0.0624,-0.0195,-0.6747,0.67786,1002.2,1000.0,-2.2,50.49,203.0,2.2582,0.064,LOCK,0,normal
4708,5628814,3569,50946.0,-0.0702,0.0585,-0.8073,0.81246,1002.2,1000.0,-2.2,50.49,203.0,2.2793,0.3839,LOCK,0,normal
4709,5628823,3578,50955.0,0.0546,0.0,-0.8385,0.84028,1002.18,1000.0,-2.18,50.49,203.0,2.2769,0.3473,LOCK,0,normal
4710,5628831,3586,50963.0,-0.1482,0.2184,-0.7449,0.79028,1002.17,1000.0,-2.17,50.49,203.0,2.2563,0.0347,LOCK,0,normal
4711,5628839,3594,50971.0,-0.1677,0.1599,-0.8346,0.86617,1002.16,1000.0,-2.16,50.49,203.0,2.252,-0.0306,LOCK,0,normal
4712,5628848,3603,50980.0,-0.1677,0.1599,-0.8346,0.86617,1002.15,1000.0,-2.15,50.49,203.0,2.2507,-0.0499,LOCK,0,normal
4713,5628856,3611,50988.0,-0.0663,-0.1989,-0.819,0.84541,1002.14,1000.0,-2.14,50.49,203.0,2.2584,0.0673,LOCK,0,normal
4714,5628878,3633,51010.0,-0.0429,-0.0195,-0.7137,0.71525,1002.14,1000.0,-2.14,50.49,203.0,2.2712,0.2606,LOCK,0,normal
4715,5628887,3642,51019.0,-0.0897,0.234,-0.7488,0.78962,1002.13,1000.0,-2.13,50.49,203.0,2.2672,0.2004,LOCK,0,normal
4716,5628895,3650,51027.0,-0.1209,0.1716,-0.7371,0.76641,1002.12,1000.0,-2.12,50.49,203.0,2.2624,0.1278,LOCK,0,normal
4717,5628903,3658,51035.0,-0.1443,-0.0546,-0.7995,0.81425,1002.11,1000.0,-2.11,50.49,203.0,2.2581,0.0622,LOCK,0,normal
4718,5628912,3667,51044.0,-0.0975,-0.0936,-0.7956,0.807,1002.1,1000.0,-2.1,50.49,203.0,2.2607,0.1009,LOCK,0,normal
4719,5628929,3684,51061.0,-0.0858,-0.0507,-0.8268,0.83278,1002.1,1000.0,-2.1,50.49,203.0,2.2571,0.0469,LOCK,0,normal
4720,5628937,3692,51069.0,-0.0078,0.0936,-0.7683,0.77402,1002.09,1000.0,-2.09,50.49,203.0,2.2641,0.1531,LOCK,0,normal
4721,5628946,3701,51078.0,-0.0897,0.1638,-0.8463,0.86666,1002.07,1000.0,-2.07,50.49,203.0,2.2604,0.0967,LOCK,0,normal
4722,5628954,3709,51086.0,-0.1755,0.1131,-0.741,0.76985,1002.06,1000.0,-2.06,50.49,203.0,2.2529,-0.0166,LOCK,0,normal
4723,5628975,3730,51107.0,-0.0663,-0.0975,-0.8424,0.85061,1002.04,1000.0,-2.04,50.49,203.0,2.2832,0.4428,LOCK,0,normal
4724,5628983,3738,51115.0,-0.0039,-0.0468,-0.819,0.82035,1002.03,1000.0,-2.03,50.49,203.0,2.2457,-0.1265,LOCK,0,normal
4725,5628992,3747,51124.0,-0.0039,-0.0468,-0.819,0.82035,1002.02,1000.0,-2.02,50.49,203.0,2.2626,0.1302,LOCK,0,normal
4726,5629000,3755,51132.0,-0.0546,-0.0234,-0.7527,0.75504,1002.0,1000.0,-2.0,50.49,203.0,2.2611,0.1076,LOCK,0,normal
4727,5629009,3764,51141.0,0.0585,0.039,-0.6591,0.66284,1001.99,1000.0,-1.99,50.49,203.0,2.2644,0.1571,LOCK,0,normal
4728,5629080,3835,51212.0,-0.1482,-0.1092,-0.7488,0.7711,1001.96,1000.0,-1.96,50.49,203.0,2.2674,0.2029,LOCK,0,normal
4729,5629088,3843,51220.0,-0.0663,0.0156,-0.7878,0.79074,1001.93,1000.0,-1.93,50.49,203.0,2.2413,-0.1921,LOCK,0,normal
4730,5629097,3852,51229.0,0.0507,0.1053,-0.7488,0.75787,1001.9,1000.0,-1.9,50.49,203.0,2.2609,0.104,LOCK,0,normal
4731,5629105,3860,51237.0,0.0507,0.1053,-0.7488,0.75787,1001.88,1000.0,-1.88,50.49,203.0,2.2554,0.0206,LOCK,0,normal
4732,5629113,3868,51245.0,-0.0078,-0.0819,-0.78,0.78433,1001.85,1000.0,-1.85,50.49,203.0,2.2699,0.2407,LOCK,0,normal
4733,5629128,3883,51260.0,-0.117,0.1131,-0.702,0.72061,1001.84,1000.0,-1.84,50.49,203.0,2.2839,0.4526,LOCK,0,normal
4734,5629136,3891,51268.0,-0.1287,-0.1404,-0.8892,0.90937,1001.84,1000.0,-1.84,50.49,203.0,2.2495,-0.0676,LOCK,0,normal
4735,5629145,3900,51277.0,-0.1287,-0.1404,-0.8892,0.90937,1001.83,1000.0,-1.83,50.49,203.0,2.2785,0.3714,LOCK,0,normal
4736,5629153,3908,51285.0,-0.0351,0.0312,-0.7878,0.7892,1001.82,1000.0,-1.82,50.49,203.0,2.256,0.0307,LOCK,0,normal
4737,5629162,3917,51294.0,-0.0702,0.0741,-0.8385,0.84469,1001.82,1000.0,-1.82,50.49,203.0,2.2815,0.4159,LOCK,0,normal
4738,5629224,3979,51356.0,0.0078,0.0936,-0.7878,0.79338,1001.79,1000.0,-1.79,50.49,203.0,2.2764,0.3399,LOCK,0,normal
4739,5629232,3987,51364.0,-0.0507,0.0312,-0.7527,0.75505,1001.77,1000.0,-1.77,50.49,203.0,2.2807,0.4043,LOCK,0,normal
4740,5629241,3996,51373.0,-0.0585,0.2262,-0.8229,0.85543,1001.77,1000.0,-1.77,50.49,203.0,2.2585,0.0683,LOCK,0,normal
4741,5629249,4004,51381.0,-0.0702,0.2184,-0.7839,0.81678,1001.76,1000.0,-1.76,50.49,203.0,2.2615,0.1137,LOCK,0,normal
4742,5629258,4013,51390.0,-0.0702,0.2184,-0.7839,0.81678,1001.76,1000.0,-1.76,50.49,203.0,2.2569,0.0445,LOCK,0,normal
4743,5629287,4042,51419.0,-0.0624,-0.1092,-0.8073,0.81704,1001.75,1000.0,-1.75,50.49,203.0,2.2769,0.3467,LOCK,0,normal
4744,5629295,4050,51427.0,0.0078,0.0039,-0.702,0.70205,1001.75,1000.0,-1.75,50.49,203.0,2.2642,0.1543,LOCK,0,normal
4745,5629304,4059,51436.0,-0.078,0.078,-0.7449,0.75302,1001.74,1000.0,-1.74,50.49,203.0,2.2501,-0.0587,LOCK,0,normal
4746,5629312,4067,51444.0,-0.1326,0.1131,-0.6474,0.67045,1001.73,1000.0,-1.73,50.49,203.0,2.2678,0.209,LOCK,0,normal
4747,5629321,4076,51453.0,-0.1326,0.1131,-0.6474,0.67045,1001.73,1000.0,-1.73,50.49,203.0,2.269,0.2276,LOCK,0,normal
4748,5629329,4084,51461.0,-0.2418,0.0702,-0.7683,0.8085,1001.72,1000.0,-1.72,50.49,203.0,2.2711,0.2594,LOCK,0,normal
4749,5629338,4093,51470.0,-0.1014,-0.0312,-0.7566,0.764,1001.72,1000.0,-1.72,50.49,203.0,2.2607,0.1012,LOCK,0,normal
4750,5629346,4101,51478.0,-0.039,-0.0351,-0.8346,0.83625,1001.71,1000.0,-1.71,50.49,203.0,2.2489,-0.0776,LOCK,0,normal
4751,5629365,4120,51497.0,0.0936,0.0936,-0.741,0.75273,1001.71,1000.0,-1.71,50.49,203.0,2.2529,-0.016,LOCK,0,normal
4752,5629373,4128,51505.0,-0.1521,0.0429,-0.7488,0.76529,1001.7,1000.0,-1.7,50.49,203.0,2.2695,0.2352,LOCK,0,normal
4753,5629382,4137,51514.0,-0.1521,0.0429,-0.7488,0.76529,1001.7,1000.0,-1.7,50.49,203.0,2.2741,0.3039,LOCK,0,normal
4754,5629391,4146,51523.0,-0.1599,0.2652,-0.8073,0.86466,1001.69,1000.0,-1.69,50.49,203.0,2.2711,0.259,LOCK,0,normal
4755,5629399,4154,51531.0,-0.0351,0.0117,-0.8619,0.86269,1001.69,1000.0,-1.69,50.49,203.0,2.2583,0.0649,LOCK,0,normal
4756,5629408,4163,51540.0,-0.0078,-0.0039,-0.8073,0.80735,1001.69,1000.0,-1.69,50.49,203.0,2.2483,-0.0862,LOCK,0,normal
4757,5629416,4171,51548.0,-0.0039,-0.1131,-0.7917,0.79975,1001.68,1000.0,-1.68,50.49,203.0,2.2728,0.2853,LOCK,0,normal
4758,5629425,4180,51557.0,-0.0897,0.1404,-0.7566,0.77473,1001.68,1000.0,-1.68,50.49,203.0,2.2719,0.2719,LOCK,0,normal
4759,5629433,4188,51565.0,-0.0897,0.1404,-0.7566,0.77473,1001.67,1000.0,-1.67,50.49,203.0,2.2786,0.3726,LOCK,0,normal
4760,5629441,4196,51573.0,-0.0897,-0.0351,-0.78,0.78592,1001.67,1000.0,-1.67,50.49,203.0,2.2792,0.3811,LOCK,0,normal
4761,5629460,4215,51592.0,-0.0195,0.156,-0.7137,0.73081,1001.67,1000.0,-1.67,50.49,203.0,2.2492,-0.0731,LOCK,0,normal
4762,5629469,4224,51601.0,-0.0429,-0.078,-0.78,0.78506,1001.66,1000.0,-1.66,50.49,203.0,2.2402,-0.2089,LOCK,0,normal
4763,5629477,4232,51609.0,-0.0507,0.1404,-0.8892,0.90164,1001.66,1000.0,-1.66,50.49,203.0,2.2755,0.3253,LOCK,0,normal
4764,5629491,4246,51623.0,-0.0741,0.1911,-0.7644,0.7914,1001.65,1000.0,-1.65,50.49,203.0,2.2771,0.3506,LOCK,0,normal
4765,5629500,4255,51632.0,-0.0858,-0.0819,-0.9204,0.92801,1001.65,1000.0,-1.65,50.49,203.0,2.2727,0.2838,LOCK,0,normal
4766,5629508,4263,51640.0,-0.0546,0.1014,-0.8073,0.81547,1001.64,1000.0,-1.64,50.49,203.0,2.274,0.3036,LOCK,0,normal
4767,5629517,4272,51649.0,-0.0741,0.0312,-0.7722,0.77637,1001.64,1000.0,-1.64,50.49,203.0,2.2763,0.3384,LOCK,0,normal
4768,5629525,4280,51657.0,-0.0741,0.0312,-0.7722,0.77637,1001.64,1000.0,-1.64,50.49,203.0,2.2773,0.3531,LOCK,0,normal
4769,5629534,4289,51666.0,0.0078,0.1482,-0.78,0.79399,1001.63,1000.0,-1.63,50.49,203.0,2.2753,0.3228,LOCK,0,normal
4770,5629542,4297,51674.0,-0.039,0.0897,-0.8541,0.85968,1001.63,1000.0,-1.63,50.49,203.0,2.2662,0.1852,LOCK,0,normal
4771,5629550,4305,51682.0,-0.1131,0.3042,-0.7371,0.80539,1001.63,1000.0,-1.63,50.49,203.0,2.2759,0.332,LOCK,0,normal
4772,5629559,4314,51691.0,-0.1365,-0.0078,-0.8424,0.85342,1001.63,1000.0,-1.63,50.49,203.0,2.2683,0.2163,LOCK,0,normal
4773,5629577,4332,51709.0,-0.117,-0.2106,-0.7956,0.83128,1001.63,1000.0,-1.63,50.49,203.0,2.2659,0.1806,LOCK,0,normal
4774,5629589,4344,51721.0,-0.0468,-0.0039,-0.7098,0.71135,1001.63,1000.0,-1.63,50.49,203.0,2.2812,0.4126,LOCK,0,normal
4775,5629597,4352,51729.0,-0.0468,-0.0039,-0.7098,0.71135,1001.63,1000.0,-1.63,50.49,203.0,2.2785,0.3714,LOCK,0,normal
4776,5629606,4361,51738.0,-0.0351,0.0507,-0.7254,0.72802,1001.62,1000.0,-1.62,50.49,203.0,2.2751,0.3204,LOCK,0,normal
4777,5629614,4369,51746.0,-0.1287,0.156,-0.7566,0.78316,1001.62,1000.0,-1.62,50.49,203.0,2.276,0.3338,LOCK,0,normal
4778,5629623,4378,51755.0,-0.1989,-0.0039,-0.8385,0.86178,1001.61,1000.0,-1.61,50.49,203.0,2.2782,0.3671,LOCK,0,normal
4779,5629631,4386,51763.0,-0.039,-0.1092,-0.8853,0.89286,1001.61,1000.0,-1.61,50.49,203.0,2.2602,0.0942,LOCK,0,normal
4780,5629640,4395,51772.0,0.0078,-0.0624,-0.8346,0.83697,1001.61,1000.0,-1.61,50.49,203.0,2.2748,0.3152,LOCK,0,normal
4781,5629648,4403,51780.0,0.0078,-0.0624,-0.8346,0.83697,1001.61,1000.0,-1.61,50.49,203.0,2.2693,0.2313,LOCK,0,normal
4782,5629667,4422,51799.0,-0.1014,0.1482,-0.7878,0.80801,1001.6,1000.0,-1.6,50.49,203.0,2.2553,0.0194,LOCK,0,normal
4783,5629701,4456,51833.0,-0.0156,-0.0156,-0.8229,0.8232,1001.6,1000.0,-1.6,50.49,203.0,2.2739,0.3015,LOCK,0,normal
4784,5629710,4465,51842.0,-0.0156,-0.0156,-0.8229,0.8232,1001.6,1000.0,-1.6,50.49,203.0,2.2531,-0.0135,LOCK,0,normal
4785,5629718,4473,51850.0,-0.0507,0.0195,-0.7527,0.75466,1001.59,1000.0,-1.59,50.49,203.0,2.269,0.2279,LOCK,0,normal
4786,5629727,4482,51859.0,0.0,0.0741,-0.6864,0.69039,1001.56,1000.0,-1.56,50.49,203.0,2.2574,0.0509,LOCK,0,normal
4787,5629735,4490,51867.0,-0.1872,-0.039,-0.7449,0.76905,1001.54,1000.0,-1.54,50.49,203.0,2.269,0.227,LOCK,0,normal
4788,5629743,4498,51875.0,-0.1794,0.2964,-0.7449,0.82153,1001.51,1000.0,-1.51,50.49,203.0,2.2704,0.249,LOCK,0,normal
4789,5629752,4507,51884.0,-0.1794,0.2964,-0.7449,0.82153,1001.49,1000.0,-1.49,50.49,203.0,2.2409,-0.1982,LOCK,0,normal
4790,5629770,4525,51902.0,0.0117,0.0273,-0.8034,0.80395,1001.47,1000.0,-1.47,50.49,203.0,2.2652,0.1699,LOCK,0,normal
4791,5629779,4534,51911.0,-0.039,-0.0663,-0.819,0.8226,1001.48,1000.0,-1.48,50.49,203.0,2.2759,0.3317,LOCK,0,normal
4792,5629787,4542,51919.0,-0.1053,0.1326,-0.7449,0.7639,1001.48,1000.0,-1.48,50.49,203.0,2.2687,0.223,LOCK,0,normal
4793,5629796,4551,51928.0,-0.0663,-0.0702,-0.7956,0.80144,1001.48,1000.0,-1.48,50.49,203.0,2.2684,0.2184,LOCK,0,normal
4794,5629804,4559,51936.0,-0.117,0.0156,-0.7761,0.78502,1001.49,1000.0,-1.49,50.49,203.0,2.2747,0.314,LOCK,0,normal
4795,5629813,4568,51945.0,-0.117,0.0156,-0.7761,0.78502,1001.49,1000.0,-1.49,50.49,203.0,2.2755,0.3265,LOCK,0,normal
4796,5629821,4576,51953.0,-0.0663,0.0546,-0.7215,0.72659,1001.49,1000.0,-1.49,50.49,203.0,2.2696,0.2368,LOCK,0,normal
4797,5629830,4585,51962.0,-0.078,-0.0624,-0.7332,0.73997,1001.5,1000.0,-1.5,50.49,203.0,2.2675,0.205,LOCK,0,normal
4798,5629838,4593,51970.0,-0.0741,0.1404,-0.8541,0.86873,1001.48,1000.0,-1.48,50.49,203.0,2.2797,0.3891,LOCK,0,normal
4799,5629857,4612,51989.0,-0.1014,-0.2184,-0.8346,0.86864,1001.47,1000.0,-1.47,50.49,203.0,2.2581,0.0619,LOCK,0,normal
4800,5629866,4621,51998.0,-0.0819,0.0312,-0.7878,0.79266,1001.46,1000.0,-1.46,50.49,203.0,2.2559,0.0289,LOCK,0,normal
4801,5629874,4629,52006.0,-0.0819,0.0312,-0.7878,0.79266,1001.45,1000.0,-1.45,50.49,203.0,2.2503,-0.0554,LOCK,0,normal
4802,5629882,4637,52014.0,-0.0702,-0.0546,-0.7917,0.79668,1001.44,1000.0,-1.44,50.49,203.0,2.2697,0.2377,LOCK,0,normal
4803,5629895,4650,52027.0,0.0195,0.0858,-0.7449,0.75008,1001.43,1000.0,-1.43,50.49,203.0,2.2727,0.2829,LOCK,0,normal
4804,5629909,4664,52041.0,-0.0429,0.2223,-0.702,0.73761,1001.43,1000.0,-1.43,50.49,203.0,2.2767,0.3439,LOCK,0,normal
4805,5629917,4672,52049.0,-0.1443,-0.0468,-0.8463,0.85979,1001.43,1000.0,-1.43,50.49,203.0,2.2718,0.27,LOCK,0,normal
4806,5629926,4681,52058.0,-0.1443,-0.0468,-0.8463,0.85979,1001.43,1000.0,-1.43,50.49,203.0,2.2681,0.2133,LOCK,0,normal
4807,5629934,4689,52066.0,-0.0702,-0.117,-0.7527,0.76497,1001.43,1000.0,-1.43,50.49,203.0,2.2761,0.3344,LOCK,0,normal
4808,5629943,4698,52075.0,0.0351,-0.0117,-0.78,0.78088,1001.43,1000.0,-1.43,50.49,203.0,2.2751,0.3201,LOCK,0,normal
4809,5629951,4706,52083.0,-0.0936,-0.0312,-0.7059,0.71276,1001.42,1000.0,-1.42,50.49,203.0,2.2755,0.3265,LOCK,0,normal
4810,5629960,4715,52092.0,0.0351,-0.0117,-0.7449,0.74582,1001.41,1000.0,-1.41,50.49,203.0,2.254,-0.0004,LOCK,0,normal
4811,5629968,4723,52100.0,-0.1638,0.2379,-0.7332,0.78804,1001.4,1000.0,-1.4,50.49,203.0,2.2643,0.1562,LOCK,0,normal
4812,5629987,4742,52119.0,-0.2379,0.0,-0.8541,0.88661,1001.39,1000.0,-1.39,50.49,203.0,2.2776,0.3579,LOCK,0,normal
4813,5629995,4750,52127.0,-0.0624,-0.1443,-0.8814,0.89531,1001.38,1000.0,-1.38,50.49,203.0,2.2731,0.2899,LOCK,0,normal
4814,5630004,4759,52136.0,0.0429,0.0546,-0.8775,0.88024,1001.37,1000.0,-1.37,50.49,203.0,2.2795,0.3863,LOCK,0,normal
4815,5630012,4767,52144.0,-0.0234,-0.0195,-0.7566,0.75721,1001.36,1000.0,-1.36,50.49,203.0,2.2601,0.0918,LOCK,0,normal
4816,5630021,4776,52153.0,-0.156,0.1404,-0.7917,0.81905,1001.35,1000.0,-1.35,50.49,203.0,2.2578,0.0582,LOCK,0,normal
4817,5630029,4784,52161.0,-0.0312,0.0624,-0.6669,0.67054,1001.34,1000.0,-1.34,50.49,203.0,2.2692,0.2301,LOCK,0,normal
4818,5630038,4793,52170.0,-0.0312,0.0624,-0.6669,0.67054,1001.33,1000.0,-1.33,50.49,203.0,2.2656,0.1763,LOCK,0,normal
4819,5630046,4801,52178.0,-0.1404,0.078,-0.8385,0.85374,1001.32,1000.0,-1.32,50.49,203.0,2.2726,0.2825,LOCK,0,normal
4820,5630055,4810,52187.0,-0.1014,-0.0546,-0.7449,0.75375,1001.31,1000.0,-1.31,50.49,203.0,2.2682,0.2145,LOCK,0,normal
4821,5630073,4828,52205.0,-0.0273,-0.0351,-0.8151,0.81631,1001.3,1000.0,-1.3,50.49,203.0,2.2624,0.1272,LOCK,0,normal
4822,5630082,4837,52214.0,-0.0507,0.0156,-0.7722,0.77402,1001.3,1000.0,-1.3,50.49,203.0,2.2666,0.1907,LOCK,0,normal
4823,5630090,4845,52222.0,-0.0507,0.0156,-0.7722,0.77402,1001.29,1000.0,-1.29,50.49,203.0,2.2739,0.3021,LOCK,0,normal
4824,5630099,4854,52231.0,-0.2223,-0.0702,-0.8034,0.83654,1001.29,1000.0,-1.29,50.49,203.0,2.2721,0.2746,LOCK,0,normal
4825,5630113,4868,52245.0,-0.0195,-0.0195,-0.8775,0.87793,1001.28,1000.0,-1.28,50.49,203.0,2.2761,0.3354,LOCK,0,normal
4826,5630121,4876,52253.0,-0.0195,-0.0195,-0.8775,0.87793,1001.28,1000.0,-1.28,50.49,203.0,2.2757,0.3293,LOCK,0,normal
4827,5630130,4885,52262.0,0.0312,0.0351,-0.7917,0.79309,1001.27,1000.0,-1.27,50.49,203.0,2.274,0.3027,LOCK,0,normal
4828,5630138,4893,52270.0,-0.0312,-0.0897,-0.819,0.82449,1001.27,1000.0,-1.27,50.49,203.0,2.2634,0.1427,LOCK,0,normal
4829,5630146,4901,52278.0,-0.0624,0.1404,-0.7332,0.74912,1001.27,1000.0,-1.27,50.49,203.0,2.244,-0.1518,LOCK,0,normal
4830,5630155,4910,52287.0,-0.1092,-0.1677,-0.6981,0.72622,1001.27,1000.0,-1.27,50.49,203.0,2.281,0.4089,LOCK,0,normal
4831,5630194,4949,52326.0,-0.1053,0.156,-0.8307,0.85175,1001.26,1000.0,-1.26,50.49,203.0,2.266,0.1818,LOCK,0,normal
4832,5630203,4958,52335.0,-0.1053,0.156,-0.8307,0.85175,1001.27,1000.0,-1.27,50.49,203.0,2.2695,0.2355,LOCK,0,normal
4833,5630211,4966,52343.0,-0.0429,0.2886,-0.7527,0.80727,1001.27,1000.0,-1.27,50.49,203.0,2.2776,0.3579,LOCK,0,normal
4834,5630220,4975,52352.0,-0.156,-0.2184,-0.7761,0.8212,1001.28,1000.0,-1.28,50.49,203.0,2.2565,0.038,LOCK,0,normal
4835,5630228,4983,52360.0,-0.0897,-0.0156,-0.7644,0.7698,1001.28,1000.0,-1.28,50.49,203.0,2.2603,0.0951,LOCK,0,normal
4836,5630237,4992,52369.0,-0.0468,-0.117,-0.7644,0.77472,1001.28,1000.0,-1.28,50.49,203.0,2.2591,0.0771,LOCK,0,normal
4837,5630245,5000,52377.0,-0.0117,0.0546,-0.7956,0.79756,1001.29,1000.0,-1.29,50.49,203.0,2.2784,0.3699,LOCK,0,normal
4838,5630254,5009,52386.0,-0.0117,0.0546,-0.7956,0.79756,1001.29,1000.0,-1.29,50.49,203.0,2.2713,0.2621,LOCK,0,normal
4839,5630262,5017,52394.0,-0.1833,0.1482,-0.8463,0.87851,1001.29,1000.0,-1.29,50.49,203.0,2.2461,-0.1195,LOCK,0,normal
4840,5630281,5036,52413.0,-0.1248,0.0,-0.8775,0.88633,1001.29,1000.0,-1.29,50.49,203.0,2.2624,0.1269,LOCK,0,normal
4841,5630290,5045,52422.0,-0.0741,0.0273,-0.8268,0.83056,1001.29,1000.0,-1.29,50.49,203.0,2.2681,0.2142,LOCK,0,normal
4842,5630298,5053,52430.0,0.0624,0.0741,-0.8424,0.84795,1001.29,1000.0,-1.29,50.49,203.0,2.2706,0.2511,LOCK,0,normal
4843,5630306,5061,52438.0,-0.0858,-0.0663,-0.7683,0.77591,1001.29,1000.0,-1.29,50.49,203.0,2.2757,0.3289,LOCK,0,normal
4844,5630320,5075,52452.0,0.0507,-0.0702,-0.7566,0.76154,1001.29,1000.0,-1.29,50.49,203.0,2.2501,-0.059,LOCK,0,normal
4845,5630328,5083,52460.0,-0.1404,0.1755,-0.7137,0.74825,1001.3,1000.0,-1.3,50.49,203.0,2.265,0.1672,LOCK,0,normal
4846,5630337,5092,52469.0,-0.1404,0.1755,-0.7137,0.74825,1001.3,1000.0,-1.3,50.49,203.0,2.2558,0.0274,LOCK,0,normal
4847,5630345,5100,52477.0,-0.234,0.0819,-0.7878,0.82589,1001.31,1000.0,-1.31,50.49,203.0,2.2737,0.299,LOCK,0,normal
4848,5630361,5116,52493.0,0.0546,0.0663,-0.8112,0.81573,1001.32,1000.0,-1.32,50.49,203.0,2.266,0.1821,LOCK,0,normal
4849,5630370,5125,52502.0,-0.078,-0.1248,-0.7293,0.744,1001.32,1000.0,-1.32,50.49,203.0,2.2585,0.0677,LOCK,0,normal
4850,5630378,5133,52510.0,-0.1209,0.1248,-0.8346,0.8525,1001.31,1000.0,-1.31,50.49,203.0,2.2664,0.1879,LOCK,0,normal
4851,5630387,5142,52519.0,-0.1209,0.1248,-0.8346,0.8525,1001.3,1000.0,-1.3,50.49,203.0,2.2649,0.1653,LOCK,0,normal
4852,5630406,5161,52538.0,-0.0936,0.0507,-0.8892,0.89555,1001.29,1000.0,-1.29,50.49,203.0,2.2669,0.1956,LOCK,0,normal
4853,5630414,5169,52546.0,-0.039,-0.0819,-0.7956,0.80075,1001.28,1000.0,-1.28,50.49,203.0,2.2781,0.3659,LOCK,0,normal
4854,5630423,5178,52555.0,0.0078,0.0273,-0.8424,0.84288,1001.28,1000.0,-1.28,50.49,203.0,2.2628,0.1333,LOCK,0,normal
4855,5630431,5186,52563.0,-0.0039,0.0741,-0.7761,0.77964,1001.27,1000.0,-1.27,50.49,203.0,2.2611,0.1073,LOCK,0,normal
4856,5630440,5195,52572.0,-0.0039,0.0429,-0.7995,0.80066,1001.3,1000.0,-1.3,50.49,203.0,2.2636,0.1452,LOCK,0,normal
4857,5630448,5203,52580.0,-0.0039,0.0429,-0.7995,0.80066,1001.33,1000.0,-1.33,50.49,203.0,2.2614,0.1122,LOCK,0,normal
4858,5630508,5263,52640.0,-0.0624,0.2496,-0.7566,0.79915,1001.34,1000.0,-1.34,50.49,203.0,2.2761,0.3341,LOCK,0,normal
4859,5630521,5276,52653.0,-0.0351,0.0078,-0.7683,0.76914,1001.35,1000.0,-1.35,50.49,203.0,2.2891,0.5313,LOCK,0,normal
4860,5630530,5285,52662.0,-0.1404,0.1404,-0.7839,0.80866,1001.36,1000.0,-1.36,50.49,203.0,2.2447,-0.1408,LOCK,0,normal
4861,5630538,5293,52670.0,-0.0039,0.0312,-0.78,0.78063,1001.37,1000.0,-1.37,50.49,203.0,2.2723,0.2771,LOCK,0,normal
4862,5630547,5302,52679.0,-0.039,-0.0936,-0.7683,0.77496,1001.38,1000.0,-1.38,50.49,203.0,2.2567,0.0414,LOCK,0,normal
4863,5630555,5310,52687.0,-0.0351,0.1209,-0.819,0.82862,1001.39,1000.0,-1.39,50.49,203.0,2.2755,0.3265,LOCK,0,normal
4864,5630564,5319,52696.0,-0.0663,0.3276,-0.7917,0.85936,1001.4,1000.0,-1.4,50.49,203.0,2.2797,0.39,LOCK,0,normal
4865,5630572,5327,52704.0,-0.0663,0.3276,-0.7917,0.85936,1001.41,1000.0,-1.41,50.49,203.0,2.2437,-0.1567,LOCK,0,normal
4866,5630581,5336,52713.0,-0.195,-0.117,-0.7683,0.80125,1001.42,1000.0,-1.42,50.49,203.0,2.2495,-0.0679,LOCK,0,normal
4867,5630599,5354,52731.0,0.039,0.0351,-0.8112,0.8129,1001.43,1000.0,-1.43,50.49,203.0,2.2732,0.2914,LOCK,0,normal
4868,5630608,5363,52740.0,-0.0117,-0.0741,-0.7605,0.76419,1001.44,1000.0,-1.44,50.49,203.0,2.2777,0.3592,LOCK,0,normal
4869,5630616,5371,52748.0,-0.1482,0.1053,-0.7605,0.78193,1001.45,1000.0,-1.45,50.49,203.0,2.2804,0.4001,LOCK,0,normal
4870,5630625,5380,52757.0,0.0195,0.0546,-0.6084,0.61116,1001.46,1000.0,-1.46,50.49,203.0,2.2636,0.1452,LOCK,0,normal
4871,5630633,5388,52765.0,0.0195,0.0546,-0.6084,0.61116,1001.46,1000.0,-1.46,50.49,203.0,2.2533,-0.0099,LOCK,0,normal
4872,5630642,5397,52774.0,-0.1365,-0.0156,-0.8853,0.8959,1001.47,1000.0,-1.47,50.49,203.0,2.2622,0.1235,LOCK,0,normal
4873,5630660,5415,52792.0,0.039,0.0507,-0.8619,0.86427,1001.48,1000.0,-1.48,50.49,203.0,2.2748,0.3149,LOCK,0,normal
4874,5630669,5424,52801.0,-0.0585,-0.0195,-0.7917,0.7941,1001.48,1000.0,-1.48,50.49,203.0,2.2771,0.35,LOCK,0,normal
4875,5630677,5432,52809.0,0.0702,-0.0741,-0.78,0.78665,1001.49,1000.0,-1.49,50.49,203.0,2.2472,-0.1036,LOCK,0,normal
4876,5630685,5440,52817.0,0.0702,-0.0741,-0.78,0.78665,1001.49,1000.0,-1.49,50.49,203.0,2.2582,0.0631,LOCK,0,normal
4877,5630694,5449,52826.0,-0.2067,0.2067,-0.7254,0.78208,1001.49,1000.0,-1.49,50.49,203.0,2.2463,-0.1164,LOCK,0,normal
4878,5630714,5469,52846.0,-0.1053,-0.0741,-0.8541,0.86375,1001.49,1000.0,-1.49,50.49,203.0,2.2861,0.4868,LOCK,0,normal
4879,5630727,5482,52859.0,-0.0702,-0.0702,-0.7956,0.80177,1001.49,1000.0,-1.49,50.49,203.0,2.276,0.3332,LOCK,0,normal
4880,5630736,5491,52868.0,-0.0702,-0.0702,-0.7956,0.80177,1001.49,1000.0,-1.49,50.49,203.0,2.2546,0.0087,LOCK,0,normal
4881,5630744,5499,52876.0,-0.0546,0.2379,-0.8346,0.86956,1001.49,1000.0,-1.49,50.49,203.0,2.2537,-0.0053,LOCK,0,normal
4882,5630753,5508,52885.0,-0.0507,0.156,-0.7527,0.77037,1001.5,1000.0,-1.5,50.49,203.0,2.2401,-0.2104,LOCK,0,normal
4883,5630814,5569,52946.0,-0.1833,0.0429,-0.7215,0.74566,1001.5,1000.0,-1.5,50.49,203.0,2.2794,0.3854,LOCK,0,normal
4884,5630822,5577,52954.0,-0.1404,0.1716,-0.7995,0.82967,1001.51,1000.0,-1.51,50.49,203.0,2.2846,0.4633,LOCK,0,normal
4885,5630831,5586,52963.0,-0.1326,-0.1755,-0.8658,0.8933,1001.51,1000.0,-1.51,50.49,203.0,2.2461,-0.1198,LOCK,0,normal
4886,5630839,5594,52971.0,-0.1326,-0.1755,-0.8658,0.8933,1001.51,1000.0,-1.51,50.49,203.0,2.2579,0.0588,LOCK,0,normal
4887,5630847,5602,52979.0,-0.0078,0.0234,-0.8463,0.84666,1001.52,1000.0,-1.52,50.49,203.0,2.2664,0.1876,LOCK,0,normal
4888,5630856,5611,52988.0,-0.0585,0.0195,-0.7878,0.79021,1001.52,1000.0,-1.52,50.49,203.0,2.2587,0.0719,LOCK,0,normal
4889,5630865,5620,52997.0,0.0039,0.1677,-0.7332,0.75214,1001.52,1000.0,-1.52,50.49,203.0,2.2757,0.3286,LOCK,0,normal
4890,5630873,5628,53005.0,-0.0117,0.2145,-0.7761,0.80528,1001.53,1000.0,-1.53,50.49,203.0,2.2749,0.3173,LOCK,0,normal
4891,5630881,5636,53013.0,-0.2106,0.1755,-0.8034,0.84888,1001.53,1000.0,-1.53,50.49,203.0,2.2745,0.31,LOCK,0,normal
4892,5630900,5655,53032.0,0.0351,0.0234,-0.8346,0.83567,1001.53,1000.0,-1.53,50.49,203.0,2.2542,0.0032,LOCK,0,normal
4893,5630909,5664,53041.0,-0.0546,-0.078,-0.78,0.78579,1001.53,1000.0,-1.53,50.49,203.0,2.2753,0.3228,LOCK,0,normal
4894,5630917,5672,53049.0,0.0741,0.0741,-0.7683,0.77541,1001.53,1000.0,-1.53,50.49,203.0,2.2783,0.3677,LOCK,0,normal
4895,5630931,5686,53063.0,-0.1053,0.1872,-0.7371,0.76776,1001.53,1000.0,-1.53,50.49,203.0,2.2714,0.2636,LOCK,0,normal
4896,5630939,5694,53071.0,-0.2028,-0.2106,-0.7059,0.76405,1001.53,1000.0,-1.53,50.49,203.0,2.2613,0.1101,LOCK,0,normal
4897,5630947,5702,53079.0,-0.078,-0.0039,-0.8151,0.81883,1001.53,1000.0,-1.53,50.49,203.0,2.2592,0.0789,LOCK,0,normal
4898,5630956,5711,53088.0,-0.0039,0.0975,-0.7683,0.77447,1001.53,1000.0,-1.53,50.49,203.0,2.2518,-0.0328,LOCK,0,normal
4899,5630965,5720,53097.0,-0.0156,-0.0936,-0.78,0.78575,1001.53,1000.0,-1.53,50.49,203.0,2.2839,0.4529,LOCK,0,normal
4900,5630974,5729,53106.0,-0.0585,0.0546,-0.819,0.8229,1001.53,1000.0,-1.53,50.49,203.0,2.2747,0.3131,LOCK,0,normal
4901,5630982,5737,53114.0,-0.0585,0.0546,-0.819,0.8229,1001.53,1000.0,-1.53,50.49,203.0,2.2564,0.0365,LOCK,0,normal
4902,5630990,5745,53122.0,-0.0429,-0.0429,-0.6084,0.61142,1001.53,1000.0,-1.53,50.49,203.0,2.2665,0.1891,LOCK,0,normal
4903,5630999,5754,53131.0,-0.0897,-0.0546,-0.8541,0.86053,1001.53,1000.0,-1.53,50.49,203.0,2.2547,0.0112,LOCK,0,normal
4904,5631018,5773,53150.0,-0.039,0.0663,-0.8112,0.81484,1001.53,1000.0,-1.53,50.49,203.0,2.2782,0.3665,LOCK,0,normal
4905,5631026,5781,53158.0,-0.0858,-0.0234,-0.7683,0.77343,1001.53,1000.0,-1.53,50.49,203.0,2.2512,-0.0432,LOCK,0,normal
4906,5631035,5790,53167.0,-0.0858,-0.0234,-0.7683,0.77343,1001.53,1000.0,-1.53,50.49,203.0,2.2583,0.0652,LOCK,0,normal
4907,5631043,5798,53175.0,0.0078,0.0195,-0.8424,0.84266,1001.52,1000.0,-1.52,50.49,203.0,2.2568,0.0426,LOCK,0,normal
4908,5631051,5806,53183.0,-0.1638,0.1989,-0.7722,0.81405,1001.52,1000.0,-1.52,50.49,203.0,2.2706,0.2508,LOCK,0,normal
4909,5631073,5828,53205.0,-0.0819,-0.0507,-0.8034,0.80915,1001.51,1000.0,-1.51,50.49,203.0,2.2761,0.3351,LOCK,0,normal
4910,5631082,5837,53214.0,0.0195,0.1365,-0.8346,0.84591,1001.5,1000.0,-1.5,50.49,203.0,2.2564,0.0362,LOCK,0,normal
4911,5631090,5845,53222.0,-0.0273,-0.039,-0.741,0.74253,1001.5,1000.0,-1.5,50.49,203.0,2.2655,0.1736,LOCK,0,normal
4912,5631099,5854,53231.0,0.0,0.2418,-0.8424,0.87642,1001.52,1000.0,-1.52,50.49,203.0,2.2729,0.2862,LOCK,0,normal
4913,5631107,5862,53239.0,-0.039,0.1794,-0.7449,0.76719,1001.53,1000.0,-1.53,50.49,203.0,2.2629,0.1348,LOCK,0,normal
4914,5631123,5878,53255.0,-0.1833,-0.1404,-0.8502,0.88099,1001.55,1000.0,-1.55,50.49,203.0,2.2791,0.3808,LOCK,0,normal
4915,5631137,5892,53269.0,0.0,-0.1599,-0.7644,0.78095,1001.56,1000.0,-1.56,50.49,203.0,2.278,0.3631,LOCK,0,normal
4916,5631145,5900,53277.0,-0.078,-0.0546,-0.7488,0.75483,1001.57,1000.0,-1.57,50.49,203.0,2.2757,0.3293,LOCK,0,normal
4917,5631154,5909,53286.0,-0.0429,0.1131,-0.6825,0.69314,1001.58,1000.0,-1.58,50.49,203.0,2.2774,0.3543,LOCK,0,normal
4918,5631162,5917,53294.0,-0.0897,0.1599,-0.78,0.80126,1001.58,1000.0,-1.58,50.49,203.0,2.2691,0.2294,LOCK,0,normal
4919,5631170,5925,53302.0,-0.1677,0.0468,-0.6864,0.70814,1001.58,1000.0,-1.58,50.49,203.0,2.2753,0.3235,LOCK,0,normal
4920,5631179,5934,53311.0,-0.1911,0.078,-0.78,0.80685,1001.58,1000.0,-1.58,50.49,203.0,2.2755,0.3265,LOCK,0,normal
4921,5631187,5942,53319.0,-0.1911,0.078,-0.78,0.80685,1001.58,1000.0,-1.58,50.49,203.0,2.2525,-0.0227,LOCK,0,normal
4922,5631196,5951,53328.0,-0.1365,-0.1521,-0.8229,0.8479,1001.58,1000.0,-1.58,50.49,203.0,2.2682,0.2145,LOCK,0,normal
4923,5631214,5969,53346.0,-0.0819,0.0117,-0.7917,0.79601,1001.58,1000.0,-1.58,50.49,203.0,2.2806,0.4034,LOCK,0,normal
4924,5631223,5978,53355.0,0.0156,0.1872,-0.7371,0.76066,1001.59,1000.0,-1.59,50.49,203.0,2.2736,0.2966,LOCK,0,normal
4925,5631232,5987,53364.0,-0.1326,0.195,-0.7878,0.82234,1001.59,1000.0,-1.59,50.49,203.0,2.2722,0.2752,LOCK,0,normal
4926,5631240,5995,53372.0,-0.273,0.2769,-0.8151,0.9031,1001.6,1000.0,-1.6,50.49,203.0,2.2648,0.1629,LOCK,0,normal
4927,5631248,6003,53380.0,-0.273,0.2769,-0.8151,0.9031,1001.6,1000.0,-1.6,50.49,203.0,2.2565,0.0377,LOCK,0,normal
4928,5631257,6012,53389.0,0.0234,0.0585,-0.8736,0.87587,1001.61,1000.0,-1.61,50.49,203.0,2.2702,0.2453,LOCK,0,normal
4929,5631265,6020,53397.0,-0.0585,-0.0195,-0.8268,0.8291,1001.61,1000.0,-1.61,50.49,203.0,2.2607,0.1021,LOCK,0,normal
4930,5631275,6030,53407.0,-0.0312,0.0078,-0.7878,0.78846,1001.61,1000.0,-1.61,50.49,203.0,2.2793,0.383,LOCK,0,normal
4931,5631284,6039,53416.0,-0.1014,0.1833,-0.7488,0.77755,1001.62,1000.0,-1.62,50.49,203.0,2.2778,0.3607,LOCK,0,normal
4932,5631292,6047,53424.0,-0.2184,-0.1209,-0.7293,0.77084,1001.63,1000.0,-1.63,50.49,203.0,2.2447,-0.1414,LOCK,0,normal
4933,5631301,6056,53433.0,-0.2184,-0.1209,-0.7293,0.77084,1001.64,1000.0,-1.64,50.49,203.0,2.2671,0.1986,LOCK,0,normal
4934,5631309,6064,53441.0,-0.0936,0.0039,-0.8034,0.80884,1001.64,1000.0,-1.64,50.49,203.0,2.2564,0.0362,LOCK,0,normal
4935,5631320,6075,53452.0,0.0234,0.0858,-0.7605,0.76568,1001.65,1000.0,-1.65,50.49,203.0,2.2724,0.2795,LOCK,0,normal
4936,5631329,6084,53461.0,-0.0039,-0.0936,-0.7683,0.77399,1001.65,1000.0,-1.65,50.49,203.0,2.2798,0.3915,LOCK,0,normal
4937,5631342,6097,53474.0,-0.1014,0.0429,-0.8463,0.85343,1001.66,1000.0,-1.66,50.49,203.0,2.2758,0.3302,LOCK,0,normal
4938,5631351,6106,53483.0,-0.0312,0.0819,-0.6552,0.66104,1001.67,1000.0,-1.67,50.49,203.0,2.2513,-0.0416,LOCK,0,normal
4939,5631359,6114,53491.0,-0.1638,-0.0663,-0.8814,0.89894,1001.67,1000.0,-1.67,50.49,203.0,2.2562,0.0341,LOCK,0,normal
4940,5631368,6123,53500.0,-0.0546,0.1092,-0.7254,0.7356,1001.68,1000.0,-1.68,50.49,203.0,2.257,0.0454,LOCK,0,normal
4941,5631376,6131,53508.0,-0.0429,0.078,-0.8502,0.85485,1001.68,1000.0,-1.68,50.49,203.0,2.2642,0.1547,LOCK,0,normal
4942,5631427,6182,53559.0,-0.1599,-0.1911,-0.8307,0.86727,1001.69,1000.0,-1.69,50.49,203.0,2.2797,0.39,LOCK,0,normal
4943,5631436,6191,53568.0,-0.0039,0.0507,-0.8385,0.84004,1001.7,1000.0,-1.7,50.49,203.0,2.2714,0.2642,LOCK,0,normal
4944,5631444,6199,53576.0,-0.0039,0.0507,-0.8385,0.84004,1001.71,1000.0,-1.71,50.49,203.0,2.2761,0.3351,LOCK,0,normal
4945,5631453,6208,53585.0,-0.0078,0.0039,-0.8034,0.80345,1001.72,1000.0,-1.72,50.49,203.0,2.2706,0.2511,LOCK,0,normal
4946,5631461,6216,53593.0,-0.0156,0.2106,-0.8307,0.85712,1001.73,1000.0,-1.73,50.49,203.0,2.2766,0.3427,LOCK,0,normal
4947,5631470,6225,53602.0,-0.078,0.2067,-0.7566,0.7882,1001.73,1000.0,-1.73,50.49,203.0,2.2759,0.3323,LOCK,0,normal
4948,5631479,6234,53611.0,-0.1794,-0.0546,-0.8385,0.85921,1001.74,1000.0,-1.74,50.49,203.0,2.2801,0.3961,LOCK,0,normal
4949,5631487,6242,53619.0,0.0156,-0.1365,-0.8034,0.81506,1001.75,1000.0,-1.75,50.49,203.0,2.2697,0.2386,LOCK,0,normal
4950,5631495,6250,53627.0,0.0156,-0.1365,-0.8034,0.81506,1001.76,1000.0,-1.76,50.49,203.0,2.2511,-0.0438,LOCK,0,normal
4951,5631514,6269,53646.0,-0.0039,0.0078,-0.6864,0.68646,1001.76,1000.0,-1.76,50.49,203.0,2.254,-0.0001,LOCK,0,normal
4952,5631522,6277,53654.0,-0.0858,0.156,-0.7878,0.80767,1001.77,1000.0,-1.77,50.49,203.0,2.2701,0.2441,LOCK,0,normal
4953,5631532,6287,53664.0,-0.1131,0.1482,-0.6786,0.70374,1001.78,1000.0,-1.78,50.49,203.0,2.274,0.3036,LOCK,0,normal
4954,5631546,6301,53678.0,-0.1833,0.1209,-0.7839,0.81407,1001.79,1000.0,-1.79,50.49,203.0,2.2754,0.3238,LOCK,0,normal
4955,5631554,6309,53686.0,-0.1833,-0.1131,-0.819,0.84685,1001.8,1000.0,-1.8,50.49,203.0,2.2557,0.0252,LOCK,0,normal
4956,5631563,6318,53695.0,0.0117,-0.0117,-0.8502,0.85036,1001.81,1000.0,-1.81,50.49,203.0,2.2576,0.0542,LOCK,0,normal
4957,5631571,6326,53703.0,-0.0078,0.0351,-0.8151,0.81589,1001.81,1000.0,-1.81,50.49,203.0,2.2593,0.0802,LOCK,0,normal
4958,5631580,6335,53712.0,0.0117,0.1365,-0.702,0.71524,1001.82,1000.0,-1.82,50.49,203.0,2.2702,0.2447,LOCK,0,normal
4959,5631588,6343,53720.0,0.0117,0.1365,-0.702,0.71524,1001.83,1000.0,-1.83,50.49,203.0,2.2736,0.2975,LOCK,0,normal
4960,5631597,6352,53729.0,-0.1404,0.1326,-0.7605,0.78464,1001.84,1000.0,-1.84,50.49,203.0,2.2667,0.1928,LOCK,0,normal
4961,5631605,6360,53737.0,-0.2262,0.2418,-0.7839,0.85096,1001.85,1000.0,-1.85,50.49,203.0,2.2654,0.1733,LOCK,0,normal
4962,5631613,6368,53745.0,0.0039,0.0312,-0.8697,0.87027,1001.85,1000.0,-1.85,50.49,203.0,2.2504,-0.0544,LOCK,0,normal
4963,5631632,6387,53764.0,-0.0039,-0.0429,-0.78,0.78119,1001.86,1000.0,-1.86,50.49,203.0,2.272,0.2728,LOCK,0,normal
4964,5631641,6396,53773.0,-0.0897,0.1131,-0.7371,0.7511,1001.86,1000.0,-1.86,50.49,203.0,2.2488,-0.0783,LOCK,0,normal
4965,5631649,6404,53781.0,-0.0897,0.1131,-0.7371,0.7511,1001.87,1000.0,-1.87,50.49,203.0,2.2498,-0.0639,LOCK,0,normal
4966,5631658,6413,53790.0,-0.2457,-0.1638,-0.6513,0.71512,1001.87,1000.0,-1.87,50.49,203.0,2.2592,0.0786,LOCK,0,normal
4967,5631666,6421,53798.0,-0.117,0.1092,-0.7683,0.78479,1001.88,1000.0,-1.88,50.49,203.0,2.2594,0.0811,LOCK,0,normal
4968,5631686,6441,53818.0,-0.0429,-0.117,-0.8034,0.81301,1001.88,1000.0,-1.88,50.49,203.0,2.2731,0.2887,LOCK,0,normal
4969,5631695,6450,53827.0,-0.117,0.0858,-0.8736,0.88557,1001.88,1000.0,-1.88,50.49,203.0,2.2799,0.3927,LOCK,0,normal
4970,5631703,6458,53835.0,-0.0234,0.1443,-0.7644,0.77825,1001.89,1000.0,-1.89,50.49,203.0,2.2469,-0.1076,LOCK,0,normal
4971,5631711,6466,53843.0,-0.0234,0.1443,-0.7644,0.77825,1001.9,1000.0,-1.9,50.49,203.0,2.2579,0.0588,LOCK,0,normal
4972,5631720,6475,53852.0,-0.1521,-0.1248,-0.9204,0.94119,1001.91,1000.0,-1.91,50.49,203.0,2.2384,-0.2358,LOCK,0,normal
4973,5631730,6485,53862.0,-0.0702,0.0429,-0.78,0.78433,1001.92,1000.0,-1.92,50.49,203.0,2.2517,-0.0352,LOCK,0,normal
4974,5631739,6494,53871.0,-0.0585,0.0507,-0.8385,0.84207,1001.93,1000.0,-1.93,50.49,203.0,2.2782,0.3665,LOCK,0,normal
4975,5631752,6507,53884.0,-0.0429,0.0975,-0.7761,0.78338,1001.93,1000.0,-1.93,50.49,203.0,2.2724,0.2789,LOCK,0,normal
4976,5631761,6516,53893.0,0.0195,0.1092,-0.858,0.86514,1001.94,1000.0,-1.94,50.49,203.0,2.2804,0.4007,LOCK,0,normal
4977,5631769,6524,53901.0,-0.0819,0.2067,-0.741,0.77364,1001.96,1000.0,-1.96,50.49,203.0,2.2735,0.2954,LOCK,0,normal
4978,5631778,6533,53910.0,-0.1443,0.039,-0.8034,0.81719,1001.97,1000.0,-1.97,50.49,203.0,2.2792,0.3815,LOCK,0,normal
4979,5631786,6541,53918.0,-0.1599,-0.1833,-0.7683,0.80589,1001.98,1000.0,-1.98,50.49,203.0,2.278,0.3631,LOCK,0,normal
4980,5631795,6550,53927.0,-0.0234,0.0468,-0.78,0.78175,1001.98,1000.0,-1.98,50.49,203.0,2.2657,0.1775,LOCK,0,normal
4981,5631803,6558,53935.0,-0.0234,0.0468,-0.78,0.78175,1001.99,1000.0,-1.99,50.49,203.0,2.2645,0.1586,LOCK,0,normal
4982,5631812,6567,53944.0,-0.0819,-0.0156,-0.7293,0.73405,1002.0,1000.0,-2.0,50.49,203.0,2.2699,0.2416,LOCK,0,normal
4983,5631820,6575,53952.0,0.0234,0.1716,-0.78,0.799,1002.01,1000.0,-2.01,50.49,203.0,2.2624,0.1275,LOCK,0,normal
4984,5631839,6594,53971.0,-0.195,-0.0039,-0.8814,0.90272,1002.01,1000.0,-2.01,50.49,203.0,2.2773,0.3531,LOCK,0,normal
4985,5631847,6602,53979.0,-0.0624,-0.1443,-0.8346,0.84928,1002.02,1000.0,-2.02,50.49,203.0,2.2792,0.3811,LOCK,0,normal
4986,5631856,6611,53988.0,-0.0156,-0.0234,-0.8619,0.86236,1002.03,1000.0,-2.03,50.49,203.0,2.2598,0.0875,LOCK,0,normal
4987,5631864,6619,53996.0,-0.0156,-0.0234,-0.8619,0.86236,1002.03,1000.0,-2.03,50.49,203.0,2.2458,-0.1237,LOCK,0,normal
4988,5631873,6628,54005.0,-0.0195,0.0468,-0.7449,0.74662,1002.04,1000.0,-2.04,50.49,203.0,2.264,0.1519,LOCK,0,normal
4989,5631881,6636,54013.0,-0.1248,0.1911,-0.8307,0.86149,1002.04,1000.0,-2.04,50.49,203.0,2.2639,0.1498,LOCK,0,normal
4990,5631889,6644,54021.0,-0.078,0.2067,-0.7176,0.75084,1002.05,1000.0,-2.05,50.49,203.0,2.272,0.2728,LOCK,0,normal
4991,5631908,6663,54040.0,-0.1482,-0.0936,-0.8268,0.84518,1002.05,1000.0,-2.05,50.49,203.0,2.2478,-0.0932,LOCK,0,normal
4992,5631917,6672,54049.0,-0.1482,-0.0936,-0.8268,0.84518,1002.06,1000.0,-2.06,50.49,203.0,2.254,0.0005,LOCK,0,normal
4993,5631925,6680,54057.0,0.0,-0.0312,-0.7956,0.79621,1002.06,1000.0,-2.06,50.49,203.0,2.2408,-0.1994,LOCK,0,normal
4994,5631933,6688,54065.0,0.0117,-0.0351,-0.7371,0.73803,1002.06,1000.0,-2.06,50.49,203.0,2.2723,0.2777,LOCK,0,normal
4995,5631943,6698,54075.0,-0.0039,0.0975,-0.6474,0.65471,1002.07,1000.0,-2.07,50.49,203.0,2.2758,0.3296,LOCK,0,normal
4996,5631956,6711,54088.0,-0.1404,0.0546,-0.6747,0.69131,1002.07,1000.0,-2.07,50.49,203.0,2.2776,0.3579,LOCK,0,normal
4997,5631965,6720,54097.0,-0.273,0.2223,-0.7449,0.82391,1002.07,1000.0,-2.07,50.49,203.0,2.2581,0.0619,LOCK,0,normal
4998,5631973,6728,54105.0,-0.0312,0.0234,-0.8307,0.83161,1002.07,1000.0,-2.07,50.49,203.0,2.2637,0.1467,LOCK,0,normal
4999,5631982,6737,54114.0,-0.039,-0.0273,-0.7917,0.79313,1002.07,1000.0,-2.07,50.49,203.0,2.2585,0.068,LOCK,0,normal
5000,5631990,6745,54122.0,-0.0234,-0.0624,-0.7449,0.74788,1002.07,1000.0,-2.07,50.49,203.0,2.2596,0.0848,LOCK,0,normal
5001,5632042,6797,54174.0,0.0,-0.078,-0.7956,0.79941,1002.08,1000.0,-2.08,50.49,203.0,2.2653,0.1711,LOCK,0,normal
5002,5632050,6805,54182.0,-0.0936,0.1053,-0.8736,0.88489,1002.08,1000.0,-2.08,50.49,203.0,2.2751,0.3204,LOCK,0,normal
5003,5632059,6814,54191.0,-0.0936,0.1053,-0.8736,0.88489,1002.08,1000.0,-2.08,50.49,203.0,2.274,0.3024,LOCK,0,normal
5004,5632067,6822,54199.0,-0.0156,0.1443,-0.7254,0.73978,1002.08,1000.0,-2.08,50.49,203.0,2.2788,0.375,LOCK,0,normal
5005,5632076,6831,54208.0,-0.1404,-0.0975,-0.936,0.95148,1002.09,1000.0,-2.09,50.49,203.0,2.2742,0.3061,LOCK,0,normal
5006,5632084,6839,54216.0,-0.0741,0.0117,-0.7254,0.72927,1002.09,1000.0,-2.09,50.49,203.0,2.2745,0.31,LOCK,0,normal
5007,5632093,6848,54225.0,-0.0936,0.0117,-0.7449,0.75085,1002.09,1000.0,-2.09,50.49,203.0,2.2814,0.4153,LOCK,0,normal
5008,5632101,6856,54233.0,-0.0936,0.0117,-0.7449,0.75085,1002.09,1000.0,-2.09,50.49,203.0,2.27,0.2432,LOCK,0,normal
5009,5632110,6865,54242.0,-0.0273,0.0507,-0.741,0.74323,1002.1,1000.0,-2.1,50.49,203.0,2.2502,-0.0575,LOCK,0,normal
5010,5632128,6883,54260.0,-0.1014,0.2496,-0.7527,0.79946,1002.08,1000.0,-2.08,50.49,203.0,2.2597,0.0869,LOCK,0,normal
5011,5632137,6892,54269.0,-0.1482,0.0195,-0.8775,0.89014,1002.07,1000.0,-2.07,50.49,203.0,2.2788,0.375,LOCK,0,normal
5012,5632147,6902,54279.0,-0.0975,-0.2301,-0.8424,0.87869,1002.06,1000.0,-2.06,50.49,203.0,2.2842,0.4581,LOCK,0,normal
5013,5632161,6916,54293.0,0.0039,0.078,-0.8502,0.85378,1002.05,1000.0,-2.05,50.49,203.0,2.2728,0.2847,LOCK,0,normal
5014,5632169,6924,54301.0,-0.039,0.078,-0.8073,0.812,1002.04,1000.0,-2.04,50.49,203.0,2.2497,-0.0657,LOCK,0,normal
5015,5632177,6932,54309.0,-0.0078,0.1521,-0.7956,0.81005,1002.04,1000.0,-2.04,50.49,203.0,2.2565,0.038,LOCK,0,normal
5016,5632186,6941,54318.0,-0.0936,0.2223,-0.78,0.81644,1002.04,1000.0,-2.04,50.49,203.0,2.2611,0.1079,LOCK,0,normal
5017,5632195,6950,54327.0,-0.1677,0.0468,-0.8268,0.84493,1002.04,1000.0,-2.04,50.49,203.0,2.2763,0.3375,LOCK,0,normal
5018,5632203,6958,54335.0,-0.1677,0.0468,-0.8268,0.84493,1002.04,1000.0,-2.04,50.49,203.0,2.2759,0.3314,LOCK,0,normal
5019,5632212,6967,54344.0,-0.0312,-0.1248,-0.8073,0.81749,1002.04,1000.0,-2.04,50.49,203.0,2.2626,0.1302,LOCK,0,normal
5020,5632220,6975,54352.0,-0.0156,-0.1053,-0.8034,0.81042,1002.04,1000.0,-2.04,50.49,203.0,2.2611,0.1076,LOCK,0,normal
5021,5632229,6984,54361.0,-0.0351,0.0,-0.6825,0.6834,1002.04,1000.0,-2.04,50.49,203.0,2.2577,0.0561,LOCK,0,normal
5022,5632247,7002,54379.0,-0.0741,0.2106,-0.6474,0.68481,1002.03,1000.0,-2.03,50.49,203.0,2.249,-0.0764,LOCK,0,normal
5023,5632302,7057,54434.0,0.0312,0.0078,-0.7137,0.71442,1002.04,1000.0,-2.04,50.49,203.0,2.273,0.2874,LOCK,0,normal
5024,5632311,7066,54443.0,-0.1014,0.0195,-0.7371,0.7443,1002.05,1000.0,-2.05,50.49,203.0,2.2539,-0.0016,LOCK,0,normal
5025,5632319,7074,54451.0,-0.195,0.1638,-0.7605,0.80201,1002.05,1000.0,-2.05,50.49,203.0,2.2432,-0.1634,LOCK,0,normal
5026,5632327,7082,54459.0,0.0156,0.0429,-0.8346,0.83585,1002.06,1000.0,-2.06,50.49,203.0,2.239,-0.2272,LOCK,0,normal
5027,5632336,7091,54468.0,0.0156,0.0429,-0.8346,0.83585,1002.06,1000.0,-2.06,50.49,203.0,2.2651,0.1684,LOCK,0,normal
5028,5632352,7107,54484.0,-0.039,-0.0936,-0.7683,0.77496,1002.07,1000.0,-2.07,50.49,203.0,2.2684,0.2178,LOCK,0,normal
5029,5632365,7120,54497.0,-0.1209,0.1053,-0.7839,0.80013,1002.07,1000.0,-2.07,50.49,203.0,2.2825,0.4318,LOCK,0,normal
5030,5632374,7129,54506.0,-0.2145,-0.0897,-0.7605,0.79525,1002.08,1000.0,-2.08,50.49,203.0,2.2822,0.4266,LOCK,0,normal
5031,5632382,7137,54514.0,-0.078,0.0663,-0.7995,0.80603,1002.08,1000.0,-2.08,50.49,203.0,2.2774,0.3549,LOCK,0,normal
5032,5632391,7146,54523.0,-0.0117,0.0936,-0.7566,0.76246,1002.08,1000.0,-2.08,50.49,203.0,2.2745,0.3112,LOCK,0,normal
5033,5632399,7154,54531.0,-0.0117,0.0936,-0.7566,0.76246,1002.09,1000.0,-2.09,50.49,203.0,2.2737,0.2978,LOCK,0,normal
5034,5632408,7163,54540.0,-0.0117,-0.0585,-0.819,0.82117,1002.09,1000.0,-2.09,50.49,203.0,2.2732,0.2908,LOCK,0,normal
5035,5632416,7171,54548.0,-0.1482,0.1209,-0.8502,0.87145,1002.09,1000.0,-2.09,50.49,203.0,2.2672,0.2001,LOCK,0,normal
5036,5632425,7180,54557.0,0.0234,0.2262,-0.7605,0.79377,1002.09,1000.0,-2.09,50.49,203.0,2.2793,0.383,LOCK,0,normal
5037,5632433,7188,54565.0,-0.0819,-0.0936,-0.9243,0.93263,1002.08,1000.0,-2.08,50.49,203.0,2.2537,-0.005,LOCK,0,normal
5038,5632452,7207,54584.0,-0.078,0.039,-0.7527,0.75773,1002.08,1000.0,-2.08,50.49,203.0,2.2684,0.2178,LOCK,0,normal
5039,5632460,7215,54592.0,-0.078,0.039,-0.7527,0.75773,1002.08,1000.0,-2.08,50.49,203.0,2.2811,0.4108,LOCK,0,normal
5040,5632469,7224,54601.0,0.0039,0.0585,-0.741,0.74332,1002.08,1000.0,-2.08,50.49,203.0,2.243,-0.1665,LOCK,0,normal
5041,5632477,7232,54609.0,-0.0429,0.117,-0.8541,0.86314,1002.08,1000.0,-2.08,50.49,203.0,2.2656,0.1751,LOCK,0,normal
5042,5632485,7240,54617.0,-0.0936,0.2379,-0.7605,0.80232,1002.08,1000.0,-2.08,50.49,203.0,2.2663,0.1861,LOCK,0,normal
5043,5632494,7249,54626.0,-0.1482,-0.0234,-0.8658,0.8787,1002.08,1000.0,-2.08,50.49,203.0,2.2579,0.0594,LOCK,0,normal
5044,5632502,7257,54634.0,-0.0351,-0.1248,-0.8658,0.87545,1002.08,1000.0,-2.08,50.49,203.0,2.2708,0.2542,LOCK,0,normal
5045,5632511,7266,54643.0,-0.0351,-0.1248,-0.8658,0.87545,1002.08,1000.0,-2.08,50.49,203.0,2.2777,0.3592,LOCK,0,normal
5046,5632529,7284,54661.0,-0.0351,0.0312,-0.7995,0.80088,1002.08,1000.0,-2.08,50.49,203.0,2.252,-0.0297,LOCK,0,normal
5047,5632538,7293,54670.0,0.0156,0.1248,-0.7488,0.75929,1002.08,1000.0,-2.08,50.49,203.0,2.2419,-0.183,LOCK,0,normal
5048,5632546,7301,54678.0,-0.078,0.1872,-0.7566,0.78331,1002.08,1000.0,-2.08,50.49,203.0,2.2696,0.2358,LOCK,0,normal
5049,5632555,7310,54687.0,-0.195,-0.0312,-0.7878,0.81217,1002.08,1000.0,-2.08,50.49,203.0,2.2762,0.3363,LOCK,0,normal
5050,5632569,7324,54701.0,0.0039,-0.1638,-0.8034,0.81994,1002.08,1000.0,-2.08,50.49,203.0,2.2776,0.357,LOCK,0,normal
5051,5632577,7332,54709.0,0.0039,-0.1248,-0.8073,0.8169,1002.08,1000.0,-2.08,50.49,203.0,2.2757,0.3293,LOCK,0,normal
5052,5632586,7341,54718.0,-0.0273,0.0156,-0.6903,0.69102,1002.08,1000.0,-2.08,50.49,203.0,2.2554,0.0206,LOCK,0,normal
5053,5632594,7349,54726.0,-0.0273,0.0156,-0.6903,0.69102,1002.06,1000.0,-2.06,50.49,203.0,2.2687,0.2233,LOCK,0,normal
5054,5632602,7357,54734.0,-0.1248,0.1755,-0.7722,0.80167,1002.04,1000.0,-2.04,50.49,203.0,2.2503,-0.0566,LOCK,0,normal
5055,5632611,7366,54743.0,-0.0741,0.1677,-0.6981,0.72177,1002.03,1000.0,-2.03,50.49,203.0,2.2748,0.3149,LOCK,0,normal
5056,5632658,7413,54790.0,-0.0312,-0.0312,-0.7098,0.71117,1002.03,1000.0,-2.03,50.49,203.0,2.2753,0.3228,LOCK,0,normal
5057,5632667,7422,54799.0,-0.1638,0.0195,-0.702,0.72112,1002.02,1000.0,-2.02,50.49,203.0,2.2742,0.3067,LOCK,0,normal
5058,5632675,7430,54807.0,-0.1638,0.0195,-0.702,0.72112,1002.02,1000.0,-2.02,50.49,203.0,2.2771,0.3503,LOCK,0,normal
5059,5632684,7439,54816.0,-0.2613,0.1989,-0.7176,0.78917,1002.01,1000.0,-2.01,50.49,203.0,2.278,0.3638,LOCK,0,normal
5060,5632692,7447,54824.0,0.0195,0.0351,-0.8424,0.84336,1002.01,1000.0,-2.01,50.49,203.0,2.2747,0.3131,LOCK,0,normal
5061,5632701,7456,54833.0,-0.0195,-0.0156,-0.8034,0.80379,1002.01,1000.0,-2.01,50.49,203.0,2.2752,0.3213,LOCK,0,normal
5062,5632709,7464,54841.0,-0.0273,-0.1326,-0.8268,0.83781,1002.01,1000.0,-2.01,50.49,203.0,2.2764,0.3387,LOCK,0,normal
5063,5632718,7473,54850.0,-0.0975,0.1248,-0.7839,0.79974,1002.0,1000.0,-2.0,50.49,203.0,2.2641,0.1537,LOCK,0,normal
5064,5632726,7481,54858.0,-0.0975,0.1248,-0.7839,0.79974,1001.99,1000.0,-1.99,50.49,203.0,2.2462,-0.1185,LOCK,0,normal
5065,5632745,7500,54877.0,-0.1092,0.078,-0.819,0.82992,1001.98,1000.0,-1.98,50.49,203.0,2.2516,-0.0367,LOCK,0,normal
5066,5632753,7508,54885.0,-0.0585,0.0507,-0.7722,0.77607,1001.97,1000.0,-1.97,50.49,203.0,2.274,0.3036,LOCK,0,normal
5067,5632762,7517,54894.0,-0.0234,-0.0234,-0.8151,0.81577,1001.97,1000.0,-1.97,50.49,203.0,2.2813,0.4132,LOCK,0,normal
5068,5632775,7530,54907.0,-0.0585,0.1248,-0.819,0.83052,1001.96,1000.0,-1.96,50.49,203.0,2.2695,0.2349,LOCK,0,normal
5069,5632784,7539,54916.0,-0.0039,0.1755,-0.7488,0.7691,1001.96,1000.0,-1.96,50.49,203.0,2.2615,0.1134,LOCK,0,normal
5070,5632792,7547,54924.0,-0.1209,-0.1248,-0.8931,0.90985,1001.96,1000.0,-1.96,50.49,203.0,2.2606,0.0994,LOCK,0,normal
5071,5632800,7555,54932.0,-0.0468,-0.0741,-0.7215,0.7268,1001.96,1000.0,-1.96,50.49,203.0,2.2472,-0.1036,LOCK,0,normal
5072,5632810,7565,54942.0,-0.0468,-0.0741,-0.7215,0.7268,1001.96,1000.0,-1.96,50.49,203.0,2.2781,0.3656,LOCK,0,normal
5073,5632818,7573,54950.0,-0.0546,0.0,-0.7371,0.73912,1001.96,1000.0,-1.96,50.49,203.0,2.2753,0.3232,LOCK,0,normal
5074,5632826,7581,54958.0,-0.0078,0.0975,-0.7254,0.73196,1001.96,1000.0,-1.96,50.49,203.0,2.2621,0.1229,LOCK,0,normal
5075,5632835,7590,54967.0,-0.0624,0.0975,-0.8541,0.86191,1001.97,1000.0,-1.97,50.49,203.0,2.2721,0.274,LOCK,0,normal
5076,5632843,7598,54975.0,-0.0429,0.273,-0.7566,0.80549,1001.99,1000.0,-1.99,50.49,203.0,2.2625,0.1293,LOCK,0,normal
5077,5632862,7617,54994.0,-0.0468,-0.0117,-0.8346,0.83599,1002.0,1000.0,-2.0,50.49,203.0,2.2692,0.2301,LOCK,0,normal
5078,5632871,7626,55003.0,-0.0468,-0.0117,-0.8346,0.83599,1002.01,1000.0,-2.01,50.49,203.0,2.264,0.1513,LOCK,0,normal
5079,5632879,7634,55011.0,0.0078,0.0156,-0.8346,0.83478,1002.02,1000.0,-2.02,50.49,203.0,2.2546,0.0087,LOCK,0,normal
5080,5632887,7642,55019.0,-0.0312,0.0117,-0.7605,0.76123,1002.03,1000.0,-2.03,50.49,203.0,2.2501,-0.0584,LOCK,0,normal
5081,5632896,7651,55028.0,-0.0117,0.0741,-0.7527,0.75643,1002.03,1000.0,-2.03,50.49,203.0,2.2594,0.082,LOCK,0,normal
5082,5632916,7671,55048.0,-0.2067,0.0351,-0.819,0.84541,1002.03,1000.0,-2.03,50.49,203.0,2.2756,0.3274,LOCK,0,normal
5083,5632924,7679,55056.0,0.0,-0.117,-0.8268,0.83504,1002.03,1000.0,-2.03,50.49,203.0,2.2735,0.2957,LOCK,0,normal
5084,5632932,7687,55064.0,0.0,-0.117,-0.8268,0.83504,1002.04,1000.0,-2.04,50.49,203.0,2.2538,-0.0035,LOCK,0,normal
5085,5632941,7696,55073.0,0.0039,-0.0819,-0.8073,0.81145,1002.04,1000.0,-2.04,50.49,203.0,2.2632,0.1397,LOCK,0,normal
5086,5632949,7704,55081.0,-0.0351,0.0195,-0.7137,0.71483,1002.04,1000.0,-2.04,50.49,203.0,2.2585,0.0686,LOCK,0,normal
5087,5632964,7719,55096.0,-0.0936,0.0936,-0.6669,0.67991,1002.04,1000.0,-2.04,50.49,203.0,2.2778,0.3601,LOCK,0,normal
5088,5632978,7733,55110.0,-0.1014,0.0975,-0.8541,0.86561,1002.04,1000.0,-2.04,50.49,203.0,2.2793,0.3839,LOCK,0,normal
5089,5632986,7741,55118.0,-0.0975,-0.0819,-0.8229,0.83269,1002.05,1000.0,-2.05,50.49,203.0,2.274,0.3027,LOCK,0,normal
5090,5632995,7750,55127.0,0.0117,0.0819,-0.8736,0.87751,1002.05,1000.0,-2.05,50.49,203.0,2.2835,0.4465,LOCK,0,normal
5091,5633003,7758,55135.0,0.0117,0.0819,-0.8736,0.87751,1002.05,1000.0,-2.05,50.49,203.0,2.2785,0.3711,LOCK,0,normal
5092,5633012,7767,55144.0,-0.0468,0.0078,-0.8385,0.83984,1002.05,1000.0,-2.05,50.49,203.0,2.2708,0.2545,LOCK,0,normal
5093,5633021,7776,55153.0,-0.0507,0.0546,-0.7683,0.7719,1002.04,1000.0,-2.04,50.49,203.0,2.2775,0.3555,LOCK,0,normal
5094,5633029,7784,55161.0,-0.1989,0.0195,-0.7683,0.79387,1002.03,1000.0,-2.03,50.49,203.0,2.2441,-0.1497,LOCK,0,normal
5095,5633037,7792,55169.0,-0.1911,0.195,-0.7605,0.80803,1002.02,1000.0,-2.02,50.49,203.0,2.2695,0.2355,LOCK,0,normal
5096,5633046,7801,55178.0,0.0234,0.117,-0.8658,0.87398,1002.02,1000.0,-2.02,50.49,203.0,2.2627,0.1318,LOCK,0,normal
5097,5633054,7809,55186.0,0.0234,0.117,-0.8658,0.87398,1002.01,1000.0,-2.01,50.49,203.0,2.2686,0.2206,LOCK,0,normal
5098,5633073,7828,55205.0,-0.0117,-0.1209,-0.7917,0.80096,1002.01,1000.0,-2.01,50.49,203.0,2.2775,0.3555,LOCK,0,normal
5099,5633081,7836,55213.0,-0.0858,0.1209,-0.7488,0.76333,1002.0,1000.0,-2.0,50.49,203.0,2.2625,0.129,LOCK,0,normal
5100,5633090,7845,55222.0,-0.1404,-0.0546,-0.7293,0.7447,1002.0,1000.0,-2.0,50.49,203.0,2.2466,-0.1118,LOCK,0,normal
5101,5633098,7853,55230.0,-0.1755,0.1794,-0.7956,0.83424,1002.0,1000.0,-2.0,50.49,203.0,2.2691,0.2288,LOCK,0,normal
5102,5633107,7862,55239.0,-0.1755,0.1794,-0.7956,0.83424,1002.0,1000.0,-2.0,50.49,203.0,2.2421,-0.1799,LOCK,0,normal
5103,5633117,7872,55249.0,-0.1092,0.0312,-0.7254,0.73424,1001.99,1000.0,-1.99,50.49,203.0,2.2776,0.3583,LOCK,0,normal
5104,5633125,7880,55257.0,-0.0663,0.0273,-0.7605,0.76387,1001.99,1000.0,-1.99,50.49,203.0,2.2782,0.3674,LOCK,0,normal
5105,5633134,7889,55266.0,-0.0546,0.156,-0.8034,0.82022,1001.99,1000.0,-1.99,50.49,203.0,2.2539,-0.0013,LOCK,0,normal
5106,5633142,7897,55274.0,-0.0273,0.2184,-0.741,0.773,1002.0,1000.0,-2.0,50.49,203.0,2.2703,0.2471,LOCK,0,normal
5107,5633151,7906,55283.0,-0.1209,-0.0663,-0.8736,0.88441,1002.0,1000.0,-2.0,50.49,203.0,2.2567,0.0414,LOCK,0,normal
5108,5633159,7914,55291.0,-0.1209,-0.1209,-0.7761,0.79471,1002.0,1000.0,-2.0,50.49,203.0,2.2794,0.3848,LOCK,0,normal
5109,5633172,7927,55304.0,-0.0273,-0.0585,-0.8151,0.81765,1002.0,1000.0,-2.0,50.49,203.0,2.2881,0.5173,LOCK,0,normal
5110,5633186,7941,55318.0,0.0117,0.0507,-0.7722,0.77395,1002.0,1000.0,-2.0,50.49,203.0,2.2789,0.3775,LOCK,0,normal
5111,5633194,7949,55326.0,-0.0663,0.0507,-0.8073,0.8116,1002.01,1000.0,-2.01,50.49,203.0,2.2576,0.0548,LOCK,0,normal
5112,5633203,7958,55335.0,-0.039,0.2613,-0.6981,0.74642,1002.01,1000.0,-2.01,50.49,203.0,2.2537,-0.005,LOCK,0,normal
5113,5633211,7966,55343.0,-0.156,-0.0546,-0.9126,0.92745,1002.01,1000.0,-2.01,50.49,203.0,2.2609,0.1049,LOCK,0,normal
5114,5633220,7975,55352.0,-0.156,-0.0546,-0.9126,0.92745,1002.01,1000.0,-2.01,50.49,203.0,2.2607,0.1015,LOCK,0,normal
5115,5633272,8027,55404.0,-0.1989,0.1014,-0.819,0.84888,1002.02,1000.0,-2.02,50.49,203.0,2.2735,0.2951,LOCK,0,normal
5116,5633281,8036,55413.0,-0.1989,0.1014,-0.819,0.84888,1002.02,1000.0,-2.02,50.49,203.0,2.2703,0.2465,LOCK,0,normal
5117,5633289,8044,55421.0,-0.0741,-0.0897,-0.8346,0.84267,1002.02,1000.0,-2.02,50.49,203.0,2.2769,0.3473,LOCK,0,normal
5118,5633298,8053,55430.0,0.0585,0.0273,-0.8502,0.85265,1002.02,1000.0,-2.02,50.49,203.0,2.2711,0.2597,LOCK,0,normal
5119,5633307,8062,55439.0,-0.0741,-0.0624,-0.7956,0.80148,1002.02,1000.0,-2.02,50.49,203.0,2.2724,0.2783,LOCK,0,normal
5120,5633315,8070,55447.0,-0.1209,0.156,-0.8307,0.85382,1002.04,1000.0,-2.04,50.49,203.0,2.2812,0.4117,LOCK,0,normal
5121,5633323,8078,55455.0,-0.0546,0.1053,-0.7176,0.72734,1002.05,1000.0,-2.05,50.49,203.0,2.2869,0.4987,LOCK,0,normal
5122,5633332,8087,55464.0,-0.0546,0.1053,-0.7176,0.72734,1002.07,1000.0,-2.07,50.49,203.0,2.2674,0.2026,LOCK,0,normal
5123,5633340,8095,55472.0,-0.0663,0.0234,-0.8697,0.87254,1002.08,1000.0,-2.08,50.49,203.0,2.2629,0.1351,LOCK,0,normal
5124,5633359,8114,55491.0,0.0312,0.0936,-0.8346,0.84041,1002.09,1000.0,-2.09,50.49,203.0,2.2542,0.0036,LOCK,0,normal
5125,5633368,8123,55500.0,-0.0819,0.0312,-0.8112,0.81592,1002.1,1000.0,-2.1,50.49,203.0,2.2681,0.2142,LOCK,0,normal
5126,5633377,8132,55509.0,-0.0078,0.1794,-0.8229,0.84226,1002.1,1000.0,-2.1,50.49,203.0,2.2766,0.3421,LOCK,0,normal
5127,5633390,8145,55522.0,-0.156,0.0702,-0.8229,0.84049,1002.11,1000.0,-2.11,50.49,203.0,2.2726,0.2819,LOCK,0,normal
5128,5633399,8154,55531.0,-0.2106,0.1989,-0.7995,0.85036,1002.11,1000.0,-2.11,50.49,203.0,2.2505,-0.0535,LOCK,0,normal
5129,5633407,8162,55539.0,-0.0468,-0.0585,-0.858,0.86126,1002.11,1000.0,-2.11,50.49,203.0,2.2546,0.0084,LOCK,0,normal
5130,5633416,8171,55548.0,-0.0195,0.0819,-0.7956,0.80004,1002.11,1000.0,-2.11,50.49,203.0,2.2581,0.0615,LOCK,0,normal
5131,5633425,8180,55557.0,-0.0195,0.0819,-0.7956,0.80004,1002.12,1000.0,-2.12,50.49,203.0,2.2757,0.3283,LOCK,0,normal
5132,5633433,8188,55565.0,-0.0702,0.0663,-0.8541,0.85954,1002.12,1000.0,-2.12,50.49,203.0,2.2734,0.2938,LOCK,0,normal
5133,5633442,8197,55574.0,-0.0312,0.3237,-0.7761,0.84148,1002.13,1000.0,-2.13,50.49,203.0,2.258,0.06,LOCK,0,normal
5134,5633450,8205,55582.0,-0.1326,0.0078,-0.8385,0.84896,1002.13,1000.0,-2.13,50.49,203.0,2.264,0.1522,LOCK,0,normal
5135,5633458,8213,55590.0,-0.1599,0.1755,-0.8502,0.88273,1002.14,1000.0,-2.14,50.49,203.0,2.2635,0.1434,LOCK,0,normal
5136,5633529,8284,55661.0,0.0078,0.0078,-0.8463,0.84637,1002.14,1000.0,-2.14,50.49,203.0,2.2747,0.3143,LOCK,0,normal
5137,5633537,8292,55669.0,0.0078,0.0078,-0.8463,0.84637,1002.14,1000.0,-2.14,50.49,203.0,2.2848,0.4663,LOCK,0,normal
5138,5633546,8301,55678.0,-0.0078,-0.039,-0.7839,0.78491,1002.15,1000.0,-2.15,50.49,203.0,2.2515,-0.038,LOCK,0,normal
5139,5633554,8309,55686.0,-0.1053,0.0663,-0.8112,0.82069,1002.13,1000.0,-2.13,50.49,203.0,2.2683,0.216,LOCK,0,normal
5140,5633563,8318,55695.0,0.0039,0.1911,-0.6318,0.66008,1002.12,1000.0,-2.12,50.49,203.0,2.2692,0.2304,LOCK,0,normal
5141,5633580,8335,55712.0,-0.1209,-0.0429,-0.7176,0.72898,1002.11,1000.0,-2.11,50.49,203.0,2.2742,0.3061,LOCK,0,normal
5142,5633593,8348,55725.0,-0.0195,0.0195,-0.78,0.78049,1002.1,1000.0,-2.1,50.49,203.0,2.279,0.379,LOCK,0,normal
5143,5633602,8357,55734.0,-0.0507,-0.0507,-0.7332,0.7367,1002.09,1000.0,-2.09,50.49,203.0,2.2519,-0.0319,LOCK,0,normal
5144,5633610,8365,55742.0,0.0468,0.0468,-0.7722,0.77503,1002.08,1000.0,-2.08,50.49,203.0,2.2697,0.2386,LOCK,0,normal
5145,5633619,8374,55751.0,0.0468,0.0468,-0.7722,0.77503,1002.08,1000.0,-2.08,50.49,203.0,2.2759,0.3317,LOCK,0,normal
5146,5633634,8389,55766.0,-0.195,0.0663,-0.819,0.8445,1002.09,1000.0,-2.09,50.49,203.0,2.2767,0.3433,LOCK,0,normal
5147,5633642,8397,55774.0,-0.0897,-0.0546,-0.8736,0.87989,1002.09,1000.0,-2.09,50.49,203.0,2.2404,-0.2062,LOCK,0,normal
5148,5633651,8406,55783.0,-0.0897,-0.0546,-0.8736,0.87989,1002.09,1000.0,-2.09,50.49,203.0,2.2652,0.1693,LOCK,0,normal
5149,5633659,8414,55791.0,-0.0039,0.0741,-0.8424,0.84566,1002.1,1000.0,-2.1,50.49,203.0,2.2716,0.2673,LOCK,0,normal
5150,5633684,8439,55816.0,0.0273,0.1092,-0.7644,0.77264,1002.08,1000.0,-2.08,50.49,203.0,2.28,0.394,LOCK,0,normal
5151,5633692,8447,55824.0,-0.1833,0.0975,-0.8931,0.91691,1002.07,1000.0,-2.07,50.49,203.0,2.2567,0.0411,LOCK,0,normal
5152,5633701,8456,55833.0,-0.1833,0.0975,-0.8931,0.91691,1002.06,1000.0,-2.06,50.49,203.0,2.2631,0.1379,LOCK,0,normal
5153,5633709,8464,55841.0,-0.0624,-0.1365,-0.8151,0.8288,1002.05,1000.0,-2.05,50.49,203.0,2.2698,0.2389,LOCK,0,normal
5154,5633733,8488,55865.0,-0.039,0.156,-0.8463,0.86144,1002.04,1000.0,-2.04,50.49,203.0,2.2728,0.2853,LOCK,0,normal
5155,5633742,8497,55874.0,-0.039,0.156,-0.8463,0.86144,1002.02,1000.0,-2.02,50.49,203.0,2.2633,0.1412,LOCK,0,normal
5156,5633750,8505,55882.0,-0.1638,0.0468,-0.7761,0.79458,1002.01,1000.0,-2.01,50.49,203.0,2.2572,0.0481,LOCK,0,normal
5157,5633758,8513,55890.0,-0.1833,0.1833,-0.7839,0.82565,1002.0,1000.0,-2.0,50.49,203.0,2.265,0.1659,LOCK,0,normal
5158,5633767,8522,55899.0,-0.0624,-0.1404,-0.9009,0.91391,1002.0,1000.0,-2.0,50.49,203.0,2.2549,0.0136,LOCK,0,normal
5159,5633798,8553,55930.0,0.0,0.1716,-0.7449,0.76441,1001.99,1000.0,-1.99,50.49,203.0,2.2507,-0.0493,LOCK,0,normal
5160,5633806,8561,55938.0,-0.1638,-0.0039,-0.7761,0.79321,1001.99,1000.0,-1.99,50.49,203.0,2.2511,-0.0441,LOCK,0,normal
5161,5633815,8570,55947.0,-0.1638,-0.0039,-0.7761,0.79321,1001.99,1000.0,-1.99,50.49,203.0,2.249,-0.0752,LOCK,0,normal
5162,5633823,8578,55955.0,-0.1638,0.1638,-0.8151,0.84738,1001.99,1000.0,-1.99,50.49,203.0,2.26,0.0902,LOCK,0,normal
5163,5633887,8642,56019.0,0.0195,0.0819,-0.7683,0.7729,1001.98,1000.0,-1.98,50.49,203.0,2.2883,0.5197,LOCK,0,normal
5164,5633896,8651,56028.0,0.0195,0.0819,-0.7683,0.7729,1001.98,1000.0,-1.98,50.49,203.0,2.2793,0.383,LOCK,0,normal
5165,5633904,8659,56036.0,-0.0078,-0.0897,-0.7839,0.78905,1001.97,1000.0,-1.97,50.49,203.0,2.2611,0.1073,LOCK,0,normal
5166,5633913,8668,56045.0,-0.1092,0.0585,-0.8268,0.83603,1001.96,1000.0,-1.96,50.49,203.0,2.2498,-0.0642,LOCK,0,normal
5167,5633921,8676,56053.0,0.0078,0.0702,-0.6747,0.67839,1001.94,1000.0,-1.94,50.49,203.0,2.2769,0.3473,LOCK,0,normal
5168,5633930,8685,56062.0,-0.1131,-0.1092,-0.9204,0.93373,1001.93,1000.0,-1.93,50.49,203.0,2.258,0.0609,LOCK,0,normal
5169,5633938,8693,56070.0,-0.1131,-0.1092,-0.9204,0.93373,1001.92,1000.0,-1.92,50.49,203.0,2.2757,0.3283,LOCK,0,normal
5170,5633946,8701,56078.0,-0.0741,-0.1053,-0.7254,0.73674,1001.91,1000.0,-1.91,50.49,203.0,2.2721,0.2746,LOCK,0,normal
5171,5633965,8720,56097.0,-0.0429,-0.0429,-0.741,0.74348,1001.9,1000.0,-1.9,50.49,203.0,2.2508,-0.0483,LOCK,0,normal
5172,5633974,8729,56106.0,0.0117,-0.0273,-0.7839,0.78446,1001.88,1000.0,-1.88,50.49,203.0,2.2551,0.0173,LOCK,0,normal
5173,5633982,8737,56114.0,-0.1677,0.1833,-0.6981,0.74099,1001.85,1000.0,-1.85,50.49,203.0,2.2623,0.125,LOCK,0,normal
5174,5633991,8746,56123.0,-0.1872,0.0039,-0.7917,0.81354,1001.84,1000.0,-1.84,50.49,203.0,2.2802,0.3976,LOCK,0,normal
5175,5634004,8759,56136.0,-0.117,-0.1599,-0.7761,0.80099,1001.82,1000.0,-1.82,50.49,203.0,2.2757,0.3289,LOCK,0,normal
5176,5634013,8768,56145.0,-0.0234,0.1209,-0.7566,0.76656,1001.8,1000.0,-1.8,50.49,203.0,2.2584,0.0667,LOCK,0,normal
5177,5634021,8776,56153.0,-0.0819,-0.0195,-0.702,0.70703,1001.79,1000.0,-1.79,50.49,203.0,2.261,0.1058,LOCK,0,normal
5178,5634029,8784,56161.0,-0.0819,-0.0195,-0.702,0.70703,1001.78,1000.0,-1.78,50.49,203.0,2.2611,0.107,LOCK,0,normal
5179,5634038,8793,56170.0,-0.1521,0.1365,-0.7683,0.79502,1001.76,1000.0,-1.76,50.49,203.0,2.2767,0.3439,LOCK,0,normal
5180,5634047,8802,56179.0,0.0,0.2028,-0.7215,0.74946,1001.74,1000.0,-1.74,50.49,203.0,2.2702,0.2459,LOCK,0,normal
5181,5634055,8810,56187.0,-0.1794,0.0195,-0.7605,0.78162,1001.72,1000.0,-1.72,50.49,203.0,2.2555,0.0225,LOCK,0,normal
5182,5634063,8818,56195.0,-0.0117,-0.0858,-0.7722,0.77704,1001.71,1000.0,-1.71,50.49,203.0,2.2554,0.021,LOCK,0,normal
5183,5634082,8837,56214.0,-0.0507,0.0624,-0.6747,0.67947,1001.69,1000.0,-1.69,50.49,203.0,2.2663,0.1867,LOCK,0,normal
5184,5634091,8846,56223.0,-0.0507,0.0624,-0.6747,0.67947,1001.67,1000.0,-1.67,50.49,203.0,2.2813,0.4138,LOCK,0,normal
5185,5634099,8854,56231.0,-0.0663,0.1248,-0.7878,0.80037,1001.65,1000.0,-1.65,50.49,203.0,2.253,-0.0145,LOCK,0,normal
5186,5634108,8863,56240.0,-0.117,0.0897,-0.7293,0.74405,1001.62,1000.0,-1.62,50.49,203.0,2.2643,0.1568,LOCK,0,normal
5187,5634116,8871,56248.0,-0.1092,0.156,-0.7761,0.79912,1001.61,1000.0,-1.61,50.49,203.0,2.2644,0.1583,LOCK,0,normal
5188,5634125,8880,56257.0,-0.1248,-0.1443,-0.8073,0.82954,1001.59,1000.0,-1.59,50.49,203.0,2.2531,-0.0135,LOCK,0,normal
5189,5634145,8900,56277.0,-0.0585,0.0663,-0.7605,0.76562,1001.57,1000.0,-1.57,50.49,203.0,2.2753,0.3228,LOCK,0,normal
5190,5634153,8908,56285.0,-0.0585,0.0663,-0.7605,0.76562,1001.55,1000.0,-1.55,50.49,203.0,2.2522,-0.0276,LOCK,0,normal
5191,5634161,8916,56293.0,0.0,0.078,-0.6591,0.6637,1001.53,1000.0,-1.53,50.49,203.0,2.2628,0.1339,LOCK,0,normal
5192,5634170,8925,56302.0,-0.1521,0.0429,-0.6864,0.70436,1001.51,1000.0,-1.51,50.49,203.0,2.2519,-0.0319,LOCK,0,normal
5193,5634178,8933,56310.0,-0.2145,0.1872,-0.7683,0.81935,1001.49,1000.0,-1.49,50.49,203.0,2.2601,0.093,LOCK,0,normal
5194,5634189,8944,56321.0,0.0078,0.0546,-0.7995,0.8014,1001.48,1000.0,-1.48,50.49,203.0,2.2642,0.1553,LOCK,0,normal
5195,5634207,8962,56339.0,-0.0234,-0.0273,-0.7566,0.75745,1001.46,1000.0,-1.46,50.49,203.0,2.2791,0.3808,LOCK,0,normal
5196,5634216,8971,56348.0,-0.0546,0.1833,-0.7332,0.75773,1001.43,1000.0,-1.43,50.49,203.0,2.276,0.3332,LOCK,0,normal
5197,5634224,8979,56356.0,-0.0546,0.1833,-0.7332,0.75773,1001.4,1000.0,-1.4,50.49,203.0,2.2739,0.3015,LOCK,0,normal
5198,5634233,8988,56365.0,-0.2418,-0.2067,-0.6747,0.74593,1001.38,1000.0,-1.38,50.49,203.0,2.2762,0.3357,LOCK,0,normal
5199,5634241,8996,56373.0,-0.1209,0.0351,-0.7995,0.80935,1001.36,1000.0,-1.36,50.49,203.0,2.2693,0.2316,LOCK,0,normal
5200,5634250,9005,56382.0,-0.0429,0.0039,-0.7605,0.76172,1001.34,1000.0,-1.34,50.49,203.0,2.2754,0.325,LOCK,0,normal
5201,5634258,9013,56390.0,-0.0039,-0.0624,-0.8034,0.80583,1001.32,1000.0,-1.32,50.49,203.0,2.2514,-0.0392,LOCK,0,normal
5202,5634267,9022,56399.0,-0.0039,-0.0624,-0.8034,0.80583,1001.3,1000.0,-1.3,50.49,203.0,2.262,0.1205,LOCK,0,normal
5203,5634285,9040,56417.0,0.0234,0.0507,-0.6981,0.70033,1001.29,1000.0,-1.29,50.49,203.0,2.2587,0.0713,LOCK,0,normal
5204,5634294,9049,56426.0,-0.1365,-0.0819,-0.936,0.94944,1001.28,1000.0,-1.28,50.49,203.0,2.2759,0.3311,LOCK,0,normal
5205,5634302,9057,56434.0,-0.0741,-0.0468,-0.7059,0.71132,1001.27,1000.0,-1.27,50.49,203.0,2.273,0.2884,LOCK,0,normal
5206,5634311,9066,56443.0,-0.0546,0.0429,-0.7605,0.76366,1001.26,1000.0,-1.26,50.49,203.0,2.2404,-0.2062,LOCK,0,normal
5207,5634319,9074,56451.0,-0.0195,-0.0351,-0.7371,0.73819,1001.25,1000.0,-1.25,50.49,203.0,2.255,0.0158,LOCK,0,normal
5208,5634328,9083,56460.0,-0.0195,-0.0351,-0.7371,0.73819,1001.24,1000.0,-1.24,50.49,203.0,2.2613,0.111,LOCK,0,normal
5209,5634336,9091,56468.0,0.0039,-0.0117,-0.8034,0.80349,1001.21,1000.0,-1.21,50.49,203.0,2.2531,-0.0129,LOCK,0,normal
5210,5634346,9101,56478.0,-0.1521,0.1794,-0.7215,0.75887,1001.18,1000.0,-1.18,50.49,203.0,2.2673,0.2011,LOCK,0,normal
5211,5634354,9109,56486.0,-0.1248,-0.0507,-0.7995,0.81077,1001.16,1000.0,-1.16,50.49,203.0,2.2734,0.2932,LOCK,0,normal
5212,5634363,9118,56495.0,-0.0702,-0.1053,-0.7722,0.7825,1001.14,1000.0,-1.14,50.49,203.0,2.2557,0.0264,LOCK,0,normal
5213,5634381,9136,56513.0,-0.0507,-0.0546,-0.7137,0.71758,1001.12,1000.0,-1.12,50.49,203.0,2.2519,-0.0312,LOCK,0,normal
5214,5634390,9145,56522.0,-0.0507,-0.0546,-0.7137,0.71758,1001.1,1000.0,-1.1,50.49,203.0,2.2736,0.2972,LOCK,0,normal
5215,5634398,9153,56530.0,-0.039,0.2106,-0.819,0.84654,1001.09,1000.0,-1.09,50.49,203.0,2.2676,0.2062,LOCK,0,normal
5216,5634412,9167,56544.0,-0.2301,-0.039,-0.8502,0.88165,1001.07,1000.0,-1.07,50.49,203.0,2.2802,0.3964,LOCK,0,normal
5217,5634420,9175,56552.0,-0.2301,-0.039,-0.8502,0.88165,1001.06,1000.0,-1.06,50.49,203.0,2.2736,0.2975,LOCK,0,normal
5218,5634429,9184,56561.0,-0.0078,-0.117,-0.8346,0.8428,1001.05,1000.0,-1.05,50.49,203.0,2.2576,0.0539,LOCK,0,normal
5219,5634437,9192,56569.0,-0.0312,-0.0312,-0.8424,0.84355,1001.05,1000.0,-1.05,50.49,203.0,2.2474,-0.1002,LOCK,0,normal
5220,5634445,9200,56577.0,-0.0429,0.0819,-0.741,0.74675,1001.04,1000.0,-1.04,50.49,203.0,2.2571,0.0475,LOCK,0,normal
5221,5634454,9209,56586.0,-0.0429,0.195,-0.8268,0.85057,1001.02,1000.0,-1.02,50.49,203.0,2.2768,0.346,LOCK,0,normal
5222,5634502,9257,56634.0,0.039,-0.0312,-0.7878,0.78938,1001.01,1000.0,-1.01,50.49,203.0,2.2739,0.3012,LOCK,0,normal
5223,5634511,9266,56643.0,-0.0975,0.0975,-0.7293,0.74222,1000.98,1000.0,-0.98,50.49,203.0,2.2812,0.412,LOCK,0,normal
5224,5634519,9274,56651.0,-0.0273,0.0312,-0.6552,0.65651,1000.95,1000.0,-0.95,50.49,203.0,2.276,0.3326,LOCK,0,normal
5225,5634528,9283,56660.0,-0.1989,0.078,-0.663,0.69657,1000.92,1000.0,-0.92,50.49,203.0,2.2798,0.3909,LOCK,0,normal
5226,5634536,9291,56668.0,-0.3081,0.1872,-0.7371,0.82054,1000.9,1000.0,-0.9,50.49,203.0,2.2791,0.3805,LOCK,0,normal
5227,5634545,9300,56677.0,0.0195,0.0117,-0.8463,0.84661,1000.88,1000.0,-0.88,50.49,203.0,2.2732,0.2914,LOCK,0,normal
5228,5634553,9308,56685.0,0.0195,0.0117,-0.8463,0.84661,1000.86,1000.0,-0.86,50.49,203.0,2.2727,0.2841,LOCK,0,normal
5229,5634562,9317,56694.0,-0.039,-0.0819,-0.8112,0.81626,1000.84,1000.0,-0.84,50.49,203.0,2.2529,-0.0169,LOCK,0,normal
5230,5634570,9325,56702.0,0.0,-0.0234,-0.7995,0.79984,1000.82,1000.0,-0.82,50.49,203.0,2.2579,0.0588,LOCK,0,normal
5231,5634589,9344,56721.0,-0.2418,-0.1872,-0.6591,0.72658,1000.78,1000.0,-0.78,50.49,203.0,2.2615,0.1131,LOCK,0,normal
5232,5634597,9352,56729.0,-0.078,0.1092,-0.9009,0.91084,1000.75,1000.0,-0.75,50.49,203.0,2.2702,0.245,LOCK,0,normal
5233,5634606,9361,56738.0,-0.0663,0.0429,-0.7878,0.79175,1000.71,1000.0,-0.71,50.49,203.0,2.2747,0.3131,LOCK,0,normal
5234,5634620,9375,56752.0,-0.039,-0.0546,-0.8073,0.81008,1000.68,1000.0,-0.68,50.49,203.0,2.262,0.1217,LOCK,0,normal
5235,5634628,9383,56760.0,-0.0078,0.0351,-0.8151,0.81589,1000.66,1000.0,-0.66,50.49,203.0,2.2531,-0.0129,LOCK,0,normal
5236,5634636,9391,56768.0,-0.0468,0.117,-0.7449,0.75548,1000.64,1000.0,-0.64,50.49,203.0,2.2617,0.1162,LOCK,0,normal
5237,5634645,9400,56777.0,-0.0468,0.117,-0.7449,0.75548,1000.62,1000.0,-0.62,50.49,203.0,2.2587,0.0713,LOCK,0,normal
5238,5634653,9408,56785.0,-0.2418,-0.0702,-0.936,0.96927,1000.6,1000.0,-0.6,50.49,203.0,2.2849,0.4681,LOCK,0,normal
5239,5634662,9417,56794.0,-0.0975,0.0234,-0.7605,0.76708,1000.58,1000.0,-0.58,50.49,203.0,2.2795,0.3866,LOCK,0,normal
5240,5634670,9425,56802.0,-0.0273,0.1482,-0.8502,0.86345,1000.57,1000.0,-0.57,50.49,203.0,2.2603,0.096,LOCK,0,normal
5241,5634679,9434,56811.0,0.0156,0.0468,-0.8073,0.80881,1000.56,1000.0,-0.56,50.49,203.0,2.2761,0.3351,LOCK,0,normal
5242,5634697,9452,56829.0,-0.0585,0.0468,-0.858,0.86126,1000.55,1000.0,-0.55,50.49,203.0,2.2786,0.3726,LOCK,0,normal
5243,5634706,9461,56838.0,-0.1053,0.156,-0.7644,0.78723,1000.54,1000.0,-0.54,50.49,203.0,2.2826,0.434,LOCK,0,normal
5244,5634755,9510,56887.0,0.0234,0.1638,-0.8268,0.84319,1000.53,1000.0,-0.53,50.49,203.0,2.2739,0.3021,LOCK,0,normal
5245,5634764,9519,56896.0,-0.1326,0.2301,-0.7761,0.82028,1000.52,1000.0,-0.52,50.49,203.0,2.2814,0.4153,LOCK,0,normal
5246,5634772,9527,56904.0,-0.195,0.0156,-0.8697,0.89143,1000.51,1000.0,-0.51,50.49,203.0,2.2524,-0.0236,LOCK,0,normal
5247,5634781,9536,56913.0,-0.078,-0.1287,-0.8346,0.84806,1000.5,1000.0,-0.5,50.49,203.0,2.2609,0.1052,LOCK,0,normal
5248,5634789,9544,56921.0,-0.078,-0.1287,-0.8346,0.84806,1000.5,1000.0,-0.5,50.49,203.0,2.2497,-0.0654,LOCK,0,normal
5249,5634803,9558,56935.0,-0.0195,0.0546,-0.7605,0.76271,1000.49,1000.0,-0.49,50.49,203.0,2.2621,0.1223,LOCK,0,normal
5250,5634811,9566,56943.0,-0.0624,0.1326,-0.8268,0.83969,1000.48,1000.0,-0.48,50.49,203.0,2.2811,0.4105,LOCK,0,normal
5251,5634825,9580,56957.0,-0.0741,0.1833,-0.7254,0.75186,1000.46,1000.0,-0.46,50.49,203.0,2.2794,0.3854,LOCK,0,normal
5252,5634833,9588,56965.0,-0.0858,0.0078,-0.8736,0.87784,1000.45,1000.0,-0.45,50.49,203.0,2.2734,0.2938,LOCK,0,normal
5253,5634841,9596,56973.0,-0.0273,-0.0897,-0.8268,0.8321,1000.44,1000.0,-0.44,50.49,203.0,2.261,0.1055,LOCK,0,normal
5254,5634850,9605,56982.0,-0.0273,-0.0897,-0.8268,0.8321,1000.43,1000.0,-0.43,50.49,203.0,2.2723,0.2771,LOCK,0,normal
5255,5634858,9613,56990.0,0.0468,0.0078,-0.8229,0.82427,1000.42,1000.0,-0.42,50.49,203.0,2.2785,0.3705,LOCK,0,normal
5256,5634867,9622,56999.0,-0.1014,0.0156,-0.7488,0.7558,1000.42,1000.0,-0.42,50.49,203.0,2.2742,0.3058,LOCK,0,normal
5257,5634875,9630,57007.0,-0.0507,0.0312,-0.6942,0.69675,1000.4,1000.0,-0.4,50.49,203.0,2.2542,0.0023,LOCK,0,normal
5258,5634884,9639,57016.0,-0.1365,0.1014,-0.7059,0.72609,1000.39,1000.0,-0.39,50.49,203.0,2.2556,0.024,LOCK,0,normal
5259,5634892,9647,57024.0,-0.1365,0.1014,-0.7059,0.72609,1000.37,1000.0,-0.37,50.49,203.0,2.2562,0.0332,LOCK,0,normal
5260,5634911,9666,57043.0,-0.0858,-0.0039,-0.7878,0.79247,1000.36,1000.0,-0.36,50.49,203.0,2.274,0.3027,LOCK,0,normal
5261,5634920,9675,57052.0,-0.0195,-0.0234,-0.8073,0.80787,1000.35,1000.0,-0.35,50.49,203.0,2.2758,0.3302,LOCK,0,normal
5262,5634928,9683,57060.0,-0.0936,-0.0819,-0.7878,0.79756,1000.34,1000.0,-0.34,50.49,203.0,2.2465,-0.1143,LOCK,0,normal
5263,5634936,9691,57068.0,-0.0663,0.156,-0.819,0.83636,1000.33,1000.0,-0.33,50.49,203.0,2.2594,0.0823,LOCK,0,normal
5264,5634945,9700,57077.0,-0.1911,-0.0078,-0.7605,0.78418,1000.31,1000.0,-0.31,50.49,203.0,2.2595,0.0826,LOCK,0,normal
5265,5634953,9708,57085.0,-0.1911,-0.0078,-0.7605,0.78418,1000.3,1000.0,-0.3,50.49,203.0,2.2599,0.0893,LOCK,0,normal
5266,5634962,9717,57094.0,-0.1287,0.2457,-0.9126,0.95382,1000.29,1000.0,-0.29,50.49,203.0,2.2735,0.2957,LOCK,0,normal
5267,5634981,9736,57113.0,-0.0117,-0.0468,-0.8502,0.85157,1000.28,1000.0,-0.28,50.49,203.0,2.2508,-0.048,LOCK,0,normal
5268,5634989,9744,57121.0,-0.0663,0.0195,-0.8268,0.82968,1000.27,1000.0,-0.27,50.49,203.0,2.2707,0.2523,LOCK,0,normal
5269,5634997,9752,57129.0,-0.0468,0.2145,-0.7449,0.77658,1000.27,1000.0,-0.27,50.49,203.0,2.2608,0.1037,LOCK,0,normal
5270,5635006,9761,57138.0,-0.1404,-0.1638,-0.819,0.84694,1000.26,1000.0,-0.26,50.49,203.0,2.2644,0.1574,LOCK,0,normal
5271,5635015,9770,57147.0,-0.1404,-0.1638,-0.819,0.84694,1000.26,1000.0,-0.26,50.49,203.0,2.2772,0.3522,LOCK,0,normal
5272,5635028,9783,57160.0,-0.078,0.0585,-0.7917,0.79768,1000.26,1000.0,-0.26,50.49,203.0,2.2741,0.3048,LOCK,0,normal
5273,5635036,9791,57168.0,-0.0468,0.0273,-0.741,0.74298,1000.26,1000.0,-0.26,50.49,203.0,2.2535,-0.0068,LOCK,0,normal
5274,5635045,9800,57177.0,-0.0468,0.0273,-0.741,0.74298,1000.25,1000.0,-0.25,50.49,203.0,2.2585,0.0683,LOCK,0,normal
5275,5635053,9808,57185.0,-0.0273,0.039,-0.8073,0.8087,1000.25,1000.0,-0.25,50.49,203.0,2.2559,0.0292,LOCK,0,normal
5276,5635062,9817,57194.0,-0.0741,0.1989,-0.7059,0.73712,1000.24,1000.0,-0.24,50.49,203.0,2.257,0.046,LOCK,0,normal
5277,5635127,9882,57259.0,-0.0351,0.2418,-0.7683,0.80622,1000.23,1000.0,-0.23,50.49,203.0,2.276,0.3335,LOCK,0,normal
5278,5635136,9891,57268.0,-0.1638,0.0585,-0.8619,0.87927,1000.22,1000.0,-0.22,50.49,203.0,2.2808,0.4068,LOCK,0,normal
5279,5635144,9899,57276.0,-0.0858,-0.0663,-0.8034,0.81068,1000.21,1000.0,-0.21,50.49,203.0,2.2683,0.2166,LOCK,0,normal
5280,5635153,9908,57285.0,-0.0351,-0.0897,-0.8385,0.84401,1000.21,1000.0,-0.21,50.49,203.0,2.2709,0.2557,LOCK,0,normal
5281,5635161,9916,57293.0,-0.0078,0.0273,-0.7059,0.70647,1000.2,1000.0,-0.2,50.49,203.0,2.2747,0.3137,LOCK,0,normal
5282,5635170,9925,57302.0,-0.0819,0.0273,-0.7917,0.79639,1000.19,1000.0,-0.19,50.49,203.0,2.2811,0.4105,LOCK,0,normal
5283,5635178,9933,57310.0,-0.0819,0.0273,-0.7917,0.79639,1000.18,1000.0,-0.18,50.49,203.0,2.2531,-0.0141,LOCK,0,normal
5284,5635186,9941,57318.0,-0.0429,0.1599,-0.6357,0.6569,1000.17,1000.0,-0.17,50.49,203.0,2.261,0.1055,LOCK,0,normal
5285,5635205,9960,57337.0,-0.0663,-0.1131,-0.7917,0.80248,1000.16,1000.0,-0.16,50.49,203.0,2.2507,-0.0502,LOCK,0,normal
5286,5635219,9974,57351.0,0.0351,0.0195,-0.7878,0.78882,1000.15,1000.0,-0.15,50.49,203.0,2.2741,0.3039,LOCK,0,normal
5287,5635233,9988,57365.0,-0.1326,0.0546,-0.6942,0.70886,1000.15,1000.0,-0.15,50.49,203.0,2.2773,0.3531,LOCK,0,normal
5288,5635241,9996,57373.0,-0.1326,0.0546,-0.6942,0.70886,1000.13,1000.0,-0.13,50.49,203.0,2.2551,0.0173,LOCK,0,normal
5289,5635250,10005,57382.0,-0.1482,0.0585,-0.7059,0.72366,1000.11,1000.0,-0.11,50.49,203.0,2.2567,0.0408,LOCK,0,normal
5290,5635258,10013,57390.0,-0.1482,0.1014,-0.7878,0.80801,1000.1,1000.0,-0.1,50.49,203.0,2.2605,0.0979,LOCK,0,normal
5291,5635267,10022,57399.0,-0.0897,-0.0156,-0.8658,0.87057,1000.09,1000.0,-0.09,50.49,203.0,2.2801,0.3955,LOCK,0,normal
5292,5635275,10030,57407.0,-0.0195,0.0234,-0.8385,0.83905,1000.08,1000.0,-0.08,50.49,203.0,2.2724,0.2786,LOCK,0,normal
5293,5635284,10039,57416.0,-0.0468,-0.1014,-0.8268,0.83431,1000.07,1000.0,-0.07,50.49,203.0,2.2631,0.1385,LOCK,0,normal
5294,5635292,10047,57424.0,-0.0468,-0.1014,-0.8268,0.83431,1000.06,1000.0,-0.06,50.49,203.0,2.2712,0.2612,LOCK,0,normal
5295,5635311,10066,57443.0,-0.117,0.0117,-0.7488,0.75798,1000.05,1000.0,-0.05,50.49,203.0,2.2703,0.2462,LOCK,0,normal
