sample_index,time_ms_raw,time_ms_zero,elapsed_ms,ax_g,ay_g,az_g,total_g,rpm,target_rpm,rpm_error,pwm_eq,duty_10bit,acs_v,current_a,control_mode,state,fault_type
2943,1209985,0,31322.0,0.2145,0.1599,-0.7332,0.78049,988.98,1000.0,11.02,50.96,204.0,2.238,-0.2419,LOCK,0,normal
2944,1209994,9,31331.0,-0.0507,0.0234,-0.8619,0.86371,988.98,1000.0,11.02,50.96,204.0,2.2513,-0.0404,LOCK,0,normal
2945,1210005,20,31342.0,-0.1755,-0.0156,-0.8268,0.84536,988.99,1000.0,11.01,50.96,204.0,2.2691,0.2285,LOCK,0,normal
2946,1210014,29,31351.0,-0.3393,0.0624,-0.8034,0.87434,988.99,1000.0,11.01,50.96,204.0,2.2565,0.038,LOCK,0,normal
2947,1210022,37,31359.0,-0.3393,0.0624,-0.8034,0.87434,989.0,1000.0,11.0,50.96,204.0,2.2681,0.2139,LOCK,0,normal
2948,1210031,46,31368.0,-0.1131,0.1365,-0.7956,0.81511,989.01,1000.0,10.99,50.96,204.0,2.2651,0.1681,LOCK,0,normal
2949,1210039,54,31376.0,0.2223,-0.0312,-0.78,0.81166,989.03,1000.0,10.97,50.96,204.0,2.2722,0.2758,LOCK,0,normal
2950,1210048,63,31385.0,0.1287,0.1599,-0.7254,0.75388,989.04,1000.0,10.96,50.96,204.0,2.27,0.2432,LOCK,0,normal
2951,1210056,71,31393.0,-0.0312,0.0663,-0.78,0.78343,989.05,1000.0,10.95,50.96,204.0,2.2621,0.1226,LOCK,0,normal
2952,1210065,80,31402.0,-0.1872,-0.0429,-0.8229,0.84501,989.06,1000.0,10.94,50.96,204.0,2.2678,0.2096,LOCK,0,normal
2953,1210073,88,31410.0,-0.1872,-0.0429,-0.8229,0.84501,989.07,1000.0,10.93,50.96,204.0,2.2469,-0.1079,LOCK,0,normal
2954,1210082,97,31419.0,-0.312,-0.1053,-0.8346,0.89721,989.08,1000.0,10.92,50.96,204.0,2.2558,0.0277,LOCK,0,normal
2955,1210090,105,31427.0,-0.2925,0.1482,-0.7917,0.85692,989.09,1000.0,10.91,50.96,204.0,2.2569,0.0432,LOCK,0,normal
2956,1210109,124,31446.0,0.1521,0.0351,-0.7761,0.79164,989.09,1000.0,10.91,50.96,204.0,2.2608,0.1034,LOCK,0,normal
2957,1210122,137,31459.0,-0.0819,-0.0195,-0.7527,0.75739,989.09,1000.0,10.91,50.96,204.0,2.2709,0.2557,LOCK,0,normal
2958,1210131,146,31468.0,-0.2379,-0.1014,-0.8619,0.89986,989.09,1000.0,10.91,50.96,204.0,2.2596,0.0841,LOCK,0,normal
2959,1210139,154,31476.0,-0.1638,0.0351,-0.7683,0.78635,989.08,1000.0,10.92,50.96,204.0,2.2528,-0.0187,LOCK,0,normal
2960,1210148,163,31485.0,-0.2301,0.156,-0.78,0.82806,989.08,1000.0,10.92,50.96,204.0,2.2519,-0.0312,LOCK,0,normal
2961,1210156,171,31493.0,-0.2301,0.156,-0.78,0.82806,989.08,1000.0,10.92,50.96,204.0,2.2489,-0.0767,LOCK,0,normal
2962,1210164,179,31501.0,0.2223,0.0312,-0.7956,0.82666,989.08,1000.0,10.92,50.96,204.0,2.2562,0.0341,LOCK,0,normal
2963,1210204,219,31541.0,-0.195,-0.0702,-0.8346,0.85995,989.07,1000.0,10.93,50.96,204.0,2.2691,0.2285,LOCK,0,normal
2964,1210212,227,31549.0,-0.1482,0.1716,-0.8736,0.90254,989.06,1000.0,10.94,50.96,204.0,2.275,0.3186,LOCK,0,normal
2965,1210221,236,31558.0,0.2184,0.117,-0.6474,0.69319,989.05,1000.0,10.95,50.96,204.0,2.2647,0.1617,LOCK,0,normal
2966,1210230,245,31567.0,0.1287,-0.0273,-0.858,0.86803,989.04,1000.0,10.96,50.96,204.0,2.2641,0.1528,LOCK,0,normal
2967,1210238,253,31575.0,0.1287,-0.0273,-0.858,0.86803,989.03,1000.0,10.97,50.96,204.0,2.2641,0.1531,LOCK,0,normal
2968,1210247,262,31584.0,-0.039,0.1053,-0.7917,0.79962,989.02,1000.0,10.98,50.96,204.0,2.265,0.1666,LOCK,0,normal
2969,1210255,270,31592.0,-0.3705,-0.1716,-0.7761,0.87695,989.02,1000.0,10.98,50.96,204.0,2.2432,-0.1631,LOCK,0,normal
2970,1210264,279,31601.0,-0.117,0.1365,-0.8034,0.82327,989.01,1000.0,10.99,50.96,204.0,2.2712,0.26,LOCK,0,normal
2971,1210272,287,31609.0,-0.0663,-0.0195,-0.8268,0.82968,989.0,1000.0,11.0,50.96,204.0,2.2511,-0.0435,LOCK,0,normal
2972,1210305,320,31642.0,-0.2379,-0.0897,-0.8385,0.8762,988.98,1000.0,11.02,50.96,204.0,2.2642,0.1547,LOCK,0,normal
2973,1210314,329,31651.0,-0.2457,-0.0468,-0.7761,0.81541,988.96,1000.0,11.04,50.96,204.0,2.2648,0.1641,LOCK,0,normal
2974,1210327,342,31664.0,-0.2613,0.1872,-0.8268,0.88708,988.94,1000.0,11.06,50.96,204.0,2.2702,0.2456,LOCK,0,normal
2975,1210336,351,31673.0,0.0039,0.1209,-0.819,0.82788,988.92,1000.0,11.08,50.96,204.0,2.2638,0.1479,LOCK,0,normal
2976,1210344,359,31681.0,0.3627,0.0897,-0.6903,0.78493,988.89,1000.0,11.11,50.96,204.0,2.2707,0.2529,LOCK,0,normal
2977,1210353,368,31690.0,0.1092,0.0156,-0.8619,0.86893,988.87,1000.0,11.13,50.96,204.0,2.2653,0.1705,LOCK,0,normal
2978,1210361,376,31698.0,0.1092,0.0156,-0.8619,0.86893,988.85,1000.0,11.15,50.96,204.0,2.2697,0.2386,LOCK,0,normal
2979,1210370,385,31707.0,-0.1326,0.0546,-0.7332,0.74709,988.83,1000.0,11.17,50.96,204.0,2.2542,0.0023,LOCK,0,normal
2980,1210378,393,31715.0,-0.3003,-0.0819,-0.8346,0.89076,988.81,1000.0,11.19,50.96,204.0,2.2367,-0.2617,LOCK,0,normal
2981,1210386,401,31723.0,-0.2613,0.1755,-0.7683,0.83028,988.8,1000.0,11.2,50.96,204.0,2.2439,-0.1533,LOCK,0,normal
2982,1210395,410,31732.0,-0.0195,0.0546,-0.7878,0.78993,988.77,1000.0,11.23,50.96,204.0,2.2599,0.0893,LOCK,0,normal
2983,1210403,418,31740.0,0.3159,0.0819,-0.7371,0.80611,988.74,1000.0,11.26,50.96,204.0,2.2548,0.0124,LOCK,0,normal
2984,1210414,429,31751.0,0.0624,0.0039,-0.7332,0.73586,988.71,1000.0,11.29,50.96,204.0,2.2377,-0.2471,LOCK,0,normal
2985,1210422,437,31759.0,0.0624,0.0039,-0.7332,0.73586,988.69,1000.0,11.31,50.96,204.0,2.2414,-0.1912,LOCK,0,normal
2986,1210431,446,31768.0,-0.156,0.0156,-0.8775,0.8914,988.67,1000.0,11.33,50.96,204.0,2.2327,-0.3231,LOCK,0,normal
2987,1210439,454,31776.0,-0.2457,-0.0546,-0.7605,0.80107,988.65,1000.0,11.35,50.96,204.0,2.2556,0.0249,LOCK,0,normal
2988,1210464,479,31801.0,0.3861,0.0741,-0.7488,0.84573,988.61,1000.0,11.39,50.96,204.0,2.2672,0.2001,LOCK,0,normal
2989,1210473,488,31810.0,0.3861,0.0741,-0.7488,0.84573,988.58,1000.0,11.42,50.96,204.0,2.2686,0.2218,LOCK,0,normal
2990,1210481,496,31818.0,0.1092,-0.0078,-0.741,0.74904,988.54,1000.0,11.46,50.96,204.0,2.267,0.1974,LOCK,0,normal
2991,1210490,505,31827.0,-0.0897,0.0936,-0.8151,0.82535,988.52,1000.0,11.48,50.96,204.0,2.2434,-0.1604,LOCK,0,normal
2992,1210498,513,31835.0,-0.3471,-0.0741,-0.7371,0.8181,988.49,1000.0,11.51,50.96,204.0,2.2392,-0.2248,LOCK,0,normal
2993,1210507,522,31844.0,-0.1248,0.0702,-0.7956,0.80838,988.47,1000.0,11.53,50.96,204.0,2.2692,0.2297,LOCK,0,normal
2994,1210521,536,31858.0,0.0117,0.0975,-0.8229,0.82874,988.42,1000.0,11.58,50.96,204.0,2.275,0.318,LOCK,0,normal
2995,1210534,549,31871.0,0.1794,0.0624,-0.624,0.65227,988.38,1000.0,11.62,50.96,204.0,2.2618,0.118,LOCK,0,normal
2996,1210543,558,31880.0,-0.0078,-0.0312,-0.8229,0.82353,988.35,1000.0,11.65,50.96,204.0,2.2485,-0.0831,LOCK,0,normal
2997,1210551,566,31888.0,-0.1443,0.1599,-0.8502,0.87706,988.31,1000.0,11.69,50.96,204.0,2.2576,0.0539,LOCK,0,normal
2998,1210560,575,31897.0,-0.4602,-0.0312,-0.6981,0.83672,988.28,1000.0,11.72,50.96,204.0,2.24,-0.2116,LOCK,0,normal
2999,1210573,588,31910.0,-0.0702,0.1248,-0.8619,0.87371,988.26,1000.0,11.74,50.96,204.0,2.26,0.0909,LOCK,0,normal
3000,1210582,597,31919.0,0.1014,-0.0156,-0.7995,0.80606,988.21,1000.0,11.79,50.96,204.0,2.2555,0.0234,LOCK,0,normal
3001,1210590,605,31927.0,0.1755,0.1131,-0.6513,0.68395,988.17,1000.0,11.83,50.96,204.0,2.2562,0.0335,LOCK,0,normal
3002,1210599,614,31936.0,-0.0468,-0.0351,-0.8346,0.83665,988.14,1000.0,11.86,50.96,204.0,2.2568,0.0423,LOCK,0,normal
3003,1210607,622,31944.0,-0.0468,-0.0351,-0.8346,0.83665,988.1,1000.0,11.9,50.96,204.0,2.2543,0.0045,LOCK,0,normal
3004,1210619,634,31956.0,-0.312,-0.0117,-0.6786,0.74698,988.07,1000.0,11.93,50.96,204.0,2.2617,0.1165,LOCK,0,normal
3005,1210627,642,31964.0,-0.312,-0.0117,-0.6786,0.74698,988.05,1000.0,11.95,50.96,204.0,2.2682,0.2151,LOCK,0,normal
3006,1210636,651,31973.0,-0.1638,0.1677,-0.858,0.88945,988.02,1000.0,11.98,50.96,204.0,2.2621,0.1232,LOCK,0,normal
3007,1210644,659,31981.0,0.1209,0.0546,-0.819,0.82967,987.98,1000.0,12.02,50.96,204.0,2.27,0.2423,LOCK,0,normal
3008,1210653,668,31990.0,0.3861,0.117,-0.6474,0.76282,987.93,1000.0,12.07,50.96,204.0,2.2666,0.1916,LOCK,0,normal
3009,1210661,676,31998.0,0.0819,-0.1131,-0.7995,0.8116,987.9,1000.0,12.1,50.96,204.0,2.268,0.2114,LOCK,0,normal
3010,1210670,685,32007.0,-0.2301,0.0702,-0.78,0.81626,987.86,1000.0,12.14,50.96,204.0,2.2542,0.0036,LOCK,0,normal
3011,1210678,693,32015.0,-0.2301,0.0702,-0.78,0.81626,987.83,1000.0,12.17,50.96,204.0,2.2386,-0.2327,LOCK,0,normal
3012,1210687,702,32024.0,-0.234,-0.039,-0.7449,0.78176,987.8,1000.0,12.2,50.96,204.0,2.2668,0.1943,LOCK,0,normal
3013,1210695,710,32032.0,-0.2067,0.2379,-0.8736,0.92871,987.78,1000.0,12.22,50.96,204.0,2.249,-0.0758,LOCK,0,normal
3014,1210724,739,32061.0,0.0468,-0.0312,-0.8034,0.80537,987.73,1000.0,12.27,50.96,204.0,2.2593,0.0802,LOCK,0,normal
3015,1210738,753,32075.0,-0.2535,0.0507,-0.8619,0.89984,987.68,1000.0,12.32,50.96,204.0,2.2452,-0.1338,LOCK,0,normal
3016,1210746,761,32083.0,-0.2145,-0.0195,-0.702,0.7343,987.64,1000.0,12.36,50.96,204.0,2.2321,-0.3322,LOCK,0,normal
3017,1210754,769,32091.0,-0.2769,0.0858,-0.8502,0.89826,987.6,1000.0,12.4,50.96,204.0,2.2318,-0.3362,LOCK,0,normal
3018,1210763,778,32100.0,0.0858,0.0351,-0.6981,0.70423,987.53,1000.0,12.47,50.96,204.0,2.2573,0.0506,LOCK,0,normal
3019,1210771,786,32108.0,0.0858,0.0351,-0.6981,0.70423,987.46,1000.0,12.54,50.96,204.0,2.275,0.318,LOCK,0,normal
3020,1210780,795,32117.0,0.1872,0.1404,-0.6981,0.73627,987.4,1000.0,12.6,50.96,204.0,2.2755,0.3259,LOCK,0,normal
3021,1210788,803,32125.0,-0.0819,-0.0936,-0.8463,0.85539,987.34,1000.0,12.66,50.96,204.0,2.2584,0.067,LOCK,0,normal
3022,1210797,812,32134.0,-0.2145,-0.0039,-0.7917,0.82025,987.3,1000.0,12.7,50.96,204.0,2.2566,0.039,LOCK,0,normal
3023,1210805,820,32142.0,-0.3939,0.0273,-0.7878,0.88121,987.25,1000.0,12.75,50.96,204.0,2.2475,-0.0978,LOCK,0,normal
3024,1210824,839,32161.0,0.2457,-0.0351,-0.7254,0.76668,987.21,1000.0,12.79,50.96,204.0,2.2691,0.2294,LOCK,0,normal
3025,1210832,847,32169.0,0.2457,-0.0351,-0.7254,0.76668,987.18,1000.0,12.82,50.96,204.0,2.2626,0.1308,LOCK,0,normal
3026,1210841,856,32178.0,0.1521,0.1443,-0.8112,0.83786,987.15,1000.0,12.85,50.96,204.0,2.2703,0.2468,LOCK,0,normal
3027,1210849,864,32186.0,0.0039,-0.0312,-0.7176,0.71829,987.13,1000.0,12.87,50.96,204.0,2.2752,0.3213,LOCK,0,normal
3028,1210858,873,32195.0,-0.2652,-0.0195,-0.8931,0.93185,987.1,1000.0,12.9,50.96,204.0,2.2659,0.18,LOCK,0,normal
3029,1210867,882,32204.0,-0.312,-0.0312,-0.7566,0.819,987.08,1000.0,12.92,50.96,204.0,2.2621,0.1229,LOCK,0,normal
3030,1210875,890,32212.0,-0.1677,0.0819,-0.8385,0.85902,987.06,1000.0,12.94,50.96,204.0,2.2694,0.234,LOCK,0,normal
3031,1210884,899,32221.0,-0.1677,0.0819,-0.8385,0.85902,987.01,1000.0,12.99,50.96,204.0,2.2706,0.2514,LOCK,0,normal
3032,1210892,907,32229.0,0.1014,-0.0234,-0.7215,0.72897,986.96,1000.0,13.04,50.96,204.0,2.2639,0.1504,LOCK,0,normal
3033,1210900,915,32237.0,0.1794,0.1053,-0.6708,0.70231,986.92,1000.0,13.08,50.96,204.0,2.2585,0.068,LOCK,0,normal
3034,1210909,924,32246.0,0.0,-0.0507,-0.9009,0.90233,986.88,1000.0,13.12,50.96,204.0,2.2494,-0.0691,LOCK,0,normal
3035,1210917,932,32254.0,-0.2379,-0.0585,-0.8658,0.89979,986.85,1000.0,13.15,50.96,204.0,2.2589,0.0744,LOCK,0,normal
3036,1210964,979,32301.0,0.1677,0.0351,-0.78,0.7986,986.8,1000.0,13.2,50.96,204.0,2.2696,0.2371,LOCK,0,normal
3037,1210973,988,32310.0,-0.0234,0.0039,-0.8658,0.86612,986.75,1000.0,13.25,50.96,204.0,2.2624,0.1266,LOCK,0,normal
3038,1210981,996,32318.0,-0.2106,-0.1638,-0.8346,0.87621,986.71,1000.0,13.29,50.96,204.0,2.2599,0.0887,LOCK,0,normal
3039,1210990,1005,32327.0,-0.1599,0.1014,-0.7917,0.81403,986.67,1000.0,13.33,50.96,204.0,2.2463,-0.1164,LOCK,0,normal
3040,1210998,1013,32335.0,-0.3081,0.234,-0.8931,0.9733,986.64,1000.0,13.36,50.96,204.0,2.2378,-0.2452,LOCK,0,normal
3041,1211007,1022,32344.0,-0.3081,0.234,-0.8931,0.9733,986.57,1000.0,13.43,50.96,204.0,2.2688,0.2249,LOCK,0,normal
3042,1211015,1030,32352.0,0.0702,-0.0741,-0.6435,0.65155,986.5,1000.0,13.5,50.96,204.0,2.2495,-0.0676,LOCK,0,normal
3043,1211029,1044,32366.0,0.0273,0.0078,-0.8151,0.81559,986.44,1000.0,13.56,50.96,204.0,2.2719,0.2706,LOCK,0,normal
3044,1211037,1052,32374.0,0.0273,0.0078,-0.8151,0.81559,986.39,1000.0,13.61,50.96,204.0,2.2626,0.1308,LOCK,0,normal
3045,1211046,1061,32383.0,-0.2028,-0.1287,-0.8151,0.84975,986.34,1000.0,13.66,50.96,204.0,2.2518,-0.0331,LOCK,0,normal
3046,1211054,1069,32391.0,-0.1677,0.0195,-0.8229,0.84004,986.3,1000.0,13.7,50.96,204.0,2.2492,-0.0734,LOCK,0,normal
3047,1211063,1078,32400.0,-0.3315,0.0663,-0.7176,0.79325,986.26,1000.0,13.74,50.96,204.0,2.2534,-0.0096,LOCK,0,normal
3048,1211071,1086,32408.0,0.2925,0.0702,-0.7527,0.81058,986.21,1000.0,13.79,50.96,204.0,2.2516,-0.037,LOCK,0,normal
3049,1211091,1106,32428.0,-0.0663,0.0195,-0.7449,0.7481,986.18,1000.0,13.82,50.96,204.0,2.2431,-0.1646,LOCK,0,normal
3050,1211099,1114,32436.0,-0.0663,0.0195,-0.7449,0.7481,986.14,1000.0,13.86,50.96,204.0,2.2607,0.1015,LOCK,0,normal
3051,1211107,1122,32444.0,-0.2574,-0.1287,-0.8541,0.90128,986.11,1000.0,13.89,50.96,204.0,2.2427,-0.172,LOCK,0,normal
3052,1211116,1131,32453.0,-0.0468,0.117,-0.8034,0.81322,986.08,1000.0,13.92,50.96,204.0,2.2509,-0.0465,LOCK,0,normal
3053,1211132,1147,32469.0,0.2691,0.0312,-0.7215,0.77068,986.03,1000.0,13.97,50.96,204.0,2.2672,0.2007,LOCK,0,normal
3054,1211141,1156,32478.0,0.2691,0.0312,-0.7215,0.77068,985.99,1000.0,14.01,50.96,204.0,2.2675,0.2041,LOCK,0,normal
3055,1211149,1164,32486.0,0.1287,0.1677,-0.7995,0.82697,985.95,1000.0,14.05,50.96,204.0,2.2682,0.2151,LOCK,0,normal
3056,1211158,1173,32495.0,-0.0351,0.0468,-0.7917,0.79386,985.91,1000.0,14.09,50.96,204.0,2.2633,0.1406,LOCK,0,normal
3057,1211171,1186,32508.0,-0.2769,-0.0468,-0.8619,0.9065,985.88,1000.0,14.12,50.96,204.0,2.2658,0.1788,LOCK,0,normal
3058,1211179,1194,32516.0,-0.1911,-0.0312,-0.8073,0.8302,985.85,1000.0,14.15,50.96,204.0,2.257,0.0457,LOCK,0,normal
3059,1211188,1203,32525.0,-0.0897,-0.0273,-0.7098,0.71597,985.8,1000.0,14.2,50.96,204.0,2.25,-0.0599,LOCK,0,normal
3060,1211196,1211,32533.0,0.2613,0.0741,-0.7371,0.78555,985.75,1000.0,14.25,50.96,204.0,2.2412,-0.1936,LOCK,0,normal
3061,1211205,1220,32542.0,0.0702,0.0039,-0.7332,0.73656,985.71,1000.0,14.29,50.96,204.0,2.2546,0.009,LOCK,0,normal
3062,1211228,1243,32565.0,-0.2886,-0.0546,-0.8658,0.91427,985.67,1000.0,14.33,50.96,204.0,2.2625,0.129,LOCK,0,normal
3063,1211237,1252,32574.0,-0.2418,0.0117,-0.7371,0.77584,985.63,1000.0,14.37,50.96,204.0,2.2602,0.0939,LOCK,0,normal
3064,1211245,1260,32582.0,-0.078,0.1053,-0.8502,0.86024,985.6,1000.0,14.4,50.96,204.0,2.2704,0.2487,LOCK,0,normal
3065,1211254,1269,32591.0,0.3627,0.0312,-0.6591,0.75295,985.55,1000.0,14.45,50.96,204.0,2.2673,0.2011,LOCK,0,normal
3066,1211263,1278,32600.0,0.3627,0.0312,-0.6591,0.75295,985.51,1000.0,14.49,50.96,204.0,2.267,0.1974,LOCK,0,normal
3067,1211271,1286,32608.0,0.1053,0.0312,-0.7371,0.74524,985.47,1000.0,14.53,50.96,204.0,2.2704,0.2478,LOCK,0,normal
3068,1211280,1295,32617.0,-0.1482,0.0858,-0.7722,0.79096,985.44,1000.0,14.56,50.96,204.0,2.2699,0.2407,LOCK,0,normal
3069,1211288,1303,32625.0,-0.3315,-0.0624,-0.8736,0.93646,985.41,1000.0,14.59,50.96,204.0,2.2533,-0.0108,LOCK,0,normal
3070,1211297,1312,32634.0,-0.1716,0.039,-0.7683,0.7882,985.38,1000.0,14.62,50.96,204.0,2.2421,-0.1799,LOCK,0,normal
3071,1211305,1320,32642.0,-0.0234,0.0273,-0.8229,0.82369,985.35,1000.0,14.65,50.96,204.0,2.2676,0.2056,LOCK,0,normal
3072,1211314,1329,32651.0,-0.0234,0.0273,-0.8229,0.82369,985.31,1000.0,14.69,50.96,204.0,2.2586,0.0695,LOCK,0,normal
3073,1211337,1352,32674.0,-0.117,0.1599,-0.8658,0.88818,985.27,1000.0,14.73,50.96,204.0,2.2585,0.0683,LOCK,0,normal
3074,1211345,1360,32682.0,-0.117,0.1599,-0.8658,0.88818,985.23,1000.0,14.77,50.96,204.0,2.2716,0.2667,LOCK,0,normal
3075,1211354,1369,32691.0,-0.3159,-0.1053,-0.7137,0.78756,985.19,1000.0,14.81,50.96,204.0,2.2578,0.0579,LOCK,0,normal
3076,1211362,1377,32699.0,-0.2613,0.2106,-0.8385,0.90317,985.16,1000.0,14.84,50.96,204.0,2.2459,-0.1228,LOCK,0,normal
3077,1211376,1391,32713.0,-0.156,0.1053,-0.8853,0.90509,985.12,1000.0,14.88,50.96,204.0,2.2451,-0.1341,LOCK,0,normal
3078,1211385,1400,32722.0,0.2418,0.0624,-0.6357,0.68299,985.09,1000.0,14.91,50.96,204.0,2.2743,0.3073,LOCK,0,normal
3079,1211393,1408,32730.0,0.0039,-0.0468,-0.8541,0.85539,985.06,1000.0,14.94,50.96,204.0,2.2655,0.1739,LOCK,0,normal
3080,1211402,1417,32739.0,-0.078,0.0234,-0.7488,0.75322,985.03,1000.0,14.97,50.96,204.0,2.2654,0.1724,LOCK,0,normal
3081,1211410,1425,32747.0,-0.2457,-0.0351,-0.8034,0.84086,985.0,1000.0,15.0,50.96,204.0,2.235,-0.2873,LOCK,0,normal
3082,1211418,1433,32755.0,-0.1014,0.1911,-0.8697,0.8962,984.98,1000.0,15.02,50.96,204.0,2.259,0.0765,LOCK,0,normal
3083,1211427,1442,32764.0,-0.1014,0.1911,-0.8697,0.8962,984.96,1000.0,15.04,50.96,204.0,2.2662,0.1849,LOCK,0,normal
3084,1211439,1454,32776.0,0.234,0.0702,-0.6591,0.70292,984.92,1000.0,15.08,50.96,204.0,2.2616,0.115,LOCK,0,normal
3085,1211447,1462,32784.0,0.234,0.0702,-0.6591,0.70292,984.88,1000.0,15.12,50.96,204.0,2.2686,0.2218,LOCK,0,normal
3086,1211456,1471,32793.0,0.0195,-0.0117,-0.7878,0.78813,984.85,1000.0,15.15,50.96,204.0,2.2779,0.3619,LOCK,0,normal
3087,1211465,1480,32802.0,-0.0546,0.0819,-0.8463,0.852,984.82,1000.0,15.18,50.96,204.0,2.2761,0.3344,LOCK,0,normal
3088,1211473,1488,32810.0,-0.351,-0.0312,-0.7098,0.79246,984.8,1000.0,15.2,50.96,204.0,2.2655,0.1736,LOCK,0,normal
3089,1211482,1497,32819.0,-0.2028,0.2808,-0.8151,0.88564,984.77,1000.0,15.23,50.96,204.0,2.2692,0.2307,LOCK,0,normal
3090,1211490,1505,32827.0,0.0273,0.0741,-0.8385,0.84221,984.75,1000.0,15.25,50.96,204.0,2.2625,0.129,LOCK,0,normal
3091,1211499,1514,32836.0,0.0273,0.0741,-0.8385,0.84221,984.74,1000.0,15.26,50.96,204.0,2.266,0.1818,LOCK,0,normal
3092,1211507,1522,32844.0,0.3003,0.156,-0.6591,0.7409,984.74,1000.0,15.26,50.96,204.0,2.2612,0.1092,LOCK,0,normal
3093,1211516,1531,32853.0,0.0273,-0.1404,-0.8775,0.88908,984.73,1000.0,15.27,50.96,204.0,2.254,0.0005,LOCK,0,normal
3094,1211524,1539,32861.0,-0.0897,0.0624,-0.8073,0.81466,984.72,1000.0,15.28,50.96,204.0,2.2557,0.0252,LOCK,0,normal
3095,1211532,1547,32869.0,-0.3822,-0.0156,-0.7215,0.81663,984.72,1000.0,15.28,50.96,204.0,2.2704,0.2487,LOCK,0,normal
3096,1211578,1593,32915.0,0.0351,0.0429,-0.8073,0.8092,984.68,1000.0,15.32,50.96,204.0,2.2626,0.1308,LOCK,0,normal
3097,1211587,1602,32924.0,-0.1248,0.0429,-0.8463,0.85653,984.65,1000.0,15.35,50.96,204.0,2.2626,0.1308,LOCK,0,normal
3098,1211595,1610,32932.0,-0.312,0.0624,-0.7644,0.82798,984.62,1000.0,15.38,50.96,204.0,2.2619,0.1195,LOCK,0,normal
3099,1211604,1619,32941.0,-0.1794,0.1443,-0.7683,0.80205,984.6,1000.0,15.4,50.96,204.0,2.2552,0.0179,LOCK,0,normal
3100,1211612,1627,32949.0,-0.1794,0.1443,-0.7683,0.80205,984.58,1000.0,15.42,50.96,204.0,2.2686,0.2212,LOCK,0,normal
3101,1211621,1636,32958.0,0.1755,-0.039,-0.7761,0.79665,984.56,1000.0,15.44,50.96,204.0,2.2434,-0.1613,LOCK,0,normal
3102,1211629,1644,32966.0,0.2886,0.1404,-0.7254,0.79323,984.54,1000.0,15.46,50.96,204.0,2.2488,-0.0783,LOCK,0,normal
3103,1211645,1660,32982.0,-0.195,0.0468,-0.7722,0.79781,984.53,1000.0,15.47,50.96,204.0,2.2665,0.1894,LOCK,0,normal
3104,1211654,1669,32991.0,-0.2769,0.0039,-0.7839,0.83138,984.51,1000.0,15.49,50.96,204.0,2.2672,0.2007,LOCK,0,normal
3105,1211662,1677,32999.0,-0.2769,0.0039,-0.7839,0.83138,984.5,1000.0,15.5,50.96,204.0,2.2477,-0.0957,LOCK,0,normal
3106,1211671,1686,33008.0,-0.2418,0.1365,-0.8073,0.85372,984.49,1000.0,15.51,50.96,204.0,2.2609,0.104,LOCK,0,normal
3107,1211679,1694,33016.0,0.0507,0.117,-0.7878,0.79805,984.46,1000.0,15.54,50.96,204.0,2.2415,-0.1897,LOCK,0,normal
3108,1211688,1703,33025.0,0.2574,0.1521,-0.7293,0.78821,984.44,1000.0,15.56,50.96,204.0,2.2623,0.1253,LOCK,0,normal
3109,1211697,1712,33034.0,-0.0585,-0.0507,-0.8463,0.84983,984.42,1000.0,15.58,50.96,204.0,2.2724,0.2795,LOCK,0,normal
3110,1211705,1720,33042.0,-0.2301,0.0039,-0.7839,0.81698,984.41,1000.0,15.59,50.96,204.0,2.2726,0.2819,LOCK,0,normal
3111,1211714,1729,33051.0,-0.2301,0.0039,-0.7839,0.81698,984.39,1000.0,15.61,50.96,204.0,2.2632,0.1391,LOCK,0,normal
3112,1211722,1737,33059.0,-0.2418,0.0702,-0.7215,0.76417,984.38,1000.0,15.62,50.96,204.0,2.2538,-0.0029,LOCK,0,normal
3113,1211731,1746,33068.0,-0.1404,0.1209,-0.8775,0.89685,984.36,1000.0,15.64,50.96,204.0,2.2497,-0.0645,LOCK,0,normal
3114,1211740,1755,33077.0,0.0975,-0.0234,-0.7488,0.75548,984.38,1000.0,15.62,50.96,204.0,2.2659,0.1797,LOCK,0,normal
3115,1211751,1766,33088.0,0.156,0.2106,-0.7332,0.77863,984.39,1000.0,15.61,50.96,204.0,2.261,0.1064,LOCK,0,normal
3116,1211759,1774,33096.0,-0.0195,0.0117,-0.8541,0.8544,984.4,1000.0,15.6,50.96,204.0,2.2678,0.2087,LOCK,0,normal
3117,1211768,1783,33105.0,-0.2769,0.0351,-0.7839,0.83211,984.41,1000.0,15.59,50.96,204.0,2.2668,0.1946,LOCK,0,normal
3118,1211781,1796,33118.0,-0.2652,0.0273,-0.7839,0.82799,984.41,1000.0,15.59,50.96,204.0,2.2721,0.274,LOCK,0,normal
3119,1211790,1805,33127.0,-0.2379,0.0507,-0.8424,0.87682,984.42,1000.0,15.58,50.96,204.0,2.2711,0.259,LOCK,0,normal
3120,1211798,1813,33135.0,0.039,-0.0039,-0.6981,0.6992,984.41,1000.0,15.59,50.96,204.0,2.2718,0.2694,LOCK,0,normal
3121,1211807,1822,33144.0,0.039,-0.0039,-0.6981,0.6992,984.4,1000.0,15.6,50.96,204.0,2.2395,-0.2193,LOCK,0,normal
3122,1211815,1830,33152.0,0.3393,0.0897,-0.6864,0.77092,984.39,1000.0,15.61,50.96,204.0,2.2883,0.5203,LOCK,0,normal
3123,1211824,1839,33161.0,0.1053,0.0819,-0.8775,0.88758,984.38,1000.0,15.62,50.96,204.0,2.2445,-0.1442,LOCK,0,normal
3124,1211832,1847,33169.0,-0.2145,0.0546,-0.8268,0.85591,984.37,1000.0,15.63,50.96,204.0,2.2548,0.0124,LOCK,0,normal
3125,1211849,1864,33186.0,-0.1053,0.0468,-0.897,0.90437,984.37,1000.0,15.63,50.96,204.0,2.2728,0.2844,LOCK,0,normal
3126,1211857,1872,33194.0,-0.1053,0.0468,-0.897,0.90437,984.36,1000.0,15.64,50.96,204.0,2.2693,0.2316,LOCK,0,normal
3127,1211866,1881,33203.0,0.1755,-0.0468,-0.7332,0.75536,984.35,1000.0,15.65,50.96,204.0,2.2652,0.1696,LOCK,0,normal
3128,1211874,1889,33211.0,0.1911,0.0585,-0.6981,0.72614,984.34,1000.0,15.66,50.96,204.0,2.271,0.2578,LOCK,0,normal
3129,1211883,1898,33220.0,0.0507,0.039,-0.7956,0.79817,984.34,1000.0,15.66,50.96,204.0,2.273,0.2874,LOCK,0,normal
3130,1211891,1906,33228.0,-0.2457,0.0156,-0.9009,0.93393,984.33,1000.0,15.67,50.96,204.0,2.232,-0.3337,LOCK,0,normal
3131,1211899,1914,33236.0,-0.2457,0.0156,-0.9009,0.93393,984.33,1000.0,15.67,50.96,204.0,2.2606,0.1003,LOCK,0,normal
3132,1211908,1923,33245.0,-0.2886,-0.0234,-0.7293,0.78468,984.32,1000.0,15.68,50.96,204.0,2.252,-0.0306,LOCK,0,normal
3133,1211916,1931,33253.0,-0.273,0.1326,-0.8385,0.89174,984.32,1000.0,15.68,50.96,204.0,2.2561,0.0319,LOCK,0,normal
3134,1211956,1971,33293.0,-0.1716,0.0156,-0.7995,0.81786,984.32,1000.0,15.68,50.96,204.0,2.2676,0.2065,LOCK,0,normal
3135,1211964,1979,33301.0,-0.3354,-0.0741,-0.7527,0.82737,984.33,1000.0,15.67,50.96,204.0,2.2466,-0.1115,LOCK,0,normal
3136,1211972,1987,33309.0,-0.2418,0.1638,-0.9165,0.96191,984.33,1000.0,15.67,50.96,204.0,2.2502,-0.0569,LOCK,0,normal
3137,1211986,2001,33323.0,0.0702,0.0429,-0.6357,0.641,984.31,1000.0,15.69,50.96,204.0,2.2484,-0.085,LOCK,0,normal
3138,1211994,2009,33331.0,0.1209,0.0156,-0.8073,0.81645,984.3,1000.0,15.7,50.96,204.0,2.2694,0.234,LOCK,0,normal
3139,1212003,2018,33340.0,-0.0234,0.0234,-0.8034,0.80408,984.28,1000.0,15.72,50.96,204.0,2.2631,0.1376,LOCK,0,normal
3140,1212011,2026,33348.0,-0.0234,0.0234,-0.8034,0.80408,984.27,1000.0,15.73,50.96,204.0,2.2617,0.1174,LOCK,0,normal
3141,1212020,2035,33357.0,-0.2145,-0.0624,-0.8541,0.88283,984.26,1000.0,15.74,50.96,204.0,2.2648,0.1641,LOCK,0,normal
3142,1212028,2043,33365.0,-0.1794,0.039,-0.7488,0.77098,984.25,1000.0,15.75,50.96,204.0,2.2586,0.0695,LOCK,0,normal
3143,1212036,2051,33373.0,-0.3198,0.1755,-0.8268,0.9037,984.24,1000.0,15.76,50.96,204.0,2.2587,0.0707,LOCK,0,normal
3144,1212045,2060,33382.0,0.1014,0.0195,-0.7098,0.71727,984.25,1000.0,15.75,50.96,204.0,2.27,0.242,LOCK,0,normal
3145,1212053,2068,33390.0,0.1014,0.0195,-0.7098,0.71727,984.26,1000.0,15.74,50.96,204.0,2.2678,0.2084,LOCK,0,normal
3146,1212062,2077,33399.0,0.1482,0.0858,-0.7137,0.73396,984.28,1000.0,15.72,50.96,204.0,2.2732,0.2911,LOCK,0,normal
3147,1212071,2086,33408.0,-0.0351,-0.0468,-0.9126,0.91447,984.29,1000.0,15.71,50.96,204.0,2.2601,0.0921,LOCK,0,normal
3148,1212079,2094,33416.0,-0.2925,-0.0858,-0.7566,0.8157,984.3,1000.0,15.7,50.96,204.0,2.2663,0.1864,LOCK,0,normal
3149,1212088,2103,33425.0,-0.195,-0.117,-0.7878,0.81997,984.3,1000.0,15.7,50.96,204.0,2.2758,0.3302,LOCK,0,normal
3150,1212106,2121,33443.0,0.273,0.0624,-0.6591,0.71613,984.31,1000.0,15.69,50.96,204.0,2.2638,0.1492,LOCK,0,normal
3151,1212115,2130,33452.0,0.273,0.0624,-0.6591,0.71613,984.32,1000.0,15.68,50.96,204.0,2.2691,0.2288,LOCK,0,normal
3152,1212123,2138,33460.0,0.2574,0.0117,-0.819,0.85858,984.32,1000.0,15.68,50.96,204.0,2.2686,0.2212,LOCK,0,normal
3153,1212132,2147,33469.0,-0.0741,0.0195,-0.8346,0.83811,984.33,1000.0,15.67,50.96,204.0,2.2506,-0.0517,LOCK,0,normal
3154,1212140,2155,33477.0,-0.3666,-0.1638,-0.7995,0.89467,984.33,1000.0,15.67,50.96,204.0,2.2321,-0.3319,LOCK,0,normal
3155,1212150,2165,33487.0,-0.0936,0.1053,-0.7917,0.80414,984.33,1000.0,15.67,50.96,204.0,2.2635,0.1437,LOCK,0,normal
3156,1212158,2173,33495.0,-0.2457,0.1365,-0.819,0.86589,984.34,1000.0,15.66,50.96,204.0,2.267,0.1968,LOCK,0,normal
3157,1212167,2182,33504.0,0.234,0.0312,-0.7176,0.75543,984.37,1000.0,15.63,50.96,204.0,2.2616,0.1153,LOCK,0,normal
3158,1212175,2190,33512.0,0.234,0.0312,-0.7176,0.75543,984.39,1000.0,15.61,50.96,204.0,2.2673,0.2011,LOCK,0,normal
3159,1212189,2204,33526.0,-0.1443,-0.0273,-0.7917,0.80521,984.42,1000.0,15.58,50.96,204.0,2.2673,0.2014,LOCK,0,normal
3160,1212197,2212,33534.0,-0.2223,-0.0858,-0.8073,0.84173,984.44,1000.0,15.56,50.96,204.0,2.265,0.1669,LOCK,0,normal
3161,1212206,2221,33543.0,-0.2223,-0.0858,-0.8073,0.84173,984.46,1000.0,15.54,50.96,204.0,2.2647,0.1623,LOCK,0,normal
3162,1212214,2229,33551.0,-0.117,-0.0507,-0.8697,0.879,984.47,1000.0,15.53,50.96,204.0,2.2646,0.1608,LOCK,0,normal
3163,1212223,2238,33560.0,-0.0117,0.0273,-0.7332,0.7338,984.47,1000.0,15.53,50.96,204.0,2.239,-0.2272,LOCK,0,normal
3164,1212231,2246,33568.0,0.2574,0.078,-0.7371,0.78464,984.46,1000.0,15.54,50.96,204.0,2.2314,-0.342,LOCK,0,normal
3165,1212240,2255,33577.0,0.0351,0.0936,-0.8112,0.81734,984.46,1000.0,15.54,50.96,204.0,2.2486,-0.0819,LOCK,0,normal
3166,1212248,2263,33585.0,0.0351,0.0936,-0.8112,0.81734,984.45,1000.0,15.55,50.96,204.0,2.2672,0.2001,LOCK,0,normal
3167,1212259,2274,33596.0,-0.3393,-0.234,-0.8619,0.95538,984.45,1000.0,15.55,50.96,204.0,2.2748,0.3152,LOCK,0,normal
3168,1212268,2283,33605.0,-0.3393,-0.234,-0.8619,0.95538,984.45,1000.0,15.55,50.96,204.0,2.2655,0.1748,LOCK,0,normal
3169,1212276,2291,33613.0,-0.1755,-0.039,-0.7683,0.78905,984.44,1000.0,15.56,50.96,204.0,2.2459,-0.1231,LOCK,0,normal
3170,1212285,2300,33622.0,-0.1443,0.1014,-0.7761,0.79589,984.45,1000.0,15.55,50.96,204.0,2.252,-0.0309,LOCK,0,normal
3171,1212293,2308,33630.0,0.3939,0.0273,-0.6552,0.76498,984.45,1000.0,15.55,50.96,204.0,2.2373,-0.2529,LOCK,0,normal
3172,1212302,2317,33639.0,0.1482,0.0702,-0.8502,0.86587,984.45,1000.0,15.55,50.96,204.0,2.2573,0.0493,LOCK,0,normal
3173,1212311,2326,33648.0,-0.1872,0.0117,-0.8385,0.85922,984.45,1000.0,15.55,50.96,204.0,2.2579,0.0597,LOCK,0,normal
3174,1212319,2334,33656.0,-0.1872,0.0117,-0.8385,0.85922,984.45,1000.0,15.55,50.96,204.0,2.2731,0.2896,LOCK,0,normal
3175,1212328,2343,33665.0,-0.2379,-0.0351,-0.819,0.85357,984.45,1000.0,15.55,50.96,204.0,2.2352,-0.2846,LOCK,0,normal
3176,1212336,2351,33673.0,-0.1872,0.1989,-0.8229,0.86705,984.45,1000.0,15.55,50.96,204.0,2.2522,-0.0267,LOCK,0,normal
3177,1212345,2360,33682.0,-0.1209,-0.0897,-0.7176,0.73322,984.45,1000.0,15.55,50.96,204.0,2.2482,-0.0883,LOCK,0,normal
3178,1212354,2369,33691.0,0.2184,0.0585,-0.7527,0.78592,984.45,1000.0,15.55,50.96,204.0,2.2538,-0.0038,LOCK,0,normal
3179,1212362,2377,33699.0,-0.0507,0.1365,-0.7332,0.74752,984.46,1000.0,15.54,50.96,204.0,2.2656,0.1757,LOCK,0,normal
3180,1212371,2386,33708.0,-0.0507,0.1365,-0.7332,0.74752,984.46,1000.0,15.54,50.96,204.0,2.2667,0.1925,LOCK,0,normal
3181,1212379,2394,33716.0,-0.1326,0.195,-0.7956,0.82981,984.46,1000.0,15.54,50.96,204.0,2.2622,0.1244,LOCK,0,normal
3182,1212403,2418,33740.0,-0.0936,0.0195,-0.8736,0.87882,984.46,1000.0,15.54,50.96,204.0,2.273,0.288,LOCK,0,normal
3183,1212411,2426,33748.0,-0.0936,0.0195,-0.8736,0.87882,984.47,1000.0,15.53,50.96,204.0,2.2623,0.1263,LOCK,0,normal
3184,1212420,2435,33757.0,0.2106,0.1014,-0.6552,0.69564,984.47,1000.0,15.53,50.96,204.0,2.2518,-0.034,LOCK,0,normal
3185,1212428,2443,33765.0,0.039,-0.0195,-0.7293,0.7306,984.47,1000.0,15.53,50.96,204.0,2.2726,0.2816,LOCK,0,normal
3186,1212456,2471,33793.0,-0.1755,0.1365,-0.7995,0.82984,984.47,1000.0,15.53,50.96,204.0,2.2516,-0.0364,LOCK,0,normal
3187,1212465,2480,33802.0,0.0741,0.1326,-0.8073,0.82147,984.48,1000.0,15.52,50.96,204.0,2.2744,0.3091,LOCK,0,normal
3188,1212473,2488,33810.0,0.0741,0.1326,-0.8073,0.82147,984.47,1000.0,15.53,50.96,204.0,2.2628,0.1327,LOCK,0,normal
3189,1212482,2497,33819.0,0.2652,0.0,-0.7566,0.80173,984.47,1000.0,15.53,50.96,204.0,2.2627,0.1321,LOCK,0,normal
3190,1212490,2505,33827.0,0.0312,0.0312,-0.7215,0.72285,984.46,1000.0,15.54,50.96,204.0,2.2729,0.2859,LOCK,0,normal
3191,1212499,2514,33836.0,-0.156,0.195,-0.8268,0.86369,984.46,1000.0,15.54,50.96,204.0,2.2714,0.2636,LOCK,0,normal
3192,1212507,2522,33844.0,-0.3432,0.0351,-0.7644,0.83865,984.46,1000.0,15.54,50.96,204.0,2.268,0.2114,LOCK,0,normal
3193,1212516,2531,33853.0,-0.1443,0.039,-0.8229,0.83637,984.46,1000.0,15.54,50.96,204.0,2.2701,0.2435,LOCK,0,normal
3194,1212524,2539,33861.0,-0.1443,0.039,-0.8229,0.83637,984.45,1000.0,15.55,50.96,204.0,2.249,-0.0755,LOCK,0,normal
3195,1212533,2548,33870.0,0.0078,0.0741,-0.9087,0.91175,984.45,1000.0,15.55,50.96,204.0,2.257,0.0454,LOCK,0,normal
3196,1212541,2556,33878.0,0.273,0.156,-0.6591,0.73026,984.45,1000.0,15.55,50.96,204.0,2.272,0.2734,LOCK,0,normal
3197,1212550,2565,33887.0,0.0351,-0.0975,-0.8463,0.85262,984.45,1000.0,15.55,50.96,204.0,2.2494,-0.0703,LOCK,0,normal
3198,1212565,2580,33902.0,-0.1326,0.1755,-0.7995,0.82921,984.45,1000.0,15.55,50.96,204.0,2.269,0.2273,LOCK,0,normal
3199,1212573,2588,33910.0,-0.3588,0.0273,-0.78,0.859,984.45,1000.0,15.55,50.96,204.0,2.2438,-0.1543,LOCK,0,normal
3200,1212582,2597,33919.0,-0.195,0.1287,-0.8736,0.9043,984.45,1000.0,15.55,50.96,204.0,2.2602,0.0939,LOCK,0,normal
3201,1212590,2605,33927.0,0.0117,0.1248,-0.7761,0.78616,984.45,1000.0,15.55,50.96,204.0,2.2356,-0.2791,LOCK,0,normal
3202,1212604,2619,33941.0,0.2457,0.1365,-0.8151,0.8622,984.44,1000.0,15.56,50.96,204.0,2.2458,-0.124,LOCK,0,normal
3203,1212614,2629,33951.0,0.0273,-0.0663,-0.7098,0.71341,984.44,1000.0,15.56,50.96,204.0,2.2628,0.1339,LOCK,0,normal
3204,1212622,2637,33959.0,-0.1872,0.1365,-0.8463,0.87744,984.43,1000.0,15.57,50.96,204.0,2.2603,0.0957,LOCK,0,normal
3205,1212631,2646,33968.0,-0.3081,0.0897,-0.7137,0.78252,984.43,1000.0,15.57,50.96,204.0,2.2536,-0.0062,LOCK,0,normal
3206,1212639,2654,33976.0,-0.2028,0.0936,-0.8112,0.84139,984.43,1000.0,15.57,50.96,204.0,2.2559,0.0289,LOCK,0,normal
3207,1212648,2663,33985.0,-0.2028,0.0936,-0.8112,0.84139,984.42,1000.0,15.58,50.96,204.0,2.2434,-0.1604,LOCK,0,normal
3208,1212656,2671,33993.0,0.0819,0.0078,-0.8502,0.85417,984.41,1000.0,15.59,50.96,204.0,2.2554,0.0206,LOCK,0,normal
3209,1212669,2684,34006.0,0.3627,0.1365,-0.6084,0.72134,984.41,1000.0,15.59,50.96,204.0,2.2668,0.1943,LOCK,0,normal
3210,1212677,2692,34014.0,0.0702,-0.1794,-0.9204,0.94034,984.4,1000.0,15.6,50.96,204.0,2.2653,0.1705,LOCK,0,normal
3211,1212686,2701,34023.0,-0.1833,0.0975,-0.7722,0.79962,984.39,1000.0,15.61,50.96,204.0,2.2478,-0.0944,LOCK,0,normal
3212,1212694,2709,34031.0,-0.351,-0.0936,-0.741,0.82525,984.39,1000.0,15.61,50.96,204.0,2.2515,-0.038,LOCK,0,normal
3213,1212702,2717,34039.0,-0.2496,0.2925,-0.8775,0.95805,984.38,1000.0,15.62,50.96,204.0,2.243,-0.1662,LOCK,0,normal
3214,1212711,2726,34048.0,-0.0117,0.1092,-0.7176,0.72596,984.39,1000.0,15.61,50.96,204.0,2.2363,-0.2678,LOCK,0,normal
3215,1212768,2783,34105.0,-0.2496,0.2106,-0.8112,0.87447,984.4,1000.0,15.6,50.96,204.0,2.2719,0.2716,LOCK,0,normal
3216,1212777,2792,34114.0,-0.117,0.0,-0.6981,0.70784,984.39,1000.0,15.61,50.96,204.0,2.2666,0.191,LOCK,0,normal
3217,1212785,2800,34122.0,0.2379,0.156,-0.6708,0.72863,984.38,1000.0,15.62,50.96,204.0,2.2441,-0.1506,LOCK,0,normal
3218,1212794,2809,34131.0,0.078,-0.0819,-0.9009,0.90797,984.37,1000.0,15.63,50.96,204.0,2.2606,0.1,LOCK,0,normal
3219,1212807,2822,34144.0,-0.0936,0.0702,-0.7371,0.74633,984.36,1000.0,15.64,50.96,204.0,2.2559,0.0286,LOCK,0,normal
3220,1212816,2831,34153.0,-0.2652,-0.039,-0.8073,0.85064,984.35,1000.0,15.65,50.96,204.0,2.2672,0.2004,LOCK,0,normal
3221,1212824,2839,34161.0,-0.3627,0.156,-0.7917,0.88469,984.34,1000.0,15.66,50.96,204.0,2.2659,0.1803,LOCK,0,normal
3222,1212833,2848,34170.0,-0.3627,0.156,-0.7917,0.88469,984.32,1000.0,15.68,50.96,204.0,2.25,-0.0609,LOCK,0,normal
3223,1212841,2856,34178.0,0.0078,-0.0585,-0.6825,0.68505,984.31,1000.0,15.69,50.96,204.0,2.2697,0.238,LOCK,0,normal
3224,1212850,2865,34187.0,0.2418,0.1599,-0.7761,0.82847,984.3,1000.0,15.7,50.96,204.0,2.248,-0.0914,LOCK,0,normal
3225,1212858,2873,34195.0,0.078,-0.0312,-0.7683,0.77288,984.29,1000.0,15.71,50.96,204.0,2.2476,-0.0972,LOCK,0,normal
3226,1212872,2887,34209.0,-0.2574,-0.1287,-0.936,0.97924,984.27,1000.0,15.73,50.96,204.0,2.2726,0.2819,LOCK,0,normal
3227,1212881,2896,34218.0,-0.2379,0.0273,-0.7605,0.79731,984.27,1000.0,15.73,50.96,204.0,2.2691,0.2285,LOCK,0,normal
3228,1212889,2904,34226.0,-0.1521,0.0897,-0.8112,0.8302,984.26,1000.0,15.74,50.96,204.0,2.248,-0.0902,LOCK,0,normal
3229,1212898,2913,34235.0,0.195,0.0702,-0.7488,0.77695,984.25,1000.0,15.75,50.96,204.0,2.2525,-0.0221,LOCK,0,normal
3230,1212906,2921,34243.0,0.3354,0.156,-0.7956,0.87739,984.24,1000.0,15.76,50.96,204.0,2.2608,0.1028,LOCK,0,normal
3231,1212915,2930,34252.0,0.3354,0.156,-0.7956,0.87739,984.23,1000.0,15.77,50.96,204.0,2.2534,-0.009,LOCK,0,normal
3232,1212923,2938,34260.0,-0.0234,-0.0156,-0.7683,0.76881,984.22,1000.0,15.78,50.96,204.0,2.2718,0.2703,LOCK,0,normal
3233,1212932,2947,34269.0,-0.1404,0.0078,-0.8463,0.8579,984.21,1000.0,15.79,50.96,204.0,2.2627,0.1318,LOCK,0,normal
3234,1212940,2955,34277.0,-0.2145,0.039,-0.7839,0.81365,984.21,1000.0,15.79,50.96,204.0,2.2512,-0.0428,LOCK,0,normal
3235,1212949,2964,34286.0,-0.1404,0.0858,-0.78,0.79717,984.2,1000.0,15.8,50.96,204.0,2.2466,-0.1121,LOCK,0,normal
3236,1212967,2982,34304.0,0.1599,0.2028,-0.7878,0.82905,984.2,1000.0,15.8,50.96,204.0,2.2525,-0.0233,LOCK,0,normal
3237,1212976,2991,34313.0,0.1599,0.2028,-0.7878,0.82905,984.19,1000.0,15.81,50.96,204.0,2.2697,0.2377,LOCK,0,normal
3238,1212984,2999,34321.0,-0.0312,0.0585,-0.741,0.74396,984.18,1000.0,15.82,50.96,204.0,2.269,0.2276,LOCK,0,normal
3239,1212993,3008,34330.0,-0.2301,-0.1209,-0.9126,0.94889,984.18,1000.0,15.82,50.96,204.0,2.2456,-0.1274,LOCK,0,normal
3240,1213001,3016,34338.0,-0.3198,0.0,-0.7488,0.81423,984.17,1000.0,15.83,50.96,204.0,2.2501,-0.0596,LOCK,0,normal
3241,1213015,3030,34352.0,-0.156,0.1911,-0.8463,0.88152,984.17,1000.0,15.83,50.96,204.0,2.25,-0.0602,LOCK,0,normal
3242,1213071,3086,34408.0,-0.2613,0.1794,-0.7839,0.84555,984.14,1000.0,15.86,50.96,204.0,2.2576,0.0548,LOCK,0,normal
3243,1213079,3094,34416.0,-0.2613,0.1794,-0.7839,0.84555,984.13,1000.0,15.87,50.96,204.0,2.2657,0.1772,LOCK,0,normal
3244,1213088,3103,34425.0,0.1638,0.0195,-0.7254,0.74392,984.12,1000.0,15.88,50.96,204.0,2.2696,0.2371,LOCK,0,normal
3245,1213096,3111,34433.0,0.1248,0.1287,-0.7683,0.78894,984.11,1000.0,15.89,50.96,204.0,2.2422,-0.1784,LOCK,0,normal
3246,1213104,3119,34441.0,-0.0546,0.0039,-0.7839,0.78581,984.1,1000.0,15.9,50.96,204.0,2.2558,0.028,LOCK,0,normal
3247,1213113,3128,34450.0,-0.3042,0.0273,-0.8931,0.94388,984.1,1000.0,15.9,50.96,204.0,2.2304,-0.3573,LOCK,0,normal
3248,1213122,3137,34459.0,-0.2106,-0.0546,-0.7449,0.77602,984.09,1000.0,15.91,50.96,204.0,2.2644,0.1574,LOCK,0,normal
3249,1213130,3145,34467.0,-0.2106,-0.0546,-0.7449,0.77602,984.08,1000.0,15.92,50.96,204.0,2.2705,0.2499,LOCK,0,normal
3250,1213139,3154,34476.0,-0.3042,0.156,-0.8307,0.8983,984.09,1000.0,15.91,50.96,204.0,2.2723,0.278,LOCK,0,normal
3251,1213147,3162,34484.0,0.1989,0.0234,-0.6747,0.7038,984.1,1000.0,15.9,50.96,204.0,2.2563,0.0347,LOCK,0,normal
3252,1213156,3171,34493.0,0.1287,0.1482,-0.7683,0.79298,984.1,1000.0,15.9,50.96,204.0,2.2426,-0.1726,LOCK,0,normal
3253,1213164,3179,34501.0,0.078,0.0702,-0.7527,0.75998,984.11,1000.0,15.89,50.96,204.0,2.2501,-0.0584,LOCK,0,normal
3254,1213173,3188,34510.0,-0.3666,-0.0273,-0.8892,0.96219,984.11,1000.0,15.89,50.96,204.0,2.2538,-0.0035,LOCK,0,normal
3255,1213182,3197,34519.0,-0.3666,-0.0273,-0.8892,0.96219,984.12,1000.0,15.88,50.96,204.0,2.2645,0.1592,LOCK,0,normal
3256,1213190,3205,34527.0,-0.1365,-0.0312,-0.741,0.75411,984.12,1000.0,15.88,50.96,204.0,2.265,0.1659,LOCK,0,normal
3257,1213209,3224,34546.0,0.234,0.039,-0.7683,0.80409,984.13,1000.0,15.87,50.96,204.0,2.2503,-0.0563,LOCK,0,normal
3258,1213222,3237,34559.0,0.1755,0.0702,-0.7332,0.75717,984.14,1000.0,15.86,50.96,204.0,2.2614,0.1128,LOCK,0,normal
3259,1213231,3246,34568.0,-0.0936,0.0702,-0.8073,0.81573,984.15,1000.0,15.85,50.96,204.0,2.2842,0.4581,LOCK,0,normal
3260,1213239,3254,34576.0,-0.3432,-0.0039,-0.8346,0.90242,984.15,1000.0,15.85,50.96,204.0,2.2689,0.2258,LOCK,0,normal
3261,1213248,3263,34585.0,-0.1365,-0.0819,-0.7722,0.78844,984.16,1000.0,15.84,50.96,204.0,2.2728,0.285,LOCK,0,normal
3262,1213256,3271,34593.0,-0.1404,0.195,-0.8853,0.91733,984.17,1000.0,15.83,50.96,204.0,2.2592,0.0793,LOCK,0,normal
3263,1213265,3280,34602.0,0.4056,0.0156,-0.6825,0.79408,984.16,1000.0,15.84,50.96,204.0,2.2574,0.0521,LOCK,0,normal
3264,1213273,3288,34610.0,0.4056,0.0156,-0.6825,0.79408,984.15,1000.0,15.85,50.96,204.0,2.2696,0.2358,LOCK,0,normal
3265,1213282,3297,34619.0,0.1833,0.0546,-0.7644,0.78796,984.15,1000.0,15.85,50.96,204.0,2.2654,0.1727,LOCK,0,normal
3266,1213290,3305,34627.0,-0.0624,0.0468,-0.7527,0.75673,984.14,1000.0,15.86,50.96,204.0,2.2484,-0.0847,LOCK,0,normal
3267,1213299,3314,34636.0,-0.3003,-0.0741,-0.8892,0.94146,984.14,1000.0,15.86,50.96,204.0,2.2515,-0.0386,LOCK,0,normal
3268,1213307,3322,34644.0,-0.117,-0.0546,-0.7683,0.77907,984.13,1000.0,15.87,50.96,204.0,2.2692,0.231,LOCK,0,normal
3269,1213316,3331,34653.0,0.039,-0.0195,-0.7566,0.75786,984.13,1000.0,15.87,50.96,204.0,2.2431,-0.1649,LOCK,0,normal
3270,1213335,3350,34672.0,0.2496,0.0585,-0.7371,0.78041,984.17,1000.0,15.83,50.96,204.0,2.2689,0.2258,LOCK,0,normal
3271,1213343,3358,34680.0,0.0975,0.0468,-0.6864,0.69487,984.21,1000.0,15.79,50.96,204.0,2.2762,0.3363,LOCK,0,normal
3272,1213351,3366,34688.0,-0.1833,0.0507,-0.7917,0.81422,984.24,1000.0,15.76,50.96,204.0,2.2666,0.1904,LOCK,0,normal
3273,1213360,3375,34697.0,-0.273,0.0312,-0.8346,0.87867,984.27,1000.0,15.73,50.96,204.0,2.2509,-0.0474,LOCK,0,normal
3274,1213368,3383,34705.0,-0.2067,-0.0039,-0.7956,0.82202,984.29,1000.0,15.71,50.96,204.0,2.247,-0.106,LOCK,0,normal
3275,1213379,3394,34716.0,-0.0195,0.1131,-0.858,0.86564,984.32,1000.0,15.68,50.96,204.0,2.2694,0.2337,LOCK,0,normal
3276,1213387,3402,34724.0,0.2652,0.0819,-0.6942,0.74763,984.35,1000.0,15.65,50.96,204.0,2.2634,0.1431,LOCK,0,normal
3277,1213396,3411,34733.0,0.2652,0.0819,-0.6942,0.74763,984.38,1000.0,15.62,50.96,204.0,2.246,-0.1207,LOCK,0,normal
3278,1213404,3419,34741.0,0.0429,-0.0429,-0.7956,0.79791,984.4,1000.0,15.6,50.96,204.0,2.2535,-0.0071,LOCK,0,normal
3279,1213413,3428,34750.0,-0.1482,0.0741,-0.7371,0.75549,984.43,1000.0,15.57,50.96,204.0,2.2365,-0.2651,LOCK,0,normal
3280,1213426,3441,34763.0,-0.3549,-0.0858,-0.8346,0.91097,984.45,1000.0,15.55,50.96,204.0,2.2523,-0.0251,LOCK,0,normal
3281,1213435,3450,34772.0,-0.1716,0.0546,-0.8229,0.84237,984.47,1000.0,15.53,50.96,204.0,2.272,0.2722,LOCK,0,normal
3282,1213443,3458,34780.0,-0.0429,0.1053,-0.7995,0.80754,984.5,1000.0,15.5,50.96,204.0,2.2661,0.1833,LOCK,0,normal
3283,1213452,3467,34789.0,0.3237,0.0507,-0.7488,0.81735,984.54,1000.0,15.46,50.96,204.0,2.2602,0.0933,LOCK,0,normal
3284,1213460,3475,34797.0,0.1092,0.0078,-0.7332,0.74133,984.56,1000.0,15.44,50.96,204.0,2.2492,-0.0725,LOCK,0,normal
3285,1213468,3483,34805.0,0.1092,0.0078,-0.7332,0.74133,984.59,1000.0,15.41,50.96,204.0,2.2478,-0.0932,LOCK,0,normal
3286,1213477,3492,34814.0,-0.234,-0.0858,-0.8502,0.88598,984.61,1000.0,15.39,50.96,204.0,2.2698,0.2395,LOCK,0,normal
3287,1213531,3546,34868.0,-0.1014,0.0975,-0.7995,0.81178,984.66,1000.0,15.34,50.96,204.0,2.2696,0.2362,LOCK,0,normal
3288,1213540,3555,34877.0,-0.1014,0.0975,-0.7995,0.81178,984.7,1000.0,15.3,50.96,204.0,2.2663,0.1867,LOCK,0,normal
3289,1213548,3563,34885.0,-0.3315,-0.0507,-0.7644,0.83473,984.74,1000.0,15.26,50.96,204.0,2.2547,0.0109,LOCK,0,normal
3290,1213557,3572,34894.0,-0.2028,0.1599,-0.8385,0.87737,984.78,1000.0,15.22,50.96,204.0,2.2633,0.1415,LOCK,0,normal
3291,1213565,3580,34902.0,-0.0546,0.0663,-0.7371,0.74209,984.83,1000.0,15.17,50.96,204.0,2.2594,0.082,LOCK,0,normal
3292,1213574,3589,34911.0,0.2067,0.117,-0.7488,0.78557,984.88,1000.0,15.12,50.96,204.0,2.2418,-0.1845,LOCK,0,normal
3293,1213588,3603,34925.0,-0.0468,0.0234,-0.7761,0.77786,984.92,1000.0,15.08,50.96,204.0,2.2718,0.2697,LOCK,0,normal
3294,1213597,3612,34934.0,-0.0858,0.039,-0.8229,0.82828,984.96,1000.0,15.04,50.96,204.0,2.2715,0.2652,LOCK,0,normal
3295,1213605,3620,34942.0,-0.3705,0.0039,-0.7488,0.83546,985.0,1000.0,15.0,50.96,204.0,2.2334,-0.3121,LOCK,0,normal
3296,1213613,3628,34950.0,-0.1989,0.2067,-0.8346,0.88252,985.03,1000.0,14.97,50.96,204.0,2.2631,0.1385,LOCK,0,normal
3297,1213627,3642,34964.0,0.0819,-0.0507,-0.702,0.70858,985.06,1000.0,14.94,50.96,204.0,2.2513,-0.041,LOCK,0,normal
3298,1213635,3650,34972.0,0.3081,0.1287,-0.6786,0.7563,985.1,1000.0,14.9,50.96,204.0,2.2464,-0.1158,LOCK,0,normal
3299,1213691,3706,35028.0,0.1248,0.0741,-0.7683,0.78189,985.16,1000.0,14.84,50.96,204.0,2.2728,0.2853,LOCK,0,normal
3300,1213700,3715,35037.0,0.312,0.0585,-0.7254,0.79182,985.21,1000.0,14.79,50.96,204.0,2.2679,0.2099,LOCK,0,normal
3301,1213708,3723,35045.0,0.039,0.039,-0.8112,0.81307,985.26,1000.0,14.74,50.96,204.0,2.259,0.0759,LOCK,0,normal
3302,1213717,3732,35054.0,-0.312,0.0234,-0.8385,0.89497,985.3,1000.0,14.7,50.96,204.0,2.2472,-0.1036,LOCK,0,normal
3303,1213725,3740,35062.0,-0.312,0.0234,-0.8385,0.89497,985.34,1000.0,14.66,50.96,204.0,2.2432,-0.1643,LOCK,0,normal
3304,1213734,3749,35071.0,-0.2106,0.0351,-0.6552,0.68911,985.37,1000.0,14.63,50.96,204.0,2.2468,-0.1085,LOCK,0,normal
3305,1213742,3757,35079.0,-0.0897,0.1482,-0.8892,0.90592,985.4,1000.0,14.6,50.96,204.0,2.2687,0.2233,LOCK,0,normal
3306,1213750,3765,35087.0,0.1014,0.0195,-0.8268,0.83322,985.5,1000.0,14.5,50.96,204.0,2.2695,0.2349,LOCK,0,normal
3307,1213759,3774,35096.0,0.1599,0.1248,-0.6513,0.68215,985.59,1000.0,14.41,50.96,204.0,2.2634,0.1431,LOCK,0,normal
3308,1213767,3782,35104.0,0.0234,0.0546,-0.8229,0.82504,985.67,1000.0,14.33,50.96,204.0,2.2426,-0.1729,LOCK,0,normal
3309,1213776,3791,35113.0,0.0234,0.0546,-0.8229,0.82504,985.75,1000.0,14.25,50.96,204.0,2.2446,-0.1417,LOCK,0,normal
3310,1213784,3799,35121.0,-0.3939,0.0624,-0.9282,1.01025,985.81,1000.0,14.19,50.96,204.0,2.2569,0.0445,LOCK,0,normal
3311,1213793,3808,35130.0,-0.3159,-0.0858,-0.6903,0.76398,985.87,1000.0,14.13,50.96,204.0,2.2617,0.1174,LOCK,0,normal
3312,1213802,3817,35139.0,-0.1521,0.1794,-0.8853,0.91601,985.92,1000.0,14.08,50.96,204.0,2.2748,0.3146,LOCK,0,normal
3313,1213811,3826,35148.0,0.117,-0.039,-0.78,0.78969,985.98,1000.0,14.02,50.96,204.0,2.2462,-0.1182,LOCK,0,normal
3314,1213834,3849,35171.0,0.0039,-0.0234,-0.858,0.85833,986.02,1000.0,13.98,50.96,204.0,2.2543,0.0045,LOCK,0,normal
3315,1213843,3858,35180.0,-0.2613,0.0117,-0.8346,0.87463,986.07,1000.0,13.93,50.96,204.0,2.2667,0.1919,LOCK,0,normal
3316,1213851,3866,35188.0,-0.3861,-0.0234,-0.6942,0.79469,986.1,1000.0,13.9,50.96,204.0,2.2651,0.1681,LOCK,0,normal
3317,1213859,3874,35196.0,-0.1131,0.0858,-0.9321,0.94285,986.14,1000.0,13.86,50.96,204.0,2.2513,-0.0413,LOCK,0,normal
3318,1213868,3883,35205.0,-0.1131,0.0858,-0.9321,0.94285,986.2,1000.0,13.8,50.96,204.0,2.2562,0.0329,LOCK,0,normal
3319,1213876,3891,35213.0,0.1755,-0.0702,-0.6318,0.65947,986.25,1000.0,13.75,50.96,204.0,2.2475,-0.0987,LOCK,0,normal
3320,1213885,3900,35222.0,0.1872,0.0234,-0.7488,0.7722,986.29,1000.0,13.71,50.96,204.0,2.2692,0.2297,LOCK,0,normal
3321,1213897,3912,35234.0,0.0507,-0.0429,-0.8424,0.84501,986.34,1000.0,13.66,50.96,204.0,2.2439,-0.153,LOCK,0,normal
3322,1213905,3920,35242.0,-0.1365,0.0741,-0.8541,0.86811,986.37,1000.0,13.63,50.96,204.0,2.2381,-0.2406,LOCK,0,normal
3323,1213914,3929,35251.0,-0.2106,0.0429,-0.7488,0.77903,986.41,1000.0,13.59,50.96,204.0,2.2488,-0.0789,LOCK,0,normal
3324,1213922,3937,35259.0,-0.1872,0.1014,-0.8736,0.89917,986.44,1000.0,13.56,50.96,204.0,2.239,-0.2275,LOCK,0,normal
3325,1213948,3963,35285.0,0.1443,0.1287,-0.7254,0.75073,986.49,1000.0,13.51,50.96,204.0,2.2746,0.3122,LOCK,0,normal
3326,1213957,3972,35294.0,-0.0702,-0.1326,-0.8463,0.8595,986.54,1000.0,13.46,50.96,204.0,2.2656,0.176,LOCK,0,normal
3327,1213965,3980,35302.0,-0.2652,-0.0351,-0.8229,0.86529,986.59,1000.0,13.41,50.96,204.0,2.2537,-0.0053,LOCK,0,normal
3328,1213973,3988,35310.0,-0.2106,-0.0585,-0.7956,0.82508,986.63,1000.0,13.37,50.96,204.0,2.2552,0.0179,LOCK,0,normal
3329,1213982,3997,35319.0,-0.2106,-0.0585,-0.7956,0.82508,986.67,1000.0,13.33,50.96,204.0,2.2595,0.0838,LOCK,0,normal
3330,1213998,4013,35335.0,0.1482,-0.0039,-0.6825,0.69842,986.74,1000.0,13.26,50.96,204.0,2.2728,0.2856,LOCK,0,normal
3331,1214007,4022,35344.0,0.1599,0.0819,-0.8853,0.90334,986.8,1000.0,13.2,50.96,204.0,2.2715,0.2645,LOCK,0,normal
3332,1214015,4030,35352.0,-0.0741,0.0585,-0.7293,0.73539,986.85,1000.0,13.15,50.96,204.0,2.2434,-0.1607,LOCK,0,normal
3333,1214024,4039,35361.0,-0.2457,-0.1092,-0.8541,0.89542,986.9,1000.0,13.1,50.96,204.0,2.265,0.1663,LOCK,0,normal
3334,1214037,4052,35374.0,-0.0429,0.0546,-0.7917,0.79474,986.95,1000.0,13.05,50.96,204.0,2.2428,-0.1701,LOCK,0,normal
3335,1214048,4063,35385.0,-0.1131,0.1677,-0.8229,0.8474,986.99,1000.0,13.01,50.96,204.0,2.27,0.2429,LOCK,0,normal
3336,1214057,4072,35394.0,0.2028,0.1131,-0.7644,0.79889,987.02,1000.0,12.98,50.96,204.0,2.276,0.3332,LOCK,0,normal
3337,1214065,4080,35402.0,0.1911,0.1521,-0.7917,0.82852,987.05,1000.0,12.95,50.96,204.0,2.2582,0.0637,LOCK,0,normal
3338,1214074,4089,35411.0,0.1911,0.1521,-0.7917,0.82852,987.08,1000.0,12.92,50.96,204.0,2.2573,0.0499,LOCK,0,normal
3339,1214082,4097,35419.0,-0.0858,-0.0624,-0.8385,0.84518,987.1,1000.0,12.9,50.96,204.0,2.2262,-0.422,LOCK,0,normal
3340,1214101,4116,35438.0,-0.2379,-0.156,-0.7683,0.81928,987.12,1000.0,12.88,50.96,204.0,2.2622,0.1238,LOCK,0,normal
3341,1214109,4124,35446.0,-0.0858,0.0273,-0.7917,0.7968,987.17,1000.0,12.83,50.96,204.0,2.2444,-0.1451,LOCK,0,normal
3342,1214118,4133,35455.0,0.2496,0.117,-0.7488,0.79793,987.21,1000.0,12.79,50.96,204.0,2.2395,-0.2199,LOCK,0,normal
3343,1214126,4141,35463.0,0.0624,0.0078,-0.78,0.78253,987.24,1000.0,12.76,50.96,204.0,2.2595,0.0832,LOCK,0,normal
3344,1214135,4150,35472.0,0.0624,0.0078,-0.78,0.78253,987.27,1000.0,12.73,50.96,204.0,2.2462,-0.1185,LOCK,0,normal
3345,1214150,4165,35487.0,-0.3276,-0.2301,-0.8814,0.96806,987.3,1000.0,12.7,50.96,204.0,2.2784,0.3695,LOCK,0,normal
3346,1214158,4173,35495.0,-0.1443,0.0117,-0.7878,0.80099,987.33,1000.0,12.67,50.96,204.0,2.2503,-0.0563,LOCK,0,normal
3347,1214166,4181,35503.0,-0.1443,0.0117,-0.7878,0.80099,987.35,1000.0,12.65,50.96,204.0,2.2439,-0.1527,LOCK,0,normal
3348,1214175,4190,35512.0,-0.1833,0.0546,-0.7956,0.81827,987.4,1000.0,12.6,50.96,204.0,2.2482,-0.0877,LOCK,0,normal
3349,1214197,4212,35534.0,0.1599,0.0195,-0.7995,0.81557,987.45,1000.0,12.55,50.96,204.0,2.2643,0.1559,LOCK,0,normal
3350,1214205,4220,35542.0,-0.1755,0.0,-0.897,0.91401,987.49,1000.0,12.51,50.96,204.0,2.2677,0.2072,LOCK,0,normal
3351,1214214,4229,35551.0,-0.2535,0.0,-0.7566,0.79794,987.52,1000.0,12.48,50.96,204.0,2.2763,0.3372,LOCK,0,normal
3352,1214222,4237,35559.0,-0.1365,0.1911,-0.8541,0.8858,987.55,1000.0,12.45,50.96,204.0,2.2669,0.1952,LOCK,0,normal
3353,1214231,4246,35568.0,-0.0819,0.0741,-0.7644,0.77234,987.58,1000.0,12.42,50.96,204.0,2.2514,-0.0398,LOCK,0,normal
3354,1214244,4259,35581.0,0.3588,0.0429,-0.6825,0.77226,987.6,1000.0,12.4,50.96,204.0,2.2464,-0.1155,LOCK,0,normal
3355,1214253,4268,35590.0,0.0741,0.0858,-0.8112,0.81908,987.62,1000.0,12.38,50.96,204.0,2.2574,0.0512,LOCK,0,normal
3356,1214261,4276,35598.0,-0.1092,0.1989,-0.7488,0.78242,987.63,1000.0,12.37,50.96,204.0,2.2393,-0.2226,LOCK,0,normal
3357,1214306,4321,35643.0,0.2223,0.117,-0.6552,0.70171,987.64,1000.0,12.36,50.96,204.0,2.2661,0.1833,LOCK,0,normal
3358,1214314,4329,35651.0,0.0351,0.0702,-0.8502,0.85382,987.65,1000.0,12.35,50.96,204.0,2.2676,0.2059,LOCK,0,normal
3359,1214322,4337,35659.0,-0.1833,0.039,-0.7839,0.80599,987.66,1000.0,12.34,50.96,204.0,2.2666,0.1916,LOCK,0,normal
3360,1214331,4346,35668.0,-0.3432,0.0858,-0.78,0.85647,987.67,1000.0,12.33,50.96,204.0,2.2669,0.1956,LOCK,0,normal
3361,1214340,4355,35677.0,-0.3432,0.0858,-0.78,0.85647,987.68,1000.0,12.32,50.96,204.0,2.2698,0.2398,LOCK,0,normal
3362,1214348,4363,35685.0,-0.1365,0.1794,-0.7605,0.79321,987.69,1000.0,12.31,50.96,204.0,2.2701,0.2441,LOCK,0,normal
3363,1214357,4372,35694.0,0.0624,0.1092,-0.7995,0.80933,987.72,1000.0,12.28,50.96,204.0,2.2652,0.1702,LOCK,0,normal
3364,1214365,4380,35702.0,0.2262,0.0624,-0.6942,0.73278,987.75,1000.0,12.25,50.96,204.0,2.2666,0.1907,LOCK,0,normal
3365,1214374,4389,35711.0,0.039,-0.078,-0.7644,0.76936,987.77,1000.0,12.23,50.96,204.0,2.2452,-0.1335,LOCK,0,normal
3366,1214382,4397,35719.0,-0.117,0.1521,-0.8073,0.82979,987.79,1000.0,12.21,50.96,204.0,2.2513,-0.0407,LOCK,0,normal
3367,1214391,4406,35728.0,-0.117,0.1521,-0.8073,0.82979,987.81,1000.0,12.19,50.96,204.0,2.2376,-0.2483,LOCK,0,normal
3368,1214399,4414,35736.0,-0.3588,0.0117,-0.702,0.78847,987.83,1000.0,12.17,50.96,204.0,2.2683,0.2163,LOCK,0,normal
3369,1214409,4424,35746.0,-0.078,0.1794,-0.858,0.88002,987.85,1000.0,12.15,50.96,204.0,2.2767,0.3436,LOCK,0,normal
3370,1214417,4432,35754.0,0.0936,-0.0117,-0.8931,0.89807,987.88,1000.0,12.12,50.96,204.0,2.2482,-0.088,LOCK,0,normal
3371,1214426,4441,35763.0,0.3978,0.1794,-0.6435,0.77751,987.91,1000.0,12.09,50.96,204.0,2.2582,0.064,LOCK,0,normal
3372,1214434,4449,35771.0,0.0429,-0.039,-0.8463,0.84828,987.94,1000.0,12.06,50.96,204.0,2.2558,0.0271,LOCK,0,normal
3373,1214448,4463,35785.0,-0.3003,0.0234,-0.7371,0.79627,987.96,1000.0,12.04,50.96,204.0,2.2665,0.1898,LOCK,0,normal
3374,1214456,4471,35793.0,-0.2691,0.0273,-0.7254,0.77419,987.98,1000.0,12.02,50.96,204.0,2.2595,0.0832,LOCK,0,normal
3375,1214465,4480,35802.0,-0.1872,0.1638,-0.8736,0.90832,988.0,1000.0,12.0,50.96,204.0,2.2623,0.1257,LOCK,0,normal
3376,1214473,4488,35810.0,-0.1872,0.1638,-0.8736,0.90832,988.01,1000.0,11.99,50.96,204.0,2.2602,0.0942,LOCK,0,normal
3377,1214482,4497,35819.0,0.0351,0.1209,-0.7176,0.72856,988.01,1000.0,11.99,50.96,204.0,2.2702,0.245,LOCK,0,normal
3378,1214490,4505,35827.0,0.2613,0.0585,-0.7839,0.82837,988.01,1000.0,11.99,50.96,204.0,2.2428,-0.1704,LOCK,0,normal
3379,1214499,4514,35836.0,0.0273,-0.0663,-0.7878,0.79106,988.02,1000.0,11.98,50.96,204.0,2.2561,0.0322,LOCK,0,normal
3380,1214513,4528,35850.0,-0.2457,0.0702,-0.8814,0.91769,988.02,1000.0,11.98,50.96,204.0,2.2464,-0.1146,LOCK,0,normal
3381,1214522,4537,35859.0,-0.1365,0.0117,-0.6942,0.70759,988.02,1000.0,11.98,50.96,204.0,2.2526,-0.0206,LOCK,0,normal
3382,1214530,4545,35867.0,-0.2067,0.1677,-0.858,0.89834,988.02,1000.0,11.98,50.96,204.0,2.2519,-0.0322,LOCK,0,normal
3383,1214538,4553,35875.0,-0.0078,0.0702,-0.7527,0.75601,988.03,1000.0,11.97,50.96,204.0,2.2575,0.0527,LOCK,0,normal
3384,1214563,4578,35900.0,-0.0273,-0.156,-0.9126,0.92624,988.03,1000.0,11.97,50.96,204.0,2.2719,0.2713,LOCK,0,normal
3385,1214572,4587,35909.0,-0.1716,0.0819,-0.8034,0.82559,988.03,1000.0,11.97,50.96,204.0,2.2656,0.1751,LOCK,0,normal
3386,1214580,4595,35917.0,-0.39,-0.0507,-0.7488,0.8458,988.03,1000.0,11.97,50.96,204.0,2.258,0.06,LOCK,0,normal
3387,1214589,4604,35926.0,-0.1638,0.195,-0.9126,0.94747,988.04,1000.0,11.96,50.96,204.0,2.2556,0.024,LOCK,0,normal
3388,1214597,4612,35934.0,-0.1638,0.195,-0.9126,0.94747,988.05,1000.0,11.95,50.96,204.0,2.2464,-0.1146,LOCK,0,normal
3389,1214605,4620,35942.0,0.1911,-0.0195,-0.6513,0.67904,988.06,1000.0,11.94,50.96,204.0,2.2531,-0.0141,LOCK,0,normal
3390,1214614,4629,35951.0,0.2379,0.1209,-0.7605,0.80596,988.07,1000.0,11.93,50.96,204.0,2.2707,0.2523,LOCK,0,normal
3391,1214623,4638,35960.0,0.0312,-0.0117,-0.8073,0.80799,988.07,1000.0,11.93,50.96,204.0,2.2716,0.267,LOCK,0,normal
3392,1214632,4647,35969.0,-0.2496,-0.1326,-0.8853,0.92932,988.08,1000.0,11.92,50.96,204.0,2.2706,0.2517,LOCK,0,normal
3393,1214640,4655,35977.0,-0.3432,0.0468,-0.7137,0.79331,988.09,1000.0,11.91,50.96,204.0,2.2666,0.1907,LOCK,0,normal
3394,1214653,4668,35990.0,-0.2028,0.2028,-0.8736,0.91947,988.09,1000.0,11.91,50.96,204.0,2.274,0.303,LOCK,0,normal
3395,1214662,4677,35999.0,0.1131,-0.0312,-0.6825,0.69251,988.08,1000.0,11.92,50.96,204.0,2.2766,0.3421,LOCK,0,normal
3396,1214670,4685,36007.0,0.1794,0.0858,-0.7917,0.81629,988.07,1000.0,11.93,50.96,204.0,2.263,0.1357,LOCK,0,normal
3397,1214679,4694,36016.0,0.1794,0.0858,-0.7917,0.81629,988.06,1000.0,11.94,50.96,204.0,2.2409,-0.1982,LOCK,0,normal
3398,1214687,4702,36024.0,-0.0351,-0.0507,-0.8424,0.84465,988.05,1000.0,11.95,50.96,204.0,2.2537,-0.0044,LOCK,0,normal
3399,1214696,4711,36033.0,-0.1404,-0.0156,-0.819,0.83109,988.04,1000.0,11.96,50.96,204.0,2.2386,-0.2333,LOCK,0,normal
3400,1214704,4719,36041.0,-0.2223,-0.0273,-0.858,0.88675,988.03,1000.0,11.97,50.96,204.0,2.2531,-0.0141,LOCK,0,normal
3401,1214717,4732,36054.0,-0.3705,0.2457,-0.7605,0.88091,988.03,1000.0,11.97,50.96,204.0,2.2676,0.2056,LOCK,0,normal
3402,1214726,4741,36063.0,0.0624,0.0312,-0.6903,0.69382,988.03,1000.0,11.97,50.96,204.0,2.2768,0.3451,LOCK,0,normal
3403,1214734,4749,36071.0,0.1287,0.1131,-0.8541,0.87112,988.03,1000.0,11.97,50.96,204.0,2.25,-0.0606,LOCK,0,normal
3404,1214743,4758,36080.0,0.0546,0.0936,-0.7332,0.74116,988.03,1000.0,11.97,50.96,204.0,2.2427,-0.1717,LOCK,0,normal
3405,1214751,4766,36088.0,0.0546,0.0936,-0.7332,0.74116,988.03,1000.0,11.97,50.96,204.0,2.2388,-0.2297,LOCK,0,normal
3406,1214760,4775,36097.0,-0.3081,-0.195,-0.8892,0.96106,988.03,1000.0,11.97,50.96,204.0,2.2648,0.1635,LOCK,0,normal
3407,1214769,4784,36106.0,-0.0702,0.0702,-0.7839,0.79016,988.03,1000.0,11.97,50.96,204.0,2.2757,0.3283,LOCK,0,normal
3408,1214777,4792,36114.0,-0.3783,0.1053,-0.7956,0.88723,988.03,1000.0,11.97,50.96,204.0,2.2682,0.2151,LOCK,0,normal
3409,1214786,4801,36123.0,0.0858,0.0195,-0.6981,0.70362,988.03,1000.0,11.97,50.96,204.0,2.257,0.0454,LOCK,0,normal
3410,1214794,4809,36131.0,0.117,0.1014,-0.7605,0.7761,988.03,1000.0,11.97,50.96,204.0,2.256,0.0307,LOCK,0,normal
3411,1214803,4818,36140.0,-0.0234,0.0507,-0.8229,0.82479,988.03,1000.0,11.97,50.96,204.0,2.253,-0.0151,LOCK,0,normal
3412,1214812,4827,36149.0,-0.0234,0.0507,-0.8229,0.82479,988.03,1000.0,11.97,50.96,204.0,2.2497,-0.0654,LOCK,0,normal
3413,1214820,4835,36157.0,-0.2184,-0.0819,-0.8502,0.88162,988.03,1000.0,11.97,50.96,204.0,2.2682,0.2148,LOCK,0,normal
3414,1214829,4844,36166.0,-0.1482,0.0546,-0.7488,0.76528,988.03,1000.0,11.97,50.96,204.0,2.2673,0.2017,LOCK,0,normal
3415,1214837,4852,36174.0,-0.2574,-0.0078,-0.6825,0.72947,988.03,1000.0,11.97,50.96,204.0,2.2751,0.3198,LOCK,0,normal
3416,1214846,4861,36183.0,0.312,0.0585,-0.8268,0.88564,988.03,1000.0,11.97,50.96,204.0,2.2386,-0.2336,LOCK,0,normal
3417,1214859,4874,36196.0,0.0819,0.0741,-0.702,0.71064,988.03,1000.0,11.97,50.96,204.0,2.2553,0.0191,LOCK,0,normal
3418,1214868,4883,36205.0,-0.0585,0.0546,-0.7995,0.80349,988.03,1000.0,11.97,50.96,204.0,2.2483,-0.0868,LOCK,0,normal
3419,1214876,4891,36213.0,-0.3159,-0.0624,-0.9204,0.9751,988.03,1000.0,11.97,50.96,204.0,2.2772,0.3518,LOCK,0,normal
3420,1214921,4936,36258.0,0.1638,0.0819,-0.8112,0.83161,988.01,1000.0,11.99,50.96,204.0,2.284,0.4547,LOCK,0,normal
3421,1214930,4945,36267.0,-0.117,0.1443,-0.7917,0.8132,988.0,1000.0,12.0,50.96,204.0,2.2729,0.2862,LOCK,0,normal
3422,1214938,4953,36275.0,-0.2769,-0.0702,-0.8424,0.88952,987.99,1000.0,12.01,50.96,204.0,2.2695,0.2346,LOCK,0,normal
3423,1214947,4962,36284.0,-0.1833,0.0117,-0.78,0.80133,987.98,1000.0,12.02,50.96,204.0,2.2626,0.1296,LOCK,0,normal
3424,1214955,4970,36292.0,-0.1833,0.0117,-0.78,0.80133,987.97,1000.0,12.03,50.96,204.0,2.2657,0.1775,LOCK,0,normal
3425,1214964,4979,36301.0,0.0078,0.0663,-0.7722,0.77508,987.99,1000.0,12.01,50.96,204.0,2.2789,0.3778,LOCK,0,normal
3426,1214972,4987,36309.0,0.2925,-0.039,-0.741,0.7976,988.0,1000.0,12.0,50.96,204.0,2.2734,0.2945,LOCK,0,normal
3427,1214981,4996,36318.0,0.0624,-0.0468,-0.6981,0.70244,988.01,1000.0,11.99,50.96,204.0,2.2752,0.3216,LOCK,0,normal
3428,1214989,5004,36326.0,-0.1638,0.078,-0.8346,0.85409,988.02,1000.0,11.98,50.96,204.0,2.2505,-0.0535,LOCK,0,normal
3429,1214998,5013,36335.0,-0.2418,0.0741,-0.7722,0.81256,988.03,1000.0,11.97,50.96,204.0,2.2479,-0.0917,LOCK,0,normal
3430,1215006,5021,36343.0,-0.2418,0.0741,-0.7722,0.81256,988.03,1000.0,11.97,50.96,204.0,2.249,-0.0761,LOCK,0,normal
3431,1215014,5029,36351.0,-0.234,0.0741,-0.8697,0.90367,988.04,1000.0,11.96,50.96,204.0,2.2655,0.1748,LOCK,0,normal
3432,1215023,5038,36360.0,-0.0897,0.1365,-0.8697,0.8849,988.07,1000.0,11.93,50.96,204.0,2.2772,0.3522,LOCK,0,normal
3433,1215042,5057,36379.0,-0.0234,0.0078,-0.8424,0.84276,988.09,1000.0,11.91,50.96,204.0,2.2523,-0.0254,LOCK,0,normal
3434,1215050,5065,36387.0,-0.0195,0.1092,-0.7293,0.73769,988.11,1000.0,11.89,50.96,204.0,2.256,0.0298,LOCK,0,normal
3435,1215063,5078,36400.0,-0.2886,-0.0936,-0.8229,0.87705,988.12,1000.0,11.88,50.96,204.0,2.2556,0.0249,LOCK,0,normal
3436,1215072,5087,36409.0,-0.1989,0.1482,-0.8073,0.84455,988.14,1000.0,11.86,50.96,204.0,2.2741,0.3048,LOCK,0,normal
3437,1215080,5095,36417.0,0.0897,0.0234,-0.7956,0.80098,988.15,1000.0,11.85,50.96,204.0,2.2712,0.2609,LOCK,0,normal
3438,1215089,5104,36426.0,0.0897,0.0234,-0.7956,0.80098,988.16,1000.0,11.84,50.96,204.0,2.246,-0.1219,LOCK,0,normal
3439,1215097,5112,36434.0,0.2925,0.0975,-0.7566,0.81701,988.16,1000.0,11.84,50.96,204.0,2.2523,-0.0264,LOCK,0,normal
3440,1215106,5121,36443.0,0.0468,-0.039,-0.7839,0.78626,988.17,1000.0,11.83,50.96,204.0,2.2545,0.0078,LOCK,0,normal
3441,1215114,5129,36451.0,-0.2028,0.0195,-0.8151,0.84018,988.18,1000.0,11.82,50.96,204.0,2.27,0.2426,LOCK,0,normal
3442,1215126,5141,36463.0,-0.3393,0.0234,-0.7137,0.79059,988.18,1000.0,11.82,50.96,204.0,2.2349,-0.2901,LOCK,0,normal
3443,1215134,5149,36471.0,-0.2028,0.156,-0.7839,0.8246,988.19,1000.0,11.81,50.96,204.0,2.255,0.0145,LOCK,0,normal
3444,1215143,5158,36480.0,0.0351,0.0936,-0.8112,0.81734,988.2,1000.0,11.8,50.96,204.0,2.2528,-0.0181,LOCK,0,normal
3445,1215151,5166,36488.0,0.0351,0.0936,-0.8112,0.81734,988.21,1000.0,11.79,50.96,204.0,2.248,-0.0914,LOCK,0,normal
3446,1215180,5195,36517.0,-0.2262,0.0585,-0.7566,0.79185,988.22,1000.0,11.78,50.96,204.0,2.2725,0.2804,LOCK,0,normal
3447,1215188,5203,36525.0,-0.3237,-0.0039,-0.8112,0.87341,988.23,1000.0,11.77,50.96,204.0,2.2478,-0.0944,LOCK,0,normal
3448,1215197,5212,36534.0,-0.2067,0.1482,-0.7995,0.83898,988.24,1000.0,11.76,50.96,204.0,2.2601,0.093,LOCK,0,normal
3449,1215205,5220,36542.0,0.078,-0.0507,-0.7254,0.73134,988.25,1000.0,11.75,50.96,204.0,2.2445,-0.1442,LOCK,0,normal
3450,1215225,5240,36562.0,0.0819,0.0429,-0.7644,0.76997,988.26,1000.0,11.74,50.96,204.0,2.2725,0.2807,LOCK,0,normal
3451,1215234,5249,36571.0,-0.2613,-0.0039,-0.8775,0.91559,988.27,1000.0,11.73,50.96,204.0,2.2731,0.289,LOCK,0,normal
3452,1215242,5257,36579.0,-0.2613,-0.0039,-0.8775,0.91559,988.28,1000.0,11.72,50.96,204.0,2.2354,-0.2825,LOCK,0,normal
3453,1215251,5266,36588.0,-0.2418,-0.0234,-0.7527,0.79093,988.29,1000.0,11.71,50.96,204.0,2.2493,-0.0712,LOCK,0,normal
3454,1215264,5279,36601.0,0.0312,0.0234,-0.7215,0.72255,988.29,1000.0,11.71,50.96,204.0,2.2399,-0.2138,LOCK,0,normal
3455,1215275,5290,36612.0,0.273,0.1326,-0.7839,0.8406,988.31,1000.0,11.69,50.96,204.0,2.2631,0.1376,LOCK,0,normal
3456,1215283,5298,36620.0,0.273,0.1326,-0.7839,0.8406,988.33,1000.0,11.67,50.96,204.0,2.2686,0.2206,LOCK,0,normal
3457,1215292,5307,36629.0,0.0117,-0.078,-0.8112,0.81503,988.34,1000.0,11.66,50.96,204.0,2.2527,-0.0203,LOCK,0,normal
3458,1215300,5315,36637.0,-0.1326,0.0156,-0.8268,0.83751,988.36,1000.0,11.64,50.96,204.0,2.2386,-0.2327,LOCK,0,normal
3459,1215309,5324,36646.0,-0.3081,-0.0858,-0.6747,0.74666,988.37,1000.0,11.63,50.96,204.0,2.2419,-0.1836,LOCK,0,normal
3460,1215328,5343,36665.0,0.0897,0.0546,-0.7488,0.75613,988.37,1000.0,11.63,50.96,204.0,2.2667,0.1919,LOCK,0,normal
3461,1215337,5352,36674.0,0.1287,0.0663,-0.7137,0.72824,988.38,1000.0,11.62,50.96,204.0,2.2628,0.1327,LOCK,0,normal
3462,1215345,5360,36682.0,0.1287,0.0663,-0.7137,0.72824,988.38,1000.0,11.62,50.96,204.0,2.2437,-0.1558,LOCK,0,normal
3463,1215354,5369,36691.0,0.0351,-0.0273,-0.8346,0.83578,988.39,1000.0,11.61,50.96,204.0,2.2454,-0.1298,LOCK,0,normal
3464,1215362,5377,36699.0,-0.2418,-0.1287,-0.8736,0.91554,988.39,1000.0,11.61,50.96,204.0,2.2337,-0.3069,LOCK,0,normal
3465,1215379,5394,36716.0,-0.2145,0.2106,-0.897,0.94603,988.39,1000.0,11.61,50.96,204.0,2.2811,0.4111,LOCK,0,normal
3466,1215388,5403,36725.0,0.1794,-0.0117,-0.6786,0.70201,988.42,1000.0,11.58,50.96,204.0,2.2669,0.1949,LOCK,0,normal
3467,1215396,5411,36733.0,0.1794,-0.0117,-0.6786,0.70201,988.44,1000.0,11.56,50.96,204.0,2.2511,-0.0435,LOCK,0,normal
3468,1215405,5420,36742.0,0.1911,0.1755,-0.7917,0.83313,988.46,1000.0,11.54,50.96,204.0,2.2635,0.1437,LOCK,0,normal
3469,1215413,5428,36750.0,-0.0078,0.0117,-0.7956,0.79572,988.47,1000.0,11.53,50.96,204.0,2.2418,-0.1848,LOCK,0,normal
3470,1215422,5437,36759.0,-0.2847,0.0273,-0.897,0.94149,988.49,1000.0,11.51,50.96,204.0,2.2613,0.1104,LOCK,0,normal
3471,1215433,5448,36770.0,-0.2925,-0.0234,-0.7605,0.81515,988.5,1000.0,11.5,50.96,204.0,2.2644,0.1574,LOCK,0,normal
3472,1215442,5457,36779.0,-0.273,0.1209,-0.7917,0.84613,988.51,1000.0,11.49,50.96,204.0,2.2683,0.2172,LOCK,0,normal
3473,1215450,5465,36787.0,0.195,0.0039,-0.7332,0.7587,988.53,1000.0,11.47,50.96,204.0,2.2384,-0.2367,LOCK,0,normal
3474,1215458,5473,36795.0,0.195,0.0039,-0.7332,0.7587,988.54,1000.0,11.46,50.96,204.0,2.2493,-0.0706,LOCK,0,normal
3475,1215472,5487,36809.0,-0.039,0.0429,-0.8112,0.81327,988.55,1000.0,11.45,50.96,204.0,2.2453,-0.1323,LOCK,0,normal
3476,1215480,5495,36817.0,-0.2184,-0.0429,-0.9126,0.93935,988.57,1000.0,11.43,50.96,204.0,2.2428,-0.1695,LOCK,0,normal
3477,1215534,5549,36871.0,-0.078,0.0741,-0.8307,0.83764,988.59,1000.0,11.41,50.96,204.0,2.2736,0.2969,LOCK,0,normal
3478,1215543,5558,36880.0,-0.39,-0.0897,-0.8034,0.89755,988.6,1000.0,11.4,50.96,204.0,2.2613,0.111,LOCK,0,normal
3479,1215551,5566,36888.0,-0.1248,-0.0234,-0.78,0.79027,988.62,1000.0,11.38,50.96,204.0,2.248,-0.0911,LOCK,0,normal
3480,1215560,5575,36897.0,-0.1248,-0.0234,-0.78,0.79027,988.64,1000.0,11.36,50.96,204.0,2.2573,0.0496,LOCK,0,normal
3481,1215568,5583,36905.0,-0.1482,0.0663,-0.7878,0.80436,988.65,1000.0,11.35,50.96,204.0,2.2543,0.0045,LOCK,0,normal
3482,1215577,5592,36914.0,0.2574,0.0429,-0.7098,0.75625,988.66,1000.0,11.34,50.96,204.0,2.2608,0.1025,LOCK,0,normal
3483,1215585,5600,36922.0,0.1404,0.117,-0.7566,0.77836,988.67,1000.0,11.33,50.96,204.0,2.271,0.2572,LOCK,0,normal
3484,1215594,5609,36931.0,-0.1092,0.1521,-0.8463,0.86677,988.68,1000.0,11.32,50.96,204.0,2.2679,0.2105,LOCK,0,normal
3485,1215602,5617,36939.0,-0.1092,0.1521,-0.8463,0.86677,988.69,1000.0,11.31,50.96,204.0,2.2336,-0.309,LOCK,0,normal
3486,1215611,5626,36948.0,-0.3198,-0.0234,-0.741,0.8074,988.7,1000.0,11.3,50.96,204.0,2.2571,0.0475,LOCK,0,normal
3487,1215629,5644,36966.0,-0.0897,0.1053,-0.9204,0.93074,988.7,1000.0,11.3,50.96,204.0,2.2701,0.2435,LOCK,0,normal
3488,1215638,5653,36975.0,0.2964,0.0156,-0.6045,0.67344,988.7,1000.0,11.3,50.96,204.0,2.262,0.1211,LOCK,0,normal
3489,1215646,5661,36983.0,0.1638,-0.0039,-0.8268,0.84288,988.69,1000.0,11.31,50.96,204.0,2.2684,0.2178,LOCK,0,normal
3490,1215655,5670,36992.0,-0.1131,0.0429,-0.8151,0.82403,988.69,1000.0,11.31,50.96,204.0,2.2301,-0.3621,LOCK,0,normal
3491,1215663,5678,37000.0,-0.1131,0.0429,-0.8151,0.82403,988.69,1000.0,11.31,50.96,204.0,2.2446,-0.143,LOCK,0,normal
3492,1215676,5691,37013.0,-0.1638,0.0741,-0.8424,0.86137,988.69,1000.0,11.31,50.96,204.0,2.2574,0.0521,LOCK,0,normal
3493,1215685,5700,37022.0,-0.0663,0.0663,-0.8307,0.83597,988.69,1000.0,11.31,50.96,204.0,2.2777,0.3589,LOCK,0,normal
3494,1215694,5709,37031.0,-0.0663,0.0663,-0.8307,0.83597,988.69,1000.0,11.31,50.96,204.0,2.2723,0.2777,LOCK,0,normal
3495,1215702,5717,37039.0,0.3003,0.0039,-0.6708,0.73496,988.7,1000.0,11.3,50.96,204.0,2.249,-0.0758,LOCK,0,normal
3496,1215711,5726,37048.0,0.1638,-0.0546,-0.7449,0.76465,988.7,1000.0,11.3,50.96,204.0,2.2558,0.0271,LOCK,0,normal
3497,1215719,5734,37056.0,-0.0663,0.1131,-0.8424,0.85254,988.71,1000.0,11.29,50.96,204.0,2.2429,-0.1689,LOCK,0,normal
3498,1215728,5743,37065.0,-0.3003,-0.0351,-0.7215,0.78229,988.71,1000.0,11.29,50.96,204.0,2.2545,0.0081,LOCK,0,normal
3499,1215738,5753,37075.0,-0.2145,0.1638,-0.8073,0.85122,988.71,1000.0,11.29,50.96,204.0,2.27,0.2429,LOCK,0,normal
3500,1215747,5762,37084.0,-0.0819,0.1521,-0.8775,0.89434,988.72,1000.0,11.28,50.96,204.0,2.247,-0.1057,LOCK,0,normal
3501,1215755,5770,37092.0,-0.0819,0.1521,-0.8775,0.89434,988.73,1000.0,11.27,50.96,204.0,2.258,0.0603,LOCK,0,normal
3502,1215764,5779,37101.0,0.2847,0.1326,-0.6435,0.71605,988.74,1000.0,11.26,50.96,204.0,2.2436,-0.157,LOCK,0,normal
3503,1215772,5787,37109.0,0.0624,-0.1638,-0.8736,0.89101,988.75,1000.0,11.25,50.96,204.0,2.2469,-0.1079,LOCK,0,normal
3504,1215795,5810,37132.0,-0.3627,-0.1014,-0.6942,0.78978,988.76,1000.0,11.24,50.96,204.0,2.2701,0.2435,LOCK,0,normal
3505,1215803,5818,37140.0,-0.1755,0.1833,-0.897,0.93221,988.77,1000.0,11.23,50.96,204.0,2.2445,-0.1433,LOCK,0,normal
3506,1215812,5827,37149.0,-0.1053,0.1131,-0.7605,0.77604,988.77,1000.0,11.23,50.96,204.0,2.2428,-0.1695,LOCK,0,normal
3507,1215820,5835,37157.0,0.156,0.0429,-0.6942,0.7128,988.78,1000.0,11.22,50.96,204.0,2.2523,-0.0254,LOCK,0,normal
3508,1215829,5844,37166.0,-0.0078,0.0312,-0.7722,0.77287,988.78,1000.0,11.22,50.96,204.0,2.2463,-0.1161,LOCK,0,normal
3509,1215842,5857,37179.0,-0.0741,0.0663,-0.8541,0.85987,988.79,1000.0,11.21,50.96,204.0,2.2686,0.2215,LOCK,0,normal
3510,1215851,5866,37188.0,-0.2925,0.0234,-0.7254,0.7825,988.79,1000.0,11.21,50.96,204.0,2.2642,0.154,LOCK,0,normal
3511,1215859,5874,37196.0,-0.2574,0.2652,-0.8424,0.9199,988.79,1000.0,11.21,50.96,204.0,2.2334,-0.3124,LOCK,0,normal
3512,1215868,5883,37205.0,-0.2574,0.2652,-0.8424,0.9199,988.79,1000.0,11.21,50.96,204.0,2.2647,0.1617,LOCK,0,normal
3513,1215881,5896,37218.0,0.3354,0.0897,-0.6825,0.76573,988.79,1000.0,11.21,50.96,204.0,2.2465,-0.1134,LOCK,0,normal
3514,1215890,5905,37227.0,0.0546,0.0429,-0.8502,0.85303,988.79,1000.0,11.21,50.96,204.0,2.2687,0.2227,LOCK,0,normal
3515,1215898,5913,37235.0,0.0546,0.0429,-0.8502,0.85303,988.79,1000.0,11.21,50.96,204.0,2.2623,0.1253,LOCK,0,normal
3516,1215907,5922,37244.0,-0.2457,0.0234,-0.7605,0.79955,988.79,1000.0,11.21,50.96,204.0,2.2609,0.104,LOCK,0,normal
3517,1215915,5930,37252.0,-0.2574,-0.0195,-0.7449,0.78836,988.79,1000.0,11.21,50.96,204.0,2.2321,-0.3319,LOCK,0,normal
3518,1215924,5939,37261.0,-0.1443,0.1365,-0.8424,0.8655,988.79,1000.0,11.21,50.96,204.0,2.2415,-0.19,LOCK,0,normal
3519,1215932,5947,37269.0,0.0897,0.0624,-0.78,0.78762,988.79,1000.0,11.21,50.96,204.0,2.2657,0.1772,LOCK,0,normal
3520,1215943,5958,37280.0,0.273,0.1209,-0.7839,0.83884,988.78,1000.0,11.22,50.96,204.0,2.2686,0.2209,LOCK,0,normal
3521,1215951,5966,37288.0,-0.0078,0.0,-0.7722,0.77224,988.78,1000.0,11.22,50.96,204.0,2.2681,0.213,LOCK,0,normal
3522,1215960,5975,37297.0,-0.0078,0.0,-0.7722,0.77224,988.78,1000.0,11.22,50.96,204.0,2.2483,-0.0871,LOCK,0,normal
3523,1215968,5983,37305.0,-0.273,0.0585,-0.7956,0.84317,988.77,1000.0,11.23,50.96,204.0,2.2449,-0.1375,LOCK,0,normal
3524,1215977,5992,37314.0,-0.1833,0.0429,-0.7371,0.76076,988.77,1000.0,11.23,50.96,204.0,2.2499,-0.0624,LOCK,0,normal
3525,1215985,6000,37322.0,-0.0624,0.1326,-0.8268,0.83969,988.77,1000.0,11.23,50.96,204.0,2.2548,0.0121,LOCK,0,normal
3526,1215994,6009,37331.0,0.1794,0.0078,-0.7956,0.81561,988.76,1000.0,11.24,50.96,204.0,2.2781,0.3647,LOCK,0,normal
3527,1216002,6017,37339.0,0.1794,0.0078,-0.7956,0.81561,988.76,1000.0,11.24,50.96,204.0,2.2684,0.2181,LOCK,0,normal
3528,1216011,6026,37348.0,0.2067,0.1365,-0.7644,0.80353,988.76,1000.0,11.24,50.96,204.0,2.2649,0.1656,LOCK,0,normal
3529,1216019,6034,37356.0,-0.0078,-0.0039,-0.78,0.78005,988.75,1000.0,11.25,50.96,204.0,2.2482,-0.088,LOCK,0,normal
3530,1216027,6042,37364.0,-0.3978,0.0234,-0.8814,0.96729,988.75,1000.0,11.25,50.96,204.0,2.2597,0.0863,LOCK,0,normal
3531,1216046,6061,37383.0,-0.2145,0.078,-0.8775,0.9067,988.75,1000.0,11.25,50.96,204.0,2.2698,0.2398,LOCK,0,normal
3532,1216054,6069,37391.0,0.1638,-0.0624,-0.702,0.72355,988.73,1000.0,11.27,50.96,204.0,2.2703,0.2465,LOCK,0,normal
3533,1216063,6078,37400.0,0.1638,-0.0624,-0.702,0.72355,988.72,1000.0,11.28,50.96,204.0,2.2502,-0.0575,LOCK,0,normal
3534,1216071,6086,37408.0,0.3198,0.1365,-0.7098,0.79039,988.71,1000.0,11.29,50.96,204.0,2.2672,0.2001,LOCK,0,normal
3535,1216085,6100,37422.0,-0.2535,0.0663,-0.8424,0.88221,988.7,1000.0,11.3,50.96,204.0,2.2641,0.1537,LOCK,0,normal
3536,1216093,6108,37430.0,-0.2535,0.0663,-0.8424,0.88221,988.7,1000.0,11.3,50.96,204.0,2.2404,-0.2059,LOCK,0,normal
3537,1216149,6164,37486.0,-0.2301,-0.0117,-0.858,0.8884,988.68,1000.0,11.32,50.96,204.0,2.2727,0.2841,LOCK,0,normal
3538,1216157,6172,37494.0,-0.2769,0.0195,-0.7137,0.76578,988.66,1000.0,11.34,50.96,204.0,2.2653,0.1711,LOCK,0,normal
3539,1216166,6181,37503.0,-0.2769,0.0195,-0.7137,0.76578,988.65,1000.0,11.35,50.96,204.0,2.2441,-0.1503,LOCK,0,normal
3540,1216174,6189,37511.0,-0.3237,0.1794,-0.8697,0.94517,988.63,1000.0,11.37,50.96,204.0,2.2487,-0.0807,LOCK,0,normal
3541,1216183,6198,37520.0,0.0975,-0.0039,-0.6669,0.674,988.61,1000.0,11.39,50.96,204.0,2.2319,-0.3347,LOCK,0,normal
3542,1216191,6206,37528.0,0.0507,0.1599,-0.6942,0.71418,988.59,1000.0,11.41,50.96,204.0,2.2553,0.0194,LOCK,0,normal
3543,1216199,6214,37536.0,-0.0273,-0.0702,-0.7995,0.80304,988.57,1000.0,11.43,50.96,204.0,2.2665,0.1888,LOCK,0,normal
3544,1216208,6223,37545.0,-0.273,-0.0936,-0.8307,0.8794,988.56,1000.0,11.44,50.96,204.0,2.2689,0.2261,LOCK,0,normal
3545,1216216,6231,37553.0,-0.273,-0.0936,-0.8307,0.8794,988.54,1000.0,11.46,50.96,204.0,2.2561,0.0313,LOCK,0,normal
3546,1216225,6240,37562.0,-0.2574,-0.1014,-0.7254,0.77636,988.53,1000.0,11.47,50.96,204.0,2.2505,-0.0523,LOCK,0,normal
3547,1216243,6258,37580.0,0.2067,0.0078,-0.6474,0.67964,988.5,1000.0,11.5,50.96,204.0,2.2632,0.14,LOCK,0,normal
3548,1216252,6267,37589.0,0.1833,-0.1092,-0.819,0.84634,988.47,1000.0,11.53,50.96,204.0,2.2705,0.2493,LOCK,0,normal
3549,1216261,6276,37598.0,-0.0702,0.0507,-0.8073,0.81193,988.44,1000.0,11.56,50.96,204.0,2.2735,0.2954,LOCK,0,normal
3550,1216269,6284,37606.0,-0.0702,0.0507,-0.8073,0.81193,988.42,1000.0,11.58,50.96,204.0,2.2413,-0.1924,LOCK,0,normal
3551,1216277,6292,37614.0,-0.3276,-0.078,-0.8697,0.93262,988.4,1000.0,11.6,50.96,204.0,2.2538,-0.0029,LOCK,0,normal
3552,1216291,6306,37628.0,-0.1404,0.2379,-0.8736,0.91623,988.38,1000.0,11.62,50.96,204.0,2.256,0.0304,LOCK,0,normal
3553,1216299,6314,37636.0,-0.1404,0.2379,-0.8736,0.91623,988.35,1000.0,11.65,50.96,204.0,2.2693,0.2319,LOCK,0,normal
3554,1216308,6323,37645.0,0.1287,0.0039,-0.7215,0.7329,988.32,1000.0,11.68,50.96,204.0,2.2659,0.1806,LOCK,0,normal
3555,1216316,6331,37653.0,0.1872,0.0936,-0.7293,0.75874,988.29,1000.0,11.71,50.96,204.0,2.2307,-0.353,LOCK,0,normal
3556,1216325,6340,37662.0,-0.0429,-0.0585,-0.9126,0.91548,988.27,1000.0,11.73,50.96,204.0,2.272,0.2731,LOCK,0,normal
3557,1216333,6348,37670.0,-0.2769,-0.0702,-0.7683,0.81969,988.25,1000.0,11.75,50.96,204.0,2.2305,-0.3557,LOCK,0,normal
3558,1216342,6357,37679.0,-0.1716,-0.1521,-0.8307,0.86177,988.23,1000.0,11.77,50.96,204.0,2.2557,0.0252,LOCK,0,normal
3559,1216355,6370,37692.0,-0.078,0.2106,-0.8697,0.89823,988.21,1000.0,11.79,50.96,204.0,2.2442,-0.1488,LOCK,0,normal
3560,1216363,6378,37700.0,0.2847,0.0663,-0.6279,0.69261,988.19,1000.0,11.81,50.96,204.0,2.2564,0.0365,LOCK,0,normal
3561,1216372,6387,37709.0,0.1287,-0.0429,-0.8073,0.81862,988.18,1000.0,11.82,50.96,204.0,2.2431,-0.1659,LOCK,0,normal
3562,1216380,6395,37717.0,0.1287,-0.0429,-0.8073,0.81862,988.17,1000.0,11.83,50.96,204.0,2.2514,-0.0398,LOCK,0,normal
3563,1216405,6420,37742.0,-0.195,0.1092,-0.8112,0.84142,988.15,1000.0,11.85,50.96,204.0,2.2743,0.3079,LOCK,0,normal
3564,1216413,6428,37750.0,-0.1911,0.0507,-0.7956,0.8198,988.14,1000.0,11.86,50.96,204.0,2.2718,0.2697,LOCK,0,normal
3565,1216422,6437,37759.0,-0.1911,0.0507,-0.7956,0.8198,988.11,1000.0,11.89,50.96,204.0,2.2564,0.0365,LOCK,0,normal
3566,1216430,6445,37767.0,0.3471,-0.0156,-0.624,0.71421,988.08,1000.0,11.92,50.96,204.0,2.2449,-0.1384,LOCK,0,normal
3567,1216439,6454,37776.0,0.1404,0.0234,-0.7917,0.80439,988.06,1000.0,11.94,50.96,204.0,2.2496,-0.0667,LOCK,0,normal
3568,1216447,6462,37784.0,-0.1911,0.0117,-0.897,0.9172,988.04,1000.0,11.96,50.96,204.0,2.2674,0.2026,LOCK,0,normal
3569,1216457,6472,37794.0,-0.3081,-0.0078,-0.7566,0.81696,988.02,1000.0,11.98,50.96,204.0,2.2686,0.2212,LOCK,0,normal
3570,1216466,6481,37803.0,-0.0897,0.0702,-0.8268,0.83461,988.0,1000.0,12.0,50.96,204.0,2.2685,0.22,LOCK,0,normal
3571,1216474,6489,37811.0,-0.2184,-0.0117,-0.7566,0.78758,987.98,1000.0,12.02,50.96,204.0,2.2703,0.2468,LOCK,0,normal
3572,1216483,6498,37820.0,-0.2184,-0.0117,-0.7566,0.78758,987.94,1000.0,12.06,50.96,204.0,2.2505,-0.0526,LOCK,0,normal
3573,1216496,6511,37833.0,0.0429,0.0936,-0.8073,0.81384,987.9,1000.0,12.1,50.96,204.0,2.2498,-0.063,LOCK,0,normal
3574,1216505,6520,37842.0,-0.1677,0.0897,-0.7059,0.73107,987.87,1000.0,12.13,50.96,204.0,2.2731,0.2887,LOCK,0,normal
3575,1216514,6529,37851.0,-0.1677,0.0897,-0.7059,0.73107,987.84,1000.0,12.16,50.96,204.0,2.2619,0.1202,LOCK,0,normal
3576,1216522,6537,37859.0,-0.3276,-0.0819,-0.8541,0.91843,987.81,1000.0,12.19,50.96,204.0,2.2551,0.0161,LOCK,0,normal
3577,1216530,6545,37867.0,-0.2067,0.0234,-0.8112,0.83745,987.79,1000.0,12.21,50.96,204.0,2.2446,-0.1424,LOCK,0,normal
3578,1216539,6554,37876.0,-0.0897,0.0624,-0.8424,0.84946,987.75,1000.0,12.25,50.96,204.0,2.2581,0.0615,LOCK,0,normal
3579,1216547,6562,37884.0,0.2691,0.1482,-0.6591,0.72718,987.71,1000.0,12.29,50.96,204.0,2.2729,0.2868,LOCK,0,normal
3580,1216559,6574,37896.0,0.0741,0.0117,-0.7332,0.73703,987.67,1000.0,12.33,50.96,204.0,2.2694,0.2328,LOCK,0,normal
3581,1216568,6583,37905.0,-0.117,0.0897,-0.8151,0.82833,987.64,1000.0,12.36,50.96,204.0,2.2693,0.2319,LOCK,0,normal
3582,1216576,6591,37913.0,-0.117,0.0897,-0.8151,0.82833,987.61,1000.0,12.39,50.96,204.0,2.2436,-0.1579,LOCK,0,normal
3583,1216585,6600,37922.0,-0.3432,0.0117,-0.7605,0.83444,987.58,1000.0,12.42,50.96,204.0,2.2465,-0.1131,LOCK,0,normal
3584,1216593,6608,37930.0,-0.1326,0.1326,-0.7956,0.8174,987.56,1000.0,12.44,50.96,204.0,2.2524,-0.0239,LOCK,0,normal
3585,1216602,6617,37939.0,0.1014,0.0936,-0.8229,0.83439,987.53,1000.0,12.47,50.96,204.0,2.2567,0.0408,LOCK,0,normal
3586,1216610,6625,37947.0,0.4017,-0.0624,-0.6864,0.79775,987.51,1000.0,12.49,50.96,204.0,2.2668,0.1937,LOCK,0,normal
3587,1216619,6634,37956.0,0.1131,0.0702,-0.7566,0.76822,987.49,1000.0,12.51,50.96,204.0,2.2671,0.1983,LOCK,0,normal
3588,1216627,6642,37964.0,0.1131,0.0702,-0.7566,0.76822,987.47,1000.0,12.53,50.96,204.0,2.257,0.0457,LOCK,0,normal
3589,1216636,6651,37973.0,-0.1872,0.1716,-0.8034,0.84258,987.46,1000.0,12.54,50.96,204.0,2.2532,-0.0114,LOCK,0,normal
3590,1216644,6659,37981.0,-0.3237,0.0039,-0.7098,0.78014,987.44,1000.0,12.56,50.96,204.0,2.2376,-0.2483,LOCK,0,normal
3591,1216653,6668,37990.0,-0.1443,0.0234,-0.9009,0.91268,987.43,1000.0,12.57,50.96,204.0,2.2731,0.2899,LOCK,0,normal
3592,1216671,6686,38008.0,0.3588,0.1131,-0.6591,0.75891,987.4,1000.0,12.6,50.96,204.0,2.2692,0.2304,LOCK,0,normal
3593,1216680,6695,38017.0,-0.039,-0.1404,-0.8502,0.8626,987.37,1000.0,12.63,50.96,204.0,2.2489,-0.0779,LOCK,0,normal
3594,1216688,6703,38025.0,-0.039,-0.1404,-0.8502,0.8626,987.35,1000.0,12.65,50.96,204.0,2.2505,-0.0535,LOCK,0,normal
3595,1216702,6717,38039.0,-0.3978,0.0195,-0.7605,0.85848,987.33,1000.0,12.67,50.96,204.0,2.2453,-0.1314,LOCK,0,normal
3596,1216763,6778,38100.0,-0.2964,0.0273,-0.7332,0.79132,987.27,1000.0,12.73,50.96,204.0,2.2774,0.3543,LOCK,0,normal
3597,1216771,6786,38108.0,-0.2964,0.0273,-0.7332,0.79132,987.22,1000.0,12.78,50.96,204.0,2.261,0.1061,LOCK,0,normal
3598,1216780,6795,38117.0,-0.2496,0.0858,-0.7917,0.83454,987.17,1000.0,12.83,50.96,204.0,2.2455,-0.1292,LOCK,0,normal
3599,1216788,6803,38125.0,0.0741,0.0741,-0.78,0.78701,987.12,1000.0,12.88,50.96,204.0,2.2376,-0.248,LOCK,0,normal
3600,1216796,6811,38133.0,0.2457,0.1443,-0.6786,0.736,987.07,1000.0,12.93,50.96,204.0,2.2537,-0.0047,LOCK,0,normal
3601,1216805,6820,38142.0,0.0585,-0.195,-0.8619,0.88562,987.03,1000.0,12.97,50.96,204.0,2.2527,-0.0196,LOCK,0,normal
3602,1216813,6828,38150.0,-0.1989,0.0585,-0.7761,0.80331,986.99,1000.0,13.01,50.96,204.0,2.2624,0.1269,LOCK,0,normal
3603,1216822,6837,38159.0,-0.1989,0.0585,-0.7761,0.80331,986.96,1000.0,13.04,50.96,204.0,2.2644,0.1571,LOCK,0,normal
3604,1216830,6845,38167.0,-0.2613,-0.0507,-0.7722,0.81679,986.93,1000.0,13.07,50.96,204.0,2.2505,-0.0526,LOCK,0,normal
3605,1216839,6854,38176.0,-0.2535,0.2223,-0.8658,0.92913,986.9,1000.0,13.1,50.96,204.0,2.2573,0.0506,LOCK,0,normal
3606,1216857,6872,38194.0,0.312,0.0663,-0.7293,0.796,986.87,1000.0,13.13,50.96,204.0,2.2649,0.1653,LOCK,0,normal
3607,1216866,6881,38203.0,0.0663,-0.0858,-0.7995,0.80682,986.84,1000.0,13.16,50.96,204.0,2.2674,0.2029,LOCK,0,normal
3608,1216875,6890,38212.0,-0.2847,-0.0702,-0.9048,0.95113,986.81,1000.0,13.19,50.96,204.0,2.2676,0.2059,LOCK,0,normal
3609,1216883,6898,38220.0,-0.2847,-0.0702,-0.9048,0.95113,986.78,1000.0,13.22,50.96,204.0,2.2532,-0.0126,LOCK,0,normal
3610,1216892,6907,38229.0,-0.156,0.0546,-0.6591,0.67951,986.76,1000.0,13.24,50.96,204.0,2.247,-0.1057,LOCK,0,normal
3611,1216905,6920,38242.0,-0.0039,0.0312,-0.7293,0.72998,986.74,1000.0,13.26,50.96,204.0,2.2699,0.241,LOCK,0,normal
3612,1216914,6929,38251.0,-0.0039,0.0312,-0.7293,0.72998,986.69,1000.0,13.31,50.96,204.0,2.2677,0.2072,LOCK,0,normal
3613,1216922,6937,38259.0,0.2145,0.1287,-0.6903,0.73423,986.64,1000.0,13.36,50.96,204.0,2.2632,0.14,LOCK,0,normal
3614,1216931,6946,38268.0,-0.0429,-0.0546,-0.8814,0.88413,986.6,1000.0,13.4,50.96,204.0,2.2471,-0.1042,LOCK,0,normal
3615,1216939,6954,38276.0,-0.1638,0.0429,-0.7839,0.80198,986.56,1000.0,13.44,50.96,204.0,2.2349,-0.2895,LOCK,0,normal
3616,1216948,6963,38285.0,-0.2769,-0.0312,-0.7917,0.83931,986.53,1000.0,13.47,50.96,204.0,2.2699,0.2413,LOCK,0,normal
3617,1216962,6977,38299.0,-0.2418,0.2886,-0.8619,0.94055,986.49,1000.0,13.51,50.96,204.0,2.2616,0.1147,LOCK,0,normal
3618,1216970,6985,38307.0,0.117,-0.0546,-0.6591,0.67163,986.48,1000.0,13.52,50.96,204.0,2.2507,-0.0502,LOCK,0,normal
3619,1216979,6994,38316.0,0.2028,0.1326,-0.741,0.77961,986.47,1000.0,13.53,50.96,204.0,2.2582,0.0631,LOCK,0,normal
3620,1216987,7002,38324.0,-0.0351,0.0117,-0.7371,0.73803,986.46,1000.0,13.54,50.96,204.0,2.2571,0.0469,LOCK,0,normal
3621,1216996,7011,38333.0,-0.0351,0.0117,-0.7371,0.73803,986.45,1000.0,13.55,50.96,204.0,2.2493,-0.0715,LOCK,0,normal
3622,1217020,7035,38357.0,-0.2925,0.1521,-0.8112,0.87563,986.44,1000.0,13.56,50.96,204.0,2.278,0.3644,LOCK,0,normal
3623,1217028,7043,38365.0,-0.2925,0.1521,-0.8112,0.87563,986.44,1000.0,13.56,50.96,204.0,2.2759,0.3317,LOCK,0,normal
3624,1217036,7051,38373.0,0.1014,-0.0273,-0.6747,0.68282,986.43,1000.0,13.57,50.96,204.0,2.258,0.0606,LOCK,0,normal
3625,1217045,7060,38382.0,0.2106,0.1209,-0.8268,0.86172,986.43,1000.0,13.57,50.96,204.0,2.2635,0.1434,LOCK,0,normal
3626,1217053,7068,38390.0,-0.0507,-0.0273,-0.7878,0.7899,986.42,1000.0,13.58,50.96,204.0,2.2473,-0.1011,LOCK,0,normal
3627,1217064,7079,38401.0,-0.2028,-0.0429,-0.897,0.92064,986.42,1000.0,13.58,50.96,204.0,2.2631,0.1372,LOCK,0,normal
3628,1217072,7087,38409.0,-0.234,0.0819,-0.7839,0.82217,986.41,1000.0,13.59,50.96,204.0,2.2654,0.1733,LOCK,0,normal
3629,1217081,7096,38418.0,-0.273,0.1755,-0.7995,0.86286,986.41,1000.0,13.59,50.96,204.0,2.2724,0.2789,LOCK,0,normal
3630,1217089,7104,38426.0,-0.273,0.1755,-0.7995,0.86286,986.4,1000.0,13.6,50.96,204.0,2.26,0.0909,LOCK,0,normal
3631,1217098,7113,38435.0,0.1092,0.0507,-0.7527,0.76227,986.4,1000.0,13.6,50.96,204.0,2.2528,-0.0187,LOCK,0,normal
3632,1217111,7126,38448.0,0.0117,0.0741,-0.7878,0.79136,986.39,1000.0,13.61,50.96,204.0,2.2526,-0.0218,LOCK,0,normal
3633,1217120,7135,38457.0,0.0117,0.0741,-0.7878,0.79136,986.39,1000.0,13.61,50.96,204.0,2.2713,0.2618,LOCK,0,normal
3634,1217128,7143,38465.0,-0.2535,-0.1053,-0.9243,0.9642,986.39,1000.0,13.61,50.96,204.0,2.2629,0.1348,LOCK,0,normal
3635,1217137,7152,38474.0,-0.1014,0.0741,-0.7683,0.7785,986.38,1000.0,13.62,50.96,204.0,2.2488,-0.0789,LOCK,0,normal
3636,1217145,7160,38482.0,-0.3081,0.195,-0.858,0.93226,986.38,1000.0,13.62,50.96,204.0,2.2645,0.1589,LOCK,0,normal
3637,1217154,7169,38491.0,0.1716,0.0312,-0.6942,0.71577,986.37,1000.0,13.63,50.96,204.0,2.2499,-0.0624,LOCK,0,normal
3638,1217162,7177,38499.0,0.1833,0.156,-0.7995,0.83495,986.36,1000.0,13.64,50.96,204.0,2.2564,0.0365,LOCK,0,normal
3639,1217174,7189,38511.0,-0.0429,0.0858,-0.8853,0.89048,986.35,1000.0,13.65,50.96,204.0,2.2641,0.1528,LOCK,0,normal
3640,1217183,7198,38520.0,-0.312,-0.0507,-0.7605,0.82357,986.34,1000.0,13.66,50.96,204.0,2.2733,0.2923,LOCK,0,normal
3641,1217191,7206,38528.0,-0.312,-0.0507,-0.7605,0.82357,986.33,1000.0,13.67,50.96,204.0,2.2628,0.1327,LOCK,0,normal
3642,1217199,7214,38536.0,-0.1872,-0.0078,-0.78,0.80219,986.33,1000.0,13.67,50.96,204.0,2.2471,-0.1042,LOCK,0,normal
3643,1217208,7223,38545.0,-0.195,-0.0078,-0.7605,0.78514,986.33,1000.0,13.67,50.96,204.0,2.2616,0.115,LOCK,0,normal
3644,1217219,7234,38556.0,0.3003,0.0741,-0.7137,0.77784,986.33,1000.0,13.67,50.96,204.0,2.2677,0.2081,LOCK,0,normal
3645,1217227,7242,38564.0,0.1248,0.1209,-0.7956,0.81435,986.33,1000.0,13.67,50.96,204.0,2.2677,0.2075,LOCK,0,normal
3646,1217236,7251,38573.0,-0.1482,0.0585,-0.819,0.83435,986.33,1000.0,13.67,50.96,204.0,2.2429,-0.1677,LOCK,0,normal
3647,1217244,7259,38581.0,-0.2925,-0.0858,-0.7878,0.84472,986.33,1000.0,13.67,50.96,204.0,2.2631,0.1385,LOCK,0,normal
3648,1217253,7268,38590.0,-0.2925,-0.0858,-0.7878,0.84472,986.33,1000.0,13.67,50.96,204.0,2.2321,-0.3322,LOCK,0,normal
3649,1217261,7276,38598.0,-0.1365,-0.0234,-0.7683,0.78068,986.33,1000.0,13.67,50.96,204.0,2.2425,-0.1735,LOCK,0,normal
3650,1217278,7293,38615.0,0.4212,-0.0039,-0.6513,0.77564,986.33,1000.0,13.67,50.96,204.0,2.2732,0.2905,LOCK,0,normal
3651,1217286,7301,38623.0,0.1716,0.1287,-0.7722,0.80144,986.33,1000.0,13.67,50.96,204.0,2.2442,-0.1485,LOCK,0,normal
3652,1217295,7310,38632.0,-0.2067,0.0351,-0.7254,0.75509,986.33,1000.0,13.67,50.96,204.0,2.2447,-0.1405,LOCK,0,normal
3653,1217303,7318,38640.0,-0.2067,0.0351,-0.7254,0.75509,986.33,1000.0,13.67,50.96,204.0,2.2619,0.1195,LOCK,0,normal
3654,1217317,7332,38654.0,-0.1716,0.0312,-0.8697,0.88702,986.33,1000.0,13.67,50.96,204.0,2.2567,0.0408,LOCK,0,normal
3655,1217377,7392,38714.0,-0.2145,0.0624,-0.8502,0.87906,986.31,1000.0,13.69,50.96,204.0,2.2662,0.1846,LOCK,0,normal
3656,1217385,7400,38722.0,-0.2145,0.0624,-0.8502,0.87906,986.3,1000.0,13.7,50.96,204.0,2.2804,0.4004,LOCK,0,normal
3657,1217394,7409,38731.0,-0.1755,0.0741,-0.7917,0.8143,986.29,1000.0,13.71,50.96,204.0,2.2557,0.0258,LOCK,0,normal
3658,1217402,7417,38739.0,0.2808,0.078,-0.6591,0.72066,986.28,1000.0,13.72,50.96,204.0,2.2416,-0.1878,LOCK,0,normal
3659,1217411,7426,38748.0,0.0507,-0.0156,-0.858,0.85964,986.28,1000.0,13.72,50.96,204.0,2.245,-0.1369,LOCK,0,normal
3660,1217426,7441,38763.0,-0.1248,0.0702,-0.7293,0.74322,986.27,1000.0,13.73,50.96,204.0,2.273,0.288,LOCK,0,normal
3661,1217434,7449,38771.0,-0.2808,-0.0975,-0.7878,0.84201,986.26,1000.0,13.74,50.96,204.0,2.2617,0.1162,LOCK,0,normal
3662,1217443,7458,38780.0,-0.1014,0.2301,-0.9204,0.95413,986.26,1000.0,13.74,50.96,204.0,2.2461,-0.1204,LOCK,0,normal
3663,1217451,7466,38788.0,0.0078,0.0975,-0.7761,0.78224,986.28,1000.0,13.72,50.96,204.0,2.2582,0.064,LOCK,0,normal
3664,1217460,7475,38797.0,0.3354,0.0624,-0.7059,0.78402,986.29,1000.0,13.71,50.96,204.0,2.2543,0.0039,LOCK,0,normal
3665,1217479,7494,38816.0,0.0312,-0.039,-0.8151,0.81663,986.3,1000.0,13.7,50.96,204.0,2.2744,0.3097,LOCK,0,normal
3666,1217487,7502,38824.0,-0.0507,0.1716,-0.8268,0.84594,986.32,1000.0,13.68,50.96,204.0,2.2635,0.1437,LOCK,0,normal
3667,1217496,7511,38833.0,-0.3393,-0.0468,-0.6942,0.7741,986.33,1000.0,13.67,50.96,204.0,2.2519,-0.0316,LOCK,0,normal
3668,1217504,7519,38841.0,-0.1911,0.234,-0.8892,0.93912,986.34,1000.0,13.66,50.96,204.0,2.2558,0.0267,LOCK,0,normal
3669,1217518,7533,38855.0,-0.0468,-0.0624,-0.6942,0.69857,986.34,1000.0,13.66,50.96,204.0,2.2507,-0.0502,LOCK,0,normal
3670,1217528,7543,38865.0,0.4329,0.1131,-0.702,0.83246,986.34,1000.0,13.66,50.96,204.0,2.2733,0.292,LOCK,0,normal
3671,1217537,7552,38874.0,0.0468,-0.1833,-0.8814,0.90147,986.34,1000.0,13.66,50.96,204.0,2.2655,0.1745,LOCK,0,normal
3672,1217545,7560,38882.0,-0.117,0.0507,-0.7722,0.78266,986.34,1000.0,13.66,50.96,204.0,2.2386,-0.233,LOCK,0,normal
3673,1217554,7569,38891.0,-0.3471,0.0351,-0.741,0.81902,986.35,1000.0,13.65,50.96,204.0,2.2456,-0.1277,LOCK,0,normal
3674,1217562,7577,38899.0,-0.2067,0.1209,-0.8853,0.91711,986.35,1000.0,13.65,50.96,204.0,2.2639,0.1501,LOCK,0,normal
3675,1217583,7598,38920.0,0.2262,0.078,-0.7527,0.78981,986.36,1000.0,13.64,50.96,204.0,2.2839,0.4532,LOCK,0,normal
3676,1217591,7606,38928.0,0.2262,0.078,-0.7527,0.78981,986.37,1000.0,13.63,50.96,204.0,2.2364,-0.266,LOCK,0,normal
3677,1217600,7615,38937.0,0.0273,-0.0156,-0.7878,0.78843,986.38,1000.0,13.62,50.96,204.0,2.2482,-0.0883,LOCK,0,normal
3678,1217608,7623,38945.0,-0.1443,0.0,-0.8346,0.84698,986.39,1000.0,13.61,50.96,204.0,2.2581,0.0628,LOCK,0,normal
3679,1217635,7650,38972.0,0.0585,-0.0897,-0.7137,0.72169,986.43,1000.0,13.57,50.96,204.0,2.2728,0.2853,LOCK,0,normal
3680,1217644,7659,38981.0,0.3003,0.1599,-0.7332,0.80829,986.46,1000.0,13.54,50.96,204.0,2.2383,-0.2385,LOCK,0,normal
3681,1217652,7667,38989.0,0.3003,0.1599,-0.7332,0.80829,986.5,1000.0,13.5,50.96,204.0,2.26,0.0912,LOCK,0,normal
3682,1217661,7676,38998.0,0.0546,0.0702,-0.8502,0.85484,986.53,1000.0,13.47,50.96,204.0,2.2474,-0.1002,LOCK,0,normal
3683,1217669,7684,39006.0,-0.2964,0.0624,-0.7917,0.84766,986.55,1000.0,13.45,50.96,204.0,2.2483,-0.0859,LOCK,0,normal
3684,1217684,7699,39021.0,-0.1755,-0.0195,-0.7527,0.77314,986.58,1000.0,13.42,50.96,204.0,2.2637,0.1467,LOCK,0,normal
3685,1217693,7708,39030.0,-0.1911,0.1365,-0.8775,0.90838,986.6,1000.0,13.4,50.96,204.0,2.2759,0.3317,LOCK,0,normal
3686,1217701,7716,39038.0,0.1365,0.0663,-0.7215,0.73729,986.6,1000.0,13.4,50.96,204.0,2.2373,-0.2526,LOCK,0,normal
3687,1217710,7725,39047.0,0.3822,0.0585,-0.7137,0.81171,986.6,1000.0,13.4,50.96,204.0,2.2588,0.0728,LOCK,0,normal
3688,1217723,7738,39060.0,0.0819,-0.0117,-0.8697,0.87363,986.6,1000.0,13.4,50.96,204.0,2.2595,0.0838,LOCK,0,normal
3689,1217733,7748,39070.0,-0.1989,-0.0273,-0.8034,0.82811,986.61,1000.0,13.39,50.96,204.0,2.2709,0.256,LOCK,0,normal
3690,1217741,7756,39078.0,-0.2964,0.0351,-0.7098,0.77,986.61,1000.0,13.39,50.96,204.0,2.2598,0.0875,LOCK,0,normal
3691,1217750,7765,39087.0,-0.1287,0.1326,-0.8892,0.9082,986.61,1000.0,13.39,50.96,204.0,2.2451,-0.1347,LOCK,0,normal
3692,1217758,7773,39095.0,0.1599,-0.0897,-0.7371,0.75956,986.61,1000.0,13.39,50.96,204.0,2.2546,0.009,LOCK,0,normal
3693,1217767,7782,39104.0,0.1794,0.1872,-0.7293,0.77402,986.61,1000.0,13.39,50.96,204.0,2.2515,-0.0383,LOCK,0,normal
3694,1217796,7811,39133.0,-0.2925,0.0117,-0.8697,0.91764,986.61,1000.0,13.39,50.96,204.0,2.2705,0.2505,LOCK,0,normal
3695,1217805,7820,39142.0,-0.3666,-0.0351,-0.7215,0.81006,986.62,1000.0,13.38,50.96,204.0,2.2378,-0.2449,LOCK,0,normal
3696,1217813,7828,39150.0,-0.2106,0.0936,-0.8151,0.84705,986.62,1000.0,13.38,50.96,204.0,2.2447,-0.1405,LOCK,0,normal
3697,1217822,7837,39159.0,0.1404,0.0234,-0.741,0.75455,986.62,1000.0,13.38,50.96,204.0,2.2497,-0.0651,LOCK,0,normal
3698,1217846,7861,39183.0,-0.0897,-0.0936,-0.78,0.7907,986.63,1000.0,13.37,50.96,204.0,2.2732,0.2911,LOCK,0,normal
3699,1217854,7869,39191.0,-0.2964,-0.0546,-0.8658,0.91676,986.64,1000.0,13.36,50.96,204.0,2.2503,-0.0566,LOCK,0,normal
3700,1217863,7878,39200.0,-0.3822,0.0195,-0.7644,0.85485,986.64,1000.0,13.36,50.96,204.0,2.2639,0.1501,LOCK,0,normal
3701,1217871,7886,39208.0,-0.2496,0.156,-0.8307,0.88131,986.64,1000.0,13.36,50.96,204.0,2.239,-0.2278,LOCK,0,normal
3702,1217899,7914,39236.0,0.0663,0.1092,-0.8268,0.83661,986.66,1000.0,13.34,50.96,204.0,2.2689,0.2264,LOCK,0,normal
3703,1217907,7922,39244.0,0.0156,0.0195,-0.7293,0.72973,986.67,1000.0,13.33,50.96,204.0,2.2439,-0.1527,LOCK,0,normal
3704,1217915,7930,39252.0,-0.1521,0.0741,-0.8931,0.90898,986.69,1000.0,13.31,50.96,204.0,2.2351,-0.2861,LOCK,0,normal
3705,1217929,7944,39266.0,-0.1443,0.0624,-0.7956,0.81098,986.7,1000.0,13.3,50.96,204.0,2.2482,-0.0877,LOCK,0,normal
3706,1217986,8001,39323.0,-0.2301,-0.0546,-0.7761,0.81133,986.69,1000.0,13.31,50.96,204.0,2.2579,0.0591,LOCK,0,normal
3707,1217995,8010,39332.0,-0.3744,0.2613,-0.8775,0.98917,986.68,1000.0,13.32,50.96,204.0,2.2646,0.1601,LOCK,0,normal
3708,1218003,8018,39340.0,0.2418,0.0468,-0.6513,0.69631,986.69,1000.0,13.31,50.96,204.0,2.2476,-0.0972,LOCK,0,normal
3709,1218012,8027,39349.0,0.2418,0.0468,-0.6513,0.69631,986.7,1000.0,13.3,50.96,204.0,2.26,0.0912,LOCK,0,normal
3710,1218020,8035,39357.0,0.1872,0.0585,-0.8931,0.91438,986.71,1000.0,13.29,50.96,204.0,2.2523,-0.0258,LOCK,0,normal
3711,1218029,8044,39366.0,-0.0624,0.0897,-0.7683,0.77603,986.72,1000.0,13.28,50.96,204.0,2.2539,-0.0013,LOCK,0,normal
3712,1218041,8056,39378.0,-0.2964,-0.1326,-0.8268,0.88828,986.73,1000.0,13.27,50.96,204.0,2.2685,0.22,LOCK,0,normal
3713,1218049,8064,39386.0,-0.0273,0.0897,-0.7761,0.78174,986.73,1000.0,13.27,50.96,204.0,2.2598,0.0884,LOCK,0,normal
3714,1218058,8073,39395.0,-0.0702,0.2067,-0.8463,0.874,986.74,1000.0,13.26,50.96,204.0,2.2538,-0.0032,LOCK,0,normal
3715,1218066,8081,39403.0,0.2262,0.0507,-0.7371,0.77269,986.75,1000.0,13.25,50.96,204.0,2.24,-0.2126,LOCK,0,normal
3716,1218075,8090,39412.0,0.1677,0.156,-0.7839,0.81668,986.76,1000.0,13.24,50.96,204.0,2.2466,-0.1115,LOCK,0,normal
3717,1218083,8098,39420.0,0.1677,0.156,-0.7839,0.81668,986.77,1000.0,13.23,50.96,204.0,2.2552,0.0179,LOCK,0,normal
3718,1218097,8112,39434.0,-0.2457,-0.0741,-0.7995,0.83968,986.77,1000.0,13.23,50.96,204.0,2.2787,0.3741,LOCK,0,normal
3719,1218106,8121,39443.0,-0.1599,-0.039,-0.8034,0.82009,986.78,1000.0,13.22,50.96,204.0,2.2517,-0.0355,LOCK,0,normal
3720,1218114,8129,39451.0,-0.1599,-0.039,-0.8034,0.82009,986.79,1000.0,13.21,50.96,204.0,2.2485,-0.0841,LOCK,0,normal
3721,1218122,8137,39459.0,-0.0702,0.0078,-0.7839,0.78708,986.79,1000.0,13.21,50.96,204.0,2.2442,-0.1488,LOCK,0,normal
3722,1218136,8151,39473.0,0.0507,0.0078,-0.819,0.8206,986.79,1000.0,13.21,50.96,204.0,2.2679,0.2105,LOCK,0,normal
3723,1218144,8159,39481.0,0.0507,0.0078,-0.819,0.8206,986.8,1000.0,13.2,50.96,204.0,2.2738,0.3006,LOCK,0,normal
3724,1218153,8168,39490.0,-0.0429,0.234,-0.8073,0.84162,986.8,1000.0,13.2,50.96,204.0,2.2698,0.2401,LOCK,0,normal
3725,1218161,8176,39498.0,-0.3588,-0.2379,-0.7878,0.89775,986.8,1000.0,13.2,50.96,204.0,2.2459,-0.1225,LOCK,0,normal
3726,1218170,8185,39507.0,-0.1755,0.0429,-0.7488,0.77029,986.81,1000.0,13.19,50.96,204.0,2.2474,-0.1005,LOCK,0,normal
3727,1218178,8193,39515.0,-0.1872,0.0546,-0.819,0.84189,986.81,1000.0,13.19,50.96,204.0,2.2429,-0.1683,LOCK,0,normal
3728,1218186,8201,39523.0,-0.1872,0.0546,-0.819,0.84189,986.79,1000.0,13.21,50.96,204.0,2.2506,-0.0508,LOCK,0,normal
3729,1218197,8212,39534.0,0.3432,-0.0156,-0.6201,0.70891,986.77,1000.0,13.23,50.96,204.0,2.2702,0.245,LOCK,0,normal
3730,1218205,8220,39542.0,0.1677,0.0234,-0.8112,0.82868,986.75,1000.0,13.25,50.96,204.0,2.2505,-0.0532,LOCK,0,normal
3731,1218214,8229,39551.0,-0.1404,0.0507,-0.8892,0.90164,986.74,1000.0,13.26,50.96,204.0,2.2562,0.0329,LOCK,0,normal
3732,1218222,8237,39559.0,-0.2964,0.0078,-0.7644,0.81989,986.73,1000.0,13.27,50.96,204.0,2.256,0.0304,LOCK,0,normal
3733,1218246,8261,39583.0,-0.1365,-0.0039,-0.7995,0.81108,986.74,1000.0,13.26,50.96,204.0,2.2685,0.22,LOCK,0,normal
3734,1218254,8269,39591.0,0.351,0.0507,-0.6591,0.74845,986.75,1000.0,13.25,50.96,204.0,2.2708,0.2551,LOCK,0,normal
3735,1218263,8278,39600.0,0.0975,0.0585,-0.8073,0.81527,986.76,1000.0,13.24,50.96,204.0,2.2587,0.071,LOCK,0,normal
3736,1218271,8286,39608.0,-0.1131,0.2301,-0.8268,0.86564,986.76,1000.0,13.24,50.96,204.0,2.2426,-0.1723,LOCK,0,normal
3737,1218279,8294,39616.0,-0.3978,-0.117,-0.7956,0.89717,986.77,1000.0,13.23,50.96,204.0,2.2573,0.0499,LOCK,0,normal
3738,1218288,8303,39625.0,-0.3978,-0.117,-0.7956,0.89717,986.78,1000.0,13.22,50.96,204.0,2.2462,-0.1179,LOCK,0,normal
3739,1218299,8314,39636.0,-0.1092,-0.0663,-0.7722,0.7827,986.78,1000.0,13.22,50.96,204.0,2.271,0.2572,LOCK,0,normal
3740,1218308,8323,39645.0,-0.0195,0.0429,-0.9438,0.94498,986.77,1000.0,13.23,50.96,204.0,2.2654,0.173,LOCK,0,normal
3741,1218316,8331,39653.0,0.2262,0.156,-0.6162,0.67469,986.75,1000.0,13.25,50.96,204.0,2.2667,0.1928,LOCK,0,normal
3742,1218325,8340,39662.0,0.0702,0.0975,-0.8307,0.83934,986.73,1000.0,13.27,50.96,204.0,2.2704,0.2478,LOCK,0,normal
3743,1218338,8353,39675.0,-0.1365,0.0351,-0.8307,0.84257,986.72,1000.0,13.28,50.96,204.0,2.2703,0.2474,LOCK,0,normal
3744,1218346,8361,39683.0,-0.3354,0.0585,-0.7215,0.7978,986.71,1000.0,13.29,50.96,204.0,2.2673,0.2011,LOCK,0,normal
3745,1218355,8370,39692.0,-0.156,0.1521,-0.7878,0.81737,986.7,1000.0,13.3,50.96,204.0,2.271,0.2575,LOCK,0,normal
3746,1218363,8378,39700.0,0.0897,0.039,-0.8073,0.8132,986.68,1000.0,13.32,50.96,204.0,2.2556,0.0237,LOCK,0,normal
3747,1218372,8387,39709.0,0.2418,0.0156,-0.6942,0.73527,986.66,1000.0,13.34,50.96,204.0,2.2438,-0.1549,LOCK,0,normal
3748,1218380,8395,39717.0,0.2418,0.0156,-0.6942,0.73527,986.64,1000.0,13.36,50.96,204.0,2.2501,-0.059,LOCK,0,normal
3749,1218389,8404,39726.0,0.0117,-0.0468,-0.7449,0.74646,986.63,1000.0,13.37,50.96,204.0,2.2562,0.0341,LOCK,0,normal
3750,1218404,8419,39741.0,-0.39,0.0078,-0.6981,0.79969,986.61,1000.0,13.39,50.96,204.0,2.2708,0.2542,LOCK,0,normal
3751,1218413,8428,39750.0,-0.39,0.0078,-0.6981,0.79969,986.6,1000.0,13.4,50.96,204.0,2.2353,-0.2828,LOCK,0,normal
3752,1218421,8436,39758.0,-0.1443,0.0585,-0.8385,0.85283,986.59,1000.0,13.41,50.96,204.0,2.2502,-0.0572,LOCK,0,normal
3753,1218430,8445,39767.0,0.156,0.0429,-0.8892,0.9038,986.57,1000.0,13.43,50.96,204.0,2.2461,-0.1201,LOCK,0,normal
3754,1218438,8453,39775.0,0.3042,0.1521,-0.6474,0.7313,986.56,1000.0,13.44,50.96,204.0,2.2379,-0.2446,LOCK,0,normal
3755,1218451,8466,39788.0,0.0039,-0.1092,-0.8034,0.8108,986.54,1000.0,13.46,50.96,204.0,2.2703,0.2468,LOCK,0,normal
3756,1218460,8475,39797.0,-0.2808,0.0936,-0.7839,0.83792,986.53,1000.0,13.47,50.96,204.0,2.263,0.1366,LOCK,0,normal
3757,1218468,8483,39805.0,-0.3549,0.0234,-0.7293,0.81141,986.51,1000.0,13.49,50.96,204.0,2.2518,-0.0331,LOCK,0,normal
3758,1218477,8492,39814.0,-0.1677,0.156,-0.8346,0.86546,986.5,1000.0,13.5,50.96,204.0,2.2737,0.299,LOCK,0,normal
3759,1218485,8500,39822.0,-0.0546,0.0429,-0.7098,0.71319,986.49,1000.0,13.51,50.96,204.0,2.2415,-0.1891,LOCK,0,normal
3760,1218493,8508,39830.0,-0.0546,0.0429,-0.7098,0.71319,986.48,1000.0,13.52,50.96,204.0,2.2596,0.0844,LOCK,0,normal
3761,1218508,8523,39845.0,-0.0273,-0.0897,-0.7176,0.7237,986.46,1000.0,13.54,50.96,204.0,2.2698,0.2401,LOCK,0,normal
3762,1218516,8531,39853.0,-0.1794,0.1326,-0.8229,0.8526,986.45,1000.0,13.55,50.96,204.0,2.2687,0.223,LOCK,0,normal
3763,1218525,8540,39862.0,-0.1794,0.1326,-0.8229,0.8526,986.44,1000.0,13.56,50.96,204.0,2.2717,0.2679,LOCK,0,normal
3764,1218538,8553,39875.0,-0.2379,0.0897,-0.7644,0.80557,986.44,1000.0,13.56,50.96,204.0,2.2392,-0.2245,LOCK,0,normal
3765,1218546,8561,39883.0,0.0819,0.0429,-0.7605,0.7661,986.41,1000.0,13.59,50.96,204.0,2.2438,-0.154,LOCK,0,normal
3766,1218555,8570,39892.0,0.0819,0.0429,-0.7605,0.7661,986.39,1000.0,13.61,50.96,204.0,2.276,0.3332,LOCK,0,normal
3767,1218563,8578,39900.0,0.2223,0.1443,-0.6591,0.71039,986.37,1000.0,13.63,50.96,204.0,2.2655,0.1736,LOCK,0,normal
3768,1218606,8621,39943.0,-0.2535,0.234,-0.8424,0.91031,986.34,1000.0,13.66,50.96,204.0,2.2711,0.2587,LOCK,0,normal
3769,1218615,8630,39952.0,0.117,0.0819,-0.6864,0.7011,986.31,1000.0,13.69,50.96,204.0,2.2686,0.2212,LOCK,0,normal
3770,1218623,8638,39960.0,0.3276,0.1014,-0.7566,0.83069,986.29,1000.0,13.71,50.96,204.0,2.2698,0.2401,LOCK,0,normal
3771,1218632,8647,39969.0,0.0468,-0.1677,-0.8541,0.87167,986.27,1000.0,13.73,50.96,204.0,2.2741,0.3042,LOCK,0,normal
3772,1218640,8655,39977.0,-0.3237,-0.039,-0.8619,0.92151,986.25,1000.0,13.75,50.96,204.0,2.2657,0.1778,LOCK,0,normal
3773,1218649,8664,39986.0,-0.2262,0.0624,-0.7059,0.74388,986.23,1000.0,13.77,50.96,204.0,2.2665,0.1894,LOCK,0,normal
3774,1218657,8672,39994.0,-0.2262,0.0624,-0.7059,0.74388,986.22,1000.0,13.78,50.96,204.0,2.2665,0.1891,LOCK,0,normal
3775,1218666,8681,40003.0,-0.2574,0.0858,-0.819,0.86277,986.2,1000.0,13.8,50.96,204.0,2.276,0.3335,LOCK,0,normal
3776,1218674,8689,40011.0,-0.0039,0.0039,-0.6708,0.67082,986.2,1000.0,13.8,50.96,204.0,2.2561,0.0316,LOCK,0,normal
3777,1218683,8698,40020.0,0.1794,0.1287,-0.7254,0.75826,986.19,1000.0,13.81,50.96,204.0,2.2503,-0.0554,LOCK,0,normal
3778,1218691,8706,40028.0,-0.0858,-0.0858,-0.9087,0.91677,986.19,1000.0,13.81,50.96,204.0,2.229,-0.3786,LOCK,0,normal
3779,1218700,8715,40037.0,-0.0858,-0.0858,-0.9087,0.91677,986.19,1000.0,13.81,50.96,204.0,2.2603,0.0954,LOCK,0,normal
3780,1218709,8724,40046.0,-0.1755,0.0585,-0.7566,0.77889,986.18,1000.0,13.82,50.96,204.0,2.2628,0.1336,LOCK,0,normal
3781,1218717,8732,40054.0,-0.3276,-0.0507,-0.7995,0.8655,986.18,1000.0,13.82,50.96,204.0,2.2629,0.1351,LOCK,0,normal
3782,1218726,8741,40063.0,-0.2301,0.2574,-0.8775,0.94298,986.18,1000.0,13.82,50.96,204.0,2.2527,-0.0193,LOCK,0,normal
3783,1218749,8764,40086.0,0.1794,0.1482,-0.7683,0.80277,986.14,1000.0,13.86,50.96,204.0,2.2539,-0.0019,LOCK,0,normal
3784,1218758,8773,40095.0,0.0897,0.0741,-0.8229,0.83108,986.11,1000.0,13.89,50.96,204.0,2.2686,0.2206,LOCK,0,normal
3785,1218766,8781,40103.0,-0.2574,-0.2379,-0.9009,0.96668,986.08,1000.0,13.92,50.96,204.0,2.2619,0.1195,LOCK,0,normal
3786,1218775,8790,40112.0,-0.2808,0.0858,-0.7605,0.81521,986.06,1000.0,13.94,50.96,204.0,2.249,-0.0761,LOCK,0,normal
3787,1218783,8798,40120.0,-0.2847,0.0858,-0.8697,0.91913,986.03,1000.0,13.97,50.96,204.0,2.2518,-0.0328,LOCK,0,normal
3788,1218792,8807,40129.0,-0.2847,0.0858,-0.8697,0.91913,986.0,1000.0,14.0,50.96,204.0,2.2589,0.075,LOCK,0,normal
3789,1218800,8815,40137.0,0.195,-0.039,-0.6747,0.7034,985.98,1000.0,14.02,50.96,204.0,2.2603,0.096,LOCK,0,normal
3790,1218813,8828,40150.0,-0.0624,0.039,-0.8424,0.84561,985.95,1000.0,14.05,50.96,204.0,2.2449,-0.1378,LOCK,0,normal
3791,1218822,8837,40159.0,-0.0624,0.039,-0.8424,0.84561,985.93,1000.0,14.07,50.96,204.0,2.2666,0.1916,LOCK,0,normal
3792,1218830,8845,40167.0,-0.1833,-0.1053,-0.8697,0.89502,985.91,1000.0,14.09,50.96,204.0,2.242,-0.1811,LOCK,0,normal
3793,1218838,8853,40175.0,-0.2106,0.0702,-0.7956,0.82599,985.9,1000.0,14.1,50.96,204.0,2.2454,-0.1305,LOCK,0,normal
3794,1218862,8877,40199.0,0.1092,0.039,-0.7215,0.73076,985.88,1000.0,14.12,50.96,204.0,2.2727,0.2832,LOCK,0,normal
3795,1218871,8886,40208.0,0.1092,0.1443,-0.8073,0.82733,985.86,1000.0,14.14,50.96,204.0,2.2705,0.2496,LOCK,0,normal
3796,1218879,8894,40216.0,0.0078,0.0507,-0.7878,0.78947,985.85,1000.0,14.15,50.96,204.0,2.2582,0.0643,LOCK,0,normal
3797,1218888,8903,40225.0,-0.2886,-0.1053,-0.9204,0.97032,985.83,1000.0,14.17,50.96,204.0,2.2688,0.2242,LOCK,0,normal
3798,1218896,8911,40233.0,-0.1014,0.0429,-0.7332,0.74142,985.82,1000.0,14.18,50.96,204.0,2.2429,-0.168,LOCK,0,normal
3799,1218905,8920,40242.0,-0.1014,0.0429,-0.7332,0.74142,985.81,1000.0,14.19,50.96,204.0,2.2666,0.1913,LOCK,0,normal
3800,1218914,8929,40251.0,-0.2964,0.1365,-0.8346,0.89613,985.78,1000.0,14.22,50.96,204.0,2.2735,0.2957,LOCK,0,normal
3801,1218923,8938,40260.0,0.1053,0.078,-0.7215,0.7333,985.75,1000.0,14.25,50.96,204.0,2.2693,0.2325,LOCK,0,normal
3802,1218931,8946,40268.0,0.1053,0.1521,-0.7644,0.78647,985.73,1000.0,14.27,50.96,204.0,2.2693,0.2322,LOCK,0,normal
3803,1218940,8955,40277.0,0.0078,0.1443,-0.8424,0.85471,985.71,1000.0,14.29,50.96,204.0,2.2721,0.2749,LOCK,0,normal
3804,1218953,8968,40290.0,-0.2574,-0.1521,-0.8736,0.92335,985.69,1000.0,14.31,50.96,204.0,2.2748,0.3155,LOCK,0,normal
3805,1218962,8977,40299.0,-0.1833,0.0312,-0.7605,0.7829,985.67,1000.0,14.33,50.96,204.0,2.2665,0.1898,LOCK,0,normal
3806,1218970,8985,40307.0,-0.234,0.1053,-0.7566,0.79893,985.65,1000.0,14.35,50.96,204.0,2.2682,0.2151,LOCK,0,normal
3807,1218979,8994,40316.0,0.2886,0.0312,-0.7488,0.8031,985.64,1000.0,14.36,50.96,204.0,2.2478,-0.0932,LOCK,0,normal
3808,1218987,9002,40324.0,0.2886,0.0312,-0.7488,0.8031,985.63,1000.0,14.37,50.96,204.0,2.245,-0.1369,LOCK,0,normal
3809,1218995,9010,40332.0,0.1482,0.078,-0.7566,0.77491,985.61,1000.0,14.39,50.96,204.0,2.2502,-0.0581,LOCK,0,normal
3810,1219004,9019,40341.0,-0.1482,0.0936,-0.819,0.83755,985.6,1000.0,14.4,50.96,204.0,2.255,0.0158,LOCK,0,normal
3811,1219019,9034,40356.0,-0.1131,-0.0273,-0.7566,0.76549,985.59,1000.0,14.41,50.96,204.0,2.2717,0.2682,LOCK,0,normal
3812,1219028,9043,40365.0,-0.1131,-0.0273,-0.7566,0.76549,985.58,1000.0,14.42,50.96,204.0,2.251,-0.0453,LOCK,0,normal
3813,1219036,9051,40373.0,-0.1209,0.0936,-0.8346,0.84849,985.58,1000.0,14.42,50.96,204.0,2.2707,0.2523,LOCK,0,normal
3814,1219045,9060,40382.0,0.3822,0.0585,-0.6162,0.72746,985.57,1000.0,14.43,50.96,204.0,2.25,-0.0599,LOCK,0,normal
3815,1219053,9068,40390.0,0.1677,0.0702,-0.7995,0.81991,985.57,1000.0,14.43,50.96,204.0,2.2417,-0.186,LOCK,0,normal
3816,1219064,9079,40401.0,-0.1014,0.195,-0.8034,0.83292,985.57,1000.0,14.43,50.96,204.0,2.264,0.1522,LOCK,0,normal
3817,1219073,9088,40410.0,-0.3705,-0.1326,-0.78,0.87364,985.56,1000.0,14.44,50.96,204.0,2.2657,0.1772,LOCK,0,normal
3818,1219081,9096,40418.0,-0.1521,0.0351,-0.8541,0.86825,985.56,1000.0,14.44,50.96,204.0,2.2494,-0.0691,LOCK,0,normal
3819,1219090,9105,40427.0,-0.0546,-0.0663,-0.6825,0.68788,985.56,1000.0,14.44,50.96,204.0,2.2533,-0.0102,LOCK,0,normal
3820,1219098,9113,40435.0,-0.0546,-0.0663,-0.6825,0.68788,985.54,1000.0,14.46,50.96,204.0,2.2594,0.082,LOCK,0,normal
3821,1219107,9122,40444.0,0.2574,0.0429,-0.7176,0.76357,985.53,1000.0,14.47,50.96,204.0,2.2541,0.0014,LOCK,0,normal
3822,1219118,9133,40455.0,0.0663,0.0078,-0.7839,0.78674,985.52,1000.0,14.48,50.96,204.0,2.2797,0.3894,LOCK,0,normal
3823,1219127,9142,40464.0,-0.2496,0.0507,-0.7722,0.81312,985.51,1000.0,14.49,50.96,204.0,2.2735,0.296,LOCK,0,normal
3824,1219135,9150,40472.0,-0.2808,0.0507,-0.7917,0.84155,985.5,1000.0,14.5,50.96,204.0,2.2727,0.2835,LOCK,0,normal
3825,1219144,9159,40481.0,-0.273,-0.0351,-0.7917,0.83818,985.5,1000.0,14.5,50.96,204.0,2.2548,0.0127,LOCK,0,normal
3826,1219157,9172,40494.0,-0.117,0.0429,-0.819,0.82843,985.49,1000.0,14.51,50.96,204.0,2.2408,-0.1997,LOCK,0,normal
3827,1219165,9180,40502.0,0.2301,0.0234,-0.6825,0.72062,985.47,1000.0,14.53,50.96,204.0,2.2433,-0.1622,LOCK,0,normal
3828,1219174,9189,40511.0,0.0702,-0.039,-0.7722,0.77636,985.46,1000.0,14.54,50.96,204.0,2.2544,0.0057,LOCK,0,normal
3829,1219221,9236,40558.0,-0.0819,0.0819,-0.8697,0.87738,985.44,1000.0,14.56,50.96,204.0,2.2611,0.1076,LOCK,0,normal
3830,1219230,9245,40567.0,0.2925,0.0468,-0.663,0.72616,985.42,1000.0,14.58,50.96,204.0,2.2671,0.1989,LOCK,0,normal
3831,1219238,9253,40575.0,0.0975,-0.0312,-0.7605,0.76736,985.41,1000.0,14.59,50.96,204.0,2.2724,0.2789,LOCK,0,normal
3832,1219247,9262,40584.0,-0.1833,0.0897,-0.8619,0.88573,985.39,1000.0,14.61,50.96,204.0,2.2748,0.3152,LOCK,0,normal
3833,1219255,9270,40592.0,-0.3042,-0.0039,-0.6669,0.73301,985.38,1000.0,14.62,50.96,204.0,2.2697,0.2374,LOCK,0,normal
3834,1219264,9279,40601.0,-0.3042,-0.0039,-0.6669,0.73301,985.37,1000.0,14.63,50.96,204.0,2.2684,0.2181,LOCK,0,normal
3835,1219272,9287,40609.0,-0.156,0.0507,-0.8502,0.86588,985.36,1000.0,14.64,50.96,204.0,2.2716,0.2664,LOCK,0,normal
3836,1219281,9296,40618.0,-0.0975,0.0936,-0.8229,0.83393,985.35,1000.0,14.65,50.96,204.0,2.2724,0.2783,LOCK,0,normal
3837,1219289,9304,40626.0,0.3627,0.078,-0.7215,0.81129,985.33,1000.0,14.67,50.96,204.0,2.2635,0.1437,LOCK,0,normal
3838,1219298,9313,40635.0,-0.0117,-0.0312,-0.8619,0.86254,985.32,1000.0,14.68,50.96,204.0,2.2434,-0.1601,LOCK,0,normal
3839,1219306,9321,40643.0,-0.2184,0.0897,-0.7371,0.77399,985.31,1000.0,14.69,50.96,204.0,2.2514,-0.0395,LOCK,0,normal
3840,1219315,9330,40652.0,-0.2184,0.0897,-0.7371,0.77399,985.3,1000.0,14.7,50.96,204.0,2.2708,0.2545,LOCK,0,normal
3841,1219333,9348,40670.0,-0.1482,0.2028,-0.9243,0.95782,985.29,1000.0,14.71,50.96,204.0,2.2699,0.2413,LOCK,0,normal
3842,1219342,9357,40679.0,-0.0195,0.0663,-0.7449,0.7481,985.27,1000.0,14.73,50.96,204.0,2.2627,0.1321,LOCK,0,normal
3843,1219350,9365,40687.0,0.1677,0.1131,-0.7371,0.76435,985.26,1000.0,14.74,50.96,204.0,2.2448,-0.1399,LOCK,0,normal
3844,1219363,9378,40700.0,0.0156,0.0039,-0.7761,0.77627,985.25,1000.0,14.75,50.96,204.0,2.2487,-0.0804,LOCK,0,normal
3845,1219372,9387,40709.0,-0.1755,0.0312,-0.8307,0.84961,985.24,1000.0,14.76,50.96,204.0,2.2732,0.2911,LOCK,0,normal
3846,1219380,9395,40717.0,-0.3861,-0.0195,-0.7371,0.83233,985.23,1000.0,14.77,50.96,204.0,2.2697,0.2374,LOCK,0,normal
3847,1219389,9404,40726.0,-0.1833,0.2535,-0.8151,0.87307,985.22,1000.0,14.78,50.96,204.0,2.2416,-0.1885,LOCK,0,normal
3848,1219397,9412,40734.0,-0.1833,0.2535,-0.8151,0.87307,985.21,1000.0,14.79,50.96,204.0,2.2522,-0.027,LOCK,0,normal
3849,1219406,9421,40743.0,0.0312,0.0585,-0.741,0.74396,985.21,1000.0,14.79,50.96,204.0,2.2429,-0.168,LOCK,0,normal
3850,1219414,9429,40751.0,0.2925,0.1287,-0.702,0.77131,985.2,1000.0,14.8,50.96,204.0,2.2704,0.2478,LOCK,0,normal
3851,1219425,9440,40762.0,0.0039,-0.0819,-0.8034,0.80757,985.2,1000.0,14.8,50.96,204.0,2.2742,0.3067,LOCK,0,normal
3852,1219434,9449,40771.0,-0.1755,0.0975,-0.8463,0.86979,985.19,1000.0,14.81,50.96,204.0,2.2606,0.0997,LOCK,0,normal
3853,1219442,9457,40779.0,-0.2925,0.0117,-0.6825,0.74263,985.19,1000.0,14.81,50.96,204.0,2.2474,-0.1002,LOCK,0,normal
3854,1219451,9466,40788.0,-0.1677,0.1131,-0.8853,0.90811,985.19,1000.0,14.81,50.96,204.0,2.2508,-0.0486,LOCK,0,normal
3855,1219459,9474,40796.0,0.1716,0.117,-0.7761,0.80341,985.18,1000.0,14.82,50.96,204.0,2.249,-0.0752,LOCK,0,normal
3856,1219476,9491,40813.0,0.3276,0.0702,-0.7332,0.80612,985.18,1000.0,14.82,50.96,204.0,2.2743,0.3082,LOCK,0,normal
3857,1219485,9500,40822.0,0.0858,0.0351,-0.8424,0.84749,985.18,1000.0,14.82,50.96,204.0,2.2688,0.2242,LOCK,0,normal
3858,1219493,9508,40830.0,-0.2925,-0.0351,-0.8424,0.89243,985.18,1000.0,14.82,50.96,204.0,2.2559,0.0295,LOCK,0,normal
3859,1219502,9517,40839.0,-0.1716,0.0039,-0.7098,0.73026,985.18,1000.0,14.82,50.96,204.0,2.2327,-0.3234,LOCK,0,normal
3860,1219510,9525,40847.0,-0.1716,0.0039,-0.7098,0.73026,985.18,1000.0,14.82,50.96,204.0,2.2437,-0.1567,LOCK,0,normal
3861,1219519,9534,40856.0,-0.2262,0.2106,-0.897,0.94875,985.18,1000.0,14.82,50.96,204.0,2.2686,0.2218,LOCK,0,normal
3862,1219530,9545,40867.0,0.2106,0.0546,-0.7254,0.75732,985.17,1000.0,14.83,50.96,204.0,2.2579,0.0588,LOCK,0,normal
3863,1219538,9553,40875.0,0.2769,0.1443,-0.7059,0.77187,985.17,1000.0,14.83,50.96,204.0,2.2724,0.2795,LOCK,0,normal
3864,1219547,9562,40884.0,0.0702,0.0936,-0.8697,0.87753,985.17,1000.0,14.83,50.96,204.0,2.2697,0.2374,LOCK,0,normal
3865,1219555,9570,40892.0,-0.4602,0.0546,-0.8385,0.95804,985.16,1000.0,14.84,50.96,204.0,2.2768,0.3448,LOCK,0,normal
3866,1219569,9584,40906.0,-0.1677,-0.0234,-0.7137,0.73351,985.16,1000.0,14.84,50.96,204.0,2.2703,0.2465,LOCK,0,normal
3867,1219577,9592,40914.0,-0.1794,0.1833,-0.9165,0.95171,985.16,1000.0,14.84,50.96,204.0,2.2791,0.3799,LOCK,0,normal
3868,1219586,9601,40923.0,0.0858,0.0234,-0.6942,0.69987,985.15,1000.0,14.85,50.96,204.0,2.2654,0.1727,LOCK,0,normal
3869,1219594,9609,40931.0,0.312,0.039,-0.7059,0.77276,985.14,1000.0,14.86,50.96,204.0,2.2539,-0.0019,LOCK,0,normal
3870,1219603,9618,40940.0,0.0702,-0.0234,-0.8541,0.8573,985.13,1000.0,14.87,50.96,204.0,2.2471,-0.1045,LOCK,0,normal
3871,1219611,9626,40948.0,0.0702,-0.0234,-0.8541,0.8573,985.13,1000.0,14.87,50.96,204.0,2.2326,-0.3246,LOCK,0,normal
3872,1219620,9635,40957.0,-0.234,-0.039,-0.8151,0.84892,985.12,1000.0,14.88,50.96,204.0,2.2415,-0.19,LOCK,0,normal
3873,1219630,9645,40967.0,-0.2847,0.0039,-0.6981,0.75393,985.12,1000.0,14.88,50.96,204.0,2.2612,0.1092,LOCK,0,normal
3874,1219639,9654,40976.0,-0.0819,0.1248,-0.9087,0.92088,985.11,1000.0,14.89,50.96,204.0,2.2765,0.3415,LOCK,0,normal
3875,1219647,9662,40984.0,0.2535,-0.0351,-0.7254,0.76922,985.13,1000.0,14.87,50.96,204.0,2.2487,-0.0807,LOCK,0,normal
3876,1219656,9671,40993.0,0.2301,0.1326,-0.702,0.75055,985.15,1000.0,14.85,50.96,204.0,2.2541,0.0008,LOCK,0,normal
3877,1219664,9679,41001.0,0.0273,0.1092,-0.8658,0.87309,985.17,1000.0,14.83,50.96,204.0,2.2585,0.0689,LOCK,0,normal
3878,1219673,9688,41010.0,0.0273,0.1092,-0.8658,0.87309,985.19,1000.0,14.81,50.96,204.0,2.263,0.1357,LOCK,0,normal
3879,1219681,9696,41018.0,-0.2691,0.0078,-0.8541,0.89552,985.2,1000.0,14.8,50.96,204.0,2.2612,0.1098,LOCK,0,normal
3880,1219690,9705,41027.0,-0.3471,-0.0741,-0.7371,0.8181,985.22,1000.0,14.78,50.96,204.0,2.264,0.151,LOCK,0,normal
3881,1219698,9713,41035.0,-0.195,0.1521,-0.8697,0.90418,985.23,1000.0,14.77,50.96,204.0,2.2594,0.0817,LOCK,0,normal
3882,1219707,9722,41044.0,0.0897,0.0507,-0.6864,0.69409,985.21,1000.0,14.79,50.96,204.0,2.2612,0.1086,LOCK,0,normal
3883,1219715,9730,41052.0,0.0897,0.0507,-0.6864,0.69409,985.2,1000.0,14.8,50.96,204.0,2.2473,-0.1021,LOCK,0,normal
3884,1219724,9739,41061.0,0.156,0.1521,-0.7254,0.75741,985.19,1000.0,14.81,50.96,204.0,2.2723,0.2777,LOCK,0,normal
3885,1219735,9750,41072.0,-0.0741,-0.1209,-0.7956,0.80814,985.17,1000.0,14.83,50.96,204.0,2.2699,0.2407,LOCK,0,normal
3886,1219743,9758,41080.0,-0.2379,-0.0234,-0.8658,0.89819,985.16,1000.0,14.84,50.96,204.0,2.2676,0.2056,LOCK,0,normal
3887,1219752,9767,41089.0,-0.4056,0.0078,-0.7449,0.8482,985.16,1000.0,14.84,50.96,204.0,2.2676,0.2065,LOCK,0,normal
3888,1219760,9775,41097.0,-0.1443,0.0273,-0.8424,0.85511,985.15,1000.0,14.85,50.96,204.0,2.2603,0.096,LOCK,0,normal
3889,1219774,9789,41111.0,0.1911,-0.0468,-0.6669,0.69532,985.14,1000.0,14.86,50.96,204.0,2.2593,0.0802,LOCK,0,normal
3890,1219782,9797,41119.0,0.1209,0.0624,-0.7527,0.7649,985.12,1000.0,14.88,50.96,204.0,2.2499,-0.0621,LOCK,0,normal
3891,1219835,9850,41172.0,0.1014,0.0546,-0.7566,0.76531,985.12,1000.0,14.88,50.96,204.0,2.2706,0.252,LOCK,0,normal
3892,1219843,9858,41180.0,0.1092,0.1209,-0.7137,0.73206,985.12,1000.0,14.88,50.96,204.0,2.2744,0.3097,LOCK,0,normal
3893,1219852,9867,41189.0,-0.0975,-0.0624,-0.8619,0.86964,985.12,1000.0,14.88,50.96,204.0,2.2718,0.2703,LOCK,0,normal
3894,1219860,9875,41197.0,-0.3237,-0.0156,-0.7917,0.85546,985.12,1000.0,14.88,50.96,204.0,2.2623,0.1257,LOCK,0,normal
3895,1219869,9884,41206.0,-0.3237,-0.0156,-0.7917,0.85546,985.12,1000.0,14.88,50.96,204.0,2.2698,0.2398,LOCK,0,normal
3896,1219877,9892,41214.0,-0.1872,-0.0351,-0.7644,0.78777,985.13,1000.0,14.87,50.96,204.0,2.2697,0.2383,LOCK,0,normal
3897,1219886,9901,41223.0,-0.4095,0.156,-0.8502,0.95649,985.12,1000.0,14.88,50.96,204.0,2.2744,0.3097,LOCK,0,normal
3898,1219894,9909,41231.0,0.2262,0.0351,-0.6747,0.71247,985.11,1000.0,14.89,50.96,204.0,2.2694,0.2334,LOCK,0,normal
3899,1219903,9918,41240.0,0.1521,0.0741,-0.9087,0.92432,985.1,1000.0,14.9,50.96,204.0,2.2609,0.1052,LOCK,0,normal
3900,1219911,9926,41248.0,-0.0351,0.0858,-0.702,0.70809,985.09,1000.0,14.91,50.96,204.0,2.254,0.0005,LOCK,0,normal
3901,1219920,9935,41257.0,-0.0351,0.0858,-0.702,0.70809,985.09,1000.0,14.91,50.96,204.0,2.2464,-0.1158,LOCK,0,normal
3902,1219928,9943,41265.0,-0.3042,-0.0507,-0.9009,0.95222,985.08,1000.0,14.92,50.96,204.0,2.2673,0.2017,LOCK,0,normal
3903,1219947,9962,41284.0,-0.1131,0.1872,-0.8268,0.85524,985.06,1000.0,14.94,50.96,204.0,2.2742,0.3067,LOCK,0,normal
3904,1219955,9970,41292.0,0.2262,0.0,-0.7839,0.81588,985.05,1000.0,14.95,50.96,204.0,2.2613,0.1104,LOCK,0,normal
3905,1219964,9979,41301.0,0.312,0.1053,-0.7215,0.79309,985.04,1000.0,14.96,50.96,204.0,2.248,-0.0911,LOCK,0,normal
3906,1219977,9992,41314.0,-0.1131,0.0078,-0.9282,0.9351,985.02,1000.0,14.98,50.96,204.0,2.2448,-0.1399,LOCK,0,normal
3907,1219986,10001,41323.0,-0.3393,-0.0351,-0.8034,0.87282,985.01,1000.0,14.99,50.96,204.0,2.2653,0.1711,LOCK,0,normal
3908,1219994,10009,41331.0,-0.1755,-0.1326,-0.7761,0.80667,985.0,1000.0,15.0,50.96,204.0,2.2571,0.0469,LOCK,0,normal
3909,1220003,10018,41340.0,-0.1131,0.2691,-0.9243,0.9693,985.0,1000.0,15.0,50.96,204.0,2.2314,-0.3423,LOCK,0,normal
3910,1220011,10026,41348.0,-0.1131,0.2691,-0.9243,0.9693,984.99,1000.0,15.01,50.96,204.0,2.2473,-0.1015,LOCK,0,normal
3911,1220020,10035,41357.0,0.2808,0.0663,-0.6084,0.67335,984.98,1000.0,15.02,50.96,204.0,2.253,-0.0145,LOCK,0,normal
3912,1220028,10043,41365.0,0.1794,-0.0195,-0.8463,0.86533,984.97,1000.0,15.03,50.96,204.0,2.2474,-0.1002,LOCK,0,normal
3913,1220042,10057,41379.0,-0.1092,0.0195,-0.7917,0.79943,984.97,1000.0,15.03,50.96,204.0,2.2554,0.0206,LOCK,0,normal
3914,1220050,10065,41387.0,-0.3549,-0.156,-0.8112,0.89907,984.96,1000.0,15.04,50.96,204.0,2.2385,-0.2342,LOCK,0,normal
3915,1220059,10074,41396.0,-0.1131,0.1638,-0.7917,0.81634,984.96,1000.0,15.04,50.96,204.0,2.2497,-0.0654,LOCK,0,normal
3916,1220067,10082,41404.0,-0.1521,0.1131,-0.8034,0.82546,984.95,1000.0,15.05,50.96,204.0,2.2623,0.126,LOCK,0,normal
3917,1220092,10107,41429.0,0.1443,0.1014,-0.7995,0.81872,984.92,1000.0,15.08,50.96,204.0,2.2677,0.2068,LOCK,0,normal
3918,1220101,10116,41438.0,-0.2301,0.0078,-0.8736,0.90343,984.9,1000.0,15.1,50.96,204.0,2.2664,0.1879,LOCK,0,normal
3919,1220109,10124,41446.0,-0.2808,-0.0273,-0.7956,0.84414,984.87,1000.0,15.13,50.96,204.0,2.2596,0.0854,LOCK,0,normal
3920,1220117,10132,41454.0,-0.1092,-0.0351,-0.8502,0.8579,984.85,1000.0,15.15,50.96,204.0,2.2412,-0.1942,LOCK,0,normal
3921,1220126,10141,41463.0,-0.1482,-0.0078,-0.7449,0.75954,984.83,1000.0,15.17,50.96,204.0,2.2518,-0.0334,LOCK,0,normal
3922,1220134,10149,41471.0,-0.1482,-0.0078,-0.7449,0.75954,984.81,1000.0,15.19,50.96,204.0,2.2584,0.0664,LOCK,0,normal
3923,1220144,10159,41481.0,0.2418,0.0819,-0.6981,0.74332,984.8,1000.0,15.2,50.96,204.0,2.2682,0.2151,LOCK,0,normal
