sample_index,time_ms_raw,time_ms_zero,elapsed_ms,ax_g,ay_g,az_g,total_g,rpm,target_rpm,rpm_error,pwm_eq,duty_10bit,acs_v,current_a,control_mode,state,fault_type
8604,1564806,0,86068.0,-0.0156,-0.0585,-0.8697,0.8718,996.97,1000.0,3.03,51.75,208.0,2.2332,-0.3148,LOCK,0,normal
8605,1564824,18,86086.0,-0.0741,-0.0039,-0.8073,0.8107,996.95,1000.0,3.05,51.75,208.0,2.2449,-0.1372,LOCK,0,normal
8606,1564838,32,86100.0,-0.039,0.1716,-0.8658,0.8835,996.9,1000.0,3.1,51.75,208.0,2.2498,-0.0633,LOCK,0,normal
8607,1564846,40,86108.0,0.1131,-0.0663,-0.7449,0.75635,996.87,1000.0,3.13,51.75,208.0,2.2504,-0.0544,LOCK,0,normal
8608,1564855,49,86117.0,-0.0624,-0.0351,-0.8892,0.89208,996.83,1000.0,3.17,51.75,208.0,2.2508,-0.0483,LOCK,0,normal
8609,1564863,57,86125.0,0.1443,-0.1365,-0.6786,0.70707,996.8,1000.0,3.2,51.75,208.0,2.2486,-0.0825,LOCK,0,normal
8610,1564872,66,86134.0,0.0507,-0.1482,-0.8541,0.86834,996.77,1000.0,3.23,51.75,208.0,2.2491,-0.0743,LOCK,0,normal
8611,1564880,74,86142.0,0.0507,-0.1482,-0.8541,0.86834,996.75,1000.0,3.25,51.75,208.0,2.2306,-0.3545,LOCK,0,normal
8612,1564889,83,86151.0,-0.0624,0.0234,-0.8229,0.82559,996.73,1000.0,3.27,51.75,208.0,2.2351,-0.2861,LOCK,0,normal
8613,1564897,91,86159.0,-0.078,0.1131,-0.7956,0.80738,996.69,1000.0,3.31,51.75,208.0,2.2251,-0.4372,LOCK,0,normal
8614,1564906,100,86168.0,-0.1287,-0.0234,-0.7644,0.77551,996.65,1000.0,3.35,51.75,208.0,2.2364,-0.266,LOCK,0,normal
8615,1564917,111,86179.0,-0.0741,0.2067,-0.7995,0.82911,996.62,1000.0,3.38,51.75,208.0,2.2511,-0.0441,LOCK,0,normal
8616,1564925,119,86187.0,-0.0039,-0.0858,-0.7761,0.78084,996.59,1000.0,3.41,51.75,208.0,2.253,-0.0157,LOCK,0,normal
8617,1564934,128,86196.0,0.0,-0.0936,-0.78,0.7856,996.57,1000.0,3.43,51.75,208.0,2.2508,-0.048,LOCK,0,normal
8618,1564942,136,86204.0,0.0,-0.0936,-0.78,0.7856,996.54,1000.0,3.46,51.75,208.0,2.2504,-0.0538,LOCK,0,normal
8619,1564951,145,86213.0,-0.0312,-0.0702,-0.819,0.8226,996.52,1000.0,3.48,51.75,208.0,2.2467,-0.1106,LOCK,0,normal
8620,1564959,153,86221.0,-0.039,0.3237,-0.7488,0.8167,996.49,1000.0,3.51,51.75,208.0,2.2472,-0.1027,LOCK,0,normal
8621,1564968,162,86230.0,-0.0546,0.1911,-0.78,0.80492,996.45,1000.0,3.55,51.75,208.0,2.2498,-0.0636,LOCK,0,normal
8622,1564976,170,86238.0,-0.078,0.0351,-0.8814,0.88554,996.43,1000.0,3.57,51.75,208.0,2.2499,-0.0615,LOCK,0,normal
8623,1564985,179,86247.0,0.0702,0.0078,-0.7254,0.72883,996.4,1000.0,3.6,51.75,208.0,2.2289,-0.3798,LOCK,0,normal
8624,1564993,187,86255.0,0.0702,0.0078,-0.7254,0.72883,996.38,1000.0,3.62,51.75,208.0,2.2217,-0.4894,LOCK,0,normal
8625,1565002,196,86264.0,-0.0117,-0.0858,-0.858,0.86236,996.36,1000.0,3.64,51.75,208.0,2.2294,-0.3731,LOCK,0,normal
8626,1565010,204,86272.0,0.0663,-0.0351,-0.8229,0.82631,996.34,1000.0,3.66,51.75,208.0,2.2333,-0.3136,LOCK,0,normal
8627,1565020,214,86282.0,-0.039,0.2379,-0.7293,0.76811,996.3,1000.0,3.7,51.75,208.0,2.2506,-0.0517,LOCK,0,normal
8628,1565029,223,86291.0,-0.0624,0.2184,-0.7878,0.81989,996.18,1000.0,3.82,51.75,208.0,2.2522,-0.0279,LOCK,0,normal
8629,1565042,236,86304.0,-0.0702,0.0546,-0.9321,0.93633,996.15,1000.0,3.85,51.75,208.0,2.248,-0.0902,LOCK,0,normal
8630,1565051,245,86313.0,0.039,-0.1599,-0.7176,0.73623,996.13,1000.0,3.87,51.75,208.0,2.249,-0.0761,LOCK,0,normal
8631,1565059,253,86321.0,-0.0195,0.0078,-0.8073,0.80757,996.12,1000.0,3.88,51.75,208.0,2.2509,-0.0465,LOCK,0,normal
8632,1565069,263,86331.0,-0.0351,-0.039,-0.8463,0.84792,996.02,1000.0,3.98,51.75,208.0,2.2515,-0.0383,LOCK,0,normal
8633,1565079,273,86341.0,0.0039,0.1248,-0.5655,0.57912,995.85,1000.0,4.15,51.75,208.0,2.2505,-0.0532,LOCK,0,normal
8634,1565089,283,86351.0,-0.1755,-0.2457,-0.6825,0.74631,995.79,1000.0,4.21,51.75,208.0,2.2314,-0.3429,LOCK,0,normal
8635,1565099,293,86361.0,-0.0468,0.039,-0.9243,0.92631,995.77,1000.0,4.23,51.75,208.0,2.2212,-0.4964,LOCK,0,normal
8636,1565109,303,86371.0,0.0117,-0.2028,-0.7332,0.76082,995.77,1000.0,4.23,51.75,208.0,2.23,-0.3643,LOCK,0,normal
8637,1565119,313,86381.0,-0.0897,0.0234,-0.8736,0.8785,995.77,1000.0,4.23,51.75,208.0,2.2534,-0.0084,LOCK,0,normal
8638,1565129,323,86391.0,0.0234,-0.0546,-0.7332,0.7356,995.77,1000.0,4.23,51.75,208.0,2.2507,-0.0496,LOCK,0,normal
8639,1565139,333,86401.0,0.039,-0.0039,-0.7371,0.73814,995.69,1000.0,4.31,51.75,208.0,2.2501,-0.059,LOCK,0,normal
8640,1565149,343,86411.0,-0.1053,-0.2106,-0.7293,0.76637,995.66,1000.0,4.34,51.75,208.0,2.2511,-0.0447,LOCK,0,normal
8641,1565159,353,86421.0,-0.0039,-0.117,-0.7215,0.73094,995.65,1000.0,4.35,51.75,208.0,2.2507,-0.0493,LOCK,0,normal
8642,1565169,363,86431.0,0.1092,-0.1209,-0.7839,0.80065,995.65,1000.0,4.35,51.75,208.0,2.2521,-0.0291,LOCK,0,normal
8643,1565179,373,86441.0,-0.0546,-0.0624,-0.819,0.82319,995.65,1000.0,4.35,51.75,208.0,2.2537,-0.0047,LOCK,0,normal
8644,1565189,383,86451.0,-0.0546,-0.0624,-0.819,0.82319,995.65,1000.0,4.35,51.75,208.0,2.2298,-0.3664,LOCK,0,normal
8645,1565199,393,86461.0,-0.0195,-0.1638,-0.7605,0.77818,995.47,1000.0,4.53,51.75,208.0,2.229,-0.3783,LOCK,0,normal
8646,1565209,403,86471.0,-0.0507,-0.1014,-0.6318,0.64189,995.43,1000.0,4.57,51.75,208.0,2.24,-0.2116,LOCK,0,normal
8647,1565219,413,86481.0,-0.1131,-0.1716,-0.8424,0.86711,995.42,1000.0,4.58,51.75,208.0,2.2447,-0.1408,LOCK,0,normal
8648,1565229,423,86491.0,-0.0351,0.0312,-0.6903,0.6919,995.41,1000.0,4.59,51.75,208.0,2.2519,-0.0325,LOCK,0,normal
8649,1565242,436,86504.0,-0.1014,-0.0546,-0.6357,0.64605,995.41,1000.0,4.59,51.75,208.0,2.2515,-0.0383,LOCK,0,normal
8650,1565251,445,86513.0,0.1404,-0.0351,-0.7488,0.76266,995.41,1000.0,4.59,51.75,208.0,2.2535,-0.008,LOCK,0,normal
8651,1565259,453,86521.0,0.1404,-0.0351,-0.7488,0.76266,995.4,1000.0,4.6,51.75,208.0,2.2506,-0.0508,LOCK,0,normal
8652,1565269,463,86531.0,-0.1053,0.0156,-0.8268,0.83362,995.37,1000.0,4.63,51.75,208.0,2.2448,-0.1396,LOCK,0,normal
8653,1565279,473,86541.0,-0.078,-0.0039,-0.8307,0.83436,995.34,1000.0,4.66,51.75,208.0,2.2505,-0.0532,LOCK,0,normal
8654,1565289,483,86551.0,-0.0156,0.0234,-0.8541,0.85456,995.34,1000.0,4.66,51.75,208.0,2.251,-0.045,LOCK,0,normal
8655,1565299,493,86561.0,-0.0273,-0.0312,-0.8034,0.80447,995.33,1000.0,4.67,51.75,208.0,2.2286,-0.3853,LOCK,0,normal
8656,1565309,503,86571.0,-0.0039,-0.1092,-0.7566,0.76445,995.33,1000.0,4.67,51.75,208.0,2.2322,-0.331,LOCK,0,normal
8657,1565319,513,86581.0,0.1014,0.0663,-0.9126,0.92061,995.25,1000.0,4.75,51.75,208.0,2.2433,-0.1616,LOCK,0,normal
8658,1565329,523,86591.0,0.0156,-0.0078,-0.6903,0.69052,995.24,1000.0,4.76,51.75,208.0,2.2529,-0.016,LOCK,0,normal
8659,1565339,533,86601.0,-0.1365,-0.0624,-0.8853,0.89793,995.23,1000.0,4.77,51.75,208.0,2.2499,-0.0621,LOCK,0,normal
8660,1565349,543,86611.0,0.1443,-0.1521,-0.7566,0.78511,995.23,1000.0,4.77,51.75,208.0,2.2518,-0.0328,LOCK,0,normal
8661,1565359,553,86621.0,0.1326,-0.2067,-0.8697,0.90371,995.23,1000.0,4.77,51.75,208.0,2.2511,-0.0441,LOCK,0,normal
8662,1565369,563,86631.0,-0.0195,-0.0936,-0.8502,0.85556,995.23,1000.0,4.77,51.75,208.0,2.251,-0.0462,LOCK,0,normal
8663,1565379,573,86641.0,-0.0195,0.1092,-0.7995,0.80716,995.19,1000.0,4.81,51.75,208.0,2.2509,-0.0468,LOCK,0,normal
8664,1565389,583,86651.0,-0.1404,0.0468,-0.8424,0.8553,995.18,1000.0,4.82,51.75,208.0,2.247,-0.1066,LOCK,0,normal
8665,1565399,593,86661.0,0.0078,0.0312,-0.7878,0.78846,995.18,1000.0,4.82,51.75,208.0,2.2322,-0.331,LOCK,0,normal
8666,1565409,603,86671.0,-0.039,-0.0975,-0.8307,0.83731,995.18,1000.0,4.82,51.75,208.0,2.2336,-0.3096,LOCK,0,normal
8667,1565419,613,86681.0,0.0507,-0.0429,-0.6825,0.68572,995.18,1000.0,4.82,51.75,208.0,2.2283,-0.3899,LOCK,0,normal
8668,1565429,623,86691.0,-0.0468,0.0234,-0.78,0.78175,995.18,1000.0,4.82,51.75,208.0,2.2505,-0.0532,LOCK,0,normal
8669,1565442,636,86704.0,-0.078,0.2808,-0.7878,0.83998,995.17,1000.0,4.83,51.75,208.0,2.2513,-0.0404,LOCK,0,normal
8670,1565451,645,86713.0,-0.0468,0.0,-0.7488,0.75026,995.16,1000.0,4.84,51.75,208.0,2.2511,-0.0435,LOCK,0,normal
8671,1565459,653,86721.0,-0.0936,-0.0117,-0.8853,0.89031,995.16,1000.0,4.84,51.75,208.0,2.2537,-0.0041,LOCK,0,normal
8672,1565469,663,86731.0,0.0273,-0.1248,-0.7449,0.75578,995.13,1000.0,4.87,51.75,208.0,2.2542,0.0036,LOCK,0,normal
8673,1565479,673,86741.0,-0.0195,-0.0936,-0.9048,0.90984,995.12,1000.0,4.88,51.75,208.0,2.2494,-0.07,LOCK,0,normal
8674,1565489,683,86751.0,0.0975,-0.0585,-0.7215,0.7304,995.11,1000.0,4.89,51.75,208.0,2.2506,-0.0508,LOCK,0,normal
8675,1565499,693,86761.0,0.039,0.3315,-0.8697,0.93155,995.08,1000.0,4.92,51.75,208.0,2.2317,-0.3374,LOCK,0,normal
8676,1565509,703,86771.0,-0.1872,0.2262,-0.702,0.76093,995.07,1000.0,4.93,51.75,208.0,2.229,-0.3783,LOCK,0,normal
8677,1565519,713,86781.0,-0.1443,0.0156,-0.8268,0.83944,995.07,1000.0,4.93,51.75,208.0,2.2373,-0.2532,LOCK,0,normal
8678,1565529,723,86791.0,0.1677,-0.1248,-0.8424,0.86795,995.07,1000.0,4.93,51.75,208.0,2.2502,-0.0578,LOCK,0,normal
8679,1565539,733,86801.0,-0.0078,-0.1365,-0.7917,0.80342,995.07,1000.0,4.93,51.75,208.0,2.2533,-0.0105,LOCK,0,normal
8680,1565549,743,86811.0,0.078,-0.156,-0.78,0.79926,995.07,1000.0,4.93,51.75,208.0,2.2494,-0.0697,LOCK,0,normal
8681,1565559,753,86821.0,-0.0195,0.1482,-0.6318,0.64924,995.07,1000.0,4.93,51.75,208.0,2.2524,-0.0242,LOCK,0,normal
8682,1565569,763,86831.0,-0.2652,-0.2574,-0.6903,0.78301,995.07,1000.0,4.93,51.75,208.0,2.2503,-0.056,LOCK,0,normal
8683,1565579,773,86841.0,-0.0819,-0.0117,-0.9555,0.95907,995.07,1000.0,4.93,51.75,208.0,2.2506,-0.0517,LOCK,0,normal
8684,1565589,783,86851.0,-0.0819,-0.0117,-0.9555,0.95907,995.07,1000.0,4.93,51.75,208.0,2.2511,-0.0447,LOCK,0,normal
8685,1565599,793,86861.0,0.0429,-0.0897,-0.7293,0.73605,995.07,1000.0,4.93,51.75,208.0,2.2358,-0.2751,LOCK,0,normal
8686,1565609,803,86871.0,-0.0468,-0.0273,-0.8853,0.88696,995.07,1000.0,4.93,51.75,208.0,2.2365,-0.2654,LOCK,0,normal
8687,1565619,813,86881.0,-0.0039,-0.0663,-0.6864,0.68961,995.04,1000.0,4.96,51.75,208.0,2.2415,-0.1891,LOCK,0,normal
8688,1565629,823,86891.0,-0.0156,0.0195,-0.7449,0.74532,995.04,1000.0,4.96,51.75,208.0,2.249,-0.0758,LOCK,0,normal
8689,1565642,836,86904.0,-0.0234,-0.0156,-0.78,0.78051,995.04,1000.0,4.96,51.75,208.0,2.2519,-0.0322,LOCK,0,normal
8690,1565650,844,86912.0,0.0702,-0.1014,-0.8034,0.81281,995.04,1000.0,4.96,51.75,208.0,2.251,-0.0456,LOCK,0,normal
8691,1565659,853,86921.0,0.0702,-0.1014,-0.8034,0.81281,995.04,1000.0,4.96,51.75,208.0,2.2499,-0.0627,LOCK,0,normal
8692,1565669,863,86931.0,-0.078,-0.0117,-0.7566,0.7607,995.04,1000.0,4.96,51.75,208.0,2.2486,-0.0822,LOCK,0,normal
8693,1565679,873,86941.0,-0.0312,-0.0351,-0.7956,0.79698,995.09,1000.0,4.91,51.75,208.0,2.2475,-0.0987,LOCK,0,normal
8694,1565689,883,86951.0,0.0663,-0.1209,-0.6942,0.70776,995.11,1000.0,4.89,51.75,208.0,2.249,-0.0752,LOCK,0,normal
8695,1565699,893,86961.0,-0.1404,-0.234,-0.8541,0.89664,995.11,1000.0,4.89,51.75,208.0,2.252,-0.0309,LOCK,0,normal
8696,1565709,903,86971.0,0.0234,-0.0156,-0.7488,0.74933,995.11,1000.0,4.89,51.75,208.0,2.2331,-0.3167,LOCK,0,normal
8697,1565719,913,86981.0,0.0039,-0.0312,-0.7566,0.75725,995.11,1000.0,4.89,51.75,208.0,2.2365,-0.2657,LOCK,0,normal
8698,1565729,923,86991.0,-0.0624,-0.0195,-0.7293,0.73222,995.11,1000.0,4.89,51.75,208.0,2.2411,-0.1958,LOCK,0,normal
8699,1565739,933,87001.0,0.1443,-0.0702,-0.858,0.87288,995.14,1000.0,4.86,51.75,208.0,2.2531,-0.0129,LOCK,0,normal
8700,1565749,943,87011.0,-0.1716,0.0195,-0.7254,0.74568,995.15,1000.0,4.85,51.75,208.0,2.2518,-0.034,LOCK,0,normal
8701,1565759,953,87021.0,-0.1014,-0.0234,-0.8697,0.8759,995.15,1000.0,4.85,51.75,208.0,2.2524,-0.0239,LOCK,0,normal
8702,1565769,963,87031.0,0.0039,0.0195,-0.7995,0.79975,995.16,1000.0,4.84,51.75,208.0,2.252,-0.0309,LOCK,0,normal
8703,1565779,973,87041.0,-0.0117,-0.0624,-0.78,0.78258,995.16,1000.0,4.84,51.75,208.0,2.2507,-0.0496,LOCK,0,normal
8704,1565789,983,87051.0,-0.0429,-0.0429,-0.8229,0.82513,995.16,1000.0,4.84,51.75,208.0,2.2497,-0.0645,LOCK,0,normal
8705,1565799,993,87061.0,0.0468,0.078,-0.741,0.74656,995.19,1000.0,4.81,51.75,208.0,2.2533,-0.0108,LOCK,0,normal
8706,1565809,1003,87071.0,-0.0819,-0.0741,-0.7644,0.77234,995.2,1000.0,4.8,51.75,208.0,2.2386,-0.233,LOCK,0,normal
8707,1565819,1013,87081.0,-0.1404,-0.1131,-0.8892,0.90729,995.2,1000.0,4.8,51.75,208.0,2.2388,-0.2306,LOCK,0,normal
8708,1565829,1023,87091.0,0.1014,-0.1053,-0.7449,0.75911,995.2,1000.0,4.8,51.75,208.0,2.229,-0.3783,LOCK,0,normal
8709,1565842,1036,87104.0,0.0273,-0.1092,-0.936,0.94274,995.2,1000.0,4.8,51.75,208.0,2.2515,-0.038,LOCK,0,normal
8710,1565851,1045,87113.0,-0.078,0.1482,-0.7488,0.7673,995.2,1000.0,4.8,51.75,208.0,2.2505,-0.0523,LOCK,0,normal
8711,1565859,1053,87121.0,0.0273,0.1482,-0.8151,0.82891,995.2,1000.0,4.8,51.75,208.0,2.2519,-0.0319,LOCK,0,normal
8712,1565869,1063,87131.0,-0.0078,0.0468,-0.7956,0.79701,995.2,1000.0,4.8,51.75,208.0,2.2513,-0.0416,LOCK,0,normal
8713,1565879,1073,87141.0,-0.1365,-0.1989,-0.7254,0.76446,995.2,1000.0,4.8,51.75,208.0,2.2535,-0.008,LOCK,0,normal
8714,1565889,1083,87151.0,0.0,-0.1482,-0.7956,0.80929,995.2,1000.0,4.8,51.75,208.0,2.2501,-0.0584,LOCK,0,normal
8715,1565899,1093,87161.0,-0.0312,-0.0663,-0.8619,0.86501,995.2,1000.0,4.8,51.75,208.0,2.2473,-0.1008,LOCK,0,normal
8716,1565909,1103,87171.0,-0.0195,-0.0585,-0.7293,0.7319,995.2,1000.0,4.8,51.75,208.0,2.2282,-0.3914,LOCK,0,normal
8717,1565919,1113,87181.0,-0.0741,0.3666,-0.8853,0.96106,995.27,1000.0,4.73,51.75,208.0,2.2333,-0.313,LOCK,0,normal
8718,1565929,1123,87191.0,-0.1482,0.117,-0.6981,0.72318,995.29,1000.0,4.71,51.75,208.0,2.2284,-0.3875,LOCK,0,normal
8719,1565939,1133,87201.0,-0.078,-0.0429,-0.8463,0.85097,995.29,1000.0,4.71,51.75,208.0,2.2537,-0.0053,LOCK,0,normal
8720,1565949,1143,87211.0,-0.0117,-0.0312,-0.8151,0.81578,995.3,1000.0,4.7,51.75,208.0,2.2508,-0.049,LOCK,0,normal
8721,1565959,1153,87221.0,-0.0468,-0.1443,-0.8307,0.84444,995.3,1000.0,4.7,51.75,208.0,2.2425,-0.1738,LOCK,0,normal
8722,1565969,1163,87231.0,0.0702,0.1131,-0.8229,0.8336,995.3,1000.0,4.7,51.75,208.0,2.25,-0.0606,LOCK,0,normal
8723,1565979,1173,87241.0,0.0429,0.2886,-0.7527,0.80727,995.25,1000.0,4.75,51.75,208.0,2.2474,-0.0996,LOCK,0,normal
8724,1565989,1183,87251.0,0.0429,0.2886,-0.7527,0.80727,995.24,1000.0,4.76,51.75,208.0,2.2515,-0.038,LOCK,0,normal
8725,1565999,1193,87261.0,-0.1209,0.2184,-0.7995,0.83757,995.24,1000.0,4.76,51.75,208.0,2.2503,-0.0563,LOCK,0,normal
8726,1566009,1203,87271.0,-0.2106,-0.0351,-0.8697,0.89552,995.24,1000.0,4.76,51.75,208.0,2.2316,-0.3392,LOCK,0,normal
8727,1566019,1213,87281.0,0.1209,-0.2535,-0.7644,0.81436,995.24,1000.0,4.76,51.75,208.0,2.2355,-0.2797,LOCK,0,normal
8728,1566029,1223,87291.0,0.0312,-0.0078,-0.8268,0.82743,995.24,1000.0,4.76,51.75,208.0,2.2381,-0.241,LOCK,0,normal
8729,1566042,1236,87304.0,0.0897,0.1404,-0.6903,0.71012,995.24,1000.0,4.76,51.75,208.0,2.2536,-0.0056,LOCK,0,normal
8730,1566051,1245,87313.0,-0.1014,-0.2301,-0.7176,0.76038,995.24,1000.0,4.76,51.75,208.0,2.2504,-0.0551,LOCK,0,normal
8731,1566059,1253,87321.0,-0.1014,-0.2301,-0.7176,0.76038,995.24,1000.0,4.76,51.75,208.0,2.2518,-0.0337,LOCK,0,normal
8732,1566069,1263,87331.0,-0.0546,-0.0117,-0.8229,0.82479,995.23,1000.0,4.77,51.75,208.0,2.2483,-0.0871,LOCK,0,normal
8733,1566079,1273,87341.0,0.0429,-0.0351,-0.7839,0.78586,995.23,1000.0,4.77,51.75,208.0,2.2487,-0.0798,LOCK,0,normal
8734,1566089,1283,87351.0,-0.1209,-0.1521,-0.7332,0.75851,995.23,1000.0,4.77,51.75,208.0,2.2502,-0.0578,LOCK,0,normal
8735,1566099,1293,87361.0,0.0351,-0.1131,-0.7293,0.73885,995.22,1000.0,4.78,51.75,208.0,2.2513,-0.0416,LOCK,0,normal
8736,1566109,1303,87371.0,-0.0585,0.0936,-0.7644,0.77233,995.21,1000.0,4.79,51.75,208.0,2.2511,-0.0438,LOCK,0,normal
8737,1566119,1313,87381.0,-0.1677,-0.2145,-0.6123,0.67011,995.21,1000.0,4.79,51.75,208.0,2.2395,-0.219,LOCK,0,normal
8738,1566129,1323,87391.0,0.0546,-0.0507,-0.975,0.97784,995.21,1000.0,4.79,51.75,208.0,2.2397,-0.2162,LOCK,0,normal
8739,1566139,1333,87401.0,0.0312,-0.2106,-0.7176,0.74852,995.21,1000.0,4.79,51.75,208.0,2.2441,-0.1497,LOCK,0,normal
8740,1566149,1343,87411.0,-0.0312,-0.0312,-0.8112,0.8124,995.21,1000.0,4.79,51.75,208.0,2.2484,-0.0856,LOCK,0,normal
8741,1566159,1353,87421.0,-0.0702,-0.039,-0.6942,0.69883,995.18,1000.0,4.82,51.75,208.0,2.2528,-0.0184,LOCK,0,normal
8742,1566169,1363,87431.0,-0.1365,-0.1209,-0.5889,0.61648,995.17,1000.0,4.83,51.75,208.0,2.2495,-0.0682,LOCK,0,normal
8743,1566179,1373,87441.0,-0.156,-0.0117,-0.8463,0.86064,995.17,1000.0,4.83,51.75,208.0,2.2528,-0.0178,LOCK,0,normal
8744,1566189,1383,87451.0,-0.0078,-0.0585,-0.6747,0.67728,995.16,1000.0,4.84,51.75,208.0,2.247,-0.1066,LOCK,0,normal
8745,1566199,1393,87461.0,0.1014,-0.0819,-0.9048,0.91414,995.16,1000.0,4.84,51.75,208.0,2.2498,-0.0636,LOCK,0,normal
8746,1566209,1403,87471.0,-0.0624,-0.0273,-0.6942,0.69753,995.16,1000.0,4.84,51.75,208.0,2.2502,-0.0578,LOCK,0,normal
8747,1566219,1413,87481.0,0.117,-0.0741,-0.7332,0.74616,995.1,1000.0,4.9,51.75,208.0,2.2307,-0.3524,LOCK,0,normal
8748,1566229,1423,87491.0,-0.2223,-0.0468,-0.7761,0.80866,995.06,1000.0,4.94,51.75,208.0,2.2372,-0.2553,LOCK,0,normal
8749,1566242,1436,87504.0,-0.0312,-0.0546,-0.8151,0.81752,995.06,1000.0,4.94,51.75,208.0,2.2443,-0.1469,LOCK,0,normal
8750,1566250,1444,87512.0,0.0273,-0.0468,-0.7995,0.80133,995.05,1000.0,4.95,51.75,208.0,2.2483,-0.0865,LOCK,0,normal
8751,1566259,1453,87521.0,-0.1365,0.0234,-0.741,0.75383,995.05,1000.0,4.95,51.75,208.0,2.2499,-0.0627,LOCK,0,normal
8752,1566269,1463,87531.0,-0.0429,-0.1755,-0.7449,0.7665,995.05,1000.0,4.95,51.75,208.0,2.2497,-0.0654,LOCK,0,normal
8753,1566279,1473,87541.0,0.0819,0.0741,-0.9477,0.95411,995.02,1000.0,4.98,51.75,208.0,2.2516,-0.0367,LOCK,0,normal
8754,1566289,1483,87551.0,0.0702,-0.0195,-0.7527,0.75622,995.01,1000.0,4.99,51.75,208.0,2.2529,-0.016,LOCK,0,normal
8755,1566299,1493,87561.0,-0.1014,0.0117,-0.9438,0.9493,995.0,1000.0,5.0,51.75,208.0,2.2513,-0.041,LOCK,0,normal
8756,1566309,1503,87571.0,0.078,-0.0546,-0.7839,0.78966,995.0,1000.0,5.0,51.75,208.0,2.2488,-0.0786,LOCK,0,normal
8757,1566319,1513,87581.0,0.0663,-0.1599,-0.8541,0.87146,995.0,1000.0,5.0,51.75,208.0,2.237,-0.2568,LOCK,0,normal
8758,1566329,1523,87591.0,-0.0351,0.1326,-0.8073,0.81887,995.0,1000.0,5.0,51.75,208.0,2.2367,-0.2617,LOCK,0,normal
8759,1566339,1533,87601.0,-0.0273,-0.0039,-0.7956,0.79608,994.98,1000.0,5.02,51.75,208.0,2.2482,-0.0886,LOCK,0,normal
8760,1566349,1543,87611.0,0.0234,-0.0546,-0.7644,0.7667,994.95,1000.0,5.05,51.75,208.0,2.2528,-0.0175,LOCK,0,normal
8761,1566359,1553,87621.0,-0.0975,-0.0858,-0.8424,0.85235,994.93,1000.0,5.07,51.75,208.0,2.25,-0.0599,LOCK,0,normal
8762,1566369,1563,87631.0,-0.0429,-0.1443,-0.7293,0.74468,994.93,1000.0,5.07,51.75,208.0,2.2478,-0.0932,LOCK,0,normal
8763,1566379,1573,87641.0,0.0975,-0.1248,-0.8229,0.838,994.93,1000.0,5.07,51.75,208.0,2.2508,-0.049,LOCK,0,normal
8764,1566389,1583,87651.0,0.0975,-0.1248,-0.8229,0.838,994.93,1000.0,5.07,51.75,208.0,2.2515,-0.0377,LOCK,0,normal
8765,1566399,1593,87661.0,-0.0078,0.0351,-0.8229,0.82369,994.91,1000.0,5.09,51.75,208.0,2.2552,0.0176,LOCK,0,normal
8766,1566409,1603,87671.0,-0.0741,0.3744,-0.8151,0.90003,994.8,1000.0,5.2,51.75,208.0,2.2519,-0.0322,LOCK,0,normal
8767,1566419,1613,87681.0,-0.0078,0.0936,-0.7722,0.77789,994.77,1000.0,5.23,51.75,208.0,2.2273,-0.4049,LOCK,0,normal
8768,1566429,1623,87691.0,-0.0585,-0.0468,-0.8658,0.86904,994.76,1000.0,5.24,51.75,208.0,2.231,-0.3481,LOCK,0,normal
8769,1566442,1636,87704.0,-0.0351,-0.1599,-0.8229,0.83903,994.76,1000.0,5.24,51.75,208.0,2.2322,-0.3307,LOCK,0,normal
8770,1566451,1645,87713.0,0.0819,0.0546,-0.8268,0.83264,994.76,1000.0,5.24,51.75,208.0,2.2476,-0.0975,LOCK,0,normal
8771,1566459,1653,87721.0,0.0819,0.0546,-0.8268,0.83264,994.75,1000.0,5.25,51.75,208.0,2.2535,-0.0077,LOCK,0,normal
8772,1566469,1663,87731.0,-0.039,0.3081,-0.8034,0.86134,994.68,1000.0,5.32,51.75,208.0,2.2494,-0.0694,LOCK,0,normal
8773,1566479,1673,87741.0,-0.0468,0.1443,-0.7488,0.76401,994.65,1000.0,5.35,51.75,208.0,2.2495,-0.0676,LOCK,0,normal
8774,1566489,1683,87751.0,-0.1248,-0.0624,-0.8775,0.88852,994.64,1000.0,5.36,51.75,208.0,2.2488,-0.0792,LOCK,0,normal
8775,1566499,1693,87761.0,0.0312,-0.1092,-0.7722,0.78051,994.63,1000.0,5.37,51.75,208.0,2.249,-0.0752,LOCK,0,normal
8776,1566509,1703,87771.0,0.0195,0.0273,-0.8346,0.83527,994.63,1000.0,5.37,51.75,208.0,2.2501,-0.0593,LOCK,0,normal
8777,1566519,1713,87781.0,0.0741,-0.0741,-0.7995,0.80634,994.63,1000.0,5.37,51.75,208.0,2.2532,-0.0126,LOCK,0,normal
8778,1566529,1723,87791.0,0.0858,0.1872,-0.6786,0.70916,994.55,1000.0,5.45,51.75,208.0,2.2454,-0.1305,LOCK,0,normal
8779,1566539,1733,87801.0,-0.1755,0.2457,-0.8424,0.89488,994.53,1000.0,5.47,51.75,208.0,2.2283,-0.389,LOCK,0,normal
8780,1566549,1743,87811.0,-0.1911,0.0429,-0.819,0.84209,994.52,1000.0,5.48,51.75,208.0,2.244,-0.1515,LOCK,0,normal
8781,1566559,1753,87821.0,0.1404,-0.1131,-0.7722,0.79297,994.52,1000.0,5.48,51.75,208.0,2.2495,-0.0682,LOCK,0,normal
8782,1566569,1763,87831.0,-0.0156,-0.1287,-0.8931,0.90246,994.52,1000.0,5.48,51.75,208.0,2.2507,-0.0505,LOCK,0,normal
8783,1566579,1773,87841.0,-0.0507,-0.0117,-0.6786,0.68059,994.52,1000.0,5.48,51.75,208.0,2.2544,0.0066,LOCK,0,normal
8784,1566589,1783,87851.0,-0.039,0.1638,-0.7917,0.80941,994.43,1000.0,5.57,51.75,208.0,2.2521,-0.0282,LOCK,0,normal
8785,1566599,1793,87861.0,-0.2106,-0.2184,-0.6201,0.69034,994.4,1000.0,5.6,51.75,208.0,2.2462,-0.1182,LOCK,0,normal
8786,1566609,1803,87871.0,-0.0312,-0.0858,-0.9009,0.90551,994.39,1000.0,5.61,51.75,208.0,2.2304,-0.3582,LOCK,0,normal
8787,1566619,1813,87881.0,-0.0078,-0.0156,-0.7722,0.7724,994.39,1000.0,5.61,51.75,208.0,2.239,-0.2269,LOCK,0,normal
8788,1566629,1823,87891.0,-0.0507,-0.0468,-0.7371,0.74032,994.39,1000.0,5.61,51.75,208.0,2.2309,-0.3502,LOCK,0,normal
8789,1566642,1836,87904.0,-0.0156,-0.156,-0.741,0.7574,994.39,1000.0,5.61,51.75,208.0,2.2313,-0.3435,LOCK,0,normal
8790,1566657,1851,87919.0,-0.1794,-0.3042,-0.6552,0.74432,994.37,1000.0,5.63,51.75,208.0,2.2499,-0.0627,LOCK,0,normal
8791,1566665,1859,87927.0,-0.1794,-0.3042,-0.6552,0.74432,994.36,1000.0,5.64,51.75,208.0,2.2517,-0.0349,LOCK,0,normal
8792,1566674,1868,87936.0,0.0429,-0.0195,-0.7449,0.74639,994.34,1000.0,5.66,51.75,208.0,2.2525,-0.0233,LOCK,0,normal
8793,1566682,1876,87944.0,0.1014,-0.0975,-0.819,0.83099,994.33,1000.0,5.67,51.75,208.0,2.2513,-0.0404,LOCK,0,normal
8794,1566691,1885,87953.0,0.0663,-0.1482,-0.7683,0.78527,994.32,1000.0,5.68,51.75,208.0,2.2511,-0.0441,LOCK,0,normal
8795,1566700,1894,87962.0,0.0312,-0.078,-0.7566,0.76125,994.31,1000.0,5.69,51.75,208.0,2.2524,-0.0236,LOCK,0,normal
8796,1566709,1903,87971.0,-0.0234,0.0117,-0.7449,0.74536,994.28,1000.0,5.72,51.75,208.0,2.2467,-0.11,LOCK,0,normal
8797,1566719,1913,87981.0,0.0702,-0.1872,-0.7371,0.76373,994.2,1000.0,5.8,51.75,208.0,2.2503,-0.0557,LOCK,0,normal
8798,1566729,1923,87991.0,-0.0351,0.0039,-0.7995,0.80028,994.18,1000.0,5.82,51.75,208.0,2.2366,-0.2638,LOCK,0,normal
8799,1566739,1933,88001.0,0.0468,-0.0468,-0.702,0.70511,994.17,1000.0,5.83,51.75,208.0,2.2313,-0.3432,LOCK,0,normal
8800,1566749,1943,88011.0,-0.0273,-0.1131,-0.7488,0.75779,994.16,1000.0,5.84,51.75,208.0,2.2349,-0.2889,LOCK,0,normal
8801,1566759,1953,88021.0,0.0468,-0.078,-0.858,0.86281,994.16,1000.0,5.84,51.75,208.0,2.2536,-0.0056,LOCK,0,normal
8802,1566769,1963,88031.0,-0.0741,-0.0585,-0.6513,0.65811,994.15,1000.0,5.85,51.75,208.0,2.2503,-0.0554,LOCK,0,normal
8803,1566779,1973,88041.0,-0.1365,-0.0039,-0.9633,0.97293,994.1,1000.0,5.9,51.75,208.0,2.2513,-0.0407,LOCK,0,normal
8804,1566789,1983,88051.0,-0.1365,-0.0039,-0.9633,0.97293,994.06,1000.0,5.94,51.75,208.0,2.2518,-0.0328,LOCK,0,normal
8805,1566799,1993,88061.0,-0.0234,0.0624,-0.8424,0.84503,994.05,1000.0,5.95,51.75,208.0,2.2496,-0.067,LOCK,0,normal
8806,1566809,2003,88071.0,-0.0858,-0.0234,-0.8034,0.80831,994.05,1000.0,5.95,51.75,208.0,2.2519,-0.0319,LOCK,0,normal
8807,1566819,2013,88081.0,-0.1131,-0.0195,-0.7722,0.78068,994.05,1000.0,5.95,51.75,208.0,2.2302,-0.3612,LOCK,0,normal
8808,1566829,2023,88091.0,0.0585,-0.0468,-0.8385,0.84184,993.92,1000.0,6.08,51.75,208.0,2.2317,-0.3377,LOCK,0,normal
8809,1566842,2036,88104.0,-0.0585,0.0897,-0.897,0.90337,993.92,1000.0,6.08,51.75,208.0,2.238,-0.2431,LOCK,0,normal
8810,1566858,2052,88120.0,0.0273,-0.078,-0.741,0.74559,993.91,1000.0,6.09,51.75,208.0,2.2501,-0.0593,LOCK,0,normal
8811,1566867,2061,88129.0,0.0351,-0.0819,-0.8502,0.85486,993.91,1000.0,6.09,51.75,208.0,2.2505,-0.0535,LOCK,0,normal
8812,1566875,2069,88137.0,-0.039,-0.0156,-0.8346,0.83566,993.91,1000.0,6.09,51.75,208.0,2.2484,-0.0856,LOCK,0,normal
8813,1566884,2078,88146.0,0.0078,0.2067,-0.7839,0.81073,993.9,1000.0,6.1,51.75,208.0,2.2528,-0.0181,LOCK,0,normal
8814,1566892,2086,88154.0,0.0039,0.1092,-0.78,0.78762,993.9,1000.0,6.1,51.75,208.0,2.2515,-0.0386,LOCK,0,normal
8815,1566901,2095,88163.0,0.0039,0.1092,-0.78,0.78762,993.9,1000.0,6.1,51.75,208.0,2.2495,-0.0688,LOCK,0,normal
8816,1566909,2103,88171.0,-0.1248,-0.0897,-0.8385,0.85247,993.9,1000.0,6.1,51.75,208.0,2.2497,-0.0651,LOCK,0,normal
8817,1566919,2113,88181.0,0.1092,-0.1014,-0.7215,0.73673,993.88,1000.0,6.12,51.75,208.0,2.2514,-0.0398,LOCK,0,normal
8818,1566929,2123,88191.0,-0.0117,-0.1794,-0.8151,0.83469,993.87,1000.0,6.13,51.75,208.0,2.2322,-0.3301,LOCK,0,normal
8819,1566939,2133,88201.0,0.0117,0.0897,-0.78,0.78523,993.87,1000.0,6.13,51.75,208.0,2.2403,-0.2077,LOCK,0,normal
8820,1566949,2143,88211.0,-0.078,0.1833,-0.7995,0.82394,993.85,1000.0,6.15,51.75,208.0,2.2319,-0.3347,LOCK,0,normal
8821,1566959,2153,88221.0,-0.0585,0.1404,-0.7605,0.77556,993.84,1000.0,6.16,51.75,208.0,2.2389,-0.229,LOCK,0,normal
8822,1567001,2195,88263.0,0.0273,-0.0273,-0.7995,0.80043,993.84,1000.0,6.16,51.75,208.0,2.2542,0.0023,LOCK,0,normal
8823,1567009,2203,88271.0,-0.0117,0.2886,-0.7215,0.77717,993.83,1000.0,6.17,51.75,208.0,2.2416,-0.1881,LOCK,0,normal
8824,1567018,2212,88280.0,-0.0078,0.0975,-0.7644,0.77063,993.82,1000.0,6.18,51.75,208.0,2.2525,-0.0221,LOCK,0,normal
8825,1567026,2220,88288.0,-0.0741,0.0273,-0.9165,0.9199,993.81,1000.0,6.19,51.75,208.0,2.2515,-0.038,LOCK,0,normal
8826,1567035,2229,88297.0,0.0975,-0.1014,-0.741,0.75423,993.81,1000.0,6.19,51.75,208.0,2.236,-0.2724,LOCK,0,normal
8827,1567048,2242,88310.0,0.0,-0.1326,-0.8697,0.87975,993.8,1000.0,6.2,51.75,208.0,2.2395,-0.2196,LOCK,0,normal
8828,1567057,2251,88319.0,0.0858,0.0429,-0.8073,0.81298,993.79,1000.0,6.21,51.75,208.0,2.2299,-0.3655,LOCK,0,normal
8829,1567065,2259,88327.0,0.0858,0.0429,-0.8073,0.81298,993.78,1000.0,6.22,51.75,208.0,2.2529,-0.0166,LOCK,0,normal
8830,1567074,2268,88336.0,0.0234,0.1521,-0.7098,0.72629,993.76,1000.0,6.24,51.75,208.0,2.2531,-0.0138,LOCK,0,normal
8831,1567082,2276,88344.0,-0.1014,0.2028,-0.7098,0.74513,993.75,1000.0,6.25,51.75,208.0,2.2495,-0.0685,LOCK,0,normal
8832,1567091,2285,88353.0,-0.1209,0.078,-0.9555,0.96627,993.73,1000.0,6.27,51.75,208.0,2.2517,-0.0352,LOCK,0,normal
8833,1567099,2293,88361.0,0.1521,-0.1638,-0.7059,0.74045,993.72,1000.0,6.28,51.75,208.0,2.25,-0.0609,LOCK,0,normal
8834,1567108,2302,88370.0,0.0351,0.0429,-0.8385,0.84033,993.71,1000.0,6.29,51.75,208.0,2.2522,-0.027,LOCK,0,normal
8835,1567116,2310,88378.0,0.0351,0.0429,-0.8385,0.84033,993.7,1000.0,6.3,51.75,208.0,2.2465,-0.1134,LOCK,0,normal
8836,1567125,2319,88387.0,-0.0195,-0.0936,-0.7683,0.77423,993.69,1000.0,6.31,51.75,208.0,2.2514,-0.0395,LOCK,0,normal
8837,1567133,2327,88395.0,0.039,0.0507,-0.663,0.66608,993.68,1000.0,6.32,51.75,208.0,2.2531,-0.0138,LOCK,0,normal
8838,1567142,2336,88404.0,-0.2145,-0.2496,-0.7761,0.843,993.67,1000.0,6.33,51.75,208.0,2.2499,-0.0618,LOCK,0,normal
8839,1567150,2344,88412.0,-0.0741,-0.0234,-0.7488,0.75282,993.66,1000.0,6.34,51.75,208.0,2.251,-0.0456,LOCK,0,normal
8840,1567159,2353,88421.0,-0.0273,-0.0156,-0.7605,0.76115,993.65,1000.0,6.35,51.75,208.0,2.2521,-0.0294,LOCK,0,normal
8841,1567167,2361,88429.0,-0.0273,-0.0156,-0.7605,0.76115,993.65,1000.0,6.35,51.75,208.0,2.2497,-0.0645,LOCK,0,normal
8842,1567186,2380,88448.0,0.039,-0.1287,-0.7137,0.72626,993.63,1000.0,6.37,51.75,208.0,2.2456,-0.1268,LOCK,0,normal
8843,1567195,2389,88457.0,-0.0624,0.0546,-0.7917,0.79603,993.62,1000.0,6.38,51.75,208.0,2.2294,-0.3731,LOCK,0,normal
8844,1567203,2397,88465.0,-0.2457,-0.2496,-0.5499,0.65197,993.61,1000.0,6.39,51.75,208.0,2.2163,-0.5712,LOCK,0,normal
8845,1567219,2413,88481.0,0.0975,-0.0156,-0.8697,0.87529,993.6,1000.0,6.4,51.75,208.0,2.2544,0.0063,LOCK,0,normal
8846,1567227,2421,88489.0,0.0663,-0.2223,-0.8502,0.88128,993.6,1000.0,6.4,51.75,208.0,2.2501,-0.059,LOCK,0,normal
8847,1567236,2430,88498.0,-0.0858,-0.0897,-0.7176,0.72826,993.59,1000.0,6.41,51.75,208.0,2.2498,-0.0636,LOCK,0,normal
8848,1567249,2443,88511.0,-0.0429,0.0312,-0.8229,0.82461,993.57,1000.0,6.43,51.75,208.0,2.2524,-0.0242,LOCK,0,normal
8849,1567258,2452,88520.0,-0.0702,-0.0117,-0.6786,0.68232,993.56,1000.0,6.44,51.75,208.0,2.2513,-0.0407,LOCK,0,normal
8850,1567266,2460,88528.0,-0.0546,-0.2184,-0.8424,0.87196,993.55,1000.0,6.45,51.75,208.0,2.2523,-0.0258,LOCK,0,normal
8851,1567275,2469,88537.0,0.0156,0.0351,-0.7566,0.75757,993.54,1000.0,6.46,51.75,208.0,2.2497,-0.0648,LOCK,0,normal
8852,1567283,2477,88545.0,0.0741,-0.0936,-0.819,0.82765,993.53,1000.0,6.47,51.75,208.0,2.2504,-0.0538,LOCK,0,normal
8853,1567292,2486,88554.0,0.0234,-0.0546,-0.7137,0.71617,993.52,1000.0,6.48,51.75,208.0,2.2317,-0.3377,LOCK,0,normal
8854,1567300,2494,88562.0,0.0234,-0.0546,-0.7137,0.71617,993.52,1000.0,6.48,51.75,208.0,2.2354,-0.2819,LOCK,0,normal
8855,1567315,2509,88577.0,-0.1482,-0.0546,-0.7059,0.72335,993.5,1000.0,6.5,51.75,208.0,2.2476,-0.0975,LOCK,0,normal
8856,1567323,2517,88585.0,-0.078,-0.0936,-0.8814,0.88978,993.48,1000.0,6.52,51.75,208.0,2.2476,-0.0963,LOCK,0,normal
8857,1567332,2526,88594.0,-0.078,-0.0936,-0.8814,0.88978,993.47,1000.0,6.53,51.75,208.0,2.2524,-0.0236,LOCK,0,normal
8858,1567340,2534,88602.0,-0.1092,0.1131,-0.8268,0.84161,993.45,1000.0,6.55,51.75,208.0,2.2309,-0.3502,LOCK,0,normal
8859,1567349,2543,88611.0,-0.0507,0.0819,-0.7371,0.74337,993.44,1000.0,6.56,51.75,208.0,2.2303,-0.3585,LOCK,0,normal
8860,1567357,2551,88619.0,-0.0936,-0.0312,-0.78,0.78622,993.43,1000.0,6.57,51.75,208.0,2.2249,-0.4406,LOCK,0,normal
8861,1567375,2569,88637.0,0.0936,-0.0117,-0.741,0.74698,993.42,1000.0,6.58,51.75,208.0,2.2534,-0.009,LOCK,0,normal
8862,1567384,2578,88646.0,-0.1365,0.0273,-0.9009,0.91159,993.41,1000.0,6.59,51.75,208.0,2.2498,-0.063,LOCK,0,normal
8863,1567392,2586,88654.0,-0.1365,0.0273,-0.9009,0.91159,993.41,1000.0,6.59,51.75,208.0,2.2558,0.0271,LOCK,0,normal
8864,1567401,2595,88663.0,0.0585,-0.0819,-0.7176,0.72462,993.4,1000.0,6.6,51.75,208.0,2.2513,-0.0407,LOCK,0,normal
8865,1567409,2603,88671.0,0.0897,-0.1209,-0.8268,0.84039,993.4,1000.0,6.6,51.75,208.0,2.2499,-0.0615,LOCK,0,normal
8866,1567418,2612,88680.0,0.0039,0.0819,-0.8619,0.86579,993.39,1000.0,6.61,51.75,208.0,2.2475,-0.0987,LOCK,0,normal
8867,1567426,2620,88688.0,-0.0351,0.0507,-0.7215,0.72413,993.38,1000.0,6.62,51.75,208.0,2.2518,-0.0328,LOCK,0,normal
8868,1567435,2629,88697.0,-0.0234,0.0429,-0.7566,0.75818,993.36,1000.0,6.64,51.75,208.0,2.252,-0.0306,LOCK,0,normal
8869,1567443,2637,88705.0,-0.0234,0.0429,-0.7566,0.75818,993.35,1000.0,6.65,51.75,208.0,2.2444,-0.1448,LOCK,0,normal
8870,1567457,2651,88719.0,0.0624,-0.2301,-0.7644,0.80072,993.34,1000.0,6.66,51.75,208.0,2.2363,-0.2681,LOCK,0,normal
8871,1567465,2659,88727.0,0.0624,-0.2301,-0.7644,0.80072,993.33,1000.0,6.67,51.75,208.0,2.2335,-0.3102,LOCK,0,normal
8872,1567474,2668,88736.0,0.078,-0.0468,-0.8541,0.85893,993.32,1000.0,6.68,51.75,208.0,2.2408,-0.2007,LOCK,0,normal
8873,1567482,2676,88744.0,-0.0195,0.0546,-0.6786,0.68107,993.31,1000.0,6.69,51.75,208.0,2.2337,-0.3069,LOCK,0,normal
8874,1567527,2721,88789.0,-0.0468,-0.0039,-0.7995,0.80088,993.29,1000.0,6.71,51.75,208.0,2.2508,-0.0483,LOCK,0,normal
8875,1567535,2729,88797.0,-0.1131,-0.1092,-0.7878,0.80333,993.27,1000.0,6.73,51.75,208.0,2.2519,-0.0325,LOCK,0,normal
8876,1567544,2738,88806.0,0.0741,0.0507,-0.7761,0.78128,993.25,1000.0,6.75,51.75,208.0,2.2469,-0.1082,LOCK,0,normal
8877,1567552,2746,88814.0,-0.0858,0.2301,-0.9048,0.93753,993.25,1000.0,6.75,51.75,208.0,2.2593,0.0799,LOCK,0,normal
8878,1567561,2755,88823.0,-0.0546,0.1599,-0.7449,0.76382,993.24,1000.0,6.76,51.75,208.0,2.2486,-0.0825,LOCK,0,normal
8879,1567569,2763,88831.0,-0.1092,-0.0078,-0.8775,0.8843,993.23,1000.0,6.77,51.75,208.0,2.2521,-0.0288,LOCK,0,normal
8880,1567578,2772,88840.0,-0.1092,-0.0078,-0.8775,0.8843,993.23,1000.0,6.77,51.75,208.0,2.2494,-0.07,LOCK,0,normal
8881,1567586,2780,88848.0,0.0351,-0.0819,-0.7098,0.71537,993.22,1000.0,6.78,51.75,208.0,2.2491,-0.0749,LOCK,0,normal
8882,1567595,2789,88857.0,0.0468,-0.039,-0.8541,0.85627,993.22,1000.0,6.78,51.75,208.0,2.2189,-0.5312,LOCK,0,normal
8883,1567603,2797,88865.0,-0.0429,-0.1053,-0.7995,0.80754,993.21,1000.0,6.79,51.75,208.0,2.2435,-0.1585,LOCK,0,normal
8884,1567612,2806,88874.0,0.0936,0.0663,-0.663,0.67285,993.19,1000.0,6.81,51.75,208.0,2.2376,-0.2483,LOCK,0,normal
8885,1567620,2814,88882.0,-0.1638,0.2301,-0.8463,0.89219,993.17,1000.0,6.83,51.75,208.0,2.2472,-0.1033,LOCK,0,normal
8886,1567630,2824,88892.0,-0.1482,0.1404,-0.78,0.80627,993.15,1000.0,6.85,51.75,208.0,2.2523,-0.0258,LOCK,0,normal
8887,1567638,2832,88900.0,-0.1482,0.1404,-0.78,0.80627,993.13,1000.0,6.87,51.75,208.0,2.2456,-0.1268,LOCK,0,normal
8888,1567647,2841,88909.0,0.2028,-0.1248,-0.7761,0.81181,993.12,1000.0,6.88,51.75,208.0,2.2252,-0.4366,LOCK,0,normal
8889,1567660,2854,88922.0,0.0234,-0.0546,-0.8814,0.8834,993.1,1000.0,6.9,51.75,208.0,2.2258,-0.4275,LOCK,0,normal
8890,1567669,2863,88931.0,0.0429,-0.0975,-0.7332,0.7409,993.08,1000.0,6.92,51.75,208.0,2.2386,-0.2339,LOCK,0,normal
8891,1567677,2871,88939.0,-0.0741,0.2106,-0.8385,0.86771,993.07,1000.0,6.93,51.75,208.0,2.247,-0.1063,LOCK,0,normal
8892,1567686,2880,88948.0,-0.1989,-0.2964,-0.4953,0.61052,993.05,1000.0,6.95,51.75,208.0,2.2492,-0.0728,LOCK,0,normal
8893,1567694,2888,88956.0,0.0429,-0.0234,-0.9165,0.9178,993.04,1000.0,6.96,51.75,208.0,2.2501,-0.0587,LOCK,0,normal
8894,1567703,2897,88965.0,-0.0351,0.0078,-0.7683,0.76914,993.03,1000.0,6.97,51.75,208.0,2.251,-0.0462,LOCK,0,normal
8895,1567711,2905,88973.0,-0.0351,0.0078,-0.7683,0.76914,993.02,1000.0,6.98,51.75,208.0,2.2432,-0.164,LOCK,0,normal
8896,1567720,2914,88982.0,-0.0429,-0.078,-0.7566,0.76182,993.01,1000.0,6.99,51.75,208.0,2.2503,-0.0554,LOCK,0,normal
8897,1567729,2923,88991.0,-0.078,-0.0078,-0.8424,0.84604,992.99,1000.0,7.01,51.75,208.0,2.2536,-0.0062,LOCK,0,normal
8898,1567737,2931,88999.0,-0.1599,0.0234,-0.6708,0.68999,992.97,1000.0,7.03,51.75,208.0,2.2231,-0.4678,LOCK,0,normal
8899,1567746,2940,89008.0,-0.1911,-0.4446,-0.6591,0.81768,992.96,1000.0,7.04,51.75,208.0,2.2346,-0.2947,LOCK,0,normal
8900,1567754,2948,89016.0,0.0039,0.078,-0.8034,0.80719,992.94,1000.0,7.06,51.75,208.0,2.2359,-0.2742,LOCK,0,normal
8901,1567763,2957,89025.0,0.0039,0.078,-0.8034,0.80719,992.93,1000.0,7.07,51.75,208.0,2.2323,-0.3283,LOCK,0,normal
8902,1567785,2979,89047.0,-0.0702,-0.0351,-0.8268,0.83052,992.92,1000.0,7.08,51.75,208.0,2.2525,-0.0221,LOCK,0,normal
8903,1567793,2987,89055.0,-0.0702,-0.0351,-0.8268,0.83052,992.91,1000.0,7.09,51.75,208.0,2.2517,-0.0343,LOCK,0,normal
8904,1567802,2996,89064.0,0.0156,-0.0078,-0.7215,0.72171,992.89,1000.0,7.11,51.75,208.0,2.224,-0.4543,LOCK,0,normal
8905,1567810,3004,89072.0,-0.1131,-0.1599,-0.8424,0.86487,992.88,1000.0,7.12,51.75,208.0,2.2384,-0.2361,LOCK,0,normal
8906,1567819,3013,89081.0,-0.0741,-0.1443,-0.741,0.75855,992.88,1000.0,7.12,51.75,208.0,2.2373,-0.2538,LOCK,0,normal
8907,1567827,3021,89089.0,0.1053,-0.1521,-0.78,0.80164,992.87,1000.0,7.13,51.75,208.0,2.2434,-0.1604,LOCK,0,normal
8908,1567836,3030,89098.0,-0.0819,-0.0117,-0.8112,0.81541,992.86,1000.0,7.14,51.75,208.0,2.2531,-0.0138,LOCK,0,normal
8909,1567845,3039,89107.0,-0.0819,-0.0117,-0.8112,0.81541,992.85,1000.0,7.15,51.75,208.0,2.2502,-0.0581,LOCK,0,normal
8910,1567853,3047,89115.0,0.0663,-0.0546,-0.7839,0.78859,992.84,1000.0,7.16,51.75,208.0,2.2508,-0.048,LOCK,0,normal
8911,1567866,3060,89128.0,-0.0546,-0.3042,-0.8151,0.87173,992.82,1000.0,7.18,51.75,208.0,2.2503,-0.056,LOCK,0,normal
8912,1567875,3069,89137.0,-0.0546,-0.3042,-0.8151,0.87173,992.81,1000.0,7.19,51.75,208.0,2.2508,-0.0477,LOCK,0,normal
8913,1567884,3078,89146.0,0.0156,0.0,-0.7098,0.70997,992.8,1000.0,7.2,51.75,208.0,2.2537,-0.0041,LOCK,0,normal
8914,1567892,3086,89154.0,-0.0078,-0.0624,-0.8346,0.83697,992.79,1000.0,7.21,51.75,208.0,2.2516,-0.0364,LOCK,0,normal
8915,1567901,3095,89163.0,-0.0858,-0.156,-0.7332,0.75451,992.78,1000.0,7.22,51.75,208.0,2.2239,-0.4558,LOCK,0,normal
8916,1567909,3103,89171.0,0.0975,0.0,-0.8853,0.89065,992.76,1000.0,7.24,51.75,208.0,2.2318,-0.3359,LOCK,0,normal
8917,1567919,3113,89181.0,0.0156,0.0741,-0.7137,0.71771,992.69,1000.0,7.31,51.75,208.0,2.2282,-0.3908,LOCK,0,normal
8918,1567929,3123,89191.0,-0.078,-0.0117,-0.8736,0.87715,992.66,1000.0,7.34,51.75,208.0,2.2423,-0.1769,LOCK,0,normal
8919,1567939,3133,89201.0,0.0195,-0.0936,-0.7293,0.73554,992.65,1000.0,7.35,51.75,208.0,2.2512,-0.0428,LOCK,0,normal
8920,1567949,3143,89211.0,0.078,-0.1131,-0.8658,0.87663,992.65,1000.0,7.35,51.75,208.0,2.2518,-0.0328,LOCK,0,normal
8921,1567959,3153,89221.0,-0.078,-0.0195,-0.8112,0.81517,992.64,1000.0,7.36,51.75,208.0,2.2322,-0.331,LOCK,0,normal
8922,1567969,3163,89231.0,0.1716,0.039,-0.7449,0.7654,992.64,1000.0,7.36,51.75,208.0,2.2341,-0.302,LOCK,0,normal
8923,1567979,3173,89241.0,0.0312,0.0741,-0.7995,0.80353,992.62,1000.0,7.38,51.75,208.0,2.2375,-0.2501,LOCK,0,normal
8924,1567989,3183,89251.0,0.0312,0.0741,-0.7995,0.80353,992.62,1000.0,7.38,51.75,208.0,2.2504,-0.0548,LOCK,0,normal
8925,1567999,3193,89261.0,-0.1599,0.0507,-0.8073,0.82454,992.61,1000.0,7.39,51.75,208.0,2.2524,-0.0242,LOCK,0,normal
8926,1568009,3203,89271.0,0.1209,-0.0156,-0.7761,0.78562,992.61,1000.0,7.39,51.75,208.0,2.2519,-0.0312,LOCK,0,normal
8927,1568019,3213,89281.0,0.0078,-0.2223,-0.7839,0.81485,992.61,1000.0,7.39,51.75,208.0,2.2503,-0.056,LOCK,0,normal
8928,1568029,3223,89291.0,-0.0429,-0.0624,-0.7371,0.74098,992.61,1000.0,7.39,51.75,208.0,2.2561,0.0319,LOCK,0,normal
8929,1568039,3233,89301.0,-0.1365,0.1521,-0.8151,0.84033,992.64,1000.0,7.36,51.75,208.0,2.2529,-0.0172,LOCK,0,normal
8930,1568049,3243,89311.0,-0.0702,0.2496,-0.6942,0.74104,992.64,1000.0,7.36,51.75,208.0,2.2318,-0.3368,LOCK,0,normal
8931,1568059,3253,89321.0,-0.1053,-0.0507,-0.8502,0.85819,992.65,1000.0,7.35,51.75,208.0,2.2352,-0.2855,LOCK,0,normal
8932,1568072,3266,89334.0,-0.0195,-0.0507,-0.8931,0.89475,992.65,1000.0,7.35,51.75,208.0,2.2414,-0.1915,LOCK,0,normal
8933,1568081,3275,89343.0,-0.0195,-0.0507,-0.8931,0.89475,992.65,1000.0,7.35,51.75,208.0,2.2495,-0.0685,LOCK,0,normal
8934,1568089,3283,89351.0,-0.0351,-0.0507,-0.6942,0.69693,992.65,1000.0,7.35,51.75,208.0,2.2541,0.0011,LOCK,0,normal
8935,1568099,3293,89361.0,-0.0702,0.1599,-0.7371,0.7575,992.65,1000.0,7.35,51.75,208.0,2.2515,-0.0377,LOCK,0,normal
8936,1568109,3303,89371.0,-0.1092,0.0975,-0.7761,0.78979,992.65,1000.0,7.35,51.75,208.0,2.237,-0.2577,LOCK,0,normal
8937,1568119,3313,89381.0,-0.0468,-0.0039,-0.7566,0.75806,992.65,1000.0,7.35,51.75,208.0,2.2329,-0.3197,LOCK,0,normal
8938,1568129,3323,89391.0,0.0468,-0.0897,-0.8541,0.86007,992.65,1000.0,7.35,51.75,208.0,2.2368,-0.2608,LOCK,0,normal
8939,1568139,3333,89401.0,0.0195,-0.0936,-0.7488,0.75488,992.65,1000.0,7.35,51.75,208.0,2.2506,-0.0508,LOCK,0,normal
8940,1568149,3343,89411.0,-0.0039,-0.039,-0.7644,0.7654,992.65,1000.0,7.35,51.75,208.0,2.2561,0.0322,LOCK,0,normal
8941,1568159,3353,89421.0,0.0039,0.2418,-0.8385,0.87268,992.7,1000.0,7.3,51.75,208.0,2.2521,-0.0294,LOCK,0,normal
8942,1568169,3363,89431.0,-0.1131,0.0273,-0.6708,0.68082,992.71,1000.0,7.29,51.75,208.0,2.2495,-0.0676,LOCK,0,normal
8943,1568179,3373,89441.0,-0.0585,0.0039,-0.936,0.93783,992.72,1000.0,7.28,51.75,208.0,2.2319,-0.3353,LOCK,0,normal
8944,1568189,3383,89451.0,0.0858,-0.0429,-0.6786,0.68535,992.72,1000.0,7.28,51.75,208.0,2.2429,-0.168,LOCK,0,normal
8945,1568199,3393,89461.0,0.0195,0.0312,-0.8931,0.89386,992.72,1000.0,7.28,51.75,208.0,2.2371,-0.2565,LOCK,0,normal
8946,1568209,3403,89471.0,0.0585,-0.0507,-0.8112,0.81489,992.72,1000.0,7.28,51.75,208.0,2.2336,-0.3084,LOCK,0,normal
8947,1568243,3437,89505.0,-0.0975,-0.078,-0.7254,0.73607,992.72,1000.0,7.28,51.75,208.0,2.2506,-0.0514,LOCK,0,normal
8948,1568252,3446,89514.0,0.0468,0.0351,-0.7527,0.75497,992.73,1000.0,7.27,51.75,208.0,2.2516,-0.0364,LOCK,0,normal
8949,1568260,3454,89522.0,-0.0546,0.0507,-0.7605,0.76414,992.74,1000.0,7.26,51.75,208.0,2.24,-0.2116,LOCK,0,normal
8950,1568273,3467,89535.0,-0.0117,-0.1248,-0.7722,0.78231,992.74,1000.0,7.26,51.75,208.0,2.2299,-0.3658,LOCK,0,normal
8951,1568282,3476,89544.0,0.0039,0.0702,-0.7956,0.7987,992.75,1000.0,7.25,51.75,208.0,2.2344,-0.2971,LOCK,0,normal
8952,1568290,3484,89552.0,0.0312,-0.2613,-0.6708,0.72057,992.76,1000.0,7.24,51.75,208.0,2.2477,-0.0947,LOCK,0,normal
8953,1568299,3493,89561.0,-0.0624,0.1326,-0.9204,0.93199,992.77,1000.0,7.23,51.75,208.0,2.2509,-0.0471,LOCK,0,normal
8954,1568307,3501,89569.0,-0.0234,-0.1014,-0.6981,0.70581,992.78,1000.0,7.22,51.75,208.0,2.2522,-0.0267,LOCK,0,normal
8955,1568316,3510,89578.0,-0.0234,-0.1014,-0.6981,0.70581,992.79,1000.0,7.21,51.75,208.0,2.2502,-0.0569,LOCK,0,normal
8956,1568325,3519,89587.0,-0.078,-0.0819,-0.7761,0.7843,992.8,1000.0,7.2,51.75,208.0,2.2495,-0.0685,LOCK,0,normal
8957,1568333,3527,89595.0,-0.0585,0.0273,-0.8463,0.84876,992.82,1000.0,7.18,51.75,208.0,2.2536,-0.0056,LOCK,0,normal
8958,1568342,3536,89604.0,0.0975,0.0624,-0.7293,0.73843,992.83,1000.0,7.17,51.75,208.0,2.253,-0.0145,LOCK,0,normal
8959,1568350,3544,89612.0,-0.0468,-0.0663,-0.8775,0.88124,992.85,1000.0,7.15,51.75,208.0,2.249,-0.0755,LOCK,0,normal
8960,1568359,3553,89621.0,0.0585,-0.1248,-0.6474,0.66191,992.86,1000.0,7.14,51.75,208.0,2.2532,-0.012,LOCK,0,normal
8961,1568367,3561,89629.0,0.0585,-0.1248,-0.6474,0.66191,992.87,1000.0,7.13,51.75,208.0,2.2526,-0.0206,LOCK,0,normal
8962,1568376,3570,89638.0,0.078,-0.2301,-0.8502,0.88423,992.88,1000.0,7.12,51.75,208.0,2.2544,0.0063,LOCK,0,normal
8963,1568384,3578,89646.0,-0.0858,-0.0351,-0.8034,0.80873,992.89,1000.0,7.11,51.75,208.0,2.249,-0.0764,LOCK,0,normal
8964,1568393,3587,89655.0,0.0429,-0.0273,-0.7878,0.78944,992.91,1000.0,7.09,51.75,208.0,2.2498,-0.0636,LOCK,0,normal
8965,1568412,3606,89674.0,-0.0975,-0.1209,-0.8541,0.86811,992.93,1000.0,7.07,51.75,208.0,2.2322,-0.3304,LOCK,0,normal
8966,1568420,3614,89682.0,-0.0663,0.1131,-0.7722,0.78325,992.94,1000.0,7.06,51.75,208.0,2.2404,-0.2059,LOCK,0,normal
8967,1568429,3623,89691.0,-0.0663,0.1131,-0.7722,0.78325,992.96,1000.0,7.04,51.75,208.0,2.2293,-0.3747,LOCK,0,normal
8968,1568437,3631,89699.0,-0.0234,-0.0585,-0.8697,0.87198,992.97,1000.0,7.03,51.75,208.0,2.248,-0.0914,LOCK,0,normal
8969,1568449,3643,89711.0,-0.0741,-0.1365,-0.7371,0.75329,992.98,1000.0,7.02,51.75,208.0,2.2538,-0.0032,LOCK,0,normal
8970,1568457,3651,89719.0,0.117,0.0624,-0.8073,0.81812,993.0,1000.0,7.0,51.75,208.0,2.2283,-0.3887,LOCK,0,normal
8971,1568466,3660,89728.0,-0.0702,0.1053,-0.6903,0.7018,993.02,1000.0,6.98,51.75,208.0,2.2376,-0.2483,LOCK,0,normal
8972,1568479,3673,89741.0,-0.0546,0.078,-0.8502,0.85551,993.04,1000.0,6.96,51.75,208.0,2.2339,-0.3041,LOCK,0,normal
8973,1568487,3681,89749.0,0.0429,-0.1365,-0.8268,0.83909,993.06,1000.0,6.94,51.75,208.0,2.2427,-0.1717,LOCK,0,normal
8974,1568505,3699,89767.0,-0.0273,0.0975,-0.8385,0.84459,993.07,1000.0,6.93,51.75,208.0,2.251,-0.0462,LOCK,0,normal
8975,1568514,3708,89776.0,-0.0078,0.1287,-0.7644,0.7752,993.11,1000.0,6.89,51.75,208.0,2.2424,-0.175,LOCK,0,normal
8976,1568522,3716,89784.0,0.0468,0.0429,-0.6981,0.70098,993.14,1000.0,6.86,51.75,208.0,2.2406,-0.2037,LOCK,0,normal
8977,1568531,3725,89793.0,0.0468,0.0429,-0.6981,0.70098,993.16,1000.0,6.84,51.75,208.0,2.2383,-0.2373,LOCK,0,normal
8978,1568539,3733,89801.0,-0.2184,0.0273,-0.7956,0.82548,993.19,1000.0,6.81,51.75,208.0,2.2457,-0.1259,LOCK,0,normal
8979,1568553,3747,89815.0,0.1599,-0.1248,-0.897,0.91965,993.21,1000.0,6.79,51.75,208.0,2.2515,-0.0377,LOCK,0,normal
8980,1568562,3756,89824.0,0.1599,-0.1248,-0.897,0.91965,993.23,1000.0,6.77,51.75,208.0,2.2516,-0.0367,LOCK,0,normal
8981,1568570,3764,89832.0,-0.0858,-0.1014,-0.6786,0.69148,993.25,1000.0,6.75,51.75,208.0,2.2394,-0.2205,LOCK,0,normal
8982,1568579,3773,89841.0,-0.0117,0.1404,-0.7878,0.8003,993.28,1000.0,6.72,51.75,208.0,2.2386,-0.233,LOCK,0,normal
8983,1568587,3781,89849.0,-0.1248,0.0429,-0.6669,0.67983,993.31,1000.0,6.69,51.75,208.0,2.2431,-0.1656,LOCK,0,normal
8984,1568595,3789,89857.0,-0.0663,0.0273,-0.8112,0.81436,993.34,1000.0,6.66,51.75,208.0,2.2475,-0.0978,LOCK,0,normal
8985,1568604,3798,89866.0,-0.0663,0.0273,-0.8112,0.81436,993.36,1000.0,6.64,51.75,208.0,2.2508,-0.048,LOCK,0,normal
8986,1568613,3807,89875.0,-0.1638,-0.039,-0.8307,0.84759,993.38,1000.0,6.62,51.75,208.0,2.2514,-0.0395,LOCK,0,normal
8987,1568621,3815,89883.0,0.0351,-0.0741,-0.7956,0.79981,993.4,1000.0,6.6,51.75,208.0,2.2515,-0.0383,LOCK,0,normal
8988,1568630,3824,89892.0,-0.0819,-0.1092,-0.8619,0.87264,993.42,1000.0,6.58,51.75,208.0,2.2448,-0.139,LOCK,0,normal
8989,1568639,3833,89901.0,-0.0663,0.3042,-0.7644,0.82537,993.56,1000.0,6.44,51.75,208.0,2.251,-0.0462,LOCK,0,normal
8990,1568649,3843,89911.0,-0.1365,0.156,-0.7683,0.79577,993.7,1000.0,6.3,51.75,208.0,2.2473,-0.1011,LOCK,0,normal
8991,1568659,3853,89921.0,-0.0702,0.2145,-0.8502,0.87965,993.74,1000.0,6.26,51.75,208.0,2.2585,0.0686,LOCK,0,normal
8992,1568669,3863,89931.0,0.1053,-0.1365,-0.7839,0.80263,993.75,1000.0,6.25,51.75,208.0,2.2554,0.0213,LOCK,0,normal
8993,1568682,3876,89944.0,-0.0195,-0.0156,-0.9165,0.91684,993.75,1000.0,6.25,51.75,208.0,2.2512,-0.0419,LOCK,0,normal
8994,1568691,3885,89953.0,0.039,-0.1716,-0.7605,0.78059,993.75,1000.0,6.25,51.75,208.0,2.2511,-0.0438,LOCK,0,normal
8995,1568699,3893,89961.0,0.0468,0.1443,-0.8112,0.82526,993.77,1000.0,6.23,51.75,208.0,2.2487,-0.0807,LOCK,0,normal
8996,1568709,3903,89971.0,-0.1794,-0.0702,-0.663,0.69042,993.85,1000.0,6.15,51.75,208.0,2.2507,-0.0505,LOCK,0,normal
8997,1568719,3913,89981.0,0.0234,0.0,-0.8151,0.81544,993.89,1000.0,6.11,51.75,208.0,2.2347,-0.2925,LOCK,0,normal
8998,1568729,3923,89991.0,0.1677,-0.2223,-0.7449,0.79525,993.9,1000.0,6.1,51.75,208.0,2.2335,-0.3099,LOCK,0,normal
8999,1568739,3933,90001.0,0.0156,-0.0078,-0.7761,0.7763,993.91,1000.0,6.09,51.75,208.0,2.2346,-0.2947,LOCK,0,normal
9000,1568749,3943,90011.0,-0.0273,-0.1482,-0.8346,0.8481,993.91,1000.0,6.09,51.75,208.0,2.2329,-0.3194,LOCK,0,normal
9001,1568759,3953,90021.0,0.0351,0.1989,-0.7566,0.78309,994.07,1000.0,5.93,51.75,208.0,2.2524,-0.0248,LOCK,0,normal
9002,1568769,3963,90031.0,-0.1677,-0.2223,-0.7566,0.80622,994.11,1000.0,5.89,51.75,208.0,2.256,0.0301,LOCK,0,normal
9003,1568779,3973,90041.0,-0.0117,-0.0195,-0.8502,0.8505,994.13,1000.0,5.87,51.75,208.0,2.2507,-0.0496,LOCK,0,normal
9004,1568789,3983,90051.0,0.0741,-0.0507,-0.8463,0.85105,994.13,1000.0,5.87,51.75,208.0,2.252,-0.0297,LOCK,0,normal
9005,1568799,3993,90061.0,0.0741,-0.0507,-0.8463,0.85105,994.13,1000.0,5.87,51.75,208.0,2.2494,-0.0697,LOCK,0,normal
9006,1568809,4003,90071.0,-0.0897,-0.039,-0.7956,0.80159,994.13,1000.0,5.87,51.75,208.0,2.2497,-0.0648,LOCK,0,normal
9007,1568819,4013,90081.0,-0.0156,0.0507,-0.8229,0.82461,994.18,1000.0,5.82,51.75,208.0,2.2517,-0.0352,LOCK,0,normal
9008,1568829,4023,90091.0,-0.0663,0.0312,-0.6357,0.63991,994.2,1000.0,5.8,51.75,208.0,2.2338,-0.3066,LOCK,0,normal
9009,1568839,4033,90101.0,-0.1287,-0.0975,-0.819,0.83476,994.21,1000.0,5.79,51.75,208.0,2.2304,-0.3569,LOCK,0,normal
9010,1568849,4043,90111.0,-0.0117,0.0156,-0.6864,0.68668,994.21,1000.0,5.79,51.75,208.0,2.2467,-0.1109,LOCK,0,normal
9011,1568859,4053,90121.0,0.0663,-0.195,-0.8619,0.88617,994.21,1000.0,5.79,51.75,208.0,2.2446,-0.1421,LOCK,0,normal
9012,1568869,4063,90131.0,-0.0819,0.0351,-0.7722,0.77732,994.21,1000.0,5.79,51.75,208.0,2.2503,-0.0566,LOCK,0,normal
9013,1568882,4076,90144.0,0.0117,0.0741,-0.7098,0.71375,994.23,1000.0,5.77,51.75,208.0,2.2268,-0.4116,LOCK,0,normal
9014,1568891,4085,90153.0,0.0117,0.0741,-0.7098,0.71375,994.25,1000.0,5.75,51.75,208.0,2.2276,-0.4,LOCK,0,normal
9015,1568899,4093,90161.0,-0.1092,-0.1521,-0.9165,0.93543,994.26,1000.0,5.74,51.75,208.0,2.2345,-0.295,LOCK,0,normal
9016,1568909,4103,90171.0,-0.0858,-0.039,-0.8073,0.81278,994.34,1000.0,5.66,51.75,208.0,2.2423,-0.1765,LOCK,0,normal
9017,1568947,4141,90209.0,-0.1053,-0.0234,-0.7254,0.73338,994.36,1000.0,5.64,51.75,208.0,2.2552,0.0176,LOCK,0,normal
9018,1568955,4149,90217.0,-0.1248,-0.039,-0.9516,0.96054,994.38,1000.0,5.62,51.75,208.0,2.2459,-0.1231,LOCK,0,normal
9019,1568964,4158,90226.0,-0.0429,0.0312,-0.7293,0.73123,994.4,1000.0,5.6,51.75,208.0,2.2505,-0.0529,LOCK,0,normal
9020,1568972,4166,90234.0,-0.0429,0.0312,-0.7293,0.73123,994.42,1000.0,5.58,51.75,208.0,2.2515,-0.0377,LOCK,0,normal
9021,1568981,4175,90243.0,0.0195,0.0039,-0.8502,0.85043,994.43,1000.0,5.57,51.75,208.0,2.2525,-0.0221,LOCK,0,normal
9022,1568989,4183,90251.0,-0.156,-0.1014,-0.6747,0.69988,994.44,1000.0,5.56,51.75,208.0,2.2501,-0.0596,LOCK,0,normal
9023,1568998,4192,90260.0,0.0312,0.0741,-0.8229,0.82682,994.46,1000.0,5.54,51.75,208.0,2.2503,-0.0557,LOCK,0,normal
9024,1569006,4200,90268.0,-0.0819,-0.078,-0.6435,0.65336,994.48,1000.0,5.52,51.75,208.0,2.2516,-0.0358,LOCK,0,normal
9025,1569015,4209,90277.0,-0.1248,0.0,-0.8463,0.85545,994.49,1000.0,5.51,51.75,208.0,2.2546,0.0084,LOCK,0,normal
9026,1569024,4218,90286.0,-0.1248,0.0,-0.8463,0.85545,994.5,1000.0,5.5,51.75,208.0,2.2503,-0.0563,LOCK,0,normal
9027,1569032,4226,90294.0,0.0546,-0.1989,-0.7293,0.75791,994.51,1000.0,5.49,51.75,208.0,2.2365,-0.2657,LOCK,0,normal
9028,1569040,4234,90302.0,0.1677,-0.117,-0.897,0.92001,994.52,1000.0,5.48,51.75,208.0,2.2363,-0.2681,LOCK,0,normal
9029,1569049,4243,90311.0,-0.0897,-0.1053,-0.8151,0.82675,994.53,1000.0,5.47,51.75,208.0,2.2237,-0.4592,LOCK,0,normal
9030,1569057,4251,90319.0,0.0897,0.0702,-0.7995,0.80757,994.55,1000.0,5.45,51.75,208.0,2.2418,-0.1845,LOCK,0,normal
9031,1569076,4270,90338.0,-0.0156,-0.0312,-0.7683,0.76909,994.56,1000.0,5.44,51.75,208.0,2.2356,-0.2794,LOCK,0,normal
9032,1569090,4284,90352.0,-0.0117,-0.0312,-0.7839,0.78461,994.57,1000.0,5.43,51.75,208.0,2.2367,-0.2623,LOCK,0,normal
9033,1569098,4292,90360.0,0.0936,-0.0546,-0.7722,0.77977,994.58,1000.0,5.42,51.75,208.0,2.237,-0.2568,LOCK,0,normal
9034,1569106,4300,90368.0,0.0936,-0.0546,-0.7722,0.77977,994.59,1000.0,5.41,51.75,208.0,2.2452,-0.1335,LOCK,0,normal
9035,1569115,4309,90377.0,-0.0975,-0.0741,-0.8502,0.85897,994.6,1000.0,5.4,51.75,208.0,2.2564,0.0356,LOCK,0,normal
9036,1569123,4317,90385.0,-0.0195,0.3237,-0.858,0.91724,994.61,1000.0,5.39,51.75,208.0,2.2511,-0.0438,LOCK,0,normal
9037,1569132,4326,90394.0,-0.0741,0.0234,-0.8424,0.84598,994.62,1000.0,5.38,51.75,208.0,2.2238,-0.4571,LOCK,0,normal
9038,1569140,4334,90402.0,-0.0234,0.0039,-0.8346,0.83494,994.63,1000.0,5.37,51.75,208.0,2.227,-0.4085,LOCK,0,normal
9039,1569149,4343,90411.0,-0.0156,0.0039,-0.8307,0.83086,994.64,1000.0,5.36,51.75,208.0,2.2249,-0.4415,LOCK,0,normal
9040,1569157,4351,90419.0,-0.0156,0.0039,-0.8307,0.83086,994.64,1000.0,5.36,51.75,208.0,2.2447,-0.1408,LOCK,0,normal
9041,1569166,4360,90428.0,-0.1014,-0.1014,-0.8697,0.88144,994.65,1000.0,5.35,51.75,208.0,2.2533,-0.0099,LOCK,0,normal
9042,1569175,4369,90437.0,0.0468,0.1482,-0.8658,0.87964,994.66,1000.0,5.34,51.75,208.0,2.2494,-0.07,LOCK,0,normal
9043,1569183,4377,90445.0,0.0429,0.312,-0.8385,0.89569,994.66,1000.0,5.34,51.75,208.0,2.2232,-0.4665,LOCK,0,normal
9044,1569192,4386,90454.0,-0.1872,0.1326,-0.8736,0.90322,994.67,1000.0,5.33,51.75,208.0,2.2307,-0.3527,LOCK,0,normal
9045,1569200,4394,90462.0,-0.1326,-0.039,-0.7566,0.76912,994.67,1000.0,5.33,51.75,208.0,2.2424,-0.1762,LOCK,0,normal
9046,1569219,4413,90481.0,0.1248,-0.2457,-0.8229,0.86782,994.67,1000.0,5.33,51.75,208.0,2.2519,-0.0322,LOCK,0,normal
9047,1569227,4421,90489.0,-0.0117,0.0234,-0.741,0.74146,994.68,1000.0,5.32,51.75,208.0,2.2526,-0.0215,LOCK,0,normal
9048,1569236,4430,90498.0,0.0897,0.0546,-0.819,0.8257,994.68,1000.0,5.32,51.75,208.0,2.2545,0.0081,LOCK,0,normal
9049,1569244,4438,90506.0,-0.0117,0.2301,-0.7839,0.81706,994.68,1000.0,5.32,51.75,208.0,2.2514,-0.0392,LOCK,0,normal
9050,1569253,4447,90515.0,-0.0741,-0.3198,-0.624,0.70508,994.68,1000.0,5.32,51.75,208.0,2.25,-0.0606,LOCK,0,normal
9051,1569261,4455,90523.0,-0.0663,0.0468,-0.9243,0.92786,994.68,1000.0,5.32,51.75,208.0,2.2482,-0.088,LOCK,0,normal
9052,1569270,4464,90532.0,-0.0663,0.0468,-0.9243,0.92786,994.68,1000.0,5.32,51.75,208.0,2.231,-0.349,LOCK,0,normal
9053,1569279,4473,90541.0,0.0117,0.0234,-0.6669,0.66741,994.68,1000.0,5.32,51.75,208.0,2.2282,-0.3911,LOCK,0,normal
9054,1569292,4486,90554.0,0.039,-0.0351,-0.7098,0.71174,994.68,1000.0,5.32,51.75,208.0,2.2298,-0.3664,LOCK,0,normal
9055,1569300,4494,90562.0,0.039,-0.0351,-0.7098,0.71174,994.67,1000.0,5.33,51.75,208.0,2.2387,-0.2318,LOCK,0,normal
9056,1569318,4512,90580.0,-0.2574,-0.2769,-0.6903,0.78705,994.67,1000.0,5.33,51.75,208.0,2.2517,-0.0346,LOCK,0,normal
9057,1569327,4521,90589.0,0.0468,0.0351,-0.8697,0.87167,994.66,1000.0,5.34,51.75,208.0,2.2517,-0.0343,LOCK,0,normal
9058,1569336,4530,90598.0,0.0351,-0.1911,-0.897,0.9178,994.66,1000.0,5.34,51.75,208.0,2.2265,-0.4174,LOCK,0,normal
9059,1569344,4538,90606.0,-0.0429,0.0039,-0.7683,0.76951,994.65,1000.0,5.35,51.75,208.0,2.2403,-0.2074,LOCK,0,normal
9060,1569352,4546,90614.0,-0.0429,0.0039,-0.7683,0.76951,994.65,1000.0,5.35,51.75,208.0,2.2316,-0.3389,LOCK,0,normal
9061,1569361,4555,90623.0,-0.078,0.0273,-0.8502,0.85421,994.64,1000.0,5.36,51.75,208.0,2.2476,-0.0966,LOCK,0,normal
9062,1569370,4564,90632.0,-0.0195,-0.0624,-0.5616,0.56539,994.64,1000.0,5.36,51.75,208.0,2.2517,-0.0346,LOCK,0,normal
9063,1569379,4573,90641.0,-0.1404,0.0234,-0.8892,0.90052,994.61,1000.0,5.39,51.75,208.0,2.2526,-0.0212,LOCK,0,normal
9064,1569389,4583,90651.0,-0.0429,0.0039,-0.624,0.62549,994.59,1000.0,5.41,51.75,208.0,2.2507,-0.0505,LOCK,0,normal
9065,1569399,4593,90661.0,0.1053,-0.0585,-0.8346,0.84325,994.58,1000.0,5.42,51.75,208.0,2.2233,-0.4653,LOCK,0,normal
9066,1569409,4603,90671.0,-0.1053,-0.117,-0.7683,0.78426,994.58,1000.0,5.42,51.75,208.0,2.2303,-0.3585,LOCK,0,normal
9067,1569419,4613,90681.0,0.0507,-0.0468,-0.7449,0.74809,994.53,1000.0,5.47,51.75,208.0,2.2361,-0.2712,LOCK,0,normal
9068,1569429,4623,90691.0,-0.156,0.039,-0.741,0.75825,994.49,1000.0,5.51,51.75,208.0,2.2275,-0.4015,LOCK,0,normal
9069,1569472,4666,90734.0,-0.0585,-0.0936,-0.8424,0.8496,994.49,1000.0,5.51,51.75,208.0,2.2545,0.0075,LOCK,0,normal
9070,1569480,4674,90742.0,0.1287,-0.0195,-0.7956,0.80618,994.47,1000.0,5.53,51.75,208.0,2.2528,-0.0175,LOCK,0,normal
9071,1569494,4688,90756.0,0.0468,0.0156,-0.7254,0.72708,994.46,1000.0,5.54,51.75,208.0,2.2254,-0.4336,LOCK,0,normal
9072,1569502,4696,90764.0,-0.1521,0.0273,-0.8502,0.86413,994.44,1000.0,5.56,51.75,208.0,2.2421,-0.1799,LOCK,0,normal
9073,1569511,4705,90773.0,-0.0156,0.0039,-0.8151,0.81526,994.43,1000.0,5.57,51.75,208.0,2.2356,-0.2788,LOCK,0,normal
9074,1569519,4713,90781.0,-0.0078,-0.0702,-0.9009,0.90366,994.42,1000.0,5.58,51.75,208.0,2.2401,-0.2101,LOCK,0,normal
9075,1569528,4722,90790.0,-0.0273,-0.0351,-0.7605,0.7618,994.41,1000.0,5.59,51.75,208.0,2.254,0.0002,LOCK,0,normal
9076,1569536,4730,90798.0,-0.0273,-0.0351,-0.7605,0.7618,994.41,1000.0,5.59,51.75,208.0,2.2546,0.009,LOCK,0,normal
9077,1569545,4739,90807.0,0.0468,0.0351,-0.7995,0.80164,994.38,1000.0,5.62,51.75,208.0,2.2513,-0.041,LOCK,0,normal
9078,1569553,4747,90815.0,0.0546,0.0117,-0.7605,0.76255,994.36,1000.0,5.64,51.75,208.0,2.2526,-0.0206,LOCK,0,normal
9079,1569562,4756,90824.0,-0.1365,-0.0039,-0.8502,0.8611,994.34,1000.0,5.66,51.75,208.0,2.2523,-0.0258,LOCK,0,normal
9080,1569570,4764,90832.0,0.0819,-0.2418,-0.7878,0.82813,994.32,1000.0,5.68,51.75,208.0,2.2447,-0.1408,LOCK,0,normal
9081,1569579,4773,90841.0,0.0663,0.0,-0.9009,0.90334,994.3,1000.0,5.7,51.75,208.0,2.252,-0.0306,LOCK,0,normal
9082,1569588,4782,90850.0,0.0663,0.0,-0.9009,0.90334,994.29,1000.0,5.71,51.75,208.0,2.2511,-0.0444,LOCK,0,normal
9083,1569596,4790,90858.0,-0.0195,0.0039,-0.7254,0.72567,994.28,1000.0,5.72,51.75,208.0,2.2545,0.0072,LOCK,0,normal
9084,1569605,4799,90867.0,-0.0585,0.2613,-0.897,0.93611,994.25,1000.0,5.75,51.75,208.0,2.2528,-0.0178,LOCK,0,normal
9085,1569613,4807,90875.0,-0.0546,0.1404,-0.7176,0.73324,994.22,1000.0,5.78,51.75,208.0,2.2464,-0.1158,LOCK,0,normal
9086,1569622,4816,90884.0,-0.0429,0.0819,-0.8697,0.8746,994.2,1000.0,5.8,51.75,208.0,2.2539,-0.001,LOCK,0,normal
9087,1569640,4834,90902.0,-0.0741,-0.2106,-0.8034,0.83384,994.17,1000.0,5.83,51.75,208.0,2.2384,-0.2367,LOCK,0,normal
9088,1569649,4843,90911.0,-0.0741,-0.2106,-0.8034,0.83384,994.15,1000.0,5.85,51.75,208.0,2.2483,-0.0862,LOCK,0,normal
9089,1569657,4851,90919.0,-0.0117,0.0039,-0.8307,0.83079,994.14,1000.0,5.86,51.75,208.0,2.2352,-0.2846,LOCK,0,normal
9090,1569666,4860,90928.0,-0.0039,0.1911,-0.8346,0.85621,994.1,1000.0,5.9,51.75,208.0,2.2418,-0.1854,LOCK,0,normal
9091,1569677,4871,90939.0,-0.1482,0.0585,-0.8502,0.865,994.07,1000.0,5.93,51.75,208.0,2.2422,-0.1784,LOCK,0,normal
9092,1569686,4880,90948.0,-0.0585,-0.0117,-0.7527,0.75506,994.04,1000.0,5.96,51.75,208.0,2.2504,-0.0551,LOCK,0,normal
9093,1569699,4893,90961.0,-0.0468,-0.1989,-0.858,0.882,994.02,1000.0,5.98,51.75,208.0,2.2517,-0.0355,LOCK,0,normal
9094,1569708,4902,90970.0,-0.0858,-0.0156,-0.7488,0.75386,994.0,1000.0,6.0,51.75,208.0,2.2556,0.0249,LOCK,0,normal
9095,1569716,4910,90978.0,0.039,0.0273,-0.8229,0.82428,993.98,1000.0,6.02,51.75,208.0,2.2208,-0.5026,LOCK,0,normal
9096,1569725,4919,90987.0,0.0078,0.3978,-0.7176,0.82052,993.94,1000.0,6.06,51.75,208.0,2.2449,-0.1381,LOCK,0,normal
9097,1569733,4927,90995.0,-0.1326,0.2262,-0.7878,0.83029,993.9,1000.0,6.1,51.75,208.0,2.2313,-0.3444,LOCK,0,normal
9098,1569742,4936,91004.0,-0.1326,0.2262,-0.7878,0.83029,993.88,1000.0,6.12,51.75,208.0,2.2466,-0.1124,LOCK,0,normal
9099,1569782,4976,91044.0,0.1287,-0.117,-0.6981,0.71944,993.84,1000.0,6.16,51.75,208.0,2.2543,0.0039,LOCK,0,normal
9100,1569790,4984,91052.0,-0.0234,0.2535,-0.8463,0.88376,993.81,1000.0,6.19,51.75,208.0,2.2562,0.0338,LOCK,0,normal
9101,1569799,4993,91061.0,-0.0936,0.1014,-0.6981,0.71161,993.78,1000.0,6.22,51.75,208.0,2.2315,-0.3402,LOCK,0,normal
9102,1569807,5001,91069.0,-0.1014,0.1014,-0.9204,0.9315,993.75,1000.0,6.25,51.75,208.0,2.2423,-0.1775,LOCK,0,normal
9103,1569816,5010,91078.0,0.0468,-0.1092,-0.7059,0.71583,993.73,1000.0,6.27,51.75,208.0,2.2416,-0.1881,LOCK,0,normal
9104,1569824,5018,91086.0,0.0468,-0.1092,-0.7059,0.71583,993.7,1000.0,6.3,51.75,208.0,2.2428,-0.1704,LOCK,0,normal
9105,1569833,5027,91095.0,-0.0156,-0.0351,-0.7878,0.78874,993.68,1000.0,6.32,51.75,208.0,2.2523,-0.0258,LOCK,0,normal
9106,1569841,5035,91103.0,0.0156,-0.1014,-0.8112,0.81766,993.66,1000.0,6.34,51.75,208.0,2.2542,0.0036,LOCK,0,normal
9107,1569850,5044,91112.0,-0.0429,0.0273,-0.585,0.58721,993.63,1000.0,6.37,51.75,208.0,2.2517,-0.0343,LOCK,0,normal
9108,1569859,5053,91121.0,-0.2301,-0.3393,-0.6747,0.78949,993.6,1000.0,6.4,51.75,208.0,2.2489,-0.0776,LOCK,0,normal
9109,1569867,5061,91129.0,-0.0897,-0.0273,-0.7488,0.75465,993.58,1000.0,6.42,51.75,208.0,2.2493,-0.0706,LOCK,0,normal
9110,1569875,5069,91137.0,-0.0897,-0.0273,-0.7488,0.75465,993.56,1000.0,6.44,51.75,208.0,2.2496,-0.0673,LOCK,0,normal
9111,1569884,5078,91146.0,0.0585,-0.1638,-0.7761,0.79535,993.55,1000.0,6.45,51.75,208.0,2.23,-0.3631,LOCK,0,normal
9112,1569907,5101,91169.0,-0.0273,0.039,-0.8073,0.8087,993.52,1000.0,6.48,51.75,208.0,2.2339,-0.3038,LOCK,0,normal
9113,1569916,5110,91178.0,-0.0273,0.039,-0.8073,0.8087,993.5,1000.0,6.5,51.75,208.0,2.2255,-0.4317,LOCK,0,normal
9114,1569924,5118,91186.0,-0.1716,-0.117,-0.663,0.69477,993.48,1000.0,6.52,51.75,208.0,2.235,-0.2877,LOCK,0,normal
9115,1569933,5127,91195.0,0.0507,0.0195,-0.8541,0.85583,993.47,1000.0,6.53,51.75,208.0,2.2496,-0.0673,LOCK,0,normal
9116,1569941,5135,91203.0,0.1092,-0.1209,-0.6981,0.71686,993.45,1000.0,6.55,51.75,208.0,2.2508,-0.0486,LOCK,0,normal
9117,1569950,5144,91212.0,-0.039,-0.0429,-0.7956,0.79771,993.44,1000.0,6.56,51.75,208.0,2.2458,-0.124,LOCK,0,normal
9118,1569958,5152,91220.0,-0.0507,-0.117,-0.7488,0.75958,993.43,1000.0,6.57,51.75,208.0,2.254,0.0005,LOCK,0,normal
9119,1569967,5161,91229.0,-0.0507,-0.117,-0.7488,0.75958,993.4,1000.0,6.6,51.75,208.0,2.2434,-0.1601,LOCK,0,normal
9120,1569976,5170,91238.0,0.0117,0.0195,-0.6669,0.66729,993.38,1000.0,6.62,51.75,208.0,2.2514,-0.0395,LOCK,0,normal
9121,1569984,5178,91246.0,-0.0936,-0.0936,-0.8736,0.88357,993.36,1000.0,6.64,51.75,208.0,2.2516,-0.0361,LOCK,0,normal
9122,1569993,5187,91255.0,0.0195,-0.0546,-0.6864,0.68884,993.35,1000.0,6.65,51.75,208.0,2.2494,-0.0697,LOCK,0,normal
9123,1570001,5195,91263.0,0.0624,0.0234,-0.9165,0.91892,993.33,1000.0,6.67,51.75,208.0,2.226,-0.4244,LOCK,0,normal
9124,1570010,5204,91272.0,-0.0312,-0.1911,-0.6942,0.7207,993.32,1000.0,6.68,51.75,208.0,2.2381,-0.2406,LOCK,0,normal
9125,1570018,5212,91280.0,-0.0312,-0.1911,-0.6942,0.7207,993.31,1000.0,6.69,51.75,208.0,2.2275,-0.4012,LOCK,0,normal
9126,1570037,5231,91299.0,-0.1131,-0.0429,-0.6825,0.69314,993.28,1000.0,6.72,51.75,208.0,2.2368,-0.2599,LOCK,0,normal
9127,1570060,5254,91322.0,-0.0351,-0.0741,-0.7488,0.75328,993.26,1000.0,6.74,51.75,208.0,2.2515,-0.0377,LOCK,0,normal
9128,1570069,5263,91331.0,-0.0273,-0.0273,-0.8268,0.8277,993.25,1000.0,6.75,51.75,208.0,2.2534,-0.0096,LOCK,0,normal
9129,1570077,5271,91339.0,-0.1638,0.0858,-0.7176,0.74104,993.23,1000.0,6.77,51.75,208.0,2.2516,-0.0358,LOCK,0,normal
9130,1570086,5280,91348.0,0.0858,0.0117,-0.819,0.82357,993.21,1000.0,6.79,51.75,208.0,2.2541,0.0008,LOCK,0,normal
9131,1570094,5288,91356.0,-0.0897,-0.0663,-0.7995,0.80724,993.2,1000.0,6.8,51.75,208.0,2.2537,-0.005,LOCK,0,normal
9132,1570108,5302,91370.0,-0.1287,0.0858,-0.8658,0.87951,993.18,1000.0,6.82,51.75,208.0,2.2274,-0.403,LOCK,0,normal
9133,1570116,5310,91378.0,0.1053,-0.1404,-0.8268,0.84522,993.17,1000.0,6.83,51.75,208.0,2.2333,-0.313,LOCK,0,normal
9134,1570125,5319,91387.0,0.117,-0.1014,-0.8346,0.84884,993.16,1000.0,6.84,51.75,208.0,2.219,-0.5309,LOCK,0,normal
9135,1570133,5327,91395.0,-0.0624,-0.0078,-0.8502,0.85252,993.15,1000.0,6.85,51.75,208.0,2.2433,-0.1616,LOCK,0,normal
9136,1570142,5336,91404.0,-0.0624,-0.0078,-0.8502,0.85252,993.14,1000.0,6.86,51.75,208.0,2.255,0.0148,LOCK,0,normal
9137,1570150,5344,91412.0,-0.0039,0.1287,-0.7254,0.73674,993.12,1000.0,6.88,51.75,208.0,2.2519,-0.0322,LOCK,0,normal
9138,1570159,5353,91421.0,-0.078,0.0546,-0.7995,0.80515,993.11,1000.0,6.89,51.75,208.0,2.2518,-0.0331,LOCK,0,normal
9139,1570167,5361,91429.0,-0.1716,-0.0273,-0.7605,0.7801,993.1,1000.0,6.9,51.75,208.0,2.2535,-0.0068,LOCK,0,normal
9140,1570176,5370,91438.0,0.0273,-0.1716,-0.741,0.7611,993.09,1000.0,6.91,51.75,208.0,2.2537,-0.005,LOCK,0,normal
9141,1570184,5378,91446.0,0.0078,-0.0195,-0.7566,0.75689,993.08,1000.0,6.92,51.75,208.0,2.2428,-0.1698,LOCK,0,normal
9142,1570193,5387,91455.0,0.0078,-0.0195,-0.7566,0.75689,993.07,1000.0,6.93,51.75,208.0,2.2336,-0.3096,LOCK,0,normal
9143,1570201,5395,91463.0,0.0,-0.0663,-0.7761,0.77893,993.06,1000.0,6.94,51.75,208.0,2.2319,-0.335,LOCK,0,normal
9144,1570210,5404,91472.0,-0.0819,0.3432,-0.9204,0.98571,993.05,1000.0,6.95,51.75,208.0,2.2312,-0.345,LOCK,0,normal
9145,1570228,5422,91490.0,-0.0624,-0.0273,-0.8892,0.8918,993.04,1000.0,6.96,51.75,208.0,2.228,-0.3933,LOCK,0,normal
9146,1570241,5435,91503.0,-0.0039,0.0234,-0.7176,0.71799,993.03,1000.0,6.97,51.75,208.0,2.2508,-0.0483,LOCK,0,normal
9147,1570250,5444,91512.0,-0.1209,-0.078,-0.8697,0.88152,993.02,1000.0,6.98,51.75,208.0,2.2529,-0.016,LOCK,0,normal
9148,1570258,5452,91520.0,0.0195,-0.0156,-0.6552,0.65568,993.02,1000.0,6.98,51.75,208.0,2.2497,-0.0645,LOCK,0,normal
9149,1570267,5461,91529.0,0.0312,0.3432,-0.8658,0.93186,993.02,1000.0,6.98,51.75,208.0,2.2522,-0.027,LOCK,0,normal
9150,1570275,5469,91537.0,0.0312,0.3432,-0.8658,0.93186,993.02,1000.0,6.98,51.75,208.0,2.2533,-0.0108,LOCK,0,normal
9151,1570284,5478,91546.0,-0.2067,0.1326,-0.7137,0.75477,993.02,1000.0,6.98,51.75,208.0,2.2513,-0.041,LOCK,0,normal
9152,1570292,5486,91554.0,-0.0897,-0.0039,-0.78,0.78515,993.02,1000.0,6.98,51.75,208.0,2.2506,-0.0511,LOCK,0,normal
9153,1570301,5495,91563.0,0.0936,-0.2106,-0.8346,0.86584,993.02,1000.0,6.98,51.75,208.0,2.2524,-0.0245,LOCK,0,normal
9154,1570314,5508,91576.0,0.078,0.0195,-0.8463,0.85011,993.02,1000.0,6.98,51.75,208.0,2.2334,-0.3115,LOCK,0,normal
9155,1570322,5516,91584.0,0.0819,-0.0507,-0.8424,0.84789,993.02,1000.0,6.98,51.75,208.0,2.2385,-0.2345,LOCK,0,normal
9156,1570331,5525,91593.0,0.0,0.1989,-0.7098,0.73714,993.01,1000.0,6.99,51.75,208.0,2.2406,-0.2025,LOCK,0,normal
9157,1570340,5534,91602.0,-0.117,-0.1482,-0.7293,0.75335,993.01,1000.0,6.99,51.75,208.0,2.2415,-0.1894,LOCK,0,normal
9158,1570368,5562,91630.0,0.1287,0.0936,-0.7527,0.76934,993.01,1000.0,6.99,51.75,208.0,2.2502,-0.0578,LOCK,0,normal
9159,1570376,5570,91638.0,-0.1248,-0.117,-0.7527,0.77189,993.0,1000.0,7.0,51.75,208.0,2.2512,-0.0422,LOCK,0,normal
9160,1570385,5579,91647.0,0.0819,-0.1014,-0.7449,0.75622,993.0,1000.0,7.0,51.75,208.0,2.2537,-0.0053,LOCK,0,normal
9161,1570393,5587,91655.0,-0.0078,0.1404,-0.7293,0.74273,993.0,1000.0,7.0,51.75,208.0,2.2507,-0.0496,LOCK,0,normal
9162,1570402,5596,91664.0,-0.312,-0.1209,-0.6786,0.75661,993.0,1000.0,7.0,51.75,208.0,2.2511,-0.0435,LOCK,0,normal
9163,1570410,5604,91672.0,-0.0195,-0.0585,-0.9867,0.98862,993.0,1000.0,7.0,51.75,208.0,2.2367,-0.2623,LOCK,0,normal
9164,1570419,5613,91681.0,-0.0195,-0.0585,-0.9867,0.98862,993.0,1000.0,7.0,51.75,208.0,2.2319,-0.3344,LOCK,0,normal
9165,1570427,5621,91689.0,-0.0546,-0.234,-0.7137,0.75306,993.01,1000.0,6.99,51.75,208.0,2.2307,-0.3536,LOCK,0,normal
9166,1570436,5630,91698.0,-0.039,0.1677,-0.8619,0.87893,993.01,1000.0,6.99,51.75,208.0,2.2405,-0.2049,LOCK,0,normal
9167,1570446,5640,91708.0,-0.0702,-0.0156,-0.7176,0.72119,993.01,1000.0,6.99,51.75,208.0,2.2533,-0.0099,LOCK,0,normal
9168,1570454,5648,91716.0,0.0585,0.0546,-0.6591,0.66394,993.02,1000.0,6.98,51.75,208.0,2.2439,-0.1524,LOCK,0,normal
9169,1570463,5657,91725.0,-0.2457,-0.0351,-0.7566,0.79627,993.02,1000.0,6.98,51.75,208.0,2.2514,-0.0389,LOCK,0,normal
9170,1570471,5665,91733.0,0.0273,-0.0975,-0.7332,0.74016,993.03,1000.0,6.97,51.75,208.0,2.2515,-0.0386,LOCK,0,normal
9171,1570480,5674,91742.0,0.0273,-0.0975,-0.7332,0.74016,993.03,1000.0,6.97,51.75,208.0,2.2524,-0.0245,LOCK,0,normal
9172,1570488,5682,91750.0,0.1014,-0.078,-0.9204,0.92925,993.04,1000.0,6.96,51.75,208.0,2.2472,-0.1024,LOCK,0,normal
9173,1570497,5691,91759.0,-0.0702,-0.0429,-0.7176,0.7223,993.04,1000.0,6.96,51.75,208.0,2.2393,-0.2223,LOCK,0,normal
9174,1570505,5699,91767.0,0.0507,-0.0858,-0.7683,0.77474,993.05,1000.0,6.95,51.75,208.0,2.2397,-0.2171,LOCK,0,normal
9175,1570519,5713,91781.0,-0.117,-0.0117,-0.6708,0.68103,993.04,1000.0,6.96,51.75,208.0,2.2548,0.0118,LOCK,0,normal
9176,1570527,5721,91789.0,0.0741,-0.2184,-0.702,0.73891,993.04,1000.0,6.96,51.75,208.0,2.2387,-0.2315,LOCK,0,normal
9177,1570549,5743,91811.0,0.0351,-0.1716,-0.6903,0.71217,993.04,1000.0,6.96,51.75,208.0,2.2461,-0.1201,LOCK,0,normal
9178,1570557,5751,91819.0,-0.039,0.0273,-0.7878,0.78924,993.04,1000.0,6.96,51.75,208.0,2.2499,-0.0627,LOCK,0,normal
9179,1570566,5760,91828.0,0.0702,0.0039,-0.7839,0.78705,993.03,1000.0,6.97,51.75,208.0,2.2519,-0.0319,LOCK,0,normal
9180,1570574,5768,91836.0,-0.195,-0.0078,-0.7449,0.77004,993.04,1000.0,6.96,51.75,208.0,2.2546,0.0094,LOCK,0,normal
9181,1570583,5777,91845.0,-0.195,-0.0078,-0.7449,0.77004,993.05,1000.0,6.95,51.75,208.0,2.2511,-0.0441,LOCK,0,normal
9182,1570591,5785,91853.0,-0.0897,-0.1443,-0.8853,0.90146,993.06,1000.0,6.94,51.75,208.0,2.2539,-0.0013,LOCK,0,normal
9183,1570600,5794,91862.0,-0.0156,-0.0702,-0.7332,0.73672,993.07,1000.0,6.93,51.75,208.0,2.2518,-0.034,LOCK,0,normal
9184,1570608,5802,91870.0,-0.0468,-0.0858,-0.9555,0.96049,993.07,1000.0,6.93,51.75,208.0,2.2469,-0.1079,LOCK,0,normal
9185,1570617,5811,91879.0,-0.0546,-0.0897,-0.7254,0.73296,993.08,1000.0,6.92,51.75,208.0,2.2259,-0.4262,LOCK,0,normal
9186,1570625,5819,91887.0,0.195,0.0234,-0.819,0.84222,993.08,1000.0,6.92,51.75,208.0,2.2292,-0.3756,LOCK,0,normal
9187,1570634,5828,91896.0,0.195,0.0234,-0.819,0.84222,993.08,1000.0,6.92,51.75,208.0,2.2293,-0.374,LOCK,0,normal
9188,1570642,5836,91904.0,-0.0897,-0.1092,-0.6942,0.70844,993.09,1000.0,6.91,51.75,208.0,2.2375,-0.2495,LOCK,0,normal
9189,1570675,5869,91937.0,0.0663,-0.0468,-0.8307,0.83465,993.09,1000.0,6.91,51.75,208.0,2.2499,-0.0627,LOCK,0,normal
9190,1570684,5878,91946.0,-0.1014,-0.0702,-0.7722,0.78199,993.09,1000.0,6.91,51.75,208.0,2.2528,-0.0187,LOCK,0,normal
9191,1570692,5886,91954.0,-0.0312,0.2496,-0.8424,0.87915,993.1,1000.0,6.9,51.75,208.0,2.2545,0.0081,LOCK,0,normal
9192,1570701,5895,91963.0,0.0546,0.0663,-0.7839,0.78859,993.11,1000.0,6.89,51.75,208.0,2.2487,-0.0807,LOCK,0,normal
9193,1570709,5903,91971.0,-0.1599,-0.0546,-0.8775,0.89362,993.12,1000.0,6.88,51.75,208.0,2.2516,-0.0358,LOCK,0,normal
9194,1570723,5917,91985.0,0.0312,0.039,-0.7878,0.78938,993.13,1000.0,6.87,51.75,208.0,2.2335,-0.3099,LOCK,0,normal
9195,1570731,5925,91993.0,0.0195,-0.1248,-0.7761,0.78631,993.14,1000.0,6.86,51.75,208.0,2.2296,-0.3704,LOCK,0,normal
9196,1570740,5934,92002.0,0.0975,0.1677,-0.8502,0.87205,993.14,1000.0,6.86,51.75,208.0,2.2376,-0.2486,LOCK,0,normal
9197,1570748,5942,92010.0,-0.1638,0.1794,-0.7839,0.82068,993.16,1000.0,6.84,51.75,208.0,2.2425,-0.1744,LOCK,0,normal
9198,1570757,5951,92019.0,-0.1638,0.1794,-0.7839,0.82068,993.17,1000.0,6.83,51.75,208.0,2.2529,-0.0163,LOCK,0,normal
9199,1570765,5959,92027.0,-0.1131,0.0702,-0.7527,0.76438,993.19,1000.0,6.81,51.75,208.0,2.2466,-0.1128,LOCK,0,normal
9200,1570774,5968,92036.0,-0.0624,-0.039,-0.7995,0.80288,993.2,1000.0,6.8,51.75,208.0,2.2533,-0.0105,LOCK,0,normal
9201,1570782,5976,92044.0,0.0,-0.1053,-0.7839,0.79094,993.21,1000.0,6.79,51.75,208.0,2.2526,-0.0209,LOCK,0,normal
9202,1570791,5985,92053.0,-0.0078,-0.0468,-0.8931,0.89436,993.22,1000.0,6.78,51.75,208.0,2.2504,-0.0541,LOCK,0,normal
9203,1570799,5993,92061.0,0.0039,0.0039,-0.6942,0.69422,993.22,1000.0,6.78,51.75,208.0,2.2496,-0.0673,LOCK,0,normal
9204,1570808,6002,92070.0,0.0039,0.0039,-0.6942,0.69422,993.24,1000.0,6.76,51.75,208.0,2.2423,-0.1769,LOCK,0,normal
9205,1570816,6010,92078.0,0.0039,0.2613,-0.7761,0.81892,993.24,1000.0,6.76,51.75,208.0,2.2434,-0.1601,LOCK,0,normal
9206,1570825,6019,92087.0,-0.1638,0.1716,-0.8151,0.84892,993.25,1000.0,6.75,51.75,208.0,2.2415,-0.1888,LOCK,0,normal
9207,1570833,6027,92095.0,-0.0975,-0.0624,-0.8268,0.83486,993.26,1000.0,6.74,51.75,208.0,2.2398,-0.215,LOCK,0,normal
9208,1570856,6050,92118.0,-0.0273,-0.2106,-0.8307,0.85741,993.27,1000.0,6.73,51.75,208.0,2.252,-0.03,LOCK,0,normal
9209,1570865,6059,92127.0,0.1131,0.0234,-0.7878,0.79622,993.27,1000.0,6.73,51.75,208.0,2.2539,-0.0019,LOCK,0,normal
9210,1570873,6067,92135.0,-0.0195,0.1638,-0.7371,0.75533,993.29,1000.0,6.71,51.75,208.0,2.2512,-0.0425,LOCK,0,normal
9211,1570882,6076,92144.0,-0.0273,0.1014,-0.7371,0.74454,993.31,1000.0,6.69,51.75,208.0,2.2525,-0.0224,LOCK,0,normal
9212,1570891,6085,92153.0,-0.0273,0.1014,-0.7371,0.74454,993.32,1000.0,6.68,51.75,208.0,2.254,0.0005,LOCK,0,normal
9213,1570899,6093,92161.0,-0.1677,-0.0429,-0.8307,0.84854,993.34,1000.0,6.66,51.75,208.0,2.2493,-0.0706,LOCK,0,normal
9214,1570908,6102,92170.0,0.0507,-0.0585,-0.7176,0.72176,993.35,1000.0,6.65,51.75,208.0,2.252,-0.03,LOCK,0,normal
9215,1570916,6110,92178.0,-0.0429,-0.0078,-0.7644,0.76564,993.36,1000.0,6.64,51.75,208.0,2.2502,-0.0572,LOCK,0,normal
9216,1570930,6124,92192.0,-0.0507,-0.1716,-0.7683,0.78886,993.37,1000.0,6.63,51.75,208.0,2.2359,-0.2748,LOCK,0,normal
9217,1570938,6132,92200.0,-0.0546,-0.0117,-0.6474,0.6498,993.41,1000.0,6.59,51.75,208.0,2.2311,-0.3472,LOCK,0,normal
9218,1570946,6140,92208.0,-0.0507,-0.351,-0.6045,0.70085,993.44,1000.0,6.56,51.75,208.0,2.2354,-0.2819,LOCK,0,normal
9219,1570955,6149,92217.0,-0.0312,0.0273,-0.9009,0.90185,993.47,1000.0,6.53,51.75,208.0,2.2427,-0.1707,LOCK,0,normal
9220,1570982,6176,92244.0,-0.039,0.0897,-0.8931,0.89844,993.49,1000.0,6.51,51.75,208.0,2.2499,-0.0627,LOCK,0,normal
9221,1570991,6185,92253.0,-0.0039,-0.1365,-0.6669,0.68074,993.54,1000.0,6.46,51.75,208.0,2.2526,-0.0212,LOCK,0,normal
9222,1570999,6193,92261.0,-0.0078,0.1209,-0.7878,0.79706,993.58,1000.0,6.42,51.75,208.0,2.2523,-0.0251,LOCK,0,normal
9223,1571008,6202,92270.0,-0.1092,-0.0156,-0.6708,0.67981,993.62,1000.0,6.38,51.75,208.0,2.2522,-0.0273,LOCK,0,normal
9224,1571017,6211,92279.0,0.0741,-0.0546,-0.7449,0.75057,993.66,1000.0,6.34,51.75,208.0,2.2521,-0.0291,LOCK,0,normal
9225,1571025,6219,92287.0,0.1053,-0.0585,-0.8463,0.85483,993.69,1000.0,6.31,51.75,208.0,2.2364,-0.266,LOCK,0,normal
9226,1571033,6227,92295.0,0.1053,-0.0585,-0.8463,0.85483,993.72,1000.0,6.28,51.75,208.0,2.235,-0.2883,LOCK,0,normal
9227,1571042,6236,92304.0,-0.0468,-0.0819,-0.6825,0.68899,993.74,1000.0,6.26,51.75,208.0,2.2282,-0.3911,LOCK,0,normal
9228,1571050,6244,92312.0,0.1092,0.0,-0.8463,0.85332,993.8,1000.0,6.2,51.75,208.0,2.2342,-0.2993,LOCK,0,normal
9229,1571060,6254,92322.0,-0.0351,-0.0156,-0.6591,0.66022,993.85,1000.0,6.15,51.75,208.0,2.253,-0.0157,LOCK,0,normal
9230,1571068,6262,92330.0,-0.0936,-0.0312,-0.9204,0.92567,993.9,1000.0,6.1,51.75,208.0,2.2507,-0.0493,LOCK,0,normal
9231,1571077,6271,92339.0,-0.0156,-0.0039,-0.7644,0.76457,993.95,1000.0,6.05,51.75,208.0,2.2509,-0.0468,LOCK,0,normal
9232,1571085,6279,92347.0,-0.0156,-0.0039,-0.7644,0.76457,993.98,1000.0,6.02,51.75,208.0,2.252,-0.03,LOCK,0,normal
9233,1571094,6288,92356.0,0.0624,-0.0234,-0.8112,0.81393,994.02,1000.0,5.98,51.75,208.0,2.2496,-0.0663,LOCK,0,normal
9234,1571103,6297,92365.0,-0.0858,0.1404,-0.7995,0.81626,994.05,1000.0,5.95,51.75,208.0,2.249,-0.0761,LOCK,0,normal
9235,1571111,6305,92373.0,0.0156,-0.0819,-0.702,0.70693,994.11,1000.0,5.89,51.75,208.0,2.2257,-0.4284,LOCK,0,normal
9236,1571135,6329,92397.0,-0.1092,0.0039,-0.8853,0.89202,994.17,1000.0,5.83,51.75,208.0,2.2415,-0.1894,LOCK,0,normal
9237,1571143,6337,92405.0,0.0702,-0.1131,-0.7683,0.77975,994.22,1000.0,5.78,51.75,208.0,2.2319,-0.3344,LOCK,0,normal
9238,1571152,6346,92414.0,0.0312,-0.0585,-0.8775,0.88,994.27,1000.0,5.73,51.75,208.0,2.2309,-0.3493,LOCK,0,normal
9239,1571173,6367,92435.0,0.0897,0.2652,-0.819,0.86553,994.35,1000.0,5.65,51.75,208.0,2.2544,0.0066,LOCK,0,normal
9240,1571181,6375,92443.0,0.0741,0.0156,-0.7956,0.7992,994.42,1000.0,5.58,51.75,208.0,2.2464,-0.1152,LOCK,0,normal
9241,1571190,6384,92452.0,-0.1443,-0.2067,-0.7605,0.80119,994.49,1000.0,5.51,51.75,208.0,2.2529,-0.0172,LOCK,0,normal
9242,1571198,6392,92460.0,-0.1443,-0.2067,-0.7605,0.80119,994.55,1000.0,5.45,51.75,208.0,2.2507,-0.0493,LOCK,0,normal
9243,1571207,6401,92469.0,0.0702,0.0039,-0.7683,0.77151,994.6,1000.0,5.4,51.75,208.0,2.2493,-0.0715,LOCK,0,normal
9244,1571215,6409,92477.0,-0.0585,-0.1872,-0.7878,0.81185,994.65,1000.0,5.35,51.75,208.0,2.2507,-0.0496,LOCK,0,normal
9245,1571224,6418,92486.0,0.1092,-0.0663,-0.7176,0.72888,994.69,1000.0,5.31,51.75,208.0,2.2489,-0.0767,LOCK,0,normal
9246,1571232,6426,92494.0,-0.1014,0.2691,-0.9555,0.99784,994.78,1000.0,5.22,51.75,208.0,2.2533,-0.0105,LOCK,0,normal
9247,1571241,6435,92503.0,-0.0897,0.0234,-0.6708,0.67718,994.86,1000.0,5.14,51.75,208.0,2.2508,-0.0477,LOCK,0,normal
9248,1571249,6443,92511.0,-0.0897,0.0234,-0.6708,0.67718,994.93,1000.0,5.07,51.75,208.0,2.2528,-0.0187,LOCK,0,normal
9249,1571258,6452,92520.0,-0.1014,0.0195,-0.8307,0.83709,994.99,1000.0,5.01,51.75,208.0,2.2501,-0.0587,LOCK,0,normal
9250,1571267,6461,92529.0,-0.0663,-0.1053,-0.819,0.8284,995.05,1000.0,4.95,51.75,208.0,2.2508,-0.0483,LOCK,0,normal
9251,1571275,6469,92537.0,0.0234,-0.156,-0.8502,0.86471,995.1,1000.0,4.9,51.75,208.0,2.251,-0.045,LOCK,0,normal
9252,1571284,6478,92546.0,0.0156,0.0195,-0.8268,0.82718,995.15,1000.0,4.85,51.75,208.0,2.2357,-0.277,LOCK,0,normal
9253,1571292,6486,92554.0,-0.1365,0.1404,-0.6435,0.67263,995.23,1000.0,4.77,51.75,208.0,2.2395,-0.2196,LOCK,0,normal
9254,1571311,6505,92573.0,-0.1872,0.1131,-0.7683,0.79882,995.3,1000.0,4.7,51.75,208.0,2.2457,-0.1265,LOCK,0,normal
9255,1571319,6513,92581.0,-0.1209,0.1014,-0.8619,0.87623,995.37,1000.0,4.63,51.75,208.0,2.2491,-0.0749,LOCK,0,normal
9256,1571328,6522,92590.0,0.156,-0.0897,-0.7761,0.79669,995.43,1000.0,4.57,51.75,208.0,2.2489,-0.0776,LOCK,0,normal
9257,1571341,6535,92603.0,0.0039,-0.0156,-0.8892,0.88935,995.48,1000.0,4.52,51.75,208.0,2.2459,-0.1225,LOCK,0,normal
9258,1571349,6543,92611.0,0.039,-0.078,-0.7098,0.71514,995.59,1000.0,4.41,51.75,208.0,2.2406,-0.2031,LOCK,0,normal
9259,1571358,6552,92620.0,0.0039,0.1092,-0.8268,0.83399,995.68,1000.0,4.32,51.75,208.0,2.2365,-0.2654,LOCK,0,normal
9260,1571367,6561,92629.0,-0.2067,-0.2613,-0.4953,0.59693,995.77,1000.0,4.23,51.75,208.0,2.2535,-0.0077,LOCK,0,normal
9261,1571375,6569,92637.0,0.0234,0.0,-0.9126,0.9129,995.84,1000.0,4.16,51.75,208.0,2.2512,-0.0432,LOCK,0,normal
9262,1571384,6578,92646.0,-0.039,-0.0078,-0.7722,0.77322,995.91,1000.0,4.09,51.75,208.0,2.2508,-0.0477,LOCK,0,normal
9263,1571392,6586,92654.0,-0.039,-0.0078,-0.7722,0.77322,995.97,1000.0,4.03,51.75,208.0,2.2508,-0.049,LOCK,0,normal
9264,1571401,6595,92663.0,-0.0117,-0.0507,-0.8112,0.81287,996.03,1000.0,3.97,51.75,208.0,2.2504,-0.0548,LOCK,0,normal
9265,1571409,6603,92671.0,-0.0858,0.0156,-0.8541,0.85854,996.12,1000.0,3.88,51.75,208.0,2.2535,-0.0074,LOCK,0,normal
9266,1571418,6612,92680.0,-0.0234,0.0546,-0.6474,0.65012,996.21,1000.0,3.79,51.75,208.0,2.2512,-0.0428,LOCK,0,normal
9267,1571426,6620,92688.0,-0.1209,-0.1443,-0.7956,0.81757,996.29,1000.0,3.71,51.75,208.0,2.2505,-0.0523,LOCK,0,normal
9268,1571435,6629,92697.0,-0.0117,0.0078,-0.7293,0.72944,996.36,1000.0,3.64,51.75,208.0,2.2322,-0.3304,LOCK,0,normal
9269,1571443,6637,92705.0,-0.0117,0.0078,-0.7293,0.72944,996.42,1000.0,3.58,51.75,208.0,2.224,-0.4552,LOCK,0,normal
9270,1571452,6646,92714.0,0.1326,-0.1014,-0.8112,0.8282,996.48,1000.0,3.52,51.75,208.0,2.2344,-0.2968,LOCK,0,normal
9271,1571470,6664,92732.0,-0.0078,-0.0702,-0.7254,0.72883,996.58,1000.0,3.42,51.75,208.0,2.2522,-0.0279,LOCK,0,normal
9272,1571479,6673,92741.0,-0.1092,0.0702,-0.7722,0.78304,996.67,1000.0,3.33,51.75,208.0,2.2517,-0.0355,LOCK,0,normal
9273,1571488,6682,92750.0,-0.0975,-0.0624,-0.7878,0.79626,996.76,1000.0,3.24,51.75,208.0,2.2513,-0.0404,LOCK,0,normal
9274,1571496,6690,92758.0,-0.0975,-0.0624,-0.7878,0.79626,996.83,1000.0,3.17,51.75,208.0,2.2469,-0.1073,LOCK,0,normal
9275,1571505,6699,92767.0,-0.1443,0.0156,-0.8385,0.85097,996.9,1000.0,3.1,51.75,208.0,2.251,-0.0462,LOCK,0,normal
9276,1571513,6707,92775.0,-0.0234,-0.0936,-0.8424,0.84791,996.96,1000.0,3.04,51.75,208.0,2.2485,-0.0841,LOCK,0,normal
9277,1571522,6716,92784.0,-0.1092,-0.0585,-0.7449,0.75513,997.02,1000.0,2.98,51.75,208.0,2.2501,-0.0596,LOCK,0,normal
9278,1571530,6724,92792.0,0.0624,0.1014,-0.8541,0.86236,997.11,1000.0,2.89,51.75,208.0,2.2502,-0.0581,LOCK,0,normal
9279,1571544,6738,92806.0,-0.0507,0.0351,-0.7098,0.71247,997.2,1000.0,2.8,51.75,208.0,2.2286,-0.3847,LOCK,0,normal
9280,1571552,6746,92814.0,-0.0936,-0.0507,-0.8697,0.87619,997.28,1000.0,2.72,51.75,208.0,2.2358,-0.2758,LOCK,0,normal
9281,1571560,6754,92822.0,0.0858,-0.1443,-0.8112,0.82839,997.35,1000.0,2.65,51.75,208.0,2.2381,-0.2403,LOCK,0,normal
9282,1571569,6763,92831.0,0.1053,-0.2028,-0.8541,0.88414,997.41,1000.0,2.59,51.75,208.0,2.2484,-0.0847,LOCK,0,normal
9283,1571579,6773,92841.0,-0.0585,0.1248,-0.8112,0.82283,997.79,1000.0,2.21,51.75,208.0,2.2524,-0.0239,LOCK,0,normal
9284,1571589,6783,92851.0,-0.0858,0.156,-0.7605,0.78106,997.92,1000.0,2.08,51.75,208.0,2.2534,-0.009,LOCK,0,normal
9285,1571599,6793,92861.0,-0.0858,0.156,-0.7605,0.78106,998.29,1000.0,1.71,51.75,208.0,2.2525,-0.0221,LOCK,0,normal
9286,1571609,6803,92871.0,-0.0546,0.0819,-0.7293,0.73591,998.39,1000.0,1.61,51.75,208.0,2.2434,-0.161,LOCK,0,normal
9287,1571619,6813,92881.0,-0.0234,-0.0585,-0.8463,0.84864,998.42,1000.0,1.58,51.75,208.0,2.2447,-0.1408,LOCK,0,normal
9288,1571629,6823,92891.0,0.0039,-0.0897,-0.741,0.74642,998.43,1000.0,1.57,51.75,208.0,2.2524,-0.0245,LOCK,0,normal
9289,1571639,6833,92901.0,-0.0234,-0.1092,-0.8385,0.8459,998.44,1000.0,1.56,51.75,208.0,2.2534,-0.0087,LOCK,0,normal
9290,1571649,6843,92911.0,-0.0273,-0.1131,-0.6318,0.64242,998.44,1000.0,1.56,51.75,208.0,2.2423,-0.1775,LOCK,0,normal
9291,1571659,6853,92921.0,-0.078,0.2145,-0.7839,0.81645,998.65,1000.0,1.35,51.75,208.0,2.2339,-0.3048,LOCK,0,normal
9292,1571669,6863,92931.0,-0.0468,0.0039,-0.7215,0.72303,998.7,1000.0,1.3,51.75,208.0,2.2431,-0.1649,LOCK,0,normal
9293,1571679,6873,92941.0,-0.0195,0.0312,-0.8112,0.81203,998.72,1000.0,1.28,51.75,208.0,2.2504,-0.0541,LOCK,0,normal
9294,1571689,6883,92951.0,0.0429,-0.0507,-0.8658,0.86834,998.72,1000.0,1.28,51.75,208.0,2.2496,-0.066,LOCK,0,normal
9295,1571699,6893,92961.0,-0.0429,-0.117,-0.8502,0.85928,998.72,1000.0,1.28,51.75,208.0,2.2516,-0.0361,LOCK,0,normal
9296,1571709,6903,92971.0,0.0117,0.0195,-0.7995,0.79982,998.72,1000.0,1.28,51.75,208.0,2.2477,-0.0957,LOCK,0,normal
9297,1571719,6913,92981.0,0.039,0.1599,-0.7605,0.77811,998.96,1000.0,1.04,51.75,208.0,2.2482,-0.088,LOCK,0,normal
9298,1571729,6923,92991.0,-0.1716,0.0351,-0.6942,0.71596,999.02,1000.0,0.98,51.75,208.0,2.2502,-0.0581,LOCK,0,normal
9299,1571744,6938,93006.0,0.0897,-0.1716,-0.7176,0.74326,999.04,1000.0,0.96,51.75,208.0,2.2532,-0.0123,LOCK,0,normal
9300,1571752,6946,93014.0,0.0897,-0.1716,-0.7176,0.74326,999.04,1000.0,0.96,51.75,208.0,2.2267,-0.414,LOCK,0,normal
9301,1571760,6954,93022.0,-0.039,0.0273,-0.8814,0.88268,999.04,1000.0,0.96,51.75,208.0,2.2363,-0.2678,LOCK,0,normal
9302,1571769,6963,93031.0,0.0,-0.0195,-0.7878,0.78804,999.07,1000.0,0.93,51.75,208.0,2.2368,-0.2599,LOCK,0,normal
9303,1571779,6973,93041.0,0.039,0.1014,-0.7878,0.79526,999.2,1000.0,0.8,51.75,208.0,2.2532,-0.012,LOCK,0,normal
9304,1571789,6983,93051.0,-0.1716,-0.1716,-0.6786,0.72069,999.26,1000.0,0.74,51.75,208.0,2.251,-0.0453,LOCK,0,normal
9305,1571799,6993,93061.0,0.0468,-0.0156,-0.7956,0.79713,999.28,1000.0,0.72,51.75,208.0,2.2493,-0.0709,LOCK,0,normal
9306,1571809,7003,93071.0,0.039,-0.0234,-0.858,0.8592,999.29,1000.0,0.71,51.75,208.0,2.2506,-0.0517,LOCK,0,normal
9307,1571819,7013,93081.0,-0.0195,-0.0429,-0.7488,0.75028,999.29,1000.0,0.71,51.75,208.0,2.2525,-0.0224,LOCK,0,normal
9308,1571829,7023,93091.0,-0.0234,-0.1521,-0.8424,0.85634,999.29,1000.0,0.71,51.75,208.0,2.2492,-0.0728,LOCK,0,normal
9309,1571839,7033,93101.0,-0.0507,-0.0078,-0.6942,0.69609,999.45,1000.0,0.55,51.75,208.0,2.2534,-0.0093,LOCK,0,normal
9310,1571849,7043,93111.0,0.0117,-0.1326,-0.7839,0.79512,999.51,1000.0,0.49,51.75,208.0,2.2267,-0.4134,LOCK,0,normal
9311,1571859,7053,93121.0,-0.0702,0.0663,-0.7878,0.7937,999.52,1000.0,0.48,51.75,208.0,2.2265,-0.4168,LOCK,0,normal
9312,1571869,7063,93131.0,0.1014,-0.0624,-0.7683,0.77747,999.53,1000.0,0.47,51.75,208.0,2.2388,-0.23,LOCK,0,normal
9313,1571879,7073,93141.0,-0.0429,0.0,-0.8268,0.82791,999.53,1000.0,0.47,51.75,208.0,2.2515,-0.0386,LOCK,0,normal
9314,1571889,7083,93151.0,0.0585,0.0624,-0.7605,0.76529,999.53,1000.0,0.47,51.75,208.0,2.2541,0.0017,LOCK,0,normal
9315,1571899,7093,93161.0,-0.1638,0.156,-0.7644,0.79717,999.66,1000.0,0.34,51.75,208.0,2.2532,-0.0123,LOCK,0,normal
9316,1571909,7103,93171.0,-0.0585,-0.0039,-0.8619,0.86389,999.7,1000.0,0.3,51.75,208.0,2.25,-0.0612,LOCK,0,normal
9317,1571919,7113,93181.0,0.0234,-0.0975,-0.7488,0.75548,999.71,1000.0,0.29,51.75,208.0,2.2521,-0.0282,LOCK,0,normal
9318,1571929,7123,93191.0,-0.0546,-0.1989,-0.9399,0.96227,999.71,1000.0,0.29,51.75,208.0,2.2504,-0.0544,LOCK,0,normal
9319,1571944,7138,93206.0,-0.0624,0.0156,-0.7371,0.7399,999.71,1000.0,0.29,51.75,208.0,2.2498,-0.0636,LOCK,0,normal
9320,1571952,7146,93214.0,0.0858,0.0936,-0.897,0.90594,999.73,1000.0,0.27,51.75,208.0,2.2319,-0.3347,LOCK,0,normal
9321,1571961,7155,93223.0,-0.0078,0.0273,-0.6786,0.67919,999.75,1000.0,0.25,51.75,208.0,2.2404,-0.2059,LOCK,0,normal
9322,1571969,7163,93231.0,-0.1209,-0.2457,-0.8619,0.90435,999.76,1000.0,0.24,51.75,208.0,2.2408,-0.2007,LOCK,0,normal
9323,1571979,7173,93241.0,0.1053,-0.2535,-0.7917,0.83794,999.84,1000.0,0.16,51.75,208.0,2.2489,-0.0773,LOCK,0,normal
9324,1571989,7183,93251.0,0.1404,-0.1677,-0.8385,0.86656,999.88,1000.0,0.12,51.75,208.0,2.2519,-0.0325,LOCK,0,normal
9325,1571999,7193,93261.0,0.1404,-0.1677,-0.8385,0.86656,999.89,1000.0,0.11,51.75,208.0,2.2451,-0.1347,LOCK,0,normal
9326,1572009,7203,93271.0,-0.0819,-0.039,-0.8073,0.81238,999.89,1000.0,0.11,51.75,208.0,2.2544,0.0066,LOCK,0,normal
9327,1572019,7213,93281.0,-0.039,0.1521,-0.6864,0.70413,999.97,1000.0,0.03,51.75,208.0,2.2509,-0.0474,LOCK,0,normal
9328,1572029,7223,93291.0,-0.1248,0.1131,-0.7644,0.78273,1000.0,1000.0,-0.0,51.75,208.0,2.248,-0.0902,LOCK,0,normal
9329,1572039,7233,93301.0,-0.078,0.0156,-0.8736,0.87721,1000.01,1000.0,-0.01,51.75,208.0,2.2504,-0.0544,LOCK,0,normal
9330,1572049,7243,93311.0,0.0078,-0.2457,-0.7761,0.8141,1000.01,1000.0,-0.01,51.75,208.0,2.2482,-0.0877,LOCK,0,normal
9331,1572059,7253,93321.0,-0.0195,-0.0897,-0.8892,0.89393,1000.01,1000.0,-0.01,51.75,208.0,2.2416,-0.1878,LOCK,0,normal
9332,1572069,7263,93331.0,-0.0234,0.0312,-0.6981,0.69919,1000.02,1000.0,-0.02,51.75,208.0,2.2309,-0.3499,LOCK,0,normal
9333,1572079,7273,93341.0,0.0039,0.3237,-0.8619,0.92069,1000.11,1000.0,-0.11,51.75,208.0,2.2523,-0.0251,LOCK,0,normal
9334,1572089,7283,93351.0,-0.0975,-0.0078,-0.7449,0.75129,1000.14,1000.0,-0.14,51.75,208.0,2.254,0.0005,LOCK,0,normal
9335,1572099,7293,93361.0,-0.1482,0.1092,-0.8385,0.85847,1000.14,1000.0,-0.14,51.75,208.0,2.2489,-0.0767,LOCK,0,normal
9336,1572109,7303,93371.0,0.0741,-0.039,-0.7683,0.77285,1000.15,1000.0,-0.15,51.75,208.0,2.2503,-0.0557,LOCK,0,normal
9337,1572119,7313,93381.0,-0.0429,0.0351,-0.7761,0.77808,1000.15,1000.0,-0.15,51.75,208.0,2.2519,-0.0325,LOCK,0,normal
9338,1572129,7323,93391.0,0.0351,-0.117,-0.7839,0.79336,1000.16,1000.0,-0.16,51.75,208.0,2.2452,-0.1332,LOCK,0,normal
9339,1572143,7337,93405.0,-0.2301,-0.3315,-0.6903,0.7996,1000.24,1000.0,-0.24,51.75,208.0,2.2525,-0.0233,LOCK,0,normal
9340,1572152,7346,93414.0,-0.2301,-0.3315,-0.6903,0.7996,1000.24,1000.0,-0.24,51.75,208.0,2.2352,-0.2846,LOCK,0,normal
9341,1572160,7354,93422.0,-0.0507,0.1365,-0.8853,0.89719,1000.25,1000.0,-0.25,51.75,208.0,2.2274,-0.4036,LOCK,0,normal
9342,1572169,7363,93431.0,0.0351,-0.1521,-0.7176,0.73438,1000.25,1000.0,-0.25,51.75,208.0,2.2413,-0.1921,LOCK,0,normal
9343,1572179,7373,93441.0,-0.0234,0.1638,-0.8034,0.82026,1000.27,1000.0,-0.27,51.75,208.0,2.242,-0.1817,LOCK,0,normal
9344,1572189,7383,93451.0,-0.0624,-0.0585,-0.7215,0.72655,1000.29,1000.0,-0.29,51.75,208.0,2.2519,-0.0312,LOCK,0,normal
9345,1572199,7393,93461.0,0.039,0.078,-0.7527,0.75773,1000.38,1000.0,-0.38,51.75,208.0,2.2533,-0.0099,LOCK,0,normal
9346,1572209,7403,93471.0,-0.0858,-0.0624,-0.8307,0.83745,1000.42,1000.0,-0.42,51.75,208.0,2.2517,-0.0355,LOCK,0,normal
9347,1572219,7413,93481.0,0.0273,-0.1404,-0.7332,0.74702,1000.43,1000.0,-0.43,51.75,208.0,2.2475,-0.0981,LOCK,0,normal
9348,1572229,7423,93491.0,0.0624,-0.039,-0.8268,0.83007,1000.43,1000.0,-0.43,51.75,208.0,2.2494,-0.0694,LOCK,0,normal
9349,1572239,7433,93501.0,-0.0975,-0.1131,-0.6825,0.69864,1000.43,1000.0,-0.43,51.75,208.0,2.2509,-0.0474,LOCK,0,normal
9350,1572249,7443,93511.0,0.078,-0.0039,-0.7995,0.80331,1000.46,1000.0,-0.46,51.75,208.0,2.253,-0.0148,LOCK,0,normal
9351,1572259,7453,93521.0,-0.0273,0.0351,-0.78,0.78127,1000.53,1000.0,-0.53,51.75,208.0,2.2291,-0.3768,LOCK,0,normal
9352,1572269,7463,93531.0,0.1014,-0.156,-0.8346,0.85509,1000.55,1000.0,-0.55,51.75,208.0,2.2386,-0.2327,LOCK,0,normal
9353,1572279,7473,93541.0,-0.0039,0.039,-0.7878,0.78877,1000.55,1000.0,-0.55,51.75,208.0,2.2362,-0.2703,LOCK,0,normal
9354,1572289,7483,93551.0,-0.0273,-0.1716,-0.7488,0.7687,1000.55,1000.0,-0.55,51.75,208.0,2.2506,-0.0511,LOCK,0,normal
9355,1572299,7493,93561.0,-0.0702,0.0312,-0.7644,0.76825,1000.55,1000.0,-0.55,51.75,208.0,2.2511,-0.0447,LOCK,0,normal
9356,1572309,7503,93571.0,-0.0468,0.0039,-0.78,0.78141,1000.57,1000.0,-0.57,51.75,208.0,2.2528,-0.0175,LOCK,0,normal
9357,1572319,7513,93581.0,0.0273,-0.0429,-0.6981,0.69995,1000.62,1000.0,-0.62,51.75,208.0,2.2518,-0.0334,LOCK,0,normal
9358,1572329,7523,93591.0,-0.156,-0.0975,-0.9243,0.94243,1000.64,1000.0,-0.64,51.75,208.0,2.2524,-0.0248,LOCK,0,normal
9359,1572344,7538,93606.0,0.0663,-0.2145,-0.7137,0.74818,1000.65,1000.0,-0.65,51.75,208.0,2.2516,-0.0361,LOCK,0,normal
9360,1572352,7546,93614.0,0.1599,-0.0741,-0.9009,0.91798,1000.65,1000.0,-0.65,51.75,208.0,2.251,-0.0453,LOCK,0,normal
9361,1572361,7555,93623.0,-0.0624,-0.1131,-0.7683,0.77908,1000.65,1000.0,-0.65,51.75,208.0,2.2268,-0.4128,LOCK,0,normal
9362,1572369,7563,93631.0,0.0897,0.0741,-0.7527,0.76164,1000.66,1000.0,-0.66,51.75,208.0,2.2411,-0.1961,LOCK,0,normal
9363,1572379,7573,93641.0,-0.0039,0.1014,-0.7644,0.77111,1000.72,1000.0,-0.72,51.75,208.0,2.2265,-0.4165,LOCK,0,normal
9364,1572389,7583,93651.0,-0.0897,0.0858,-0.7839,0.79367,1000.73,1000.0,-0.73,51.75,208.0,2.2511,-0.0438,LOCK,0,normal
9365,1572399,7593,93661.0,-0.0897,0.0858,-0.7839,0.79367,1000.75,1000.0,-0.75,51.75,208.0,2.2482,-0.0883,LOCK,0,normal
9366,1572409,7603,93671.0,-0.0234,-0.0663,-0.78,0.78316,1000.76,1000.0,-0.76,51.75,208.0,2.2512,-0.0425,LOCK,0,normal
9367,1572419,7613,93681.0,0.0234,-0.0585,-0.8658,0.86809,1000.76,1000.0,-0.76,51.75,208.0,2.2498,-0.0636,LOCK,0,normal
9368,1572429,7623,93691.0,-0.0156,-0.117,-0.7137,0.72339,1000.77,1000.0,-0.77,51.75,208.0,2.2535,-0.008,LOCK,0,normal
9369,1572439,7633,93701.0,-0.0624,0.2769,-0.858,0.90373,1000.8,1000.0,-0.8,51.75,208.0,2.2441,-0.1506,LOCK,0,normal
9370,1572449,7643,93711.0,-0.2574,-0.0312,-0.6747,0.72281,1000.81,1000.0,-0.81,51.75,208.0,2.25,-0.0609,LOCK,0,normal
9371,1572459,7653,93721.0,0.0078,-0.0195,-0.8307,0.83097,1000.81,1000.0,-0.81,51.75,208.0,2.2296,-0.3692,LOCK,0,normal
9372,1572469,7663,93731.0,0.0234,-0.0156,-0.8151,0.81558,1000.82,1000.0,-0.82,51.75,208.0,2.2326,-0.3243,LOCK,0,normal
9373,1572479,7673,93741.0,-0.0585,-0.0702,-0.8073,0.81246,1000.82,1000.0,-0.82,51.75,208.0,2.2403,-0.208,LOCK,0,normal
9374,1572489,7683,93751.0,0.0351,0.0702,-0.8151,0.81887,1000.84,1000.0,-0.84,51.75,208.0,2.2518,-0.034,LOCK,0,normal
9375,1572499,7693,93761.0,-0.0624,0.1989,-0.8268,0.85267,1000.86,1000.0,-0.86,51.75,208.0,2.2581,0.0625,LOCK,0,normal
9376,1572509,7703,93771.0,-0.1794,-0.0429,-0.7566,0.77876,1000.87,1000.0,-0.87,51.75,208.0,2.2517,-0.0355,LOCK,0,normal
9377,1572519,7713,93781.0,-0.0624,0.0975,-0.8736,0.88124,1000.87,1000.0,-0.87,51.75,208.0,2.2496,-0.067,LOCK,0,normal
9378,1572529,7723,93791.0,0.0468,-0.0858,-0.7254,0.73195,1000.87,1000.0,-0.87,51.75,208.0,2.2433,-0.1616,LOCK,0,normal
9379,1572544,7738,93806.0,-0.0741,-0.0702,-0.8112,0.8176,1000.87,1000.0,-0.87,51.75,208.0,2.2512,-0.0432,LOCK,0,normal
9380,1572552,7746,93814.0,-0.0741,-0.0702,-0.8112,0.8176,1000.88,1000.0,-0.88,51.75,208.0,2.2518,-0.0328,LOCK,0,normal
9381,1572560,7754,93822.0,0.0741,0.1131,-0.7371,0.7494,1000.88,1000.0,-0.88,51.75,208.0,2.2314,-0.3429,LOCK,0,normal
9382,1572569,7763,93831.0,0.0,-0.0936,-0.8034,0.80883,1000.88,1000.0,-0.88,51.75,208.0,2.2386,-0.2339,LOCK,0,normal
9383,1572579,7773,93841.0,-0.0039,-0.117,-0.6708,0.68094,1000.89,1000.0,-0.89,51.75,208.0,2.2309,-0.3499,LOCK,0,normal
9384,1572589,7783,93851.0,0.1092,-0.0195,-0.8112,0.81875,1000.89,1000.0,-0.89,51.75,208.0,2.2349,-0.2889,LOCK,0,normal
9385,1572599,7793,93861.0,-0.1521,-0.0624,-0.819,0.83534,1000.89,1000.0,-0.89,51.75,208.0,2.2513,-0.0416,LOCK,0,normal
9386,1572609,7803,93871.0,0.0117,0.0702,-0.7644,0.76771,1000.9,1000.0,-0.9,51.75,208.0,2.2531,-0.0132,LOCK,0,normal
9387,1572619,7813,93881.0,0.0078,0.2418,-0.819,0.85398,1000.92,1000.0,-0.92,51.75,208.0,2.2511,-0.0444,LOCK,0,normal
9388,1572629,7823,93891.0,-0.0585,-0.234,-0.7956,0.83136,1000.93,1000.0,-0.93,51.75,208.0,2.2497,-0.0654,LOCK,0,normal
9389,1572639,7833,93901.0,0.0312,0.0,-0.7839,0.78452,1000.93,1000.0,-0.93,51.75,208.0,2.2584,0.0667,LOCK,0,normal
9390,1572649,7843,93911.0,0.0,-0.1326,-0.7488,0.76045,1000.93,1000.0,-0.93,51.75,208.0,2.2523,-0.0254,LOCK,0,normal
9391,1572659,7853,93921.0,-0.0663,0.0663,-0.7293,0.7353,1000.93,1000.0,-0.93,51.75,208.0,2.25,-0.0599,LOCK,0,normal
9392,1572669,7863,93931.0,0.0546,0.0195,-0.7956,0.79771,1000.94,1000.0,-0.94,51.75,208.0,2.2416,-0.1875,LOCK,0,normal
9393,1572679,7873,93941.0,-0.1287,0.0702,-0.702,0.71714,1000.95,1000.0,-0.95,51.75,208.0,2.2443,-0.1469,LOCK,0,normal
9394,1572689,7883,93951.0,-0.0975,-0.1248,-0.897,0.91087,1000.95,1000.0,-0.95,51.75,208.0,2.237,-0.2571,LOCK,0,normal
9395,1572699,7893,93961.0,0.0585,-0.1326,-0.7449,0.75887,1000.95,1000.0,-0.95,51.75,208.0,2.2507,-0.0505,LOCK,0,normal
9396,1572709,7903,93971.0,0.078,-0.0546,-0.9126,0.91755,1000.95,1000.0,-0.95,51.75,208.0,2.2499,-0.0624,LOCK,0,normal
9397,1572719,7913,93981.0,-0.1443,0.0039,-0.6942,0.70905,1000.95,1000.0,-0.95,51.75,208.0,2.2489,-0.0767,LOCK,0,normal
9398,1572729,7923,93991.0,0.0975,0.0546,-0.7371,0.74552,1000.95,1000.0,-0.95,51.75,208.0,2.2517,-0.0355,LOCK,0,normal
9399,1572744,7938,94006.0,-0.039,0.0234,-0.7332,0.73461,1000.95,1000.0,-0.95,51.75,208.0,2.2496,-0.0663,LOCK,0,normal
9400,1572752,7946,94014.0,-0.0507,0.0,-0.7878,0.78943,1000.95,1000.0,-0.95,51.75,208.0,2.25,-0.0609,LOCK,0,normal
9401,1572761,7955,94023.0,0.0429,-0.1248,-0.8697,0.87966,1000.95,1000.0,-0.95,51.75,208.0,2.2481,-0.0899,LOCK,0,normal
9402,1572769,7963,94031.0,0.0702,-0.039,-0.7917,0.79576,1000.95,1000.0,-0.95,51.75,208.0,2.2342,-0.3005,LOCK,0,normal
9403,1572779,7973,94041.0,-0.0936,-0.1482,-0.8346,0.85281,1000.95,1000.0,-0.95,51.75,208.0,2.2343,-0.298,LOCK,0,normal
9404,1572789,7983,94051.0,-0.1287,0.2145,-0.7839,0.82284,1000.95,1000.0,-0.95,51.75,208.0,2.2258,-0.4265,LOCK,0,normal
9405,1572799,7993,94061.0,-0.1248,0.1638,-0.7683,0.79542,1000.95,1000.0,-0.95,51.75,208.0,2.2514,-0.0401,LOCK,0,normal
9406,1572809,8003,94071.0,-0.1248,0.1638,-0.7683,0.79542,1000.95,1000.0,-0.95,51.75,208.0,2.2518,-0.0334,LOCK,0,normal
9407,1572819,8013,94081.0,-0.1482,0.0156,-0.78,0.79411,1000.95,1000.0,-0.95,51.75,208.0,2.2491,-0.0746,LOCK,0,normal
9408,1572829,8023,94091.0,-0.0741,-0.0585,-0.7605,0.76634,1000.95,1000.0,-0.95,51.75,208.0,2.2444,-0.1454,LOCK,0,normal
9409,1572839,8033,94101.0,-0.0702,-0.1248,-0.8502,0.86217,1000.95,1000.0,-0.95,51.75,208.0,2.25,-0.0606,LOCK,0,normal
9410,1572849,8043,94111.0,0.0897,0.0156,-0.8073,0.81242,1000.92,1000.0,-0.92,51.75,208.0,2.2514,-0.0395,LOCK,0,normal
9411,1572859,8053,94121.0,0.078,0.2028,-0.8931,0.91915,1000.89,1000.0,-0.89,51.75,208.0,2.2515,-0.0386,LOCK,0,normal
9412,1572869,8063,94131.0,-0.0507,0.1677,-0.7683,0.78802,1000.88,1000.0,-0.88,51.75,208.0,2.2334,-0.3124,LOCK,0,normal
9413,1572879,8073,94141.0,-0.1014,0.078,-0.858,0.86748,1000.88,1000.0,-0.88,51.75,208.0,2.2377,-0.2464,LOCK,0,normal
9414,1572889,8083,94151.0,0.1053,-0.1521,-0.7254,0.74862,1000.88,1000.0,-0.88,51.75,208.0,2.2372,-0.2544,LOCK,0,normal
9415,1572899,8093,94161.0,-0.0234,0.0585,-0.8112,0.81364,1000.88,1000.0,-0.88,51.75,208.0,2.2435,-0.1588,LOCK,0,normal
9416,1572909,8103,94171.0,0.0078,-0.0819,-0.741,0.74555,1000.84,1000.0,-0.84,51.75,208.0,2.253,-0.0145,LOCK,0,normal
9417,1572919,8113,94181.0,0.0858,0.2262,-0.7449,0.7832,1000.81,1000.0,-0.81,51.75,208.0,2.2541,0.0017,LOCK,0,normal
9418,1572929,8123,94191.0,-0.1989,-0.2028,-0.7722,0.82279,1000.8,1000.0,-0.8,51.75,208.0,2.2513,-0.0404,LOCK,0,normal
9419,1572944,8138,94206.0,0.0117,-0.0897,-0.78,0.78523,1000.79,1000.0,-0.79,51.75,208.0,2.2525,-0.023,LOCK,0,normal
9420,1572952,8146,94214.0,0.0117,-0.0897,-0.78,0.78523,1000.79,1000.0,-0.79,51.75,208.0,2.2485,-0.0828,LOCK,0,normal
9421,1572961,8155,94223.0,-0.0546,0.0039,-0.7761,0.77803,1000.79,1000.0,-0.79,51.75,208.0,2.249,-0.0761,LOCK,0,normal
9422,1572969,8163,94231.0,0.0624,0.0507,-0.7956,0.79965,1000.78,1000.0,-0.78,51.75,208.0,2.2483,-0.0871,LOCK,0,normal
9423,1572979,8173,94241.0,0.0117,0.0039,-0.6864,0.68651,1000.73,1000.0,-0.73,51.75,208.0,2.2406,-0.2034,LOCK,0,normal
9424,1572989,8183,94251.0,-0.1092,-0.039,-0.7527,0.76158,1000.71,1000.0,-0.71,51.75,208.0,2.2389,-0.2284,LOCK,0,normal
9425,1572999,8193,94261.0,-0.0195,-0.1014,-0.6786,0.68641,1000.7,1000.0,-0.7,51.75,208.0,2.2321,-0.3316,LOCK,0,normal
9426,1573009,8203,94271.0,0.0975,-0.0351,-0.8229,0.8294,1000.7,1000.0,-0.7,51.75,208.0,2.2508,-0.048,LOCK,0,normal
9427,1573019,8213,94281.0,-0.0936,-0.0663,-0.6747,0.68438,1000.7,1000.0,-0.7,51.75,208.0,2.2502,-0.0578,LOCK,0,normal
9428,1573029,8223,94291.0,0.0429,-0.1326,-0.7839,0.79619,1000.65,1000.0,-0.65,51.75,208.0,2.2525,-0.0233,LOCK,0,normal
9429,1573039,8233,94301.0,-0.1248,-0.117,-0.6552,0.67716,1000.61,1000.0,-0.61,51.75,208.0,2.2529,-0.016,LOCK,0,normal
9430,1573049,8243,94311.0,-0.1326,-0.1677,-0.8502,0.87667,1000.6,1000.0,-0.6,51.75,208.0,2.2513,-0.0416,LOCK,0,normal
9431,1573059,8253,94321.0,-0.1014,-0.0702,-0.7878,0.79739,1000.59,1000.0,-0.59,51.75,208.0,2.2509,-0.0474,LOCK,0,normal
9432,1573069,8263,94331.0,0.0585,-0.0663,-0.8034,0.80825,1000.59,1000.0,-0.59,51.75,208.0,2.2514,-0.0395,LOCK,0,normal
9433,1573079,8273,94341.0,-0.0468,0.0429,-0.8346,0.83701,1000.59,1000.0,-0.59,51.75,208.0,2.2387,-0.2315,LOCK,0,normal
9434,1573089,8283,94351.0,0.0624,-0.0039,-0.6786,0.68147,1000.54,1000.0,-0.54,51.75,208.0,2.2329,-0.3194,LOCK,0,normal
9435,1573099,8293,94361.0,-0.1599,-0.0546,-0.7683,0.78666,1000.49,1000.0,-0.49,51.75,208.0,2.2358,-0.2761,LOCK,0,normal
9436,1573109,8303,94371.0,-0.1248,0.0546,-0.7644,0.77644,1000.48,1000.0,-0.48,51.75,208.0,2.2471,-0.1042,LOCK,0,normal
9437,1573119,8313,94381.0,0.0507,-0.0117,-0.8385,0.84011,1000.47,1000.0,-0.47,51.75,208.0,2.25,-0.0599,LOCK,0,normal
9438,1573129,8323,94391.0,-0.0234,-0.0624,-0.8463,0.84892,1000.47,1000.0,-0.47,51.75,208.0,2.2498,-0.0642,LOCK,0,normal
9439,1573144,8338,94406.0,-0.0975,-0.0117,-0.7878,0.7939,1000.47,1000.0,-0.47,51.75,208.0,2.2518,-0.034,LOCK,0,normal
9440,1573152,8346,94414.0,-0.0195,0.1872,-0.9126,0.93181,1000.45,1000.0,-0.45,51.75,208.0,2.2511,-0.0447,LOCK,0,normal
9441,1573161,8355,94423.0,0.0507,0.039,-0.7761,0.77873,1000.44,1000.0,-0.44,51.75,208.0,2.2439,-0.153,LOCK,0,normal
9442,1573169,8363,94431.0,-0.1092,-0.1248,-0.8931,0.90837,1000.42,1000.0,-0.42,51.75,208.0,2.2531,-0.0135,LOCK,0,normal
9443,1573179,8373,94441.0,0.1131,-0.117,-0.7293,0.74723,1000.35,1000.0,-0.35,51.75,208.0,2.2229,-0.4708,LOCK,0,normal
9444,1573189,8383,94451.0,0.0351,-0.0897,-0.9165,0.92155,1000.31,1000.0,-0.31,51.75,208.0,2.242,-0.1817,LOCK,0,normal
9445,1573199,8393,94461.0,0.0351,-0.0897,-0.9165,0.92155,1000.3,1000.0,-0.3,51.75,208.0,2.2186,-0.537,LOCK,0,normal
9446,1573209,8403,94471.0,0.0468,-0.0975,-0.7683,0.77587,1000.23,1000.0,-0.23,51.75,208.0,2.2521,-0.0285,LOCK,0,normal
9447,1573219,8413,94481.0,0.0078,0.234,-0.9243,0.95349,1000.15,1000.0,-0.15,51.75,208.0,2.2514,-0.0401,LOCK,0,normal
9448,1573229,8423,94491.0,-0.039,0.117,-0.7488,0.75889,1000.12,1000.0,-0.12,51.75,208.0,2.2513,-0.0413,LOCK,0,normal
9449,1573239,8433,94501.0,-0.0546,-0.0156,-0.8463,0.8482,1000.12,1000.0,-0.12,51.75,208.0,2.2499,-0.0618,LOCK,0,normal
9450,1573249,8443,94511.0,-0.0429,-0.3822,-0.819,0.90481,1000.11,1000.0,-0.11,51.75,208.0,2.2473,-0.1015,LOCK,0,normal
9451,1573259,8453,94521.0,-0.0858,-0.0468,-0.8775,0.88293,1000.11,1000.0,-0.11,51.75,208.0,2.2504,-0.0544,LOCK,0,normal
9452,1573269,8463,94531.0,0.0,-0.0897,-0.7683,0.77352,1000.07,1000.0,-0.07,51.75,208.0,2.2515,-0.0383,LOCK,0,normal
9453,1573279,8473,94541.0,-0.0273,0.3393,-0.8892,0.95213,1000.02,1000.0,-0.02,51.75,208.0,2.2443,-0.1466,LOCK,0,normal
9454,1573289,8483,94551.0,-0.078,0.1677,-0.7566,0.77888,1000.0,1000.0,0.0,51.75,208.0,2.2277,-0.3988,LOCK,0,normal
9455,1573299,8493,94561.0,-0.1872,0.0039,-0.9438,0.96219,999.99,1000.0,0.01,51.75,208.0,2.239,-0.2275,LOCK,0,normal
9456,1573309,8503,94571.0,0.2028,-0.1365,-0.7215,0.76179,999.99,1000.0,0.01,51.75,208.0,2.242,-0.1823,LOCK,0,normal
9457,1573319,8513,94581.0,-0.0468,-0.0624,-0.9009,0.90427,999.99,1000.0,0.01,51.75,208.0,2.2497,-0.0654,LOCK,0,normal
9458,1573329,8523,94591.0,0.1638,-0.1482,-0.6864,0.72107,999.95,1000.0,0.05,51.75,208.0,2.253,-0.0157,LOCK,0,normal
9459,1573343,8537,94605.0,-0.1911,-0.3978,-0.5109,0.67512,999.87,1000.0,0.13,51.75,208.0,2.2521,-0.0288,LOCK,0,normal
9460,1573352,8546,94614.0,-0.1911,-0.3978,-0.5109,0.67512,999.86,1000.0,0.14,51.75,208.0,2.2518,-0.0328,LOCK,0,normal
9461,1573361,8555,94623.0,-0.0273,0.0429,-0.9009,0.90233,999.86,1000.0,0.14,51.75,208.0,2.2448,-0.139,LOCK,0,normal
9462,1573369,8563,94631.0,-0.0663,-0.2028,-0.6981,0.72998,999.85,1000.0,0.15,51.75,208.0,2.2501,-0.059,LOCK,0,normal
9463,1573379,8573,94641.0,0.039,0.0156,-0.7722,0.77334,999.84,1000.0,0.16,51.75,208.0,2.2502,-0.0575,LOCK,0,normal
9464,1573389,8583,94651.0,-0.0936,-0.0273,-0.8346,0.84028,999.78,1000.0,0.22,51.75,208.0,2.2388,-0.2309,LOCK,0,normal
9465,1573399,8593,94661.0,-0.0273,0.0273,-0.5538,0.55514,999.7,1000.0,0.3,51.75,208.0,2.2375,-0.2507,LOCK,0,normal
9466,1573409,8603,94671.0,-0.1599,-0.1443,-0.7566,0.78666,999.67,1000.0,0.33,51.75,208.0,2.2423,-0.1765,LOCK,0,normal
9467,1573419,8613,94681.0,0.0078,-0.0741,-0.7683,0.7719,999.67,1000.0,0.33,51.75,208.0,2.2502,-0.0581,LOCK,0,normal
9468,1573429,8623,94691.0,0.1833,-0.078,-0.7995,0.82394,999.66,1000.0,0.34,51.75,208.0,2.2507,-0.0505,LOCK,0,normal
9469,1573439,8633,94701.0,-0.0117,-0.1014,-0.8151,0.82147,999.66,1000.0,0.34,51.75,208.0,2.2502,-0.0569,LOCK,0,normal
9470,1573449,8643,94711.0,-0.0078,-0.0702,-0.7293,0.73271,999.64,1000.0,0.36,51.75,208.0,2.2508,-0.049,LOCK,0,normal
9471,1573459,8653,94721.0,-0.0702,-0.0156,-0.7371,0.7406,999.61,1000.0,0.39,51.75,208.0,2.2507,-0.0502,LOCK,0,normal
9472,1573469,8663,94731.0,-0.0468,0.0234,-0.8307,0.83235,999.59,1000.0,0.41,51.75,208.0,2.2502,-0.0572,LOCK,0,normal
9473,1573479,8673,94741.0,-0.0078,-0.0273,-0.8112,0.8117,999.59,1000.0,0.41,51.75,208.0,2.2464,-0.1158,LOCK,0,normal
9474,1573489,8683,94751.0,-0.0312,0.0078,-0.7956,0.79625,999.59,1000.0,0.41,51.75,208.0,2.2343,-0.299,LOCK,0,normal
9475,1573499,8693,94761.0,-0.0273,-0.078,-0.7527,0.75722,999.59,1000.0,0.41,51.75,208.0,2.2291,-0.3777,LOCK,0,normal
9476,1573509,8703,94771.0,0.078,-0.0156,-0.897,0.90052,999.56,1000.0,0.44,51.75,208.0,2.2483,-0.0871,LOCK,0,normal
9477,1573519,8713,94781.0,-0.0663,-0.1209,-0.7332,0.74605,999.52,1000.0,0.48,51.75,208.0,2.2524,-0.0248,LOCK,0,normal
9478,1573529,8723,94791.0,-0.0702,-0.0468,-0.9477,0.95145,999.5,1000.0,0.5,51.75,208.0,2.2514,-0.0401,LOCK,0,normal
9479,1573544,8738,94806.0,0.0741,-0.234,-0.7488,0.788,999.49,1000.0,0.51,51.75,208.0,2.2531,-0.0132,LOCK,0,normal
9480,1573552,8746,94814.0,0.0624,-0.0546,-0.936,0.93967,999.49,1000.0,0.51,51.75,208.0,2.2482,-0.088,LOCK,0,normal
9481,1573561,8755,94823.0,-0.0897,0.0312,-0.6903,0.6968,999.49,1000.0,0.51,51.75,208.0,2.2493,-0.0709,LOCK,0,normal
9482,1573569,8763,94831.0,0.0078,0.1248,-0.7917,0.80151,999.48,1000.0,0.52,51.75,208.0,2.2501,-0.0584,LOCK,0,normal
9483,1573579,8773,94841.0,-0.0312,0.0624,-0.8229,0.82585,999.41,1000.0,0.59,51.75,208.0,2.2517,-0.0349,LOCK,0,normal
9484,1573589,8783,94851.0,-0.0429,-0.1599,-0.8073,0.8241,999.37,1000.0,0.63,51.75,208.0,2.2385,-0.2342,LOCK,0,normal
9485,1573599,8793,94861.0,-0.0078,-0.1911,-0.819,0.84104,999.36,1000.0,0.64,51.75,208.0,2.2348,-0.2913,LOCK,0,normal
9486,1573609,8803,94871.0,-0.0078,-0.1911,-0.819,0.84104,999.36,1000.0,0.64,51.75,208.0,2.2369,-0.2587,LOCK,0,normal
9487,1573619,8813,94881.0,0.0351,-0.1092,-0.7254,0.73441,999.36,1000.0,0.64,51.75,208.0,2.2518,-0.0337,LOCK,0,normal
9488,1573629,8823,94891.0,-0.0273,-0.0897,-0.7995,0.80498,999.35,1000.0,0.65,51.75,208.0,2.254,-0.0004,LOCK,0,normal
9489,1573639,8833,94901.0,-0.1053,0.3978,-0.7995,0.89918,999.28,1000.0,0.72,51.75,208.0,2.2509,-0.0471,LOCK,0,normal
9490,1573649,8843,94911.0,-0.0741,0.117,-0.78,0.7922,999.26,1000.0,0.74,51.75,208.0,2.2512,-0.0419,LOCK,0,normal
9491,1573659,8853,94921.0,-0.117,-0.0624,-0.8853,0.89518,999.26,1000.0,0.74,51.75,208.0,2.249,-0.0752,LOCK,0,normal
9492,1573669,8863,94931.0,0.0741,0.0039,-0.7254,0.72919,999.26,1000.0,0.74,51.75,208.0,2.2496,-0.066,LOCK,0,normal
9493,1573679,8873,94941.0,-0.0585,-0.0507,-0.9009,0.90422,999.26,1000.0,0.74,51.75,208.0,2.2495,-0.0679,LOCK,0,normal
9494,1573689,8883,94951.0,0.0156,0.0078,-0.6864,0.68662,999.25,1000.0,0.75,51.75,208.0,2.2231,-0.4687,LOCK,0,normal
9495,1573699,8893,94961.0,0.0351,0.3081,-0.8385,0.894,999.18,1000.0,0.82,51.75,208.0,2.2398,-0.2147,LOCK,0,normal
9496,1573709,8903,94971.0,-0.1365,0.2067,-0.6864,0.72973,999.16,1000.0,0.84,51.75,208.0,2.2322,-0.3307,LOCK,0,normal
9497,1573719,8913,94981.0,-0.0585,0.0507,-0.8385,0.84207,999.15,1000.0,0.85,51.75,208.0,2.2487,-0.081,LOCK,0,normal
9498,1573729,8923,94991.0,0.1365,-0.1989,-0.8034,0.83884,999.15,1000.0,0.85,51.75,208.0,2.2493,-0.0715,LOCK,0,normal
9499,1573744,8938,95006.0,-0.0312,-0.1404,-0.819,0.83153,999.15,1000.0,0.85,51.75,208.0,2.2495,-0.0685,LOCK,0,normal
9500,1573752,8946,95014.0,-0.0312,-0.1404,-0.819,0.83153,999.15,1000.0,0.85,51.75,208.0,2.2518,-0.034,LOCK,0,normal
9501,1573761,8955,95023.0,0.0741,0.0975,-0.6591,0.67038,999.15,1000.0,0.85,51.75,208.0,2.2502,-0.0572,LOCK,0,normal
9502,1573769,8963,95031.0,-0.234,-0.312,-0.7488,0.84428,999.14,1000.0,0.86,51.75,208.0,2.2441,-0.1506,LOCK,0,normal
9503,1573779,8973,95041.0,-0.0156,-0.0702,-0.78,0.78331,999.13,1000.0,0.87,51.75,208.0,2.2503,-0.056,LOCK,0,normal
9504,1573789,8983,95051.0,0.0624,-0.0546,-0.7566,0.76113,999.12,1000.0,0.88,51.75,208.0,2.2507,-0.0499,LOCK,0,normal
9505,1573799,8993,95061.0,-0.1014,-0.0507,-0.7566,0.76505,999.12,1000.0,0.88,51.75,208.0,2.2309,-0.3499,LOCK,0,normal
9506,1573809,9003,95071.0,0.0546,-0.117,-0.7371,0.74832,999.12,1000.0,0.88,51.75,208.0,2.2293,-0.3747,LOCK,0,normal
9507,1573819,9013,95081.0,-0.1326,0.0585,-0.8034,0.81637,999.12,1000.0,0.88,51.75,208.0,2.2446,-0.1424,LOCK,0,normal
9508,1573829,9023,95091.0,-0.0858,-0.3042,-0.6123,0.68906,999.12,1000.0,0.88,51.75,208.0,2.251,-0.0462,LOCK,0,normal
9509,1573839,9033,95101.0,0.0312,0.2106,-0.9165,0.9409,999.12,1000.0,0.88,51.75,208.0,2.2493,-0.0715,LOCK,0,normal
9510,1573849,9043,95111.0,0.0507,-0.1638,-0.702,0.72264,999.12,1000.0,0.88,51.75,208.0,2.2514,-0.0392,LOCK,0,normal
9511,1573859,9053,95121.0,-0.0663,-0.0078,-0.7839,0.78674,999.12,1000.0,0.88,51.75,208.0,2.2522,-0.0267,LOCK,0,normal
9512,1573869,9063,95131.0,-0.0117,-0.0117,-0.7605,0.76068,999.13,1000.0,0.87,51.75,208.0,2.2485,-0.0831,LOCK,0,normal
9513,1573879,9073,95141.0,-0.0858,-0.1248,-0.6084,0.62697,999.19,1000.0,0.81,51.75,208.0,2.2512,-0.0432,LOCK,0,normal
9514,1573889,9083,95151.0,-0.0429,-0.039,-0.9321,0.9339,999.21,1000.0,0.79,51.75,208.0,2.2511,-0.0438,LOCK,0,normal
9515,1573899,9093,95161.0,-0.0117,-0.1443,-0.7488,0.76267,999.21,1000.0,0.79,51.75,208.0,2.2406,-0.2028,LOCK,0,normal
9516,1573909,9103,95171.0,-0.0507,-0.1365,-0.9789,0.98967,999.22,1000.0,0.78,51.75,208.0,2.2255,-0.4314,LOCK,0,normal
9517,1573919,9113,95181.0,-0.1209,-0.0897,-0.6903,0.70652,999.22,1000.0,0.78,51.75,208.0,2.2395,-0.219,LOCK,0,normal
9518,1573929,9123,95191.0,0.2106,0.0351,-0.8034,0.83129,999.22,1000.0,0.78,51.75,208.0,2.2541,0.0014,LOCK,0,normal
9519,1573944,9138,95206.0,-0.0156,-0.1209,-0.7137,0.72404,999.3,1000.0,0.7,51.75,208.0,2.2518,-0.0337,LOCK,0,normal
9520,1573952,9146,95214.0,-0.1599,0.0858,-0.9321,0.9496,999.31,1000.0,0.69,51.75,208.0,2.2499,-0.0627,LOCK,0,normal
9521,1573961,9155,95223.0,0.0585,-0.0819,-0.8268,0.8329,999.31,1000.0,0.69,51.75,208.0,2.2489,-0.0779,LOCK,0,normal
9522,1573969,9163,95231.0,0.039,-0.0468,-0.8424,0.8446,999.31,1000.0,0.69,51.75,208.0,2.2503,-0.0557,LOCK,0,normal
9523,1573979,9173,95241.0,-0.0585,-0.0663,-0.7722,0.77725,999.33,1000.0,0.67,51.75,208.0,2.249,-0.0755,LOCK,0,normal
9524,1573989,9183,95251.0,-0.0624,0.2769,-0.8619,0.90744,999.35,1000.0,0.65,51.75,208.0,2.2522,-0.027,LOCK,0,normal
9525,1573999,9193,95261.0,-0.0234,0.0936,-0.8034,0.80917,999.42,1000.0,0.58,51.75,208.0,2.2312,-0.346,LOCK,0,normal
9526,1574009,9203,95271.0,-0.0234,0.0936,-0.8034,0.80917,999.44,1000.0,0.56,51.75,208.0,2.2306,-0.3551,LOCK,0,normal
9527,1574019,9213,95281.0,-0.0429,-0.0468,-0.8619,0.86424,999.44,1000.0,0.56,51.75,208.0,2.2305,-0.3563,LOCK,0,normal
9528,1574029,9223,95291.0,-0.1092,-0.1482,-0.8229,0.84324,999.44,1000.0,0.56,51.75,208.0,2.2521,-0.0294,LOCK,0,normal
9529,1574039,9233,95301.0,-0.0858,-0.1716,-0.7566,0.78055,999.44,1000.0,0.56,51.75,208.0,2.2525,-0.0233,LOCK,0,normal
9530,1574049,9243,95311.0,0.0546,0.0312,-0.8229,0.8253,999.45,1000.0,0.55,51.75,208.0,2.2529,-0.016,LOCK,0,normal
9531,1574059,9253,95321.0,-0.117,0.2418,-0.7722,0.81759,999.53,1000.0,0.47,51.75,208.0,2.2526,-0.0209,LOCK,0,normal
9532,1574069,9263,95331.0,-0.0897,0.1404,-0.7761,0.79378,999.55,1000.0,0.45,51.75,208.0,2.2506,-0.0511,LOCK,0,normal
9533,1574079,9273,95341.0,-0.0975,0.1092,-0.819,0.83198,999.55,1000.0,0.45,51.75,208.0,2.2492,-0.0731,LOCK,0,normal
9534,1574089,9283,95351.0,0.0468,-0.1989,-0.8034,0.82898,999.55,1000.0,0.45,51.75,208.0,2.249,-0.0764,LOCK,0,normal
9535,1574099,9293,95361.0,0.0351,0.0,-0.8814,0.8821,999.55,1000.0,0.45,51.75,208.0,2.2317,-0.3377,LOCK,0,normal
9536,1574109,9303,95371.0,-0.039,-0.1677,-0.6981,0.71902,999.58,1000.0,0.42,51.75,208.0,2.2493,-0.0718,LOCK,0,normal
9537,1574119,9313,95381.0,0.1092,0.3354,-0.7644,0.84186,999.68,1000.0,0.32,51.75,208.0,2.2392,-0.2236,LOCK,0,normal
9538,1574129,9323,95391.0,-0.1287,0.1911,-0.7722,0.80584,999.7,1000.0,0.3,51.75,208.0,2.2528,-0.0187,LOCK,0,normal
9539,1574144,9338,95406.0,0.1599,-0.0429,-0.7761,0.79356,999.7,1000.0,0.3,51.75,208.0,2.2524,-0.0236,LOCK,0,normal
9540,1574152,9346,95414.0,0.1599,-0.0429,-0.7761,0.79356,999.7,1000.0,0.3,51.75,208.0,2.244,-0.1509,LOCK,0,normal
9541,1574161,9355,95423.0,-0.0702,-0.0585,-0.7722,0.77759,999.7,1000.0,0.3,51.75,208.0,2.2491,-0.0737,LOCK,0,normal
9542,1574169,9363,95431.0,0.078,-0.0039,-0.7293,0.73347,999.71,1000.0,0.29,51.75,208.0,2.2512,-0.0432,LOCK,0,normal
9543,1574179,9373,95441.0,-0.1287,0.1092,-0.7995,0.81712,999.74,1000.0,0.26,51.75,208.0,2.2508,-0.0486,LOCK,0,normal
9544,1574189,9383,95451.0,-0.2574,-0.2886,-0.585,0.70126,999.76,1000.0,0.24,51.75,208.0,2.2519,-0.0322,LOCK,0,normal
9545,1574199,9393,95461.0,0.078,-0.0663,-0.9048,0.91057,999.76,1000.0,0.24,51.75,208.0,2.2424,-0.1759,LOCK,0,normal
9546,1574209,9403,95471.0,0.0039,-0.0858,-0.7371,0.74209,999.76,1000.0,0.24,51.75,208.0,2.2318,-0.3368,LOCK,0,normal
9547,1574219,9413,95481.0,0.0,-0.0936,-0.7722,0.77785,999.76,1000.0,0.24,51.75,208.0,2.236,-0.2727,LOCK,0,normal
9548,1574229,9423,95491.0,-0.0117,-0.0819,-0.8112,0.81541,999.77,1000.0,0.23,51.75,208.0,2.2443,-0.1469,LOCK,0,normal
9549,1574239,9433,95501.0,-0.0858,-0.1833,-0.5421,0.57865,999.8,1000.0,0.2,51.75,208.0,2.2517,-0.0346,LOCK,0,normal
9550,1574249,9443,95511.0,-0.0117,-0.0741,-0.8463,0.84962,999.82,1000.0,0.18,51.75,208.0,2.2511,-0.0435,LOCK,0,normal
9551,1574259,9453,95521.0,-0.0819,0.1053,-0.7254,0.73756,999.82,1000.0,0.18,51.75,208.0,2.2464,-0.1152,LOCK,0,normal
9552,1574269,9463,95531.0,0.0897,-0.117,-0.7722,0.78615,999.82,1000.0,0.18,51.75,208.0,2.2492,-0.0725,LOCK,0,normal
9553,1574279,9473,95541.0,-0.0234,-0.0351,-0.7722,0.77335,999.82,1000.0,0.18,51.75,208.0,2.2499,-0.0624,LOCK,0,normal
9554,1574289,9483,95551.0,0.0156,-0.039,-0.7527,0.75387,999.85,1000.0,0.15,51.75,208.0,2.2532,-0.0126,LOCK,0,normal
9555,1574299,9493,95561.0,-0.1209,-0.0039,-0.7488,0.75851,999.96,1000.0,0.04,51.75,208.0,2.2517,-0.0346,LOCK,0,normal
9556,1574309,9503,95571.0,-0.1248,-0.0234,-0.9321,0.94071,999.99,1000.0,0.01,51.75,208.0,2.225,-0.4388,LOCK,0,normal
9557,1574319,9513,95581.0,0.0351,-0.1404,-0.7566,0.77032,1000.0,1000.0,0.0,51.75,208.0,2.2239,-0.4562,LOCK,0,normal
9558,1574329,9523,95591.0,0.0078,-0.0234,-0.9126,0.91293,1000.0,1000.0,-0.0,51.75,208.0,2.2329,-0.3194,LOCK,0,normal
9559,1574343,9537,95605.0,-0.0741,-0.0624,-0.7059,0.71252,1000.0,1000.0,-0.0,51.75,208.0,2.2494,-0.07,LOCK,0,normal
9560,1574352,9546,95614.0,0.0117,0.1248,-0.8619,0.87097,1000.02,1000.0,-0.02,51.75,208.0,2.255,0.0145,LOCK,0,normal
9561,1574360,9554,95622.0,-0.0195,-0.0117,-0.8307,0.83101,1000.03,1000.0,-0.03,51.75,208.0,2.25,-0.0606,LOCK,0,normal
9562,1574369,9563,95631.0,-0.0858,-0.0897,-0.8658,0.87465,1000.05,1000.0,-0.05,51.75,208.0,2.2501,-0.059,LOCK,0,normal
9563,1574379,9573,95641.0,0.1131,0.0351,-0.7566,0.76581,1000.12,1000.0,-0.12,51.75,208.0,2.2513,-0.0413,LOCK,0,normal
9564,1574389,9583,95651.0,-0.0078,-0.1638,-0.7527,0.77036,1000.16,1000.0,-0.16,51.75,208.0,2.2498,-0.0639,LOCK,0,normal
9565,1574399,9593,95661.0,0.0078,0.0234,-0.7683,0.7687,1000.17,1000.0,-0.17,51.75,208.0,2.2509,-0.0474,LOCK,0,normal
9566,1574409,9603,95671.0,0.0078,0.0234,-0.7683,0.7687,1000.22,1000.0,-0.22,51.75,208.0,2.2333,-0.3133,LOCK,0,normal
9567,1574419,9613,95681.0,-0.0858,0.2496,-0.936,0.9725,1000.29,1000.0,-0.29,51.75,208.0,2.2243,-0.4504,LOCK,0,normal
9568,1574429,9623,95691.0,-0.0624,0.0117,-0.7254,0.72817,1000.31,1000.0,-0.31,51.75,208.0,2.2404,-0.2068,LOCK,0,normal
9569,1574439,9633,95701.0,-0.0897,0.0039,-0.819,0.82391,1000.32,1000.0,-0.32,51.75,208.0,2.2495,-0.0682,LOCK,0,normal
9570,1574449,9643,95711.0,-0.078,-0.1638,-0.7917,0.81222,1000.32,1000.0,-0.32,51.75,208.0,2.2512,-0.0419,LOCK,0,normal
9571,1574459,9653,95721.0,0.0,-0.1092,-0.8034,0.81079,1000.32,1000.0,-0.32,51.75,208.0,2.2524,-0.0242,LOCK,0,normal
9572,1574469,9663,95731.0,0.0156,0.0234,-0.8541,0.85456,1000.38,1000.0,-0.38,51.75,208.0,2.2539,-0.0019,LOCK,0,normal
9573,1574479,9673,95741.0,-0.0117,0.3588,-0.6942,0.78153,1000.47,1000.0,-0.47,51.75,208.0,2.2537,-0.0047,LOCK,0,normal
9574,1574489,9683,95751.0,-0.1248,0.1833,-0.8034,0.83344,1000.49,1000.0,-0.49,51.75,208.0,2.2513,-0.0416,LOCK,0,normal
9575,1574499,9693,95761.0,-0.1638,0.1599,-0.9204,0.94844,1000.5,1000.0,-0.5,51.75,208.0,2.2495,-0.0682,LOCK,0,normal
9576,1574509,9703,95771.0,0.1716,-0.2028,-0.7059,0.75423,1000.5,1000.0,-0.5,51.75,208.0,2.2446,-0.1421,LOCK,0,normal
9577,1574519,9713,95781.0,-0.0156,-0.1209,-0.8697,0.8782,1000.5,1000.0,-0.5,51.75,208.0,2.23,-0.3631,LOCK,0,normal
9578,1574529,9723,95791.0,0.1014,-0.0702,-0.6357,0.64755,1000.53,1000.0,-0.53,51.75,208.0,2.2401,-0.2107,LOCK,0,normal
9579,1574544,9738,95806.0,-0.2184,-0.2769,-0.6669,0.75441,1000.58,1000.0,-0.58,51.75,208.0,2.2526,-0.0206,LOCK,0,normal
9580,1574552,9746,95814.0,-0.2184,-0.2769,-0.6669,0.75441,1000.58,1000.0,-0.58,51.75,208.0,2.2506,-0.052,LOCK,0,normal
9581,1574561,9755,95823.0,-0.0351,-0.0936,-0.8775,0.88318,1000.58,1000.0,-0.58,51.75,208.0,2.2507,-0.0496,LOCK,0,normal
9582,1574569,9763,95831.0,0.0351,-0.0468,-0.7956,0.79775,1000.58,1000.0,-0.58,51.75,208.0,2.2499,-0.0621,LOCK,0,normal
9583,1574579,9773,95841.0,-0.0585,-0.0351,-0.7293,0.73248,1000.59,1000.0,-0.59,51.75,208.0,2.2494,-0.0703,LOCK,0,normal
9584,1574589,9783,95851.0,-0.1053,-0.156,-0.7683,0.79102,1000.63,1000.0,-0.63,51.75,208.0,2.2508,-0.0477,LOCK,0,normal
9585,1574599,9793,95861.0,-0.0117,0.0039,-0.6084,0.60852,1000.69,1000.0,-0.69,51.75,208.0,2.2523,-0.0264,LOCK,0,normal
9586,1574609,9803,95871.0,-0.1482,-0.2145,-0.7605,0.80395,1000.7,1000.0,-0.7,51.75,208.0,2.2258,-0.4269,LOCK,0,normal
9587,1574619,9813,95881.0,0.0195,-0.039,-0.7722,0.77343,1000.71,1000.0,-0.71,51.75,208.0,2.2315,-0.3405,LOCK,0,normal
9588,1574629,9823,95891.0,0.1482,-0.1053,-0.7917,0.81231,1000.71,1000.0,-0.71,51.75,208.0,2.2322,-0.331,LOCK,0,normal
9589,1574639,9833,95901.0,0.0546,-0.0117,-0.8229,0.82479,1000.71,1000.0,-0.71,51.75,208.0,2.2446,-0.1421,LOCK,0,normal
9590,1574649,9843,95911.0,-0.0312,-0.0819,-0.6864,0.69197,1000.73,1000.0,-0.73,51.75,208.0,2.2525,-0.0233,LOCK,0,normal
9591,1574659,9853,95921.0,-0.0273,0.0351,-0.7527,0.75401,1000.76,1000.0,-0.76,51.75,208.0,2.2481,-0.0892,LOCK,0,normal
9592,1574669,9863,95931.0,-0.1014,-0.1326,-0.8541,0.87026,1000.77,1000.0,-0.77,51.75,208.0,2.2504,-0.0551,LOCK,0,normal
9593,1574679,9873,95941.0,0.0312,-0.0741,-0.8073,0.81129,1000.77,1000.0,-0.77,51.75,208.0,2.2514,-0.0398,LOCK,0,normal
9594,1574689,9883,95951.0,-0.1014,-0.0429,-0.8853,0.89212,1000.78,1000.0,-0.78,51.75,208.0,2.2479,-0.0923,LOCK,0,normal
9595,1574699,9893,95961.0,-0.1131,-0.0234,-0.6786,0.68836,1000.78,1000.0,-0.78,51.75,208.0,2.2499,-0.0624,LOCK,0,normal
9596,1574709,9903,95971.0,0.0819,0.1014,-0.8307,0.84086,1000.82,1000.0,-0.82,51.75,208.0,2.2525,-0.023,LOCK,0,normal
9597,1574719,9913,95981.0,-0.039,-0.0039,-0.7722,0.77319,1000.86,1000.0,-0.86,51.75,208.0,2.2397,-0.2165,LOCK,0,normal
9598,1574729,9923,95991.0,-0.1716,-0.1443,-0.8658,0.89436,1000.87,1000.0,-0.87,51.75,208.0,2.2438,-0.1546,LOCK,0,normal
