sample_index,time_ms_raw,time_ms_zero,elapsed_ms,ax_g,ay_g,az_g,total_g,rpm,target_rpm,rpm_error,pwm_eq,duty_10bit,acs_v,current_a,control_mode,state,fault_type
0,3034259,0,13,0.08580,-0.14820,-0.82290,0.84053,1003.14,1000,-3.14,50.25,202,2.2447,-0.1411,LOCK,0,normal
1,3034267,8,21,0.08190,0.01950,-0.68250,0.68767,1003.14,1000,-3.14,50.25,202,2.2384,-0.2364,LOCK,0,normal
2,3034277,18,31,-0.00780,0.14820,-0.77220,0.78633,1003.09,1000,-3.09,50.25,202,2.2556,0.0237,LOCK,0,normal
3,3034287,28,41,-0.10920,0.23790,-0.71760,0.76385,1003.07,1000,-3.07,50.25,202,2.2507,-0.0502,LOCK,0,normal
4,3034348,89,102,-0.21450,0.10530,-0.60450,0.65001,1003.07,1000,-3.07,50.25,202,2.2613,0.1107,LOCK,0,normal
5,3034356,97,110,-0.39000,-0.02340,-0.86970,0.95343,1003.07,1000,-3.07,50.25,202,2.2420,-0.1814,LOCK,0,normal
6,3034365,106,119,-0.05460,0.08580,-0.71370,0.72091,1003.08,1000,-3.08,50.25,202,2.2523,-0.0261,LOCK,0,normal
7,3034373,114,127,-0.05460,0.08580,-0.71370,0.72091,1003.08,1000,-3.08,50.25,202,2.2564,0.0359,LOCK,0,normal
8,3034382,123,136,-0.07800,-0.06240,-0.84630,0.85217,1003.08,1000,-3.08,50.25,202,2.2468,-0.1094,LOCK,0,normal
9,3034392,133,146,0.14430,-0.14430,-0.85410,0.87814,1003.08,1000,-3.08,50.25,202,2.2577,0.0561,LOCK,0,normal
10,3034401,142,155,-0.09360,0.18720,-0.78390,0.81136,1003.07,1000,-3.07,50.25,202,2.2562,0.0341,LOCK,0,normal
11,3034409,150,163,-0.32760,0.06630,-0.71370,0.78809,1003.06,1000,-3.06,50.25,202,2.2543,0.0048,LOCK,0,normal
12,3034418,159,172,-0.21450,-0.02730,-0.84240,0.86971,1003.06,1000,-3.06,50.25,202,2.2476,-0.0969,LOCK,0,normal
13,3034426,167,180,-0.21450,-0.02730,-0.84240,0.86971,1003.05,1000,-3.05,50.25,202,2.2405,-0.2040,LOCK,0,normal
14,3034435,176,189,0.01950,0.03510,-0.81900,0.81998,1003.05,1000,-3.05,50.25,202,2.2456,-0.1268,LOCK,0,normal
15,3034446,187,200,0.08190,0.08970,-0.98280,0.99028,1003.04,1000,-3.04,50.25,202,2.2615,0.1131,LOCK,0,normal
16,3034455,196,209,0.17940,-0.01560,-0.74880,0.77015,1003.04,1000,-3.04,50.25,202,2.2598,0.0878,LOCK,0,normal
17,3034463,204,217,-0.13650,0.07800,-0.82680,0.84161,1003.03,1000,-3.03,50.25,202,2.2364,-0.2669,LOCK,0,normal
18,3034472,213,226,-0.17550,0.15600,-0.70200,0.74023,1003.02,1000,-3.02,50.25,202,2.2403,-0.2074,LOCK,0,normal
19,3034480,221,234,-0.27300,-0.37050,-0.95550,1.06056,1003.02,1000,-3.02,50.25,202,2.2562,0.0329,LOCK,0,normal
20,3034488,229,242,0.01170,-0.10140,-0.76830,0.77505,1003.01,1000,-3.01,50.25,202,2.2515,-0.0373,LOCK,0,normal
21,3034497,238,251,0.01170,-0.10140,-0.76830,0.77505,1003.01,1000,-3.01,50.25,202,2.2599,0.0896,LOCK,0,normal
22,3034505,246,259,0.02730,0.14040,-0.96330,0.97386,1003.00,1000,-3.00,50.25,202,2.2515,-0.0373,LOCK,0,normal
23,3034514,255,268,0.17940,0.01560,-0.73710,0.75878,1002.99,1000,-2.99,50.25,202,2.2492,-0.0734,LOCK,0,normal
24,3034522,263,276,-0.14040,0.20280,-0.68250,0.72570,1002.99,1000,-2.99,50.25,202,2.2404,-0.2059,LOCK,0,normal
25,3034531,272,285,-0.30030,0.02340,-0.77610,0.83250,1002.98,1000,-2.98,50.25,202,2.2374,-0.2522,LOCK,0,normal
26,3034553,294,307,-0.04290,-0.08580,-0.86580,0.87110,1002.97,1000,-2.97,50.25,202,2.2630,0.1357,LOCK,0,normal
27,3034562,303,316,0.08970,0.30030,-0.69810,0.76523,1002.97,1000,-2.97,50.25,202,2.2319,-0.3347,LOCK,0,normal
28,3034570,311,324,0.09360,0.14820,-0.79560,0.81468,1002.96,1000,-2.96,50.25,202,2.2653,0.1717,LOCK,0,normal
29,3034579,320,333,0.09360,0.14820,-0.79560,0.81468,1002.95,1000,-2.95,50.25,202,2.2424,-0.1750,LOCK,0,normal
30,3034597,338,351,-0.30030,0.08580,-0.75270,0.81492,1002.94,1000,-2.94,50.25,202,2.2634,0.1427,LOCK,0,normal
31,3034606,347,360,-0.03120,0.02340,-0.79560,0.79656,1002.93,1000,-2.93,50.25,202,2.2592,0.0783,LOCK,0,normal
32,3034614,355,368,-0.12870,-0.07800,-0.79170,0.80588,1002.92,1000,-2.92,50.25,202,2.2548,0.0127,LOCK,0,normal
33,3034623,364,377,0.07800,-0.04680,-0.69420,0.70013,1002.92,1000,-2.92,50.25,202,2.2393,-0.2229,LOCK,0,normal
34,3034631,372,385,0.07800,-0.04680,-0.69420,0.70013,1002.91,1000,-2.91,50.25,202,2.2236,-0.4604,LOCK,0,normal
35,3034640,381,394,0.01560,0.11310,-0.70200,0.71122,1002.90,1000,-2.90,50.25,202,2.2568,0.0417,LOCK,0,normal
36,3034651,392,405,-0.18330,0.19110,-0.70200,0.75028,1002.88,1000,-2.88,50.25,202,2.2687,0.2233,LOCK,0,normal
37,3034660,401,414,-0.23790,-0.07020,-0.82680,0.86320,1002.87,1000,-2.87,50.25,202,2.2576,0.0545,LOCK,0,normal
38,3034669,410,423,-0.06240,-0.05850,-0.81120,0.81570,1002.86,1000,-2.86,50.25,202,2.2320,-0.3334,LOCK,0,normal
39,3034677,418,431,-0.05070,-0.19500,-0.88530,0.90794,1002.85,1000,-2.85,50.25,202,2.2569,0.0445,LOCK,0,normal
40,3034685,426,439,0.14820,-0.11700,-0.78000,0.80253,1002.84,1000,-2.84,50.25,202,2.2588,0.0728,LOCK,0,normal
41,3034694,435,448,-0.08580,0.14430,-0.81900,0.83603,1002.81,1000,-2.81,50.25,202,2.2491,-0.0746,LOCK,0,normal
42,3034702,443,456,-0.08580,0.14430,-0.81900,0.83603,1002.79,1000,-2.79,50.25,202,2.2622,0.1247,LOCK,0,normal
43,3034711,452,465,-0.18720,0.15210,-0.65520,0.69819,1002.77,1000,-2.77,50.25,202,2.2334,-0.3115,LOCK,0,normal
44,3034719,460,473,-0.33150,-0.12480,-0.88140,0.94991,1002.75,1000,-2.75,50.25,202,2.2536,-0.0062,LOCK,0,normal
45,3034728,469,482,-0.00780,0.18330,-0.74880,0.77095,1002.73,1000,-2.73,50.25,202,2.2347,-0.2919,LOCK,0,normal
46,3034736,477,490,-0.14430,-0.04290,-0.93210,0.94418,1002.71,1000,-2.71,50.25,202,2.2478,-0.0935,LOCK,0,normal
47,3034804,545,558,0.07020,0.12480,-0.91650,0.92762,1002.70,1000,-2.70,50.25,202,2.2719,0.2706,LOCK,0,normal
48,3034812,553,566,0.17160,-0.20280,-0.74490,0.79085,1002.68,1000,-2.68,50.25,202,2.2601,0.0921,LOCK,0,normal
49,3034821,562,575,-0.08970,0.17550,-0.79170,0.81586,1002.66,1000,-2.66,50.25,202,2.2569,0.0445,LOCK,0,normal
50,3034829,570,583,-0.17550,0.00390,-0.69810,0.71983,1002.64,1000,-2.64,50.25,202,2.2424,-0.1762,LOCK,0,normal
51,3034837,578,591,-0.28470,-0.28860,-0.88140,0.97016,1002.62,1000,-2.62,50.25,202,2.2546,0.0097,LOCK,0,normal
52,3034849,590,603,0.05850,-0.01950,-0.70200,0.70470,1002.61,1000,-2.61,50.25,202,2.2524,-0.0236,LOCK,0,normal
53,3034900,641,654,-0.04680,-0.12090,-0.84630,0.85617,1002.60,1000,-2.60,50.25,202,2.2628,0.1333,LOCK,0,normal
54,3034909,650,663,-0.03510,-0.15210,-0.87360,0.88744,1002.58,1000,-2.58,50.25,202,2.2633,0.1409,LOCK,0,normal
55,3034917,658,671,-0.03510,-0.15210,-0.87360,0.88744,1002.57,1000,-2.57,50.25,202,2.2286,-0.3850,LOCK,0,normal
56,3034926,667,680,0.14820,0.32760,-0.78000,0.85889,1002.56,1000,-2.56,50.25,202,2.2454,-0.1305,LOCK,0,normal
57,3034934,675,688,0.15600,0.12870,-0.85800,0.88151,1002.54,1000,-2.54,50.25,202,2.2495,-0.0679,LOCK,0,normal
58,3034943,684,697,-0.06630,0.21450,-0.66300,0.69998,1002.52,1000,-2.52,50.25,202,2.2377,-0.2468,LOCK,0,normal
59,3034957,698,711,-0.30810,0.04680,-0.78390,0.84357,1002.51,1000,-2.51,50.25,202,2.2626,0.1296,LOCK,0,normal
60,3034966,707,720,-0.07800,-0.02730,-0.78780,0.79212,1002.50,1000,-2.50,50.25,202,2.2654,0.1721,LOCK,0,normal
61,3034974,715,728,0.05460,-0.19110,-0.85800,0.88072,1002.48,1000,-2.48,50.25,202,2.2261,-0.4223,LOCK,0,normal
62,3034982,723,736,0.04290,0.12090,-0.71370,0.72514,1002.47,1000,-2.47,50.25,202,2.2484,-0.0850,LOCK,0,normal
63,3034991,732,745,0.02730,0.06240,-0.70980,0.71306,1002.46,1000,-2.46,50.25,202,2.2446,-0.1421,LOCK,0,normal
64,3035004,745,758,-0.17940,0.13650,-0.72150,0.75590,1002.46,1000,-2.46,50.25,202,2.2400,-0.2126,LOCK,0,normal
65,3035061,802,815,-0.13650,0.08970,-0.76440,0.78166,1002.43,1000,-2.43,50.25,202,2.2615,0.1131,LOCK,0,normal
66,3035069,810,823,-0.21840,0.17550,-0.63960,0.69827,1002.40,1000,-2.40,50.25,202,2.2575,0.0527,LOCK,0,normal
67,3035078,819,832,-0.33150,-0.21840,-0.95940,1.03829,1002.38,1000,-2.38,50.25,202,2.2246,-0.4461,LOCK,0,normal
68,3035086,827,840,-0.01950,0.04290,-0.72150,0.72304,1002.36,1000,-2.36,50.25,202,2.2377,-0.2468,LOCK,0,normal
69,3035094,835,848,-0.14430,-0.09360,-0.94770,0.96318,1002.34,1000,-2.34,50.25,202,2.2340,-0.3029,LOCK,0,normal
70,3035103,844,857,-0.14430,-0.09360,-0.94770,0.96318,1002.33,1000,-2.33,50.25,202,2.2562,0.0332,LOCK,0,normal
71,3035111,852,865,0.10920,0.01950,-0.81510,0.82261,1002.33,1000,-2.33,50.25,202,2.2613,0.1110,LOCK,0,normal
72,3035120,861,874,-0.08580,0.26910,-0.85800,0.90329,1002.33,1000,-2.33,50.25,202,2.2384,-0.2364,LOCK,0,normal
73,3035128,869,882,-0.30030,0.05070,-0.69420,0.75807,1002.33,1000,-2.33,50.25,202,2.2558,0.0274,LOCK,0,normal
74,3035137,878,891,-0.30030,-0.05850,-0.83460,0.88891,1002.33,1000,-2.33,50.25,202,2.2451,-0.1341,LOCK,0,normal
75,3035145,886,899,-0.03510,0.03120,-0.80340,0.80477,1002.33,1000,-2.33,50.25,202,2.2436,-0.1582,LOCK,0,normal
76,3035162,903,916,0.12090,0.12090,-0.88530,0.90166,1002.33,1000,-2.33,50.25,202,2.2608,0.1037,LOCK,0,normal
77,3035170,911,924,0.14040,-0.08580,-0.83070,0.84684,1002.33,1000,-2.33,50.25,202,2.2555,0.0225,LOCK,0,normal
78,3035179,920,933,-0.05070,0.11700,-0.77220,0.78266,1002.32,1000,-2.32,50.25,202,2.2470,-0.1060,LOCK,0,normal
79,3035187,928,941,-0.15990,0.09750,-0.72540,0.74919,1002.32,1000,-2.32,50.25,202,2.2490,-0.0752,LOCK,0,normal
80,3035196,937,950,-0.15990,0.09750,-0.72540,0.74919,1002.31,1000,-2.31,50.25,202,2.2472,-0.1030,LOCK,0,normal
81,3035209,950,963,0.00000,-0.05850,-0.75660,0.75886,1002.31,1000,-2.31,50.25,202,2.2603,0.0960,LOCK,0,normal
82,3035217,958,971,0.10920,0.02340,-0.94380,0.95038,1002.30,1000,-2.30,50.25,202,2.2608,0.1031,LOCK,0,normal
83,3035226,967,980,0.10920,0.02340,-0.94380,0.95038,1002.30,1000,-2.30,50.25,202,2.2348,-0.2910,LOCK,0,normal
84,3035234,975,988,0.18720,0.01560,-0.69420,0.71917,1002.28,1000,-2.28,50.25,202,2.2435,-0.1588,LOCK,0,normal
85,3035243,984,997,-0.18720,0.18720,-0.70980,0.75756,1002.26,1000,-2.26,50.25,202,2.2488,-0.0792,LOCK,0,normal
86,3035251,992,1005,-0.30810,0.11700,-0.67860,0.75440,1002.25,1000,-2.25,50.25,202,2.2395,-0.2193,LOCK,0,normal
87,3035267,1008,1021,-0.09360,-0.24570,-0.86190,0.90111,1002.23,1000,-2.23,50.25,202,2.2501,-0.0590,LOCK,0,normal
88,3035275,1016,1029,-0.03510,-0.13650,-0.80730,0.81951,1002.22,1000,-2.22,50.25,202,2.2355,-0.2809,LOCK,0,normal
89,3035284,1025,1038,0.18720,0.24960,-0.81510,0.87277,1002.21,1000,-2.21,50.25,202,2.2504,-0.0538,LOCK,0,normal
90,3035292,1033,1046,0.14430,0.10920,-0.83460,0.85399,1002.21,1000,-2.21,50.25,202,2.2489,-0.0773,LOCK,0,normal
91,3035318,1059,1072,-0.39780,-0.01560,-0.80340,0.89663,1002.22,1000,-2.22,50.25,202,2.2655,0.1745,LOCK,0,normal
92,3035327,1068,1081,-0.07800,0.14820,-0.83070,0.84741,1002.22,1000,-2.22,50.25,202,2.2354,-0.2819,LOCK,0,normal
93,3035335,1076,1089,-0.07800,-0.02730,-0.88530,0.88915,1002.22,1000,-2.22,50.25,202,2.2611,0.1083,LOCK,0,normal
94,3035344,1085,1098,0.05070,0.14820,-0.72540,0.74212,1002.22,1000,-2.22,50.25,202,2.2579,0.0597,LOCK,0,normal
95,3035352,1093,1106,0.02340,0.12090,-0.76050,0.77041,1002.23,1000,-2.23,50.25,202,2.2387,-0.2315,LOCK,0,normal
96,3035368,1109,1122,-0.11700,0.19890,-0.77220,0.80594,1002.23,1000,-2.23,50.25,202,2.2603,0.0951,LOCK,0,normal
97,3035377,1118,1131,-0.28080,0.10920,-0.84630,0.89833,1002.24,1000,-2.24,50.25,202,2.2610,0.1061,LOCK,0,normal
98,3035385,1126,1139,-0.11310,-0.07800,-0.83850,0.84968,1002.24,1000,-2.24,50.25,202,2.2471,-0.1042,LOCK,0,normal
99,3035393,1134,1147,0.01170,-0.06630,-0.81120,0.81399,1002.24,1000,-2.24,50.25,202,2.2505,-0.0523,LOCK,0,normal
100,3035402,1143,1156,0.15990,-0.05460,-0.77220,0.79047,1002.25,1000,-2.25,50.25,202,2.2547,0.0103,LOCK,0,normal
101,3035415,1156,1169,-0.17550,0.06630,-0.74880,0.77194,1002.25,1000,-2.25,50.25,202,2.2632,0.1400,LOCK,0,normal
102,3035424,1165,1178,-0.24960,0.12090,-0.67080,0.72587,1002.25,1000,-2.25,50.25,202,2.2625,0.1293,LOCK,0,normal
103,3035432,1173,1186,-0.36270,-0.24180,-0.94380,1.03960,1002.25,1000,-2.25,50.25,202,2.2490,-0.0764,LOCK,0,normal
104,3035440,1181,1194,-0.36270,-0.24180,-0.94380,1.03960,1002.25,1000,-2.25,50.25,202,2.2477,-0.0957,LOCK,0,normal
105,3035449,1190,1203,-0.01170,0.09750,-0.69810,0.70497,1002.25,1000,-2.25,50.25,202,2.2529,-0.0172,LOCK,0,normal
106,3035457,1198,1211,-0.09360,-0.05850,-0.94380,0.95023,1002.25,1000,-2.25,50.25,202,2.2527,-0.0190,LOCK,0,normal
107,3035470,1211,1224,0.18720,0.07410,-0.80730,0.83203,1002.25,1000,-2.25,50.25,202,2.2621,0.1223,LOCK,0,normal
108,3035479,1220,1233,-0.10140,0.17940,-0.82680,0.85209,1002.26,1000,-2.26,50.25,202,2.2655,0.1745,LOCK,0,normal
109,3035487,1228,1241,-0.30030,0.12480,-0.72150,0.79140,1002.26,1000,-2.26,50.25,202,2.2417,-0.1863,LOCK,0,normal
110,3035496,1237,1250,-0.29250,-0.07020,-0.86190,0.91288,1002.27,1000,-2.27,50.25,202,2.2379,-0.2434,LOCK,0,normal
111,3035504,1245,1258,0.01560,-0.06240,-0.79560,0.79820,1002.27,1000,-2.27,50.25,202,2.2506,-0.0508,LOCK,0,normal
112,3035513,1254,1267,0.01560,-0.06240,-0.79560,0.79820,1002.27,1000,-2.27,50.25,202,2.2541,0.0014,LOCK,0,normal
113,3035521,1262,1275,0.01950,0.01950,-0.86970,0.87014,1002.27,1000,-2.27,50.25,202,2.2639,0.1504,LOCK,0,normal
114,3035529,1270,1283,0.17940,-0.09360,-0.84630,0.87015,1002.27,1000,-2.27,50.25,202,2.2469,-0.1082,LOCK,0,normal
115,3035538,1279,1292,-0.00390,0.25350,-0.74880,0.79056,1002.28,1000,-2.28,50.25,202,2.2551,0.0167,LOCK,0,normal
116,3035546,1287,1300,-0.21840,0.10920,-0.70980,0.75063,1002.28,1000,-2.28,50.25,202,2.2549,0.0142,LOCK,0,normal
117,3035555,1296,1309,-0.21840,0.10920,-0.70980,0.75063,1002.28,1000,-2.28,50.25,202,2.2410,-0.1967,LOCK,0,normal
118,3035572,1313,1326,0.00780,-0.10920,-0.73320,0.74133,1002.28,1000,-2.28,50.25,202,2.2690,0.2267,LOCK,0,normal
119,3035580,1321,1334,0.02730,-0.00390,-0.86190,0.86234,1002.28,1000,-2.28,50.25,202,2.2648,0.1641,LOCK,0,normal
120,3035589,1330,1343,0.15210,-0.06630,-0.67470,0.69480,1002.28,1000,-2.28,50.25,202,2.2423,-0.1778,LOCK,0,normal
121,3035597,1338,1351,-0.19500,0.26910,-0.73320,0.80500,1002.27,1000,-2.27,50.25,202,2.2490,-0.0755,LOCK,0,normal
122,3035605,1346,1359,-0.19500,0.26910,-0.73320,0.80500,1002.27,1000,-2.27,50.25,202,2.2628,0.1339,LOCK,0,normal
123,3035619,1360,1373,-0.03120,-0.09360,-0.86580,0.87140,1002.27,1000,-2.27,50.25,202,2.2456,-0.1268,LOCK,0,normal
124,3035676,1417,1430,-0.26520,-0.03900,-0.79950,0.84324,1002.25,1000,-2.25,50.25,202,2.2670,0.1971,LOCK,0,normal
125,3035685,1426,1439,-0.08190,0.03510,-0.78780,0.79282,1002.24,1000,-2.24,50.25,202,2.2595,0.0838,LOCK,0,normal
126,3035693,1434,1447,-0.04290,-0.12870,-0.87360,0.88407,1002.23,1000,-2.23,50.25,202,2.2473,-0.1021,LOCK,0,normal
127,3035702,1443,1456,0.13650,0.10530,-0.70590,0.72665,1002.23,1000,-2.23,50.25,202,2.2447,-0.1411,LOCK,0,normal
128,3035710,1451,1464,0.04680,0.04290,-0.72930,0.73206,1002.23,1000,-2.23,50.25,202,2.2563,0.0347,LOCK,0,normal
129,3035719,1460,1473,-0.13260,0.17550,-0.74490,0.77670,1002.24,1000,-2.24,50.25,202,2.2574,0.0515,LOCK,0,normal
130,3035728,1469,1482,-0.13260,0.17550,-0.74490,0.77670,1002.24,1000,-2.24,50.25,202,2.2638,0.1482,LOCK,0,normal
131,3035736,1477,1490,-0.24180,0.07020,-0.79950,0.83821,1002.25,1000,-2.25,50.25,202,2.2369,-0.2583,LOCK,0,normal
132,3035745,1486,1499,-0.04290,-0.08190,-0.76440,0.76997,1002.25,1000,-2.25,50.25,202,2.2466,-0.1121,LOCK,0,normal
133,3035753,1494,1507,-0.03510,0.03900,-0.81900,0.82068,1002.25,1000,-2.25,50.25,202,2.2490,-0.0752,LOCK,0,normal
134,3035761,1502,1515,0.17940,-0.03900,-0.70980,0.73316,1002.25,1000,-2.25,50.25,202,2.2453,-0.1317,LOCK,0,normal
135,3035779,1520,1533,-0.12480,0.13650,-0.72540,0.74861,1002.27,1000,-2.27,50.25,202,2.2633,0.1403,LOCK,0,normal
136,3035787,1528,1541,-0.23010,0.16380,-0.64350,0.70276,1002.28,1000,-2.28,50.25,202,2.2427,-0.1717,LOCK,0,normal
137,3035796,1537,1550,-0.28860,-0.18330,-0.93210,0.99282,1002.29,1000,-2.29,50.25,202,2.2487,-0.0801,LOCK,0,normal
138,3035804,1545,1558,0.02340,0.01950,-0.68250,0.68318,1002.30,1000,-2.30,50.25,202,2.2451,-0.1347,LOCK,0,normal
139,3035812,1553,1566,-0.15990,-0.13650,-0.88530,0.90992,1002.31,1000,-2.31,50.25,202,2.2536,-0.0062,LOCK,0,normal
140,3035830,1571,1584,0.20280,-0.08190,-0.74100,0.77260,1002.32,1000,-2.32,50.25,202,2.2621,0.1229,LOCK,0,normal
141,3035838,1579,1592,-0.10140,0.07800,-0.79560,0.80582,1002.31,1000,-2.31,50.25,202,2.2447,-0.1405,LOCK,0,normal
142,3035847,1588,1601,-0.28470,-0.00390,-0.67470,0.73232,1002.30,1000,-2.30,50.25,202,2.2508,-0.0483,LOCK,0,normal
143,3035855,1596,1609,-0.27690,-0.21060,-0.86580,0.93308,1002.29,1000,-2.29,50.25,202,2.2394,-0.2211,LOCK,0,normal
144,3035863,1604,1617,0.03510,-0.08190,-0.78780,0.79282,1002.29,1000,-2.29,50.25,202,2.2411,-0.1952,LOCK,0,normal
145,3035880,1621,1634,0.10140,0.02730,-0.85410,0.86053,1002.28,1000,-2.28,50.25,202,2.2478,-0.0944,LOCK,0,normal
146,3035888,1629,1642,0.19500,-0.15210,-0.83460,0.87047,1002.28,1000,-2.28,50.25,202,2.2416,-0.1881,LOCK,0,normal
147,3035897,1638,1651,0.02340,0.26130,-0.76050,0.80448,1002.27,1000,-2.27,50.25,202,2.2348,-0.2916,LOCK,0,normal
148,3035905,1646,1659,-0.15990,0.08580,-0.72540,0.74775,1002.27,1000,-2.27,50.25,202,2.2510,-0.0453,LOCK,0,normal
149,3035931,1672,1685,0.00390,-0.00390,-0.78000,0.78002,1002.26,1000,-2.26,50.25,202,2.2590,0.0762,LOCK,0,normal
150,3035939,1680,1693,0.14820,0.01950,-0.96330,0.97483,1002.26,1000,-2.26,50.25,202,2.2411,-0.1958,LOCK,0,normal
151,3035948,1689,1702,0.15600,0.02340,-0.70200,0.71951,1002.25,1000,-2.25,50.25,202,2.2574,0.0512,LOCK,0,normal
152,3035956,1697,1710,-0.18330,0.23790,-0.76440,0.82128,1002.26,1000,-2.26,50.25,202,2.2558,0.0274,LOCK,0,normal
153,3035964,1705,1718,-0.18330,0.23790,-0.76440,0.82128,1002.27,1000,-2.27,50.25,202,2.2550,0.0152,LOCK,0,normal
154,3035982,1723,1736,-0.08190,-0.17160,-0.91260,0.93220,1002.27,1000,-2.27,50.25,202,2.2596,0.0851,LOCK,0,normal
155,3035990,1731,1744,-0.00780,-0.05460,-0.82290,0.82475,1002.28,1000,-2.28,50.25,202,2.2685,0.2203,LOCK,0,normal
156,3035999,1740,1753,0.20670,0.28080,-0.84630,0.91531,1002.28,1000,-2.28,50.25,202,2.2351,-0.2864,LOCK,0,normal
157,3036007,1748,1761,0.17550,0.11310,-0.85020,0.87546,1002.28,1000,-2.28,50.25,202,2.2454,-0.1308,LOCK,0,normal
158,3036031,1772,1785,-0.34710,-0.02730,-0.79560,0.86845,1002.28,1000,-2.28,50.25,202,2.2648,0.1641,LOCK,0,normal
159,3036039,1780,1793,-0.08580,0.13650,-0.76830,0.78503,1002.27,1000,-2.27,50.25,202,2.2658,0.1788,LOCK,0,normal
160,3036047,1788,1801,-0.02340,-0.01950,-0.90480,0.90531,1002.26,1000,-2.26,50.25,202,2.2454,-0.1308,LOCK,0,normal
161,3036056,1797,1810,-0.02340,-0.01950,-0.90480,0.90531,1002.25,1000,-2.25,50.25,202,2.2473,-0.1015,LOCK,0,normal
162,3036064,1805,1818,0.14820,0.12870,-0.65520,0.68397,1002.25,1000,-2.25,50.25,202,2.2431,-0.1656,LOCK,0,normal
163,3036073,1814,1827,0.03120,0.19890,-0.73320,0.76034,1002.24,1000,-2.24,50.25,202,2.2578,0.0582,LOCK,0,normal
164,3036086,1827,1840,-0.11310,0.22620,-0.76440,0.80515,1002.24,1000,-2.24,50.25,202,2.2644,0.1577,LOCK,0,normal
165,3036095,1836,1849,-0.24570,0.10920,-0.80730,0.85090,1002.23,1000,-2.23,50.25,202,2.2607,0.1009,LOCK,0,normal
166,3036103,1844,1857,-0.01950,-0.13260,-0.83070,0.84144,1002.22,1000,-2.22,50.25,202,2.2629,0.1351,LOCK,0,normal
167,3036112,1853,1866,-0.01560,-0.04680,-0.81900,0.82048,1002.22,1000,-2.22,50.25,202,2.2621,0.1220,LOCK,0,normal
168,3036120,1861,1874,0.14430,-0.00780,-0.72930,0.74348,1002.21,1000,-2.21,50.25,202,2.2658,0.1788,LOCK,0,normal
169,3036129,1870,1883,0.14430,-0.00780,-0.72930,0.74348,1002.21,1000,-2.21,50.25,202,2.2597,0.0866,LOCK,0,normal
170,3036137,1878,1891,-0.14430,0.07800,-0.73710,0.75513,1002.22,1000,-2.22,50.25,202,2.2583,0.0646,LOCK,0,normal
171,3036146,1887,1900,-0.21450,0.12480,-0.67080,0.71523,1002.22,1000,-2.22,50.25,202,2.2406,-0.2031,LOCK,0,normal
172,3036154,1895,1908,-0.31980,-0.28470,-0.90480,1.00099,1002.22,1000,-2.22,50.25,202,2.2558,0.0274,LOCK,0,normal
173,3036162,1903,1916,0.01950,-0.02340,-0.64350,0.64422,1002.23,1000,-2.23,50.25,202,2.2386,-0.2330,LOCK,0,normal
174,3036171,1912,1925,-0.04290,-0.13650,-0.84630,0.85831,1002.23,1000,-2.23,50.25,202,2.2314,-0.3426,LOCK,0,normal
175,3036189,1930,1943,0.20280,0.16380,-0.77220,0.81502,1002.22,1000,-2.22,50.25,202,2.2531,-0.0138,LOCK,0,normal
176,3036198,1939,1952,-0.08970,0.21450,-0.78780,0.82139,1002.21,1000,-2.21,50.25,202,2.2507,-0.0505,LOCK,0,normal
177,3036206,1947,1960,-0.28080,0.10530,-0.64740,0.71349,1002.20,1000,-2.20,50.25,202,2.2534,-0.0096,LOCK,0,normal
178,3036215,1956,1969,-0.29250,-0.02730,-0.85800,0.90690,1002.19,1000,-2.19,50.25,202,2.2502,-0.0581,LOCK,0,normal
179,3036225,1966,1979,0.01170,0.02340,-0.70200,0.70249,1002.18,1000,-2.18,50.25,202,2.2565,0.0380,LOCK,0,normal
180,3036238,1979,1992,0.03510,-0.01560,-0.88920,0.89003,1002.17,1000,-2.17,50.25,202,2.2639,0.1507,LOCK,0,normal
181,3036247,1988,2001,0.15600,-0.13260,-0.89310,0.91627,1002.17,1000,-2.17,50.25,202,2.2482,-0.0886,LOCK,0,normal
182,3036255,1996,2009,-0.01560,0.20670,-0.79170,0.81839,1002.16,1000,-2.16,50.25,202,2.2522,-0.0267,LOCK,0,normal
183,3036264,2005,2018,-0.19110,0.13650,-0.78780,0.82206,1002.15,1000,-2.15,50.25,202,2.2583,0.0658,LOCK,0,normal
184,3036272,2013,2026,-0.19110,0.13650,-0.78780,0.82206,1002.14,1000,-2.14,50.25,202,2.2472,-0.1024,LOCK,0,normal
185,3036289,2030,2043,-0.00390,-0.04680,-0.86190,0.86318,1002.13,1000,-2.13,50.25,202,2.2617,0.1162,LOCK,0,normal
186,3036297,2038,2051,-0.05850,0.27300,-0.97890,1.01794,1002.13,1000,-2.13,50.25,202,2.2655,0.1739,LOCK,0,normal
187,3036306,2047,2060,0.09360,-0.07800,-0.78780,0.79717,1002.12,1000,-2.12,50.25,202,2.2258,-0.4272,LOCK,0,normal
188,3036314,2055,2068,-0.19500,0.31590,-0.78780,0.87089,1002.12,1000,-2.12,50.25,202,2.2220,-0.4848,LOCK,0,normal
189,3036323,2064,2077,-0.19500,0.31590,-0.78780,0.87089,1002.12,1000,-2.12,50.25,202,2.2530,-0.0154,LOCK,0,normal
190,3036331,2072,2085,-0.27690,0.15990,-0.65520,0.72906,1002.12,1000,-2.12,50.25,202,2.2486,-0.0816,LOCK,0,normal
191,3036340,2081,2094,-0.07020,-0.18720,-0.86970,0.89238,1002.12,1000,-2.12,50.25,202,2.2564,0.0359,LOCK,0,normal
192,3036348,2089,2102,-0.05070,0.03120,-0.81510,0.81727,1002.12,1000,-2.12,50.25,202,2.2509,-0.0465,LOCK,0,normal
193,3036357,2098,2111,0.24180,0.24960,-0.86190,0.92932,1002.12,1000,-2.12,50.25,202,2.2495,-0.0676,LOCK,0,normal
194,3036365,2106,2119,0.24180,0.24960,-0.86190,0.92932,1002.12,1000,-2.12,50.25,202,2.2477,-0.0950,LOCK,0,normal
195,3036374,2115,2128,0.15600,0.04290,-0.72150,0.73942,1002.12,1000,-2.12,50.25,202,2.2608,0.1034,LOCK,0,normal
196,3036391,2132,2145,-0.31200,-0.08190,-0.79950,0.86212,1002.12,1000,-2.12,50.25,202,2.2651,0.1687,LOCK,0,normal
197,3036399,2140,2153,-0.11310,-0.03120,-0.71760,0.72713,1002.12,1000,-2.12,50.25,202,2.2636,0.1461,LOCK,0,normal
198,3036408,2149,2162,-0.15600,-0.16380,-0.89310,0.92130,1002.12,1000,-2.12,50.25,202,2.2614,0.1128,LOCK,0,normal
199,3036416,2157,2170,-0.15600,-0.16380,-0.89310,0.92130,1002.12,1000,-2.12,50.25,202,2.2592,0.0780,LOCK,0,normal
200,3036425,2166,2179,0.07410,0.15600,-0.65520,0.67758,1002.12,1000,-2.12,50.25,202,2.2635,0.1434,LOCK,0,normal
201,3036438,2179,2192,-0.14820,0.19500,-0.71370,0.75456,1002.10,1000,-2.10,50.25,202,2.2593,0.0802,LOCK,0,normal
202,3036446,2187,2200,-0.14820,0.19500,-0.71370,0.75456,1002.09,1000,-2.09,50.25,202,2.2651,0.1681,LOCK,0,normal
203,3036455,2196,2209,-0.24180,0.03510,-0.85410,0.88836,1002.07,1000,-2.07,50.25,202,2.2444,-0.1448,LOCK,0,normal
204,3036463,2204,2217,-0.04290,-0.06240,-0.83460,0.83803,1002.06,1000,-2.06,50.25,202,2.2411,-0.1961,LOCK,0,normal
205,3036472,2213,2226,0.05850,-0.04680,-0.78390,0.78747,1002.05,1000,-2.05,50.25,202,2.2461,-0.1198,LOCK,0,normal
206,3036480,2221,2234,0.22230,-0.15600,-0.72930,0.77822,1002.04,1000,-2.04,50.25,202,2.2523,-0.0251,LOCK,0,normal
207,3036494,2235,2248,-0.01950,0.17940,-0.78000,0.80060,1002.03,1000,-2.03,50.25,202,2.2601,0.0918,LOCK,0,normal
208,3036502,2243,2256,-0.19110,0.15210,-0.64350,0.68829,1002.01,1000,-2.01,50.25,202,2.2521,-0.0282,LOCK,0,normal
209,3036511,2252,2265,-0.26520,-0.07020,-0.82290,0.86742,1002.00,1000,-2.00,50.25,202,2.2650,0.1672,LOCK,0,normal
210,3036519,2260,2273,-0.26520,-0.07020,-0.82290,0.86742,1001.99,1000,-1.99,50.25,202,2.2583,0.0646,LOCK,0,normal
211,3036528,2269,2282,-0.03510,0.04290,-0.73710,0.73918,1001.98,1000,-1.98,50.25,202,2.2607,0.1015,LOCK,0,normal
212,3036536,2277,2290,-0.09750,-0.17550,-0.88920,0.91158,1001.97,1000,-1.97,50.25,202,2.2402,-0.2086,LOCK,0,normal
213,3036545,2286,2299,0.16380,0.20280,-0.80730,0.84835,1001.96,1000,-1.96,50.25,202,2.2663,0.1858,LOCK,0,normal
214,3036553,2294,2307,-0.07800,0.08970,-0.77220,0.78130,1001.96,1000,-1.96,50.25,202,2.2602,0.0939,LOCK,0,normal
215,3036562,2303,2316,-0.19890,0.14430,-0.63180,0.67790,1001.95,1000,-1.95,50.25,202,2.2549,0.0136,LOCK,0,normal
216,3036597,2338,2351,0.12480,-0.00390,-0.85800,0.86704,1001.94,1000,-1.94,50.25,202,2.2604,0.0970,LOCK,0,normal
217,3036605,2346,2359,0.20280,-0.09750,-0.82680,0.85687,1001.94,1000,-1.94,50.25,202,2.2632,0.1394,LOCK,0,normal
218,3036614,2355,2368,-0.03900,0.22620,-0.78780,0.82056,1001.93,1000,-1.93,50.25,202,2.2516,-0.0367,LOCK,0,normal
219,3036622,2363,2376,-0.25350,0.06240,-0.69420,0.74167,1001.92,1000,-1.92,50.25,202,2.2522,-0.0276,LOCK,0,normal
220,3036631,2372,2385,-0.25350,0.06240,-0.69420,0.74167,1001.91,1000,-1.91,50.25,202,2.2400,-0.2120,LOCK,0,normal
221,3036646,2387,2400,0.01950,-0.00780,-0.81900,0.81927,1001.90,1000,-1.90,50.25,202,2.2693,0.2325,LOCK,0,normal
222,3036654,2395,2408,0.18720,0.18330,-0.94770,0.98325,1001.89,1000,-1.89,50.25,202,2.2649,0.1647,LOCK,0,normal
223,3036663,2404,2417,0.18720,0.18330,-0.94770,0.98325,1001.89,1000,-1.89,50.25,202,2.2549,0.0130,LOCK,0,normal
224,3036671,2412,2425,0.13650,-0.05850,-0.72540,0.74045,1001.88,1000,-1.88,50.25,202,2.2441,-0.1503,LOCK,0,normal
225,3036680,2421,2434,-0.14040,0.12480,-0.78390,0.80609,1001.87,1000,-1.87,50.25,202,2.2588,0.0731,LOCK,0,normal
226,3036688,2429,2442,-0.24180,0.09750,-0.72150,0.76716,1001.86,1000,-1.86,50.25,202,2.2605,0.0979,LOCK,0,normal
227,3036745,2486,2499,-0.17550,0.25350,-0.72540,0.78821,1001.85,1000,-1.85,50.25,202,2.2618,0.1177,LOCK,0,normal
228,3036754,2495,2508,-0.36270,-0.01170,-0.83460,0.91008,1001.84,1000,-1.84,50.25,202,2.2576,0.0548,LOCK,0,normal
229,3036762,2503,2516,-0.07020,0.00780,-0.77610,0.77931,1001.83,1000,-1.83,50.25,202,2.2385,-0.2348,LOCK,0,normal
230,3036770,2511,2524,-0.06630,-0.06630,-0.89700,0.90189,1001.83,1000,-1.83,50.25,202,2.2513,-0.0416,LOCK,0,normal
231,3036779,2520,2533,0.10140,0.19500,-0.67470,0.70960,1001.82,1000,-1.82,50.25,202,2.2508,-0.0490,LOCK,0,normal
232,3036787,2528,2541,0.08580,0.20280,-0.85800,0.88581,1001.82,1000,-1.82,50.25,202,2.2505,-0.0523,LOCK,0,normal
233,3036801,2542,2555,-0.18330,0.15600,-0.67860,0.72002,1001.80,1000,-1.80,50.25,202,2.2611,0.1076,LOCK,0,normal
234,3036810,2551,2564,-0.30420,0.15990,-0.85020,0.91703,1001.79,1000,-1.79,50.25,202,2.2636,0.1458,LOCK,0,normal
235,3036818,2559,2572,-0.05460,-0.01950,-0.85410,0.85607,1001.78,1000,-1.78,50.25,202,2.2551,0.0173,LOCK,0,normal
236,3036827,2568,2581,-0.05460,-0.01950,-0.85410,0.85607,1001.77,1000,-1.77,50.25,202,2.2320,-0.3331,LOCK,0,normal
237,3036835,2576,2589,-0.05070,-0.12480,-0.83850,0.84925,1001.76,1000,-1.76,50.25,202,2.2505,-0.0529,LOCK,0,normal
238,3036849,2590,2603,-0.04680,0.21450,-0.77220,0.80280,1001.76,1000,-1.76,50.25,202,2.2570,0.0457,LOCK,0,normal
239,3036857,2598,2611,-0.04680,0.21450,-0.77220,0.80280,1001.74,1000,-1.74,50.25,202,2.2632,0.1394,LOCK,0,normal
240,3036905,2646,2659,0.12090,0.09750,-0.76440,0.78002,1001.73,1000,-1.73,50.25,202,2.2648,0.1641,LOCK,0,normal
241,3036913,2654,2667,-0.06630,0.20280,-0.77220,0.80113,1001.72,1000,-1.72,50.25,202,2.2624,0.1269,LOCK,0,normal
242,3036922,2663,2676,-0.26130,0.17160,-0.57720,0.65642,1001.72,1000,-1.72,50.25,202,2.2301,-0.3624,LOCK,0,normal
243,3036930,2671,2684,-0.33930,-0.09750,-0.82680,0.89902,1001.71,1000,-1.71,50.25,202,2.2379,-0.2434,LOCK,0,normal
244,3036938,2679,2692,-0.33930,-0.09750,-0.82680,0.89902,1001.70,1000,-1.70,50.25,202,2.2557,0.0252,LOCK,0,normal
245,3036948,2689,2702,-0.06240,0.12870,-0.65910,0.67444,1001.69,1000,-1.69,50.25,202,2.2612,0.1089,LOCK,0,normal
246,3036957,2698,2711,-0.11310,-0.07800,-0.88920,0.89975,1001.69,1000,-1.69,50.25,202,2.2679,0.2099,LOCK,0,normal
247,3036965,2706,2719,0.10530,-0.15210,-0.76440,0.78647,1001.68,1000,-1.68,50.25,202,2.2297,-0.3689,LOCK,0,normal
248,3036974,2715,2728,-0.08190,0.12870,-0.73710,0.75272,1001.66,1000,-1.66,50.25,202,2.2596,0.0851,LOCK,0,normal
249,3036982,2723,2736,-0.27300,0.09750,-0.71760,0.77394,1001.64,1000,-1.64,50.25,202,2.2656,0.1757,LOCK,0,normal
250,3036991,2732,2745,-0.27300,0.09750,-0.71760,0.77394,1001.62,1000,-1.62,50.25,202,2.2316,-0.3396,LOCK,0,normal
251,3037006,2747,2760,-0.04290,-0.02730,-0.79170,0.79333,1001.61,1000,-1.61,50.25,202,2.2569,0.0445,LOCK,0,normal
252,3037015,2756,2769,0.07020,0.20280,-0.88530,0.91094,1001.59,1000,-1.59,50.25,202,2.2267,-0.4137,LOCK,0,normal
253,3037023,2764,2777,0.08970,-0.16380,-0.70590,0.73019,1001.58,1000,-1.58,50.25,202,2.2580,0.0600,LOCK,0,normal
254,3037032,2773,2786,0.08970,-0.16380,-0.70590,0.73019,1001.57,1000,-1.57,50.25,202,2.2496,-0.0667,LOCK,0,normal
255,3037062,2803,2816,-0.21060,-0.28860,-0.88530,0.95467,1001.57,1000,-1.57,50.25,202,2.2653,0.1708,LOCK,0,normal
256,3037071,2812,2825,0.02340,-0.02340,-0.72540,0.72615,1001.57,1000,-1.57,50.25,202,2.2513,-0.0413,LOCK,0,normal
257,3037079,2820,2833,0.14820,0.25740,-0.88140,0.93010,1001.56,1000,-1.56,50.25,202,2.2632,0.1394,LOCK,0,normal
258,3037088,2829,2842,0.10140,0.09750,-0.66690,0.68157,1001.56,1000,-1.56,50.25,202,2.2668,0.1940,LOCK,0,normal
259,3037096,2837,2850,-0.20280,0.19110,-0.65130,0.70841,1001.56,1000,-1.56,50.25,202,2.2549,0.0139,LOCK,0,normal
260,3037109,2850,2863,-0.31200,0.08970,-0.73710,0.80542,1001.56,1000,-1.56,50.25,202,2.2626,0.1308,LOCK,0,normal
261,3037117,2858,2871,-0.05460,-0.07410,-0.76050,0.76605,1001.56,1000,-1.56,50.25,202,2.2513,-0.0416,LOCK,0,normal
262,3037126,2867,2880,-0.01560,-0.16770,-0.82290,0.83996,1001.56,1000,-1.56,50.25,202,2.2634,0.1424,LOCK,0,normal
263,3037134,2875,2888,-0.01560,-0.16770,-0.82290,0.83996,1001.56,1000,-1.56,50.25,202,2.2163,-0.5712,LOCK,0,normal
264,3037143,2884,2897,0.11310,0.28080,-0.66690,0.73239,1001.56,1000,-1.56,50.25,202,2.2466,-0.1118,LOCK,0,normal
265,3037151,2892,2905,0.13650,0.10140,-0.80340,0.82120,1001.56,1000,-1.56,50.25,202,2.2455,-0.1289,LOCK,0,normal
266,3037209,2950,2963,0.01950,0.07020,-0.74490,0.74845,1001.56,1000,-1.56,50.25,202,2.2702,0.2450,LOCK,0,normal
267,3037218,2959,2972,-0.08580,0.19500,-0.73710,0.76727,1001.56,1000,-1.56,50.25,202,2.2586,0.0704,LOCK,0,normal
268,3037226,2967,2980,-0.08580,0.19500,-0.73710,0.76727,1001.57,1000,-1.57,50.25,202,2.2472,-0.1036,LOCK,0,normal
269,3037235,2976,2989,-0.21450,0.03900,-0.82680,0.85506,1001.57,1000,-1.57,50.25,202,2.2587,0.0716,LOCK,0,normal
270,3037243,2984,2997,-0.05850,0.03120,-0.79170,0.79447,1001.57,1000,-1.57,50.25,202,2.2512,-0.0428,LOCK,0,normal
271,3037252,2993,3006,-0.10530,-0.14820,-0.87750,0.89613,1001.57,1000,-1.57,50.25,202,2.2519,-0.0319,LOCK,0,normal
272,3037265,3006,3019,0.17940,-0.01950,-0.74880,0.77024,1001.57,1000,-1.57,50.25,202,2.2713,0.2624,LOCK,0,normal
273,3037273,3014,3027,-0.09750,0.10530,-0.79950,0.81228,1001.57,1000,-1.57,50.25,202,2.2488,-0.0795,LOCK,0,normal
274,3037282,3023,3036,-0.25740,0.12090,-0.63570,0.69641,1001.57,1000,-1.57,50.25,202,2.2404,-0.2062,LOCK,0,normal
275,3037290,3031,3044,-0.31200,-0.16380,-0.91650,0.98191,1001.57,1000,-1.57,50.25,202,2.2436,-0.1573,LOCK,0,normal
276,3037299,3040,3053,-0.31200,-0.16380,-0.91650,0.98191,1001.57,1000,-1.57,50.25,202,2.2487,-0.0810,LOCK,0,normal
277,3037314,3055,3068,0.05460,-0.04680,-0.95160,0.95431,1001.57,1000,-1.57,50.25,202,2.2475,-0.0978,LOCK,0,normal
278,3037322,3063,3076,0.09750,-0.03120,-0.86580,0.87183,1001.57,1000,-1.57,50.25,202,2.2477,-0.0960,LOCK,0,normal
279,3037330,3071,3084,-0.07410,0.19500,-0.79560,0.82249,1001.58,1000,-1.58,50.25,202,2.2318,-0.3365,LOCK,0,normal
280,3037339,3080,3093,-0.07410,0.19500,-0.79560,0.82249,1001.59,1000,-1.59,50.25,202,2.2624,0.1266,LOCK,0,normal
281,3037365,3106,3119,-0.01170,0.03120,-0.78390,0.78461,1001.60,1000,-1.60,50.25,202,2.2595,0.0835,LOCK,0,normal
282,3037373,3114,3127,0.00780,0.16770,-0.89700,0.91257,1001.61,1000,-1.61,50.25,202,2.2460,-0.1210,LOCK,0,normal
283,3037382,3123,3136,0.09750,-0.01950,-0.71760,0.72446,1001.61,1000,-1.61,50.25,202,2.2652,0.1702,LOCK,0,normal
284,3037390,3131,3144,0.09750,-0.01950,-0.71760,0.72446,1001.63,1000,-1.63,50.25,202,2.2554,0.0216,LOCK,0,normal
285,3037398,3139,3152,-0.15600,0.15600,-0.73710,0.76941,1001.64,1000,-1.64,50.25,202,2.2385,-0.2348,LOCK,0,normal
286,3037416,3157,3170,-0.17160,-0.26130,-0.92040,0.97204,1001.66,1000,-1.66,50.25,202,2.2655,0.1745,LOCK,0,normal
287,3037424,3165,3178,0.03900,-0.14430,-0.73320,0.74828,1001.67,1000,-1.67,50.25,202,2.2674,0.2026,LOCK,0,normal
288,3037433,3174,3187,0.05460,0.10140,-0.93990,0.94693,1001.68,1000,-1.68,50.25,202,2.2295,-0.3710,LOCK,0,normal
289,3037441,3182,3195,0.05460,0.10140,-0.93990,0.94693,1001.69,1000,-1.69,50.25,202,2.2317,-0.3374,LOCK,0,normal
290,3037450,3191,3204,0.17940,-0.02340,-0.73710,0.75898,1001.70,1000,-1.70,50.25,202,2.2538,-0.0029,LOCK,0,normal
291,3037516,3257,3270,-0.11310,0.25350,-0.64350,0.70082,1001.71,1000,-1.71,50.25,202,2.2637,0.1464,LOCK,0,normal
292,3037525,3266,3279,-0.33930,0.16770,-0.84240,0.92352,1001.73,1000,-1.73,50.25,202,2.2511,-0.0444,LOCK,0,normal
293,3037533,3274,3287,-0.33930,0.16770,-0.84240,0.92352,1001.75,1000,-1.75,50.25,202,2.2385,-0.2345,LOCK,0,normal
294,3037542,3283,3296,-0.05460,0.10920,-0.77610,0.78564,1001.76,1000,-1.76,50.25,202,2.2477,-0.0947,LOCK,0,normal
295,3037550,3291,3304,-0.10140,-0.14820,-0.86970,0.88804,1001.77,1000,-1.77,50.25,202,2.2559,0.0286,LOCK,0,normal
296,3037566,3307,3320,-0.01950,0.03510,-0.72930,0.73040,1001.78,1000,-1.78,50.25,202,2.2628,0.1336,LOCK,0,normal
297,3037575,3316,3329,-0.01950,0.03510,-0.72930,0.73040,1001.81,1000,-1.81,50.25,202,2.2584,0.0661,LOCK,0,normal
298,3037583,3324,3337,-0.16380,0.15210,-0.75660,0.78893,1001.82,1000,-1.82,50.25,202,2.2318,-0.3365,LOCK,0,normal
299,3037591,3332,3345,-0.22230,0.05460,-0.86580,0.89555,1001.84,1000,-1.84,50.25,202,2.2343,-0.2990,LOCK,0,normal
300,3037600,3341,3354,-0.10920,-0.05850,-0.81120,0.82060,1001.86,1000,-1.86,50.25,202,2.2583,0.0649,LOCK,0,normal
301,3037608,3349,3362,-0.15600,0.05460,-0.89310,0.90826,1001.87,1000,-1.87,50.25,202,2.2438,-0.1552,LOCK,0,normal
302,3037620,3361,3374,0.14430,-0.07410,-0.78780,0.80433,1001.88,1000,-1.88,50.25,202,2.2522,-0.0279,LOCK,0,normal
303,3037629,3370,3383,-0.14040,0.10530,-0.79950,0.81854,1001.90,1000,-1.90,50.25,202,2.2480,-0.0911,LOCK,0,normal
304,3037637,3378,3391,-0.14040,0.10530,-0.79950,0.81854,1001.91,1000,-1.91,50.25,202,2.2551,0.0170,LOCK,0,normal
305,3037646,3387,3400,-0.28860,0.13260,-0.67470,0.74572,1001.92,1000,-1.92,50.25,202,2.2528,-0.0178,LOCK,0,normal
306,3037672,3413,3426,-0.12870,-0.05070,-0.97110,0.98090,1001.93,1000,-1.93,50.25,202,2.2641,0.1528,LOCK,0,normal
307,3037680,3421,3434,0.19500,-0.02730,-0.76440,0.78935,1001.94,1000,-1.94,50.25,202,2.2463,-0.1164,LOCK,0,normal
308,3037689,3430,3443,0.19500,-0.02730,-0.76440,0.78935,1001.97,1000,-1.97,50.25,202,2.2585,0.0677,LOCK,0,normal
309,3037697,3438,3451,-0.08970,0.15990,-0.80340,0.82405,1001.99,1000,-1.99,50.25,202,2.2399,-0.2135,LOCK,0,normal
310,3037706,3447,3460,-0.22620,0.15210,-0.77610,0.82258,1002.01,1000,-2.01,50.25,202,2.2479,-0.0926,LOCK,0,normal
311,3037731,3472,3485,0.01950,0.14430,-0.88530,0.89719,1002.03,1000,-2.03,50.25,202,2.2638,0.1492,LOCK,0,normal
312,3037739,3480,3493,0.01950,0.14430,-0.88530,0.89719,1002.05,1000,-2.05,50.25,202,2.2560,0.0301,LOCK,0,normal
313,3037747,3488,3501,0.14820,-0.08970,-0.83460,0.85239,1002.08,1000,-2.08,50.25,202,2.2427,-0.1717,LOCK,0,normal
314,3037756,3497,3510,-0.05850,0.27690,-0.75660,0.80780,1002.11,1000,-2.11,50.25,202,2.2545,0.0081,LOCK,0,normal
315,3037764,3505,3518,-0.20670,0.12090,-0.73710,0.77502,1002.14,1000,-2.14,50.25,202,2.2334,-0.3121,LOCK,0,normal
316,3037825,3566,3579,-0.24570,0.14820,-0.70590,0.76199,1002.15,1000,-2.15,50.25,202,2.2650,0.1663,LOCK,0,normal
317,3037833,3574,3587,-0.09750,-0.07410,-0.88530,0.89373,1002.17,1000,-2.17,50.25,202,2.2676,0.2062,LOCK,0,normal
318,3037842,3583,3596,-0.09750,-0.07410,-0.88530,0.89373,1002.18,1000,-2.18,50.25,202,2.2489,-0.0770,LOCK,0,normal
319,3037850,3591,3604,-0.00780,-0.08970,-0.84630,0.85108,1002.20,1000,-2.20,50.25,202,2.2523,-0.0264,LOCK,0,normal
320,3037859,3600,3613,0.09750,0.33930,-0.79560,0.87041,1002.21,1000,-2.21,50.25,202,2.2611,0.1070,LOCK,0,normal
321,3037867,3608,3621,0.15210,0.20280,-0.85800,0.89467,1002.24,1000,-2.24,50.25,202,2.2584,0.0667,LOCK,0,normal
322,3037877,3618,3631,-0.12870,0.21450,-0.67860,0.72324,1002.27,1000,-2.27,50.25,202,2.2596,0.0841,LOCK,0,normal
323,3037885,3626,3639,-0.28470,-0.08970,-0.84240,0.89372,1002.29,1000,-2.29,50.25,202,2.2337,-0.3081,LOCK,0,normal
324,3037894,3635,3648,-0.28470,-0.08970,-0.84240,0.89372,1002.32,1000,-2.32,50.25,202,2.2567,0.0411,LOCK,0,normal
325,3037902,3643,3656,-0.04290,0.01170,-0.74880,0.75012,1002.34,1000,-2.34,50.25,202,2.2531,-0.0141,LOCK,0,normal
326,3037911,3652,3665,0.06630,-0.11310,-0.88140,0.89110,1002.36,1000,-2.36,50.25,202,2.2437,-0.1555,LOCK,0,normal
327,3037934,3675,3688,-0.00780,0.12090,-0.76830,0.77779,1002.39,1000,-2.39,50.25,202,2.2650,0.1659,LOCK,0,normal
328,3037942,3683,3696,-0.07800,0.11310,-0.74100,0.75363,1002.42,1000,-2.42,50.25,202,2.2313,-0.3441,LOCK,0,normal
329,3037951,3692,3705,-0.23790,0.11310,-0.80730,0.84919,1002.44,1000,-2.44,50.25,202,2.2428,-0.1701,LOCK,0,normal
330,3037959,3700,3713,0.00390,0.00780,-0.79560,0.79565,1002.46,1000,-2.46,50.25,202,2.2501,-0.0590,LOCK,0,normal
331,3037967,3708,3721,-0.13650,0.00780,-0.81120,0.82264,1002.48,1000,-2.48,50.25,202,2.2490,-0.0761,LOCK,0,normal
332,3037977,3718,3731,0.15210,-0.11310,-0.74880,0.77242,1002.50,1000,-2.50,50.25,202,2.2507,-0.0493,LOCK,0,normal
333,3037985,3726,3739,0.15210,-0.11310,-0.74880,0.77242,1002.53,1000,-2.53,50.25,202,2.2644,0.1574,LOCK,0,normal
334,3037994,3735,3748,-0.16380,0.07800,-0.77610,0.79702,1002.55,1000,-2.55,50.25,202,2.2448,-0.1393,LOCK,0,normal
335,3038002,3743,3756,-0.25740,0.20670,-0.70590,0.77928,1002.58,1000,-2.58,50.25,202,2.2589,0.0747,LOCK,0,normal
336,3038010,3751,3764,-0.31980,-0.13650,-0.99060,1.04985,1002.60,1000,-2.60,50.25,202,2.2398,-0.2147,LOCK,0,normal
337,3038019,3760,3773,-0.03510,-0.02340,-0.70200,0.70327,1002.62,1000,-2.62,50.25,202,2.2562,0.0338,LOCK,0,normal
338,3038029,3770,3783,-0.15210,-0.08190,-0.90870,0.92497,1002.63,1000,-2.63,50.25,202,2.2640,0.1522,LOCK,0,normal
339,3038038,3779,3792,-0.15210,-0.08190,-0.90870,0.92497,1002.65,1000,-2.65,50.25,202,2.2632,0.1397,LOCK,0,normal
340,3038046,3787,3800,0.15600,0.03510,-0.73710,0.75424,1002.67,1000,-2.67,50.25,202,2.2635,0.1437,LOCK,0,normal
341,3038055,3796,3809,-0.11310,0.15210,-0.76440,0.78755,1002.69,1000,-2.69,50.25,202,2.2636,0.1449,LOCK,0,normal
342,3038063,3804,3817,-0.26910,0.01560,-0.63570,0.69049,1002.71,1000,-2.71,50.25,202,2.2644,0.1577,LOCK,0,normal
343,3038072,3813,3826,-0.29640,-0.26130,-0.81120,0.90232,1002.73,1000,-2.73,50.25,202,2.2375,-0.2501,LOCK,0,normal
344,3038080,3821,3834,0.02730,-0.09360,-0.71760,0.72419,1002.75,1000,-2.75,50.25,202,2.2588,0.0731,LOCK,0,normal
345,3038089,3830,3843,0.02730,-0.09360,-0.71760,0.72419,1002.76,1000,-2.76,50.25,202,2.2678,0.2090,LOCK,0,normal
346,3038097,3838,3851,-0.00780,0.10140,-0.81120,0.81755,1002.77,1000,-2.77,50.25,202,2.2633,0.1412,LOCK,0,normal
347,3038138,3879,3892,-0.12090,-0.05460,-0.84630,0.85663,1002.79,1000,-2.79,50.25,202,2.2668,0.1934,LOCK,0,normal
348,3038147,3888,3901,-0.05850,-0.03120,-0.82290,0.82557,1002.81,1000,-2.81,50.25,202,2.2307,-0.3536,LOCK,0,normal
349,3038155,3896,3909,0.30030,0.52260,-1.01400,1.17961,1002.83,1000,-2.83,50.25,202,2.2549,0.0142,LOCK,0,normal
350,3038164,3905,3918,0.20280,0.01170,-0.69030,0.71957,1002.84,1000,-2.84,50.25,202,2.2471,-0.1039,LOCK,0,normal
351,3038172,3913,3926,-0.17550,0.19500,-0.74100,0.78607,1002.85,1000,-2.85,50.25,202,2.2428,-0.1692,LOCK,0,normal
352,3038181,3922,3935,-0.17550,0.19500,-0.74100,0.78607,1002.86,1000,-2.86,50.25,202,2.2679,0.2099,LOCK,0,normal
353,3038189,3930,3943,-0.28080,0.08970,-0.67080,0.73271,1002.87,1000,-2.87,50.25,202,2.2617,0.1165,LOCK,0,normal
354,3038198,3939,3952,-0.13260,-0.14820,-0.90090,0.92259,1002.88,1000,-2.88,50.25,202,2.2499,-0.0621,LOCK,0,normal
355,3038206,3947,3960,-0.08190,0.01560,-0.85020,0.85428,1002.88,1000,-2.88,50.25,202,2.2480,-0.0914,LOCK,0,normal
356,3038214,3955,3968,0.08580,0.30810,-0.77220,0.83581,1002.89,1000,-2.89,50.25,202,2.2427,-0.1714,LOCK,0,normal
357,3038223,3964,3977,0.14820,0.24180,-0.84630,0.89255,1002.90,1000,-2.90,50.25,202,2.2533,-0.0111,LOCK,0,normal
358,3038235,3976,3989,-0.10140,0.24960,-0.65910,0.71204,1002.92,1000,-2.92,50.25,202,2.2398,-0.2147,LOCK,0,normal
359,3038243,3984,3997,-0.39780,-0.10530,-0.89310,0.98334,1002.94,1000,-2.94,50.25,202,2.2342,-0.2993,LOCK,0,normal
360,3038252,3993,4006,-0.39780,-0.10530,-0.89310,0.98334,1002.96,1000,-2.96,50.25,202,2.2351,-0.2870,LOCK,0,normal
361,3038260,4001,4014,-0.04680,0.08970,-0.74880,0.75560,1002.98,1000,-2.98,50.25,202,2.2535,-0.0074,LOCK,0,normal
362,3038285,4026,4039,-0.08190,0.10530,-0.78000,0.79133,1003.00,1000,-3.00,50.25,202,2.2587,0.0716,LOCK,0,normal
363,3038294,4035,4048,-0.08190,0.10530,-0.78000,0.79133,1003.03,1000,-3.03,50.25,202,2.2485,-0.0834,LOCK,0,normal
364,3038302,4043,4056,-0.14820,0.09360,-0.70980,0.73112,1003.06,1000,-3.06,50.25,202,2.2561,0.0316,LOCK,0,normal
365,3038310,4051,4064,-0.27690,-0.03900,-0.76440,0.81394,1003.08,1000,-3.08,50.25,202,2.2442,-0.1482,LOCK,0,normal
366,3038319,4060,4073,-0.14040,-0.16380,-0.74880,0.77926,1003.10,1000,-3.10,50.25,202,2.2321,-0.3313,LOCK,0,normal
367,3038347,4088,4101,-0.14040,0.10920,-0.76050,0.78102,1003.11,1000,-3.11,50.25,202,2.2653,0.1714,LOCK,0,normal
368,3038355,4096,4109,-0.14040,0.10920,-0.76050,0.78102,1003.14,1000,-3.14,50.25,202,2.2625,0.1293,LOCK,0,normal
369,3038364,4105,4118,-0.27690,0.14430,-0.65520,0.72580,1003.16,1000,-3.16,50.25,202,2.2450,-0.1359,LOCK,0,normal
370,3038372,4113,4126,-0.28080,-0.24960,-0.92040,0.99413,1003.18,1000,-3.18,50.25,202,2.2492,-0.0734,LOCK,0,normal
371,3038381,4122,4135,0.01170,-0.04680,-0.69810,0.69976,1003.20,1000,-3.20,50.25,202,2.2480,-0.0908,LOCK,0,normal
372,3038438,4179,4192,-0.24960,-0.07020,-0.90090,0.93747,1003.24,1000,-3.24,50.25,202,2.2653,0.1717,LOCK,0,normal
373,3038446,4187,4200,0.06240,-0.00780,-0.78390,0.78642,1003.27,1000,-3.27,50.25,202,2.2693,0.2325,LOCK,0,normal
374,3038455,4196,4209,0.07020,0.16770,-0.94770,0.96498,1003.30,1000,-3.30,50.25,202,2.2472,-0.1030,LOCK,0,normal
375,3038463,4204,4217,0.13260,0.00000,-0.90090,0.91061,1003.32,1000,-3.32,50.25,202,2.2540,-0.0001,LOCK,0,normal
376,3038472,4213,4226,-0.12480,0.20280,-0.72930,0.76719,1003.34,1000,-3.34,50.25,202,2.2565,0.0374,LOCK,0,normal
377,3038486,4227,4240,-0.32370,0.17160,-0.77610,0.85823,1003.36,1000,-3.36,50.25,202,2.2604,0.0976,LOCK,0,normal
378,3038495,4236,4249,-0.10140,-0.10140,-0.80340,0.81610,1003.38,1000,-3.38,50.25,202,2.2704,0.2481,LOCK,0,normal
379,3038503,4244,4257,-0.06240,-0.08580,-0.82290,0.82971,1003.39,1000,-3.39,50.25,202,2.2600,0.0915,LOCK,0,normal
380,3038511,4252,4265,0.23400,0.49530,-0.86580,1.02454,1003.40,1000,-3.40,50.25,202,2.2397,-0.2168,LOCK,0,normal
381,3038520,4261,4274,0.23400,0.49530,-0.86580,1.02454,1003.41,1000,-3.41,50.25,202,2.2498,-0.0636,LOCK,0,normal
382,3038528,4269,4282,0.07800,0.00390,-0.71760,0.72184,1003.45,1000,-3.45,50.25,202,2.2463,-0.1164,LOCK,0,normal
383,3038594,4335,4348,-0.13650,0.30810,-0.70590,0.78221,1003.48,1000,-3.48,50.25,202,2.2700,0.2432,LOCK,0,normal
384,3038602,4343,4356,-0.31980,0.00780,-0.96330,1.01503,1003.50,1000,-3.50,50.25,202,2.2316,-0.3389,LOCK,0,normal
385,3038611,4352,4365,-0.31980,0.00780,-0.96330,1.01503,1003.52,1000,-3.52,50.25,202,2.2549,0.0133,LOCK,0,normal
386,3038619,4360,4373,-0.02340,0.08970,-0.74490,0.75065,1003.55,1000,-3.55,50.25,202,2.2474,-0.0996,LOCK,0,normal
387,3038627,4368,4381,0.09360,-0.11700,-0.92820,0.94022,1003.56,1000,-3.56,50.25,202,2.2387,-0.2321,LOCK,0,normal
388,3038647,4388,4401,-0.16380,0.07800,-0.80730,0.82743,1003.59,1000,-3.59,50.25,202,2.2631,0.1372,LOCK,0,normal
389,3038655,4396,4409,-0.28470,0.00780,-0.66690,0.72517,1003.62,1000,-3.62,50.25,202,2.2628,0.1327,LOCK,0,normal
390,3038664,4405,4418,-0.35490,-0.10530,-0.77610,0.85987,1003.64,1000,-3.64,50.25,202,2.2590,0.0762,LOCK,0,normal
391,3038672,4413,4426,-0.35490,-0.10530,-0.77610,0.85987,1003.66,1000,-3.66,50.25,202,2.2255,-0.4323,LOCK,0,normal
392,3038681,4422,4435,-0.01170,-0.00780,-0.77220,0.77233,1003.67,1000,-3.67,50.25,202,2.2569,0.0438,LOCK,0,normal
393,3038689,4430,4443,-0.14430,-0.11310,-0.76050,0.78229,1003.69,1000,-3.69,50.25,202,2.2295,-0.3719,LOCK,0,normal
394,3038698,4439,4452,0.19890,-0.16380,-0.81120,0.85114,1003.70,1000,-3.70,50.25,202,2.2555,0.0231,LOCK,0,normal
395,3038755,4496,4509,0.07410,-0.19110,-0.95550,0.97724,1003.73,1000,-3.73,50.25,202,2.2669,0.1949,LOCK,0,normal
396,3038764,4505,4518,0.19890,0.00780,-0.77220,0.79744,1003.75,1000,-3.75,50.25,202,2.2248,-0.4424,LOCK,0,normal
397,3038772,4513,4526,-0.08580,0.17940,-0.88920,0.91117,1003.77,1000,-3.77,50.25,202,2.2444,-0.1454,LOCK,0,normal
398,3038781,4522,4535,-0.10920,0.12480,-0.66300,0.68342,1003.79,1000,-3.79,50.25,202,2.2469,-0.1076,LOCK,0,normal
399,3038796,4537,4550,-0.29250,-0.16380,-0.88530,0.94665,1003.81,1000,-3.81,50.25,202,2.2676,0.2059,LOCK,0,normal
400,3038805,4546,4559,-0.00390,0.00390,-0.73320,0.73322,1003.82,1000,-3.82,50.25,202,2.2666,0.1907,LOCK,0,normal
401,3038813,4554,4567,-0.06630,0.07020,-0.89700,0.90218,1003.84,1000,-3.84,50.25,202,2.2566,0.0396,LOCK,0,normal
402,3038822,4563,4576,0.06630,-0.00780,-0.78000,0.78285,1003.85,1000,-3.85,50.25,202,2.2456,-0.1277,LOCK,0,normal
403,3038830,4571,4584,-0.16770,0.23790,-0.62790,0.69208,1003.85,1000,-3.85,50.25,202,2.2480,-0.0914,LOCK,0,normal
404,3038839,4580,4593,-0.40170,0.03510,-0.74100,0.84361,1003.86,1000,-3.86,50.25,202,2.2595,0.0829,LOCK,0,normal
405,3038854,4595,4608,-0.05460,-0.03510,-0.74880,0.75161,1003.86,1000,-3.86,50.25,202,2.2647,0.1623,LOCK,0,normal
406,3038862,4603,4616,-0.07800,-0.05850,-0.82290,0.82866,1003.86,1000,-3.86,50.25,202,2.2624,0.1278,LOCK,0,normal
407,3038871,4612,4625,0.08580,0.27690,-0.72150,0.77756,1003.87,1000,-3.87,50.25,202,2.2592,0.0780,LOCK,0,normal
408,3038879,4620,4633,0.05850,0.09360,-0.72930,0.73761,1003.87,1000,-3.87,50.25,202,2.2602,0.0936,LOCK,0,normal
409,3038888,4629,4642,0.05850,0.09360,-0.72930,0.73761,1003.90,1000,-3.90,50.25,202,2.2570,0.0451,LOCK,0,normal
410,3038897,4638,4651,-0.21450,0.12870,-0.67470,0.71958,1003.93,1000,-3.93,50.25,202,2.2635,0.1434,LOCK,0,normal
411,3038905,4646,4659,-0.28470,0.10140,-0.70980,0.77146,1003.95,1000,-3.95,50.25,202,2.2604,0.0973,LOCK,0,normal
412,3038914,4655,4668,-0.13650,-0.25350,-0.82680,0.87550,1003.97,1000,-3.97,50.25,202,2.2462,-0.1179,LOCK,0,normal
413,3038922,4663,4676,-0.08970,-0.05850,-0.80730,0.81437,1003.99,1000,-3.99,50.25,202,2.2485,-0.0831,LOCK,0,normal
414,3038930,4671,4684,0.04680,0.10530,-0.69810,0.70755,1004.01,1000,-4.01,50.25,202,2.2446,-0.1417,LOCK,0,normal
415,3038939,4680,4693,0.04680,0.10530,-0.69810,0.70755,1004.02,1000,-4.02,50.25,202,2.2554,0.0219,LOCK,0,normal
416,3038953,4694,4707,-0.16770,0.16380,-0.64350,0.68487,1004.03,1000,-4.03,50.25,202,2.2615,0.1134,LOCK,0,normal
417,3038961,4702,4715,-0.26910,-0.12090,-0.91260,0.95910,1004.04,1000,-4.04,50.25,202,2.2669,0.1959,LOCK,0,normal
418,3038970,4711,4724,-0.26910,-0.12090,-0.91260,0.95910,1004.05,1000,-4.05,50.25,202,2.2593,0.0802,LOCK,0,normal
419,3038978,4719,4732,0.04290,-0.07410,-0.69810,0.70333,1004.05,1000,-4.05,50.25,202,2.2628,0.1336,LOCK,0,normal
420,3038987,4728,4741,0.03900,-0.10530,-0.82680,0.83439,1004.06,1000,-4.06,50.25,202,2.2663,0.1861,LOCK,0,normal
421,3039000,4741,4754,0.27300,0.01950,-0.78390,0.83031,1004.06,1000,-4.06,50.25,202,2.2671,0.1989,LOCK,0,normal
422,3039009,4750,4763,-0.08580,0.22620,-0.79560,0.83157,1004.06,1000,-4.06,50.25,202,2.2695,0.2355,LOCK,0,normal
423,3039017,4758,4771,-0.20670,0.15990,-0.63570,0.68732,1004.06,1000,-4.06,50.25,202,2.2486,-0.0813,LOCK,0,normal
424,3039025,4766,4779,-0.28080,0.03120,-0.88530,0.92929,1004.07,1000,-4.07,50.25,202,2.2453,-0.1323,LOCK,0,normal
425,3039034,4775,4788,0.01560,0.08580,-0.74490,0.74999,1004.07,1000,-4.07,50.25,202,2.2490,-0.0752,LOCK,0,normal
426,3039042,4783,4796,0.01560,0.08580,-0.74490,0.74999,1004.07,1000,-4.07,50.25,202,2.2622,0.1247,LOCK,0,normal
427,3039055,4796,4809,0.17550,-0.18330,-0.79170,0.83138,1004.07,1000,-4.07,50.25,202,2.2608,0.1025,LOCK,0,normal
428,3039063,4804,4817,0.17550,-0.18330,-0.79170,0.83138,1004.07,1000,-4.07,50.25,202,2.2603,0.0948,LOCK,0,normal
429,3039072,4813,4826,-0.03510,0.10920,-0.76050,0.76910,1004.07,1000,-4.07,50.25,202,2.2592,0.0786,LOCK,0,normal
430,3039080,4821,4834,-0.24960,0.22230,-0.74100,0.81290,1004.07,1000,-4.07,50.25,202,2.2286,-0.3853,LOCK,0,normal
431,3039089,4830,4843,-0.22620,-0.14820,-0.85410,0.89589,1004.07,1000,-4.07,50.25,202,2.2610,0.1055,LOCK,0,normal
432,3039097,4838,4851,0.03900,-0.03900,-0.79950,0.80140,1004.07,1000,-4.07,50.25,202,2.2425,-0.1738,LOCK,0,normal
433,3039106,4847,4860,0.10530,-0.03120,-0.98280,0.98892,1004.07,1000,-4.07,50.25,202,2.2409,-0.1988,LOCK,0,normal
434,3039157,4898,4911,0.06240,0.01950,-0.76830,0.77108,1004.06,1000,-4.06,50.25,202,2.2656,0.1751,LOCK,0,normal
435,3039165,4906,4919,0.06240,0.01950,-0.76830,0.77108,1004.06,1000,-4.06,50.25,202,2.2607,0.1015,LOCK,0,normal
436,3039174,4915,4928,0.23790,0.22230,-0.92040,0.97629,1004.05,1000,-4.05,50.25,202,2.2707,0.2532,LOCK,0,normal
437,3039182,4923,4936,0.12480,0.14430,-0.81120,0.83333,1004.03,1000,-4.03,50.25,202,2.2620,0.1211,LOCK,0,normal
438,3039191,4932,4945,-0.16770,0.15990,-0.66690,0.70601,1004.02,1000,-4.02,50.25,202,2.2604,0.0967,LOCK,0,normal
439,3039204,4945,4958,-0.33150,0.04680,-0.78780,0.85599,1004.01,1000,-4.01,50.25,202,2.2648,0.1635,LOCK,0,normal
440,3039212,4953,4966,0.01560,0.02730,-0.81510,0.81571,1003.99,1000,-3.99,50.25,202,2.2613,0.1110,LOCK,0,normal
441,3039221,4962,4975,-0.04680,-0.16770,-0.88530,0.90226,1003.98,1000,-3.98,50.25,202,2.2339,-0.3038,LOCK,0,normal
442,3039229,4970,4983,0.08190,0.18330,-0.72540,0.75267,1003.97,1000,-3.97,50.25,202,2.2530,-0.0157,LOCK,0,normal
443,3039238,4979,4992,0.08190,0.18330,-0.72540,0.75267,1003.96,1000,-3.96,50.25,202,2.2509,-0.0468,LOCK,0,normal
444,3039246,4987,5000,0.08970,-0.03510,-0.73320,0.73950,1003.95,1000,-3.95,50.25,202,2.2527,-0.0200,LOCK,0,normal
445,3039261,5002,5015,-0.24180,0.03120,-0.78780,0.82466,1003.93,1000,-3.93,50.25,202,2.2691,0.2291,LOCK,0,normal
446,3039270,5011,5024,-0.08580,-0.13260,-0.85800,0.87242,1003.92,1000,-3.92,50.25,202,2.2616,0.1159,LOCK,0,normal
447,3039278,5019,5032,-0.08580,-0.13260,-0.85800,0.87242,1003.90,1000,-3.90,50.25,202,2.2605,0.0982,LOCK,0,normal
448,3039287,5028,5041,0.08970,-0.15210,-0.83070,0.84926,1003.89,1000,-3.89,50.25,202,2.2654,0.1733,LOCK,0,normal
449,3039295,5036,5049,0.11310,0.02730,-0.69420,0.70388,1003.88,1000,-3.88,50.25,202,2.2626,0.1305,LOCK,0,normal
450,3039304,5045,5058,-0.01950,0.13260,-0.75270,0.76454,1003.85,1000,-3.85,50.25,202,2.2604,0.0964,LOCK,0,normal
451,3039312,5053,5066,-0.11310,0.22230,-0.72540,0.76708,1003.83,1000,-3.83,50.25,202,2.2636,0.1449,LOCK,0,normal
452,3039320,5061,5074,-0.25350,0.08580,-0.90090,0.93981,1003.81,1000,-3.81,50.25,202,2.2292,-0.3759,LOCK,0,normal
453,3039329,5070,5083,-0.25350,0.08580,-0.90090,0.93981,1003.80,1000,-3.80,50.25,202,2.2532,-0.0117,LOCK,0,normal
454,3039337,5078,5091,-0.01560,0.01950,-0.70980,0.71024,1003.78,1000,-3.78,50.25,202,2.2453,-0.1314,LOCK,0,normal
455,3039346,5087,5100,-0.06630,-0.15600,-0.83070,0.84782,1003.76,1000,-3.76,50.25,202,2.2489,-0.0773,LOCK,0,normal
456,3039361,5102,5115,0.17940,0.18720,-0.78000,0.82197,1003.74,1000,-3.74,50.25,202,2.2639,0.1501,LOCK,0,normal
457,3039369,5110,5123,-0.08970,0.20670,-0.84240,0.87201,1003.72,1000,-3.72,50.25,202,2.2595,0.0838,LOCK,0,normal
458,3039378,5119,5132,-0.17550,0.15210,-0.64740,0.68779,1003.70,1000,-3.70,50.25,202,2.2594,0.0820,LOCK,0,normal
459,3039386,5127,5140,-0.32370,-0.07020,-0.89310,0.95254,1003.68,1000,-3.68,50.25,202,2.2419,-0.1833,LOCK,0,normal
460,3039394,5135,5148,0.00000,0.08190,-0.72930,0.73388,1003.67,1000,-3.67,50.25,202,2.2538,-0.0026,LOCK,0,normal
461,3039408,5149,5162,-0.05850,-0.03510,-0.86190,0.86460,1003.65,1000,-3.65,50.25,202,2.2355,-0.2800,LOCK,0,normal
462,3039416,5157,5170,0.17550,-0.10140,-0.87360,0.89680,1003.64,1000,-3.64,50.25,202,2.2394,-0.2211,LOCK,0,normal
463,3039463,5204,5217,0.03900,0.00000,-0.78000,0.78097,1003.60,1000,-3.60,50.25,202,2.2687,0.2233,LOCK,0,normal
464,3039471,5212,5225,0.08580,-0.00780,-0.96330,0.96714,1003.56,1000,-3.56,50.25,202,2.2572,0.0487,LOCK,0,normal
465,3039480,5221,5234,0.15600,-0.09360,-0.68640,0.71010,1003.53,1000,-3.53,50.25,202,2.2632,0.1388,LOCK,0,normal
466,3039488,5229,5242,-0.14430,0.07800,-0.82290,0.83909,1003.51,1000,-3.51,50.25,202,2.2637,0.1464,LOCK,0,normal
467,3039497,5238,5251,-0.19890,0.11310,-0.69030,0.72723,1003.48,1000,-3.48,50.25,202,2.2705,0.2499,LOCK,0,normal
468,3039505,5246,5259,-0.19500,-0.24180,-0.92040,0.97141,1003.46,1000,-3.46,50.25,202,2.2579,0.0588,LOCK,0,normal
469,3039514,5255,5268,-0.19500,-0.24180,-0.92040,0.97141,1003.44,1000,-3.44,50.25,202,2.2573,0.0503,LOCK,0,normal
470,3039522,5263,5276,0.02730,-0.03510,-0.79170,0.79295,1003.42,1000,-3.42,50.25,202,2.2581,0.0622,LOCK,0,normal
471,3039531,5272,5285,0.11700,0.10530,-0.93210,0.94530,1003.41,1000,-3.41,50.25,202,2.2568,0.0423,LOCK,0,normal
472,3039539,5280,5293,0.12870,0.06240,-0.79560,0.80835,1003.39,1000,-3.39,50.25,202,2.2371,-0.2565,LOCK,0,normal
473,3039548,5289,5302,-0.15210,0.17550,-0.68250,0.72093,1003.38,1000,-3.38,50.25,202,2.2269,-0.4107,LOCK,0,normal
474,3039556,5297,5310,-0.15210,0.17550,-0.68250,0.72093,1003.36,1000,-3.36,50.25,202,2.2498,-0.0630,LOCK,0,normal
475,3039577,5318,5331,-0.05850,-0.05850,-0.86190,0.86586,1003.35,1000,-3.35,50.25,202,2.2603,0.0954,LOCK,0,normal
476,3039586,5327,5340,-0.05850,-0.05850,-0.86190,0.86586,1003.34,1000,-3.34,50.25,202,2.2663,0.1864,LOCK,0,normal
477,3039594,5335,5348,0.05460,0.29250,-0.72540,0.78406,1003.33,1000,-3.33,50.25,202,2.2653,0.1711,LOCK,0,normal
478,3039607,5348,5361,0.07020,0.07800,-0.76050,0.76771,1003.30,1000,-3.30,50.25,202,2.2662,0.1849,LOCK,0,normal
479,3039616,5357,5370,-0.12480,0.23790,-0.71370,0.76259,1003.27,1000,-3.27,50.25,202,2.2608,0.1025,LOCK,0,normal
480,3039625,5366,5379,-0.26130,0.10530,-0.79560,0.84401,1003.24,1000,-3.24,50.25,202,2.2575,0.0524,LOCK,0,normal
481,3039633,5374,5387,-0.10530,-0.05070,-0.86190,0.86979,1003.21,1000,-3.21,50.25,202,2.2467,-0.1109,LOCK,0,normal
482,3039641,5382,5395,-0.04290,-0.07020,-0.78780,0.79208,1003.19,1000,-3.19,50.25,202,2.2468,-0.1088,LOCK,0,normal
483,3039650,5391,5404,0.15990,0.06240,-0.70200,0.72268,1003.17,1000,-3.17,50.25,202,2.2293,-0.3740,LOCK,0,normal
484,3039658,5399,5412,0.15990,0.06240,-0.70200,0.72268,1003.15,1000,-3.15,50.25,202,2.2482,-0.0874,LOCK,0,normal
485,3039669,5410,5423,-0.00780,0.16770,-0.75270,0.77119,1003.12,1000,-3.12,50.25,202,2.2671,0.1980,LOCK,0,normal
486,3039677,5418,5431,-0.13260,0.19500,-0.74100,0.77762,1003.10,1000,-3.10,50.25,202,2.2505,-0.0532,LOCK,0,normal
487,3039685,5426,5439,-0.33930,-0.02340,-0.88920,0.95202,1003.07,1000,-3.07,50.25,202,2.2657,0.1775,LOCK,0,normal
488,3039694,5435,5448,-0.00390,-0.10530,-0.78390,0.79095,1003.05,1000,-3.05,50.25,202,2.2366,-0.2635,LOCK,0,normal
489,3039702,5443,5456,-0.09750,-0.16770,-0.87360,0.89488,1003.03,1000,-3.03,50.25,202,2.2544,0.0054,LOCK,0,normal
490,3039711,5452,5465,0.17940,-0.14820,-0.77220,0.80650,1003.01,1000,-3.01,50.25,202,2.2472,-0.1033,LOCK,0,normal
491,3039719,5460,5473,0.17940,-0.14820,-0.77220,0.80650,1002.98,1000,-2.98,50.25,202,2.2596,0.0844,LOCK,0,normal
492,3039770,5511,5524,-0.03120,-0.03510,-0.92040,0.92160,1002.96,1000,-2.96,50.25,202,2.2657,0.1778,LOCK,0,normal
493,3039779,5520,5533,0.15210,-0.10530,-0.86970,0.88916,1002.92,1000,-2.92,50.25,202,2.2643,0.1562,LOCK,0,normal
494,3039787,5528,5541,-0.06630,0.13260,-0.76830,0.78247,1002.89,1000,-2.89,50.25,202,2.2681,0.2142,LOCK,0,normal
495,3039796,5537,5550,-0.31200,0.11700,-0.76830,0.83745,1002.87,1000,-2.87,50.25,202,2.2645,0.1598,LOCK,0,normal
496,3039809,5550,5563,-0.22230,-0.03900,-0.85800,0.88719,1002.84,1000,-2.84,50.25,202,2.2635,0.1446,LOCK,0,normal
497,3039818,5559,5572,0.00000,-0.04290,-0.82680,0.82791,1002.82,1000,-2.82,50.25,202,2.2668,0.1937,LOCK,0,normal
498,3039826,5567,5580,0.13650,0.10530,-0.94770,0.96325,1002.80,1000,-2.80,50.25,202,2.2512,-0.0428,LOCK,0,normal
499,3039835,5576,5589,0.19890,-0.15210,-0.73710,0.77847,1002.78,1000,-2.78,50.25,202,2.2621,0.1232,LOCK,0,normal
500,3039843,5584,5597,0.19890,-0.15210,-0.73710,0.77847,1002.76,1000,-2.76,50.25,202,2.2501,-0.0584,LOCK,0,normal
501,3039851,5592,5605,-0.10920,0.18330,-0.79170,0.81995,1002.74,1000,-2.74,50.25,202,2.2416,-0.1885,LOCK,0,normal
502,3039860,5601,5614,-0.21060,0.08190,-0.65910,0.69676,1002.72,1000,-2.72,50.25,202,2.2504,-0.0548,LOCK,0,normal
503,3039873,5614,5627,-0.28860,-0.40950,-0.91260,1.04107,1002.70,1000,-2.70,50.25,202,2.2614,0.1116,LOCK,0,normal
504,3039881,5622,5635,0.00000,-0.03900,-0.72150,0.72255,1002.69,1000,-2.69,50.25,202,2.2628,0.1327,LOCK,0,normal
505,3039889,5630,5643,0.09750,0.14040,-0.89700,0.91314,1002.67,1000,-2.67,50.25,202,2.2642,0.1540,LOCK,0,normal
506,3039898,5639,5652,0.10530,0.09750,-0.67470,0.68979,1002.66,1000,-2.66,50.25,202,2.2608,0.1025,LOCK,0,normal
507,3039906,5647,5660,-0.20280,0.24180,-0.65910,0.73076,1002.64,1000,-2.64,50.25,202,2.2628,0.1336,LOCK,0,normal
508,3039915,5656,5669,-0.20280,0.24180,-0.65910,0.73076,1002.63,1000,-2.63,50.25,202,2.2642,0.1547,LOCK,0,normal
509,3039923,5664,5677,-0.33150,0.10920,-0.73710,0.81556,1002.61,1000,-2.61,50.25,202,2.2623,0.1263,LOCK,0,normal
510,3039932,5673,5686,-0.04290,-0.05850,-0.72150,0.72514,1002.60,1000,-2.60,50.25,202,2.2660,0.1818,LOCK,0,normal
511,3039940,5681,5694,-0.01170,-0.15990,-0.83850,0.85369,1002.59,1000,-2.59,50.25,202,2.2608,0.1037,LOCK,0,normal
512,3039949,5690,5703,0.07410,0.21450,-0.64350,0.68234,1002.58,1000,-2.58,50.25,202,2.2579,0.0591,LOCK,0,normal
513,3039957,5698,5711,0.09360,0.07800,-0.75270,0.76250,1002.57,1000,-2.57,50.25,202,2.2481,-0.0892,LOCK,0,normal
514,3039966,5707,5720,0.09360,0.07800,-0.75270,0.76250,1002.55,1000,-2.55,50.25,202,2.2651,0.1684,LOCK,0,normal
515,3039977,5718,5731,-0.16380,0.17940,-0.60060,0.64787,1002.53,1000,-2.53,50.25,202,2.2678,0.2090,LOCK,0,normal
516,3039985,5726,5739,-0.33930,0.08580,-0.77220,0.84781,1002.52,1000,-2.52,50.25,202,2.2697,0.2380,LOCK,0,normal
517,3039994,5735,5748,-0.08970,-0.09360,-0.79560,0.80609,1002.51,1000,-2.51,50.25,202,2.2667,0.1919,LOCK,0,normal
518,3040002,5743,5756,-0.00780,-0.17160,-0.76830,0.78727,1002.49,1000,-2.49,50.25,202,2.2381,-0.2410,LOCK,0,normal
519,3040016,5757,5770,0.10530,0.05850,-0.72930,0.73918,1002.48,1000,-2.48,50.25,202,2.2462,-0.1176,LOCK,0,normal
520,3040024,5765,5778,0.00000,0.08190,-0.69810,0.70289,1002.48,1000,-2.48,50.25,202,2.2546,0.0084,LOCK,0,normal
521,3040032,5773,5786,-0.18720,0.15990,-0.68250,0.72555,1002.47,1000,-2.47,50.25,202,2.2673,0.2017,LOCK,0,normal
522,3040077,5818,5831,0.11310,0.05070,-0.74100,0.75129,1002.47,1000,-2.47,50.25,202,2.2652,0.1690,LOCK,0,normal
523,3040086,5827,5840,-0.10920,0.13650,-0.79170,0.81077,1002.46,1000,-2.46,50.25,202,2.2582,0.0637,LOCK,0,normal
524,3040094,5835,5848,-0.20670,0.13260,-0.55380,0.60581,1002.46,1000,-2.46,50.25,202,2.2639,0.1498,LOCK,0,normal
525,3040103,5844,5857,-0.31200,-0.23010,-0.81510,0.90260,1002.45,1000,-2.45,50.25,202,2.2582,0.0643,LOCK,0,normal
526,3040111,5852,5865,-0.05460,0.09360,-0.71370,0.72188,1002.44,1000,-2.44,50.25,202,2.2648,0.1635,LOCK,0,normal
527,3040120,5861,5874,-0.05460,0.09360,-0.71370,0.72188,1002.44,1000,-2.44,50.25,202,2.2575,0.0536,LOCK,0,normal
528,3040128,5869,5882,-0.11310,-0.07410,-0.95160,0.96116,1002.43,1000,-2.43,50.25,202,2.2626,0.1296,LOCK,0,normal
529,3040137,5878,5891,0.10140,-0.02730,-0.90090,0.90700,1002.43,1000,-2.43,50.25,202,2.2683,0.2160,LOCK,0,normal
530,3040145,5886,5899,-0.07410,0.22620,-0.82290,0.85663,1002.43,1000,-2.43,50.25,202,2.2525,-0.0230,LOCK,0,normal
531,3040154,5895,5908,-0.28860,0.01170,-0.74490,0.79894,1002.42,1000,-2.42,50.25,202,2.2516,-0.0364,LOCK,0,normal
532,3040162,5903,5916,-0.25740,-0.05460,-0.83070,0.87138,1002.42,1000,-2.42,50.25,202,2.2389,-0.2294,LOCK,0,normal
533,3040171,5912,5925,-0.25740,-0.05460,-0.83070,0.87138,1002.42,1000,-2.42,50.25,202,2.2552,0.0188,LOCK,0,normal
534,3040180,5921,5934,-0.01560,0.07020,-0.83850,0.84158,1002.41,1000,-2.41,50.25,202,2.2652,0.1699,LOCK,0,normal
535,3040188,5929,5942,0.12870,0.23010,-0.94380,0.97993,1002.41,1000,-2.41,50.25,202,2.2642,0.1547,LOCK,0,normal
536,3040197,5938,5951,0.10920,-0.08190,-0.79560,0.80722,1002.41,1000,-2.41,50.25,202,2.2645,0.1586,LOCK,0,normal
537,3040205,5946,5959,-0.14430,0.08580,-0.83460,0.85132,1002.39,1000,-2.39,50.25,202,2.2613,0.1101,LOCK,0,normal
538,3040219,5960,5973,-0.23010,0.13650,-0.72930,0.77682,1002.38,1000,-2.38,50.25,202,2.2598,0.0881,LOCK,0,normal
539,3040227,5968,5981,-0.23010,-0.16380,-0.95940,1.00011,1002.36,1000,-2.36,50.25,202,2.2615,0.1134,LOCK,0,normal
540,3040236,5977,5990,-0.01560,-0.00780,-0.75660,0.75680,1002.35,1000,-2.35,50.25,202,2.2576,0.0548,LOCK,0,normal
541,3040244,5985,5998,0.06630,0.16380,-0.97110,0.98705,1002.34,1000,-2.34,50.25,202,2.2475,-0.0990,LOCK,0,normal
542,3040252,5993,6006,0.06630,0.16380,-0.97110,0.98705,1002.33,1000,-2.33,50.25,202,2.2440,-0.1515,LOCK,0,normal
543,3040261,6002,6015,0.17550,0.01560,-0.72930,0.75028,1002.32,1000,-2.32,50.25,202,2.2495,-0.0682,LOCK,0,normal
544,3040269,6010,6023,-0.16380,0.20670,-0.72150,0.76819,1002.31,1000,-2.31,50.25,202,2.2293,-0.3737,LOCK,0,normal
545,3040284,6025,6038,-0.30420,0.07800,-0.72930,0.79404,1002.30,1000,-2.30,50.25,202,2.2590,0.0762,LOCK,0,normal
546,3040293,6034,6047,-0.01560,-0.24180,-0.82290,0.85783,1002.29,1000,-2.29,50.25,202,2.2605,0.0985,LOCK,0,normal
547,3040301,6042,6055,-0.05850,-0.14430,-0.81510,0.82984,1002.28,1000,-2.28,50.25,202,2.2602,0.0939,LOCK,0,normal
548,3040310,6051,6064,0.07020,0.27300,-0.78000,0.82937,1002.27,1000,-2.27,50.25,202,2.2475,-0.0987,LOCK,0,normal
549,3040318,6059,6072,0.13260,0.14820,-0.86190,0.88454,1002.26,1000,-2.26,50.25,202,2.2660,0.1821,LOCK,0,normal
550,3040327,6068,6081,-0.10140,0.23400,-0.65130,0.69945,1002.25,1000,-2.25,50.25,202,2.2498,-0.0642,LOCK,0,normal
551,3040335,6076,6089,-0.10140,0.23400,-0.65130,0.69945,1002.24,1000,-2.24,50.25,202,2.2546,0.0097,LOCK,0,normal
552,3040385,6126,6139,-0.03120,-0.02730,-0.64350,0.64483,1002.24,1000,-2.24,50.25,202,2.2573,0.0496,LOCK,0,normal
553,3040394,6135,6148,-0.18720,0.17940,-0.70980,0.75567,1002.23,1000,-2.23,50.25,202,2.2694,0.2337,LOCK,0,normal
554,3040402,6143,6156,-0.27690,0.03120,-0.76830,0.81727,1002.23,1000,-2.23,50.25,202,2.2561,0.0326,LOCK,0,normal
555,3040411,6152,6165,-0.05850,-0.10530,-0.78780,0.79696,1002.22,1000,-2.22,50.25,202,2.2597,0.0857,LOCK,0,normal
556,3040424,6165,6178,-0.09360,-0.11310,-0.84240,0.85510,1002.21,1000,-2.21,50.25,202,2.2660,0.1818,LOCK,0,normal
557,3040433,6174,6187,0.17160,-0.19110,-0.72930,0.77320,1002.21,1000,-2.21,50.25,202,2.2603,0.0948,LOCK,0,normal
558,3040441,6182,6195,-0.12090,0.05070,-0.77220,0.78325,1002.20,1000,-2.20,50.25,202,2.2715,0.2652,LOCK,0,normal
559,3040450,6191,6204,-0.23010,0.08190,-0.62010,0.66647,1002.19,1000,-2.19,50.25,202,2.2313,-0.3441,LOCK,0,normal
560,3040458,6199,6212,-0.23010,0.08190,-0.62010,0.66647,1002.18,1000,-2.18,50.25,202,2.2384,-0.2364,LOCK,0,normal
561,3040467,6208,6221,-0.37440,-0.21450,-0.89700,0.99539,1002.17,1000,-2.17,50.25,202,2.2332,-0.3145,LOCK,0,normal
562,3040475,6216,6229,0.00390,0.12870,-0.68250,0.69454,1002.17,1000,-2.17,50.25,202,2.2426,-0.1732,LOCK,0,normal
563,3040488,6229,6242,-0.07800,-0.07800,-0.92430,0.93086,1002.16,1000,-2.16,50.25,202,2.2570,0.0448,LOCK,0,normal
564,3040497,6238,6251,0.15990,0.01170,-0.76830,0.78485,1002.15,1000,-2.15,50.25,202,2.2672,0.1995,LOCK,0,normal
565,3040505,6246,6259,-0.09750,0.15990,-0.77610,0.79838,1002.15,1000,-2.15,50.25,202,2.2626,0.1305,LOCK,0,normal
566,3040514,6255,6268,-0.23790,0.17550,-0.72930,0.78694,1002.14,1000,-2.14,50.25,202,2.2580,0.0609,LOCK,0,normal
567,3040522,6263,6276,-0.19890,-0.01560,-0.82680,0.85053,1002.13,1000,-2.13,50.25,202,2.2611,0.1079,LOCK,0,normal
568,3040531,6272,6285,-0.19890,-0.01560,-0.82680,0.85053,1002.13,1000,-2.13,50.25,202,2.2597,0.0866,LOCK,0,normal
569,3040539,6280,6293,0.01170,-0.00390,-0.82290,0.82299,1002.12,1000,-2.12,50.25,202,2.2585,0.0677,LOCK,0,normal
570,3040548,6289,6302,0.04680,0.11310,-0.90090,0.90918,1002.12,1000,-2.12,50.25,202,2.2355,-0.2806,LOCK,0,normal
571,3040556,6297,6310,0.15990,-0.21450,-0.79950,0.84308,1002.11,1000,-2.11,50.25,202,2.2554,0.0219,LOCK,0,normal
572,3040564,6305,6318,-0.09360,0.23010,-0.81900,0.85584,1002.10,1000,-2.10,50.25,202,2.2300,-0.3643,LOCK,0,normal
573,3040573,6314,6327,-0.21450,0.07020,-0.76050,0.79328,1002.09,1000,-2.09,50.25,202,2.2369,-0.2583,LOCK,0,normal
574,3040591,6332,6345,-0.25740,-0.26520,-0.94380,1.01358,1002.08,1000,-2.08,50.25,202,2.2615,0.1134,LOCK,0,normal
575,3040600,6341,6354,0.05460,-0.03900,-0.78780,0.79065,1002.07,1000,-2.07,50.25,202,2.2618,0.1186,LOCK,0,normal
576,3040608,6349,6362,0.03510,0.06240,-0.97500,0.97763,1002.06,1000,-2.06,50.25,202,2.2685,0.2194,LOCK,0,normal
577,3040617,6358,6371,0.15210,0.01560,-0.76050,0.77572,1002.05,1000,-2.05,50.25,202,2.2482,-0.0886,LOCK,0,normal
578,3040630,6371,6384,-0.19110,0.28080,-0.81120,0.87944,1002.03,1000,-2.03,50.25,202,2.2604,0.0973,LOCK,0,normal
579,3040638,6379,6392,-0.27300,0.14040,-0.73320,0.79487,1002.01,1000,-2.01,50.25,202,2.2449,-0.1381,LOCK,0,normal
580,3040647,6388,6401,-0.00390,-0.12870,-0.89700,0.90619,1002.00,1000,-2.00,50.25,202,2.2611,0.1083,LOCK,0,normal
581,3040693,6434,6447,-0.08580,0.20670,-0.66690,0.70345,1001.98,1000,-1.98,50.25,202,2.2669,0.1949,LOCK,0,normal
582,3040701,6442,6455,-0.31590,0.07800,-0.84240,0.90306,1001.97,1000,-1.97,50.25,202,2.2641,0.1537,LOCK,0,normal
583,3040710,6451,6464,-0.12870,0.03900,-0.81120,0.82227,1001.96,1000,-1.96,50.25,202,2.2620,0.1211,LOCK,0,normal
584,3040718,6459,6472,-0.04680,-0.10920,-0.89700,0.90483,1001.94,1000,-1.94,50.25,202,2.2665,0.1894,LOCK,0,normal
585,3040727,6468,6481,0.06630,0.05850,-0.74100,0.74626,1001.93,1000,-1.93,50.25,202,2.2602,0.0933,LOCK,0,normal
586,3040735,6476,6489,0.06630,0.05850,-0.74100,0.74626,1001.93,1000,-1.93,50.25,202,2.2633,0.1412,LOCK,0,normal
587,3040744,6485,6498,0.02340,0.07020,-0.76050,0.76409,1001.92,1000,-1.92,50.25,202,2.2477,-0.0947,LOCK,0,normal
588,3040752,6493,6506,-0.15990,0.18330,-0.78000,0.81705,1001.91,1000,-1.91,50.25,202,2.2436,-0.1582,LOCK,0,normal
589,3040761,6502,6515,-0.27300,0.09750,-0.82680,0.87615,1001.90,1000,-1.90,50.25,202,2.2491,-0.0746,LOCK,0,normal
590,3040769,6510,6523,-0.12480,0.01950,-0.84630,0.85567,1001.90,1000,-1.90,50.25,202,2.2345,-0.2956,LOCK,0,normal
591,3040788,6529,6542,0.18330,-0.01950,-0.77220,0.79390,1001.89,1000,-1.89,50.25,202,2.2533,-0.0111,LOCK,0,normal
592,3040798,6539,6552,0.18330,-0.01950,-0.77220,0.79390,1001.88,1000,-1.88,50.25,202,2.2637,0.1464,LOCK,0,normal
593,3040806,6547,6560,-0.09360,0.14040,-0.78000,0.79804,1001.87,1000,-1.87,50.25,202,2.2641,0.1534,LOCK,0,normal
594,3040815,6556,6569,-0.22230,0.19890,-0.68640,0.74841,1001.85,1000,-1.85,50.25,202,2.2651,0.1678,LOCK,0,normal
595,3040823,6564,6577,-0.31200,-0.16380,-0.97890,1.04039,1001.84,1000,-1.84,50.25,202,2.2591,0.0771,LOCK,0,normal
596,3040836,6577,6590,-0.02340,0.01950,-0.72150,0.72214,1001.84,1000,-1.84,50.25,202,2.2599,0.0896,LOCK,0,normal
597,3040845,6586,6599,-0.21060,-0.06240,-0.95550,0.98042,1001.83,1000,-1.83,50.25,202,2.2629,0.1351,LOCK,0,normal
598,3040853,6594,6607,0.16380,0.00780,-0.77610,0.79324,1001.82,1000,-1.82,50.25,202,2.2567,0.0414,LOCK,0,normal
599,3040862,6603,6616,-0.10530,0.15210,-0.84240,0.86247,1001.82,1000,-1.82,50.25,202,2.2588,0.0725,LOCK,0,normal
600,3040870,6611,6624,-0.31980,0.03900,-0.72930,0.79729,1001.82,1000,-1.82,50.25,202,2.2359,-0.2739,LOCK,0,normal
601,3040879,6620,6633,-0.31980,0.03900,-0.72930,0.79729,1001.82,1000,-1.82,50.25,202,2.2468,-0.1097,LOCK,0,normal
602,3040887,6628,6641,-0.26910,-0.17940,-0.83850,0.89871,1001.82,1000,-1.82,50.25,202,2.2577,0.0567,LOCK,0,normal
603,3040897,6638,6651,-0.02730,-0.03900,-0.74880,0.75031,1001.82,1000,-1.82,50.25,202,2.2666,0.1907,LOCK,0,normal
604,3040905,6646,6659,0.09360,0.05850,-0.81900,0.82640,1001.82,1000,-1.82,50.25,202,2.2638,0.1479,LOCK,0,normal
605,3040914,6655,6668,0.17160,-0.12090,-0.81510,0.84170,1001.82,1000,-1.82,50.25,202,2.2645,0.1592,LOCK,0,normal
606,3040922,6663,6676,0.00390,0.28860,-0.72540,0.78071,1001.81,1000,-1.81,50.25,202,2.2420,-0.1814,LOCK,0,normal
607,3040931,6672,6685,0.00390,0.28860,-0.72540,0.78071,1001.80,1000,-1.80,50.25,202,2.2391,-0.2251,LOCK,0,normal
608,3040939,6680,6693,-0.18720,0.08580,-0.67080,0.70170,1001.80,1000,-1.80,50.25,202,2.2475,-0.0990,LOCK,0,normal
609,3040948,6689,6702,-0.21450,-0.09750,-0.82290,0.85597,1001.79,1000,-1.79,50.25,202,2.2566,0.0399,LOCK,0,normal
610,3040999,6740,6753,-0.21450,0.14820,-0.69420,0.74154,1001.79,1000,-1.79,50.25,202,2.2584,0.0667,LOCK,0,normal
611,3041007,6748,6761,-0.07410,-0.19500,-0.91650,0.93994,1001.79,1000,-1.79,50.25,202,2.2647,0.1617,LOCK,0,normal
612,3041016,6757,6770,0.01560,-0.11310,-0.81900,0.82692,1001.79,1000,-1.79,50.25,202,2.2640,0.1519,LOCK,0,normal
613,3041024,6765,6778,0.17940,0.29640,-0.86190,0.92893,1001.79,1000,-1.79,50.25,202,2.2602,0.0945,LOCK,0,normal
614,3041038,6779,6792,0.18720,0.09750,-0.85020,0.87601,1001.79,1000,-1.79,50.25,202,2.2673,0.2017,LOCK,0,normal
615,3041046,6787,6800,-0.14820,0.19110,-0.63960,0.68379,1001.78,1000,-1.78,50.25,202,2.2639,0.1498,LOCK,0,normal
616,3041055,6796,6809,-0.32370,-0.02730,-0.77220,0.83775,1001.78,1000,-1.78,50.25,202,2.2660,0.1815,LOCK,0,normal
617,3041063,6804,6817,-0.32370,-0.02730,-0.77220,0.83775,1001.77,1000,-1.77,50.25,202,2.2430,-0.1662,LOCK,0,normal
618,3041071,6812,6825,-0.11310,0.14430,-0.80730,0.82786,1001.77,1000,-1.77,50.25,202,2.2509,-0.0471,LOCK,0,normal
619,3041080,6821,6834,-0.00780,-0.07410,-0.93600,0.93896,1001.77,1000,-1.77,50.25,202,2.2547,0.0106,LOCK,0,normal
620,3041088,6829,6842,0.05070,0.19110,-0.73710,0.76316,1001.76,1000,-1.76,50.25,202,2.2489,-0.0770,LOCK,0,normal
621,3041102,6843,6856,0.02730,0.17160,-0.77220,0.79151,1001.76,1000,-1.76,50.25,202,2.2705,0.2499,LOCK,0,normal
622,3041111,6852,6865,-0.17160,0.23010,-0.77610,0.82748,1001.75,1000,-1.75,50.25,202,2.2638,0.1482,LOCK,0,normal
623,3041119,6860,6873,-0.24960,0.17160,-0.85020,0.90254,1001.75,1000,-1.75,50.25,202,2.2686,0.2218,LOCK,0,normal
624,3041128,6869,6882,-0.12480,-0.08190,-0.87360,0.88626,1001.75,1000,-1.75,50.25,202,2.2649,0.1650,LOCK,0,normal
625,3041136,6877,6890,-0.08970,0.07800,-0.86580,0.87392,1001.74,1000,-1.74,50.25,202,2.2635,0.1440,LOCK,0,normal
626,3041145,6886,6899,-0.08970,0.07800,-0.86580,0.87392,1001.74,1000,-1.74,50.25,202,2.2667,0.1931,LOCK,0,normal
627,3041153,6894,6907,0.14820,0.08580,-0.76830,0.78715,1001.74,1000,-1.74,50.25,202,2.2623,0.1250,LOCK,0,normal
628,3041162,6903,6916,-0.12870,0.08970,-0.75270,0.76887,1001.73,1000,-1.73,50.25,202,2.2508,-0.0490,LOCK,0,normal
629,3041170,6911,6924,-0.24570,0.13260,-0.61620,0.67650,1001.73,1000,-1.73,50.25,202,2.2540,-0.0001,LOCK,0,normal
630,3041179,6920,6933,-0.36270,-0.29250,-0.86580,0.98322,1001.73,1000,-1.73,50.25,202,2.2602,0.0933,LOCK,0,normal
631,3041187,6928,6941,-0.36270,-0.29250,-0.86580,0.98322,1001.73,1000,-1.73,50.25,202,2.2691,0.2291,LOCK,0,normal
632,3041206,6947,6960,-0.08580,-0.05460,-0.84240,0.84852,1001.73,1000,-1.73,50.25,202,2.2640,0.1510,LOCK,0,normal
633,3041215,6956,6969,0.18330,0.04680,-0.77220,0.79504,1001.73,1000,-1.73,50.25,202,2.2506,-0.0520,LOCK,0,normal
634,3041223,6964,6977,-0.11310,0.21840,-0.78000,0.81786,1001.72,1000,-1.72,50.25,202,2.2614,0.1125,LOCK,0,normal
635,3041232,6973,6986,-0.32370,0.03900,-0.70200,0.77402,1001.72,1000,-1.72,50.25,202,2.2337,-0.3078,LOCK,0,normal
636,3041245,6986,6999,-0.26520,-0.04290,-0.85800,0.89907,1001.72,1000,-1.72,50.25,202,2.2393,-0.2220,LOCK,0,normal
637,3041253,6994,7007,0.00780,0.03900,-0.81510,0.81607,1001.72,1000,-1.72,50.25,202,2.2453,-0.1314,LOCK,0,normal
638,3041300,7041,7054,-0.17160,0.08580,-0.72540,0.75034,1001.72,1000,-1.72,50.25,202,2.2608,0.1037,LOCK,0,normal
639,3041309,7050,7063,-0.25740,-0.13650,-0.85800,0.90612,1001.72,1000,-1.72,50.25,202,2.2701,0.2444,LOCK,0,normal
640,3041317,7058,7071,0.00390,-0.13650,-0.70590,0.71899,1001.72,1000,-1.72,50.25,202,2.2654,0.1733,LOCK,0,normal
641,3041326,7067,7080,-0.16770,-0.04290,-0.83850,0.85618,1001.72,1000,-1.72,50.25,202,2.2648,0.1632,LOCK,0,normal
642,3041334,7075,7088,0.12870,-0.07020,-0.66300,0.67901,1001.72,1000,-1.72,50.25,202,2.2623,0.1263,LOCK,0,normal
643,3041343,7084,7097,-0.19500,0.25740,-0.73320,0.80116,1001.73,1000,-1.73,50.25,202,2.2622,0.1247,LOCK,0,normal
644,3041351,7092,7105,-0.19500,0.25740,-0.73320,0.80116,1001.74,1000,-1.74,50.25,202,2.2598,0.0881,LOCK,0,normal
645,3041360,7101,7114,-0.23010,0.15600,-0.65130,0.70815,1001.75,1000,-1.75,50.25,202,2.2575,0.0530,LOCK,0,normal
646,3041368,7109,7122,-0.08970,-0.14040,-0.88140,0.89701,1001.76,1000,-1.76,50.25,202,2.2252,-0.4369,LOCK,0,normal
647,3041377,7118,7131,-0.01950,0.01560,-0.80340,0.80379,1001.77,1000,-1.77,50.25,202,2.2392,-0.2239,LOCK,0,normal
648,3041385,7126,7139,0.23400,0.28080,-0.86970,0.94339,1001.78,1000,-1.78,50.25,202,2.2428,-0.1695,LOCK,0,normal
649,3041394,7135,7148,0.14430,0.08580,-0.81120,0.82839,1001.78,1000,-1.78,50.25,202,2.2414,-0.1906,LOCK,0,normal
650,3041411,7152,7165,-0.17160,0.16770,-0.62400,0.66854,1001.79,1000,-1.79,50.25,202,2.2645,0.1589,LOCK,0,normal
651,3041420,7161,7174,-0.27690,0.04680,-0.82290,0.86950,1001.79,1000,-1.79,50.25,202,2.2664,0.1885,LOCK,0,normal
652,3041428,7169,7182,-0.11700,0.04290,-0.82680,0.83614,1001.80,1000,-1.80,50.25,202,2.2670,0.1971,LOCK,0,normal
653,3041437,7178,7191,-0.11700,-0.05850,-0.91650,0.92579,1001.81,1000,-1.81,50.25,202,2.2665,0.1898,LOCK,0,normal
654,3041450,7191,7204,0.10920,0.16770,-0.76050,0.78639,1001.81,1000,-1.81,50.25,202,2.2562,0.0332,LOCK,0,normal
655,3041459,7200,7213,0.08580,0.09360,-0.76830,0.77872,1001.81,1000,-1.81,50.25,202,2.2692,0.2307,LOCK,0,normal
656,3041467,7208,7221,-0.14430,0.19500,-0.71760,0.75749,1001.80,1000,-1.80,50.25,202,2.2639,0.1504,LOCK,0,normal
657,3041476,7217,7230,-0.20280,-0.01170,-0.75270,0.77963,1001.80,1000,-1.80,50.25,202,2.2564,0.0359,LOCK,0,normal
658,3041484,7225,7238,-0.20280,-0.01170,-0.75270,0.77963,1001.80,1000,-1.80,50.25,202,2.2388,-0.2300,LOCK,0,normal
659,3041493,7234,7247,-0.04290,-0.12870,-0.75660,0.76867,1001.79,1000,-1.79,50.25,202,2.2547,0.0106,LOCK,0,normal
660,3041501,7242,7255,-0.01170,-0.05850,-0.82680,0.82895,1001.79,1000,-1.79,50.25,202,2.2543,0.0039,LOCK,0,normal
661,3041511,7252,7265,0.16770,-0.05070,-0.65520,0.67822,1001.79,1000,-1.79,50.25,202,2.2630,0.1369,LOCK,0,normal
662,3041519,7260,7273,-0.08970,0.14040,-0.68640,0.70633,1001.79,1000,-1.79,50.25,202,2.2685,0.2203,LOCK,0,normal
663,3041528,7269,7282,-0.14820,0.19500,-0.59670,0.64501,1001.79,1000,-1.79,50.25,202,2.2597,0.0869,LOCK,0,normal
664,3041536,7277,7290,-0.14820,0.19500,-0.59670,0.64501,1001.79,1000,-1.79,50.25,202,2.2277,-0.3982,LOCK,0,normal
665,3041545,7286,7299,-0.29640,-0.11310,-0.86190,0.91843,1001.80,1000,-1.80,50.25,202,2.2469,-0.1082,LOCK,0,normal
666,3041553,7294,7307,-0.07020,0.05850,-0.62790,0.63451,1001.80,1000,-1.80,50.25,202,2.2469,-0.1069,LOCK,0,normal
667,3041562,7303,7316,-0.21060,-0.07020,-0.85800,0.88625,1001.80,1000,-1.80,50.25,202,2.2472,-0.1030,LOCK,0,normal
668,3041613,7354,7367,-0.02340,-0.04290,-0.73710,0.73872,1001.80,1000,-1.80,50.25,202,2.2653,0.1717,LOCK,0,normal
669,3041622,7363,7376,-0.04290,-0.03120,-0.82290,0.82461,1001.81,1000,-1.81,50.25,202,2.2654,0.1721,LOCK,0,normal
670,3041630,7371,7384,0.19890,-0.24570,-0.78390,0.84524,1001.82,1000,-1.82,50.25,202,2.2619,0.1195,LOCK,0,normal
671,3041639,7380,7393,0.19890,-0.24570,-0.78390,0.84524,1001.82,1000,-1.82,50.25,202,2.2690,0.2267,LOCK,0,normal
672,3041652,7393,7406,-0.19110,0.09360,-0.67860,0.71118,1001.83,1000,-1.83,50.25,202,2.2602,0.0939,LOCK,0,normal
673,3041661,7402,7415,-0.25740,-0.06630,-0.83850,0.87962,1001.84,1000,-1.84,50.25,202,2.2590,0.0753,LOCK,0,normal
674,3041669,7410,7423,-0.25740,-0.06630,-0.83850,0.87962,1001.84,1000,-1.84,50.25,202,2.2657,0.1775,LOCK,0,normal
675,3041677,7418,7431,0.01950,-0.02340,-0.76050,0.76111,1001.85,1000,-1.85,50.25,202,2.2312,-0.3457,LOCK,0,normal
676,3041686,7427,7440,0.13650,-0.07410,-0.93990,0.95265,1001.85,1000,-1.85,50.25,202,2.2336,-0.3093,LOCK,0,normal
677,3041694,7435,7448,0.16770,0.01560,-0.69810,0.71813,1001.86,1000,-1.86,50.25,202,2.2386,-0.2336,LOCK,0,normal
678,3041703,7444,7457,-0.16380,0.29250,-0.80730,0.87414,1001.86,1000,-1.86,50.25,202,2.2376,-0.2483,LOCK,0,normal
679,3041716,7457,7470,-0.15210,0.21840,-0.67470,0.72530,1001.87,1000,-1.87,50.25,202,2.2724,0.2783,LOCK,0,normal
680,3041724,7465,7478,-0.13650,-0.08190,-0.90090,0.91486,1001.87,1000,-1.87,50.25,202,2.2642,0.1550,LOCK,0,normal
681,3041733,7474,7487,-0.01170,-0.09750,-0.77610,0.78229,1001.88,1000,-1.88,50.25,202,2.2640,0.1522,LOCK,0,normal
682,3041741,7482,7495,-0.01170,-0.09750,-0.77610,0.78229,1001.88,1000,-1.88,50.25,202,2.2560,0.0310,LOCK,0,normal
683,3041750,7491,7504,0.22230,0.46800,-0.92430,1.05961,1001.89,1000,-1.89,50.25,202,2.2604,0.0976,LOCK,0,normal
684,3041758,7499,7512,0.14430,0.09360,-0.82290,0.84068,1001.90,1000,-1.90,50.25,202,2.2616,0.1150,LOCK,0,normal
685,3041767,7508,7521,-0.21450,0.23400,-0.69810,0.76688,1001.91,1000,-1.91,50.25,202,2.2633,0.1412,LOCK,0,normal
686,3041775,7516,7529,-0.35490,-0.05850,-0.82680,0.90165,1001.93,1000,-1.93,50.25,202,2.2681,0.2133,LOCK,0,normal
687,3041784,7525,7538,-0.11700,-0.01560,-0.81120,0.81974,1001.94,1000,-1.94,50.25,202,2.2517,-0.0343,LOCK,0,normal
688,3041792,7533,7546,-0.11700,-0.01560,-0.81120,0.81974,1001.95,1000,-1.95,50.25,202,2.2429,-0.1680,LOCK,0,normal
689,3041801,7542,7555,-0.08970,-0.08580,-0.90480,0.91327,1001.95,1000,-1.95,50.25,202,2.2332,-0.3157,LOCK,0,normal
690,3041809,7550,7563,0.08580,0.23010,-0.73710,0.77693,1001.96,1000,-1.96,50.25,202,2.2621,0.1229,LOCK,0,normal
691,3041820,7561,7574,0.07800,0.15990,-0.79560,0.81525,1001.97,1000,-1.97,50.25,202,2.2677,0.2072,LOCK,0,normal
692,3041829,7570,7583,-0.14820,0.14820,-0.78000,0.80767,1001.98,1000,-1.98,50.25,202,2.2656,0.1751,LOCK,0,normal
693,3041837,7578,7591,-0.25740,0.12090,-0.83070,0.87803,1001.99,1000,-1.99,50.25,202,2.2685,0.2191,LOCK,0,normal
694,3041846,7587,7600,-0.11310,-0.19500,-0.89310,0.92111,1002.00,1000,-2.00,50.25,202,2.2269,-0.4113,LOCK,0,normal
695,3041859,7600,7613,-0.12090,-0.08190,-0.86190,0.87418,1002.01,1000,-2.01,50.25,202,2.2493,-0.0715,LOCK,0,normal
696,3041868,7609,7622,0.17160,0.10920,-0.74100,0.76841,1002.02,1000,-2.02,50.25,202,2.2548,0.0115,LOCK,0,normal
697,3041876,7617,7630,-0.12090,0.06630,-0.74490,0.75755,1002.03,1000,-2.03,50.25,202,2.2699,0.2410,LOCK,0,normal
698,3041921,7662,7675,-0.15210,-0.03900,-0.88920,0.90296,1002.04,1000,-2.04,50.25,202,2.2696,0.2368,LOCK,0,normal
699,3041929,7670,7683,0.26130,0.21840,-0.86580,0.93037,1002.06,1000,-2.06,50.25,202,2.2638,0.1485,LOCK,0,normal
700,3041938,7679,7692,-0.09750,0.23010,-0.85020,0.88617,1002.07,1000,-2.07,50.25,202,2.2614,0.1125,LOCK,0,normal
701,3041946,7687,7700,-0.09750,0.23010,-0.85020,0.88617,1002.09,1000,-2.09,50.25,202,2.2591,0.0777,LOCK,0,normal
702,3041955,7696,7709,-0.30030,0.10920,-0.70200,0.77130,1002.10,1000,-2.10,50.25,202,2.2619,0.1199,LOCK,0,normal
703,3041963,7704,7717,-0.29250,0.01560,-0.89310,0.93991,1002.12,1000,-2.12,50.25,202,2.2611,0.1079,LOCK,0,normal
704,3041972,7713,7726,-0.00390,0.04290,-0.79170,0.79287,1002.13,1000,-2.13,50.25,202,2.2642,0.1547,LOCK,0,normal
705,3041980,7721,7734,0.01950,-0.02730,-0.92820,0.92881,1002.14,1000,-2.14,50.25,202,2.2405,-0.2049,LOCK,0,normal
706,3041989,7730,7743,0.15990,-0.12870,-0.86190,0.88600,1002.15,1000,-2.15,50.25,202,2.2628,0.1339,LOCK,0,normal
707,3041997,7738,7751,0.15990,-0.12870,-0.86190,0.88600,1002.16,1000,-2.16,50.25,202,2.2428,-0.1704,LOCK,0,normal
708,3042006,7747,7760,-0.00390,0.16380,-0.80340,0.81994,1002.18,1000,-2.18,50.25,202,2.2483,-0.0871,LOCK,0,normal
709,3042030,7771,7784,-0.03900,-0.05460,-0.83460,0.83729,1002.19,1000,-2.19,50.25,202,2.2643,0.1562,LOCK,0,normal
710,3042039,7780,7793,-0.03900,-0.05460,-0.83460,0.83729,1002.20,1000,-2.20,50.25,202,2.2593,0.0796,LOCK,0,normal
711,3042047,7788,7801,0.11310,0.01170,-0.94380,0.95062,1002.21,1000,-2.21,50.25,202,2.2645,0.1589,LOCK,0,normal
712,3042060,7801,7814,-0.21450,0.21450,-0.73320,0.79348,1002.23,1000,-2.23,50.25,202,2.2633,0.1409,LOCK,0,normal
713,3042069,7810,7823,-0.21450,0.21450,-0.73320,0.79348,1002.24,1000,-2.24,50.25,202,2.2595,0.0832,LOCK,0,normal
714,3042077,7818,7831,-0.24180,0.11310,-0.62400,0.67870,1002.26,1000,-2.26,50.25,202,2.2644,0.1574,LOCK,0,normal
715,3042086,7827,7840,-0.17160,-0.36660,-0.85800,0.94869,1002.27,1000,-2.27,50.25,202,2.2454,-0.1308,LOCK,0,normal
716,3042094,7835,7848,-0.01170,-0.03900,-0.78390,0.78496,1002.28,1000,-2.28,50.25,202,2.2376,-0.2489,LOCK,0,normal
717,3042103,7844,7857,0.22230,0.19890,-0.87360,0.92312,1002.29,1000,-2.29,50.25,202,2.2476,-0.0975,LOCK,0,normal
718,3042125,7866,7879,-0.17160,0.15990,-0.65130,0.69225,1002.30,1000,-2.30,50.25,202,2.2692,0.2304,LOCK,0,normal
719,3042133,7874,7887,-0.33150,0.01560,-0.79560,0.86204,1002.31,1000,-2.31,50.25,202,2.2618,0.1177,LOCK,0,normal
720,3042142,7883,7896,-0.05850,0.11700,-0.78000,0.79089,1002.33,1000,-2.33,50.25,202,2.2691,0.2285,LOCK,0,normal
721,3042150,7891,7904,-0.05850,0.11700,-0.78000,0.79089,1002.33,1000,-2.33,50.25,202,2.2391,-0.2257,LOCK,0,normal
722,3042159,7900,7913,-0.01950,-0.06630,-0.88530,0.88799,1002.34,1000,-2.34,50.25,202,2.2559,0.0283,LOCK,0,normal
723,3042167,7908,7921,0.08190,0.18330,-0.69420,0.72265,1002.35,1000,-2.35,50.25,202,2.2488,-0.0786,LOCK,0,normal
724,3042221,7962,7975,0.14040,-0.13260,-0.82290,0.84526,1002.35,1000,-2.35,50.25,202,2.2538,-0.0026,LOCK,0,normal
725,3042229,7970,7983,0.19500,-0.05070,-0.71370,0.74160,1002.35,1000,-2.35,50.25,202,2.2664,0.1882,LOCK,0,normal
726,3042238,7979,7992,-0.08970,0.14430,-0.76050,0.77925,1002.36,1000,-2.36,50.25,202,2.2646,0.1601,LOCK,0,normal
727,3042246,7987,8000,-0.16770,0.15210,-0.69420,0.73019,1002.37,1000,-2.37,50.25,202,2.2595,0.0832,LOCK,0,normal
728,3042260,8001,8014,-0.33150,-0.03510,-0.92040,0.97891,1002.39,1000,-2.39,50.25,202,2.2570,0.0454,LOCK,0,normal
729,3042268,8009,8022,-0.01560,0.05850,-0.74100,0.74347,1002.40,1000,-2.40,50.25,202,2.2695,0.2346,LOCK,0,normal
730,3042277,8018,8031,-0.08580,-0.13650,-0.90090,0.91521,1002.40,1000,-2.40,50.25,202,2.2621,0.1226,LOCK,0,normal
731,3042285,8026,8039,-0.08580,-0.13650,-0.90090,0.91521,1002.41,1000,-2.41,50.25,202,2.2584,0.0673,LOCK,0,normal
732,3042294,8035,8048,0.23010,0.11700,-0.79560,0.83643,1002.42,1000,-2.42,50.25,202,2.2474,-0.1002,LOCK,0,normal
733,3042302,8043,8056,-0.04680,0.27300,-0.86190,0.90531,1002.43,1000,-2.43,50.25,202,2.2482,-0.0880,LOCK,0,normal
734,3042310,8051,8064,-0.19890,0.20670,-0.68250,0.74033,1002.44,1000,-2.44,50.25,202,2.2541,0.0017,LOCK,0,normal
735,3042319,8060,8073,-0.31590,0.02340,-0.93990,0.99184,1002.45,1000,-2.45,50.25,202,2.2434,-0.1601,LOCK,0,normal
736,3042332,8073,8086,0.00000,0.09750,-0.71760,0.72419,1002.45,1000,-2.45,50.25,202,2.2634,0.1421,LOCK,0,normal
737,3042341,8082,8095,0.00000,-0.00780,-0.92430,0.92433,1002.46,1000,-2.46,50.25,202,2.2606,0.0997,LOCK,0,normal
738,3042349,8090,8103,0.18720,-0.10140,-0.88530,0.91054,1002.47,1000,-2.47,50.25,202,2.2695,0.2355,LOCK,0,normal
739,3042357,8098,8111,-0.03510,0.26130,-0.79560,0.83815,1002.47,1000,-2.47,50.25,202,2.2607,0.1021,LOCK,0,normal
740,3042366,8107,8120,-0.03510,0.26130,-0.79560,0.83815,1002.48,1000,-2.48,50.25,202,2.2547,0.0109,LOCK,0,normal
741,3042374,8115,8128,-0.23790,0.04680,-0.74100,0.77966,1002.49,1000,-2.49,50.25,202,2.2655,0.1745,LOCK,0,normal
742,3042383,8124,8137,-0.26910,-0.16380,-0.85020,0.90669,1002.50,1000,-2.50,50.25,202,2.2570,0.0451,LOCK,0,normal
743,3042391,8132,8145,0.05070,0.01170,-0.83070,0.83233,1002.50,1000,-2.50,50.25,202,2.2491,-0.0743,LOCK,0,normal
744,3042400,8141,8154,0.02730,0.29250,-1.01790,1.05944,1002.51,1000,-2.51,50.25,202,2.2615,0.1137,LOCK,0,normal
745,3042408,8149,8162,0.02730,0.29250,-1.01790,1.05944,1002.51,1000,-2.51,50.25,202,2.2519,-0.0319,LOCK,0,normal
746,3042417,8158,8171,0.11310,-0.06630,-0.79950,0.81018,1002.51,1000,-2.51,50.25,202,2.2319,-0.3350,LOCK,0,normal
747,3042434,8175,8188,-0.31590,0.11310,-0.71760,0.79217,1002.52,1000,-2.52,50.25,202,2.2622,0.1244,LOCK,0,normal
748,3042442,8183,8196,-0.10920,-0.23400,-0.96720,1.00108,1002.52,1000,-2.52,50.25,202,2.2671,0.1986,LOCK,0,normal
749,3042451,8192,8205,-0.05460,-0.01170,-0.83460,0.83647,1002.52,1000,-2.52,50.25,202,2.2602,0.0942,LOCK,0,normal
750,3042464,8205,8218,0.24180,0.21060,-0.96330,1.01527,1002.52,1000,-2.52,50.25,202,2.2495,-0.0679,LOCK,0,normal
751,3042473,8214,8227,0.11310,0.07800,-0.76050,0.77281,1002.52,1000,-2.52,50.25,202,2.2460,-0.1219,LOCK,0,normal
752,3042481,8222,8235,-0.19890,0.20280,-0.71760,0.77178,1002.51,1000,-2.51,50.25,202,2.2497,-0.0657,LOCK,0,normal
753,3042490,8231,8244,-0.19890,0.20280,-0.71760,0.77178,1002.51,1000,-2.51,50.25,202,2.2567,0.0408,LOCK,0,normal
754,3042536,8277,8290,0.09750,0.14820,-0.79560,0.81514,1002.52,1000,-2.52,50.25,202,2.2649,0.1647,LOCK,0,normal
755,3042544,8285,8298,-0.09750,0.18720,-0.70200,0.73304,1002.52,1000,-2.52,50.25,202,2.2679,0.2105,LOCK,0,normal
756,3042553,8294,8307,-0.31200,0.09360,-0.82680,0.88865,1002.53,1000,-2.53,50.25,202,2.2689,0.2252,LOCK,0,normal
757,3042561,8302,8315,-0.31200,0.09360,-0.82680,0.88865,1002.53,1000,-2.53,50.25,202,2.2612,0.1086,LOCK,0,normal
758,3042570,8311,8324,-0.05460,0.00780,-0.84630,0.84810,1002.53,1000,-2.53,50.25,202,2.2595,0.0835,LOCK,0,normal
759,3042578,8319,8332,0.00000,-0.03510,-0.81120,0.81196,1002.54,1000,-2.54,50.25,202,2.2585,0.0689,LOCK,0,normal
760,3042587,8328,8341,0.21450,0.00780,-0.71760,0.74901,1002.54,1000,-2.54,50.25,202,2.2630,0.1366,LOCK,0,normal
761,3042648,8389,8402,0.19110,0.06240,-0.78000,0.80549,1002.54,1000,-2.54,50.25,202,2.2608,0.1031,LOCK,0,normal
762,3042657,8398,8411,-0.06240,0.12090,-0.81900,0.83022,1002.54,1000,-2.54,50.25,202,2.2616,0.1147,LOCK,0,normal
763,3042670,8411,8424,-0.26130,0.10920,-0.61620,0.67816,1002.53,1000,-2.53,50.25,202,2.2615,0.1134,LOCK,0,normal
764,3042679,8420,8433,-0.32760,-0.11310,-0.88530,0.95072,1002.53,1000,-2.53,50.25,202,2.2602,0.0945,LOCK,0,normal
765,3042687,8428,8441,0.00390,0.10140,-0.65910,0.66687,1002.53,1000,-2.53,50.25,202,2.2633,0.1406,LOCK,0,normal
766,3042696,8437,8450,0.05070,0.00000,-0.86190,0.86339,1002.53,1000,-2.53,50.25,202,2.2664,0.1879,LOCK,0,normal
767,3042704,8445,8458,0.05070,0.00000,-0.86190,0.86339,1002.53,1000,-2.53,50.25,202,2.2606,0.0997,LOCK,0,normal
768,3042713,8454,8467,0.12870,-0.15210,-0.76050,0.78617,1002.53,1000,-2.53,50.25,202,2.2562,0.0338,LOCK,0,normal
769,3042721,8462,8475,-0.06240,0.19500,-0.70590,0.73499,1002.53,1000,-2.53,50.25,202,2.2470,-0.1063,LOCK,0,normal
770,3042730,8471,8484,-0.26520,0.05070,-0.72150,0.77037,1002.54,1000,-2.54,50.25,202,2.2656,0.1751,LOCK,0,normal
771,3042741,8482,8495,-0.23010,-0.02730,-0.85800,0.88874,1002.54,1000,-2.54,50.25,202,2.2639,0.1495,LOCK,0,normal
772,3042749,8490,8503,0.01170,-0.01950,-0.86190,0.86220,1002.54,1000,-2.54,50.25,202,2.2593,0.0799,LOCK,0,normal
773,3042758,8499,8512,0.17160,0.41730,-1.01010,1.10629,1002.54,1000,-2.54,50.25,202,2.2612,0.1098,LOCK,0,normal
774,3042766,8507,8520,0.17160,0.41730,-1.01010,1.10629,1002.54,1000,-2.54,50.25,202,2.2318,-0.3368,LOCK,0,normal
775,3042774,8515,8528,0.12480,-0.05460,-0.75270,0.76493,1002.54,1000,-2.54,50.25,202,2.2593,0.0799,LOCK,0,normal
776,3042783,8524,8537,-0.14430,0.17940,-0.77610,0.80953,1002.54,1000,-2.54,50.25,202,2.2538,-0.0035,LOCK,0,normal
777,3042791,8532,8545,-0.25350,0.12870,-0.69030,0.74655,1002.55,1000,-2.55,50.25,202,2.2507,-0.0502,LOCK,0,normal
778,3042843,8584,8597,-0.14820,0.15600,-0.64350,0.67852,1002.55,1000,-2.55,50.25,202,2.2637,0.1464,LOCK,0,normal
779,3042852,8593,8606,-0.37830,-0.03120,-0.75270,0.84300,1002.55,1000,-2.55,50.25,202,2.2636,0.1452,LOCK,0,normal
780,3042861,8602,8615,-0.08970,-0.01950,-0.71760,0.72345,1002.56,1000,-2.56,50.25,202,2.2621,0.1220,LOCK,0,normal
781,3042874,8615,8628,-0.03900,-0.20280,-0.86970,0.89388,1002.56,1000,-2.56,50.25,202,2.2639,0.1504,LOCK,0,normal
782,3042882,8623,8636,0.13260,0.15210,-0.64350,0.67440,1002.56,1000,-2.56,50.25,202,2.2644,0.1583,LOCK,0,normal
783,3042891,8632,8645,0.08970,0.23790,-0.86190,0.89862,1002.56,1000,-2.56,50.25,202,2.2706,0.2517,LOCK,0,normal
784,3042899,8640,8653,0.08970,0.23790,-0.86190,0.89862,1002.58,1000,-2.58,50.25,202,2.2601,0.0927,LOCK,0,normal
785,3042908,8649,8662,-0.11700,0.26130,-0.68250,0.74012,1002.60,1000,-2.60,50.25,202,2.2544,0.0060,LOCK,0,normal
786,3042916,8657,8670,-0.28470,0.16770,-0.84630,0.90852,1002.61,1000,-2.61,50.25,202,2.2329,-0.3194,LOCK,0,normal
787,3042925,8666,8679,0.00000,0.02730,-0.81510,0.81556,1002.62,1000,-2.62,50.25,202,2.2431,-0.1659,LOCK,0,normal
788,3042933,8674,8687,0.11310,-0.08970,-0.85020,0.86237,1002.63,1000,-2.63,50.25,202,2.2560,0.0310,LOCK,0,normal
789,3042947,8688,8701,0.15990,-0.10920,-0.71370,0.73950,1002.64,1000,-2.64,50.25,202,2.2605,0.0979,LOCK,0,normal
790,3042955,8696,8709,-0.07410,0.10530,-0.72540,0.73674,1002.64,1000,-2.64,50.25,202,2.2654,0.1730,LOCK,0,normal
791,3042964,8705,8718,-0.21840,0.17940,-0.68640,0.74231,1002.64,1000,-2.64,50.25,202,2.2645,0.1595,LOCK,0,normal
792,3042972,8713,8726,-0.21840,0.17940,-0.68640,0.74231,1002.63,1000,-2.63,50.25,202,2.2571,0.0466,LOCK,0,normal
793,3042981,8722,8735,-0.31200,-0.14040,-0.82290,0.89119,1002.63,1000,-2.63,50.25,202,2.2559,0.0295,LOCK,0,normal
794,3042989,8730,8743,-0.05850,0.02730,-0.76830,0.77101,1002.63,1000,-2.63,50.25,202,2.2599,0.0887,LOCK,0,normal
795,3042998,8739,8752,-0.28080,-0.13650,-0.88530,0.93874,1002.63,1000,-2.63,50.25,202,2.2667,0.1922,LOCK,0,normal
796,3043006,8747,8760,0.16770,-0.00390,-0.80340,0.82073,1002.63,1000,-2.63,50.25,202,2.2419,-0.1839,LOCK,0,normal
797,3043014,8755,8768,-0.05460,0.11700,-0.79560,0.80601,1002.63,1000,-2.63,50.25,202,2.2447,-0.1408,LOCK,0,normal
798,3043023,8764,8777,-0.05460,0.11700,-0.79560,0.80601,1002.64,1000,-2.64,50.25,202,2.2278,-0.3975,LOCK,0,normal
799,3043031,8772,8785,-0.31200,0.13650,-0.62790,0.71431,1002.64,1000,-2.64,50.25,202,2.2413,-0.1930,LOCK,0,normal
800,3043048,8789,8802,-0.02340,0.11700,-0.72930,0.73900,1002.65,1000,-2.65,50.25,202,2.2616,0.1156,LOCK,0,normal
801,3043056,8797,8810,-0.07800,-0.05850,-0.95160,0.95658,1002.65,1000,-2.65,50.25,202,2.2586,0.0704,LOCK,0,normal
802,3043065,8806,8819,-0.07800,-0.05850,-0.95160,0.95658,1002.65,1000,-2.65,50.25,202,2.2598,0.0875,LOCK,0,normal
803,3043078,8819,8832,-0.06630,0.20670,-0.80340,0.83221,1002.66,1000,-2.66,50.25,202,2.2443,-0.1466,LOCK,0,normal
804,3043087,8828,8841,-0.15990,0.04290,-0.75660,0.77450,1002.66,1000,-2.66,50.25,202,2.2388,-0.2306,LOCK,0,normal
805,3043095,8836,8849,-0.15990,0.04290,-0.75660,0.77450,1002.66,1000,-2.66,50.25,202,2.2459,-0.1234,LOCK,0,normal
806,3043103,8844,8857,-0.22620,-0.11700,-0.84630,0.88379,1002.67,1000,-2.67,50.25,202,2.2597,0.0857,LOCK,0,normal
807,3043150,8891,8904,-0.31980,0.10530,-0.73710,0.81036,1002.68,1000,-2.68,50.25,202,2.2622,0.1241,LOCK,0,normal
808,3043159,8900,8913,-0.09360,-0.19890,-0.91260,0.93870,1002.68,1000,-2.68,50.25,202,2.2624,0.1269,LOCK,0,normal
809,3043167,8908,8921,-0.09360,-0.19890,-0.91260,0.93870,1002.69,1000,-2.69,50.25,202,2.2657,0.1772,LOCK,0,normal
810,3043176,8917,8930,-0.05850,0.01950,-0.77220,0.77466,1002.70,1000,-2.70,50.25,202,2.2590,0.0765,LOCK,0,normal
811,3043184,8925,8938,0.25350,0.30420,-0.87360,0.95915,1002.70,1000,-2.70,50.25,202,2.2715,0.2658,LOCK,0,normal
812,3043193,8934,8947,0.10140,0.04290,-0.62010,0.62980,1002.71,1000,-2.71,50.25,202,2.2548,0.0118,LOCK,0,normal
813,3043201,8942,8955,-0.23010,0.16770,-0.64350,0.70368,1002.72,1000,-2.72,50.25,202,2.2655,0.1739,LOCK,0,normal
814,3043210,8951,8964,-0.31590,-0.01560,-0.69420,0.76286,1002.73,1000,-2.73,50.25,202,2.2434,-0.1613,LOCK,0,normal
815,3043218,8959,8972,-0.31590,-0.01560,-0.69420,0.76286,1002.74,1000,-2.74,50.25,202,2.2605,0.0985,LOCK,0,normal
816,3043227,8968,8981,-0.11310,-0.13260,-0.77610,0.79543,1002.75,1000,-2.75,50.25,202,2.2424,-0.1759,LOCK,0,normal
817,3043235,8976,8989,-0.05850,-0.23400,-0.80340,0.83883,1002.76,1000,-2.76,50.25,202,2.2544,0.0066,LOCK,0,normal
818,3043252,8993,9006,0.14820,0.13650,-0.83460,0.85858,1002.76,1000,-2.76,50.25,202,2.2650,0.1669,LOCK,0,normal
819,3043260,9001,9014,-0.08580,0.19500,-0.59670,0.63359,1002.77,1000,-2.77,50.25,202,2.2588,0.0725,LOCK,0,normal
820,3043269,9010,9023,-0.08580,0.19500,-0.59670,0.63359,1002.77,1000,-2.77,50.25,202,2.2642,0.1553,LOCK,0,normal
821,3043282,9023,9036,-0.07410,0.05070,-0.69420,0.69998,1002.78,1000,-2.78,50.25,202,2.2631,0.1379,LOCK,0,normal
822,3043291,9032,9045,-0.07410,0.05070,-0.69420,0.69998,1002.78,1000,-2.78,50.25,202,2.2610,0.1058,LOCK,0,normal
823,3043299,9040,9053,-0.05460,-0.07800,-0.84630,0.85164,1002.78,1000,-2.78,50.25,202,2.2688,0.2249,LOCK,0,normal
824,3043308,9049,9062,0.20670,-0.11310,-0.69030,0.72940,1002.79,1000,-2.79,50.25,202,2.2603,0.0948,LOCK,0,normal
825,3043316,9057,9070,-0.08190,0.12090,-0.70980,0.72467,1002.80,1000,-2.80,50.25,202,2.2381,-0.2413,LOCK,0,normal
826,3043324,9065,9078,-0.22230,0.07410,-0.69030,0.72899,1002.81,1000,-2.81,50.25,202,2.2380,-0.2419,LOCK,0,normal
827,3043333,9074,9087,-0.24180,0.02730,-0.78780,0.82452,1002.81,1000,-2.81,50.25,202,2.2311,-0.3463,LOCK,0,normal
828,3043341,9082,9095,-0.24180,0.02730,-0.78780,0.82452,1002.82,1000,-2.82,50.25,202,2.2379,-0.2440,LOCK,0,normal
829,3043355,9096,9109,-0.21840,-0.03120,-0.79560,0.82562,1002.83,1000,-2.83,50.25,202,2.2612,0.1086,LOCK,0,normal
830,3043363,9104,9117,0.12870,0.00000,-0.73320,0.74441,1002.83,1000,-2.83,50.25,202,2.2645,0.1595,LOCK,0,normal
831,3043371,9112,9125,0.12870,0.00000,-0.73320,0.74441,1002.84,1000,-2.84,50.25,202,2.2598,0.0875,LOCK,0,normal
832,3043380,9121,9134,-0.14040,0.03510,-0.72150,0.73587,1002.85,1000,-2.85,50.25,202,2.2411,-0.1958,LOCK,0,normal
833,3043388,9129,9142,-0.32370,0.15600,-0.60840,0.70659,1002.86,1000,-2.86,50.25,202,2.2469,-0.1069,LOCK,0,normal
834,3043397,9138,9151,-0.35490,-0.34320,-0.89700,1.02389,1002.87,1000,-2.87,50.25,202,2.2560,0.0298,LOCK,0,normal
835,3043405,9146,9159,-0.03120,0.00390,-0.63960,0.64037,1002.88,1000,-2.88,50.25,202,2.2569,0.0435,LOCK,0,normal
836,3043458,9199,9212,-0.26130,-0.11700,-0.75660,0.80896,1002.89,1000,-2.89,50.25,202,2.2710,0.2569,LOCK,0,normal
837,3043467,9208,9221,0.01560,-0.03900,-0.77610,0.77724,1002.89,1000,-2.89,50.25,202,2.2567,0.0411,LOCK,0,normal
838,3043476,9217,9230,0.01560,-0.03900,-0.77610,0.77724,1002.90,1000,-2.90,50.25,202,2.2602,0.0945,LOCK,0,normal
839,3043489,9230,9243,0.09750,0.01560,-0.82290,0.82880,1002.91,1000,-2.91,50.25,202,2.2666,0.1916,LOCK,0,normal
840,3043497,9238,9251,-0.12090,0.21840,-0.67470,0.71940,1002.91,1000,-2.91,50.25,202,2.2573,0.0503,LOCK,0,normal
841,3043506,9247,9260,-0.12090,0.21840,-0.67470,0.71940,1002.92,1000,-2.92,50.25,202,2.2626,0.1308,LOCK,0,normal
842,3043514,9255,9268,-0.27690,0.19890,-0.76830,0.84055,1002.92,1000,-2.92,50.25,202,2.2593,0.0808,LOCK,0,normal
843,3043523,9264,9277,-0.00780,-0.13650,-0.85800,0.86883,1002.93,1000,-2.93,50.25,202,2.2541,0.0008,LOCK,0,normal
844,3043531,9272,9285,-0.06630,-0.14430,-0.79560,0.81129,1002.93,1000,-2.93,50.25,202,2.2395,-0.2196,LOCK,0,normal
845,3043540,9281,9294,0.21450,0.46410,-0.90480,1.03926,1002.94,1000,-2.94,50.25,202,2.2397,-0.2162,LOCK,0,normal
846,3043548,9289,9302,0.09360,0.03510,-0.67470,0.68207,1002.94,1000,-2.94,50.25,202,2.2566,0.0396,LOCK,0,normal
847,3043562,9303,9316,-0.19890,0.26910,-0.69030,0.76713,1002.95,1000,-2.95,50.25,202,2.2668,0.1940,LOCK,0,normal
848,3043570,9311,9324,-0.28860,-0.01950,-0.68250,0.74127,1002.96,1000,-2.96,50.25,202,2.2637,0.1467,LOCK,0,normal
849,3043579,9320,9333,-0.08190,-0.05460,-0.81510,0.82102,1002.96,1000,-2.96,50.25,202,2.2561,0.0322,LOCK,0,normal
850,3043587,9328,9341,-0.08190,-0.05460,-0.81510,0.82102,1002.97,1000,-2.97,50.25,202,2.2639,0.1498,LOCK,0,normal
851,3043596,9337,9350,-0.01170,-0.13260,-0.85020,0.86056,1002.97,1000,-2.97,50.25,202,2.2666,0.1913,LOCK,0,normal
852,3043604,9345,9358,0.02340,0.13260,-0.66690,0.68036,1002.98,1000,-2.98,50.25,202,2.2535,-0.0071,LOCK,0,normal
853,3043613,9354,9367,0.11700,0.09750,-0.74880,0.76413,1002.98,1000,-2.98,50.25,202,2.2643,0.1568,LOCK,0,normal
854,3043621,9362,9375,-0.12870,0.22620,-0.57330,0.62961,1002.98,1000,-2.98,50.25,202,2.2410,-0.1967,LOCK,0,normal
855,3043630,9371,9384,-0.34710,0.00000,-0.82290,0.89311,1002.99,1000,-2.99,50.25,202,2.2521,-0.0288,LOCK,0,normal
856,3043638,9379,9392,-0.34710,0.00000,-0.82290,0.89311,1002.99,1000,-2.99,50.25,202,2.2559,0.0286,LOCK,0,normal
857,3043646,9387,9400,0.00780,0.10140,-0.68250,0.69004,1002.99,1000,-2.99,50.25,202,2.2360,-0.2721,LOCK,0,normal
858,3043663,9404,9417,0.15600,0.01950,-0.62400,0.64350,1002.99,1000,-2.99,50.25,202,2.2635,0.1434,LOCK,0,normal
859,3043671,9412,9425,-0.15600,0.09750,-0.77610,0.79760,1003.00,1000,-3.00,50.25,202,2.2633,0.1415,LOCK,0,normal
860,3043680,9421,9434,-0.15600,0.09750,-0.77610,0.79760,1003.01,1000,-3.01,50.25,202,2.2622,0.1244,LOCK,0,normal
861,3043693,9434,9447,-0.30810,-0.08190,-0.78000,0.84263,1003.02,1000,-3.02,50.25,202,2.2390,-0.2275,LOCK,0,normal
862,3043701,9442,9455,-0.02730,-0.01560,-0.74490,0.74556,1003.03,1000,-3.03,50.25,202,2.2515,-0.0377,LOCK,0,normal
863,3043710,9451,9464,-0.02730,-0.01560,-0.74490,0.74556,1003.04,1000,-3.04,50.25,202,2.2455,-0.1289,LOCK,0,normal
864,3043718,9459,9472,-0.16770,-0.03120,-0.75660,0.77559,1003.04,1000,-3.04,50.25,202,2.2556,0.0246,LOCK,0,normal
865,3043763,9504,9517,-0.34320,-0.15990,-0.92430,0.99884,1003.04,1000,-3.04,50.25,202,2.2633,0.1412,LOCK,0,normal
866,3043771,9512,9525,0.01170,-0.00780,-0.64740,0.64755,1003.04,1000,-3.04,50.25,202,2.2650,0.1666,LOCK,0,normal
867,3043780,9521,9534,0.00000,-0.05460,-0.91260,0.91423,1003.04,1000,-3.04,50.25,202,2.2621,0.1232,LOCK,0,normal
868,3043788,9529,9542,0.17940,0.02340,-0.70590,0.72872,1003.04,1000,-3.04,50.25,202,2.2685,0.2194,LOCK,0,normal
869,3043797,9538,9551,-0.11700,0.19890,-0.78390,0.81716,1003.04,1000,-3.04,50.25,202,2.2609,0.1040,LOCK,0,normal
870,3043805,9546,9559,-0.14040,0.08970,-0.68250,0.70254,1003.04,1000,-3.04,50.25,202,2.2575,0.0533,LOCK,0,normal
871,3043813,9554,9567,-0.14040,0.08970,-0.68250,0.70254,1003.04,1000,-3.04,50.25,202,2.2559,0.0289,LOCK,0,normal
872,3043822,9563,9576,-0.24180,-0.20280,-0.85020,0.90688,1003.04,1000,-3.04,50.25,202,2.2648,0.1641,LOCK,0,normal
873,3043830,9571,9584,-0.02340,-0.13650,-0.76440,0.77684,1003.04,1000,-3.04,50.25,202,2.2497,-0.0648,LOCK,0,normal
874,3043839,9580,9593,-0.00780,0.12480,-0.82680,0.83620,1003.04,1000,-3.04,50.25,202,2.2351,-0.2864,LOCK,0,normal
875,3043847,9588,9601,0.10530,-0.01560,-0.83460,0.84136,1003.03,1000,-3.03,50.25,202,2.2429,-0.1689,LOCK,0,normal
876,3043856,9597,9610,-0.15210,0.17550,-0.63180,0.67313,1003.03,1000,-3.03,50.25,202,2.2500,-0.0602,LOCK,0,normal
877,3043868,9609,9622,-0.37050,0.21840,-0.78000,0.89071,1003.03,1000,-3.03,50.25,202,2.2606,0.0997,LOCK,0,normal
878,3043876,9617,9630,-0.10920,-0.05070,-0.80340,0.81237,1003.03,1000,-3.03,50.25,202,2.2712,0.2609,LOCK,0,normal
879,3043885,9626,9639,-0.10920,-0.05070,-0.80340,0.81237,1003.03,1000,-3.03,50.25,202,2.2572,0.0484,LOCK,0,normal
880,3043898,9639,9652,0.20280,0.44070,-0.89700,1.01978,1003.03,1000,-3.03,50.25,202,2.2641,0.1537,LOCK,0,normal
881,3043907,9648,9661,0.03510,0.03510,-0.65910,0.66097,1003.03,1000,-3.03,50.25,202,2.2611,0.1070,LOCK,0,normal
882,3043915,9656,9669,0.03510,0.03510,-0.65910,0.66097,1003.03,1000,-3.03,50.25,202,2.2607,0.1009,LOCK,0,normal
883,3043924,9665,9678,-0.23400,0.20670,-0.72150,0.78616,1003.02,1000,-3.02,50.25,202,2.2556,0.0249,LOCK,0,normal
884,3043932,9673,9686,-0.26520,0.10920,-0.69030,0.74751,1003.02,1000,-3.02,50.25,202,2.2414,-0.1909,LOCK,0,normal
885,3043941,9682,9695,-0.14430,-0.02730,-0.87750,0.88970,1003.02,1000,-3.02,50.25,202,2.2473,-0.1008,LOCK,0,normal
886,3043949,9690,9703,-0.08970,0.00000,-0.88530,0.88983,1003.01,1000,-3.01,50.25,202,2.2352,-0.2852,LOCK,0,normal
887,3043958,9699,9712,-0.08970,0.00000,-0.88530,0.88983,1003.01,1000,-3.01,50.25,202,2.2536,-0.0065,LOCK,0,normal
888,3043969,9710,9723,0.07020,0.14040,-0.78780,0.80329,1003.00,1000,-3.00,50.25,202,2.2606,0.1000,LOCK,0,normal
889,3043978,9719,9732,0.07020,0.14040,-0.78780,0.80329,1003.00,1000,-3.00,50.25,202,2.2627,0.1311,LOCK,0,normal
890,3043986,9727,9740,-0.12870,0.21450,-0.65520,0.70133,1002.99,1000,-2.99,50.25,202,2.2671,0.1992,LOCK,0,normal
891,3043995,9736,9749,-0.34320,-0.18720,-0.90090,0.98206,1002.99,1000,-2.99,50.25,202,2.2310,-0.3487,LOCK,0,normal
892,3044003,9744,9757,0.02730,0.00390,-0.71370,0.71423,1002.98,1000,-2.98,50.25,202,2.2551,0.0164,LOCK,0,normal
893,3044012,9753,9766,0.00390,-0.08190,-0.92040,0.92404,1002.98,1000,-2.98,50.25,202,2.2489,-0.0776,LOCK,0,normal
894,3044020,9761,9774,0.21450,-0.17160,-0.65520,0.71045,1002.98,1000,-2.98,50.25,202,2.2589,0.0738,LOCK,0,normal
895,3044065,9806,9819,-0.07020,0.01170,-0.74490,0.74829,1002.98,1000,-2.98,50.25,202,2.2609,0.1052,LOCK,0,normal
896,3044073,9814,9827,-0.10530,-0.07410,-0.77220,0.78286,1002.98,1000,-2.98,50.25,202,2.2650,0.1659,LOCK,0,normal
897,3044082,9823,9836,0.14040,-0.12090,-0.72930,0.75247,1002.98,1000,-2.98,50.25,202,2.2698,0.2389,LOCK,0,normal
898,3044090,9831,9844,0.14040,-0.12090,-0.72930,0.75247,1002.96,1000,-2.96,50.25,202,2.2488,-0.0795,LOCK,0,normal
899,3044104,9845,9858,-0.28080,0.21060,-0.68640,0.77094,1002.95,1000,-2.95,50.25,202,2.2437,-0.1564,LOCK,0,normal
900,3044112,9853,9866,-0.29640,-0.09360,-0.94380,0.99367,1002.94,1000,-2.94,50.25,202,2.2437,-0.1561,LOCK,0,normal
901,3044121,9862,9875,-0.29640,-0.09360,-0.94380,0.99367,1002.93,1000,-2.93,50.25,202,2.2671,0.1980,LOCK,0,normal
902,3044129,9870,9883,0.02730,-0.06630,-0.73320,0.73670,1002.92,1000,-2.92,50.25,202,2.2699,0.2416,LOCK,0,normal
903,3044137,9878,9891,-0.09750,-0.12870,-0.97110,0.98443,1002.91,1000,-2.91,50.25,202,2.2427,-0.1707,LOCK,0,normal
904,3044146,9887,9900,0.15600,-0.12090,-0.76830,0.79325,1002.91,1000,-2.91,50.25,202,2.2411,-0.1949,LOCK,0,normal
905,3044154,9895,9908,-0.08580,0.28470,-0.89310,0.94130,1002.89,1000,-2.89,50.25,202,2.2474,-0.1002,LOCK,0,normal
906,3044163,9904,9917,-0.08580,0.28470,-0.89310,0.94130,1002.88,1000,-2.88,50.25,202,2.2579,0.0585,LOCK,0,normal
907,3044184,9925,9938,0.05070,0.02730,-0.77610,0.77823,1002.87,1000,-2.87,50.25,202,2.2630,0.1357,LOCK,0,normal
908,3044192,9933,9946,0.05070,0.02730,-0.77610,0.77823,1002.86,1000,-2.86,50.25,202,2.2393,-0.2223,LOCK,0,normal
909,3044201,9942,9955,0.01560,0.18330,-0.93210,0.95008,1002.85,1000,-2.85,50.25,202,2.2407,-0.2013,LOCK,0,normal
910,3044209,9950,9963,0.13260,0.01950,-0.87750,0.88768,1002.84,1000,-2.84,50.25,202,2.2516,-0.0367,LOCK,0,normal
911,3044219,9960,9973,-0.14820,0.26910,-0.70980,0.77343,1002.83,1000,-2.83,50.25,202,2.2607,0.1015,LOCK,0,normal
912,3044227,9968,9981,-0.30030,0.17550,-0.76440,0.83981,1002.82,1000,-2.82,50.25,202,2.2621,0.1229,LOCK,0,normal
913,3044236,9977,9990,-0.05850,0.03120,-0.83850,0.84112,1002.82,1000,-2.82,50.25,202,2.2323,-0.3292,LOCK,0,normal
914,3044244,9985,9998,-0.05850,0.03120,-0.83850,0.84112,1002.81,1000,-2.81,50.25,202,2.2581,0.0625,LOCK,0,normal
915,3044253,9994,10007,-0.05070,-0.04290,-0.93600,0.93835,1002.80,1000,-2.80,50.25,202,2.2535,-0.0077,LOCK,0,normal
916,3044261,10002,10015,0.19500,0.19500,-0.81510,0.86049,1002.80,1000,-2.80,50.25,202,2.2513,-0.0413,LOCK,0,normal
917,3044276,10017,10030,-0.20670,0.14820,-0.77220,0.81301,1002.78,1000,-2.78,50.25,202,2.2600,0.0902,LOCK,0,normal
918,3044285,10026,10039,-0.20670,0.14820,-0.77220,0.81301,1002.77,1000,-2.77,50.25,202,2.2719,0.2716,LOCK,0,normal
919,3044293,10034,10047,-0.21840,0.00780,-0.70980,0.74268,1002.76,1000,-2.76,50.25,202,2.2318,-0.3359,LOCK,0,normal
920,3044307,10048,10061,-0.06240,-0.20670,-0.85410,0.88097,1002.75,1000,-2.75,50.25,202,2.2555,0.0234,LOCK,0,normal
921,3044315,10056,10069,-0.10530,0.00000,-0.81510,0.82187,1002.74,1000,-2.74,50.25,202,2.2412,-0.1942,LOCK,0,normal
922,3044324,10065,10078,0.08970,0.19500,-0.73320,0.76397,1002.74,1000,-2.74,50.25,202,2.2619,0.1192,LOCK,0,normal
