sample_index,time_ms_raw,time_ms_zero,elapsed_ms,ax_g,ay_g,az_g,total_g,rpm,target_rpm,rpm_error,pwm_eq,duty_10bit,acs_v,current_a,control_mode,state,fault_type
4401,2461776,0,44218.0,-0.0663,-0.1209,-0.7761,0.78825,1008.29,1000.0,-8.29,53.5,215.0,2.2825,0.4312,LOCK,0,normal
4402,2461784,8,44226.0,0.0195,-0.0156,-0.8112,0.81158,1008.3,1000.0,-8.3,53.5,215.0,2.2668,0.1946,LOCK,0,normal
4403,2461793,17,44235.0,-0.0234,-0.0468,-0.78,0.78175,1008.31,1000.0,-8.31,53.5,215.0,2.2601,0.0927,LOCK,0,normal
4404,2461801,25,44243.0,-0.0234,-0.0468,-0.78,0.78175,1008.32,1000.0,-8.32,53.5,215.0,2.2717,0.2679,LOCK,0,normal
4405,2461833,57,44275.0,0.0195,-0.0819,-0.8697,0.87377,1008.34,1000.0,-8.34,53.5,215.0,2.2822,0.4272,LOCK,0,normal
4406,2461842,66,44284.0,0.0,0.0156,-0.9126,0.91273,1008.35,1000.0,-8.35,53.5,215.0,2.2788,0.3757,LOCK,0,normal
4407,2461850,74,44292.0,0.1053,0.0897,-0.8307,0.84214,1008.36,1000.0,-8.36,53.5,215.0,2.2726,0.2816,LOCK,0,normal
4408,2461859,83,44301.0,-0.1599,0.0078,-0.7059,0.72383,1008.36,1000.0,-8.36,53.5,215.0,2.2841,0.4556,LOCK,0,normal
4409,2461867,91,44309.0,-0.0702,0.1833,-0.6669,0.69519,1008.37,1000.0,-8.37,53.5,215.0,2.2868,0.4962,LOCK,0,normal
4410,2461876,100,44318.0,0.0858,0.1248,-0.6864,0.70291,1008.37,1000.0,-8.37,53.5,215.0,2.2844,0.4602,LOCK,0,normal
4411,2461884,108,44326.0,0.0858,0.1248,-0.6864,0.70291,1008.38,1000.0,-8.38,53.5,215.0,2.2497,-0.0657,LOCK,0,normal
4412,2461893,117,44335.0,0.0975,-0.0741,-0.7332,0.74336,1008.38,1000.0,-8.38,53.5,215.0,2.2633,0.1406,LOCK,0,normal
4413,2461901,125,44343.0,-0.1053,0.1209,-0.8307,0.84603,1008.38,1000.0,-8.38,53.5,215.0,2.2562,0.0341,LOCK,0,normal
4414,2461910,134,44352.0,0.0273,-0.039,-0.7956,0.79702,1008.39,1000.0,-8.39,53.5,215.0,2.2631,0.1376,LOCK,0,normal
4415,2461918,142,44360.0,0.0936,0.312,-0.8151,0.87778,1008.4,1000.0,-8.4,53.5,215.0,2.2866,0.4935,LOCK,0,normal
4416,2461927,151,44369.0,0.0156,-0.156,-0.858,0.87221,1008.4,1000.0,-8.4,53.5,215.0,2.2882,0.5182,LOCK,0,normal
4417,2461946,170,44388.0,0.0117,0.0585,-0.8502,0.85229,1008.41,1000.0,-8.41,53.5,215.0,2.2826,0.433,LOCK,0,normal
4418,2461954,178,44396.0,-0.0429,0.1638,-0.7761,0.79436,1008.42,1000.0,-8.42,53.5,215.0,2.2725,0.2801,LOCK,0,normal
4419,2461968,192,44410.0,0.2574,0.0897,-0.7527,0.80054,1008.43,1000.0,-8.43,53.5,215.0,2.283,0.4388,LOCK,0,normal
4420,2461976,200,44418.0,0.2574,0.0897,-0.7527,0.80054,1008.42,1000.0,-8.42,53.5,215.0,2.2737,0.2984,LOCK,0,normal
4421,2461985,209,44427.0,-0.0663,0.1014,-0.8034,0.81248,1008.42,1000.0,-8.42,53.5,215.0,2.2638,0.1488,LOCK,0,normal
4422,2461993,217,44435.0,-0.0741,-0.0156,-0.8892,0.89242,1008.42,1000.0,-8.42,53.5,215.0,2.2672,0.1998,LOCK,0,normal
4423,2462002,226,44444.0,0.0156,0.0,-0.8346,0.83475,1008.41,1000.0,-8.41,53.5,215.0,2.2804,0.4004,LOCK,0,normal
4424,2462010,234,44452.0,0.0936,0.0702,-0.8268,0.83504,1008.41,1000.0,-8.41,53.5,215.0,2.2653,0.1708,LOCK,0,normal
4425,2462021,245,44463.0,-0.0858,-0.0468,-0.8619,0.86742,1008.41,1000.0,-8.41,53.5,215.0,2.2855,0.4776,LOCK,0,normal
4426,2462030,254,44472.0,0.0546,0.0351,-0.8502,0.85267,1008.41,1000.0,-8.41,53.5,215.0,2.276,0.3326,LOCK,0,normal
4427,2462038,262,44480.0,0.0546,0.0351,-0.8502,0.85267,1008.4,1000.0,-8.4,53.5,215.0,2.2902,0.5481,LOCK,0,normal
4428,2462047,271,44489.0,-0.0117,0.2145,-0.7917,0.82033,1008.4,1000.0,-8.4,53.5,215.0,2.2871,0.5017,LOCK,0,normal
4429,2462055,279,44497.0,0.0936,-0.0507,-0.8385,0.84523,1008.39,1000.0,-8.39,53.5,215.0,2.3004,0.7029,LOCK,0,normal
4430,2462064,288,44506.0,0.0234,-0.1326,-0.7644,0.77617,1008.39,1000.0,-8.39,53.5,215.0,2.277,0.3485,LOCK,0,normal
4431,2462072,296,44514.0,-0.0975,0.0351,-0.7059,0.71347,1008.38,1000.0,-8.38,53.5,215.0,2.2551,0.0161,LOCK,0,normal
4432,2462081,305,44523.0,-0.0351,0.0507,-0.8424,0.84465,1008.38,1000.0,-8.38,53.5,215.0,2.2854,0.4764,LOCK,0,normal
4433,2462089,313,44531.0,-0.0351,0.0507,-0.8424,0.84465,1008.38,1000.0,-8.38,53.5,215.0,2.2552,0.0188,LOCK,0,normal
4434,2462098,322,44540.0,0.1248,0.0273,-0.7332,0.74425,1008.36,1000.0,-8.36,53.5,215.0,2.2656,0.1754,LOCK,0,normal
4435,2462120,344,44562.0,-0.1872,0.1053,-0.7527,0.78274,1008.35,1000.0,-8.35,53.5,215.0,2.2898,0.5423,LOCK,0,normal
4436,2462128,352,44570.0,0.0234,-0.1794,-0.8307,0.85017,1008.34,1000.0,-8.34,53.5,215.0,2.2768,0.3454,LOCK,0,normal
4437,2462137,361,44579.0,0.0351,0.1521,-0.8268,0.84141,1008.33,1000.0,-8.33,53.5,215.0,2.2776,0.3579,LOCK,0,normal
4438,2462145,369,44587.0,-0.0273,0.0,-0.8697,0.87013,1008.32,1000.0,-8.32,53.5,215.0,2.2718,0.2691,LOCK,0,normal
4439,2462154,378,44596.0,0.0507,0.1014,-0.8619,0.86932,1008.3,1000.0,-8.3,53.5,215.0,2.2805,0.4013,LOCK,0,normal
4440,2462168,392,44610.0,-0.1014,0.0468,-0.8307,0.83817,1008.28,1000.0,-8.28,53.5,215.0,2.2933,0.5954,LOCK,0,normal
4441,2462176,400,44618.0,0.0936,0.2262,-0.7644,0.80264,1008.27,1000.0,-8.27,53.5,215.0,2.2843,0.4587,LOCK,0,normal
4442,2462185,409,44627.0,-0.0117,-0.1131,-0.7683,0.77667,1008.26,1000.0,-8.26,53.5,215.0,2.2864,0.4904,LOCK,0,normal
4443,2462193,417,44635.0,-0.1131,-0.1248,-0.8151,0.83232,1008.25,1000.0,-8.25,53.5,215.0,2.2515,-0.0383,LOCK,0,normal
4444,2462202,426,44644.0,-0.1131,-0.1248,-0.8151,0.83232,1008.24,1000.0,-8.24,53.5,215.0,2.2612,0.1098,LOCK,0,normal
4445,2462210,434,44652.0,0.1365,0.117,-0.7215,0.74356,1008.23,1000.0,-8.23,53.5,215.0,2.271,0.2578,LOCK,0,normal
4446,2462219,443,44661.0,0.0858,-0.0507,-0.7917,0.79795,1008.21,1000.0,-8.21,53.5,215.0,2.2808,0.4059,LOCK,0,normal
4447,2462227,451,44669.0,-0.1014,-0.1053,-0.7566,0.77059,1008.19,1000.0,-8.19,53.5,215.0,2.2915,0.5683,LOCK,0,normal
4448,2462236,460,44678.0,-0.1053,0.1365,-0.8697,0.88662,1008.17,1000.0,-8.17,53.5,215.0,2.279,0.379,LOCK,0,normal
4449,2462254,478,44696.0,-0.0546,-0.1287,-0.7644,0.77708,1008.15,1000.0,-8.15,53.5,215.0,2.2756,0.3277,LOCK,0,normal
4450,2462263,487,44705.0,-0.0546,-0.1287,-0.7644,0.77708,1008.14,1000.0,-8.14,53.5,215.0,2.2779,0.3616,LOCK,0,normal
4451,2462272,496,44714.0,0.156,0.0,-0.7371,0.75343,1008.13,1000.0,-8.13,53.5,215.0,2.298,0.6669,LOCK,0,normal
4452,2462280,504,44722.0,-0.0429,0.3315,-0.7683,0.83786,1008.1,1000.0,-8.1,53.5,215.0,2.2846,0.4633,LOCK,0,normal
4453,2462289,513,44731.0,-0.0585,-0.1599,-0.7839,0.80218,1008.07,1000.0,-8.07,53.5,215.0,2.2665,0.1891,LOCK,0,normal
4454,2462297,521,44739.0,0.0819,-0.0273,-0.7566,0.76151,1008.05,1000.0,-8.05,53.5,215.0,2.2634,0.1418,LOCK,0,normal
4455,2462306,530,44748.0,0.1053,0.1209,-0.7917,0.80777,1008.03,1000.0,-8.03,53.5,215.0,2.2524,-0.0245,LOCK,0,normal
4456,2462314,538,44756.0,0.1053,0.1209,-0.7917,0.80777,1008.01,1000.0,-8.01,53.5,215.0,2.2427,-0.1707,LOCK,0,normal
4457,2462326,550,44768.0,0.0624,0.0234,-0.8463,0.84892,1007.99,1000.0,-7.99,53.5,215.0,2.2817,0.4199,LOCK,0,normal
4458,2462335,559,44777.0,0.0624,0.0234,-0.8463,0.84892,1007.96,1000.0,-7.96,53.5,215.0,2.2884,0.521,LOCK,0,normal
4459,2462344,568,44786.0,-0.0975,0.1716,-0.858,0.88041,1007.93,1000.0,-7.93,53.5,215.0,2.2892,0.5341,LOCK,0,normal
4460,2462352,576,44794.0,-0.0663,-0.0702,-0.8619,0.86729,1007.9,1000.0,-7.9,53.5,215.0,2.2831,0.4413,LOCK,0,normal
4461,2462361,585,44803.0,-0.0702,-0.1599,-0.8112,0.82978,1007.88,1000.0,-7.88,53.5,215.0,2.2818,0.4208,LOCK,0,normal
4462,2462374,598,44816.0,0.0273,0.1287,-0.7176,0.72956,1007.85,1000.0,-7.85,53.5,215.0,2.2795,0.3863,LOCK,0,normal
4463,2462383,607,44825.0,-0.0234,-0.0468,-0.7527,0.75452,1007.83,1000.0,-7.83,53.5,215.0,2.2733,0.292,LOCK,0,normal
4464,2462391,615,44833.0,-0.0039,-0.039,-0.7644,0.7654,1007.79,1000.0,-7.79,53.5,215.0,2.2806,0.4034,LOCK,0,normal
4465,2462400,624,44842.0,-0.078,0.0312,-0.7293,0.73412,1007.76,1000.0,-7.76,53.5,215.0,2.2654,0.1724,LOCK,0,normal
4466,2462408,632,44850.0,0.0195,0.1014,-0.8853,0.8913,1007.72,1000.0,-7.72,53.5,215.0,2.2603,0.0954,LOCK,0,normal
4467,2462417,641,44859.0,0.0195,0.1014,-0.8853,0.8913,1007.69,1000.0,-7.69,53.5,215.0,2.2587,0.071,LOCK,0,normal
4468,2462425,649,44867.0,0.1287,-0.1833,-0.8697,0.89808,1007.66,1000.0,-7.66,53.5,215.0,2.2417,-0.1863,LOCK,0,normal
4469,2462506,730,44948.0,0.1677,-0.0273,-0.7332,0.75263,1007.62,1000.0,-7.62,53.5,215.0,2.279,0.3787,LOCK,0,normal
4470,2462515,739,44957.0,-0.1755,0.1443,-0.7098,0.74528,1007.56,1000.0,-7.56,53.5,215.0,2.2694,0.2328,LOCK,0,normal
4471,2462523,747,44965.0,-0.0624,-0.1794,-0.7527,0.7763,1007.5,1000.0,-7.5,53.5,215.0,2.2701,0.2444,LOCK,0,normal
4472,2462532,756,44974.0,-0.0468,0.1287,-0.702,0.71523,1007.46,1000.0,-7.46,53.5,215.0,2.2821,0.4254,LOCK,0,normal
4473,2462540,764,44982.0,-0.0468,0.1287,-0.702,0.71523,1007.41,1000.0,-7.41,53.5,215.0,2.2944,0.6128,LOCK,0,normal
4474,2462549,773,44991.0,0.0819,0.039,-0.7761,0.78138,1007.37,1000.0,-7.37,53.5,215.0,2.2585,0.0689,LOCK,0,normal
4475,2462557,781,44999.0,-0.0234,-0.1833,-0.8307,0.851,1007.34,1000.0,-7.34,53.5,215.0,2.2665,0.1898,LOCK,0,normal
4476,2462566,790,45008.0,0.1131,0.0936,-0.7332,0.74775,1007.31,1000.0,-7.31,53.5,215.0,2.2682,0.2157,LOCK,0,normal
4477,2462587,811,45029.0,-0.0234,-0.1794,-0.7956,0.81591,1007.25,1000.0,-7.25,53.5,215.0,2.2927,0.5866,LOCK,0,normal
4478,2462596,820,45038.0,0.0273,0.0312,-0.8736,0.87458,1007.2,1000.0,-7.2,53.5,215.0,2.2846,0.4642,LOCK,0,normal
4479,2462604,828,45046.0,-0.0429,0.1755,-0.9165,0.93414,1007.16,1000.0,-7.16,53.5,215.0,2.2553,0.0191,LOCK,0,normal
4480,2462613,837,45055.0,-0.0975,-0.0741,-0.8814,0.88987,1007.12,1000.0,-7.12,53.5,215.0,2.2576,0.0545,LOCK,0,normal
4481,2462630,854,45072.0,0.1833,0.0078,-0.819,0.8393,1007.07,1000.0,-7.07,53.5,215.0,2.2869,0.4987,LOCK,0,normal
4482,2462639,863,45081.0,-0.0546,0.2418,-0.6786,0.72246,1007.01,1000.0,-7.01,53.5,215.0,2.2907,0.5564,LOCK,0,normal
4483,2462647,871,45089.0,-0.1794,-0.0312,-0.7371,0.75926,1006.97,1000.0,-6.97,53.5,215.0,2.3002,0.7004,LOCK,0,normal
4484,2462656,880,45098.0,-0.0156,-0.1248,-0.702,0.71318,1006.92,1000.0,-6.92,53.5,215.0,2.2872,0.5032,LOCK,0,normal
4485,2462664,888,45106.0,0.0741,0.1443,-0.7215,0.73951,1006.89,1000.0,-6.89,53.5,215.0,2.2855,0.4773,LOCK,0,normal
4486,2462673,897,45115.0,0.0741,0.1443,-0.7215,0.73951,1006.85,1000.0,-6.85,53.5,215.0,2.2875,0.5078,LOCK,0,normal
4487,2462682,906,45124.0,-0.0975,-0.0702,-0.7761,0.78534,1006.82,1000.0,-6.82,53.5,215.0,2.2741,0.3039,LOCK,0,normal
4488,2462690,914,45132.0,-0.0702,-0.0273,-0.7683,0.77198,1006.77,1000.0,-6.77,53.5,215.0,2.2678,0.2093,LOCK,0,normal
4489,2462699,923,45141.0,-0.0858,0.117,-0.7371,0.75124,1006.72,1000.0,-6.72,53.5,215.0,2.2517,-0.0355,LOCK,0,normal
4490,2462707,931,45149.0,0.0546,0.0312,-0.897,0.8992,1006.68,1000.0,-6.68,53.5,215.0,2.2761,0.3351,LOCK,0,normal
4491,2462733,957,45175.0,0.0117,0.1287,-0.7527,0.76371,1006.65,1000.0,-6.65,53.5,215.0,2.2929,0.589,LOCK,0,normal
4492,2462742,966,45184.0,-0.0312,0.039,-0.8346,0.83609,1006.61,1000.0,-6.61,53.5,215.0,2.2792,0.3821,LOCK,0,normal
4493,2462751,975,45193.0,0.0351,0.0507,-0.8268,0.8291,1006.56,1000.0,-6.56,53.5,215.0,2.2615,0.1141,LOCK,0,normal
4494,2462759,983,45201.0,-0.1248,0.1053,-0.8463,0.86191,1006.51,1000.0,-6.51,53.5,215.0,2.2518,-0.034,LOCK,0,normal
4495,2462767,991,45209.0,-0.0975,0.117,-0.9009,0.91368,1006.47,1000.0,-6.47,53.5,215.0,2.2735,0.2957,LOCK,0,normal
4496,2462776,1000,45218.0,-0.0975,0.117,-0.9009,0.91368,1006.43,1000.0,-6.43,53.5,215.0,2.2653,0.1717,LOCK,0,normal
4497,2462791,1015,45233.0,0.0039,-0.0156,-0.7917,0.79186,1006.4,1000.0,-6.4,53.5,215.0,2.3038,0.7542,LOCK,0,normal
4498,2462799,1023,45241.0,-0.0663,0.1755,-0.7137,0.73795,1006.37,1000.0,-6.37,53.5,215.0,2.2738,0.2993,LOCK,0,normal
4499,2462808,1032,45250.0,0.0078,0.0819,-0.7059,0.71068,1006.34,1000.0,-6.34,53.5,215.0,2.2787,0.3738,LOCK,0,normal
4500,2462817,1041,45259.0,0.0078,0.0819,-0.7059,0.71068,1006.3,1000.0,-6.3,53.5,215.0,2.2814,0.415,LOCK,0,normal
4501,2462825,1049,45267.0,-0.0429,0.1716,-0.6942,0.71638,1006.27,1000.0,-6.27,53.5,215.0,2.2832,0.4425,LOCK,0,normal
4502,2462834,1058,45276.0,0.0351,0.0234,-0.7566,0.75778,1006.24,1000.0,-6.24,53.5,215.0,2.2957,0.6321,LOCK,0,normal
4503,2462842,1066,45284.0,0.0429,-0.2028,-0.8151,0.84104,1006.21,1000.0,-6.21,53.5,215.0,2.2717,0.2685,LOCK,0,normal
4504,2462851,1075,45293.0,-0.0663,-0.0936,-0.7995,0.80769,1006.19,1000.0,-6.19,53.5,215.0,2.2929,0.5893,LOCK,0,normal
4505,2462859,1083,45301.0,0.0741,0.0936,-0.8112,0.81994,1006.16,1000.0,-6.16,53.5,215.0,2.2485,-0.0831,LOCK,0,normal
4506,2462868,1092,45310.0,0.0741,0.0936,-0.8112,0.81994,1006.14,1000.0,-6.14,53.5,215.0,2.2642,0.1543,LOCK,0,normal
4507,2462876,1100,45318.0,0.0078,0.1521,-0.7878,0.80239,1006.1,1000.0,-6.1,53.5,215.0,2.2681,0.2136,LOCK,0,normal
4508,2462885,1109,45327.0,-0.0819,-0.195,-0.8151,0.84209,1006.07,1000.0,-6.07,53.5,215.0,2.2794,0.3854,LOCK,0,normal
4509,2462894,1118,45336.0,-0.0624,0.1638,-0.8229,0.84136,1006.03,1000.0,-6.03,53.5,215.0,2.2826,0.4333,LOCK,0,normal
4510,2462912,1136,45354.0,0.0078,-0.2028,-0.9009,0.92348,1006.0,1000.0,-6.0,53.5,215.0,2.2705,0.2496,LOCK,0,normal
4511,2462921,1145,45363.0,0.0624,-0.0975,-0.8073,0.81556,1005.98,1000.0,-5.98,53.5,215.0,2.2618,0.118,LOCK,0,normal
4512,2462929,1153,45371.0,0.0624,-0.0975,-0.8073,0.81556,1005.94,1000.0,-5.94,53.5,215.0,2.2661,0.1833,LOCK,0,normal
4513,2462938,1162,45380.0,-0.0936,0.1638,-0.8151,0.83665,1005.91,1000.0,-5.91,53.5,215.0,2.2891,0.5313,LOCK,0,normal
4514,2462946,1170,45388.0,0.0195,-0.1872,-0.6513,0.67795,1005.88,1000.0,-5.88,53.5,215.0,2.2881,0.517,LOCK,0,normal
4515,2462955,1179,45397.0,-0.0429,0.0585,-0.7098,0.7135,1005.85,1000.0,-5.85,53.5,215.0,2.2796,0.3876,LOCK,0,normal
4516,2462963,1187,45405.0,-0.0234,0.1209,-0.7566,0.76656,1005.82,1000.0,-5.82,53.5,215.0,2.2685,0.22,LOCK,0,normal
4517,2462972,1196,45414.0,-0.0702,-0.0702,-0.7683,0.77469,1005.8,1000.0,-5.8,53.5,215.0,2.2871,0.5017,LOCK,0,normal
4518,2462980,1204,45422.0,-0.0702,-0.0702,-0.7683,0.77469,1005.78,1000.0,-5.78,53.5,215.0,2.2848,0.4666,LOCK,0,normal
4519,2462994,1218,45436.0,-0.2613,0.0819,-0.702,0.75352,1005.75,1000.0,-5.75,53.5,215.0,2.28,0.3934,LOCK,0,normal
4520,2463002,1226,45444.0,-0.1053,-0.0039,-0.8892,0.89542,1005.72,1000.0,-5.72,53.5,215.0,2.2927,0.5863,LOCK,0,normal
4521,2463011,1235,45453.0,-0.1053,-0.0039,-0.8892,0.89542,1005.69,1000.0,-5.69,53.5,215.0,2.2917,0.5716,LOCK,0,normal
4522,2463020,1244,45462.0,0.0,-0.1482,-0.8268,0.83998,1005.67,1000.0,-5.67,53.5,215.0,2.2494,-0.0697,LOCK,0,normal
4523,2463028,1252,45470.0,0.0819,0.2028,-0.7956,0.82512,1005.65,1000.0,-5.65,53.5,215.0,2.2677,0.2068,LOCK,0,normal
4524,2463037,1261,45479.0,-0.0273,0.0312,-0.9126,0.91354,1005.63,1000.0,-5.63,53.5,215.0,2.2624,0.1266,LOCK,0,normal
4525,2463045,1269,45487.0,-0.1092,-0.0546,-0.8385,0.84734,1005.61,1000.0,-5.61,53.5,215.0,2.2731,0.2893,LOCK,0,normal
4526,2463096,1320,45538.0,-0.117,0.0429,-0.8346,0.84385,1005.59,1000.0,-5.59,53.5,215.0,2.2829,0.4385,LOCK,0,normal
4527,2463105,1329,45547.0,-0.117,0.0429,-0.8346,0.84385,1005.56,1000.0,-5.56,53.5,215.0,2.2772,0.3518,LOCK,0,normal
4528,2463113,1337,45555.0,0.0585,0.1677,-0.7644,0.78476,1005.54,1000.0,-5.54,53.5,215.0,2.2826,0.4336,LOCK,0,normal
4529,2463122,1346,45564.0,-0.1638,0.1053,-0.7956,0.81908,1005.52,1000.0,-5.52,53.5,215.0,2.2741,0.3051,LOCK,0,normal
4530,2463130,1354,45572.0,-0.0078,0.078,-0.858,0.86157,1005.49,1000.0,-5.49,53.5,215.0,2.2806,0.4025,LOCK,0,normal
4531,2463139,1363,45581.0,0.0507,-0.1092,-0.8775,0.88572,1005.48,1000.0,-5.48,53.5,215.0,2.2837,0.4507,LOCK,0,normal
4532,2463147,1371,45589.0,-0.1638,-0.2184,-0.858,0.90038,1005.46,1000.0,-5.46,53.5,215.0,2.2865,0.4923,LOCK,0,normal
4533,2463156,1380,45598.0,0.1404,0.117,-0.7605,0.78215,1005.44,1000.0,-5.44,53.5,215.0,2.2891,0.5322,LOCK,0,normal
4534,2463164,1388,45606.0,0.1404,0.117,-0.7605,0.78215,1005.43,1000.0,-5.43,53.5,215.0,2.2703,0.2471,LOCK,0,normal
4535,2463173,1397,45615.0,-0.2574,0.1209,-0.702,0.75741,1005.42,1000.0,-5.42,53.5,215.0,2.2696,0.2362,LOCK,0,normal
4536,2463181,1405,45623.0,-0.0585,0.2184,-0.663,0.70049,1005.4,1000.0,-5.4,53.5,215.0,2.2711,0.259,LOCK,0,normal
4537,2463195,1419,45637.0,0.0,0.1131,-0.6747,0.68411,1005.39,1000.0,-5.39,53.5,215.0,2.2882,0.5182,LOCK,0,normal
4538,2463203,1427,45645.0,-0.0663,-0.1794,-0.7371,0.76151,1005.38,1000.0,-5.38,53.5,215.0,2.2845,0.4614,LOCK,0,normal
4539,2463212,1436,45654.0,-0.0858,-0.1092,-0.8229,0.83454,1005.38,1000.0,-5.38,53.5,215.0,2.2621,0.1226,LOCK,0,normal
4540,2463220,1444,45662.0,-0.0117,-0.0546,-0.7605,0.76255,1005.37,1000.0,-5.37,53.5,215.0,2.2627,0.1318,LOCK,0,normal
4541,2463229,1453,45671.0,0.1794,0.1677,-0.7137,0.75477,1005.35,1000.0,-5.35,53.5,215.0,2.2618,0.1186,LOCK,0,normal
4542,2463237,1461,45679.0,0.1794,0.1677,-0.7137,0.75477,1005.33,1000.0,-5.33,53.5,215.0,2.285,0.47,LOCK,0,normal
4543,2463249,1473,45691.0,0.0312,0.0351,-0.7644,0.76584,1005.32,1000.0,-5.32,53.5,215.0,2.2827,0.4346,LOCK,0,normal
4544,2463258,1482,45700.0,0.0312,0.0351,-0.7644,0.76584,1005.31,1000.0,-5.31,53.5,215.0,2.293,0.5902,LOCK,0,normal
4545,2463266,1490,45708.0,0.0078,0.1677,-0.819,0.83603,1005.3,1000.0,-5.3,53.5,215.0,2.2967,0.6464,LOCK,0,normal
4546,2463275,1499,45717.0,-0.1443,-0.039,-0.819,0.83253,1005.29,1000.0,-5.29,53.5,215.0,2.2714,0.2636,LOCK,0,normal
4547,2463283,1507,45725.0,0.1443,-0.0897,-0.8541,0.87084,1005.28,1000.0,-5.28,53.5,215.0,2.2888,0.5267,LOCK,0,normal
4548,2463292,1516,45734.0,-0.1638,0.1248,-0.8424,0.8672,1005.27,1000.0,-5.27,53.5,215.0,2.2856,0.4782,LOCK,0,normal
4549,2463300,1524,45742.0,0.0078,-0.0507,-0.819,0.8206,1005.27,1000.0,-5.27,53.5,215.0,2.2793,0.3836,LOCK,0,normal
4550,2463309,1533,45751.0,0.0078,-0.0507,-0.819,0.8206,1005.27,1000.0,-5.27,53.5,215.0,2.2729,0.2862,LOCK,0,normal
4551,2463317,1541,45759.0,0.0,0.0546,-0.8346,0.83638,1005.27,1000.0,-5.27,53.5,215.0,2.2496,-0.0673,LOCK,0,normal
4552,2463326,1550,45768.0,-0.0039,0.156,-0.7722,0.78781,1005.27,1000.0,-5.27,53.5,215.0,2.2632,0.14,LOCK,0,normal
4553,2463349,1573,45791.0,0.0702,-0.0351,-0.6903,0.69475,1005.26,1000.0,-5.26,53.5,215.0,2.2802,0.3964,LOCK,0,normal
4554,2463357,1581,45799.0,0.0,0.1053,-0.7683,0.77548,1005.25,1000.0,-5.25,53.5,215.0,2.2991,0.683,LOCK,0,normal
4555,2463366,1590,45808.0,0.0039,0.0195,-0.8892,0.88942,1005.25,1000.0,-5.25,53.5,215.0,2.2538,-0.0026,LOCK,0,normal
4556,2463374,1598,45816.0,0.0507,-0.1716,-0.8463,0.86501,1005.24,1000.0,-5.24,53.5,215.0,2.2678,0.2096,LOCK,0,normal
4557,2463383,1607,45825.0,-0.0117,0.0156,-0.7371,0.73736,1005.24,1000.0,-5.24,53.5,215.0,2.2518,-0.0331,LOCK,0,normal
4558,2463396,1620,45838.0,-0.0351,0.039,-0.7488,0.75064,1005.23,1000.0,-5.23,53.5,215.0,2.276,0.3335,LOCK,0,normal
4559,2463406,1630,45848.0,0.0156,0.156,-0.8073,0.82238,1005.23,1000.0,-5.23,53.5,215.0,2.2798,0.3915,LOCK,0,normal
4560,2463415,1639,45857.0,0.0429,0.2028,-0.7293,0.75819,1005.23,1000.0,-5.23,53.5,215.0,2.3002,0.6995,LOCK,0,normal
4561,2463424,1648,45866.0,0.0117,-0.0429,-0.78,0.78127,1005.23,1000.0,-5.23,53.5,215.0,2.2601,0.0918,LOCK,0,normal
4562,2463432,1656,45874.0,0.0117,-0.0429,-0.78,0.78127,1005.23,1000.0,-5.23,53.5,215.0,2.2756,0.3274,LOCK,0,normal
4563,2463441,1665,45883.0,0.0936,-0.2925,-0.7527,0.81294,1005.23,1000.0,-5.23,53.5,215.0,2.2795,0.3857,LOCK,0,normal
4564,2463451,1675,45893.0,-0.0078,-0.039,-0.7605,0.76154,1005.23,1000.0,-5.23,53.5,215.0,2.2935,0.5979,LOCK,0,normal
4565,2463460,1684,45902.0,-0.0468,0.0039,-0.8112,0.81256,1005.23,1000.0,-5.23,53.5,215.0,2.29,0.5448,LOCK,0,normal
4566,2463468,1692,45910.0,0.1131,0.2106,-0.7215,0.76007,1005.22,1000.0,-5.22,53.5,215.0,2.2788,0.375,LOCK,0,normal
4567,2463477,1701,45919.0,-0.0624,0.1404,-0.7293,0.74531,1005.22,1000.0,-5.22,53.5,215.0,2.2821,0.4257,LOCK,0,normal
4568,2463485,1709,45927.0,0.0585,0.039,-0.7566,0.75986,1005.21,1000.0,-5.21,53.5,215.0,2.2773,0.3531,LOCK,0,normal
4569,2463494,1718,45936.0,0.0585,0.039,-0.7566,0.75986,1005.2,1000.0,-5.2,53.5,215.0,2.2862,0.488,LOCK,0,normal
4570,2463502,1726,45944.0,0.0585,-0.1521,-0.8073,0.82358,1005.2,1000.0,-5.2,53.5,215.0,2.2828,0.4361,LOCK,0,normal
4571,2463511,1735,45953.0,-0.1404,-0.1833,-0.8346,0.86595,1005.19,1000.0,-5.19,53.5,215.0,2.2814,0.4147,LOCK,0,normal
4572,2463519,1743,45961.0,0.0702,0.0507,-0.7761,0.78092,1005.19,1000.0,-5.19,53.5,215.0,2.2609,0.1052,LOCK,0,normal
4573,2463528,1752,45970.0,-0.1092,-0.0429,-0.741,0.75023,1005.19,1000.0,-5.19,53.5,215.0,2.2753,0.3225,LOCK,0,normal
4574,2463536,1760,45978.0,-0.0663,-0.1209,-0.6396,0.65429,1005.19,1000.0,-5.19,53.5,215.0,2.2762,0.3363,LOCK,0,normal
4575,2463555,1779,45997.0,-0.0702,0.1716,-0.7254,0.74872,1005.18,1000.0,-5.18,53.5,215.0,2.2758,0.3296,LOCK,0,normal
4576,2463564,1788,46006.0,-0.0195,-0.0468,-0.7917,0.79332,1005.18,1000.0,-5.18,53.5,215.0,2.2775,0.3558,LOCK,0,normal
4577,2463572,1796,46014.0,-0.0468,-0.0663,-0.819,0.82301,1005.18,1000.0,-5.18,53.5,215.0,2.2915,0.5689,LOCK,0,normal
4578,2463581,1805,46023.0,0.1131,-0.0039,-0.7956,0.80361,1005.18,1000.0,-5.18,53.5,215.0,2.2842,0.4575,LOCK,0,normal
4579,2463589,1813,46031.0,-0.0351,0.0312,-0.7644,0.76584,1005.18,1000.0,-5.18,53.5,215.0,2.2926,0.5854,LOCK,0,normal
4580,2463603,1827,46045.0,-0.0351,-0.2145,-0.6942,0.72743,1005.17,1000.0,-5.17,53.5,215.0,2.2887,0.5261,LOCK,0,normal
4581,2463611,1835,46053.0,0.0468,0.1014,-0.7566,0.7648,1005.17,1000.0,-5.17,53.5,215.0,2.2805,0.4016,LOCK,0,normal
4582,2463620,1844,46062.0,0.078,0.1794,-0.7995,0.82308,1005.16,1000.0,-5.16,53.5,215.0,2.261,0.1064,LOCK,0,normal
4583,2463629,1853,46071.0,-0.0507,0.0663,-0.8073,0.8116,1005.16,1000.0,-5.16,53.5,215.0,2.272,0.2728,LOCK,0,normal
4584,2463637,1861,46079.0,-0.0507,0.0663,-0.8073,0.8116,1005.16,1000.0,-5.16,53.5,215.0,2.2675,0.2038,LOCK,0,normal
4585,2463646,1870,46088.0,0.1677,-0.1716,-0.78,0.81607,1005.15,1000.0,-5.15,53.5,215.0,2.2571,0.0466,LOCK,0,normal
4586,2463679,1903,46121.0,0.0507,0.1287,-0.7917,0.80369,1005.14,1000.0,-5.14,53.5,215.0,2.2806,0.4037,LOCK,0,normal
4587,2463688,1912,46130.0,0.0507,0.1287,-0.7917,0.80369,1005.13,1000.0,-5.13,53.5,215.0,2.2869,0.4984,LOCK,0,normal
4588,2463696,1920,46138.0,-0.0312,-0.0936,-0.741,0.74754,1005.12,1000.0,-5.12,53.5,215.0,2.2973,0.6559,LOCK,0,normal
4589,2463705,1929,46147.0,0.0117,0.0819,-0.7527,0.75723,1005.11,1000.0,-5.11,53.5,215.0,2.2829,0.4382,LOCK,0,normal
4590,2463714,1938,46156.0,-0.0195,0.1365,-0.7683,0.78058,1005.11,1000.0,-5.11,53.5,215.0,2.2881,0.5167,LOCK,0,normal
4591,2463722,1946,46164.0,0.0585,-0.0156,-0.897,0.89904,1005.1,1000.0,-5.1,53.5,215.0,2.2859,0.4834,LOCK,0,normal
4592,2463731,1955,46173.0,0.078,-0.1287,-0.8385,0.8519,1005.1,1000.0,-5.1,53.5,215.0,2.2758,0.3302,LOCK,0,normal
4593,2463739,1963,46181.0,0.078,-0.1287,-0.8385,0.8519,1005.09,1000.0,-5.09,53.5,215.0,2.271,0.2572,LOCK,0,normal
4594,2463748,1972,46190.0,-0.0078,0.0351,-0.8229,0.82369,1005.09,1000.0,-5.09,53.5,215.0,2.2661,0.1833,LOCK,0,normal
4595,2463758,1982,46200.0,-0.0195,0.0624,-0.8268,0.82938,1005.09,1000.0,-5.09,53.5,215.0,2.2793,0.3827,LOCK,0,normal
4596,2463767,1991,46209.0,-0.0195,0.1131,-0.8736,0.88111,1005.08,1000.0,-5.08,53.5,215.0,2.284,0.4544,LOCK,0,normal
4597,2463775,1999,46217.0,-0.1989,0.3081,-0.78,0.86191,1005.07,1000.0,-5.07,53.5,215.0,2.2826,0.4327,LOCK,0,normal
4598,2463784,2008,46226.0,-0.0507,0.0156,-0.8619,0.86353,1005.07,1000.0,-5.07,53.5,215.0,2.2671,0.1986,LOCK,0,normal
4599,2463793,2017,46235.0,-0.0117,-0.1287,-0.7722,0.78294,1005.06,1000.0,-5.06,53.5,215.0,2.2924,0.5814,LOCK,0,normal
4600,2463806,2030,46248.0,-0.0273,-0.0546,-0.7449,0.7474,1005.06,1000.0,-5.06,53.5,215.0,2.2903,0.5496,LOCK,0,normal
4601,2463815,2039,46257.0,-0.0819,0.0195,-0.7917,0.79616,1005.05,1000.0,-5.05,53.5,215.0,2.2832,0.4419,LOCK,0,normal
4602,2463823,2047,46265.0,-0.0819,0.0858,-0.624,0.63517,1005.05,1000.0,-5.05,53.5,215.0,2.2994,0.6885,LOCK,0,normal
4603,2463832,2056,46274.0,-0.0819,0.0858,-0.624,0.63517,1005.04,1000.0,-5.04,53.5,215.0,2.269,0.2267,LOCK,0,normal
4604,2463840,2064,46282.0,-0.1365,0.2535,-0.624,0.68722,1005.03,1000.0,-5.03,53.5,215.0,2.2622,0.1247,LOCK,0,normal
4605,2463849,2073,46291.0,-0.0234,0.1287,-0.6903,0.70258,1005.02,1000.0,-5.02,53.5,215.0,2.2492,-0.0725,LOCK,0,normal
4606,2463862,2086,46304.0,0.0234,-0.156,-0.7215,0.73854,1005.01,1000.0,-5.01,53.5,215.0,2.2872,0.5032,LOCK,0,normal
4607,2463871,2095,46313.0,-0.1404,-0.0741,-0.7488,0.76544,1005.0,1000.0,-5.0,53.5,215.0,2.2811,0.4108,LOCK,0,normal
4608,2463879,2103,46321.0,0.078,-0.0156,-0.7683,0.77241,1004.99,1000.0,-4.99,53.5,215.0,2.2857,0.4797,LOCK,0,normal
4609,2463888,2112,46330.0,0.0156,0.0195,-0.7995,0.79989,1004.99,1000.0,-4.99,53.5,215.0,2.2837,0.4507,LOCK,0,normal
4610,2463896,2120,46338.0,-0.0312,-0.2262,-0.7254,0.76049,1004.98,1000.0,-4.98,53.5,215.0,2.2808,0.4065,LOCK,0,normal
4611,2463905,2129,46347.0,-0.1365,0.1326,-0.819,0.84082,1004.97,1000.0,-4.97,53.5,215.0,2.2829,0.4376,LOCK,0,normal
4612,2463913,2137,46355.0,-0.1365,0.1326,-0.819,0.84082,1004.97,1000.0,-4.97,53.5,215.0,2.2659,0.18,LOCK,0,normal
4613,2463922,2146,46364.0,0.0351,0.0702,-0.8697,0.87323,1004.96,1000.0,-4.96,53.5,215.0,2.2628,0.1336,LOCK,0,normal
4614,2463930,2154,46372.0,-0.0078,-0.0663,-0.8346,0.83727,1004.96,1000.0,-4.96,53.5,215.0,2.2542,0.0032,LOCK,0,normal
4615,2463960,2184,46402.0,0.0,-0.1365,-0.8112,0.8226,1004.95,1000.0,-4.95,53.5,215.0,2.2861,0.4868,LOCK,0,normal
4616,2463969,2193,46411.0,0.0156,0.0468,-0.7995,0.80102,1004.94,1000.0,-4.94,53.5,215.0,2.2718,0.2691,LOCK,0,normal
4617,2463977,2201,46419.0,-0.0429,0.0078,-0.7956,0.79679,1004.93,1000.0,-4.93,53.5,215.0,2.258,0.0609,LOCK,0,normal
4618,2463986,2210,46428.0,-0.0429,0.0078,-0.7956,0.79679,1004.92,1000.0,-4.92,53.5,215.0,2.2653,0.1714,LOCK,0,normal
4619,2463994,2218,46436.0,-0.0702,-0.0546,-0.7644,0.76956,1004.91,1000.0,-4.91,53.5,215.0,2.2631,0.1382,LOCK,0,normal
4620,2464020,2244,46462.0,-0.0078,-0.0585,-0.858,0.86003,1004.9,1000.0,-4.9,53.5,215.0,2.2957,0.6315,LOCK,0,normal
4621,2464029,2253,46471.0,-0.039,-0.0819,-0.7566,0.76202,1004.88,1000.0,-4.88,53.5,215.0,2.2847,0.4654,LOCK,0,normal
4622,2464037,2261,46479.0,-0.039,-0.0819,-0.7566,0.76202,1004.87,1000.0,-4.87,53.5,215.0,2.2832,0.4431,LOCK,0,normal
4623,2464046,2270,46488.0,0.1209,0.0897,-0.7254,0.74086,1004.86,1000.0,-4.86,53.5,215.0,2.2825,0.4312,LOCK,0,normal
4624,2464054,2278,46496.0,-0.0273,-0.1209,-0.8112,0.82061,1004.85,1000.0,-4.85,53.5,215.0,2.2819,0.4233,LOCK,0,normal
4625,2464063,2287,46505.0,0.0468,0.0663,-0.7566,0.76094,1004.83,1000.0,-4.83,53.5,215.0,2.2822,0.4269,LOCK,0,normal
4626,2464071,2295,46513.0,-0.0936,0.2925,-0.7449,0.80573,1004.81,1000.0,-4.81,53.5,215.0,2.2793,0.3836,LOCK,0,normal
4627,2464080,2304,46522.0,0.1131,-0.1053,-0.8268,0.84112,1004.8,1000.0,-4.8,53.5,215.0,2.2836,0.4492,LOCK,0,normal
4628,2464088,2312,46530.0,0.1131,-0.1053,-0.8268,0.84112,1004.78,1000.0,-4.78,53.5,215.0,2.2605,0.0982,LOCK,0,normal
4629,2464097,2321,46539.0,0.1092,-0.2925,-0.7995,0.8583,1004.77,1000.0,-4.77,53.5,215.0,2.2565,0.0383,LOCK,0,normal
4630,2464116,2340,46558.0,-0.0273,0.0,-0.8268,0.82725,1004.76,1000.0,-4.76,53.5,215.0,2.2834,0.4456,LOCK,0,normal
4631,2464124,2348,46566.0,0.0468,0.0468,-0.7605,0.76337,1004.74,1000.0,-4.74,53.5,215.0,2.2773,0.3537,LOCK,0,normal
4632,2464133,2357,46575.0,-0.1677,0.234,-0.6981,0.75513,1004.72,1000.0,-4.72,53.5,215.0,2.2649,0.1653,LOCK,0,normal
4633,2464141,2365,46583.0,-0.1326,0.1326,-0.7683,0.79085,1004.7,1000.0,-4.7,53.5,215.0,2.2596,0.0848,LOCK,0,normal
4634,2464150,2374,46592.0,-0.1326,0.1326,-0.7683,0.79085,1004.68,1000.0,-4.68,53.5,215.0,2.2817,0.4196,LOCK,0,normal
4635,2464165,2389,46607.0,0.0156,0.0,-0.8151,0.81525,1004.66,1000.0,-4.66,53.5,215.0,2.2812,0.412,LOCK,0,normal
4636,2464174,2398,46616.0,-0.0273,0.0663,-0.8736,0.87654,1004.65,1000.0,-4.65,53.5,215.0,2.285,0.47,LOCK,0,normal
4637,2464182,2406,46624.0,-0.1287,0.0351,-0.8736,0.88373,1004.63,1000.0,-4.63,53.5,215.0,2.277,0.3485,LOCK,0,normal
4638,2464191,2415,46633.0,-0.1287,0.0351,-0.8736,0.88373,1004.61,1000.0,-4.61,53.5,215.0,2.2756,0.3277,LOCK,0,normal
4639,2464200,2424,46642.0,-0.0039,0.2145,-0.7683,0.79769,1004.59,1000.0,-4.59,53.5,215.0,2.2778,0.3607,LOCK,0,normal
4640,2464208,2432,46650.0,0.0897,0.1677,-0.7995,0.82181,1004.57,1000.0,-4.57,53.5,215.0,2.2805,0.4022,LOCK,0,normal
4641,2464222,2446,46664.0,0.0,-0.1092,-0.7761,0.78374,1004.55,1000.0,-4.55,53.5,215.0,2.284,0.455,LOCK,0,normal
4642,2464230,2454,46672.0,-0.1287,0.1053,-0.7254,0.74422,1004.54,1000.0,-4.54,53.5,215.0,2.2872,0.5026,LOCK,0,normal
4643,2464239,2463,46681.0,0.0351,-0.0624,-0.7059,0.70952,1004.53,1000.0,-4.53,53.5,215.0,2.2548,0.0121,LOCK,0,normal
4644,2464247,2471,46689.0,0.0273,0.0312,-0.7098,0.71101,1004.49,1000.0,-4.49,53.5,215.0,2.2803,0.3985,LOCK,0,normal
4645,2464256,2480,46698.0,-0.1755,-0.1911,-0.6903,0.73745,1004.46,1000.0,-4.46,53.5,215.0,2.2817,0.4202,LOCK,0,normal
4646,2464290,2514,46732.0,-0.0663,-0.117,-0.7683,0.77998,1004.44,1000.0,-4.44,53.5,215.0,2.288,0.5145,LOCK,0,normal
4647,2464299,2523,46741.0,0.0975,0.0468,-0.7137,0.72185,1004.41,1000.0,-4.41,53.5,215.0,2.2722,0.2764,LOCK,0,normal
4648,2464307,2531,46749.0,0.039,0.039,-0.7722,0.77417,1004.37,1000.0,-4.37,53.5,215.0,2.2789,0.3769,LOCK,0,normal
4649,2464316,2540,46758.0,0.1404,-0.1482,-0.78,0.80627,1004.34,1000.0,-4.34,53.5,215.0,2.2829,0.4382,LOCK,0,normal
4650,2464324,2548,46766.0,0.1404,-0.1482,-0.78,0.80627,1004.31,1000.0,-4.31,53.5,215.0,2.2548,0.0124,LOCK,0,normal
4651,2464333,2557,46775.0,0.1404,0.0702,-0.7683,0.78417,1004.28,1000.0,-4.28,53.5,215.0,2.2735,0.2954,LOCK,0,normal
4652,2464341,2565,46783.0,-0.0351,-0.0234,-0.8502,0.85125,1004.25,1000.0,-4.25,53.5,215.0,2.2507,-0.0499,LOCK,0,normal
4653,2464350,2574,46792.0,-0.0429,-0.0741,-0.7761,0.78081,1004.23,1000.0,-4.23,53.5,215.0,2.258,0.0603,LOCK,0,normal
4654,2464358,2582,46800.0,0.1872,0.0897,-0.8229,0.84868,1004.21,1000.0,-4.21,53.5,215.0,2.2557,0.0258,LOCK,0,normal
4655,2464367,2591,46809.0,0.0468,0.2925,-0.7683,0.82343,1004.18,1000.0,-4.18,53.5,215.0,2.2815,0.4172,LOCK,0,normal
4656,2464385,2609,46827.0,-0.1716,-0.039,-0.8775,0.89497,1004.16,1000.0,-4.16,53.5,215.0,2.2996,0.691,LOCK,0,normal
4657,2464394,2618,46836.0,-0.0312,-0.1209,-0.8268,0.83617,1004.13,1000.0,-4.13,53.5,215.0,2.2871,0.5017,LOCK,0,normal
4658,2464402,2626,46844.0,0.1092,0.1794,-0.7683,0.79649,1004.11,1000.0,-4.11,53.5,215.0,2.2791,0.3808,LOCK,0,normal
4659,2464411,2635,46853.0,-0.078,-0.0507,-0.8814,0.8863,1004.09,1000.0,-4.09,53.5,215.0,2.2828,0.4364,LOCK,0,normal
4660,2464424,2648,46866.0,-0.0663,0.0546,-0.78,0.78471,1004.07,1000.0,-4.07,53.5,215.0,2.2945,0.6144,LOCK,0,normal
4661,2464433,2657,46875.0,-0.1287,0.1911,-0.8502,0.88086,1004.03,1000.0,-4.03,53.5,215.0,2.2613,0.1104,LOCK,0,normal
4662,2464442,2666,46884.0,0.0741,-0.0234,-0.9204,0.92367,1004.0,1000.0,-4.0,53.5,215.0,2.2678,0.2093,LOCK,0,normal
4663,2464450,2674,46892.0,0.0117,-0.156,-0.8814,0.89518,1003.96,1000.0,-3.96,53.5,215.0,2.275,0.3189,LOCK,0,normal
4664,2464458,2682,46900.0,-0.0702,0.1209,-0.7956,0.80779,1003.93,1000.0,-3.93,53.5,215.0,2.2564,0.0359,LOCK,0,normal
4665,2464467,2691,46909.0,-0.0702,0.1209,-0.7956,0.80779,1003.9,1000.0,-3.9,53.5,215.0,2.2614,0.1122,LOCK,0,normal
4666,2464476,2700,46918.0,-0.0312,0.039,-0.8307,0.8322,1003.88,1000.0,-3.88,53.5,215.0,2.2842,0.4572,LOCK,0,normal
4667,2464485,2709,46927.0,0.0351,0.0156,-0.7215,0.72252,1003.83,1000.0,-3.83,53.5,215.0,2.2794,0.3842,LOCK,0,normal
4668,2464493,2717,46935.0,-0.156,0.1911,-0.6981,0.7404,1003.79,1000.0,-3.79,53.5,215.0,2.2742,0.3064,LOCK,0,normal
4669,2464502,2726,46944.0,-0.0585,0.1677,-0.8034,0.8228,1003.76,1000.0,-3.76,53.5,215.0,2.277,0.3479,LOCK,0,normal
4670,2464510,2734,46952.0,0.1131,-0.2106,-0.8307,0.86441,1003.72,1000.0,-3.72,53.5,215.0,2.2877,0.5112,LOCK,0,normal
4671,2464519,2743,46961.0,0.1131,-0.2106,-0.8307,0.86441,1003.69,1000.0,-3.69,53.5,215.0,2.2734,0.2932,LOCK,0,normal
4672,2464527,2751,46969.0,-0.0429,-0.0975,-0.7332,0.7409,1003.67,1000.0,-3.67,53.5,215.0,2.2595,0.0838,LOCK,0,normal
4673,2464546,2770,46988.0,-0.0936,0.0234,-0.7332,0.73952,1003.62,1000.0,-3.62,53.5,215.0,2.2587,0.0716,LOCK,0,normal
4674,2464555,2779,46997.0,-0.1131,0.0819,-0.6396,0.65467,1003.58,1000.0,-3.58,53.5,215.0,2.2532,-0.0117,LOCK,0,normal
4675,2464563,2787,47005.0,0.0117,0.117,-0.702,0.71178,1003.54,1000.0,-3.54,53.5,215.0,2.2691,0.2291,LOCK,0,normal
4676,2464579,2803,47021.0,0.0351,-0.1755,-0.7683,0.78887,1003.5,1000.0,-3.5,53.5,215.0,2.2804,0.3995,LOCK,0,normal
4677,2464588,2812,47030.0,-0.1209,-0.0429,-0.7722,0.78278,1003.47,1000.0,-3.47,53.5,215.0,2.2808,0.4068,LOCK,0,normal
4678,2464597,2821,47039.0,0.0858,-0.0312,-0.7605,0.76596,1003.44,1000.0,-3.44,53.5,215.0,2.2778,0.3601,LOCK,0,normal
4679,2464605,2829,47047.0,-0.1287,0.1053,-0.7566,0.77466,1003.4,1000.0,-3.4,53.5,215.0,2.285,0.4694,LOCK,0,normal
4680,2464614,2838,47056.0,-0.0468,-0.2223,-0.702,0.73784,1003.36,1000.0,-3.36,53.5,215.0,2.279,0.3784,LOCK,0,normal
4681,2464627,2851,47069.0,-0.0468,0.2106,-0.7527,0.78301,1003.33,1000.0,-3.33,53.5,215.0,2.2756,0.3274,LOCK,0,normal
4682,2464636,2860,47078.0,0.0702,0.1287,-0.8463,0.8589,1003.3,1000.0,-3.3,53.5,215.0,2.2799,0.3924,LOCK,0,normal
4683,2464644,2868,47086.0,-0.0078,-0.1989,-0.8385,0.8618,1003.27,1000.0,-3.27,53.5,215.0,2.2665,0.1901,LOCK,0,normal
4684,2464653,2877,47095.0,0.1521,0.1209,-0.7839,0.80762,1003.24,1000.0,-3.24,53.5,215.0,2.2576,0.0545,LOCK,0,normal
4685,2464661,2885,47103.0,0.1521,0.1209,-0.7839,0.80762,1003.2,1000.0,-3.2,53.5,215.0,2.2693,0.2325,LOCK,0,normal
4686,2464670,2894,47112.0,-0.1287,0.078,-0.8151,0.82888,1003.16,1000.0,-3.16,53.5,215.0,2.2542,0.0029,LOCK,0,normal
4687,2464681,2905,47123.0,-0.078,-0.2691,-0.6825,0.73777,1003.12,1000.0,-3.12,53.5,215.0,2.2884,0.5216,LOCK,0,normal
4688,2464690,2914,47132.0,-0.0156,0.0195,-0.7527,0.75311,1003.09,1000.0,-3.09,53.5,215.0,2.2774,0.3549,LOCK,0,normal
4689,2464699,2923,47141.0,-0.0468,-0.0195,-0.8034,0.805,1003.06,1000.0,-3.06,53.5,215.0,2.2953,0.6253,LOCK,0,normal
4690,2464707,2931,47149.0,-0.078,-0.0897,-0.7527,0.76203,1003.03,1000.0,-3.03,53.5,215.0,2.2832,0.4422,LOCK,0,normal
4691,2464716,2940,47158.0,0.1443,0.0156,-0.7449,0.75891,1003.01,1000.0,-3.01,53.5,215.0,2.2896,0.5396,LOCK,0,normal
4692,2464724,2948,47166.0,0.0078,0.2301,-0.6669,0.70552,1002.97,1000.0,-2.97,53.5,215.0,2.2774,0.3546,LOCK,0,normal
4693,2464733,2957,47175.0,0.0078,0.2301,-0.6669,0.70552,1002.93,1000.0,-2.93,53.5,215.0,2.2899,0.5445,LOCK,0,normal
4694,2464741,2965,47183.0,-0.117,-0.0975,-0.78,0.79473,1002.9,1000.0,-2.9,53.5,215.0,2.2877,0.5103,LOCK,0,normal
4695,2464750,2974,47192.0,0.039,-0.1482,-0.7605,0.77579,1002.87,1000.0,-2.87,53.5,215.0,2.2725,0.2798,LOCK,0,normal
4696,2464758,2982,47200.0,0.1482,0.0702,-0.7449,0.76274,1002.85,1000.0,-2.85,53.5,215.0,2.2818,0.4211,LOCK,0,normal
4697,2464767,2991,47209.0,-0.078,-0.1365,-0.8424,0.85694,1002.83,1000.0,-2.83,53.5,215.0,2.2489,-0.0767,LOCK,0,normal
4698,2464785,3009,47227.0,-0.0156,0.0156,-0.78,0.78031,1002.79,1000.0,-2.79,53.5,215.0,2.2789,0.3778,LOCK,0,normal
4699,2464794,3018,47236.0,-0.0663,0.1716,-0.7878,0.80899,1002.76,1000.0,-2.76,53.5,215.0,2.2891,0.5319,LOCK,0,normal
4700,2464803,3027,47245.0,0.0273,0.0312,-0.897,0.89796,1002.73,1000.0,-2.73,53.5,215.0,2.2874,0.506,LOCK,0,normal
4701,2464811,3035,47253.0,0.0741,-0.0897,-0.897,0.90451,1002.7,1000.0,-2.7,53.5,215.0,2.2831,0.4416,LOCK,0,normal
4702,2464820,3044,47262.0,-0.0624,0.1755,-0.7956,0.81711,1002.68,1000.0,-2.68,53.5,215.0,2.2786,0.3729,LOCK,0,normal
4703,2464833,3057,47275.0,-0.0624,0.0195,-0.7956,0.79828,1002.66,1000.0,-2.66,53.5,215.0,2.2817,0.419,LOCK,0,normal
4704,2464842,3066,47284.0,-0.0117,-0.0156,-0.7176,0.71786,1002.62,1000.0,-2.62,53.5,215.0,2.2882,0.5182,LOCK,0,normal
4705,2464850,3074,47292.0,-0.2418,0.1443,-0.7215,0.7745,1002.59,1000.0,-2.59,53.5,215.0,2.2728,0.2853,LOCK,0,normal
4706,2464859,3083,47301.0,-0.0624,0.1482,-0.8151,0.83081,1002.57,1000.0,-2.57,53.5,215.0,2.2541,0.0017,LOCK,0,normal
4707,2464867,3091,47309.0,-0.0624,0.1482,-0.8151,0.83081,1002.54,1000.0,-2.54,53.5,215.0,2.2501,-0.059,LOCK,0,normal
4708,2464876,3100,47318.0,0.1014,-0.1911,-0.819,0.84709,1002.52,1000.0,-2.52,53.5,215.0,2.2489,-0.077,LOCK,0,normal
4709,2464908,3132,47350.0,0.1014,-0.0351,-0.78,0.78735,1002.49,1000.0,-2.49,53.5,215.0,2.2924,0.5814,LOCK,0,normal
4710,2464916,3140,47358.0,-0.0819,0.2067,-0.7722,0.80357,1002.47,1000.0,-2.47,53.5,215.0,2.2985,0.6748,LOCK,0,normal
4711,2464925,3149,47367.0,-0.0078,0.2262,-0.858,0.88735,1002.45,1000.0,-2.45,53.5,215.0,2.2935,0.5985,LOCK,0,normal
4712,2464934,3158,47376.0,0.0624,-0.1833,-0.8931,0.91385,1002.43,1000.0,-2.43,53.5,215.0,2.2716,0.2673,LOCK,0,normal
4713,2464942,3166,47384.0,-0.1638,-0.0663,-0.8229,0.84166,1002.41,1000.0,-2.41,53.5,215.0,2.2835,0.4474,LOCK,0,normal
4714,2464951,3175,47393.0,0.0078,0.0312,-0.819,0.81963,1002.4,1000.0,-2.4,53.5,215.0,2.2739,0.3012,LOCK,0,normal
4715,2464959,3183,47401.0,0.0078,0.0312,-0.819,0.81963,1002.38,1000.0,-2.38,53.5,215.0,2.2734,0.2945,LOCK,0,normal
4716,2464968,3192,47410.0,-0.1521,0.195,-0.702,0.74429,1002.37,1000.0,-2.37,53.5,215.0,2.2534,-0.0084,LOCK,0,normal
4717,2464976,3200,47418.0,-0.1209,-0.0039,-0.6903,0.70082,1002.36,1000.0,-2.36,53.5,215.0,2.2617,0.1168,LOCK,0,normal
4718,2464985,3209,47427.0,-0.0273,0.0585,-0.6591,0.66225,1002.35,1000.0,-2.35,53.5,215.0,2.2856,0.4782,LOCK,0,normal
4719,2464994,3218,47436.0,0.0702,-0.0741,-0.7722,0.77892,1002.34,1000.0,-2.34,53.5,215.0,2.283,0.4394,LOCK,0,normal
4720,2465002,3226,47444.0,0.0234,-0.2418,-0.8268,0.86175,1002.33,1000.0,-2.33,53.5,215.0,2.2833,0.4434,LOCK,0,normal
4721,2465011,3235,47453.0,0.0234,-0.2418,-0.8268,0.86175,1002.32,1000.0,-2.32,53.5,215.0,2.2791,0.3808,LOCK,0,normal
4722,2465034,3258,47476.0,-0.0624,-0.0702,-0.741,0.74693,1002.31,1000.0,-2.31,53.5,215.0,2.2844,0.4599,LOCK,0,normal
4723,2465043,3267,47485.0,0.0039,0.0897,-0.8424,0.84717,1002.3,1000.0,-2.3,53.5,215.0,2.2727,0.2832,LOCK,0,normal
4724,2465052,3276,47494.0,0.0039,0.0897,-0.8424,0.84717,1002.3,1000.0,-2.3,53.5,215.0,2.2742,0.3058,LOCK,0,normal
4725,2465060,3284,47502.0,-0.0351,0.039,-0.9243,0.92579,1002.29,1000.0,-2.29,53.5,215.0,2.2638,0.1492,LOCK,0,normal
4726,2465069,3293,47511.0,-0.117,-0.0312,-0.8073,0.81633,1002.28,1000.0,-2.28,53.5,215.0,2.2631,0.1382,LOCK,0,normal
4727,2465077,3301,47519.0,0.0741,-0.117,-0.7215,0.73467,1002.28,1000.0,-2.28,53.5,215.0,2.2601,0.0918,LOCK,0,normal
4728,2465085,3309,47527.0,0.0702,0.2379,-0.6435,0.68965,1002.28,1000.0,-2.28,53.5,215.0,2.2679,0.2108,LOCK,0,normal
4729,2465094,3318,47536.0,-0.0468,-0.1716,-0.702,0.72418,1002.28,1000.0,-2.28,53.5,215.0,2.2733,0.2929,LOCK,0,normal
4730,2465103,3327,47545.0,-0.0468,-0.1716,-0.702,0.72418,1002.28,1000.0,-2.28,53.5,215.0,2.2844,0.4611,LOCK,0,normal
4731,2465111,3335,47553.0,0.0546,-0.1014,-0.7605,0.76917,1002.28,1000.0,-2.28,53.5,215.0,2.2772,0.3522,LOCK,0,normal
4732,2465130,3354,47572.0,-0.0702,-0.039,-0.8658,0.86952,1002.28,1000.0,-2.28,53.5,215.0,2.2748,0.3158,LOCK,0,normal
4733,2465139,3363,47581.0,-0.0078,-0.0624,-0.8307,0.83308,1002.28,1000.0,-2.28,53.5,215.0,2.2891,0.5313,LOCK,0,normal
4734,2465147,3371,47589.0,0.0858,0.1326,-0.8229,0.83792,1002.29,1000.0,-2.29,53.5,215.0,2.284,0.4547,LOCK,0,normal
4735,2465156,3380,47598.0,-0.0897,0.0897,-0.9594,0.96775,1002.3,1000.0,-2.3,53.5,215.0,2.2895,0.5377,LOCK,0,normal
4736,2465164,3388,47606.0,-0.0897,0.0897,-0.9594,0.96775,1002.31,1000.0,-2.31,53.5,215.0,2.2775,0.3561,LOCK,0,normal
4737,2465173,3397,47615.0,0.0273,-0.117,-0.8151,0.82391,1002.32,1000.0,-2.32,53.5,215.0,2.2841,0.4553,LOCK,0,normal
4738,2465182,3406,47624.0,-0.1365,0.1716,-0.6786,0.71315,1002.32,1000.0,-2.32,53.5,215.0,2.2635,0.144,LOCK,0,normal
4739,2465190,3414,47632.0,-0.078,-0.0312,-0.7254,0.73025,1002.33,1000.0,-2.33,53.5,215.0,2.2565,0.0377,LOCK,0,normal
4740,2465198,3422,47640.0,0.0234,-0.0702,-0.7839,0.78738,1002.33,1000.0,-2.33,53.5,215.0,2.2725,0.2804,LOCK,0,normal
4741,2465207,3431,47649.0,-0.0507,0.0624,-0.8112,0.81517,1002.35,1000.0,-2.35,53.5,215.0,2.2714,0.2639,LOCK,0,normal
4742,2465215,3439,47657.0,-0.0507,0.0624,-0.8112,0.81517,1002.36,1000.0,-2.36,53.5,215.0,2.2583,0.0649,LOCK,0,normal
4743,2465239,3463,47681.0,0.0468,0.0039,-0.7878,0.7892,1002.37,1000.0,-2.37,53.5,215.0,2.2652,0.1693,LOCK,0,normal
4744,2465248,3472,47690.0,-0.0702,0.2145,-0.8502,0.87965,1002.38,1000.0,-2.38,53.5,215.0,2.282,0.4245,LOCK,0,normal
4745,2465256,3480,47698.0,-0.0702,0.2145,-0.8502,0.87965,1002.39,1000.0,-2.39,53.5,215.0,2.2835,0.4465,LOCK,0,normal
4746,2465265,3489,47707.0,0.1287,0.0078,-0.897,0.90622,1002.42,1000.0,-2.42,53.5,215.0,2.2915,0.5683,LOCK,0,normal
4747,2465273,3497,47715.0,-0.0546,0.1794,-0.7761,0.79843,1002.44,1000.0,-2.44,53.5,215.0,2.2814,0.4153,LOCK,0,normal
4748,2465282,3506,47724.0,-0.0858,0.1404,-0.7527,0.77047,1002.47,1000.0,-2.47,53.5,215.0,2.2754,0.3238,LOCK,0,normal
4749,2465291,3515,47733.0,0.0429,-0.2223,-0.7839,0.81594,1002.49,1000.0,-2.49,53.5,215.0,2.2927,0.5869,LOCK,0,normal
4750,2465299,3523,47741.0,-0.0975,-0.1794,-0.7332,0.7611,1002.51,1000.0,-2.51,53.5,215.0,2.2764,0.3393,LOCK,0,normal
4751,2465308,3532,47750.0,-0.0975,-0.1794,-0.7332,0.7611,1002.53,1000.0,-2.53,53.5,215.0,2.2721,0.2746,LOCK,0,normal
4752,2465316,3540,47758.0,0.1053,0.0819,-0.7839,0.79517,1002.54,1000.0,-2.54,53.5,215.0,2.2636,0.1455,LOCK,0,normal
4753,2465325,3549,47767.0,-0.0936,0.2769,-0.7371,0.79294,1002.55,1000.0,-2.55,53.5,215.0,2.2675,0.2041,LOCK,0,normal
4754,2465333,3557,47775.0,-0.0546,-0.0117,-0.7878,0.78978,1002.57,1000.0,-2.57,53.5,215.0,2.2665,0.1891,LOCK,0,normal
4755,2465352,3576,47794.0,-0.0156,-0.0702,-0.8307,0.83381,1002.58,1000.0,-2.58,53.5,215.0,2.2849,0.4678,LOCK,0,normal
4756,2465360,3584,47802.0,-0.0663,-0.1911,-0.9399,0.96142,1002.59,1000.0,-2.59,53.5,215.0,2.2872,0.5026,LOCK,0,normal
4757,2465369,3593,47811.0,-0.0663,-0.1911,-0.9399,0.96142,1002.59,1000.0,-2.59,53.5,215.0,2.2577,0.0564,LOCK,0,normal
4758,2465377,3601,47819.0,0.0234,0.1287,-0.7449,0.7563,1002.6,1000.0,-2.6,53.5,215.0,2.2746,0.3125,LOCK,0,normal
4759,2465386,3610,47828.0,0.0819,0.0507,-0.819,0.82464,1002.64,1000.0,-2.64,53.5,215.0,2.2695,0.2346,LOCK,0,normal
4760,2465395,3619,47837.0,-0.0858,-0.1677,-0.6591,0.68549,1002.67,1000.0,-2.67,53.5,215.0,2.293,0.5902,LOCK,0,normal
4761,2465404,3628,47846.0,-0.0663,0.1053,-0.7059,0.71678,1002.69,1000.0,-2.69,53.5,215.0,2.2821,0.4257,LOCK,0,normal
4762,2465412,3636,47854.0,-0.0975,0.1209,-0.7371,0.75329,1002.72,1000.0,-2.72,53.5,215.0,2.2855,0.4776,LOCK,0,normal
4763,2465421,3645,47863.0,-0.0975,0.1209,-0.7371,0.75329,1002.74,1000.0,-2.74,53.5,215.0,2.282,0.4242,LOCK,0,normal
4764,2465429,3653,47871.0,-0.0663,-0.0585,-0.8307,0.83539,1002.76,1000.0,-2.76,53.5,215.0,2.2804,0.4007,LOCK,0,normal
4765,2465443,3667,47885.0,-0.2496,0.0819,-0.663,0.71315,1002.78,1000.0,-2.78,53.5,215.0,2.2787,0.3747,LOCK,0,normal
4766,2465451,3675,47893.0,-0.2496,0.0819,-0.663,0.71315,1002.81,1000.0,-2.81,53.5,215.0,2.2645,0.1598,LOCK,0,normal
4767,2465460,3684,47902.0,-0.0234,0.0,-0.7371,0.73747,1002.84,1000.0,-2.84,53.5,215.0,2.2728,0.2844,LOCK,0,normal
4768,2465468,3692,47910.0,0.0078,-0.0585,-0.78,0.78223,1002.86,1000.0,-2.86,53.5,215.0,2.2586,0.0692,LOCK,0,normal
4769,2465477,3701,47919.0,0.1443,0.1482,-0.7839,0.81073,1002.88,1000.0,-2.88,53.5,215.0,2.2649,0.1647,LOCK,0,normal
4770,2465499,3723,47941.0,0.0507,-0.0897,-0.7956,0.80224,1002.92,1000.0,-2.92,53.5,215.0,2.2859,0.4831,LOCK,0,normal
4771,2465507,3731,47949.0,-0.0663,0.1716,-0.8034,0.82419,1002.96,1000.0,-2.96,53.5,215.0,2.291,0.5606,LOCK,0,normal
4772,2465516,3740,47958.0,-0.039,-0.0663,-0.9165,0.91972,1002.99,1000.0,-2.99,53.5,215.0,2.2733,0.2929,LOCK,0,normal
4773,2465524,3748,47966.0,-0.0156,-0.2457,-0.8541,0.88887,1003.01,1000.0,-3.01,53.5,215.0,2.2571,0.0472,LOCK,0,normal
4774,2465533,3757,47975.0,-0.0156,-0.2457,-0.8541,0.88887,1003.04,1000.0,-3.04,53.5,215.0,2.2812,0.4126,LOCK,0,normal
4775,2465542,3766,47984.0,-0.0273,0.1248,-0.7722,0.7827,1003.06,1000.0,-3.06,53.5,215.0,2.2785,0.3717,LOCK,0,normal
4776,2465552,3776,47994.0,0.0,0.0117,-0.8229,0.82298,1003.08,1000.0,-3.08,53.5,215.0,2.2791,0.3799,LOCK,0,normal
4777,2465561,3785,48003.0,0.0156,0.0936,-0.8385,0.84385,1003.11,1000.0,-3.11,53.5,215.0,2.2821,0.4254,LOCK,0,normal
4778,2465569,3793,48011.0,-0.1365,0.0624,-0.8424,0.85567,1003.14,1000.0,-3.14,53.5,215.0,2.2836,0.4492,LOCK,0,normal
4779,2465578,3802,48020.0,0.0624,-0.039,-0.8658,0.86892,1003.17,1000.0,-3.17,53.5,215.0,2.2767,0.3436,LOCK,0,normal
4780,2465587,3811,48029.0,0.1014,-0.1404,-0.858,0.8753,1003.19,1000.0,-3.19,53.5,215.0,2.28,0.3943,LOCK,0,normal
4781,2465595,3819,48037.0,0.1014,-0.1404,-0.858,0.8753,1003.21,1000.0,-3.21,53.5,215.0,2.2502,-0.0581,LOCK,0,normal
4782,2465604,3828,48046.0,0.1053,-0.0507,-0.8736,0.88138,1003.23,1000.0,-3.23,53.5,215.0,2.2619,0.1195,LOCK,0,normal
4783,2465612,3836,48054.0,-0.1248,0.1521,-0.7956,0.81957,1003.24,1000.0,-3.24,53.5,215.0,2.264,0.1516,LOCK,0,normal
4784,2465621,3845,48063.0,-0.039,0.1131,-0.7488,0.7583,1003.27,1000.0,-3.27,53.5,215.0,2.2776,0.3583,LOCK,0,normal
4785,2465660,3884,48102.0,-0.078,-0.1092,-0.7917,0.80299,1003.3,1000.0,-3.3,53.5,215.0,2.2833,0.4434,LOCK,0,normal
4786,2465668,3892,48110.0,0.0741,-0.0585,-0.8073,0.8128,1003.32,1000.0,-3.32,53.5,215.0,2.2537,-0.0047,LOCK,0,normal
4787,2465677,3901,48119.0,0.0741,-0.0585,-0.8073,0.8128,1003.35,1000.0,-3.35,53.5,215.0,2.2625,0.1287,LOCK,0,normal
4788,2465685,3909,48127.0,-0.0546,0.1287,-0.7254,0.73875,1003.37,1000.0,-3.37,53.5,215.0,2.2617,0.1165,LOCK,0,normal
4789,2465693,3917,48135.0,-0.117,0.1287,-0.7527,0.77253,1003.4,1000.0,-3.4,53.5,215.0,2.2832,0.4425,LOCK,0,normal
4790,2465705,3929,48147.0,0.0117,0.0858,-0.7254,0.73055,1003.42,1000.0,-3.42,53.5,215.0,2.2838,0.4511,LOCK,0,normal
4791,2465713,3937,48155.0,0.0156,-0.0702,-0.7878,0.79108,1003.44,1000.0,-3.44,53.5,215.0,2.278,0.3641,LOCK,0,normal
4792,2465722,3946,48164.0,-0.0039,-0.1287,-0.8658,0.87532,1003.45,1000.0,-3.45,53.5,215.0,2.2793,0.383,LOCK,0,normal
4793,2465731,3955,48173.0,-0.0078,-0.0234,-0.7839,0.78429,1003.47,1000.0,-3.47,53.5,215.0,2.2859,0.484,LOCK,0,normal
4794,2465739,3963,48181.0,0.0663,0.1131,-0.7956,0.80633,1003.5,1000.0,-3.5,53.5,215.0,2.2745,0.31,LOCK,0,normal
4795,2465748,3972,48190.0,0.0663,0.1131,-0.7956,0.80633,1003.52,1000.0,-3.52,53.5,215.0,2.2871,0.5008,LOCK,0,normal
4796,2465756,3980,48198.0,-0.0585,-0.0234,-0.702,0.70482,1003.54,1000.0,-3.54,53.5,215.0,2.2797,0.3897,LOCK,0,normal
4797,2465765,3989,48207.0,0.0702,0.1989,-0.8073,0.8344,1003.56,1000.0,-3.56,53.5,215.0,2.274,0.3024,LOCK,0,normal
4798,2465773,3997,48215.0,-0.1014,0.078,-0.9009,0.90994,1003.58,1000.0,-3.58,53.5,215.0,2.2799,0.3924,LOCK,0,normal
4799,2465782,4006,48224.0,-0.0702,-0.0975,-0.9204,0.92821,1003.6,1000.0,-3.6,53.5,215.0,2.2782,0.3671,LOCK,0,normal
4800,2465790,4014,48232.0,0.1599,-0.0156,-0.8697,0.88441,1003.61,1000.0,-3.61,53.5,215.0,2.272,0.2728,LOCK,0,normal
4801,2465809,4033,48251.0,-0.1092,0.1443,-0.8502,0.86925,1003.63,1000.0,-3.63,53.5,215.0,2.2878,0.5118,LOCK,0,normal
4802,2465818,4042,48260.0,-0.0624,-0.0624,-0.9165,0.92074,1003.65,1000.0,-3.65,53.5,215.0,2.2889,0.5283,LOCK,0,normal
4803,2465826,4050,48268.0,0.0312,0.0585,-0.8112,0.8139,1003.66,1000.0,-3.66,53.5,215.0,2.2462,-0.1189,LOCK,0,normal
4804,2465835,4059,48277.0,0.0624,0.1287,-0.7293,0.74319,1003.67,1000.0,-3.67,53.5,215.0,2.2685,0.2203,LOCK,0,normal
4805,2465843,4067,48285.0,-0.1014,0.0585,-0.7059,0.71554,1003.69,1000.0,-3.69,53.5,215.0,2.2695,0.2349,LOCK,0,normal
4806,2465852,4076,48294.0,0.0429,-0.0585,-0.7254,0.72902,1003.7,1000.0,-3.7,53.5,215.0,2.2714,0.2642,LOCK,0,normal
4807,2465865,4089,48307.0,0.0273,0.195,-0.7449,0.77048,1003.71,1000.0,-3.71,53.5,215.0,2.2837,0.4504,LOCK,0,normal
4808,2465874,4098,48316.0,-0.0156,-0.2262,-0.7956,0.82728,1003.73,1000.0,-3.73,53.5,215.0,2.2906,0.5551,LOCK,0,normal
4809,2465882,4106,48324.0,0.0819,-0.2613,-0.7449,0.79364,1003.74,1000.0,-3.74,53.5,215.0,2.2803,0.3979,LOCK,0,normal
4810,2465891,4115,48333.0,0.0819,-0.2613,-0.7449,0.79364,1003.75,1000.0,-3.75,53.5,215.0,2.2791,0.3796,LOCK,0,normal
4811,2465900,4124,48342.0,-0.0078,0.117,-0.6825,0.6925,1003.76,1000.0,-3.76,53.5,215.0,2.2789,0.3769,LOCK,0,normal
4812,2465908,4132,48350.0,-0.0468,0.0741,-0.7566,0.76166,1003.77,1000.0,-3.77,53.5,215.0,2.2877,0.5106,LOCK,0,normal
4813,2465917,4141,48359.0,0.0546,0.1521,-0.7293,0.74699,1003.78,1000.0,-3.78,53.5,215.0,2.2883,0.5197,LOCK,0,normal
4814,2465925,4149,48367.0,-0.0585,0.1677,-0.7527,0.77337,1003.8,1000.0,-3.8,53.5,215.0,2.2576,0.0542,LOCK,0,normal
4815,2465934,4158,48376.0,0.0741,0.0429,-0.7839,0.78856,1003.81,1000.0,-3.81,53.5,215.0,2.2749,0.3173,LOCK,0,normal
4816,2465942,4166,48384.0,0.0741,0.0429,-0.7839,0.78856,1003.82,1000.0,-3.82,53.5,215.0,2.2711,0.259,LOCK,0,normal
4817,2465951,4175,48393.0,0.1365,-0.156,-0.8151,0.84104,1003.83,1000.0,-3.83,53.5,215.0,2.2882,0.5179,LOCK,0,normal
4818,2465961,4185,48403.0,0.0117,-0.2145,-0.8814,0.9072,1003.84,1000.0,-3.84,53.5,215.0,2.2734,0.2932,LOCK,0,normal
4819,2465970,4194,48412.0,-0.0351,0.0702,-0.8502,0.85382,1003.85,1000.0,-3.85,53.5,215.0,2.2844,0.4599,LOCK,0,normal
4820,2465978,4202,48420.0,0.0039,0.1014,-0.8424,0.84849,1003.85,1000.0,-3.85,53.5,215.0,2.2622,0.1247,LOCK,0,normal
4821,2465987,4211,48429.0,-0.0117,0.312,-0.7995,0.8583,1003.86,1000.0,-3.86,53.5,215.0,2.2614,0.1125,LOCK,0,normal
4822,2465995,4219,48437.0,-0.0234,0.0663,-0.8424,0.84533,1003.87,1000.0,-3.87,53.5,215.0,2.2548,0.0121,LOCK,0,normal
4823,2466004,4228,48446.0,-0.0234,0.0663,-0.8424,0.84533,1003.87,1000.0,-3.87,53.5,215.0,2.2592,0.078,LOCK,0,normal
4824,2466012,4236,48454.0,0.0936,-0.1131,-0.8541,0.86663,1003.88,1000.0,-3.88,53.5,215.0,2.2723,0.2771,LOCK,0,normal
4825,2466021,4245,48463.0,-0.1209,-0.0936,-0.8073,0.82165,1003.88,1000.0,-3.88,53.5,215.0,2.2861,0.4868,LOCK,0,normal
4826,2466030,4254,48472.0,-0.0273,-0.0351,-0.7059,0.7073,1003.89,1000.0,-3.89,53.5,215.0,2.2823,0.4288,LOCK,0,normal
4827,2466048,4272,48490.0,-0.1248,0.0507,-0.6552,0.6689,1003.9,1000.0,-3.9,53.5,215.0,2.2761,0.3351,LOCK,0,normal
4828,2466057,4281,48499.0,0.0585,0.0858,-0.6942,0.70192,1003.91,1000.0,-3.91,53.5,215.0,2.2837,0.4495,LOCK,0,normal
4829,2466070,4294,48512.0,0.0507,0.0039,-0.7839,0.78555,1003.93,1000.0,-3.93,53.5,215.0,2.29,0.5448,LOCK,0,normal
4830,2466079,4303,48521.0,-0.0507,0.0507,-0.8307,0.83379,1003.94,1000.0,-3.94,53.5,215.0,2.2835,0.4471,LOCK,0,normal
4831,2466087,4311,48529.0,0.0156,0.0117,-0.8112,0.81143,1003.94,1000.0,-3.94,53.5,215.0,2.2512,-0.0425,LOCK,0,normal
4832,2466096,4320,48538.0,0.0156,0.0117,-0.8112,0.81143,1003.95,1000.0,-3.95,53.5,215.0,2.2716,0.2664,LOCK,0,normal
4833,2466104,4328,48546.0,0.1404,0.0936,-0.8658,0.88209,1003.95,1000.0,-3.95,53.5,215.0,2.2619,0.1199,LOCK,0,normal
4834,2466113,4337,48555.0,0.0624,-0.0039,-0.8697,0.87194,1003.96,1000.0,-3.96,53.5,215.0,2.2617,0.1165,LOCK,0,normal
4835,2466165,4389,48607.0,-0.1326,0.0663,-0.78,0.79396,1003.95,1000.0,-3.95,53.5,215.0,2.2708,0.2551,LOCK,0,normal
4836,2466173,4397,48615.0,-0.0507,-0.0624,-0.9399,0.94333,1003.94,1000.0,-3.94,53.5,215.0,2.2812,0.412,LOCK,0,normal
4837,2466182,4406,48624.0,0.0585,-0.0195,-0.8697,0.87188,1003.93,1000.0,-3.93,53.5,215.0,2.2895,0.538,LOCK,0,normal
4838,2466190,4414,48632.0,0.0858,-0.0195,-0.9165,0.92071,1003.93,1000.0,-3.93,53.5,215.0,2.2804,0.4001,LOCK,0,normal
4839,2466199,4423,48641.0,0.0858,-0.0195,-0.9165,0.92071,1003.92,1000.0,-3.92,53.5,215.0,2.2636,0.1449,LOCK,0,normal
4840,2466207,4431,48649.0,-0.0585,0.0039,-0.8307,0.83277,1003.91,1000.0,-3.91,53.5,215.0,2.2734,0.2938,LOCK,0,normal
4841,2466216,4440,48658.0,-0.0468,0.0312,-0.7839,0.78592,1003.91,1000.0,-3.91,53.5,215.0,2.268,0.2117,LOCK,0,normal
4842,2466225,4449,48667.0,-0.1209,0.2067,-0.6747,0.71593,1003.91,1000.0,-3.91,53.5,215.0,2.2895,0.5383,LOCK,0,normal
4843,2466233,4457,48675.0,-0.0351,-0.1599,-0.819,0.8352,1003.91,1000.0,-3.91,53.5,215.0,2.274,0.3036,LOCK,0,normal
4844,2466242,4466,48684.0,0.0507,-0.1599,-0.7566,0.77497,1003.91,1000.0,-3.91,53.5,215.0,2.2588,0.0735,LOCK,0,normal
4845,2466260,4484,48702.0,-0.0156,0.1053,-0.7098,0.71774,1003.91,1000.0,-3.91,53.5,215.0,2.2666,0.1904,LOCK,0,normal
4846,2466275,4499,48717.0,0.0078,0.1482,-0.7566,0.77102,1003.91,1000.0,-3.91,53.5,215.0,2.2896,0.5399,LOCK,0,normal
4847,2466283,4507,48725.0,-0.1248,0.3003,-0.7488,0.81637,1003.9,1000.0,-3.9,53.5,215.0,2.2569,0.0438,LOCK,0,normal
4848,2466292,4516,48734.0,-0.1248,0.3003,-0.7488,0.81637,1003.9,1000.0,-3.9,53.5,215.0,2.2621,0.122,LOCK,0,normal
4849,2466300,4524,48742.0,0.0195,0.0858,-0.8073,0.81208,1003.9,1000.0,-3.9,53.5,215.0,2.2579,0.0594,LOCK,0,normal
4850,2466317,4541,48759.0,0.0273,-0.0234,-0.8775,0.87824,1003.9,1000.0,-3.9,53.5,215.0,2.2766,0.3421,LOCK,0,normal
4851,2466325,4549,48767.0,-0.0741,0.0117,-0.8853,0.88847,1003.89,1000.0,-3.89,53.5,215.0,2.2822,0.4275,LOCK,0,normal
4852,2466334,4558,48776.0,0.0234,0.1131,-0.741,0.74995,1003.89,1000.0,-3.89,53.5,215.0,2.2676,0.2056,LOCK,0,normal
4853,2466342,4566,48784.0,0.0234,0.1131,-0.741,0.74995,1003.89,1000.0,-3.89,53.5,215.0,2.2924,0.5814,LOCK,0,normal
4854,2466351,4575,48793.0,-0.0429,0.1482,-0.6591,0.67692,1003.88,1000.0,-3.88,53.5,215.0,2.2959,0.6342,LOCK,0,normal
4855,2466359,4583,48801.0,0.0585,0.2028,-0.7527,0.78173,1003.88,1000.0,-3.88,53.5,215.0,2.282,0.4245,LOCK,0,normal
4856,2466368,4592,48810.0,0.0741,-0.1248,-0.819,0.83176,1003.87,1000.0,-3.87,53.5,215.0,2.2884,0.5206,LOCK,0,normal
4857,2466376,4600,48818.0,-0.1092,-0.1677,-0.7683,0.79394,1003.87,1000.0,-3.87,53.5,215.0,2.2645,0.1589,LOCK,0,normal
4858,2466385,4609,48827.0,0.1638,0.0078,-0.7449,0.76274,1003.87,1000.0,-3.87,53.5,215.0,2.2624,0.1275,LOCK,0,normal
4859,2466393,4617,48835.0,0.1638,0.0078,-0.7449,0.76274,1003.86,1000.0,-3.86,53.5,215.0,2.2718,0.27,LOCK,0,normal
4860,2466402,4626,48844.0,-0.0975,0.0195,-0.8073,0.8134,1003.86,1000.0,-3.86,53.5,215.0,2.2573,0.0493,LOCK,0,normal
4861,2466424,4648,48866.0,-0.0702,0.1911,-0.7839,0.80991,1003.86,1000.0,-3.86,53.5,215.0,2.2804,0.4004,LOCK,0,normal
4862,2466432,4656,48874.0,0.0351,-0.0039,-0.8658,0.86652,1003.86,1000.0,-3.86,53.5,215.0,2.2678,0.2087,LOCK,0,normal
4863,2466441,4665,48883.0,-0.0468,0.0624,-0.858,0.86154,1003.86,1000.0,-3.86,53.5,215.0,2.264,0.1513,LOCK,0,normal
4864,2466449,4673,48891.0,0.0702,-0.0624,-0.8424,0.84762,1003.86,1000.0,-3.86,53.5,215.0,2.2595,0.0838,LOCK,0,normal
4865,2466458,4682,48900.0,0.0117,0.1287,-0.8229,0.83299,1003.85,1000.0,-3.85,53.5,215.0,2.2681,0.2139,LOCK,0,normal
4866,2466466,4690,48908.0,0.0117,0.1287,-0.8229,0.83299,1003.84,1000.0,-3.84,53.5,215.0,2.2718,0.2697,LOCK,0,normal
4867,2466480,4704,48922.0,-0.0117,0.0897,-0.7644,0.76973,1003.83,1000.0,-3.83,53.5,215.0,2.2843,0.4584,LOCK,0,normal
4868,2466489,4713,48931.0,-0.0039,0.1716,-0.7137,0.73405,1003.82,1000.0,-3.82,53.5,215.0,2.286,0.4846,LOCK,0,normal
4869,2466497,4721,48939.0,-0.0039,0.1716,-0.7137,0.73405,1003.82,1000.0,-3.82,53.5,215.0,2.2798,0.3906,LOCK,0,normal
4870,2466506,4730,48948.0,-0.1755,-0.1599,-0.7059,0.74476,1003.81,1000.0,-3.81,53.5,215.0,2.2753,0.3232,LOCK,0,normal
4871,2466514,4738,48956.0,0.2223,-0.0273,-0.7176,0.75174,1003.8,1000.0,-3.8,53.5,215.0,2.2908,0.5582,LOCK,0,normal
4872,2466523,4747,48965.0,-0.0741,0.1131,-0.7566,0.76859,1003.8,1000.0,-3.8,53.5,215.0,2.2771,0.3497,LOCK,0,normal
4873,2466531,4755,48973.0,-0.0429,-0.0429,-0.8736,0.8757,1003.79,1000.0,-3.79,53.5,215.0,2.2888,0.528,LOCK,0,normal
4874,2466540,4764,48982.0,0.0663,0.0546,-0.8268,0.83125,1003.79,1000.0,-3.79,53.5,215.0,2.2603,0.0948,LOCK,0,normal
4875,2466548,4772,48990.0,0.1326,-0.0117,-0.7956,0.80666,1003.79,1000.0,-3.79,53.5,215.0,2.2569,0.0432,LOCK,0,normal
4876,2466557,4781,48999.0,0.1326,-0.0117,-0.7956,0.80666,1003.78,1000.0,-3.78,53.5,215.0,2.2618,0.1189,LOCK,0,normal
4877,2466566,4790,49008.0,-0.0741,-0.0624,-0.7644,0.77051,1003.78,1000.0,-3.78,53.5,215.0,2.2794,0.3854,LOCK,0,normal
4878,2466584,4808,49026.0,0.0156,0.2457,-0.7761,0.81421,1003.78,1000.0,-3.78,53.5,215.0,2.28,0.3943,LOCK,0,normal
4879,2466593,4817,49035.0,-0.0351,-0.0819,-0.9087,0.91306,1003.78,1000.0,-3.78,53.5,215.0,2.2777,0.3589,LOCK,0,normal
4880,2466601,4825,49043.0,0.0741,-0.1989,-0.8268,0.85361,1003.77,1000.0,-3.77,53.5,215.0,2.2625,0.1284,LOCK,0,normal
4881,2466610,4834,49052.0,0.0741,-0.1989,-0.8268,0.85361,1003.77,1000.0,-3.77,53.5,215.0,2.2646,0.1611,LOCK,0,normal
4882,2466624,4848,49066.0,-0.1287,0.0585,-0.7839,0.79655,1003.77,1000.0,-3.77,53.5,215.0,2.2777,0.3595,LOCK,0,normal
4883,2466632,4856,49074.0,-0.0702,0.0117,-0.6981,0.70172,1003.77,1000.0,-3.77,53.5,215.0,2.2928,0.5875,LOCK,0,normal
4884,2466641,4865,49083.0,-0.1794,0.2067,-0.7254,0.77532,1003.76,1000.0,-3.76,53.5,215.0,2.299,0.6812,LOCK,0,normal
4885,2466649,4873,49091.0,-0.1794,0.2067,-0.7254,0.77532,1003.76,1000.0,-3.76,53.5,215.0,2.2741,0.3042,LOCK,0,normal
4886,2466658,4882,49100.0,0.0702,0.0702,-0.7605,0.76695,1003.75,1000.0,-3.75,53.5,215.0,2.2713,0.2615,LOCK,0,normal
4887,2466666,4890,49108.0,0.0897,-0.2418,-0.7683,0.81043,1003.75,1000.0,-3.75,53.5,215.0,2.2896,0.539,LOCK,0,normal
4888,2466680,4904,49122.0,0.0468,0.0546,-0.7917,0.79496,1003.74,1000.0,-3.74,53.5,215.0,2.28,0.394,LOCK,0,normal
4889,2466689,4913,49131.0,-0.0585,0.0156,-0.8112,0.81346,1003.74,1000.0,-3.74,53.5,215.0,2.2576,0.0542,LOCK,0,normal
4890,2466697,4921,49139.0,0.1053,0.0351,-0.7488,0.75698,1003.74,1000.0,-3.74,53.5,215.0,2.2412,-0.1946,LOCK,0,normal
4891,2466706,4930,49148.0,-0.117,0.1287,-0.7722,0.79155,1003.73,1000.0,-3.73,53.5,215.0,2.2733,0.2923,LOCK,0,normal
4892,2466714,4938,49156.0,-0.0273,0.2223,-0.8814,0.90941,1003.73,1000.0,-3.73,53.5,215.0,2.2862,0.4877,LOCK,0,normal
4893,2466723,4947,49165.0,0.0858,-0.0585,-0.8697,0.87588,1003.72,1000.0,-3.72,53.5,215.0,2.2803,0.3989,LOCK,0,normal
4894,2466731,4955,49173.0,0.0858,-0.0585,-0.8697,0.87588,1003.72,1000.0,-3.72,53.5,215.0,2.2764,0.3387,LOCK,0,normal
4895,2466740,4964,49182.0,-0.1716,-0.1053,-0.8463,0.86992,1003.72,1000.0,-3.72,53.5,215.0,2.2865,0.4932,LOCK,0,normal
4896,2466748,4972,49190.0,0.0936,0.1248,-0.8229,0.83756,1003.71,1000.0,-3.71,53.5,215.0,2.25,-0.0612,LOCK,0,normal
4897,2466757,4981,49199.0,-0.0429,0.0312,-0.897,0.89857,1003.71,1000.0,-3.71,53.5,215.0,2.2492,-0.0728,LOCK,0,normal
4898,2466775,4999,49217.0,-0.0351,0.2028,-0.6942,0.72407,1003.7,1000.0,-3.7,53.5,215.0,2.2691,0.2285,LOCK,0,normal
4899,2466784,5008,49226.0,-0.0351,0.2028,-0.6942,0.72407,1003.7,1000.0,-3.7,53.5,215.0,2.2773,0.3531,LOCK,0,normal
4900,2466792,5016,49234.0,-0.0156,-0.0741,-0.7878,0.79143,1003.69,1000.0,-3.69,53.5,215.0,2.293,0.5905,LOCK,0,normal
4901,2466801,5025,49243.0,0.0585,-0.156,-0.8424,0.85872,1003.69,1000.0,-3.69,53.5,215.0,2.278,0.3634,LOCK,0,normal
4902,2466810,5034,49252.0,0.078,0.0117,-0.7683,0.77234,1003.68,1000.0,-3.68,53.5,215.0,2.261,0.1067,LOCK,0,normal
4903,2466818,5042,49260.0,-0.0936,0.2613,-0.7917,0.83894,1003.67,1000.0,-3.67,53.5,215.0,2.2547,0.0109,LOCK,0,normal
4904,2466826,5050,49268.0,-0.0429,-0.117,-0.8034,0.81301,1003.67,1000.0,-3.67,53.5,215.0,2.2588,0.0728,LOCK,0,normal
4905,2466835,5059,49277.0,-0.0429,-0.117,-0.8034,0.81301,1003.66,1000.0,-3.66,53.5,215.0,2.2597,0.0866,LOCK,0,normal
4906,2466887,5111,49329.0,0.0663,-0.0429,-0.7995,0.80339,1003.65,1000.0,-3.65,53.5,215.0,2.2897,0.5405,LOCK,0,normal
4907,2466895,5119,49337.0,0.0663,-0.0429,-0.7995,0.80339,1003.64,1000.0,-3.64,53.5,215.0,2.2784,0.3702,LOCK,0,normal
4908,2466904,5128,49346.0,-0.0039,-0.0585,-0.7995,0.80165,1003.63,1000.0,-3.63,53.5,215.0,2.2573,0.0496,LOCK,0,normal
4909,2466912,5136,49354.0,0.1209,0.117,-0.7956,0.81319,1003.62,1000.0,-3.62,53.5,215.0,2.2595,0.0829,LOCK,0,normal
4910,2466921,5145,49363.0,-0.0117,-0.0663,-0.7917,0.79456,1003.61,1000.0,-3.61,53.5,215.0,2.2708,0.2542,LOCK,0,normal
4911,2466929,5153,49371.0,0.0,-0.0936,-0.8151,0.82046,1003.6,1000.0,-3.6,53.5,215.0,2.2718,0.2697,LOCK,0,normal
4912,2466938,5162,49380.0,0.0,-0.0936,-0.8151,0.82046,1003.59,1000.0,-3.59,53.5,215.0,2.2884,0.5206,LOCK,0,normal
4913,2466946,5170,49388.0,0.0585,0.1521,-0.7332,0.75109,1003.57,1000.0,-3.57,53.5,215.0,2.2784,0.3692,LOCK,0,normal
4914,2466955,5179,49397.0,-0.1053,0.0156,-0.9009,0.90717,1003.55,1000.0,-3.55,53.5,215.0,2.2844,0.4611,LOCK,0,normal
4915,2466963,5187,49405.0,0.0741,-0.1794,-0.8892,0.91014,1003.54,1000.0,-3.54,53.5,215.0,2.2886,0.524,LOCK,0,normal
4916,2466972,5196,49414.0,-0.0702,0.117,-0.8034,0.8149,1003.53,1000.0,-3.53,53.5,215.0,2.2849,0.4688,LOCK,0,normal
4917,2466991,5215,49433.0,-0.0117,-0.0351,-0.7917,0.79256,1003.52,1000.0,-3.52,53.5,215.0,2.2771,0.35,LOCK,0,normal
4918,2466999,5223,49441.0,-0.1014,0.1989,-0.7449,0.77764,1003.5,1000.0,-3.5,53.5,215.0,2.2748,0.3149,LOCK,0,normal
4919,2467008,5232,49450.0,-0.1014,0.1989,-0.7449,0.77764,1003.49,1000.0,-3.49,53.5,215.0,2.2751,0.3198,LOCK,0,normal
4920,2467017,5241,49459.0,0.0117,0.0585,-0.8307,0.83284,1003.47,1000.0,-3.47,53.5,215.0,2.2745,0.31,LOCK,0,normal
4921,2467025,5249,49467.0,0.0273,-0.2223,-0.858,0.88675,1003.46,1000.0,-3.46,53.5,215.0,2.2864,0.491,LOCK,0,normal
4922,2467034,5258,49476.0,0.0468,-0.0039,-0.8229,0.82424,1003.45,1000.0,-3.45,53.5,215.0,2.2972,0.6553,LOCK,0,normal
4923,2467042,5266,49484.0,-0.0741,0.039,-0.8775,0.88149,1003.44,1000.0,-3.44,53.5,215.0,2.2619,0.1199,LOCK,0,normal
4924,2467051,5275,49493.0,0.0975,0.1833,-0.8307,0.85625,1003.43,1000.0,-3.43,53.5,215.0,2.2962,0.6397,LOCK,0,normal
4925,2467059,5283,49501.0,0.0975,0.1833,-0.8307,0.85625,1003.41,1000.0,-3.41,53.5,215.0,2.2765,0.3402,LOCK,0,normal
4926,2467068,5292,49510.0,-0.1404,0.039,-0.8619,0.87413,1003.4,1000.0,-3.4,53.5,215.0,2.2682,0.2151,LOCK,0,normal
4927,2467076,5300,49518.0,-0.0312,0.1443,-0.8385,0.8514,1003.38,1000.0,-3.38,53.5,215.0,2.2784,0.3702,LOCK,0,normal
4928,2467094,5318,49536.0,-0.1755,-0.1716,-0.8385,0.87369,1003.37,1000.0,-3.37,53.5,215.0,2.2788,0.3753,LOCK,0,normal
4929,2467102,5326,49544.0,0.1131,0.1677,-0.8073,0.83225,1003.35,1000.0,-3.35,53.5,215.0,2.2547,0.0106,LOCK,0,normal
4930,2467111,5335,49553.0,0.1131,0.1677,-0.8073,0.83225,1003.34,1000.0,-3.34,53.5,215.0,2.2733,0.2923,LOCK,0,normal
4931,2467119,5343,49561.0,-0.0039,0.1248,-0.8619,0.8709,1003.32,1000.0,-3.32,53.5,215.0,2.2703,0.2462,LOCK,0,normal
4932,2467128,5352,49570.0,-0.0156,0.2028,-0.8346,0.85903,1003.31,1000.0,-3.31,53.5,215.0,2.2598,0.0881,LOCK,0,normal
4933,2467143,5367,49585.0,-0.0897,-0.0936,-0.8619,0.8716,1003.29,1000.0,-3.29,53.5,215.0,2.2911,0.5625,LOCK,0,normal
4934,2467152,5376,49594.0,-0.0897,-0.0936,-0.8619,0.8716,1003.28,1000.0,-3.28,53.5,215.0,2.2641,0.1537,LOCK,0,normal
4935,2467160,5384,49602.0,0.0312,-0.0156,-0.897,0.89768,1003.27,1000.0,-3.27,53.5,215.0,2.2661,0.184,LOCK,0,normal
4936,2467169,5393,49611.0,0.0234,-0.0273,-0.8307,0.83148,1003.26,1000.0,-3.26,53.5,215.0,2.2843,0.4596,LOCK,0,normal
4937,2467177,5401,49619.0,0.0312,0.2847,-0.7878,0.83825,1003.25,1000.0,-3.25,53.5,215.0,2.2639,0.1498,LOCK,0,normal
4938,2467189,5413,49631.0,-0.0195,-0.1248,-0.7761,0.78631,1003.24,1000.0,-3.24,53.5,215.0,2.2877,0.5109,LOCK,0,normal
4939,2467197,5421,49639.0,0.0312,0.0741,-0.7722,0.77637,1003.24,1000.0,-3.24,53.5,215.0,2.279,0.379,LOCK,0,normal
4940,2467206,5430,49648.0,0.0312,0.2067,-0.8424,0.86795,1003.23,1000.0,-3.23,53.5,215.0,2.2718,0.2697,LOCK,0,normal
4941,2467214,5438,49656.0,0.0312,0.2067,-0.8424,0.86795,1003.22,1000.0,-3.22,53.5,215.0,2.2608,0.1037,LOCK,0,normal
4942,2467223,5447,49665.0,-0.1053,-0.1326,-0.9009,0.91667,1003.22,1000.0,-3.22,53.5,215.0,2.2457,-0.1262,LOCK,0,normal
4943,2467231,5455,49673.0,0.1833,-0.0858,-0.7761,0.80205,1003.21,1000.0,-3.21,53.5,215.0,2.263,0.1366,LOCK,0,normal
4944,2467241,5465,49683.0,-0.0936,0.2457,-0.8034,0.84533,1003.2,1000.0,-3.2,53.5,215.0,2.2957,0.6311,LOCK,0,normal
4945,2467250,5474,49692.0,0.0741,-0.0429,-0.7995,0.80407,1003.19,1000.0,-3.19,53.5,215.0,2.2903,0.5503,LOCK,0,normal
4946,2467258,5482,49700.0,0.0234,0.0,-0.8268,0.82713,1003.18,1000.0,-3.18,53.5,215.0,2.2748,0.3146,LOCK,0,normal
4947,2467267,5491,49709.0,0.1482,0.2262,-0.8658,0.90705,1003.17,1000.0,-3.17,53.5,215.0,2.2713,0.2621,LOCK,0,normal
4948,2467275,5499,49717.0,0.1482,0.2262,-0.8658,0.90705,1003.16,1000.0,-3.16,53.5,215.0,2.2761,0.3344,LOCK,0,normal
4949,2467284,5508,49726.0,-0.0741,0.0117,-0.8736,0.87682,1003.15,1000.0,-3.15,53.5,215.0,2.2841,0.4559,LOCK,0,normal
4950,2467298,5522,49740.0,-0.2496,0.0702,-0.7605,0.80349,1003.14,1000.0,-3.14,53.5,215.0,2.2846,0.4639,LOCK,0,normal
4951,2467306,5530,49748.0,-0.2496,0.0702,-0.7605,0.80349,1003.12,1000.0,-3.12,53.5,215.0,2.2876,0.509,LOCK,0,normal
4952,2467315,5539,49757.0,-0.1131,0.0663,-0.9399,0.949,1003.11,1000.0,-3.11,53.5,215.0,2.2749,0.3161,LOCK,0,normal
4953,2467323,5547,49765.0,0.0624,-0.1755,-0.9087,0.92759,1003.1,1000.0,-3.1,53.5,215.0,2.28,0.3946,LOCK,0,normal
4954,2467332,5556,49774.0,-0.117,0.0741,-0.8385,0.84986,1003.09,1000.0,-3.09,53.5,215.0,2.2765,0.3405,LOCK,0,normal
4955,2467340,5564,49782.0,-0.0936,0.0858,-0.9087,0.91753,1003.08,1000.0,-3.08,53.5,215.0,2.2795,0.3866,LOCK,0,normal
4956,2467349,5573,49791.0,-0.0624,-0.0546,-0.8502,0.85423,1003.08,1000.0,-3.08,53.5,215.0,2.2779,0.3622,LOCK,0,normal
4957,2467357,5581,49799.0,-0.0624,-0.0546,-0.8502,0.85423,1003.07,1000.0,-3.07,53.5,215.0,2.2552,0.0179,LOCK,0,normal
4958,2467366,5590,49808.0,-0.1131,0.1287,-0.7215,0.74156,1003.06,1000.0,-3.06,53.5,215.0,2.2713,0.2618,LOCK,0,normal
4959,2467374,5598,49816.0,0.1014,-0.0351,-0.7878,0.79507,1003.05,1000.0,-3.05,53.5,215.0,2.263,0.1357,LOCK,0,normal
4960,2467383,5607,49825.0,-0.0156,-0.2769,-0.7605,0.80949,1003.05,1000.0,-3.05,53.5,215.0,2.2694,0.2334,LOCK,0,normal
4961,2467402,5626,49844.0,-0.1053,-0.0117,-0.7137,0.72152,1003.04,1000.0,-3.04,53.5,215.0,2.2872,0.5036,LOCK,0,normal
4962,2467410,5634,49852.0,0.1638,0.1716,-0.741,0.77805,1003.04,1000.0,-3.04,53.5,215.0,2.2835,0.4471,LOCK,0,normal
4963,2467419,5643,49861.0,0.1638,0.1716,-0.741,0.77805,1003.03,1000.0,-3.03,53.5,215.0,2.2873,0.5042,LOCK,0,normal
4964,2467427,5651,49869.0,0.0117,-0.0468,-0.7644,0.76592,1003.03,1000.0,-3.03,53.5,215.0,2.2895,0.538,LOCK,0,normal
4965,2467436,5660,49878.0,0.0507,0.0468,-0.7566,0.75974,1003.02,1000.0,-3.02,53.5,215.0,2.2984,0.6721,LOCK,0,normal
4966,2467444,5668,49886.0,0.0702,-0.0741,-0.819,0.82534,1003.01,1000.0,-3.01,53.5,215.0,2.2712,0.2612,LOCK,0,normal
4967,2467453,5677,49895.0,-0.1872,-0.1443,-0.8034,0.83745,1003.01,1000.0,-3.01,53.5,215.0,2.2789,0.3769,LOCK,0,normal
4968,2467461,5685,49903.0,0.1872,0.0936,-0.741,0.76999,1003.01,1000.0,-3.01,53.5,215.0,2.2767,0.3436,LOCK,0,normal
4969,2467470,5694,49912.0,0.1872,0.0936,-0.741,0.76999,1003.0,1000.0,-3.0,53.5,215.0,2.2536,-0.0062,LOCK,0,normal
4970,2467478,5702,49920.0,-0.1482,0.1482,-0.8268,0.85295,1003.0,1000.0,-3.0,53.5,215.0,2.2804,0.3998,LOCK,0,normal
4971,2467487,5711,49929.0,-0.1326,0.1482,-0.819,0.8428,1003.0,1000.0,-3.0,53.5,215.0,2.2755,0.3259,LOCK,0,normal
4972,2467502,5726,49944.0,-0.0819,-0.1755,-0.858,0.87959,1003.0,1000.0,-3.0,53.5,215.0,2.2869,0.4987,LOCK,0,normal
4973,2467510,5734,49952.0,-0.0819,-0.1755,-0.858,0.87959,1003.0,1000.0,-3.0,53.5,215.0,2.2865,0.492,LOCK,0,normal
4974,2467519,5743,49961.0,-0.0312,-0.1365,-0.8307,0.84242,1003.0,1000.0,-3.0,53.5,215.0,2.265,0.1666,LOCK,0,normal
4975,2467527,5751,49969.0,-0.0936,-0.0507,-0.7371,0.74475,1003.0,1000.0,-3.0,53.5,215.0,2.2642,0.1553,LOCK,0,normal
4976,2467536,5760,49978.0,0.1365,0.2067,-0.6942,0.73707,1003.0,1000.0,-3.0,53.5,215.0,2.2618,0.1186,LOCK,0,normal
4977,2467584,5808,50026.0,0.1599,-0.0624,-0.8151,0.83298,1003.01,1000.0,-3.01,53.5,215.0,2.2922,0.5789,LOCK,0,normal
4978,2467592,5816,50034.0,0.1599,-0.0624,-0.8151,0.83298,1003.03,1000.0,-3.03,53.5,215.0,2.2828,0.4364,LOCK,0,normal
4979,2467601,5825,50043.0,-0.0858,0.2145,-0.78,0.81349,1003.04,1000.0,-3.04,53.5,215.0,2.2783,0.3686,LOCK,0,normal
4980,2467609,5833,50051.0,0.0234,-0.0156,-0.7917,0.7922,1003.06,1000.0,-3.06,53.5,215.0,2.2917,0.5716,LOCK,0,normal
4981,2467618,5842,50060.0,0.078,0.0702,-0.9126,0.91861,1003.08,1000.0,-3.08,53.5,215.0,2.2747,0.3137,LOCK,0,normal
4982,2467626,5850,50068.0,0.1092,0.2262,-0.8892,0.924,1003.09,1000.0,-3.09,53.5,215.0,2.2885,0.5225,LOCK,0,normal
4983,2467635,5859,50077.0,-0.0429,-0.0234,-0.9009,0.90222,1003.1,1000.0,-3.1,53.5,215.0,2.2788,0.3757,LOCK,0,normal
4984,2467644,5868,50086.0,-0.0429,-0.0234,-0.9009,0.90222,1003.11,1000.0,-3.11,53.5,215.0,2.2914,0.5664,LOCK,0,normal
4985,2467652,5876,50094.0,0.0273,-0.0546,-0.8502,0.85239,1003.13,1000.0,-3.13,53.5,215.0,2.2867,0.4956,LOCK,0,normal
4986,2467661,5885,50103.0,-0.0624,0.1521,-0.8463,0.86212,1003.15,1000.0,-3.15,53.5,215.0,2.3033,0.7468,LOCK,0,normal
4987,2467679,5903,50121.0,0.0273,-0.1677,-0.7995,0.81735,1003.17,1000.0,-3.17,53.5,215.0,2.2665,0.1888,LOCK,0,normal
4988,2467688,5912,50130.0,-0.0624,0.0741,-0.6318,0.63918,1003.19,1000.0,-3.19,53.5,215.0,2.2679,0.2108,LOCK,0,normal
4989,2467696,5920,50138.0,-0.0624,0.0741,-0.6318,0.63918,1003.2,1000.0,-3.2,53.5,215.0,2.2729,0.2865,LOCK,0,normal
4990,2467710,5934,50152.0,0.0468,-0.0351,-0.741,0.74331,1003.22,1000.0,-3.22,53.5,215.0,2.2554,0.0213,LOCK,0,normal
4991,2467718,5942,50160.0,-0.0936,0.1599,-0.6552,0.68089,1003.24,1000.0,-3.24,53.5,215.0,2.2662,0.1843,LOCK,0,normal
4992,2467727,5951,50169.0,-0.0936,0.1599,-0.6552,0.68089,1003.26,1000.0,-3.26,53.5,215.0,2.2611,0.107,LOCK,0,normal
4993,2467735,5959,50177.0,0.0858,-0.0195,-0.7332,0.73846,1003.28,1000.0,-3.28,53.5,215.0,2.2568,0.0429,LOCK,0,normal
4994,2467753,5977,50195.0,-0.0039,-0.0741,-0.6864,0.6904,1003.3,1000.0,-3.3,53.5,215.0,2.2767,0.3436,LOCK,0,normal
4995,2467761,5985,50203.0,-0.1638,0.0936,-0.7176,0.74198,1003.32,1000.0,-3.32,53.5,215.0,2.2763,0.3378,LOCK,0,normal
4996,2467770,5994,50212.0,-0.0507,0.2184,-0.6903,0.7258,1003.33,1000.0,-3.33,53.5,215.0,2.275,0.318,LOCK,0,normal
4997,2467778,6002,50220.0,-0.1521,0.0156,-0.6786,0.69561,1003.36,1000.0,-3.36,53.5,215.0,2.2527,-0.0193,LOCK,0,normal
4998,2467787,6011,50229.0,-0.1521,0.0156,-0.6786,0.69561,1003.39,1000.0,-3.39,53.5,215.0,2.2592,0.0789,LOCK,0,normal
4999,2467795,6019,50237.0,0.0663,0.0546,-0.7059,0.71111,1003.42,1000.0,-3.42,53.5,215.0,2.2803,0.3979,LOCK,0,normal
5000,2467804,6028,50246.0,0.0351,-0.0741,-0.7449,0.7494,1003.44,1000.0,-3.44,53.5,215.0,2.2864,0.4913,LOCK,0,normal
5001,2467813,6037,50255.0,-0.1716,-0.2379,-0.78,0.83333,1003.46,1000.0,-3.46,53.5,215.0,2.2872,0.5032,LOCK,0,normal
5002,2467821,6045,50263.0,-0.0858,0.0234,-0.6825,0.68827,1003.48,1000.0,-3.48,53.5,215.0,2.2635,0.1443,LOCK,0,normal
5003,2467830,6054,50272.0,0.0273,0.0351,-0.6708,0.67227,1003.5,1000.0,-3.5,53.5,215.0,2.2668,0.1946,LOCK,0,normal
5004,2467838,6062,50280.0,0.0273,0.0351,-0.6708,0.67227,1003.54,1000.0,-3.54,53.5,215.0,2.2617,0.1165,LOCK,0,normal
5005,2467847,6071,50289.0,-0.1443,-0.0858,-0.6591,0.68014,1003.58,1000.0,-3.58,53.5,215.0,2.263,0.136,LOCK,0,normal
5006,2467866,6090,50308.0,0.0,0.0546,-0.8229,0.82471,1003.61,1000.0,-3.61,53.5,215.0,2.2753,0.3225,LOCK,0,normal
5007,2467874,6098,50316.0,0.039,-0.0858,-0.9243,0.92909,1003.64,1000.0,-3.64,53.5,215.0,2.2871,0.5011,LOCK,0,normal
5008,2467883,6107,50325.0,0.1248,-0.0156,-0.8619,0.87103,1003.66,1000.0,-3.66,53.5,215.0,2.2722,0.2758,LOCK,0,normal
5009,2467891,6115,50333.0,-0.078,0.0858,-0.7605,0.76929,1003.7,1000.0,-3.7,53.5,215.0,2.2922,0.5789,LOCK,0,normal
5010,2467900,6124,50342.0,-0.078,0.0858,-0.7605,0.76929,1003.73,1000.0,-3.73,53.5,215.0,2.2718,0.2703,LOCK,0,normal
5011,2467913,6137,50355.0,0.0234,0.1209,-0.8814,0.88996,1003.76,1000.0,-3.76,53.5,215.0,2.253,-0.0157,LOCK,0,normal
5012,2467922,6146,50364.0,0.0234,0.1209,-0.8814,0.88996,1003.79,1000.0,-3.79,53.5,215.0,2.2631,0.1376,LOCK,0,normal
5013,2467930,6154,50372.0,0.0585,0.0936,-0.9321,0.93861,1003.81,1000.0,-3.81,53.5,215.0,2.2613,0.1104,LOCK,0,normal
5014,2467939,6163,50381.0,-0.117,0.039,-0.8541,0.86296,1003.83,1000.0,-3.83,53.5,215.0,2.2662,0.1849,LOCK,0,normal
5015,2467956,6180,50398.0,-0.0624,0.1677,-0.7293,0.75093,1003.87,1000.0,-3.87,53.5,215.0,2.283,0.4401,LOCK,0,normal
5016,2467964,6188,50406.0,-0.039,-0.0117,-0.858,0.85897,1003.91,1000.0,-3.91,53.5,215.0,2.2902,0.549,LOCK,0,normal
5017,2467973,6197,50415.0,-0.039,-0.0117,-0.858,0.85897,1003.94,1000.0,-3.94,53.5,215.0,2.2646,0.1601,LOCK,0,normal
5018,2467981,6205,50423.0,-0.0585,-0.0858,-0.7371,0.74438,1003.97,1000.0,-3.97,53.5,215.0,2.2688,0.2242,LOCK,0,normal
5019,2467990,6214,50432.0,0.0351,0.0312,-0.6708,0.67244,1003.99,1000.0,-3.99,53.5,215.0,2.2628,0.1333,LOCK,0,normal
5020,2467999,6223,50441.0,0.0234,-0.1131,-0.7137,0.72298,1004.02,1000.0,-4.02,53.5,215.0,2.2835,0.4474,LOCK,0,normal
5021,2468010,6234,50452.0,0.0039,0.0507,-0.7293,0.73107,1004.06,1000.0,-4.06,53.5,215.0,2.2892,0.5338,LOCK,0,normal
5022,2468019,6243,50461.0,-0.117,0.0819,-0.7956,0.80832,1004.09,1000.0,-4.09,53.5,215.0,2.2756,0.3277,LOCK,0,normal
5023,2468027,6251,50469.0,-0.0117,-0.0468,-0.9165,0.91777,1004.13,1000.0,-4.13,53.5,215.0,2.2848,0.4672,LOCK,0,normal
5024,2468036,6260,50478.0,0.0897,-0.1092,-0.8697,0.88111,1004.15,1000.0,-4.15,53.5,215.0,2.2546,0.0097,LOCK,0,normal
5025,2468044,6268,50486.0,0.0897,-0.1092,-0.8697,0.88111,1004.18,1000.0,-4.18,53.5,215.0,2.2611,0.1083,LOCK,0,normal
5026,2468053,6277,50495.0,0.1092,-0.1014,-0.8619,0.87469,1004.2,1000.0,-4.2,53.5,215.0,2.2627,0.1321,LOCK,0,normal
5027,2468061,6285,50503.0,-0.0975,0.0858,-0.8268,0.83694,1004.23,1000.0,-4.23,53.5,215.0,2.2609,0.1046,LOCK,0,normal
5028,2468116,6340,50558.0,-0.0546,-0.0078,-0.8541,0.85588,1004.26,1000.0,-4.26,53.5,215.0,2.2976,0.6605,LOCK,0,normal
5029,2468125,6349,50567.0,0.0,0.0195,-0.9204,0.92061,1004.3,1000.0,-4.3,53.5,215.0,2.2917,0.5713,LOCK,0,normal
5030,2468133,6357,50575.0,0.0312,0.2106,-0.7995,0.82736,1004.35,1000.0,-4.35,53.5,215.0,2.2684,0.2175,LOCK,0,normal
5031,2468142,6366,50584.0,-0.1014,0.273,-0.8034,0.85455,1004.39,1000.0,-4.39,53.5,215.0,2.272,0.2734,LOCK,0,normal
5032,2468150,6374,50592.0,0.0078,0.1599,-0.8463,0.86131,1004.43,1000.0,-4.43,53.5,215.0,2.2768,0.3448,LOCK,0,normal
5033,2468160,6384,50602.0,0.039,-0.1365,-0.8775,0.88891,1004.47,1000.0,-4.47,53.5,215.0,2.2809,0.4071,LOCK,0,normal
5034,2468168,6392,50610.0,-0.0585,-0.1755,-0.8853,0.90442,1004.5,1000.0,-4.5,53.5,215.0,2.2921,0.5777,LOCK,0,normal
5035,2468177,6401,50619.0,-0.0585,-0.1755,-0.8853,0.90442,1004.53,1000.0,-4.53,53.5,215.0,2.2801,0.3955,LOCK,0,normal
5036,2468185,6409,50627.0,-0.0702,0.0156,-0.8385,0.84158,1004.56,1000.0,-4.56,53.5,215.0,2.2729,0.2859,LOCK,0,normal
5037,2468194,6418,50636.0,0.0351,0.0858,-0.7995,0.80486,1004.6,1000.0,-4.6,53.5,215.0,2.2773,0.3525,LOCK,0,normal
5038,2468203,6427,50645.0,-0.1053,-0.0312,-0.6747,0.68358,1004.64,1000.0,-4.64,53.5,215.0,2.2918,0.5725,LOCK,0,normal
5039,2468211,6435,50653.0,-0.0351,0.156,-0.7605,0.77713,1004.68,1000.0,-4.68,53.5,215.0,2.2874,0.5066,LOCK,0,normal
5040,2468220,6444,50662.0,-0.1209,0.0234,-0.819,0.82821,1004.71,1000.0,-4.71,53.5,215.0,2.2752,0.3216,LOCK,0,normal
5041,2468228,6452,50670.0,-0.1209,0.0234,-0.819,0.82821,1004.74,1000.0,-4.74,53.5,215.0,2.2602,0.0945,LOCK,0,normal
5042,2468237,6461,50679.0,-0.0702,-0.1092,-0.8541,0.86391,1004.76,1000.0,-4.76,53.5,215.0,2.2656,0.1751,LOCK,0,normal
5043,2468261,6485,50703.0,-0.0156,-0.1287,-0.7449,0.7561,1004.79,1000.0,-4.79,53.5,215.0,2.2943,0.6113,LOCK,0,normal
5044,2468270,6494,50712.0,-0.0156,-0.1287,-0.7449,0.7561,1004.81,1000.0,-4.81,53.5,215.0,2.2851,0.4712,LOCK,0,normal
5045,2468278,6502,50720.0,0.0819,0.0039,-0.78,0.7843,1004.84,1000.0,-4.84,53.5,215.0,2.2817,0.4193,LOCK,0,normal
5046,2468287,6511,50729.0,0.1482,0.0663,-0.7839,0.80054,1004.86,1000.0,-4.86,53.5,215.0,2.253,-0.0145,LOCK,0,normal
5047,2468295,6519,50737.0,-0.0195,0.0585,-0.78,0.78243,1004.87,1000.0,-4.87,53.5,215.0,2.2578,0.0573,LOCK,0,normal
5048,2468304,6528,50746.0,0.0546,-0.1365,-0.7644,0.77841,1004.89,1000.0,-4.89,53.5,215.0,2.2565,0.038,LOCK,0,normal
5049,2468317,6541,50759.0,0.1053,0.2145,-0.7683,0.8046,1004.92,1000.0,-4.92,53.5,215.0,2.2855,0.4776,LOCK,0,normal
5050,2468326,6550,50768.0,-0.0117,-0.1287,-0.8346,0.84455,1004.95,1000.0,-4.95,53.5,215.0,2.2963,0.6403,LOCK,0,normal
5051,2468334,6558,50776.0,0.0975,-0.1638,-0.7644,0.78781,1004.97,1000.0,-4.97,53.5,215.0,2.2708,0.2542,LOCK,0,normal
5052,2468343,6567,50785.0,0.0078,0.1833,-0.6747,0.6992,1005.0,1000.0,-5.0,53.5,215.0,2.2624,0.1269,LOCK,0,normal
5053,2468351,6575,50793.0,0.0078,0.1833,-0.6747,0.6992,1005.02,1000.0,-5.02,53.5,215.0,2.264,0.1516,LOCK,0,normal
5054,2468360,6584,50802.0,-0.0156,0.0078,-0.7176,0.71781,1005.04,1000.0,-5.04,53.5,215.0,2.2704,0.249,LOCK,0,normal
5055,2468368,6592,50810.0,0.0663,0.078,-0.7215,0.72873,1005.06,1000.0,-5.06,53.5,215.0,2.2545,0.0075,LOCK,0,normal
5056,2468419,6643,50861.0,-0.0819,0.1092,-0.7761,0.78801,1005.08,1000.0,-5.08,53.5,215.0,2.2791,0.3796,LOCK,0,normal
5057,2468427,6651,50869.0,0.0273,0.0858,-0.7644,0.76968,1005.11,1000.0,-5.11,53.5,215.0,2.2814,0.4153,LOCK,0,normal
5058,2468436,6660,50878.0,0.0468,0.2535,-0.6942,0.74052,1005.13,1000.0,-5.13,53.5,215.0,2.2733,0.2929,LOCK,0,normal
5059,2468445,6669,50887.0,0.0468,0.2535,-0.6942,0.74052,1005.16,1000.0,-5.16,53.5,215.0,2.2596,0.0844,LOCK,0,normal
5060,2468453,6677,50895.0,-0.0507,0.1326,-0.7527,0.76597,1005.18,1000.0,-5.18,53.5,215.0,2.2507,-0.0499,LOCK,0,normal
5061,2468462,6686,50904.0,0.0741,-0.0702,-0.8385,0.84469,1005.19,1000.0,-5.19,53.5,215.0,2.2595,0.0835,LOCK,0,normal
5062,2468470,6694,50912.0,-0.1131,-0.0312,-0.8268,0.83508,1005.21,1000.0,-5.21,53.5,215.0,2.2826,0.433,LOCK,0,normal
5063,2468479,6703,50921.0,0.0156,0.0897,-0.8541,0.85894,1005.22,1000.0,-5.22,53.5,215.0,2.2816,0.4175,LOCK,0,normal
5064,2468487,6711,50929.0,-0.1872,0.0507,-0.8229,0.84545,1005.24,1000.0,-5.24,53.5,215.0,2.2838,0.4523,LOCK,0,normal
5065,2468496,6720,50938.0,-0.1872,0.0507,-0.8229,0.84545,1005.26,1000.0,-5.26,53.5,215.0,2.287,0.4999,LOCK,0,normal
5066,2468504,6728,50946.0,-0.156,0.0,-0.7371,0.75343,1005.27,1000.0,-5.27,53.5,215.0,2.2898,0.5429,LOCK,0,normal
5067,2468518,6742,50960.0,0.0546,0.1092,-0.8541,0.86278,1005.29,1000.0,-5.29,53.5,215.0,2.2945,0.6134,LOCK,0,normal
5068,2468526,6750,50968.0,0.0546,0.1092,-0.8541,0.86278,1005.3,1000.0,-5.3,53.5,215.0,2.2724,0.2783,LOCK,0,normal
5069,2468535,6759,50977.0,-0.0156,0.0546,-0.9438,0.94551,1005.31,1000.0,-5.31,53.5,215.0,2.2483,-0.0859,LOCK,0,normal
5070,2468543,6767,50985.0,-0.0351,-0.1287,-0.8424,0.8529,1005.32,1000.0,-5.32,53.5,215.0,2.2436,-0.1573,LOCK,0,normal
5071,2468552,6776,50994.0,0.1248,0.1794,-0.8424,0.87029,1005.32,1000.0,-5.32,53.5,215.0,2.2773,0.3534,LOCK,0,normal
5072,2468571,6795,51013.0,-0.0195,0.2223,-0.8463,0.87523,1005.32,1000.0,-5.32,53.5,215.0,2.289,0.5301,LOCK,0,normal
5073,2468579,6803,51021.0,-0.0468,0.0,-0.7995,0.80087,1005.32,1000.0,-5.32,53.5,215.0,2.2766,0.3421,LOCK,0,normal
5074,2468588,6812,51030.0,-0.0468,0.0,-0.7995,0.80087,1005.32,1000.0,-5.32,53.5,215.0,2.2744,0.3091,LOCK,0,normal
5075,2468596,6820,51038.0,-0.078,-0.1209,-0.7644,0.77782,1005.32,1000.0,-5.32,53.5,215.0,2.2516,-0.0364,LOCK,0,normal
5076,2468605,6829,51047.0,0.0975,0.0039,-0.6825,0.68944,1005.32,1000.0,-5.32,53.5,215.0,2.2726,0.2822,LOCK,0,normal
5077,2468613,6837,51055.0,-0.1794,0.1287,-0.7488,0.78067,1005.33,1000.0,-5.33,53.5,215.0,2.2776,0.3576,LOCK,0,normal
5078,2468622,6846,51064.0,-0.078,-0.0663,-0.9126,0.91832,1005.33,1000.0,-5.33,53.5,215.0,2.2882,0.5176,LOCK,0,normal
5079,2468631,6855,51073.0,0.0663,0.0468,-0.8229,0.82689,1005.33,1000.0,-5.33,53.5,215.0,2.2855,0.4773,LOCK,0,normal
5080,2468639,6863,51081.0,0.1053,-0.0975,-0.7722,0.78542,1005.33,1000.0,-5.33,53.5,215.0,2.2598,0.0878,LOCK,0,normal
5081,2468648,6872,51090.0,0.1053,-0.0975,-0.7722,0.78542,1005.34,1000.0,-5.34,53.5,215.0,2.2594,0.0814,LOCK,0,normal
5082,2468656,6880,51098.0,-0.0078,-0.0663,-0.7293,0.73235,1005.34,1000.0,-5.34,53.5,215.0,2.2546,0.0097,LOCK,0,normal
5083,2468665,6889,51107.0,-0.0117,-0.0039,-0.7956,0.7957,1005.34,1000.0,-5.34,53.5,215.0,2.2646,0.1608,LOCK,0,normal
5084,2468699,6923,51141.0,0.0702,-0.2301,-0.7644,0.80136,1005.33,1000.0,-5.33,53.5,215.0,2.2773,0.3525,LOCK,0,normal
5085,2468707,6931,51149.0,-0.0156,0.0312,-0.7254,0.72624,1005.33,1000.0,-5.33,53.5,215.0,2.2853,0.4739,LOCK,0,normal
5086,2468721,6945,51163.0,-0.0546,-0.0039,-0.8502,0.85196,1005.32,1000.0,-5.32,53.5,215.0,2.2841,0.4562,LOCK,0,normal
5087,2468729,6953,51171.0,0.0897,0.0156,-0.7254,0.73109,1005.31,1000.0,-5.31,53.5,215.0,2.2797,0.3891,LOCK,0,normal
5088,2468738,6962,51180.0,-0.1053,0.2457,-0.7293,0.77675,1005.3,1000.0,-5.3,53.5,215.0,2.2899,0.5438,LOCK,0,normal
5089,2468747,6971,51189.0,0.0624,0.0429,-0.741,0.74486,1005.29,1000.0,-5.29,53.5,215.0,2.2581,0.0615,LOCK,0,normal
5090,2468755,6979,51197.0,0.0741,-0.0741,-0.7761,0.78314,1005.28,1000.0,-5.28,53.5,215.0,2.2686,0.2206,LOCK,0,normal
5091,2468763,6987,51205.0,0.0663,0.039,-0.8229,0.82649,1005.27,1000.0,-5.27,53.5,215.0,2.2572,0.0487,LOCK,0,normal
5092,2468772,6996,51214.0,0.0663,0.039,-0.8229,0.82649,1005.26,1000.0,-5.26,53.5,215.0,2.2743,0.307,LOCK,0,normal
5093,2468781,7005,51223.0,-0.0546,0.0039,-0.8307,0.8325,1005.25,1000.0,-5.25,53.5,215.0,2.2789,0.3775,LOCK,0,normal
5094,2468789,7013,51231.0,0.0078,0.156,-0.7605,0.77637,1005.25,1000.0,-5.25,53.5,215.0,2.276,0.3335,LOCK,0,normal
5095,2468798,7022,51240.0,0.0156,0.1755,-0.7644,0.78444,1005.24,1000.0,-5.24,53.5,215.0,2.2904,0.5521,LOCK,0,normal
5096,2468806,7030,51248.0,0.0234,0.2964,-0.9165,0.96352,1005.24,1000.0,-5.24,53.5,215.0,2.2852,0.4727,LOCK,0,normal
5097,2468815,7039,51257.0,0.0507,-0.1404,-0.9204,0.93243,1005.23,1000.0,-5.23,53.5,215.0,2.2782,0.3671,LOCK,0,normal
5098,2468823,7047,51265.0,0.0507,-0.1404,-0.9204,0.93243,1005.23,1000.0,-5.23,53.5,215.0,2.2849,0.4681,LOCK,0,normal
5099,2468842,7066,51284.0,0.0468,0.0039,-0.7449,0.74638,1005.22,1000.0,-5.22,53.5,215.0,2.2732,0.2905,LOCK,0,normal
5100,2468850,7074,51292.0,-0.0819,0.0507,-0.7488,0.75497,1005.21,1000.0,-5.21,53.5,215.0,2.2562,0.0335,LOCK,0,normal
5101,2468859,7083,51301.0,-0.0975,-0.1209,-0.5928,0.61281,1005.2,1000.0,-5.2,53.5,215.0,2.2521,-0.0282,LOCK,0,normal
5102,2468867,7091,51309.0,-0.0273,0.1521,-0.7098,0.72643,1005.18,1000.0,-5.18,53.5,215.0,2.2689,0.2255,LOCK,0,normal
5103,2468877,7101,51319.0,-0.0663,-0.0819,-0.7761,0.78322,1005.17,1000.0,-5.17,53.5,215.0,2.2894,0.5362,LOCK,0,normal
5104,2468885,7109,51327.0,-0.0663,-0.0819,-0.7761,0.78322,1005.16,1000.0,-5.16,53.5,215.0,2.2904,0.5515,LOCK,0,normal
5105,2468894,7118,51336.0,-0.0156,-0.0273,-0.8268,0.8274,1005.15,1000.0,-5.15,53.5,215.0,2.2769,0.3473,LOCK,0,normal
5106,2468902,7126,51344.0,0.1209,-0.1326,-0.7527,0.77379,1005.14,1000.0,-5.14,53.5,215.0,2.2957,0.6311,LOCK,0,normal
5107,2468911,7135,51353.0,-0.1872,0.1248,-0.7527,0.78561,1005.13,1000.0,-5.13,53.5,215.0,2.2773,0.3531,LOCK,0,normal
5108,2468924,7148,51366.0,0.0,-0.2574,-0.7683,0.81027,1005.12,1000.0,-5.12,53.5,215.0,2.2926,0.5854,LOCK,0,normal
5109,2468933,7157,51375.0,0.1014,0.0195,-0.7176,0.72499,1005.1,1000.0,-5.1,53.5,215.0,2.2868,0.4962,LOCK,0,normal
5110,2468941,7165,51383.0,0.117,0.1404,-0.7449,0.76699,1005.09,1000.0,-5.09,53.5,215.0,2.2891,0.5322,LOCK,0,normal
5111,2468950,7174,51392.0,-0.1209,-0.1092,-0.7722,0.7892,1005.08,1000.0,-5.08,53.5,215.0,2.2731,0.289,LOCK,0,normal
5112,2468958,7182,51400.0,0.1794,0.117,-0.78,0.80887,1005.07,1000.0,-5.07,53.5,215.0,2.2654,0.1727,LOCK,0,normal
5113,2468967,7191,51409.0,0.1794,0.117,-0.78,0.80887,1005.06,1000.0,-5.06,53.5,215.0,2.2758,0.3299,LOCK,0,normal
5114,2468975,7199,51417.0,-0.1014,0.195,-0.8346,0.86306,1005.05,1000.0,-5.05,53.5,215.0,2.2662,0.1852,LOCK,0,normal
5115,2469020,7244,51462.0,0.0507,0.0585,-0.7878,0.79159,1005.04,1000.0,-5.04,53.5,215.0,2.296,0.636,LOCK,0,normal
5116,2469028,7252,51470.0,0.0507,0.0585,-0.7878,0.79159,1005.01,1000.0,-5.01,53.5,215.0,2.277,0.3488,LOCK,0,normal
5117,2469037,7261,51479.0,0.0273,0.2496,-0.7176,0.76026,1004.99,1000.0,-4.99,53.5,215.0,2.2889,0.5283,LOCK,0,normal
5118,2469045,7269,51487.0,-0.0897,-0.078,-0.8619,0.87006,1004.97,1000.0,-4.97,53.5,215.0,2.2785,0.3714,LOCK,0,normal
5119,2469054,7278,51496.0,0.0546,-0.3003,-0.9009,0.9512,1004.96,1000.0,-4.96,53.5,215.0,2.2496,-0.067,LOCK,0,normal
5120,2469062,7286,51504.0,0.0624,0.0897,-0.8112,0.81853,1004.94,1000.0,-4.94,53.5,215.0,2.2632,0.1391,LOCK,0,normal
5121,2469071,7295,51513.0,-0.1443,0.0663,-0.8541,0.86874,1004.93,1000.0,-4.93,53.5,215.0,2.2583,0.0649,LOCK,0,normal
5122,2469079,7303,51521.0,-0.1443,0.0663,-0.8541,0.86874,1004.91,1000.0,-4.91,53.5,215.0,2.2727,0.2835,LOCK,0,normal
5123,2469088,7312,51530.0,-0.117,-0.078,-0.7137,0.72742,1004.9,1000.0,-4.9,53.5,215.0,2.2792,0.3821,LOCK,0,normal
5124,2469096,7320,51538.0,-0.0546,0.1443,-0.6669,0.68451,1004.88,1000.0,-4.88,53.5,215.0,2.2799,0.3921,LOCK,0,normal
5125,2469105,7329,51547.0,-0.0156,0.1053,-0.7176,0.72545,1004.87,1000.0,-4.87,53.5,215.0,2.2849,0.4675,LOCK,0,normal
5126,2469129,7353,51571.0,-0.0819,0.039,-0.741,0.74653,1004.86,1000.0,-4.86,53.5,215.0,2.2836,0.4489,LOCK,0,normal
5127,2469137,7361,51579.0,0.0858,-0.0195,-0.7956,0.80045,1004.85,1000.0,-4.85,53.5,215.0,2.2605,0.0991,LOCK,0,normal
5128,2469146,7370,51588.0,0.0819,0.117,-0.7293,0.74315,1004.83,1000.0,-4.83,53.5,215.0,2.2597,0.0866,LOCK,0,normal
5129,2469154,7378,51596.0,-0.0468,0.078,-0.7683,0.77367,1004.82,1000.0,-4.82,53.5,215.0,2.2629,0.1351,LOCK,0,normal
5130,2469163,7387,51605.0,0.0234,0.2496,-0.819,0.85651,1004.81,1000.0,-4.81,53.5,215.0,2.272,0.2722,LOCK,0,normal
5131,2469187,7411,51629.0,-0.0741,-0.1599,-0.8385,0.85682,1004.8,1000.0,-4.8,53.5,215.0,2.2822,0.4278,LOCK,0,normal
5132,2469195,7419,51637.0,0.0156,0.0975,-0.7059,0.71277,1004.79,1000.0,-4.79,53.5,215.0,2.2783,0.3683,LOCK,0,normal
5133,2469204,7428,51646.0,0.0156,0.1209,-0.7449,0.75481,1004.78,1000.0,-4.78,53.5,215.0,2.2849,0.4678,LOCK,0,normal
5134,2469213,7437,51655.0,0.0156,0.1209,-0.7449,0.75481,1004.77,1000.0,-4.77,53.5,215.0,2.287,0.5002,LOCK,0,normal
5135,2469221,7445,51663.0,-0.1599,-0.0858,-0.6825,0.70621,1004.76,1000.0,-4.76,53.5,215.0,2.2834,0.4459,LOCK,0,normal
5136,2469230,7454,51672.0,-0.0234,0.0858,-0.7371,0.74245,1004.75,1000.0,-4.75,53.5,215.0,2.2885,0.5231,LOCK,0,normal
5137,2469238,7462,51680.0,-0.0312,-0.117,-0.8697,0.87809,1004.74,1000.0,-4.74,53.5,215.0,2.2861,0.4868,LOCK,0,normal
5138,2469247,7471,51689.0,0.0429,-0.0351,-0.8619,0.86368,1004.74,1000.0,-4.74,53.5,215.0,2.2785,0.3711,LOCK,0,normal
5139,2469255,7479,51697.0,0.117,-0.0039,-0.8112,0.8196,1004.73,1000.0,-4.73,53.5,215.0,2.2777,0.3595,LOCK,0,normal
5140,2469264,7488,51706.0,0.117,-0.0039,-0.8112,0.8196,1004.73,1000.0,-4.73,53.5,215.0,2.274,0.3024,LOCK,0,normal
5141,2469273,7497,51715.0,0.0,0.2769,-0.7917,0.83873,1004.73,1000.0,-4.73,53.5,215.0,2.2638,0.1485,LOCK,0,normal
5142,2469281,7505,51723.0,-0.0195,-0.1404,-0.8931,0.90428,1004.73,1000.0,-4.73,53.5,215.0,2.2661,0.1827,LOCK,0,normal
5143,2469300,7524,51742.0,0.0897,0.2067,-0.7839,0.81564,1004.73,1000.0,-4.73,53.5,215.0,2.2741,0.3048,LOCK,0,normal
5144,2469345,7569,51787.0,0.0039,-0.0741,-0.8463,0.84955,1004.72,1000.0,-4.72,53.5,215.0,2.2921,0.5768,LOCK,0,normal
5145,2469353,7577,51795.0,0.039,0.0507,-0.8463,0.84871,1004.72,1000.0,-4.72,53.5,215.0,2.2912,0.5643,LOCK,0,normal
5146,2469362,7586,51804.0,-0.0624,0.2028,-0.7605,0.78955,1004.71,1000.0,-4.71,53.5,215.0,2.2662,0.1852,LOCK,0,normal
5147,2469370,7594,51812.0,-0.0624,0.0078,-0.78,0.78253,1004.71,1000.0,-4.71,53.5,215.0,2.2606,0.0994,LOCK,0,normal
5148,2469379,7603,51821.0,0.0663,-0.0507,-0.7995,0.80384,1004.7,1000.0,-4.7,53.5,215.0,2.2503,-0.0554,LOCK,0,normal
5149,2469387,7611,51829.0,0.0663,-0.0507,-0.7995,0.80384,1004.71,1000.0,-4.71,53.5,215.0,2.2731,0.2899,LOCK,0,normal
5150,2469396,7620,51838.0,-0.2223,0.2067,-0.7995,0.85519,1004.71,1000.0,-4.71,53.5,215.0,2.2873,0.5042,LOCK,0,normal
5151,2469404,7628,51846.0,-0.0234,0.1092,-0.9282,0.93489,1004.71,1000.0,-4.71,53.5,215.0,2.2878,0.5115,LOCK,0,normal
5152,2469413,7637,51855.0,0.0975,-0.2652,-0.9048,0.94789,1004.72,1000.0,-4.72,53.5,215.0,2.2841,0.4559,LOCK,0,normal
5153,2469421,7645,51863.0,0.078,-0.0585,-0.7527,0.75899,1004.72,1000.0,-4.72,53.5,215.0,2.2818,0.4208,LOCK,0,normal
5154,2469430,7654,51872.0,-0.1599,0.0858,-0.7488,0.77047,1004.72,1000.0,-4.72,53.5,215.0,2.2759,0.3317,LOCK,0,normal
5155,2469449,7673,51891.0,-0.0078,-0.0078,-0.7566,0.75668,1004.74,1000.0,-4.74,53.5,215.0,2.2492,-0.0728,LOCK,0,normal
5156,2469457,7681,51899.0,-0.0624,0.0975,-0.7215,0.73073,1004.75,1000.0,-4.75,53.5,215.0,2.2741,0.3039,LOCK,0,normal
5157,2469466,7690,51908.0,0.0156,0.0624,-0.7566,0.75933,1004.77,1000.0,-4.77,53.5,215.0,2.2653,0.1717,LOCK,0,normal
5158,2469474,7698,51916.0,0.1404,-0.2184,-0.819,0.85917,1004.78,1000.0,-4.78,53.5,215.0,2.2826,0.4336,LOCK,0,normal
5159,2469493,7717,51935.0,-0.0234,0.0156,-0.8463,0.84677,1004.79,1000.0,-4.79,53.5,215.0,2.2715,0.2658,LOCK,0,normal
5160,2469502,7726,51944.0,-0.0858,0.1989,-0.8346,0.86225,1004.8,1000.0,-4.8,53.5,215.0,2.2892,0.5332,LOCK,0,normal
5161,2469510,7734,51952.0,-0.0858,0.1989,-0.8346,0.86225,1004.81,1000.0,-4.81,53.5,215.0,2.268,0.2114,LOCK,0,normal
5162,2469519,7743,51961.0,-0.1599,-0.0702,-0.7761,0.7955,1004.83,1000.0,-4.83,53.5,215.0,2.278,0.3641,LOCK,0,normal
5163,2469527,7751,51969.0,-0.0234,0.1443,-0.6864,0.70179,1004.84,1000.0,-4.84,53.5,215.0,2.2596,0.0851,LOCK,0,normal
5164,2469536,7760,51978.0,0.0156,-0.0195,-0.7761,0.7765,1004.85,1000.0,-4.85,53.5,215.0,2.2797,0.3897,LOCK,0,normal
5165,2469551,7775,51993.0,0.0078,-0.1833,-0.8346,0.85453,1004.86,1000.0,-4.86,53.5,215.0,2.2855,0.4779,LOCK,0,normal
5166,2469559,7783,52001.0,0.1014,0.0936,-0.6825,0.69631,1004.87,1000.0,-4.87,53.5,215.0,2.2922,0.5783,LOCK,0,normal
5167,2469568,7792,52010.0,-0.0975,0.1248,-0.819,0.83417,1004.89,1000.0,-4.89,53.5,215.0,2.2763,0.3372,LOCK,0,normal
5168,2469577,7801,52019.0,-0.0624,-0.1014,-0.7878,0.79675,1004.9,1000.0,-4.9,53.5,215.0,2.276,0.3326,LOCK,0,normal
5169,2469585,7809,52027.0,-0.0195,0.117,-0.8346,0.84299,1004.91,1000.0,-4.91,53.5,215.0,2.2738,0.3003,LOCK,0,normal
5170,2469594,7818,52036.0,-0.0468,0.0156,-0.8229,0.82438,1004.92,1000.0,-4.92,53.5,215.0,2.2513,-0.0407,LOCK,0,normal
5171,2469602,7826,52044.0,-0.0468,0.0156,-0.8229,0.82438,1004.93,1000.0,-4.93,53.5,215.0,2.2614,0.1119,LOCK,0,normal
5172,2469647,7871,52089.0,0.0195,-0.0468,-0.7566,0.7583,1004.96,1000.0,-4.96,53.5,215.0,2.2612,0.1098,LOCK,0,normal
5173,2469656,7880,52098.0,0.0936,0.2145,-0.7995,0.83305,1004.99,1000.0,-4.99,53.5,215.0,2.2842,0.4572,LOCK,0,normal
5174,2469664,7888,52106.0,-0.1248,-0.0429,-0.8619,0.87194,1005.01,1000.0,-5.01,53.5,215.0,2.2686,0.2215,LOCK,0,normal
5175,2469673,7897,52115.0,-0.1248,-0.0429,-0.8619,0.87194,1005.03,1000.0,-5.03,53.5,215.0,2.2633,0.1412,LOCK,0,normal
5176,2469681,7905,52123.0,-0.0078,0.0,-0.8892,0.88923,1005.07,1000.0,-5.07,53.5,215.0,2.2795,0.3869,LOCK,0,normal
5177,2469690,7914,52132.0,-0.0117,0.2067,-0.7761,0.80324,1005.11,1000.0,-5.11,53.5,215.0,2.2689,0.2255,LOCK,0,normal
5178,2469699,7923,52141.0,-0.1209,0.0585,-0.8814,0.89157,1005.14,1000.0,-5.14,53.5,215.0,2.2938,0.6025,LOCK,0,normal
5179,2469708,7932,52150.0,0.0,-0.156,-0.819,0.83372,1005.18,1000.0,-5.18,53.5,215.0,2.2985,0.6742,LOCK,0,normal
5180,2469717,7941,52159.0,-0.0273,0.0858,-0.7371,0.74258,1005.2,1000.0,-5.2,53.5,215.0,2.2755,0.3253,LOCK,0,normal
5181,2469725,7949,52167.0,-0.0273,0.0858,-0.7371,0.74258,1005.23,1000.0,-5.23,53.5,215.0,2.2884,0.5213,LOCK,0,normal
5182,2469734,7958,52176.0,-0.1092,-0.0195,-0.741,0.74926,1005.25,1000.0,-5.25,53.5,215.0,2.2839,0.4526,LOCK,0,normal
5183,2469742,7966,52184.0,0.1053,0.0546,-0.78,0.78897,1005.29,1000.0,-5.29,53.5,215.0,2.2849,0.4688,LOCK,0,normal
5184,2469756,7980,52198.0,-0.0039,0.1131,-0.8151,0.82292,1005.33,1000.0,-5.33,53.5,215.0,2.2648,0.1629,LOCK,0,normal
5185,2469764,7988,52206.0,0.0468,0.0585,-0.8775,0.88069,1005.37,1000.0,-5.37,53.5,215.0,2.262,0.1214,LOCK,0,normal
5186,2469773,7997,52215.0,0.0819,-0.1053,-0.8385,0.84905,1005.4,1000.0,-5.4,53.5,215.0,2.2574,0.0521,LOCK,0,normal
5187,2469781,8005,52223.0,-0.0585,-0.0585,-0.7176,0.72235,1005.42,1000.0,-5.42,53.5,215.0,2.2761,0.3348,LOCK,0,normal
5188,2469805,8029,52247.0,-0.0897,0.0858,-0.7371,0.74748,1005.48,1000.0,-5.48,53.5,215.0,2.287,0.4996,LOCK,0,normal
5189,2469814,8038,52256.0,-0.0156,0.1521,-0.6825,0.69942,1005.52,1000.0,-5.52,53.5,215.0,2.2696,0.2362,LOCK,0,normal
5190,2469822,8046,52264.0,0.0117,0.0546,-0.7956,0.79756,1005.56,1000.0,-5.56,53.5,215.0,2.2687,0.2224,LOCK,0,normal
5191,2469831,8055,52273.0,0.0624,-0.2262,-0.8307,0.8632,1005.6,1000.0,-5.6,53.5,215.0,2.2764,0.3399,LOCK,0,normal
5192,2469839,8063,52281.0,-0.0585,-0.195,-0.7917,0.81746,1005.63,1000.0,-5.63,53.5,215.0,2.274,0.3033,LOCK,0,normal
5193,2469854,8078,52296.0,-0.0936,0.0,-0.8268,0.83208,1005.66,1000.0,-5.66,53.5,215.0,2.277,0.3485,LOCK,0,normal
5194,2469863,8087,52305.0,0.1131,0.2184,-0.7644,0.80299,1005.72,1000.0,-5.72,53.5,215.0,2.2889,0.5289,LOCK,0,normal
5195,2469871,8095,52313.0,-0.1755,0.0156,-0.7605,0.78064,1005.76,1000.0,-5.76,53.5,215.0,2.2888,0.5277,LOCK,0,normal
5196,2469880,8104,52322.0,-0.0585,0.0741,-0.7566,0.76247,1005.81,1000.0,-5.81,53.5,215.0,2.2836,0.4489,LOCK,0,normal
5197,2469889,8113,52331.0,-0.0585,0.0741,-0.7566,0.76247,1005.85,1000.0,-5.85,53.5,215.0,2.288,0.5152,LOCK,0,normal
5198,2469897,8121,52339.0,-0.0039,-0.0273,-0.8853,0.88573,1005.88,1000.0,-5.88,53.5,215.0,2.2891,0.5319,LOCK,0,normal
5199,2469906,8130,52348.0,-0.0585,-0.0312,-0.9321,0.93445,1005.92,1000.0,-5.92,53.5,215.0,2.2794,0.3848,LOCK,0,normal
5200,2469914,8138,52356.0,0.0936,-0.0897,-0.8541,0.86388,1005.94,1000.0,-5.94,53.5,215.0,2.2858,0.4813,LOCK,0,normal
5201,2469923,8147,52365.0,-0.1209,0.1404,-0.7176,0.74113,1006.0,1000.0,-6.0,53.5,215.0,2.2739,0.3021,LOCK,0,normal
5202,2469931,8155,52373.0,-0.0312,-0.0234,-0.7371,0.73813,1006.06,1000.0,-6.06,53.5,215.0,2.2673,0.2014,LOCK,0,normal
5203,2469940,8164,52382.0,-0.0312,-0.0234,-0.7371,0.73813,1006.11,1000.0,-6.11,53.5,215.0,2.2593,0.0799,LOCK,0,normal
5204,2469963,8187,52405.0,-0.0585,-0.0897,-0.7839,0.79118,1006.15,1000.0,-6.15,53.5,215.0,2.2857,0.4804,LOCK,0,normal
5205,2469972,8196,52414.0,0.1326,-0.0546,-0.7605,0.7739,1006.19,1000.0,-6.19,53.5,215.0,2.2558,0.0274,LOCK,0,normal
5206,2469980,8204,52422.0,0.1326,-0.0546,-0.7605,0.7739,1006.26,1000.0,-6.26,53.5,215.0,2.265,0.1663,LOCK,0,normal
5207,2469989,8213,52431.0,0.0663,0.1404,-0.8268,0.84125,1006.31,1000.0,-6.31,53.5,215.0,2.2777,0.3586,LOCK,0,normal
5208,2469997,8221,52439.0,-0.0936,0.0741,-0.9438,0.95132,1006.37,1000.0,-6.37,53.5,215.0,2.2627,0.1311,LOCK,0,normal
5209,2470006,8230,52448.0,0.0078,-0.0663,-0.9087,0.91115,1006.41,1000.0,-6.41,53.5,215.0,2.2848,0.4669,LOCK,0,normal
5210,2470015,8239,52457.0,0.0585,0.078,-0.8385,0.84415,1006.46,1000.0,-6.46,53.5,215.0,2.2818,0.4208,LOCK,0,normal
5211,2470024,8248,52466.0,-0.1677,0.1599,-0.8424,0.87369,1006.49,1000.0,-6.49,53.5,215.0,2.2776,0.3579,LOCK,0,normal
5212,2470032,8256,52474.0,-0.1677,0.1599,-0.8424,0.87369,1006.53,1000.0,-6.53,53.5,215.0,2.2858,0.4813,LOCK,0,normal
5213,2470041,8265,52483.0,0.0585,0.078,-0.7995,0.80542,1006.6,1000.0,-6.6,53.5,215.0,2.2921,0.5777,LOCK,0,normal
5214,2470049,8273,52491.0,0.0156,0.1989,-0.6123,0.64398,1006.66,1000.0,-6.66,53.5,215.0,2.2796,0.3879,LOCK,0,normal
5215,2470058,8282,52500.0,0.0663,-0.1092,-0.7176,0.72888,1006.71,1000.0,-6.71,53.5,215.0,2.285,0.4691,LOCK,0,normal
5216,2470066,8290,52508.0,0.0039,-0.3315,-0.7449,0.81534,1006.76,1000.0,-6.76,53.5,215.0,2.2837,0.4498,LOCK,0,normal
5217,2470075,8299,52517.0,0.0897,-0.0624,-0.7605,0.76831,1006.81,1000.0,-6.81,53.5,215.0,2.2647,0.1623,LOCK,0,normal
5218,2470093,8317,52535.0,0.0351,0.0585,-0.858,0.86071,1006.85,1000.0,-6.85,53.5,215.0,2.2835,0.4477,LOCK,0,normal
5219,2470102,8326,52544.0,0.0312,0.2496,-0.7761,0.81585,1006.93,1000.0,-6.93,53.5,215.0,2.287,0.4999,LOCK,0,normal
5220,2470111,8335,52553.0,-0.0039,0.195,-0.741,0.76624,1006.99,1000.0,-6.99,53.5,215.0,2.2752,0.3213,LOCK,0,normal
5221,2470119,8343,52561.0,0.078,0.0702,-0.7956,0.80249,1007.06,1000.0,-7.06,53.5,215.0,2.2777,0.3592,LOCK,0,normal
5222,2470128,8352,52570.0,0.0195,-0.1365,-0.8346,0.84591,1007.11,1000.0,-7.11,53.5,215.0,2.2977,0.662,LOCK,0,normal
5223,2470137,8361,52579.0,-0.0936,-0.039,-0.7293,0.73632,1007.16,1000.0,-7.16,53.5,215.0,2.2783,0.3683,LOCK,0,normal
5224,2470145,8369,52587.0,-0.0936,-0.039,-0.7293,0.73632,1007.21,1000.0,-7.21,53.5,215.0,2.2813,0.4129,LOCK,0,normal
5225,2470154,8378,52596.0,-0.1209,-0.0078,-0.7605,0.77009,1007.25,1000.0,-7.25,53.5,215.0,2.272,0.2731,LOCK,0,normal
5226,2470167,8391,52609.0,-0.1053,-0.0312,-0.663,0.67203,1007.32,1000.0,-7.32,53.5,215.0,2.2761,0.3341,LOCK,0,normal
5227,2470176,8400,52618.0,-0.1053,-0.0312,-0.663,0.67203,1007.38,1000.0,-7.38,53.5,215.0,2.2479,-0.0929,LOCK,0,normal
5228,2470184,8408,52626.0,0.0,0.1989,-0.7917,0.8163,1007.44,1000.0,-7.44,53.5,215.0,2.2671,0.1989,LOCK,0,normal
5229,2470193,8417,52635.0,-0.0507,0.0195,-0.9945,0.99598,1007.49,1000.0,-7.49,53.5,215.0,2.2635,0.144,LOCK,0,normal
5230,2470201,8425,52643.0,-0.0234,-0.1326,-0.9438,0.95336,1007.53,1000.0,-7.53,53.5,215.0,2.2745,0.3112,LOCK,0,normal
5231,2470211,8435,52653.0,0.1365,-0.0078,-0.78,0.79189,1007.57,1000.0,-7.57,53.5,215.0,2.2885,0.5222,LOCK,0,normal
5232,2470219,8443,52661.0,-0.195,0.0741,-0.741,0.7698,1007.64,1000.0,-7.64,53.5,215.0,2.2916,0.5692,LOCK,0,normal
5233,2470228,8452,52670.0,-0.195,0.0741,-0.741,0.7698,1007.7,1000.0,-7.7,53.5,215.0,2.2911,0.5615,LOCK,0,normal
5234,2470236,8460,52678.0,-0.0312,-0.1365,-0.7449,0.75795,1007.76,1000.0,-7.76,53.5,215.0,2.2893,0.5344,LOCK,0,normal
5235,2470245,8469,52687.0,0.0741,0.0585,-0.819,0.82442,1007.81,1000.0,-7.81,53.5,215.0,2.2744,0.3097,LOCK,0,normal
5236,2470253,8477,52695.0,0.1209,0.0936,-0.7839,0.79867,1007.86,1000.0,-7.86,53.5,215.0,2.2816,0.4181,LOCK,0,normal
5237,2470262,8486,52704.0,0.0117,0.1053,-0.8151,0.82196,1007.9,1000.0,-7.9,53.5,215.0,2.2934,0.597,LOCK,0,normal
5238,2470270,8494,52712.0,0.0897,-0.0312,-0.8853,0.89038,1007.94,1000.0,-7.94,53.5,215.0,2.2781,0.3659,LOCK,0,normal
5239,2470289,8513,52731.0,0.1053,0.2301,-0.819,0.8572,1008.01,1000.0,-8.01,53.5,215.0,2.2641,0.1534,LOCK,0,normal
5240,2470298,8522,52740.0,-0.1209,-0.2262,-0.8034,0.84335,1008.08,1000.0,-8.08,53.5,215.0,2.2688,0.2242,LOCK,0,normal
5241,2470306,8530,52748.0,0.0039,-0.1053,-0.6474,0.65592,1008.14,1000.0,-8.14,53.5,215.0,2.2681,0.2136,LOCK,0,normal
5242,2470315,8539,52757.0,-0.0702,0.0156,-0.6747,0.67852,1008.19,1000.0,-8.19,53.5,215.0,2.2791,0.3799,LOCK,0,normal
5243,2470323,8547,52765.0,-0.0663,-0.039,-0.7605,0.76438,1008.24,1000.0,-8.24,53.5,215.0,2.2821,0.4257,LOCK,0,normal
5244,2470332,8556,52774.0,0.117,0.0546,-0.7176,0.72912,1008.28,1000.0,-8.28,53.5,215.0,2.2879,0.5139,LOCK,0,normal
5245,2470340,8564,52782.0,0.117,0.0546,-0.7176,0.72912,1008.34,1000.0,-8.34,53.5,215.0,2.2843,0.4593,LOCK,0,normal
5246,2470349,8573,52791.0,-0.0702,0.2184,-0.7215,0.75709,1008.39,1000.0,-8.39,53.5,215.0,2.286,0.4849,LOCK,0,normal
5247,2470357,8581,52799.0,0.1248,-0.0234,-0.7722,0.78257,1008.43,1000.0,-8.43,53.5,215.0,2.2797,0.3897,LOCK,0,normal
5248,2470371,8595,52813.0,0.1248,-0.2379,-0.7956,0.83973,1008.47,1000.0,-8.47,53.5,215.0,2.2823,0.4282,LOCK,0,normal
5249,2470379,8603,52821.0,-0.0429,-0.1365,-0.8034,0.81604,1008.51,1000.0,-8.51,53.5,215.0,2.2568,0.0429,LOCK,0,normal
5250,2470388,8612,52830.0,-0.0351,0.0078,-0.7371,0.73798,1008.54,1000.0,-8.54,53.5,215.0,2.2743,0.3079,LOCK,0,normal
5251,2470396,8620,52838.0,-0.0624,0.0702,-0.6513,0.65804,1008.6,1000.0,-8.6,53.5,215.0,2.2657,0.1778,LOCK,0,normal
5252,2470405,8629,52847.0,0.0039,0.1638,-0.6552,0.67538,1008.66,1000.0,-8.66,53.5,215.0,2.2622,0.1235,LOCK,0,normal
5253,2470416,8640,52858.0,0.0585,0.1521,-0.8151,0.83123,1008.7,1000.0,-8.7,53.5,215.0,2.2869,0.4981,LOCK,0,normal
5254,2470425,8649,52867.0,0.0468,-0.1365,-0.8346,0.84698,1008.75,1000.0,-8.75,53.5,215.0,2.2863,0.4901,LOCK,0,normal
5255,2470433,8657,52875.0,0.0156,-0.0819,-0.8463,0.8504,1008.78,1000.0,-8.78,53.5,215.0,2.2845,0.4623,LOCK,0,normal
5256,2470442,8666,52884.0,0.0156,-0.0819,-0.8463,0.8504,1008.82,1000.0,-8.82,53.5,215.0,2.2901,0.5475,LOCK,0,normal
5257,2470450,8674,52892.0,0.0351,0.0507,-0.8424,0.84465,1008.85,1000.0,-8.85,53.5,215.0,2.2775,0.3561,LOCK,0,normal
5258,2470459,8683,52901.0,-0.039,-0.0273,-0.8814,0.88268,1008.9,1000.0,-8.9,53.5,215.0,2.2782,0.3668,LOCK,0,normal
5259,2470467,8691,52909.0,-0.1092,-0.1443,-0.7644,0.78553,1008.95,1000.0,-8.95,53.5,215.0,2.2735,0.2957,LOCK,0,normal
5260,2470476,8700,52918.0,-0.1326,0.2262,-0.6903,0.73842,1009.0,1000.0,-9.0,53.5,215.0,2.2962,0.6388,LOCK,0,normal
5261,2470484,8708,52926.0,0.0195,0.0741,-0.7605,0.76435,1009.04,1000.0,-9.04,53.5,215.0,2.2447,-0.1405,LOCK,0,normal
5262,2470493,8717,52935.0,0.0195,0.0741,-0.7605,0.76435,1009.07,1000.0,-9.07,53.5,215.0,2.2618,0.118,LOCK,0,normal
5263,2470501,8725,52943.0,-0.2028,0.078,-0.7566,0.78718,1009.11,1000.0,-9.11,53.5,215.0,2.2509,-0.0468,LOCK,0,normal
5264,2470520,8744,52962.0,0.0429,0.1833,-0.7527,0.77588,1009.15,1000.0,-9.15,53.5,215.0,2.2721,0.2743,LOCK,0,normal
5265,2470529,8753,52971.0,-0.1209,-0.2379,-0.8346,0.87623,1009.2,1000.0,-9.2,53.5,215.0,2.2937,0.6018,LOCK,0,normal
5266,2470537,8761,52979.0,0.0546,-0.0039,-0.7644,0.76636,1009.24,1000.0,-9.24,53.5,215.0,2.2911,0.5619,LOCK,0,normal
5267,2470546,8770,52988.0,0.0546,-0.0039,-0.7644,0.76636,1009.28,1000.0,-9.28,53.5,215.0,2.2926,0.5851,LOCK,0,normal
5268,2470554,8778,52996.0,0.1443,0.1482,-0.7566,0.78437,1009.31,1000.0,-9.31,53.5,215.0,2.2873,0.5042,LOCK,0,normal
5269,2470563,8787,53005.0,-0.0546,-0.0507,-0.7527,0.75638,1009.34,1000.0,-9.34,53.5,215.0,2.2846,0.463,LOCK,0,normal
5270,2470577,8801,53019.0,-0.0546,0.2028,-0.8307,0.85684,1009.36,1000.0,-9.36,53.5,215.0,2.2826,0.4327,LOCK,0,normal
5271,2470585,8809,53027.0,-0.0546,0.2028,-0.8307,0.85684,1009.4,1000.0,-9.4,53.5,215.0,2.2675,0.2038,LOCK,0,normal
5272,2470594,8818,53036.0,-0.0741,-0.0351,-0.975,0.97844,1009.43,1000.0,-9.43,53.5,215.0,2.2739,0.3021,LOCK,0,normal
5273,2470602,8826,53044.0,0.0585,-0.1326,-0.8385,0.85093,1009.45,1000.0,-9.45,53.5,215.0,2.2646,0.1604,LOCK,0,normal
5274,2470611,8835,53053.0,-0.0429,-0.0429,-0.7566,0.75903,1009.48,1000.0,-9.48,53.5,215.0,2.2717,0.2685,LOCK,0,normal
5275,2470621,8845,53063.0,-0.156,0.0351,-0.702,0.71998,1009.5,1000.0,-9.5,53.5,215.0,2.2808,0.4068,LOCK,0,normal
5276,2470629,8853,53071.0,0.039,0.039,-0.7449,0.74694,1009.52,1000.0,-9.52,53.5,215.0,2.2892,0.5332,LOCK,0,normal
5277,2470638,8862,53080.0,0.039,0.039,-0.7449,0.74694,1009.54,1000.0,-9.54,53.5,215.0,2.271,0.2575,LOCK,0,normal
5278,2470646,8870,53088.0,0.0312,0.2574,-0.7098,0.75567,1009.55,1000.0,-9.55,53.5,215.0,2.2858,0.4822,LOCK,0,normal
5279,2470655,8879,53097.0,-0.0858,0.0195,-0.7605,0.76557,1009.57,1000.0,-9.57,53.5,215.0,2.2876,0.5097,LOCK,0,normal
5280,2470663,8887,53105.0,0.0234,-0.1638,-0.8229,0.83937,1009.58,1000.0,-9.58,53.5,215.0,2.2867,0.4953,LOCK,0,normal
5281,2470672,8896,53114.0,-0.078,-0.039,-0.8502,0.85466,1009.6,1000.0,-9.6,53.5,215.0,2.2822,0.4272,LOCK,0,normal
5282,2470681,8905,53123.0,0.0078,0.0819,-0.9165,0.92019,1009.61,1000.0,-9.61,53.5,215.0,2.2699,0.2416,LOCK,0,normal
5283,2470689,8913,53131.0,0.0078,0.0819,-0.9165,0.92019,1009.62,1000.0,-9.62,53.5,215.0,2.2509,-0.0471,LOCK,0,normal
5284,2470698,8922,53140.0,-0.1326,-0.0078,-0.8112,0.822,1009.62,1000.0,-9.62,53.5,215.0,2.2711,0.2594,LOCK,0,normal
5285,2470706,8930,53148.0,-0.0507,0.234,-0.6981,0.73802,1009.62,1000.0,-9.62,53.5,215.0,2.2576,0.0542,LOCK,0,normal
5286,2470725,8949,53167.0,-0.0078,-0.1443,-0.7098,0.72436,1009.63,1000.0,-9.63,53.5,215.0,2.279,0.3793,LOCK,0,normal
5287,2470733,8957,53175.0,-0.117,-0.0351,-0.7332,0.74331,1009.63,1000.0,-9.63,53.5,215.0,2.2843,0.4596,LOCK,0,normal
5288,2470742,8966,53184.0,-0.0429,-0.0351,-0.7683,0.7703,1009.63,1000.0,-9.63,53.5,215.0,2.2753,0.3225,LOCK,0,normal
5289,2470750,8974,53192.0,-0.0429,-0.0351,-0.7683,0.7703,1009.64,1000.0,-9.64,53.5,215.0,2.2778,0.3613,LOCK,0,normal
5290,2470759,8983,53201.0,0.1716,0.0546,-0.7644,0.78532,1009.64,1000.0,-9.64,53.5,215.0,2.2793,0.3836,LOCK,0,normal
5291,2470767,8991,53209.0,0.0156,-0.1053,-0.7761,0.78337,1009.64,1000.0,-9.64,53.5,215.0,2.29,0.546,LOCK,0,normal
5292,2470781,9005,53223.0,-0.0039,0.1443,-0.7761,0.78941,1009.64,1000.0,-9.64,53.5,215.0,2.2788,0.375,LOCK,0,normal
5293,2470789,9013,53231.0,0.0039,0.039,-0.8697,0.87058,1009.64,1000.0,-9.64,53.5,215.0,2.2628,0.1327,LOCK,0,normal
5294,2470798,9022,53240.0,-0.0897,-0.117,-0.8385,0.85136,1009.64,1000.0,-9.64,53.5,215.0,2.2705,0.2502,LOCK,0,normal
5295,2470806,9030,53248.0,0.156,0.0858,-0.7605,0.78106,1009.64,1000.0,-9.64,53.5,215.0,2.2628,0.1333,LOCK,0,normal
5296,2470815,9039,53257.0,-0.0702,0.2028,-0.858,0.88443,1009.62,1000.0,-9.62,53.5,215.0,2.2661,0.1837,LOCK,0,normal
5297,2470825,9049,53267.0,0.0234,-0.078,-0.9438,0.94731,1009.61,1000.0,-9.61,53.5,215.0,2.2888,0.5267,LOCK,0,normal
5298,2470834,9058,53276.0,0.1131,0.0468,-0.8502,0.85897,1009.59,1000.0,-9.59,53.5,215.0,2.2917,0.5707,LOCK,0,normal
5299,2470842,9066,53284.0,0.1131,0.0468,-0.8502,0.85897,1009.58,1000.0,-9.58,53.5,215.0,2.2755,0.3262,LOCK,0,normal
5300,2470851,9075,53293.0,0.0234,-0.0117,-0.7761,0.77654,1009.57,1000.0,-9.57,53.5,215.0,2.2738,0.2999,LOCK,0,normal
5301,2470859,9083,53301.0,-0.0897,-0.0078,-0.6942,0.70001,1009.56,1000.0,-9.56,53.5,215.0,2.279,0.3787,LOCK,0,normal
5302,2470868,9092,53310.0,0.0546,-0.039,-0.7605,0.76345,1009.55,1000.0,-9.55,53.5,215.0,2.274,0.303,LOCK,0,normal
5303,2470877,9101,53319.0,0.0195,0.2925,-0.7488,0.80414,1009.53,1000.0,-9.53,53.5,215.0,2.2785,0.3714,LOCK,0,normal
5304,2470885,9109,53327.0,-0.1209,-0.1131,-0.7878,0.80501,1009.51,1000.0,-9.51,53.5,215.0,2.2826,0.433,LOCK,0,normal
5305,2470894,9118,53336.0,-0.1209,-0.1131,-0.7878,0.80501,1009.49,1000.0,-9.49,53.5,215.0,2.2538,-0.0038,LOCK,0,normal
5306,2470902,9126,53344.0,0.0468,-0.117,-0.8463,0.85563,1009.48,1000.0,-9.48,53.5,215.0,2.26,0.0905,LOCK,0,normal
5307,2470911,9135,53353.0,0.0897,0.0312,-0.8034,0.80899,1009.46,1000.0,-9.46,53.5,215.0,2.267,0.1971,LOCK,0,normal
5308,2470929,9153,53371.0,-0.0312,0.0468,-0.819,0.82093,1009.43,1000.0,-9.43,53.5,215.0,2.287,0.5002,LOCK,0,normal
5309,2470938,9162,53380.0,-0.1092,0.2847,-0.6669,0.7333,1009.4,1000.0,-9.4,53.5,215.0,2.2811,0.4108,LOCK,0,normal
5310,2470946,9170,53388.0,0.1443,0.0975,-0.7371,0.75739,1009.38,1000.0,-9.38,53.5,215.0,2.2871,0.5017,LOCK,0,normal
5311,2470955,9179,53397.0,0.1443,0.0975,-0.7371,0.75739,1009.35,1000.0,-9.35,53.5,215.0,2.2868,0.4971,LOCK,0,normal
5312,2470963,9187,53405.0,0.0858,-0.273,-0.7527,0.80526,1009.33,1000.0,-9.33,53.5,215.0,2.2809,0.4071,LOCK,0,normal
5313,2470972,9196,53414.0,-0.0429,0.0273,-0.7098,0.71162,1009.31,1000.0,-9.31,53.5,215.0,2.2826,0.4333,LOCK,0,normal
5314,2470985,9209,53427.0,0.0624,-0.0624,-0.7683,0.77335,1009.3,1000.0,-9.3,53.5,215.0,2.2896,0.5387,LOCK,0,normal
5315,2470994,9218,53436.0,-0.0234,0.0234,-0.6903,0.69109,1009.26,1000.0,-9.26,53.5,215.0,2.2728,0.2847,LOCK,0,normal
5316,2471002,9226,53444.0,0.0078,0.0039,-0.7566,0.75665,1009.23,1000.0,-9.23,53.5,215.0,2.2731,0.2896,LOCK,0,normal
5317,2471011,9235,53453.0,-0.0078,0.1014,-0.8385,0.84464,1009.2,1000.0,-9.2,53.5,215.0,2.2793,0.3839,LOCK,0,normal
5318,2471019,9243,53461.0,0.0897,-0.0819,-0.819,0.82796,1009.17,1000.0,-9.17,53.5,215.0,2.2697,0.2377,LOCK,0,normal
5319,2471030,9254,53472.0,-0.039,-0.1287,-0.7917,0.80304,1009.14,1000.0,-9.14,53.5,215.0,2.2911,0.5628,LOCK,0,normal
5320,2471039,9263,53481.0,-0.0078,0.1365,-0.7995,0.81111,1009.12,1000.0,-9.12,53.5,215.0,2.2799,0.3931,LOCK,0,normal
5321,2471048,9272,53490.0,-0.0078,0.1365,-0.7995,0.81111,1009.1,1000.0,-9.1,53.5,215.0,2.2723,0.2774,LOCK,0,normal
5322,2471056,9280,53498.0,-0.0195,0.0585,-0.8463,0.84854,1009.06,1000.0,-9.06,53.5,215.0,2.2835,0.4465,LOCK,0,normal
5323,2471065,9289,53507.0,-0.039,-0.0858,-0.7098,0.71603,1009.03,1000.0,-9.03,53.5,215.0,2.2872,0.5032,LOCK,0,normal
5324,2471073,9297,53515.0,0.0117,0.1872,-0.7722,0.79465,1009.0,1000.0,-9.0,53.5,215.0,2.2717,0.2685,LOCK,0,normal
5325,2471082,9306,53524.0,-0.1053,-0.0702,-0.8736,0.88272,1008.97,1000.0,-8.97,53.5,215.0,2.2813,0.4141,LOCK,0,normal
5326,2471091,9315,53533.0,0.0468,-0.0234,-0.8736,0.87517,1008.94,1000.0,-8.94,53.5,215.0,2.288,0.5145,LOCK,0,normal
5327,2471099,9323,53541.0,0.0468,-0.0234,-0.8736,0.87517,1008.92,1000.0,-8.92,53.5,215.0,2.2622,0.1235,LOCK,0,normal
5328,2471108,9332,53550.0,0.1638,-0.0624,-0.8502,0.86808,1008.9,1000.0,-8.9,53.5,215.0,2.2577,0.0558,LOCK,0,normal
5329,2471116,9340,53558.0,-0.2301,0.2145,-0.7293,0.79425,1008.86,1000.0,-8.86,53.5,215.0,2.2619,0.1202,LOCK,0,normal
5330,2471135,9359,53577.0,0.0819,-0.0546,-0.8424,0.84813,1008.82,1000.0,-8.82,53.5,215.0,2.2935,0.5979,LOCK,0,normal
5331,2471143,9367,53585.0,0.1989,0.156,-0.8697,0.90569,1008.78,1000.0,-8.78,53.5,215.0,2.2807,0.4046,LOCK,0,normal
5332,2471152,9376,53594.0,-0.1755,-0.1638,-0.8814,0.91351,1008.75,1000.0,-8.75,53.5,215.0,2.2683,0.2166,LOCK,0,normal
5333,2471160,9384,53602.0,-0.1755,-0.1638,-0.8814,0.91351,1008.72,1000.0,-8.72,53.5,215.0,2.2826,0.433,LOCK,0,normal
5334,2471169,9393,53611.0,0.0351,0.0819,-0.7683,0.77345,1008.66,1000.0,-8.66,53.5,215.0,2.2962,0.6388,LOCK,0,normal
5335,2471178,9402,53620.0,-0.0351,0.1833,-0.7137,0.7377,1008.61,1000.0,-8.61,53.5,215.0,2.2991,0.6833,LOCK,0,normal
5336,2471191,9415,53633.0,-0.0429,-0.0195,-0.8268,0.82814,1008.56,1000.0,-8.56,53.5,215.0,2.2876,0.509,LOCK,0,normal
5337,2471199,9423,53641.0,0.0234,0.0429,-0.7371,0.73872,1008.52,1000.0,-8.52,53.5,215.0,2.2588,0.0725,LOCK,0,normal
5338,2471208,9432,53650.0,-0.2457,0.1287,-0.6474,0.70431,1008.48,1000.0,-8.48,53.5,215.0,2.2521,-0.0294,LOCK,0,normal
5339,2471216,9440,53658.0,-0.0429,0.0234,-0.7215,0.72315,1008.44,1000.0,-8.44,53.5,215.0,2.2579,0.0588,LOCK,0,normal
5340,2471225,9449,53667.0,0.0702,-0.0351,-0.7488,0.7529,1008.41,1000.0,-8.41,53.5,215.0,2.263,0.1357,LOCK,0,normal
5341,2471235,9459,53677.0,-0.0663,0.039,-0.7488,0.75274,1008.36,1000.0,-8.36,53.5,215.0,2.2807,0.405,LOCK,0,normal
5342,2471244,9468,53686.0,0.1092,0.0312,-0.9165,0.92351,1008.31,1000.0,-8.31,53.5,215.0,2.303,0.7432,LOCK,0,normal
5343,2471252,9476,53694.0,0.1092,0.0312,-0.9165,0.92351,1008.27,1000.0,-8.27,53.5,215.0,2.291,0.5612,LOCK,0,normal
5344,2471261,9485,53703.0,0.1443,-0.1482,-0.8541,0.87879,1008.23,1000.0,-8.23,53.5,215.0,2.272,0.2728,LOCK,0,normal
5345,2471269,9493,53711.0,0.0624,0.0117,-0.8034,0.8059,1008.2,1000.0,-8.2,53.5,215.0,2.2624,0.1272,LOCK,0,normal
5346,2471278,9502,53720.0,-0.0858,0.1248,-0.8112,0.82522,1008.17,1000.0,-8.17,53.5,215.0,2.2807,0.4046,LOCK,0,normal
5347,2471286,9510,53728.0,0.0039,0.0429,-0.7995,0.80066,1008.14,1000.0,-8.14,53.5,215.0,2.2904,0.5512,LOCK,0,normal
5348,2471295,9519,53737.0,-0.0975,0.2535,-0.7722,0.81857,1008.1,1000.0,-8.1,53.5,215.0,2.2764,0.339,LOCK,0,normal
5349,2471303,9527,53745.0,-0.0975,0.2535,-0.7722,0.81857,1008.06,1000.0,-8.06,53.5,215.0,2.257,0.0451,LOCK,0,normal
5350,2471312,9536,53754.0,-0.039,0.1014,-0.8385,0.84551,1008.03,1000.0,-8.03,53.5,215.0,2.2809,0.4083,LOCK,0,normal
5351,2471321,9545,53763.0,0.0585,-0.2925,-0.9204,0.96753,1008.0,1000.0,-8.0,53.5,215.0,2.2736,0.2975,LOCK,0,normal
5352,2471329,9553,53771.0,-0.1872,-0.0351,-0.7995,0.82187,1007.97,1000.0,-7.97,53.5,215.0,2.2604,0.0964,LOCK,0,normal
5353,2471348,9572,53790.0,0.0078,0.2691,-0.7059,0.75549,1007.93,1000.0,-7.93,53.5,215.0,2.2924,0.582,LOCK,0,normal
5354,2471356,9580,53798.0,-0.2028,-0.1092,-0.7137,0.74995,1007.9,1000.0,-7.9,53.5,215.0,2.2794,0.3845,LOCK,0,normal
5355,2471365,9589,53807.0,-0.2028,-0.1092,-0.7137,0.74995,1007.87,1000.0,-7.87,53.5,215.0,2.29,0.546,LOCK,0,normal
5356,2471373,9597,53815.0,0.0624,0.1053,-0.6552,0.66653,1007.84,1000.0,-7.84,53.5,215.0,2.2817,0.4199,LOCK,0,normal
5357,2471382,9606,53824.0,-0.117,-0.0702,-0.7878,0.79953,1007.82,1000.0,-7.82,53.5,215.0,2.2808,0.4062,LOCK,0,normal
5358,2471395,9619,53837.0,0.0039,-0.2379,-0.8658,0.8979,1007.79,1000.0,-7.79,53.5,215.0,2.2865,0.4923,LOCK,0,normal
5359,2471404,9628,53846.0,0.1287,0.0585,-0.7722,0.78503,1007.77,1000.0,-7.77,53.5,215.0,2.2595,0.0832,LOCK,0,normal
5360,2471412,9636,53854.0,0.0507,0.0546,-0.7527,0.75638,1007.75,1000.0,-7.75,53.5,215.0,2.2696,0.2371,LOCK,0,normal
5361,2471421,9645,53863.0,-0.0429,-0.1794,-0.6669,0.69194,1007.73,1000.0,-7.73,53.5,215.0,2.2603,0.0957,LOCK,0,normal
5362,2471429,9653,53871.0,0.0741,0.1365,-0.7956,0.81062,1007.71,1000.0,-7.71,53.5,215.0,2.2644,0.1574,LOCK,0,normal
5363,2471440,9664,53882.0,0.0312,0.039,-0.9087,0.91007,1007.69,1000.0,-7.69,53.5,215.0,2.2827,0.4343,LOCK,0,normal
5364,2471449,9673,53891.0,-0.039,-0.0195,-0.9009,0.90195,1007.68,1000.0,-7.68,53.5,215.0,2.2823,0.4282,LOCK,0,normal
5365,2471457,9681,53899.0,-0.039,-0.0195,-0.9009,0.90195,1007.66,1000.0,-7.66,53.5,215.0,2.281,0.4092,LOCK,0,normal
5366,2471466,9690,53908.0,0.1131,-0.1248,-0.8541,0.87055,1007.64,1000.0,-7.64,53.5,215.0,2.2824,0.4306,LOCK,0,normal
5367,2471475,9699,53917.0,-0.0195,0.3003,-0.8073,0.86156,1007.62,1000.0,-7.62,53.5,215.0,2.2845,0.4623,LOCK,0,normal
5368,2471483,9707,53925.0,-0.0624,-0.0819,-0.8268,0.83319,1007.6,1000.0,-7.6,53.5,215.0,2.2809,0.4083,LOCK,0,normal
5369,2471492,9716,53934.0,0.0195,-0.0702,-0.8307,0.83389,1007.58,1000.0,-7.58,53.5,215.0,2.2806,0.4034,LOCK,0,normal
5370,2471500,9724,53942.0,-0.117,0.1326,-0.7605,0.78079,1007.57,1000.0,-7.57,53.5,215.0,2.2802,0.3964,LOCK,0,normal
5371,2471509,9733,53951.0,-0.117,0.1326,-0.7605,0.78079,1007.55,1000.0,-7.55,53.5,215.0,2.2514,-0.0395,LOCK,0,normal
5372,2471517,9741,53959.0,-0.1521,-0.0195,-0.7488,0.76434,1007.54,1000.0,-7.54,53.5,215.0,2.2538,-0.0035,LOCK,0,normal
5373,2471536,9760,53978.0,-0.1248,0.1833,-0.7527,0.78469,1007.53,1000.0,-7.53,53.5,215.0,2.2702,0.245,LOCK,0,normal
5374,2471544,9768,53986.0,0.0741,-0.0078,-0.9009,0.90398,1007.52,1000.0,-7.52,53.5,215.0,2.2794,0.3851,LOCK,0,normal
5375,2471553,9777,53995.0,0.0663,-0.1794,-0.7956,0.81827,1007.51,1000.0,-7.51,53.5,215.0,2.2984,0.6721,LOCK,0,normal
5376,2471562,9786,54004.0,0.0312,0.0741,-0.7995,0.80353,1007.5,1000.0,-7.5,53.5,215.0,2.2776,0.3579,LOCK,0,normal
5377,2471570,9794,54012.0,0.0312,0.0741,-0.7995,0.80353,1007.5,1000.0,-7.5,53.5,215.0,2.2906,0.5548,LOCK,0,normal
5378,2471579,9803,54021.0,-0.078,0.0351,-0.8073,0.81182,1007.49,1000.0,-7.49,53.5,215.0,2.2848,0.4663,LOCK,0,normal
5379,2471587,9811,54029.0,0.0312,0.0663,-0.8502,0.85335,1007.48,1000.0,-7.48,53.5,215.0,2.2777,0.3586,LOCK,0,normal
5380,2471601,9825,54043.0,-0.2067,0.0468,-0.8346,0.86109,1007.47,1000.0,-7.47,53.5,215.0,2.2838,0.452,LOCK,0,normal
5381,2471609,9833,54051.0,0.0156,0.0741,-0.858,0.86134,1007.46,1000.0,-7.46,53.5,215.0,2.2559,0.0295,LOCK,0,normal
5382,2471618,9842,54060.0,0.1131,-0.1755,-0.8268,0.85275,1007.45,1000.0,-7.45,53.5,215.0,2.2629,0.1348,LOCK,0,normal
5383,2471626,9850,54068.0,-0.1638,-0.1521,-0.7527,0.78519,1007.44,1000.0,-7.44,53.5,215.0,2.26,0.0902,LOCK,0,normal
5384,2471635,9859,54077.0,0.0,0.1521,-0.7878,0.80235,1007.43,1000.0,-7.43,53.5,215.0,2.2592,0.078,LOCK,0,normal
5385,2471645,9869,54087.0,-0.0702,0.156,-0.7995,0.8176,1007.42,1000.0,-7.42,53.5,215.0,2.2733,0.2926,LOCK,0,normal
5386,2471653,9877,54095.0,-0.2184,0.1482,-0.6708,0.72086,1007.41,1000.0,-7.41,53.5,215.0,2.2732,0.2905,LOCK,0,normal
5387,2471662,9886,54104.0,-0.2184,0.1482,-0.6708,0.72086,1007.41,1000.0,-7.41,53.5,215.0,2.2856,0.4791,LOCK,0,normal
5388,2471670,9894,54112.0,-0.0195,0.0546,-0.6981,0.7005,1007.4,1000.0,-7.4,53.5,215.0,2.2741,0.3048,LOCK,0,normal
5389,2471679,9903,54121.0,-0.0312,-0.2808,-0.7488,0.80033,1007.39,1000.0,-7.39,53.5,215.0,2.2928,0.5884,LOCK,0,normal
5390,2471687,9911,54129.0,0.0897,-0.1716,-0.8385,0.86057,1007.39,1000.0,-7.39,53.5,215.0,2.2771,0.3497,LOCK,0,normal
5391,2471696,9920,54138.0,0.0,-0.0663,-0.8073,0.81002,1007.38,1000.0,-7.38,53.5,215.0,2.2783,0.368,LOCK,0,normal
5392,2471704,9928,54146.0,-0.0546,0.1794,-0.7098,0.73415,1007.38,1000.0,-7.38,53.5,215.0,2.2814,0.4147,LOCK,0,normal
5393,2471713,9937,54155.0,-0.0546,0.1794,-0.7098,0.73415,1007.37,1000.0,-7.37,53.5,215.0,2.2595,0.0832,LOCK,0,normal
5394,2471722,9946,54164.0,-0.1248,-0.1404,-0.6747,0.70036,1007.37,1000.0,-7.37,53.5,215.0,2.2682,0.2151,LOCK,0,normal
5395,2471740,9964,54182.0,0.0897,0.0507,-0.8619,0.86804,1007.37,1000.0,-7.37,53.5,215.0,2.268,0.2123,LOCK,0,normal
5396,2471749,9973,54191.0,-0.1404,-0.1014,-0.936,0.95189,1007.36,1000.0,-7.36,53.5,215.0,2.2774,0.354,LOCK,0,normal
5397,2471757,9981,54199.0,0.0936,-0.1014,-0.8112,0.82285,1007.36,1000.0,-7.36,53.5,215.0,2.2813,0.4141,LOCK,0,normal
5398,2471766,9990,54208.0,0.0468,0.2106,-0.7605,0.79051,1007.36,1000.0,-7.36,53.5,215.0,2.2746,0.3119,LOCK,0,normal
5399,2471774,9998,54216.0,0.0468,0.2106,-0.7605,0.79051,1007.36,1000.0,-7.36,53.5,215.0,2.2821,0.4257,LOCK,0,normal
5400,2471783,10007,54225.0,0.0585,0.0117,-0.8502,0.85229,1007.36,1000.0,-7.36,53.5,215.0,2.289,0.5301,LOCK,0,normal
5401,2471791,10015,54233.0,0.0195,0.1365,-0.8268,0.83822,1007.37,1000.0,-7.37,53.5,215.0,2.2844,0.4602,LOCK,0,normal
