sample_index,time_ms_raw,time_ms_zero,elapsed_ms,ax_g,ay_g,az_g,total_g,rpm,target_rpm,rpm_error,pwm_eq,duty_10bit,acs_v,current_a,control_mode,state,fault_type
0,285245,0,13,0.00780,0.30810,-0.85020,0.90434,995.93,1000,4.07,50.00,201,2.2285,-0.3863,LOCK,0,normal
1,285253,8,21,-0.46410,0.31200,-0.85410,1.02089,995.93,1000,4.07,50.00,201,2.2070,-0.7126,LOCK,0,normal
2,285263,18,31,-0.09360,0.21060,-0.89310,0.92236,995.93,1000,4.07,50.00,201,2.2095,-0.6744,LOCK,0,normal
3,285273,28,41,-0.14820,0.19890,-0.86190,0.89688,995.84,1000,4.16,50.00,201,2.2131,-0.6195,LOCK,0,normal
4,285283,38,51,0.08190,-0.42510,-0.95940,1.05255,995.82,1000,4.18,50.00,201,2.2239,-0.4568,LOCK,0,normal
5,285293,48,61,0.04290,0.15600,-0.98280,0.99603,995.81,1000,4.19,50.00,201,2.2303,-0.3591,LOCK,0,normal
6,285303,58,71,-0.11700,0.15210,-0.97110,0.98988,995.81,1000,4.19,50.00,201,2.2306,-0.3539,LOCK,0,normal
7,285313,68,81,-0.09750,-0.22620,-0.54990,0.60255,995.81,1000,4.19,50.00,201,2.2072,-0.7098,LOCK,0,normal
8,285323,78,91,-0.42900,-0.03120,-0.84630,0.94934,995.81,1000,4.19,50.00,201,2.2112,-0.6482,LOCK,0,normal
9,285333,88,101,-0.02340,-0.11700,-0.72930,0.73900,995.85,1000,4.15,50.00,201,2.2282,-0.3902,LOCK,0,normal
10,285343,98,111,0.23790,-0.28080,-0.70590,0.79608,995.86,1000,4.14,50.00,201,2.2281,-0.3924,LOCK,0,normal
11,285353,108,121,0.02730,0.10920,-0.74880,0.75721,995.87,1000,4.13,50.00,201,2.2300,-0.3634,LOCK,0,normal
12,285363,118,131,-0.27690,0.12090,-0.74100,0.80023,995.87,1000,4.13,50.00,201,2.2153,-0.5865,LOCK,0,normal
13,285373,128,141,-0.37830,-0.09360,-0.57720,0.69644,995.87,1000,4.13,50.00,201,2.2064,-0.7205,LOCK,0,normal
14,285383,138,151,-0.39000,-0.31590,-0.69030,0.85347,995.87,1000,4.13,50.00,201,2.2283,-0.3899,LOCK,0,normal
15,285393,148,161,-0.03900,0.08970,-0.96330,0.96825,995.82,1000,4.18,50.00,201,2.2291,-0.3780,LOCK,0,normal
16,285403,158,171,0.17940,0.07410,-1.03350,1.05157,995.81,1000,4.19,50.00,201,2.2307,-0.3527,LOCK,0,normal
17,285416,171,184,-0.08970,-0.15600,-0.95940,0.97613,995.80,1000,4.20,50.00,201,2.2166,-0.5667,LOCK,0,normal
18,285424,179,192,-0.26910,0.33150,-0.85410,0.95488,995.80,1000,4.20,50.00,201,2.2167,-0.5648,LOCK,0,normal
19,285433,188,201,-0.34710,0.10530,-0.84240,0.91717,995.80,1000,4.20,50.00,201,2.2220,-0.4842,LOCK,0,normal
20,285443,198,211,-0.17160,-0.35880,-0.86190,0.94924,995.80,1000,4.20,50.00,201,2.2279,-0.3951,LOCK,0,normal
21,285453,208,221,0.16380,-0.07800,-0.64350,0.66859,995.73,1000,4.27,50.00,201,2.2292,-0.3759,LOCK,0,normal
22,285463,218,231,0.10140,-0.07800,-0.55380,0.56838,995.70,1000,4.30,50.00,201,2.2165,-0.5685,LOCK,0,normal
23,285473,228,241,-0.13650,-0.28470,-0.58110,0.66133,995.69,1000,4.31,50.00,201,2.2082,-0.6936,LOCK,0,normal
24,285483,238,251,-0.47580,0.14820,-0.74880,0.89947,995.69,1000,4.31,50.00,201,2.2162,-0.5734,LOCK,0,normal
25,285493,248,261,-0.48750,0.53430,-0.92820,1.17673,995.69,1000,4.31,50.00,201,2.2300,-0.3631,LOCK,0,normal
26,285503,258,271,-0.20280,-0.19890,-0.93600,0.97815,995.69,1000,4.31,50.00,201,2.2284,-0.3878,LOCK,0,normal
27,285513,268,281,0.24960,-0.21060,-0.83460,0.89622,995.55,1000,4.45,50.00,201,2.2171,-0.5590,LOCK,0,normal
28,285523,278,291,0.12090,-0.05850,-0.90090,0.91086,995.51,1000,4.49,50.00,201,2.2174,-0.5551,LOCK,0,normal
29,285533,288,301,0.04680,0.01950,-0.73710,0.73884,995.50,1000,4.50,50.00,201,2.2147,-0.5953,LOCK,0,normal
30,285543,298,311,0.04680,0.01950,-0.73710,0.73884,995.50,1000,4.50,50.00,201,2.2303,-0.3597,LOCK,0,normal
31,285553,308,321,-0.31590,0.03510,-0.68640,0.75642,995.50,1000,4.50,50.00,201,2.2307,-0.3533,LOCK,0,normal
32,285563,318,331,-0.33930,-0.48360,-0.59670,0.83967,995.50,1000,4.50,50.00,201,2.2138,-0.6091,LOCK,0,normal
33,285573,328,341,-0.13260,0.07020,-0.85020,0.86334,995.36,1000,4.64,50.00,201,2.2195,-0.5224,LOCK,0,normal
34,285583,338,351,0.03900,-0.17160,-0.78390,0.80341,995.31,1000,4.69,50.00,201,2.2169,-0.5618,LOCK,0,normal
35,285593,348,361,0.05850,0.00000,-0.83850,0.84054,995.30,1000,4.70,50.00,201,2.2240,-0.4546,LOCK,0,normal
36,285603,358,371,-0.08970,-0.12480,-0.87750,0.89086,995.30,1000,4.70,50.00,201,2.2315,-0.3405,LOCK,0,normal
37,285616,371,384,-0.40170,0.04680,-0.63180,0.75015,995.30,1000,4.70,50.00,201,2.2081,-0.6955,LOCK,0,normal
38,285624,379,392,-0.40170,0.04680,-0.63180,0.75015,995.30,1000,4.70,50.00,201,2.2254,-0.4339,LOCK,0,normal
39,285633,388,401,-0.26910,-0.19890,-0.62790,0.71150,995.31,1000,4.69,50.00,201,2.2242,-0.4513,LOCK,0,normal
40,285643,398,411,0.04680,-0.21840,-0.80340,0.83387,995.37,1000,4.63,50.00,201,2.2276,-0.4000,LOCK,0,normal
41,285653,408,421,0.06630,-0.06630,-0.83850,0.84373,995.39,1000,4.61,50.00,201,2.2306,-0.3539,LOCK,0,normal
42,285663,418,431,-0.05460,-0.19110,-1.01790,1.03712,995.40,1000,4.60,50.00,201,2.2192,-0.5267,LOCK,0,normal
43,285673,428,441,-0.30420,0.39780,-0.79170,0.93679,995.40,1000,4.60,50.00,201,2.2147,-0.5950,LOCK,0,normal
44,285683,438,451,-0.24570,0.08580,-0.66690,0.71588,995.40,1000,4.60,50.00,201,2.2125,-0.6283,LOCK,0,normal
45,285693,448,461,-0.05460,0.00000,-0.72540,0.72745,995.34,1000,4.66,50.00,201,2.2330,-0.3176,LOCK,0,normal
46,285703,458,471,0.21060,0.05070,-0.80730,0.83586,995.33,1000,4.67,50.00,201,2.2307,-0.3530,LOCK,0,normal
47,285713,468,481,0.07020,-0.30030,-0.75270,0.81343,995.32,1000,4.68,50.00,201,2.2209,-0.5022,LOCK,0,normal
48,285723,478,491,-0.08970,-0.03510,-0.58890,0.59673,995.32,1000,4.68,50.00,201,2.2284,-0.3875,LOCK,0,normal
49,285733,488,501,-0.41340,0.12870,-0.49140,0.65493,995.32,1000,4.68,50.00,201,2.2257,-0.4284,LOCK,0,normal
50,285743,498,511,-0.11310,0.26520,-0.67470,0.73372,995.32,1000,4.68,50.00,201,2.2291,-0.3780,LOCK,0,normal
51,285753,508,521,-0.21450,-0.04290,-0.90870,0.93466,995.33,1000,4.67,50.00,201,2.2311,-0.3463,LOCK,0,normal
52,285763,518,531,0.18720,0.00000,-1.03740,1.05415,995.34,1000,4.66,50.00,201,2.2302,-0.3603,LOCK,0,normal
53,285773,528,541,0.03120,-0.19110,-0.94770,0.96728,995.34,1000,4.66,50.00,201,2.2080,-0.6976,LOCK,0,normal
54,285783,538,551,0.03120,0.30420,-0.84630,0.89985,995.34,1000,4.66,50.00,201,2.1961,-0.8774,LOCK,0,normal
55,285793,548,561,-0.42120,-0.14040,-0.85020,0.95915,995.34,1000,4.66,50.00,201,2.2151,-0.5899,LOCK,0,normal
56,285803,558,571,-0.15990,-0.05850,-0.74490,0.76411,995.34,1000,4.66,50.00,201,2.2305,-0.3557,LOCK,0,normal
57,285816,571,584,-0.16770,0.13650,-0.59280,0.63101,995.33,1000,4.67,50.00,201,2.2293,-0.3740,LOCK,0,normal
58,285825,580,593,0.07800,-0.22620,-0.58890,0.63565,995.32,1000,4.68,50.00,201,2.2092,-0.6787,LOCK,0,normal
59,285833,588,601,-0.03900,0.03510,-0.62790,0.63009,995.31,1000,4.69,50.00,201,2.2014,-0.7968,LOCK,0,normal
60,285843,598,611,-0.29250,0.04290,-0.79170,0.84509,995.27,1000,4.73,50.00,201,2.2342,-0.2996,LOCK,0,normal
61,285853,608,621,-0.40170,0.34320,-0.99840,1.12958,995.25,1000,4.75,50.00,201,2.2294,-0.3731,LOCK,0,normal
62,285863,618,631,-0.11700,0.27300,-0.99060,1.03417,995.24,1000,4.76,50.00,201,2.2279,-0.3954,LOCK,0,normal
63,285873,628,641,-0.06630,0.00000,-0.81120,0.81390,995.28,1000,4.72,50.00,201,2.2175,-0.5526,LOCK,0,normal
64,285883,638,651,0.19890,-0.03120,-0.73710,0.76410,995.29,1000,4.71,50.00,201,2.2134,-0.6152,LOCK,0,normal
65,285893,648,661,-0.07800,-0.15210,-0.70980,0.73009,995.30,1000,4.70,50.00,201,2.2171,-0.5590,LOCK,0,normal
66,285903,658,671,-0.32760,-0.03120,-0.69810,0.77178,995.30,1000,4.70,50.00,201,2.2308,-0.3521,LOCK,0,normal
67,285913,668,681,-0.40560,-0.12870,-0.86970,0.96822,995.30,1000,4.70,50.00,201,2.2283,-0.3899,LOCK,0,normal
68,285923,678,691,-0.18720,0.01560,-0.74880,0.77200,995.30,1000,4.70,50.00,201,2.2215,-0.4928,LOCK,0,normal
69,285933,688,701,-0.18720,0.01560,-0.74880,0.77200,995.26,1000,4.74,50.00,201,2.2325,-0.3261,LOCK,0,normal
70,285943,698,711,0.06240,0.04290,-0.90480,0.90796,995.25,1000,4.75,50.00,201,2.2172,-0.5569,LOCK,0,normal
71,285953,708,721,0.16770,-0.05460,-0.86580,0.88358,995.25,1000,4.75,50.00,201,2.2306,-0.3539,LOCK,0,normal
72,285963,718,731,-0.05070,-0.32760,-0.83460,0.89803,995.25,1000,4.75,50.00,201,2.2333,-0.3130,LOCK,0,normal
73,285973,728,741,-0.30030,0.33150,-0.64740,0.78689,995.25,1000,4.75,50.00,201,2.2114,-0.6460,LOCK,0,normal
74,285983,738,751,-0.24180,0.07410,-0.72930,0.77190,995.25,1000,4.75,50.00,201,2.2179,-0.5471,LOCK,0,normal
75,285993,748,761,-0.21450,-0.08970,-0.65910,0.69891,995.27,1000,4.73,50.00,201,2.2099,-0.6683,LOCK,0,normal
76,286003,758,771,-0.01560,-0.25740,-0.49920,0.56187,995.28,1000,4.72,50.00,201,2.2234,-0.4638,LOCK,0,normal
77,286016,771,784,-0.15600,-0.13650,-0.88920,0.91304,995.28,1000,4.72,50.00,201,2.2298,-0.3670,LOCK,0,normal
78,286025,780,793,-0.15600,-0.13650,-0.88920,0.91304,995.28,1000,4.72,50.00,201,2.2082,-0.6943,LOCK,0,normal
79,286033,788,801,-0.42510,0.23790,-0.90090,1.02417,995.28,1000,4.72,50.00,201,2.2307,-0.3536,LOCK,0,normal
80,286043,798,811,-0.14820,0.05070,-0.81510,0.83001,995.28,1000,4.72,50.00,201,2.2156,-0.5825,LOCK,0,normal
81,286053,808,821,-0.15210,-0.15210,-0.85410,0.88077,995.28,1000,4.72,50.00,201,2.2153,-0.5868,LOCK,0,normal
82,286063,818,831,0.17550,-0.09750,-0.73710,0.76395,995.28,1000,4.72,50.00,201,2.2278,-0.3966,LOCK,0,normal
83,286073,828,841,0.10920,-0.17940,-0.86970,0.89470,995.28,1000,4.72,50.00,201,2.1952,-0.8902,LOCK,0,normal
84,286083,838,851,-0.05070,-0.12090,-0.62790,0.64144,995.28,1000,4.72,50.00,201,2.2127,-0.6262,LOCK,0,normal
85,286093,848,861,-0.38610,0.12480,-0.53430,0.67091,995.28,1000,4.72,50.00,201,2.2195,-0.5230,LOCK,0,normal
86,286103,858,871,-0.33150,0.00780,-0.58890,0.67584,995.28,1000,4.72,50.00,201,2.2309,-0.3493,LOCK,0,normal
87,286113,868,881,-0.25740,0.29640,-0.76440,0.85931,995.32,1000,4.68,50.00,201,2.2326,-0.3237,LOCK,0,normal
88,286123,878,891,0.14820,-0.16380,-0.89310,0.92001,995.34,1000,4.66,50.00,201,2.2217,-0.4900,LOCK,0,normal
89,286133,888,901,0.12480,-0.03900,-0.88920,0.89876,995.35,1000,4.65,50.00,201,2.2189,-0.5322,LOCK,0,normal
90,286143,898,911,-0.14820,0.07800,-1.00230,1.01620,995.35,1000,4.65,50.00,201,2.2123,-0.6311,LOCK,0,normal
91,286153,908,921,-0.32760,0.18720,-0.73320,0.82459,995.35,1000,4.65,50.00,201,2.2312,-0.3450,LOCK,0,normal
92,286163,918,931,-0.15210,-0.06630,-0.70980,0.72893,995.35,1000,4.65,50.00,201,2.2297,-0.3689,LOCK,0,normal
93,286173,928,941,-0.00780,-0.15990,-0.76440,0.78098,995.41,1000,4.59,50.00,201,2.2291,-0.3768,LOCK,0,normal
94,286183,938,951,0.18720,-0.24960,-0.74880,0.81120,995.43,1000,4.57,50.00,201,2.2148,-0.5935,LOCK,0,normal
95,286193,948,961,0.00390,-0.01560,-0.66690,0.66709,995.43,1000,4.57,50.00,201,2.2156,-0.5816,LOCK,0,normal
96,286203,958,971,-0.20670,0.00000,-0.83460,0.85982,995.44,1000,4.56,50.00,201,2.2218,-0.4882,LOCK,0,normal
97,286216,971,984,-0.41730,0.33540,-0.70590,0.88596,995.44,1000,4.56,50.00,201,2.2339,-0.3041,LOCK,0,normal
98,286224,979,992,-0.31980,-0.12090,-0.86190,0.92723,995.44,1000,4.56,50.00,201,2.2100,-0.6671,LOCK,0,normal
99,286233,988,1001,-0.13260,0.06240,-0.79950,0.81282,995.44,1000,4.56,50.00,201,2.2220,-0.4848,LOCK,0,normal
100,286243,998,1011,0.19500,-0.07410,-0.78780,0.81495,995.48,1000,4.52,50.00,201,2.2296,-0.3701,LOCK,0,normal
101,286253,1008,1021,0.04680,-0.23790,-0.90090,0.93296,995.50,1000,4.50,50.00,201,2.2216,-0.4903,LOCK,0,normal
102,286263,1018,1031,-0.11310,0.10530,-0.65520,0.67318,995.50,1000,4.50,50.00,201,2.2300,-0.3637,LOCK,0,normal
103,286273,1028,1041,-0.45240,0.07410,-0.61620,0.76802,995.50,1000,4.50,50.00,201,2.2301,-0.3624,LOCK,0,normal
104,286283,1038,1051,-0.18720,0.26520,-0.78000,0.84485,995.50,1000,4.50,50.00,201,2.2132,-0.6185,LOCK,0,normal
105,286293,1048,1061,-0.10140,0.07800,-0.84630,0.85591,995.68,1000,4.32,50.00,201,2.2202,-0.5117,LOCK,0,normal
106,286303,1058,1071,0.15210,0.13260,-0.92040,0.94226,995.73,1000,4.27,50.00,201,2.2171,-0.5596,LOCK,0,normal
107,286313,1068,1081,0.00000,-0.18330,-0.92040,0.93847,995.74,1000,4.26,50.00,201,2.2254,-0.4339,LOCK,0,normal
108,286323,1078,1091,-0.41730,0.03900,-0.83460,0.93393,995.74,1000,4.26,50.00,201,2.2304,-0.3576,LOCK,0,normal
109,286333,1088,1101,-0.41730,0.03900,-0.83460,0.93393,995.74,1000,4.26,50.00,201,2.2154,-0.5847,LOCK,0,normal
110,286343,1098,1111,-0.30030,0.26130,-0.98280,1.06036,995.74,1000,4.26,50.00,201,2.2199,-0.5169,LOCK,0,normal
111,286353,1108,1121,-0.22620,-0.07020,-0.79950,0.83384,995.59,1000,4.41,50.00,201,2.2134,-0.6152,LOCK,0,normal
112,286363,1118,1131,0.10530,0.05850,-0.76830,0.77769,995.55,1000,4.45,50.00,201,2.2289,-0.3808,LOCK,0,normal
113,286373,1128,1141,0.08580,-0.30810,-0.72150,0.78921,995.54,1000,4.46,50.00,201,2.2313,-0.3438,LOCK,0,normal
114,286383,1138,1151,0.09750,-0.03900,-0.75660,0.76385,995.53,1000,4.47,50.00,201,2.2148,-0.5941,LOCK,0,normal
115,286393,1148,1161,-0.32370,-0.13260,-0.77220,0.84774,995.53,1000,4.47,50.00,201,2.2243,-0.4501,LOCK,0,normal
116,286403,1158,1171,-0.58500,-0.33540,-0.84240,1.07905,995.53,1000,4.47,50.00,201,2.2052,-0.7391,LOCK,0,normal
117,286416,1171,1184,0.21060,-0.05070,-0.82290,0.85093,995.54,1000,4.46,50.00,201,2.2315,-0.3414,LOCK,0,normal
118,286425,1180,1193,0.21060,-0.05070,-0.82290,0.85093,995.54,1000,4.46,50.00,201,2.2287,-0.3838,LOCK,0,normal
119,286433,1188,1201,0.13260,0.00390,-0.91650,0.92605,995.54,1000,4.46,50.00,201,2.1873,-1.0102,LOCK,0,normal
120,286443,1198,1211,-0.08190,-0.00780,-0.90480,0.90853,995.57,1000,4.43,50.00,201,2.2265,-0.4174,LOCK,0,normal
121,286453,1208,1221,-0.21840,0.39390,-0.78390,0.90408,995.58,1000,4.42,50.00,201,2.1943,-0.9043,LOCK,0,normal
122,286463,1218,1231,-0.25740,-0.03120,-0.78780,0.82937,995.58,1000,4.42,50.00,201,2.2254,-0.4330,LOCK,0,normal
123,286473,1228,1241,-0.26130,-0.00390,-0.65520,0.70539,995.60,1000,4.40,50.00,201,2.2298,-0.3664,LOCK,0,normal
124,286483,1238,1251,0.01950,-0.06630,-0.57720,0.58132,995.61,1000,4.39,50.00,201,2.2256,-0.4299,LOCK,0,normal
125,286493,1248,1261,0.06630,-0.01950,-0.72150,0.72480,995.61,1000,4.39,50.00,201,2.2141,-0.6042,LOCK,0,normal
126,286503,1258,1271,-0.12090,-0.35100,-1.00620,1.07250,995.61,1000,4.39,50.00,201,2.2086,-0.6878,LOCK,0,normal
127,286513,1268,1281,-0.37440,0.49920,-0.82680,1.03584,995.61,1000,4.39,50.00,201,2.2319,-0.3356,LOCK,0,normal
128,286523,1278,1291,-0.19890,0.09750,-0.81120,0.84090,995.61,1000,4.39,50.00,201,2.2216,-0.4910,LOCK,0,normal
129,286533,1288,1301,-0.07800,-0.23790,-0.71370,0.75634,995.66,1000,4.34,50.00,201,2.2102,-0.6643,LOCK,0,normal
130,286543,1298,1311,0.27300,-0.08190,-0.74880,0.80121,995.68,1000,4.32,50.00,201,2.2186,-0.5364,LOCK,0,normal
131,286553,1308,1321,0.06240,-0.14430,-0.73710,0.75368,995.68,1000,4.32,50.00,201,2.2202,-0.5117,LOCK,0,normal
132,286563,1318,1331,-0.23400,-0.07020,-0.63180,0.67739,995.68,1000,4.32,50.00,201,2.2275,-0.4018,LOCK,0,normal
133,286573,1328,1341,-0.42120,0.44850,-0.61230,0.86803,995.68,1000,4.32,50.00,201,2.2297,-0.3682,LOCK,0,normal
134,286583,1338,1351,-0.27300,0.29250,-0.94380,1.02511,995.68,1000,4.32,50.00,201,2.2328,-0.3218,LOCK,0,normal
135,286593,1348,1361,-0.26910,-0.24570,-0.91650,0.98628,995.73,1000,4.27,50.00,201,2.2135,-0.6134,LOCK,0,normal
136,286603,1358,1371,0.18720,-0.15600,-0.83460,0.86945,995.74,1000,4.26,50.00,201,2.2182,-0.5425,LOCK,0,normal
137,286616,1371,1384,0.02340,-0.24960,-0.91260,0.94641,995.75,1000,4.25,50.00,201,2.2309,-0.3502,LOCK,0,normal
138,286624,1379,1392,-0.02340,0.35100,-0.81510,0.88777,995.75,1000,4.25,50.00,201,2.2313,-0.3435,LOCK,0,normal
139,286633,1388,1401,-0.35880,0.05070,-0.53430,0.64559,995.75,1000,4.25,50.00,201,2.2115,-0.6436,LOCK,0,normal
140,286643,1398,1411,-0.28470,0.06630,-0.51480,0.59200,995.75,1000,4.25,50.00,201,2.2113,-0.6463,LOCK,0,normal
141,286653,1408,1421,-0.37440,0.09360,-0.63570,0.74367,995.72,1000,4.28,50.00,201,2.2186,-0.5367,LOCK,0,normal
142,286663,1418,1431,0.15990,-0.28470,-0.94380,0.99869,995.70,1000,4.30,50.00,201,2.2271,-0.4070,LOCK,0,normal
143,286673,1428,1441,0.02730,0.03900,-0.89700,0.89826,995.70,1000,4.30,50.00,201,2.2301,-0.3618,LOCK,0,normal
144,286683,1438,1451,-0.15600,-0.19500,-0.95550,0.98759,995.70,1000,4.30,50.00,201,2.2313,-0.3441,LOCK,0,normal
145,286693,1448,1461,-0.54990,0.54600,-0.70200,1.04561,995.70,1000,4.30,50.00,201,2.2193,-0.5257,LOCK,0,normal
146,286703,1458,1471,-0.07800,0.14820,-0.70590,0.72549,995.70,1000,4.30,50.00,201,2.2024,-0.7825,LOCK,0,normal
147,286713,1468,1481,-0.05460,-0.24570,-0.58890,0.64043,995.76,1000,4.24,50.00,201,2.2106,-0.6582,LOCK,0,normal
148,286723,1478,1491,-0.05460,-0.24570,-0.58890,0.64043,995.80,1000,4.20,50.00,201,2.2332,-0.3148,LOCK,0,normal
149,286733,1488,1501,0.05460,-0.23400,-0.58500,0.63243,995.81,1000,4.19,50.00,201,2.2295,-0.3707,LOCK,0,normal
150,286743,1498,1511,-0.03510,0.02340,-0.80340,0.80451,995.82,1000,4.18,50.00,201,2.2166,-0.5667,LOCK,0,normal
151,286753,1508,1521,-0.26520,0.08190,-1.09590,1.13050,995.82,1000,4.18,50.00,201,2.2186,-0.5364,LOCK,0,normal
152,286763,1518,1531,-0.20280,0.33930,-0.89310,0.97667,995.82,1000,4.18,50.00,201,2.2167,-0.5645,LOCK,0,normal
153,286773,1528,1541,-0.09360,0.01560,-0.79950,0.80511,995.81,1000,4.19,50.00,201,2.2325,-0.3261,LOCK,0,normal
154,286783,1538,1551,-0.19890,0.06630,-0.63180,0.66568,995.81,1000,4.19,50.00,201,2.2319,-0.3356,LOCK,0,normal
155,286793,1548,1561,0.18330,-0.05850,-0.63960,0.66791,995.80,1000,4.20,50.00,201,2.2072,-0.7089,LOCK,0,normal
156,286803,1558,1571,-0.19110,-0.39390,-0.66690,0.79777,995.80,1000,4.20,50.00,201,2.2128,-0.6243,LOCK,0,normal
157,286816,1571,1584,-0.37830,-0.07800,-0.95160,1.02700,995.80,1000,4.20,50.00,201,2.2172,-0.5569,LOCK,0,normal
158,286824,1579,1592,-0.37830,-0.07800,-0.95160,1.02700,995.80,1000,4.20,50.00,201,2.2324,-0.3280,LOCK,0,normal
159,286833,1588,1601,-0.17550,-0.24570,-0.78390,0.84004,995.80,1000,4.20,50.00,201,2.2182,-0.5428,LOCK,0,normal
160,286843,1598,1611,0.10140,-0.18330,-0.68640,0.71765,995.75,1000,4.25,50.00,201,2.2277,-0.3982,LOCK,0,normal
161,286853,1608,1621,0.14040,-0.04290,-0.66300,0.67906,995.73,1000,4.27,50.00,201,2.2298,-0.3673,LOCK,0,normal
162,286863,1618,1631,-0.12090,-0.33150,-0.56940,0.66987,995.73,1000,4.27,50.00,201,2.2086,-0.6878,LOCK,0,normal
163,286873,1628,1641,-0.32760,0.27300,-0.75270,0.86511,995.73,1000,4.27,50.00,201,2.2264,-0.4180,LOCK,0,normal
164,286883,1638,1651,-0.04290,-0.07410,-0.86970,0.87390,995.73,1000,4.27,50.00,201,2.2300,-0.3634,LOCK,0,normal
165,286893,1648,1661,-0.33540,-0.21840,-0.90480,0.98937,995.73,1000,4.27,50.00,201,2.2162,-0.5725,LOCK,0,normal
166,286903,1658,1671,0.23790,-0.05070,-0.79560,0.83195,995.76,1000,4.24,50.00,201,2.2131,-0.6201,LOCK,0,normal
167,286913,1668,1681,0.09360,-0.17550,-0.86580,0.88835,995.77,1000,4.23,50.00,201,2.2042,-0.7550,LOCK,0,normal
168,286923,1678,1691,0.06240,-0.27300,-0.77220,0.82141,995.77,1000,4.23,50.00,201,2.2303,-0.3597,LOCK,0,normal
169,286933,1688,1701,-0.40560,-0.01560,-0.51480,0.65557,995.77,1000,4.23,50.00,201,2.2311,-0.3472,LOCK,0,normal
170,286943,1698,1711,-0.06240,-0.34320,-0.86190,0.92981,995.77,1000,4.23,50.00,201,2.2057,-0.7318,LOCK,0,normal
171,286953,1708,1721,-0.20670,0.24180,-0.97110,1.02187,995.77,1000,4.23,50.00,201,2.2318,-0.3365,LOCK,0,normal
172,286963,1718,1731,0.22620,-0.16380,-0.82680,0.87269,995.82,1000,4.18,50.00,201,2.2200,-0.5154,LOCK,0,normal
173,286973,1728,1741,0.12870,-0.24960,-0.85410,0.89908,995.83,1000,4.17,50.00,201,2.2176,-0.5517,LOCK,0,normal
174,286983,1738,1751,-0.07020,-0.18330,-0.79170,0.81567,995.83,1000,4.17,50.00,201,2.2306,-0.3545,LOCK,0,normal
175,286993,1748,1761,-0.42900,0.01560,-0.44070,0.61522,995.83,1000,4.17,50.00,201,2.2224,-0.4781,LOCK,0,normal
176,287003,1758,1771,-0.39000,-0.15990,-0.63180,0.75950,995.83,1000,4.17,50.00,201,2.1970,-0.8643,LOCK,0,normal
177,287016,1771,1784,0.01950,-0.04680,-0.92820,0.92958,995.83,1000,4.17,50.00,201,2.2050,-0.7428,LOCK,0,normal
178,287024,1779,1792,0.04290,-0.26520,-0.94380,0.98129,995.84,1000,4.16,50.00,201,2.2279,-0.3948,LOCK,0,normal
179,287033,1788,1801,0.18330,-0.01560,-0.81120,0.83180,995.84,1000,4.16,50.00,201,2.2299,-0.3652,LOCK,0,normal
180,287043,1798,1811,-0.11700,-0.05850,-0.88140,0.89105,995.87,1000,4.13,50.00,201,2.2298,-0.3673,LOCK,0,normal
181,287053,1808,1821,-0.31980,0.48750,-0.51870,0.78037,995.88,1000,4.12,50.00,201,2.2123,-0.6317,LOCK,0,normal
182,287063,1818,1831,-0.26520,0.03120,-0.66300,0.71475,995.89,1000,4.11,50.00,201,2.2118,-0.6387,LOCK,0,normal
183,287073,1828,1841,-0.31590,-0.12870,-0.91260,0.97427,995.89,1000,4.11,50.00,201,2.2347,-0.2925,LOCK,0,normal
184,287083,1838,1851,0.12090,-0.01950,-1.02180,1.02911,995.92,1000,4.08,50.00,201,2.2307,-0.3536,LOCK,0,normal
185,287093,1848,1861,0.01950,0.16380,-0.92820,0.94274,995.93,1000,4.07,50.00,201,2.2317,-0.3383,LOCK,0,normal
186,287103,1858,1871,-0.12870,-0.14820,-0.88140,0.90299,995.93,1000,4.07,50.00,201,2.2248,-0.4427,LOCK,0,normal
187,287113,1868,1881,-0.12870,-0.14820,-0.88140,0.90299,995.93,1000,4.07,50.00,201,2.2108,-0.6549,LOCK,0,normal
188,287123,1878,1891,-0.37440,0.21840,-0.54210,0.69408,995.93,1000,4.07,50.00,201,2.2099,-0.6689,LOCK,0,normal
189,287133,1888,1901,-0.14820,0.36270,-0.67860,0.78359,995.93,1000,4.07,50.00,201,2.2331,-0.3170,LOCK,0,normal
190,287143,1898,1911,-0.08970,-0.06240,-0.54600,0.55683,996.03,1000,3.97,50.00,201,2.2307,-0.3530,LOCK,0,normal
191,287153,1908,1921,0.18330,-0.09360,-0.75270,0.78033,996.06,1000,3.94,50.00,201,2.2064,-0.7205,LOCK,0,normal
192,287163,1918,1931,0.02340,-0.33930,-1.00230,1.05843,996.07,1000,3.93,50.00,201,2.2126,-0.6274,LOCK,0,normal
193,287173,1928,1941,-0.08970,0.34710,-0.94770,1.01324,996.07,1000,3.93,50.00,201,2.2175,-0.5532,LOCK,0,normal
194,287183,1938,1951,-0.14430,-0.03510,-0.76830,0.78252,996.07,1000,3.93,50.00,201,2.2306,-0.3539,LOCK,0,normal
195,287193,1948,1961,-0.13650,0.18330,-0.78000,0.81279,996.07,1000,3.93,50.00,201,2.2325,-0.3258,LOCK,0,normal
196,287203,1958,1971,-0.12870,-0.00780,-0.56550,0.58001,996.03,1000,3.97,50.00,201,2.2205,-0.5080,LOCK,0,normal
197,287216,1971,1984,-0.10530,-0.03120,-0.62400,0.63359,996.03,1000,3.97,50.00,201,2.2280,-0.3936,LOCK,0,normal
198,287224,1979,1992,-0.10530,-0.03120,-0.62400,0.63359,996.03,1000,3.97,50.00,201,2.2202,-0.5126,LOCK,0,normal
199,287233,1988,2001,-0.27300,-0.10140,-0.72150,0.77806,996.03,1000,3.97,50.00,201,2.2321,-0.3319,LOCK,0,normal
200,287243,1998,2011,-0.51480,0.38610,-0.83460,1.05387,996.02,1000,3.98,50.00,201,2.2303,-0.3597,LOCK,0,normal
201,287253,2008,2021,-0.25350,0.15210,-0.99450,1.03751,996.02,1000,3.98,50.00,201,2.2060,-0.7266,LOCK,0,normal
202,287263,2018,2031,-0.00780,-0.07800,-0.72930,0.73350,995.79,1000,4.21,50.00,201,2.2285,-0.3866,LOCK,0,normal
203,287273,2028,2041,0.24180,-0.28080,-0.70980,0.80071,995.73,1000,4.27,50.00,201,2.2156,-0.5819,LOCK,0,normal
204,287283,2038,2051,0.09750,-0.04290,-0.70590,0.71389,995.72,1000,4.28,50.00,201,2.2250,-0.4394,LOCK,0,normal
205,287293,2048,2061,-0.40950,-0.11700,-0.76830,0.87844,995.72,1000,4.28,50.00,201,2.2309,-0.3496,LOCK,0,normal
206,287303,2058,2071,-0.55380,0.35100,-0.77220,1.01301,995.71,1000,4.29,50.00,201,2.2110,-0.6512,LOCK,0,normal
207,287313,2068,2081,-0.39780,0.01170,-0.70980,0.81376,995.71,1000,4.29,50.00,201,2.2246,-0.4461,LOCK,0,normal
208,287323,2078,2091,0.21840,0.09750,-0.92040,0.95097,995.90,1000,4.10,50.00,201,2.2075,-0.7049,LOCK,0,normal
209,287333,2088,2101,0.28470,0.18720,-0.86190,0.92681,995.94,1000,4.06,50.00,201,2.2346,-0.2941,LOCK,0,normal
210,287343,2098,2111,-0.07020,-0.26520,-0.83460,0.87853,995.96,1000,4.04,50.00,201,2.2303,-0.3585,LOCK,0,normal
211,287353,2108,2121,-0.23790,0.35490,-0.72540,0.84188,995.96,1000,4.04,50.00,201,2.2141,-0.6048,LOCK,0,normal
212,287363,2118,2131,-0.31590,0.05460,-0.74880,0.81454,995.96,1000,4.04,50.00,201,2.2230,-0.4693,LOCK,0,normal
213,287373,2128,2141,-0.25350,-0.30420,-0.65520,0.76556,995.96,1000,4.04,50.00,201,2.2111,-0.6494,LOCK,0,normal
214,287383,2138,2151,-0.07410,-0.24960,-0.58500,0.64032,996.02,1000,3.98,50.00,201,2.2284,-0.3881,LOCK,0,normal
215,287393,2148,2161,-0.00390,-0.10920,-0.78000,0.78762,996.03,1000,3.97,50.00,201,2.2323,-0.3292,LOCK,0,normal
216,287403,2158,2171,-0.12480,-0.26130,-0.99840,1.03955,996.04,1000,3.96,50.00,201,2.2165,-0.5685,LOCK,0,normal
217,287416,2171,2184,-0.40950,0.07800,-0.88920,0.98206,996.04,1000,3.96,50.00,201,2.2050,-0.7425,LOCK,0,normal
218,287424,2179,2192,-0.40560,0.49530,-0.90090,1.10519,996.04,1000,3.96,50.00,201,2.2128,-0.6243,LOCK,0,normal
219,287433,2188,2201,-0.15990,0.00000,-0.81120,0.82681,996.04,1000,3.96,50.00,201,2.2245,-0.4464,LOCK,0,normal
220,287443,2198,2211,0.30810,-0.31980,-0.62790,0.76906,995.94,1000,4.06,50.00,201,2.2299,-0.3655,LOCK,0,normal
221,287453,2208,2221,0.05460,-0.47580,-0.71370,0.85950,995.91,1000,4.09,50.00,201,2.2309,-0.3505,LOCK,0,normal
222,287463,2218,2231,-0.12870,0.00780,-0.58110,0.59523,995.90,1000,4.10,50.00,201,2.2118,-0.6390,LOCK,0,normal
223,287473,2228,2241,-0.41730,0.12480,-0.52260,0.68031,995.89,1000,4.11,50.00,201,2.2209,-0.5016,LOCK,0,normal
224,287483,2238,2251,-0.13260,0.29250,-0.85800,0.91613,995.89,1000,4.11,50.00,201,2.2253,-0.4345,LOCK,0,normal
225,287493,2248,2261,-0.28470,0.10140,-0.95550,1.00216,995.89,1000,4.11,50.00,201,2.2300,-0.3634,LOCK,0,normal
226,287503,2258,2271,0.18720,-0.18720,-0.86970,0.90910,995.96,1000,4.04,50.00,201,2.2298,-0.3661,LOCK,0,normal
227,287513,2268,2281,0.18720,-0.18720,-0.86970,0.90910,995.98,1000,4.02,50.00,201,2.2184,-0.5398,LOCK,0,normal
228,287523,2278,2291,0.13260,-0.05850,-0.85410,0.86631,995.99,1000,4.01,50.00,201,2.2325,-0.3252,LOCK,0,normal
229,287533,2288,2301,-0.03120,0.24960,-0.79170,0.83070,995.99,1000,4.01,50.00,201,2.2116,-0.6427,LOCK,0,normal
230,287543,2298,2311,-0.24570,0.15990,-0.62400,0.68943,995.99,1000,4.01,50.00,201,2.2349,-0.2889,LOCK,0,normal
231,287553,2308,2321,0.00000,-0.31200,-0.63570,0.70814,995.99,1000,4.01,50.00,201,2.2300,-0.3640,LOCK,0,normal
232,287563,2318,2331,-0.07020,0.03120,-0.63570,0.64032,996.05,1000,3.95,50.00,201,2.2100,-0.6665,LOCK,0,normal
233,287573,2328,2341,0.10140,-0.40560,-0.63180,0.75760,996.06,1000,3.94,50.00,201,2.2134,-0.6152,LOCK,0,normal
234,287583,2338,2351,0.01170,0.03510,-0.68640,0.68740,996.07,1000,3.93,50.00,201,2.2189,-0.5312,LOCK,0,normal
235,287593,2348,2361,-0.11700,-0.14430,-0.93210,0.95043,996.07,1000,3.93,50.00,201,2.2319,-0.3347,LOCK,0,normal
236,287603,2358,2371,-0.28470,0.30420,-0.77220,0.87743,996.07,1000,3.93,50.00,201,2.2319,-0.3347,LOCK,0,normal
237,287616,2371,2384,-0.06630,-0.05850,-0.92430,0.92852,996.07,1000,3.93,50.00,201,2.2093,-0.6775,LOCK,0,normal
238,287625,2380,2393,-0.06630,-0.05850,-0.92430,0.92852,996.06,1000,3.94,50.00,201,2.2131,-0.6198,LOCK,0,normal
239,287633,2388,2401,0.12870,-0.01170,-0.84240,0.85225,996.06,1000,3.94,50.00,201,2.2252,-0.4360,LOCK,0,normal
240,287643,2398,2411,-0.00780,-0.17550,-0.89700,0.91404,996.03,1000,3.97,50.00,201,2.2341,-0.3014,LOCK,0,normal
241,287653,2408,2421,-0.06630,0.12090,-0.85020,0.86131,996.02,1000,3.98,50.00,201,2.2333,-0.3130,LOCK,0,normal
242,287663,2418,2431,-0.14820,0.19110,-0.67080,0.71306,996.01,1000,3.99,50.00,201,2.2168,-0.5642,LOCK,0,normal
243,287673,2428,2441,-0.09750,0.05460,-0.53040,0.54204,996.01,1000,3.99,50.00,201,2.2176,-0.5514,LOCK,0,normal
244,287683,2438,2451,-0.26910,0.05460,-0.56550,0.62864,996.09,1000,3.91,50.00,201,2.2264,-0.4189,LOCK,0,normal
245,287693,2448,2461,0.08580,-0.03510,-0.91650,0.92118,996.11,1000,3.89,50.00,201,2.2280,-0.3942,LOCK,0,normal
246,287703,2458,2471,0.00000,-0.11700,-1.06080,1.06723,996.11,1000,3.89,50.00,201,2.2312,-0.3450,LOCK,0,normal
247,287713,2468,2481,-0.17940,0.48360,-0.96330,1.09270,996.12,1000,3.88,50.00,201,2.2146,-0.5969,LOCK,0,normal
248,287723,2478,2491,-0.23010,-0.25740,-0.91650,0.97937,996.12,1000,3.88,50.00,201,2.2202,-0.5123,LOCK,0,normal
249,287733,2488,2501,-0.18720,-0.00780,-0.76440,0.78703,996.12,1000,3.88,50.00,201,2.1973,-0.8597,LOCK,0,normal
250,287743,2498,2511,-0.07410,-0.09360,-0.53430,0.54747,995.87,1000,4.13,50.00,201,2.2301,-0.3618,LOCK,0,normal
251,287753,2508,2521,-0.01560,-0.06240,-0.57330,0.57690,995.77,1000,4.23,50.00,201,2.2353,-0.2834,LOCK,0,normal
252,287763,2518,2531,-0.11310,-0.06240,-0.76050,0.77139,995.74,1000,4.26,50.00,201,2.2127,-0.6253,LOCK,0,normal
253,287773,2528,2541,-0.25740,0.09750,-0.83070,0.87511,995.74,1000,4.26,50.00,201,2.2268,-0.4116,LOCK,0,normal
254,287783,2538,2551,-0.13650,-0.20280,-0.94770,0.97872,995.73,1000,4.27,50.00,201,2.2224,-0.4781,LOCK,0,normal
255,287793,2548,2561,-0.18720,0.23400,-0.79560,0.85016,995.73,1000,4.27,50.00,201,2.2298,-0.3667,LOCK,0,normal
256,287803,2558,2571,0.18330,-0.05070,-0.69810,0.72354,995.97,1000,4.03,50.00,201,2.2292,-0.3765,LOCK,0,normal
257,287816,2571,2584,0.05070,-0.24960,-0.69810,0.74311,995.98,1000,4.02,50.00,201,2.2046,-0.7489,LOCK,0,normal
258,287825,2580,2593,-0.01170,-0.05460,-0.56550,0.56825,995.99,1000,4.01,50.00,201,2.2203,-0.5108,LOCK,0,normal
259,287833,2588,2601,-0.39390,0.05070,-0.68250,0.78964,995.99,1000,4.01,50.00,201,2.2164,-0.5697,LOCK,0,normal
260,287843,2598,2611,-0.16380,-0.34710,-0.99060,1.06235,996.04,1000,3.96,50.00,201,2.2340,-0.3029,LOCK,0,normal
261,287853,2608,2621,-0.20670,0.21450,-0.93600,0.98226,996.06,1000,3.94,50.00,201,2.2298,-0.3664,LOCK,0,normal
262,287863,2618,2631,0.09750,-0.01170,-0.78000,0.78616,996.01,1000,3.99,50.00,201,2.2292,-0.3756,LOCK,0,normal
263,287873,2628,2641,0.17160,-0.13260,-0.79560,0.82463,996.00,1000,4.00,50.00,201,2.2200,-0.5157,LOCK,0,normal
264,287883,2638,2651,-0.11700,-0.42900,-0.68640,0.81785,995.99,1000,4.01,50.00,201,2.2109,-0.6533,LOCK,0,normal
265,287893,2648,2661,-0.37830,0.48360,-0.56160,0.83209,995.99,1000,4.01,50.00,201,2.2301,-0.3624,LOCK,0,normal
266,287903,2658,2671,-0.37830,0.48360,-0.56160,0.83209,995.99,1000,4.01,50.00,201,2.2354,-0.2816,LOCK,0,normal
267,287913,2668,2681,-0.33150,-0.05460,-0.56940,0.66113,995.99,1000,4.01,50.00,201,2.2299,-0.3646,LOCK,0,normal
268,287923,2678,2691,-0.15990,0.29250,-0.77610,0.84466,995.99,1000,4.01,50.00,201,2.2183,-0.5416,LOCK,0,normal
269,287933,2688,2701,0.07410,-0.09750,-0.88920,0.89759,995.99,1000,4.01,50.00,201,2.2187,-0.5346,LOCK,0,normal
270,287943,2698,2711,0.07410,0.09360,-1.02570,1.03262,995.99,1000,4.01,50.00,201,2.2163,-0.5715,LOCK,0,normal
271,287953,2708,2721,-0.10530,-0.15990,-0.95550,0.97449,995.99,1000,4.01,50.00,201,2.2338,-0.3066,LOCK,0,normal
272,287963,2718,2731,-0.28860,0.61230,-0.83460,1.07460,995.99,1000,4.01,50.00,201,2.2307,-0.3524,LOCK,0,normal
273,287973,2728,2741,-0.25740,0.24960,-0.79170,0.86911,995.99,1000,4.01,50.00,201,2.2184,-0.5401,LOCK,0,normal
274,287983,2738,2751,-0.10140,-0.22230,-0.69030,0.73227,996.25,1000,3.75,50.00,201,2.1959,-0.8798,LOCK,0,normal
275,287993,2748,2761,0.22230,-0.02730,-0.74880,0.78158,996.32,1000,3.68,50.00,201,2.2185,-0.5386,LOCK,0,normal
276,288003,2758,2771,0.05850,-0.25740,-0.73320,0.77927,996.34,1000,3.66,50.00,201,2.2278,-0.3969,LOCK,0,normal
277,288016,2771,2784,-0.38610,0.20280,-0.46410,0.63686,996.34,1000,3.66,50.00,201,2.2312,-0.3457,LOCK,0,normal
278,288024,2779,2792,-0.38610,0.20280,-0.46410,0.63686,996.34,1000,3.66,50.00,201,2.2115,-0.6442,LOCK,0,normal
279,288033,2788,2801,-0.58110,0.07020,-0.58500,0.82754,996.34,1000,3.66,50.00,201,2.2131,-0.6204,LOCK,0,normal
280,288043,2798,2811,-0.34320,-0.08580,-0.79560,0.87071,995.98,1000,4.02,50.00,201,2.2182,-0.5425,LOCK,0,normal
281,288053,2808,2821,0.14040,-0.23790,-0.88920,0.93112,995.89,1000,4.11,50.00,201,2.2290,-0.3783,LOCK,0,normal
282,288063,2818,2831,0.04290,-0.17940,-0.95550,0.97314,995.84,1000,4.16,50.00,201,2.2301,-0.3627,LOCK,0,normal
283,288073,2828,2841,-0.02730,0.22230,-0.81120,0.84155,995.83,1000,4.17,50.00,201,2.2196,-0.5206,LOCK,0,normal
284,288083,2838,2851,-0.46410,-0.11700,-0.60840,0.77410,995.82,1000,4.18,50.00,201,2.2098,-0.6695,LOCK,0,normal
285,288093,2848,2861,-0.15990,0.20670,-0.75270,0.79677,995.82,1000,4.18,50.00,201,2.2200,-0.5148,LOCK,0,normal
286,288103,2858,2871,0.07410,0.05070,-0.68250,0.68838,996.00,1000,4.00,50.00,201,2.2329,-0.3191,LOCK,0,normal
287,288113,2868,2881,0.08190,-0.40950,-0.67080,0.79017,996.05,1000,3.95,50.00,201,2.2304,-0.3582,LOCK,0,normal
288,288123,2878,2891,0.01950,0.00780,-0.66690,0.66723,996.07,1000,3.93,50.00,201,2.2104,-0.6610,LOCK,0,normal
289,288133,2888,2901,-0.31980,-0.27300,-0.70590,0.82164,996.07,1000,3.93,50.00,201,2.2038,-0.7608,LOCK,0,normal
290,288143,2898,2911,-0.38220,0.13650,-0.67470,0.78736,996.07,1000,3.93,50.00,201,2.2196,-0.5206,LOCK,0,normal
291,288153,2908,2921,-0.21840,-0.09360,-0.94380,0.97325,996.07,1000,3.93,50.00,201,2.2295,-0.3710,LOCK,0,normal
292,288163,2918,2931,-0.17160,0.04680,-0.90870,0.92594,996.08,1000,3.92,50.00,201,2.2317,-0.3386,LOCK,0,normal
293,288173,2928,2941,0.16770,0.00390,-0.83460,0.85129,996.08,1000,3.92,50.00,201,2.2219,-0.4867,LOCK,0,normal
294,288183,2938,2951,-0.08580,-0.23010,-0.91650,0.94883,996.08,1000,3.92,50.00,201,2.2295,-0.3719,LOCK,0,normal
295,288193,2948,2961,-0.23400,0.23400,-0.90480,0.96342,996.08,1000,3.92,50.00,201,2.2158,-0.5783,LOCK,0,normal
296,288203,2958,2971,-0.35880,-0.23790,-0.77220,0.88410,996.08,1000,3.92,50.00,201,2.2278,-0.3972,LOCK,0,normal
297,288216,2971,2984,-0.37440,-0.08580,-0.52650,0.65172,996.08,1000,3.92,50.00,201,2.2280,-0.3936,LOCK,0,normal
298,288224,2979,2992,-0.07410,0.09750,-0.57330,0.58623,996.09,1000,3.91,50.00,201,2.1977,-0.8536,LOCK,0,normal
299,288233,2988,3001,-0.04680,-0.11310,-0.67470,0.68571,996.09,1000,3.91,50.00,201,2.2158,-0.5792,LOCK,0,normal
300,288243,2998,3011,-0.14040,-0.36270,-0.94770,1.02440,996.11,1000,3.89,50.00,201,2.2161,-0.5740,LOCK,0,normal
301,288253,3008,3021,-0.30420,0.43290,-0.97500,1.10931,996.11,1000,3.89,50.00,201,2.2352,-0.2846,LOCK,0,normal
302,288263,3018,3031,-0.28470,0.12090,-0.98670,1.03404,996.12,1000,3.88,50.00,201,2.2331,-0.3173,LOCK,0,normal
303,288273,3028,3041,-0.31980,-0.21450,-0.89310,0.97258,996.12,1000,3.88,50.00,201,2.2257,-0.4284,LOCK,0,normal
304,288283,3038,3051,0.24570,0.07800,-0.74490,0.78824,995.98,1000,4.02,50.00,201,2.2255,-0.4314,LOCK,0,normal
305,288293,3048,3061,0.24570,0.07800,-0.74490,0.78824,995.94,1000,4.06,50.00,201,2.2282,-0.3914,LOCK,0,normal
306,288303,3058,3071,0.07020,-0.25350,-0.74490,0.78998,995.93,1000,4.07,50.00,201,2.2372,-0.2547,LOCK,0,normal
307,288313,3068,3081,0.09360,-0.08970,-0.76050,0.77147,995.93,1000,4.07,50.00,201,2.2312,-0.3453,LOCK,0,normal
308,288323,3078,3091,-0.19110,0.28860,-0.71370,0.79321,995.93,1000,4.07,50.00,201,2.2303,-0.3594,LOCK,0,normal
309,288333,3088,3101,-0.09750,0.05850,-0.78000,0.78824,995.93,1000,4.07,50.00,201,2.2136,-0.6127,LOCK,0,normal
310,288343,3098,3111,-0.41340,0.01560,-0.77220,0.87603,995.97,1000,4.03,50.00,201,2.2228,-0.4733,LOCK,0,normal
311,288353,3108,3121,0.13260,-0.35880,-0.84240,0.92518,995.98,1000,4.02,50.00,201,2.2205,-0.5074,LOCK,0,normal
312,288363,3118,3131,0.10920,-0.07800,-1.01790,1.02671,995.99,1000,4.01,50.00,201,2.2312,-0.3453,LOCK,0,normal
313,288373,3128,3141,0.01950,0.14820,-0.82680,0.84020,995.99,1000,4.01,50.00,201,2.2320,-0.3331,LOCK,0,normal
314,288383,3138,3151,-0.36270,0.17160,-0.79170,0.88757,995.99,1000,4.01,50.00,201,2.2058,-0.7309,LOCK,0,normal
315,288393,3148,3161,-0.39000,-0.04680,-0.90090,0.98281,995.99,1000,4.01,50.00,201,2.2130,-0.6213,LOCK,0,normal
316,288403,3158,3171,-0.08190,0.08970,-0.85020,0.85883,995.86,1000,4.14,50.00,201,2.2276,-0.4000,LOCK,0,normal
317,288416,3171,3184,0.01170,-0.13260,-0.57720,0.59235,995.86,1000,4.14,50.00,201,2.2315,-0.3414,LOCK,0,normal
318,288425,3180,3193,0.01170,-0.13260,-0.57720,0.59235,995.85,1000,4.15,50.00,201,2.2066,-0.7187,LOCK,0,normal
319,288433,3188,3201,-0.23400,-0.13650,-0.70590,0.75610,995.85,1000,4.15,50.00,201,2.2110,-0.6515,LOCK,0,normal
320,288443,3198,3211,-0.35100,0.21060,-0.70980,0.81937,995.83,1000,4.17,50.00,201,2.2149,-0.5917,LOCK,0,normal
321,288453,3208,3221,-0.19890,0.08970,-0.95940,0.98390,995.82,1000,4.18,50.00,201,2.2227,-0.4739,LOCK,0,normal
322,288463,3218,3231,-0.14430,0.11700,-0.94770,0.96574,996.00,1000,4.00,50.00,201,2.2291,-0.3774,LOCK,0,normal
323,288473,3228,3241,0.19110,-0.04680,-1.01400,1.03291,996.06,1000,3.94,50.00,201,2.2300,-0.3643,LOCK,0,normal
324,288483,3238,3251,0.14430,0.20670,-0.85800,0.89427,996.08,1000,3.92,50.00,201,2.2095,-0.6747,LOCK,0,normal
325,288493,3248,3261,-0.00780,-0.14820,-0.90480,0.91689,996.08,1000,3.92,50.00,201,2.2222,-0.4815,LOCK,0,normal
326,288503,3258,3271,-0.29250,0.22230,-0.60450,0.70739,996.09,1000,3.91,50.00,201,2.2074,-0.7065,LOCK,0,normal
327,288513,3268,3281,-0.52260,0.03900,-0.69810,0.87291,996.09,1000,3.91,50.00,201,2.2313,-0.3432,LOCK,0,normal
328,288523,3278,3291,-0.08190,-0.10140,-0.70980,0.72167,995.84,1000,4.16,50.00,201,2.2317,-0.3383,LOCK,0,normal
329,288533,3288,3301,0.14430,0.10140,-0.66690,0.68983,995.75,1000,4.25,50.00,201,2.2140,-0.6066,LOCK,0,normal
330,288543,3298,3311,-0.05850,-0.42120,-0.77220,0.88155,995.72,1000,4.28,50.00,201,2.2194,-0.5239,LOCK,0,normal
331,288553,3308,3321,-0.09750,0.27690,-0.86190,0.91052,995.72,1000,4.28,50.00,201,2.2113,-0.6466,LOCK,0,normal
332,288563,3318,3331,-0.49140,0.09750,-0.76050,0.91068,995.71,1000,4.29,50.00,201,2.2286,-0.3841,LOCK,0,normal
333,288573,3328,3341,-0.19890,0.07410,-0.93600,0.95976,995.71,1000,4.29,50.00,201,2.2322,-0.3301,LOCK,0,normal
334,288583,3338,3351,-0.15600,0.23010,-0.81510,0.86120,995.62,1000,4.38,50.00,201,2.2172,-0.5572,LOCK,0,normal
335,288593,3348,3361,0.13650,-0.09360,-0.82680,0.84320,995.59,1000,4.41,50.00,201,2.2061,-0.7263,LOCK,0,normal
336,288603,3358,3371,0.13260,-0.12870,-0.85410,0.87386,995.58,1000,4.42,50.00,201,2.2219,-0.4867,LOCK,0,normal
337,288616,3371,3384,-0.17160,-0.08580,-0.70200,0.72774,995.58,1000,4.42,50.00,201,2.2297,-0.3682,LOCK,0,normal
338,288624,3379,3392,-0.28860,-0.31980,-0.68250,0.80707,995.58,1000,4.42,50.00,201,2.2311,-0.3466,LOCK,0,normal
339,288633,3388,3401,-0.37830,0.31200,-0.57720,0.75737,995.58,1000,4.42,50.00,201,2.2065,-0.7193,LOCK,0,normal
340,288643,3398,3411,-0.26520,0.19110,-0.68640,0.76026,995.47,1000,4.53,50.00,201,2.2187,-0.5355,LOCK,0,normal
341,288653,3408,3421,0.09750,-0.18330,-0.92820,0.95114,995.44,1000,4.56,50.00,201,2.2187,-0.5346,LOCK,0,normal
342,288663,3418,3431,0.10920,0.04680,-0.93600,0.94351,995.43,1000,4.57,50.00,201,2.2268,-0.4128,LOCK,0,normal
343,288673,3428,3441,-0.30420,-0.05070,-0.96720,1.01518,995.43,1000,4.57,50.00,201,2.2298,-0.3664,LOCK,0,normal
344,288683,3438,3451,-0.10920,-0.14820,-0.91260,0.93098,995.43,1000,4.57,50.00,201,2.2183,-0.5416,LOCK,0,normal
345,288693,3448,3461,-0.10920,-0.14820,-0.91260,0.93098,995.43,1000,4.57,50.00,201,2.2159,-0.5770,LOCK,0,normal
346,288703,3458,3471,-0.27690,0.17550,-0.77610,0.84250,995.44,1000,4.56,50.00,201,2.2179,-0.5465,LOCK,0,normal
347,288713,3468,3481,-0.03900,0.05070,-0.67080,0.67384,995.44,1000,4.56,50.00,201,2.2297,-0.3679,LOCK,0,normal
348,288723,3478,3491,0.18330,-0.11700,-0.68250,0.71631,995.44,1000,4.56,50.00,201,2.2312,-0.3447,LOCK,0,normal
349,288733,3488,3501,-0.09750,-0.07800,-0.65130,0.66316,995.44,1000,4.56,50.00,201,2.2291,-0.3768,LOCK,0,normal
350,288743,3498,3511,-0.35880,0.33930,-0.73320,0.88399,995.44,1000,4.56,50.00,201,2.2095,-0.6738,LOCK,0,normal
351,288753,3508,3521,-0.33930,-0.27300,-0.83460,0.94139,995.44,1000,4.56,50.00,201,2.1988,-0.8365,LOCK,0,normal
352,288763,3518,3531,-0.15600,-0.09750,-0.92820,0.94625,995.51,1000,4.49,50.00,201,2.2229,-0.4705,LOCK,0,normal
353,288773,3528,3541,0.01950,0.10530,-0.84630,0.85305,995.52,1000,4.48,50.00,201,2.2295,-0.3710,LOCK,0,normal
354,288783,3538,3551,0.15210,0.02340,-0.82290,0.83717,995.53,1000,4.47,50.00,201,2.2319,-0.3347,LOCK,0,normal
355,288793,3548,3561,0.10920,-0.38220,-0.88920,0.97400,995.53,1000,4.47,50.00,201,2.2259,-0.4256,LOCK,0,normal
356,288803,3558,3571,-0.21840,0.28080,-0.70590,0.79047,995.53,1000,4.47,50.00,201,2.2122,-0.6329,LOCK,0,normal
357,288816,3571,3584,-0.31980,-0.05850,-0.60450,0.68638,995.53,1000,4.47,50.00,201,2.2301,-0.3618,LOCK,0,normal
358,288824,3579,3592,-0.20280,-0.20280,-0.55770,0.62712,995.50,1000,4.50,50.00,201,2.2298,-0.3664,LOCK,0,normal
359,288833,3588,3601,0.15600,-0.12480,-0.56160,0.59608,995.47,1000,4.53,50.00,201,2.2292,-0.3759,LOCK,0,normal
360,288843,3598,3611,-0.01950,-0.06630,-0.85020,0.85300,995.30,1000,4.70,50.00,201,2.2147,-0.5953,LOCK,0,normal
361,288853,3608,3621,-0.02730,-0.18720,-0.99060,1.00850,995.23,1000,4.77,50.00,201,2.2005,-0.8102,LOCK,0,normal
362,288863,3618,3631,-0.27300,0.51090,-0.78780,0.97784,995.22,1000,4.78,50.00,201,2.2092,-0.6793,LOCK,0,normal
363,288873,3628,3641,-0.47970,0.21450,-0.81120,0.96652,995.21,1000,4.79,50.00,201,2.2252,-0.4360,LOCK,0,normal
364,288883,3638,3651,-0.23010,-0.39780,-0.77220,0.89860,995.18,1000,4.82,50.00,201,2.2306,-0.3542,LOCK,0,normal
365,288893,3648,3661,0.08190,-0.28080,-0.56160,0.63321,995.17,1000,4.83,50.00,201,2.2192,-0.5279,LOCK,0,normal
366,288903,3658,3671,0.04290,-0.17550,-0.78390,0.80445,995.16,1000,4.84,50.00,201,2.2253,-0.4354,LOCK,0,normal
367,288913,3668,3681,-0.14820,0.10530,-0.76050,0.78193,995.16,1000,4.84,50.00,201,2.2224,-0.4784,LOCK,0,normal
368,288923,3678,3691,-0.37830,0.14820,-0.89310,0.98117,995.16,1000,4.84,50.00,201,2.2322,-0.3301,LOCK,0,normal
369,288933,3688,3701,-0.27300,0.22230,-0.94770,1.01098,995.16,1000,4.84,50.00,201,2.2318,-0.3365,LOCK,0,normal
370,288943,3698,3711,-0.07020,0.11700,-0.76830,0.78032,994.98,1000,5.02,50.00,201,2.2229,-0.4708,LOCK,0,normal
371,288953,3708,3721,0.14820,-0.26520,-0.78780,0.84435,994.88,1000,5.12,50.00,201,2.2052,-0.7388,LOCK,0,normal
372,288963,3718,3731,0.21450,-0.15600,-0.70590,0.75408,994.85,1000,5.15,50.00,201,2.2153,-0.5868,LOCK,0,normal
373,288973,3728,3741,-0.21450,-0.15990,-0.67860,0.72944,994.85,1000,5.15,50.00,201,2.2309,-0.3499,LOCK,0,normal
374,288983,3738,3751,-0.32370,0.26520,-0.56160,0.70036,994.84,1000,5.16,50.00,201,2.2239,-0.4562,LOCK,0,normal
375,288993,3748,3761,-0.28080,-0.03120,-0.99840,1.03761,994.84,1000,5.16,50.00,201,2.2135,-0.6137,LOCK,0,normal
376,289003,3758,3771,-0.12870,-0.05850,-1.02180,1.03153,994.93,1000,5.07,50.00,201,2.2281,-0.3924,LOCK,0,normal
377,289016,3771,3784,0.10920,-0.24570,-0.90870,0.94764,994.94,1000,5.06,50.00,201,2.2252,-0.4363,LOCK,0,normal
378,289025,3780,3793,0.00000,-0.14040,-0.82680,0.83864,994.94,1000,5.06,50.00,201,2.2323,-0.3295,LOCK,0,normal
379,289033,3788,3801,-0.03510,-0.28470,-0.81510,0.86410,994.95,1000,5.05,50.00,201,2.2289,-0.3808,LOCK,0,normal
380,289043,3798,3811,-0.26130,0.19890,-0.47580,0.57812,994.99,1000,5.01,50.00,201,2.2141,-0.6045,LOCK,0,normal
381,289053,3808,3821,-0.56550,-0.06240,-0.48360,0.74669,995.00,1000,5.00,50.00,201,2.1999,-0.8197,LOCK,0,normal
382,289063,3818,3831,-0.13260,0.03900,-0.84630,0.85751,994.90,1000,5.10,50.00,201,2.2078,-0.6997,LOCK,0,normal
383,289073,3828,3841,0.21840,0.14040,-0.96720,1.00144,994.70,1000,5.30,50.00,201,2.2321,-0.3322,LOCK,0,normal
384,289083,3838,3851,-0.05850,-0.34320,-0.94770,1.00963,994.65,1000,5.35,50.00,201,2.2289,-0.3801,LOCK,0,normal
385,289093,3848,3861,-0.05850,-0.34320,-0.94770,1.00963,994.63,1000,5.37,50.00,201,2.2137,-0.6106,LOCK,0,normal
386,289103,3858,3871,-0.19890,0.32370,-0.87750,0.95622,994.63,1000,5.37,50.00,201,2.2217,-0.4894,LOCK,0,normal
387,289113,3868,3881,-0.23790,-0.27300,-0.65910,0.75202,994.63,1000,5.37,50.00,201,2.1955,-0.8863,LOCK,0,normal
388,289123,3878,3891,-0.21840,-0.14040,-0.61230,0.66507,994.69,1000,5.31,50.00,201,2.2332,-0.3154,LOCK,0,normal
389,289133,3888,3901,-0.15600,-0.17160,-0.40950,0.47061,994.81,1000,5.19,50.00,201,2.2314,-0.3420,LOCK,0,normal
390,289143,3898,3911,0.08190,0.02340,-0.67470,0.68006,994.85,1000,5.15,50.00,201,2.2291,-0.3771,LOCK,0,normal
391,289153,3908,3921,0.03900,-0.17550,-0.98670,1.00294,994.86,1000,5.14,50.00,201,2.2246,-0.4452,LOCK,0,normal
392,289163,3918,3931,-0.33930,0.34320,-1.01010,1.11947,994.86,1000,5.14,50.00,201,2.2111,-0.6500,LOCK,0,normal
393,289173,3928,3941,0.00390,0.10920,-0.98280,0.98886,994.86,1000,5.14,50.00,201,2.2327,-0.3222,LOCK,0,normal
394,289183,3938,3951,-0.22620,0.24570,-0.86970,0.93162,994.86,1000,5.14,50.00,201,2.2311,-0.3472,LOCK,0,normal
395,289193,3948,3961,0.01560,0.10920,-0.74100,0.74917,994.78,1000,5.22,50.00,201,2.2312,-0.3460,LOCK,0,normal
396,289203,3958,3971,0.12480,-0.30810,-0.72540,0.79794,994.75,1000,5.25,50.00,201,2.2170,-0.5606,LOCK,0,normal
397,289216,3971,3984,0.02730,-0.10530,-0.70200,0.71038,994.75,1000,5.25,50.00,201,2.2063,-0.7232,LOCK,0,normal
398,289224,3979,3992,-0.32370,-0.17940,-0.71760,0.80741,994.75,1000,5.25,50.00,201,2.2305,-0.3554,LOCK,0,normal
399,289233,3988,4001,-0.46410,-0.46410,-0.76830,1.01048,994.75,1000,5.25,50.00,201,2.2303,-0.3585,LOCK,0,normal
400,289243,3998,4011,-0.17160,0.24180,-1.07640,1.11649,994.75,1000,5.25,50.00,201,2.2318,-0.3362,LOCK,0,normal
401,289253,4008,4021,0.31200,0.10140,-0.97890,1.03241,994.76,1000,5.24,50.00,201,2.2104,-0.6607,LOCK,0,normal
402,289263,4018,4031,0.05460,0.13260,-0.81510,0.82762,994.76,1000,5.24,50.00,201,2.2120,-0.6369,LOCK,0,normal
403,289273,4028,4041,-0.07410,-0.24960,-0.89310,0.93028,994.76,1000,5.24,50.00,201,2.2163,-0.5718,LOCK,0,normal
404,289283,4038,4051,-0.17940,0.38220,-0.82680,0.92836,994.76,1000,5.24,50.00,201,2.2294,-0.3731,LOCK,0,normal
405,289293,4048,4061,-0.32370,0.14820,-0.89310,0.96144,994.76,1000,5.24,50.00,201,2.2288,-0.3811,LOCK,0,normal
406,289303,4058,4071,-0.15210,-0.01170,-0.70980,0.72601,994.76,1000,5.24,50.00,201,2.2229,-0.4708,LOCK,0,normal
407,289313,4068,4081,0.08580,-0.28470,-0.62790,0.69475,994.79,1000,5.21,50.00,201,2.2134,-0.6155,LOCK,0,normal
408,289323,4078,4091,0.15990,-0.10530,-0.53430,0.56757,994.80,1000,5.20,50.00,201,2.2082,-0.6933,LOCK,0,normal
409,289333,4088,4101,-0.16380,-0.39390,-0.59280,0.73034,994.80,1000,5.20,50.00,201,2.2323,-0.3283,LOCK,0,normal
410,289343,4098,4111,-0.38610,0.36660,-0.60060,0.80261,994.80,1000,5.20,50.00,201,2.2303,-0.3597,LOCK,0,normal
411,289353,4108,4121,-0.33540,0.08580,-0.73710,0.81435,994.80,1000,5.20,50.00,201,2.2200,-0.5154,LOCK,0,normal
412,289363,4118,4131,-0.26130,-0.25350,-0.86970,0.94282,994.80,1000,5.20,50.00,201,2.2046,-0.7489,LOCK,0,normal
413,289373,4128,4141,0.18720,-0.11310,-0.79170,0.82136,994.81,1000,5.19,50.00,201,2.2240,-0.4549,LOCK,0,normal
414,289383,4138,4151,0.07800,0.09750,-0.87750,0.88634,994.81,1000,5.19,50.00,201,2.2295,-0.3710,LOCK,0,normal
415,289393,4148,4161,0.02730,0.04290,-0.79170,0.79333,994.81,1000,5.19,50.00,201,2.2298,-0.3673,LOCK,0,normal
416,289403,4158,4171,-0.27690,0.17940,-0.55770,0.64799,994.81,1000,5.19,50.00,201,2.2129,-0.6231,LOCK,0,normal
417,289416,4171,4184,-0.29250,0.25350,-0.50310,0.63477,994.81,1000,5.19,50.00,201,2.2218,-0.4885,LOCK,0,normal
418,289424,4179,4192,-0.36270,-0.10920,-0.65130,0.75344,994.80,1000,5.20,50.00,201,2.2174,-0.5547,LOCK,0,normal
419,289433,4188,4201,0.21060,-0.13650,-0.79170,0.83053,994.78,1000,5.22,50.00,201,2.2303,-0.3597,LOCK,0,normal
420,289443,4198,4211,0.10530,-0.21840,-1.01790,1.04638,994.72,1000,5.28,50.00,201,2.2294,-0.3731,LOCK,0,normal
421,289453,4208,4221,-0.07800,0.40950,-0.88920,0.98206,994.70,1000,5.30,50.00,201,2.2145,-0.5981,LOCK,0,normal
422,289463,4218,4231,-0.29250,0.23790,-0.76050,0.84883,994.69,1000,5.31,50.00,201,2.2059,-0.7294,LOCK,0,normal
423,289473,4228,4241,-0.29250,0.23790,-0.76050,0.84883,994.69,1000,5.31,50.00,201,2.2159,-0.5767,LOCK,0,normal
424,289483,4238,4251,-0.24180,0.21450,-0.73710,0.80486,994.69,1000,5.31,50.00,201,2.2335,-0.3106,LOCK,0,normal
425,289493,4248,4261,-0.01170,0.04680,-0.68250,0.68420,994.69,1000,5.31,50.00,201,2.2313,-0.3444,LOCK,0,normal
426,289503,4258,4271,0.14040,-0.20670,-0.69810,0.74147,994.69,1000,5.31,50.00,201,2.2195,-0.5233,LOCK,0,normal
427,289513,4268,4281,0.13650,0.01560,-0.58890,0.60471,994.69,1000,5.31,50.00,201,2.2328,-0.3209,LOCK,0,normal
428,289523,4278,4291,-0.27690,-0.32760,-0.71370,0.83268,994.69,1000,5.31,50.00,201,2.2206,-0.5065,LOCK,0,normal
429,289533,4288,4301,-0.37830,0.06240,-0.52650,0.65131,994.69,1000,5.31,50.00,201,2.2276,-0.3994,LOCK,0,normal
430,289543,4298,4311,-0.28470,-0.11700,-0.97500,1.02243,994.69,1000,5.31,50.00,201,2.2293,-0.3750,LOCK,0,normal
431,289553,4308,4321,0.05070,0.12480,-0.91260,0.92249,994.60,1000,5.40,50.00,201,2.2102,-0.6631,LOCK,0,normal
432,289563,4318,4331,0.11310,-0.12480,-0.74880,0.76751,994.57,1000,5.43,50.00,201,2.2033,-0.7687,LOCK,0,normal
433,289573,4328,4341,0.09360,-0.07410,-0.82680,0.83537,994.57,1000,5.43,50.00,201,2.2224,-0.4784,LOCK,0,normal
434,289583,4338,4351,-0.26130,-0.07800,-0.87750,0.91889,994.57,1000,5.43,50.00,201,2.2251,-0.4375,LOCK,0,normal
435,289593,4348,4361,-0.27690,0.18330,-0.55770,0.64908,994.56,1000,5.44,50.00,201,2.2336,-0.3093,LOCK,0,normal
436,289603,4358,4371,-0.56160,0.02730,-0.48750,0.74417,994.56,1000,5.44,50.00,201,2.2301,-0.3621,LOCK,0,normal
437,289616,4371,4384,-0.37440,0.00780,-0.62790,0.73109,994.57,1000,5.43,50.00,201,2.2246,-0.4458,LOCK,0,normal
438,289624,4379,4392,0.16380,0.03900,-0.98670,1.00096,994.57,1000,5.43,50.00,201,2.2162,-0.5734,LOCK,0,normal
439,289633,4388,4401,-0.01560,-0.18330,-0.99060,1.00754,994.57,1000,5.43,50.00,201,2.2319,-0.3356,LOCK,0,normal
440,289643,4398,4411,-0.19890,0.41730,-0.90090,1.01258,994.58,1000,5.42,50.00,201,2.2317,-0.3374,LOCK,0,normal
441,289653,4408,4421,-0.31590,-0.27690,-0.91650,1.00819,994.58,1000,5.42,50.00,201,2.2329,-0.3200,LOCK,0,normal
442,289663,4418,4431,-0.24960,-0.11700,-0.60450,0.66439,994.59,1000,5.41,50.00,201,2.2058,-0.7297,LOCK,0,normal
443,289673,4428,4441,0.01950,0.08580,-0.67470,0.68041,994.67,1000,5.33,50.00,201,2.2102,-0.6643,LOCK,0,normal
444,289683,4438,4451,0.03120,-0.15990,-0.93210,0.94623,994.69,1000,5.31,50.00,201,2.2258,-0.4272,LOCK,0,normal
445,289693,4448,4461,0.00780,-0.03120,-0.84240,0.84301,994.69,1000,5.31,50.00,201,2.2313,-0.3444,LOCK,0,normal
446,289703,4458,4471,-0.18720,0.32370,-0.85800,0.93594,994.69,1000,5.31,50.00,201,2.2295,-0.3707,LOCK,0,normal
447,289713,4468,4481,-0.18720,-0.01170,-0.63570,0.66279,994.69,1000,5.31,50.00,201,2.2151,-0.5899,LOCK,0,normal
448,289723,4478,4491,-0.47190,0.08190,-0.72540,0.86925,994.69,1000,5.31,50.00,201,2.1966,-0.8692,LOCK,0,normal
449,289733,4488,4501,0.14040,0.30420,-0.92820,0.98682,994.59,1000,5.41,50.00,201,2.2216,-0.4903,LOCK,0,normal
450,289743,4498,4511,0.09360,-0.13650,-0.84240,0.85851,994.56,1000,5.44,50.00,201,2.2325,-0.3252,LOCK,0,normal
451,289753,4508,4521,0.05460,-0.01170,-0.76440,0.76644,994.55,1000,5.45,50.00,201,2.2312,-0.3460,LOCK,0,normal
452,289763,4518,4531,-0.28860,-0.23400,-0.71760,0.80808,994.55,1000,5.45,50.00,201,2.2158,-0.5786,LOCK,0,normal
453,289773,4528,4541,-0.37050,-0.38220,-0.70980,0.88722,994.55,1000,5.45,50.00,201,2.2132,-0.6176,LOCK,0,normal
454,289783,4538,4551,-0.25740,0.21450,-0.88140,0.94294,994.55,1000,5.45,50.00,201,2.2107,-0.6555,LOCK,0,normal
455,289793,4548,4561,0.07410,0.00000,-0.84240,0.84565,994.73,1000,5.27,50.00,201,2.2292,-0.3765,LOCK,0,normal
456,289803,4558,4571,0.13650,0.10140,-0.79170,0.80975,994.85,1000,5.15,50.00,201,2.2304,-0.3582,LOCK,0,normal
457,289816,4571,4584,0.00390,-0.47970,-0.69420,0.84383,994.86,1000,5.14,50.00,201,2.2072,-0.7098,LOCK,0,normal
458,289824,4579,4592,-0.44460,0.37440,-0.49140,0.76113,994.86,1000,5.14,50.00,201,2.2157,-0.5807,LOCK,0,normal
459,289833,4588,4601,-0.53040,0.17550,-0.88530,1.04684,994.86,1000,5.14,50.00,201,2.1988,-0.8362,LOCK,0,normal
460,289843,4598,4611,-0.17160,-0.03120,-0.97500,0.99048,994.88,1000,5.12,50.00,201,2.2262,-0.4207,LOCK,0,normal
461,289853,4608,4621,0.08580,-0.09750,-0.92040,0.92952,994.62,1000,5.38,50.00,201,2.2298,-0.3661,LOCK,0,normal
462,289863,4618,4631,0.08580,-0.09750,-0.92040,0.92952,994.54,1000,5.46,50.00,201,2.2034,-0.7663,LOCK,0,normal
463,289873,4628,4641,0.15600,-0.03510,-0.84240,0.85744,994.52,1000,5.48,50.00,201,2.2065,-0.7202,LOCK,0,normal
464,289883,4638,4651,-0.09360,-0.15990,-0.72930,0.75247,994.51,1000,5.49,50.00,201,2.2115,-0.6442,LOCK,0,normal
465,289893,4648,4661,-0.47580,0.25740,-0.52260,0.75216,994.51,1000,5.49,50.00,201,2.2326,-0.3246,LOCK,0,normal
466,289903,4658,4671,-0.08970,0.16770,-0.72150,0.74614,994.51,1000,5.49,50.00,201,2.2305,-0.3557,LOCK,0,normal
467,289913,4668,4681,-0.18720,-0.17940,-0.85410,0.89259,994.52,1000,5.48,50.00,201,2.2265,-0.4171,LOCK,0,normal
468,289923,4678,4691,0.09360,-0.07410,-0.79560,0.80451,994.52,1000,5.48,50.00,201,2.2315,-0.3408,LOCK,0,normal
469,289933,4688,4701,0.11310,-0.33540,-0.78780,0.86366,994.52,1000,5.48,50.00,201,2.2099,-0.6689,LOCK,0,normal
470,289943,4698,4711,-0.01560,0.03120,-0.76050,0.76130,994.52,1000,5.48,50.00,201,2.2393,-0.2232,LOCK,0,normal
471,289953,4708,4721,-0.31200,0.29250,-0.44460,0.61690,994.52,1000,5.48,50.00,201,2.2308,-0.3515,LOCK,0,normal
472,289963,4718,4731,-0.26910,0.44460,-0.44850,0.68647,994.52,1000,5.48,50.00,201,2.2159,-0.5776,LOCK,0,normal
473,289973,4728,4741,-0.13260,0.01170,-0.79950,0.81051,994.56,1000,5.44,50.00,201,2.2109,-0.6530,LOCK,0,normal
474,289983,4738,4751,0.12480,-0.28860,-0.96330,1.01332,994.57,1000,5.43,50.00,201,2.2200,-0.5148,LOCK,0,normal
475,289993,4748,4761,0.13260,-0.07800,-0.92820,0.94086,994.57,1000,5.43,50.00,201,2.2275,-0.4012,LOCK,0,normal
476,290003,4758,4771,-0.08190,0.11310,-0.79560,0.80776,994.57,1000,5.43,50.00,201,2.2338,-0.3057,LOCK,0,normal
477,290016,4771,4784,-0.31590,-0.22230,-0.53430,0.65931,994.57,1000,5.43,50.00,201,2.2305,-0.3554,LOCK,0,normal
478,290025,4780,4793,-0.28080,0.00780,-0.60060,0.66305,994.57,1000,5.43,50.00,201,2.2275,-0.4009,LOCK,0,normal
479,290033,4788,4801,0.03510,0.09360,-0.82680,0.83282,994.56,1000,5.44,50.00,201,2.2321,-0.3325,LOCK,0,normal
480,290043,4798,4811,0.08970,-0.31590,-0.90090,0.95888,994.45,1000,5.55,50.00,201,2.2344,-0.2974,LOCK,0,normal
481,290053,4808,4821,0.13650,-0.03120,-0.85800,0.86935,994.42,1000,5.58,50.00,201,2.2317,-0.3374,LOCK,0,normal
482,290063,4818,4831,-0.05460,-0.36660,-0.86970,0.94539,994.40,1000,5.60,50.00,201,2.2178,-0.5490,LOCK,0,normal
483,290073,4828,4841,-0.37050,0.04680,-0.45240,0.58662,994.40,1000,5.60,50.00,201,2.2157,-0.5798,LOCK,0,normal
484,290083,4838,4851,-0.23010,-0.17160,-0.55380,0.62377,994.40,1000,5.60,50.00,201,2.2194,-0.5245,LOCK,0,normal
485,290093,4848,4861,-0.23400,-0.19500,-0.99060,1.03637,994.45,1000,5.55,50.00,201,2.2235,-0.4629,LOCK,0,normal
486,290156,4911,4924,-0.07410,0.05850,-0.88530,0.89032,994.44,1000,5.56,50.00,201,2.2297,-0.3685,LOCK,0,normal
487,290164,4919,4932,0.25740,-0.05460,-0.81900,0.86023,994.44,1000,5.56,50.00,201,2.2306,-0.3542,LOCK,0,normal
488,290173,4928,4941,-0.01560,-0.46410,-0.83460,0.95509,994.43,1000,5.57,50.00,201,2.2106,-0.6570,LOCK,0,normal
489,290181,4936,4949,-0.40170,0.26910,-0.70200,0.85240,994.42,1000,5.58,50.00,201,2.2209,-0.5019,LOCK,0,normal
490,290190,4945,4958,-0.40170,0.26910,-0.70200,0.85240,994.42,1000,5.58,50.00,201,2.2159,-0.5770,LOCK,0,normal
491,290198,4953,4966,-0.44070,-0.16380,-0.76830,0.90074,994.41,1000,5.59,50.00,201,2.2254,-0.4330,LOCK,0,normal
492,290207,4962,4975,-0.35880,-0.26520,-0.92430,1.02635,994.41,1000,5.59,50.00,201,2.2238,-0.4571,LOCK,0,normal
493,290220,4975,4988,0.16770,0.25350,-0.87750,0.92865,994.38,1000,5.62,50.00,201,2.2212,-0.4971,LOCK,0,normal
494,290228,4983,4996,0.20670,0.02340,-0.74490,0.77340,994.36,1000,5.64,50.00,201,2.2251,-0.4385,LOCK,0,normal
495,290237,4992,5005,-0.04680,-0.17940,-0.62400,0.65096,994.33,1000,5.67,50.00,201,2.2142,-0.6033,LOCK,0,normal
496,290252,5007,5020,-0.44460,0.01170,-0.74490,0.86757,994.31,1000,5.69,50.00,201,2.2310,-0.3487,LOCK,0,normal
497,290260,5015,5028,-0.22620,-0.07800,-0.86580,0.89825,994.29,1000,5.71,50.00,201,2.2289,-0.3798,LOCK,0,normal
498,290268,5023,5036,-0.39780,0.19110,-0.95940,1.05604,994.28,1000,5.72,50.00,201,2.2073,-0.7083,LOCK,0,normal
499,290277,5032,5045,0.24570,0.01560,-0.84240,0.87764,994.26,1000,5.74,50.00,201,2.2087,-0.6857,LOCK,0,normal
500,290285,5040,5053,0.23400,-0.23790,-0.72930,0.80202,994.25,1000,5.75,50.00,201,2.2129,-0.6225,LOCK,0,normal
501,290294,5049,5062,-0.05850,0.02730,-0.57330,0.57692,994.24,1000,5.76,50.00,201,2.2332,-0.3145,LOCK,0,normal
502,290305,5060,5073,-0.31980,0.05070,-0.88530,0.94266,994.23,1000,5.77,50.00,201,2.2320,-0.3341,LOCK,0,normal
503,290314,5069,5082,-0.31980,0.05070,-0.88530,0.94266,994.22,1000,5.78,50.00,201,2.2270,-0.4095,LOCK,0,normal
504,290322,5077,5090,-0.33930,-0.21450,-0.96330,1.04359,994.21,1000,5.79,50.00,201,2.2092,-0.6790,LOCK,0,normal
505,290330,5085,5098,-0.04290,0.08190,-0.81900,0.82420,994.24,1000,5.76,50.00,201,2.2187,-0.5352,LOCK,0,normal
506,290339,5094,5107,0.17550,-0.17940,-0.67470,0.71986,994.27,1000,5.73,50.00,201,2.2098,-0.6698,LOCK,0,normal
507,290347,5102,5115,0.07410,0.09360,-0.65130,0.66215,994.30,1000,5.70,50.00,201,2.2218,-0.4876,LOCK,0,normal
508,290359,5114,5127,-0.08970,-0.29640,-0.94770,0.99701,994.32,1000,5.68,50.00,201,2.2317,-0.3383,LOCK,0,normal
509,290367,5122,5135,-0.30030,0.55770,-0.67860,0.92828,994.34,1000,5.66,50.00,201,2.2283,-0.3896,LOCK,0,normal
510,290376,5131,5144,-0.30030,0.55770,-0.67860,0.92828,994.36,1000,5.64,50.00,201,2.2167,-0.5657,LOCK,0,normal
511,290384,5139,5152,-0.20670,-0.11700,-0.78000,0.81536,994.37,1000,5.63,50.00,201,2.2195,-0.5224,LOCK,0,normal
512,290392,5147,5160,-0.10530,0.08970,-0.65910,0.67346,994.39,1000,5.61,50.00,201,2.2099,-0.6680,LOCK,0,normal
513,290401,5156,5169,-0.05070,-0.24960,-0.74880,0.79093,994.40,1000,5.60,50.00,201,2.2309,-0.3496,LOCK,0,normal
514,290409,5164,5177,0.08580,-0.03900,-0.92040,0.92521,994.40,1000,5.60,50.00,201,2.2313,-0.3441,LOCK,0,normal
515,290423,5178,5191,0.00390,-0.05070,-0.86580,0.86729,994.41,1000,5.59,50.00,201,2.2283,-0.3890,LOCK,0,normal
516,290431,5186,5199,-0.18330,0.28860,-0.57330,0.66750,994.42,1000,5.58,50.00,201,2.2191,-0.5282,LOCK,0,normal
517,290440,5195,5208,-0.30810,0.35490,-0.50310,0.68847,994.43,1000,5.57,50.00,201,2.2247,-0.4442,LOCK,0,normal
518,290448,5203,5216,-0.30810,-0.20670,-0.65130,0.74956,994.43,1000,5.57,50.00,201,2.2131,-0.6201,LOCK,0,normal
519,290456,5211,5224,-0.30810,-0.20670,-0.65130,0.74956,994.44,1000,5.56,50.00,201,2.2240,-0.4549,LOCK,0,normal
520,290465,5220,5233,0.20670,-0.11700,-0.91260,0.94300,994.45,1000,5.55,50.00,201,2.2123,-0.6314,LOCK,0,normal
521,290473,5228,5241,0.00390,-0.33930,-1.01010,1.06557,994.46,1000,5.54,50.00,201,2.2147,-0.5950,LOCK,0,normal
522,290482,5237,5250,-0.00780,0.36270,-0.81510,0.89219,994.47,1000,5.53,50.00,201,2.2207,-0.5044,LOCK,0,normal
523,290490,5245,5258,-0.29640,0.11700,-0.67470,0.74616,994.48,1000,5.52,50.00,201,2.2115,-0.6439,LOCK,0,normal
524,290508,5263,5276,-0.20670,-0.02340,-0.70980,0.73965,994.48,1000,5.52,50.00,201,2.2315,-0.3408,LOCK,0,normal
525,290517,5272,5285,-0.35880,0.10530,-0.56550,0.67795,994.48,1000,5.52,50.00,201,2.2336,-0.3093,LOCK,0,normal
526,290525,5280,5293,0.04680,-0.29250,-0.68250,0.74401,994.48,1000,5.52,50.00,201,2.2199,-0.5163,LOCK,0,normal
527,290533,5288,5301,0.08970,-0.14040,-0.92820,0.94303,994.47,1000,5.53,50.00,201,2.2170,-0.5599,LOCK,0,normal
528,290542,5297,5310,-0.10140,0.25350,-0.99060,1.02754,994.47,1000,5.53,50.00,201,2.2179,-0.5471,LOCK,0,normal
529,290550,5305,5318,-0.31980,-0.26130,-0.86580,0.95925,994.47,1000,5.53,50.00,201,2.2280,-0.3933,LOCK,0,normal
530,290564,5319,5332,-0.17550,0.17940,-0.79560,0.83424,994.46,1000,5.54,50.00,201,2.2292,-0.3762,LOCK,0,normal
531,290572,5327,5340,-0.03120,0.08190,-0.74100,0.74616,994.47,1000,5.53,50.00,201,2.2301,-0.3624,LOCK,0,normal
532,290580,5335,5348,-0.03120,0.08190,-0.74100,0.74616,994.47,1000,5.53,50.00,201,2.2164,-0.5697,LOCK,0,normal
533,290589,5344,5357,0.17550,-0.26520,-0.71370,0.78134,994.47,1000,5.53,50.00,201,2.2168,-0.5633,LOCK,0,normal
534,290597,5352,5365,0.09750,0.02340,-0.82290,0.82899,994.47,1000,5.53,50.00,201,2.2141,-0.6039,LOCK,0,normal
535,290606,5361,5374,-0.14430,-0.07410,-0.83850,0.85405,994.47,1000,5.53,50.00,201,2.2255,-0.4314,LOCK,0,normal
536,290627,5382,5395,-0.38610,-0.00780,-0.48750,0.62192,994.47,1000,5.53,50.00,201,2.2294,-0.3728,LOCK,0,normal
537,290635,5390,5403,-0.10530,-0.20670,-0.50700,0.55755,994.47,1000,5.53,50.00,201,2.1985,-0.8405,LOCK,0,normal
538,290644,5399,5412,0.13650,0.04290,-0.56940,0.58710,994.46,1000,5.54,50.00,201,2.2204,-0.5087,LOCK,0,normal
539,290652,5407,5420,0.13650,0.04290,-0.56940,0.58710,994.45,1000,5.55,50.00,201,2.2108,-0.6549,LOCK,0,normal
540,290661,5416,5429,-0.15990,-0.11310,-0.78000,0.80421,994.44,1000,5.56,50.00,201,2.2198,-0.5178,LOCK,0,normal
541,290669,5424,5437,-0.32760,0.33930,-0.88530,1.00310,994.44,1000,5.56,50.00,201,2.2326,-0.3246,LOCK,0,normal
542,290677,5432,5445,-0.26520,-0.23790,-0.84240,0.91464,994.43,1000,5.57,50.00,201,2.2171,-0.5584,LOCK,0,normal
543,290686,5441,5454,-0.19500,0.17940,-0.85020,0.89053,994.43,1000,5.57,50.00,201,2.2116,-0.6421,LOCK,0,normal
544,290694,5449,5462,-0.08190,0.07020,-0.93210,0.93832,994.42,1000,5.58,50.00,201,2.2085,-0.6900,LOCK,0,normal
545,290703,5458,5471,-0.08190,0.07020,-0.93210,0.93832,994.41,1000,5.59,50.00,201,2.2137,-0.6106,LOCK,0,normal
546,290768,5523,5536,0.05460,-0.34710,-0.58500,0.68241,994.42,1000,5.58,50.00,201,2.2326,-0.3249,LOCK,0,normal
547,290776,5531,5544,-0.14820,0.08190,-0.60060,0.62401,994.43,1000,5.57,50.00,201,2.2312,-0.3447,LOCK,0,normal
548,290785,5540,5553,-0.14820,0.08190,-0.60060,0.62401,994.43,1000,5.57,50.00,201,2.2050,-0.7419,LOCK,0,normal
549,290793,5548,5561,-0.39390,0.09750,-0.59670,0.72161,994.44,1000,5.56,50.00,201,2.2060,-0.7272,LOCK,0,normal
550,290801,5556,5569,-0.28080,-0.34710,-0.79950,0.91571,994.45,1000,5.55,50.00,201,2.2293,-0.3740,LOCK,0,normal
551,290815,5570,5583,-0.30810,0.13260,-0.74100,0.81338,994.44,1000,5.56,50.00,201,2.2313,-0.3432,LOCK,0,normal
552,290828,5583,5596,0.11700,-0.28470,-0.97110,1.01871,994.43,1000,5.57,50.00,201,2.2243,-0.4501,LOCK,0,normal
553,290836,5591,5604,0.11700,-0.28470,-0.97110,1.01871,994.42,1000,5.58,50.00,201,2.2103,-0.6619,LOCK,0,normal
554,290845,5600,5613,-0.10140,-0.08190,-0.90090,0.91028,994.42,1000,5.58,50.00,201,2.2258,-0.4265,LOCK,0,normal
555,290853,5608,5621,-0.29640,0.35490,-0.93600,1.04398,994.41,1000,5.59,50.00,201,2.2136,-0.6115,LOCK,0,normal
556,290869,5624,5637,0.02340,0.08580,-0.87360,0.87812,994.41,1000,5.59,50.00,201,2.2320,-0.3331,LOCK,0,normal
557,290878,5633,5646,0.02340,0.08580,-0.87360,0.87812,994.42,1000,5.58,50.00,201,2.2298,-0.3661,LOCK,0,normal
558,290886,5641,5654,0.27690,0.07800,-0.80730,0.85702,994.43,1000,5.57,50.00,201,2.2209,-0.5010,LOCK,0,normal
559,290895,5650,5663,0.29640,-0.07410,-0.76050,0.81958,994.45,1000,5.55,50.00,201,2.2072,-0.7095,LOCK,0,normal
560,290903,5658,5671,-0.06630,-0.28860,-0.82680,0.87823,994.46,1000,5.54,50.00,201,2.2137,-0.6109,LOCK,0,normal
561,290917,5672,5685,-0.23790,0.57330,-0.58110,0.85026,994.47,1000,5.53,50.00,201,2.2321,-0.3322,LOCK,0,normal
562,290926,5681,5694,-0.17550,-0.11310,-0.72930,0.75860,994.47,1000,5.53,50.00,201,2.2319,-0.3350,LOCK,0,normal
563,290934,5689,5702,-0.23010,-0.15600,-0.58890,0.65122,994.50,1000,5.50,50.00,201,2.2100,-0.6668,LOCK,0,normal
564,290943,5698,5711,0.08190,-0.06630,-0.75270,0.76004,994.52,1000,5.48,50.00,201,2.2133,-0.6167,LOCK,0,normal
565,290951,5706,5719,-0.02340,-0.00780,-0.92430,0.92463,994.54,1000,5.46,50.00,201,2.2193,-0.5254,LOCK,0,normal
566,290972,5727,5740,-0.32370,0.53430,-0.78780,1.00543,994.55,1000,5.45,50.00,201,2.2304,-0.3582,LOCK,0,normal
567,290980,5735,5748,-0.32370,0.53430,-0.78780,1.00543,994.57,1000,5.43,50.00,201,2.2036,-0.7642,LOCK,0,normal
568,290988,5743,5756,-0.43680,0.16380,-0.73710,0.87232,994.58,1000,5.42,50.00,201,2.2088,-0.6845,LOCK,0,normal
569,290997,5752,5765,-0.23790,-0.10140,-0.77610,0.81805,994.61,1000,5.39,50.00,201,2.2171,-0.5587,LOCK,0,normal
570,291022,5777,5790,0.00390,-0.72150,-0.82290,1.09441,994.63,1000,5.37,50.00,201,2.2244,-0.4479,LOCK,0,normal
571,291035,5790,5803,-0.39000,-0.01170,-0.54210,0.66791,994.66,1000,5.34,50.00,201,2.2310,-0.3481,LOCK,0,normal
572,291043,5798,5811,-0.34710,0.20670,-0.54210,0.67607,994.68,1000,5.32,50.00,201,2.2207,-0.5050,LOCK,0,normal
573,291052,5807,5820,-0.34710,0.20670,-0.54210,0.67607,994.70,1000,5.30,50.00,201,2.2170,-0.5602,LOCK,0,normal
574,291060,5815,5828,-0.21840,0.15600,-0.51090,0.57711,994.66,1000,5.34,50.00,201,2.2153,-0.5859,LOCK,0,normal
575,291074,5829,5842,-0.02340,-0.03120,-0.80730,0.80824,994.63,1000,5.37,50.00,201,2.2302,-0.3609,LOCK,0,normal
576,291083,5838,5851,-0.02340,-0.03120,-0.80730,0.80824,994.60,1000,5.40,50.00,201,2.2317,-0.3386,LOCK,0,normal
577,291091,5846,5859,-0.24180,-0.10530,-0.82290,0.86413,994.58,1000,5.42,50.00,201,2.2153,-0.5862,LOCK,0,normal
578,291100,5855,5868,-0.41730,-0.21450,-0.92430,1.03657,994.56,1000,5.44,50.00,201,2.2169,-0.5615,LOCK,0,normal
579,291108,5863,5876,-0.28470,0.31980,-0.88140,0.97989,994.54,1000,5.46,50.00,201,2.2187,-0.5355,LOCK,0,normal
580,291136,5891,5904,-0.00780,0.00390,-0.86970,0.86974,994.53,1000,5.47,50.00,201,2.2310,-0.3490,LOCK,0,normal
581,291144,5899,5912,-0.00780,0.00390,-0.86970,0.86974,994.53,1000,5.47,50.00,201,2.2108,-0.6549,LOCK,0,normal
582,291153,5908,5921,-0.30030,-0.06240,-0.96330,1.01095,994.53,1000,5.47,50.00,201,2.2325,-0.3261,LOCK,0,normal
583,291161,5916,5929,-0.28860,0.14820,-0.76830,0.83399,994.52,1000,5.48,50.00,201,2.2256,-0.4302,LOCK,0,normal
584,291172,5927,5940,-0.25740,-0.26520,-0.78000,0.86313,994.52,1000,5.48,50.00,201,2.2317,-0.3380,LOCK,0,normal
585,291181,5936,5949,-0.10530,-0.02340,-0.59670,0.60637,994.52,1000,5.48,50.00,201,2.2277,-0.3979,LOCK,0,normal
586,291189,5944,5957,0.20280,-0.04680,-0.60840,0.64302,994.51,1000,5.49,50.00,201,2.2321,-0.3313,LOCK,0,normal
587,291198,5953,5966,-0.21060,-0.38610,-0.68640,0.81521,994.51,1000,5.49,50.00,201,2.2042,-0.7544,LOCK,0,normal
588,291206,5961,5974,-0.21060,-0.38610,-0.68640,0.81521,994.50,1000,5.50,50.00,201,2.2193,-0.5251,LOCK,0,normal
589,291224,5979,5992,-0.30420,-0.12870,-0.96720,1.02205,994.50,1000,5.50,50.00,201,2.2180,-0.5459,LOCK,0,normal
590,291278,6033,6046,-0.42510,0.17940,-0.60060,0.75737,994.51,1000,5.49,50.00,201,2.2304,-0.3573,LOCK,0,normal
591,291287,6042,6055,-0.39390,0.32760,-0.69420,0.86278,994.52,1000,5.48,50.00,201,2.2321,-0.3325,LOCK,0,normal
592,291295,6050,6063,-0.22230,-0.26910,-0.81900,0.89028,994.54,1000,5.46,50.00,201,2.2169,-0.5624,LOCK,0,normal
593,291304,6059,6072,0.18330,-0.23400,-0.78390,0.83836,994.56,1000,5.44,50.00,201,2.2040,-0.7574,LOCK,0,normal
594,291312,6067,6080,0.10920,-0.25740,-0.80340,0.85066,994.58,1000,5.42,50.00,201,2.2094,-0.6750,LOCK,0,normal
595,291327,6082,6095,-0.00390,-0.02340,-0.79560,0.79595,994.60,1000,5.40,50.00,201,2.2317,-0.3386,LOCK,0,normal
596,291335,6090,6103,-0.22230,0.01950,-0.74100,0.77387,994.61,1000,5.39,50.00,201,2.2313,-0.3435,LOCK,0,normal
597,291344,6099,6112,0.07800,-0.05070,-0.76440,0.77004,994.63,1000,5.37,50.00,201,2.2215,-0.4925,LOCK,0,normal
598,291352,6107,6120,-0.22620,-0.08970,-0.67860,0.72091,994.64,1000,5.36,50.00,201,2.2185,-0.5374,LOCK,0,normal
599,291360,6115,6128,-0.22620,-0.08970,-0.67860,0.72091,994.66,1000,5.34,50.00,201,2.2192,-0.5267,LOCK,0,normal
600,291376,6131,6144,0.11700,-0.28470,-0.82680,0.88224,994.68,1000,5.32,50.00,201,2.2243,-0.4504,LOCK,0,normal
601,291385,6140,6153,-0.10140,0.32760,-0.95160,1.01151,994.70,1000,5.30,50.00,201,2.2313,-0.3432,LOCK,0,normal
602,291393,6148,6161,-0.36270,0.14040,-0.90090,0.98127,994.72,1000,5.28,50.00,201,2.2284,-0.3875,LOCK,0,normal
603,291402,6157,6170,-0.36270,0.14040,-0.90090,0.98127,994.74,1000,5.26,50.00,201,2.2184,-0.5392,LOCK,0,normal
604,291410,6165,6178,-0.33930,0.06630,-0.92040,0.98319,994.75,1000,5.25,50.00,201,2.2088,-0.6848,LOCK,0,normal
605,291418,6173,6186,-0.03900,0.02730,-0.84630,0.84764,994.78,1000,5.22,50.00,201,2.2123,-0.6323,LOCK,0,normal
606,291429,6184,6197,0.14040,-0.15210,-0.86970,0.89399,994.81,1000,5.19,50.00,201,2.2299,-0.3655,LOCK,0,normal
607,291437,6192,6205,0.08580,-0.27690,-0.83850,0.88720,994.84,1000,5.16,50.00,201,2.2323,-0.3292,LOCK,0,normal
608,291446,6201,6214,-0.17940,-0.53820,-0.74490,0.93633,994.86,1000,5.14,50.00,201,2.2130,-0.6213,LOCK,0,normal
609,291454,6209,6222,-0.37050,0.16380,-0.53430,0.67051,994.88,1000,5.12,50.00,201,2.2077,-0.7016,LOCK,0,normal
610,291463,6218,6231,-0.37050,0.16380,-0.53430,0.67051,994.90,1000,5.10,50.00,201,2.2161,-0.5743,LOCK,0,normal
611,291483,6238,6251,-0.12090,-0.00780,-0.93600,0.94381,994.92,1000,5.08,50.00,201,2.2121,-0.6350,LOCK,0,normal
612,291532,6287,6300,-0.23400,0.31980,-0.54600,0.67464,994.93,1000,5.07,50.00,201,2.2309,-0.3496,LOCK,0,normal
613,291540,6295,6308,-0.24180,0.10140,-0.55770,0.61626,994.97,1000,5.03,50.00,201,2.2330,-0.3182,LOCK,0,normal
614,291549,6304,6317,0.03510,0.03120,-0.76830,0.76973,994.99,1000,5.01,50.00,201,2.2190,-0.5303,LOCK,0,normal
615,291557,6312,6325,0.03900,-0.51480,-1.02180,1.14482,995.02,1000,4.98,50.00,201,2.2200,-0.5157,LOCK,0,normal
616,291565,6320,6333,0.03900,-0.51480,-1.02180,1.14482,995.04,1000,4.96,50.00,201,2.2183,-0.5407,LOCK,0,normal
617,291587,6342,6355,-0.19890,0.08190,-0.85800,0.88455,995.06,1000,4.94,50.00,201,2.2320,-0.3328,LOCK,0,normal
618,291595,6350,6363,-0.19890,0.08190,-0.85800,0.88455,995.08,1000,4.92,50.00,201,2.2312,-0.3457,LOCK,0,normal
619,291603,6358,6371,-0.14040,-0.08580,-0.63180,0.65287,995.11,1000,4.89,50.00,201,2.2032,-0.7696,LOCK,0,normal
620,291612,6367,6380,0.22620,-0.17940,-0.73710,0.79162,995.13,1000,4.87,50.00,201,2.2132,-0.6185,LOCK,0,normal
621,291620,6375,6388,0.05070,-0.12480,-0.75660,0.76850,995.15,1000,4.85,50.00,201,2.2136,-0.6118,LOCK,0,normal
622,291636,6391,6404,-0.20280,-0.07410,-0.62790,0.66399,995.17,1000,4.83,50.00,201,2.2335,-0.3112,LOCK,0,normal
623,291645,6400,6413,-0.41730,-0.20670,-0.77220,0.90175,995.19,1000,4.81,50.00,201,2.2277,-0.3988,LOCK,0,normal
624,291653,6408,6421,-0.35100,0.38220,-0.63180,0.81759,995.20,1000,4.80,50.00,201,2.2213,-0.4949,LOCK,0,normal
625,291662,6417,6430,-0.10140,0.09360,-0.74880,0.76141,995.23,1000,4.77,50.00,201,2.2203,-0.5102,LOCK,0,normal
626,291670,6425,6438,0.05850,0.03510,-0.95550,0.95793,995.26,1000,4.74,50.00,201,2.2237,-0.4598,LOCK,0,normal
627,291693,6448,6461,-0.31980,0.01560,-0.95160,1.00402,995.29,1000,4.71,50.00,201,2.2306,-0.3551,LOCK,0,normal
628,291702,6457,6470,-0.51870,0.31200,-0.87360,1.06281,995.31,1000,4.69,50.00,201,2.2068,-0.7150,LOCK,0,normal
629,291710,6465,6478,-0.15600,-0.03510,-0.66300,0.68201,995.33,1000,4.67,50.00,201,2.2172,-0.5569,LOCK,0,normal
630,291719,6474,6487,-0.15600,-0.03510,-0.66300,0.68201,995.36,1000,4.64,50.00,201,2.2067,-0.7171,LOCK,0,normal
631,291734,6489,6502,0.21060,0.00000,-0.63180,0.66598,995.38,1000,4.62,50.00,201,2.2226,-0.4754,LOCK,0,normal
632,291743,6498,6511,-0.03510,-0.29250,-0.64740,0.71128,995.40,1000,4.60,50.00,201,2.2315,-0.3405,LOCK,0,normal
633,291751,6506,6519,-0.26910,0.54210,-0.56940,0.83097,995.42,1000,4.58,50.00,201,2.2227,-0.4748,LOCK,0,normal
634,291760,6515,6528,-0.26910,0.54210,-0.56940,0.83097,995.44,1000,4.56,50.00,201,2.2128,-0.6240,LOCK,0,normal
635,291768,6523,6536,-0.55770,0.19500,-0.67470,0.89681,995.45,1000,4.55,50.00,201,2.2253,-0.4351,LOCK,0,normal
636,291785,6540,6553,0.02730,-0.19500,-0.87750,0.89932,995.49,1000,4.51,50.00,201,2.2303,-0.3591,LOCK,0,normal
637,291794,6549,6562,-0.03510,-0.14430,-0.81120,0.82468,995.52,1000,4.48,50.00,201,2.2069,-0.7141,LOCK,0,normal
638,291802,6557,6570,-0.04680,-0.21450,-0.90870,0.93485,995.55,1000,4.45,50.00,201,2.2157,-0.5801,LOCK,0,normal
639,291811,6566,6579,-0.04680,-0.21450,-0.90870,0.93485,995.58,1000,4.42,50.00,201,2.2227,-0.4745,LOCK,0,normal
640,291839,6594,6607,-0.24570,-0.20280,-0.62400,0.70062,995.59,1000,4.41,50.00,201,2.2286,-0.3844,LOCK,0,normal
641,291848,6603,6616,0.07800,-0.12480,-0.74100,0.75547,995.61,1000,4.39,50.00,201,2.2295,-0.3719,LOCK,0,normal
642,291856,6611,6624,0.03120,-0.23400,-0.98280,1.01075,995.62,1000,4.38,50.00,201,2.2049,-0.7443,LOCK,0,normal
643,291865,6620,6633,-0.04290,0.21450,-0.85800,0.88545,995.63,1000,4.37,50.00,201,2.2218,-0.4873,LOCK,0,normal
644,291873,6628,6641,-0.04290,0.21450,-0.85800,0.88545,995.64,1000,4.36,50.00,201,2.2129,-0.6231,LOCK,0,normal
645,291882,6637,6650,-0.24570,0.13650,-0.72150,0.77431,995.65,1000,4.35,50.00,201,2.2080,-0.6967,LOCK,0,normal
646,291899,6654,6667,-0.19890,-0.17940,-0.69420,0.74408,995.66,1000,4.34,50.00,201,2.2300,-0.3637,LOCK,0,normal
647,291908,6663,6676,0.11700,-0.24570,-0.58890,0.64874,995.69,1000,4.31,50.00,201,2.2113,-0.6466,LOCK,0,normal
648,291916,6671,6684,-0.01560,-0.13650,-0.84630,0.85738,995.71,1000,4.29,50.00,201,2.2129,-0.6225,LOCK,0,normal
649,291924,6679,6692,-0.01560,-0.13650,-0.84630,0.85738,995.74,1000,4.26,50.00,201,2.2162,-0.5725,LOCK,0,normal
650,291933,6688,6701,-0.19500,-0.01170,-0.92430,0.94472,995.76,1000,4.24,50.00,201,2.2164,-0.5703,LOCK,0,normal
651,291997,6752,6765,-0.08580,-0.17160,-0.77220,0.79568,995.81,1000,4.19,50.00,201,2.2350,-0.2886,LOCK,0,normal
652,292005,6760,6773,-0.23010,0.35100,-0.76830,0.87546,995.84,1000,4.16,50.00,201,2.2336,-0.3084,LOCK,0,normal
653,292014,6769,6782,-0.34320,-0.12480,-1.01400,1.07776,995.88,1000,4.12,50.00,201,2.2164,-0.5691,LOCK,0,normal
654,292022,6777,6790,-0.20280,-0.03120,-0.79950,0.82541,995.89,1000,4.11,50.00,201,2.2136,-0.6124,LOCK,0,normal
655,292030,6785,6798,0.15600,-0.05850,-0.75660,0.77473,995.89,1000,4.11,50.00,201,2.2181,-0.5435,LOCK,0,normal
656,292039,6794,6807,-0.04290,-0.17940,-0.87750,0.89668,995.90,1000,4.10,50.00,201,2.2255,-0.4320,LOCK,0,normal
657,292047,6802,6815,-0.04290,-0.17940,-0.87750,0.89668,995.91,1000,4.09,50.00,201,2.2304,-0.3569,LOCK,0,normal
658,292056,6811,6824,-0.10530,0.05460,-0.66300,0.67353,995.91,1000,4.09,50.00,201,2.2296,-0.3695,LOCK,0,normal
659,292064,6819,6832,-0.39780,0.01950,-0.47970,0.62349,995.91,1000,4.09,50.00,201,2.2169,-0.5624,LOCK,0,normal
660,292073,6828,6841,-0.39390,0.07020,-0.78390,0.88010,995.92,1000,4.08,50.00,201,2.2264,-0.4180,LOCK,0,normal
661,292081,6836,6849,-0.02340,0.14820,-0.98670,0.99804,995.93,1000,4.07,50.00,201,2.2158,-0.5789,LOCK,0,normal
662,292090,6845,6858,0.13260,0.05070,-0.86580,0.87736,995.95,1000,4.05,50.00,201,2.2200,-0.5145,LOCK,0,normal
663,292105,6860,6873,0.01950,-0.51480,-0.87360,1.01419,995.96,1000,4.04,50.00,201,2.2305,-0.3563,LOCK,0,normal
664,292113,6868,6881,-0.19500,0.17160,-0.83460,0.87409,995.97,1000,4.03,50.00,201,2.2135,-0.6140,LOCK,0,normal
665,292122,6877,6890,-0.27690,-0.28470,-0.77220,0.86834,995.98,1000,4.02,50.00,201,2.2243,-0.4504,LOCK,0,normal
666,292130,6885,6898,-0.27690,-0.28470,-0.77220,0.86834,995.99,1000,4.01,50.00,201,2.2188,-0.5334,LOCK,0,normal
667,292138,6893,6906,-0.34320,-0.19890,-0.56940,0.69395,995.98,1000,4.02,50.00,201,2.2097,-0.6717,LOCK,0,normal
668,292149,6904,6917,0.03510,0.10920,-0.58890,0.59997,995.98,1000,4.02,50.00,201,2.2325,-0.3255,LOCK,0,normal
669,292158,6913,6926,-0.04290,-0.12870,-0.95550,0.96508,995.97,1000,4.03,50.00,201,2.2290,-0.3783,LOCK,0,normal
670,292166,6921,6934,-0.07020,-0.16380,-0.89310,0.91071,995.97,1000,4.03,50.00,201,2.2144,-0.5996,LOCK,0,normal
671,292174,6929,6942,-0.21060,0.40560,-0.86970,0.98247,995.96,1000,4.04,50.00,201,2.2152,-0.5886,LOCK,0,normal
672,292183,6938,6951,-0.34710,0.54600,-1.02960,1.21601,995.96,1000,4.04,50.00,201,2.2169,-0.5624,LOCK,0,normal
673,292191,6946,6959,-0.34710,0.54600,-1.02960,1.21601,995.96,1000,4.04,50.00,201,2.2243,-0.4494,LOCK,0,normal
674,292201,6956,6969,-0.28080,-0.17550,-0.70200,0.77618,995.96,1000,4.04,50.00,201,2.2322,-0.3298,LOCK,0,normal
675,292210,6965,6978,0.01170,-0.01170,-0.47190,0.47219,995.97,1000,4.03,50.00,201,2.2301,-0.3621,LOCK,0,normal
676,292218,6973,6986,0.03900,-0.21450,-0.63570,0.67205,995.97,1000,4.03,50.00,201,2.2113,-0.6475,LOCK,0,normal
677,292227,6982,6995,-0.05460,-0.05070,-0.86580,0.86900,995.98,1000,4.02,50.00,201,2.2173,-0.5560,LOCK,0,normal
678,292235,6990,7003,-0.35100,0.06240,-0.95550,1.01984,995.98,1000,4.02,50.00,201,2.2170,-0.5606,LOCK,0,normal
679,292244,6999,7012,-0.35100,0.01560,-1.05690,1.11377,995.98,1000,4.02,50.00,201,2.2263,-0.4195,LOCK,0,normal
680,292252,7007,7020,-0.35100,0.01560,-1.05690,1.11377,995.99,1000,4.01,50.00,201,2.2319,-0.3353,LOCK,0,normal
681,292261,7016,7029,-0.30420,-0.05460,-0.81900,0.87537,996.00,1000,4.00,50.00,201,2.2334,-0.3118,LOCK,0,normal
682,292269,7024,7037,0.13650,0.12870,-0.72930,0.75304,996.01,1000,3.99,50.00,201,2.2206,-0.5062,LOCK,0,normal
683,292278,7033,7046,0.11310,-0.00390,-0.75270,0.76116,996.02,1000,3.98,50.00,201,2.2270,-0.4088,LOCK,0,normal
684,292286,7041,7054,-0.01950,-0.19500,-0.81900,0.84212,996.03,1000,3.97,50.00,201,2.2192,-0.5279,LOCK,0,normal
685,292294,7049,7062,-0.01950,-0.19500,-0.81900,0.84212,996.03,1000,3.97,50.00,201,2.2355,-0.2809,LOCK,0,normal
686,292308,7063,7076,-0.50700,0.33150,-0.73320,0.95106,996.04,1000,3.96,50.00,201,2.2307,-0.3527,LOCK,0,normal
687,292317,7072,7085,-0.12090,-0.14430,-0.73710,0.76076,996.05,1000,3.95,50.00,201,2.2060,-0.7266,LOCK,0,normal
688,292325,7080,7093,-0.12090,-0.14430,-0.73710,0.76076,996.01,1000,3.99,50.00,201,2.2197,-0.5193,LOCK,0,normal
689,292334,7089,7102,-0.02730,-0.31200,-0.72930,0.79371,995.98,1000,4.02,50.00,201,2.2218,-0.4876,LOCK,0,normal
690,292342,7097,7110,0.06240,0.08580,-0.70980,0.71768,995.95,1000,4.05,50.00,201,2.2128,-0.6240,LOCK,0,normal
691,292352,7107,7120,-0.12090,-0.24960,-0.65520,0.71148,995.93,1000,4.07,50.00,201,2.2329,-0.3194,LOCK,0,normal
692,292360,7115,7128,-0.36270,0.24960,-0.58890,0.73529,995.91,1000,4.09,50.00,201,2.2200,-0.5148,LOCK,0,normal
693,292369,7124,7137,-0.36270,0.31590,-0.93210,1.04888,995.89,1000,4.11,50.00,201,2.2246,-0.4452,LOCK,0,normal
694,292377,7132,7145,-0.18330,-0.02340,-0.99840,1.01536,995.87,1000,4.13,50.00,201,2.2108,-0.6549,LOCK,0,normal
695,292386,7141,7154,-0.18330,-0.02340,-0.99840,1.01536,995.88,1000,4.12,50.00,201,2.2180,-0.5450,LOCK,0,normal
696,292394,7149,7162,0.27690,0.12870,-0.87360,0.92543,995.89,1000,4.11,50.00,201,2.2146,-0.5975,LOCK,0,normal
697,292406,7161,7174,0.04680,-0.32370,-0.92820,0.98414,995.90,1000,4.10,50.00,201,2.2370,-0.2580,LOCK,0,normal
698,292414,7169,7182,0.02730,0.19110,-0.82290,0.84524,995.90,1000,4.10,50.00,201,2.2340,-0.3035,LOCK,0,normal
699,292423,7178,7191,-0.20280,-0.01560,-0.66690,0.69723,995.91,1000,4.09,50.00,201,2.2142,-0.6036,LOCK,0,normal
700,292431,7186,7199,-0.16770,-0.10530,-0.70200,0.72939,995.92,1000,4.08,50.00,201,2.2136,-0.6127,LOCK,0,normal
701,292440,7195,7208,-0.20280,-0.07410,-0.56550,0.60532,995.91,1000,4.09,50.00,201,2.2186,-0.5364,LOCK,0,normal
702,292448,7203,7216,-0.20280,-0.07410,-0.56550,0.60532,995.91,1000,4.09,50.00,201,2.2226,-0.4751,LOCK,0,normal
703,292509,7264,7277,-0.07410,0.16380,-0.83070,0.84993,995.89,1000,4.11,50.00,201,2.2311,-0.3463,LOCK,0,normal
704,292518,7273,7286,0.08190,-0.32760,-0.80340,0.87148,995.87,1000,4.13,50.00,201,2.2226,-0.4751,LOCK,0,normal
705,292526,7281,7294,0.16380,0.21450,-0.85410,0.89573,995.85,1000,4.15,50.00,201,2.2183,-0.5413,LOCK,0,normal
706,292535,7290,7303,0.00780,-0.10530,-0.84240,0.84899,995.83,1000,4.17,50.00,201,2.2142,-0.6024,LOCK,0,normal
707,292543,7298,7311,-0.21450,-0.03510,-0.53820,0.58043,995.81,1000,4.19,50.00,201,2.2093,-0.6778,LOCK,0,normal
708,292558,7313,7326,-0.37440,-0.29640,-0.46020,0.66318,995.80,1000,4.20,50.00,201,2.2327,-0.3228,LOCK,0,normal
709,292566,7321,7334,-0.22620,0.10530,-0.76440,0.80409,995.82,1000,4.18,50.00,201,2.2256,-0.4305,LOCK,0,normal
710,292575,7330,7343,0.09750,0.21450,-0.96720,0.99549,995.84,1000,4.16,50.00,201,2.2193,-0.5251,LOCK,0,normal
711,292583,7338,7351,-0.02730,0.11700,-0.99060,0.99786,995.85,1000,4.15,50.00,201,2.2180,-0.5456,LOCK,0,normal
712,292592,7347,7360,-0.02730,0.11700,-0.99060,0.99786,995.87,1000,4.13,50.00,201,2.2201,-0.5132,LOCK,0,normal
713,292600,7355,7368,-0.15210,0.24960,-0.83070,0.88062,995.88,1000,4.12,50.00,201,2.2181,-0.5441,LOCK,0,normal
714,292611,7366,7379,-0.19110,-0.10140,-0.71370,0.74577,995.89,1000,4.11,50.00,201,2.2307,-0.3527,LOCK,0,normal
715,292620,7375,7388,-0.28470,-0.15210,-0.60450,0.68528,995.90,1000,4.10,50.00,201,2.2328,-0.3206,LOCK,0,normal
716,292628,7383,7396,0.07800,0.08970,-0.54210,0.55498,995.89,1000,4.11,50.00,201,2.2019,-0.7901,LOCK,0,normal
717,292636,7391,7404,0.03510,-0.07020,-0.52650,0.53232,995.88,1000,4.12,50.00,201,2.2121,-0.6350,LOCK,0,normal
718,292645,7400,7413,-0.07800,-0.35880,-0.72150,0.80956,995.88,1000,4.12,50.00,201,2.2161,-0.5743,LOCK,0,normal
719,292653,7408,7421,-0.07800,-0.35880,-0.72150,0.80956,995.87,1000,4.13,50.00,201,2.2222,-0.4812,LOCK,0,normal
720,292662,7417,7430,-0.28860,0.29250,-0.87360,0.96541,995.86,1000,4.14,50.00,201,2.2316,-0.3396,LOCK,0,normal
721,292670,7425,7438,-0.36270,0.03510,-0.86190,0.93576,995.86,1000,4.14,50.00,201,2.2305,-0.3566,LOCK,0,normal
722,292679,7434,7447,-0.15600,-0.02730,-0.91260,0.92624,995.85,1000,4.15,50.00,201,2.2158,-0.5783,LOCK,0,normal
723,292687,7442,7455,0.25740,0.01170,-0.66300,0.71131,995.81,1000,4.19,50.00,201,2.2254,-0.4333,LOCK,0,normal
724,292695,7450,7463,0.13650,-0.22230,-0.67080,0.71974,995.77,1000,4.23,50.00,201,2.2004,-0.8115,LOCK,0,normal
725,292709,7464,7477,0.00000,-0.13260,-0.71760,0.72975,995.74,1000,4.26,50.00,201,2.2328,-0.3215,LOCK,0,normal
726,292717,7472,7485,-0.40170,0.05070,-0.53040,0.66728,995.71,1000,4.29,50.00,201,2.2103,-0.6625,LOCK,0,normal
727,292726,7481,7494,-0.28080,0.38610,-0.81120,0.94126,995.68,1000,4.32,50.00,201,2.2167,-0.5651,LOCK,0,normal
728,292734,7489,7502,-0.28080,0.38610,-0.81120,0.94126,995.66,1000,4.34,50.00,201,2.2159,-0.5779,LOCK,0,normal
729,292743,7498,7511,-0.21840,0.01560,-0.98280,1.00690,995.66,1000,4.34,50.00,201,2.2215,-0.4922,LOCK,0,normal
730,292768,7523,7536,-0.01950,-0.00780,-0.82290,0.82317,995.66,1000,4.34,50.00,201,2.2314,-0.3420,LOCK,0,normal
731,292776,7531,7544,-0.01950,-0.00780,-0.82290,0.82317,995.66,1000,4.34,50.00,201,2.2310,-0.3478,LOCK,0,normal
732,292785,7540,7553,-0.19890,0.25350,-0.74490,0.81160,995.65,1000,4.35,50.00,201,2.2200,-0.5157,LOCK,0,normal
733,292793,7548,7561,-0.32760,0.11310,-0.74100,0.81804,995.65,1000,4.35,50.00,201,2.2225,-0.4772,LOCK,0,normal
734,292802,7557,7570,-0.02730,-0.10920,-0.72930,0.73794,995.65,1000,4.35,50.00,201,2.2216,-0.4906,LOCK,0,normal
735,292816,7571,7584,-0.03510,-0.30420,-0.58890,0.66376,995.66,1000,4.34,50.00,201,2.2303,-0.3585,LOCK,0,normal
736,292824,7579,7592,0.11310,0.00000,-0.65910,0.66873,995.66,1000,4.34,50.00,201,2.2294,-0.3728,LOCK,0,normal
737,292833,7588,7601,-0.23400,-0.18720,-0.85020,0.90147,995.66,1000,4.34,50.00,201,2.2196,-0.5209,LOCK,0,normal
738,292841,7596,7609,-0.39000,0.29250,-0.71760,0.86753,995.66,1000,4.34,50.00,201,2.2231,-0.4684,LOCK,0,normal
739,292850,7605,7618,-0.13650,-0.01170,-0.94380,0.95369,995.66,1000,4.34,50.00,201,2.2104,-0.6604,LOCK,0,normal
740,292858,7613,7626,-0.13650,-0.01170,-0.94380,0.95369,995.66,1000,4.34,50.00,201,2.2180,-0.5456,LOCK,0,normal
741,292867,7622,7635,-0.12480,-0.18720,-0.86190,0.89078,995.64,1000,4.36,50.00,201,2.2316,-0.3389,LOCK,0,normal
742,292875,7630,7643,0.09360,-0.05460,-0.97110,0.97713,995.62,1000,4.38,50.00,201,2.2330,-0.3176,LOCK,0,normal
743,292884,7639,7652,0.03510,0.03510,-0.90870,0.91005,995.61,1000,4.39,50.00,201,2.2017,-0.7922,LOCK,0,normal
744,292892,7647,7660,-0.02340,-0.15210,-0.85800,0.87169,995.59,1000,4.41,50.00,201,2.2219,-0.4870,LOCK,0,normal
745,292900,7655,7668,-0.23010,0.19890,-0.58110,0.65588,995.58,1000,4.42,50.00,201,2.2177,-0.5493,LOCK,0,normal
746,292914,7669,7682,-0.25740,0.21450,-0.69030,0.76732,995.57,1000,4.43,50.00,201,2.2223,-0.4800,LOCK,0,normal
747,292922,7677,7690,-0.16770,0.01950,-0.54600,0.57151,995.54,1000,4.46,50.00,201,2.2294,-0.3722,LOCK,0,normal
748,292931,7686,7699,0.03900,0.06240,-0.70200,0.70585,995.52,1000,4.48,50.00,201,2.2257,-0.4293,LOCK,0,normal
749,292939,7694,7707,0.03900,0.06240,-0.70200,0.70585,995.50,1000,4.50,50.00,201,2.2084,-0.6906,LOCK,0,normal
750,292948,7703,7716,-0.06240,-0.38610,-0.83460,0.92170,995.48,1000,4.52,50.00,201,2.2171,-0.5596,LOCK,0,normal
751,292956,7711,7724,-0.07020,0.30810,-0.92040,0.97313,995.47,1000,4.53,50.00,201,2.2237,-0.4598,LOCK,0,normal
752,292969,7724,7737,-0.25350,-0.00390,-0.83070,0.86853,995.45,1000,4.55,50.00,201,2.2331,-0.3160,LOCK,0,normal
753,292977,7732,7745,-0.15210,0.16770,-0.86190,0.89114,995.44,1000,4.56,50.00,201,2.2308,-0.3518,LOCK,0,normal
754,292986,7741,7754,-0.14040,0.00000,-0.72540,0.73886,995.42,1000,4.58,50.00,201,2.2247,-0.4446,LOCK,0,normal
755,292994,7749,7762,0.15210,-0.19890,-0.78780,0.82663,995.39,1000,4.61,50.00,201,2.2266,-0.4153,LOCK,0,normal
756,293003,7758,7771,0.15210,-0.19890,-0.78780,0.82663,995.37,1000,4.63,50.00,201,2.2114,-0.6460,LOCK,0,normal
757,293011,7766,7779,0.07410,-0.14430,-0.78390,0.80051,995.35,1000,4.65,50.00,201,2.2217,-0.4888,LOCK,0,normal
758,293023,7778,7791,0.00390,0.01170,-0.76050,0.76060,995.34,1000,4.66,50.00,201,2.2308,-0.3518,LOCK,0,normal
759,293031,7786,7799,-0.45630,0.46020,-0.78000,1.01410,995.32,1000,4.68,50.00,201,2.2119,-0.6384,LOCK,0,normal
760,293040,7795,7808,-0.23010,0.14040,-0.50700,0.57420,995.31,1000,4.69,50.00,201,2.2164,-0.5694,LOCK,0,normal
761,293048,7803,7816,-0.30420,0.10140,-0.47190,0.57053,995.30,1000,4.70,50.00,201,2.2210,-0.5007,LOCK,0,normal
762,293056,7811,7824,0.07800,-0.04680,-0.69810,0.70400,995.30,1000,4.70,50.00,201,2.2234,-0.4638,LOCK,0,normal
763,293128,7883,7896,-0.19500,-0.10140,-0.63180,0.66894,995.25,1000,4.75,50.00,201,2.2313,-0.3435,LOCK,0,normal
764,293136,7891,7904,-0.30810,0.25350,-0.82680,0.91803,995.21,1000,4.79,50.00,201,2.2192,-0.5276,LOCK,0,normal
765,293145,7900,7913,-0.30810,0.25350,-0.82680,0.91803,995.17,1000,4.83,50.00,201,2.2250,-0.4400,LOCK,0,normal
766,293153,7908,7921,-0.35100,0.30810,-0.97890,1.08461,995.13,1000,4.87,50.00,201,2.2146,-0.5969,LOCK,0,normal
767,293170,7925,7938,-0.00780,-0.08970,-0.75270,0.75807,995.09,1000,4.91,50.00,201,2.2310,-0.3484,LOCK,0,normal
768,293178,7933,7946,0.28470,-0.03120,-0.77220,0.82360,995.05,1000,4.95,50.00,201,2.2329,-0.3194,LOCK,0,normal
769,293187,7942,7955,0.28470,-0.03120,-0.77220,0.82360,995.02,1000,4.98,50.00,201,2.2194,-0.5245,LOCK,0,normal
770,293195,7950,7963,0.01560,-0.30810,-0.83070,0.88613,994.99,1000,5.01,50.00,201,2.2094,-0.6762,LOCK,0,normal
771,293204,7959,7972,-0.36660,0.21450,-0.64350,0.77104,994.96,1000,5.04,50.00,201,2.2191,-0.5288,LOCK,0,normal
772,293225,7980,7993,-0.42510,-0.01950,-0.78000,0.88853,994.93,1000,5.07,50.00,201,2.2380,-0.2422,LOCK,0,normal
773,293233,7988,8001,0.15990,-0.01950,-0.77220,0.78882,994.90,1000,5.10,50.00,201,2.2308,-0.3518,LOCK,0,normal
774,293242,7997,8010,0.01950,-0.02730,-0.76050,0.76124,994.88,1000,5.12,50.00,201,2.2066,-0.7181,LOCK,0,normal
775,293250,8005,8018,0.03900,-0.08970,-0.82290,0.82869,994.86,1000,5.14,50.00,201,2.2105,-0.6588,LOCK,0,normal
776,293259,8014,8027,0.03900,-0.08970,-0.82290,0.82869,994.84,1000,5.16,50.00,201,2.2191,-0.5285,LOCK,0,normal
777,293273,8028,8041,-0.43290,0.27300,-0.66300,0.83756,994.82,1000,5.18,50.00,201,2.2306,-0.3545,LOCK,0,normal
778,293282,8037,8050,-0.35100,0.12480,-0.74880,0.83635,994.80,1000,5.20,50.00,201,2.2307,-0.3524,LOCK,0,normal
779,293290,8045,8058,0.17160,-0.25740,-0.83850,0.89375,994.75,1000,5.25,50.00,201,2.2186,-0.5370,LOCK,0,normal
780,293299,8054,8067,0.17160,-0.25740,-0.83850,0.89375,994.70,1000,5.30,50.00,201,2.2098,-0.6698,LOCK,0,normal
781,293307,8062,8075,0.13650,-0.03510,-0.96330,0.97356,994.66,1000,5.34,50.00,201,2.2140,-0.6060,LOCK,0,normal
782,293332,8087,8100,-0.24960,-0.00780,-0.63570,0.68299,994.62,1000,5.38,50.00,201,2.2312,-0.3457,LOCK,0,normal
783,293340,8095,8108,-0.24960,-0.00780,-0.63570,0.68299,994.59,1000,5.41,50.00,201,2.2145,-0.5987,LOCK,0,normal
784,293349,8104,8117,-0.17160,0.02340,-0.62010,0.64383,994.54,1000,5.46,50.00,201,2.2198,-0.5175,LOCK,0,normal
785,293357,8112,8125,0.06240,-0.05460,-0.78780,0.79215,994.50,1000,5.50,50.00,201,2.2170,-0.5609,LOCK,0,normal
786,293379,8134,8147,-0.13650,-0.15600,-0.97110,0.99298,994.47,1000,5.53,50.00,201,2.2322,-0.3301,LOCK,0,normal
787,293387,8142,8155,-0.28080,0.46410,-0.69030,0.87792,994.43,1000,5.57,50.00,201,2.2312,-0.3447,LOCK,0,normal
788,293396,8151,8164,-0.20280,-0.07020,-0.80730,0.83534,994.40,1000,5.60,50.00,201,2.2075,-0.7040,LOCK,0,normal
789,293404,8159,8172,-0.39000,-0.30420,-0.63960,0.80853,994.37,1000,5.63,50.00,201,2.2259,-0.4262,LOCK,0,normal
790,293413,8168,8181,-0.39000,-0.30420,-0.63960,0.80853,994.33,1000,5.67,50.00,201,2.2068,-0.7153,LOCK,0,normal
791,293421,8176,8189,0.13650,0.10530,-0.86970,0.88662,994.30,1000,5.70,50.00,201,2.2207,-0.5041,LOCK,0,normal
792,293430,8185,8198,-0.01170,0.19890,-0.98670,1.00662,994.27,1000,5.73,50.00,201,2.2301,-0.3627,LOCK,0,normal
793,293439,8194,8207,-0.13260,0.08580,-0.99450,1.00696,994.25,1000,5.75,50.00,201,2.2333,-0.3130,LOCK,0,normal
794,293447,8202,8215,-0.33540,0.40560,-0.68250,0.86186,994.23,1000,5.77,50.00,201,2.2198,-0.5184,LOCK,0,normal
795,293456,8211,8224,-0.51480,0.28860,-0.62790,0.86172,994.21,1000,5.79,50.00,201,2.2215,-0.4928,LOCK,0,normal
796,293464,8219,8232,-0.51480,0.28860,-0.62790,0.86172,994.19,1000,5.81,50.00,201,2.2211,-0.4989,LOCK,0,normal
797,293472,8227,8240,-0.15210,-0.15210,-0.49530,0.53999,994.16,1000,5.84,50.00,201,2.2210,-0.5004,LOCK,0,normal
798,293481,8236,8249,0.06240,-0.00390,-0.87360,0.87583,994.14,1000,5.86,50.00,201,2.2324,-0.3276,LOCK,0,normal
799,293489,8244,8257,0.03900,-0.31200,-1.06080,1.10642,994.12,1000,5.88,50.00,201,2.2305,-0.3554,LOCK,0,normal
800,293498,8253,8266,-0.08190,0.28860,-0.86190,0.91262,994.10,1000,5.90,50.00,201,2.2099,-0.6683,LOCK,0,normal
801,293506,8261,8274,-0.20280,-0.30030,-0.75660,0.83890,994.08,1000,5.92,50.00,201,2.2262,-0.4211,LOCK,0,normal
802,293515,8270,8283,-0.20280,-0.30030,-0.75660,0.83890,994.07,1000,5.93,50.00,201,2.2170,-0.5612,LOCK,0,normal
803,293523,8278,8291,-0.15210,0.06240,-0.60840,0.63022,994.05,1000,5.95,50.00,201,2.2235,-0.4620,LOCK,0,normal
804,293538,8293,8306,0.10920,-0.08970,-0.93990,0.95046,994.02,1000,5.98,50.00,201,2.2300,-0.3637,LOCK,0,normal
805,293546,8301,8314,0.10920,-0.08970,-0.93990,0.95046,993.99,1000,6.01,50.00,201,2.2172,-0.5572,LOCK,0,normal
806,293554,8309,8322,0.01950,-0.04680,-0.79170,0.79332,993.96,1000,6.04,50.00,201,2.2188,-0.5328,LOCK,0,normal
807,293563,8318,8331,-0.05070,-0.21840,-0.75270,0.78538,993.93,1000,6.07,50.00,201,2.2175,-0.5523,LOCK,0,normal
808,293571,8326,8339,-0.32370,0.22230,-0.64350,0.75385,993.91,1000,6.09,50.00,201,2.2221,-0.4827,LOCK,0,normal
809,293582,8337,8350,-0.34320,0.06240,-0.67470,0.75954,993.89,1000,6.11,50.00,201,2.2320,-0.3328,LOCK,0,normal
810,293591,8346,8359,-0.13260,0.17550,-0.89700,0.92358,993.88,1000,6.12,50.00,201,2.2306,-0.3548,LOCK,0,normal
811,293599,8354,8367,0.16770,-0.12870,-0.89310,0.91778,993.87,1000,6.13,50.00,201,2.2157,-0.5801,LOCK,0,normal
812,293608,8363,8376,0.16770,-0.12870,-0.89310,0.91778,993.86,1000,6.14,50.00,201,2.2271,-0.4079,LOCK,0,normal
813,293616,8371,8384,0.06240,0.08580,-0.82290,0.82971,993.85,1000,6.15,50.00,201,2.2112,-0.6479,LOCK,0,normal
814,293625,8380,8393,-0.18720,-0.09750,-0.90090,0.92529,993.84,1000,6.16,50.00,201,2.2150,-0.5914,LOCK,0,normal
815,293635,8390,8403,-0.11310,-0.17940,-0.60840,0.64430,993.84,1000,6.16,50.00,201,2.2302,-0.3600,LOCK,0,normal
816,293644,8399,8412,-0.39000,-0.30030,-0.47190,0.68189,993.83,1000,6.17,50.00,201,2.2314,-0.3420,LOCK,0,normal
817,293652,8407,8420,0.23400,0.04680,-0.89310,0.92443,993.82,1000,6.18,50.00,201,2.2084,-0.6912,LOCK,0,normal
818,293661,8416,8429,0.21840,0.26520,-0.81120,0.88095,993.81,1000,6.19,50.00,201,2.2169,-0.5627,LOCK,0,normal
819,293669,8424,8437,0.21840,0.26520,-0.81120,0.88095,993.81,1000,6.19,50.00,201,2.2205,-0.5077,LOCK,0,normal
820,293677,8432,8445,-0.11700,-0.46410,-0.78000,0.91514,993.80,1000,6.20,50.00,201,2.2153,-0.5865,LOCK,0,normal
821,293743,8498,8511,-0.23790,0.30810,-0.78390,0.87523,993.80,1000,6.20,50.00,201,2.2319,-0.3356,LOCK,0,normal
822,293751,8506,8519,-0.23790,0.30810,-0.78390,0.87523,993.79,1000,6.21,50.00,201,2.2083,-0.6921,LOCK,0,normal
823,293760,8515,8528,-0.30810,0.63960,-0.85020,1.10763,993.79,1000,6.21,50.00,201,2.2134,-0.6158,LOCK,0,normal
824,293768,8523,8536,-0.31200,-0.56550,-0.59670,0.87931,993.77,1000,6.23,50.00,201,2.2092,-0.6793,LOCK,0,normal
825,293776,8531,8544,0.23790,-0.36270,-0.58110,0.72514,993.75,1000,6.25,50.00,201,2.2081,-0.6949,LOCK,0,normal
826,293785,8540,8553,0.01170,-0.35100,-0.88920,0.95604,993.73,1000,6.27,50.00,201,2.2302,-0.3603,LOCK,0,normal
827,293794,8549,8562,-0.05850,0.03120,-0.85410,0.85667,993.72,1000,6.28,50.00,201,2.2213,-0.4952,LOCK,0,normal
828,293802,8557,8570,-0.05850,0.03120,-0.85410,0.85667,993.71,1000,6.29,50.00,201,2.2171,-0.5596,LOCK,0,normal
829,293811,8566,8579,-0.38220,0.15990,-0.72150,0.83199,993.69,1000,6.31,50.00,201,2.2093,-0.6765,LOCK,0,normal
830,293819,8574,8587,-0.43290,-0.55380,-0.96330,1.19249,993.68,1000,6.32,50.00,201,2.2165,-0.5682,LOCK,0,normal
831,293828,8583,8596,-0.14820,-0.02730,-0.75660,0.77146,993.71,1000,6.29,50.00,201,2.2187,-0.5349,LOCK,0,normal
832,293840,8595,8608,0.03510,-0.28080,-0.52650,0.59773,993.73,1000,6.27,50.00,201,2.2304,-0.3576,LOCK,0,normal
833,293848,8603,8616,0.04680,-0.07800,-0.74100,0.74656,993.74,1000,6.26,50.00,201,2.2299,-0.3658,LOCK,0,normal
834,293857,8612,8625,-0.19110,-0.00390,-0.94770,0.96678,993.76,1000,6.24,50.00,201,2.2142,-0.6030,LOCK,0,normal
835,293865,8620,8633,-0.32760,0.36660,-0.74880,0.89578,993.78,1000,6.22,50.00,201,2.2133,-0.6170,LOCK,0,normal
836,293873,8628,8641,-0.32760,0.36660,-0.74880,0.89578,993.79,1000,6.21,50.00,201,2.2129,-0.6225,LOCK,0,normal
837,293882,8637,8650,-0.16770,0.12870,-0.78780,0.81567,993.80,1000,6.20,50.00,201,2.2247,-0.4446,LOCK,0,normal
838,293890,8645,8658,-0.11310,0.03510,-0.72540,0.73500,993.83,1000,6.17,50.00,201,2.2331,-0.3160,LOCK,0,normal
839,293899,8654,8667,0.07410,-0.22230,-0.82290,0.85561,993.85,1000,6.15,50.00,201,2.2321,-0.3313,LOCK,0,normal
840,293907,8662,8675,0.03120,-0.10140,-0.65910,0.66758,993.87,1000,6.13,50.00,201,2.2003,-0.8136,LOCK,0,normal
841,293916,8671,8684,0.03120,-0.10140,-0.65910,0.66758,993.89,1000,6.11,50.00,201,2.2213,-0.4949,LOCK,0,normal
842,293924,8679,8692,-0.12480,-0.18720,-0.68640,0.72233,993.91,1000,6.09,50.00,201,2.2082,-0.6943,LOCK,0,normal
843,293932,8687,8700,-0.26910,0.46020,-0.55770,0.77151,993.92,1000,6.08,50.00,201,2.2254,-0.4327,LOCK,0,normal
844,293947,8702,8715,-0.08580,0.05460,-0.92820,0.93375,993.93,1000,6.07,50.00,201,2.2310,-0.3490,LOCK,0,normal
845,293955,8710,8723,-0.08580,0.05460,-0.92820,0.93375,993.96,1000,6.04,50.00,201,2.2149,-0.5923,LOCK,0,normal
846,293964,8719,8732,0.12870,0.24570,-0.92040,0.96128,993.99,1000,6.01,50.00,201,2.2136,-0.6115,LOCK,0,normal
847,293972,8727,8740,0.06240,-0.00390,-0.91650,0.91863,994.02,1000,5.98,50.00,201,2.2215,-0.4928,LOCK,0,normal
848,293981,8736,8749,-0.01560,-0.05850,-0.80730,0.80957,994.04,1000,5.96,50.00,201,2.2213,-0.4958,LOCK,0,normal
849,293994,8749,8762,-0.26910,0.05070,-0.60840,0.66719,994.06,1000,5.94,50.00,201,2.2311,-0.3463,LOCK,0,normal
850,294002,8757,8770,-0.28860,0.17940,-0.44850,0.56270,994.08,1000,5.92,50.00,201,2.2256,-0.4308,LOCK,0,normal
851,294011,8766,8779,-0.27300,-0.24180,-0.46800,0.59331,994.12,1000,5.88,50.00,201,2.2150,-0.5902,LOCK,0,normal
852,294019,8774,8787,-0.00780,-0.13260,-0.84630,0.85666,994.16,1000,5.84,50.00,201,2.2435,-0.1595,LOCK,0,normal
853,294028,8783,8796,-0.00780,-0.13260,-0.84630,0.85666,994.19,1000,5.81,50.00,201,2.2194,-0.5245,LOCK,0,normal
854,294036,8791,8804,-0.10530,-0.30030,-1.01790,1.06648,994.22,1000,5.78,50.00,201,2.2277,-0.3988,LOCK,0,normal
855,294046,8801,8814,-0.21840,0.31200,-0.93990,1.01413,994.25,1000,5.75,50.00,201,2.2319,-0.3350,LOCK,0,normal
856,294054,8809,8822,-0.17940,-0.23400,-0.91650,0.96276,994.28,1000,5.72,50.00,201,2.2311,-0.3469,LOCK,0,normal
857,294062,8817,8830,-0.20280,0.13260,-0.74490,0.78332,994.30,1000,5.70,50.00,201,2.2117,-0.6414,LOCK,0,normal
858,294071,8826,8839,-0.02730,0.10920,-0.67470,0.68402,994.33,1000,5.67,50.00,201,2.2126,-0.6268,LOCK,0,normal
859,294079,8834,8847,-0.02730,0.10920,-0.67470,0.68402,994.36,1000,5.64,50.00,201,2.2161,-0.5743,LOCK,0,normal
860,294091,8846,8859,-0.05850,0.20670,-0.55380,0.59400,994.39,1000,5.61,50.00,201,2.2323,-0.3286,LOCK,0,normal
861,294099,8854,8867,-0.05850,0.20670,-0.55380,0.59400,994.42,1000,5.58,50.00,201,2.2312,-0.3457,LOCK,0,normal
862,294108,8863,8876,-0.23010,-0.10140,-0.69030,0.73467,994.44,1000,5.56,50.00,201,2.2299,-0.3649,LOCK,0,normal
863,294116,8871,8884,-0.20280,-0.19500,-0.63960,0.69874,994.46,1000,5.54,50.00,201,2.2032,-0.7696,LOCK,0,normal
864,294125,8880,8893,-0.21450,0.10140,-0.86970,0.90148,994.48,1000,5.52,50.00,201,2.2298,-0.3661,LOCK,0,normal
865,294133,8888,8901,0.13260,0.17550,-0.98670,1.01092,994.52,1000,5.48,50.00,201,2.2254,-0.4336,LOCK,0,normal
866,294142,8897,8910,0.13260,0.17550,-0.98670,1.01092,994.56,1000,5.44,50.00,201,2.2313,-0.3438,LOCK,0,normal
867,294155,8910,8923,-0.05070,-0.07410,-0.86970,0.87432,994.59,1000,5.41,50.00,201,2.2301,-0.3624,LOCK,0,normal
868,294163,8918,8931,-0.23010,0.08580,-0.80730,0.84383,994.62,1000,5.38,50.00,201,2.2208,-0.5035,LOCK,0,normal
869,294172,8927,8940,-0.23010,0.08580,-0.80730,0.84383,994.65,1000,5.35,50.00,201,2.2143,-0.6012,LOCK,0,normal
870,294180,8935,8948,-0.24960,-0.21060,-0.92820,0.98398,994.67,1000,5.33,50.00,201,2.2097,-0.6707,LOCK,0,normal
871,294189,8944,8957,-0.10920,-0.28080,-0.74490,0.80352,994.71,1000,5.29,50.00,201,2.2197,-0.5196,LOCK,0,normal
872,294197,8952,8965,0.28470,-0.03510,-0.72930,0.78369,994.74,1000,5.26,50.00,201,2.2304,-0.3576,LOCK,0,normal
873,294206,8961,8974,0.13650,0.02340,-0.58110,0.59738,994.76,1000,5.24,50.00,201,2.2318,-0.3371,LOCK,0,normal
874,294214,8969,8982,-0.26520,-0.51870,-0.61620,0.84799,994.79,1000,5.21,50.00,201,2.2046,-0.7486,LOCK,0,normal
875,294223,8978,8991,-0.26520,-0.51870,-0.61620,0.84799,994.81,1000,5.19,50.00,201,2.2244,-0.4482,LOCK,0,normal
876,294231,8986,8999,-0.42120,0.42900,-0.60060,0.84981,994.83,1000,5.17,50.00,201,2.2097,-0.6720,LOCK,0,normal
877,294239,8994,9007,-0.40560,0.07410,-0.80730,0.90650,994.85,1000,5.15,50.00,201,2.2195,-0.5227,LOCK,0,normal
878,294250,9005,9018,-0.20670,-0.25740,-0.90480,0.96314,994.88,1000,5.12,50.00,201,2.2301,-0.3615,LOCK,0,normal
879,294258,9013,9026,0.12870,-0.21450,-0.80730,0.84517,994.92,1000,5.08,50.00,201,2.2309,-0.3493,LOCK,0,normal
880,294267,9022,9035,0.01950,0.07410,-0.90090,0.90415,994.95,1000,5.05,50.00,201,2.2225,-0.4769,LOCK,0,normal
881,294275,9030,9043,0.01950,0.07410,-0.90090,0.90415,994.97,1000,5.03,50.00,201,2.2161,-0.5740,LOCK,0,normal
882,294283,9038,9051,-0.07020,-0.23400,-0.81120,0.84719,995.00,1000,5.00,50.00,201,2.2196,-0.5206,LOCK,0,normal
883,294292,9047,9060,-0.16380,0.37440,-0.67860,0.79215,995.02,1000,4.98,50.00,201,2.2184,-0.5395,LOCK,0,normal
884,294356,9111,9124,-0.42510,0.04290,-0.76830,0.87911,995.06,1000,4.94,50.00,201,2.2332,-0.3151,LOCK,0,normal
885,294365,9120,9133,-0.30420,0.17160,-0.90090,0.96623,995.09,1000,4.91,50.00,201,2.2084,-0.6903,LOCK,0,normal
886,294373,9128,9141,-0.14820,0.17940,-0.74490,0.78040,995.13,1000,4.87,50.00,201,2.2199,-0.5163,LOCK,0,normal
887,294382,9137,9150,0.26910,-0.27690,-0.80340,0.89137,995.16,1000,4.84,50.00,201,2.2154,-0.5853,LOCK,0,normal
888,294390,9145,9158,0.10920,-0.17940,-0.79950,0.82663,995.19,1000,4.81,50.00,201,2.2202,-0.5114,LOCK,0,normal
889,294401,9156,9169,-0.14820,-0.05460,-0.76050,0.77673,995.22,1000,4.78,50.00,201,2.2297,-0.3685,LOCK,0,normal
890,294409,9164,9177,-0.42510,0.13260,-0.28470,0.52853,995.24,1000,4.76,50.00,201,2.2390,-0.2269,LOCK,0,normal
891,294418,9173,9186,-0.42510,0.13260,-0.28470,0.52853,995.26,1000,4.74,50.00,201,2.2068,-0.7156,LOCK,0,normal
892,294426,9181,9194,-0.40170,0.13650,-0.64350,0.77077,995.28,1000,4.72,50.00,201,2.2153,-0.5859,LOCK,0,normal
893,294435,9190,9203,-0.04290,0.03900,-0.92430,0.92612,995.31,1000,4.69,50.00,201,2.2195,-0.5233,LOCK,0,normal
894,294443,9198,9211,0.06240,-0.24960,-0.93990,0.97448,995.34,1000,4.66,50.00,201,2.2162,-0.5722,LOCK,0,normal
895,294455,9210,9223,0.03120,0.06240,-0.90090,0.90360,995.36,1000,4.64,50.00,201,2.2301,-0.3621,LOCK,0,normal
896,294463,9218,9231,-0.15600,-0.30810,-0.87750,0.94301,995.38,1000,4.62,50.00,201,2.2301,-0.3624,LOCK,0,normal
897,294472,9227,9240,-0.20280,0.42900,-0.67080,0.82167,995.40,1000,4.60,50.00,201,2.2048,-0.7461,LOCK,0,normal
898,294480,9235,9248,0.08580,-0.40560,-0.65130,0.77205,995.42,1000,4.58,50.00,201,2.2181,-0.5438,LOCK,0,normal
899,294489,9244,9257,0.08580,-0.40560,-0.65130,0.77205,995.43,1000,4.57,50.00,201,2.2239,-0.4565,LOCK,0,normal
900,294497,9252,9265,-0.08190,-0.25350,-0.65130,0.70368,995.49,1000,4.51,50.00,201,2.2185,-0.5374,LOCK,0,normal
901,294506,9261,9274,0.21450,-0.18720,-0.59280,0.65762,995.53,1000,4.47,50.00,201,2.2330,-0.3182,LOCK,0,normal
902,294514,9269,9282,-0.11310,-0.18720,-0.70200,0.73528,995.57,1000,4.43,50.00,201,2.2329,-0.3203,LOCK,0,normal
903,294523,9278,9291,-0.30030,0.24570,-0.67080,0.77493,995.61,1000,4.39,50.00,201,2.2138,-0.6091,LOCK,0,normal
904,294531,9286,9299,-0.30030,0.24570,-0.67080,0.77493,995.64,1000,4.36,50.00,201,2.2330,-0.3176,LOCK,0,normal
905,294540,9295,9308,-0.44460,-0.17160,-0.76830,0.90410,995.67,1000,4.33,50.00,201,2.2123,-0.6311,LOCK,0,normal
906,294548,9303,9316,-0.25740,0.18720,-0.83460,0.89323,995.70,1000,4.30,50.00,201,2.2285,-0.3869,LOCK,0,normal
907,294562,9317,9330,0.05460,-0.05460,-0.98280,0.98583,995.71,1000,4.29,50.00,201,2.2309,-0.3496,LOCK,0,normal
908,294571,9326,9339,0.05460,-0.05460,-0.98280,0.98583,995.73,1000,4.27,50.00,201,2.2063,-0.7226,LOCK,0,normal
909,294579,9334,9347,-0.07020,-0.31980,-1.02570,1.07669,995.74,1000,4.26,50.00,201,2.2071,-0.7110,LOCK,0,normal
910,294588,9343,9356,-0.32760,0.41340,-0.90480,1.04732,995.75,1000,4.25,50.00,201,2.2188,-0.5337,LOCK,0,normal
911,294596,9351,9364,-0.31200,0.28470,-0.77610,0.88359,995.76,1000,4.24,50.00,201,2.2295,-0.3710,LOCK,0,normal
912,294609,9364,9377,-0.30030,-0.28860,-0.79170,0.89457,995.77,1000,4.23,50.00,201,2.2323,-0.3292,LOCK,0,normal
913,294618,9373,9386,0.23790,0.11700,-0.75660,0.80170,995.78,1000,4.22,50.00,201,2.2301,-0.3621,LOCK,0,normal
914,294626,9381,9394,0.08970,-0.18720,-0.78390,0.81092,995.79,1000,4.21,50.00,201,2.2105,-0.6595,LOCK,0,normal
915,294635,9390,9403,0.06630,-0.09750,-0.74880,0.75803,995.79,1000,4.21,50.00,201,2.2175,-0.5526,LOCK,0,normal
916,294643,9398,9411,0.06630,-0.09750,-0.74880,0.75803,995.80,1000,4.20,50.00,201,2.2202,-0.5114,LOCK,0,normal
917,294652,9407,9420,-0.25350,-0.02730,-0.74100,0.78364,995.80,1000,4.20,50.00,201,2.2298,-0.3661,LOCK,0,normal
918,294660,9415,9428,0.12480,-0.05850,-0.88140,0.89211,995.80,1000,4.20,50.00,201,2.2310,-0.3484,LOCK,0,normal
919,294669,9424,9437,-0.47580,-0.08190,-0.65520,0.81387,995.81,1000,4.19,50.00,201,2.2317,-0.3383,LOCK,0,normal
920,294677,9432,9445,0.26910,-0.00390,-0.62010,0.67598,995.82,1000,4.18,50.00,201,2.2220,-0.4845,LOCK,0,normal
921,294685,9440,9453,0.04290,-0.10530,-0.87360,0.88097,995.84,1000,4.16,50.00,201,2.2204,-0.5090,LOCK,0,normal
922,294694,9449,9462,0.04290,-0.10530,-0.87360,0.88097,995.85,1000,4.15,50.00,201,2.2222,-0.4812,LOCK,0,normal
923,294705,9460,9473,-0.08970,-0.08190,-1.04520,1.05223,995.86,1000,4.14,50.00,201,2.2328,-0.3212,LOCK,0,normal
924,294714,9469,9482,-0.32370,0.35880,-0.86580,0.99153,995.87,1000,4.13,50.00,201,2.2221,-0.4830,LOCK,0,normal
925,294722,9477,9490,-0.45240,0.10140,-0.90480,1.01667,995.88,1000,4.12,50.00,201,2.2093,-0.6769,LOCK,0,normal
926,294731,9486,9499,-0.12870,0.10530,-0.83460,0.85100,995.89,1000,4.11,50.00,201,2.2275,-0.4015,LOCK,0,normal
927,294739,9494,9507,0.12090,-0.20670,-0.90090,0.93218,995.90,1000,4.10,50.00,201,2.2237,-0.4586,LOCK,0,normal
928,294748,9503,9516,0.17550,0.00390,-0.82290,0.84142,995.91,1000,4.09,50.00,201,2.2210,-0.5004,LOCK,0,normal
929,294766,9521,9534,-0.04290,-0.43680,-0.84240,0.94988,995.91,1000,4.09,50.00,201,2.2327,-0.3231,LOCK,0,normal
930,294775,9530,9543,-0.26520,0.40950,-0.65520,0.81689,995.92,1000,4.08,50.00,201,2.2065,-0.7190,LOCK,0,normal
931,294783,9538,9551,-0.23400,0.13260,-0.74880,0.79564,995.92,1000,4.08,50.00,201,2.2223,-0.4797,LOCK,0,normal
932,294792,9547,9560,-0.14040,-0.37050,-0.69810,0.80270,995.93,1000,4.07,50.00,201,2.2157,-0.5810,LOCK,0,normal
933,294800,9555,9568,0.11700,0.11310,-0.62400,0.64487,995.93,1000,4.07,50.00,201,2.2115,-0.6433,LOCK,0,normal
934,294810,9565,9578,-0.05070,-0.07410,-0.58500,0.59185,995.93,1000,4.07,50.00,201,2.2332,-0.3145,LOCK,0,normal
935,294818,9573,9586,-0.05070,-0.07410,-0.58500,0.59185,995.93,1000,4.07,50.00,201,2.2321,-0.3322,LOCK,0,normal
936,294827,9582,9595,-0.23010,-0.08970,-0.63960,0.68562,995.93,1000,4.07,50.00,201,2.2073,-0.7080,LOCK,0,normal
937,294835,9590,9603,-0.50700,0.28470,-0.55380,0.80299,995.94,1000,4.06,50.00,201,2.2142,-0.6036,LOCK,0,normal
938,294843,9598,9611,-0.33150,0.26130,-0.75660,0.86638,995.94,1000,4.06,50.00,201,2.2122,-0.6335,LOCK,0,normal
939,294852,9607,9620,-0.28860,-0.12090,-0.97890,1.02769,995.92,1000,4.08,50.00,201,2.2064,-0.7205,LOCK,0,normal
940,294864,9619,9632,0.24570,0.11310,-1.04910,1.08341,995.90,1000,4.10,50.00,201,2.2304,-0.3576,LOCK,0,normal
941,294872,9627,9640,-0.01170,-0.24180,-0.99060,1.01975,995.89,1000,4.11,50.00,201,2.2311,-0.3463,LOCK,0,normal
942,294881,9636,9649,-0.03510,0.40170,-0.81510,0.90939,995.87,1000,4.13,50.00,201,2.2071,-0.7113,LOCK,0,normal
943,294889,9644,9657,-0.03510,0.40170,-0.81510,0.90939,995.86,1000,4.14,50.00,201,2.2213,-0.4955,LOCK,0,normal
944,294897,9652,9665,-0.39780,-0.14040,-0.80340,0.90742,995.85,1000,4.15,50.00,201,2.2138,-0.6088,LOCK,0,normal
945,294906,9661,9674,-0.07020,0.15210,-0.72930,0.74829,995.84,1000,4.16,50.00,201,2.2130,-0.6216,LOCK,0,normal
946,294972,9727,9740,-0.28080,-0.04680,-0.62010,0.68232,995.86,1000,4.14,50.00,201,2.2319,-0.3356,LOCK,0,normal
947,294980,9735,9748,-0.01950,0.15990,-0.90480,0.91903,995.88,1000,4.12,50.00,201,2.2133,-0.6164,LOCK,0,normal
948,294989,9744,9757,0.16770,-0.23790,-0.98670,1.02874,995.89,1000,4.11,50.00,201,2.2163,-0.5715,LOCK,0,normal
949,294997,9752,9765,-0.01170,0.22620,-0.89310,0.92137,995.91,1000,4.09,50.00,201,2.2246,-0.4461,LOCK,0,normal
950,295005,9760,9773,-0.28470,0.18720,-0.97890,1.03651,995.92,1000,4.08,50.00,201,2.2272,-0.4067,LOCK,0,normal
951,295016,9771,9784,-0.24960,-0.17160,-0.72150,0.78250,995.93,1000,4.07,50.00,201,2.2304,-0.3579,LOCK,0,normal
952,295024,9779,9792,-0.17160,-0.57330,-0.58500,0.83687,995.94,1000,4.06,50.00,201,2.2247,-0.4439,LOCK,0,normal
953,295033,9788,9801,-0.17160,-0.57330,-0.58500,0.83687,995.95,1000,4.05,50.00,201,2.2031,-0.7712,LOCK,0,normal
954,295041,9796,9809,0.00390,-0.14820,-0.49920,0.52075,995.96,1000,4.04,50.00,201,2.2269,-0.4104,LOCK,0,normal
955,295050,9805,9818,0.07410,-0.05460,-0.52650,0.53448,995.97,1000,4.03,50.00,201,2.2019,-0.7901,LOCK,0,normal
956,295058,9813,9826,-0.22620,-0.33540,-0.75270,0.85453,995.97,1000,4.03,50.00,201,2.2061,-0.7254,LOCK,0,normal
957,295069,9824,9837,-0.40170,0.26910,-0.86190,0.98826,995.98,1000,4.02,50.00,201,2.2319,-0.3356,LOCK,0,normal
958,295078,9833,9846,-0.40950,0.29250,-1.02960,1.14600,995.99,1000,4.01,50.00,201,2.2315,-0.3414,LOCK,0,normal
959,295086,9841,9854,-0.00390,-0.23010,-0.87750,0.90718,995.99,1000,4.01,50.00,201,2.2178,-0.5480,LOCK,0,normal
960,295094,9849,9862,-0.00390,-0.23010,-0.87750,0.90718,996.01,1000,3.99,50.00,201,2.2095,-0.6744,LOCK,0,normal
961,295103,9858,9871,0.12480,-0.09750,-0.72930,0.74630,996.03,1000,3.97,50.00,201,2.2305,-0.3560,LOCK,0,normal
962,295111,9866,9879,0.23400,-0.04680,-0.73320,0.77106,996.05,1000,3.95,50.00,201,2.2252,-0.4369,LOCK,0,normal
963,295120,9875,9888,-0.00780,-0.26910,-0.79950,0.84361,996.07,1000,3.93,50.00,201,2.2323,-0.3283,LOCK,0,normal
964,295128,9883,9896,-0.36270,0.07800,-0.61620,0.71926,996.08,1000,3.92,50.00,201,2.2249,-0.4415,LOCK,0,normal
965,295137,9892,9905,-0.36270,0.07800,-0.61620,0.71926,996.09,1000,3.91,50.00,201,2.2077,-0.7013,LOCK,0,normal
966,295145,9900,9913,-0.30420,0.09750,-0.61620,0.69408,996.11,1000,3.89,50.00,201,2.2252,-0.4357,LOCK,0,normal
967,295153,9908,9921,-0.31590,-0.05460,-0.62400,0.70153,996.12,1000,3.88,50.00,201,2.2220,-0.4855,LOCK,0,normal
968,295162,9917,9930,0.31200,-0.08970,-0.83070,0.89188,996.13,1000,3.87,50.00,201,2.2337,-0.3069,LOCK,0,normal
969,295177,9932,9945,-0.02730,-0.31590,-0.98670,1.03640,996.14,1000,3.86,50.00,201,2.2314,-0.3417,LOCK,0,normal
970,295186,9941,9954,-0.05850,0.04680,-0.88140,0.88458,996.15,1000,3.85,50.00,201,2.2144,-0.6002,LOCK,0,normal
971,295194,9949,9962,-0.40950,0.26910,-0.69420,0.84972,996.15,1000,3.85,50.00,201,2.2154,-0.5847,LOCK,0,normal
972,295202,9957,9970,-0.15990,-0.14820,-0.99840,1.02193,996.16,1000,3.84,50.00,201,2.2173,-0.5566,LOCK,0,normal
973,295221,9976,9989,0.12090,-0.30810,-0.54990,0.64182,996.18,1000,3.82,50.00,201,2.2345,-0.2950,LOCK,0,normal
