sample_index,time_ms_raw,time_ms_zero,elapsed_ms,ax_g,ay_g,az_g,total_g,rpm,target_rpm,rpm_error,pwm_eq,duty_10bit,acs_v,current_a,control_mode,state,fault_type
1370,9338120,0,14091.0,0.3744,0.0156,-0.4173,0.56085,991.97,1000.0,8.03,54.25,218.0,2.2735,0.296,LOCK,1,unbalance
1371,9338128,8,14099.0,-0.5811,0.195,-1.0257,1.19489,991.93,1000.0,8.07,54.25,218.0,2.2415,-0.1897,LOCK,1,unbalance
1372,9338137,17,14108.0,-0.3822,0.0234,-0.7137,0.80993,991.89,1000.0,8.11,54.25,218.0,2.257,0.046,LOCK,1,unbalance
1373,9338145,25,14116.0,0.1209,-0.0702,-0.9321,0.94253,991.86,1000.0,8.14,54.25,218.0,2.2559,0.0295,LOCK,1,unbalance
1374,9338154,34,14125.0,0.6903,-0.1599,-0.4173,0.82233,991.83,1000.0,8.17,54.25,218.0,2.2754,0.325,LOCK,1,unbalance
1375,9338167,47,14138.0,-0.2379,-0.312,-1.1037,1.17136,991.77,1000.0,8.23,54.25,218.0,2.2673,0.2011,LOCK,1,unbalance
1376,9338175,55,14146.0,0.1677,-0.0078,-0.4485,0.47889,991.73,1000.0,8.27,54.25,218.0,2.27,0.242,LOCK,1,unbalance
1377,9338184,64,14155.0,-0.6201,0.2925,-0.975,1.19193,991.69,1000.0,8.31,54.25,218.0,2.2677,0.2068,LOCK,1,unbalance
1378,9338192,72,14163.0,-0.6201,0.2925,-0.975,1.19193,991.65,1000.0,8.35,54.25,218.0,2.2555,0.0234,LOCK,1,unbalance
1379,9338201,81,14172.0,-0.2301,-0.0156,-0.6591,0.69829,991.62,1000.0,8.38,54.25,218.0,2.2595,0.0838,LOCK,1,unbalance
1380,9338209,89,14180.0,0.312,-0.1833,-0.8892,0.96001,991.59,1000.0,8.41,54.25,218.0,2.2651,0.1678,LOCK,1,unbalance
1381,9338218,98,14189.0,0.8112,-0.0429,-0.3471,0.88338,991.56,1000.0,8.44,54.25,218.0,2.2761,0.3348,LOCK,1,unbalance
1382,9338226,106,14197.0,0.0078,-0.3237,-1.0959,1.14273,991.54,1000.0,8.46,54.25,218.0,2.2704,0.2478,LOCK,1,unbalance
1383,9338234,114,14205.0,0.0936,-0.0702,-0.4992,0.51273,991.5,1000.0,8.5,54.25,218.0,2.2455,-0.1292,LOCK,1,unbalance
1384,9338243,123,14214.0,0.0936,-0.0702,-0.4992,0.51273,991.46,1000.0,8.54,54.25,218.0,2.263,0.1357,LOCK,1,unbalance
1385,9338251,131,14222.0,-0.6942,0.2496,-0.9672,1.21642,991.42,1000.0,8.58,54.25,218.0,2.2576,0.0539,LOCK,1,unbalance
1386,9338262,142,14233.0,-0.0975,0.078,-0.8229,0.83232,991.39,1000.0,8.61,54.25,218.0,2.2633,0.1406,LOCK,1,unbalance
1387,9338276,156,14247.0,0.7527,-0.0585,-0.585,0.95509,991.37,1000.0,8.63,54.25,218.0,2.2458,-0.125,LOCK,1,unbalance
1388,9338284,164,14255.0,0.7527,-0.0585,-0.585,0.95509,991.34,1000.0,8.66,54.25,218.0,2.2669,0.1959,LOCK,1,unbalance
1389,9338292,172,14263.0,0.1053,-0.117,-1.092,1.10329,991.3,1000.0,8.7,54.25,218.0,2.2578,0.057,LOCK,1,unbalance
1390,9338301,181,14272.0,-0.1638,-0.1599,-0.6162,0.65734,991.26,1000.0,8.74,54.25,218.0,2.2621,0.1226,LOCK,1,unbalance
1391,9338321,201,14292.0,0.0195,-0.1209,-0.741,0.75105,991.23,1000.0,8.77,54.25,218.0,2.2935,0.5985,LOCK,1,unbalance
1392,9338329,209,14300.0,0.4251,-0.0819,-0.7683,0.88187,991.19,1000.0,8.81,54.25,218.0,2.2753,0.3235,LOCK,1,unbalance
1393,9338338,218,14309.0,0.7683,-0.117,-0.3159,0.83891,991.17,1000.0,8.83,54.25,218.0,2.258,0.0603,LOCK,1,unbalance
1394,9338346,226,14317.0,0.7683,-0.117,-0.3159,0.83891,991.14,1000.0,8.86,54.25,218.0,2.2678,0.209,LOCK,1,unbalance
1395,9338354,234,14325.0,0.1521,-0.0234,-1.0998,1.11051,991.11,1000.0,8.89,54.25,218.0,2.242,-0.182,LOCK,1,unbalance
1396,9338365,245,14336.0,0.0975,-0.3081,-0.6474,0.72357,991.07,1000.0,8.93,54.25,218.0,2.2695,0.2349,LOCK,1,unbalance
1397,9338373,253,14344.0,-0.6942,0.0897,-0.8814,1.12553,991.04,1000.0,8.96,54.25,218.0,2.2758,0.3302,LOCK,1,unbalance
1398,9338382,262,14353.0,0.0429,-0.0078,-0.8775,0.87858,991.02,1000.0,8.98,54.25,218.0,2.2682,0.2151,LOCK,1,unbalance
1399,9338390,270,14361.0,0.4095,-0.0039,-0.8073,0.90523,990.99,1000.0,9.01,54.25,218.0,2.2719,0.2706,LOCK,1,unbalance
1400,9338399,279,14370.0,0.78,0.0585,-0.6591,1.02286,990.97,1000.0,9.03,54.25,218.0,2.2766,0.3418,LOCK,1,unbalance
1401,9338407,287,14378.0,0.78,0.0585,-0.6591,1.02286,990.95,1000.0,9.05,54.25,218.0,2.276,0.3338,LOCK,1,unbalance
1402,9338416,296,14387.0,0.1443,0.0702,-1.092,1.10373,990.92,1000.0,9.08,54.25,218.0,2.2695,0.2346,LOCK,1,unbalance
1403,9338424,304,14395.0,0.1287,-0.1911,-0.7956,0.82829,990.89,1000.0,9.11,54.25,218.0,2.2761,0.3344,LOCK,1,unbalance
1404,9338433,313,14404.0,-0.6708,0.0663,-0.7644,1.01915,990.87,1000.0,9.13,54.25,218.0,2.2723,0.2768,LOCK,1,unbalance
1405,9338441,321,14412.0,0.156,-0.0351,-0.9633,0.97648,990.84,1000.0,9.16,54.25,218.0,2.2566,0.0399,LOCK,1,unbalance
1406,9338450,330,14421.0,0.429,-0.1131,-0.585,0.73421,990.82,1000.0,9.18,54.25,218.0,2.2616,0.1147,LOCK,1,unbalance
1407,9338458,338,14429.0,0.429,-0.1131,-0.585,0.73421,990.8,1000.0,9.2,54.25,218.0,2.2573,0.0499,LOCK,1,unbalance
1408,9338467,347,14438.0,0.6903,0.2262,-0.5382,0.90407,990.78,1000.0,9.22,54.25,218.0,2.2563,0.035,LOCK,1,unbalance
1409,9338481,361,14452.0,0.0624,0.0117,-0.8502,0.85257,990.76,1000.0,9.24,54.25,218.0,2.2764,0.3399,LOCK,1,unbalance
1410,9338489,369,14460.0,0.0624,0.0117,-0.8502,0.85257,990.74,1000.0,9.26,54.25,218.0,2.2502,-0.0581,LOCK,1,unbalance
1411,9338498,378,14469.0,-0.7722,0.0156,-0.7059,1.04634,990.73,1000.0,9.27,54.25,218.0,2.2495,-0.0676,LOCK,1,unbalance
1412,9338506,386,14477.0,0.2301,0.0858,-0.9867,1.0168,990.71,1000.0,9.29,54.25,218.0,2.2571,0.0472,LOCK,1,unbalance
1413,9338514,394,14485.0,0.2847,-0.039,-0.6201,0.68345,990.7,1000.0,9.3,54.25,218.0,2.2451,-0.1344,LOCK,1,unbalance
1414,9338523,403,14494.0,0.6006,0.6084,-0.7644,1.14681,990.68,1000.0,9.32,54.25,218.0,2.2747,0.314,LOCK,1,unbalance
1415,9338531,411,14502.0,-0.234,-0.2847,-0.8073,0.88744,990.67,1000.0,9.33,54.25,218.0,2.2766,0.3427,LOCK,1,unbalance
1416,9338540,420,14511.0,-0.234,-0.2847,-0.8073,0.88744,990.65,1000.0,9.35,54.25,218.0,2.2627,0.1321,LOCK,1,unbalance
1417,9338548,428,14519.0,-0.117,0.0234,-1.0725,1.07912,990.64,1000.0,9.36,54.25,218.0,2.2538,-0.0032,LOCK,1,unbalance
1418,9338557,437,14528.0,-0.6201,-0.0078,-0.6045,0.86603,990.63,1000.0,9.37,54.25,218.0,2.263,0.1369,LOCK,1,unbalance
1419,9338565,445,14536.0,0.2925,-0.1911,-1.053,1.10945,990.61,1000.0,9.39,54.25,218.0,2.276,0.3335,LOCK,1,unbalance
1420,9338578,458,14549.0,0.4407,-0.2067,-0.5577,0.74025,990.6,1000.0,9.4,54.25,218.0,2.2669,0.1959,LOCK,1,unbalance
1421,9338586,466,14557.0,0.1287,0.9477,-1.0803,1.44283,990.59,1000.0,9.41,54.25,218.0,2.2684,0.2178,LOCK,1,unbalance
1422,9338595,475,14566.0,0.0702,-0.0429,-0.5733,0.57917,990.59,1000.0,9.41,54.25,218.0,2.268,0.2126,LOCK,1,unbalance
1423,9338603,483,14574.0,-0.2106,0.0273,-1.0764,1.09715,990.58,1000.0,9.42,54.25,218.0,2.2528,-0.0184,LOCK,1,unbalance
1424,9338612,492,14583.0,-0.2106,0.0273,-1.0764,1.09715,990.58,1000.0,9.42,54.25,218.0,2.2602,0.0945,LOCK,1,unbalance
1425,9338620,500,14591.0,-0.6435,-0.1092,-0.5499,0.85347,990.58,1000.0,9.42,54.25,218.0,2.257,0.046,LOCK,1,unbalance
1426,9338629,509,14600.0,0.1989,-0.1092,-0.9789,1.00485,990.57,1000.0,9.43,54.25,218.0,2.2589,0.0741,LOCK,1,unbalance
1427,9338682,562,14653.0,-0.5304,-0.1638,-0.507,0.7518,990.57,1000.0,9.43,54.25,218.0,2.2834,0.4456,LOCK,1,unbalance
1428,9338691,571,14662.0,0.3159,-0.234,-1.1193,1.18633,990.57,1000.0,9.43,54.25,218.0,2.2472,-0.1033,LOCK,1,unbalance
1429,9338699,579,14670.0,0.5655,-0.0507,-0.507,0.76119,990.57,1000.0,9.43,54.25,218.0,2.2592,0.078,LOCK,1,unbalance
1430,9338708,588,14679.0,0.2964,0.429,-1.0881,1.20659,990.57,1000.0,9.43,54.25,218.0,2.2516,-0.0364,LOCK,1,unbalance
1431,9338716,596,14687.0,0.3666,-0.0663,-0.2301,0.43788,990.58,1000.0,9.42,54.25,218.0,2.2541,0.0014,LOCK,1,unbalance
1432,9338729,609,14700.0,-0.5343,0.1872,-1.131,1.26479,990.59,1000.0,9.41,54.25,218.0,2.2745,0.3109,LOCK,1,unbalance
1433,9338737,617,14708.0,-0.507,-0.1833,-0.5928,0.80129,990.6,1000.0,9.4,54.25,218.0,2.2657,0.1778,LOCK,1,unbalance
1434,9338746,626,14717.0,0.2457,0.0,-1.0413,1.06989,990.61,1000.0,9.39,54.25,218.0,2.2539,-0.0016,LOCK,1,unbalance
1435,9338754,634,14725.0,0.2457,0.0,-1.0413,1.06989,990.62,1000.0,9.38,54.25,218.0,2.2681,0.2136,LOCK,1,unbalance
1436,9338763,643,14734.0,0.4875,-0.2184,-0.468,0.7102,990.63,1000.0,9.37,54.25,218.0,2.2667,0.1922,LOCK,1,unbalance
1437,9338771,651,14742.0,0.2613,0.2691,-1.1817,1.2398,990.64,1000.0,9.36,54.25,218.0,2.2708,0.2545,LOCK,1,unbalance
1438,9338782,662,14753.0,0.2106,-0.0624,-0.4173,0.47158,990.64,1000.0,9.36,54.25,218.0,2.2758,0.3305,LOCK,1,unbalance
1439,9338790,670,14761.0,-0.3861,0.4212,-1.2051,1.3337,990.65,1000.0,9.35,54.25,218.0,2.2748,0.3146,LOCK,1,unbalance
1440,9338799,679,14770.0,-0.4173,-0.0741,-0.5499,0.69428,990.66,1000.0,9.34,54.25,218.0,2.2801,0.3958,LOCK,1,unbalance
1441,9338807,687,14778.0,0.312,-0.0624,-1.0335,1.08137,990.66,1000.0,9.34,54.25,218.0,2.2636,0.1455,LOCK,1,unbalance
1442,9338816,696,14787.0,0.312,-0.0624,-1.0335,1.08137,990.67,1000.0,9.33,54.25,218.0,2.2623,0.1263,LOCK,1,unbalance
1443,9338826,706,14797.0,0.7176,-0.0702,-0.3159,0.78719,990.67,1000.0,9.33,54.25,218.0,2.2714,0.2642,LOCK,1,unbalance
1444,9338887,767,14858.0,0.663,-0.0936,-0.3978,0.77883,990.69,1000.0,9.31,54.25,218.0,2.2775,0.3555,LOCK,1,unbalance
1445,9338895,775,14866.0,-0.0546,-0.2301,-1.1661,1.18984,990.73,1000.0,9.27,54.25,218.0,2.262,0.1217,LOCK,1,unbalance
1446,9338904,784,14875.0,0.1209,-0.0429,-0.4407,0.45899,990.76,1000.0,9.24,54.25,218.0,2.2611,0.1079,LOCK,1,unbalance
1447,9338912,792,14883.0,-0.6045,0.3393,-1.2519,1.43101,990.78,1000.0,9.22,54.25,218.0,2.25,-0.0599,LOCK,1,unbalance
1448,9338932,812,14903.0,0.3432,-0.1014,-0.9321,0.99844,990.81,1000.0,9.19,54.25,218.0,2.2787,0.3744,LOCK,1,unbalance
1449,9338941,821,14912.0,0.7137,-0.0507,-0.2691,0.76443,990.83,1000.0,9.17,54.25,218.0,2.271,0.2572,LOCK,1,unbalance
1450,9338949,829,14920.0,0.7137,-0.0507,-0.2691,0.76443,990.85,1000.0,9.15,54.25,218.0,2.2496,-0.067,LOCK,1,unbalance
1451,9338958,838,14929.0,-0.2886,-0.429,-1.1622,1.27202,990.88,1000.0,9.12,54.25,218.0,2.2653,0.1705,LOCK,1,unbalance
1452,9338966,846,14937.0,0.0507,-0.1716,-0.2496,0.30711,990.91,1000.0,9.09,54.25,218.0,2.238,-0.2422,LOCK,1,unbalance
1453,9338975,855,14946.0,-0.6435,0.429,-1.1271,1.36693,990.93,1000.0,9.07,54.25,218.0,2.2715,0.2648,LOCK,1,unbalance
1454,9338987,867,14958.0,-0.2808,0.039,-0.6279,0.68893,990.96,1000.0,9.04,54.25,218.0,2.2755,0.3256,LOCK,1,unbalance
1455,9338995,875,14966.0,0.3744,-0.1014,-0.9087,0.98802,990.98,1000.0,9.02,54.25,218.0,2.2713,0.2615,LOCK,1,unbalance
1456,9339004,884,14975.0,0.7527,0.0975,-0.3432,0.83298,991.0,1000.0,9.0,54.25,218.0,2.2547,0.01,LOCK,1,unbalance
1457,9339012,892,14983.0,-0.429,-0.5577,-1.1349,1.33532,991.02,1000.0,8.98,54.25,218.0,2.2562,0.0338,LOCK,1,unbalance
1458,9339021,901,14992.0,-0.429,-0.5577,-1.1349,1.33532,991.04,1000.0,8.96,54.25,218.0,2.2694,0.2334,LOCK,1,unbalance
1459,9339029,909,15000.0,0.2574,-0.1365,-0.4563,0.54138,991.06,1000.0,8.94,54.25,218.0,2.2631,0.1379,LOCK,1,unbalance
1460,9339038,918,15009.0,-0.7371,0.39,-1.0764,1.36164,991.07,1000.0,8.93,54.25,218.0,2.2761,0.3354,LOCK,1,unbalance
1461,9339046,926,15017.0,-0.2067,0.0429,-0.7488,0.77799,991.09,1000.0,8.91,54.25,218.0,2.2738,0.2996,LOCK,1,unbalance
1462,9339055,935,15026.0,0.1794,0.0273,-0.7956,0.81603,991.1,1000.0,8.9,54.25,218.0,2.2385,-0.2348,LOCK,1,unbalance
1463,9339063,943,15034.0,0.8346,-0.0468,-0.4056,0.92912,991.12,1000.0,8.88,54.25,218.0,2.2524,-0.0239,LOCK,1,unbalance
1464,9339071,951,15042.0,0.8346,-0.0468,-0.4056,0.92912,991.13,1000.0,8.87,54.25,218.0,2.2667,0.1931,LOCK,1,unbalance
1465,9339080,960,15051.0,-0.273,-0.3471,-1.2324,1.30913,991.16,1000.0,8.84,54.25,218.0,2.2683,0.2172,LOCK,1,unbalance
1466,9339093,973,15064.0,-0.9048,0.3081,-1.0218,1.39917,991.18,1000.0,8.82,54.25,218.0,2.2737,0.299,LOCK,1,unbalance
1467,9339102,982,15073.0,-0.9048,0.3081,-1.0218,1.39917,991.2,1000.0,8.8,54.25,218.0,2.2456,-0.1271,LOCK,1,unbalance
1468,9339110,990,15081.0,-0.0702,0.117,-0.7449,0.75729,991.22,1000.0,8.78,54.25,218.0,2.2533,-0.0099,LOCK,1,unbalance
1469,9339119,999,15090.0,0.4368,-0.2145,-0.6357,0.80057,991.24,1000.0,8.76,54.25,218.0,2.2669,0.1949,LOCK,1,unbalance
1470,9339127,1007,15098.0,0.8697,-0.0624,-0.3744,0.94892,991.26,1000.0,8.74,54.25,218.0,2.2625,0.1284,LOCK,1,unbalance
1471,9339137,1017,15108.0,-0.117,-0.429,-1.209,1.28818,991.29,1000.0,8.71,54.25,218.0,2.2731,0.289,LOCK,1,unbalance
1472,9339146,1026,15117.0,0.1443,-0.1521,-0.7917,0.81899,991.31,1000.0,8.69,54.25,218.0,2.2789,0.3778,LOCK,1,unbalance
1473,9339154,1034,15125.0,-0.6201,0.195,-0.9321,1.13638,991.34,1000.0,8.66,54.25,218.0,2.2431,-0.1659,LOCK,1,unbalance
1474,9339163,1043,15134.0,-0.6201,0.195,-0.9321,1.13638,991.36,1000.0,8.64,54.25,218.0,2.271,0.2572,LOCK,1,unbalance
1475,9339171,1051,15142.0,-0.0273,-0.0117,-0.819,0.81954,991.38,1000.0,8.62,54.25,218.0,2.2574,0.0509,LOCK,1,unbalance
1476,9339180,1060,15151.0,0.507,-0.1443,-0.6903,0.86855,991.4,1000.0,8.6,54.25,218.0,2.2775,0.3561,LOCK,1,unbalance
1477,9339191,1071,15162.0,0.8463,-0.0507,-0.3237,0.90751,991.41,1000.0,8.59,54.25,218.0,2.2751,0.3198,LOCK,1,unbalance
1478,9339200,1080,15171.0,0.1443,-0.0156,-1.1232,1.13254,991.44,1000.0,8.56,54.25,218.0,2.2673,0.2014,LOCK,1,unbalance
1479,9339208,1088,15179.0,0.117,-0.1053,-0.8814,0.89535,991.46,1000.0,8.54,54.25,218.0,2.2606,0.1006,LOCK,1,unbalance
1480,9339217,1097,15188.0,-0.5889,0.1248,-0.7683,0.97604,991.48,1000.0,8.52,54.25,218.0,2.2637,0.1464,LOCK,1,unbalance
1481,9339225,1105,15196.0,-0.5889,0.1248,-0.7683,0.97604,991.5,1000.0,8.5,54.25,218.0,2.2519,-0.0312,LOCK,1,unbalance
1482,9339297,1177,15268.0,0.0897,-0.1326,-0.9438,0.95728,991.53,1000.0,8.47,54.25,218.0,2.2743,0.307,LOCK,1,unbalance
1483,9339306,1186,15277.0,0.5148,-0.078,-0.6435,0.82777,991.56,1000.0,8.44,54.25,218.0,2.2564,0.0365,LOCK,1,unbalance
1484,9339314,1194,15285.0,0.5772,0.3042,-0.7332,0.98147,991.58,1000.0,8.42,54.25,218.0,2.2499,-0.0627,LOCK,1,unbalance
1485,9339323,1203,15294.0,-0.1638,-0.0936,-0.7176,0.74198,991.62,1000.0,8.38,54.25,218.0,2.2461,-0.1204,LOCK,1,unbalance
1486,9339331,1211,15302.0,-0.2691,0.0,-0.9438,0.98141,991.64,1000.0,8.36,54.25,218.0,2.2554,0.0206,LOCK,1,unbalance
1487,9339340,1220,15311.0,-0.6786,-0.1638,-0.6201,0.93373,991.67,1000.0,8.33,54.25,218.0,2.2739,0.3015,LOCK,1,unbalance
1488,9339348,1228,15319.0,-0.6786,-0.1638,-0.6201,0.93373,991.69,1000.0,8.31,54.25,218.0,2.2748,0.3155,LOCK,1,unbalance
1489,9339357,1237,15328.0,0.1326,-0.234,-1.0374,1.0717,991.71,1000.0,8.29,54.25,218.0,2.2454,-0.1301,LOCK,1,unbalance
1490,9339365,1245,15336.0,0.5187,-0.0429,-0.6357,0.82159,991.73,1000.0,8.27,54.25,218.0,2.2512,-0.0419,LOCK,1,unbalance
1491,9339374,1254,15345.0,0.3666,0.702,-0.9048,1.20244,991.74,1000.0,8.26,54.25,218.0,2.271,0.2569,LOCK,1,unbalance
1492,9339382,1262,15353.0,-0.0975,-0.1092,-0.6318,0.64854,991.77,1000.0,8.23,54.25,218.0,2.2495,-0.0682,LOCK,1,unbalance
1493,9339397,1277,15368.0,-0.1092,0.2613,-1.0842,1.12058,991.79,1000.0,8.21,54.25,218.0,2.2745,0.3109,LOCK,1,unbalance
1494,9339405,1285,15376.0,-0.5304,-0.2067,-0.6474,0.86208,991.82,1000.0,8.18,54.25,218.0,2.2763,0.3381,LOCK,1,unbalance
1495,9339414,1294,15385.0,0.3315,-0.0741,-1.0413,1.0953,991.84,1000.0,8.16,54.25,218.0,2.2493,-0.0715,LOCK,1,unbalance
1496,9339422,1302,15393.0,0.6123,0.0312,-0.4914,0.78572,991.85,1000.0,8.15,54.25,218.0,2.2604,0.0964,LOCK,1,unbalance
1497,9339431,1311,15402.0,0.6123,0.0312,-0.4914,0.78572,991.87,1000.0,8.13,54.25,218.0,2.2638,0.1482,LOCK,1,unbalance
1498,9339439,1319,15410.0,0.1638,1.0998,-1.2324,1.65988,991.88,1000.0,8.12,54.25,218.0,2.2635,0.1437,LOCK,1,unbalance
1499,9339447,1327,15418.0,-0.1209,0.2418,-0.2652,0.3787,991.89,1000.0,8.11,54.25,218.0,2.2778,0.3601,LOCK,1,unbalance
1500,9339456,1336,15427.0,-0.5772,0.234,-1.1934,1.34615,991.9,1000.0,8.1,54.25,218.0,2.2757,0.328,LOCK,1,unbalance
1501,9339464,1344,15435.0,-0.4446,-0.2613,-0.5538,0.75673,991.91,1000.0,8.09,54.25,218.0,2.2614,0.1122,LOCK,1,unbalance
1502,9339473,1353,15444.0,0.351,-0.0624,-1.0686,1.1265,991.91,1000.0,8.09,54.25,218.0,2.2585,0.0686,LOCK,1,unbalance
1503,9339481,1361,15452.0,0.351,-0.0624,-1.0686,1.1265,991.92,1000.0,8.08,54.25,218.0,2.2629,0.1345,LOCK,1,unbalance
1504,9339490,1370,15461.0,0.585,-0.0078,-0.4212,0.7209,991.93,1000.0,8.07,54.25,218.0,2.2711,0.2594,LOCK,1,unbalance
1505,9339505,1385,15476.0,-0.1014,0.1833,-0.2808,0.35033,991.93,1000.0,8.07,54.25,218.0,2.2627,0.1311,LOCK,1,unbalance
1506,9339513,1393,15484.0,-0.6084,0.4134,-1.1427,1.35898,991.94,1000.0,8.06,54.25,218.0,2.275,0.3186,LOCK,1,unbalance
1507,9339547,1427,15518.0,0.6006,0.0234,-0.3783,0.7102,991.95,1000.0,8.05,54.25,218.0,2.2677,0.2075,LOCK,1,unbalance
1508,9339555,1435,15526.0,0.0936,-0.0624,-1.0764,1.08226,991.95,1000.0,8.05,54.25,218.0,2.2796,0.3876,LOCK,1,unbalance
1509,9339564,1444,15535.0,0.0936,-0.0624,-1.0764,1.08226,991.96,1000.0,8.04,54.25,218.0,2.2586,0.0695,LOCK,1,unbalance
1510,9339572,1452,15543.0,0.1365,0.1248,-0.3471,0.3933,991.96,1000.0,8.04,54.25,218.0,2.272,0.2728,LOCK,1,unbalance
1511,9339580,1460,15551.0,-0.5148,0.2847,-1.3884,1.50789,991.97,1000.0,8.03,54.25,218.0,2.2584,0.067,LOCK,1,unbalance
1512,9339589,1469,15560.0,-0.4602,0.0312,-0.6201,0.77284,991.97,1000.0,8.03,54.25,218.0,2.2606,0.1006,LOCK,1,unbalance
1513,9339601,1481,15572.0,0.4329,-0.234,-1.0452,1.15525,991.98,1000.0,8.02,54.25,218.0,2.2734,0.2945,LOCK,1,unbalance
1514,9339610,1490,15581.0,0.6669,0.0624,-0.3315,0.74736,991.98,1000.0,8.02,54.25,218.0,2.2412,-0.1939,LOCK,1,unbalance
1515,9339619,1499,15590.0,-0.2145,-0.2262,-1.1466,1.18822,991.98,1000.0,8.02,54.25,218.0,2.2638,0.1485,LOCK,1,unbalance
1516,9339627,1507,15598.0,0.3198,-0.0624,-0.351,0.47892,991.97,1000.0,8.03,54.25,218.0,2.249,-0.0758,LOCK,1,unbalance
1517,9339635,1515,15606.0,-0.6006,0.2886,-1.1973,1.37023,991.97,1000.0,8.03,54.25,218.0,2.2526,-0.0206,LOCK,1,unbalance
1518,9339648,1528,15619.0,-0.4251,0.0429,-0.6123,0.74663,991.97,1000.0,8.03,54.25,218.0,2.2715,0.2655,LOCK,1,unbalance
1519,9339657,1537,15628.0,0.3393,-0.0312,-0.9126,0.97413,991.97,1000.0,8.03,54.25,218.0,2.2688,0.2236,LOCK,1,unbalance
1520,9339665,1545,15636.0,0.3393,-0.0312,-0.9126,0.97413,991.96,1000.0,8.04,54.25,218.0,2.2416,-0.1875,LOCK,1,unbalance
1521,9339674,1554,15645.0,0.8463,0.0273,-0.3042,0.89973,991.96,1000.0,8.04,54.25,218.0,2.2706,0.252,LOCK,1,unbalance
1522,9339682,1562,15653.0,-0.3822,-0.4563,-1.0686,1.22319,991.96,1000.0,8.04,54.25,218.0,2.2538,-0.0035,LOCK,1,unbalance
1523,9339690,1570,15661.0,0.4446,-0.2184,-0.429,0.65529,991.95,1000.0,8.05,54.25,218.0,2.2716,0.2673,LOCK,1,unbalance
1524,9339708,1588,15679.0,-0.2847,0.1677,-0.7488,0.81846,991.95,1000.0,8.05,54.25,218.0,2.2681,0.2136,LOCK,1,unbalance
1525,9339717,1597,15688.0,-0.2847,0.1677,-0.7488,0.81846,991.95,1000.0,8.05,54.25,218.0,2.253,-0.0154,LOCK,1,unbalance
1526,9339725,1605,15696.0,0.4485,-0.1677,-1.0569,1.16031,991.95,1000.0,8.05,54.25,218.0,2.2727,0.2841,LOCK,1,unbalance
1527,9339734,1614,15705.0,0.8112,0.0819,-0.4095,0.91238,991.94,1000.0,8.06,54.25,218.0,2.263,0.1357,LOCK,1,unbalance
1528,9339742,1622,15713.0,-0.3744,-0.4407,-1.3299,1.45018,991.94,1000.0,8.06,54.25,218.0,2.2622,0.1235,LOCK,1,unbalance
1529,9339751,1631,15722.0,0.195,-0.3783,-0.4251,0.60154,991.94,1000.0,8.06,54.25,218.0,2.2791,0.3799,LOCK,1,unbalance
1530,9339759,1639,15730.0,-0.7449,0.3432,-1.0374,1.32245,991.94,1000.0,8.06,54.25,218.0,2.2755,0.3253,LOCK,1,unbalance
1531,9339768,1648,15739.0,-0.7449,0.3432,-1.0374,1.32245,991.93,1000.0,8.07,54.25,218.0,2.2563,0.035,LOCK,1,unbalance
1532,9339776,1656,15747.0,-0.234,0.1872,-0.6318,0.69926,991.93,1000.0,8.07,54.25,218.0,2.2666,0.1916,LOCK,1,unbalance
1533,9339785,1665,15756.0,0.2379,-0.0507,-0.7176,0.7577,991.93,1000.0,8.07,54.25,218.0,2.2471,-0.1042,LOCK,1,unbalance
1534,9339793,1673,15764.0,0.8892,-0.2574,-0.3588,0.99281,991.93,1000.0,8.07,54.25,218.0,2.2612,0.1095,LOCK,1,unbalance
1535,9339808,1688,15779.0,-0.4173,-0.351,-1.3143,1.42293,991.91,1000.0,8.09,54.25,218.0,2.2712,0.2612,LOCK,1,unbalance
1536,9339817,1697,15788.0,-0.0858,-0.2964,-0.6474,0.71718,991.89,1000.0,8.11,54.25,218.0,2.2463,-0.1161,LOCK,1,unbalance
1537,9339825,1705,15796.0,-0.7566,0.3393,-0.9711,1.27695,991.88,1000.0,8.12,54.25,218.0,2.2457,-0.1259,LOCK,1,unbalance
1538,9339834,1714,15805.0,-0.1014,0.1092,-0.7371,0.75201,991.87,1000.0,8.13,54.25,218.0,2.2644,0.158,LOCK,1,unbalance
1539,9339842,1722,15813.0,0.3744,-0.0546,-0.78,0.86692,991.85,1000.0,8.15,54.25,218.0,2.2541,0.0017,LOCK,1,unbalance
1540,9339912,1792,15883.0,0.9321,0.1872,-0.5382,1.09248,991.83,1000.0,8.17,54.25,218.0,2.2774,0.3549,LOCK,1,unbalance
1541,9339921,1801,15892.0,0.9321,0.1872,-0.5382,1.09248,991.81,1000.0,8.19,54.25,218.0,2.2464,-0.1158,LOCK,1,unbalance
1542,9339929,1809,15900.0,-0.117,-0.0897,-1.2324,1.24119,991.78,1000.0,8.22,54.25,218.0,2.2626,0.1296,LOCK,1,unbalance
1543,9339937,1817,15908.0,0.0429,-0.195,-0.8814,0.90373,991.74,1000.0,8.26,54.25,218.0,2.2492,-0.0725,LOCK,1,unbalance
1544,9339946,1826,15917.0,-0.6747,0.1911,-0.78,1.04888,991.71,1000.0,8.29,54.25,218.0,2.2628,0.133,LOCK,1,unbalance
1545,9339956,1836,15927.0,0.0078,-0.0507,-0.8619,0.86343,991.69,1000.0,8.31,54.25,218.0,2.2715,0.2645,LOCK,1,unbalance
1546,9339965,1845,15936.0,0.3822,-0.1872,-0.624,0.75531,991.66,1000.0,8.34,54.25,218.0,2.2781,0.365,LOCK,1,unbalance
1547,9339973,1853,15944.0,0.6747,0.0624,-0.5109,0.84861,991.64,1000.0,8.36,54.25,218.0,2.2535,-0.0068,LOCK,1,unbalance
1548,9339982,1862,15953.0,0.6747,0.0624,-0.5109,0.84861,991.6,1000.0,8.4,54.25,218.0,2.2601,0.0918,LOCK,1,unbalance
1549,9339990,1870,15961.0,-0.2418,-0.3666,-1.0491,1.13731,991.57,1000.0,8.43,54.25,218.0,2.2626,0.1305,LOCK,1,unbalance
1550,9339999,1879,15970.0,0.0429,-0.0819,-0.8697,0.8746,991.54,1000.0,8.46,54.25,218.0,2.2749,0.317,LOCK,1,unbalance
1551,9340012,1892,15983.0,-0.5499,-0.234,-0.7137,0.93087,991.51,1000.0,8.49,54.25,218.0,2.2681,0.2139,LOCK,1,unbalance
1552,9340021,1901,15992.0,0.0273,-0.1521,-0.9087,0.92175,991.48,1000.0,8.52,54.25,218.0,2.2533,-0.0111,LOCK,1,unbalance
1553,9340029,1909,16000.0,0.7254,-0.2262,-0.5538,0.94025,991.46,1000.0,8.54,54.25,218.0,2.2606,0.1,LOCK,1,unbalance
1554,9340037,1917,16008.0,0.7098,0.2964,-0.5538,0.94782,991.44,1000.0,8.56,54.25,218.0,2.2656,0.1751,LOCK,1,unbalance
1555,9340046,1926,16017.0,0.0741,-0.0234,-0.9243,0.92756,991.41,1000.0,8.59,54.25,218.0,2.2625,0.1284,LOCK,1,unbalance
1556,9340057,1937,16028.0,0.039,0.0936,-0.8346,0.84074,991.38,1000.0,8.62,54.25,218.0,2.2712,0.2612,LOCK,1,unbalance
1557,9340066,1946,16037.0,-0.5109,-0.0585,-0.5967,0.78771,991.35,1000.0,8.65,54.25,218.0,2.2822,0.4275,LOCK,1,unbalance
1558,9340074,1954,16045.0,-0.5109,-0.0585,-0.5967,0.78771,991.32,1000.0,8.68,54.25,218.0,2.2527,-0.019,LOCK,1,unbalance
1559,9340082,1962,16053.0,0.078,-0.2691,-0.9867,1.02571,991.3,1000.0,8.7,54.25,218.0,2.2713,0.2624,LOCK,1,unbalance
1560,9340091,1971,16062.0,0.4056,-0.1989,-0.5109,0.68198,991.28,1000.0,8.72,54.25,218.0,2.2651,0.1678,LOCK,1,unbalance
1561,9340099,1979,16070.0,0.5928,0.3315,-0.78,1.03426,991.26,1000.0,8.74,54.25,218.0,2.2633,0.1412,LOCK,1,unbalance
1562,9340133,2013,16104.0,-0.546,-0.1989,-0.6669,0.88455,991.23,1000.0,8.77,54.25,218.0,2.2739,0.3018,LOCK,1,unbalance
1563,9340141,2021,16112.0,0.1482,-0.0819,-0.9945,1.00881,991.2,1000.0,8.8,54.25,218.0,2.2705,0.2499,LOCK,1,unbalance
1564,9340150,2030,16121.0,0.5304,-0.1326,-0.4836,0.72991,991.18,1000.0,8.82,54.25,218.0,2.2776,0.3576,LOCK,1,unbalance
1565,9340158,2038,16129.0,0.585,0.3393,-0.7293,0.9946,991.15,1000.0,8.85,54.25,218.0,2.2672,0.2004,LOCK,1,unbalance
1566,9340167,2047,16138.0,0.585,0.3393,-0.7293,0.9946,991.11,1000.0,8.89,54.25,218.0,2.2731,0.289,LOCK,1,unbalance
1567,9340175,2055,16146.0,0.1833,0.0819,-0.4797,0.52002,991.07,1000.0,8.93,54.25,218.0,2.2478,-0.0932,LOCK,1,unbalance
1568,9340183,2063,16154.0,-0.2262,0.2652,-1.0608,1.1166,991.04,1000.0,8.96,54.25,218.0,2.27,0.2432,LOCK,1,unbalance
1569,9340192,2072,16163.0,-0.3822,-0.1092,-0.7059,0.81012,991.0,1000.0,9.0,54.25,218.0,2.2563,0.0353,LOCK,1,unbalance
1570,9340200,2080,16171.0,0.2925,-0.1911,-1.17,1.22106,990.98,1000.0,9.02,54.25,218.0,2.2498,-0.0636,LOCK,1,unbalance
1571,9340216,2096,16187.0,0.5304,-0.0195,-0.4329,0.68491,990.95,1000.0,9.05,54.25,218.0,2.2775,0.3555,LOCK,1,unbalance
1572,9340225,2105,16196.0,0.195,0.5577,-1.0998,1.24844,990.91,1000.0,9.09,54.25,218.0,2.2787,0.3747,LOCK,1,unbalance
1573,9340233,2113,16204.0,0.0429,0.2379,-0.4524,0.51294,990.88,1000.0,9.12,54.25,218.0,2.2784,0.3699,LOCK,1,unbalance
1574,9340242,2122,16213.0,-0.3042,0.5304,-1.2168,1.36179,990.85,1000.0,9.15,54.25,218.0,2.2729,0.2865,LOCK,1,unbalance
1575,9340250,2130,16221.0,-0.4173,-0.1053,-0.6201,0.75482,990.83,1000.0,9.17,54.25,218.0,2.2791,0.3796,LOCK,1,unbalance
1576,9340259,2139,16230.0,-0.4173,-0.1053,-0.6201,0.75482,990.8,1000.0,9.2,54.25,218.0,2.2737,0.299,LOCK,1,unbalance
1577,9340267,2147,16238.0,0.3588,-0.0312,-0.9828,1.04671,990.78,1000.0,9.22,54.25,218.0,2.2685,0.2203,LOCK,1,unbalance
1578,9340276,2156,16247.0,0.7371,-0.3939,-0.3432,0.90347,990.76,1000.0,9.24,54.25,218.0,2.2566,0.0387,LOCK,1,unbalance
1579,9340284,2164,16255.0,0.3978,0.429,-1.2012,1.3361,990.73,1000.0,9.27,54.25,218.0,2.2591,0.0771,LOCK,1,unbalance
1580,9340293,2173,16264.0,0.0897,0.1521,-0.3627,0.4034,990.7,1000.0,9.3,54.25,218.0,2.2663,0.1858,LOCK,1,unbalance
1581,9340301,2181,16272.0,-0.3315,0.429,-1.2987,1.40732,990.67,1000.0,9.33,54.25,218.0,2.258,0.0606,LOCK,1,unbalance
1582,9340319,2199,16290.0,-0.4212,-0.0936,-0.6669,0.79431,990.65,1000.0,9.35,54.25,218.0,2.2765,0.3412,LOCK,1,unbalance
1583,9340327,2207,16298.0,0.2964,0.0468,-0.9984,1.04252,990.62,1000.0,9.38,54.25,218.0,2.2694,0.234,LOCK,1,unbalance
1584,9340341,2221,16312.0,0.6006,-0.1443,-0.351,0.71045,990.6,1000.0,9.4,54.25,218.0,2.2646,0.1604,LOCK,1,unbalance
1585,9340349,2229,16320.0,-0.2262,-0.4212,-1.0608,1.16356,990.58,1000.0,9.42,54.25,218.0,2.266,0.1815,LOCK,1,unbalance
1586,9340358,2238,16329.0,0.0702,-0.1716,-0.2535,0.31407,990.56,1000.0,9.44,54.25,218.0,2.2651,0.1687,LOCK,1,unbalance
1587,9340366,2246,16337.0,-0.6006,0.3861,-1.1661,1.36733,990.54,1000.0,9.46,54.25,218.0,2.274,0.3027,LOCK,1,unbalance
1588,9340375,2255,16346.0,-0.4368,0.0351,-0.5304,0.688,990.52,1000.0,9.48,54.25,218.0,2.2742,0.3064,LOCK,1,unbalance
1589,9340383,2263,16354.0,0.3354,-0.0312,-0.9711,1.02786,990.5,1000.0,9.5,54.25,218.0,2.252,-0.0297,LOCK,1,unbalance
1590,9340392,2272,16363.0,0.3354,-0.0312,-0.9711,1.02786,990.49,1000.0,9.51,54.25,218.0,2.2654,0.173,LOCK,1,unbalance
1591,9340400,2280,16371.0,0.5694,-0.2067,-0.4992,0.78495,990.48,1000.0,9.52,54.25,218.0,2.2704,0.2484,LOCK,1,unbalance
1592,9340408,2288,16379.0,-0.4836,-0.1092,-1.1622,1.26353,990.45,1000.0,9.55,54.25,218.0,2.2724,0.2795,LOCK,1,unbalance
1593,9340420,2300,16391.0,0.1638,-0.1131,-0.2886,0.35059,990.42,1000.0,9.58,54.25,218.0,2.2451,-0.1341,LOCK,1,unbalance
1594,9340428,2308,16399.0,-0.4992,0.2535,-1.248,1.36783,990.39,1000.0,9.61,54.25,218.0,2.2604,0.0973,LOCK,1,unbalance
1595,9340436,2316,16407.0,-0.3822,-0.0234,-0.6669,0.76901,990.37,1000.0,9.63,54.25,218.0,2.2432,-0.1637,LOCK,1,unbalance
1596,9340445,2325,16416.0,0.3861,0.0546,-0.8541,0.9389,990.35,1000.0,9.65,54.25,218.0,2.2585,0.0683,LOCK,1,unbalance
1597,9340469,2349,16440.0,-0.2418,-0.1365,-1.2558,1.28613,990.33,1000.0,9.67,54.25,218.0,2.2783,0.368,LOCK,1,unbalance
1598,9340477,2357,16448.0,0.0975,-0.1131,-0.3159,0.34941,990.3,1000.0,9.7,54.25,218.0,2.2742,0.3061,LOCK,1,unbalance
1599,9340486,2366,16457.0,-0.6825,0.2145,-1.0998,1.31201,990.28,1000.0,9.72,54.25,218.0,2.254,-0.0007,LOCK,1,unbalance
1600,9340494,2374,16465.0,-0.6825,0.2145,-1.0998,1.31201,990.27,1000.0,9.73,54.25,218.0,2.2629,0.1348,LOCK,1,unbalance
1601,9340503,2383,16474.0,-0.3315,0.0936,-0.6435,0.72989,990.25,1000.0,9.75,54.25,218.0,2.2585,0.0683,LOCK,1,unbalance
1602,9340511,2391,16482.0,0.3549,-0.0039,-0.8853,0.9538,990.23,1000.0,9.77,54.25,218.0,2.2616,0.115,LOCK,1,unbalance
1603,9340522,2402,16493.0,0.7488,0.2223,-0.4056,0.88013,990.22,1000.0,9.78,54.25,218.0,2.2672,0.1995,LOCK,1,unbalance
1604,9340530,2410,16501.0,-0.3159,-0.4758,-1.0647,1.20821,990.2,1000.0,9.8,54.25,218.0,2.2704,0.2478,LOCK,1,unbalance
1605,9340544,2424,16515.0,0.1248,-0.4134,-0.468,0.63679,990.18,1000.0,9.82,54.25,218.0,2.2578,0.0576,LOCK,1,unbalance
1606,9340552,2432,16523.0,-0.6396,0.3705,-1.2168,1.42371,990.16,1000.0,9.84,54.25,218.0,2.2509,-0.0474,LOCK,1,unbalance
1607,9340561,2441,16532.0,-0.2145,0.0234,-0.741,0.77178,990.15,1000.0,9.85,54.25,218.0,2.2667,0.1925,LOCK,1,unbalance
1608,9340569,2449,16540.0,0.4056,-0.1014,-0.8424,0.94044,990.14,1000.0,9.86,54.25,218.0,2.2504,-0.0551,LOCK,1,unbalance
1609,9340624,2504,16595.0,-0.117,-0.0234,-0.6864,0.69669,990.12,1000.0,9.88,54.25,218.0,2.2675,0.2041,LOCK,1,unbalance
1610,9340632,2512,16603.0,0.3627,-0.039,-0.6981,0.78766,990.1,1000.0,9.9,54.25,218.0,2.2713,0.2615,LOCK,1,unbalance
1611,9340641,2521,16612.0,0.9438,0.1209,-0.2886,0.99432,990.09,1000.0,9.91,54.25,218.0,2.2674,0.2032,LOCK,1,unbalance
1612,9340649,2529,16620.0,-0.6279,-0.1599,-1.3143,1.46534,990.07,1000.0,9.93,54.25,218.0,2.2545,0.0078,LOCK,1,unbalance
1613,9340658,2538,16629.0,-0.6279,-0.1599,-1.3143,1.46534,990.06,1000.0,9.94,54.25,218.0,2.2648,0.1632,LOCK,1,unbalance
1614,9340666,2546,16637.0,-0.1014,-0.0117,-0.7839,0.79052,990.05,1000.0,9.95,54.25,218.0,2.2664,0.1876,LOCK,1,unbalance
1615,9340675,2555,16646.0,-0.7176,0.429,-1.0218,1.32025,990.04,1000.0,9.96,54.25,218.0,2.2695,0.2343,LOCK,1,unbalance
1616,9340683,2563,16654.0,-0.1014,-0.0429,-0.8697,0.87664,990.03,1000.0,9.97,54.25,218.0,2.2774,0.3552,LOCK,1,unbalance
1617,9340692,2572,16663.0,0.3471,-0.2145,-0.7956,0.89413,990.03,1000.0,9.97,54.25,218.0,2.2524,-0.0236,LOCK,1,unbalance
1618,9340700,2580,16671.0,0.8229,0.0702,-0.3666,0.9036,990.02,1000.0,9.98,54.25,218.0,2.2637,0.1473,LOCK,1,unbalance
1619,9340708,2588,16679.0,0.8229,0.0702,-0.3666,0.9036,990.01,1000.0,9.99,54.25,218.0,2.2614,0.1119,LOCK,1,unbalance
1620,9340717,2597,16688.0,-0.0624,-0.2028,-1.1817,1.2006,990.01,1000.0,9.99,54.25,218.0,2.27,0.2426,LOCK,1,unbalance
1621,9340728,2608,16699.0,0.1287,0.2613,-0.8385,0.88765,990.0,1000.0,10.0,54.25,218.0,2.2758,0.3305,LOCK,1,unbalance
1622,9340737,2617,16708.0,-0.5148,0.0897,-0.8697,1.01461,989.99,1000.0,10.01,54.25,218.0,2.2677,0.2072,LOCK,1,unbalance
1623,9340750,2630,16721.0,-0.0936,0.039,-0.8034,0.80977,989.99,1000.0,10.01,54.25,218.0,2.2406,-0.2025,LOCK,1,unbalance
1624,9340759,2639,16730.0,0.4602,-0.3861,-0.6669,0.89756,989.98,1000.0,10.02,54.25,218.0,2.2583,0.0655,LOCK,1,unbalance
1625,9340767,2647,16738.0,0.663,0.2301,-0.4407,0.82869,989.98,1000.0,10.02,54.25,218.0,2.256,0.0301,LOCK,1,unbalance
1626,9340776,2656,16747.0,-0.1209,-0.195,-1.365,1.38415,989.97,1000.0,10.03,54.25,218.0,2.2787,0.3747,LOCK,1,unbalance
1627,9340784,2664,16755.0,0.1092,-0.1794,-0.8931,0.91746,989.96,1000.0,10.04,54.25,218.0,2.2768,0.3451,LOCK,1,unbalance
1628,9340793,2673,16764.0,-0.4602,0.0975,-0.8736,0.9922,989.95,1000.0,10.05,54.25,218.0,2.2493,-0.0712,LOCK,1,unbalance
1629,9340801,2681,16772.0,-0.4602,0.0975,-0.8736,0.9922,989.94,1000.0,10.06,54.25,218.0,2.2719,0.2713,LOCK,1,unbalance
1630,9340810,2690,16781.0,-0.0039,-0.0429,-0.8112,0.81234,989.93,1000.0,10.07,54.25,218.0,2.2549,0.0136,LOCK,1,unbalance
1631,9340818,2698,16789.0,0.6513,-0.2262,-0.5538,0.88434,989.93,1000.0,10.07,54.25,218.0,2.2648,0.1641,LOCK,1,unbalance
1632,9340828,2708,16799.0,0.6045,-0.0507,-0.5031,0.7881,989.92,1000.0,10.08,54.25,218.0,2.2765,0.3405,LOCK,1,unbalance
1633,9340837,2717,16808.0,-0.1014,-0.2184,-0.9711,1.00051,989.91,1000.0,10.09,54.25,218.0,2.2706,0.2514,LOCK,1,unbalance
1634,9340845,2725,16816.0,0.0507,0.0195,-0.7878,0.78967,989.9,1000.0,10.1,54.25,218.0,2.2609,0.1049,LOCK,1,unbalance
1635,9340854,2734,16825.0,-0.4836,-0.1248,-0.7527,0.90333,989.9,1000.0,10.1,54.25,218.0,2.2405,-0.2043,LOCK,1,unbalance
1636,9340862,2742,16833.0,-0.4836,-0.1248,-0.7527,0.90333,989.89,1000.0,10.11,54.25,218.0,2.2477,-0.095,LOCK,1,unbalance
1637,9340870,2750,16841.0,0.0702,-0.156,-1.0023,1.01679,989.88,1000.0,10.12,54.25,218.0,2.2656,0.1751,LOCK,1,unbalance
1638,9340879,2759,16850.0,0.6591,-0.1716,-0.6084,0.91324,989.88,1000.0,10.12,54.25,218.0,2.269,0.2276,LOCK,1,unbalance
1639,9340888,2768,16859.0,0.7449,0.1053,-0.5616,0.93881,989.87,1000.0,10.13,54.25,218.0,2.2766,0.3424,LOCK,1,unbalance
1640,9340906,2786,16877.0,0.0234,0.2496,-0.8853,0.92011,989.87,1000.0,10.13,54.25,218.0,2.2398,-0.2153,LOCK,1,unbalance
1641,9340915,2795,16886.0,-0.4446,-0.0897,-0.7683,0.89219,989.87,1000.0,10.13,54.25,218.0,2.2534,-0.0084,LOCK,1,unbalance
1642,9340923,2803,16894.0,-0.4446,-0.0897,-0.7683,0.89219,989.86,1000.0,10.14,54.25,218.0,2.2591,0.0774,LOCK,1,unbalance
1643,9340932,2812,16903.0,0.1014,-0.2223,-0.897,0.92968,989.86,1000.0,10.14,54.25,218.0,2.2712,0.2606,LOCK,1,unbalance
1644,9340940,2820,16911.0,0.4173,-0.1131,-0.4875,0.6516,989.86,1000.0,10.14,54.25,218.0,2.2608,0.1037,LOCK,1,unbalance
1645,9340953,2833,16924.0,0.6084,0.3081,-0.7722,1.03023,989.85,1000.0,10.15,54.25,218.0,2.26,0.0905,LOCK,1,unbalance
1646,9340962,2842,16933.0,-0.1131,0.0468,-0.4524,0.46867,989.85,1000.0,10.15,54.25,218.0,2.2647,0.1614,LOCK,1,unbalance
1647,9340970,2850,16941.0,-0.2418,0.2496,-1.0569,1.11257,989.84,1000.0,10.16,54.25,218.0,2.2557,0.0258,LOCK,1,unbalance
1648,9340979,2859,16950.0,-0.4485,-0.1989,-0.7254,0.87574,989.83,1000.0,10.17,54.25,218.0,2.2801,0.3949,LOCK,1,unbalance
1649,9340987,2867,16958.0,0.234,-0.0468,-1.1427,1.16735,989.82,1000.0,10.18,54.25,218.0,2.2774,0.3543,LOCK,1,unbalance
1650,9340996,2876,16967.0,0.234,-0.0468,-1.1427,1.16735,989.82,1000.0,10.18,54.25,218.0,2.2502,-0.0578,LOCK,1,unbalance
1651,9341004,2884,16975.0,0.4992,-0.0429,-0.4719,0.68828,989.81,1000.0,10.19,54.25,218.0,2.2685,0.2191,LOCK,1,unbalance
1652,9341013,2893,16984.0,0.4914,0.1599,-0.7488,0.9098,989.81,1000.0,10.19,54.25,218.0,2.2523,-0.0258,LOCK,1,unbalance
1653,9341021,2901,16992.0,-0.1053,0.1989,-0.39,0.45028,989.8,1000.0,10.2,54.25,218.0,2.2725,0.2801,LOCK,1,unbalance
1654,9341036,2916,17007.0,-0.1404,0.3783,-0.9594,1.0408,989.8,1000.0,10.2,54.25,218.0,2.2723,0.278,LOCK,1,unbalance
1655,9341045,2925,17016.0,-0.507,-0.2925,-0.6318,0.86126,989.8,1000.0,10.2,54.25,218.0,2.2753,0.3235,LOCK,1,unbalance
1656,9341053,2933,17024.0,0.1794,-0.0351,-1.0491,1.06491,989.79,1000.0,10.21,54.25,218.0,2.2606,0.1,LOCK,1,unbalance
1657,9341061,2941,17032.0,0.5577,0.0975,-0.5304,0.7758,989.79,1000.0,10.21,54.25,218.0,2.256,0.0298,LOCK,1,unbalance
1658,9341070,2950,17041.0,0.1014,0.5967,-1.0959,1.25193,989.79,1000.0,10.21,54.25,218.0,2.2588,0.0731,LOCK,1,unbalance
1659,9341136,3016,17107.0,0.2535,0.3939,-1.2519,1.33666,989.78,1000.0,10.22,54.25,218.0,2.272,0.2734,LOCK,1,unbalance
1660,9341145,3025,17116.0,0.0351,-0.078,-0.3276,0.33858,989.78,1000.0,10.22,54.25,218.0,2.2813,0.4141,LOCK,1,unbalance
1661,9341158,3038,17129.0,-0.2574,0.4914,-1.3182,1.43017,989.78,1000.0,10.22,54.25,218.0,2.2386,-0.233,LOCK,1,unbalance
1662,9341166,3046,17137.0,-0.4875,-0.2496,-0.6864,0.87812,989.78,1000.0,10.22,54.25,218.0,2.2583,0.0655,LOCK,1,unbalance
1663,9341175,3055,17146.0,0.4875,0.1131,-1.0803,1.19059,989.77,1000.0,10.23,54.25,218.0,2.2566,0.0396,LOCK,1,unbalance
1664,9341183,3063,17154.0,0.6825,0.0156,-0.4017,0.79209,989.77,1000.0,10.23,54.25,218.0,2.2736,0.2972,LOCK,1,unbalance
1665,9341192,3072,17163.0,0.0468,-0.4251,-0.8775,0.97617,989.77,1000.0,10.23,54.25,218.0,2.279,0.379,LOCK,1,unbalance
1666,9341200,3080,17171.0,0.0468,-0.4251,-0.8775,0.97617,989.77,1000.0,10.23,54.25,218.0,2.2732,0.2911,LOCK,1,unbalance
1667,9341209,3089,17180.0,0.1911,-0.0975,-0.2457,0.32618,989.78,1000.0,10.22,54.25,218.0,2.272,0.2734,LOCK,1,unbalance
1668,9341217,3097,17188.0,-0.4875,0.2652,-1.2519,1.36939,989.78,1000.0,10.22,54.25,218.0,2.2435,-0.1598,LOCK,1,unbalance
1669,9341226,3106,17197.0,-0.4134,0.1287,-0.5343,0.68771,989.78,1000.0,10.22,54.25,218.0,2.2531,-0.0132,LOCK,1,unbalance
1670,9341240,3120,17211.0,0.3588,-0.0858,-1.1193,1.17853,989.78,1000.0,10.22,54.25,218.0,2.2733,0.2926,LOCK,1,unbalance
1671,9341249,3129,17220.0,0.7332,-0.0039,-0.4563,0.8636,989.78,1000.0,10.22,54.25,218.0,2.2678,0.2096,LOCK,1,unbalance
1672,9341257,3137,17228.0,-0.3627,-0.3588,-1.1466,1.25498,989.78,1000.0,10.22,54.25,218.0,2.258,0.06,LOCK,1,unbalance
1673,9341266,3146,17237.0,0.1443,-0.1755,-0.2028,0.30455,989.79,1000.0,10.21,54.25,218.0,2.2449,-0.1381,LOCK,1,unbalance
1674,9341274,3154,17245.0,-0.6708,0.1911,-1.2051,1.39239,989.79,1000.0,10.21,54.25,218.0,2.2593,0.0802,LOCK,1,unbalance
1675,9341283,3163,17254.0,-0.3354,0.1092,-0.6474,0.73725,989.79,1000.0,10.21,54.25,218.0,2.2746,0.3115,LOCK,1,unbalance
1676,9341292,3172,17263.0,-0.3354,0.1092,-0.6474,0.73725,989.79,1000.0,10.21,54.25,218.0,2.2683,0.2169,LOCK,1,unbalance
1677,9341300,3180,17271.0,0.3549,-0.0702,-0.9087,0.97807,989.79,1000.0,10.21,54.25,218.0,2.2459,-0.1228,LOCK,1,unbalance
1678,9341309,3189,17280.0,0.7371,-0.3393,-0.4953,0.95066,989.79,1000.0,10.21,54.25,218.0,2.2549,0.0133,LOCK,1,unbalance
1679,9341317,3197,17288.0,-0.3081,-0.4563,-1.365,1.47186,989.78,1000.0,10.22,54.25,218.0,2.259,0.0762,LOCK,1,unbalance
1680,9341326,3206,17297.0,-0.039,-0.0975,-0.4368,0.44925,989.78,1000.0,10.22,54.25,218.0,2.2625,0.1281,LOCK,1,unbalance
1681,9341342,3222,17313.0,-0.7059,0.3861,-1.1232,1.38165,989.78,1000.0,10.22,54.25,218.0,2.2837,0.4507,LOCK,1,unbalance
1682,9341351,3231,17322.0,-0.2964,0.0312,-0.6747,0.7376,989.77,1000.0,10.23,54.25,218.0,2.2541,0.0017,LOCK,1,unbalance
1683,9341364,3244,17335.0,0.3432,-0.1443,-0.8697,0.94604,989.77,1000.0,10.23,54.25,218.0,2.2576,0.0551,LOCK,1,unbalance
1684,9341372,3252,17343.0,0.8502,0.2067,-0.3237,0.93292,989.77,1000.0,10.23,54.25,218.0,2.2544,0.006,LOCK,1,unbalance
1685,9341391,3271,17362.0,0.1443,-0.156,-0.6006,0.63709,989.78,1000.0,10.22,54.25,218.0,2.2749,0.3164,LOCK,1,unbalance
1686,9341399,3279,17370.0,-0.7605,0.4836,-1.092,1.41587,989.78,1000.0,10.22,54.25,218.0,2.2793,0.3836,LOCK,1,unbalance
1687,9341408,3288,17379.0,-0.2262,0.1014,-0.6396,0.68596,989.79,1000.0,10.21,54.25,218.0,2.2521,-0.0294,LOCK,1,unbalance
1688,9341416,3296,17387.0,0.5538,-0.1872,-0.78,0.97475,989.79,1000.0,10.21,54.25,218.0,2.2538,-0.0035,LOCK,1,unbalance
1689,9341425,3305,17396.0,0.5538,-0.1872,-0.78,0.97475,989.79,1000.0,10.21,54.25,218.0,2.247,-0.1063,LOCK,1,unbalance
1690,9341437,3317,17408.0,-0.4173,-0.4251,-1.4235,1.54311,989.8,1000.0,10.2,54.25,218.0,2.2599,0.0896,LOCK,1,unbalance
1691,9341445,3325,17416.0,-0.4173,-0.4251,-1.4235,1.54311,989.81,1000.0,10.19,54.25,218.0,2.2729,0.2868,LOCK,1,unbalance
1692,9341454,3334,17425.0,0.3237,0.1326,-0.663,0.74962,989.81,1000.0,10.19,54.25,218.0,2.2482,-0.0886,LOCK,1,unbalance
1693,9341462,3342,17433.0,-0.5967,0.3354,-1.1076,1.30205,989.82,1000.0,10.18,54.25,218.0,2.2576,0.0545,LOCK,1,unbalance
1694,9341471,3351,17442.0,0.0156,0.2652,-0.7683,0.81293,989.83,1000.0,10.17,54.25,218.0,2.2494,-0.0697,LOCK,1,unbalance
1695,9341479,3359,17450.0,0.5889,-0.0429,-0.7098,0.92329,989.83,1000.0,10.17,54.25,218.0,2.2599,0.0899,LOCK,1,unbalance
1696,9341492,3372,17463.0,0.8073,0.1911,-0.3666,0.907,989.83,1000.0,10.17,54.25,218.0,2.2756,0.3268,LOCK,1,unbalance
1697,9341501,3381,17472.0,-0.1365,-0.0117,-1.2324,1.23999,989.84,1000.0,10.16,54.25,218.0,2.2749,0.317,LOCK,1,unbalance
1698,9341509,3389,17480.0,-0.0663,-0.039,-0.663,0.66745,989.84,1000.0,10.16,54.25,218.0,2.2575,0.0527,LOCK,1,unbalance
1699,9341518,3398,17489.0,-0.0663,-0.039,-0.663,0.66745,989.84,1000.0,10.16,54.25,218.0,2.2699,0.241,LOCK,1,unbalance
1700,9341526,3406,17497.0,-0.5148,0.1287,-0.897,1.04221,989.84,1000.0,10.16,54.25,218.0,2.2512,-0.0419,LOCK,1,unbalance
1701,9341535,3415,17506.0,-0.0234,-0.0351,-0.8034,0.80451,989.85,1000.0,10.15,54.25,218.0,2.2793,0.3827,LOCK,1,unbalance
1702,9341548,3428,17519.0,0.5577,-0.1521,-0.7956,0.98343,989.85,1000.0,10.15,54.25,218.0,2.2755,0.3262,LOCK,1,unbalance
1703,9341556,3436,17527.0,0.9048,0.2964,-0.5889,1.11952,989.85,1000.0,10.15,54.25,218.0,2.28,0.3934,LOCK,1,unbalance
1704,9341570,3450,17541.0,0.0819,0.0936,-0.7605,0.7706,989.86,1000.0,10.14,54.25,218.0,2.2623,0.1257,LOCK,1,unbalance
1705,9341578,3458,17549.0,0.0819,0.0936,-0.7605,0.7706,989.86,1000.0,10.14,54.25,218.0,2.259,0.0759,LOCK,1,unbalance
1706,9341587,3467,17558.0,-0.4836,-0.039,-0.7488,0.89224,989.87,1000.0,10.13,54.25,218.0,2.255,0.0155,LOCK,1,unbalance
1707,9341596,3476,17567.0,-0.1326,-0.0507,-0.858,0.86966,989.87,1000.0,10.13,54.25,218.0,2.2708,0.2539,LOCK,1,unbalance
1708,9341604,3484,17575.0,0.5694,-0.1092,-0.6786,0.89255,989.88,1000.0,10.12,54.25,218.0,2.276,0.3329,LOCK,1,unbalance
1709,9341613,3493,17584.0,0.5811,-0.0663,-0.5421,0.79746,989.88,1000.0,10.12,54.25,218.0,2.2548,0.0115,LOCK,1,unbalance
1710,9341621,3501,17592.0,0.0351,0.1911,-0.9906,1.00947,989.89,1000.0,10.11,54.25,218.0,2.2642,0.1543,LOCK,1,unbalance
1711,9341630,3510,17601.0,0.0351,0.1911,-0.9906,1.00947,989.89,1000.0,10.11,54.25,218.0,2.2622,0.1247,LOCK,1,unbalance
1712,9341638,3518,17609.0,-0.1014,-0.039,-0.7917,0.79912,989.89,1000.0,10.11,54.25,218.0,2.2687,0.2227,LOCK,1,unbalance
1713,9341650,3530,17621.0,-0.5811,-0.2808,-0.6903,0.94501,989.89,1000.0,10.11,54.25,218.0,2.2471,-0.1045,LOCK,1,unbalance
1714,9341658,3538,17629.0,0.0429,-0.1014,-0.9126,0.91922,989.89,1000.0,10.11,54.25,218.0,2.2555,0.0225,LOCK,1,unbalance
1715,9341667,3547,17638.0,0.5226,-0.0351,-0.6552,0.83883,989.89,1000.0,10.11,54.25,218.0,2.2591,0.0777,LOCK,1,unbalance
1716,9341675,3555,17646.0,0.8424,0.3198,-0.6981,1.13985,989.89,1000.0,10.11,54.25,218.0,2.2647,0.1626,LOCK,1,unbalance
1717,9341703,3583,17674.0,-0.4953,-0.1365,-0.6552,0.83261,989.9,1000.0,10.1,54.25,218.0,2.2779,0.3616,LOCK,1,unbalance
1718,9341711,3591,17682.0,-0.4953,-0.1365,-0.6552,0.83261,989.9,1000.0,10.1,54.25,218.0,2.26,0.0909,LOCK,1,unbalance
1719,9341720,3600,17691.0,0.0819,-0.195,-1.0062,1.02819,989.9,1000.0,10.1,54.25,218.0,2.2592,0.0786,LOCK,1,unbalance
1720,9341728,3608,17699.0,0.3939,-0.1092,-0.5889,0.71686,989.91,1000.0,10.09,54.25,218.0,2.2469,-0.1082,LOCK,1,unbalance
1721,9341749,3629,17720.0,-0.1014,0.2847,-0.7293,0.78944,989.91,1000.0,10.09,54.25,218.0,2.2869,0.4981,LOCK,1,unbalance
1722,9341758,3638,17729.0,-0.1911,-0.039,-0.9087,0.9294,989.92,1000.0,10.08,54.25,218.0,2.2695,0.2346,LOCK,1,unbalance
1723,9341771,3651,17742.0,-0.429,-0.1092,-0.6825,0.81349,989.92,1000.0,10.08,54.25,218.0,2.2554,0.0206,LOCK,1,unbalance
1724,9341780,3660,17751.0,0.1521,-0.0663,-1.0023,1.01594,989.92,1000.0,10.08,54.25,218.0,2.2541,0.0014,LOCK,1,unbalance
1725,9341788,3668,17759.0,0.4251,-0.0585,-0.4719,0.63783,989.93,1000.0,10.07,54.25,218.0,2.2598,0.0884,LOCK,1,unbalance
1726,9341845,3725,17816.0,0.4368,-0.117,-0.4641,0.64798,989.92,1000.0,10.08,54.25,218.0,2.2693,0.2313,LOCK,1,unbalance
1727,9341854,3734,17825.0,0.4368,-0.117,-0.4641,0.64798,989.91,1000.0,10.09,54.25,218.0,2.2824,0.4306,LOCK,1,unbalance
1728,9341862,3742,17833.0,0.3354,0.3315,-1.1739,1.26508,989.9,1000.0,10.1,54.25,218.0,2.2754,0.3244,LOCK,1,unbalance
1729,9341871,3751,17842.0,0.0663,0.2145,-0.5187,0.5652,989.89,1000.0,10.11,54.25,218.0,2.2544,0.0054,LOCK,1,unbalance
1730,9341879,3759,17850.0,-0.2613,0.3003,-1.2168,1.28026,989.88,1000.0,10.12,54.25,218.0,2.262,0.1208,LOCK,1,unbalance
1731,9341888,3768,17859.0,-0.468,-0.1326,-0.5538,0.73709,989.87,1000.0,10.13,54.25,218.0,2.2658,0.1791,LOCK,1,unbalance
1732,9341896,3776,17867.0,-0.468,-0.1326,-0.5538,0.73709,989.86,1000.0,10.14,54.25,218.0,2.2772,0.3518,LOCK,1,unbalance
1733,9341905,3785,17876.0,0.2886,-0.0585,-0.9516,0.99612,989.85,1000.0,10.15,54.25,218.0,2.2788,0.3757,LOCK,1,unbalance
1734,9341913,3793,17884.0,0.5811,-0.4602,-0.3861,0.83578,989.84,1000.0,10.16,54.25,218.0,2.2717,0.2688,LOCK,1,unbalance
1735,9341922,3802,17893.0,0.0702,0.4485,-1.0803,1.17181,989.82,1000.0,10.18,54.25,218.0,2.2533,-0.0105,LOCK,1,unbalance
1736,9341930,3810,17901.0,0.2028,0.2457,-0.3822,0.49757,989.81,1000.0,10.19,54.25,218.0,2.2561,0.0313,LOCK,1,unbalance
1737,9341939,3819,17910.0,-0.1911,0.4173,-1.2792,1.35905,989.79,1000.0,10.21,54.25,218.0,2.2584,0.067,LOCK,1,unbalance
1738,9341957,3837,17928.0,-0.3705,-0.0156,-0.6669,0.76307,989.78,1000.0,10.22,54.25,218.0,2.2609,0.1043,LOCK,1,unbalance
1739,9342007,3887,17978.0,-0.4212,0.312,-1.2285,1.33565,989.76,1000.0,10.24,54.25,218.0,2.2751,0.3198,LOCK,1,unbalance
1740,9342016,3896,17987.0,-0.5109,-0.1014,-0.5538,0.76026,989.75,1000.0,10.25,54.25,218.0,2.2808,0.4065,LOCK,1,unbalance
1741,9342024,3904,17995.0,0.3276,-0.0624,-1.0062,1.06003,989.73,1000.0,10.27,54.25,218.0,2.2508,-0.0483,LOCK,1,unbalance
1742,9342033,3913,18004.0,0.78,-0.1287,-0.5811,0.98114,989.72,1000.0,10.28,54.25,218.0,2.2726,0.2825,LOCK,1,unbalance
1743,9342041,3921,18012.0,-0.351,-0.3081,-1.0725,1.16978,989.71,1000.0,10.29,54.25,218.0,2.2748,0.3155,LOCK,1,unbalance
1744,9342052,3932,18023.0,0.2652,-0.0936,-0.1872,0.33784,989.7,1000.0,10.3,54.25,218.0,2.2575,0.0527,LOCK,1,unbalance
1745,9342060,3940,18031.0,-0.4368,0.2886,-1.1622,1.27467,989.69,1000.0,10.31,54.25,218.0,2.2734,0.2932,LOCK,1,unbalance
1746,9342069,3949,18040.0,-0.4368,0.2886,-1.1622,1.27467,989.68,1000.0,10.32,54.25,218.0,2.2432,-0.1643,LOCK,1,unbalance
1747,9342077,3957,18048.0,-0.4056,0.0546,-0.5421,0.67924,989.67,1000.0,10.33,54.25,218.0,2.2501,-0.0587,LOCK,1,unbalance
1748,9342086,3966,18057.0,0.2262,0.0,-0.9048,0.93265,989.67,1000.0,10.33,54.25,218.0,2.2516,-0.0361,LOCK,1,unbalance
1749,9342094,3974,18065.0,0.7293,0.1053,-0.3822,0.83009,989.66,1000.0,10.34,54.25,218.0,2.2666,0.1916,LOCK,1,unbalance
1750,9342161,4041,18132.0,0.8112,0.0546,-0.4446,0.92666,989.64,1000.0,10.36,54.25,218.0,2.2783,0.3686,LOCK,1,unbalance
1751,9342169,4049,18140.0,-0.2496,-0.3315,-1.287,1.35224,989.63,1000.0,10.37,54.25,218.0,2.2758,0.3296,LOCK,1,unbalance
1752,9342177,4057,18148.0,0.0195,-0.1794,-0.3666,0.40861,989.62,1000.0,10.38,54.25,218.0,2.2606,0.0997,LOCK,1,unbalance
1753,9342186,4066,18157.0,-0.5811,0.195,-1.1193,1.27614,989.6,1000.0,10.4,54.25,218.0,2.2417,-0.1866,LOCK,1,unbalance
1754,9342194,4074,18165.0,-0.273,0.0546,-0.6513,0.70831,989.59,1000.0,10.41,54.25,218.0,2.2538,-0.0026,LOCK,1,unbalance
1755,9342213,4093,18184.0,0.4329,-0.0546,-0.8424,0.94869,989.58,1000.0,10.42,54.25,218.0,2.2767,0.3439,LOCK,1,unbalance
1756,9342222,4102,18193.0,0.8619,0.2535,-0.3354,0.95897,989.57,1000.0,10.43,54.25,218.0,2.2749,0.3167,LOCK,1,unbalance
1757,9342230,4110,18201.0,-0.5343,-0.3861,-1.3416,1.4948,989.57,1000.0,10.43,54.25,218.0,2.2571,0.0472,LOCK,1,unbalance
1758,9342238,4118,18209.0,0.2964,0.0741,-0.6279,0.69829,989.56,1000.0,10.44,54.25,218.0,2.2498,-0.0642,LOCK,1,unbalance
1759,9342247,4127,18218.0,-0.6825,0.2652,-1.0686,1.29539,989.56,1000.0,10.44,54.25,218.0,2.2562,0.0335,LOCK,1,unbalance
1760,9342262,4142,18233.0,-0.1989,0.1833,-0.6435,0.69803,989.56,1000.0,10.44,54.25,218.0,2.249,-0.0755,LOCK,1,unbalance
1761,9342270,4150,18241.0,0.585,-0.1092,-0.7527,0.95953,989.56,1000.0,10.44,54.25,218.0,2.2622,0.1235,LOCK,1,unbalance
1762,9342279,4159,18250.0,0.8775,0.0507,-0.3627,0.95086,989.55,1000.0,10.45,54.25,218.0,2.2387,-0.2318,LOCK,1,unbalance
1763,9342287,4167,18258.0,-0.5226,-0.6669,-1.3026,1.55391,989.55,1000.0,10.45,54.25,218.0,2.2539,-0.0016,LOCK,1,unbalance
1764,9342312,4192,18283.0,-0.4953,0.2379,-1.0569,1.1912,989.55,1000.0,10.45,54.25,218.0,2.2755,0.3262,LOCK,1,unbalance
1765,9342320,4200,18291.0,-0.1443,-0.0507,-0.78,0.79485,989.55,1000.0,10.45,54.25,218.0,2.2738,0.2996,LOCK,1,unbalance
1766,9342329,4209,18300.0,0.5148,-0.1599,-0.9009,1.04986,989.54,1000.0,10.46,54.25,218.0,2.2615,0.1141,LOCK,1,unbalance
1767,9342337,4217,18308.0,0.7878,0.1989,-0.4524,0.92998,989.54,1000.0,10.46,54.25,218.0,2.2687,0.223,LOCK,1,unbalance
1768,9342346,4226,18317.0,0.7878,0.1989,-0.4524,0.92998,989.55,1000.0,10.45,54.25,218.0,2.2511,-0.0444,LOCK,1,unbalance
1769,9342365,4245,18336.0,-0.1677,-0.0819,-0.7059,0.73015,989.56,1000.0,10.44,54.25,218.0,2.2757,0.3283,LOCK,1,unbalance
1770,9342373,4253,18344.0,-0.4602,0.117,-0.8463,0.97041,989.56,1000.0,10.44,54.25,218.0,2.27,0.2432,LOCK,1,unbalance
1771,9342382,4262,18353.0,-0.0624,-0.0858,-0.7605,0.76786,989.57,1000.0,10.43,54.25,218.0,2.275,0.3183,LOCK,1,unbalance
1772,9342390,4270,18361.0,0.4992,-0.2184,-0.7215,0.90414,989.57,1000.0,10.43,54.25,218.0,2.2509,-0.0465,LOCK,1,unbalance
1773,9342399,4279,18370.0,0.9009,0.4173,-0.5031,1.11305,989.58,1000.0,10.42,54.25,218.0,2.2447,-0.1414,LOCK,1,unbalance
1774,9342407,4287,18378.0,0.9009,0.4173,-0.5031,1.11305,989.58,1000.0,10.42,54.25,218.0,2.2558,0.028,LOCK,1,unbalance
1775,9342465,4345,18436.0,0.7527,0.1287,-0.6279,0.98862,989.59,1000.0,10.41,54.25,218.0,2.2781,0.3653,LOCK,1,unbalance
1776,9342474,4354,18445.0,-0.2496,0.1365,-0.9867,1.02689,989.61,1000.0,10.39,54.25,218.0,2.2721,0.2737,LOCK,1,unbalance
1777,9342482,4362,18453.0,0.0975,0.039,-0.78,0.78704,989.62,1000.0,10.38,54.25,218.0,2.2668,0.1937,LOCK,1,unbalance
1778,9342491,4371,18462.0,-0.468,0.0507,-0.7371,0.87459,989.64,1000.0,10.36,54.25,218.0,2.2547,0.0109,LOCK,1,unbalance
1779,9342499,4379,18470.0,-0.468,0.0507,-0.7371,0.87459,989.65,1000.0,10.35,54.25,218.0,2.2615,0.1144,LOCK,1,unbalance
1780,9342519,4399,18490.0,0.3783,-0.1599,-0.7098,0.82006,989.66,1000.0,10.34,54.25,218.0,2.2733,0.2923,LOCK,1,unbalance
1781,9342527,4407,18498.0,0.819,0.234,-0.6942,1.09883,989.69,1000.0,10.31,54.25,218.0,2.2696,0.2358,LOCK,1,unbalance
1782,9342536,4416,18507.0,-0.2418,0.2964,-0.8892,0.96799,989.72,1000.0,10.28,54.25,218.0,2.25,-0.0609,LOCK,1,unbalance
1783,9342544,4424,18515.0,0.0975,0.039,-0.8697,0.87602,989.74,1000.0,10.26,54.25,218.0,2.2684,0.2184,LOCK,1,unbalance
1784,9342567,4447,18538.0,0.1755,-0.1755,-0.9009,0.93446,989.76,1000.0,10.24,54.25,218.0,2.2513,-0.0404,LOCK,1,unbalance
1785,9342621,4501,18592.0,-0.4719,-0.195,-0.585,0.77649,989.79,1000.0,10.21,54.25,218.0,2.2751,0.3195,LOCK,1,unbalance
1786,9342630,4510,18601.0,0.2613,-0.0546,-0.9477,0.98458,989.82,1000.0,10.18,54.25,218.0,2.2703,0.2465,LOCK,1,unbalance
1787,9342638,4518,18609.0,0.546,-0.2418,-0.5499,0.81177,989.85,1000.0,10.15,54.25,218.0,2.2463,-0.1173,LOCK,1,unbalance
1788,9342647,4527,18618.0,0.507,0.1365,-0.7605,0.92414,989.87,1000.0,10.13,54.25,218.0,2.2644,0.1571,LOCK,1,unbalance
1789,9342655,4535,18626.0,-0.1365,-0.0156,-0.5304,0.5479,989.91,1000.0,10.09,54.25,218.0,2.2282,-0.3905,LOCK,1,unbalance
1790,9342669,4549,18640.0,0.0546,0.3549,-1.0413,1.10147,989.94,1000.0,10.06,54.25,218.0,2.2656,0.1763,LOCK,1,unbalance
1791,9342677,4557,18648.0,-0.4056,-0.0897,-0.6357,0.75939,989.96,1000.0,10.04,54.25,218.0,2.2675,0.2038,LOCK,1,unbalance
1792,9342686,4566,18657.0,0.2379,-0.0819,-0.9711,1.00316,989.99,1000.0,10.01,54.25,218.0,2.2715,0.2652,LOCK,1,unbalance
1793,9342694,4574,18665.0,0.2379,-0.0819,-0.9711,1.00316,990.01,1000.0,9.99,54.25,218.0,2.2759,0.332,LOCK,1,unbalance
1794,9342703,4583,18674.0,0.6006,-0.0039,-0.3861,0.71401,990.03,1000.0,9.97,54.25,218.0,2.2463,-0.1167,LOCK,1,unbalance
1795,9342711,4591,18682.0,0.0351,0.0585,-0.9477,0.95015,990.05,1000.0,9.95,54.25,218.0,2.2539,-0.001,LOCK,1,unbalance
1796,9342720,4600,18691.0,0.1443,-0.0507,-0.312,0.34747,990.07,1000.0,9.93,54.25,218.0,2.243,-0.1674,LOCK,1,unbalance
1797,9342728,4608,18699.0,-0.3822,0.2301,-1.3338,1.40643,990.09,1000.0,9.91,54.25,218.0,2.248,-0.0902,LOCK,1,unbalance
1798,9342774,4654,18745.0,0.2301,0.4992,-1.2714,1.38514,990.11,1000.0,9.89,54.25,218.0,2.2792,0.3815,LOCK,1,unbalance
1799,9342783,4663,18754.0,0.0429,-0.0078,-0.2184,0.22271,990.13,1000.0,9.87,54.25,218.0,2.283,0.4391,LOCK,1,unbalance
1800,9342791,4671,18762.0,-0.2769,0.234,-1.1934,1.24725,990.15,1000.0,9.85,54.25,218.0,2.2505,-0.0532,LOCK,1,unbalance
1801,9342800,4680,18771.0,-0.4797,-0.234,-0.5226,0.74698,990.17,1000.0,9.83,54.25,218.0,2.25,-0.0612,LOCK,1,unbalance
1802,9342808,4688,18779.0,0.3432,-0.0234,-1.0023,1.05969,990.19,1000.0,9.81,54.25,218.0,2.2528,-0.0178,LOCK,1,unbalance
1803,9342816,4696,18787.0,0.3432,-0.0234,-1.0023,1.05969,990.2,1000.0,9.8,54.25,218.0,2.2624,0.1266,LOCK,1,unbalance
1804,9342825,4705,18796.0,0.6591,0.1365,-0.4368,0.8024,990.21,1000.0,9.79,54.25,218.0,2.282,0.4248,LOCK,1,unbalance
1805,9342834,4714,18805.0,-0.1989,-0.1833,-0.9399,0.97805,990.22,1000.0,9.78,54.25,218.0,2.2852,0.4727,LOCK,1,unbalance
1806,9342842,4722,18813.0,0.0195,-0.0117,-0.3159,0.31672,990.23,1000.0,9.77,54.25,218.0,2.2682,0.2151,LOCK,1,unbalance
1807,9342850,4730,18821.0,-0.6591,0.2535,-1.2441,1.43055,990.24,1000.0,9.76,54.25,218.0,2.2671,0.1986,LOCK,1,unbalance
1808,9342859,4739,18830.0,-0.468,0.2301,-0.546,0.75504,990.25,1000.0,9.75,54.25,218.0,2.2417,-0.186,LOCK,1,unbalance
1809,9342872,4752,18843.0,0.3627,-0.0351,-0.9555,1.02263,990.26,1000.0,9.74,54.25,218.0,2.2662,0.1852,LOCK,1,unbalance
1810,9342923,4803,18894.0,-0.4758,0.1092,-0.6396,0.80461,990.26,1000.0,9.74,54.25,218.0,2.2635,0.1446,LOCK,1,unbalance
1811,9342932,4812,18903.0,0.4446,-0.2106,-0.975,1.09208,990.26,1000.0,9.74,54.25,218.0,2.2736,0.2975,LOCK,1,unbalance
1812,9342940,4820,18911.0,0.8229,0.1599,-0.3354,0.9029,990.26,1000.0,9.74,54.25,218.0,2.2485,-0.0831,LOCK,1,unbalance
1813,9342949,4829,18920.0,0.8229,0.1599,-0.3354,0.9029,990.26,1000.0,9.74,54.25,218.0,2.2661,0.1837,LOCK,1,unbalance
1814,9342957,4837,18928.0,-0.6123,-0.7488,-1.0803,1.45006,990.25,1000.0,9.75,54.25,218.0,2.2568,0.042,LOCK,1,unbalance
1815,9342966,4846,18937.0,0.0234,-0.1014,-0.4719,0.48324,990.24,1000.0,9.76,54.25,218.0,2.2554,0.0206,LOCK,1,unbalance
1816,9342979,4859,18950.0,-0.6981,0.2691,-1.1505,1.37237,990.23,1000.0,9.77,54.25,218.0,2.2705,0.2502,LOCK,1,unbalance
1817,9342988,4868,18959.0,-0.2613,0.2574,-0.7605,0.84433,990.22,1000.0,9.78,54.25,218.0,2.2745,0.3103,LOCK,1,unbalance
1818,9342996,4876,18967.0,0.429,-0.1794,-0.9789,1.08373,990.21,1000.0,9.79,54.25,218.0,2.2731,0.2899,LOCK,1,unbalance
1819,9343005,4885,18976.0,0.9945,0.234,-0.3549,1.08155,990.2,1000.0,9.8,54.25,218.0,2.2644,0.1571,LOCK,1,unbalance
1820,9343013,4893,18984.0,-0.5889,-0.2574,-1.365,1.50874,990.18,1000.0,9.82,54.25,218.0,2.2505,-0.0526,LOCK,1,unbalance
1821,9343022,4902,18993.0,-0.5889,-0.2574,-1.365,1.50874,990.16,1000.0,9.84,54.25,218.0,2.2584,0.0664,LOCK,1,unbalance
1822,9343030,4910,19001.0,0.1209,-0.1443,-0.4407,0.47922,990.15,1000.0,9.85,54.25,218.0,2.2605,0.0991,LOCK,1,unbalance
1823,9343088,4968,19059.0,0.2574,0.1209,-0.5928,0.65748,990.12,1000.0,9.88,54.25,218.0,2.2749,0.317,LOCK,1,unbalance
1824,9343096,4976,19067.0,-0.585,0.3198,-1.053,1.24632,990.09,1000.0,9.91,54.25,218.0,2.2561,0.0313,LOCK,1,unbalance
1825,9343105,4985,19076.0,-0.0897,-0.0546,-0.6825,0.69053,990.07,1000.0,9.93,54.25,218.0,2.2462,-0.1179,LOCK,1,unbalance
1826,9343113,4993,19084.0,-0.0897,-0.0546,-0.6825,0.69053,990.05,1000.0,9.95,54.25,218.0,2.2645,0.1592,LOCK,1,unbalance
1827,9343122,5002,19093.0,0.5187,-0.1248,-0.7878,0.95145,990.03,1000.0,9.97,54.25,218.0,2.2505,-0.0535,LOCK,1,unbalance
1828,9343131,5011,19102.0,0.9243,0.1638,-0.2964,0.98439,990.02,1000.0,9.98,54.25,218.0,2.2812,0.412,LOCK,1,unbalance
1829,9343139,5019,19110.0,-0.4602,-0.2301,-1.4001,1.49165,990.0,1000.0,10.0,54.25,218.0,2.2792,0.3811,LOCK,1,unbalance
1830,9343148,5028,19119.0,0.1599,-0.1287,-0.7098,0.73888,989.97,1000.0,10.03,54.25,218.0,2.2524,-0.0239,LOCK,1,unbalance
1831,9343156,5036,19127.0,-0.5967,0.1677,-1.0491,1.21852,989.96,1000.0,10.04,54.25,218.0,2.2746,0.3119,LOCK,1,unbalance
1832,9343165,5045,19136.0,-0.5967,0.1677,-1.0491,1.21852,989.94,1000.0,10.06,54.25,218.0,2.2439,-0.1536,LOCK,1,unbalance
1833,9343173,5053,19144.0,-0.1014,0.0468,-0.6786,0.68773,989.92,1000.0,10.08,54.25,218.0,2.2777,0.3598,LOCK,1,unbalance
1834,9343234,5114,19205.0,-0.039,-0.2145,-0.9243,0.94966,989.89,1000.0,10.11,54.25,218.0,2.2718,0.2697,LOCK,1,unbalance
1835,9343242,5122,19213.0,0.6006,-0.1599,-0.7254,0.95525,989.86,1000.0,10.14,54.25,218.0,2.2846,0.4639,LOCK,1,unbalance
1836,9343251,5131,19222.0,0.6318,-0.0039,-0.429,0.76369,989.83,1000.0,10.17,54.25,218.0,2.2577,0.0558,LOCK,1,unbalance
1837,9343259,5139,19230.0,-0.234,0.1326,-1.0413,1.07547,989.78,1000.0,10.22,54.25,218.0,2.2695,0.2343,LOCK,1,unbalance
1838,9343268,5148,19239.0,0.2067,0.0,-0.702,0.7318,989.74,1000.0,10.26,54.25,218.0,2.2676,0.2062,LOCK,1,unbalance
1839,9343276,5156,19247.0,0.2067,0.0,-0.702,0.7318,989.71,1000.0,10.29,54.25,218.0,2.283,0.4391,LOCK,1,unbalance
1840,9343295,5175,19266.0,-0.0663,-0.1404,-0.8229,0.83742,989.68,1000.0,10.32,54.25,218.0,2.2645,0.1592,LOCK,1,unbalance
1841,9343304,5184,19275.0,0.4563,-0.156,-0.6552,0.81353,989.65,1000.0,10.35,54.25,218.0,2.2778,0.3601,LOCK,1,unbalance
1842,9343312,5192,19283.0,0.819,0.2613,-0.7293,1.12735,989.62,1000.0,10.38,54.25,218.0,2.264,0.1519,LOCK,1,unbalance
1843,9343321,5201,19292.0,-0.1833,0.1521,-0.9048,0.93563,989.57,1000.0,10.43,54.25,218.0,2.2492,-0.0734,LOCK,1,unbalance
1844,9343329,5209,19300.0,-0.2184,-0.2535,-0.9672,1.02344,989.52,1000.0,10.48,54.25,218.0,2.252,-0.03,LOCK,1,unbalance
1845,9343338,5218,19309.0,-0.2184,-0.2535,-0.9672,1.02344,989.48,1000.0,10.52,54.25,218.0,2.2551,0.017,LOCK,1,unbalance
1846,9343389,5269,19360.0,-0.1209,0.1248,-0.7605,0.7801,989.4,1000.0,10.6,54.25,218.0,2.2887,0.5252,LOCK,1,unbalance
1847,9343398,5278,19369.0,0.0117,0.1053,-0.9594,0.96523,989.32,1000.0,10.68,54.25,218.0,2.28,0.3946,LOCK,1,unbalance
1848,9343406,5286,19377.0,-0.4563,-0.2418,-0.7839,0.93871,989.25,1000.0,10.75,54.25,218.0,2.25,-0.0606,LOCK,1,unbalance
1849,9343415,5295,19386.0,0.1014,-0.1404,-0.9633,0.97874,989.19,1000.0,10.81,54.25,218.0,2.2255,-0.4323,LOCK,1,unbalance
1850,9343423,5303,19394.0,0.5889,-0.0117,-0.546,0.80315,989.14,1000.0,10.86,54.25,218.0,2.2467,-0.1106,LOCK,1,unbalance
1851,9343432,5312,19403.0,0.8073,0.2496,-0.5343,0.99975,989.09,1000.0,10.91,54.25,218.0,2.2591,0.0768,LOCK,1,unbalance
1852,9343440,5320,19411.0,0.8073,0.2496,-0.5343,0.99975,989.06,1000.0,10.94,54.25,218.0,2.2629,0.1342,LOCK,1,unbalance
1853,9343449,5329,19420.0,-0.2067,0.2379,-0.5694,0.6508,989.04,1000.0,10.96,54.25,218.0,2.2761,0.3354,LOCK,1,unbalance
1854,9343457,5337,19428.0,-0.0195,-0.1131,-0.8658,0.87337,989.02,1000.0,10.98,54.25,218.0,2.2445,-0.1433,LOCK,1,unbalance
1855,9343466,5346,19437.0,-0.4173,-0.1716,-0.6357,0.77955,989.0,1000.0,11.0,54.25,218.0,2.2575,0.0536,LOCK,1,unbalance
1856,9343484,5364,19455.0,0.5772,-0.2106,-0.5226,0.80661,988.98,1000.0,11.02,54.25,218.0,2.2697,0.2383,LOCK,1,unbalance
1857,9343498,5378,19469.0,0.2964,0.2418,-0.8073,0.89334,988.97,1000.0,11.03,54.25,218.0,2.2636,0.1449,LOCK,1,unbalance
1858,9343506,5386,19477.0,-0.2028,0.3783,-0.5187,0.67327,988.94,1000.0,11.06,54.25,218.0,2.2684,0.2178,LOCK,1,unbalance
1859,9343515,5395,19486.0,-0.1092,0.3744,-1.1388,1.20373,988.92,1000.0,11.08,54.25,218.0,2.2679,0.2105,LOCK,1,unbalance
1860,9343523,5403,19494.0,-0.4056,-0.078,-0.7566,0.862,988.9,1000.0,11.1,54.25,218.0,2.2751,0.3195,LOCK,1,unbalance
1861,9343532,5412,19503.0,-0.4056,-0.078,-0.7566,0.862,988.88,1000.0,11.12,54.25,218.0,2.2733,0.292,LOCK,1,unbalance
1862,9343540,5420,19511.0,0.234,-0.0429,-1.1193,1.1443,988.86,1000.0,11.14,54.25,218.0,2.2686,0.2218,LOCK,1,unbalance
1863,9343549,5429,19520.0,0.9048,-0.1755,-0.4992,1.04817,988.85,1000.0,11.15,54.25,218.0,2.2731,0.289,LOCK,1,unbalance
1864,9343557,5437,19528.0,0.3237,0.4251,-0.8151,0.97462,988.84,1000.0,11.16,54.25,218.0,2.2523,-0.0258,LOCK,1,unbalance
1865,9343566,5446,19537.0,0.0819,0.0858,-0.3705,0.38902,988.81,1000.0,11.19,54.25,218.0,2.2663,0.1858,LOCK,1,unbalance
1866,9343574,5454,19545.0,0.0819,0.0858,-0.3705,0.38902,988.78,1000.0,11.22,54.25,218.0,2.2366,-0.2635,LOCK,1,unbalance
1867,9343582,5462,19553.0,-0.117,0.2613,-1.0998,1.13645,988.76,1000.0,11.24,54.25,218.0,2.247,-0.106,LOCK,1,unbalance
1868,9343595,5475,19566.0,0.2925,-0.1248,-1.0374,1.08505,988.74,1000.0,11.26,54.25,218.0,2.273,0.2884,LOCK,1,unbalance
1869,9343603,5483,19574.0,0.2925,-0.1248,-1.0374,1.08505,988.73,1000.0,11.27,54.25,218.0,2.2646,0.1611,LOCK,1,unbalance
1870,9343612,5492,19583.0,0.5694,-0.1209,-0.4563,0.73962,988.71,1000.0,11.29,54.25,218.0,2.2755,0.3256,LOCK,1,unbalance
1871,9343620,5500,19591.0,0.0273,0.3081,-1.2558,1.29333,988.7,1000.0,11.3,54.25,218.0,2.2787,0.3735,LOCK,1,unbalance
1872,9343629,5509,19600.0,0.0546,-0.1014,-0.3276,0.34725,988.69,1000.0,11.31,54.25,218.0,2.2847,0.4645,LOCK,1,unbalance
1873,9343637,5517,19608.0,-0.1989,0.3393,-1.2441,1.30479,988.67,1000.0,11.33,54.25,218.0,2.2637,0.1473,LOCK,1,unbalance
1874,9343645,5525,19616.0,-0.1989,0.3393,-1.2441,1.30479,988.67,1000.0,11.33,54.25,218.0,2.2631,0.1379,LOCK,1,unbalance
1875,9343654,5534,19625.0,-0.4953,-0.0468,-0.5655,0.75319,988.66,1000.0,11.34,54.25,218.0,2.2868,0.4974,LOCK,1,unbalance
1876,9343662,5542,19633.0,0.2886,-0.0429,-0.9984,1.04016,988.65,1000.0,11.35,54.25,218.0,2.256,0.0304,LOCK,1,unbalance
1877,9343701,5581,19672.0,-0.3276,0.4836,-1.2597,1.38854,988.63,1000.0,11.37,54.25,218.0,2.2838,0.4514,LOCK,1,unbalance
1878,9343710,5590,19681.0,-0.4212,-0.0117,-0.4797,0.63848,988.61,1000.0,11.39,54.25,218.0,2.2729,0.2865,LOCK,1,unbalance
1879,9343718,5598,19689.0,0.4251,0.0078,-1.0296,1.11393,988.59,1000.0,11.41,54.25,218.0,2.262,0.1214,LOCK,1,unbalance
1880,9343727,5607,19698.0,0.4251,0.0078,-1.0296,1.11393,988.57,1000.0,11.43,54.25,218.0,2.2519,-0.0319,LOCK,1,unbalance
1881,9343735,5615,19706.0,0.7332,0.1287,-0.3744,0.83326,988.56,1000.0,11.44,54.25,218.0,2.2532,-0.0117,LOCK,1,unbalance
1882,9343745,5625,19716.0,-0.3471,-0.3393,-1.0959,1.19858,988.57,1000.0,11.43,54.25,218.0,2.2694,0.2328,LOCK,1,unbalance
1883,9343754,5634,19725.0,0.117,-0.3471,-0.3042,0.47614,988.58,1000.0,11.42,54.25,218.0,2.271,0.2569,LOCK,1,unbalance
1884,9343762,5642,19733.0,-0.6201,0.1677,-1.2792,1.43143,988.58,1000.0,11.42,54.25,218.0,2.2414,-0.1912,LOCK,1,unbalance
1885,9343771,5651,19742.0,-0.4212,0.0039,-0.5421,0.68651,988.59,1000.0,11.41,54.25,218.0,2.2577,0.0561,LOCK,1,unbalance
1886,9343779,5659,19750.0,0.39,0.0,-0.936,1.014,988.6,1000.0,11.4,54.25,218.0,2.237,-0.2571,LOCK,1,unbalance
1887,9343788,5668,19759.0,0.39,0.0,-0.936,1.014,988.6,1000.0,11.4,54.25,218.0,2.2606,0.1003,LOCK,1,unbalance
1888,9343798,5678,19769.0,0.6669,-0.0195,-0.4758,0.81946,988.61,1000.0,11.39,54.25,218.0,2.2449,-0.1381,LOCK,1,unbalance
1889,9343807,5687,19778.0,-0.1833,-0.3276,-1.1505,1.21019,988.61,1000.0,11.39,54.25,218.0,2.2386,-0.2339,LOCK,1,unbalance
1890,9343815,5695,19786.0,0.0624,-0.1365,-0.39,0.41788,988.61,1000.0,11.39,54.25,218.0,2.2323,-0.3286,LOCK,1,unbalance
1891,9343824,5704,19795.0,-0.4836,0.3471,-1.2129,1.3511,988.61,1000.0,11.39,54.25,218.0,2.2526,-0.0218,LOCK,1,unbalance
1892,9343849,5729,19820.0,0.3822,0.039,-0.9477,1.02261,988.61,1000.0,11.39,54.25,218.0,2.2643,0.1568,LOCK,1,unbalance
1893,9343857,5737,19828.0,0.8424,0.0273,-0.4719,0.96596,988.61,1000.0,11.39,54.25,218.0,2.2761,0.3354,LOCK,1,unbalance
1894,9343866,5746,19837.0,-0.39,-0.6552,-1.3026,1.50936,988.61,1000.0,11.39,54.25,218.0,2.2567,0.0405,LOCK,1,unbalance
1895,9343874,5754,19845.0,0.1053,-0.0819,-0.4602,0.47914,988.61,1000.0,11.39,54.25,218.0,2.2517,-0.0349,LOCK,1,unbalance
1896,9343883,5763,19854.0,-0.6084,0.2964,-1.1544,1.33815,988.61,1000.0,11.39,54.25,218.0,2.2519,-0.0325,LOCK,1,unbalance
1897,9343891,5771,19862.0,-0.6084,0.2964,-1.1544,1.33815,988.61,1000.0,11.39,54.25,218.0,2.2621,0.1226,LOCK,1,unbalance
1898,9343908,5788,19879.0,0.5148,-0.0312,-0.8229,0.97116,988.62,1000.0,11.38,54.25,218.0,2.2695,0.2346,LOCK,1,unbalance
1899,9343917,5797,19888.0,0.8268,0.1911,-0.4329,0.95264,988.62,1000.0,11.38,54.25,218.0,2.2625,0.1293,LOCK,1,unbalance
1900,9343925,5805,19896.0,-0.6318,-0.6318,-1.3572,1.62491,988.61,1000.0,11.39,54.25,218.0,2.269,0.2267,LOCK,1,unbalance
1901,9343934,5814,19905.0,0.1365,0.1326,-0.4368,0.47645,988.61,1000.0,11.39,54.25,218.0,2.2384,-0.2361,LOCK,1,unbalance
1902,9343942,5822,19913.0,0.1365,0.1326,-0.4368,0.47645,988.6,1000.0,11.4,54.25,218.0,2.248,-0.0914,LOCK,1,unbalance
1903,9343950,5830,19921.0,-0.78,0.156,-1.1232,1.37634,988.6,1000.0,11.4,54.25,218.0,2.2419,-0.183,LOCK,1,unbalance
1904,9343997,5877,19968.0,0.1092,0.1326,-0.6474,0.6698,988.59,1000.0,11.41,54.25,218.0,2.2617,0.1171,LOCK,1,unbalance
1905,9344006,5886,19977.0,-0.6279,0.0468,-1.0608,1.23359,988.59,1000.0,11.41,54.25,218.0,2.2642,0.1553,LOCK,1,unbalance
1906,9344014,5894,19985.0,-0.1989,0.0546,-0.7527,0.78045,988.59,1000.0,11.41,54.25,218.0,2.2326,-0.3246,LOCK,1,unbalance
1907,9344023,5903,19994.0,-0.1989,0.0546,-0.7527,0.78045,988.58,1000.0,11.42,54.25,218.0,2.2495,-0.0682,LOCK,1,unbalance
1908,9344031,5911,20002.0,0.6006,0.039,-0.819,1.01637,988.58,1000.0,11.42,54.25,218.0,2.255,0.0145,LOCK,1,unbalance
1909,9344040,5920,20011.0,0.858,0.3003,-0.4446,1.01194,988.58,1000.0,11.42,54.25,218.0,2.2445,-0.1436,LOCK,1,unbalance
1910,9344053,5933,20024.0,-0.6864,-0.2106,-1.4664,1.63274,988.58,1000.0,11.42,54.25,218.0,2.2699,0.2404,LOCK,1,unbalance
1911,9344062,5942,20033.0,0.0546,0.0741,-0.5811,0.58834,988.59,1000.0,11.41,54.25,218.0,2.2588,0.0725,LOCK,1,unbalance
1912,9344070,5950,20041.0,-0.5655,0.2067,-0.975,1.14592,988.59,1000.0,11.41,54.25,218.0,2.2452,-0.1329,LOCK,1,unbalance
1913,9344079,5959,20050.0,-0.1872,-0.0702,-0.7644,0.79011,988.59,1000.0,11.41,54.25,218.0,2.2608,0.1025,LOCK,1,unbalance
1914,9344087,5967,20058.0,0.5889,-0.0585,-0.7995,0.9947,988.59,1000.0,11.41,54.25,218.0,2.2358,-0.2758,LOCK,1,unbalance
1915,9344096,5976,20067.0,0.5889,-0.0585,-0.7995,0.9947,988.6,1000.0,11.4,54.25,218.0,2.2748,0.3152,LOCK,1,unbalance
1916,9344112,5992,20083.0,-0.2028,-0.1794,-1.1661,1.19712,988.63,1000.0,11.37,54.25,218.0,2.2605,0.0979,LOCK,1,unbalance
1917,9344120,6000,20091.0,-0.0975,0.1872,-0.7215,0.75174,988.66,1000.0,11.34,54.25,218.0,2.2688,0.2246,LOCK,1,unbalance
1918,9344129,6009,20100.0,-0.4407,-0.2106,-0.8073,0.94356,988.69,1000.0,11.31,54.25,218.0,2.2642,0.1553,LOCK,1,unbalance
1919,9344137,6017,20108.0,-0.1053,-0.0897,-0.8736,0.88448,988.71,1000.0,11.29,54.25,218.0,2.266,0.1815,LOCK,1,unbalance
1920,9344146,6026,20117.0,-0.1053,-0.0897,-0.8736,0.88448,988.73,1000.0,11.27,54.25,218.0,2.2602,0.0933,LOCK,1,unbalance
1921,9344154,6034,20125.0,0.6123,-0.117,-0.6474,0.89874,988.75,1000.0,11.25,54.25,218.0,2.2658,0.1794,LOCK,1,unbalance
1922,9344163,6043,20134.0,0.9633,0.273,-0.4914,1.11532,988.77,1000.0,11.23,54.25,218.0,2.2714,0.2633,LOCK,1,unbalance
1923,9344171,6051,20142.0,-0.6552,0.234,-1.2012,1.38814,988.74,1000.0,11.26,54.25,218.0,2.2588,0.0731,LOCK,1,unbalance
1924,9344180,6060,20151.0,0.039,0.0975,-0.702,0.70981,988.71,1000.0,11.29,54.25,218.0,2.2625,0.1281,LOCK,1,unbalance
1925,9344188,6068,20159.0,-0.4485,0.0078,-0.858,0.96818,988.68,1000.0,11.32,54.25,218.0,2.2477,-0.0953,LOCK,1,unbalance
1926,9344197,6077,20168.0,-0.4485,0.0078,-0.858,0.96818,988.66,1000.0,11.34,54.25,218.0,2.2682,0.2157,LOCK,1,unbalance
1927,9344215,6095,20186.0,0.4524,0.0429,-0.7995,0.91962,988.64,1000.0,11.36,54.25,218.0,2.2553,0.02,LOCK,1,unbalance
1928,9344224,6104,20195.0,0.6552,0.0195,-0.5577,0.86064,988.62,1000.0,11.38,54.25,218.0,2.2609,0.1046,LOCK,1,unbalance
1929,9344232,6112,20203.0,-0.078,0.1326,-0.7917,0.80651,988.59,1000.0,11.41,54.25,218.0,2.2644,0.158,LOCK,1,unbalance
1930,9344241,6121,20212.0,-0.0156,0.0156,-0.7761,0.77641,988.57,1000.0,11.43,54.25,218.0,2.2617,0.1171,LOCK,1,unbalance
1931,9344249,6129,20220.0,-0.0156,0.0156,-0.7761,0.77641,988.55,1000.0,11.45,54.25,218.0,2.2586,0.0695,LOCK,1,unbalance
1932,9344258,6138,20229.0,-0.4212,0.0351,-0.7293,0.84292,988.52,1000.0,11.48,54.25,218.0,2.2627,0.1311,LOCK,1,unbalance
1933,9344266,6146,20237.0,0.1014,-0.1248,-0.9555,0.96894,988.51,1000.0,11.49,54.25,218.0,2.2626,0.1308,LOCK,1,unbalance
1934,9344275,6155,20246.0,0.3978,-0.2301,-0.5577,0.72265,988.49,1000.0,11.51,54.25,218.0,2.2403,-0.2083,LOCK,1,unbalance
1935,9344283,6163,20254.0,0.7995,0.1833,-0.624,1.03062,988.47,1000.0,11.53,54.25,218.0,2.2538,-0.0032,LOCK,1,unbalance
1936,9344291,6171,20262.0,-0.3237,0.2457,-0.7527,0.8554,988.46,1000.0,11.54,54.25,218.0,2.2484,-0.0853,LOCK,1,unbalance
1937,9344300,6180,20271.0,-0.3237,0.2457,-0.7527,0.8554,988.45,1000.0,11.55,54.25,218.0,2.2715,0.2652,LOCK,1,unbalance
1938,9344323,6203,20294.0,0.0897,-0.2301,-0.9243,0.95672,988.43,1000.0,11.57,54.25,218.0,2.2641,0.1528,LOCK,1,unbalance
1939,9344332,6212,20303.0,0.546,-0.0312,-0.6201,0.82681,988.42,1000.0,11.58,54.25,218.0,2.2612,0.1098,LOCK,1,unbalance
1940,9344340,6220,20311.0,0.546,-0.0312,-0.6201,0.82681,988.41,1000.0,11.59,54.25,218.0,2.2526,-0.0209,LOCK,1,unbalance
1941,9344349,6229,20320.0,0.7488,0.2184,-0.7176,1.05988,988.39,1000.0,11.61,54.25,218.0,2.2498,-0.0636,LOCK,1,unbalance
1942,9344357,6237,20328.0,-0.1989,0.3393,-0.6279,0.74091,988.36,1000.0,11.64,54.25,218.0,2.2506,-0.0508,LOCK,1,unbalance
1943,9344365,6245,20336.0,-0.156,0.0507,-0.9906,1.00409,988.34,1000.0,11.66,54.25,218.0,2.2389,-0.229,LOCK,1,unbalance
1944,9344413,6293,20384.0,-0.078,0.3822,-0.4524,0.59735,988.33,1000.0,11.67,54.25,218.0,2.2648,0.1638,LOCK,1,unbalance
1945,9344422,6302,20393.0,-0.078,0.3822,-0.4524,0.59735,988.31,1000.0,11.69,54.25,218.0,2.2655,0.1742,LOCK,1,unbalance
1946,9344430,6310,20401.0,0.0663,0.0234,-0.8346,0.83756,988.3,1000.0,11.7,54.25,218.0,2.266,0.1818,LOCK,1,unbalance
1947,9344439,6319,20410.0,-0.4368,-0.0468,-0.663,0.79533,988.28,1000.0,11.72,54.25,218.0,2.2581,0.0615,LOCK,1,unbalance
1948,9344447,6327,20418.0,0.1599,-0.1209,-0.936,0.95723,988.27,1000.0,11.73,54.25,218.0,2.2649,0.1653,LOCK,1,unbalance
1949,9344456,6336,20427.0,0.5499,0.1209,-0.5733,0.80354,988.26,1000.0,11.74,54.25,218.0,2.2657,0.1772,LOCK,1,unbalance
1950,9344464,6344,20435.0,0.5499,0.1209,-0.5733,0.80354,988.25,1000.0,11.75,54.25,218.0,2.264,0.151,LOCK,1,unbalance
1951,9344473,6353,20444.0,0.1365,0.7956,-1.1271,1.38635,988.21,1000.0,11.79,54.25,218.0,2.2721,0.2746,LOCK,1,unbalance
1952,9344481,6361,20452.0,-0.0819,0.1014,-0.4056,0.42603,988.18,1000.0,11.82,54.25,218.0,2.2393,-0.2229,LOCK,1,unbalance
1953,9344490,6370,20461.0,-0.2106,0.1599,-1.2012,1.22996,988.15,1000.0,11.85,54.25,218.0,2.2586,0.0701,LOCK,1,unbalance
1954,9344498,6378,20469.0,-0.4056,-0.1755,-0.5538,0.70852,988.12,1000.0,11.88,54.25,218.0,2.2477,-0.0947,LOCK,1,unbalance
1955,9344507,6387,20478.0,0.3237,-0.0468,-1.0842,1.13246,988.1,1000.0,11.9,54.25,218.0,2.2613,0.111,LOCK,1,unbalance
1956,9344516,6396,20487.0,0.663,0.3003,-0.5226,0.89602,988.08,1000.0,11.92,54.25,218.0,2.2699,0.2404,LOCK,1,unbalance
1957,9344530,6410,20501.0,0.117,0.7215,-1.0647,1.29145,988.06,1000.0,11.94,54.25,218.0,2.2637,0.1464,LOCK,1,unbalance
1958,9344538,6418,20509.0,0.1833,0.0351,-0.2145,0.28433,988.02,1000.0,11.98,54.25,218.0,2.2587,0.0713,LOCK,1,unbalance
1959,9344546,6426,20517.0,0.039,0.3354,-1.0452,1.09839,988.0,1000.0,12.0,54.25,218.0,2.2603,0.0957,LOCK,1,unbalance
1960,9344555,6435,20526.0,0.039,0.3354,-1.0452,1.09839,987.97,1000.0,12.03,54.25,218.0,2.262,0.1214,LOCK,1,unbalance
1961,9344564,6444,20535.0,-0.3432,-0.0546,-0.5655,0.66375,987.95,1000.0,12.05,54.25,218.0,2.2646,0.1604,LOCK,1,unbalance
1962,9344572,6452,20543.0,0.2769,-0.1092,-0.9477,0.99334,987.93,1000.0,12.07,54.25,218.0,2.2613,0.1107,LOCK,1,unbalance
1963,9344580,6460,20551.0,0.5811,0.2067,-0.468,0.77423,987.91,1000.0,12.09,54.25,218.0,2.245,-0.1359,LOCK,1,unbalance
1964,9344589,6469,20560.0,0.1638,0.4602,-1.1154,1.21767,987.89,1000.0,12.11,54.25,218.0,2.2632,0.1394,LOCK,1,unbalance
1965,9344597,6477,20568.0,-0.1014,-0.0741,-0.3159,0.33995,987.86,1000.0,12.14,54.25,218.0,2.2458,-0.1243,LOCK,1,unbalance
1966,9344606,6486,20577.0,-0.1014,-0.0741,-0.3159,0.33995,987.83,1000.0,12.17,54.25,218.0,2.2551,0.017,LOCK,1,unbalance
1967,9344620,6500,20591.0,-0.4251,0.1443,-0.5967,0.74672,987.81,1000.0,12.19,54.25,218.0,2.2599,0.089,LOCK,1,unbalance
1968,9344628,6508,20599.0,0.4524,0.039,-1.0491,1.14315,987.78,1000.0,12.22,54.25,218.0,2.2675,0.2038,LOCK,1,unbalance
1969,9344637,6517,20608.0,0.4524,0.039,-1.0491,1.14315,987.76,1000.0,12.24,54.25,218.0,2.2677,0.2068,LOCK,1,unbalance
1970,9344645,6525,20616.0,0.6396,0.1365,-0.4602,0.79969,987.74,1000.0,12.26,54.25,218.0,2.2397,-0.2165,LOCK,1,unbalance
1971,9344654,6534,20625.0,0.1014,0.4875,-1.3065,1.39817,987.72,1000.0,12.28,54.25,218.0,2.262,0.1205,LOCK,1,unbalance
1972,9344662,6542,20633.0,0.0156,0.1092,-0.2808,0.30169,987.7,1000.0,12.3,54.25,218.0,2.2464,-0.1149,LOCK,1,unbalance
1973,9344670,6550,20641.0,-0.0507,0.2301,-1.2129,1.23557,987.68,1000.0,12.32,54.25,218.0,2.259,0.0756,LOCK,1,unbalance
1974,9344724,6604,20695.0,0.1443,0.0078,-0.2652,0.30202,987.65,1000.0,12.35,54.25,218.0,2.2592,0.0783,LOCK,1,unbalance
1975,9344737,6617,20708.0,-0.3276,0.2457,-1.2207,1.28756,987.62,1000.0,12.38,54.25,218.0,2.2651,0.1678,LOCK,1,unbalance
1976,9344746,6626,20717.0,-0.4212,0.1911,-0.5967,0.75497,987.6,1000.0,12.4,54.25,218.0,2.2661,0.1833,LOCK,1,unbalance
1977,9344754,6634,20725.0,0.3939,-0.117,-0.9204,1.00796,987.58,1000.0,12.42,54.25,218.0,2.2581,0.0622,LOCK,1,unbalance
1978,9344763,6643,20734.0,0.7098,0.0858,-0.3744,0.80706,987.56,1000.0,12.44,54.25,218.0,2.2615,0.1141,LOCK,1,unbalance
1979,9344771,6651,20742.0,0.7098,0.0858,-0.3744,0.80706,987.54,1000.0,12.46,54.25,218.0,2.2628,0.1327,LOCK,1,unbalance
1980,9344780,6660,20751.0,-0.3705,-0.0624,-1.2597,1.31454,987.51,1000.0,12.49,54.25,218.0,2.2628,0.133,LOCK,1,unbalance
1981,9344788,6668,20759.0,0.1404,-0.1365,-0.2106,0.28757,987.48,1000.0,12.52,54.25,218.0,2.2434,-0.161,LOCK,1,unbalance
1982,9344796,6676,20767.0,-0.4992,0.3627,-1.3767,1.50866,987.46,1000.0,12.54,54.25,218.0,2.24,-0.2126,LOCK,1,unbalance
1983,9344805,6685,20776.0,-0.468,0.1911,-0.7293,0.88737,987.44,1000.0,12.56,54.25,218.0,2.2473,-0.1015,LOCK,1,unbalance
1984,9344813,6693,20784.0,0.3276,-0.0624,-1.0218,1.07484,987.42,1000.0,12.58,54.25,218.0,2.2566,0.0387,LOCK,1,unbalance
1985,9344822,6702,20793.0,0.8385,0.2028,-0.3939,0.94835,987.4,1000.0,12.6,54.25,218.0,2.2604,0.0976,LOCK,1,unbalance
1986,9344831,6711,20802.0,0.8385,0.2028,-0.3939,0.94835,987.39,1000.0,12.61,54.25,218.0,2.2712,0.2603,LOCK,1,unbalance
1987,9344840,6720,20811.0,-0.3471,-0.585,-1.0296,1.23401,987.36,1000.0,12.64,54.25,218.0,2.2636,0.1449,LOCK,1,unbalance
1988,9344848,6728,20819.0,0.0936,-0.1248,-0.312,0.34883,987.33,1000.0,12.67,54.25,218.0,2.2607,0.1012,LOCK,1,unbalance
1989,9344857,6737,20828.0,-0.4875,0.3237,-1.1934,1.32915,987.31,1000.0,12.69,54.25,218.0,2.2661,0.184,LOCK,1,unbalance
1990,9344865,6745,20836.0,-0.3159,0.1287,-0.624,0.71115,987.29,1000.0,12.71,54.25,218.0,2.2642,0.154,LOCK,1,unbalance
1991,9344884,6764,20855.0,0.741,-0.1053,-0.2301,0.78302,987.27,1000.0,12.73,54.25,218.0,2.2611,0.1083,LOCK,1,unbalance
1992,9344892,6772,20863.0,0.741,-0.1053,-0.2301,0.78302,987.25,1000.0,12.75,54.25,218.0,2.2459,-0.1231,LOCK,1,unbalance
1993,9344901,6781,20872.0,-0.546,-0.3549,-1.2519,1.41114,987.24,1000.0,12.76,54.25,218.0,2.2417,-0.1857,LOCK,1,unbalance
1994,9344909,6789,20880.0,0.3822,-0.2379,-0.4953,0.66932,987.23,1000.0,12.77,54.25,218.0,2.2562,0.0332,LOCK,1,unbalance
1995,9344919,6799,20890.0,-0.6552,0.3315,-1.2402,1.44128,987.22,1000.0,12.78,54.25,218.0,2.2662,0.1843,LOCK,1,unbalance
1996,9344927,6807,20898.0,-0.2847,0.195,-0.7371,0.81388,987.21,1000.0,12.79,54.25,218.0,2.261,0.1058,LOCK,1,unbalance
1997,9344940,6820,20911.0,0.5967,-0.1404,-0.8385,1.03867,987.2,1000.0,12.8,54.25,218.0,2.2684,0.2188,LOCK,1,unbalance
1998,9344949,6829,20920.0,0.7917,-0.234,-0.3159,0.88393,987.19,1000.0,12.81,54.25,218.0,2.2627,0.1315,LOCK,1,unbalance
1999,9344957,6837,20928.0,-0.4446,-0.6825,-1.2285,1.474,987.18,1000.0,12.82,54.25,218.0,2.2406,-0.2025,LOCK,1,unbalance
2000,9344966,6846,20937.0,-0.0039,-0.1014,-0.5499,0.55918,987.16,1000.0,12.84,54.25,218.0,2.247,-0.1063,LOCK,1,unbalance
2001,9344974,6854,20945.0,-0.0039,-0.1014,-0.5499,0.55918,987.15,1000.0,12.85,54.25,218.0,2.2475,-0.0978,LOCK,1,unbalance
2002,9344983,6863,20954.0,-0.6357,0.3393,-1.0764,1.29533,987.13,1000.0,12.87,54.25,218.0,2.2513,-0.041,LOCK,1,unbalance
2003,9345029,6909,21000.0,-0.0546,-0.1092,-0.7176,0.72791,987.11,1000.0,12.89,54.25,218.0,2.2633,0.1406,LOCK,1,unbalance
2004,9345037,6917,21008.0,-0.0546,-0.1092,-0.7176,0.72791,987.09,1000.0,12.91,54.25,218.0,2.265,0.1672,LOCK,1,unbalance
2005,9345046,6926,21017.0,-0.6201,0.4212,-1.1622,1.38298,987.07,1000.0,12.93,54.25,218.0,2.2672,0.2001,LOCK,1,unbalance
2006,9345054,6934,21025.0,-0.0858,-0.0507,-0.7878,0.79408,987.06,1000.0,12.94,54.25,218.0,2.2637,0.147,LOCK,1,unbalance
2007,9345063,6943,21034.0,0.6513,-0.1326,-0.8229,1.0578,987.04,1000.0,12.96,54.25,218.0,2.2702,0.2447,LOCK,1,unbalance
2008,9345071,6951,21042.0,0.8073,-0.1911,-0.3198,0.88911,987.03,1000.0,12.97,54.25,218.0,2.2603,0.0951,LOCK,1,unbalance
2009,9345080,6960,21051.0,-0.117,-0.4095,-1.1388,1.21583,987.01,1000.0,12.99,54.25,218.0,2.2478,-0.0944,LOCK,1,unbalance
2010,9345088,6968,21059.0,-0.0351,-0.1794,-0.7605,0.78216,987.0,1000.0,13.0,54.25,218.0,2.2608,0.1034,LOCK,1,unbalance
2011,9345097,6977,21068.0,-0.0351,-0.1794,-0.7605,0.78216,986.98,1000.0,13.02,54.25,218.0,2.2415,-0.1891,LOCK,1,unbalance
2012,9345105,6985,21076.0,-0.4329,0.1092,-0.78,0.89874,986.97,1000.0,13.03,54.25,218.0,2.258,0.0606,LOCK,1,unbalance
2013,9345114,6994,21085.0,-0.0234,-0.2301,-0.7995,0.83228,986.96,1000.0,13.04,54.25,218.0,2.2394,-0.2214,LOCK,1,unbalance
2014,9345132,7012,21103.0,0.6201,-0.2418,-0.1911,0.69247,986.95,1000.0,13.05,54.25,218.0,2.2568,0.042,LOCK,1,unbalance
2015,9345146,7026,21117.0,-0.1326,-0.4719,-1.1076,1.21122,986.93,1000.0,13.07,54.25,218.0,2.2666,0.1916,LOCK,1,unbalance
2016,9345154,7034,21125.0,0.2457,0.0195,-0.8658,0.9002,986.92,1000.0,13.08,54.25,218.0,2.2591,0.0774,LOCK,1,unbalance
2017,9345163,7043,21134.0,-0.507,0.1053,-0.8268,0.97557,986.91,1000.0,13.09,54.25,218.0,2.264,0.1516,LOCK,1,unbalance
2018,9345171,7051,21142.0,0.0234,-0.1131,-0.8151,0.82324,986.9,1000.0,13.1,54.25,218.0,2.2657,0.1775,LOCK,1,unbalance
2019,9345180,7060,21151.0,0.0234,-0.1131,-0.8151,0.82324,986.9,1000.0,13.1,54.25,218.0,2.2524,-0.0248,LOCK,1,unbalance
2020,9345188,7068,21159.0,0.5772,0.0819,-0.6786,0.89463,986.89,1000.0,13.11,54.25,218.0,2.2698,0.2401,LOCK,1,unbalance
2021,9345197,7077,21168.0,0.6903,0.2574,-0.5499,0.91933,986.88,1000.0,13.12,54.25,218.0,2.2545,0.0078,LOCK,1,unbalance
2022,9345205,7085,21176.0,-0.2535,-0.3939,-0.897,1.01194,986.88,1000.0,13.12,54.25,218.0,2.2506,-0.0514,LOCK,1,unbalance
2023,9345214,7094,21185.0,0.0273,0.0897,-0.9243,0.92904,986.87,1000.0,13.13,54.25,218.0,2.2456,-0.1277,LOCK,1,unbalance
2024,9345222,7102,21193.0,-0.5343,-0.1443,-0.6513,0.85469,986.87,1000.0,13.13,54.25,218.0,2.2449,-0.1372,LOCK,1,unbalance
2025,9345234,7114,21205.0,0.0624,-0.1638,-1.0101,1.0252,986.86,1000.0,13.14,54.25,218.0,2.2628,0.133,LOCK,1,unbalance
2026,9345242,7122,21213.0,0.4524,0.039,-0.6006,0.75293,986.86,1000.0,13.14,54.25,218.0,2.2706,0.252,LOCK,1,unbalance
2027,9345251,7131,21222.0,0.4524,0.039,-0.6006,0.75293,986.86,1000.0,13.14,54.25,218.0,2.2636,0.1458,LOCK,1,unbalance
2028,9345259,7139,21230.0,0.5499,0.2223,-0.5577,0.81415,986.85,1000.0,13.15,54.25,218.0,2.2371,-0.2562,LOCK,1,unbalance
2029,9345268,7148,21239.0,-0.0429,-0.2301,-0.8697,0.90065,986.85,1000.0,13.15,54.25,218.0,2.2473,-0.1015,LOCK,1,unbalance
2030,9345276,7156,21247.0,0.078,-0.0078,-0.8346,0.83827,986.85,1000.0,13.15,54.25,218.0,2.2415,-0.1888,LOCK,1,unbalance
2031,9345285,7165,21256.0,-0.5967,-0.0624,-0.6903,0.91458,986.85,1000.0,13.15,54.25,218.0,2.2531,-0.0129,LOCK,1,unbalance
2032,9345334,7214,21305.0,-0.0351,0.2184,-0.9594,0.98457,986.85,1000.0,13.15,54.25,218.0,2.262,0.1205,LOCK,1,unbalance
2033,9345348,7228,21319.0,-0.4212,-0.0195,-0.741,0.85257,986.85,1000.0,13.15,54.25,218.0,2.2666,0.1913,LOCK,1,unbalance
2034,9345356,7236,21327.0,0.3042,-0.3081,-1.0686,1.15298,986.85,1000.0,13.15,54.25,218.0,2.2652,0.1693,LOCK,1,unbalance
2035,9345365,7245,21336.0,0.5616,0.1365,-0.5811,0.81958,986.84,1000.0,13.16,54.25,218.0,2.2542,0.0029,LOCK,1,unbalance
2036,9345373,7253,21344.0,0.5616,0.1365,-0.5811,0.81958,986.84,1000.0,13.16,54.25,218.0,2.2651,0.1675,LOCK,1,unbalance
2037,9345382,7262,21353.0,0.3744,0.624,-0.7449,1.04136,986.84,1000.0,13.16,54.25,218.0,2.2618,0.1177,LOCK,1,unbalance
2038,9345390,7270,21361.0,-0.078,0.0858,-0.4056,0.42185,986.84,1000.0,13.16,54.25,218.0,2.2623,0.1257,LOCK,1,unbalance
2039,9345399,7279,21370.0,-0.2184,0.1443,-0.897,0.93441,986.84,1000.0,13.16,54.25,218.0,2.2473,-0.1008,LOCK,1,unbalance
2040,9345407,7287,21378.0,-0.5304,-0.1014,-0.6474,0.84305,986.84,1000.0,13.16,54.25,218.0,2.2484,-0.0844,LOCK,1,unbalance
2041,9345415,7295,21386.0,-0.5304,-0.1014,-0.6474,0.84305,986.84,1000.0,13.16,54.25,218.0,2.2498,-0.063,LOCK,1,unbalance
2042,9345424,7304,21395.0,0.2886,-0.0897,-1.0647,1.10676,986.84,1000.0,13.16,54.25,218.0,2.2558,0.0277,LOCK,1,unbalance
2043,9345442,7322,21413.0,0.4368,0.6435,-0.7722,1.09598,986.84,1000.0,13.16,54.25,218.0,2.2629,0.1348,LOCK,1,unbalance
2044,9345451,7331,21422.0,-0.0117,0.1365,-0.1833,0.22884,986.84,1000.0,13.16,54.25,218.0,2.2709,0.2557,LOCK,1,unbalance
2045,9345460,7340,21431.0,-0.2691,-0.0507,-1.0101,1.04656,986.84,1000.0,13.16,54.25,218.0,2.2627,0.1318,LOCK,1,unbalance
2046,9345468,7348,21439.0,-0.4368,-0.1638,-0.5772,0.74215,986.85,1000.0,13.15,54.25,218.0,2.2641,0.1525,LOCK,1,unbalance
2047,9345477,7357,21448.0,-0.4368,-0.1638,-0.5772,0.74215,986.85,1000.0,13.15,54.25,218.0,2.2626,0.1296,LOCK,1,unbalance
2048,9345485,7365,21456.0,0.4524,-0.1794,-1.1193,1.22053,986.85,1000.0,13.15,54.25,218.0,2.2685,0.2191,LOCK,1,unbalance
2049,9345494,7374,21465.0,0.5967,0.0234,-0.507,0.78336,986.85,1000.0,13.15,54.25,218.0,2.2621,0.122,LOCK,1,unbalance
2050,9345502,7382,21473.0,0.2301,0.8229,-1.2675,1.52862,986.85,1000.0,13.15,54.25,218.0,2.2413,-0.1918,LOCK,1,unbalance
2051,9345510,7390,21481.0,0.1365,0.3276,-0.3432,0.4937,986.86,1000.0,13.14,54.25,218.0,2.2422,-0.1781,LOCK,1,unbalance
2052,9345519,7399,21490.0,-0.1443,0.2535,-1.1193,1.15668,986.86,1000.0,13.14,54.25,218.0,2.2565,0.0383,LOCK,1,unbalance
2053,9345527,7407,21498.0,-0.1443,0.2535,-1.1193,1.15668,986.86,1000.0,13.14,54.25,218.0,2.2495,-0.0679,LOCK,1,unbalance
2054,9345538,7418,21509.0,-0.4758,-0.1248,-0.5694,0.75245,986.87,1000.0,13.13,54.25,218.0,2.2731,0.2899,LOCK,1,unbalance
2055,9345552,7432,21523.0,0.6825,-0.2652,-0.3705,0.82061,986.87,1000.0,13.13,54.25,218.0,2.2695,0.2349,LOCK,1,unbalance
2056,9345560,7440,21531.0,0.2067,0.4797,-0.9282,1.06508,986.87,1000.0,13.13,54.25,218.0,2.2682,0.2157,LOCK,1,unbalance
2057,9345569,7449,21540.0,0.2067,0.4797,-0.9282,1.06508,986.89,1000.0,13.11,54.25,218.0,2.2552,0.0185,LOCK,1,unbalance
2058,9345577,7457,21548.0,0.1092,0.1365,-0.4017,0.43809,986.9,1000.0,13.1,54.25,218.0,2.2524,-0.0245,LOCK,1,unbalance
2059,9345586,7466,21557.0,-0.1287,0.3354,-1.17,1.22391,986.91,1000.0,13.09,54.25,218.0,2.2482,-0.0877,LOCK,1,unbalance
2060,9345594,7474,21565.0,-0.4212,-0.1638,-0.6474,0.78954,986.92,1000.0,13.08,54.25,218.0,2.2395,-0.2202,LOCK,1,unbalance
2061,9345641,7521,21612.0,-0.39,0.2457,-1.2714,1.35238,986.94,1000.0,13.06,54.25,218.0,2.2751,0.3195,LOCK,1,unbalance
2062,9345650,7530,21621.0,-0.39,0.2457,-1.2714,1.35238,986.96,1000.0,13.04,54.25,218.0,2.263,0.1369,LOCK,1,unbalance
2063,9345658,7538,21629.0,-0.4095,-0.1248,-0.4992,0.65762,986.98,1000.0,13.02,54.25,218.0,2.2505,-0.0526,LOCK,1,unbalance
2064,9345667,7547,21638.0,0.507,0.117,-0.9867,1.11549,986.99,1000.0,13.01,54.25,218.0,2.2334,-0.3121,LOCK,1,unbalance
2065,9345675,7555,21646.0,0.7293,-0.1092,-0.4524,0.86514,987.0,1000.0,13.0,54.25,218.0,2.2465,-0.1137,LOCK,1,unbalance
2066,9345684,7564,21655.0,-0.0624,-0.078,-1.0647,1.06938,987.01,1000.0,12.99,54.25,218.0,2.2569,0.0438,LOCK,1,unbalance
2067,9345692,7572,21663.0,0.0312,-0.0507,-0.3588,0.36371,987.04,1000.0,12.96,54.25,218.0,2.2611,0.107,LOCK,1,unbalance
2068,9345701,7581,21672.0,0.0312,-0.0507,-0.3588,0.36371,987.06,1000.0,12.94,54.25,218.0,2.2651,0.1678,LOCK,1,unbalance
2069,9345709,7589,21680.0,-0.4173,0.1833,-1.2246,1.30667,987.08,1000.0,12.92,54.25,218.0,2.2388,-0.2297,LOCK,1,unbalance
2070,9345717,7597,21688.0,-0.429,0.0468,-0.5148,0.67175,987.1,1000.0,12.9,54.25,218.0,2.247,-0.1066,LOCK,1,unbalance
2071,9345736,7616,21707.0,0.6318,-0.3003,-0.2964,0.75974,987.11,1000.0,12.89,54.25,218.0,2.2701,0.2441,LOCK,1,unbalance
2072,9345745,7625,21716.0,-0.351,-0.0117,-1.2675,1.31525,987.13,1000.0,12.87,54.25,218.0,2.2588,0.0722,LOCK,1,unbalance
2073,9345758,7638,21729.0,-0.0507,-0.2418,-0.2028,0.31963,987.17,1000.0,12.83,54.25,218.0,2.265,0.1663,LOCK,1,unbalance
2074,9345766,7646,21737.0,-0.6864,0.2613,-1.209,1.4146,987.2,1000.0,12.8,54.25,218.0,2.2343,-0.2977,LOCK,1,unbalance
2075,9345775,7655,21746.0,-0.3783,0.1599,-0.6747,0.78987,987.23,1000.0,12.77,54.25,218.0,2.248,-0.0908,LOCK,1,unbalance
2076,9345783,7663,21754.0,-0.3783,0.1599,-0.6747,0.78987,987.26,1000.0,12.74,54.25,218.0,2.2634,0.1424,LOCK,1,unbalance
2077,9345792,7672,21763.0,0.5889,-0.0351,-1.0296,1.18664,987.29,1000.0,12.71,54.25,218.0,2.265,0.1672,LOCK,1,unbalance
2078,9345801,7681,21772.0,0.8424,0.1911,-0.5577,1.0282,987.31,1000.0,12.69,54.25,218.0,2.2602,0.0933,LOCK,1,unbalance
2079,9345809,7689,21780.0,-0.3003,-0.0741,-1.2792,1.31606,987.35,1000.0,12.65,54.25,218.0,2.2551,0.0167,LOCK,1,unbalance
2080,9345818,7698,21789.0,0.0078,-0.1248,-0.3315,0.3543,987.38,1000.0,12.62,54.25,218.0,2.2643,0.1562,LOCK,1,unbalance
2081,9345826,7706,21797.0,-0.5187,0.3315,-1.1973,1.34628,987.41,1000.0,12.59,54.25,218.0,2.2454,-0.1308,LOCK,1,unbalance
2082,9345835,7715,21806.0,-0.5187,0.3315,-1.1973,1.34628,987.43,1000.0,12.57,54.25,218.0,2.251,-0.0459,LOCK,1,unbalance
2083,9345847,7727,21818.0,0.3276,-0.078,-0.7917,0.86035,987.45,1000.0,12.55,54.25,218.0,2.2604,0.0976,LOCK,1,unbalance
2084,9345855,7735,21826.0,0.3276,-0.078,-0.7917,0.86035,987.47,1000.0,12.53,54.25,218.0,2.2652,0.1702,LOCK,1,unbalance
2085,9345864,7744,21835.0,0.8814,-0.0546,-0.3978,0.96855,987.49,1000.0,12.51,54.25,218.0,2.2424,-0.1759,LOCK,1,unbalance
2086,9345872,7752,21843.0,-0.2691,-0.3276,-1.3416,1.40699,987.54,1000.0,12.46,54.25,218.0,2.2457,-0.1262,LOCK,1,unbalance
2087,9345880,7760,21851.0,-0.0546,-0.1014,-0.468,0.48196,987.58,1000.0,12.42,54.25,218.0,2.2662,0.1843,LOCK,1,unbalance
2088,9345889,7769,21860.0,-0.7215,0.4368,-1.1739,1.44547,987.61,1000.0,12.39,54.25,218.0,2.2561,0.0322,LOCK,1,unbalance
2089,9345897,7777,21868.0,-0.2301,0.1638,-0.7059,0.76031,987.65,1000.0,12.35,54.25,218.0,2.2679,0.2102,LOCK,1,unbalance
2090,9345906,7786,21877.0,-0.2301,0.1638,-0.7059,0.76031,987.67,1000.0,12.33,54.25,218.0,2.2696,0.2371,LOCK,1,unbalance
2091,9345914,7794,21885.0,0.2301,-0.3549,-0.7605,0.87021,987.7,1000.0,12.3,54.25,218.0,2.2481,-0.0892,LOCK,1,unbalance
2092,9345923,7803,21894.0,0.8502,0.2262,-0.351,0.94721,987.73,1000.0,12.27,54.25,218.0,2.24,-0.2126,LOCK,1,unbalance
2093,9345941,7821,21912.0,0.0936,-0.0702,-0.5772,0.58894,987.76,1000.0,12.24,54.25,218.0,2.2604,0.0973,LOCK,1,unbalance
2094,9345950,7830,21921.0,-0.6123,0.39,-1.1427,1.3538,987.8,1000.0,12.2,54.25,218.0,2.2657,0.1772,LOCK,1,unbalance
2095,9345963,7843,21934.0,-0.1287,-0.0624,-0.7839,0.79684,987.83,1000.0,12.17,54.25,218.0,2.2693,0.2325,LOCK,1,unbalance
2096,9345972,7852,21943.0,0.6162,-0.312,-0.8619,1.1045,987.85,1000.0,12.15,54.25,218.0,2.2461,-0.1192,LOCK,1,unbalance
2097,9345980,7860,21951.0,0.6435,0.0,-0.1989,0.67354,987.88,1000.0,12.12,54.25,218.0,2.2453,-0.1314,LOCK,1,unbalance
2098,9345989,7869,21960.0,-0.6318,-0.4017,-1.1154,1.34337,987.92,1000.0,12.08,54.25,218.0,2.2625,0.1287,LOCK,1,unbalance
2099,9345997,7877,21968.0,-0.6318,-0.4017,-1.1154,1.34337,987.97,1000.0,12.03,54.25,218.0,2.264,0.151,LOCK,1,unbalance
2100,9346006,7886,21977.0,0.0234,-0.0819,-0.7605,0.76526,988.0,1000.0,12.0,54.25,218.0,2.2689,0.2258,LOCK,1,unbalance
2101,9346014,7894,21985.0,-0.6786,0.1521,-0.7566,1.02766,988.04,1000.0,11.96,54.25,218.0,2.2413,-0.1927,LOCK,1,unbalance
2102,9346023,7903,21994.0,0.0507,0.0897,-0.8814,0.8874,988.07,1000.0,11.93,54.25,218.0,2.2511,-0.0435,LOCK,1,unbalance
2103,9346031,7911,22002.0,0.429,-0.2262,-0.6396,0.80268,988.09,1000.0,11.91,54.25,218.0,2.2455,-0.1289,LOCK,1,unbalance
2104,9346040,7920,22011.0,0.429,-0.2262,-0.6396,0.80268,988.12,1000.0,11.88,54.25,218.0,2.2547,0.0109,LOCK,1,unbalance
2105,9346058,7938,22029.0,0.0351,0.156,-1.1583,1.16928,988.17,1000.0,11.83,54.25,218.0,2.2689,0.2255,LOCK,1,unbalance
2106,9346067,7947,22038.0,0.1638,-0.1092,-0.7956,0.81959,988.22,1000.0,11.78,54.25,218.0,2.2422,-0.1787,LOCK,1,unbalance
2107,9346075,7955,22046.0,-0.4368,-0.0078,-0.8385,0.94548,988.26,1000.0,11.74,54.25,218.0,2.2625,0.129,LOCK,1,unbalance
2108,9346084,7964,22055.0,-0.0819,-0.1482,-0.9867,1.00112,988.3,1000.0,11.7,54.25,218.0,2.2418,-0.1851,LOCK,1,unbalance
2109,9346092,7972,22063.0,0.4563,-0.1014,-0.6747,0.8208,988.33,1000.0,11.67,54.25,218.0,2.2531,-0.0135,LOCK,1,unbalance
2110,9346102,7982,22073.0,1.0062,0.1131,-0.5187,1.13766,988.36,1000.0,11.64,54.25,218.0,2.2669,0.1956,LOCK,1,unbalance
2111,9346111,7991,22082.0,1.0062,0.1131,-0.5187,1.13766,988.41,1000.0,11.59,54.25,218.0,2.2657,0.1769,LOCK,1,unbalance
2112,9346119,7999,22090.0,-0.1755,0.0585,-1.0062,1.02306,988.46,1000.0,11.54,54.25,218.0,2.2525,-0.0233,LOCK,1,unbalance
2113,9346127,8007,22098.0,0.2574,-0.0507,-0.7449,0.78975,988.51,1000.0,11.49,54.25,218.0,2.2666,0.1916,LOCK,1,unbalance
2114,9346136,8016,22107.0,-0.3978,0.0078,-0.7215,0.82393,988.55,1000.0,11.45,54.25,218.0,2.2547,0.0109,LOCK,1,unbalance
2115,9346147,8027,22118.0,-0.0234,-0.312,-0.8346,0.89132,988.58,1000.0,11.42,54.25,218.0,2.2599,0.0899,LOCK,1,unbalance
2116,9346156,8036,22127.0,0.4719,-0.2145,-0.6357,0.82025,988.62,1000.0,11.38,54.25,218.0,2.2616,0.1156,LOCK,1,unbalance
2117,9346169,8049,22140.0,0.7878,0.4095,-0.6396,1.09426,988.65,1000.0,11.35,54.25,218.0,2.2672,0.2001,LOCK,1,unbalance
2118,9346177,8057,22148.0,-0.0936,0.0819,-0.7878,0.79756,988.7,1000.0,11.3,54.25,218.0,2.2501,-0.0596,LOCK,1,unbalance
2119,9346186,8066,22157.0,0.2028,0.0312,-0.7995,0.82541,988.75,1000.0,11.25,54.25,218.0,2.2398,-0.2153,LOCK,1,unbalance
2120,9346194,8074,22165.0,-0.3783,-0.0429,-0.7722,0.86096,988.8,1000.0,11.2,54.25,218.0,2.2628,0.133,LOCK,1,unbalance
2121,9346203,8083,22174.0,-0.3783,-0.0429,-0.7722,0.86096,988.84,1000.0,11.16,54.25,218.0,2.2611,0.107,LOCK,1,unbalance
2122,9346212,8092,22183.0,0.0702,0.0468,-0.9438,0.94756,988.88,1000.0,11.12,54.25,218.0,2.2596,0.0851,LOCK,1,unbalance
2123,9346221,8101,22192.0,0.6318,-0.3861,-0.5772,0.93883,988.91,1000.0,11.09,54.25,218.0,2.2475,-0.0981,LOCK,1,unbalance
2124,9346229,8109,22200.0,0.6474,0.0663,-0.6669,0.93181,988.94,1000.0,11.06,54.25,218.0,2.2442,-0.1491,LOCK,1,unbalance
2125,9346238,8118,22209.0,-0.1716,0.2106,-0.6201,0.677,989.0,1000.0,11.0,54.25,218.0,2.2468,-0.1094,LOCK,1,unbalance
2126,9346246,8126,22217.0,-0.2535,0.2301,-0.9243,0.98567,989.06,1000.0,10.94,54.25,218.0,2.2691,0.2285,LOCK,1,unbalance
2127,9346257,8137,22228.0,-0.5031,-0.1755,-0.6474,0.83847,989.11,1000.0,10.89,54.25,218.0,2.2654,0.1724,LOCK,1,unbalance
2128,9346266,8146,22237.0,0.2028,-0.2886,-0.9711,1.03318,989.16,1000.0,10.84,54.25,218.0,2.2699,0.2413,LOCK,1,unbalance
2129,9346274,8154,22245.0,0.2028,-0.2886,-0.9711,1.03318,989.2,1000.0,10.8,54.25,218.0,2.248,-0.0914,LOCK,1,unbalance
2130,9346283,8163,22254.0,0.7527,-0.3237,-0.5031,0.96148,989.24,1000.0,10.76,54.25,218.0,2.2633,0.1406,LOCK,1,unbalance
2131,9346291,8171,22262.0,0.4992,0.1872,-0.5928,0.79728,989.3,1000.0,10.7,54.25,218.0,2.2446,-0.143,LOCK,1,unbalance
2132,9346301,8181,22272.0,-0.2769,0.2535,-0.585,0.6951,989.35,1000.0,10.65,54.25,218.0,2.2708,0.2539,LOCK,1,unbalance
2133,9346310,8190,22281.0,-0.1482,0.273,-1.0335,1.07917,989.4,1000.0,10.6,54.25,218.0,2.2569,0.0438,LOCK,1,unbalance
2134,9346318,8198,22289.0,-0.4212,-0.0702,-0.7722,0.8824,989.44,1000.0,10.56,54.25,218.0,2.2426,-0.1732,LOCK,1,unbalance
2135,9346326,8206,22297.0,0.2106,-0.1209,-1.0647,1.09204,989.48,1000.0,10.52,54.25,218.0,2.2593,0.0808,LOCK,1,unbalance
2136,9346335,8215,22306.0,0.2106,-0.1209,-1.0647,1.09204,989.52,1000.0,10.48,54.25,218.0,2.2642,0.1543,LOCK,1,unbalance
2137,9346343,8223,22314.0,0.663,-0.1638,-0.4719,0.83011,989.55,1000.0,10.45,54.25,218.0,2.2424,-0.1759,LOCK,1,unbalance
2138,9346359,8239,22330.0,-0.0078,0.0975,-0.351,0.36437,989.6,1000.0,10.4,54.25,218.0,2.2578,0.0579,LOCK,1,unbalance
2139,9346372,8252,22343.0,-0.3198,0.4056,-1.1934,1.30038,989.65,1000.0,10.35,54.25,218.0,2.2673,0.2017,LOCK,1,unbalance
2140,9346381,8261,22352.0,-0.507,-0.1989,-0.5265,0.7575,989.69,1000.0,10.31,54.25,218.0,2.2515,-0.0377,LOCK,1,unbalance
2141,9346389,8269,22360.0,0.234,0.0624,-0.9867,1.01599,989.73,1000.0,10.27,54.25,218.0,2.2615,0.1134,LOCK,1,unbalance
2142,9346397,8277,22368.0,0.234,0.0624,-0.9867,1.01599,989.77,1000.0,10.23,54.25,218.0,2.2506,-0.0508,LOCK,1,unbalance
2143,9346406,8286,22377.0,0.6162,0.0039,-0.4407,0.75758,989.8,1000.0,10.2,54.25,218.0,2.265,0.1659,LOCK,1,unbalance
2144,9346415,8295,22386.0,-0.1014,-0.3003,-0.8424,0.90006,989.86,1000.0,10.14,54.25,218.0,2.2641,0.1525,LOCK,1,unbalance
2145,9346423,8303,22394.0,0.4134,-0.0663,-0.2574,0.49148,989.92,1000.0,10.08,54.25,218.0,2.2452,-0.1332,LOCK,1,unbalance
2146,9346431,8311,22402.0,-0.5538,0.3744,-1.2948,1.45718,989.97,1000.0,10.03,54.25,218.0,2.2494,-0.0703,LOCK,1,unbalance
2147,9346440,8320,22411.0,-0.507,-0.1404,-0.5655,0.77237,990.02,1000.0,9.98,54.25,218.0,2.2443,-0.1463,LOCK,1,unbalance
2148,9346448,8328,22419.0,-0.507,-0.1404,-0.5655,0.77237,990.06,1000.0,9.94,54.25,218.0,2.2466,-0.1128,LOCK,1,unbalance
2149,9346467,8347,22438.0,0.6357,0.3003,-0.4875,0.85554,990.1,1000.0,9.9,54.25,218.0,2.2624,0.1275,LOCK,1,unbalance
2150,9346475,8355,22446.0,-0.3081,-0.0663,-1.1076,1.15156,990.16,1000.0,9.84,54.25,218.0,2.2491,-0.0737,LOCK,1,unbalance
2151,9346484,8364,22455.0,0.0507,-0.0819,-0.2691,0.28582,990.21,1000.0,9.79,54.25,218.0,2.249,-0.0764,LOCK,1,unbalance
2152,9346492,8372,22463.0,-0.5772,0.3198,-1.3377,1.4916,990.26,1000.0,9.74,54.25,218.0,2.2455,-0.1289,LOCK,1,unbalance
2153,9346501,8381,22472.0,-0.429,0.0507,-0.6318,0.76536,990.3,1000.0,9.7,54.25,218.0,2.244,-0.1512,LOCK,1,unbalance
2154,9346512,8392,22483.0,0.4056,-0.0975,-1.0257,1.10728,990.34,1000.0,9.66,54.25,218.0,2.2612,0.1089,LOCK,1,unbalance
2155,9346520,8400,22491.0,0.4056,-0.0975,-1.0257,1.10728,990.37,1000.0,9.63,54.25,218.0,2.2627,0.1315,LOCK,1,unbalance
2156,9346528,8408,22499.0,0.7293,0.0702,-0.5109,0.89321,990.4,1000.0,9.6,54.25,218.0,2.2333,-0.3142,LOCK,1,unbalance
2157,9346537,8417,22508.0,-0.1989,-0.4095,-1.2402,1.32112,990.46,1000.0,9.54,54.25,218.0,2.2593,0.0808,LOCK,1,unbalance
2158,9346545,8425,22516.0,0.2457,-0.1404,-0.2808,0.39866,990.51,1000.0,9.49,54.25,218.0,2.2479,-0.092,LOCK,1,unbalance
2159,9346554,8434,22525.0,-0.5421,0.3432,-1.2129,1.37215,990.56,1000.0,9.44,54.25,218.0,2.2642,0.155,LOCK,1,unbalance
2160,9346565,8445,22536.0,-0.4407,-0.0858,-0.624,0.76874,990.6,1000.0,9.4,54.25,218.0,2.2691,0.2288,LOCK,1,unbalance
2161,9346578,8458,22549.0,0.5109,-0.0234,-0.9204,1.05295,990.64,1000.0,9.36,54.25,218.0,2.2463,-0.1161,LOCK,1,unbalance
2162,9346587,8467,22558.0,0.6903,0.2574,-0.3744,0.8264,990.67,1000.0,9.33,54.25,218.0,2.2483,-0.0859,LOCK,1,unbalance
2163,9346595,8475,22566.0,-0.3315,-0.2652,-1.0881,1.16798,990.72,1000.0,9.28,54.25,218.0,2.2538,-0.0026,LOCK,1,unbalance
2164,9346604,8484,22575.0,0.0585,0.0039,-0.4563,0.46005,990.77,1000.0,9.23,54.25,218.0,2.2609,0.1049,LOCK,1,unbalance
2165,9346612,8492,22583.0,0.0585,0.0039,-0.4563,0.46005,990.81,1000.0,9.19,54.25,218.0,2.2598,0.0878,LOCK,1,unbalance
2166,9346621,8501,22592.0,-0.6357,0.3198,-1.131,1.33624,990.85,1000.0,9.15,54.25,218.0,2.2644,0.158,LOCK,1,unbalance
2167,9346629,8509,22600.0,-0.2184,0.0858,-0.6825,0.72171,990.88,1000.0,9.12,54.25,218.0,2.2363,-0.2684,LOCK,1,unbalance
2168,9346638,8518,22609.0,0.351,-0.1521,-0.8151,0.9004,990.91,1000.0,9.09,54.25,218.0,2.2453,-0.132,LOCK,1,unbalance
2169,9346646,8526,22617.0,0.8346,0.1365,-0.4758,0.97035,990.94,1000.0,9.06,54.25,218.0,2.2579,0.0588,LOCK,1,unbalance
2170,9346655,8535,22626.0,-0.4485,-0.4407,-1.4274,1.55976,990.99,1000.0,9.01,54.25,218.0,2.2554,0.0219,LOCK,1,unbalance
2171,9346667,8547,22638.0,0.1287,0.0546,-0.5811,0.59768,991.03,1000.0,8.97,54.25,218.0,2.2641,0.1525,LOCK,1,unbalance
2172,9346675,8555,22646.0,-0.6513,0.2106,-1.131,1.32201,991.08,1000.0,8.92,54.25,218.0,2.2467,-0.1103,LOCK,1,unbalance
2173,9346684,8564,22655.0,-0.6513,0.2106,-1.131,1.32201,991.11,1000.0,8.89,54.25,218.0,2.2581,0.0622,LOCK,1,unbalance
2174,9346692,8572,22663.0,-0.1092,0.1248,-0.7839,0.80125,991.15,1000.0,8.85,54.25,218.0,2.2585,0.0683,LOCK,1,unbalance
2175,9346701,8581,22672.0,0.5616,-0.1092,-0.8658,1.03775,991.18,1000.0,8.82,54.25,218.0,2.2478,-0.0944,LOCK,1,unbalance
2176,9346713,8593,22684.0,0.8502,-0.0546,-0.6591,1.07714,991.21,1000.0,8.79,54.25,218.0,2.2717,0.2679,LOCK,1,unbalance
2177,9346722,8602,22693.0,0.1404,0.2067,-1.0218,1.05191,991.26,1000.0,8.74,54.25,218.0,2.2704,0.2487,LOCK,1,unbalance
2178,9346730,8610,22701.0,-0.1716,0.1404,-0.6552,0.6917,991.3,1000.0,8.7,54.25,218.0,2.2517,-0.0343,LOCK,1,unbalance
2179,9346739,8619,22710.0,-0.4485,0.0819,-1.0452,1.14031,991.35,1000.0,8.65,54.25,218.0,2.2573,0.0493,LOCK,1,unbalance
2180,9346747,8627,22718.0,-0.2652,-0.0117,-0.5967,0.65308,991.38,1000.0,8.62,54.25,218.0,2.2466,-0.1115,LOCK,1,unbalance
2181,9346756,8636,22727.0,-0.2652,-0.0117,-0.5967,0.65308,991.42,1000.0,8.58,54.25,218.0,2.2436,-0.1573,LOCK,1,unbalance
2182,9346770,8650,22741.0,0.8073,-0.0039,-0.3939,0.89828,991.45,1000.0,8.55,54.25,218.0,2.264,0.1516,LOCK,1,unbalance
2183,9346784,8664,22755.0,-0.4173,-0.0741,-1.3026,1.36982,991.5,1000.0,8.5,54.25,218.0,2.2694,0.234,LOCK,1,unbalance
2184,9346792,8672,22763.0,-0.1014,0.0195,-0.2106,0.23455,991.54,1000.0,8.46,54.25,218.0,2.2392,-0.2242,LOCK,1,unbalance
2185,9346801,8681,22772.0,-0.6084,0.1677,-1.2168,1.37072,991.58,1000.0,8.42,54.25,218.0,2.2417,-0.1863,LOCK,1,unbalance
2186,9346809,8689,22780.0,-0.3471,0.1365,-0.6552,0.75392,991.62,1000.0,8.38,54.25,218.0,2.275,0.3177,LOCK,1,unbalance
2187,9346818,8698,22789.0,0.585,-0.1482,-0.8307,1.02677,991.65,1000.0,8.35,54.25,218.0,2.2613,0.111,LOCK,1,unbalance
2188,9346826,8706,22797.0,0.585,-0.1482,-0.8307,1.02677,991.68,1000.0,8.32,54.25,218.0,2.2624,0.1278,LOCK,1,unbalance
2189,9346835,8715,22806.0,0.8541,-0.3627,-0.6513,1.13368,991.71,1000.0,8.29,54.25,218.0,2.2362,-0.2703,LOCK,1,unbalance
2190,9346843,8723,22814.0,-0.2223,0.2028,-1.2675,1.30273,991.75,1000.0,8.25,54.25,218.0,2.2569,0.0435,LOCK,1,unbalance
2191,9346851,8731,22822.0,-0.2574,-0.0273,-0.6201,0.67196,991.8,1000.0,8.2,54.25,218.0,2.263,0.1369,LOCK,1,unbalance
2192,9346860,8740,22831.0,-0.3549,0.0975,-0.9867,1.05311,991.83,1000.0,8.17,54.25,218.0,2.2443,-0.1475,LOCK,1,unbalance
2193,9346870,8750,22841.0,0.039,-0.0936,-0.78,0.78656,991.87,1000.0,8.13,54.25,218.0,2.267,0.1968,LOCK,1,unbalance
2194,9346879,8759,22850.0,0.039,-0.0936,-0.78,0.78656,991.9,1000.0,8.1,54.25,218.0,2.2646,0.1608,LOCK,1,unbalance
2195,9346887,8767,22858.0,0.5577,-0.1209,-0.6357,0.85426,991.93,1000.0,8.07,54.25,218.0,2.2391,-0.226,LOCK,1,unbalance
2196,9346896,8776,22867.0,0.9516,-0.4446,-0.6123,1.21578,991.98,1000.0,8.02,54.25,218.0,2.2617,0.1162,LOCK,1,unbalance
2197,9346904,8784,22875.0,-0.5187,0.078,-1.2987,1.40063,992.03,1000.0,7.97,54.25,218.0,2.2536,-0.0056,LOCK,1,unbalance
2198,9346912,8792,22883.0,-0.3276,0.0936,-0.2301,0.41113,992.08,1000.0,7.92,54.25,218.0,2.2532,-0.012,LOCK,1,unbalance
2199,9346921,8801,22892.0,-0.7956,0.2106,-1.1778,1.43685,992.12,1000.0,7.88,54.25,218.0,2.2635,0.1437,LOCK,1,unbalance
2200,9346929,8809,22900.0,-0.7956,0.2106,-1.1778,1.43685,992.15,1000.0,7.85,54.25,218.0,2.2713,0.2624,LOCK,1,unbalance
2201,9346938,8818,22909.0,-0.2067,0.0507,-0.6474,0.68149,992.18,1000.0,7.82,54.25,218.0,2.2433,-0.1616,LOCK,1,unbalance
2202,9346946,8826,22917.0,0.6864,-0.078,-0.8346,1.08341,992.21,1000.0,7.79,54.25,218.0,2.2485,-0.0828,LOCK,1,unbalance
2203,9346955,8835,22926.0,0.6747,-0.1911,-0.546,0.88874,992.24,1000.0,7.76,54.25,218.0,2.2509,-0.0468,LOCK,1,unbalance
2204,9346963,8843,22934.0,-0.1911,-0.0507,-1.0101,1.02927,992.29,1000.0,7.71,54.25,218.0,2.255,0.0155,LOCK,1,unbalance
2205,9346972,8852,22943.0,-0.2964,0.0663,-0.8892,0.93964,992.33,1000.0,7.67,54.25,218.0,2.2672,0.2007,LOCK,1,unbalance
2206,9346985,8865,22956.0,-0.2496,-0.1326,-0.7995,0.84799,992.37,1000.0,7.63,54.25,218.0,2.2696,0.2358,LOCK,1,unbalance
2207,9346994,8874,22965.0,0.2223,-0.1365,-0.8151,0.85583,992.41,1000.0,7.59,54.25,218.0,2.2332,-0.3154,LOCK,1,unbalance
2208,9347002,8882,22973.0,0.7293,-0.0741,-0.5499,0.91638,992.44,1000.0,7.56,54.25,218.0,2.2509,-0.0465,LOCK,1,unbalance
2209,9347011,8891,22982.0,0.7293,-0.0741,-0.5499,0.91638,992.47,1000.0,7.53,54.25,218.0,2.2374,-0.2522,LOCK,1,unbalance
2210,9347019,8899,22990.0,0.7878,-0.4056,-0.741,1.15508,992.51,1000.0,7.49,54.25,218.0,2.259,0.0765,LOCK,1,unbalance
2211,9347028,8908,22999.0,-0.468,-0.0897,-0.9243,1.0399,992.55,1000.0,7.45,54.25,218.0,2.2681,0.2136,LOCK,1,unbalance
2212,9347036,8916,23007.0,0.0312,-0.1677,-0.7878,0.80606,992.59,1000.0,7.41,54.25,218.0,2.2342,-0.3005,LOCK,1,unbalance
2213,9347045,8925,23016.0,-0.351,-0.0468,-0.8736,0.94264,992.62,1000.0,7.38,54.25,218.0,2.2436,-0.1582,LOCK,1,unbalance
2214,9347053,8933,23024.0,0.1833,-0.2886,-0.819,0.8875,992.65,1000.0,7.35,54.25,218.0,2.252,-0.0297,LOCK,1,unbalance
2215,9347061,8941,23032.0,0.1833,-0.2886,-0.819,0.8875,992.67,1000.0,7.33,54.25,218.0,2.2532,-0.0117,LOCK,1,unbalance
2216,9347080,8960,23051.0,0.6981,-0.2769,-0.5031,0.90395,992.72,1000.0,7.28,54.25,218.0,2.2627,0.1311,LOCK,1,unbalance
2217,9347088,8968,23059.0,-0.507,-0.039,-0.9867,1.11002,992.77,1000.0,7.23,54.25,218.0,2.248,-0.0902,LOCK,1,unbalance
2218,9347097,8977,23068.0,-0.1794,0.0195,-0.8697,0.88822,992.81,1000.0,7.19,54.25,218.0,2.2453,-0.1311,LOCK,1,unbalance
2219,9347105,8985,23076.0,-0.2574,-0.0273,-0.9048,0.9411,992.84,1000.0,7.16,54.25,218.0,2.2557,0.0261,LOCK,1,unbalance
2220,9347114,8994,23085.0,-0.2574,-0.0273,-0.9048,0.9411,992.87,1000.0,7.13,54.25,218.0,2.2535,-0.0071,LOCK,1,unbalance
2221,9347124,9004,23095.0,0.1365,-0.2535,-1.0218,1.06159,992.9,1000.0,7.1,54.25,218.0,2.2614,0.1128,LOCK,1,unbalance
2222,9347133,9013,23104.0,0.7488,-0.0546,-0.6708,1.0068,992.93,1000.0,7.07,54.25,218.0,2.2583,0.0652,LOCK,1,unbalance
2223,9347141,9021,23112.0,0.819,-0.1209,-0.6747,1.06799,992.96,1000.0,7.04,54.25,218.0,2.2654,0.1721,LOCK,1,unbalance
2224,9347149,9029,23120.0,-0.6162,0.0936,-0.9048,1.09869,992.99,1000.0,7.01,54.25,218.0,2.2369,-0.2587,LOCK,1,unbalance
2225,9347158,9038,23129.0,-0.2808,0.1404,-0.8034,0.86256,993.01,1000.0,6.99,54.25,218.0,2.2572,0.049,LOCK,1,unbalance
2226,9347166,9046,23137.0,-0.3003,0.1365,-0.7215,0.79333,993.04,1000.0,6.96,54.25,218.0,2.2587,0.0719,LOCK,1,unbalance
2227,9347178,9058,23149.0,0.0897,-0.3042,-0.741,0.80602,993.06,1000.0,6.94,54.25,218.0,2.2666,0.1913,LOCK,1,unbalance
2228,9347191,9071,23162.0,0.7839,-0.1638,-0.5694,0.98262,993.07,1000.0,6.93,54.25,218.0,2.2606,0.1006,LOCK,1,unbalance
2229,9347200,9080,23171.0,0.6357,0.1326,-0.6162,0.89521,993.08,1000.0,6.92,54.25,218.0,2.2522,-0.0267,LOCK,1,unbalance
2230,9347208,9088,23179.0,-0.546,0.156,-0.9321,1.09145,993.09,1000.0,6.91,54.25,218.0,2.25,-0.0609,LOCK,1,unbalance
2231,9347216,9096,23187.0,-0.195,-0.0546,-0.858,0.88157,993.1,1000.0,6.9,54.25,218.0,2.2499,-0.0618,LOCK,1,unbalance
2232,9347225,9105,23196.0,-0.195,-0.0546,-0.858,0.88157,993.1,1000.0,6.9,54.25,218.0,2.262,0.1205,LOCK,1,unbalance
2233,9347233,9113,23204.0,-0.195,0.1989,-0.6903,0.74438,993.11,1000.0,6.89,54.25,218.0,2.2662,0.1843,LOCK,1,unbalance
2234,9347242,9122,23213.0,0.2574,-0.1131,-0.8112,0.85854,993.11,1000.0,6.89,54.25,218.0,2.2262,-0.4217,LOCK,1,unbalance
2235,9347250,9130,23221.0,0.7995,0.039,-0.4212,0.90451,993.12,1000.0,6.88,54.25,218.0,2.253,-0.0154,LOCK,1,unbalance
2236,9347259,9139,23230.0,0.3549,0.1404,-0.7956,0.88241,993.11,1000.0,6.89,54.25,218.0,2.2555,0.0225,LOCK,1,unbalance
2237,9347267,9147,23238.0,0.3549,0.1404,-0.7956,0.88241,993.1,1000.0,6.9,54.25,218.0,2.229,-0.3786,LOCK,1,unbalance
2238,9347280,9160,23251.0,-0.2535,-0.0858,-0.9633,0.99979,993.09,1000.0,6.91,54.25,218.0,2.262,0.1205,LOCK,1,unbalance
2239,9347289,9169,23260.0,-0.2691,0.1131,-0.6123,0.67832,993.08,1000.0,6.92,54.25,218.0,2.2649,0.165,LOCK,1,unbalance
2240,9347297,9177,23268.0,-0.2691,0.1131,-0.6123,0.67832,993.07,1000.0,6.93,54.25,218.0,2.2535,-0.0071,LOCK,1,unbalance
2241,9347306,9186,23277.0,0.351,-0.1287,-0.8034,0.88612,993.07,1000.0,6.93,54.25,218.0,2.2479,-0.0923,LOCK,1,unbalance
2242,9347314,9194,23285.0,0.819,0.0663,-0.4563,0.93988,993.06,1000.0,6.94,54.25,218.0,2.2506,-0.0511,LOCK,1,unbalance
2243,9347323,9203,23294.0,-0.1872,0.1365,-1.1154,1.13921,993.01,1000.0,6.99,54.25,218.0,2.2677,0.2075,LOCK,1,unbalance
2244,9347331,9211,23302.0,-0.4056,0.2301,-0.5031,0.68598,992.97,1000.0,7.03,54.25,218.0,2.2691,0.2288,LOCK,1,unbalance
2245,9347340,9220,23311.0,-0.3237,-0.0975,-1.2246,1.27041,992.93,1000.0,7.07,54.25,218.0,2.2563,0.0347,LOCK,1,unbalance
2246,9347348,9228,23319.0,-0.3237,-0.0975,-1.2246,1.27041,992.9,1000.0,7.1,54.25,218.0,2.2428,-0.1701,LOCK,1,unbalance
2247,9347357,9237,23328.0,-0.2925,0.1443,-0.7176,0.78824,992.87,1000.0,7.13,54.25,218.0,2.2594,0.0823,LOCK,1,unbalance
2248,9347365,9245,23336.0,0.3822,0.0,-0.7956,0.88264,992.84,1000.0,7.16,54.25,218.0,2.2482,-0.0886,LOCK,1,unbalance
2249,9347373,9253,23344.0,0.8268,0.0234,-0.3627,0.90316,992.82,1000.0,7.18,54.25,218.0,2.2643,0.1562,LOCK,1,unbalance
2250,9347382,9262,23353.0,-0.3393,-0.0195,-1.2207,1.26713,992.75,1000.0,7.25,54.25,218.0,2.2657,0.1766,LOCK,1,unbalance
2251,9347396,9276,23367.0,-0.0624,0.0975,-0.4953,0.50865,992.69,1000.0,7.31,54.25,218.0,2.265,0.1663,LOCK,1,unbalance
2252,9347404,9284,23375.0,-0.4875,0.1482,-1.0764,1.19091,992.64,1000.0,7.36,54.25,218.0,2.2457,-0.1265,LOCK,1,unbalance
2253,9347412,9292,23383.0,-0.2691,-0.0507,-0.7683,0.81564,992.6,1000.0,7.4,54.25,218.0,2.2487,-0.081,LOCK,1,unbalance
2254,9347421,9301,23392.0,-0.2691,-0.0507,-0.7683,0.81564,992.55,1000.0,7.45,54.25,218.0,2.2405,-0.2043,LOCK,1,unbalance
2255,9347429,9309,23400.0,0.4056,-0.0975,-0.7332,0.84356,992.52,1000.0,7.48,54.25,218.0,2.2674,0.2026,LOCK,1,unbalance
2256,9347438,9318,23409.0,0.819,-0.0663,-0.7332,1.10124,992.48,1000.0,7.52,54.25,218.0,2.268,0.2117,LOCK,1,unbalance
2257,9347446,9326,23417.0,-0.1365,-0.0819,-0.8931,0.90718,992.39,1000.0,7.61,54.25,218.0,2.246,-0.121,LOCK,1,unbalance
2258,9347455,9335,23426.0,-0.0195,0.2457,-0.8502,0.88521,992.31,1000.0,7.69,54.25,218.0,2.2361,-0.2706,LOCK,1,unbalance
2259,9347463,9343,23434.0,-0.3666,-0.0585,-0.7683,0.85329,992.24,1000.0,7.76,54.25,218.0,2.2524,-0.0248,LOCK,1,unbalance
2260,9347472,9352,23443.0,-0.3666,-0.0585,-0.7683,0.85329,992.18,1000.0,7.82,54.25,218.0,2.2453,-0.1323,LOCK,1,unbalance
2261,9347486,9366,23457.0,0.3939,-0.234,-0.6045,0.75851,992.12,1000.0,7.88,54.25,218.0,2.2664,0.1876,LOCK,1,unbalance
2262,9347495,9375,23466.0,0.6318,0.4368,-0.7332,1.06186,992.07,1000.0,7.93,54.25,218.0,2.2672,0.2007,LOCK,1,unbalance
2263,9347503,9383,23474.0,0.1638,0.1755,-0.7683,0.80493,991.97,1000.0,8.03,54.25,218.0,2.2324,-0.3273,LOCK,1,unbalance
2264,9347512,9392,23483.0,0.1638,0.1755,-0.7683,0.80493,991.88,1000.0,8.12,54.25,218.0,2.2282,-0.3905,LOCK,1,unbalance
2265,9347520,9400,23491.0,-0.1131,0.1248,-1.1856,1.1975,991.8,1000.0,8.2,54.25,218.0,2.2312,-0.3457,LOCK,1,unbalance
2266,9347529,9409,23500.0,-0.5655,-0.1677,-0.624,0.85866,991.73,1000.0,8.27,54.25,218.0,2.2493,-0.0706,LOCK,1,unbalance
2267,9347537,9417,23508.0,0.0624,-0.1404,-1.0335,1.04486,991.66,1000.0,8.34,54.25,218.0,2.2696,0.2371,LOCK,1,unbalance
2268,9347546,9426,23517.0,0.4173,-0.2301,-0.4563,0.65977,991.6,1000.0,8.4,54.25,218.0,2.2656,0.1763,LOCK,1,unbalance
2269,9347554,9434,23525.0,0.5187,0.4446,-0.7137,0.98797,991.55,1000.0,8.45,54.25,218.0,2.2365,-0.2651,LOCK,1,unbalance
2270,9347562,9442,23533.0,0.5187,0.4446,-0.7137,0.98797,991.45,1000.0,8.55,54.25,218.0,2.2478,-0.0938,LOCK,1,unbalance
2271,9347571,9451,23542.0,0.3588,-0.2106,-0.6084,0.73705,991.35,1000.0,8.65,54.25,218.0,2.2402,-0.2089,LOCK,1,unbalance
2272,9347579,9459,23550.0,-0.0858,0.0663,-1.2129,1.21774,991.27,1000.0,8.73,54.25,218.0,2.2592,0.0783,LOCK,1,unbalance
2273,9347588,9468,23559.0,-0.6006,-0.1404,-0.5733,0.84208,991.19,1000.0,8.81,54.25,218.0,2.2671,0.1986,LOCK,1,unbalance
2274,9347602,9482,23573.0,0.2223,-0.156,-1.17,1.2011,991.12,1000.0,8.88,54.25,218.0,2.249,-0.0764,LOCK,1,unbalance
2275,9347610,9490,23581.0,0.4134,0.0,-0.4641,0.62152,991.06,1000.0,8.94,54.25,218.0,2.2586,0.0692,LOCK,1,unbalance
2276,9347618,9498,23589.0,0.1989,0.7332,-1.1271,1.35923,991.0,1000.0,9.0,54.25,218.0,2.2583,0.0646,LOCK,1,unbalance
2277,9347627,9507,23598.0,-0.1209,-0.2418,-0.2925,0.3983,990.89,1000.0,9.11,54.25,218.0,2.2424,-0.1759,LOCK,1,unbalance
2278,9347636,9516,23607.0,-0.4719,0.0624,-1.1895,1.28121,990.78,1000.0,9.22,54.25,218.0,2.2687,0.2221,LOCK,1,unbalance
2279,9347645,9525,23616.0,-0.4719,0.0624,-1.1895,1.28121,990.69,1000.0,9.31,54.25,218.0,2.2764,0.3387,LOCK,1,unbalance
2280,9347653,9533,23624.0,-0.6318,-0.0897,-0.6708,0.92585,990.6,1000.0,9.4,54.25,218.0,2.2557,0.0258,LOCK,1,unbalance
2281,9347662,9542,23633.0,0.2769,-0.0702,-1.17,1.20437,990.53,1000.0,9.47,54.25,218.0,2.2554,0.0219,LOCK,1,unbalance
2282,9347670,9550,23641.0,0.5694,-0.1092,-0.4563,0.7378,990.46,1000.0,9.54,54.25,218.0,2.2405,-0.204,LOCK,1,unbalance
2283,9347679,9559,23650.0,0.3393,0.7293,-1.0569,1.32817,990.4,1000.0,9.6,54.25,218.0,2.2679,0.2105,LOCK,1,unbalance
2284,9347691,9571,23662.0,0.2691,0.0,-0.2301,0.35406,990.27,1000.0,9.73,54.25,218.0,2.2686,0.2206,LOCK,1,unbalance
2285,9347699,9579,23670.0,-0.4212,0.0312,-1.1622,1.23656,990.16,1000.0,9.84,54.25,218.0,2.2734,0.2935,LOCK,1,unbalance
2286,9347708,9588,23679.0,-0.5889,-0.0702,-0.5655,0.81946,990.05,1000.0,9.95,54.25,218.0,2.2445,-0.1433,LOCK,1,unbalance
2287,9347716,9596,23687.0,-0.5889,-0.0702,-0.5655,0.81946,989.96,1000.0,10.04,54.25,218.0,2.2351,-0.2864,LOCK,1,unbalance
2288,9347725,9605,23696.0,0.3471,-0.1794,-1.1154,1.18185,989.87,1000.0,10.13,54.25,218.0,2.2529,-0.0166,LOCK,1,unbalance
2289,9347735,9615,23706.0,0.4914,-0.0312,-0.5148,0.71237,989.8,1000.0,10.2,54.25,218.0,2.2718,0.2691,LOCK,1,unbalance
2290,9347743,9623,23714.0,0.3159,0.3666,-1.2168,1.3095,989.73,1000.0,10.27,54.25,218.0,2.2719,0.2713,LOCK,1,unbalance
2291,9347752,9632,23723.0,-0.2028,0.3237,-0.1716,0.41876,989.61,1000.0,10.39,54.25,218.0,2.24,-0.2126,LOCK,1,unbalance
2292,9347760,9640,23731.0,-0.5811,0.2964,-1.1739,1.34297,989.51,1000.0,10.49,54.25,218.0,2.256,0.031,LOCK,1,unbalance
2293,9347769,9649,23740.0,-0.5811,0.2964,-1.1739,1.34297,989.41,1000.0,10.59,54.25,218.0,2.2504,-0.0544,LOCK,1,unbalance
2294,9347777,9657,23748.0,-0.4875,-0.1248,-0.5889,0.77462,989.33,1000.0,10.67,54.25,218.0,2.2506,-0.0508,LOCK,1,unbalance
2295,9347792,9672,23763.0,0.4914,-0.2457,-0.4134,0.68756,989.25,1000.0,10.75,54.25,218.0,2.2664,0.1885,LOCK,1,unbalance
2296,9347805,9685,23776.0,0.2691,0.3744,-1.2597,1.34143,989.18,1000.0,10.82,54.25,218.0,2.2695,0.2343,LOCK,1,unbalance
2297,9347814,9694,23785.0,-0.1716,0.156,-0.2418,0.33504,989.05,1000.0,10.95,54.25,218.0,2.2524,-0.0248,LOCK,1,unbalance
2298,9347822,9702,23793.0,-0.2925,0.312,-1.17,1.24571,988.93,1000.0,11.07,54.25,218.0,2.2408,-0.2007,LOCK,1,unbalance
2299,9347830,9710,23801.0,-0.4602,-0.039,-0.5772,0.73923,988.83,1000.0,11.17,54.25,218.0,2.2495,-0.0682,LOCK,1,unbalance
2300,9347839,9719,23810.0,-0.4602,-0.039,-0.5772,0.73923,988.74,1000.0,11.26,54.25,218.0,2.2666,0.191,LOCK,1,unbalance
2301,9347847,9727,23818.0,0.4914,-0.0312,-1.0647,1.17304,988.65,1000.0,11.35,54.25,218.0,2.2668,0.1934,LOCK,1,unbalance
2302,9347856,9736,23827.0,0.6123,-0.0351,-0.3978,0.73102,988.57,1000.0,11.43,54.25,218.0,2.2423,-0.1765,LOCK,1,unbalance
2303,9347864,9744,23835.0,-0.0312,-0.1326,-1.1271,1.1353,988.51,1000.0,11.49,54.25,218.0,2.2505,-0.0526,LOCK,1,unbalance
2304,9347873,9753,23844.0,0.3588,0.5382,-0.273,0.70209,988.39,1000.0,11.61,54.25,218.0,2.2418,-0.1842,LOCK,1,unbalance
2305,9347891,9771,23862.0,-0.5967,0.2535,-1.2987,1.45153,988.28,1000.0,11.72,54.25,218.0,2.2645,0.1598,LOCK,1,unbalance
2306,9347900,9780,23871.0,-0.4914,-0.1326,-0.6708,0.84204,988.19,1000.0,11.81,54.25,218.0,2.2726,0.2813,LOCK,1,unbalance
2307,9347908,9788,23879.0,0.3354,-0.0546,-1.1271,1.17721,988.1,1000.0,11.9,54.25,218.0,2.2298,-0.367,LOCK,1,unbalance
2308,9347917,9797,23888.0,0.6435,0.0273,-0.4329,0.77604,988.03,1000.0,11.97,54.25,218.0,2.2424,-0.1756,LOCK,1,unbalance
2309,9347925,9805,23896.0,0.0273,0.1053,-1.1037,1.10905,987.96,1000.0,12.04,54.25,218.0,2.2576,0.0539,LOCK,1,unbalance
2310,9347934,9814,23905.0,0.1911,0.0273,-0.2301,0.30035,987.85,1000.0,12.15,54.25,218.0,2.2113,-0.6469,LOCK,1,unbalance
2311,9347942,9822,23913.0,0.1911,0.0273,-0.2301,0.30035,987.76,1000.0,12.24,54.25,218.0,2.2693,0.2313,LOCK,1,unbalance
2312,9347951,9831,23922.0,-0.5382,0.3003,-1.2246,1.37094,987.67,1000.0,12.33,54.25,218.0,2.2721,0.2737,LOCK,1,unbalance
2313,9347959,9839,23930.0,-0.4485,-0.0195,-0.5538,0.7129,987.59,1000.0,12.41,54.25,218.0,2.2347,-0.2925,LOCK,1,unbalance
2314,9347967,9847,23938.0,0.3198,-0.0429,-0.9711,1.0233,987.52,1000.0,12.48,54.25,218.0,2.2451,-0.1353,LOCK,1,unbalance
2315,9347986,9866,23957.0,0.0117,-0.2184,-1.2675,1.28623,987.46,1000.0,12.54,54.25,218.0,2.2663,0.1864,LOCK,1,unbalance
2316,9347995,9875,23966.0,0.4524,-0.0663,-0.2925,0.54279,987.37,1000.0,12.63,54.25,218.0,2.2617,0.1171,LOCK,1,unbalance
2317,9348008,9888,23979.0,-0.5928,0.3042,-1.2051,1.37703,987.3,1000.0,12.7,54.25,218.0,2.2659,0.18,LOCK,1,unbalance
2318,9348017,9897,23988.0,-0.4641,-0.1209,-0.5928,0.76251,987.22,1000.0,12.78,54.25,218.0,2.2517,-0.0352,LOCK,1,unbalance
2319,9348025,9905,23996.0,0.2613,-0.1521,-0.9984,1.04318,987.16,1000.0,12.84,54.25,218.0,2.2483,-0.0859,LOCK,1,unbalance
2320,9348033,9913,24004.0,0.2613,-0.1521,-0.9984,1.04318,987.1,1000.0,12.9,54.25,218.0,2.242,-0.1811,LOCK,1,unbalance
2321,9348042,9922,24013.0,0.6825,0.0078,-0.3432,0.76397,987.05,1000.0,12.95,54.25,218.0,2.2704,0.2481,LOCK,1,unbalance
2322,9348050,9930,24021.0,-0.1404,-0.6669,-1.0101,1.21851,986.99,1000.0,13.01,54.25,218.0,2.2639,0.1501,LOCK,1,unbalance
2323,9348059,9939,24030.0,0.5382,-0.2106,-0.3159,0.65864,986.93,1000.0,13.07,54.25,218.0,2.2484,-0.0844,LOCK,1,unbalance
2324,9348067,9947,24038.0,-0.5655,0.2964,-1.2051,1.36378,986.88,1000.0,13.12,54.25,218.0,2.2333,-0.3139,LOCK,1,unbalance
2325,9348076,9956,24047.0,-0.351,-0.039,-0.6981,0.78235,986.84,1000.0,13.16,54.25,218.0,2.2631,0.1382,LOCK,1,unbalance
2326,9348094,9974,24065.0,0.4524,-0.0117,-0.9789,1.07845,986.8,1000.0,13.2,54.25,218.0,2.2528,-0.0178,LOCK,1,unbalance
